stock_code,stock_name,decision_date,structural_regime,monthly_behavior_state,tactical_signal,chip_stability_confidence,mtf_regime,qcfp_score,structure_behavior_alignment,market_context,data_quality,catalyst_score,align_method,action_signal,base_action,base_target,risk_level,des_score,des_band,final_action,final_target,risk_override_active,alignment_override,risk_score,risk_reasons
00700,腾讯控股,2010-01-08,STATE_UNDETERMINED,,Consolidation,Low,DATA_INSUFFICIENT,,Unknown,neutral,,0.0,data_insufficient,WAIT,WAIT,0.0,Extreme,0,NORMAL,WAIT,0.0,0,0,5,基础:DATA_INSUFFICIENT(4)；置信度Low+1
00700,腾讯控股,2010-01-15,STATE_UNDETERMINED,,Consolidation,Low,DATA_INSUFFICIENT,,Unknown,neutral,,0.0,data_insufficient,WAIT,WAIT,0.0,Extreme,0,NORMAL,WAIT,0.0,0,0,5,基础:DATA_INSUFFICIENT(4)；置信度Low+1
00700,腾讯控股,2010-01-22,STATE_UNDETERMINED,,Consolidation,Low,DATA_INSUFFICIENT,,Unknown,neutral,,0.0,data_insufficient,WAIT,WAIT,0.0,Extreme,0,NORMAL,WAIT,0.0,0,0,5,基础:DATA_INSUFFICIENT(4)；置信度Low+1
00700,腾讯控股,2010-01-29,STATE_UNDETERMINED,,Consolidation,Low,DATA_INSUFFICIENT,,Unknown,neutral,,0.0,data_insufficient,WAIT,WAIT,0.0,Extreme,0,NORMAL,WAIT,0.0,0,0,5,基础:DATA_INSUFFICIENT(4)；置信度Low+1
00700,腾讯控股,2010-02-05,STATE_UNDETERMINED,Stable,Consolidation,Low,DATA_INSUFFICIENT,,Unknown,neutral,C,0.0,data_insufficient,WAIT,WAIT,0.0,Extreme,1,NORMAL,WAIT,0.0,0,0,6,基础:DATA_INSUFFICIENT(4)；数据质量C+1；置信度Low+1
00700,腾讯控股,2010-02-12,STATE_UNDETERMINED,Stable,Consolidation,Low,DATA_INSUFFICIENT,,Unknown,neutral,C,0.0,data_insufficient,WAIT,WAIT,0.0,Extreme,3,WATCH,WAIT,0.0,0,0,6,基础:DATA_INSUFFICIENT(4)；数据质量C+1；置信度Low+1
00700,腾讯控股,2010-02-19,STATE_UNDETERMINED,Stable,Consolidation,Low,DATA_INSUFFICIENT,,Unknown,neutral,C,0.0,data_insufficient,WAIT,WAIT,0.0,Extreme,3,WATCH,WAIT,0.0,0,0,6,基础:DATA_INSUFFICIENT(4)；数据质量C+1；置信度Low+1
00700,腾讯控股,2010-02-26,STATE_UNDETERMINED,Stable,Consolidation,Low,DATA_INSUFFICIENT,,Unknown,neutral,C,0.0,data_insufficient,WAIT,WAIT,0.0,Extreme,3,WATCH,WAIT,0.0,0,0,6,基础:DATA_INSUFFICIENT(4)；数据质量C+1；置信度Low+1
00700,腾讯控股,2010-03-05,STATE_UNDETERMINED,Stable,Consolidation,Low,DATA_INSUFFICIENT,,Unknown,neutral,C,0.0,data_insufficient,WAIT,WAIT,0.0,Extreme,1,NORMAL,WAIT,0.0,0,0,6,基础:DATA_INSUFFICIENT(4)；数据质量C+1；置信度Low+1
00700,腾讯控股,2010-03-12,STATE_UNDETERMINED,Stable,Consolidation,Low,DATA_INSUFFICIENT,,Unknown,neutral,C,0.0,data_insufficient,WAIT,WAIT,0.0,Extreme,1,NORMAL,WAIT,0.0,0,0,6,基础:DATA_INSUFFICIENT(4)；数据质量C+1；置信度Low+1
00700,腾讯控股,2010-03-19,STATE_UNDETERMINED,Stable,Consolidation,Low,DATA_INSUFFICIENT,,Unknown,neutral,C,0.0,data_insufficient,WAIT,WAIT,0.0,Extreme,0,NORMAL,WAIT,0.0,0,0,6,基础:DATA_INSUFFICIENT(4)；数据质量C+1；置信度Low+1
00700,腾讯控股,2010-03-26,STATE_UNDETERMINED,Stable,Consolidation,Low,DATA_INSUFFICIENT,,Unknown,neutral,C,0.0,data_insufficient,WAIT,WAIT,0.0,Extreme,0,NORMAL,WAIT,0.0,0,0,6,基础:DATA_INSUFFICIENT(4)；数据质量C+1；置信度Low+1
00700,腾讯控股,2010-04-02,STATE_UNDETERMINED,Improving,Consolidation,Low,DATA_INSUFFICIENT,,Unknown,neutral,C,0.0,data_insufficient,WAIT,WAIT,0.0,Extreme,1,NORMAL,WAIT,0.0,0,0,6,基础:DATA_INSUFFICIENT(4)；数据质量C+1；置信度Low+1
00700,腾讯控股,2010-04-09,STATE_UNDETERMINED,Improving,Consolidation,Low,DATA_INSUFFICIENT,,Unknown,neutral,C,0.0,data_insufficient,WAIT,WAIT,0.0,Extreme,1,NORMAL,WAIT,0.0,0,0,6,基础:DATA_INSUFFICIENT(4)；数据质量C+1；置信度Low+1
00700,腾讯控股,2010-04-16,STATE_UNDETERMINED,Improving,Consolidation,Low,DATA_INSUFFICIENT,,Unknown,neutral,C,0.0,data_insufficient,WAIT,WAIT,0.0,Extreme,2,NORMAL,WAIT,0.0,0,0,6,基础:DATA_INSUFFICIENT(4)；数据质量C+1；置信度Low+1
00700,腾讯控股,2010-04-23,STATE_UNDETERMINED,Improving,Consolidation,Low,DATA_INSUFFICIENT,,Unknown,neutral,C,0.0,data_insufficient,WAIT,WAIT,0.0,Extreme,0,NORMAL,WAIT,0.0,0,0,6,基础:DATA_INSUFFICIENT(4)；数据质量C+1；置信度Low+1
00700,腾讯控股,2010-04-30,STATE_UNDETERMINED,Improving,Consolidation,Low,DATA_INSUFFICIENT,,Unknown,neutral,C,0.0,data_insufficient,WAIT,WAIT,0.0,Extreme,0,NORMAL,WAIT,0.0,0,0,6,基础:DATA_INSUFFICIENT(4)；数据质量C+1；置信度Low+1
00700,腾讯控股,2010-05-07,STATE_UNDETERMINED,Improving,Consolidation,Low,DATA_INSUFFICIENT,,Unknown,neutral,C,0.0,data_insufficient,WAIT,WAIT,0.0,Extreme,2,NORMAL,WAIT,0.0,0,0,6,基础:DATA_INSUFFICIENT(4)；数据质量C+1；置信度Low+1
00700,腾讯控股,2010-05-14,STATE_UNDETERMINED,Improving,Consolidation,Low,DATA_INSUFFICIENT,,Unknown,neutral,C,0.0,data_insufficient,WAIT,WAIT,0.0,Extreme,1,NORMAL,WAIT,0.0,0,0,6,基础:DATA_INSUFFICIENT(4)；数据质量C+1；置信度Low+1
00700,腾讯控股,2010-05-21,STATE_UNDETERMINED,Improving,Consolidation,Low,DATA_INSUFFICIENT,,Unknown,neutral,C,-2.0,data_insufficient,WAIT,WAIT,0.0,Extreme,5,REDUCE,WAIT,0.0,1,0,6,基础:DATA_INSUFFICIENT(4)；数据质量C+1；置信度Low+1
00700,腾讯控股,2010-05-28,STATE_UNDETERMINED,Improving,Consolidation,Low,DATA_INSUFFICIENT,,Unknown,neutral,C,-2.0,data_insufficient,WAIT,WAIT,0.0,Extreme,6,REDUCE,WAIT,0.0,1,0,6,基础:DATA_INSUFFICIENT(4)；数据质量C+1；置信度Low+1
00700,腾讯控股,2010-06-04,STATE_UNDETERMINED,Deteriorating,Consolidation,Low,DATA_INSUFFICIENT,,Unknown,neutral,C,-2.0,data_insufficient,EXIT,WAIT,0.0,Extreme,7,DE-RISK,EXIT,0.0,1,0,6,基础:DATA_INSUFFICIENT(4)；数据质量C+1；置信度Low+1
00700,腾讯控股,2010-06-11,STATE_UNDETERMINED,Deteriorating,Consolidation,Low,DATA_INSUFFICIENT,,Unknown,neutral,C,-2.0,data_insufficient,EXIT,WAIT,0.0,Extreme,7,DE-RISK,EXIT,0.0,1,0,6,基础:DATA_INSUFFICIENT(4)；数据质量C+1；置信度Low+1
00700,腾讯控股,2010-06-18,STATE_UNDETERMINED,Deteriorating,Consolidation,Low,DATA_INSUFFICIENT,,Unknown,neutral,C,-2.0,data_insufficient,EXIT,WAIT,0.0,Extreme,7,DE-RISK,EXIT,0.0,1,0,6,基础:DATA_INSUFFICIENT(4)；数据质量C+1；置信度Low+1
00700,腾讯控股,2010-06-25,STATE_UNDETERMINED,Deteriorating,Consolidation,Low,DATA_INSUFFICIENT,,Unknown,neutral,C,-2.0,data_insufficient,EXIT,WAIT,0.0,Extreme,7,DE-RISK,EXIT,0.0,1,0,6,基础:DATA_INSUFFICIENT(4)；数据质量C+1；置信度Low+1
00700,腾讯控股,2010-07-02,STATE_UNDETERMINED,Deteriorating,Consolidation,Low,DATA_INSUFFICIENT,,Unknown,neutral,C,-3.0,data_insufficient,EXIT,WAIT,0.0,Extreme,7,DE-RISK,EXIT,0.0,1,0,6,基础:DATA_INSUFFICIENT(4)；数据质量C+1；置信度Low+1
00700,腾讯控股,2010-07-09,STATE_UNDETERMINED,Deteriorating,Consolidation,Low,DATA_INSUFFICIENT,,Unknown,neutral,C,-3.0,data_insufficient,EXIT,WAIT,0.0,Extreme,7,DE-RISK,EXIT,0.0,1,0,6,基础:DATA_INSUFFICIENT(4)；数据质量C+1；置信度Low+1
00700,腾讯控股,2010-07-16,STATE_UNDETERMINED,Deteriorating,Consolidation,Low,DATA_INSUFFICIENT,,Unknown,neutral,C,-3.0,data_insufficient,WAIT,WAIT,0.0,Extreme,6,REDUCE,WAIT,0.0,1,0,6,基础:DATA_INSUFFICIENT(4)；数据质量C+1；置信度Low+1
00700,腾讯控股,2010-07-23,STATE_UNDETERMINED,Deteriorating,Consolidation,Low,DATA_INSUFFICIENT,,Unknown,neutral,C,-3.0,data_insufficient,WAIT,WAIT,0.0,Extreme,5,REDUCE,WAIT,0.0,1,0,6,基础:DATA_INSUFFICIENT(4)；数据质量C+1；置信度Low+1
00700,腾讯控股,2010-07-30,STATE_UNDETERMINED,Deteriorating,Consolidation,Low,DATA_INSUFFICIENT,,Unknown,neutral,C,-3.0,data_insufficient,WAIT,WAIT,0.0,Extreme,3,WATCH,WAIT,0.0,1,0,6,基础:DATA_INSUFFICIENT(4)；数据质量C+1；置信度Low+1
00700,腾讯控股,2010-08-06,STATE_UNDETERMINED,Improving,Consolidation,Low,DATA_INSUFFICIENT,,Unknown,neutral,C,-2.0,data_insufficient,WAIT,WAIT,0.0,Extreme,2,NORMAL,WAIT,0.0,0,0,6,基础:DATA_INSUFFICIENT(4)；数据质量C+1；置信度Low+1
00700,腾讯控股,2010-08-13,STATE_UNDETERMINED,Improving,Consolidation,Low,DATA_INSUFFICIENT,,Unknown,neutral,C,-2.0,data_insufficient,WAIT,WAIT,0.0,Extreme,4,WATCH,WAIT,0.0,0,0,6,基础:DATA_INSUFFICIENT(4)；数据质量C+1；置信度Low+1
00700,腾讯控股,2010-08-20,STRUCTURAL_BOTTOM_CANDIDATE,Improving,Consolidation,Medium,BULLISH_WARNING,55.0,Aligned,neutral,C,0.0,fallback,REDUCE,REDUCE,0.5,Medium,1,NORMAL,REDUCE,0.5,0,0,3,基础:BULLISH_WARNING(2)；数据质量C+1
00700,腾讯控股,2010-08-27,STRUCTURAL_BOTTOM_CANDIDATE,Improving,Consolidation,Medium,BULLISH_WARNING,55.0,Aligned,neutral,C,0.0,fallback,REDUCE,REDUCE,0.5,Medium,3,WATCH,REDUCE,0.5,0,0,3,基础:BULLISH_WARNING(2)；数据质量C+1
00700,腾讯控股,2010-09-03,STRUCTURAL_BOTTOM_CANDIDATE,Deteriorating,Consolidation,Medium,BULLISH_WARNING,55.0,Aligned,neutral,C,0.0,fallback,REDUCE,REDUCE,0.5,Extreme,5,REDUCE,REDUCE,0.2,1,0,3,基础:BULLISH_WARNING(2)；数据质量C+1
00700,腾讯控股,2010-09-10,STRUCTURAL_BOTTOM_CANDIDATE,Deteriorating,Consolidation,Medium,BULLISH_WARNING,55.0,Aligned,neutral,C,0.0,fallback,REDUCE,REDUCE,0.5,Extreme,3,WATCH,REDUCE,0.2,1,0,3,基础:BULLISH_WARNING(2)；数据质量C+1
00700,腾讯控股,2010-09-17,STRUCTURAL_BOTTOM_CANDIDATE,Deteriorating,Consolidation,Medium,BULLISH_WARNING,55.0,Aligned,neutral,C,0.0,fallback,REDUCE,REDUCE,0.5,Medium,1,NORMAL,REDUCE,0.5,0,0,3,基础:BULLISH_WARNING(2)；数据质量C+1
00700,腾讯控股,2010-09-24,STRUCTURAL_BOTTOM_CANDIDATE,Deteriorating,Consolidation,Medium,BULLISH_WARNING,55.0,Aligned,neutral,C,0.0,fallback,REDUCE,REDUCE,0.5,Medium,1,NORMAL,REDUCE,0.5,0,0,3,基础:BULLISH_WARNING(2)；数据质量C+1
00700,腾讯控股,2010-10-01,STRUCTURAL_BOTTOM_CANDIDATE,Improving,Consolidation,Medium,BULLISH_WARNING,55.0,Aligned,neutral,C,0.0,fallback,REDUCE,REDUCE,0.5,Medium,0,NORMAL,REDUCE,0.5,0,0,3,基础:BULLISH_WARNING(2)；数据质量C+1
00700,腾讯控股,2010-10-08,STRUCTURAL_BOTTOM_CANDIDATE,Improving,Consolidation,Medium,BULLISH_WARNING,55.0,Aligned,neutral,C,0.0,fallback,REDUCE,REDUCE,0.5,Medium,0,NORMAL,REDUCE,0.5,0,0,3,基础:BULLISH_WARNING(2)；数据质量C+1
00700,腾讯控股,2010-10-15,STRUCTURAL_BOTTOM_CANDIDATE,Improving,Consolidation,Medium,BULLISH_WARNING,55.0,Aligned,neutral,C,0.0,fallback,REDUCE,REDUCE,0.5,Medium,0,NORMAL,REDUCE,0.5,0,0,3,基础:BULLISH_WARNING(2)；数据质量C+1
00700,腾讯控股,2010-10-22,STRUCTURAL_BOTTOM_CANDIDATE,Improving,Consolidation,Medium,BULLISH_WARNING,55.0,Aligned,neutral,C,0.0,fallback,REDUCE,REDUCE,0.5,Medium,0,NORMAL,REDUCE,0.5,0,0,3,基础:BULLISH_WARNING(2)；数据质量C+1
00700,腾讯控股,2010-10-29,STRUCTURAL_BOTTOM_CANDIDATE,Improving,Consolidation,Medium,BULLISH_WARNING,55.0,Aligned,neutral,C,0.0,fallback,REDUCE,REDUCE,0.5,Medium,0,NORMAL,REDUCE,0.5,0,0,3,基础:BULLISH_WARNING(2)；数据质量C+1
00700,腾讯控股,2010-11-05,STRUCTURAL_BOTTOM_CANDIDATE,Improving,Consolidation,Medium,BULLISH_WARNING,55.0,Aligned,neutral,C,0.0,fallback,REDUCE,REDUCE,0.5,Medium,0,NORMAL,REDUCE,0.5,0,0,3,基础:BULLISH_WARNING(2)；数据质量C+1
00700,腾讯控股,2010-11-12,STRUCTURAL_BOTTOM_CANDIDATE,Improving,Pullback,Medium,BULLISH_WARNING,55.0,Aligned,neutral,C,0.0,fallback,REDUCE,REDUCE,0.5,Medium,1,NORMAL,REDUCE,0.5,0,0,3,基础:BULLISH_WARNING(2)；数据质量C+1
00700,腾讯控股,2010-11-19,STRUCTURAL_ACCUMULATION,Improving,Pullback,Medium,BULLISH_STABLE,75.0,Aligned,neutral,C,0.0,fallback,HOLD,HOLD,0.75,Low,2,NORMAL,HOLD,0.75,0,0,2,基础:BULLISH_STABLE(1)；数据质量C+1
00700,腾讯控股,2010-11-26,STRUCTURAL_ACCUMULATION,Improving,Pullback,Medium,BULLISH_STABLE,75.0,Aligned,neutral,C,0.0,fallback,HOLD,HOLD,0.75,Low,3,WATCH,HOLD,0.75,0,0,2,基础:BULLISH_STABLE(1)；数据质量C+1
00700,腾讯控股,2010-12-03,STRUCTURAL_ACCUMULATION,Stable,Pullback,Medium,BULLISH_STABLE,75.0,Aligned,neutral,C,-1.0,fallback,REDUCE,HOLD,0.75,Extreme,5,REDUCE,REDUCE,0.2,1,0,2,基础:BULLISH_STABLE(1)；数据质量C+1
00700,腾讯控股,2010-12-10,STRUCTURAL_ACCUMULATION,Stable,Consolidation,Medium,BULLISH_STABLE,75.0,Aligned,neutral,C,-1.0,fallback,REDUCE,HOLD,0.75,Extreme,3,WATCH,REDUCE,0.2,1,0,2,基础:BULLISH_STABLE(1)；数据质量C+1
00700,腾讯控股,2010-12-17,STRUCTURAL_ACCUMULATION,Stable,Pullback,Medium,BULLISH_STABLE,75.0,Aligned,neutral,C,-1.0,fallback,HOLD,HOLD,0.75,Low,4,WATCH,HOLD,0.75,0,0,2,基础:BULLISH_STABLE(1)；数据质量C+1
00700,腾讯控股,2010-12-24,STRUCTURAL_ACCUMULATION,Stable,Pullback,Medium,BULLISH_STABLE,75.0,Aligned,neutral,C,-1.0,fallback,REDUCE,HOLD,0.75,Extreme,5,REDUCE,REDUCE,0.2,1,0,2,基础:BULLISH_STABLE(1)；数据质量C+1
00700,腾讯控股,2010-12-31,STRUCTURAL_ACCUMULATION,Deteriorating,Pullback,Medium,BULLISH_STABLE,75.0,Divergence,neutral,C,0.0,fallback,REDUCE,HOLD,0.75,Extreme,2,NORMAL,REDUCE,0.2,1,0,3,基础:BULLISH_STABLE(1)；结构-行为背离+1；数据质量C+1
00700,腾讯控股,2011-01-07,STRUCTURAL_ACCUMULATION,Deteriorating,Consolidation,Medium,BULLISH_STABLE,75.0,Divergence,neutral,C,0.0,fallback,HOLD,HOLD,0.75,Medium,0,NORMAL,HOLD,0.75,0,0,3,基础:BULLISH_STABLE(1)；结构-行为背离+1；数据质量C+1
00700,腾讯控股,2011-01-14,STRUCTURAL_ACCUMULATION,Deteriorating,Consolidation,Medium,BULLISH_STABLE,75.0,Divergence,neutral,C,0.0,fallback,HOLD,HOLD,0.75,Medium,0,NORMAL,HOLD,0.75,0,0,3,基础:BULLISH_STABLE(1)；结构-行为背离+1；数据质量C+1
00700,腾讯控股,2011-01-21,STRUCTURAL_ACCUMULATION,Deteriorating,Consolidation,Medium,BULLISH_STABLE,75.0,Divergence,neutral,C,0.0,fallback,HOLD,HOLD,0.75,Medium,0,NORMAL,HOLD,0.75,0,0,3,基础:BULLISH_STABLE(1)；结构-行为背离+1；数据质量C+1
00700,腾讯控股,2011-01-28,STRUCTURAL_ACCUMULATION,Deteriorating,Consolidation,Medium,BULLISH_STABLE,75.0,Divergence,neutral,C,0.0,fallback,HOLD,HOLD,0.75,Medium,0,NORMAL,HOLD,0.75,0,0,3,基础:BULLISH_STABLE(1)；结构-行为背离+1；数据质量C+1
00700,腾讯控股,2011-02-04,STRUCTURAL_ACCUMULATION,Improving,Consolidation,Medium,BULLISH_STABLE,75.0,Aligned,neutral,C,0.0,matrix,HOLD,HOLD,0.75,Low,0,NORMAL,HOLD,0.75,0,0,2,基础:BULLISH_STABLE(1)；数据质量C+1
00700,腾讯控股,2011-02-11,STRUCTURAL_ACCUMULATION,Improving,Consolidation,Medium,BULLISH_STABLE,75.0,Aligned,neutral,C,0.0,matrix,HOLD,HOLD,0.75,Low,0,NORMAL,HOLD,0.75,0,0,2,基础:BULLISH_STABLE(1)；数据质量C+1
00700,腾讯控股,2011-02-18,STRUCTURAL_ACCUMULATION,Improving,Consolidation,Medium,BULLISH_STABLE,75.0,Aligned,neutral,B,0.0,matrix,HOLD,HOLD,0.75,Low,0,NORMAL,HOLD,0.75,0,0,1,基础:BULLISH_STABLE(1)
00700,腾讯控股,2011-02-25,STRUCTURAL_ACCUMULATION,Improving,Pullback,Medium,BULLISH_STABLE,75.0,Aligned,neutral,B,0.0,fallback,HOLD,HOLD,0.75,Low,0,NORMAL,HOLD,0.75,0,0,1,基础:BULLISH_STABLE(1)
00700,腾讯控股,2011-03-04,STRUCTURAL_ACCUMULATION,Improving,Consolidation,Medium,BULLISH_STABLE,75.0,Aligned,neutral,B,-1.0,matrix,HOLD,HOLD,0.75,Low,1,NORMAL,HOLD,0.75,0,0,1,基础:BULLISH_STABLE(1)
00700,腾讯控股,2011-03-11,STRUCTURAL_ACCUMULATION,Improving,Consolidation,Medium,BULLISH_STABLE,75.0,Aligned,neutral,B,-1.0,matrix,HOLD,HOLD,0.75,Low,1,NORMAL,HOLD,0.75,0,0,1,基础:BULLISH_STABLE(1)
00700,腾讯控股,2011-03-18,STRUCTURAL_ACCUMULATION,Improving,Pullback,Medium,BULLISH_STABLE,75.0,Aligned,neutral,B,-1.0,fallback,HOLD,HOLD,0.75,Low,3,WATCH,HOLD,0.75,0,0,1,基础:BULLISH_STABLE(1)
00700,腾讯控股,2011-03-25,STRUCTURAL_ACCUMULATION,Improving,Pullback,Medium,BULLISH_STABLE,75.0,Aligned,neutral,B,-1.0,fallback,HOLD,HOLD,0.75,Low,4,WATCH,HOLD,0.75,0,0,1,基础:BULLISH_STABLE(1)
00700,腾讯控股,2011-04-01,STRUCTURAL_ACCUMULATION,Deteriorating,Pullback,Medium,BULLISH_STABLE,75.0,Divergence,neutral,B,-1.0,fallback,HOLD,HOLD,0.75,Low,4,WATCH,HOLD,0.75,0,0,2,基础:BULLISH_STABLE(1)；结构-行为背离+1
00700,腾讯控股,2011-04-08,STRUCTURAL_ACCUMULATION,Deteriorating,Consolidation,Medium,BULLISH_STABLE,75.0,Divergence,neutral,B,-1.0,fallback,REDUCE,HOLD,0.75,Extreme,5,REDUCE,REDUCE,0.2,1,0,2,基础:BULLISH_STABLE(1)；结构-行为背离+1
00700,腾讯控股,2011-04-15,STRUCTURAL_ACCUMULATION,Deteriorating,Pullback,Medium,BULLISH_STABLE,75.0,Divergence,neutral,B,-1.0,fallback,REDUCE,HOLD,0.75,Extreme,5,REDUCE,REDUCE,0.2,1,0,2,基础:BULLISH_STABLE(1)；结构-行为背离+1
00700,腾讯控股,2011-04-22,STRUCTURAL_ACCUMULATION,Deteriorating,Consolidation,Medium,BULLISH_STABLE,75.0,Divergence,neutral,B,-1.0,fallback,HOLD,HOLD,0.75,Low,2,NORMAL,HOLD,0.75,0,0,2,基础:BULLISH_STABLE(1)；结构-行为背离+1
00700,腾讯控股,2011-04-29,STRUCTURAL_ACCUMULATION,Deteriorating,Consolidation,Medium,BULLISH_STABLE,75.0,Divergence,neutral,B,-1.0,fallback,HOLD,HOLD,0.75,Low,1,NORMAL,HOLD,0.75,0,0,2,基础:BULLISH_STABLE(1)；结构-行为背离+1
00700,腾讯控股,2011-05-06,STRUCTURAL_ACCUMULATION,Improving,Consolidation,Medium,BULLISH_STABLE,75.0,Aligned,neutral,B,-1.0,matrix,HOLD,HOLD,0.75,Low,1,NORMAL,HOLD,0.75,0,0,1,基础:BULLISH_STABLE(1)
00700,腾讯控股,2011-05-13,STRUCTURAL_ACCUMULATION,Improving,Consolidation,Medium,BULLISH_STABLE,75.0,Aligned,neutral,B,-1.0,matrix,HOLD,HOLD,0.75,Low,1,NORMAL,HOLD,0.75,0,0,1,基础:BULLISH_STABLE(1)
00700,腾讯控股,2011-05-20,STRUCTURAL_DIVERGENCE,Improving,Consolidation,Low,BULLISH_WARNING,55.0,Aligned,neutral,C,-1.0,fallback,REDUCE,REDUCE,0.5,High,1,NORMAL,REDUCE,0.5,0,0,4,基础:BULLISH_WARNING(2)；数据质量C+1；置信度Low+1
00700,腾讯控股,2011-05-27,STRUCTURAL_DIVERGENCE,Improving,Pullback,Low,BULLISH_WARNING,55.0,Aligned,neutral,C,-1.0,fallback,REDUCE,REDUCE,0.5,High,1,NORMAL,REDUCE,0.5,0,0,4,基础:BULLISH_WARNING(2)；数据质量C+1；置信度Low+1
00700,腾讯控股,2011-06-03,STRUCTURAL_DIVERGENCE,Improving,Consolidation,Low,BULLISH_WARNING,55.0,Aligned,neutral,C,0.0,fallback,REDUCE,REDUCE,0.5,High,1,NORMAL,REDUCE,0.5,0,0,4,基础:BULLISH_WARNING(2)；数据质量C+1；置信度Low+1
00700,腾讯控股,2011-06-10,STRUCTURAL_DIVERGENCE,Improving,Consolidation,Low,BULLISH_WARNING,55.0,Aligned,neutral,C,0.0,fallback,REDUCE,REDUCE,0.5,Extreme,5,REDUCE,REDUCE,0.2,1,0,4,基础:BULLISH_WARNING(2)；数据质量C+1；置信度Low+1
00700,腾讯控股,2011-06-17,STRUCTURAL_DIVERGENCE,Improving,Consolidation,Low,BULLISH_WARNING,55.0,Aligned,neutral,C,0.0,fallback,REDUCE,REDUCE,0.5,Extreme,5,REDUCE,REDUCE,0.2,1,0,4,基础:BULLISH_WARNING(2)；数据质量C+1；置信度Low+1
00700,腾讯控股,2011-06-24,STRUCTURAL_DIVERGENCE,Improving,Consolidation,Low,BULLISH_WARNING,55.0,Aligned,neutral,C,0.0,fallback,REDUCE,REDUCE,0.5,Extreme,3,WATCH,REDUCE,0.2,1,0,4,基础:BULLISH_WARNING(2)；数据质量C+1；置信度Low+1
00700,腾讯控股,2011-07-01,STRUCTURAL_DIVERGENCE,Stable,Consolidation,Low,BULLISH_WARNING,55.0,Aligned,neutral,C,-1.0,fallback,REDUCE,REDUCE,0.5,High,3,WATCH,REDUCE,0.5,0,0,4,基础:BULLISH_WARNING(2)；数据质量C+1；置信度Low+1
00700,腾讯控股,2011-07-08,STRUCTURAL_DIVERGENCE,Stable,Consolidation,Low,BULLISH_WARNING,55.0,Aligned,neutral,C,-1.0,fallback,REDUCE,REDUCE,0.5,High,4,WATCH,REDUCE,0.5,0,0,4,基础:BULLISH_WARNING(2)；数据质量C+1；置信度Low+1
00700,腾讯控股,2011-07-15,STRUCTURAL_DIVERGENCE,Stable,Consolidation,Low,BULLISH_WARNING,55.0,Aligned,neutral,C,-1.0,fallback,REDUCE,REDUCE,0.5,High,3,WATCH,REDUCE,0.5,0,0,4,基础:BULLISH_WARNING(2)；数据质量C+1；置信度Low+1
00700,腾讯控股,2011-07-22,STRUCTURAL_DIVERGENCE,Stable,Consolidation,Low,BULLISH_WARNING,55.0,Aligned,neutral,C,-1.0,fallback,REDUCE,REDUCE,0.5,High,4,WATCH,REDUCE,0.5,0,0,4,基础:BULLISH_WARNING(2)；数据质量C+1；置信度Low+1
00700,腾讯控股,2011-07-29,STRUCTURAL_DIVERGENCE,Stable,Consolidation,Low,BULLISH_WARNING,55.0,Aligned,neutral,C,-1.0,fallback,REDUCE,REDUCE,0.5,Extreme,5,REDUCE,REDUCE,0.2,1,0,4,基础:BULLISH_WARNING(2)；数据质量C+1；置信度Low+1
00700,腾讯控股,2011-08-05,STRUCTURAL_DIVERGENCE,Deteriorating,Consolidation,Low,BULLISH_WARNING,55.0,Aligned,neutral,C,1.0,fallback,REDUCE,REDUCE,0.5,Extreme,6,REDUCE,REDUCE,0.2,1,0,4,基础:BULLISH_WARNING(2)；数据质量C+1；置信度Low+1
00700,腾讯控股,2011-08-12,STRUCTURAL_DIVERGENCE,Deteriorating,Breakdown,Low,BULLISH_WARNING,55.0,Aligned,neutral,C,1.0,matrix,EXIT,REDUCE,0.5,Extreme,8,DE-RISK,EXIT,0.0,1,0,4,基础:BULLISH_WARNING(2)；数据质量C+1；置信度Low+1
00700,腾讯控股,2011-08-19,STRUCTURAL_DIVERGENCE,Deteriorating,Breakdown,Medium,BULLISH_WARNING,55.0,Aligned,neutral,B,1.0,matrix,EXIT,REDUCE,0.5,Extreme,9,DE-RISK,EXIT,0.0,1,0,2,基础:BULLISH_WARNING(2)
00700,腾讯控股,2011-08-26,STRUCTURAL_DIVERGENCE,Deteriorating,Consolidation,Medium,BULLISH_WARNING,55.0,Aligned,neutral,B,1.0,fallback,REDUCE,REDUCE,0.5,Extreme,6,REDUCE,REDUCE,0.2,1,0,2,基础:BULLISH_WARNING(2)
00700,腾讯控股,2011-09-02,STRUCTURAL_DIVERGENCE,Deteriorating,Consolidation,Medium,BULLISH_WARNING,55.0,Aligned,neutral,B,-1.0,fallback,EXIT,REDUCE,0.5,Extreme,7,DE-RISK,EXIT,0.0,1,0,2,基础:BULLISH_WARNING(2)
00700,腾讯控股,2011-09-09,STRUCTURAL_DIVERGENCE,Deteriorating,Consolidation,Medium,BULLISH_WARNING,55.0,Aligned,neutral,B,-1.0,fallback,EXIT,REDUCE,0.5,Extreme,7,DE-RISK,EXIT,0.0,1,0,2,基础:BULLISH_WARNING(2)
00700,腾讯控股,2011-09-16,STRUCTURAL_DIVERGENCE,Deteriorating,Consolidation,Medium,BULLISH_WARNING,55.0,Aligned,neutral,B,-1.0,fallback,EXIT,REDUCE,0.5,Extreme,7,DE-RISK,EXIT,0.0,1,0,2,基础:BULLISH_WARNING(2)
00700,腾讯控股,2011-09-23,STRUCTURAL_DIVERGENCE,Deteriorating,Breakdown,Medium,BULLISH_WARNING,55.0,Aligned,neutral,B,-1.0,matrix,EXIT,REDUCE,0.5,Extreme,9,DE-RISK,EXIT,0.0,1,0,2,基础:BULLISH_WARNING(2)
00700,腾讯控股,2011-09-30,STRUCTURAL_DIVERGENCE,Stable,Consolidation,Medium,BULLISH_WARNING,55.0,Aligned,neutral,B,-1.0,fallback,EXIT,REDUCE,0.5,Extreme,7,DE-RISK,EXIT,0.0,1,0,2,基础:BULLISH_WARNING(2)
00700,腾讯控股,2011-10-07,STRUCTURAL_DIVERGENCE,Stable,Consolidation,Medium,BULLISH_WARNING,55.0,Aligned,neutral,B,-1.0,fallback,EXIT,REDUCE,0.5,Extreme,7,DE-RISK,EXIT,0.0,1,0,2,基础:BULLISH_WARNING(2)
00700,腾讯控股,2011-10-14,STRUCTURAL_DIVERGENCE,Stable,Consolidation,Medium,BULLISH_WARNING,55.0,Aligned,neutral,B,-1.0,fallback,EXIT,REDUCE,0.5,Extreme,7,DE-RISK,EXIT,0.0,1,0,2,基础:BULLISH_WARNING(2)
00700,腾讯控股,2011-10-21,STRUCTURAL_DIVERGENCE,Stable,Consolidation,Medium,BULLISH_WARNING,55.0,Aligned,neutral,B,-1.0,fallback,EXIT,REDUCE,0.5,Extreme,7,DE-RISK,EXIT,0.0,1,0,2,基础:BULLISH_WARNING(2)
00700,腾讯控股,2011-10-28,STRUCTURAL_DIVERGENCE,Stable,Consolidation,Medium,BULLISH_WARNING,55.0,Aligned,neutral,B,-1.0,fallback,REDUCE,REDUCE,0.5,Extreme,4,WATCH,REDUCE,0.2,1,0,2,基础:BULLISH_WARNING(2)
00700,腾讯控股,2011-11-04,STRUCTURAL_DIVERGENCE,Improving,Consolidation,Medium,BULLISH_WARNING,55.0,Aligned,neutral,B,0.0,fallback,REDUCE,REDUCE,0.5,Extreme,3,WATCH,REDUCE,0.2,1,0,2,基础:BULLISH_WARNING(2)
00700,腾讯控股,2011-11-11,STRUCTURAL_DIVERGENCE,Improving,Consolidation,Medium,BULLISH_WARNING,55.0,Aligned,neutral,B,0.0,fallback,REDUCE,REDUCE,0.5,Extreme,4,WATCH,REDUCE,0.2,1,0,2,基础:BULLISH_WARNING(2)
00700,腾讯控股,2011-11-18,STRUCTURAL_BOTTOM_CANDIDATE,Improving,Consolidation,Medium,BULLISH_WARNING,55.0,Aligned,neutral,C,0.0,fallback,REDUCE,REDUCE,0.5,Extreme,6,REDUCE,REDUCE,0.2,1,0,3,基础:BULLISH_WARNING(2)；数据质量C+1
00700,腾讯控股,2011-11-25,STRUCTURAL_BOTTOM_CANDIDATE,Improving,Consolidation,Medium,BULLISH_WARNING,55.0,Aligned,neutral,C,0.0,fallback,REDUCE,REDUCE,0.5,Extreme,6,REDUCE,REDUCE,0.2,1,0,3,基础:BULLISH_WARNING(2)；数据质量C+1
00700,腾讯控股,2011-12-02,STRUCTURAL_BOTTOM_CANDIDATE,Deteriorating,Consolidation,Low,BULLISH_WARNING,55.0,Aligned,neutral,C,-1.0,fallback,EXIT,REDUCE,0.5,Extreme,7,DE-RISK,EXIT,0.0,1,0,4,基础:BULLISH_WARNING(2)；数据质量C+1；置信度Low+1
00700,腾讯控股,2011-12-09,STRUCTURAL_BOTTOM_CANDIDATE,Deteriorating,Consolidation,Low,BULLISH_WARNING,55.0,Aligned,neutral,C,-1.0,fallback,EXIT,REDUCE,0.5,Extreme,7,DE-RISK,EXIT,0.0,1,0,4,基础:BULLISH_WARNING(2)；数据质量C+1；置信度Low+1
00700,腾讯控股,2011-12-16,STRUCTURAL_BOTTOM_CANDIDATE,Deteriorating,Consolidation,Low,BULLISH_WARNING,55.0,Aligned,neutral,C,-1.0,fallback,EXIT,REDUCE,0.5,Extreme,7,DE-RISK,EXIT,0.0,1,0,4,基础:BULLISH_WARNING(2)；数据质量C+1；置信度Low+1
00700,腾讯控股,2011-12-23,STRUCTURAL_BOTTOM_CANDIDATE,Deteriorating,Consolidation,Low,BULLISH_WARNING,55.0,Aligned,neutral,C,-1.0,fallback,REDUCE,REDUCE,0.5,Extreme,4,WATCH,REDUCE,0.2,1,0,4,基础:BULLISH_WARNING(2)；数据质量C+1；置信度Low+1
00700,腾讯控股,2011-12-30,STRUCTURAL_BOTTOM_CANDIDATE,Deteriorating,Consolidation,Low,BULLISH_WARNING,55.0,Aligned,neutral,C,-1.0,fallback,REDUCE,REDUCE,0.5,Extreme,5,REDUCE,REDUCE,0.2,1,0,4,基础:BULLISH_WARNING(2)；数据质量C+1；置信度Low+1
00700,腾讯控股,2012-01-06,STRUCTURAL_BOTTOM_CANDIDATE,Improving,Consolidation,Medium,BULLISH_WARNING,55.0,Aligned,neutral,C,0.0,fallback,REDUCE,REDUCE,0.5,Extreme,4,WATCH,REDUCE,0.2,1,0,3,基础:BULLISH_WARNING(2)；数据质量C+1
00700,腾讯控股,2012-01-13,STRUCTURAL_BOTTOM_CANDIDATE,Improving,Consolidation,Medium,BULLISH_WARNING,55.0,Aligned,neutral,C,0.0,fallback,REDUCE,REDUCE,0.5,Extreme,1,NORMAL,REDUCE,0.2,1,0,3,基础:BULLISH_WARNING(2)；数据质量C+1
00700,腾讯控股,2012-01-20,STRUCTURAL_BOTTOM_CANDIDATE,Improving,Consolidation,Medium,BULLISH_WARNING,55.0,Aligned,neutral,C,0.0,fallback,REDUCE,REDUCE,0.5,Medium,1,NORMAL,REDUCE,0.5,0,0,3,基础:BULLISH_WARNING(2)；数据质量C+1
00700,腾讯控股,2012-01-27,STRUCTURAL_BOTTOM_CANDIDATE,Improving,Consolidation,Medium,BULLISH_WARNING,55.0,Aligned,neutral,C,0.0,fallback,REDUCE,REDUCE,0.5,Medium,1,NORMAL,REDUCE,0.5,0,0,3,基础:BULLISH_WARNING(2)；数据质量C+1
00700,腾讯控股,2012-02-03,STRUCTURAL_BOTTOM_CANDIDATE,Improving,Consolidation,Medium,BULLISH_WARNING,55.0,Aligned,neutral,C,0.0,fallback,REDUCE,REDUCE,0.5,Medium,1,NORMAL,REDUCE,0.5,0,0,3,基础:BULLISH_WARNING(2)；数据质量C+1
00700,腾讯控股,2012-02-10,STRUCTURAL_BOTTOM_CANDIDATE,Improving,Consolidation,Medium,BULLISH_WARNING,55.0,Aligned,neutral,C,0.0,fallback,REDUCE,REDUCE,0.5,Medium,1,NORMAL,REDUCE,0.5,0,0,3,基础:BULLISH_WARNING(2)；数据质量C+1
00700,腾讯控股,2012-02-17,STRUCTURAL_DECLINE,Improving,Consolidation,Low,BULLISH_WARNING,55.0,Divergence,neutral,C,0.0,tactical_override,REDUCE,REDUCE,0.2,Extreme,1,NORMAL,REDUCE,0.2,0,1,5,基础:BULLISH_WARNING(2)；结构-行为背离+1；数据质量C+1；置信度Low+1
00700,腾讯控股,2012-02-24,STRUCTURAL_DECLINE,Improving,Consolidation,Low,BULLISH_WARNING,55.0,Divergence,neutral,C,0.0,tactical_override,REDUCE,REDUCE,0.2,Extreme,1,NORMAL,REDUCE,0.2,0,1,5,基础:BULLISH_WARNING(2)；结构-行为背离+1；数据质量C+1；置信度Low+1
00700,腾讯控股,2012-03-02,STRUCTURAL_DECLINE,Improving,Consolidation,Low,BULLISH_WARNING,55.0,Divergence,neutral,C,0.0,tactical_override,REDUCE,REDUCE,0.2,Extreme,1,NORMAL,REDUCE,0.2,0,1,5,基础:BULLISH_WARNING(2)；结构-行为背离+1；数据质量C+1；置信度Low+1
00700,腾讯控股,2012-03-09,STRUCTURAL_DECLINE,Improving,Consolidation,Low,BULLISH_WARNING,55.0,Divergence,neutral,C,0.0,tactical_override,REDUCE,REDUCE,0.2,Extreme,1,NORMAL,REDUCE,0.2,0,1,5,基础:BULLISH_WARNING(2)；结构-行为背离+1；数据质量C+1；置信度Low+1
00700,腾讯控股,2012-03-16,STRUCTURAL_DECLINE,Improving,Consolidation,Low,BULLISH_WARNING,55.0,Divergence,neutral,C,0.0,tactical_override,REDUCE,REDUCE,0.2,Extreme,0,NORMAL,REDUCE,0.2,0,1,5,基础:BULLISH_WARNING(2)；结构-行为背离+1；数据质量C+1；置信度Low+1
00700,腾讯控股,2012-03-23,STRUCTURAL_DECLINE,Improving,Consolidation,Low,BULLISH_WARNING,55.0,Divergence,neutral,C,0.0,tactical_override,REDUCE,REDUCE,0.2,Extreme,0,NORMAL,REDUCE,0.2,0,1,5,基础:BULLISH_WARNING(2)；结构-行为背离+1；数据质量C+1；置信度Low+1
00700,腾讯控股,2012-03-30,STRUCTURAL_DECLINE,Improving,Consolidation,Low,BULLISH_WARNING,55.0,Divergence,neutral,C,0.0,tactical_override,REDUCE,REDUCE,0.2,Extreme,0,NORMAL,REDUCE,0.2,0,1,5,基础:BULLISH_WARNING(2)；结构-行为背离+1；数据质量C+1；置信度Low+1
00700,腾讯控股,2012-04-06,STRUCTURAL_DECLINE,Improving,Consolidation,Low,BULLISH_WARNING,55.0,Divergence,neutral,C,0.0,tactical_override,REDUCE,REDUCE,0.2,Extreme,0,NORMAL,REDUCE,0.2,0,1,5,基础:BULLISH_WARNING(2)；结构-行为背离+1；数据质量C+1；置信度Low+1
00700,腾讯控股,2012-04-13,STRUCTURAL_DECLINE,Improving,Consolidation,Low,BULLISH_WARNING,55.0,Divergence,neutral,C,0.0,tactical_override,REDUCE,REDUCE,0.2,Extreme,0,NORMAL,REDUCE,0.2,0,1,5,基础:BULLISH_WARNING(2)；结构-行为背离+1；数据质量C+1；置信度Low+1
00700,腾讯控股,2012-04-20,STRUCTURAL_DECLINE,Improving,Consolidation,Low,BULLISH_WARNING,55.0,Divergence,neutral,C,0.0,tactical_override,REDUCE,REDUCE,0.2,Extreme,0,NORMAL,REDUCE,0.2,0,1,5,基础:BULLISH_WARNING(2)；结构-行为背离+1；数据质量C+1；置信度Low+1
00700,腾讯控股,2012-04-27,STRUCTURAL_DECLINE,Improving,Consolidation,Low,BULLISH_WARNING,55.0,Divergence,neutral,C,0.0,tactical_override,REDUCE,REDUCE,0.2,Extreme,0,NORMAL,REDUCE,0.2,0,1,5,基础:BULLISH_WARNING(2)；结构-行为背离+1；数据质量C+1；置信度Low+1
00700,腾讯控股,2012-05-04,STRUCTURAL_DECLINE,Improving,Consolidation,Low,BULLISH_WARNING,55.0,Divergence,neutral,C,0.0,tactical_override,REDUCE,REDUCE,0.2,Extreme,0,NORMAL,REDUCE,0.2,0,1,5,基础:BULLISH_WARNING(2)；结构-行为背离+1；数据质量C+1；置信度Low+1
00700,腾讯控股,2012-05-11,STRUCTURAL_DECLINE,Improving,Pullback,Low,BULLISH_WARNING,55.0,Divergence,neutral,C,0.0,tactical_override,REDUCE,REDUCE,0.2,Extreme,1,NORMAL,REDUCE,0.2,0,1,5,基础:BULLISH_WARNING(2)；结构-行为背离+1；数据质量C+1；置信度Low+1
00700,腾讯控股,2012-05-18,STRUCTURAL_DECLINE,Improving,Pullback,Medium,BEARISH_CONFIRMED,20.0,Divergence,neutral,B,0.0,fallback,EXIT,EXIT,0.0,High,2,NORMAL,EXIT,0.0,0,0,4,基础:BEARISH_CONFIRMED(3)；结构-行为背离+1
00700,腾讯控股,2012-05-25,STRUCTURAL_DECLINE,Improving,Pullback,Medium,BEARISH_CONFIRMED,20.0,Divergence,neutral,B,0.0,fallback,EXIT,EXIT,0.0,High,3,WATCH,EXIT,0.0,0,0,4,基础:BEARISH_CONFIRMED(3)；结构-行为背离+1
00700,腾讯控股,2012-06-01,STRUCTURAL_DECLINE,Deteriorating,Pullback,Low,BEARISH_CONFIRMED,20.0,Aligned,neutral,B,-1.0,fallback,EXIT,EXIT,0.0,Extreme,5,REDUCE,EXIT,0.0,1,0,4,基础:BEARISH_CONFIRMED(3)；置信度Low+1
00700,腾讯控股,2012-06-08,STRUCTURAL_DECLINE,Deteriorating,Consolidation,Low,BEARISH_CONFIRMED,20.0,Aligned,neutral,B,-1.0,fallback,EXIT,EXIT,0.0,Extreme,5,REDUCE,EXIT,0.0,1,0,4,基础:BEARISH_CONFIRMED(3)；置信度Low+1
00700,腾讯控股,2012-06-15,STRUCTURAL_DECLINE,Deteriorating,Consolidation,Low,BEARISH_CONFIRMED,20.0,Aligned,neutral,B,-1.0,fallback,EXIT,EXIT,0.0,High,3,WATCH,EXIT,0.0,0,0,4,基础:BEARISH_CONFIRMED(3)；置信度Low+1
00700,腾讯控股,2012-06-22,STRUCTURAL_DECLINE,Deteriorating,Pullback,Low,BEARISH_CONFIRMED,20.0,Aligned,neutral,B,-1.0,fallback,EXIT,EXIT,0.0,High,3,WATCH,EXIT,0.0,0,0,4,基础:BEARISH_CONFIRMED(3)；置信度Low+1
00700,腾讯控股,2012-06-29,STRUCTURAL_DECLINE,Deteriorating,Consolidation,Low,BEARISH_CONFIRMED,20.0,Aligned,neutral,B,-1.0,fallback,EXIT,EXIT,0.0,High,2,NORMAL,EXIT,0.0,0,0,4,基础:BEARISH_CONFIRMED(3)；置信度Low+1
00700,腾讯控股,2012-07-06,STRUCTURAL_DECLINE,Improving,Consolidation,Medium,BEARISH_CONFIRMED,20.0,Divergence,neutral,B,0.0,fallback,EXIT,EXIT,0.0,High,0,NORMAL,EXIT,0.0,0,0,4,基础:BEARISH_CONFIRMED(3)；结构-行为背离+1
00700,腾讯控股,2012-07-13,STRUCTURAL_DECLINE,Improving,Pullback,Medium,BEARISH_CONFIRMED,20.0,Divergence,neutral,B,0.0,fallback,EXIT,EXIT,0.0,High,1,NORMAL,EXIT,0.0,0,0,4,基础:BEARISH_CONFIRMED(3)；结构-行为背离+1
00700,腾讯控股,2012-07-20,STRUCTURAL_DECLINE,Improving,Consolidation,Medium,BEARISH_CONFIRMED,20.0,Divergence,neutral,B,0.0,fallback,EXIT,EXIT,0.0,High,0,NORMAL,EXIT,0.0,0,0,4,基础:BEARISH_CONFIRMED(3)；结构-行为背离+1
00700,腾讯控股,2012-07-27,STRUCTURAL_DECLINE,Improving,Consolidation,Medium,BEARISH_CONFIRMED,20.0,Divergence,neutral,B,0.0,fallback,EXIT,EXIT,0.0,High,0,NORMAL,EXIT,0.0,0,0,4,基础:BEARISH_CONFIRMED(3)；结构-行为背离+1
00700,腾讯控股,2012-08-03,STRUCTURAL_DECLINE,Improving,Consolidation,Medium,BEARISH_CONFIRMED,20.0,Divergence,neutral,B,1.0,fallback,EXIT,EXIT,0.0,High,0,NORMAL,EXIT,0.0,0,0,4,基础:BEARISH_CONFIRMED(3)；结构-行为背离+1
00700,腾讯控股,2012-08-10,STRUCTURAL_DECLINE,Improving,Consolidation,Medium,BEARISH_CONFIRMED,20.0,Divergence,neutral,B,1.0,fallback,EXIT,EXIT,0.0,High,0,NORMAL,EXIT,0.0,0,0,4,基础:BEARISH_CONFIRMED(3)；结构-行为背离+1
00700,腾讯控股,2012-08-17,STRUCTURAL_DIVERGENCE,Improving,Consolidation,Low,BULLISH_WARNING,55.0,Aligned,neutral,C,1.0,fallback,REDUCE,REDUCE,0.5,High,0,NORMAL,REDUCE,0.5,0,0,4,基础:BULLISH_WARNING(2)；数据质量C+1；置信度Low+1
00700,腾讯控股,2012-08-24,STRUCTURAL_DIVERGENCE,Improving,Consolidation,Low,BULLISH_WARNING,55.0,Aligned,neutral,C,1.0,fallback,REDUCE,REDUCE,0.5,High,0,NORMAL,REDUCE,0.5,0,0,4,基础:BULLISH_WARNING(2)；数据质量C+1；置信度Low+1
00700,腾讯控股,2012-08-31,STRUCTURAL_DIVERGENCE,Improving,Pullback,Low,BULLISH_WARNING,55.0,Aligned,neutral,C,1.0,fallback,REDUCE,REDUCE,0.5,High,0,NORMAL,REDUCE,0.5,0,0,4,基础:BULLISH_WARNING(2)；数据质量C+1；置信度Low+1
00700,腾讯控股,2012-09-07,STRUCTURAL_DIVERGENCE,Improving,Consolidation,Low,BULLISH_WARNING,55.0,Aligned,neutral,C,1.0,fallback,REDUCE,REDUCE,0.5,High,0,NORMAL,REDUCE,0.5,0,0,4,基础:BULLISH_WARNING(2)；数据质量C+1；置信度Low+1
00700,腾讯控股,2012-09-14,STRUCTURAL_DIVERGENCE,Improving,Consolidation,Low,BULLISH_WARNING,55.0,Aligned,neutral,C,1.0,fallback,REDUCE,REDUCE,0.5,High,0,NORMAL,REDUCE,0.5,0,0,4,基础:BULLISH_WARNING(2)；数据质量C+1；置信度Low+1
00700,腾讯控股,2012-09-21,STRUCTURAL_DIVERGENCE,Improving,Consolidation,Low,BULLISH_WARNING,55.0,Aligned,neutral,C,1.0,fallback,REDUCE,REDUCE,0.5,High,0,NORMAL,REDUCE,0.5,0,0,4,基础:BULLISH_WARNING(2)；数据质量C+1；置信度Low+1
00700,腾讯控股,2012-09-28,STRUCTURAL_DIVERGENCE,Improving,Consolidation,Low,BULLISH_WARNING,55.0,Aligned,neutral,C,1.0,fallback,REDUCE,REDUCE,0.5,High,0,NORMAL,REDUCE,0.5,0,0,4,基础:BULLISH_WARNING(2)；数据质量C+1；置信度Low+1
00700,腾讯控股,2012-10-05,STRUCTURAL_DIVERGENCE,Improving,Consolidation,Low,BULLISH_WARNING,55.0,Aligned,neutral,C,1.0,fallback,REDUCE,REDUCE,0.5,High,0,NORMAL,REDUCE,0.5,0,0,4,基础:BULLISH_WARNING(2)；数据质量C+1；置信度Low+1
00700,腾讯控股,2012-10-12,STRUCTURAL_DIVERGENCE,Improving,Consolidation,Low,BULLISH_WARNING,55.0,Aligned,neutral,C,1.0,fallback,REDUCE,REDUCE,0.5,High,0,NORMAL,REDUCE,0.5,0,0,4,基础:BULLISH_WARNING(2)；数据质量C+1；置信度Low+1
00700,腾讯控股,2012-10-19,STRUCTURAL_DIVERGENCE,Improving,Consolidation,Low,BULLISH_WARNING,55.0,Aligned,neutral,C,1.0,fallback,REDUCE,REDUCE,0.5,High,0,NORMAL,REDUCE,0.5,0,0,4,基础:BULLISH_WARNING(2)；数据质量C+1；置信度Low+1
00700,腾讯控股,2012-10-26,STRUCTURAL_DIVERGENCE,Improving,Consolidation,Low,BULLISH_WARNING,55.0,Aligned,neutral,C,1.0,fallback,REDUCE,REDUCE,0.5,High,0,NORMAL,REDUCE,0.5,0,0,4,基础:BULLISH_WARNING(2)；数据质量C+1；置信度Low+1
00700,腾讯控股,2012-11-02,STRUCTURAL_DIVERGENCE,Improving,Consolidation,Low,BULLISH_WARNING,55.0,Aligned,neutral,C,1.0,fallback,REDUCE,REDUCE,0.5,High,0,NORMAL,REDUCE,0.5,0,0,4,基础:BULLISH_WARNING(2)；数据质量C+1；置信度Low+1
00700,腾讯控股,2012-11-09,STRUCTURAL_DIVERGENCE,Improving,Pullback,Low,BULLISH_WARNING,55.0,Aligned,neutral,C,1.0,fallback,REDUCE,REDUCE,0.5,High,0,NORMAL,REDUCE,0.5,0,0,4,基础:BULLISH_WARNING(2)；数据质量C+1；置信度Low+1
00700,腾讯控股,2012-11-16,STRUCTURAL_DIVERGENCE,Improving,Consolidation,Medium,BULLISH_WARNING,55.0,Aligned,neutral,B,1.0,fallback,REDUCE,REDUCE,0.5,Low,4,WATCH,REDUCE,0.5,0,0,2,基础:BULLISH_WARNING(2)
00700,腾讯控股,2012-11-23,STRUCTURAL_DIVERGENCE,Improving,Pullback,Medium,BULLISH_WARNING,55.0,Aligned,neutral,B,1.0,fallback,REDUCE,REDUCE,0.5,Low,1,NORMAL,REDUCE,0.5,0,0,2,基础:BULLISH_WARNING(2)
00700,腾讯控股,2012-11-30,STRUCTURAL_DIVERGENCE,Deteriorating,Pullback,Low,BULLISH_WARNING,55.0,Aligned,neutral,B,0.0,fallback,REDUCE,REDUCE,0.5,Medium,4,WATCH,REDUCE,0.5,0,0,3,基础:BULLISH_WARNING(2)；置信度Low+1
00700,腾讯控股,2012-12-07,STRUCTURAL_DIVERGENCE,Deteriorating,Pullback,Low,BULLISH_WARNING,55.0,Aligned,neutral,B,0.0,fallback,REDUCE,REDUCE,0.5,Extreme,5,REDUCE,REDUCE,0.2,1,0,3,基础:BULLISH_WARNING(2)；置信度Low+1
00700,腾讯控股,2012-12-14,STRUCTURAL_DIVERGENCE,Deteriorating,Pullback,Low,BULLISH_WARNING,55.0,Aligned,neutral,B,0.0,fallback,REDUCE,REDUCE,0.5,Extreme,5,REDUCE,REDUCE,0.2,1,0,3,基础:BULLISH_WARNING(2)；置信度Low+1
00700,腾讯控股,2012-12-21,STRUCTURAL_DIVERGENCE,Deteriorating,Consolidation,Low,BULLISH_WARNING,55.0,Aligned,neutral,B,0.0,fallback,REDUCE,REDUCE,0.5,Extreme,4,WATCH,REDUCE,0.2,1,0,3,基础:BULLISH_WARNING(2)；置信度Low+1
00700,腾讯控股,2012-12-28,STRUCTURAL_DIVERGENCE,Deteriorating,Consolidation,Low,BULLISH_WARNING,55.0,Aligned,neutral,B,0.0,fallback,REDUCE,REDUCE,0.5,Extreme,5,REDUCE,REDUCE,0.2,1,0,3,基础:BULLISH_WARNING(2)；置信度Low+1
00700,腾讯控股,2013-01-04,STRUCTURAL_DIVERGENCE,Stable,Consolidation,Medium,BULLISH_WARNING,55.0,Aligned,neutral,B,1.0,fallback,REDUCE,REDUCE,0.5,Extreme,2,NORMAL,REDUCE,0.2,1,0,2,基础:BULLISH_WARNING(2)
00700,腾讯控股,2013-01-11,STRUCTURAL_DIVERGENCE,Stable,Consolidation,Medium,BULLISH_WARNING,55.0,Aligned,neutral,B,1.0,fallback,REDUCE,REDUCE,0.5,Extreme,3,WATCH,REDUCE,0.2,1,0,2,基础:BULLISH_WARNING(2)
00700,腾讯控股,2013-01-18,STRUCTURAL_DIVERGENCE,Stable,Consolidation,Medium,BULLISH_WARNING,55.0,Aligned,neutral,B,1.0,fallback,REDUCE,REDUCE,0.5,Extreme,0,NORMAL,REDUCE,0.2,1,0,2,基础:BULLISH_WARNING(2)
00700,腾讯控股,2013-01-25,STRUCTURAL_DIVERGENCE,Stable,Consolidation,Medium,BULLISH_WARNING,55.0,Aligned,neutral,B,1.0,fallback,REDUCE,REDUCE,0.5,Low,0,NORMAL,REDUCE,0.5,0,0,2,基础:BULLISH_WARNING(2)
00700,腾讯控股,2013-02-01,STRUCTURAL_DIVERGENCE,Stable,Consolidation,Medium,BULLISH_WARNING,55.0,Aligned,neutral,B,1.0,fallback,REDUCE,REDUCE,0.5,Low,0,NORMAL,REDUCE,0.5,0,0,2,基础:BULLISH_WARNING(2)
00700,腾讯控股,2013-02-08,STRUCTURAL_DIVERGENCE,Stable,Consolidation,Medium,BULLISH_WARNING,55.0,Aligned,neutral,B,1.0,fallback,REDUCE,REDUCE,0.5,Low,0,NORMAL,REDUCE,0.5,0,0,2,基础:BULLISH_WARNING(2)
00700,腾讯控股,2013-02-15,STRUCTURAL_DECLINE,Stable,Consolidation,Low,BEARISH_CONFIRMED,20.0,Aligned,neutral,C,1.0,fallback,EXIT,EXIT,0.0,Extreme,0,NORMAL,EXIT,0.0,0,0,5,基础:BEARISH_CONFIRMED(3)；数据质量C+1；置信度Low+1
00700,腾讯控股,2013-02-22,STRUCTURAL_DECLINE,Stable,Pullback,Low,BEARISH_CONFIRMED,20.0,Aligned,neutral,C,1.0,fallback,EXIT,EXIT,0.0,Extreme,0,NORMAL,EXIT,0.0,0,0,5,基础:BEARISH_CONFIRMED(3)；数据质量C+1；置信度Low+1
00700,腾讯控股,2013-03-01,STRUCTURAL_DECLINE,Deteriorating,Consolidation,Low,BEARISH_CONFIRMED,20.0,Aligned,neutral,C,1.0,fallback,EXIT,EXIT,0.0,Extreme,1,NORMAL,EXIT,0.0,0,0,5,基础:BEARISH_CONFIRMED(3)；数据质量C+1；置信度Low+1
00700,腾讯控股,2013-03-08,STRUCTURAL_DECLINE,Deteriorating,Consolidation,Low,BEARISH_CONFIRMED,20.0,Aligned,neutral,C,1.0,fallback,EXIT,EXIT,0.0,Extreme,0,NORMAL,EXIT,0.0,0,0,5,基础:BEARISH_CONFIRMED(3)；数据质量C+1；置信度Low+1
00700,腾讯控股,2013-03-15,STRUCTURAL_DECLINE,Deteriorating,Consolidation,Low,BEARISH_CONFIRMED,20.0,Aligned,neutral,C,1.0,fallback,EXIT,EXIT,0.0,Extreme,0,NORMAL,EXIT,0.0,0,0,5,基础:BEARISH_CONFIRMED(3)；数据质量C+1；置信度Low+1
00700,腾讯控股,2013-03-22,STRUCTURAL_DECLINE,Deteriorating,Consolidation,Low,BEARISH_CONFIRMED,20.0,Aligned,neutral,C,1.0,fallback,EXIT,EXIT,0.0,Extreme,5,REDUCE,EXIT,0.0,1,0,5,基础:BEARISH_CONFIRMED(3)；数据质量C+1；置信度Low+1
00700,腾讯控股,2013-03-29,STRUCTURAL_DECLINE,Deteriorating,Consolidation,Low,BEARISH_CONFIRMED,20.0,Aligned,neutral,C,1.0,fallback,EXIT,EXIT,0.0,Extreme,5,REDUCE,EXIT,0.0,1,0,5,基础:BEARISH_CONFIRMED(3)；数据质量C+1；置信度Low+1
00700,腾讯控股,2013-04-05,STRUCTURAL_DECLINE,Deteriorating,Breakdown,Low,BEARISH_CONFIRMED,20.0,Aligned,neutral,C,0.0,matrix,EXIT,EXIT,0.0,Extreme,8,DE-RISK,EXIT,0.0,1,0,5,基础:BEARISH_CONFIRMED(3)；数据质量C+1；置信度Low+1
00700,腾讯控股,2013-04-12,STRUCTURAL_DECLINE,Deteriorating,Consolidation,Low,BEARISH_CONFIRMED,20.0,Aligned,neutral,C,0.0,fallback,EXIT,EXIT,0.0,Extreme,5,REDUCE,EXIT,0.0,1,0,5,基础:BEARISH_CONFIRMED(3)；数据质量C+1；置信度Low+1
00700,腾讯控股,2013-04-19,STRUCTURAL_DECLINE,Deteriorating,Consolidation,Low,BEARISH_CONFIRMED,20.0,Aligned,neutral,C,0.0,fallback,EXIT,EXIT,0.0,Extreme,6,REDUCE,EXIT,0.0,1,0,5,基础:BEARISH_CONFIRMED(3)；数据质量C+1；置信度Low+1
00700,腾讯控股,2013-04-26,STRUCTURAL_DECLINE,Deteriorating,Consolidation,Low,BEARISH_CONFIRMED,20.0,Aligned,neutral,C,0.0,fallback,EXIT,EXIT,0.0,Extreme,4,WATCH,EXIT,0.0,1,0,5,基础:BEARISH_CONFIRMED(3)；数据质量C+1；置信度Low+1
00700,腾讯控股,2013-05-03,STRUCTURAL_DECLINE,Improving,Consolidation,Low,BEARISH_CONFIRMED,20.0,Divergence,neutral,C,1.0,fallback,EXIT,EXIT,0.0,Extreme,1,NORMAL,EXIT,0.0,1,0,6,基础:BEARISH_CONFIRMED(3)；结构-行为背离+1；数据质量C+1；置信度Low+1
00700,腾讯控股,2013-05-10,STRUCTURAL_DECLINE,Improving,Consolidation,Low,BEARISH_CONFIRMED,20.0,Divergence,neutral,C,1.0,fallback,EXIT,EXIT,0.0,Extreme,0,NORMAL,EXIT,0.0,0,0,6,基础:BEARISH_CONFIRMED(3)；结构-行为背离+1；数据质量C+1；置信度Low+1
00700,腾讯控股,2013-05-17,STRUCTURAL_DECLINE,Improving,Consolidation,Medium,BEARISH_CONFIRMED,20.0,Divergence,neutral,B,3.0,fallback,EXIT,EXIT,0.0,High,0,NORMAL,EXIT,0.0,0,0,4,基础:BEARISH_CONFIRMED(3)；结构-行为背离+1
00700,腾讯控股,2013-05-24,STRUCTURAL_DECLINE,Improving,Consolidation,Medium,BEARISH_CONFIRMED,20.0,Divergence,neutral,B,3.0,fallback,EXIT,EXIT,0.0,High,0,NORMAL,EXIT,0.0,0,0,4,基础:BEARISH_CONFIRMED(3)；结构-行为背离+1
00700,腾讯控股,2013-05-31,STRUCTURAL_DECLINE,Stable,Consolidation,Medium,BEARISH_CONFIRMED,20.0,Aligned,neutral,B,3.0,fallback,EXIT,EXIT,0.0,Medium,0,NORMAL,EXIT,0.0,0,0,3,基础:BEARISH_CONFIRMED(3)
00700,腾讯控股,2013-06-07,STRUCTURAL_DECLINE,Stable,Consolidation,Medium,BEARISH_CONFIRMED,20.0,Aligned,neutral,B,3.0,fallback,EXIT,EXIT,0.0,Medium,0,NORMAL,EXIT,0.0,0,0,3,基础:BEARISH_CONFIRMED(3)
00700,腾讯控股,2013-06-14,STRUCTURAL_DECLINE,Stable,Consolidation,Medium,BEARISH_CONFIRMED,20.0,Aligned,neutral,B,3.0,fallback,EXIT,EXIT,0.0,Medium,0,NORMAL,EXIT,0.0,0,0,3,基础:BEARISH_CONFIRMED(3)
00700,腾讯控股,2013-06-21,STRUCTURAL_DECLINE,Stable,Pullback,Medium,BEARISH_CONFIRMED,20.0,Aligned,neutral,B,3.0,fallback,EXIT,EXIT,0.0,Medium,0,NORMAL,EXIT,0.0,0,0,3,基础:BEARISH_CONFIRMED(3)
00700,腾讯控股,2013-06-28,STRUCTURAL_DECLINE,Stable,Consolidation,Medium,BEARISH_CONFIRMED,20.0,Aligned,neutral,B,3.0,fallback,EXIT,EXIT,0.0,Medium,1,NORMAL,EXIT,0.0,0,0,3,基础:BEARISH_CONFIRMED(3)
00700,腾讯控股,2013-07-05,STRUCTURAL_DECLINE,Stable,Consolidation,Medium,BEARISH_CONFIRMED,20.0,Aligned,neutral,B,3.0,fallback,EXIT,EXIT,0.0,Medium,0,NORMAL,EXIT,0.0,0,0,3,基础:BEARISH_CONFIRMED(3)
00700,腾讯控股,2013-07-12,STRUCTURAL_DECLINE,Stable,Consolidation,Medium,BEARISH_CONFIRMED,20.0,Aligned,neutral,B,3.0,fallback,EXIT,EXIT,0.0,Medium,0,NORMAL,EXIT,0.0,0,0,3,基础:BEARISH_CONFIRMED(3)
00700,腾讯控股,2013-07-19,STRUCTURAL_DECLINE,Stable,Consolidation,Medium,BEARISH_CONFIRMED,20.0,Aligned,neutral,B,3.0,fallback,EXIT,EXIT,0.0,Medium,0,NORMAL,EXIT,0.0,0,0,3,基础:BEARISH_CONFIRMED(3)
00700,腾讯控股,2013-07-26,STRUCTURAL_DECLINE,Stable,Consolidation,Medium,BEARISH_CONFIRMED,20.0,Aligned,neutral,B,3.0,fallback,EXIT,EXIT,0.0,Medium,0,NORMAL,EXIT,0.0,0,0,3,基础:BEARISH_CONFIRMED(3)
00700,腾讯控股,2013-08-02,STRUCTURAL_DECLINE,Improving,Consolidation,Low,BEARISH_CONFIRMED,20.0,Divergence,neutral,B,2.0,fallback,EXIT,EXIT,0.0,Extreme,0,NORMAL,EXIT,0.0,0,0,5,基础:BEARISH_CONFIRMED(3)；结构-行为背离+1；置信度Low+1
00700,腾讯控股,2013-08-09,STRUCTURAL_DECLINE,Improving,Consolidation,Low,BEARISH_CONFIRMED,20.0,Divergence,neutral,B,2.0,fallback,EXIT,EXIT,0.0,Extreme,0,NORMAL,EXIT,0.0,0,0,5,基础:BEARISH_CONFIRMED(3)；结构-行为背离+1；置信度Low+1
00700,腾讯控股,2013-08-16,STRUCTURAL_DECLINE,Improving,Consolidation,Medium,BEARISH_CONFIRMED,20.0,Divergence,neutral,B,0.0,fallback,EXIT,EXIT,0.0,High,0,NORMAL,EXIT,0.0,0,0,4,基础:BEARISH_CONFIRMED(3)；结构-行为背离+1
00700,腾讯控股,2013-08-23,STRUCTURAL_DECLINE,Improving,Consolidation,Medium,BEARISH_CONFIRMED,20.0,Divergence,neutral,B,0.0,fallback,EXIT,EXIT,0.0,High,0,NORMAL,EXIT,0.0,0,0,4,基础:BEARISH_CONFIRMED(3)；结构-行为背离+1
00700,腾讯控股,2013-08-30,STRUCTURAL_DECLINE,Improving,Consolidation,Medium,BEARISH_CONFIRMED,20.0,Divergence,neutral,B,0.0,fallback,EXIT,EXIT,0.0,High,0,NORMAL,EXIT,0.0,0,0,4,基础:BEARISH_CONFIRMED(3)；结构-行为背离+1
00700,腾讯控股,2013-09-06,STRUCTURAL_DECLINE,Improving,Consolidation,Medium,BEARISH_CONFIRMED,20.0,Divergence,neutral,B,1.0,fallback,EXIT,EXIT,0.0,High,0,NORMAL,EXIT,0.0,0,0,4,基础:BEARISH_CONFIRMED(3)；结构-行为背离+1
00700,腾讯控股,2013-09-13,STRUCTURAL_DECLINE,Improving,Consolidation,Medium,BEARISH_CONFIRMED,20.0,Divergence,neutral,B,1.0,fallback,EXIT,EXIT,0.0,High,0,NORMAL,EXIT,0.0,0,0,4,基础:BEARISH_CONFIRMED(3)；结构-行为背离+1
00700,腾讯控股,2013-09-20,STRUCTURAL_DECLINE,Improving,Consolidation,Medium,BEARISH_CONFIRMED,20.0,Divergence,neutral,B,1.0,fallback,EXIT,EXIT,0.0,High,0,NORMAL,EXIT,0.0,0,0,4,基础:BEARISH_CONFIRMED(3)；结构-行为背离+1
00700,腾讯控股,2013-09-27,STRUCTURAL_DECLINE,Improving,Consolidation,Medium,BEARISH_CONFIRMED,20.0,Divergence,neutral,B,1.0,fallback,EXIT,EXIT,0.0,High,0,NORMAL,EXIT,0.0,0,0,4,基础:BEARISH_CONFIRMED(3)；结构-行为背离+1
00700,腾讯控股,2013-10-04,STRUCTURAL_DECLINE,Improving,Consolidation,Medium,BEARISH_CONFIRMED,20.0,Divergence,neutral,B,1.0,fallback,EXIT,EXIT,0.0,High,0,NORMAL,EXIT,0.0,0,0,4,基础:BEARISH_CONFIRMED(3)；结构-行为背离+1
00700,腾讯控股,2013-10-11,STRUCTURAL_DECLINE,Improving,Consolidation,Medium,BEARISH_CONFIRMED,20.0,Divergence,neutral,B,1.0,fallback,EXIT,EXIT,0.0,High,0,NORMAL,EXIT,0.0,0,0,4,基础:BEARISH_CONFIRMED(3)；结构-行为背离+1
00700,腾讯控股,2013-10-18,STRUCTURAL_DECLINE,Improving,Consolidation,Medium,BEARISH_CONFIRMED,20.0,Divergence,neutral,B,1.0,fallback,EXIT,EXIT,0.0,High,0,NORMAL,EXIT,0.0,0,0,4,基础:BEARISH_CONFIRMED(3)；结构-行为背离+1
00700,腾讯控股,2013-10-25,STRUCTURAL_DECLINE,Improving,Consolidation,Medium,BEARISH_CONFIRMED,20.0,Divergence,neutral,B,1.0,fallback,EXIT,EXIT,0.0,High,0,NORMAL,EXIT,0.0,0,0,4,基础:BEARISH_CONFIRMED(3)；结构-行为背离+1
00700,腾讯控股,2013-11-01,STRUCTURAL_DECLINE,Improving,Consolidation,Medium,BEARISH_CONFIRMED,20.0,Divergence,neutral,B,1.0,fallback,EXIT,EXIT,0.0,High,0,NORMAL,EXIT,0.0,0,0,4,基础:BEARISH_CONFIRMED(3)；结构-行为背离+1
00700,腾讯控股,2013-11-08,STRUCTURAL_DECLINE,Improving,Pullback,Medium,BEARISH_CONFIRMED,20.0,Divergence,neutral,B,1.0,fallback,EXIT,EXIT,0.0,High,2,NORMAL,EXIT,0.0,0,0,4,基础:BEARISH_CONFIRMED(3)；结构-行为背离+1
00700,腾讯控股,2013-11-15,STRUCTURAL_DIVERGENCE,Improving,Consolidation,Low,BULLISH_WARNING,55.0,Aligned,neutral,C,1.0,fallback,REDUCE,REDUCE,0.5,High,1,NORMAL,REDUCE,0.5,0,0,4,基础:BULLISH_WARNING(2)；数据质量C+1；置信度Low+1
00700,腾讯控股,2013-11-22,STRUCTURAL_DIVERGENCE,Improving,Consolidation,Low,BULLISH_WARNING,55.0,Aligned,neutral,C,1.0,fallback,REDUCE,REDUCE,0.5,High,2,NORMAL,REDUCE,0.5,0,0,4,基础:BULLISH_WARNING(2)；数据质量C+1；置信度Low+1
00700,腾讯控股,2013-11-29,STRUCTURAL_DIVERGENCE,Improving,Consolidation,Low,BULLISH_WARNING,55.0,Aligned,neutral,C,1.0,fallback,REDUCE,REDUCE,0.5,High,0,NORMAL,REDUCE,0.5,0,0,4,基础:BULLISH_WARNING(2)；数据质量C+1；置信度Low+1
00700,腾讯控股,2013-12-06,STRUCTURAL_DIVERGENCE,Improving,Consolidation,Low,BULLISH_WARNING,55.0,Aligned,neutral,C,0.0,fallback,REDUCE,REDUCE,0.5,High,0,NORMAL,REDUCE,0.5,0,0,4,基础:BULLISH_WARNING(2)；数据质量C+1；置信度Low+1
00700,腾讯控股,2013-12-13,STRUCTURAL_DIVERGENCE,Improving,Consolidation,Low,BULLISH_WARNING,55.0,Aligned,neutral,C,0.0,fallback,REDUCE,REDUCE,0.5,High,0,NORMAL,REDUCE,0.5,0,0,4,基础:BULLISH_WARNING(2)；数据质量C+1；置信度Low+1
00700,腾讯控股,2013-12-20,STRUCTURAL_DIVERGENCE,Improving,Consolidation,Low,BULLISH_WARNING,55.0,Aligned,neutral,C,0.0,fallback,REDUCE,REDUCE,0.5,High,0,NORMAL,REDUCE,0.5,0,0,4,基础:BULLISH_WARNING(2)；数据质量C+1；置信度Low+1
00700,腾讯控股,2013-12-27,STRUCTURAL_DIVERGENCE,Improving,Consolidation,Low,BULLISH_WARNING,55.0,Aligned,neutral,C,0.0,fallback,REDUCE,REDUCE,0.5,High,0,NORMAL,REDUCE,0.5,0,0,4,基础:BULLISH_WARNING(2)；数据质量C+1；置信度Low+1
00700,腾讯控股,2014-01-03,STRUCTURAL_DIVERGENCE,Improving,Consolidation,Low,BULLISH_WARNING,55.0,Aligned,neutral,C,1.0,fallback,REDUCE,REDUCE,0.5,High,0,NORMAL,REDUCE,0.5,0,0,4,基础:BULLISH_WARNING(2)；数据质量C+1；置信度Low+1
00700,腾讯控股,2014-01-10,STRUCTURAL_DIVERGENCE,Improving,Consolidation,Low,BULLISH_WARNING,55.0,Aligned,neutral,C,1.0,fallback,REDUCE,REDUCE,0.5,High,0,NORMAL,REDUCE,0.5,0,0,4,基础:BULLISH_WARNING(2)；数据质量C+1；置信度Low+1
00700,腾讯控股,2014-01-17,STRUCTURAL_DIVERGENCE,Improving,Consolidation,Low,BULLISH_WARNING,55.0,Aligned,neutral,C,1.0,fallback,REDUCE,REDUCE,0.5,High,0,NORMAL,REDUCE,0.5,0,0,4,基础:BULLISH_WARNING(2)；数据质量C+1；置信度Low+1
00700,腾讯控股,2014-01-24,STRUCTURAL_DIVERGENCE,Improving,Consolidation,Low,BULLISH_WARNING,55.0,Aligned,neutral,C,1.0,fallback,REDUCE,REDUCE,0.5,High,0,NORMAL,REDUCE,0.5,0,0,4,基础:BULLISH_WARNING(2)；数据质量C+1；置信度Low+1
00700,腾讯控股,2014-01-31,STRUCTURAL_DIVERGENCE,Stable,Consolidation,Low,BULLISH_WARNING,55.0,Aligned,neutral,C,1.0,fallback,REDUCE,REDUCE,0.5,High,0,NORMAL,REDUCE,0.5,0,0,4,基础:BULLISH_WARNING(2)；数据质量C+1；置信度Low+1
00700,腾讯控股,2014-02-07,STRUCTURAL_DIVERGENCE,Stable,Consolidation,Low,BULLISH_WARNING,55.0,Aligned,neutral,C,1.0,fallback,REDUCE,REDUCE,0.5,High,0,NORMAL,REDUCE,0.5,0,0,4,基础:BULLISH_WARNING(2)；数据质量C+1；置信度Low+1
00700,腾讯控股,2014-02-14,STRUCTURAL_DIVERGENCE,Stable,Consolidation,Low,BULLISH_WARNING,55.0,Aligned,neutral,C,1.0,fallback,REDUCE,REDUCE,0.5,High,0,NORMAL,REDUCE,0.5,0,0,4,基础:BULLISH_WARNING(2)；数据质量C+1；置信度Low+1
00700,腾讯控股,2014-02-21,STRUCTURAL_DIVERGENCE,Stable,Consolidation,Low,BULLISH_WARNING,55.0,Aligned,neutral,C,1.0,fallback,REDUCE,REDUCE,0.5,High,0,NORMAL,REDUCE,0.5,0,0,4,基础:BULLISH_WARNING(2)；数据质量C+1；置信度Low+1
00700,腾讯控股,2014-02-28,STRUCTURAL_DIVERGENCE,Stable,Consolidation,Low,BULLISH_WARNING,55.0,Aligned,neutral,C,0.0,fallback,REDUCE,REDUCE,0.5,High,0,NORMAL,REDUCE,0.5,0,0,4,基础:BULLISH_WARNING(2)；数据质量C+1；置信度Low+1
00700,腾讯控股,2014-03-07,STRUCTURAL_DIVERGENCE,Stable,Consolidation,Low,BULLISH_WARNING,55.0,Aligned,neutral,C,0.0,fallback,REDUCE,REDUCE,0.5,High,0,NORMAL,REDUCE,0.5,0,0,4,基础:BULLISH_WARNING(2)；数据质量C+1；置信度Low+1
00700,腾讯控股,2014-03-14,STRUCTURAL_DIVERGENCE,Stable,Pullback,Low,BULLISH_WARNING,55.0,Aligned,neutral,C,0.0,fallback,REDUCE,REDUCE,0.5,High,0,NORMAL,REDUCE,0.5,0,0,4,基础:BULLISH_WARNING(2)；数据质量C+1；置信度Low+1
00700,腾讯控股,2014-03-21,STRUCTURAL_DIVERGENCE,Stable,Pullback,Low,BULLISH_WARNING,55.0,Aligned,neutral,C,0.0,fallback,REDUCE,REDUCE,0.5,High,0,NORMAL,REDUCE,0.5,0,0,4,基础:BULLISH_WARNING(2)；数据质量C+1；置信度Low+1
00700,腾讯控股,2014-03-28,STRUCTURAL_DIVERGENCE,Stable,Pullback,Low,BULLISH_WARNING,55.0,Aligned,neutral,C,0.0,fallback,REDUCE,REDUCE,0.5,High,3,WATCH,REDUCE,0.5,0,0,4,基础:BULLISH_WARNING(2)；数据质量C+1；置信度Low+1
00700,腾讯控股,2014-04-04,STRUCTURAL_DIVERGENCE,Deteriorating,Pullback,Low,BULLISH_WARNING,55.0,Aligned,neutral,C,0.0,fallback,REDUCE,REDUCE,0.5,High,3,WATCH,REDUCE,0.5,0,0,4,基础:BULLISH_WARNING(2)；数据质量C+1；置信度Low+1
00700,腾讯控股,2014-04-11,STRUCTURAL_DIVERGENCE,Deteriorating,Pullback,Low,BULLISH_WARNING,55.0,Aligned,neutral,C,0.0,fallback,REDUCE,REDUCE,0.5,Extreme,5,REDUCE,REDUCE,0.2,1,0,4,基础:BULLISH_WARNING(2)；数据质量C+1；置信度Low+1
00700,腾讯控股,2014-04-18,STRUCTURAL_DIVERGENCE,Deteriorating,Pullback,Low,BULLISH_WARNING,55.0,Aligned,neutral,C,0.0,fallback,REDUCE,REDUCE,0.5,Extreme,5,REDUCE,REDUCE,0.2,1,0,4,基础:BULLISH_WARNING(2)；数据质量C+1；置信度Low+1
00700,腾讯控股,2014-04-25,STRUCTURAL_DIVERGENCE,Deteriorating,Pullback,Low,BULLISH_WARNING,55.0,Aligned,neutral,C,0.0,fallback,REDUCE,REDUCE,0.5,Extreme,5,REDUCE,REDUCE,0.2,1,0,4,基础:BULLISH_WARNING(2)；数据质量C+1；置信度Low+1
00700,腾讯控股,2014-05-02,STRUCTURAL_DIVERGENCE,Deteriorating,Consolidation,Low,BULLISH_WARNING,55.0,Aligned,neutral,C,0.0,fallback,REDUCE,REDUCE,0.5,Extreme,6,REDUCE,REDUCE,0.2,1,0,4,基础:BULLISH_WARNING(2)；数据质量C+1；置信度Low+1
00700,腾讯控股,2014-05-09,STRUCTURAL_DIVERGENCE,Deteriorating,Consolidation,Low,BULLISH_WARNING,55.0,Aligned,neutral,C,0.0,fallback,REDUCE,REDUCE,0.5,Extreme,6,REDUCE,REDUCE,0.2,1,0,4,基础:BULLISH_WARNING(2)；数据质量C+1；置信度Low+1
00700,腾讯控股,2014-05-16,STRUCTURAL_DIVERGENCE,Deteriorating,Consolidation,Low,BULLISH_WARNING,55.0,Aligned,neutral,C,0.0,fallback,REDUCE,REDUCE,0.5,Extreme,4,WATCH,REDUCE,0.2,1,0,4,基础:BULLISH_WARNING(2)；数据质量C+1；置信度Low+1
00700,腾讯控股,2014-05-23,STRUCTURAL_DIVERGENCE,Deteriorating,Consolidation,Low,BULLISH_WARNING,55.0,Aligned,neutral,C,0.0,fallback,REDUCE,REDUCE,0.5,Extreme,1,NORMAL,REDUCE,0.2,1,0,4,基础:BULLISH_WARNING(2)；数据质量C+1；置信度Low+1
00700,腾讯控股,2014-05-30,STRUCTURAL_DIVERGENCE,Deteriorating,Consolidation,Low,BULLISH_WARNING,55.0,Aligned,neutral,C,0.0,fallback,REDUCE,REDUCE,0.5,High,3,WATCH,REDUCE,0.5,0,0,4,基础:BULLISH_WARNING(2)；数据质量C+1；置信度Low+1
00700,腾讯控股,2014-06-06,STRUCTURAL_DIVERGENCE,Improving,Consolidation,Low,BULLISH_WARNING,55.0,Aligned,neutral,C,0.0,fallback,REDUCE,REDUCE,0.5,High,3,WATCH,REDUCE,0.5,0,0,4,基础:BULLISH_WARNING(2)；数据质量C+1；置信度Low+1
00700,腾讯控股,2014-06-13,STRUCTURAL_DIVERGENCE,Improving,Consolidation,Low,BULLISH_WARNING,55.0,Aligned,neutral,C,0.0,fallback,REDUCE,REDUCE,0.5,High,0,NORMAL,REDUCE,0.5,0,0,4,基础:BULLISH_WARNING(2)；数据质量C+1；置信度Low+1
00700,腾讯控股,2014-06-20,STRUCTURAL_DIVERGENCE,Improving,Consolidation,Low,BULLISH_WARNING,55.0,Aligned,neutral,C,0.0,fallback,REDUCE,REDUCE,0.5,High,0,NORMAL,REDUCE,0.5,0,0,4,基础:BULLISH_WARNING(2)；数据质量C+1；置信度Low+1
00700,腾讯控股,2014-06-27,STRUCTURAL_DIVERGENCE,Improving,Consolidation,Low,BULLISH_WARNING,55.0,Aligned,neutral,C,0.0,fallback,REDUCE,REDUCE,0.5,High,0,NORMAL,REDUCE,0.5,0,0,4,基础:BULLISH_WARNING(2)；数据质量C+1；置信度Low+1
00700,腾讯控股,2014-07-04,STRUCTURAL_DIVERGENCE,Improving,Consolidation,Low,BULLISH_WARNING,55.0,Aligned,neutral,C,0.0,fallback,REDUCE,REDUCE,0.5,High,0,NORMAL,REDUCE,0.5,0,0,4,基础:BULLISH_WARNING(2)；数据质量C+1；置信度Low+1
00700,腾讯控股,2014-07-11,STRUCTURAL_DIVERGENCE,Improving,Consolidation,Low,BULLISH_WARNING,55.0,Aligned,neutral,C,0.0,fallback,REDUCE,REDUCE,0.5,High,0,NORMAL,REDUCE,0.5,0,0,4,基础:BULLISH_WARNING(2)；数据质量C+1；置信度Low+1
00700,腾讯控股,2014-07-18,STRUCTURAL_DIVERGENCE,Improving,Consolidation,Low,BULLISH_WARNING,55.0,Aligned,neutral,C,0.0,fallback,REDUCE,REDUCE,0.5,High,0,NORMAL,REDUCE,0.5,0,0,4,基础:BULLISH_WARNING(2)；数据质量C+1；置信度Low+1
00700,腾讯控股,2014-07-25,STRUCTURAL_DIVERGENCE,Improving,Consolidation,Low,BULLISH_WARNING,55.0,Aligned,neutral,C,0.0,fallback,REDUCE,REDUCE,0.5,High,0,NORMAL,REDUCE,0.5,0,0,4,基础:BULLISH_WARNING(2)；数据质量C+1；置信度Low+1
00700,腾讯控股,2014-08-01,STRUCTURAL_DIVERGENCE,Improving,Consolidation,Low,BULLISH_WARNING,55.0,Aligned,neutral,C,-1.0,fallback,REDUCE,REDUCE,0.5,High,1,NORMAL,REDUCE,0.5,0,0,4,基础:BULLISH_WARNING(2)；数据质量C+1；置信度Low+1
00700,腾讯控股,2014-08-08,STRUCTURAL_DIVERGENCE,Improving,Consolidation,Low,BULLISH_WARNING,55.0,Aligned,neutral,C,-1.0,fallback,REDUCE,REDUCE,0.5,High,1,NORMAL,REDUCE,0.5,0,0,4,基础:BULLISH_WARNING(2)；数据质量C+1；置信度Low+1
00700,腾讯控股,2014-08-15,STRUCTURAL_DIVERGENCE,Improving,Consolidation,Low,BULLISH_WARNING,55.0,Aligned,neutral,C,-1.0,fallback,REDUCE,REDUCE,0.5,High,1,NORMAL,REDUCE,0.5,0,0,4,基础:BULLISH_WARNING(2)；数据质量C+1；置信度Low+1
00700,腾讯控股,2014-08-22,STRUCTURAL_DIVERGENCE,Improving,Consolidation,Low,BULLISH_WARNING,55.0,Aligned,neutral,C,-1.0,fallback,REDUCE,REDUCE,0.5,High,1,NORMAL,REDUCE,0.5,0,0,4,基础:BULLISH_WARNING(2)；数据质量C+1；置信度Low+1
00700,腾讯控股,2014-08-29,STRUCTURAL_DIVERGENCE,Improving,Pullback,Low,BULLISH_WARNING,55.0,Aligned,neutral,C,-1.0,fallback,REDUCE,REDUCE,0.5,High,1,NORMAL,REDUCE,0.5,0,0,4,基础:BULLISH_WARNING(2)；数据质量C+1；置信度Low+1
00700,腾讯控股,2014-09-05,STRUCTURAL_DIVERGENCE,Deteriorating,Consolidation,Low,BULLISH_WARNING,55.0,Aligned,neutral,C,0.0,fallback,REDUCE,REDUCE,0.5,High,0,NORMAL,REDUCE,0.5,0,0,4,基础:BULLISH_WARNING(2)；数据质量C+1；置信度Low+1
00700,腾讯控股,2014-09-12,STRUCTURAL_DIVERGENCE,Deteriorating,Pullback,Low,BULLISH_WARNING,55.0,Aligned,neutral,C,0.0,fallback,REDUCE,REDUCE,0.5,High,2,NORMAL,REDUCE,0.5,0,0,4,基础:BULLISH_WARNING(2)；数据质量C+1；置信度Low+1
00700,腾讯控股,2014-09-19,STRUCTURAL_DIVERGENCE,Deteriorating,Pullback,Low,BULLISH_WARNING,55.0,Aligned,neutral,C,0.0,fallback,REDUCE,REDUCE,0.5,High,2,NORMAL,REDUCE,0.5,0,0,4,基础:BULLISH_WARNING(2)；数据质量C+1；置信度Low+1
00700,腾讯控股,2014-09-26,STRUCTURAL_DIVERGENCE,Deteriorating,Consolidation,Low,BULLISH_WARNING,55.0,Aligned,neutral,C,0.0,fallback,REDUCE,REDUCE,0.5,High,4,WATCH,REDUCE,0.5,0,0,4,基础:BULLISH_WARNING(2)；数据质量C+1；置信度Low+1
00700,腾讯控股,2014-10-03,STRUCTURAL_DIVERGENCE,Stable,Consolidation,Low,BULLISH_WARNING,55.0,Aligned,neutral,C,0.0,fallback,REDUCE,REDUCE,0.5,High,4,WATCH,REDUCE,0.5,0,0,4,基础:BULLISH_WARNING(2)；数据质量C+1；置信度Low+1
00700,腾讯控股,2014-10-10,STRUCTURAL_DIVERGENCE,Stable,Consolidation,Low,BULLISH_WARNING,55.0,Aligned,neutral,C,0.0,fallback,REDUCE,REDUCE,0.5,High,4,WATCH,REDUCE,0.5,0,0,4,基础:BULLISH_WARNING(2)；数据质量C+1；置信度Low+1
00700,腾讯控股,2014-10-17,STRUCTURAL_DIVERGENCE,Stable,Consolidation,Low,BULLISH_WARNING,55.0,Aligned,neutral,C,0.0,fallback,REDUCE,REDUCE,0.5,Extreme,6,REDUCE,REDUCE,0.2,1,0,4,基础:BULLISH_WARNING(2)；数据质量C+1；置信度Low+1
00700,腾讯控股,2014-10-24,STRUCTURAL_DIVERGENCE,Stable,Consolidation,Low,BULLISH_WARNING,55.0,Aligned,neutral,C,0.0,fallback,REDUCE,REDUCE,0.5,Extreme,4,WATCH,REDUCE,0.2,1,0,4,基础:BULLISH_WARNING(2)；数据质量C+1；置信度Low+1
00700,腾讯控股,2014-10-31,STRUCTURAL_DIVERGENCE,Improving,Consolidation,Low,BULLISH_WARNING,55.0,Aligned,neutral,C,1.0,fallback,REDUCE,REDUCE,0.5,Extreme,1,NORMAL,REDUCE,0.2,1,0,4,基础:BULLISH_WARNING(2)；数据质量C+1；置信度Low+1
00700,腾讯控股,2014-11-07,STRUCTURAL_DIVERGENCE,Improving,Consolidation,Low,BULLISH_WARNING,55.0,Aligned,neutral,C,1.0,fallback,REDUCE,REDUCE,0.5,High,1,NORMAL,REDUCE,0.5,0,0,4,基础:BULLISH_WARNING(2)；数据质量C+1；置信度Low+1
00700,腾讯控股,2014-11-14,STRUCTURAL_DIVERGENCE,Improving,Consolidation,Medium,BULLISH_WARNING,55.0,Aligned,neutral,B,1.0,fallback,REDUCE,REDUCE,0.5,Low,0,NORMAL,REDUCE,0.5,0,0,2,基础:BULLISH_WARNING(2)
00700,腾讯控股,2014-11-21,STRUCTURAL_DIVERGENCE,Improving,Pullback,Medium,BULLISH_WARNING,55.0,Aligned,neutral,B,1.0,fallback,REDUCE,REDUCE,0.5,Low,0,NORMAL,REDUCE,0.5,0,0,2,基础:BULLISH_WARNING(2)
00700,腾讯控股,2014-11-28,STRUCTURAL_DIVERGENCE,Improving,Pullback,Medium,BULLISH_WARNING,55.0,Aligned,neutral,B,1.0,fallback,REDUCE,REDUCE,0.5,Low,0,NORMAL,REDUCE,0.5,0,0,2,基础:BULLISH_WARNING(2)
00700,腾讯控股,2014-12-05,STRUCTURAL_DIVERGENCE,Stable,Consolidation,Medium,BULLISH_WARNING,55.0,Aligned,neutral,B,1.0,fallback,REDUCE,REDUCE,0.5,Low,2,NORMAL,REDUCE,0.5,0,0,2,基础:BULLISH_WARNING(2)
00700,腾讯控股,2014-12-12,STRUCTURAL_DIVERGENCE,Stable,Consolidation,Medium,BULLISH_WARNING,55.0,Aligned,neutral,B,1.0,fallback,REDUCE,REDUCE,0.5,Low,4,WATCH,REDUCE,0.5,0,0,2,基础:BULLISH_WARNING(2)
00700,腾讯控股,2014-12-19,STRUCTURAL_DIVERGENCE,Stable,Consolidation,Medium,BULLISH_WARNING,55.0,Aligned,neutral,B,1.0,fallback,REDUCE,REDUCE,0.5,Extreme,5,REDUCE,REDUCE,0.2,1,0,2,基础:BULLISH_WARNING(2)
00700,腾讯控股,2014-12-26,STRUCTURAL_DIVERGENCE,Stable,Consolidation,Medium,BULLISH_WARNING,55.0,Aligned,neutral,B,1.0,fallback,REDUCE,REDUCE,0.5,Extreme,5,REDUCE,REDUCE,0.2,1,0,2,基础:BULLISH_WARNING(2)
00700,腾讯控股,2015-01-02,STRUCTURAL_DIVERGENCE,Deteriorating,Consolidation,Low,BULLISH_WARNING,55.0,Aligned,neutral,B,0.0,fallback,REDUCE,REDUCE,0.5,Extreme,5,REDUCE,REDUCE,0.2,1,0,3,基础:BULLISH_WARNING(2)；置信度Low+1
00700,腾讯控股,2015-01-09,STRUCTURAL_DIVERGENCE,Deteriorating,Consolidation,Low,BULLISH_WARNING,55.0,Aligned,neutral,B,0.0,fallback,REDUCE,REDUCE,0.5,Extreme,2,NORMAL,REDUCE,0.2,1,0,3,基础:BULLISH_WARNING(2)；置信度Low+1
00700,腾讯控股,2015-01-16,STRUCTURAL_DIVERGENCE,Deteriorating,Consolidation,Low,BULLISH_WARNING,55.0,Aligned,neutral,B,0.0,fallback,REDUCE,REDUCE,0.5,Medium,1,NORMAL,REDUCE,0.5,0,0,3,基础:BULLISH_WARNING(2)；置信度Low+1
00700,腾讯控股,2015-01-23,STRUCTURAL_DIVERGENCE,Deteriorating,Consolidation,Low,BULLISH_WARNING,55.0,Aligned,neutral,B,0.0,fallback,REDUCE,REDUCE,0.5,Medium,0,NORMAL,REDUCE,0.5,0,0,3,基础:BULLISH_WARNING(2)；置信度Low+1
00700,腾讯控股,2015-01-30,STRUCTURAL_DIVERGENCE,Deteriorating,Consolidation,Low,BULLISH_WARNING,55.0,Aligned,neutral,B,0.0,fallback,REDUCE,REDUCE,0.5,Medium,0,NORMAL,REDUCE,0.5,0,0,3,基础:BULLISH_WARNING(2)；置信度Low+1
00700,腾讯控股,2015-02-06,STRUCTURAL_DIVERGENCE,Improving,Consolidation,Low,BULLISH_WARNING,55.0,Aligned,neutral,B,0.0,fallback,REDUCE,REDUCE,0.5,Medium,0,NORMAL,REDUCE,0.5,0,0,3,基础:BULLISH_WARNING(2)；置信度Low+1
00700,腾讯控股,2015-02-13,STRUCTURAL_DIVERGENCE,Improving,Consolidation,Low,BULLISH_WARNING,55.0,Aligned,neutral,B,0.0,fallback,REDUCE,REDUCE,0.5,Medium,0,NORMAL,REDUCE,0.5,0,0,3,基础:BULLISH_WARNING(2)；置信度Low+1
00700,腾讯控股,2015-02-20,STRUCTURAL_DIVERGENCE,Improving,Consolidation,Low,BULLISH_WARNING,55.0,Aligned,neutral,B,2.0,fallback,REDUCE,REDUCE,0.5,Medium,0,NORMAL,REDUCE,0.5,0,0,3,基础:BULLISH_WARNING(2)；置信度Low+1
00700,腾讯控股,2015-02-27,STRUCTURAL_DIVERGENCE,Improving,Consolidation,Low,BULLISH_WARNING,55.0,Aligned,neutral,B,2.0,fallback,REDUCE,REDUCE,0.5,Medium,0,NORMAL,REDUCE,0.5,0,0,3,基础:BULLISH_WARNING(2)；置信度Low+1
00700,腾讯控股,2015-03-06,STRUCTURAL_DIVERGENCE,Improving,Pullback,Medium,BULLISH_WARNING,55.0,Aligned,neutral,B,3.0,fallback,REDUCE,REDUCE,0.5,Low,0,NORMAL,REDUCE,0.5,0,0,2,基础:BULLISH_WARNING(2)
00700,腾讯控股,2015-03-13,STRUCTURAL_DIVERGENCE,Improving,Consolidation,Medium,BULLISH_WARNING,55.0,Aligned,neutral,B,3.0,fallback,REDUCE,REDUCE,0.5,Low,1,NORMAL,REDUCE,0.5,0,0,2,基础:BULLISH_WARNING(2)
00700,腾讯控股,2015-03-20,STRUCTURAL_DIVERGENCE,Improving,Consolidation,Medium,BULLISH_WARNING,55.0,Aligned,neutral,B,3.0,fallback,REDUCE,REDUCE,0.5,Low,0,NORMAL,REDUCE,0.5,0,0,2,基础:BULLISH_WARNING(2)
00700,腾讯控股,2015-03-27,STRUCTURAL_DIVERGENCE,Improving,Consolidation,Medium,BULLISH_WARNING,55.0,Aligned,neutral,B,3.0,fallback,REDUCE,REDUCE,0.5,Low,0,NORMAL,REDUCE,0.5,0,0,2,基础:BULLISH_WARNING(2)
00700,腾讯控股,2015-04-03,STRUCTURAL_DIVERGENCE,Improving,Consolidation,Medium,BULLISH_WARNING,55.0,Aligned,risk_on,B,3.0,fallback,REDUCE,REDUCE,0.5,Low,0,NORMAL,REDUCE,0.5,0,0,2,基础:BULLISH_WARNING(2)
00700,腾讯控股,2015-04-10,STRUCTURAL_DIVERGENCE,Improving,Consolidation,Medium,BULLISH_WARNING,55.0,Aligned,risk_off,B,3.0,fallback,REDUCE,REDUCE,0.5,Medium,0,NORMAL,REDUCE,0.5,0,0,3,基础:BULLISH_WARNING(2)；市场risk_off+1
00700,腾讯控股,2015-04-17,STRUCTURAL_DIVERGENCE,Improving,Consolidation,Medium,BULLISH_WARNING,55.0,Aligned,risk_on,B,3.0,fallback,REDUCE,REDUCE,0.5,Low,0,NORMAL,REDUCE,0.5,0,0,2,基础:BULLISH_WARNING(2)
00700,腾讯控股,2015-04-24,STRUCTURAL_DIVERGENCE,Improving,Consolidation,Medium,BULLISH_WARNING,55.0,Aligned,risk_on,B,3.0,fallback,REDUCE,REDUCE,0.5,Low,0,NORMAL,REDUCE,0.5,0,0,2,基础:BULLISH_WARNING(2)
00700,腾讯控股,2015-05-01,STRUCTURAL_DIVERGENCE,Stable,Consolidation,Medium,BULLISH_WARNING,55.0,Aligned,risk_on,B,3.0,fallback,REDUCE,REDUCE,0.5,Low,0,NORMAL,REDUCE,0.5,0,0,2,基础:BULLISH_WARNING(2)
00700,腾讯控股,2015-05-08,STRUCTURAL_DIVERGENCE,Stable,Pullback,Medium,BULLISH_WARNING,55.0,Aligned,risk_on,B,3.0,fallback,REDUCE,REDUCE,0.5,Low,0,NORMAL,REDUCE,0.5,0,0,2,基础:BULLISH_WARNING(2)
00700,腾讯控股,2015-05-15,STRUCTURAL_ACCUMULATION,Stable,Consolidation,Medium,BULLISH_STABLE,75.0,Aligned,risk_on,C,1.0,fallback,HOLD,HOLD,0.75,Low,0,NORMAL,HOLD,0.75,0,0,2,基础:BULLISH_STABLE(1)；数据质量C+1
00700,腾讯控股,2015-05-22,STRUCTURAL_ACCUMULATION,Stable,Consolidation,Medium,BULLISH_STABLE,75.0,Aligned,risk_on,C,1.0,fallback,HOLD,HOLD,0.75,Low,0,NORMAL,HOLD,0.75,0,0,2,基础:BULLISH_STABLE(1)；数据质量C+1
00700,腾讯控股,2015-05-29,STRUCTURAL_ACCUMULATION,Stable,Pullback,Medium,BULLISH_STABLE,75.0,Aligned,risk_on,C,1.0,fallback,HOLD,HOLD,0.75,Low,1,NORMAL,HOLD,0.75,0,0,2,基础:BULLISH_STABLE(1)；数据质量C+1
00700,腾讯控股,2015-06-05,STRUCTURAL_ACCUMULATION,Deteriorating,Pullback,High,BULLISH_STABLE,75.0,Divergence,risk_on,C,1.0,fallback,HOLD,HOLD,0.75,Medium,2,NORMAL,HOLD,0.75,0,0,3,基础:BULLISH_STABLE(1)；结构-行为背离+1；数据质量C+1
00700,腾讯控股,2015-06-12,STRUCTURAL_ACCUMULATION,Deteriorating,Consolidation,High,BULLISH_STABLE,75.0,Divergence,risk_on,C,1.0,fallback,HOLD,HOLD,0.75,Medium,2,NORMAL,HOLD,0.75,0,0,3,基础:BULLISH_STABLE(1)；结构-行为背离+1；数据质量C+1
00700,腾讯控股,2015-06-19,STRUCTURAL_ACCUMULATION,Deteriorating,Pullback,High,BULLISH_STABLE,75.0,Divergence,risk_on,C,1.0,fallback,HOLD,HOLD,0.75,Medium,3,WATCH,HOLD,0.75,0,0,3,基础:BULLISH_STABLE(1)；结构-行为背离+1；数据质量C+1
00700,腾讯控股,2015-06-26,STRUCTURAL_ACCUMULATION,Deteriorating,Consolidation,High,BULLISH_STABLE,75.0,Divergence,risk_on,C,1.0,fallback,HOLD,HOLD,0.75,Medium,2,NORMAL,HOLD,0.75,0,0,3,基础:BULLISH_STABLE(1)；结构-行为背离+1；数据质量C+1
00700,腾讯控股,2015-07-03,STRUCTURAL_ACCUMULATION,Stable,Pullback,High,BULLISH_STABLE,75.0,Aligned,risk_on,C,1.0,fallback,HOLD,HOLD,0.75,Low,1,NORMAL,HOLD,0.75,0,0,2,基础:BULLISH_STABLE(1)；数据质量C+1
00700,腾讯控股,2015-07-10,STRUCTURAL_ACCUMULATION,Stable,Consolidation,High,BULLISH_STABLE,75.0,Aligned,risk_off,C,1.0,fallback,HOLD,HOLD,0.75,Medium,3,WATCH,HOLD,0.75,0,0,3,基础:BULLISH_STABLE(1)；市场risk_off+1；数据质量C+1
00700,腾讯控股,2015-07-17,STRUCTURAL_ACCUMULATION,Stable,Pullback,High,BULLISH_STABLE,75.0,Aligned,risk_off,C,1.0,fallback,HOLD,HOLD,0.75,Medium,2,NORMAL,HOLD,0.75,0,0,3,基础:BULLISH_STABLE(1)；市场risk_off+1；数据质量C+1
00700,腾讯控股,2015-07-24,STRUCTURAL_ACCUMULATION,Stable,Pullback,High,BULLISH_STABLE,75.0,Aligned,risk_off,C,1.0,fallback,HOLD,HOLD,0.75,Medium,3,WATCH,HOLD,0.75,0,0,3,基础:BULLISH_STABLE(1)；市场risk_off+1；数据质量C+1
00700,腾讯控股,2015-07-31,STRUCTURAL_ACCUMULATION,Deteriorating,Consolidation,Medium,BULLISH_STABLE,75.0,Divergence,risk_off,C,1.0,fallback,REDUCE,HOLD,0.5,Extreme,5,REDUCE,REDUCE,0.2,1,0,4,基础:BULLISH_STABLE(1)；结构-行为背离+1；市场risk_off+1；数据质量C+1
00700,腾讯控股,2015-08-07,STRUCTURAL_ACCUMULATION,Deteriorating,Consolidation,Medium,BULLISH_STABLE,75.0,Divergence,risk_off,C,1.0,fallback,REDUCE,HOLD,0.5,Extreme,4,WATCH,REDUCE,0.2,1,0,4,基础:BULLISH_STABLE(1)；结构-行为背离+1；市场risk_off+1；数据质量C+1
00700,腾讯控股,2015-08-14,STRUCTURAL_ACCUMULATION,Deteriorating,Consolidation,Medium,BULLISH_STABLE,75.0,Divergence,risk_off,B,1.0,fallback,REDUCE,HOLD,0.75,Extreme,4,WATCH,REDUCE,0.2,1,0,3,基础:BULLISH_STABLE(1)；结构-行为背离+1；市场risk_off+1
00700,腾讯控股,2015-08-21,STRUCTURAL_ACCUMULATION,Deteriorating,Consolidation,Medium,BULLISH_STABLE,75.0,Divergence,risk_off,B,1.0,fallback,REDUCE,HOLD,0.75,Extreme,6,REDUCE,REDUCE,0.2,1,0,3,基础:BULLISH_STABLE(1)；结构-行为背离+1；市场risk_off+1
00700,腾讯控股,2015-08-28,STRUCTURAL_ACCUMULATION,Deteriorating,Consolidation,Medium,BULLISH_STABLE,75.0,Divergence,risk_off,B,1.0,fallback,REDUCE,HOLD,0.75,Extreme,6,REDUCE,REDUCE,0.2,1,0,3,基础:BULLISH_STABLE(1)；结构-行为背离+1；市场risk_off+1
00700,腾讯控股,2015-09-04,STRUCTURAL_ACCUMULATION,Deteriorating,Consolidation,Medium,BULLISH_STABLE,75.0,Divergence,risk_off,B,0.0,fallback,REDUCE,HOLD,0.75,Extreme,6,REDUCE,REDUCE,0.2,1,0,3,基础:BULLISH_STABLE(1)；结构-行为背离+1；市场risk_off+1
00700,腾讯控股,2015-09-11,STRUCTURAL_ACCUMULATION,Deteriorating,Consolidation,Medium,BULLISH_STABLE,75.0,Divergence,risk_off,B,0.0,fallback,REDUCE,HOLD,0.75,Extreme,6,REDUCE,REDUCE,0.2,1,0,3,基础:BULLISH_STABLE(1)；结构-行为背离+1；市场risk_off+1
00700,腾讯控股,2015-09-18,STRUCTURAL_ACCUMULATION,Deteriorating,Consolidation,Medium,BULLISH_STABLE,75.0,Divergence,risk_off,B,0.0,fallback,REDUCE,HOLD,0.75,Extreme,6,REDUCE,REDUCE,0.2,1,0,3,基础:BULLISH_STABLE(1)；结构-行为背离+1；市场risk_off+1
00700,腾讯控股,2015-09-25,STRUCTURAL_ACCUMULATION,Deteriorating,Consolidation,Medium,BULLISH_STABLE,75.0,Divergence,risk_off,B,0.0,fallback,REDUCE,HOLD,0.75,Extreme,5,REDUCE,REDUCE,0.2,1,0,3,基础:BULLISH_STABLE(1)；结构-行为背离+1；市场risk_off+1
00700,腾讯控股,2015-10-02,STRUCTURAL_ACCUMULATION,Stable,Consolidation,Medium,BULLISH_STABLE,75.0,Aligned,risk_off,B,0.0,fallback,REDUCE,HOLD,0.75,Extreme,4,WATCH,REDUCE,0.2,1,0,2,基础:BULLISH_STABLE(1)；市场risk_off+1
00700,腾讯控股,2015-10-09,STRUCTURAL_ACCUMULATION,Stable,Consolidation,Medium,BULLISH_STABLE,75.0,Aligned,risk_off,B,0.0,fallback,REDUCE,HOLD,0.75,Extreme,2,NORMAL,REDUCE,0.2,1,0,2,基础:BULLISH_STABLE(1)；市场risk_off+1
00700,腾讯控股,2015-10-16,STRUCTURAL_ACCUMULATION,Stable,Consolidation,Medium,BULLISH_STABLE,75.0,Aligned,risk_off,B,0.0,fallback,REDUCE,HOLD,0.75,Extreme,0,NORMAL,REDUCE,0.2,1,0,2,基础:BULLISH_STABLE(1)；市场risk_off+1
00700,腾讯控股,2015-10-23,STRUCTURAL_ACCUMULATION,Stable,Consolidation,Medium,BULLISH_STABLE,75.0,Aligned,risk_off,B,0.0,fallback,HOLD,HOLD,0.75,Low,0,NORMAL,HOLD,0.75,0,0,2,基础:BULLISH_STABLE(1)；市场risk_off+1
00700,腾讯控股,2015-10-30,STRUCTURAL_ACCUMULATION,Stable,Consolidation,Medium,BULLISH_STABLE,75.0,Aligned,risk_off,B,0.0,fallback,HOLD,HOLD,0.75,Low,0,NORMAL,HOLD,0.75,0,0,2,基础:BULLISH_STABLE(1)；市场risk_off+1
00700,腾讯控股,2015-11-06,STRUCTURAL_ACCUMULATION,Improving,Consolidation,Medium,BULLISH_STABLE,75.0,Aligned,risk_off,B,1.0,matrix,HOLD,HOLD,0.75,Low,0,NORMAL,HOLD,0.75,0,0,2,基础:BULLISH_STABLE(1)；市场risk_off+1
00700,腾讯控股,2015-11-13,STRUCTURAL_ACCUMULATION,Improving,Consolidation,Medium,BULLISH_STABLE,75.0,Aligned,risk_off,B,1.0,matrix,HOLD,HOLD,0.75,Low,0,NORMAL,HOLD,0.75,0,0,2,基础:BULLISH_STABLE(1)；市场risk_off+1
00700,腾讯控股,2015-11-20,STRUCTURAL_ACCUMULATION,Improving,Consolidation,Medium,BULLISH_STABLE,75.0,Aligned,risk_on,B,3.0,matrix,HOLD,HOLD,0.75,Low,0,NORMAL,HOLD,0.75,0,0,1,基础:BULLISH_STABLE(1)
00700,腾讯控股,2015-11-27,STRUCTURAL_ACCUMULATION,Improving,Consolidation,Medium,BULLISH_STABLE,75.0,Aligned,neutral,B,3.0,matrix,HOLD,HOLD,0.75,Low,0,NORMAL,HOLD,0.75,0,0,1,基础:BULLISH_STABLE(1)
00700,腾讯控股,2015-12-04,STRUCTURAL_ACCUMULATION,Improving,Pullback,Medium,BULLISH_STABLE,75.0,Aligned,risk_on,B,3.0,fallback,HOLD,HOLD,0.75,Low,0,NORMAL,HOLD,0.75,0,0,1,基础:BULLISH_STABLE(1)
00700,腾讯控股,2015-12-11,STRUCTURAL_ACCUMULATION,Improving,Pullback,Medium,BULLISH_STABLE,75.0,Aligned,neutral,B,3.0,fallback,HOLD,HOLD,0.75,Low,2,NORMAL,HOLD,0.75,0,0,1,基础:BULLISH_STABLE(1)
00700,腾讯控股,2015-12-18,STRUCTURAL_ACCUMULATION,Improving,Consolidation,Medium,BULLISH_STABLE,75.0,Aligned,neutral,B,3.0,matrix,HOLD,HOLD,0.75,Low,1,NORMAL,HOLD,0.75,0,0,1,基础:BULLISH_STABLE(1)
00700,腾讯控股,2015-12-25,STRUCTURAL_ACCUMULATION,Improving,Consolidation,Medium,BULLISH_STABLE,75.0,Aligned,risk_on,B,3.0,matrix,HOLD,HOLD,0.75,Low,2,NORMAL,HOLD,0.75,0,0,1,基础:BULLISH_STABLE(1)
00700,腾讯控股,2016-01-01,STRUCTURAL_ACCUMULATION,Stable,Consolidation,Medium,BULLISH_STABLE,75.0,Aligned,neutral,B,3.0,fallback,HOLD,HOLD,0.75,Low,2,NORMAL,HOLD,0.75,0,0,1,基础:BULLISH_STABLE(1)
00700,腾讯控股,2016-01-08,STRUCTURAL_ACCUMULATION,Stable,Consolidation,Medium,BULLISH_STABLE,75.0,Aligned,risk_off,B,3.0,fallback,HOLD,HOLD,0.75,Low,4,WATCH,HOLD,0.75,0,0,2,基础:BULLISH_STABLE(1)；市场risk_off+1
00700,腾讯控股,2016-01-15,STRUCTURAL_ACCUMULATION,Stable,Consolidation,Medium,BULLISH_STABLE,75.0,Aligned,risk_off,B,3.0,fallback,REDUCE,HOLD,0.75,Extreme,5,REDUCE,REDUCE,0.2,1,0,2,基础:BULLISH_STABLE(1)；市场risk_off+1
00700,腾讯控股,2016-01-22,STRUCTURAL_ACCUMULATION,Stable,Consolidation,Medium,BULLISH_STABLE,75.0,Aligned,risk_off,B,3.0,fallback,REDUCE,HOLD,0.75,Extreme,5,REDUCE,REDUCE,0.2,1,0,2,基础:BULLISH_STABLE(1)；市场risk_off+1
00700,腾讯控股,2016-01-29,STRUCTURAL_ACCUMULATION,Stable,Consolidation,Medium,BULLISH_STABLE,75.0,Aligned,risk_off,B,3.0,fallback,REDUCE,HOLD,0.75,Extreme,4,WATCH,REDUCE,0.2,1,0,2,基础:BULLISH_STABLE(1)；市场risk_off+1
00700,腾讯控股,2016-02-05,STRUCTURAL_ACCUMULATION,Deteriorating,Consolidation,Medium,BULLISH_STABLE,75.0,Divergence,risk_off,B,3.0,fallback,REDUCE,HOLD,0.75,Extreme,4,WATCH,REDUCE,0.2,1,0,3,基础:BULLISH_STABLE(1)；结构-行为背离+1；市场risk_off+1
00700,腾讯控股,2016-02-12,STRUCTURAL_ACCUMULATION,Deteriorating,Consolidation,Medium,BULLISH_STABLE,75.0,Divergence,risk_off,B,3.0,fallback,REDUCE,HOLD,0.75,Extreme,6,REDUCE,REDUCE,0.2,1,0,3,基础:BULLISH_STABLE(1)；结构-行为背离+1；市场risk_off+1
00700,腾讯控股,2016-02-19,STRUCTURAL_ACCUMULATION,Deteriorating,Consolidation,Medium,BULLISH_STABLE,75.0,Divergence,risk_off,B,1.0,fallback,REDUCE,HOLD,0.75,Extreme,5,REDUCE,REDUCE,0.2,1,0,3,基础:BULLISH_STABLE(1)；结构-行为背离+1；市场risk_off+1
00700,腾讯控股,2016-02-26,STRUCTURAL_ACCUMULATION,Deteriorating,Consolidation,Medium,BULLISH_STABLE,75.0,Divergence,risk_off,B,1.0,fallback,REDUCE,HOLD,0.75,Extreme,2,NORMAL,REDUCE,0.2,1,0,3,基础:BULLISH_STABLE(1)；结构-行为背离+1；市场risk_off+1
00700,腾讯控股,2016-03-04,STRUCTURAL_ACCUMULATION,Deteriorating,Consolidation,Medium,BULLISH_STABLE,75.0,Divergence,risk_off,B,1.0,fallback,REDUCE,HOLD,0.75,Extreme,1,NORMAL,REDUCE,0.2,1,0,3,基础:BULLISH_STABLE(1)；结构-行为背离+1；市场risk_off+1
00700,腾讯控股,2016-03-11,STRUCTURAL_ACCUMULATION,Deteriorating,Consolidation,Medium,BULLISH_STABLE,75.0,Divergence,risk_off,B,1.0,fallback,HOLD,HOLD,0.75,Medium,0,NORMAL,HOLD,0.75,0,0,3,基础:BULLISH_STABLE(1)；结构-行为背离+1；市场risk_off+1
00700,腾讯控股,2016-03-18,STRUCTURAL_ACCUMULATION,Deteriorating,Consolidation,Medium,BULLISH_STABLE,75.0,Divergence,risk_off,B,1.0,fallback,HOLD,HOLD,0.75,Medium,0,NORMAL,HOLD,0.75,0,0,3,基础:BULLISH_STABLE(1)；结构-行为背离+1；市场risk_off+1
00700,腾讯控股,2016-03-25,STRUCTURAL_ACCUMULATION,Deteriorating,Consolidation,Medium,BULLISH_STABLE,75.0,Divergence,risk_off,B,1.0,fallback,HOLD,HOLD,0.75,Medium,0,NORMAL,HOLD,0.75,0,0,3,基础:BULLISH_STABLE(1)；结构-行为背离+1；市场risk_off+1
00700,腾讯控股,2016-04-01,STRUCTURAL_ACCUMULATION,Improving,Consolidation,Medium,BULLISH_STABLE,75.0,Aligned,risk_off,B,1.0,matrix,HOLD,HOLD,0.75,Low,0,NORMAL,HOLD,0.75,0,0,2,基础:BULLISH_STABLE(1)；市场risk_off+1
00700,腾讯控股,2016-04-08,STRUCTURAL_ACCUMULATION,Improving,Consolidation,Medium,BULLISH_STABLE,75.0,Aligned,neutral,B,1.0,matrix,HOLD,HOLD,0.75,Low,0,NORMAL,HOLD,0.75,0,0,1,基础:BULLISH_STABLE(1)
00700,腾讯控股,2016-04-15,STRUCTURAL_ACCUMULATION,Improving,Consolidation,Medium,BULLISH_STABLE,75.0,Aligned,risk_on,B,1.0,matrix,HOLD,HOLD,0.75,Low,0,NORMAL,HOLD,0.75,0,0,1,基础:BULLISH_STABLE(1)
00700,腾讯控股,2016-04-22,STRUCTURAL_ACCUMULATION,Improving,Consolidation,Medium,BULLISH_STABLE,75.0,Aligned,risk_on,B,1.0,matrix,HOLD,HOLD,0.75,Low,0,NORMAL,HOLD,0.75,0,0,1,基础:BULLISH_STABLE(1)
00700,腾讯控股,2016-04-29,STRUCTURAL_ACCUMULATION,Improving,Pullback,Medium,BULLISH_STABLE,75.0,Aligned,risk_on,B,1.0,fallback,HOLD,HOLD,0.75,Low,0,NORMAL,HOLD,0.75,0,0,1,基础:BULLISH_STABLE(1)
00700,腾讯控股,2016-05-06,STRUCTURAL_ACCUMULATION,Stable,Pullback,Medium,BULLISH_STABLE,75.0,Aligned,risk_on,B,1.0,fallback,HOLD,HOLD,0.75,Low,1,NORMAL,HOLD,0.75,0,0,1,基础:BULLISH_STABLE(1)
00700,腾讯控股,2016-05-13,STRUCTURAL_ACCUMULATION,Stable,Pullback,Medium,BULLISH_STABLE,75.0,Aligned,risk_on,B,1.0,fallback,HOLD,HOLD,0.75,Low,1,NORMAL,HOLD,0.75,0,0,1,基础:BULLISH_STABLE(1)
00700,腾讯控股,2016-05-20,STRUCTURAL_ACCUMULATION,Stable,Consolidation,Medium,BULLISH_STABLE,75.0,Aligned,neutral,C,1.0,fallback,HOLD,HOLD,0.75,Low,2,NORMAL,HOLD,0.75,0,0,2,基础:BULLISH_STABLE(1)；数据质量C+1
00700,腾讯控股,2016-05-27,STRUCTURAL_ACCUMULATION,Stable,Consolidation,Medium,BULLISH_STABLE,75.0,Aligned,risk_on,C,1.0,fallback,HOLD,HOLD,0.75,Low,1,NORMAL,HOLD,0.75,0,0,2,基础:BULLISH_STABLE(1)；数据质量C+1
00700,腾讯控股,2016-06-03,STRUCTURAL_ACCUMULATION,Improving,Consolidation,Medium,BULLISH_STABLE,75.0,Aligned,risk_on,C,0.0,matrix,HOLD,HOLD,0.75,Low,0,NORMAL,HOLD,0.75,0,0,2,基础:BULLISH_STABLE(1)；数据质量C+1
00700,腾讯控股,2016-06-10,STRUCTURAL_ACCUMULATION,Improving,Consolidation,Medium,BULLISH_STABLE,75.0,Aligned,risk_on,C,0.0,matrix,HOLD,HOLD,0.75,Low,0,NORMAL,HOLD,0.75,0,0,2,基础:BULLISH_STABLE(1)；数据质量C+1
00700,腾讯控股,2016-06-17,STRUCTURAL_ACCUMULATION,Improving,Consolidation,Medium,BULLISH_STABLE,75.0,Aligned,risk_off,C,0.0,matrix,HOLD,HOLD,0.75,Medium,0,NORMAL,HOLD,0.75,0,0,3,基础:BULLISH_STABLE(1)；市场risk_off+1；数据质量C+1
00700,腾讯控股,2016-06-24,STRUCTURAL_ACCUMULATION,Improving,Consolidation,Medium,BULLISH_STABLE,75.0,Aligned,risk_off,C,0.0,matrix,HOLD,HOLD,0.75,Medium,0,NORMAL,HOLD,0.75,0,0,3,基础:BULLISH_STABLE(1)；市场risk_off+1；数据质量C+1
00700,腾讯控股,2016-07-01,STRUCTURAL_ACCUMULATION,Improving,Consolidation,Medium,BULLISH_STABLE,75.0,Aligned,risk_on,C,1.0,matrix,HOLD,HOLD,0.75,Low,0,NORMAL,HOLD,0.75,0,0,2,基础:BULLISH_STABLE(1)；数据质量C+1
00700,腾讯控股,2016-07-08,STRUCTURAL_ACCUMULATION,Improving,Consolidation,Medium,BULLISH_STABLE,75.0,Aligned,neutral,C,1.0,matrix,HOLD,HOLD,0.75,Low,0,NORMAL,HOLD,0.75,0,0,2,基础:BULLISH_STABLE(1)；数据质量C+1
00700,腾讯控股,2016-07-15,STRUCTURAL_ACCUMULATION,Improving,Consolidation,Medium,BULLISH_STABLE,75.0,Aligned,neutral,C,1.0,matrix,HOLD,HOLD,0.75,Low,0,NORMAL,HOLD,0.75,0,0,2,基础:BULLISH_STABLE(1)；数据质量C+1
00700,腾讯控股,2016-07-22,STRUCTURAL_ACCUMULATION,Improving,Consolidation,Medium,BULLISH_STABLE,75.0,Aligned,risk_on,C,1.0,matrix,HOLD,HOLD,0.75,Low,0,NORMAL,HOLD,0.75,0,0,2,基础:BULLISH_STABLE(1)；数据质量C+1
00700,腾讯控股,2016-07-29,STRUCTURAL_ACCUMULATION,Improving,Consolidation,Medium,BULLISH_STABLE,75.0,Aligned,risk_on,C,1.0,matrix,HOLD,HOLD,0.75,Low,0,NORMAL,HOLD,0.75,0,0,2,基础:BULLISH_STABLE(1)；数据质量C+1
00700,腾讯控股,2016-08-05,STRUCTURAL_ACCUMULATION,Improving,Consolidation,Medium,BULLISH_STABLE,75.0,Aligned,risk_on,C,1.0,matrix,HOLD,HOLD,0.75,Low,0,NORMAL,HOLD,0.75,0,0,2,基础:BULLISH_STABLE(1)；数据质量C+1
00700,腾讯控股,2016-08-12,STRUCTURAL_ACCUMULATION,Improving,Consolidation,Medium,BULLISH_STABLE,75.0,Aligned,risk_on,C,1.0,matrix,HOLD,HOLD,0.75,Low,0,NORMAL,HOLD,0.75,0,0,2,基础:BULLISH_STABLE(1)；数据质量C+1
00700,腾讯控股,2016-08-19,STRUCTURAL_ACCUMULATION,Improving,Consolidation,Medium,BULLISH_STABLE,75.0,Aligned,risk_on,B,1.0,matrix,HOLD,HOLD,0.75,Low,0,NORMAL,HOLD,0.75,0,0,1,基础:BULLISH_STABLE(1)
00700,腾讯控股,2016-08-26,STRUCTURAL_ACCUMULATION,Improving,Consolidation,Medium,BULLISH_STABLE,75.0,Aligned,risk_on,B,1.0,matrix,HOLD,HOLD,0.75,Low,0,NORMAL,HOLD,0.75,0,0,1,基础:BULLISH_STABLE(1)
00700,腾讯控股,2016-09-02,STRUCTURAL_ACCUMULATION,Improving,Consolidation,Medium,BULLISH_STABLE,75.0,Aligned,risk_on,B,1.0,matrix,HOLD,HOLD,0.75,Low,0,NORMAL,HOLD,0.75,0,0,1,基础:BULLISH_STABLE(1)
00700,腾讯控股,2016-09-09,STRUCTURAL_ACCUMULATION,Improving,Consolidation,Medium,BULLISH_STABLE,75.0,Aligned,risk_on,B,1.0,matrix,HOLD,HOLD,0.75,Low,0,NORMAL,HOLD,0.75,0,0,1,基础:BULLISH_STABLE(1)
00700,腾讯控股,2016-09-16,STRUCTURAL_ACCUMULATION,Improving,Consolidation,Medium,BULLISH_STABLE,75.0,Aligned,risk_on,B,1.0,matrix,HOLD,HOLD,0.75,Low,0,NORMAL,HOLD,0.75,0,0,1,基础:BULLISH_STABLE(1)
00700,腾讯控股,2016-09-23,STRUCTURAL_ACCUMULATION,Improving,Consolidation,Medium,BULLISH_STABLE,75.0,Aligned,risk_on,B,1.0,matrix,HOLD,HOLD,0.75,Low,0,NORMAL,HOLD,0.75,0,0,1,基础:BULLISH_STABLE(1)
00700,腾讯控股,2016-09-30,STRUCTURAL_ACCUMULATION,Improving,Consolidation,Medium,BULLISH_STABLE,75.0,Aligned,risk_on,B,1.0,matrix,HOLD,HOLD,0.75,Low,0,NORMAL,HOLD,0.75,0,0,1,基础:BULLISH_STABLE(1)
00700,腾讯控股,2016-10-07,STRUCTURAL_ACCUMULATION,Improving,Consolidation,Medium,BULLISH_STABLE,75.0,Aligned,risk_on,B,1.0,matrix,HOLD,HOLD,0.75,Low,0,NORMAL,HOLD,0.75,0,0,1,基础:BULLISH_STABLE(1)
00700,腾讯控股,2016-10-14,STRUCTURAL_ACCUMULATION,Improving,Pullback,Medium,BULLISH_STABLE,75.0,Aligned,risk_on,B,1.0,fallback,HOLD,HOLD,0.75,Low,0,NORMAL,HOLD,0.75,0,0,1,基础:BULLISH_STABLE(1)
00700,腾讯控股,2016-10-21,STRUCTURAL_ACCUMULATION,Improving,Consolidation,Medium,BULLISH_STABLE,75.0,Aligned,risk_on,B,1.0,matrix,HOLD,HOLD,0.75,Low,1,NORMAL,HOLD,0.75,0,0,1,基础:BULLISH_STABLE(1)
00700,腾讯控股,2016-10-28,STRUCTURAL_ACCUMULATION,Improving,Pullback,Medium,BULLISH_STABLE,75.0,Aligned,risk_on,B,1.0,fallback,HOLD,HOLD,0.75,Low,2,NORMAL,HOLD,0.75,0,0,1,基础:BULLISH_STABLE(1)
00700,腾讯控股,2016-11-04,STRUCTURAL_ACCUMULATION,Deteriorating,Pullback,Medium,BULLISH_STABLE,75.0,Divergence,neutral,B,1.0,fallback,HOLD,HOLD,0.75,Low,3,WATCH,HOLD,0.75,0,0,2,基础:BULLISH_STABLE(1)；结构-行为背离+1
00700,腾讯控股,2016-11-11,STRUCTURAL_ACCUMULATION,Deteriorating,Pullback,Medium,BULLISH_STABLE,75.0,Divergence,neutral,B,1.0,fallback,HOLD,HOLD,0.75,Low,3,WATCH,HOLD,0.75,0,0,2,基础:BULLISH_STABLE(1)；结构-行为背离+1
00700,腾讯控股,2016-11-18,STRUCTURAL_ACCUMULATION,Deteriorating,Consolidation,Medium,BULLISH_STABLE,75.0,Divergence,risk_off,B,1.0,fallback,HOLD,HOLD,0.75,Medium,4,WATCH,HOLD,0.75,0,0,3,基础:BULLISH_STABLE(1)；结构-行为背离+1；市场risk_off+1
00700,腾讯控股,2016-11-25,STRUCTURAL_ACCUMULATION,Deteriorating,Consolidation,Medium,BULLISH_STABLE,75.0,Divergence,neutral,B,1.0,fallback,HOLD,HOLD,0.75,Low,4,WATCH,HOLD,0.75,0,0,2,基础:BULLISH_STABLE(1)；结构-行为背离+1
00700,腾讯控股,2016-12-02,STRUCTURAL_ACCUMULATION,Deteriorating,Consolidation,Low,BULLISH_STABLE,75.0,Divergence,risk_off,B,-1.0,fallback,REDUCE,HOLD,0.5,Extreme,5,REDUCE,REDUCE,0.2,1,0,4,基础:BULLISH_STABLE(1)；结构-行为背离+1；市场risk_off+1；置信度Low+1
00700,腾讯控股,2016-12-09,STRUCTURAL_ACCUMULATION,Deteriorating,Consolidation,Low,BULLISH_STABLE,75.0,Divergence,neutral,B,-1.0,fallback,EXIT,HOLD,0.75,Extreme,7,DE-RISK,EXIT,0.0,1,0,3,基础:BULLISH_STABLE(1)；结构-行为背离+1；置信度Low+1
00700,腾讯控股,2016-12-16,STRUCTURAL_ACCUMULATION,Deteriorating,Consolidation,Low,BULLISH_STABLE,75.0,Divergence,risk_off,B,-1.0,fallback,EXIT,HOLD,0.5,Extreme,7,DE-RISK,EXIT,0.0,1,0,4,基础:BULLISH_STABLE(1)；结构-行为背离+1；市场risk_off+1；置信度Low+1
00700,腾讯控股,2016-12-23,STRUCTURAL_ACCUMULATION,Deteriorating,Breakdown,Low,BULLISH_WARNING,55.0,Divergence,risk_off,B,-1.0,matrix,EXIT,REDUCE,0.2,Extreme,9,DE-RISK,EXIT,0.0,1,0,5,基础:BULLISH_WARNING(2)；结构-行为背离+1；市场risk_off+1；置信度Low+1
00700,腾讯控股,2016-12-30,STRUCTURAL_ACCUMULATION,Deteriorating,Consolidation,Low,BULLISH_STABLE,75.0,Divergence,risk_off,B,-1.0,fallback,REDUCE,HOLD,0.5,Extreme,5,REDUCE,REDUCE,0.2,1,0,4,基础:BULLISH_STABLE(1)；结构-行为背离+1；市场risk_off+1；置信度Low+1
00700,腾讯控股,2017-01-06,STRUCTURAL_ACCUMULATION,Stable,Consolidation,Low,BULLISH_STABLE,75.0,Aligned,risk_off,B,-1.0,fallback,REDUCE,HOLD,0.75,Extreme,4,WATCH,REDUCE,0.2,1,0,3,基础:BULLISH_STABLE(1)；市场risk_off+1；置信度Low+1
00700,腾讯控股,2017-01-13,STRUCTURAL_ACCUMULATION,Stable,Consolidation,Low,BULLISH_STABLE,75.0,Aligned,neutral,B,-1.0,fallback,REDUCE,HOLD,0.75,Extreme,3,WATCH,REDUCE,0.2,1,0,2,基础:BULLISH_STABLE(1)；置信度Low+1
00700,腾讯控股,2017-01-20,STRUCTURAL_ACCUMULATION,Stable,Consolidation,Low,BULLISH_STABLE,75.0,Aligned,risk_off,B,-1.0,fallback,REDUCE,HOLD,0.75,Extreme,2,NORMAL,REDUCE,0.2,1,0,3,基础:BULLISH_STABLE(1)；市场risk_off+1；置信度Low+1
00700,腾讯控股,2017-01-27,STRUCTURAL_ACCUMULATION,Stable,Consolidation,Low,BULLISH_STABLE,75.0,Aligned,neutral,B,-1.0,fallback,REDUCE,HOLD,0.75,Extreme,1,NORMAL,REDUCE,0.2,1,0,2,基础:BULLISH_STABLE(1)；置信度Low+1
00700,腾讯控股,2017-02-03,STRUCTURAL_ACCUMULATION,Improving,Consolidation,Medium,BULLISH_STABLE,75.0,Aligned,risk_on,B,0.0,matrix,HOLD,HOLD,0.75,Low,0,NORMAL,HOLD,0.75,0,0,1,基础:BULLISH_STABLE(1)
00700,腾讯控股,2017-02-10,STRUCTURAL_ACCUMULATION,Improving,Consolidation,Medium,BULLISH_STABLE,75.0,Aligned,risk_on,B,0.0,matrix,HOLD,HOLD,0.75,Low,0,NORMAL,HOLD,0.75,0,0,1,基础:BULLISH_STABLE(1)
00700,腾讯控股,2017-02-17,STRUCTURAL_DECLINE,Improving,Consolidation,Low,BEARISH_CONFIRMED,20.0,Divergence,risk_on,C,0.0,fallback,EXIT,EXIT,0.0,Extreme,0,NORMAL,EXIT,0.0,0,0,6,基础:BEARISH_CONFIRMED(3)；结构-行为背离+1；数据质量C+1；置信度Low+1
00700,腾讯控股,2017-02-24,STRUCTURAL_DECLINE,Improving,Consolidation,Low,BEARISH_CONFIRMED,20.0,Divergence,risk_on,C,0.0,fallback,EXIT,EXIT,0.0,Extreme,0,NORMAL,EXIT,0.0,0,0,6,基础:BEARISH_CONFIRMED(3)；结构-行为背离+1；数据质量C+1；置信度Low+1
00700,腾讯控股,2017-03-03,STRUCTURAL_DECLINE,Stable,Consolidation,Low,BEARISH_CONFIRMED,20.0,Aligned,risk_on,C,0.0,fallback,EXIT,EXIT,0.0,Extreme,0,NORMAL,EXIT,0.0,0,0,5,基础:BEARISH_CONFIRMED(3)；数据质量C+1；置信度Low+1
00700,腾讯控股,2017-03-10,STRUCTURAL_DECLINE,Stable,Consolidation,Low,BEARISH_CONFIRMED,20.0,Aligned,risk_on,C,0.0,fallback,EXIT,EXIT,0.0,Extreme,0,NORMAL,EXIT,0.0,0,0,5,基础:BEARISH_CONFIRMED(3)；数据质量C+1；置信度Low+1
00700,腾讯控股,2017-03-17,STRUCTURAL_DECLINE,Stable,Consolidation,Low,BEARISH_CONFIRMED,20.0,Aligned,risk_on,C,0.0,fallback,EXIT,EXIT,0.0,Extreme,0,NORMAL,EXIT,0.0,0,0,5,基础:BEARISH_CONFIRMED(3)；数据质量C+1；置信度Low+1
00700,腾讯控股,2017-03-24,STRUCTURAL_DECLINE,Stable,Consolidation,Low,BEARISH_CONFIRMED,20.0,Aligned,risk_on,C,0.0,fallback,EXIT,EXIT,0.0,Extreme,0,NORMAL,EXIT,0.0,0,0,5,基础:BEARISH_CONFIRMED(3)；数据质量C+1；置信度Low+1
00700,腾讯控股,2017-03-31,STRUCTURAL_DECLINE,Stable,Consolidation,Low,BEARISH_CONFIRMED,20.0,Aligned,risk_on,C,0.0,fallback,EXIT,EXIT,0.0,Extreme,0,NORMAL,EXIT,0.0,0,0,5,基础:BEARISH_CONFIRMED(3)；数据质量C+1；置信度Low+1
00700,腾讯控股,2017-04-07,STRUCTURAL_DECLINE,Stable,Consolidation,Low,BEARISH_CONFIRMED,20.0,Aligned,risk_on,C,0.0,fallback,EXIT,EXIT,0.0,Extreme,0,NORMAL,EXIT,0.0,0,0,5,基础:BEARISH_CONFIRMED(3)；数据质量C+1；置信度Low+1
00700,腾讯控股,2017-04-14,STRUCTURAL_DECLINE,Stable,Consolidation,Low,BEARISH_CONFIRMED,20.0,Aligned,risk_on,C,0.0,fallback,EXIT,EXIT,0.0,Extreme,0,NORMAL,EXIT,0.0,0,0,5,基础:BEARISH_CONFIRMED(3)；数据质量C+1；置信度Low+1
00700,腾讯控股,2017-04-21,STRUCTURAL_DECLINE,Stable,Consolidation,Low,BEARISH_CONFIRMED,20.0,Aligned,risk_on,C,0.0,fallback,EXIT,EXIT,0.0,Extreme,0,NORMAL,EXIT,0.0,0,0,5,基础:BEARISH_CONFIRMED(3)；数据质量C+1；置信度Low+1
00700,腾讯控股,2017-04-28,STRUCTURAL_DECLINE,Stable,Consolidation,Low,BEARISH_CONFIRMED,20.0,Aligned,risk_on,C,0.0,fallback,EXIT,EXIT,0.0,Extreme,0,NORMAL,EXIT,0.0,0,0,5,基础:BEARISH_CONFIRMED(3)；数据质量C+1；置信度Low+1
00700,腾讯控股,2017-05-05,STRUCTURAL_DECLINE,Improving,Consolidation,Low,BEARISH_CONFIRMED,20.0,Divergence,risk_on,C,1.0,fallback,EXIT,EXIT,0.0,Extreme,0,NORMAL,EXIT,0.0,0,0,6,基础:BEARISH_CONFIRMED(3)；结构-行为背离+1；数据质量C+1；置信度Low+1
00700,腾讯控股,2017-05-12,STRUCTURAL_DECLINE,Improving,Consolidation,Low,BEARISH_CONFIRMED,20.0,Divergence,risk_on,C,1.0,fallback,EXIT,EXIT,0.0,Extreme,0,NORMAL,EXIT,0.0,0,0,6,基础:BEARISH_CONFIRMED(3)；结构-行为背离+1；数据质量C+1；置信度Low+1
00700,腾讯控股,2017-05-19,STRUCTURAL_DECLINE,Improving,Consolidation,Medium,BEARISH_CONFIRMED,20.0,Divergence,risk_on,B,1.0,fallback,EXIT,EXIT,0.0,High,0,NORMAL,EXIT,0.0,0,0,4,基础:BEARISH_CONFIRMED(3)；结构-行为背离+1
00700,腾讯控股,2017-05-26,STRUCTURAL_DECLINE,Improving,Consolidation,Medium,BEARISH_CONFIRMED,20.0,Divergence,risk_on,B,1.0,fallback,EXIT,EXIT,0.0,High,0,NORMAL,EXIT,0.0,0,0,4,基础:BEARISH_CONFIRMED(3)；结构-行为背离+1
00700,腾讯控股,2017-06-02,STRUCTURAL_DECLINE,Stable,Consolidation,Low,BEARISH_CONFIRMED,20.0,Aligned,risk_on,B,-1.0,fallback,EXIT,EXIT,0.0,High,1,NORMAL,EXIT,0.0,0,0,4,基础:BEARISH_CONFIRMED(3)；置信度Low+1
00700,腾讯控股,2017-06-09,STRUCTURAL_DECLINE,Stable,Consolidation,Low,BEARISH_CONFIRMED,20.0,Aligned,risk_on,B,-1.0,fallback,EXIT,EXIT,0.0,High,1,NORMAL,EXIT,0.0,0,0,4,基础:BEARISH_CONFIRMED(3)；置信度Low+1
00700,腾讯控股,2017-06-16,STRUCTURAL_DECLINE,Stable,Consolidation,Low,BEARISH_CONFIRMED,20.0,Aligned,risk_on,B,-1.0,fallback,EXIT,EXIT,0.0,High,1,NORMAL,EXIT,0.0,0,0,4,基础:BEARISH_CONFIRMED(3)；置信度Low+1
00700,腾讯控股,2017-06-23,STRUCTURAL_DECLINE,Stable,Consolidation,Low,BEARISH_CONFIRMED,20.0,Aligned,risk_on,B,-1.0,fallback,EXIT,EXIT,0.0,High,1,NORMAL,EXIT,0.0,0,0,4,基础:BEARISH_CONFIRMED(3)；置信度Low+1
00700,腾讯控股,2017-06-30,STRUCTURAL_DECLINE,Stable,Consolidation,Low,BEARISH_CONFIRMED,20.0,Aligned,risk_on,B,-1.0,fallback,EXIT,EXIT,0.0,High,1,NORMAL,EXIT,0.0,0,0,4,基础:BEARISH_CONFIRMED(3)；置信度Low+1
00700,腾讯控股,2017-07-07,STRUCTURAL_DECLINE,Stable,Pullback,Low,BEARISH_CONFIRMED,20.0,Aligned,risk_on,B,-1.0,fallback,EXIT,EXIT,0.0,High,1,NORMAL,EXIT,0.0,0,0,4,基础:BEARISH_CONFIRMED(3)；置信度Low+1
00700,腾讯控股,2017-07-14,STRUCTURAL_DECLINE,Stable,Consolidation,Low,BEARISH_CONFIRMED,20.0,Aligned,risk_on,B,-1.0,fallback,EXIT,EXIT,0.0,High,1,NORMAL,EXIT,0.0,0,0,4,基础:BEARISH_CONFIRMED(3)；置信度Low+1
00700,腾讯控股,2017-07-21,STRUCTURAL_DECLINE,Stable,Consolidation,Low,BEARISH_CONFIRMED,20.0,Aligned,risk_on,B,-1.0,fallback,EXIT,EXIT,0.0,High,1,NORMAL,EXIT,0.0,0,0,4,基础:BEARISH_CONFIRMED(3)；置信度Low+1
00700,腾讯控股,2017-07-28,STRUCTURAL_DECLINE,Stable,Consolidation,Low,BEARISH_CONFIRMED,20.0,Aligned,risk_on,B,-1.0,fallback,EXIT,EXIT,0.0,High,1,NORMAL,EXIT,0.0,0,0,4,基础:BEARISH_CONFIRMED(3)；置信度Low+1
00700,腾讯控股,2017-08-04,STRUCTURAL_DECLINE,Stable,Consolidation,Low,BEARISH_CONFIRMED,20.0,Aligned,risk_on,B,0.0,fallback,EXIT,EXIT,0.0,High,0,NORMAL,EXIT,0.0,0,0,4,基础:BEARISH_CONFIRMED(3)；置信度Low+1
00700,腾讯控股,2017-08-11,STRUCTURAL_DECLINE,Stable,Consolidation,Low,BEARISH_CONFIRMED,20.0,Aligned,risk_on,B,0.0,fallback,EXIT,EXIT,0.0,High,0,NORMAL,EXIT,0.0,0,0,4,基础:BEARISH_CONFIRMED(3)；置信度Low+1
00700,腾讯控股,2017-08-18,STRUCTURAL_DECLINE,Stable,Consolidation,Low,BEARISH_CONFIRMED,20.0,Aligned,risk_on,B,0.0,fallback,EXIT,EXIT,0.0,High,0,NORMAL,EXIT,0.0,0,0,4,基础:BEARISH_CONFIRMED(3)；置信度Low+1
00700,腾讯控股,2017-08-25,STRUCTURAL_DECLINE,Stable,Consolidation,Low,BEARISH_CONFIRMED,20.0,Aligned,risk_on,B,0.0,fallback,EXIT,EXIT,0.0,High,0,NORMAL,EXIT,0.0,0,0,4,基础:BEARISH_CONFIRMED(3)；置信度Low+1
00700,腾讯控股,2017-09-01,STRUCTURAL_DECLINE,Stable,Consolidation,Low,BEARISH_CONFIRMED,20.0,Aligned,risk_on,B,-1.0,fallback,EXIT,EXIT,0.0,High,1,NORMAL,EXIT,0.0,0,0,4,基础:BEARISH_CONFIRMED(3)；置信度Low+1
00700,腾讯控股,2017-09-08,STRUCTURAL_DECLINE,Stable,Consolidation,Low,BEARISH_CONFIRMED,20.0,Aligned,risk_on,B,-1.0,fallback,EXIT,EXIT,0.0,High,1,NORMAL,EXIT,0.0,0,0,4,基础:BEARISH_CONFIRMED(3)；置信度Low+1
00700,腾讯控股,2017-09-15,STRUCTURAL_DECLINE,Stable,Consolidation,Low,BEARISH_CONFIRMED,20.0,Aligned,risk_on,B,-1.0,fallback,EXIT,EXIT,0.0,High,1,NORMAL,EXIT,0.0,0,0,4,基础:BEARISH_CONFIRMED(3)；置信度Low+1
00700,腾讯控股,2017-09-22,STRUCTURAL_DECLINE,Stable,Consolidation,Low,BEARISH_CONFIRMED,20.0,Aligned,risk_on,B,-1.0,fallback,EXIT,EXIT,0.0,High,1,NORMAL,EXIT,0.0,0,0,4,基础:BEARISH_CONFIRMED(3)；置信度Low+1
00700,腾讯控股,2017-09-29,STRUCTURAL_DECLINE,Stable,Consolidation,Low,BEARISH_CONFIRMED,20.0,Aligned,risk_on,B,-1.0,fallback,EXIT,EXIT,0.0,High,1,NORMAL,EXIT,0.0,0,0,4,基础:BEARISH_CONFIRMED(3)；置信度Low+1
00700,腾讯控股,2017-10-06,STRUCTURAL_DECLINE,Improving,Consolidation,Medium,BEARISH_CONFIRMED,20.0,Divergence,risk_on,B,0.0,fallback,EXIT,EXIT,0.0,High,0,NORMAL,EXIT,0.0,0,0,4,基础:BEARISH_CONFIRMED(3)；结构-行为背离+1
00700,腾讯控股,2017-10-13,STRUCTURAL_DECLINE,Improving,Consolidation,Medium,BEARISH_CONFIRMED,20.0,Divergence,risk_on,B,0.0,fallback,EXIT,EXIT,0.0,High,0,NORMAL,EXIT,0.0,0,0,4,基础:BEARISH_CONFIRMED(3)；结构-行为背离+1
00700,腾讯控股,2017-10-20,STRUCTURAL_DECLINE,Improving,Consolidation,Medium,BEARISH_CONFIRMED,20.0,Divergence,risk_on,B,0.0,fallback,EXIT,EXIT,0.0,High,0,NORMAL,EXIT,0.0,0,0,4,基础:BEARISH_CONFIRMED(3)；结构-行为背离+1
00700,腾讯控股,2017-10-27,STRUCTURAL_DECLINE,Improving,Consolidation,Medium,BEARISH_CONFIRMED,20.0,Divergence,risk_on,B,0.0,fallback,EXIT,EXIT,0.0,High,0,NORMAL,EXIT,0.0,0,0,4,基础:BEARISH_CONFIRMED(3)；结构-行为背离+1
00700,腾讯控股,2017-11-03,STRUCTURAL_DECLINE,Improving,Consolidation,Medium,BEARISH_CONFIRMED,20.0,Divergence,risk_on,B,1.0,fallback,EXIT,EXIT,0.0,High,0,NORMAL,EXIT,0.0,0,0,4,基础:BEARISH_CONFIRMED(3)；结构-行为背离+1
00700,腾讯控股,2017-11-10,STRUCTURAL_DECLINE,Improving,Consolidation,Medium,BEARISH_CONFIRMED,20.0,Divergence,risk_on,B,1.0,fallback,EXIT,EXIT,0.0,High,0,NORMAL,EXIT,0.0,0,0,4,基础:BEARISH_CONFIRMED(3)；结构-行为背离+1
00700,腾讯控股,2017-11-17,STRUCTURAL_DECLINE,Improving,Consolidation,Medium,BEARISH_CONFIRMED,20.0,Divergence,risk_on,B,1.0,fallback,EXIT,EXIT,0.0,High,0,NORMAL,EXIT,0.0,0,0,4,基础:BEARISH_CONFIRMED(3)；结构-行为背离+1
00700,腾讯控股,2017-11-24,STRUCTURAL_DECLINE,Improving,Consolidation,Medium,BEARISH_CONFIRMED,20.0,Divergence,risk_on,B,1.0,fallback,EXIT,EXIT,0.0,High,0,NORMAL,EXIT,0.0,0,0,4,基础:BEARISH_CONFIRMED(3)；结构-行为背离+1
00700,腾讯控股,2017-12-01,STRUCTURAL_DECLINE,Stable,Pullback,Low,BEARISH_CONFIRMED,20.0,Aligned,risk_on,B,-1.0,fallback,EXIT,EXIT,0.0,High,1,NORMAL,EXIT,0.0,0,0,4,基础:BEARISH_CONFIRMED(3)；置信度Low+1
00700,腾讯控股,2017-12-08,STRUCTURAL_DECLINE,Stable,Consolidation,Low,BEARISH_CONFIRMED,20.0,Aligned,risk_on,B,-1.0,fallback,EXIT,EXIT,0.0,High,1,NORMAL,EXIT,0.0,0,0,4,基础:BEARISH_CONFIRMED(3)；置信度Low+1
00700,腾讯控股,2017-12-15,STRUCTURAL_DECLINE,Stable,Pullback,Low,BEARISH_CONFIRMED,20.0,Aligned,risk_on,B,-1.0,fallback,EXIT,EXIT,0.0,High,1,NORMAL,EXIT,0.0,0,0,4,基础:BEARISH_CONFIRMED(3)；置信度Low+1
00700,腾讯控股,2017-12-22,STRUCTURAL_DECLINE,Stable,Consolidation,Low,BEARISH_CONFIRMED,20.0,Aligned,risk_on,B,-1.0,fallback,EXIT,EXIT,0.0,High,1,NORMAL,EXIT,0.0,0,0,4,基础:BEARISH_CONFIRMED(3)；置信度Low+1
00700,腾讯控股,2017-12-29,STRUCTURAL_DECLINE,Stable,Consolidation,Low,BEARISH_CONFIRMED,20.0,Aligned,risk_on,B,-1.0,fallback,EXIT,EXIT,0.0,High,2,NORMAL,EXIT,0.0,0,0,4,基础:BEARISH_CONFIRMED(3)；置信度Low+1
00700,腾讯控股,2018-01-05,STRUCTURAL_DECLINE,Stable,Consolidation,Low,BEARISH_CONFIRMED,20.0,Aligned,risk_on,B,-1.0,fallback,EXIT,EXIT,0.0,High,1,NORMAL,EXIT,0.0,0,0,4,基础:BEARISH_CONFIRMED(3)；置信度Low+1
00700,腾讯控股,2018-01-12,STRUCTURAL_DECLINE,Stable,Consolidation,Low,BEARISH_CONFIRMED,20.0,Aligned,risk_on,B,-1.0,fallback,EXIT,EXIT,0.0,High,1,NORMAL,EXIT,0.0,0,0,4,基础:BEARISH_CONFIRMED(3)；置信度Low+1
00700,腾讯控股,2018-01-19,STRUCTURAL_DECLINE,Stable,Consolidation,Low,BEARISH_CONFIRMED,20.0,Aligned,risk_on,B,-1.0,fallback,EXIT,EXIT,0.0,High,1,NORMAL,EXIT,0.0,0,0,4,基础:BEARISH_CONFIRMED(3)；置信度Low+1
00700,腾讯控股,2018-01-26,STRUCTURAL_DECLINE,Stable,Consolidation,Low,BEARISH_CONFIRMED,20.0,Aligned,risk_on,B,-1.0,fallback,EXIT,EXIT,0.0,High,1,NORMAL,EXIT,0.0,0,0,4,基础:BEARISH_CONFIRMED(3)；置信度Low+1
00700,腾讯控股,2018-02-02,STRUCTURAL_DECLINE,Stable,Consolidation,Low,BEARISH_CONFIRMED,20.0,Aligned,risk_on,B,0.0,fallback,EXIT,EXIT,0.0,High,0,NORMAL,EXIT,0.0,0,0,4,基础:BEARISH_CONFIRMED(3)；置信度Low+1
00700,腾讯控股,2018-02-09,STRUCTURAL_DECLINE,Stable,Pullback,Low,BEARISH_CONFIRMED,20.0,Aligned,risk_off,B,0.0,fallback,EXIT,EXIT,0.0,Extreme,1,NORMAL,EXIT,0.0,0,0,5,基础:BEARISH_CONFIRMED(3)；市场risk_off+1；置信度Low+1
00700,腾讯控股,2018-02-16,STRUCTURAL_DIVERGENCE,Stable,Consolidation,Low,BULLISH_WARNING,55.0,Aligned,risk_on,C,0.0,fallback,REDUCE,REDUCE,0.5,High,1,NORMAL,REDUCE,0.5,0,0,4,基础:BULLISH_WARNING(2)；数据质量C+1；置信度Low+1
00700,腾讯控股,2018-02-23,STRUCTURAL_DIVERGENCE,Stable,Consolidation,Low,BULLISH_WARNING,55.0,Aligned,risk_on,C,0.0,fallback,REDUCE,REDUCE,0.5,High,0,NORMAL,REDUCE,0.5,0,0,4,基础:BULLISH_WARNING(2)；数据质量C+1；置信度Low+1
00700,腾讯控股,2018-03-02,STRUCTURAL_DIVERGENCE,Deteriorating,Pullback,Low,BULLISH_WARNING,55.0,Aligned,risk_off,C,0.0,fallback,REDUCE,REDUCE,0.2,Extreme,3,WATCH,REDUCE,0.2,0,0,5,基础:BULLISH_WARNING(2)；市场risk_off+1；数据质量C+1；置信度Low+1
00700,腾讯控股,2018-03-09,STRUCTURAL_DIVERGENCE,Deteriorating,Consolidation,Low,BULLISH_WARNING,55.0,Aligned,risk_on,C,0.0,fallback,REDUCE,REDUCE,0.5,High,2,NORMAL,REDUCE,0.5,0,0,4,基础:BULLISH_WARNING(2)；数据质量C+1；置信度Low+1
00700,腾讯控股,2018-03-16,STRUCTURAL_DIVERGENCE,Deteriorating,Consolidation,Low,BULLISH_WARNING,55.0,Aligned,risk_on,C,0.0,fallback,REDUCE,REDUCE,0.5,High,0,NORMAL,REDUCE,0.5,0,0,4,基础:BULLISH_WARNING(2)；数据质量C+1；置信度Low+1
00700,腾讯控股,2018-03-23,STRUCTURAL_DIVERGENCE,Deteriorating,Pullback,Low,BULLISH_WARNING,55.0,Aligned,risk_off,C,0.0,fallback,REDUCE,REDUCE,0.2,Extreme,3,WATCH,REDUCE,0.2,0,0,5,基础:BULLISH_WARNING(2)；市场risk_off+1；数据质量C+1；置信度Low+1
00700,腾讯控股,2018-03-30,STRUCTURAL_DIVERGENCE,Deteriorating,Consolidation,Low,BULLISH_WARNING,55.0,Aligned,risk_off,C,0.0,fallback,REDUCE,REDUCE,0.2,Extreme,4,WATCH,REDUCE,0.2,0,0,5,基础:BULLISH_WARNING(2)；市场risk_off+1；数据质量C+1；置信度Low+1
00700,腾讯控股,2018-04-06,STRUCTURAL_DIVERGENCE,Deteriorating,Consolidation,Low,BULLISH_WARNING,55.0,Aligned,risk_off,C,0.0,fallback,REDUCE,REDUCE,0.2,Extreme,4,WATCH,REDUCE,0.2,0,0,5,基础:BULLISH_WARNING(2)；市场risk_off+1；数据质量C+1；置信度Low+1
00700,腾讯控股,2018-04-13,STRUCTURAL_DIVERGENCE,Deteriorating,Consolidation,Low,BULLISH_WARNING,55.0,Aligned,neutral,C,0.0,fallback,REDUCE,REDUCE,0.5,High,4,WATCH,REDUCE,0.5,0,0,4,基础:BULLISH_WARNING(2)；数据质量C+1；置信度Low+1
00700,腾讯控股,2018-04-20,STRUCTURAL_DIVERGENCE,Deteriorating,Consolidation,Low,BULLISH_WARNING,55.0,Aligned,risk_off,C,0.0,fallback,REDUCE,REDUCE,0.2,Extreme,6,REDUCE,REDUCE,0.2,1,0,5,基础:BULLISH_WARNING(2)；市场risk_off+1；数据质量C+1；置信度Low+1
00700,腾讯控股,2018-04-27,STRUCTURAL_DIVERGENCE,Deteriorating,Consolidation,Low,BULLISH_WARNING,55.0,Aligned,risk_off,C,0.0,fallback,REDUCE,REDUCE,0.2,Extreme,6,REDUCE,REDUCE,0.2,1,0,5,基础:BULLISH_WARNING(2)；市场risk_off+1；数据质量C+1；置信度Low+1
00700,腾讯控股,2018-05-04,STRUCTURAL_DIVERGENCE,Deteriorating,Consolidation,Low,BULLISH_WARNING,55.0,Aligned,risk_off,C,1.0,fallback,REDUCE,REDUCE,0.2,Extreme,6,REDUCE,REDUCE,0.2,1,0,5,基础:BULLISH_WARNING(2)；市场risk_off+1；数据质量C+1；置信度Low+1
00700,腾讯控股,2018-05-11,STRUCTURAL_DIVERGENCE,Deteriorating,Consolidation,Low,BULLISH_WARNING,55.0,Aligned,risk_on,C,1.0,fallback,REDUCE,REDUCE,0.5,Extreme,3,WATCH,REDUCE,0.2,1,0,4,基础:BULLISH_WARNING(2)；数据质量C+1；置信度Low+1
00700,腾讯控股,2018-05-18,STRUCTURAL_DIVERGENCE,Deteriorating,Consolidation,Low,BULLISH_WARNING,55.0,Aligned,neutral,B,1.0,fallback,REDUCE,REDUCE,0.5,Extreme,2,NORMAL,REDUCE,0.2,1,0,3,基础:BULLISH_WARNING(2)；置信度Low+1
00700,腾讯控股,2018-05-25,STRUCTURAL_DIVERGENCE,Deteriorating,Consolidation,Low,BULLISH_WARNING,55.0,Aligned,risk_off,B,1.0,fallback,REDUCE,REDUCE,0.5,Extreme,3,WATCH,REDUCE,0.2,1,0,4,基础:BULLISH_WARNING(2)；市场risk_off+1；置信度Low+1
00700,腾讯控股,2018-06-01,STRUCTURAL_DIVERGENCE,Improving,Consolidation,Low,BULLISH_WARNING,55.0,Aligned,neutral,B,1.0,fallback,REDUCE,REDUCE,0.5,Extreme,1,NORMAL,REDUCE,0.2,1,0,3,基础:BULLISH_WARNING(2)；置信度Low+1
00700,腾讯控股,2018-06-08,STRUCTURAL_DIVERGENCE,Improving,Consolidation,Low,BULLISH_WARNING,55.0,Aligned,neutral,B,1.0,fallback,REDUCE,REDUCE,0.5,Extreme,1,NORMAL,REDUCE,0.2,1,0,3,基础:BULLISH_WARNING(2)；置信度Low+1
00700,腾讯控股,2018-06-15,STRUCTURAL_DIVERGENCE,Improving,Consolidation,Low,BULLISH_WARNING,55.0,Aligned,risk_off,B,1.0,fallback,REDUCE,REDUCE,0.5,Extreme,2,NORMAL,REDUCE,0.2,1,0,4,基础:BULLISH_WARNING(2)；市场risk_off+1；置信度Low+1
00700,腾讯控股,2018-06-22,STRUCTURAL_DIVERGENCE,Improving,Consolidation,Low,BULLISH_WARNING,55.0,Aligned,risk_off,B,1.0,fallback,REDUCE,REDUCE,0.5,Extreme,3,WATCH,REDUCE,0.2,1,0,4,基础:BULLISH_WARNING(2)；市场risk_off+1；置信度Low+1
00700,腾讯控股,2018-06-29,STRUCTURAL_DIVERGENCE,Improving,Consolidation,Low,BULLISH_WARNING,55.0,Aligned,risk_off,B,1.0,fallback,REDUCE,REDUCE,0.5,Extreme,3,WATCH,REDUCE,0.2,1,0,4,基础:BULLISH_WARNING(2)；市场risk_off+1；置信度Low+1
00700,腾讯控股,2018-07-06,STRUCTURAL_DIVERGENCE,Stable,Consolidation,Low,BULLISH_WARNING,55.0,Aligned,risk_off,B,1.0,fallback,REDUCE,REDUCE,0.5,Extreme,4,WATCH,REDUCE,0.2,1,0,4,基础:BULLISH_WARNING(2)；市场risk_off+1；置信度Low+1
00700,腾讯控股,2018-07-13,STRUCTURAL_DIVERGENCE,Stable,Consolidation,Low,BULLISH_WARNING,55.0,Aligned,risk_off,B,1.0,fallback,REDUCE,REDUCE,0.5,Extreme,5,REDUCE,REDUCE,0.2,1,0,4,基础:BULLISH_WARNING(2)；市场risk_off+1；置信度Low+1
00700,腾讯控股,2018-07-20,STRUCTURAL_DIVERGENCE,Stable,Consolidation,Low,BULLISH_WARNING,55.0,Aligned,risk_off,B,1.0,fallback,REDUCE,REDUCE,0.5,Extreme,5,REDUCE,REDUCE,0.2,1,0,4,基础:BULLISH_WARNING(2)；市场risk_off+1；置信度Low+1
00700,腾讯控股,2018-07-27,STRUCTURAL_DIVERGENCE,Stable,Consolidation,Low,BULLISH_WARNING,55.0,Aligned,risk_off,B,1.0,fallback,REDUCE,REDUCE,0.5,Extreme,5,REDUCE,REDUCE,0.2,1,0,4,基础:BULLISH_WARNING(2)；市场risk_off+1；置信度Low+1
00700,腾讯控股,2018-08-03,STRUCTURAL_DIVERGENCE,Deteriorating,Breakdown,Low,BULLISH_WARNING,55.0,Aligned,risk_off,B,1.0,matrix,EXIT,REDUCE,0.5,Extreme,7,DE-RISK,EXIT,0.0,1,0,4,基础:BULLISH_WARNING(2)；市场risk_off+1；置信度Low+1
00700,腾讯控股,2018-08-10,STRUCTURAL_DIVERGENCE,Deteriorating,Consolidation,Low,BULLISH_WARNING,55.0,Aligned,risk_off,B,1.0,fallback,REDUCE,REDUCE,0.5,Extreme,4,WATCH,REDUCE,0.2,1,0,4,基础:BULLISH_WARNING(2)；市场risk_off+1；置信度Low+1
00700,腾讯控股,2018-08-17,STRUCTURAL_BOTTOM_CANDIDATE,Deteriorating,Breakdown,Medium,BULLISH_WARNING,55.0,Aligned,risk_off,C,1.0,fallback,EXIT,REDUCE,0.5,Extreme,8,DE-RISK,EXIT,0.0,1,0,4,基础:BULLISH_WARNING(2)；市场risk_off+1；数据质量C+1
00700,腾讯控股,2018-08-24,STRUCTURAL_BOTTOM_CANDIDATE,Deteriorating,Consolidation,Medium,BULLISH_WARNING,55.0,Aligned,risk_off,C,1.0,fallback,REDUCE,REDUCE,0.5,Extreme,6,REDUCE,REDUCE,0.2,1,0,4,基础:BULLISH_WARNING(2)；市场risk_off+1；数据质量C+1
00700,腾讯控股,2018-08-31,STRUCTURAL_BOTTOM_CANDIDATE,Deteriorating,Consolidation,Low,BULLISH_WARNING,55.0,Aligned,risk_off,C,-1.0,fallback,EXIT,REDUCE,0.2,Extreme,7,DE-RISK,EXIT,0.0,1,0,5,基础:BULLISH_WARNING(2)；市场risk_off+1；数据质量C+1；置信度Low+1
00700,腾讯控股,2018-09-07,STRUCTURAL_BOTTOM_CANDIDATE,Deteriorating,Breakdown,Low,BULLISH_WARNING,55.0,Aligned,risk_off,C,-1.0,fallback,EXIT,REDUCE,0.2,Extreme,9,DE-RISK,EXIT,0.0,1,0,5,基础:BULLISH_WARNING(2)；市场risk_off+1；数据质量C+1；置信度Low+1
00700,腾讯控股,2018-09-14,STRUCTURAL_BOTTOM_CANDIDATE,Deteriorating,Consolidation,Low,BULLISH_WARNING,55.0,Aligned,risk_off,C,-1.0,fallback,EXIT,REDUCE,0.2,Extreme,7,DE-RISK,EXIT,0.0,1,0,5,基础:BULLISH_WARNING(2)；市场risk_off+1；数据质量C+1；置信度Low+1
00700,腾讯控股,2018-09-21,STRUCTURAL_BOTTOM_CANDIDATE,Deteriorating,Consolidation,Low,BULLISH_WARNING,55.0,Aligned,neutral,C,-1.0,fallback,REDUCE,REDUCE,0.5,Extreme,6,REDUCE,REDUCE,0.2,1,0,4,基础:BULLISH_WARNING(2)；数据质量C+1；置信度Low+1
00700,腾讯控股,2018-09-28,STRUCTURAL_BOTTOM_CANDIDATE,Deteriorating,Consolidation,Low,BULLISH_WARNING,55.0,Aligned,neutral,C,-1.0,fallback,EXIT,REDUCE,0.5,Extreme,7,DE-RISK,EXIT,0.0,1,0,4,基础:BULLISH_WARNING(2)；数据质量C+1；置信度Low+1
00700,腾讯控股,2018-10-05,STRUCTURAL_BOTTOM_CANDIDATE,Stable,Breakdown,Medium,BULLISH_WARNING,55.0,Aligned,risk_off,C,0.0,fallback,EXIT,REDUCE,0.5,Extreme,8,DE-RISK,EXIT,0.0,1,0,4,基础:BULLISH_WARNING(2)；市场risk_off+1；数据质量C+1
00700,腾讯控股,2018-10-12,STRUCTURAL_BOTTOM_CANDIDATE,Stable,Breakdown,Medium,BULLISH_WARNING,55.0,Aligned,risk_off,C,0.0,fallback,EXIT,REDUCE,0.5,Extreme,9,DE-RISK,EXIT,0.0,1,0,4,基础:BULLISH_WARNING(2)；市场risk_off+1；数据质量C+1
00700,腾讯控股,2018-10-19,STRUCTURAL_BOTTOM_CANDIDATE,Stable,Consolidation,Medium,BULLISH_WARNING,55.0,Aligned,risk_off,C,0.0,fallback,REDUCE,REDUCE,0.5,Extreme,6,REDUCE,REDUCE,0.2,1,0,4,基础:BULLISH_WARNING(2)；市场risk_off+1；数据质量C+1
00700,腾讯控股,2018-10-26,STRUCTURAL_BOTTOM_CANDIDATE,Stable,Breakdown,Medium,BULLISH_WARNING,55.0,Aligned,risk_off,C,0.0,fallback,EXIT,REDUCE,0.5,Extreme,8,DE-RISK,EXIT,0.0,1,0,4,基础:BULLISH_WARNING(2)；市场risk_off+1；数据质量C+1
00700,腾讯控股,2018-11-02,STRUCTURAL_BOTTOM_CANDIDATE,Deteriorating,Consolidation,Low,BULLISH_WARNING,55.0,Aligned,risk_off,C,0.0,fallback,REDUCE,REDUCE,0.2,Extreme,6,REDUCE,REDUCE,0.2,1,0,5,基础:BULLISH_WARNING(2)；市场risk_off+1；数据质量C+1；置信度Low+1
00700,腾讯控股,2018-11-09,STRUCTURAL_BOTTOM_CANDIDATE,Deteriorating,Consolidation,Low,BULLISH_WARNING,55.0,Aligned,risk_off,C,0.0,fallback,REDUCE,REDUCE,0.2,Extreme,6,REDUCE,REDUCE,0.2,1,0,5,基础:BULLISH_WARNING(2)；市场risk_off+1；数据质量C+1；置信度Low+1
00700,腾讯控股,2018-11-16,STRUCTURAL_BOTTOM_CANDIDATE,Deteriorating,Consolidation,Low,BULLISH_WARNING,55.0,Aligned,risk_off,C,0.0,fallback,REDUCE,REDUCE,0.2,Extreme,5,REDUCE,REDUCE,0.2,1,0,5,基础:BULLISH_WARNING(2)；市场risk_off+1；数据质量C+1；置信度Low+1
00700,腾讯控股,2018-11-23,STRUCTURAL_BOTTOM_CANDIDATE,Deteriorating,Consolidation,Low,BULLISH_WARNING,55.0,Aligned,risk_off,C,0.0,fallback,REDUCE,REDUCE,0.2,Extreme,4,WATCH,REDUCE,0.2,1,0,5,基础:BULLISH_WARNING(2)；市场risk_off+1；数据质量C+1；置信度Low+1
00700,腾讯控股,2018-11-30,STRUCTURAL_BOTTOM_CANDIDATE,Improving,Consolidation,Low,BULLISH_WARNING,55.0,Aligned,risk_off,C,-1.0,fallback,REDUCE,REDUCE,0.2,Extreme,3,WATCH,REDUCE,0.2,1,0,5,基础:BULLISH_WARNING(2)；市场risk_off+1；数据质量C+1；置信度Low+1
00700,腾讯控股,2018-12-07,STRUCTURAL_BOTTOM_CANDIDATE,Improving,Consolidation,Low,BULLISH_WARNING,55.0,Aligned,neutral,C,-1.0,fallback,REDUCE,REDUCE,0.5,Extreme,3,WATCH,REDUCE,0.2,1,0,4,基础:BULLISH_WARNING(2)；数据质量C+1；置信度Low+1
00700,腾讯控股,2018-12-14,STRUCTURAL_BOTTOM_CANDIDATE,Improving,Consolidation,Low,BULLISH_WARNING,55.0,Aligned,risk_off,C,-1.0,fallback,REDUCE,REDUCE,0.2,Extreme,3,WATCH,REDUCE,0.2,1,0,5,基础:BULLISH_WARNING(2)；市场risk_off+1；数据质量C+1；置信度Low+1
00700,腾讯控股,2018-12-21,STRUCTURAL_BOTTOM_CANDIDATE,Improving,Consolidation,Low,BULLISH_WARNING,55.0,Aligned,risk_off,C,-1.0,fallback,REDUCE,REDUCE,0.2,Extreme,2,NORMAL,REDUCE,0.2,1,0,5,基础:BULLISH_WARNING(2)；市场risk_off+1；数据质量C+1；置信度Low+1
00700,腾讯控股,2018-12-28,STRUCTURAL_BOTTOM_CANDIDATE,Improving,Consolidation,Low,BULLISH_WARNING,55.0,Aligned,risk_off,C,-1.0,fallback,REDUCE,REDUCE,0.2,Extreme,2,NORMAL,REDUCE,0.2,0,0,5,基础:BULLISH_WARNING(2)；市场risk_off+1；数据质量C+1；置信度Low+1
00700,腾讯控股,2019-01-04,STRUCTURAL_BOTTOM_CANDIDATE,Stable,Consolidation,Medium,BULLISH_WARNING,55.0,Aligned,risk_off,C,1.0,fallback,REDUCE,REDUCE,0.5,High,1,NORMAL,REDUCE,0.5,0,0,4,基础:BULLISH_WARNING(2)；市场risk_off+1；数据质量C+1
00700,腾讯控股,2019-01-11,STRUCTURAL_BOTTOM_CANDIDATE,Stable,Consolidation,Medium,BULLISH_WARNING,55.0,Aligned,risk_on,C,1.0,fallback,REDUCE,REDUCE,0.5,Medium,1,NORMAL,REDUCE,0.5,0,0,3,基础:BULLISH_WARNING(2)；数据质量C+1
00700,腾讯控股,2019-01-18,STRUCTURAL_BOTTOM_CANDIDATE,Stable,Consolidation,Medium,BULLISH_WARNING,55.0,Aligned,risk_on,C,1.0,fallback,REDUCE,REDUCE,0.5,Medium,1,NORMAL,REDUCE,0.5,0,0,3,基础:BULLISH_WARNING(2)；数据质量C+1
00700,腾讯控股,2019-01-25,STRUCTURAL_BOTTOM_CANDIDATE,Stable,Consolidation,Medium,BULLISH_WARNING,55.0,Aligned,risk_on,C,1.0,fallback,REDUCE,REDUCE,0.5,Medium,1,NORMAL,REDUCE,0.5,0,0,3,基础:BULLISH_WARNING(2)；数据质量C+1
00700,腾讯控股,2019-02-01,STRUCTURAL_BOTTOM_CANDIDATE,Improving,Consolidation,Medium,BULLISH_WARNING,55.0,Aligned,risk_on,C,1.0,fallback,REDUCE,REDUCE,0.5,Medium,1,NORMAL,REDUCE,0.5,0,0,3,基础:BULLISH_WARNING(2)；数据质量C+1
00700,腾讯控股,2019-02-08,STRUCTURAL_BOTTOM_CANDIDATE,Improving,Consolidation,Medium,BULLISH_WARNING,55.0,Aligned,risk_on,C,1.0,fallback,REDUCE,REDUCE,0.5,Medium,1,NORMAL,REDUCE,0.5,0,0,3,基础:BULLISH_WARNING(2)；数据质量C+1
00700,腾讯控股,2019-02-15,STRUCTURAL_BOTTOM_CANDIDATE,Improving,Pullback,Medium,BULLISH_WARNING,55.0,Aligned,risk_on,B,3.0,fallback,REDUCE,REDUCE,0.5,Low,1,NORMAL,REDUCE,0.5,0,0,2,基础:BULLISH_WARNING(2)
00700,腾讯控股,2019-02-22,STRUCTURAL_BOTTOM_CANDIDATE,Improving,Consolidation,Medium,BULLISH_WARNING,55.0,Aligned,risk_on,B,3.0,fallback,REDUCE,REDUCE,0.5,Low,1,NORMAL,REDUCE,0.5,0,0,2,基础:BULLISH_WARNING(2)
00700,腾讯控股,2019-03-01,STRUCTURAL_BOTTOM_CANDIDATE,Deteriorating,Pullback,Medium,BULLISH_WARNING,55.0,Aligned,risk_on,B,3.0,fallback,REDUCE,REDUCE,0.5,Low,2,NORMAL,REDUCE,0.5,0,0,2,基础:BULLISH_WARNING(2)
00700,腾讯控股,2019-03-08,STRUCTURAL_BOTTOM_CANDIDATE,Deteriorating,Consolidation,Medium,BULLISH_WARNING,55.0,Aligned,risk_on,B,3.0,fallback,REDUCE,REDUCE,0.5,Low,2,NORMAL,REDUCE,0.5,0,0,2,基础:BULLISH_WARNING(2)
00700,腾讯控股,2019-03-15,STRUCTURAL_BOTTOM_CANDIDATE,Deteriorating,Consolidation,Medium,BULLISH_WARNING,55.0,Aligned,risk_on,B,3.0,fallback,REDUCE,REDUCE,0.5,Low,1,NORMAL,REDUCE,0.5,0,0,2,基础:BULLISH_WARNING(2)
00700,腾讯控股,2019-03-22,STRUCTURAL_BOTTOM_CANDIDATE,Deteriorating,Consolidation,Medium,BULLISH_WARNING,55.0,Aligned,risk_on,B,3.0,fallback,REDUCE,REDUCE,0.5,Low,0,NORMAL,REDUCE,0.5,0,0,2,基础:BULLISH_WARNING(2)
00700,腾讯控股,2019-03-29,STRUCTURAL_BOTTOM_CANDIDATE,Deteriorating,Consolidation,Medium,BULLISH_WARNING,55.0,Aligned,risk_on,B,3.0,fallback,REDUCE,REDUCE,0.5,Low,0,NORMAL,REDUCE,0.5,0,0,2,基础:BULLISH_WARNING(2)
00700,腾讯控股,2019-04-05,STRUCTURAL_BOTTOM_CANDIDATE,Improving,Consolidation,Medium,BULLISH_WARNING,55.0,Aligned,risk_on,B,3.0,fallback,REDUCE,REDUCE,0.5,Low,0,NORMAL,REDUCE,0.5,0,0,2,基础:BULLISH_WARNING(2)
00700,腾讯控股,2019-04-12,STRUCTURAL_BOTTOM_CANDIDATE,Improving,Consolidation,Medium,BULLISH_WARNING,55.0,Aligned,risk_on,B,3.0,fallback,REDUCE,REDUCE,0.5,Low,0,NORMAL,REDUCE,0.5,0,0,2,基础:BULLISH_WARNING(2)
00700,腾讯控股,2019-04-19,STRUCTURAL_BOTTOM_CANDIDATE,Improving,Consolidation,Medium,BULLISH_WARNING,55.0,Aligned,risk_on,B,3.0,fallback,REDUCE,REDUCE,0.5,Low,0,NORMAL,REDUCE,0.5,0,0,2,基础:BULLISH_WARNING(2)
00700,腾讯控股,2019-04-26,STRUCTURAL_BOTTOM_CANDIDATE,Improving,Consolidation,Medium,BULLISH_WARNING,55.0,Aligned,risk_on,B,3.0,fallback,REDUCE,REDUCE,0.5,Low,0,NORMAL,REDUCE,0.5,0,0,2,基础:BULLISH_WARNING(2)
00700,腾讯控股,2019-05-03,STRUCTURAL_BOTTOM_CANDIDATE,Improving,Consolidation,Medium,BULLISH_WARNING,55.0,Aligned,risk_on,B,3.0,fallback,REDUCE,REDUCE,0.5,Low,0,NORMAL,REDUCE,0.5,0,0,2,基础:BULLISH_WARNING(2)
00700,腾讯控股,2019-05-10,STRUCTURAL_BOTTOM_CANDIDATE,Improving,Pullback,Medium,BULLISH_WARNING,55.0,Aligned,neutral,B,3.0,fallback,REDUCE,REDUCE,0.5,Low,0,NORMAL,REDUCE,0.5,0,0,2,基础:BULLISH_WARNING(2)
00700,腾讯控股,2019-05-17,STRUCTURAL_BOTTOM_CANDIDATE,Improving,Consolidation,Medium,BULLISH_WARNING,55.0,Aligned,neutral,B,3.0,fallback,REDUCE,REDUCE,0.5,Low,2,NORMAL,REDUCE,0.5,0,0,2,基础:BULLISH_WARNING(2)
00700,腾讯控股,2019-05-24,STRUCTURAL_BOTTOM_CANDIDATE,Improving,Consolidation,Medium,BULLISH_WARNING,55.0,Aligned,risk_off,B,3.0,fallback,REDUCE,REDUCE,0.5,Extreme,5,REDUCE,REDUCE,0.2,1,0,3,基础:BULLISH_WARNING(2)；市场risk_off+1
00700,腾讯控股,2019-05-31,STRUCTURAL_BOTTOM_CANDIDATE,Deteriorating,Consolidation,Medium,BULLISH_WARNING,55.0,Aligned,risk_off,B,2.0,fallback,REDUCE,REDUCE,0.5,Extreme,5,REDUCE,REDUCE,0.2,1,0,3,基础:BULLISH_WARNING(2)；市场risk_off+1
00700,腾讯控股,2019-06-07,STRUCTURAL_BOTTOM_CANDIDATE,Deteriorating,Consolidation,Medium,BULLISH_WARNING,55.0,Aligned,risk_off,B,2.0,fallback,REDUCE,REDUCE,0.5,Extreme,5,REDUCE,REDUCE,0.2,1,0,3,基础:BULLISH_WARNING(2)；市场risk_off+1
00700,腾讯控股,2019-06-14,STRUCTURAL_BOTTOM_CANDIDATE,Deteriorating,Consolidation,Medium,BULLISH_WARNING,55.0,Aligned,risk_off,B,2.0,fallback,REDUCE,REDUCE,0.5,Extreme,5,REDUCE,REDUCE,0.2,1,0,3,基础:BULLISH_WARNING(2)；市场risk_off+1
00700,腾讯控股,2019-06-21,STRUCTURAL_BOTTOM_CANDIDATE,Deteriorating,Consolidation,Medium,BULLISH_WARNING,55.0,Aligned,risk_off,B,2.0,fallback,REDUCE,REDUCE,0.5,Extreme,3,WATCH,REDUCE,0.2,1,0,3,基础:BULLISH_WARNING(2)；市场risk_off+1
00700,腾讯控股,2019-06-28,STRUCTURAL_BOTTOM_CANDIDATE,Deteriorating,Consolidation,Medium,BULLISH_WARNING,55.0,Aligned,neutral,B,2.0,fallback,REDUCE,REDUCE,0.5,Extreme,2,NORMAL,REDUCE,0.2,1,0,2,基础:BULLISH_WARNING(2)
00700,腾讯控股,2019-07-05,STRUCTURAL_BOTTOM_CANDIDATE,Improving,Consolidation,Medium,BULLISH_WARNING,55.0,Aligned,risk_off,B,2.0,fallback,REDUCE,REDUCE,0.5,Extreme,1,NORMAL,REDUCE,0.2,1,0,3,基础:BULLISH_WARNING(2)；市场risk_off+1
00700,腾讯控股,2019-07-12,STRUCTURAL_BOTTOM_CANDIDATE,Improving,Consolidation,Medium,BULLISH_WARNING,55.0,Aligned,risk_off,B,2.0,fallback,REDUCE,REDUCE,0.5,Extreme,2,NORMAL,REDUCE,0.2,1,0,3,基础:BULLISH_WARNING(2)；市场risk_off+1
00700,腾讯控股,2019-07-19,STRUCTURAL_BOTTOM_CANDIDATE,Improving,Consolidation,Medium,BULLISH_WARNING,55.0,Aligned,risk_off,B,2.0,fallback,REDUCE,REDUCE,0.5,Extreme,0,NORMAL,REDUCE,0.2,1,0,3,基础:BULLISH_WARNING(2)；市场risk_off+1
00700,腾讯控股,2019-07-26,STRUCTURAL_BOTTOM_CANDIDATE,Improving,Consolidation,Medium,BULLISH_WARNING,55.0,Aligned,risk_off,B,2.0,fallback,REDUCE,REDUCE,0.5,Medium,0,NORMAL,REDUCE,0.5,0,0,3,基础:BULLISH_WARNING(2)；市场risk_off+1
00700,腾讯控股,2019-08-02,STRUCTURAL_BOTTOM_CANDIDATE,Improving,Pullback,Medium,BULLISH_WARNING,55.0,Aligned,risk_off,B,3.0,fallback,REDUCE,REDUCE,0.5,Medium,1,NORMAL,REDUCE,0.5,0,0,3,基础:BULLISH_WARNING(2)；市场risk_off+1
00700,腾讯控股,2019-08-09,STRUCTURAL_BOTTOM_CANDIDATE,Improving,Consolidation,Medium,BULLISH_WARNING,55.0,Aligned,risk_off,B,3.0,fallback,REDUCE,REDUCE,0.5,Medium,4,WATCH,REDUCE,0.5,0,0,3,基础:BULLISH_WARNING(2)；市场risk_off+1
00700,腾讯控股,2019-08-16,STRUCTURAL_BOTTOM_CANDIDATE,Improving,Consolidation,Medium,BULLISH_WARNING,55.0,Aligned,risk_off,B,1.0,fallback,REDUCE,REDUCE,0.5,Medium,4,WATCH,REDUCE,0.5,0,0,3,基础:BULLISH_WARNING(2)；市场risk_off+1
00700,腾讯控股,2019-08-23,STRUCTURAL_BOTTOM_CANDIDATE,Improving,Consolidation,Medium,BULLISH_WARNING,55.0,Aligned,risk_off,B,1.0,fallback,REDUCE,REDUCE,0.5,Extreme,5,REDUCE,REDUCE,0.2,1,0,3,基础:BULLISH_WARNING(2)；市场risk_off+1
00700,腾讯控股,2019-08-30,STRUCTURAL_BOTTOM_CANDIDATE,Improving,Consolidation,Medium,BULLISH_WARNING,55.0,Aligned,risk_off,B,1.0,fallback,REDUCE,REDUCE,0.5,Extreme,5,REDUCE,REDUCE,0.2,1,0,3,基础:BULLISH_WARNING(2)；市场risk_off+1
00700,腾讯控股,2019-09-06,STRUCTURAL_BOTTOM_CANDIDATE,Deteriorating,Consolidation,Medium,BULLISH_WARNING,55.0,Aligned,risk_off,B,0.0,fallback,REDUCE,REDUCE,0.5,Extreme,3,WATCH,REDUCE,0.2,1,0,3,基础:BULLISH_WARNING(2)；市场risk_off+1
00700,腾讯控股,2019-09-13,STRUCTURAL_BOTTOM_CANDIDATE,Deteriorating,Consolidation,Medium,BULLISH_WARNING,55.0,Aligned,risk_off,B,0.0,fallback,REDUCE,REDUCE,0.5,Extreme,2,NORMAL,REDUCE,0.2,1,0,3,基础:BULLISH_WARNING(2)；市场risk_off+1
00700,腾讯控股,2019-09-20,STRUCTURAL_BOTTOM_CANDIDATE,Deteriorating,Consolidation,Medium,BULLISH_WARNING,55.0,Aligned,risk_off,B,0.0,fallback,REDUCE,REDUCE,0.5,Extreme,2,NORMAL,REDUCE,0.2,1,0,3,基础:BULLISH_WARNING(2)；市场risk_off+1
00700,腾讯控股,2019-09-27,STRUCTURAL_BOTTOM_CANDIDATE,Deteriorating,Consolidation,Medium,BULLISH_WARNING,55.0,Aligned,risk_off,B,0.0,fallback,REDUCE,REDUCE,0.5,Extreme,3,WATCH,REDUCE,0.2,1,0,3,基础:BULLISH_WARNING(2)；市场risk_off+1
00700,腾讯控股,2019-10-04,STRUCTURAL_BOTTOM_CANDIDATE,Improving,Consolidation,Medium,BULLISH_WARNING,55.0,Aligned,risk_off,B,1.0,fallback,REDUCE,REDUCE,0.5,Extreme,4,WATCH,REDUCE,0.2,1,0,3,基础:BULLISH_WARNING(2)；市场risk_off+1
00700,腾讯控股,2019-10-11,STRUCTURAL_BOTTOM_CANDIDATE,Improving,Consolidation,Medium,BULLISH_WARNING,55.0,Aligned,risk_off,B,1.0,fallback,REDUCE,REDUCE,0.5,Extreme,5,REDUCE,REDUCE,0.2,1,0,3,基础:BULLISH_WARNING(2)；市场risk_off+1
00700,腾讯控股,2019-10-18,STRUCTURAL_BOTTOM_CANDIDATE,Improving,Consolidation,Medium,BULLISH_WARNING,55.0,Aligned,risk_off,B,1.0,fallback,REDUCE,REDUCE,0.5,Extreme,5,REDUCE,REDUCE,0.2,1,0,3,基础:BULLISH_WARNING(2)；市场risk_off+1
00700,腾讯控股,2019-10-25,STRUCTURAL_BOTTOM_CANDIDATE,Improving,Consolidation,Medium,BULLISH_WARNING,55.0,Aligned,risk_off,B,1.0,fallback,REDUCE,REDUCE,0.5,Extreme,6,REDUCE,REDUCE,0.2,1,0,3,基础:BULLISH_WARNING(2)；市场risk_off+1
00700,腾讯控股,2019-11-01,STRUCTURAL_BOTTOM_CANDIDATE,Stable,Consolidation,Medium,BULLISH_WARNING,55.0,Aligned,risk_on,B,0.0,fallback,REDUCE,REDUCE,0.5,Extreme,5,REDUCE,REDUCE,0.2,1,0,2,基础:BULLISH_WARNING(2)
00700,腾讯控股,2019-11-08,STRUCTURAL_BOTTOM_CANDIDATE,Stable,Consolidation,Medium,BULLISH_WARNING,55.0,Aligned,risk_on,B,0.0,fallback,REDUCE,REDUCE,0.5,Extreme,4,WATCH,REDUCE,0.2,1,0,2,基础:BULLISH_WARNING(2)
00700,腾讯控股,2019-11-15,STRUCTURAL_BOTTOM_CANDIDATE,Stable,Consolidation,Low,BULLISH_WARNING,55.0,Aligned,neutral,B,2.0,fallback,REDUCE,REDUCE,0.5,Extreme,4,WATCH,REDUCE,0.2,1,0,3,基础:BULLISH_WARNING(2)；置信度Low+1
00700,腾讯控股,2019-11-22,STRUCTURAL_BOTTOM_CANDIDATE,Stable,Consolidation,Low,BULLISH_WARNING,55.0,Aligned,risk_on,B,2.0,fallback,REDUCE,REDUCE,0.5,Extreme,4,WATCH,REDUCE,0.2,1,0,3,基础:BULLISH_WARNING(2)；置信度Low+1
00700,腾讯控股,2019-11-29,STRUCTURAL_BOTTOM_CANDIDATE,Stable,Consolidation,Low,BULLISH_WARNING,55.0,Aligned,neutral,B,2.0,fallback,REDUCE,REDUCE,0.5,Extreme,2,NORMAL,REDUCE,0.2,1,0,3,基础:BULLISH_WARNING(2)；置信度Low+1
00700,腾讯控股,2019-12-06,STRUCTURAL_BOTTOM_CANDIDATE,Improving,Consolidation,Medium,BULLISH_WARNING,55.0,Aligned,risk_off,B,3.0,fallback,REDUCE,REDUCE,0.5,Extreme,1,NORMAL,REDUCE,0.2,1,0,3,基础:BULLISH_WARNING(2)；市场risk_off+1
00700,腾讯控股,2019-12-13,STRUCTURAL_BOTTOM_CANDIDATE,Improving,Consolidation,Medium,BULLISH_WARNING,55.0,Aligned,risk_on,B,3.0,fallback,REDUCE,REDUCE,0.5,Low,0,NORMAL,REDUCE,0.5,0,0,2,基础:BULLISH_WARNING(2)
00700,腾讯控股,2019-12-20,STRUCTURAL_BOTTOM_CANDIDATE,Improving,Consolidation,Medium,BULLISH_WARNING,55.0,Aligned,risk_on,B,3.0,fallback,REDUCE,REDUCE,0.5,Low,0,NORMAL,REDUCE,0.5,0,0,2,基础:BULLISH_WARNING(2)
00700,腾讯控股,2019-12-27,STRUCTURAL_BOTTOM_CANDIDATE,Improving,Consolidation,Medium,BULLISH_WARNING,55.0,Aligned,risk_on,B,3.0,fallback,REDUCE,REDUCE,0.5,Low,0,NORMAL,REDUCE,0.5,0,0,2,基础:BULLISH_WARNING(2)
00700,腾讯控股,2020-01-03,STRUCTURAL_BOTTOM_CANDIDATE,Improving,Consolidation,Medium,BULLISH_WARNING,55.0,Aligned,risk_on,B,3.0,fallback,REDUCE,REDUCE,0.5,Low,0,NORMAL,REDUCE,0.5,0,0,2,基础:BULLISH_WARNING(2)
00700,腾讯控股,2020-01-10,STRUCTURAL_BOTTOM_CANDIDATE,Improving,Consolidation,Medium,BULLISH_WARNING,55.0,Aligned,risk_on,B,3.0,fallback,REDUCE,REDUCE,0.5,Low,0,NORMAL,REDUCE,0.5,0,0,2,基础:BULLISH_WARNING(2)
00700,腾讯控股,2020-01-17,STRUCTURAL_BOTTOM_CANDIDATE,Improving,Consolidation,Medium,BULLISH_WARNING,55.0,Aligned,risk_on,B,3.0,fallback,REDUCE,REDUCE,0.5,Low,0,NORMAL,REDUCE,0.5,0,0,2,基础:BULLISH_WARNING(2)
00700,腾讯控股,2020-01-24,STRUCTURAL_BOTTOM_CANDIDATE,Improving,Pullback,Medium,BULLISH_WARNING,55.0,Aligned,risk_on,B,3.0,fallback,REDUCE,REDUCE,0.5,Low,0,NORMAL,REDUCE,0.5,0,0,2,基础:BULLISH_WARNING(2)
00700,腾讯控股,2020-01-31,STRUCTURAL_BOTTOM_CANDIDATE,Stable,Pullback,Low,BULLISH_WARNING,55.0,Aligned,risk_off,B,2.0,fallback,REDUCE,REDUCE,0.5,High,1,NORMAL,REDUCE,0.5,0,0,4,基础:BULLISH_WARNING(2)；市场risk_off+1；置信度Low+1
00700,腾讯控股,2020-02-07,STRUCTURAL_BOTTOM_CANDIDATE,Stable,Consolidation,Low,BULLISH_WARNING,55.0,Aligned,neutral,B,2.0,fallback,REDUCE,REDUCE,0.5,Medium,0,NORMAL,REDUCE,0.5,0,0,3,基础:BULLISH_WARNING(2)；置信度Low+1
00700,腾讯控股,2020-02-14,STRUCTURAL_BOTTOM_CANDIDATE,Stable,Consolidation,Low,BULLISH_WARNING,55.0,Aligned,risk_on,B,0.0,fallback,REDUCE,REDUCE,0.5,Medium,0,NORMAL,REDUCE,0.5,0,0,3,基础:BULLISH_WARNING(2)；置信度Low+1
00700,腾讯控股,2020-02-21,STRUCTURAL_BOTTOM_CANDIDATE,Stable,Consolidation,Low,BULLISH_WARNING,55.0,Aligned,risk_on,B,0.0,fallback,REDUCE,REDUCE,0.5,Medium,0,NORMAL,REDUCE,0.5,0,0,3,基础:BULLISH_WARNING(2)；置信度Low+1
00700,腾讯控股,2020-02-28,STRUCTURAL_BOTTOM_CANDIDATE,Stable,Pullback,Low,BULLISH_WARNING,55.0,Aligned,risk_off,B,0.0,fallback,REDUCE,REDUCE,0.5,High,0,NORMAL,REDUCE,0.5,0,0,4,基础:BULLISH_WARNING(2)；市场risk_off+1；置信度Low+1
00700,腾讯控股,2020-03-06,STRUCTURAL_BOTTOM_CANDIDATE,Stable,Consolidation,Medium,BULLISH_WARNING,55.0,Aligned,risk_off,B,1.0,fallback,REDUCE,REDUCE,0.5,Medium,0,NORMAL,REDUCE,0.5,0,0,3,基础:BULLISH_WARNING(2)；市场risk_off+1
00700,腾讯控股,2020-03-13,STRUCTURAL_BOTTOM_CANDIDATE,Stable,Consolidation,Medium,BULLISH_WARNING,55.0,Aligned,risk_off,B,1.0,fallback,REDUCE,REDUCE,0.5,Medium,3,WATCH,REDUCE,0.5,0,0,3,基础:BULLISH_WARNING(2)；市场risk_off+1
00700,腾讯控股,2020-03-20,STRUCTURAL_BOTTOM_CANDIDATE,Stable,Consolidation,Medium,BULLISH_WARNING,55.0,Aligned,risk_off,B,1.0,fallback,REDUCE,REDUCE,0.5,Medium,4,WATCH,REDUCE,0.5,0,0,3,基础:BULLISH_WARNING(2)；市场risk_off+1
00700,腾讯控股,2020-03-27,STRUCTURAL_BOTTOM_CANDIDATE,Stable,Consolidation,Medium,BULLISH_WARNING,55.0,Aligned,risk_off,B,1.0,fallback,REDUCE,REDUCE,0.5,Medium,2,NORMAL,REDUCE,0.5,0,0,3,基础:BULLISH_WARNING(2)；市场risk_off+1
00700,腾讯控股,2020-04-03,STRUCTURAL_BOTTOM_CANDIDATE,Deteriorating,Pullback,Low,BULLISH_WARNING,55.0,Aligned,risk_off,B,0.0,fallback,REDUCE,REDUCE,0.5,High,3,WATCH,REDUCE,0.5,0,0,4,基础:BULLISH_WARNING(2)；市场risk_off+1；置信度Low+1
00700,腾讯控股,2020-04-10,STRUCTURAL_BOTTOM_CANDIDATE,Deteriorating,Consolidation,Low,BULLISH_WARNING,55.0,Aligned,risk_off,B,0.0,fallback,REDUCE,REDUCE,0.5,High,2,NORMAL,REDUCE,0.5,0,0,4,基础:BULLISH_WARNING(2)；市场risk_off+1；置信度Low+1
00700,腾讯控股,2020-04-17,STRUCTURAL_BOTTOM_CANDIDATE,Deteriorating,Consolidation,Low,BULLISH_WARNING,55.0,Aligned,risk_off,B,0.0,fallback,REDUCE,REDUCE,0.5,High,1,NORMAL,REDUCE,0.5,0,0,4,基础:BULLISH_WARNING(2)；市场risk_off+1；置信度Low+1
00700,腾讯控股,2020-04-24,STRUCTURAL_BOTTOM_CANDIDATE,Deteriorating,Consolidation,Low,BULLISH_WARNING,55.0,Aligned,risk_off,B,0.0,fallback,REDUCE,REDUCE,0.5,High,0,NORMAL,REDUCE,0.5,0,0,4,基础:BULLISH_WARNING(2)；市场risk_off+1；置信度Low+1
00700,腾讯控股,2020-05-01,STRUCTURAL_BOTTOM_CANDIDATE,Improving,Consolidation,Low,BULLISH_WARNING,55.0,Aligned,risk_off,B,0.0,fallback,REDUCE,REDUCE,0.5,High,0,NORMAL,REDUCE,0.5,0,0,4,基础:BULLISH_WARNING(2)；市场risk_off+1；置信度Low+1
00700,腾讯控股,2020-05-08,STRUCTURAL_BOTTOM_CANDIDATE,Improving,Consolidation,Low,BULLISH_WARNING,55.0,Aligned,risk_off,B,0.0,fallback,REDUCE,REDUCE,0.5,High,0,NORMAL,REDUCE,0.5,0,0,4,基础:BULLISH_WARNING(2)；市场risk_off+1；置信度Low+1
00700,腾讯控股,2020-05-15,STRUCTURAL_BOTTOM_CANDIDATE,Improving,Consolidation,Medium,BULLISH_WARNING,55.0,Aligned,risk_off,B,0.0,fallback,REDUCE,REDUCE,0.5,Medium,0,NORMAL,REDUCE,0.5,0,0,3,基础:BULLISH_WARNING(2)；市场risk_off+1
00700,腾讯控股,2020-05-22,STRUCTURAL_BOTTOM_CANDIDATE,Improving,Consolidation,Medium,BULLISH_WARNING,55.0,Aligned,risk_off,B,0.0,fallback,REDUCE,REDUCE,0.5,Medium,0,NORMAL,REDUCE,0.5,0,0,3,基础:BULLISH_WARNING(2)；市场risk_off+1
00700,腾讯控股,2020-05-29,STRUCTURAL_BOTTOM_CANDIDATE,Improving,Pullback,Medium,BULLISH_WARNING,55.0,Aligned,risk_off,B,0.0,fallback,REDUCE,REDUCE,0.5,Medium,0,NORMAL,REDUCE,0.5,0,0,3,基础:BULLISH_WARNING(2)；市场risk_off+1
00700,腾讯控股,2020-06-05,STRUCTURAL_BOTTOM_CANDIDATE,Stable,Consolidation,Low,BULLISH_WARNING,55.0,Aligned,neutral,B,0.0,fallback,REDUCE,REDUCE,0.5,Medium,0,NORMAL,REDUCE,0.5,0,0,3,基础:BULLISH_WARNING(2)；置信度Low+1
00700,腾讯控股,2020-06-12,STRUCTURAL_BOTTOM_CANDIDATE,Stable,Consolidation,Low,BULLISH_WARNING,55.0,Aligned,risk_off,B,0.0,fallback,REDUCE,REDUCE,0.5,High,0,NORMAL,REDUCE,0.5,0,0,4,基础:BULLISH_WARNING(2)；市场risk_off+1；置信度Low+1
00700,腾讯控股,2020-06-19,STRUCTURAL_BOTTOM_CANDIDATE,Stable,Consolidation,Low,BULLISH_WARNING,55.0,Aligned,risk_off,B,0.0,fallback,REDUCE,REDUCE,0.5,High,0,NORMAL,REDUCE,0.5,0,0,4,基础:BULLISH_WARNING(2)；市场risk_off+1；置信度Low+1
00700,腾讯控股,2020-06-26,STRUCTURAL_BOTTOM_CANDIDATE,Stable,Consolidation,Low,BULLISH_WARNING,55.0,Aligned,risk_off,B,0.0,fallback,REDUCE,REDUCE,0.5,High,0,NORMAL,REDUCE,0.5,0,0,4,基础:BULLISH_WARNING(2)；市场risk_off+1；置信度Low+1
00700,腾讯控股,2020-07-03,STRUCTURAL_BOTTOM_CANDIDATE,Stable,Consolidation,Medium,BULLISH_WARNING,55.0,Aligned,risk_on,B,0.0,fallback,REDUCE,REDUCE,0.5,Low,0,NORMAL,REDUCE,0.5,0,0,2,基础:BULLISH_WARNING(2)
00700,腾讯控股,2020-07-10,STRUCTURAL_BOTTOM_CANDIDATE,Stable,Consolidation,Medium,BULLISH_WARNING,55.0,Aligned,risk_off,B,0.0,fallback,REDUCE,REDUCE,0.5,Medium,0,NORMAL,REDUCE,0.5,0,0,3,基础:BULLISH_WARNING(2)；市场risk_off+1
00700,腾讯控股,2020-07-17,STRUCTURAL_BOTTOM_CANDIDATE,Stable,Consolidation,Medium,BULLISH_WARNING,55.0,Aligned,risk_on,B,0.0,fallback,REDUCE,REDUCE,0.5,Low,0,NORMAL,REDUCE,0.5,0,0,2,基础:BULLISH_WARNING(2)
00700,腾讯控股,2020-07-24,STRUCTURAL_BOTTOM_CANDIDATE,Stable,Consolidation,Medium,BULLISH_WARNING,55.0,Aligned,risk_off,B,0.0,fallback,REDUCE,REDUCE,0.5,Medium,0,NORMAL,REDUCE,0.5,0,0,3,基础:BULLISH_WARNING(2)；市场risk_off+1
00700,腾讯控股,2020-07-31,STRUCTURAL_BOTTOM_CANDIDATE,Stable,Consolidation,Medium,BULLISH_WARNING,55.0,Aligned,neutral,B,0.0,fallback,REDUCE,REDUCE,0.5,Low,0,NORMAL,REDUCE,0.5,0,0,2,基础:BULLISH_WARNING(2)
00700,腾讯控股,2020-08-07,STRUCTURAL_BOTTOM_CANDIDATE,Stable,Consolidation,Medium,BULLISH_WARNING,55.0,Aligned,neutral,B,0.0,fallback,REDUCE,REDUCE,0.5,Low,0,NORMAL,REDUCE,0.5,0,0,2,基础:BULLISH_WARNING(2)
00700,腾讯控股,2020-08-14,STRUCTURAL_DIVERGENCE,Stable,Pullback,Low,BULLISH_WARNING,55.0,Aligned,risk_on,C,0.0,fallback,REDUCE,REDUCE,0.5,High,2,NORMAL,REDUCE,0.5,0,0,4,基础:BULLISH_WARNING(2)；数据质量C+1；置信度Low+1
00700,腾讯控股,2020-08-21,STRUCTURAL_DIVERGENCE,Stable,Consolidation,Low,BULLISH_WARNING,55.0,Aligned,risk_on,C,0.0,fallback,REDUCE,REDUCE,0.5,High,1,NORMAL,REDUCE,0.5,0,0,4,基础:BULLISH_WARNING(2)；数据质量C+1；置信度Low+1
00700,腾讯控股,2020-08-28,STRUCTURAL_DIVERGENCE,Stable,Consolidation,Low,BULLISH_WARNING,55.0,Aligned,risk_on,C,0.0,fallback,REDUCE,REDUCE,0.5,High,0,NORMAL,REDUCE,0.5,0,0,4,基础:BULLISH_WARNING(2)；数据质量C+1；置信度Low+1
00700,腾讯控股,2020-09-04,STRUCTURAL_DIVERGENCE,Stable,Pullback,Low,BULLISH_WARNING,55.0,Aligned,risk_off,C,-1.0,fallback,REDUCE,REDUCE,0.2,Extreme,3,WATCH,REDUCE,0.2,0,0,5,基础:BULLISH_WARNING(2)；市场risk_off+1；数据质量C+1；置信度Low+1
00700,腾讯控股,2020-09-11,STRUCTURAL_DIVERGENCE,Stable,Pullback,Low,BULLISH_WARNING,55.0,Aligned,neutral,C,-1.0,fallback,REDUCE,REDUCE,0.5,High,3,WATCH,REDUCE,0.5,0,0,4,基础:BULLISH_WARNING(2)；数据质量C+1；置信度Low+1
00700,腾讯控股,2020-09-18,STRUCTURAL_DIVERGENCE,Stable,Consolidation,Low,BULLISH_WARNING,55.0,Aligned,neutral,C,-1.0,fallback,REDUCE,REDUCE,0.5,High,1,NORMAL,REDUCE,0.5,0,0,4,基础:BULLISH_WARNING(2)；数据质量C+1；置信度Low+1
00700,腾讯控股,2020-09-25,STRUCTURAL_DIVERGENCE,Stable,Pullback,Low,BULLISH_WARNING,55.0,Aligned,risk_off,C,-1.0,fallback,REDUCE,REDUCE,0.2,Extreme,2,NORMAL,REDUCE,0.2,0,0,5,基础:BULLISH_WARNING(2)；市场risk_off+1；数据质量C+1；置信度Low+1
00700,腾讯控股,2020-10-02,STRUCTURAL_DIVERGENCE,Deteriorating,Pullback,Low,BULLISH_WARNING,55.0,Aligned,risk_off,C,1.0,fallback,REDUCE,REDUCE,0.2,Extreme,3,WATCH,REDUCE,0.2,0,0,5,基础:BULLISH_WARNING(2)；市场risk_off+1；数据质量C+1；置信度Low+1
00700,腾讯控股,2020-10-09,STRUCTURAL_DIVERGENCE,Deteriorating,Consolidation,Low,BULLISH_WARNING,55.0,Aligned,risk_off,C,1.0,fallback,REDUCE,REDUCE,0.2,Extreme,2,NORMAL,REDUCE,0.2,0,0,5,基础:BULLISH_WARNING(2)；市场risk_off+1；数据质量C+1；置信度Low+1
00700,腾讯控股,2020-10-16,STRUCTURAL_DIVERGENCE,Deteriorating,Consolidation,Low,BULLISH_WARNING,55.0,Aligned,risk_off,C,1.0,fallback,REDUCE,REDUCE,0.2,Extreme,0,NORMAL,REDUCE,0.2,0,0,5,基础:BULLISH_WARNING(2)；市场risk_off+1；数据质量C+1；置信度Low+1
00700,腾讯控股,2020-10-23,STRUCTURAL_DIVERGENCE,Deteriorating,Consolidation,Low,BULLISH_WARNING,55.0,Aligned,neutral,C,1.0,fallback,REDUCE,REDUCE,0.5,High,0,NORMAL,REDUCE,0.5,0,0,4,基础:BULLISH_WARNING(2)；数据质量C+1；置信度Low+1
00700,腾讯控股,2020-10-30,STRUCTURAL_DIVERGENCE,Deteriorating,Consolidation,Low,BULLISH_WARNING,55.0,Aligned,risk_off,C,1.0,fallback,REDUCE,REDUCE,0.2,Extreme,0,NORMAL,REDUCE,0.2,0,0,5,基础:BULLISH_WARNING(2)；市场risk_off+1；数据质量C+1；置信度Low+1
00700,腾讯控股,2020-11-06,STRUCTURAL_DIVERGENCE,Improving,Consolidation,Low,BULLISH_WARNING,55.0,Aligned,risk_on,C,1.0,fallback,REDUCE,REDUCE,0.5,High,0,NORMAL,REDUCE,0.5,0,0,4,基础:BULLISH_WARNING(2)；数据质量C+1；置信度Low+1
00700,腾讯控股,2020-11-13,STRUCTURAL_DIVERGENCE,Improving,Consolidation,Low,BULLISH_WARNING,55.0,Aligned,risk_on,C,1.0,fallback,REDUCE,REDUCE,0.5,High,0,NORMAL,REDUCE,0.5,0,0,4,基础:BULLISH_WARNING(2)；数据质量C+1；置信度Low+1
00700,腾讯控股,2020-11-20,STRUCTURAL_DIVERGENCE,Improving,Consolidation,Medium,BULLISH_WARNING,55.0,Aligned,risk_on,B,1.0,fallback,REDUCE,REDUCE,0.5,Low,0,NORMAL,REDUCE,0.5,0,0,2,基础:BULLISH_WARNING(2)
00700,腾讯控股,2020-11-27,STRUCTURAL_DIVERGENCE,Improving,Pullback,Medium,BULLISH_WARNING,55.0,Aligned,risk_on,B,1.0,fallback,REDUCE,REDUCE,0.5,Low,0,NORMAL,REDUCE,0.5,0,0,2,基础:BULLISH_WARNING(2)
00700,腾讯控股,2020-12-04,STRUCTURAL_DIVERGENCE,Deteriorating,Consolidation,Low,BULLISH_WARNING,55.0,Aligned,risk_on,B,0.0,fallback,REDUCE,REDUCE,0.5,Medium,0,NORMAL,REDUCE,0.5,0,0,3,基础:BULLISH_WARNING(2)；置信度Low+1
00700,腾讯控股,2020-12-11,STRUCTURAL_DIVERGENCE,Deteriorating,Consolidation,Low,BULLISH_WARNING,55.0,Aligned,risk_on,B,0.0,fallback,REDUCE,REDUCE,0.5,Medium,1,NORMAL,REDUCE,0.5,0,0,3,基础:BULLISH_WARNING(2)；置信度Low+1
00700,腾讯控股,2020-12-18,STRUCTURAL_DIVERGENCE,Deteriorating,Pullback,Low,BULLISH_WARNING,55.0,Aligned,risk_on,B,0.0,fallback,REDUCE,REDUCE,0.5,Medium,1,NORMAL,REDUCE,0.5,0,0,3,基础:BULLISH_WARNING(2)；置信度Low+1
00700,腾讯控股,2020-12-25,STRUCTURAL_DIVERGENCE,Deteriorating,Pullback,Low,BULLISH_WARNING,55.0,Aligned,risk_on,B,0.0,fallback,REDUCE,REDUCE,0.5,Medium,3,WATCH,REDUCE,0.5,0,0,3,基础:BULLISH_WARNING(2)；置信度Low+1
00700,腾讯控股,2021-01-01,STRUCTURAL_DIVERGENCE,Stable,Pullback,Medium,BULLISH_WARNING,55.0,Aligned,risk_on,B,0.0,fallback,REDUCE,REDUCE,0.5,Low,2,NORMAL,REDUCE,0.5,0,0,2,基础:BULLISH_WARNING(2)
00700,腾讯控股,2021-01-08,STRUCTURAL_DIVERGENCE,Stable,Consolidation,Medium,BULLISH_WARNING,55.0,Aligned,risk_on,B,0.0,fallback,REDUCE,REDUCE,0.5,Low,2,NORMAL,REDUCE,0.5,0,0,2,基础:BULLISH_WARNING(2)
00700,腾讯控股,2021-01-15,STRUCTURAL_DIVERGENCE,Stable,Consolidation,Medium,BULLISH_WARNING,55.0,Aligned,risk_on,B,0.0,fallback,REDUCE,REDUCE,0.5,Low,1,NORMAL,REDUCE,0.5,0,0,2,基础:BULLISH_WARNING(2)
00700,腾讯控股,2021-01-22,STRUCTURAL_DIVERGENCE,Stable,Consolidation,Medium,BULLISH_WARNING,55.0,Aligned,risk_on,B,0.0,fallback,REDUCE,REDUCE,0.5,Low,0,NORMAL,REDUCE,0.5,0,0,2,基础:BULLISH_WARNING(2)
00700,腾讯控股,2021-01-29,STRUCTURAL_DIVERGENCE,Stable,Consolidation,Medium,BULLISH_WARNING,55.0,Aligned,risk_off,B,0.0,fallback,REDUCE,REDUCE,0.5,Medium,0,NORMAL,REDUCE,0.5,0,0,3,基础:BULLISH_WARNING(2)；市场risk_off+1
00700,腾讯控股,2021-02-05,STRUCTURAL_DIVERGENCE,Stable,Consolidation,Medium,BULLISH_WARNING,55.0,Aligned,risk_on,B,0.0,fallback,REDUCE,REDUCE,0.5,Low,0,NORMAL,REDUCE,0.5,0,0,2,基础:BULLISH_WARNING(2)
00700,腾讯控股,2021-02-12,STRUCTURAL_DIVERGENCE,Stable,Consolidation,Medium,BULLISH_WARNING,55.0,Aligned,risk_on,B,0.0,fallback,REDUCE,REDUCE,0.5,Low,0,NORMAL,REDUCE,0.5,0,0,2,基础:BULLISH_WARNING(2)
00700,腾讯控股,2021-02-19,STRUCTURAL_ACCUMULATION,Stable,Consolidation,Medium,BULLISH_STABLE,75.0,Aligned,risk_on,C,0.0,fallback,HOLD,HOLD,0.75,Low,0,NORMAL,HOLD,0.75,0,0,2,基础:BULLISH_STABLE(1)；数据质量C+1
00700,腾讯控股,2021-02-26,STRUCTURAL_ACCUMULATION,Stable,Pullback,Medium,BULLISH_STABLE,75.0,Aligned,risk_off,C,0.0,fallback,HOLD,HOLD,0.75,Medium,0,NORMAL,HOLD,0.75,0,0,3,基础:BULLISH_STABLE(1)；市场risk_off+1；数据质量C+1
00700,腾讯控股,2021-03-05,STRUCTURAL_ACCUMULATION,Stable,Pullback,Medium,BULLISH_STABLE,75.0,Aligned,risk_on,C,1.0,fallback,HOLD,HOLD,0.75,Low,1,NORMAL,HOLD,0.75,0,0,2,基础:BULLISH_STABLE(1)；数据质量C+1
00700,腾讯控股,2021-03-12,STRUCTURAL_ACCUMULATION,Stable,Pullback,Medium,BULLISH_STABLE,75.0,Aligned,risk_on,C,1.0,fallback,REDUCE,HOLD,0.75,Extreme,5,REDUCE,REDUCE,0.2,1,0,2,基础:BULLISH_STABLE(1)；数据质量C+1
00700,腾讯控股,2021-03-19,STRUCTURAL_ACCUMULATION,Stable,Consolidation,Medium,BULLISH_STABLE,75.0,Aligned,risk_on,C,1.0,fallback,EXIT,HOLD,0.75,Extreme,8,DE-RISK,EXIT,0.0,1,0,2,基础:BULLISH_STABLE(1)；数据质量C+1
00700,腾讯控股,2021-03-26,STRUCTURAL_ACCUMULATION,Stable,Consolidation,Medium,BULLISH_STABLE,75.0,Aligned,risk_on,C,1.0,fallback,REDUCE,HOLD,0.75,Extreme,5,REDUCE,REDUCE,0.2,1,0,2,基础:BULLISH_STABLE(1)；数据质量C+1
00700,腾讯控股,2021-04-02,STRUCTURAL_ACCUMULATION,Deteriorating,Consolidation,Medium,BULLISH_STABLE,75.0,Divergence,risk_on,C,0.0,fallback,REDUCE,HOLD,0.75,Extreme,2,NORMAL,REDUCE,0.2,1,0,3,基础:BULLISH_STABLE(1)；结构-行为背离+1；数据质量C+1
00700,腾讯控股,2021-04-09,STRUCTURAL_ACCUMULATION,Deteriorating,Consolidation,Medium,BULLISH_STABLE,75.0,Divergence,risk_on,C,0.0,fallback,REDUCE,HOLD,0.75,Extreme,5,REDUCE,REDUCE,0.2,1,0,3,基础:BULLISH_STABLE(1)；结构-行为背离+1；数据质量C+1
00700,腾讯控股,2021-04-16,STRUCTURAL_ACCUMULATION,Deteriorating,Consolidation,Medium,BULLISH_STABLE,75.0,Divergence,neutral,C,0.0,fallback,REDUCE,HOLD,0.75,Extreme,4,WATCH,REDUCE,0.2,1,0,3,基础:BULLISH_STABLE(1)；结构-行为背离+1；数据质量C+1
00700,腾讯控股,2021-04-23,STRUCTURAL_ACCUMULATION,Deteriorating,Consolidation,Medium,BULLISH_STABLE,75.0,Divergence,neutral,C,0.0,fallback,REDUCE,HOLD,0.75,Extreme,5,REDUCE,REDUCE,0.2,1,0,3,基础:BULLISH_STABLE(1)；结构-行为背离+1；数据质量C+1
00700,腾讯控股,2021-04-30,STRUCTURAL_ACCUMULATION,Stable,Consolidation,Medium,BULLISH_STABLE,75.0,Aligned,neutral,C,0.0,fallback,REDUCE,HOLD,0.75,Extreme,4,WATCH,REDUCE,0.2,1,0,2,基础:BULLISH_STABLE(1)；数据质量C+1
00700,腾讯控股,2021-05-07,STRUCTURAL_ACCUMULATION,Stable,Consolidation,Medium,BULLISH_STABLE,75.0,Aligned,risk_off,C,0.0,fallback,EXIT,HOLD,0.75,Extreme,9,DE-RISK,EXIT,0.0,1,0,3,基础:BULLISH_STABLE(1)；市场risk_off+1；数据质量C+1
00700,腾讯控股,2021-05-14,STRUCTURAL_ACCUMULATION,Stable,Consolidation,Medium,BULLISH_STABLE,75.0,Aligned,risk_off,C,0.0,fallback,REDUCE,HOLD,0.75,Extreme,6,REDUCE,REDUCE,0.2,1,0,3,基础:BULLISH_STABLE(1)；市场risk_off+1；数据质量C+1
00700,腾讯控股,2021-05-21,STRUCTURAL_ACCUMULATION,Stable,Consolidation,Low,BULLISH_STABLE,75.0,Aligned,risk_off,B,0.0,fallback,EXIT,HOLD,0.75,Extreme,7,DE-RISK,EXIT,0.0,1,0,3,基础:BULLISH_STABLE(1)；市场risk_off+1；置信度Low+1
00700,腾讯控股,2021-05-28,STRUCTURAL_ACCUMULATION,Stable,Consolidation,Low,BULLISH_STABLE,75.0,Aligned,neutral,B,0.0,fallback,REDUCE,HOLD,0.75,Extreme,5,REDUCE,REDUCE,0.2,1,0,2,基础:BULLISH_STABLE(1)；置信度Low+1
00700,腾讯控股,2021-06-04,STRUCTURAL_ACCUMULATION,Stable,Consolidation,Medium,BULLISH_STABLE,75.0,Aligned,neutral,B,1.0,fallback,REDUCE,HOLD,0.75,Extreme,6,REDUCE,REDUCE,0.2,1,0,1,基础:BULLISH_STABLE(1)
00700,腾讯控股,2021-06-11,STRUCTURAL_ACCUMULATION,Stable,Consolidation,Medium,BULLISH_STABLE,75.0,Aligned,neutral,B,1.0,fallback,EXIT,HOLD,0.75,Extreme,7,DE-RISK,EXIT,0.0,1,0,1,基础:BULLISH_STABLE(1)
00700,腾讯控股,2021-06-18,STRUCTURAL_ACCUMULATION,Stable,Consolidation,Medium,BULLISH_STABLE,75.0,Aligned,neutral,B,1.0,fallback,REDUCE,HOLD,0.75,Extreme,3,WATCH,REDUCE,0.2,1,0,1,基础:BULLISH_STABLE(1)
00700,腾讯控股,2021-06-25,STRUCTURAL_ACCUMULATION,Stable,Consolidation,Medium,BULLISH_STABLE,75.0,Aligned,risk_on,B,1.0,fallback,REDUCE,HOLD,0.75,Extreme,3,WATCH,REDUCE,0.2,1,0,1,基础:BULLISH_STABLE(1)
00700,腾讯控股,2021-07-02,STRUCTURAL_ACCUMULATION,Deteriorating,Consolidation,Medium,BULLISH_STABLE,75.0,Divergence,risk_off,B,1.0,fallback,EXIT,HOLD,0.75,Extreme,7,DE-RISK,EXIT,0.0,1,0,3,基础:BULLISH_STABLE(1)；结构-行为背离+1；市场risk_off+1
00700,腾讯控股,2021-07-09,STRUCTURAL_ACCUMULATION,Deteriorating,Breakdown,Medium,BULLISH_WARNING,55.0,Divergence,risk_off,B,1.0,matrix,EXIT,REDUCE,0.5,Extreme,12,DE-RISK,EXIT,0.0,1,0,4,基础:BULLISH_WARNING(2)；结构-行为背离+1；市场risk_off+1
00700,腾讯控股,2021-07-16,STRUCTURAL_ACCUMULATION,Deteriorating,Consolidation,Medium,BULLISH_STABLE,75.0,Divergence,risk_off,B,1.0,fallback,REDUCE,HOLD,0.75,Extreme,6,REDUCE,REDUCE,0.2,1,0,3,基础:BULLISH_STABLE(1)；结构-行为背离+1；市场risk_off+1
00700,腾讯控股,2021-07-23,STRUCTURAL_ACCUMULATION,Deteriorating,Consolidation,Medium,BULLISH_STABLE,75.0,Divergence,risk_off,B,1.0,fallback,EXIT,HOLD,0.75,Extreme,9,DE-RISK,EXIT,0.0,1,0,3,基础:BULLISH_STABLE(1)；结构-行为背离+1；市场risk_off+1
00700,腾讯控股,2021-07-30,STRUCTURAL_ACCUMULATION,Deteriorating,Breakdown,Medium,BULLISH_WARNING,55.0,Divergence,risk_off,B,1.0,matrix,EXIT,REDUCE,0.5,Extreme,11,DE-RISK,EXIT,0.0,1,0,4,基础:BULLISH_WARNING(2)；结构-行为背离+1；市场risk_off+1
00700,腾讯控股,2021-08-06,STRUCTURAL_ACCUMULATION,Deteriorating,Consolidation,Low,BULLISH_STABLE,75.0,Divergence,risk_off,B,-1.0,fallback,EXIT,HOLD,0.5,Extreme,7,DE-RISK,EXIT,0.0,1,0,4,基础:BULLISH_STABLE(1)；结构-行为背离+1；市场risk_off+1；置信度Low+1
00700,腾讯控股,2021-08-13,STRUCTURAL_ACCUMULATION,Deteriorating,Consolidation,Low,BULLISH_STABLE,75.0,Divergence,risk_off,B,-1.0,fallback,EXIT,HOLD,0.5,Extreme,7,DE-RISK,EXIT,0.0,1,0,4,基础:BULLISH_STABLE(1)；结构-行为背离+1；市场risk_off+1；置信度Low+1
00700,腾讯控股,2021-08-20,STRUCTURAL_ACCUMULATION,Deteriorating,Consolidation,Low,BULLISH_STABLE,75.0,Divergence,risk_off,B,-1.0,fallback,EXIT,HOLD,0.5,Extreme,7,DE-RISK,EXIT,0.0,1,0,4,基础:BULLISH_STABLE(1)；结构-行为背离+1；市场risk_off+1；置信度Low+1
00700,腾讯控股,2021-08-27,STRUCTURAL_ACCUMULATION,Deteriorating,Consolidation,Low,BULLISH_STABLE,75.0,Divergence,risk_off,B,-1.0,fallback,EXIT,HOLD,0.5,Extreme,7,DE-RISK,EXIT,0.0,1,0,4,基础:BULLISH_STABLE(1)；结构-行为背离+1；市场risk_off+1；置信度Low+1
00700,腾讯控股,2021-09-03,STRUCTURAL_ACCUMULATION,Deteriorating,Consolidation,Low,BULLISH_STABLE,75.0,Divergence,risk_off,B,-1.0,fallback,REDUCE,HOLD,0.5,Extreme,6,REDUCE,REDUCE,0.2,1,0,4,基础:BULLISH_STABLE(1)；结构-行为背离+1；市场risk_off+1；置信度Low+1
00700,腾讯控股,2021-09-10,STRUCTURAL_ACCUMULATION,Deteriorating,Consolidation,Low,BULLISH_STABLE,75.0,Divergence,risk_off,B,-1.0,fallback,REDUCE,HOLD,0.5,Extreme,5,REDUCE,REDUCE,0.2,1,0,4,基础:BULLISH_STABLE(1)；结构-行为背离+1；市场risk_off+1；置信度Low+1
00700,腾讯控股,2021-09-17,STRUCTURAL_ACCUMULATION,Deteriorating,Consolidation,Low,BULLISH_STABLE,75.0,Divergence,risk_off,B,-1.0,fallback,REDUCE,HOLD,0.5,Extreme,5,REDUCE,REDUCE,0.2,1,0,4,基础:BULLISH_STABLE(1)；结构-行为背离+1；市场risk_off+1；置信度Low+1
00700,腾讯控股,2021-09-24,STRUCTURAL_ACCUMULATION,Deteriorating,Consolidation,Low,BULLISH_STABLE,75.0,Divergence,risk_off,B,-1.0,fallback,EXIT,HOLD,0.5,Extreme,7,DE-RISK,EXIT,0.0,1,0,4,基础:BULLISH_STABLE(1)；结构-行为背离+1；市场risk_off+1；置信度Low+1
00700,腾讯控股,2021-10-01,STRUCTURAL_ACCUMULATION,Stable,Consolidation,Low,BULLISH_STABLE,75.0,Aligned,risk_off,B,0.0,fallback,REDUCE,HOLD,0.75,Extreme,4,WATCH,REDUCE,0.2,1,0,3,基础:BULLISH_STABLE(1)；市场risk_off+1；置信度Low+1
00700,腾讯控股,2021-10-08,STRUCTURAL_ACCUMULATION,Stable,Consolidation,Low,BULLISH_STABLE,75.0,Aligned,risk_off,B,0.0,fallback,REDUCE,HOLD,0.75,Extreme,5,REDUCE,REDUCE,0.2,1,0,3,基础:BULLISH_STABLE(1)；市场risk_off+1；置信度Low+1
00700,腾讯控股,2021-10-15,STRUCTURAL_ACCUMULATION,Stable,Consolidation,Low,BULLISH_STABLE,75.0,Aligned,risk_off,B,0.0,fallback,REDUCE,HOLD,0.75,Extreme,4,WATCH,REDUCE,0.2,1,0,3,基础:BULLISH_STABLE(1)；市场risk_off+1；置信度Low+1
00700,腾讯控股,2021-10-22,STRUCTURAL_ACCUMULATION,Stable,Consolidation,Low,BULLISH_STABLE,75.0,Aligned,neutral,B,0.0,fallback,REDUCE,HOLD,0.75,Extreme,2,NORMAL,REDUCE,0.2,1,0,2,基础:BULLISH_STABLE(1)；置信度Low+1
00700,腾讯控股,2021-10-29,STRUCTURAL_ACCUMULATION,Stable,Consolidation,Low,BULLISH_STABLE,75.0,Aligned,risk_off,B,0.0,fallback,REDUCE,HOLD,0.75,Extreme,5,REDUCE,REDUCE,0.2,1,0,3,基础:BULLISH_STABLE(1)；市场risk_off+1；置信度Low+1
00700,腾讯控股,2021-11-05,STRUCTURAL_ACCUMULATION,Improving,Consolidation,Low,BULLISH_STABLE,75.0,Aligned,risk_off,B,1.0,matrix,REDUCE,HOLD,0.75,Extreme,5,REDUCE,REDUCE,0.2,1,0,3,基础:BULLISH_STABLE(1)；市场risk_off+1；置信度Low+1
00700,腾讯控股,2021-11-12,STRUCTURAL_ACCUMULATION,Improving,Consolidation,Low,BULLISH_STABLE,75.0,Aligned,risk_off,B,1.0,matrix,REDUCE,HOLD,0.75,Extreme,2,NORMAL,REDUCE,0.2,1,0,3,基础:BULLISH_STABLE(1)；市场risk_off+1；置信度Low+1
00700,腾讯控股,2021-11-19,STRUCTURAL_ACCUMULATION,Improving,Consolidation,Low,BULLISH_STABLE,75.0,Aligned,neutral,B,1.0,matrix,REDUCE,HOLD,0.75,Extreme,1,NORMAL,REDUCE,0.2,1,0,2,基础:BULLISH_STABLE(1)；置信度Low+1
00700,腾讯控股,2021-11-26,STRUCTURAL_ACCUMULATION,Improving,Consolidation,Low,BULLISH_STABLE,75.0,Aligned,risk_off,B,1.0,matrix,EXIT,HOLD,0.75,Extreme,8,DE-RISK,EXIT,0.0,1,0,3,基础:BULLISH_STABLE(1)；市场risk_off+1；置信度Low+1
00700,腾讯控股,2021-12-03,STRUCTURAL_ACCUMULATION,Deteriorating,Consolidation,Low,BULLISH_STABLE,75.0,Divergence,risk_off,B,0.0,fallback,EXIT,HOLD,0.5,Extreme,8,DE-RISK,EXIT,0.0,1,0,4,基础:BULLISH_STABLE(1)；结构-行为背离+1；市场risk_off+1；置信度Low+1
00700,腾讯控股,2021-12-10,STRUCTURAL_ACCUMULATION,Deteriorating,Consolidation,Low,BULLISH_STABLE,75.0,Divergence,risk_off,B,0.0,fallback,REDUCE,HOLD,0.5,Extreme,4,WATCH,REDUCE,0.2,1,0,4,基础:BULLISH_STABLE(1)；结构-行为背离+1；市场risk_off+1；置信度Low+1
00700,腾讯控股,2021-12-17,STRUCTURAL_ACCUMULATION,Deteriorating,Consolidation,Low,BULLISH_STABLE,75.0,Divergence,risk_off,B,0.0,fallback,EXIT,HOLD,0.5,Extreme,8,DE-RISK,EXIT,0.0,1,0,4,基础:BULLISH_STABLE(1)；结构-行为背离+1；市场risk_off+1；置信度Low+1
00700,腾讯控股,2021-12-24,STRUCTURAL_ACCUMULATION,Deteriorating,Consolidation,Low,BULLISH_STABLE,75.0,Divergence,risk_off,B,0.0,fallback,REDUCE,HOLD,0.5,Extreme,6,REDUCE,REDUCE,0.2,1,0,4,基础:BULLISH_STABLE(1)；结构-行为背离+1；市场risk_off+1；置信度Low+1
00700,腾讯控股,2021-12-31,STRUCTURAL_ACCUMULATION,Stable,Consolidation,Low,BULLISH_STABLE,75.0,Aligned,risk_off,B,-1.0,fallback,REDUCE,HOLD,0.75,Extreme,5,REDUCE,REDUCE,0.2,1,0,3,基础:BULLISH_STABLE(1)；市场risk_off+1；置信度Low+1
00700,腾讯控股,2022-01-07,STRUCTURAL_ACCUMULATION,Stable,Consolidation,Low,BULLISH_STABLE,75.0,Aligned,risk_off,B,-1.0,fallback,REDUCE,HOLD,0.75,Extreme,5,REDUCE,REDUCE,0.2,1,0,3,基础:BULLISH_STABLE(1)；市场risk_off+1；置信度Low+1
00700,腾讯控股,2022-01-14,STRUCTURAL_ACCUMULATION,Stable,Consolidation,Low,BULLISH_STABLE,75.0,Aligned,risk_off,B,-1.0,fallback,REDUCE,HOLD,0.75,Extreme,5,REDUCE,REDUCE,0.2,1,0,3,基础:BULLISH_STABLE(1)；市场risk_off+1；置信度Low+1
00700,腾讯控股,2022-01-21,STRUCTURAL_ACCUMULATION,Stable,Consolidation,Low,BULLISH_STABLE,75.0,Aligned,risk_off,B,-1.0,fallback,HOLD,HOLD,0.75,Medium,3,WATCH,HOLD,0.75,0,0,3,基础:BULLISH_STABLE(1)；市场risk_off+1；置信度Low+1
00700,腾讯控股,2022-01-28,STRUCTURAL_ACCUMULATION,Stable,Consolidation,Low,BULLISH_STABLE,75.0,Aligned,risk_off,B,-1.0,fallback,HOLD,HOLD,0.75,Medium,2,NORMAL,HOLD,0.75,0,0,3,基础:BULLISH_STABLE(1)；市场risk_off+1；置信度Low+1
00700,腾讯控股,2022-02-04,STRUCTURAL_ACCUMULATION,Improving,Consolidation,Low,BULLISH_STABLE,75.0,Aligned,neutral,B,0.0,matrix,HOLD,HOLD,0.75,Low,2,NORMAL,HOLD,0.75,0,0,2,基础:BULLISH_STABLE(1)；置信度Low+1
00700,腾讯控股,2022-02-11,STRUCTURAL_ACCUMULATION,Improving,Consolidation,Low,BULLISH_STABLE,75.0,Aligned,neutral,B,0.0,matrix,HOLD,HOLD,0.75,Low,2,NORMAL,HOLD,0.75,0,0,2,基础:BULLISH_STABLE(1)；置信度Low+1
00700,腾讯控股,2022-02-18,STRUCTURAL_ACCUMULATION,Improving,Consolidation,Low,BULLISH_STABLE,75.0,Aligned,risk_off,B,2.0,matrix,REDUCE,HOLD,0.75,Extreme,5,REDUCE,REDUCE,0.2,1,0,3,基础:BULLISH_STABLE(1)；市场risk_off+1；置信度Low+1
00700,腾讯控股,2022-02-25,STRUCTURAL_ACCUMULATION,Improving,Consolidation,Low,BULLISH_STABLE,75.0,Aligned,risk_off,B,2.0,matrix,EXIT,HOLD,0.75,Extreme,7,DE-RISK,EXIT,0.0,1,0,3,基础:BULLISH_STABLE(1)；市场risk_off+1；置信度Low+1
00700,腾讯控股,2022-03-04,STRUCTURAL_ACCUMULATION,Deteriorating,Breakdown,Low,BULLISH_WARNING,55.0,Divergence,risk_off,B,2.0,matrix,EXIT,REDUCE,0.2,Extreme,12,DE-RISK,EXIT,0.0,1,0,5,基础:BULLISH_WARNING(2)；结构-行为背离+1；市场risk_off+1；置信度Low+1
00700,腾讯控股,2022-03-11,STRUCTURAL_ACCUMULATION,Deteriorating,Breakdown,Low,BULLISH_WARNING,55.0,Divergence,risk_off,B,2.0,matrix,EXIT,REDUCE,0.2,Extreme,12,DE-RISK,EXIT,0.0,1,0,5,基础:BULLISH_WARNING(2)；结构-行为背离+1；市场risk_off+1；置信度Low+1
00700,腾讯控股,2022-03-18,STRUCTURAL_ACCUMULATION,Deteriorating,Consolidation,Low,BULLISH_STABLE,75.0,Divergence,risk_off,B,2.0,fallback,EXIT,HOLD,0.5,Extreme,9,DE-RISK,EXIT,0.0,1,0,4,基础:BULLISH_STABLE(1)；结构-行为背离+1；市场risk_off+1；置信度Low+1
00700,腾讯控股,2022-03-25,STRUCTURAL_ACCUMULATION,Deteriorating,Consolidation,Low,BULLISH_STABLE,75.0,Divergence,risk_off,B,2.0,fallback,REDUCE,HOLD,0.5,Extreme,6,REDUCE,REDUCE,0.2,1,0,4,基础:BULLISH_STABLE(1)；结构-行为背离+1；市场risk_off+1；置信度Low+1
00700,腾讯控股,2022-04-01,STRUCTURAL_ACCUMULATION,Deteriorating,Consolidation,Low,BULLISH_STABLE,75.0,Divergence,risk_off,B,1.0,fallback,REDUCE,HOLD,0.5,Extreme,6,REDUCE,REDUCE,0.2,1,0,4,基础:BULLISH_STABLE(1)；结构-行为背离+1；市场risk_off+1；置信度Low+1
00700,腾讯控股,2022-04-08,STRUCTURAL_ACCUMULATION,Deteriorating,Consolidation,Low,BULLISH_STABLE,75.0,Divergence,risk_off,B,1.0,fallback,EXIT,HOLD,0.5,Extreme,7,DE-RISK,EXIT,0.0,1,0,4,基础:BULLISH_STABLE(1)；结构-行为背离+1；市场risk_off+1；置信度Low+1
00700,腾讯控股,2022-04-15,STRUCTURAL_ACCUMULATION,Deteriorating,Consolidation,Low,BULLISH_STABLE,75.0,Divergence,risk_off,B,1.0,fallback,REDUCE,HOLD,0.5,Extreme,5,REDUCE,REDUCE,0.2,1,0,4,基础:BULLISH_STABLE(1)；结构-行为背离+1；市场risk_off+1；置信度Low+1
00700,腾讯控股,2022-04-22,STRUCTURAL_ACCUMULATION,Deteriorating,Consolidation,Low,BULLISH_STABLE,75.0,Divergence,risk_off,B,1.0,fallback,REDUCE,HOLD,0.5,Extreme,6,REDUCE,REDUCE,0.2,1,0,4,基础:BULLISH_STABLE(1)；结构-行为背离+1；市场risk_off+1；置信度Low+1
00700,腾讯控股,2022-04-29,STRUCTURAL_ACCUMULATION,Deteriorating,Consolidation,Low,BULLISH_STABLE,75.0,Divergence,risk_off,B,1.0,fallback,REDUCE,HOLD,0.5,Extreme,5,REDUCE,REDUCE,0.2,1,0,4,基础:BULLISH_STABLE(1)；结构-行为背离+1；市场risk_off+1；置信度Low+1
00700,腾讯控股,2022-05-06,STRUCTURAL_ACCUMULATION,Stable,Consolidation,Low,BULLISH_STABLE,75.0,Aligned,risk_off,B,2.0,fallback,EXIT,HOLD,0.75,Extreme,7,DE-RISK,EXIT,0.0,1,0,3,基础:BULLISH_STABLE(1)；市场risk_off+1；置信度Low+1
00700,腾讯控股,2022-05-13,STRUCTURAL_ACCUMULATION,Stable,Consolidation,Low,BULLISH_STABLE,75.0,Aligned,risk_off,B,2.0,fallback,REDUCE,HOLD,0.75,Extreme,5,REDUCE,REDUCE,0.2,1,0,3,基础:BULLISH_STABLE(1)；市场risk_off+1；置信度Low+1
00700,腾讯控股,2022-05-20,STRUCTURAL_ACCUMULATION,Stable,Consolidation,Low,BULLISH_STABLE,75.0,Aligned,risk_off,B,0.0,fallback,REDUCE,HOLD,0.75,Extreme,6,REDUCE,REDUCE,0.2,1,0,3,基础:BULLISH_STABLE(1)；市场risk_off+1；置信度Low+1
00700,腾讯控股,2022-05-27,STRUCTURAL_ACCUMULATION,Stable,Consolidation,Low,BULLISH_STABLE,75.0,Aligned,risk_off,B,0.0,fallback,REDUCE,HOLD,0.75,Extreme,5,REDUCE,REDUCE,0.2,1,0,3,基础:BULLISH_STABLE(1)；市场risk_off+1；置信度Low+1
00700,腾讯控股,2022-06-03,STRUCTURAL_ACCUMULATION,Stable,Consolidation,Low,BULLISH_STABLE,75.0,Aligned,risk_off,B,0.0,fallback,EXIT,HOLD,0.75,Extreme,7,DE-RISK,EXIT,0.0,1,0,3,基础:BULLISH_STABLE(1)；市场risk_off+1；置信度Low+1
00700,腾讯控股,2022-06-10,STRUCTURAL_ACCUMULATION,Stable,Consolidation,Low,BULLISH_STABLE,75.0,Aligned,risk_off,B,0.0,fallback,REDUCE,HOLD,0.75,Extreme,2,NORMAL,REDUCE,0.2,1,0,3,基础:BULLISH_STABLE(1)；市场risk_off+1；置信度Low+1
00700,腾讯控股,2022-06-17,STRUCTURAL_ACCUMULATION,Stable,Consolidation,Low,BULLISH_STABLE,75.0,Aligned,risk_off,B,0.0,fallback,REDUCE,HOLD,0.75,Extreme,3,WATCH,REDUCE,0.2,1,0,3,基础:BULLISH_STABLE(1)；市场risk_off+1；置信度Low+1
00700,腾讯控股,2022-06-24,STRUCTURAL_ACCUMULATION,Stable,Consolidation,Low,BULLISH_STABLE,75.0,Aligned,risk_off,B,0.0,fallback,REDUCE,HOLD,0.75,Extreme,1,NORMAL,REDUCE,0.2,1,0,3,基础:BULLISH_STABLE(1)；市场risk_off+1；置信度Low+1
00700,腾讯控股,2022-07-01,STRUCTURAL_ACCUMULATION,Stable,Consolidation,Low,BULLISH_STABLE,75.0,Aligned,risk_off,B,0.0,fallback,REDUCE,HOLD,0.75,Extreme,6,REDUCE,REDUCE,0.2,1,0,3,基础:BULLISH_STABLE(1)；市场risk_off+1；置信度Low+1
00700,腾讯控股,2022-07-08,STRUCTURAL_ACCUMULATION,Stable,Consolidation,Low,BULLISH_STABLE,75.0,Aligned,risk_off,B,0.0,fallback,REDUCE,HOLD,0.75,Extreme,5,REDUCE,REDUCE,0.2,1,0,3,基础:BULLISH_STABLE(1)；市场risk_off+1；置信度Low+1
00700,腾讯控股,2022-07-15,STRUCTURAL_ACCUMULATION,Stable,Consolidation,Low,BULLISH_STABLE,75.0,Aligned,risk_off,B,0.0,fallback,EXIT,HOLD,0.75,Extreme,10,DE-RISK,EXIT,0.0,1,0,3,基础:BULLISH_STABLE(1)；市场risk_off+1；置信度Low+1
00700,腾讯控股,2022-07-22,STRUCTURAL_ACCUMULATION,Stable,Consolidation,Low,BULLISH_STABLE,75.0,Aligned,risk_off,B,0.0,fallback,EXIT,HOLD,0.75,Extreme,8,DE-RISK,EXIT,0.0,1,0,3,基础:BULLISH_STABLE(1)；市场risk_off+1；置信度Low+1
00700,腾讯控股,2022-07-29,STRUCTURAL_ACCUMULATION,Stable,Consolidation,Low,BULLISH_STABLE,75.0,Aligned,risk_off,B,0.0,fallback,REDUCE,HOLD,0.75,Extreme,6,REDUCE,REDUCE,0.2,1,0,3,基础:BULLISH_STABLE(1)；市场risk_off+1；置信度Low+1
00700,腾讯控股,2022-08-05,STRUCTURAL_ACCUMULATION,Deteriorating,Consolidation,Low,BULLISH_STABLE,75.0,Divergence,neutral,B,0.0,fallback,EXIT,HOLD,0.75,Extreme,9,DE-RISK,EXIT,0.0,1,0,3,基础:BULLISH_STABLE(1)；结构-行为背离+1；置信度Low+1
00700,腾讯控股,2022-08-12,STRUCTURAL_ACCUMULATION,Deteriorating,Consolidation,Low,BULLISH_STABLE,75.0,Divergence,risk_off,B,0.0,fallback,EXIT,HOLD,0.5,Extreme,9,DE-RISK,EXIT,0.0,1,0,4,基础:BULLISH_STABLE(1)；结构-行为背离+1；市场risk_off+1；置信度Low+1
00700,腾讯控股,2022-08-19,STRUCTURAL_ACCUMULATION,Deteriorating,Consolidation,Low,BULLISH_STABLE,75.0,Divergence,neutral,B,0.0,fallback,REDUCE,HOLD,0.75,Extreme,5,REDUCE,REDUCE,0.2,1,0,3,基础:BULLISH_STABLE(1)；结构-行为背离+1；置信度Low+1
00700,腾讯控股,2022-08-26,STRUCTURAL_ACCUMULATION,Deteriorating,Consolidation,Low,BULLISH_STABLE,75.0,Divergence,risk_off,B,0.0,fallback,REDUCE,HOLD,0.5,Extreme,5,REDUCE,REDUCE,0.2,1,0,4,基础:BULLISH_STABLE(1)；结构-行为背离+1；市场risk_off+1；置信度Low+1
00700,腾讯控股,2022-09-02,STRUCTURAL_ACCUMULATION,Improving,Consolidation,Low,BULLISH_STABLE,75.0,Aligned,risk_off,B,0.0,matrix,REDUCE,HOLD,0.75,Extreme,3,WATCH,REDUCE,0.2,1,0,3,基础:BULLISH_STABLE(1)；市场risk_off+1；置信度Low+1
00700,腾讯控股,2022-09-09,STRUCTURAL_ACCUMULATION,Improving,Consolidation,Low,BULLISH_STABLE,75.0,Aligned,risk_off,B,0.0,matrix,REDUCE,HOLD,0.75,Extreme,4,WATCH,REDUCE,0.2,1,0,3,基础:BULLISH_STABLE(1)；市场risk_off+1；置信度Low+1
00700,腾讯控股,2022-09-16,STRUCTURAL_ACCUMULATION,Improving,Consolidation,Low,BULLISH_STABLE,75.0,Aligned,risk_off,B,0.0,matrix,REDUCE,HOLD,0.75,Extreme,5,REDUCE,REDUCE,0.2,1,0,3,基础:BULLISH_STABLE(1)；市场risk_off+1；置信度Low+1
00700,腾讯控股,2022-09-23,STRUCTURAL_ACCUMULATION,Improving,Breakdown,Low,BULLISH_STABLE,75.0,Aligned,risk_off,B,0.0,fallback,EXIT,HOLD,0.75,Extreme,11,DE-RISK,EXIT,0.0,1,0,3,基础:BULLISH_STABLE(1)；市场risk_off+1；置信度Low+1
00700,腾讯控股,2022-09-30,STRUCTURAL_ACCUMULATION,Stable,Breakdown,Low,BULLISH_STABLE,75.0,Aligned,risk_off,B,0.0,fallback,EXIT,HOLD,0.75,Extreme,9,DE-RISK,EXIT,0.0,1,0,3,基础:BULLISH_STABLE(1)；市场risk_off+1；置信度Low+1
00700,腾讯控股,2022-10-07,STRUCTURAL_ACCUMULATION,Stable,Consolidation,Low,BULLISH_STABLE,75.0,Aligned,risk_off,B,0.0,fallback,EXIT,HOLD,0.75,Extreme,9,DE-RISK,EXIT,0.0,1,0,3,基础:BULLISH_STABLE(1)；市场risk_off+1；置信度Low+1
00700,腾讯控股,2022-10-14,STRUCTURAL_ACCUMULATION,Stable,Breakdown,Low,BULLISH_STABLE,75.0,Aligned,risk_off,B,0.0,fallback,EXIT,HOLD,0.75,Extreme,8,DE-RISK,EXIT,0.0,1,0,3,基础:BULLISH_STABLE(1)；市场risk_off+1；置信度Low+1
00700,腾讯控股,2022-10-21,STRUCTURAL_ACCUMULATION,Stable,Breakdown,Low,BULLISH_STABLE,75.0,Aligned,risk_off,B,0.0,fallback,EXIT,HOLD,0.75,Extreme,9,DE-RISK,EXIT,0.0,1,0,3,基础:BULLISH_STABLE(1)；市场risk_off+1；置信度Low+1
00700,腾讯控股,2022-10-28,STRUCTURAL_ACCUMULATION,Stable,Breakdown,Low,BULLISH_STABLE,75.0,Aligned,risk_off,B,0.0,fallback,EXIT,HOLD,0.75,Extreme,13,DE-RISK,EXIT,0.0,1,0,3,基础:BULLISH_STABLE(1)；市场risk_off+1；置信度Low+1
00700,腾讯控股,2022-11-04,STRUCTURAL_ACCUMULATION,Deteriorating,Consolidation,Low,BULLISH_STABLE,75.0,Divergence,risk_off,B,-1.0,fallback,EXIT,HOLD,0.5,Extreme,7,DE-RISK,EXIT,0.0,1,0,4,基础:BULLISH_STABLE(1)；结构-行为背离+1；市场risk_off+1；置信度Low+1
00700,腾讯控股,2022-11-11,STRUCTURAL_ACCUMULATION,Deteriorating,Consolidation,Low,BULLISH_STABLE,75.0,Divergence,risk_off,B,-1.0,fallback,REDUCE,HOLD,0.5,Extreme,6,REDUCE,REDUCE,0.2,1,0,4,基础:BULLISH_STABLE(1)；结构-行为背离+1；市场risk_off+1；置信度Low+1
00700,腾讯控股,2022-11-18,STRUCTURAL_ACCUMULATION,Deteriorating,Consolidation,Low,BULLISH_STABLE,75.0,Divergence,risk_off,B,-1.0,fallback,REDUCE,HOLD,0.5,Extreme,4,WATCH,REDUCE,0.2,1,0,4,基础:BULLISH_STABLE(1)；结构-行为背离+1；市场risk_off+1；置信度Low+1
00700,腾讯控股,2022-11-25,STRUCTURAL_ACCUMULATION,Deteriorating,Consolidation,Low,BULLISH_STABLE,75.0,Divergence,risk_off,B,-1.0,fallback,REDUCE,HOLD,0.5,Extreme,5,REDUCE,REDUCE,0.2,1,0,4,基础:BULLISH_STABLE(1)；结构-行为背离+1；市场risk_off+1；置信度Low+1
00700,腾讯控股,2022-12-02,STRUCTURAL_ACCUMULATION,Deteriorating,Consolidation,Low,BULLISH_STABLE,75.0,Divergence,risk_off,B,-1.0,fallback,REDUCE,HOLD,0.5,Extreme,4,WATCH,REDUCE,0.2,1,0,4,基础:BULLISH_STABLE(1)；结构-行为背离+1；市场risk_off+1；置信度Low+1
00700,腾讯控股,2022-12-09,STRUCTURAL_ACCUMULATION,Deteriorating,Consolidation,Low,BULLISH_STABLE,75.0,Divergence,risk_off,B,-1.0,fallback,HOLD,HOLD,0.5,High,3,WATCH,HOLD,0.5,0,0,4,基础:BULLISH_STABLE(1)；结构-行为背离+1；市场risk_off+1；置信度Low+1
00700,腾讯控股,2022-12-16,STRUCTURAL_ACCUMULATION,Deteriorating,Consolidation,Low,BULLISH_STABLE,75.0,Divergence,risk_off,B,-1.0,fallback,HOLD,HOLD,0.5,High,2,NORMAL,HOLD,0.5,0,0,4,基础:BULLISH_STABLE(1)；结构-行为背离+1；市场risk_off+1；置信度Low+1
00700,腾讯控股,2022-12-23,STRUCTURAL_ACCUMULATION,Deteriorating,Consolidation,Low,BULLISH_STABLE,75.0,Divergence,risk_off,B,-1.0,fallback,HOLD,HOLD,0.5,High,4,WATCH,HOLD,0.5,0,0,4,基础:BULLISH_STABLE(1)；结构-行为背离+1；市场risk_off+1；置信度Low+1
00700,腾讯控股,2022-12-30,STRUCTURAL_ACCUMULATION,Deteriorating,Consolidation,Low,BULLISH_STABLE,75.0,Divergence,risk_off,B,-1.0,fallback,HOLD,HOLD,0.5,High,2,NORMAL,HOLD,0.5,0,0,4,基础:BULLISH_STABLE(1)；结构-行为背离+1；市场risk_off+1；置信度Low+1
00700,腾讯控股,2023-01-06,STRUCTURAL_ACCUMULATION,Improving,Consolidation,Low,BULLISH_STABLE,75.0,Aligned,risk_off,B,-1.0,matrix,HOLD,HOLD,0.75,Medium,3,WATCH,HOLD,0.75,0,0,3,基础:BULLISH_STABLE(1)；市场risk_off+1；置信度Low+1
00700,腾讯控股,2023-01-13,STRUCTURAL_ACCUMULATION,Improving,Consolidation,Low,BULLISH_STABLE,75.0,Aligned,risk_on,B,-1.0,matrix,HOLD,HOLD,0.75,Low,2,NORMAL,HOLD,0.75,0,0,2,基础:BULLISH_STABLE(1)；置信度Low+1
00700,腾讯控股,2023-01-20,STRUCTURAL_ACCUMULATION,Improving,Consolidation,Low,BULLISH_STABLE,75.0,Aligned,risk_on,B,-1.0,matrix,HOLD,HOLD,0.75,Low,1,NORMAL,HOLD,0.75,0,0,2,基础:BULLISH_STABLE(1)；置信度Low+1
00700,腾讯控股,2023-01-27,STRUCTURAL_ACCUMULATION,Improving,Consolidation,Low,BULLISH_STABLE,75.0,Aligned,risk_on,B,-1.0,matrix,HOLD,HOLD,0.75,Low,2,NORMAL,HOLD,0.75,0,0,2,基础:BULLISH_STABLE(1)；置信度Low+1
00700,腾讯控股,2023-02-03,STRUCTURAL_ACCUMULATION,Improving,Consolidation,Low,BULLISH_STABLE,75.0,Aligned,risk_on,B,-1.0,matrix,HOLD,HOLD,0.75,Low,2,NORMAL,HOLD,0.75,0,0,2,基础:BULLISH_STABLE(1)；置信度Low+1
00700,腾讯控股,2023-02-10,STRUCTURAL_ACCUMULATION,Improving,Consolidation,Low,BULLISH_STABLE,75.0,Aligned,risk_on,B,-1.0,matrix,REDUCE,HOLD,0.75,Extreme,5,REDUCE,REDUCE,0.2,1,0,2,基础:BULLISH_STABLE(1)；置信度Low+1
00700,腾讯控股,2023-02-17,STRUCTURAL_ACCUMULATION,Improving,Pullback,Low,BULLISH_STABLE,75.0,Aligned,risk_on,B,2.0,fallback,REDUCE,HOLD,0.75,Extreme,4,WATCH,REDUCE,0.2,1,0,2,基础:BULLISH_STABLE(1)；置信度Low+1
00700,腾讯控股,2023-02-24,STRUCTURAL_ACCUMULATION,Improving,Pullback,Low,BULLISH_STABLE,75.0,Aligned,risk_off,B,2.0,fallback,HOLD,HOLD,0.75,Medium,3,WATCH,HOLD,0.75,0,0,3,基础:BULLISH_STABLE(1)；市场risk_off+1；置信度Low+1
00700,腾讯控股,2023-03-03,STRUCTURAL_ACCUMULATION,Deteriorating,Pullback,Low,BULLISH_STABLE,75.0,Divergence,risk_off,B,3.0,fallback,REDUCE,HOLD,0.5,Extreme,5,REDUCE,REDUCE,0.2,1,0,4,基础:BULLISH_STABLE(1)；结构-行为背离+1；市场risk_off+1；置信度Low+1
00700,腾讯控股,2023-03-10,STRUCTURAL_ACCUMULATION,Deteriorating,Consolidation,Low,BULLISH_STABLE,75.0,Divergence,risk_off,B,3.0,fallback,REDUCE,HOLD,0.5,Extreme,4,WATCH,REDUCE,0.2,1,0,4,基础:BULLISH_STABLE(1)；结构-行为背离+1；市场risk_off+1；置信度Low+1
00700,腾讯控股,2023-03-17,STRUCTURAL_ACCUMULATION,Deteriorating,Pullback,Low,BULLISH_STABLE,75.0,Divergence,risk_off,B,3.0,fallback,HOLD,HOLD,0.5,High,7,DE-RISK,HOLD,0.5,1,0,4,基础:BULLISH_STABLE(1)；结构-行为背离+1；市场risk_off+1；置信度Low+1
00700,腾讯控股,2023-03-24,STRUCTURAL_ACCUMULATION,Deteriorating,Consolidation,Low,BULLISH_STABLE,75.0,Divergence,risk_off,B,3.0,fallback,HOLD,HOLD,0.5,High,3,WATCH,HOLD,0.5,0,0,4,基础:BULLISH_STABLE(1)；结构-行为背离+1；市场risk_off+1；置信度Low+1
00700,腾讯控股,2023-03-31,STRUCTURAL_ACCUMULATION,Improving,Consolidation,Low,BULLISH_STABLE,75.0,Aligned,risk_off,B,3.0,matrix,HOLD,HOLD,0.75,Medium,2,NORMAL,HOLD,0.75,0,0,3,基础:BULLISH_STABLE(1)；市场risk_off+1；置信度Low+1
00700,腾讯控股,2023-04-07,STRUCTURAL_ACCUMULATION,Improving,Consolidation,Low,BULLISH_STABLE,75.0,Aligned,risk_off,B,3.0,matrix,HOLD,HOLD,0.75,Medium,2,NORMAL,HOLD,0.75,0,0,3,基础:BULLISH_STABLE(1)；市场risk_off+1；置信度Low+1
00700,腾讯控股,2023-04-14,STRUCTURAL_ACCUMULATION,Improving,Pullback,Low,BULLISH_STABLE,75.0,Aligned,risk_off,B,3.0,fallback,HOLD,HOLD,0.75,Medium,3,WATCH,HOLD,0.75,0,0,3,基础:BULLISH_STABLE(1)；市场risk_off+1；置信度Low+1
00700,腾讯控股,2023-04-21,STRUCTURAL_ACCUMULATION,Improving,Consolidation,Low,BULLISH_STABLE,75.0,Aligned,risk_off,B,3.0,matrix,EXIT,HOLD,0.75,Extreme,7,DE-RISK,EXIT,0.0,1,0,3,基础:BULLISH_STABLE(1)；市场risk_off+1；置信度Low+1
00700,腾讯控股,2023-04-28,STRUCTURAL_ACCUMULATION,Improving,Consolidation,Low,BULLISH_STABLE,75.0,Aligned,risk_off,B,3.0,matrix,EXIT,HOLD,0.75,Extreme,8,DE-RISK,EXIT,0.0,1,0,3,基础:BULLISH_STABLE(1)；市场risk_off+1；置信度Low+1
00700,腾讯控股,2023-05-05,STRUCTURAL_ACCUMULATION,Deteriorating,Consolidation,Low,BULLISH_STABLE,75.0,Divergence,risk_off,B,3.0,fallback,REDUCE,HOLD,0.5,Extreme,6,REDUCE,REDUCE,0.2,1,0,4,基础:BULLISH_STABLE(1)；结构-行为背离+1；市场risk_off+1；置信度Low+1
00700,腾讯控股,2023-05-12,STRUCTURAL_ACCUMULATION,Deteriorating,Consolidation,Low,BULLISH_STABLE,75.0,Divergence,risk_off,B,3.0,fallback,REDUCE,HOLD,0.5,Extreme,6,REDUCE,REDUCE,0.2,1,0,4,基础:BULLISH_STABLE(1)；结构-行为背离+1；市场risk_off+1；置信度Low+1
00700,腾讯控股,2023-05-19,STRUCTURAL_ACCUMULATION,Deteriorating,Consolidation,Medium,BULLISH_STABLE,75.0,Divergence,risk_off,B,1.0,fallback,REDUCE,HOLD,0.75,Extreme,6,REDUCE,REDUCE,0.2,1,0,3,基础:BULLISH_STABLE(1)；结构-行为背离+1；市场risk_off+1
00700,腾讯控股,2023-05-26,STRUCTURAL_ACCUMULATION,Deteriorating,Consolidation,Medium,BULLISH_STABLE,75.0,Divergence,risk_off,B,1.0,fallback,EXIT,HOLD,0.75,Extreme,9,DE-RISK,EXIT,0.0,1,0,3,基础:BULLISH_STABLE(1)；结构-行为背离+1；市场risk_off+1
00700,腾讯控股,2023-06-02,STRUCTURAL_ACCUMULATION,Deteriorating,Consolidation,Medium,BULLISH_STABLE,75.0,Divergence,risk_off,B,0.0,fallback,REDUCE,HOLD,0.75,Extreme,6,REDUCE,REDUCE,0.2,1,0,3,基础:BULLISH_STABLE(1)；结构-行为背离+1；市场risk_off+1
00700,腾讯控股,2023-06-09,STRUCTURAL_ACCUMULATION,Deteriorating,Consolidation,Medium,BULLISH_STABLE,75.0,Divergence,neutral,B,0.0,fallback,REDUCE,HOLD,0.75,Extreme,4,WATCH,REDUCE,0.2,1,0,2,基础:BULLISH_STABLE(1)；结构-行为背离+1
00700,腾讯控股,2023-06-16,STRUCTURAL_ACCUMULATION,Deteriorating,Consolidation,Medium,BULLISH_STABLE,75.0,Divergence,risk_on,B,0.0,fallback,REDUCE,HOLD,0.75,Extreme,1,NORMAL,REDUCE,0.2,1,0,2,基础:BULLISH_STABLE(1)；结构-行为背离+1
00700,腾讯控股,2023-06-23,STRUCTURAL_ACCUMULATION,Deteriorating,Consolidation,Medium,BULLISH_STABLE,75.0,Divergence,risk_off,B,0.0,fallback,REDUCE,HOLD,0.75,Extreme,3,WATCH,REDUCE,0.2,1,0,3,基础:BULLISH_STABLE(1)；结构-行为背离+1；市场risk_off+1
00700,腾讯控股,2023-06-30,STRUCTURAL_ACCUMULATION,Improving,Consolidation,Medium,BULLISH_STABLE,75.0,Aligned,risk_off,B,0.0,matrix,REDUCE,HOLD,0.75,Extreme,3,WATCH,REDUCE,0.2,1,0,2,基础:BULLISH_STABLE(1)；市场risk_off+1
00700,腾讯控股,2023-07-07,STRUCTURAL_ACCUMULATION,Improving,Consolidation,Medium,BULLISH_STABLE,75.0,Aligned,risk_off,B,0.0,matrix,REDUCE,HOLD,0.75,Extreme,3,WATCH,REDUCE,0.2,1,0,2,基础:BULLISH_STABLE(1)；市场risk_off+1
00700,腾讯控股,2023-07-14,STRUCTURAL_ACCUMULATION,Improving,Consolidation,Medium,BULLISH_STABLE,75.0,Aligned,risk_off,B,0.0,matrix,REDUCE,HOLD,0.75,Extreme,2,NORMAL,REDUCE,0.2,1,0,2,基础:BULLISH_STABLE(1)；市场risk_off+1
00700,腾讯控股,2023-07-21,STRUCTURAL_ACCUMULATION,Improving,Consolidation,Medium,BULLISH_STABLE,75.0,Aligned,risk_off,B,0.0,matrix,REDUCE,HOLD,0.75,Extreme,5,REDUCE,REDUCE,0.2,1,0,2,基础:BULLISH_STABLE(1)；市场risk_off+1
00700,腾讯控股,2023-07-28,STRUCTURAL_ACCUMULATION,Improving,Consolidation,Medium,BULLISH_STABLE,75.0,Aligned,risk_off,B,0.0,matrix,REDUCE,HOLD,0.75,Extreme,2,NORMAL,REDUCE,0.2,1,0,2,基础:BULLISH_STABLE(1)；市场risk_off+1
00700,腾讯控股,2023-08-04,STRUCTURAL_ACCUMULATION,Improving,Consolidation,Medium,BULLISH_STABLE,75.0,Aligned,risk_off,B,1.0,matrix,REDUCE,HOLD,0.75,Extreme,2,NORMAL,REDUCE,0.2,1,0,2,基础:BULLISH_STABLE(1)；市场risk_off+1
00700,腾讯控股,2023-08-11,STRUCTURAL_ACCUMULATION,Improving,Consolidation,Medium,BULLISH_STABLE,75.0,Aligned,risk_off,B,1.0,matrix,REDUCE,HOLD,0.75,Extreme,5,REDUCE,REDUCE,0.2,1,0,2,基础:BULLISH_STABLE(1)；市场risk_off+1
00700,腾讯控股,2023-08-18,STRUCTURAL_DECLINE,Improving,Consolidation,Low,BEARISH_CONFIRMED,20.0,Divergence,risk_off,B,1.0,fallback,EXIT,EXIT,0.0,Extreme,9,DE-RISK,EXIT,0.0,1,0,6,基础:BEARISH_CONFIRMED(3)；结构-行为背离+1；市场risk_off+1；置信度Low+1
00700,腾讯控股,2023-08-25,STRUCTURAL_DECLINE,Improving,Consolidation,Low,BEARISH_CONFIRMED,20.0,Divergence,risk_off,B,1.0,fallback,EXIT,EXIT,0.0,Extreme,8,DE-RISK,EXIT,0.0,1,0,6,基础:BEARISH_CONFIRMED(3)；结构-行为背离+1；市场risk_off+1；置信度Low+1
00700,腾讯控股,2023-09-01,STRUCTURAL_DECLINE,Stable,Consolidation,Low,BEARISH_CONFIRMED,20.0,Aligned,risk_off,B,0.0,fallback,EXIT,EXIT,0.0,Extreme,6,REDUCE,EXIT,0.0,1,0,5,基础:BEARISH_CONFIRMED(3)；市场risk_off+1；置信度Low+1
00700,腾讯控股,2023-09-08,STRUCTURAL_DECLINE,Stable,Consolidation,Low,BEARISH_CONFIRMED,20.0,Aligned,risk_off,B,0.0,fallback,EXIT,EXIT,0.0,Extreme,6,REDUCE,EXIT,0.0,1,0,5,基础:BEARISH_CONFIRMED(3)；市场risk_off+1；置信度Low+1
00700,腾讯控股,2023-09-15,STRUCTURAL_DECLINE,Stable,Consolidation,Low,BEARISH_CONFIRMED,20.0,Aligned,risk_off,B,0.0,fallback,EXIT,EXIT,0.0,Extreme,6,REDUCE,EXIT,0.0,1,0,5,基础:BEARISH_CONFIRMED(3)；市场risk_off+1；置信度Low+1
00700,腾讯控股,2023-09-22,STRUCTURAL_DECLINE,Stable,Consolidation,Low,BEARISH_CONFIRMED,20.0,Aligned,risk_off,B,0.0,fallback,EXIT,EXIT,0.0,Extreme,4,WATCH,EXIT,0.0,1,0,5,基础:BEARISH_CONFIRMED(3)；市场risk_off+1；置信度Low+1
00700,腾讯控股,2023-09-29,STRUCTURAL_DECLINE,Stable,Consolidation,Low,BEARISH_CONFIRMED,20.0,Aligned,risk_off,B,0.0,fallback,EXIT,EXIT,0.0,Extreme,7,DE-RISK,EXIT,0.0,1,0,5,基础:BEARISH_CONFIRMED(3)；市场risk_off+1；置信度Low+1
00700,腾讯控股,2023-10-06,STRUCTURAL_DECLINE,Deteriorating,Consolidation,Low,BEARISH_CONFIRMED,20.0,Aligned,risk_off,B,1.0,fallback,EXIT,EXIT,0.0,Extreme,9,DE-RISK,EXIT,0.0,1,0,5,基础:BEARISH_CONFIRMED(3)；市场risk_off+1；置信度Low+1
00700,腾讯控股,2023-10-13,STRUCTURAL_DECLINE,Deteriorating,Consolidation,Low,BEARISH_CONFIRMED,20.0,Aligned,risk_off,B,1.0,fallback,EXIT,EXIT,0.0,Extreme,5,REDUCE,EXIT,0.0,1,0,5,基础:BEARISH_CONFIRMED(3)；市场risk_off+1；置信度Low+1
00700,腾讯控股,2023-10-20,STRUCTURAL_DECLINE,Deteriorating,Breakdown,Low,BEARISH_CONFIRMED,20.0,Aligned,risk_off,B,1.0,matrix,EXIT,EXIT,0.0,Extreme,8,DE-RISK,EXIT,0.0,1,0,5,基础:BEARISH_CONFIRMED(3)；市场risk_off+1；置信度Low+1
00700,腾讯控股,2023-10-27,STRUCTURAL_DECLINE,Deteriorating,Consolidation,Low,BEARISH_CONFIRMED,20.0,Aligned,risk_off,B,1.0,fallback,EXIT,EXIT,0.0,Extreme,9,DE-RISK,EXIT,0.0,1,0,5,基础:BEARISH_CONFIRMED(3)；市场risk_off+1；置信度Low+1
00700,腾讯控股,2023-11-03,STRUCTURAL_DECLINE,Deteriorating,Consolidation,Low,BEARISH_CONFIRMED,20.0,Aligned,risk_off,B,1.0,fallback,EXIT,EXIT,0.0,Extreme,5,REDUCE,EXIT,0.0,1,0,5,基础:BEARISH_CONFIRMED(3)；市场risk_off+1；置信度Low+1
00700,腾讯控股,2023-11-10,STRUCTURAL_DECLINE,Deteriorating,Consolidation,Low,BEARISH_CONFIRMED,20.0,Aligned,risk_off,B,1.0,fallback,EXIT,EXIT,0.0,Extreme,6,REDUCE,EXIT,0.0,1,0,5,基础:BEARISH_CONFIRMED(3)；市场risk_off+1；置信度Low+1
00700,腾讯控股,2023-11-17,STRUCTURAL_DECLINE,Deteriorating,Consolidation,Medium,BEARISH_CONFIRMED,20.0,Aligned,neutral,B,1.0,fallback,EXIT,EXIT,0.0,Extreme,4,WATCH,EXIT,0.0,1,0,3,基础:BEARISH_CONFIRMED(3)
00700,腾讯控股,2023-11-24,STRUCTURAL_DECLINE,Deteriorating,Consolidation,Medium,BEARISH_CONFIRMED,20.0,Aligned,risk_off,B,1.0,fallback,EXIT,EXIT,0.0,Extreme,2,NORMAL,EXIT,0.0,1,0,4,基础:BEARISH_CONFIRMED(3)；市场risk_off+1
00700,腾讯控股,2023-12-01,STRUCTURAL_DECLINE,Improving,Consolidation,Low,BEARISH_CONFIRMED,20.0,Divergence,risk_off,B,0.0,fallback,EXIT,EXIT,0.0,Extreme,1,NORMAL,EXIT,0.0,0,0,6,基础:BEARISH_CONFIRMED(3)；结构-行为背离+1；市场risk_off+1；置信度Low+1
00700,腾讯控股,2023-12-08,STRUCTURAL_DECLINE,Improving,Consolidation,Low,BEARISH_CONFIRMED,20.0,Divergence,risk_off,B,0.0,fallback,EXIT,EXIT,0.0,Extreme,2,NORMAL,EXIT,0.0,0,0,6,基础:BEARISH_CONFIRMED(3)；结构-行为背离+1；市场risk_off+1；置信度Low+1
00700,腾讯控股,2023-12-15,STRUCTURAL_DECLINE,Improving,Consolidation,Low,BEARISH_CONFIRMED,20.0,Divergence,risk_off,B,0.0,fallback,EXIT,EXIT,0.0,Extreme,5,REDUCE,EXIT,0.0,1,0,6,基础:BEARISH_CONFIRMED(3)；结构-行为背离+1；市场risk_off+1；置信度Low+1
00700,腾讯控股,2023-12-22,STRUCTURAL_DECLINE,Improving,Breakdown,Low,BEARISH_CONFIRMED,20.0,Divergence,risk_off,B,0.0,fallback,EXIT,EXIT,0.0,Extreme,7,DE-RISK,EXIT,0.0,1,0,6,基础:BEARISH_CONFIRMED(3)；结构-行为背离+1；市场risk_off+1；置信度Low+1
00700,腾讯控股,2023-12-29,STRUCTURAL_DECLINE,Improving,Consolidation,Low,BEARISH_CONFIRMED,20.0,Divergence,neutral,B,0.0,fallback,EXIT,EXIT,0.0,Extreme,5,REDUCE,EXIT,0.0,1,0,5,基础:BEARISH_CONFIRMED(3)；结构-行为背离+1；置信度Low+1
00700,腾讯控股,2024-01-05,STRUCTURAL_DECLINE,Deteriorating,Consolidation,Low,BEARISH_CONFIRMED,20.0,Aligned,risk_off,B,0.0,fallback,EXIT,EXIT,0.0,Extreme,6,REDUCE,EXIT,0.0,1,0,5,基础:BEARISH_CONFIRMED(3)；市场risk_off+1；置信度Low+1
00700,腾讯控股,2024-01-12,STRUCTURAL_DECLINE,Deteriorating,Consolidation,Low,BEARISH_CONFIRMED,20.0,Aligned,risk_off,B,0.0,fallback,EXIT,EXIT,0.0,Extreme,8,DE-RISK,EXIT,0.0,1,0,5,基础:BEARISH_CONFIRMED(3)；市场risk_off+1；置信度Low+1
00700,腾讯控股,2024-01-19,STRUCTURAL_DECLINE,Deteriorating,Consolidation,Low,BEARISH_CONFIRMED,20.0,Aligned,risk_off,B,0.0,fallback,EXIT,EXIT,0.0,Extreme,5,REDUCE,EXIT,0.0,1,0,5,基础:BEARISH_CONFIRMED(3)；市场risk_off+1；置信度Low+1
00700,腾讯控股,2024-01-26,STRUCTURAL_DECLINE,Deteriorating,Consolidation,Low,BEARISH_CONFIRMED,20.0,Aligned,risk_off,B,0.0,fallback,EXIT,EXIT,0.0,Extreme,4,WATCH,EXIT,0.0,1,0,5,基础:BEARISH_CONFIRMED(3)；市场risk_off+1；置信度Low+1
00700,腾讯控股,2024-02-02,STRUCTURAL_DECLINE,Deteriorating,Consolidation,Low,BEARISH_CONFIRMED,20.0,Aligned,risk_off,B,0.0,fallback,EXIT,EXIT,0.0,Extreme,9,DE-RISK,EXIT,0.0,1,0,5,基础:BEARISH_CONFIRMED(3)；市场risk_off+1；置信度Low+1
00700,腾讯控股,2024-02-09,STRUCTURAL_DECLINE,Deteriorating,Consolidation,Low,BEARISH_CONFIRMED,20.0,Aligned,risk_off,B,0.0,fallback,EXIT,EXIT,0.0,Extreme,5,REDUCE,EXIT,0.0,1,0,5,基础:BEARISH_CONFIRMED(3)；市场risk_off+1；置信度Low+1
00700,腾讯控股,2024-02-16,STRUCTURAL_DECLINE,Deteriorating,Consolidation,Low,BULLISH_WARNING,55.0,Aligned,risk_off,B,0.0,tactical_override,REDUCE,REDUCE,0.2,Extreme,4,WATCH,REDUCE,0.2,1,1,4,基础:BULLISH_WARNING(2)；市场risk_off+1；置信度Low+1
00700,腾讯控股,2024-02-23,STRUCTURAL_DECLINE,Deteriorating,Consolidation,Low,BULLISH_WARNING,55.0,Aligned,risk_off,B,0.0,tactical_override,REDUCE,REDUCE,0.2,Extreme,2,NORMAL,REDUCE,0.2,1,1,4,基础:BULLISH_WARNING(2)；市场risk_off+1；置信度Low+1
00700,腾讯控股,2024-03-01,STRUCTURAL_DECLINE,Improving,Consolidation,Low,BULLISH_WARNING,55.0,Divergence,neutral,B,1.0,tactical_override,REDUCE,REDUCE,0.2,Extreme,4,WATCH,REDUCE,0.2,1,1,4,基础:BULLISH_WARNING(2)；结构-行为背离+1；置信度Low+1
00700,腾讯控股,2024-03-08,STRUCTURAL_DECLINE,Improving,Consolidation,Low,BULLISH_WARNING,55.0,Divergence,neutral,B,1.0,tactical_override,EXIT,REDUCE,0.2,Extreme,7,DE-RISK,EXIT,0.0,1,1,4,基础:BULLISH_WARNING(2)；结构-行为背离+1；置信度Low+1
00700,腾讯控股,2024-03-15,STRUCTURAL_DECLINE,Improving,Consolidation,Low,BULLISH_WARNING,55.0,Divergence,neutral,B,1.0,tactical_override,REDUCE,REDUCE,0.2,Extreme,6,REDUCE,REDUCE,0.2,1,1,4,基础:BULLISH_WARNING(2)；结构-行为背离+1；置信度Low+1
00700,腾讯控股,2024-03-22,STRUCTURAL_DECLINE,Improving,Consolidation,Low,BULLISH_WARNING,55.0,Divergence,neutral,B,1.0,tactical_override,REDUCE,REDUCE,0.2,Extreme,5,REDUCE,REDUCE,0.2,1,1,4,基础:BULLISH_WARNING(2)；结构-行为背离+1；置信度Low+1
00700,腾讯控股,2024-03-29,STRUCTURAL_DECLINE,Improving,Consolidation,Low,BULLISH_WARNING,55.0,Divergence,neutral,B,1.0,tactical_override,REDUCE,REDUCE,0.2,Extreme,3,WATCH,REDUCE,0.2,1,1,4,基础:BULLISH_WARNING(2)；结构-行为背离+1；置信度Low+1
00700,腾讯控股,2024-04-05,STRUCTURAL_DECLINE,Stable,Consolidation,Low,BULLISH_WARNING,55.0,Aligned,neutral,B,0.0,tactical_override,REDUCE,REDUCE,0.2,Medium,2,NORMAL,REDUCE,0.2,0,1,3,基础:BULLISH_WARNING(2)；置信度Low+1
00700,腾讯控股,2024-04-12,STRUCTURAL_DECLINE,Stable,Consolidation,Low,BULLISH_WARNING,55.0,Aligned,risk_on,B,0.0,tactical_override,REDUCE,REDUCE,0.2,Medium,3,WATCH,REDUCE,0.2,0,1,3,基础:BULLISH_WARNING(2)；置信度Low+1
00700,腾讯控股,2024-04-19,STRUCTURAL_DECLINE,Stable,Consolidation,Low,BULLISH_WARNING,55.0,Aligned,risk_on,B,0.0,tactical_override,REDUCE,REDUCE,0.2,Medium,2,NORMAL,REDUCE,0.2,0,1,3,基础:BULLISH_WARNING(2)；置信度Low+1
00700,腾讯控股,2024-04-26,STRUCTURAL_DECLINE,Stable,Consolidation,Low,BULLISH_WARNING,55.0,Aligned,risk_on,B,0.0,tactical_override,REDUCE,REDUCE,0.2,Medium,0,NORMAL,REDUCE,0.2,0,1,3,基础:BULLISH_WARNING(2)；置信度Low+1
00700,腾讯控股,2024-05-03,STRUCTURAL_DECLINE,Stable,Consolidation,Low,BULLISH_WARNING,55.0,Aligned,risk_on,B,0.0,tactical_override,REDUCE,REDUCE,0.2,Medium,2,NORMAL,REDUCE,0.2,0,1,3,基础:BULLISH_WARNING(2)；置信度Low+1
00700,腾讯控股,2024-05-10,STRUCTURAL_DECLINE,Stable,Consolidation,Low,BULLISH_WARNING,55.0,Aligned,risk_on,B,0.0,tactical_override,REDUCE,REDUCE,0.2,Medium,1,NORMAL,REDUCE,0.2,0,1,3,基础:BULLISH_WARNING(2)；置信度Low+1
00700,腾讯控股,2024-05-17,STRUCTURAL_DECLINE,Stable,Consolidation,Medium,BEARISH_CONFIRMED,20.0,Aligned,risk_on,B,0.0,fallback,EXIT,EXIT,0.0,Medium,1,NORMAL,EXIT,0.0,0,0,3,基础:BEARISH_CONFIRMED(3)
00700,腾讯控股,2024-05-24,STRUCTURAL_DECLINE,Stable,Consolidation,Medium,BEARISH_CONFIRMED,20.0,Aligned,risk_on,B,0.0,fallback,EXIT,EXIT,0.0,Medium,1,NORMAL,EXIT,0.0,0,0,3,基础:BEARISH_CONFIRMED(3)
00700,腾讯控股,2024-05-31,STRUCTURAL_DECLINE,Stable,Pullback,Medium,BEARISH_CONFIRMED,20.0,Aligned,risk_on,B,0.0,fallback,EXIT,EXIT,0.0,Medium,0,NORMAL,EXIT,0.0,0,0,3,基础:BEARISH_CONFIRMED(3)
00700,腾讯控股,2024-06-07,STRUCTURAL_DECLINE,Stable,Consolidation,Medium,BEARISH_CONFIRMED,20.0,Aligned,risk_on,B,0.0,fallback,EXIT,EXIT,0.0,Medium,1,NORMAL,EXIT,0.0,0,0,3,基础:BEARISH_CONFIRMED(3)
00700,腾讯控股,2024-06-14,STRUCTURAL_DECLINE,Stable,Consolidation,Medium,BEARISH_CONFIRMED,20.0,Aligned,risk_on,B,0.0,fallback,EXIT,EXIT,0.0,Medium,1,NORMAL,EXIT,0.0,0,0,3,基础:BEARISH_CONFIRMED(3)
00700,腾讯控股,2024-06-21,STRUCTURAL_DECLINE,Stable,Consolidation,Medium,BEARISH_CONFIRMED,20.0,Aligned,risk_on,B,0.0,fallback,EXIT,EXIT,0.0,Medium,3,WATCH,EXIT,0.0,0,0,3,基础:BEARISH_CONFIRMED(3)
00700,腾讯控股,2024-06-28,STRUCTURAL_DECLINE,Stable,Pullback,Medium,BEARISH_CONFIRMED,20.0,Aligned,risk_on,B,0.0,fallback,EXIT,EXIT,0.0,Extreme,5,REDUCE,EXIT,0.0,1,0,3,基础:BEARISH_CONFIRMED(3)
00700,腾讯控股,2024-07-05,STRUCTURAL_DECLINE,Improving,Consolidation,Medium,BEARISH_CONFIRMED,20.0,Divergence,risk_on,B,1.0,fallback,EXIT,EXIT,0.0,Extreme,0,NORMAL,EXIT,0.0,1,0,4,基础:BEARISH_CONFIRMED(3)；结构-行为背离+1
00700,腾讯控股,2024-07-12,STRUCTURAL_DECLINE,Improving,Consolidation,Medium,BEARISH_CONFIRMED,20.0,Divergence,risk_on,B,1.0,fallback,EXIT,EXIT,0.0,High,0,NORMAL,EXIT,0.0,0,0,4,基础:BEARISH_CONFIRMED(3)；结构-行为背离+1
00700,腾讯控股,2024-07-19,STRUCTURAL_DECLINE,Improving,Pullback,Medium,BEARISH_CONFIRMED,20.0,Divergence,risk_on,B,1.0,fallback,EXIT,EXIT,0.0,High,4,WATCH,EXIT,0.0,0,0,4,基础:BEARISH_CONFIRMED(3)；结构-行为背离+1
00700,腾讯控股,2024-07-26,STRUCTURAL_DECLINE,Improving,Pullback,Medium,BEARISH_CONFIRMED,20.0,Divergence,risk_off,B,1.0,fallback,EXIT,EXIT,0.0,Extreme,6,REDUCE,EXIT,0.0,1,0,5,基础:BEARISH_CONFIRMED(3)；结构-行为背离+1；市场risk_off+1
00700,腾讯控股,2024-08-02,STRUCTURAL_DECLINE,Deteriorating,Pullback,Medium,BEARISH_CONFIRMED,20.0,Aligned,risk_off,B,1.0,fallback,EXIT,EXIT,0.0,Extreme,2,NORMAL,EXIT,0.0,1,0,4,基础:BEARISH_CONFIRMED(3)；市场risk_off+1
00700,腾讯控股,2024-08-09,STRUCTURAL_DECLINE,Deteriorating,Consolidation,Medium,BEARISH_CONFIRMED,20.0,Aligned,risk_off,B,1.0,fallback,EXIT,EXIT,0.0,High,4,WATCH,EXIT,0.0,0,0,4,基础:BEARISH_CONFIRMED(3)；市场risk_off+1
00700,腾讯控股,2024-08-16,STRUCTURAL_DECLINE,Deteriorating,Consolidation,Medium,BEARISH_CONFIRMED,20.0,Aligned,risk_off,B,1.0,fallback,EXIT,EXIT,0.0,High,4,WATCH,EXIT,0.0,0,0,4,基础:BEARISH_CONFIRMED(3)；市场risk_off+1
00700,腾讯控股,2024-08-23,STRUCTURAL_DECLINE,Deteriorating,Consolidation,Medium,BEARISH_CONFIRMED,20.0,Aligned,risk_off,B,1.0,fallback,EXIT,EXIT,0.0,High,3,WATCH,EXIT,0.0,0,0,4,基础:BEARISH_CONFIRMED(3)；市场risk_off+1
00700,腾讯控股,2024-08-30,STRUCTURAL_DECLINE,Deteriorating,Consolidation,Medium,BEARISH_CONFIRMED,20.0,Aligned,risk_off,B,1.0,fallback,EXIT,EXIT,0.0,High,1,NORMAL,EXIT,0.0,0,0,4,基础:BEARISH_CONFIRMED(3)；市场risk_off+1
00700,腾讯控股,2024-09-06,STRUCTURAL_DECLINE,Improving,Pullback,Medium,BEARISH_CONFIRMED,20.0,Divergence,risk_off,B,1.0,fallback,EXIT,EXIT,0.0,Extreme,3,WATCH,EXIT,0.0,0,0,5,基础:BEARISH_CONFIRMED(3)；结构-行为背离+1；市场risk_off+1
00700,腾讯控股,2024-09-13,STRUCTURAL_DECLINE,Improving,Consolidation,Medium,BEARISH_CONFIRMED,20.0,Divergence,risk_off,B,1.0,fallback,EXIT,EXIT,0.0,Extreme,3,WATCH,EXIT,0.0,0,0,5,基础:BEARISH_CONFIRMED(3)；结构-行为背离+1；市场risk_off+1
00700,腾讯控股,2024-09-20,STRUCTURAL_DECLINE,Improving,Consolidation,Medium,BEARISH_CONFIRMED,20.0,Divergence,neutral,B,1.0,fallback,EXIT,EXIT,0.0,High,0,NORMAL,EXIT,0.0,0,0,4,基础:BEARISH_CONFIRMED(3)；结构-行为背离+1
00700,腾讯控股,2024-09-27,STRUCTURAL_DECLINE,Improving,Breakout,Medium,BEARISH_RECOVERY_CANDIDATE,40.0,Divergence,risk_off,B,1.0,fallback,WAIT,WAIT,0.2,Extreme,0,NORMAL,WAIT,0.2,0,0,5,基础:BEARISH_RECOVERY_CANDIDATE(3)；结构-行为背离+1；市场risk_off+1
00700,腾讯控股,2024-10-04,STRUCTURAL_DECLINE,Stable,Breakout,Medium,BEARISH_CONFIRMED,20.0,Aligned,risk_off,B,1.0,fallback,EXIT,EXIT,0.0,High,1,NORMAL,EXIT,0.0,0,0,4,基础:BEARISH_CONFIRMED(3)；市场risk_off+1
00700,腾讯控股,2024-10-11,STRUCTURAL_DECLINE,Stable,Consolidation,Medium,BEARISH_CONFIRMED,20.0,Aligned,risk_off,B,1.0,fallback,EXIT,EXIT,0.0,High,0,NORMAL,EXIT,0.0,0,0,4,基础:BEARISH_CONFIRMED(3)；市场risk_off+1
00700,腾讯控股,2024-10-18,STRUCTURAL_DECLINE,Stable,Consolidation,Medium,BEARISH_CONFIRMED,20.0,Aligned,risk_off,B,1.0,fallback,EXIT,EXIT,0.0,High,0,NORMAL,EXIT,0.0,0,0,4,基础:BEARISH_CONFIRMED(3)；市场risk_off+1
00700,腾讯控股,2024-10-25,STRUCTURAL_DECLINE,Stable,Pullback,Medium,BEARISH_CONFIRMED,20.0,Aligned,risk_off,B,1.0,fallback,EXIT,EXIT,0.0,High,1,NORMAL,EXIT,0.0,0,0,4,基础:BEARISH_CONFIRMED(3)；市场risk_off+1
00700,腾讯控股,2024-11-01,STRUCTURAL_DECLINE,Deteriorating,Pullback,Medium,BEARISH_CONFIRMED,20.0,Aligned,risk_off,B,0.0,fallback,EXIT,EXIT,0.0,High,3,WATCH,EXIT,0.0,0,0,4,基础:BEARISH_CONFIRMED(3)；市场risk_off+1
00700,腾讯控股,2024-11-08,STRUCTURAL_DECLINE,Deteriorating,Pullback,Medium,BEARISH_CONFIRMED,20.0,Aligned,risk_off,B,0.0,fallback,EXIT,EXIT,0.0,High,3,WATCH,EXIT,0.0,0,0,4,基础:BEARISH_CONFIRMED(3)；市场risk_off+1
00700,腾讯控股,2024-11-15,STRUCTURAL_DECLINE,Deteriorating,Pullback,Low,BEARISH_CONFIRMED,20.0,Aligned,risk_off,B,1.0,fallback,EXIT,EXIT,0.0,Extreme,7,DE-RISK,EXIT,0.0,1,0,5,基础:BEARISH_CONFIRMED(3)；市场risk_off+1；置信度Low+1
00700,腾讯控股,2024-11-22,STRUCTURAL_DECLINE,Deteriorating,Pullback,Low,BEARISH_CONFIRMED,20.0,Aligned,risk_on,B,1.0,fallback,EXIT,EXIT,0.0,Extreme,5,REDUCE,EXIT,0.0,1,0,4,基础:BEARISH_CONFIRMED(3)；置信度Low+1
00700,腾讯控股,2024-11-29,STRUCTURAL_DECLINE,Deteriorating,Consolidation,Low,BEARISH_CONFIRMED,20.0,Aligned,risk_on,B,1.0,fallback,EXIT,EXIT,0.0,High,7,DE-RISK,EXIT,0.0,1,0,4,基础:BEARISH_CONFIRMED(3)；置信度Low+1
00700,腾讯控股,2024-12-06,STRUCTURAL_DECLINE,Stable,Consolidation,Medium,BEARISH_CONFIRMED,20.0,Aligned,risk_on,B,2.0,fallback,EXIT,EXIT,0.0,Medium,3,WATCH,EXIT,0.0,0,0,3,基础:BEARISH_CONFIRMED(3)
00700,腾讯控股,2024-12-13,STRUCTURAL_DECLINE,Stable,Consolidation,Medium,BEARISH_CONFIRMED,20.0,Aligned,risk_on,B,2.0,fallback,EXIT,EXIT,0.0,Medium,3,WATCH,EXIT,0.0,0,0,3,基础:BEARISH_CONFIRMED(3)
00700,腾讯控股,2024-12-20,STRUCTURAL_DECLINE,Stable,Consolidation,Medium,BEARISH_CONFIRMED,20.0,Aligned,risk_on,B,2.0,fallback,EXIT,EXIT,0.0,Medium,1,NORMAL,EXIT,0.0,0,0,3,基础:BEARISH_CONFIRMED(3)
00700,腾讯控股,2024-12-27,STRUCTURAL_DECLINE,Stable,Consolidation,Medium,BEARISH_CONFIRMED,20.0,Aligned,risk_off,B,2.0,fallback,EXIT,EXIT,0.0,High,1,NORMAL,EXIT,0.0,0,0,4,基础:BEARISH_CONFIRMED(3)；市场risk_off+1
00700,腾讯控股,2025-01-03,STRUCTURAL_DECLINE,Improving,Pullback,Medium,BEARISH_CONFIRMED,20.0,Divergence,risk_off,B,2.0,fallback,EXIT,EXIT,0.0,Extreme,2,NORMAL,EXIT,0.0,0,0,5,基础:BEARISH_CONFIRMED(3)；结构-行为背离+1；市场risk_off+1
00700,腾讯控股,2025-01-10,STRUCTURAL_DECLINE,Improving,Consolidation,Medium,BEARISH_CONFIRMED,20.0,Divergence,risk_off,B,2.0,fallback,EXIT,EXIT,0.0,Extreme,9,DE-RISK,EXIT,0.0,1,0,5,基础:BEARISH_CONFIRMED(3)；结构-行为背离+1；市场risk_off+1
00700,腾讯控股,2025-01-17,STRUCTURAL_DECLINE,Improving,Consolidation,Medium,BEARISH_CONFIRMED,20.0,Divergence,risk_off,B,2.0,fallback,EXIT,EXIT,0.0,Extreme,6,REDUCE,EXIT,0.0,1,0,5,基础:BEARISH_CONFIRMED(3)；结构-行为背离+1；市场risk_off+1
00700,腾讯控股,2025-01-24,STRUCTURAL_DECLINE,Improving,Consolidation,Medium,BEARISH_CONFIRMED,20.0,Divergence,risk_off,B,2.0,fallback,EXIT,EXIT,0.0,Extreme,5,REDUCE,EXIT,0.0,1,0,5,基础:BEARISH_CONFIRMED(3)；结构-行为背离+1；市场risk_off+1
00700,腾讯控股,2025-01-31,STRUCTURAL_DECLINE,Deteriorating,Consolidation,Low,BEARISH_CONFIRMED,20.0,Aligned,neutral,B,1.0,fallback,EXIT,EXIT,0.0,Extreme,5,REDUCE,EXIT,0.0,1,0,4,基础:BEARISH_CONFIRMED(3)；置信度Low+1
00700,腾讯控股,2025-02-07,STRUCTURAL_DECLINE,Deteriorating,Consolidation,Low,BEARISH_CONFIRMED,20.0,Aligned,risk_off,B,1.0,fallback,EXIT,EXIT,0.0,Extreme,2,NORMAL,EXIT,0.0,1,0,5,基础:BEARISH_CONFIRMED(3)；市场risk_off+1；置信度Low+1
00700,腾讯控股,2025-02-14,STRUCTURAL_DECLINE,Deteriorating,Consolidation,Low,BEARISH_CONFIRMED,20.0,Aligned,risk_off,B,0.0,fallback,EXIT,EXIT,0.0,Extreme,0,NORMAL,EXIT,0.0,0,0,5,基础:BEARISH_CONFIRMED(3)；市场risk_off+1；置信度Low+1
00700,腾讯控股,2025-02-21,STRUCTURAL_DECLINE,Deteriorating,Breakout,Low,BEARISH_CONFIRMED,20.0,Aligned,risk_off,B,0.0,fallback,EXIT,EXIT,0.0,Extreme,0,NORMAL,EXIT,0.0,0,0,5,基础:BEARISH_CONFIRMED(3)；市场risk_off+1；置信度Low+1
00700,腾讯控股,2025-02-28,STRUCTURAL_DECLINE,Deteriorating,Consolidation,Low,BEARISH_CONFIRMED,20.0,Aligned,risk_off,B,0.0,fallback,EXIT,EXIT,0.0,Extreme,1,NORMAL,EXIT,0.0,0,0,5,基础:BEARISH_CONFIRMED(3)；市场risk_off+1；置信度Low+1
00700,腾讯控股,2025-03-07,STRUCTURAL_DECLINE,Deteriorating,Consolidation,Low,BEARISH_CONFIRMED,20.0,Aligned,risk_off,B,0.0,fallback,EXIT,EXIT,0.0,Extreme,1,NORMAL,EXIT,0.0,0,0,5,基础:BEARISH_CONFIRMED(3)；市场risk_off+1；置信度Low+1
00700,腾讯控股,2025-03-14,STRUCTURAL_DECLINE,Deteriorating,Consolidation,Low,BEARISH_CONFIRMED,20.0,Aligned,risk_off,B,0.0,fallback,EXIT,EXIT,0.0,Extreme,0,NORMAL,EXIT,0.0,0,0,5,基础:BEARISH_CONFIRMED(3)；市场risk_off+1；置信度Low+1
00700,腾讯控股,2025-03-21,STRUCTURAL_DECLINE,Deteriorating,Consolidation,Low,BEARISH_CONFIRMED,20.0,Aligned,risk_on,B,0.0,fallback,EXIT,EXIT,0.0,High,2,NORMAL,EXIT,0.0,0,0,4,基础:BEARISH_CONFIRMED(3)；置信度Low+1
00700,腾讯控股,2025-03-28,STRUCTURAL_DECLINE,Deteriorating,Consolidation,Low,BEARISH_CONFIRMED,20.0,Aligned,risk_on,B,0.0,fallback,EXIT,EXIT,0.0,High,3,WATCH,EXIT,0.0,0,0,4,基础:BEARISH_CONFIRMED(3)；置信度Low+1
00700,腾讯控股,2025-04-04,STRUCTURAL_DECLINE,Stable,Pullback,Low,BEARISH_CONFIRMED,20.0,Aligned,risk_on,B,0.0,fallback,EXIT,EXIT,0.0,High,3,WATCH,EXIT,0.0,0,0,4,基础:BEARISH_CONFIRMED(3)；置信度Low+1
00700,腾讯控股,2025-04-11,STRUCTURAL_DECLINE,Stable,Consolidation,Low,BEARISH_CONFIRMED,20.0,Aligned,risk_off,B,0.0,fallback,EXIT,EXIT,0.0,Extreme,4,WATCH,EXIT,0.0,0,0,5,基础:BEARISH_CONFIRMED(3)；市场risk_off+1；置信度Low+1
00700,腾讯控股,2025-04-18,STRUCTURAL_DECLINE,Stable,Consolidation,Low,BEARISH_CONFIRMED,20.0,Aligned,risk_off,B,0.0,fallback,EXIT,EXIT,0.0,Extreme,3,WATCH,EXIT,0.0,0,0,5,基础:BEARISH_CONFIRMED(3)；市场risk_off+1；置信度Low+1
00700,腾讯控股,2025-04-25,STRUCTURAL_DECLINE,Stable,Consolidation,Low,BEARISH_CONFIRMED,20.0,Aligned,risk_off,B,0.0,fallback,EXIT,EXIT,0.0,Extreme,3,WATCH,EXIT,0.0,0,0,5,基础:BEARISH_CONFIRMED(3)；市场risk_off+1；置信度Low+1
00700,腾讯控股,2025-05-02,STRUCTURAL_DECLINE,Stable,Consolidation,Low,BEARISH_CONFIRMED,20.0,Aligned,risk_off,B,0.0,fallback,EXIT,EXIT,0.0,Extreme,3,WATCH,EXIT,0.0,0,0,5,基础:BEARISH_CONFIRMED(3)；市场risk_off+1；置信度Low+1
00700,腾讯控股,2025-05-09,STRUCTURAL_DECLINE,Stable,Consolidation,Low,BEARISH_CONFIRMED,20.0,Aligned,risk_off,B,0.0,fallback,EXIT,EXIT,0.0,Extreme,3,WATCH,EXIT,0.0,0,0,5,基础:BEARISH_CONFIRMED(3)；市场risk_off+1；置信度Low+1
00700,腾讯控股,2025-05-16,STRUCTURAL_DECLINE,Stable,Consolidation,Low,BEARISH_CONFIRMED,20.0,Aligned,risk_on,B,1.0,fallback,EXIT,EXIT,0.0,High,2,NORMAL,EXIT,0.0,0,0,4,基础:BEARISH_CONFIRMED(3)；置信度Low+1
00700,腾讯控股,2025-05-23,STRUCTURAL_DECLINE,Stable,Consolidation,Low,BEARISH_CONFIRMED,20.0,Aligned,neutral,B,1.0,fallback,EXIT,EXIT,0.0,High,1,NORMAL,EXIT,0.0,0,0,4,基础:BEARISH_CONFIRMED(3)；置信度Low+1
00700,腾讯控股,2025-05-30,STRUCTURAL_DECLINE,Stable,Pullback,Low,BEARISH_CONFIRMED,20.0,Aligned,neutral,B,1.0,fallback,EXIT,EXIT,0.0,High,3,WATCH,EXIT,0.0,0,0,4,基础:BEARISH_CONFIRMED(3)；置信度Low+1
00700,腾讯控股,2025-06-06,STRUCTURAL_DECLINE,Improving,Consolidation,Low,BEARISH_CONFIRMED,20.0,Divergence,neutral,B,1.0,fallback,EXIT,EXIT,0.0,Extreme,0,NORMAL,EXIT,0.0,0,0,5,基础:BEARISH_CONFIRMED(3)；结构-行为背离+1；置信度Low+1
00700,腾讯控股,2025-06-13,STRUCTURAL_DECLINE,Improving,Consolidation,Low,BEARISH_CONFIRMED,20.0,Divergence,neutral,B,1.0,fallback,EXIT,EXIT,0.0,Extreme,0,NORMAL,EXIT,0.0,0,0,5,基础:BEARISH_CONFIRMED(3)；结构-行为背离+1；置信度Low+1
00700,腾讯控股,2025-06-20,STRUCTURAL_DECLINE,Improving,Pullback,Low,BEARISH_CONFIRMED,20.0,Divergence,neutral,B,1.0,fallback,EXIT,EXIT,0.0,Extreme,3,WATCH,EXIT,0.0,0,0,5,基础:BEARISH_CONFIRMED(3)；结构-行为背离+1；置信度Low+1
00700,腾讯控股,2025-06-27,STRUCTURAL_DECLINE,Improving,Consolidation,Low,BEARISH_CONFIRMED,20.0,Divergence,risk_on,B,1.0,fallback,EXIT,EXIT,0.0,Extreme,1,NORMAL,EXIT,0.0,0,0,5,基础:BEARISH_CONFIRMED(3)；结构-行为背离+1；置信度Low+1
00700,腾讯控股,2025-07-04,STRUCTURAL_DECLINE,Stable,Pullback,Low,BEARISH_CONFIRMED,20.0,Aligned,risk_on,B,2.0,fallback,EXIT,EXIT,0.0,High,2,NORMAL,EXIT,0.0,0,0,4,基础:BEARISH_CONFIRMED(3)；置信度Low+1
00700,腾讯控股,2025-07-11,STRUCTURAL_DECLINE,Stable,Pullback,Low,BEARISH_CONFIRMED,20.0,Aligned,risk_on,B,2.0,fallback,EXIT,EXIT,0.0,High,2,NORMAL,EXIT,0.0,0,0,4,基础:BEARISH_CONFIRMED(3)；置信度Low+1
00700,腾讯控股,2025-07-18,STRUCTURAL_DECLINE,Stable,Consolidation,Low,BEARISH_CONFIRMED,20.0,Aligned,risk_on,B,2.0,fallback,EXIT,EXIT,0.0,High,3,WATCH,EXIT,0.0,0,0,4,基础:BEARISH_CONFIRMED(3)；置信度Low+1
00700,腾讯控股,2025-07-25,STRUCTURAL_DECLINE,Stable,Consolidation,Low,BEARISH_CONFIRMED,20.0,Aligned,risk_on,B,2.0,fallback,EXIT,EXIT,0.0,High,1,NORMAL,EXIT,0.0,0,0,4,基础:BEARISH_CONFIRMED(3)；置信度Low+1
00700,腾讯控股,2025-08-01,STRUCTURAL_DECLINE,Improving,Consolidation,Low,BEARISH_CONFIRMED,20.0,Divergence,risk_on,B,2.0,fallback,EXIT,EXIT,0.0,Extreme,2,NORMAL,EXIT,0.0,0,0,5,基础:BEARISH_CONFIRMED(3)；结构-行为背离+1；置信度Low+1
00700,腾讯控股,2025-08-08,STRUCTURAL_DECLINE,Improving,Consolidation,Low,BEARISH_CONFIRMED,20.0,Divergence,risk_on,B,2.0,fallback,EXIT,EXIT,0.0,Extreme,1,NORMAL,EXIT,0.0,0,0,5,基础:BEARISH_CONFIRMED(3)；结构-行为背离+1；置信度Low+1
00700,腾讯控股,2025-08-15,STRUCTURAL_DECLINE,Improving,Consolidation,Medium,BEARISH_CONFIRMED,20.0,Divergence,risk_on,B,3.0,fallback,EXIT,EXIT,0.0,High,1,NORMAL,EXIT,0.0,0,0,4,基础:BEARISH_CONFIRMED(3)；结构-行为背离+1
00700,腾讯控股,2025-08-22,STRUCTURAL_DECLINE,Improving,Consolidation,Medium,BEARISH_CONFIRMED,20.0,Divergence,risk_on,B,3.0,fallback,EXIT,EXIT,0.0,High,1,NORMAL,EXIT,0.0,0,0,4,基础:BEARISH_CONFIRMED(3)；结构-行为背离+1
00700,腾讯控股,2025-08-29,STRUCTURAL_DECLINE,Improving,Consolidation,Medium,BEARISH_CONFIRMED,20.0,Divergence,risk_on,B,3.0,fallback,EXIT,EXIT,0.0,High,1,NORMAL,EXIT,0.0,0,0,4,基础:BEARISH_CONFIRMED(3)；结构-行为背离+1
00700,腾讯控股,2025-09-05,STRUCTURAL_DECLINE,Improving,Consolidation,Medium,BEARISH_CONFIRMED,20.0,Divergence,risk_on,B,2.0,fallback,EXIT,EXIT,0.0,High,1,NORMAL,EXIT,0.0,0,0,4,基础:BEARISH_CONFIRMED(3)；结构-行为背离+1
00700,腾讯控股,2025-09-12,STRUCTURAL_DECLINE,Improving,Consolidation,Medium,BEARISH_CONFIRMED,20.0,Divergence,risk_on,B,2.0,fallback,EXIT,EXIT,0.0,High,1,NORMAL,EXIT,0.0,0,0,4,基础:BEARISH_CONFIRMED(3)；结构-行为背离+1
00700,腾讯控股,2025-09-19,STRUCTURAL_DECLINE,Improving,Consolidation,Medium,BEARISH_CONFIRMED,20.0,Divergence,risk_on,B,2.0,fallback,EXIT,EXIT,0.0,High,1,NORMAL,EXIT,0.0,0,0,4,基础:BEARISH_CONFIRMED(3)；结构-行为背离+1
00700,腾讯控股,2025-09-26,STRUCTURAL_DECLINE,Improving,Consolidation,Medium,BEARISH_CONFIRMED,20.0,Divergence,risk_on,B,2.0,fallback,EXIT,EXIT,0.0,High,2,NORMAL,EXIT,0.0,0,0,4,基础:BEARISH_CONFIRMED(3)；结构-行为背离+1
00700,腾讯控股,2025-10-03,STRUCTURAL_DECLINE,Improving,Consolidation,Medium,BEARISH_CONFIRMED,20.0,Divergence,risk_on,B,3.0,fallback,EXIT,EXIT,0.0,High,1,NORMAL,EXIT,0.0,0,0,4,基础:BEARISH_CONFIRMED(3)；结构-行为背离+1
00700,腾讯控股,2025-10-10,STRUCTURAL_DECLINE,Improving,Consolidation,Medium,BEARISH_CONFIRMED,20.0,Divergence,risk_on,B,3.0,fallback,EXIT,EXIT,0.0,High,1,NORMAL,EXIT,0.0,0,0,4,基础:BEARISH_CONFIRMED(3)；结构-行为背离+1
00700,腾讯控股,2025-10-17,STRUCTURAL_DECLINE,Improving,Pullback,Medium,BEARISH_CONFIRMED,20.0,Divergence,risk_off,B,3.0,fallback,EXIT,EXIT,0.0,Extreme,4,WATCH,EXIT,0.0,0,0,5,基础:BEARISH_CONFIRMED(3)；结构-行为背离+1；市场risk_off+1
00700,腾讯控股,2025-10-24,STRUCTURAL_DECLINE,Improving,Consolidation,Medium,BEARISH_CONFIRMED,20.0,Divergence,risk_off,B,3.0,fallback,EXIT,EXIT,0.0,Extreme,2,NORMAL,EXIT,0.0,0,0,5,基础:BEARISH_CONFIRMED(3)；结构-行为背离+1；市场risk_off+1
00700,腾讯控股,2025-10-31,STRUCTURAL_DECLINE,Deteriorating,Pullback,Medium,BEARISH_CONFIRMED,20.0,Aligned,risk_on,B,3.0,fallback,EXIT,EXIT,0.0,Medium,1,NORMAL,EXIT,0.0,0,0,3,基础:BEARISH_CONFIRMED(3)
00700,腾讯控股,2025-11-07,STRUCTURAL_DECLINE,Deteriorating,Consolidation,Medium,BEARISH_CONFIRMED,20.0,Aligned,risk_on,B,3.0,fallback,EXIT,EXIT,0.0,Medium,3,WATCH,EXIT,0.0,0,0,3,基础:BEARISH_CONFIRMED(3)
00700,腾讯控股,2025-11-14,STRUCTURAL_DECLINE,Deteriorating,Consolidation,Medium,BEARISH_CONFIRMED,20.0,Aligned,risk_on,B,3.0,fallback,EXIT,EXIT,0.0,Medium,2,NORMAL,EXIT,0.0,0,0,3,基础:BEARISH_CONFIRMED(3)
00700,腾讯控股,2025-11-21,STRUCTURAL_DECLINE,Deteriorating,Pullback,Medium,BEARISH_CONFIRMED,20.0,Aligned,neutral,B,3.0,fallback,EXIT,EXIT,0.0,Extreme,6,REDUCE,EXIT,0.0,1,0,3,基础:BEARISH_CONFIRMED(3)
00700,腾讯控股,2025-11-28,STRUCTURAL_DECLINE,Deteriorating,Pullback,Medium,BEARISH_CONFIRMED,20.0,Aligned,neutral,B,3.0,fallback,EXIT,EXIT,0.0,Extreme,2,NORMAL,EXIT,0.0,1,0,3,基础:BEARISH_CONFIRMED(3)
00700,腾讯控股,2025-12-05,STRUCTURAL_DECLINE,Deteriorating,Pullback,Medium,BEARISH_CONFIRMED,20.0,Aligned,neutral,B,3.0,fallback,EXIT,EXIT,0.0,Extreme,3,WATCH,EXIT,0.0,1,0,3,基础:BEARISH_CONFIRMED(3)
00700,腾讯控股,2025-12-12,STRUCTURAL_DECLINE,Deteriorating,Pullback,Medium,BEARISH_CONFIRMED,20.0,Aligned,neutral,B,3.0,fallback,EXIT,EXIT,0.0,Extreme,3,WATCH,EXIT,0.0,1,0,3,基础:BEARISH_CONFIRMED(3)
00700,腾讯控股,2025-12-19,STRUCTURAL_DECLINE,Deteriorating,Pullback,Medium,BEARISH_CONFIRMED,20.0,Aligned,neutral,B,3.0,fallback,EXIT,EXIT,0.0,Extreme,4,WATCH,EXIT,0.0,1,0,3,基础:BEARISH_CONFIRMED(3)
00700,腾讯控股,2025-12-26,STRUCTURAL_DECLINE,Deteriorating,Consolidation,Medium,BEARISH_CONFIRMED,20.0,Aligned,neutral,B,3.0,fallback,EXIT,EXIT,0.0,Extreme,3,WATCH,EXIT,0.0,1,0,3,基础:BEARISH_CONFIRMED(3)
00700,腾讯控股,2026-01-02,STRUCTURAL_DECLINE,Deteriorating,Consolidation,Medium,BEARISH_CONFIRMED,20.0,Aligned,risk_off,B,3.0,fallback,EXIT,EXIT,0.0,Extreme,3,WATCH,EXIT,0.0,1,0,4,基础:BEARISH_CONFIRMED(3)；市场risk_off+1
00700,腾讯控股,2026-01-09,STRUCTURAL_DECLINE,Deteriorating,Pullback,Medium,BEARISH_CONFIRMED,20.0,Aligned,neutral,B,3.0,fallback,EXIT,EXIT,0.0,Extreme,2,NORMAL,EXIT,0.0,1,0,3,基础:BEARISH_CONFIRMED(3)
00700,腾讯控股,2026-01-16,STRUCTURAL_DECLINE,Deteriorating,Consolidation,Medium,BEARISH_CONFIRMED,20.0,Aligned,risk_on,B,3.0,fallback,EXIT,EXIT,0.0,Extreme,4,WATCH,EXIT,0.0,1,0,3,基础:BEARISH_CONFIRMED(3)
00700,腾讯控股,2026-01-23,STRUCTURAL_DECLINE,Deteriorating,Consolidation,Medium,BEARISH_CONFIRMED,20.0,Aligned,neutral,B,3.0,fallback,EXIT,EXIT,0.0,Extreme,3,WATCH,EXIT,0.0,1,0,3,基础:BEARISH_CONFIRMED(3)
00700,腾讯控股,2026-01-30,STRUCTURAL_DECLINE,Deteriorating,Consolidation,Medium,BEARISH_CONFIRMED,20.0,Aligned,risk_on,B,3.0,fallback,EXIT,EXIT,0.0,Extreme,4,WATCH,EXIT,0.0,1,0,3,基础:BEARISH_CONFIRMED(3)
00700,腾讯控股,2026-02-06,STRUCTURAL_DECLINE,Deteriorating,Breakdown,Low,BEARISH_CONFIRMED,20.0,Aligned,neutral,B,1.0,matrix,EXIT,EXIT,0.0,Extreme,8,DE-RISK,EXIT,0.0,1,0,4,基础:BEARISH_CONFIRMED(3)；置信度Low+1
00700,腾讯控股,2026-02-13,STRUCTURAL_DECLINE,Deteriorating,Breakdown,Low,BEARISH_CONFIRMED,20.0,Aligned,risk_on,B,1.0,matrix,EXIT,EXIT,0.0,Extreme,9,DE-RISK,EXIT,0.0,1,0,4,基础:BEARISH_CONFIRMED(3)；置信度Low+1
00700,腾讯控股,2026-02-20,STRUCTURAL_DECLINE,Deteriorating,Breakdown,Low,BEARISH_CONFIRMED,20.0,Aligned,risk_on,B,-1.0,matrix,EXIT,EXIT,0.0,Extreme,13,DE-RISK,EXIT,0.0,1,0,4,基础:BEARISH_CONFIRMED(3)；置信度Low+1
00700,腾讯控股,2026-02-27,STRUCTURAL_DECLINE,Deteriorating,Consolidation,Low,BEARISH_CONFIRMED,20.0,Aligned,risk_on,B,-1.0,fallback,EXIT,EXIT,0.0,Extreme,7,DE-RISK,EXIT,0.0,1,0,4,基础:BEARISH_CONFIRMED(3)；置信度Low+1
00700,腾讯控股,2026-03-06,STRUCTURAL_DECLINE,Deteriorating,Consolidation,Low,BEARISH_CONFIRMED,20.0,Aligned,risk_off,B,0.0,fallback,EXIT,EXIT,0.0,Extreme,9,DE-RISK,EXIT,0.0,1,0,5,基础:BEARISH_CONFIRMED(3)；市场risk_off+1；置信度Low+1
00700,腾讯控股,2026-03-13,STRUCTURAL_DECLINE,Deteriorating,Consolidation,Low,BEARISH_CONFIRMED,20.0,Aligned,risk_off,B,0.0,fallback,EXIT,EXIT,0.0,Extreme,7,DE-RISK,EXIT,0.0,1,0,5,基础:BEARISH_CONFIRMED(3)；市场risk_off+1；置信度Low+1
00700,腾讯控股,2026-03-20,STRUCTURAL_DECLINE,Deteriorating,Consolidation,Low,BEARISH_CONFIRMED,20.0,Aligned,neutral,B,0.0,fallback,EXIT,EXIT,0.0,Extreme,5,REDUCE,EXIT,0.0,1,0,4,基础:BEARISH_CONFIRMED(3)；置信度Low+1
00700,腾讯控股,2026-03-27,STRUCTURAL_DECLINE,Deteriorating,Breakdown,Low,BEARISH_CONFIRMED,20.0,Aligned,risk_off,B,0.0,matrix,EXIT,EXIT,0.0,Extreme,11,DE-RISK,EXIT,0.0,1,0,5,基础:BEARISH_CONFIRMED(3)；市场risk_off+1；置信度Low+1
00700,腾讯控股,2026-04-03,STRUCTURAL_DECLINE,Deteriorating,Consolidation,Low,BEARISH_CONFIRMED,20.0,Aligned,risk_off,B,0.0,fallback,EXIT,EXIT,0.0,Extreme,9,DE-RISK,EXIT,0.0,1,0,5,基础:BEARISH_CONFIRMED(3)；市场risk_off+1；置信度Low+1
00700,腾讯控股,2026-04-10,STRUCTURAL_DECLINE,Deteriorating,Consolidation,Low,BEARISH_CONFIRMED,20.0,Aligned,neutral,B,0.0,fallback,EXIT,EXIT,0.0,Extreme,6,REDUCE,EXIT,0.0,1,0,4,基础:BEARISH_CONFIRMED(3)；置信度Low+1
00700,腾讯控股,2026-04-17,STRUCTURAL_DECLINE,Deteriorating,Consolidation,Low,BEARISH_CONFIRMED,20.0,Aligned,risk_off,B,0.0,fallback,EXIT,EXIT,0.0,Extreme,7,DE-RISK,EXIT,0.0,1,0,5,基础:BEARISH_CONFIRMED(3)；市场risk_off+1；置信度Low+1
00700,腾讯控股,2026-04-24,STRUCTURAL_DECLINE,Deteriorating,Consolidation,Low,BEARISH_CONFIRMED,20.0,Aligned,risk_off,B,0.0,fallback,EXIT,EXIT,0.0,Extreme,5,REDUCE,EXIT,0.0,1,0,5,基础:BEARISH_CONFIRMED(3)；市场risk_off+1；置信度Low+1
00700,腾讯控股,2026-05-01,STRUCTURAL_DECLINE,Stable,Breakdown,Low,BEARISH_CONFIRMED,20.0,Aligned,risk_off,B,0.0,fallback,EXIT,EXIT,0.0,Extreme,8,DE-RISK,EXIT,0.0,1,0,5,基础:BEARISH_CONFIRMED(3)；市场risk_off+1；置信度Low+1
00700,腾讯控股,2026-05-08,STRUCTURAL_DECLINE,Stable,Consolidation,Low,BEARISH_CONFIRMED,20.0,Aligned,neutral,B,0.0,fallback,EXIT,EXIT,0.0,Extreme,5,REDUCE,EXIT,0.0,1,0,4,基础:BEARISH_CONFIRMED(3)；置信度Low+1
00700,腾讯控股,2026-05-15,STRUCTURAL_DECLINE,Stable,Consolidation,Low,BEARISH_CONFIRMED,20.0,Aligned,risk_off,B,0.0,fallback,EXIT,EXIT,0.0,Extreme,9,DE-RISK,EXIT,0.0,1,0,5,基础:BEARISH_CONFIRMED(3)；市场risk_off+1；置信度Low+1
00700,腾讯控股,2026-05-22,STRUCTURAL_DECLINE,Stable,Breakdown,Low,BEARISH_CONFIRMED,20.0,Aligned,risk_off,B,0.0,fallback,EXIT,EXIT,0.0,Extreme,8,DE-RISK,EXIT,0.0,1,0,5,基础:BEARISH_CONFIRMED(3)；市场risk_off+1；置信度Low+1
00700,腾讯控股,2026-05-29,STRUCTURAL_DECLINE,Stable,Breakdown,Low,BEARISH_CONFIRMED,20.0,Aligned,risk_off,B,0.0,fallback,EXIT,EXIT,0.0,Extreme,9,DE-RISK,EXIT,0.0,1,0,5,基础:BEARISH_CONFIRMED(3)；市场risk_off+1；置信度Low+1
00700,腾讯控股,2026-06-05,STRUCTURAL_DECLINE,Deteriorating,Consolidation,Low,BEARISH_CONFIRMED,20.0,Aligned,risk_off,B,0.0,fallback,EXIT,EXIT,0.0,Extreme,6,REDUCE,EXIT,0.0,1,0,5,基础:BEARISH_CONFIRMED(3)；市场risk_off+1；置信度Low+1
00700,腾讯控股,2026-06-12,STRUCTURAL_DECLINE,Deteriorating,Consolidation,Low,BEARISH_CONFIRMED,20.0,Aligned,risk_off,B,0.0,fallback,EXIT,EXIT,0.0,Extreme,6,REDUCE,EXIT,0.0,1,0,5,基础:BEARISH_CONFIRMED(3)；市场risk_off+1；置信度Low+1
00700,腾讯控股,2026-06-19,STRUCTURAL_DECLINE,Deteriorating,Consolidation,Low,BEARISH_CONFIRMED,20.0,Aligned,risk_off,B,0.0,fallback,EXIT,EXIT,0.0,Extreme,8,DE-RISK,EXIT,0.0,1,0,5,基础:BEARISH_CONFIRMED(3)；市场risk_off+1；置信度Low+1
00700,腾讯控股,2026-06-26,STRUCTURAL_DECLINE,Deteriorating,Breakdown,Low,BEARISH_CONFIRMED,20.0,Aligned,risk_off,B,0.0,matrix,EXIT,EXIT,0.0,Extreme,8,DE-RISK,EXIT,0.0,1,0,5,基础:BEARISH_CONFIRMED(3)；市场risk_off+1；置信度Low+1
00700,腾讯控股,2026-07-03,STRUCTURAL_DECLINE,Deteriorating,Consolidation,Low,BEARISH_CONFIRMED,20.0,Aligned,risk_off,B,0.0,fallback,EXIT,EXIT,0.0,Extreme,8,DE-RISK,EXIT,0.0,1,0,5,基础:BEARISH_CONFIRMED(3)；市场risk_off+1；置信度Low+1
00700,腾讯控股,2026-07-10,STRUCTURAL_DECLINE,Deteriorating,Consolidation,Low,BEARISH_CONFIRMED,20.0,Aligned,risk_off,B,0.0,fallback,EXIT,EXIT,0.0,Extreme,3,WATCH,EXIT,0.0,1,0,5,基础:BEARISH_CONFIRMED(3)；市场risk_off+1；置信度Low+1
00700,腾讯控股,2026-07-17,STRUCTURAL_DECLINE,Deteriorating,Consolidation,Low,BEARISH_CONFIRMED,20.0,Aligned,risk_off,B,0.0,fallback,EXIT,EXIT,0.0,Extreme,5,REDUCE,EXIT,0.0,1,0,5,基础:BEARISH_CONFIRMED(3)；市场risk_off+1；置信度Low+1
00700,腾讯控股,2026-07-24,STRUCTURAL_DECLINE,Deteriorating,Consolidation,Low,BEARISH_CONFIRMED,20.0,Aligned,risk_off,B,0.0,fallback,EXIT,EXIT,0.0,Extreme,5,REDUCE,EXIT,0.0,1,0,5,基础:BEARISH_CONFIRMED(3)；市场risk_off+1；置信度Low+1
00700,腾讯控股,2026-07-31,STRUCTURAL_DECLINE,Stable,Consolidation,Low,BEARISH_CONFIRMED,20.0,Aligned,neutral,B,0.0,fallback,EXIT,EXIT,0.0,Extreme,1,NORMAL,EXIT,0.0,1,0,4,基础:BEARISH_CONFIRMED(3)；置信度Low+1
00700,腾讯控股,2026-08-07,STRUCTURAL_DECLINE,Stable,Consolidation,Low,BEARISH_CONFIRMED,20.0,Aligned,risk_off,B,0.0,fallback,EXIT,EXIT,0.0,Extreme,2,NORMAL,EXIT,0.0,0,0,5,基础:BEARISH_CONFIRMED(3)；市场risk_off+1；置信度Low+1
00700,腾讯控股,2026-08-14,STRUCTURAL_DECLINE,Stable,Consolidation,Low,BULLISH_WARNING,55.0,Aligned,risk_off,B,2.0,tactical_override,REDUCE,REDUCE,0.35,Extreme,5,REDUCE,REDUCE,0.2,1,1,4,基础:BULLISH_WARNING(2)；市场risk_off+1；置信度Low+1
00700,腾讯控股,2026-08-21,STRUCTURAL_DECLINE,Stable,Consolidation,Low,BULLISH_WARNING,55.0,Aligned,neutral,B,2.0,tactical_override,REDUCE,REDUCE,0.35,Extreme,6,REDUCE,REDUCE,0.2,1,1,3,基础:BULLISH_WARNING(2)；置信度Low+1
