stock_code,stock_name,decision_date,structural_regime,monthly_behavior_state,tactical_signal,cbi_score,cost_position,chip_stability_confidence,mtf_regime,qcfp_score,structure_behavior_alignment,market_context,evidence_summary,ai_check,data_quality,align_method
00354,中软国际,2010-01-08,STATE_UNDETERMINED,,Consolidation,,,Low,DATA_INSUFFICIENT,,Unknown,neutral,结构:STATE_UNDETERMINED(A/A-); 阶段:nan(B); 触发:Consolidation(C); 置信度:Low,PASSED,,data_insufficient
00354,中软国际,2010-01-15,STATE_UNDETERMINED,,Consolidation,,,Low,DATA_INSUFFICIENT,,Unknown,neutral,结构:STATE_UNDETERMINED(A/A-); 阶段:nan(B); 触发:Consolidation(C); 置信度:Low,PASSED,,data_insufficient
00354,中软国际,2010-01-22,STATE_UNDETERMINED,,Consolidation,,,Low,DATA_INSUFFICIENT,,Unknown,neutral,结构:STATE_UNDETERMINED(A/A-); 阶段:nan(B); 触发:Consolidation(C); 置信度:Low,PASSED,,data_insufficient
00354,中软国际,2010-01-29,STATE_UNDETERMINED,,Pullback,,,Low,DATA_INSUFFICIENT,,Unknown,neutral,结构:STATE_UNDETERMINED(A/A-); 阶段:nan(B); 触发:Pullback(C); 置信度:Low,PASSED,,data_insufficient
00354,中软国际,2010-02-05,STATE_UNDETERMINED,,Pullback,,,Low,DATA_INSUFFICIENT,,Unknown,neutral,结构:STATE_UNDETERMINED(A/A-); 阶段:None(B); 触发:Pullback(C); 置信度:Low,PASSED,C,data_insufficient
00354,中软国际,2010-02-12,STATE_UNDETERMINED,,Consolidation,,,Low,DATA_INSUFFICIENT,,Unknown,neutral,结构:STATE_UNDETERMINED(A/A-); 阶段:None(B); 触发:Consolidation(C); 置信度:Low,PASSED,C,data_insufficient
00354,中软国际,2010-02-19,STATE_UNDETERMINED,,Consolidation,,,Low,DATA_INSUFFICIENT,,Unknown,neutral,结构:STATE_UNDETERMINED(A/A-); 阶段:None(B); 触发:Consolidation(C); 置信度:Low,PASSED,C,data_insufficient
00354,中软国际,2010-02-26,STATE_UNDETERMINED,,Consolidation,,,Low,DATA_INSUFFICIENT,,Unknown,neutral,结构:STATE_UNDETERMINED(A/A-); 阶段:None(B); 触发:Consolidation(C); 置信度:Low,PASSED,C,data_insufficient
00354,中软国际,2010-03-05,STATE_UNDETERMINED,,Consolidation,,,Low,DATA_INSUFFICIENT,,Unknown,neutral,结构:STATE_UNDETERMINED(A/A-); 阶段:None(B); 触发:Consolidation(C); 置信度:Low,PASSED,C,data_insufficient
00354,中软国际,2010-03-12,STATE_UNDETERMINED,,Consolidation,,,Low,DATA_INSUFFICIENT,,Unknown,neutral,结构:STATE_UNDETERMINED(A/A-); 阶段:None(B); 触发:Consolidation(C); 置信度:Low,PASSED,C,data_insufficient
00354,中软国际,2010-03-19,STATE_UNDETERMINED,,Consolidation,,,Low,DATA_INSUFFICIENT,,Unknown,neutral,结构:STATE_UNDETERMINED(A/A-); 阶段:None(B); 触发:Consolidation(C); 置信度:Low,PASSED,C,data_insufficient
00354,中软国际,2010-03-26,STATE_UNDETERMINED,,Pullback,,,Low,DATA_INSUFFICIENT,,Unknown,neutral,结构:STATE_UNDETERMINED(A/A-); 阶段:None(B); 触发:Pullback(C); 置信度:Low,PASSED,C,data_insufficient
00354,中软国际,2010-04-02,STATE_UNDETERMINED,Deteriorating,Pullback,,COST_DISADVANTAGE,Low,DATA_INSUFFICIENT,,Unknown,neutral,结构:STATE_UNDETERMINED(A/A-); 阶段:Deteriorating(B); 触发:Pullback(C); 置信度:Low,PASSED,C,data_insufficient
00354,中软国际,2010-04-09,STATE_UNDETERMINED,Deteriorating,Consolidation,,COST_DISADVANTAGE,Low,DATA_INSUFFICIENT,,Unknown,neutral,结构:STATE_UNDETERMINED(A/A-); 阶段:Deteriorating(B); 触发:Consolidation(C); 置信度:Low,PASSED,C,data_insufficient
00354,中软国际,2010-04-16,STATE_UNDETERMINED,Deteriorating,Consolidation,,COST_DISADVANTAGE,Low,DATA_INSUFFICIENT,,Unknown,neutral,结构:STATE_UNDETERMINED(A/A-); 阶段:Deteriorating(B); 触发:Consolidation(C); 置信度:Low,PASSED,C,data_insufficient
00354,中软国际,2010-04-23,STATE_UNDETERMINED,Deteriorating,Consolidation,,COST_DISADVANTAGE,Low,DATA_INSUFFICIENT,,Unknown,neutral,结构:STATE_UNDETERMINED(A/A-); 阶段:Deteriorating(B); 触发:Consolidation(C); 置信度:Low,PASSED,C,data_insufficient
00354,中软国际,2010-04-30,STATE_UNDETERMINED,Deteriorating,Consolidation,,COST_NEUTRAL,Low,DATA_INSUFFICIENT,,Unknown,neutral,结构:STATE_UNDETERMINED(A/A-); 阶段:Deteriorating(B); 触发:Consolidation(C); 置信度:Low,PASSED,C,data_insufficient
00354,中软国际,2010-05-07,STATE_UNDETERMINED,Deteriorating,Consolidation,,COST_NEUTRAL,Low,DATA_INSUFFICIENT,,Unknown,neutral,结构:STATE_UNDETERMINED(A/A-); 阶段:Deteriorating(B); 触发:Consolidation(C); 置信度:Low,PASSED,C,data_insufficient
00354,中软国际,2010-05-14,STATE_UNDETERMINED,Deteriorating,Consolidation,,COST_NEUTRAL,Low,DATA_INSUFFICIENT,,Unknown,neutral,结构:STATE_UNDETERMINED(A/A-); 阶段:Deteriorating(B); 触发:Consolidation(C); 置信度:Low,PASSED,C,data_insufficient
00354,中软国际,2010-05-21,STATE_UNDETERMINED,Deteriorating,Pullback,,COST_NEUTRAL,Low,DATA_INSUFFICIENT,,Unknown,neutral,结构:STATE_UNDETERMINED(A/A-); 阶段:Deteriorating(B); 触发:Pullback(C); 置信度:Low,PASSED,C,data_insufficient
00354,中软国际,2010-05-28,STATE_UNDETERMINED,Deteriorating,Pullback,,COST_NEUTRAL,Low,DATA_INSUFFICIENT,,Unknown,neutral,结构:STATE_UNDETERMINED(A/A-); 阶段:Deteriorating(B); 触发:Pullback(C); 置信度:Low,PASSED,C,data_insufficient
00354,中软国际,2010-06-04,STATE_UNDETERMINED,Deteriorating,Pullback,,COST_DISADVANTAGE,Low,DATA_INSUFFICIENT,,Unknown,neutral,结构:STATE_UNDETERMINED(A/A-); 阶段:Deteriorating(B); 触发:Pullback(C); 置信度:Low,PASSED,C,data_insufficient
00354,中软国际,2010-06-11,STATE_UNDETERMINED,Deteriorating,Pullback,,COST_DISADVANTAGE,Low,DATA_INSUFFICIENT,,Unknown,neutral,结构:STATE_UNDETERMINED(A/A-); 阶段:Deteriorating(B); 触发:Pullback(C); 置信度:Low,PASSED,C,data_insufficient
00354,中软国际,2010-06-18,STATE_UNDETERMINED,Deteriorating,Pullback,,COST_DISADVANTAGE,Low,DATA_INSUFFICIENT,,Unknown,neutral,结构:STATE_UNDETERMINED(A/A-); 阶段:Deteriorating(B); 触发:Pullback(C); 置信度:Low,PASSED,C,data_insufficient
00354,中软国际,2010-06-25,STATE_UNDETERMINED,Deteriorating,Pullback,,COST_DISADVANTAGE,Low,DATA_INSUFFICIENT,,Unknown,neutral,结构:STATE_UNDETERMINED(A/A-); 阶段:Deteriorating(B); 触发:Pullback(C); 置信度:Low,PASSED,C,data_insufficient
00354,中软国际,2010-07-02,STATE_UNDETERMINED,Improving,Pullback,50.0,COST_DISADVANTAGE,Medium,DATA_INSUFFICIENT,,Unknown,neutral,结构:STATE_UNDETERMINED(A/A-); 阶段:Improving(B); 触发:Pullback(C); 置信度:Medium,PASSED,C,data_insufficient
00354,中软国际,2010-07-09,STATE_UNDETERMINED,Improving,Pullback,50.0,COST_DISADVANTAGE,Medium,DATA_INSUFFICIENT,,Unknown,neutral,结构:STATE_UNDETERMINED(A/A-); 阶段:Improving(B); 触发:Pullback(C); 置信度:Medium,PASSED,C,data_insufficient
00354,中软国际,2010-07-16,STATE_UNDETERMINED,Improving,Pullback,50.0,COST_DISADVANTAGE,Medium,DATA_INSUFFICIENT,,Unknown,neutral,结构:STATE_UNDETERMINED(A/A-); 阶段:Improving(B); 触发:Pullback(C); 置信度:Medium,PASSED,C,data_insufficient
00354,中软国际,2010-07-23,STATE_UNDETERMINED,Improving,Pullback,50.0,COST_DISADVANTAGE,Medium,DATA_INSUFFICIENT,,Unknown,neutral,结构:STATE_UNDETERMINED(A/A-); 阶段:Improving(B); 触发:Pullback(C); 置信度:Medium,PASSED,C,data_insufficient
00354,中软国际,2010-07-30,STATE_UNDETERMINED,Improving,Consolidation,50.0,COST_DISADVANTAGE,Medium,DATA_INSUFFICIENT,,Unknown,neutral,结构:STATE_UNDETERMINED(A/A-); 阶段:Improving(B); 触发:Consolidation(C); 置信度:Medium,PASSED,C,data_insufficient
00354,中软国际,2010-08-06,STATE_UNDETERMINED,Improving,Consolidation,50.0,COST_DISADVANTAGE,Medium,DATA_INSUFFICIENT,,Unknown,neutral,结构:STATE_UNDETERMINED(A/A-); 阶段:Improving(B); 触发:Consolidation(C); 置信度:Medium,PASSED,C,data_insufficient
00354,中软国际,2010-08-13,STATE_UNDETERMINED,Improving,Consolidation,50.0,COST_DISADVANTAGE,Medium,DATA_INSUFFICIENT,,Unknown,neutral,结构:STATE_UNDETERMINED(A/A-); 阶段:Improving(B); 触发:Consolidation(C); 置信度:Medium,PASSED,C,data_insufficient
00354,中软国际,2010-08-20,STRUCTURAL_DIVERGENCE,Improving,Consolidation,50.0,COST_DISADVANTAGE,Low,BULLISH_WARNING,55.0,Aligned,neutral,结构:STRUCTURAL_DIVERGENCE(A/A-); 阶段:Improving(B); 触发:Consolidation(C); 置信度:Low,PASSED,C,fallback
00354,中软国际,2010-08-27,STRUCTURAL_DIVERGENCE,Improving,Consolidation,50.0,COST_DISADVANTAGE,Low,BULLISH_WARNING,55.0,Aligned,neutral,结构:STRUCTURAL_DIVERGENCE(A/A-); 阶段:Improving(B); 触发:Consolidation(C); 置信度:Low,PASSED,C,fallback
00354,中软国际,2010-09-03,STRUCTURAL_DIVERGENCE,Deteriorating,Consolidation,50.0,COST_DISADVANTAGE,Low,BULLISH_WARNING,55.0,Aligned,neutral,结构:STRUCTURAL_DIVERGENCE(A/A-); 阶段:Deteriorating(B); 触发:Consolidation(C); 置信度:Low,PASSED,C,fallback
00354,中软国际,2010-09-10,STRUCTURAL_DIVERGENCE,Deteriorating,Consolidation,50.0,COST_DISADVANTAGE,Low,BULLISH_WARNING,55.0,Aligned,neutral,结构:STRUCTURAL_DIVERGENCE(A/A-); 阶段:Deteriorating(B); 触发:Consolidation(C); 置信度:Low,PASSED,C,fallback
00354,中软国际,2010-09-17,STRUCTURAL_DIVERGENCE,Deteriorating,Consolidation,50.0,COST_DISADVANTAGE,Low,BULLISH_WARNING,55.0,Aligned,neutral,结构:STRUCTURAL_DIVERGENCE(A/A-); 阶段:Deteriorating(B); 触发:Consolidation(C); 置信度:Low,PASSED,C,fallback
00354,中软国际,2010-09-24,STRUCTURAL_DIVERGENCE,Deteriorating,Consolidation,50.0,COST_DISADVANTAGE,Low,BULLISH_WARNING,55.0,Aligned,neutral,结构:STRUCTURAL_DIVERGENCE(A/A-); 阶段:Deteriorating(B); 触发:Consolidation(C); 置信度:Low,PASSED,C,fallback
00354,中软国际,2010-10-01,STRUCTURAL_DIVERGENCE,Deteriorating,Pullback,50.0,COST_DISADVANTAGE,Low,BULLISH_WARNING,55.0,Aligned,neutral,结构:STRUCTURAL_DIVERGENCE(A/A-); 阶段:Deteriorating(B); 触发:Pullback(C); 置信度:Low,PASSED,C,fallback
00354,中软国际,2010-10-08,STRUCTURAL_DIVERGENCE,Deteriorating,Pullback,50.0,COST_DISADVANTAGE,Low,BULLISH_WARNING,55.0,Aligned,neutral,结构:STRUCTURAL_DIVERGENCE(A/A-); 阶段:Deteriorating(B); 触发:Pullback(C); 置信度:Low,PASSED,C,fallback
00354,中软国际,2010-10-15,STRUCTURAL_DIVERGENCE,Deteriorating,Pullback,50.0,COST_DISADVANTAGE,Low,BULLISH_WARNING,55.0,Aligned,neutral,结构:STRUCTURAL_DIVERGENCE(A/A-); 阶段:Deteriorating(B); 触发:Pullback(C); 置信度:Low,PASSED,C,fallback
00354,中软国际,2010-10-22,STRUCTURAL_DIVERGENCE,Deteriorating,Pullback,50.0,COST_DISADVANTAGE,Low,BULLISH_WARNING,55.0,Aligned,neutral,结构:STRUCTURAL_DIVERGENCE(A/A-); 阶段:Deteriorating(B); 触发:Pullback(C); 置信度:Low,PASSED,C,fallback
00354,中软国际,2010-10-29,STRUCTURAL_DIVERGENCE,Deteriorating,Consolidation,50.0,COST_DISADVANTAGE,Low,BULLISH_WARNING,55.0,Aligned,neutral,结构:STRUCTURAL_DIVERGENCE(A/A-); 阶段:Deteriorating(B); 触发:Consolidation(C); 置信度:Low,PASSED,C,fallback
00354,中软国际,2010-11-05,STRUCTURAL_DIVERGENCE,Deteriorating,Consolidation,50.0,COST_DISADVANTAGE,Low,BULLISH_WARNING,55.0,Aligned,neutral,结构:STRUCTURAL_DIVERGENCE(A/A-); 阶段:Deteriorating(B); 触发:Consolidation(C); 置信度:Low,PASSED,C,fallback
00354,中软国际,2010-11-12,STRUCTURAL_DIVERGENCE,Deteriorating,Pullback,50.0,COST_DISADVANTAGE,Low,BULLISH_WARNING,55.0,Aligned,neutral,结构:STRUCTURAL_DIVERGENCE(A/A-); 阶段:Deteriorating(B); 触发:Pullback(C); 置信度:Low,PASSED,C,fallback
00354,中软国际,2010-11-19,STRUCTURAL_DIVERGENCE,Deteriorating,Pullback,50.0,COST_DISADVANTAGE,Low,BULLISH_WARNING,55.0,Aligned,neutral,结构:STRUCTURAL_DIVERGENCE(A/A-); 阶段:Deteriorating(B); 触发:Pullback(C); 置信度:Low,PASSED,C,fallback
00354,中软国际,2010-11-26,STRUCTURAL_DIVERGENCE,Deteriorating,Pullback,50.0,COST_DISADVANTAGE,Low,BULLISH_WARNING,55.0,Aligned,neutral,结构:STRUCTURAL_DIVERGENCE(A/A-); 阶段:Deteriorating(B); 触发:Pullback(C); 置信度:Low,PASSED,C,fallback
00354,中软国际,2010-12-03,STRUCTURAL_DIVERGENCE,Deteriorating,Pullback,50.0,COST_DISADVANTAGE,Low,BULLISH_WARNING,55.0,Aligned,neutral,结构:STRUCTURAL_DIVERGENCE(A/A-); 阶段:Deteriorating(B); 触发:Pullback(C); 置信度:Low,PASSED,C,fallback
00354,中软国际,2010-12-10,STRUCTURAL_DIVERGENCE,Deteriorating,Consolidation,50.0,COST_DISADVANTAGE,Low,BULLISH_WARNING,55.0,Aligned,neutral,结构:STRUCTURAL_DIVERGENCE(A/A-); 阶段:Deteriorating(B); 触发:Consolidation(C); 置信度:Low,PASSED,C,fallback
00354,中软国际,2010-12-17,STRUCTURAL_DIVERGENCE,Deteriorating,Pullback,50.0,COST_DISADVANTAGE,Low,BULLISH_WARNING,55.0,Aligned,neutral,结构:STRUCTURAL_DIVERGENCE(A/A-); 阶段:Deteriorating(B); 触发:Pullback(C); 置信度:Low,PASSED,C,fallback
00354,中软国际,2010-12-24,STRUCTURAL_DIVERGENCE,Deteriorating,Pullback,50.0,COST_DISADVANTAGE,Low,BULLISH_WARNING,55.0,Aligned,neutral,结构:STRUCTURAL_DIVERGENCE(A/A-); 阶段:Deteriorating(B); 触发:Pullback(C); 置信度:Low,PASSED,C,fallback
00354,中软国际,2010-12-31,STRUCTURAL_DIVERGENCE,Deteriorating,Consolidation,50.0,COST_DISADVANTAGE,Low,BULLISH_WARNING,55.0,Aligned,neutral,结构:STRUCTURAL_DIVERGENCE(A/A-); 阶段:Deteriorating(B); 触发:Consolidation(C); 置信度:Low,PASSED,C,fallback
00354,中软国际,2011-01-07,STRUCTURAL_DIVERGENCE,Deteriorating,Consolidation,50.0,COST_DISADVANTAGE,Low,BULLISH_WARNING,55.0,Aligned,neutral,结构:STRUCTURAL_DIVERGENCE(A/A-); 阶段:Deteriorating(B); 触发:Consolidation(C); 置信度:Low,PASSED,C,fallback
00354,中软国际,2011-01-14,STRUCTURAL_DIVERGENCE,Deteriorating,Consolidation,50.0,COST_DISADVANTAGE,Low,BULLISH_WARNING,55.0,Aligned,neutral,结构:STRUCTURAL_DIVERGENCE(A/A-); 阶段:Deteriorating(B); 触发:Consolidation(C); 置信度:Low,PASSED,C,fallback
00354,中软国际,2011-01-21,STRUCTURAL_DIVERGENCE,Deteriorating,Breakdown,50.0,COST_DISADVANTAGE,Low,BULLISH_WARNING,55.0,Aligned,neutral,结构:STRUCTURAL_DIVERGENCE(A/A-); 阶段:Deteriorating(B); 触发:Breakdown(C); 置信度:Low,PASSED,C,matrix
00354,中软国际,2011-01-28,STRUCTURAL_DIVERGENCE,Deteriorating,Consolidation,50.0,COST_DISADVANTAGE,Low,BULLISH_WARNING,55.0,Aligned,neutral,结构:STRUCTURAL_DIVERGENCE(A/A-); 阶段:Deteriorating(B); 触发:Consolidation(C); 置信度:Low,PASSED,C,fallback
00354,中软国际,2011-02-04,STRUCTURAL_DIVERGENCE,Deteriorating,Consolidation,50.0,COST_DISADVANTAGE,Low,BULLISH_WARNING,55.0,Aligned,neutral,结构:STRUCTURAL_DIVERGENCE(A/A-); 阶段:Deteriorating(B); 触发:Consolidation(C); 置信度:Low,PASSED,C,fallback
00354,中软国际,2011-02-11,STRUCTURAL_DIVERGENCE,Deteriorating,Consolidation,50.0,COST_DISADVANTAGE,Low,BULLISH_WARNING,55.0,Aligned,neutral,结构:STRUCTURAL_DIVERGENCE(A/A-); 阶段:Deteriorating(B); 触发:Consolidation(C); 置信度:Low,PASSED,C,fallback
00354,中软国际,2011-02-18,STRUCTURAL_DECLINE,Deteriorating,Consolidation,50.0,COST_DISADVANTAGE,Low,BEARISH_CONFIRMED,20.0,Aligned,neutral,结构:STRUCTURAL_DECLINE(A/A-); 阶段:Deteriorating(B); 触发:Consolidation(C); 置信度:Low,PASSED,C,fallback
00354,中软国际,2011-02-25,STRUCTURAL_DECLINE,Deteriorating,Consolidation,50.0,COST_DISADVANTAGE,Low,BEARISH_CONFIRMED,20.0,Aligned,neutral,结构:STRUCTURAL_DECLINE(A/A-); 阶段:Deteriorating(B); 触发:Consolidation(C); 置信度:Low,PASSED,C,fallback
00354,中软国际,2011-03-04,STRUCTURAL_DECLINE,Deteriorating,Consolidation,50.0,COST_DISADVANTAGE,Low,BEARISH_CONFIRMED,20.0,Aligned,neutral,结构:STRUCTURAL_DECLINE(A/A-); 阶段:Deteriorating(B); 触发:Consolidation(C); 置信度:Low,PASSED,C,fallback
00354,中软国际,2011-03-11,STRUCTURAL_DECLINE,Deteriorating,Consolidation,50.0,COST_DISADVANTAGE,Low,BEARISH_CONFIRMED,20.0,Aligned,neutral,结构:STRUCTURAL_DECLINE(A/A-); 阶段:Deteriorating(B); 触发:Consolidation(C); 置信度:Low,PASSED,C,fallback
00354,中软国际,2011-03-18,STRUCTURAL_DECLINE,Deteriorating,Consolidation,50.0,COST_DISADVANTAGE,Low,BEARISH_CONFIRMED,20.0,Aligned,neutral,结构:STRUCTURAL_DECLINE(A/A-); 阶段:Deteriorating(B); 触发:Consolidation(C); 置信度:Low,PASSED,C,fallback
00354,中软国际,2011-03-25,STRUCTURAL_DECLINE,Deteriorating,Consolidation,50.0,COST_DISADVANTAGE,Low,BEARISH_CONFIRMED,20.0,Aligned,neutral,结构:STRUCTURAL_DECLINE(A/A-); 阶段:Deteriorating(B); 触发:Consolidation(C); 置信度:Low,PASSED,C,fallback
00354,中软国际,2011-04-01,STRUCTURAL_DECLINE,Improving,Consolidation,50.0,COST_DISADVANTAGE,Low,BEARISH_CONFIRMED,20.0,Divergence,neutral,结构:STRUCTURAL_DECLINE(A/A-); 阶段:Improving(B); 触发:Consolidation(C); 置信度:Low,PASSED,C,fallback
00354,中软国际,2011-04-08,STRUCTURAL_DECLINE,Improving,Consolidation,50.0,COST_DISADVANTAGE,Low,BEARISH_CONFIRMED,20.0,Divergence,neutral,结构:STRUCTURAL_DECLINE(A/A-); 阶段:Improving(B); 触发:Consolidation(C); 置信度:Low,PASSED,C,fallback
00354,中软国际,2011-04-15,STRUCTURAL_DECLINE,Improving,Consolidation,50.0,COST_DISADVANTAGE,Low,BEARISH_CONFIRMED,20.0,Divergence,neutral,结构:STRUCTURAL_DECLINE(A/A-); 阶段:Improving(B); 触发:Consolidation(C); 置信度:Low,PASSED,C,fallback
00354,中软国际,2011-04-22,STRUCTURAL_DECLINE,Improving,Consolidation,50.0,COST_DISADVANTAGE,Low,BEARISH_CONFIRMED,20.0,Divergence,neutral,结构:STRUCTURAL_DECLINE(A/A-); 阶段:Improving(B); 触发:Consolidation(C); 置信度:Low,PASSED,C,fallback
00354,中软国际,2011-04-29,STRUCTURAL_DECLINE,Improving,Consolidation,50.0,COST_DISADVANTAGE,Low,BEARISH_CONFIRMED,20.0,Divergence,neutral,结构:STRUCTURAL_DECLINE(A/A-); 阶段:Improving(B); 触发:Consolidation(C); 置信度:Low,PASSED,C,fallback
00354,中软国际,2011-05-06,STRUCTURAL_DECLINE,Deteriorating,Consolidation,50.0,COST_DISADVANTAGE,Low,BEARISH_CONFIRMED,20.0,Aligned,neutral,结构:STRUCTURAL_DECLINE(A/A-); 阶段:Deteriorating(B); 触发:Consolidation(C); 置信度:Low,PASSED,C,fallback
00354,中软国际,2011-05-13,STRUCTURAL_DECLINE,Deteriorating,Consolidation,50.0,COST_DISADVANTAGE,Low,BEARISH_CONFIRMED,20.0,Aligned,neutral,结构:STRUCTURAL_DECLINE(A/A-); 阶段:Deteriorating(B); 触发:Consolidation(C); 置信度:Low,PASSED,C,fallback
00354,中软国际,2011-05-20,STRUCTURAL_DECLINE,Deteriorating,Consolidation,50.0,COST_DISADVANTAGE,Low,BEARISH_CONFIRMED,20.0,Aligned,neutral,结构:STRUCTURAL_DECLINE(A/A-); 阶段:Deteriorating(B); 触发:Consolidation(C); 置信度:Low,PASSED,C,fallback
00354,中软国际,2011-05-27,STRUCTURAL_DECLINE,Deteriorating,Consolidation,50.0,COST_DISADVANTAGE,Low,BEARISH_CONFIRMED,20.0,Aligned,neutral,结构:STRUCTURAL_DECLINE(A/A-); 阶段:Deteriorating(B); 触发:Consolidation(C); 置信度:Low,PASSED,C,fallback
00354,中软国际,2011-06-10,STRUCTURAL_DECLINE,Deteriorating,Consolidation,50.0,COST_DISADVANTAGE,Low,BEARISH_CONFIRMED,20.0,Aligned,neutral,结构:STRUCTURAL_DECLINE(A/A-); 阶段:Deteriorating(B); 触发:Consolidation(C); 置信度:Low,PASSED,C,fallback
00354,中软国际,2011-06-17,STRUCTURAL_DECLINE,Deteriorating,Consolidation,50.0,COST_DISADVANTAGE,Low,BEARISH_CONFIRMED,20.0,Aligned,neutral,结构:STRUCTURAL_DECLINE(A/A-); 阶段:Deteriorating(B); 触发:Consolidation(C); 置信度:Low,PASSED,C,fallback
00354,中软国际,2011-06-24,STRUCTURAL_DECLINE,Deteriorating,Consolidation,50.0,COST_DISADVANTAGE,Low,BEARISH_CONFIRMED,20.0,Aligned,neutral,结构:STRUCTURAL_DECLINE(A/A-); 阶段:Deteriorating(B); 触发:Consolidation(C); 置信度:Low,PASSED,C,fallback
00354,中软国际,2011-07-01,STRUCTURAL_DECLINE,Deteriorating,Consolidation,50.0,COST_DISADVANTAGE,Low,BEARISH_CONFIRMED,20.0,Aligned,neutral,结构:STRUCTURAL_DECLINE(A/A-); 阶段:Deteriorating(B); 触发:Consolidation(C); 置信度:Low,PASSED,C,fallback
00354,中软国际,2011-07-08,STRUCTURAL_DECLINE,Deteriorating,Consolidation,50.0,COST_DISADVANTAGE,Low,BEARISH_CONFIRMED,20.0,Aligned,neutral,结构:STRUCTURAL_DECLINE(A/A-); 阶段:Deteriorating(B); 触发:Consolidation(C); 置信度:Low,PASSED,C,fallback
00354,中软国际,2011-07-15,STRUCTURAL_DECLINE,Deteriorating,Consolidation,50.0,COST_DISADVANTAGE,Low,BEARISH_CONFIRMED,20.0,Aligned,neutral,结构:STRUCTURAL_DECLINE(A/A-); 阶段:Deteriorating(B); 触发:Consolidation(C); 置信度:Low,PASSED,C,fallback
00354,中软国际,2011-07-22,STRUCTURAL_DECLINE,Deteriorating,Consolidation,50.0,COST_DISADVANTAGE,Low,BEARISH_CONFIRMED,20.0,Aligned,neutral,结构:STRUCTURAL_DECLINE(A/A-); 阶段:Deteriorating(B); 触发:Consolidation(C); 置信度:Low,PASSED,C,fallback
00354,中软国际,2011-07-29,STRUCTURAL_DECLINE,Deteriorating,Consolidation,50.0,COST_DISADVANTAGE,Low,BEARISH_CONFIRMED,20.0,Aligned,neutral,结构:STRUCTURAL_DECLINE(A/A-); 阶段:Deteriorating(B); 触发:Consolidation(C); 置信度:Low,PASSED,C,fallback
00354,中软国际,2011-08-05,STRUCTURAL_DECLINE,Improving,Consolidation,50.0,COST_NEUTRAL,Low,BEARISH_CONFIRMED,20.0,Divergence,neutral,结构:STRUCTURAL_DECLINE(A/A-); 阶段:Improving(B); 触发:Consolidation(C); 置信度:Low,PASSED,C,fallback
00354,中软国际,2011-08-12,STRUCTURAL_DECLINE,Improving,Consolidation,50.0,COST_NEUTRAL,Low,BEARISH_CONFIRMED,20.0,Divergence,neutral,结构:STRUCTURAL_DECLINE(A/A-); 阶段:Improving(B); 触发:Consolidation(C); 置信度:Low,PASSED,C,fallback
00354,中软国际,2011-08-19,STRUCTURAL_DECLINE,Improving,Pullback,50.0,COST_NEUTRAL,Medium,BEARISH_CONFIRMED,20.0,Divergence,neutral,结构:STRUCTURAL_DECLINE(A/A-); 阶段:Improving(B); 触发:Pullback(C); 置信度:Medium,PASSED,C,fallback
00354,中软国际,2011-08-26,STRUCTURAL_DECLINE,Improving,Consolidation,50.0,COST_NEUTRAL,Medium,BEARISH_CONFIRMED,20.0,Divergence,neutral,结构:STRUCTURAL_DECLINE(A/A-); 阶段:Improving(B); 触发:Consolidation(C); 置信度:Medium,PASSED,C,fallback
00354,中软国际,2011-09-02,STRUCTURAL_DECLINE,Deteriorating,Consolidation,50.0,COST_DISADVANTAGE,Medium,BEARISH_CONFIRMED,20.0,Aligned,neutral,结构:STRUCTURAL_DECLINE(A/A-); 阶段:Deteriorating(B); 触发:Consolidation(C); 置信度:Medium,PASSED,C,fallback
00354,中软国际,2011-09-09,STRUCTURAL_DECLINE,Deteriorating,Consolidation,50.0,COST_DISADVANTAGE,Medium,BEARISH_CONFIRMED,20.0,Aligned,neutral,结构:STRUCTURAL_DECLINE(A/A-); 阶段:Deteriorating(B); 触发:Consolidation(C); 置信度:Medium,PASSED,C,fallback
00354,中软国际,2011-09-16,STRUCTURAL_DECLINE,Deteriorating,Consolidation,50.0,COST_DISADVANTAGE,Medium,BEARISH_CONFIRMED,20.0,Aligned,neutral,结构:STRUCTURAL_DECLINE(A/A-); 阶段:Deteriorating(B); 触发:Consolidation(C); 置信度:Medium,PASSED,C,fallback
00354,中软国际,2011-09-23,STRUCTURAL_DECLINE,Deteriorating,Consolidation,50.0,COST_DISADVANTAGE,Medium,BEARISH_CONFIRMED,20.0,Aligned,neutral,结构:STRUCTURAL_DECLINE(A/A-); 阶段:Deteriorating(B); 触发:Consolidation(C); 置信度:Medium,PASSED,C,fallback
00354,中软国际,2011-09-30,STRUCTURAL_DECLINE,Deteriorating,Consolidation,50.0,COST_DISADVANTAGE,Medium,BEARISH_CONFIRMED,20.0,Aligned,neutral,结构:STRUCTURAL_DECLINE(A/A-); 阶段:Deteriorating(B); 触发:Consolidation(C); 置信度:Medium,PASSED,C,fallback
00354,中软国际,2011-10-07,STRUCTURAL_DECLINE,Deteriorating,Consolidation,50.0,COST_DISADVANTAGE,Medium,BEARISH_CONFIRMED,20.0,Aligned,neutral,结构:STRUCTURAL_DECLINE(A/A-); 阶段:Deteriorating(B); 触发:Consolidation(C); 置信度:Medium,PASSED,C,fallback
00354,中软国际,2011-10-14,STRUCTURAL_DECLINE,Deteriorating,Consolidation,50.0,COST_DISADVANTAGE,Medium,BEARISH_CONFIRMED,20.0,Aligned,neutral,结构:STRUCTURAL_DECLINE(A/A-); 阶段:Deteriorating(B); 触发:Consolidation(C); 置信度:Medium,PASSED,C,fallback
00354,中软国际,2011-10-21,STRUCTURAL_DECLINE,Deteriorating,Consolidation,50.0,COST_DISADVANTAGE,Medium,BEARISH_CONFIRMED,20.0,Aligned,neutral,结构:STRUCTURAL_DECLINE(A/A-); 阶段:Deteriorating(B); 触发:Consolidation(C); 置信度:Medium,PASSED,C,fallback
00354,中软国际,2011-10-28,STRUCTURAL_DECLINE,Deteriorating,Consolidation,50.0,COST_DISADVANTAGE,Medium,BEARISH_CONFIRMED,20.0,Aligned,neutral,结构:STRUCTURAL_DECLINE(A/A-); 阶段:Deteriorating(B); 触发:Consolidation(C); 置信度:Medium,PASSED,C,fallback
00354,中软国际,2011-11-04,STRUCTURAL_DECLINE,Deteriorating,Consolidation,50.0,COST_DISADVANTAGE,Medium,BEARISH_CONFIRMED,20.0,Aligned,neutral,结构:STRUCTURAL_DECLINE(A/A-); 阶段:Deteriorating(B); 触发:Consolidation(C); 置信度:Medium,PASSED,C,fallback
00354,中软国际,2011-11-11,STRUCTURAL_DECLINE,Deteriorating,Consolidation,50.0,COST_DISADVANTAGE,Medium,BEARISH_CONFIRMED,20.0,Aligned,neutral,结构:STRUCTURAL_DECLINE(A/A-); 阶段:Deteriorating(B); 触发:Consolidation(C); 置信度:Medium,PASSED,C,fallback
00354,中软国际,2011-11-18,STRUCTURAL_DECLINE,Deteriorating,Consolidation,50.0,COST_DISADVANTAGE,Low,BEARISH_CONFIRMED,20.0,Aligned,neutral,结构:STRUCTURAL_DECLINE(A/A-); 阶段:Deteriorating(B); 触发:Consolidation(C); 置信度:Low,PASSED,C,fallback
00354,中软国际,2011-11-25,STRUCTURAL_DECLINE,Deteriorating,Consolidation,50.0,COST_DISADVANTAGE,Low,BEARISH_CONFIRMED,20.0,Aligned,neutral,结构:STRUCTURAL_DECLINE(A/A-); 阶段:Deteriorating(B); 触发:Consolidation(C); 置信度:Low,PASSED,C,fallback
00354,中软国际,2011-12-02,STRUCTURAL_DECLINE,Improving,Consolidation,50.87346817033728,COST_DISADVANTAGE,Low,BEARISH_CONFIRMED,20.0,Divergence,neutral,结构:STRUCTURAL_DECLINE(A/A-); 阶段:Improving(B); 触发:Consolidation(C); 置信度:Low,PASSED,C,fallback
00354,中软国际,2011-12-09,STRUCTURAL_DECLINE,Improving,Consolidation,50.87346817033728,COST_DISADVANTAGE,Low,BEARISH_CONFIRMED,20.0,Divergence,neutral,结构:STRUCTURAL_DECLINE(A/A-); 阶段:Improving(B); 触发:Consolidation(C); 置信度:Low,PASSED,C,fallback
00354,中软国际,2011-12-16,STRUCTURAL_DECLINE,Improving,Consolidation,50.87346817033728,COST_DISADVANTAGE,Low,BEARISH_CONFIRMED,20.0,Divergence,neutral,结构:STRUCTURAL_DECLINE(A/A-); 阶段:Improving(B); 触发:Consolidation(C); 置信度:Low,PASSED,C,fallback
00354,中软国际,2011-12-23,STRUCTURAL_DECLINE,Improving,Consolidation,50.87346817033728,COST_DISADVANTAGE,Low,BEARISH_CONFIRMED,20.0,Divergence,neutral,结构:STRUCTURAL_DECLINE(A/A-); 阶段:Improving(B); 触发:Consolidation(C); 置信度:Low,PASSED,C,fallback
00354,中软国际,2011-12-30,STRUCTURAL_DECLINE,Improving,Consolidation,50.87346817033728,COST_DISADVANTAGE,Low,BEARISH_CONFIRMED,20.0,Divergence,neutral,结构:STRUCTURAL_DECLINE(A/A-); 阶段:Improving(B); 触发:Consolidation(C); 置信度:Low,PASSED,C,fallback
00354,中软国际,2012-01-06,STRUCTURAL_DECLINE,Deteriorating,Consolidation,49.345608047470385,COST_DISADVANTAGE,Low,BEARISH_CONFIRMED,20.0,Aligned,neutral,结构:STRUCTURAL_DECLINE(A/A-); 阶段:Deteriorating(B); 触发:Consolidation(C); 置信度:Low,PASSED,C,fallback
00354,中软国际,2012-01-13,STRUCTURAL_DECLINE,Deteriorating,Consolidation,49.345608047470385,COST_DISADVANTAGE,Low,BEARISH_CONFIRMED,20.0,Aligned,neutral,结构:STRUCTURAL_DECLINE(A/A-); 阶段:Deteriorating(B); 触发:Consolidation(C); 置信度:Low,PASSED,C,fallback
00354,中软国际,2012-01-20,STRUCTURAL_DECLINE,Deteriorating,Consolidation,49.345608047470385,COST_DISADVANTAGE,Low,BEARISH_CONFIRMED,20.0,Aligned,neutral,结构:STRUCTURAL_DECLINE(A/A-); 阶段:Deteriorating(B); 触发:Consolidation(C); 置信度:Low,PASSED,C,fallback
00354,中软国际,2012-01-27,STRUCTURAL_DECLINE,Deteriorating,Consolidation,49.345608047470385,COST_DISADVANTAGE,Low,BEARISH_CONFIRMED,20.0,Aligned,neutral,结构:STRUCTURAL_DECLINE(A/A-); 阶段:Deteriorating(B); 触发:Consolidation(C); 置信度:Low,PASSED,C,fallback
00354,中软国际,2012-02-03,STRUCTURAL_DECLINE,Improving,Consolidation,49.13774154760862,COST_DISADVANTAGE,Low,BEARISH_CONFIRMED,20.0,Divergence,neutral,结构:STRUCTURAL_DECLINE(A/A-); 阶段:Improving(B); 触发:Consolidation(C); 置信度:Low,PASSED,C,fallback
00354,中软国际,2012-02-10,STRUCTURAL_DECLINE,Improving,Consolidation,49.13774154760862,COST_DISADVANTAGE,Low,BEARISH_CONFIRMED,20.0,Divergence,neutral,结构:STRUCTURAL_DECLINE(A/A-); 阶段:Improving(B); 触发:Consolidation(C); 置信度:Low,PASSED,C,fallback
00354,中软国际,2012-02-17,STRUCTURAL_BOTTOM_CANDIDATE,Improving,Consolidation,49.13774154760862,COST_DISADVANTAGE,Medium,BULLISH_WARNING,55.0,Aligned,neutral,结构:STRUCTURAL_BOTTOM_CANDIDATE(A/A-); 阶段:Improving(B); 触发:Consolidation(C); 置信度:Medium,PASSED,C,fallback
00354,中软国际,2012-02-24,STRUCTURAL_BOTTOM_CANDIDATE,Improving,Pullback,49.13774154760862,COST_DISADVANTAGE,Medium,BULLISH_WARNING,55.0,Aligned,neutral,结构:STRUCTURAL_BOTTOM_CANDIDATE(A/A-); 阶段:Improving(B); 触发:Pullback(C); 置信度:Medium,PASSED,C,fallback
00354,中软国际,2012-03-02,STRUCTURAL_BOTTOM_CANDIDATE,Improving,Pullback,54.74214961717288,COST_DISADVANTAGE,High,BULLISH_WARNING,55.0,Aligned,neutral,结构:STRUCTURAL_BOTTOM_CANDIDATE(A/A-); 阶段:Improving(B); 触发:Pullback(C); 置信度:High,PASSED,C,fallback
00354,中软国际,2012-03-09,STRUCTURAL_BOTTOM_CANDIDATE,Improving,Consolidation,54.74214961717288,COST_DISADVANTAGE,High,BULLISH_WARNING,55.0,Aligned,neutral,结构:STRUCTURAL_BOTTOM_CANDIDATE(A/A-); 阶段:Improving(B); 触发:Consolidation(C); 置信度:High,PASSED,C,fallback
00354,中软国际,2012-03-16,STRUCTURAL_BOTTOM_CANDIDATE,Improving,Pullback,54.74214961717288,COST_DISADVANTAGE,High,BULLISH_WARNING,55.0,Aligned,neutral,结构:STRUCTURAL_BOTTOM_CANDIDATE(A/A-); 阶段:Improving(B); 触发:Pullback(C); 置信度:High,PASSED,C,fallback
00354,中软国际,2012-03-23,STRUCTURAL_BOTTOM_CANDIDATE,Improving,Consolidation,54.74214961717288,COST_DISADVANTAGE,High,BULLISH_WARNING,55.0,Aligned,neutral,结构:STRUCTURAL_BOTTOM_CANDIDATE(A/A-); 阶段:Improving(B); 触发:Consolidation(C); 置信度:High,PASSED,C,fallback
00354,中软国际,2012-03-30,STRUCTURAL_BOTTOM_CANDIDATE,Improving,Consolidation,54.74214961717288,COST_DISADVANTAGE,High,BULLISH_WARNING,55.0,Aligned,neutral,结构:STRUCTURAL_BOTTOM_CANDIDATE(A/A-); 阶段:Improving(B); 触发:Consolidation(C); 置信度:High,PASSED,C,fallback
00354,中软国际,2012-04-06,STRUCTURAL_BOTTOM_CANDIDATE,Deteriorating,Consolidation,57.47044997578171,COST_DISADVANTAGE,High,BULLISH_WARNING,55.0,Aligned,neutral,结构:STRUCTURAL_BOTTOM_CANDIDATE(A/A-); 阶段:Deteriorating(B); 触发:Consolidation(C); 置信度:High,PASSED,C,fallback
00354,中软国际,2012-04-13,STRUCTURAL_BOTTOM_CANDIDATE,Deteriorating,Consolidation,57.47044997578171,COST_DISADVANTAGE,High,BULLISH_WARNING,55.0,Aligned,neutral,结构:STRUCTURAL_BOTTOM_CANDIDATE(A/A-); 阶段:Deteriorating(B); 触发:Consolidation(C); 置信度:High,PASSED,C,fallback
00354,中软国际,2012-04-20,STRUCTURAL_BOTTOM_CANDIDATE,Deteriorating,Consolidation,57.47044997578171,COST_DISADVANTAGE,High,BULLISH_WARNING,55.0,Aligned,neutral,结构:STRUCTURAL_BOTTOM_CANDIDATE(A/A-); 阶段:Deteriorating(B); 触发:Consolidation(C); 置信度:High,PASSED,C,fallback
00354,中软国际,2012-04-27,STRUCTURAL_BOTTOM_CANDIDATE,Deteriorating,Consolidation,57.47044997578171,COST_DISADVANTAGE,High,BULLISH_WARNING,55.0,Aligned,neutral,结构:STRUCTURAL_BOTTOM_CANDIDATE(A/A-); 阶段:Deteriorating(B); 触发:Consolidation(C); 置信度:High,PASSED,C,fallback
00354,中软国际,2012-05-04,STRUCTURAL_BOTTOM_CANDIDATE,Deteriorating,Consolidation,66.60185016331961,COST_DISADVANTAGE,High,BULLISH_WARNING,55.0,Aligned,neutral,结构:STRUCTURAL_BOTTOM_CANDIDATE(A/A-); 阶段:Deteriorating(B); 触发:Consolidation(C); 置信度:High,PASSED,C,fallback
00354,中软国际,2012-05-11,STRUCTURAL_BOTTOM_CANDIDATE,Deteriorating,Consolidation,66.60185016331961,COST_DISADVANTAGE,High,BULLISH_WARNING,55.0,Aligned,neutral,结构:STRUCTURAL_BOTTOM_CANDIDATE(A/A-); 阶段:Deteriorating(B); 触发:Consolidation(C); 置信度:High,PASSED,C,fallback
00354,中软国际,2012-05-18,STRUCTURAL_DIVERGENCE,Deteriorating,Consolidation,66.60185016331961,COST_DISADVANTAGE,Low,BULLISH_WARNING,55.0,Aligned,neutral,结构:STRUCTURAL_DIVERGENCE(A/A-); 阶段:Deteriorating(B); 触发:Consolidation(C); 置信度:Low,PASSED,C,fallback
00354,中软国际,2012-05-25,STRUCTURAL_DIVERGENCE,Deteriorating,Breakdown,66.60185016331961,COST_DISADVANTAGE,Low,BULLISH_WARNING,55.0,Aligned,neutral,结构:STRUCTURAL_DIVERGENCE(A/A-); 阶段:Deteriorating(B); 触发:Breakdown(C); 置信度:Low,PASSED,C,matrix
00354,中软国际,2012-06-01,STRUCTURAL_DIVERGENCE,Deteriorating,Consolidation,67.41849116272815,COST_DISADVANTAGE,Low,BULLISH_WARNING,55.0,Aligned,neutral,结构:STRUCTURAL_DIVERGENCE(A/A-); 阶段:Deteriorating(B); 触发:Consolidation(C); 置信度:Low,PASSED,C,fallback
00354,中软国际,2012-06-08,STRUCTURAL_DIVERGENCE,Deteriorating,Consolidation,67.41849116272815,COST_DISADVANTAGE,Low,BULLISH_WARNING,55.0,Aligned,neutral,结构:STRUCTURAL_DIVERGENCE(A/A-); 阶段:Deteriorating(B); 触发:Consolidation(C); 置信度:Low,PASSED,C,fallback
00354,中软国际,2012-06-15,STRUCTURAL_DIVERGENCE,Deteriorating,Consolidation,67.41849116272815,COST_DISADVANTAGE,Low,BULLISH_WARNING,55.0,Aligned,neutral,结构:STRUCTURAL_DIVERGENCE(A/A-); 阶段:Deteriorating(B); 触发:Consolidation(C); 置信度:Low,PASSED,C,fallback
00354,中软国际,2012-06-22,STRUCTURAL_DIVERGENCE,Deteriorating,Consolidation,67.41849116272815,COST_DISADVANTAGE,Low,BULLISH_WARNING,55.0,Aligned,neutral,结构:STRUCTURAL_DIVERGENCE(A/A-); 阶段:Deteriorating(B); 触发:Consolidation(C); 置信度:Low,PASSED,C,fallback
00354,中软国际,2012-06-29,STRUCTURAL_DIVERGENCE,Deteriorating,Consolidation,67.41849116272815,COST_DISADVANTAGE,Low,BULLISH_WARNING,55.0,Aligned,neutral,结构:STRUCTURAL_DIVERGENCE(A/A-); 阶段:Deteriorating(B); 触发:Consolidation(C); 置信度:Low,PASSED,C,fallback
00354,中软国际,2012-07-06,STRUCTURAL_DIVERGENCE,Deteriorating,Consolidation,97.40521934318681,COST_DISADVANTAGE,Low,BULLISH_WARNING,55.0,Aligned,neutral,结构:STRUCTURAL_DIVERGENCE(A/A-); 阶段:Deteriorating(B); 触发:Consolidation(C); 置信度:Low,PASSED,C,fallback
00354,中软国际,2012-07-13,STRUCTURAL_DIVERGENCE,Deteriorating,Breakdown,97.40521934318681,COST_DISADVANTAGE,Low,BULLISH_WARNING,55.0,Aligned,neutral,结构:STRUCTURAL_DIVERGENCE(A/A-); 阶段:Deteriorating(B); 触发:Breakdown(C); 置信度:Low,PASSED,C,matrix
00354,中软国际,2012-07-20,STRUCTURAL_DIVERGENCE,Deteriorating,Consolidation,97.40521934318681,COST_DISADVANTAGE,Low,BULLISH_WARNING,55.0,Aligned,neutral,结构:STRUCTURAL_DIVERGENCE(A/A-); 阶段:Deteriorating(B); 触发:Consolidation(C); 置信度:Low,PASSED,C,fallback
00354,中软国际,2012-07-27,STRUCTURAL_DIVERGENCE,Deteriorating,Consolidation,97.40521934318681,COST_DISADVANTAGE,Low,BULLISH_WARNING,55.0,Aligned,neutral,结构:STRUCTURAL_DIVERGENCE(A/A-); 阶段:Deteriorating(B); 触发:Consolidation(C); 置信度:Low,PASSED,C,fallback
00354,中软国际,2012-08-03,STRUCTURAL_DIVERGENCE,Stable,Consolidation,71.31318672988506,COST_DISADVANTAGE,Low,BULLISH_WARNING,55.0,Aligned,neutral,结构:STRUCTURAL_DIVERGENCE(A/A-); 阶段:Stable(B); 触发:Consolidation(C); 置信度:Low,PASSED,C,fallback
00354,中软国际,2012-08-10,STRUCTURAL_DIVERGENCE,Stable,Consolidation,71.31318672988506,COST_DISADVANTAGE,Low,BULLISH_WARNING,55.0,Aligned,neutral,结构:STRUCTURAL_DIVERGENCE(A/A-); 阶段:Stable(B); 触发:Consolidation(C); 置信度:Low,PASSED,C,fallback
00354,中软国际,2012-08-17,STRUCTURAL_DECLINE,Stable,Consolidation,71.31318672988506,COST_DISADVANTAGE,Low,BULLISH_WARNING,55.0,Aligned,neutral,结构:STRUCTURAL_DECLINE(A/A-); 阶段:Stable(B); 触发:Consolidation(C); 置信度:Low,PASSED,C,tactical_override
00354,中软国际,2012-08-24,STRUCTURAL_DECLINE,Stable,Consolidation,71.31318672988506,COST_DISADVANTAGE,Low,BULLISH_WARNING,55.0,Aligned,neutral,结构:STRUCTURAL_DECLINE(A/A-); 阶段:Stable(B); 触发:Consolidation(C); 置信度:Low,PASSED,C,tactical_override
00354,中软国际,2012-08-31,STRUCTURAL_DECLINE,Stable,Consolidation,66.75278471284906,COST_DISADVANTAGE,Low,BULLISH_WARNING,55.0,Aligned,neutral,结构:STRUCTURAL_DECLINE(A/A-); 阶段:Stable(B); 触发:Consolidation(C); 置信度:Low,PASSED,C,tactical_override
00354,中软国际,2012-09-07,STRUCTURAL_DECLINE,Stable,Consolidation,66.75278471284906,COST_DISADVANTAGE,Low,BULLISH_WARNING,55.0,Aligned,neutral,结构:STRUCTURAL_DECLINE(A/A-); 阶段:Stable(B); 触发:Consolidation(C); 置信度:Low,PASSED,C,tactical_override
00354,中软国际,2012-09-14,STRUCTURAL_DECLINE,Stable,Consolidation,66.75278471284906,COST_DISADVANTAGE,Low,BULLISH_WARNING,55.0,Aligned,neutral,结构:STRUCTURAL_DECLINE(A/A-); 阶段:Stable(B); 触发:Consolidation(C); 置信度:Low,PASSED,C,tactical_override
00354,中软国际,2012-09-21,STRUCTURAL_DECLINE,Stable,Consolidation,66.75278471284906,COST_DISADVANTAGE,Low,BULLISH_WARNING,55.0,Aligned,neutral,结构:STRUCTURAL_DECLINE(A/A-); 阶段:Stable(B); 触发:Consolidation(C); 置信度:Low,PASSED,C,tactical_override
00354,中软国际,2012-09-28,STRUCTURAL_DECLINE,Stable,Consolidation,66.75278471284906,COST_DISADVANTAGE,Low,BULLISH_WARNING,55.0,Aligned,neutral,结构:STRUCTURAL_DECLINE(A/A-); 阶段:Stable(B); 触发:Consolidation(C); 置信度:Low,PASSED,C,tactical_override
00354,中软国际,2012-10-05,STRUCTURAL_DECLINE,Deteriorating,Consolidation,41.85389531633816,COST_DISADVANTAGE,Low,BULLISH_WARNING,55.0,Aligned,neutral,结构:STRUCTURAL_DECLINE(A/A-); 阶段:Deteriorating(B); 触发:Consolidation(C); 置信度:Low,PASSED,C,tactical_override
00354,中软国际,2012-10-12,STRUCTURAL_DECLINE,Deteriorating,Consolidation,41.85389531633816,COST_DISADVANTAGE,Low,BULLISH_WARNING,55.0,Aligned,neutral,结构:STRUCTURAL_DECLINE(A/A-); 阶段:Deteriorating(B); 触发:Consolidation(C); 置信度:Low,PASSED,C,tactical_override
00354,中软国际,2012-10-19,STRUCTURAL_DECLINE,Deteriorating,Consolidation,41.85389531633816,COST_DISADVANTAGE,Low,BULLISH_WARNING,55.0,Aligned,neutral,结构:STRUCTURAL_DECLINE(A/A-); 阶段:Deteriorating(B); 触发:Consolidation(C); 置信度:Low,PASSED,C,tactical_override
00354,中软国际,2012-10-26,STRUCTURAL_DECLINE,Deteriorating,Consolidation,41.85389531633816,COST_DISADVANTAGE,Low,BULLISH_WARNING,55.0,Aligned,neutral,结构:STRUCTURAL_DECLINE(A/A-); 阶段:Deteriorating(B); 触发:Consolidation(C); 置信度:Low,PASSED,C,tactical_override
00354,中软国际,2012-11-02,STRUCTURAL_DECLINE,Deteriorating,Consolidation,57.00675413933257,COST_DISADVANTAGE,Low,BULLISH_WARNING,55.0,Aligned,neutral,结构:STRUCTURAL_DECLINE(A/A-); 阶段:Deteriorating(B); 触发:Consolidation(C); 置信度:Low,PASSED,C,tactical_override
00354,中软国际,2012-11-09,STRUCTURAL_DECLINE,Deteriorating,Consolidation,57.00675413933257,COST_DISADVANTAGE,Low,BULLISH_WARNING,55.0,Aligned,neutral,结构:STRUCTURAL_DECLINE(A/A-); 阶段:Deteriorating(B); 触发:Consolidation(C); 置信度:Low,PASSED,C,tactical_override
00354,中软国际,2012-11-16,STRUCTURAL_ACCUMULATION,Deteriorating,Consolidation,57.00675413933257,COST_DISADVANTAGE,Medium,BULLISH_STABLE,75.0,Divergence,neutral,结构:STRUCTURAL_ACCUMULATION(A/A-); 阶段:Deteriorating(B); 触发:Consolidation(C); 置信度:Medium,PASSED,C,fallback
00354,中软国际,2012-11-23,STRUCTURAL_ACCUMULATION,Deteriorating,Consolidation,57.00675413933257,COST_DISADVANTAGE,Medium,BULLISH_STABLE,75.0,Divergence,neutral,结构:STRUCTURAL_ACCUMULATION(A/A-); 阶段:Deteriorating(B); 触发:Consolidation(C); 置信度:Medium,PASSED,C,fallback
00354,中软国际,2012-11-30,STRUCTURAL_ACCUMULATION,Stable,Consolidation,46.21130468014215,COST_DISADVANTAGE,Medium,BULLISH_STABLE,75.0,Aligned,neutral,结构:STRUCTURAL_ACCUMULATION(A/A-); 阶段:Stable(B); 触发:Consolidation(C); 置信度:Medium,PASSED,C,fallback
00354,中软国际,2012-12-07,STRUCTURAL_ACCUMULATION,Stable,Pullback,46.21130468014215,COST_DISADVANTAGE,Medium,BULLISH_STABLE,75.0,Aligned,neutral,结构:STRUCTURAL_ACCUMULATION(A/A-); 阶段:Stable(B); 触发:Pullback(C); 置信度:Medium,PASSED,C,fallback
00354,中软国际,2012-12-14,STRUCTURAL_ACCUMULATION,Stable,Pullback,46.21130468014215,COST_DISADVANTAGE,Medium,BULLISH_STABLE,75.0,Aligned,neutral,结构:STRUCTURAL_ACCUMULATION(A/A-); 阶段:Stable(B); 触发:Pullback(C); 置信度:Medium,PASSED,C,fallback
00354,中软国际,2012-12-21,STRUCTURAL_ACCUMULATION,Stable,Consolidation,46.21130468014215,COST_DISADVANTAGE,Medium,BULLISH_STABLE,75.0,Aligned,neutral,结构:STRUCTURAL_ACCUMULATION(A/A-); 阶段:Stable(B); 触发:Consolidation(C); 置信度:Medium,PASSED,C,fallback
00354,中软国际,2012-12-28,STRUCTURAL_ACCUMULATION,Stable,Consolidation,46.21130468014215,COST_DISADVANTAGE,Medium,BULLISH_STABLE,75.0,Aligned,neutral,结构:STRUCTURAL_ACCUMULATION(A/A-); 阶段:Stable(B); 触发:Consolidation(C); 置信度:Medium,PASSED,C,fallback
00354,中软国际,2013-01-04,STRUCTURAL_ACCUMULATION,Deteriorating,Consolidation,58.05348382682669,COST_DISADVANTAGE,Medium,BULLISH_STABLE,75.0,Divergence,neutral,结构:STRUCTURAL_ACCUMULATION(A/A-); 阶段:Deteriorating(B); 触发:Consolidation(C); 置信度:Medium,PASSED,C,fallback
00354,中软国际,2013-01-11,STRUCTURAL_ACCUMULATION,Deteriorating,Consolidation,58.05348382682669,COST_DISADVANTAGE,Medium,BULLISH_STABLE,75.0,Divergence,neutral,结构:STRUCTURAL_ACCUMULATION(A/A-); 阶段:Deteriorating(B); 触发:Consolidation(C); 置信度:Medium,PASSED,C,fallback
00354,中软国际,2013-01-18,STRUCTURAL_ACCUMULATION,Deteriorating,Consolidation,58.05348382682669,COST_DISADVANTAGE,Medium,BULLISH_STABLE,75.0,Divergence,neutral,结构:STRUCTURAL_ACCUMULATION(A/A-); 阶段:Deteriorating(B); 触发:Consolidation(C); 置信度:Medium,PASSED,C,fallback
00354,中软国际,2013-01-25,STRUCTURAL_ACCUMULATION,Deteriorating,Consolidation,58.05348382682669,COST_DISADVANTAGE,Medium,BULLISH_STABLE,75.0,Divergence,neutral,结构:STRUCTURAL_ACCUMULATION(A/A-); 阶段:Deteriorating(B); 触发:Consolidation(C); 置信度:Medium,PASSED,C,fallback
00354,中软国际,2013-02-01,STRUCTURAL_ACCUMULATION,Deteriorating,Consolidation,38.732967673128144,COST_DISADVANTAGE,Medium,BULLISH_STABLE,75.0,Divergence,neutral,结构:STRUCTURAL_ACCUMULATION(A/A-); 阶段:Deteriorating(B); 触发:Consolidation(C); 置信度:Medium,PASSED,C,fallback
00354,中软国际,2013-02-08,STRUCTURAL_ACCUMULATION,Deteriorating,Consolidation,38.732967673128144,COST_DISADVANTAGE,Medium,BULLISH_STABLE,75.0,Divergence,neutral,结构:STRUCTURAL_ACCUMULATION(A/A-); 阶段:Deteriorating(B); 触发:Consolidation(C); 置信度:Medium,PASSED,C,fallback
00354,中软国际,2013-02-15,STRUCTURAL_BOTTOM_CANDIDATE,Deteriorating,Consolidation,38.732967673128144,COST_DISADVANTAGE,Medium,BULLISH_WARNING,55.0,Aligned,neutral,结构:STRUCTURAL_BOTTOM_CANDIDATE(A/A-); 阶段:Deteriorating(B); 触发:Consolidation(C); 置信度:Medium,PASSED,C,fallback
00354,中软国际,2013-02-22,STRUCTURAL_BOTTOM_CANDIDATE,Deteriorating,Consolidation,38.732967673128144,COST_DISADVANTAGE,Medium,BULLISH_WARNING,55.0,Aligned,neutral,结构:STRUCTURAL_BOTTOM_CANDIDATE(A/A-); 阶段:Deteriorating(B); 触发:Consolidation(C); 置信度:Medium,PASSED,C,fallback
00354,中软国际,2013-03-01,STRUCTURAL_BOTTOM_CANDIDATE,Deteriorating,Consolidation,60.23907201164933,COST_DISADVANTAGE,High,BULLISH_WARNING,55.0,Aligned,neutral,结构:STRUCTURAL_BOTTOM_CANDIDATE(A/A-); 阶段:Deteriorating(B); 触发:Consolidation(C); 置信度:High,PASSED,C,fallback
00354,中软国际,2013-03-08,STRUCTURAL_BOTTOM_CANDIDATE,Deteriorating,Consolidation,60.23907201164933,COST_DISADVANTAGE,High,BULLISH_WARNING,55.0,Aligned,neutral,结构:STRUCTURAL_BOTTOM_CANDIDATE(A/A-); 阶段:Deteriorating(B); 触发:Consolidation(C); 置信度:High,PASSED,C,fallback
00354,中软国际,2013-03-15,STRUCTURAL_BOTTOM_CANDIDATE,Deteriorating,Breakdown,60.23907201164933,COST_DISADVANTAGE,High,BULLISH_WARNING,55.0,Aligned,neutral,结构:STRUCTURAL_BOTTOM_CANDIDATE(A/A-); 阶段:Deteriorating(B); 触发:Breakdown(C); 置信度:High,PASSED,C,fallback
00354,中软国际,2013-03-22,STRUCTURAL_BOTTOM_CANDIDATE,Deteriorating,Consolidation,60.23907201164933,COST_DISADVANTAGE,High,BULLISH_WARNING,55.0,Aligned,neutral,结构:STRUCTURAL_BOTTOM_CANDIDATE(A/A-); 阶段:Deteriorating(B); 触发:Consolidation(C); 置信度:High,PASSED,C,fallback
00354,中软国际,2013-03-29,STRUCTURAL_BOTTOM_CANDIDATE,Deteriorating,Consolidation,60.23907201164933,COST_DISADVANTAGE,High,BULLISH_WARNING,55.0,Aligned,neutral,结构:STRUCTURAL_BOTTOM_CANDIDATE(A/A-); 阶段:Deteriorating(B); 触发:Consolidation(C); 置信度:High,PASSED,C,fallback
00354,中软国际,2013-04-05,STRUCTURAL_BOTTOM_CANDIDATE,Deteriorating,Consolidation,62.378574928591505,COST_DISADVANTAGE,High,BULLISH_WARNING,55.0,Aligned,neutral,结构:STRUCTURAL_BOTTOM_CANDIDATE(A/A-); 阶段:Deteriorating(B); 触发:Consolidation(C); 置信度:High,PASSED,C,fallback
00354,中软国际,2013-04-12,STRUCTURAL_BOTTOM_CANDIDATE,Deteriorating,Consolidation,62.378574928591505,COST_DISADVANTAGE,High,BULLISH_WARNING,55.0,Aligned,neutral,结构:STRUCTURAL_BOTTOM_CANDIDATE(A/A-); 阶段:Deteriorating(B); 触发:Consolidation(C); 置信度:High,PASSED,C,fallback
00354,中软国际,2013-04-19,STRUCTURAL_BOTTOM_CANDIDATE,Deteriorating,Consolidation,62.378574928591505,COST_DISADVANTAGE,High,BULLISH_WARNING,55.0,Aligned,neutral,结构:STRUCTURAL_BOTTOM_CANDIDATE(A/A-); 阶段:Deteriorating(B); 触发:Consolidation(C); 置信度:High,PASSED,C,fallback
00354,中软国际,2013-04-26,STRUCTURAL_BOTTOM_CANDIDATE,Deteriorating,Consolidation,62.378574928591505,COST_DISADVANTAGE,High,BULLISH_WARNING,55.0,Aligned,neutral,结构:STRUCTURAL_BOTTOM_CANDIDATE(A/A-); 阶段:Deteriorating(B); 触发:Consolidation(C); 置信度:High,PASSED,C,fallback
00354,中软国际,2013-05-03,STRUCTURAL_BOTTOM_CANDIDATE,Improving,Consolidation,46.364853529355486,COST_DISADVANTAGE,Medium,BULLISH_WARNING,55.0,Aligned,neutral,结构:STRUCTURAL_BOTTOM_CANDIDATE(A/A-); 阶段:Improving(B); 触发:Consolidation(C); 置信度:Medium,PASSED,C,fallback
00354,中软国际,2013-05-10,STRUCTURAL_BOTTOM_CANDIDATE,Improving,Consolidation,46.364853529355486,COST_DISADVANTAGE,Medium,BULLISH_WARNING,55.0,Aligned,neutral,结构:STRUCTURAL_BOTTOM_CANDIDATE(A/A-); 阶段:Improving(B); 触发:Consolidation(C); 置信度:Medium,PASSED,C,fallback
00354,中软国际,2013-05-17,STRUCTURAL_BOTTOM_CANDIDATE,Improving,Consolidation,46.364853529355486,COST_DISADVANTAGE,Medium,BULLISH_WARNING,55.0,Aligned,neutral,结构:STRUCTURAL_BOTTOM_CANDIDATE(A/A-); 阶段:Improving(B); 触发:Consolidation(C); 置信度:Medium,PASSED,C,fallback
00354,中软国际,2013-05-24,STRUCTURAL_BOTTOM_CANDIDATE,Improving,Consolidation,46.364853529355486,COST_DISADVANTAGE,Medium,BULLISH_WARNING,55.0,Aligned,neutral,结构:STRUCTURAL_BOTTOM_CANDIDATE(A/A-); 阶段:Improving(B); 触发:Consolidation(C); 置信度:Medium,PASSED,C,fallback
00354,中软国际,2013-05-31,STRUCTURAL_BOTTOM_CANDIDATE,Deteriorating,Consolidation,36.184827698989174,COST_DISADVANTAGE,Medium,BULLISH_WARNING,55.0,Aligned,neutral,结构:STRUCTURAL_BOTTOM_CANDIDATE(A/A-); 阶段:Deteriorating(B); 触发:Consolidation(C); 置信度:Medium,PASSED,C,fallback
00354,中软国际,2013-06-07,STRUCTURAL_BOTTOM_CANDIDATE,Deteriorating,Consolidation,36.184827698989174,COST_DISADVANTAGE,Medium,BULLISH_WARNING,55.0,Aligned,neutral,结构:STRUCTURAL_BOTTOM_CANDIDATE(A/A-); 阶段:Deteriorating(B); 触发:Consolidation(C); 置信度:Medium,PASSED,C,fallback
00354,中软国际,2013-06-14,STRUCTURAL_BOTTOM_CANDIDATE,Deteriorating,Consolidation,36.184827698989174,COST_DISADVANTAGE,Medium,BULLISH_WARNING,55.0,Aligned,neutral,结构:STRUCTURAL_BOTTOM_CANDIDATE(A/A-); 阶段:Deteriorating(B); 触发:Consolidation(C); 置信度:Medium,PASSED,C,fallback
00354,中软国际,2013-06-21,STRUCTURAL_BOTTOM_CANDIDATE,Deteriorating,Consolidation,36.184827698989174,COST_DISADVANTAGE,Medium,BULLISH_WARNING,55.0,Aligned,neutral,结构:STRUCTURAL_BOTTOM_CANDIDATE(A/A-); 阶段:Deteriorating(B); 触发:Consolidation(C); 置信度:Medium,PASSED,C,fallback
00354,中软国际,2013-06-28,STRUCTURAL_BOTTOM_CANDIDATE,Deteriorating,Pullback,36.184827698989174,COST_DISADVANTAGE,Medium,BULLISH_WARNING,55.0,Aligned,neutral,结构:STRUCTURAL_BOTTOM_CANDIDATE(A/A-); 阶段:Deteriorating(B); 触发:Pullback(C); 置信度:Medium,PASSED,C,fallback
00354,中软国际,2013-07-05,STRUCTURAL_BOTTOM_CANDIDATE,Deteriorating,Pullback,8.600114971927354,COST_DISADVANTAGE,Low,BULLISH_WARNING,55.0,Aligned,neutral,结构:STRUCTURAL_BOTTOM_CANDIDATE(A/A-); 阶段:Deteriorating(B); 触发:Pullback(C); 置信度:Low,PASSED,C,fallback
00354,中软国际,2013-07-12,STRUCTURAL_BOTTOM_CANDIDATE,Deteriorating,Pullback,8.600114971927354,COST_DISADVANTAGE,Low,BULLISH_WARNING,55.0,Aligned,neutral,结构:STRUCTURAL_BOTTOM_CANDIDATE(A/A-); 阶段:Deteriorating(B); 触发:Pullback(C); 置信度:Low,PASSED,C,fallback
00354,中软国际,2013-07-19,STRUCTURAL_BOTTOM_CANDIDATE,Deteriorating,Consolidation,8.600114971927354,COST_DISADVANTAGE,Low,BULLISH_WARNING,55.0,Aligned,neutral,结构:STRUCTURAL_BOTTOM_CANDIDATE(A/A-); 阶段:Deteriorating(B); 触发:Consolidation(C); 置信度:Low,PASSED,C,fallback
00354,中软国际,2013-07-26,STRUCTURAL_BOTTOM_CANDIDATE,Deteriorating,Consolidation,8.600114971927354,COST_DISADVANTAGE,Low,BULLISH_WARNING,55.0,Aligned,neutral,结构:STRUCTURAL_BOTTOM_CANDIDATE(A/A-); 阶段:Deteriorating(B); 触发:Consolidation(C); 置信度:Low,PASSED,C,fallback
00354,中软国际,2013-08-02,STRUCTURAL_BOTTOM_CANDIDATE,Deteriorating,Consolidation,13.944251996125631,COST_DISADVANTAGE,Low,BULLISH_WARNING,55.0,Aligned,neutral,结构:STRUCTURAL_BOTTOM_CANDIDATE(A/A-); 阶段:Deteriorating(B); 触发:Consolidation(C); 置信度:Low,PASSED,C,fallback
00354,中软国际,2013-08-09,STRUCTURAL_BOTTOM_CANDIDATE,Deteriorating,Consolidation,13.944251996125631,COST_DISADVANTAGE,Low,BULLISH_WARNING,55.0,Aligned,neutral,结构:STRUCTURAL_BOTTOM_CANDIDATE(A/A-); 阶段:Deteriorating(B); 触发:Consolidation(C); 置信度:Low,PASSED,C,fallback
00354,中软国际,2013-08-16,STRUCTURAL_DIVERGENCE,Deteriorating,Consolidation,13.944251996125631,COST_DISADVANTAGE,Low,BULLISH_WARNING,55.0,Aligned,neutral,结构:STRUCTURAL_DIVERGENCE(A/A-); 阶段:Deteriorating(B); 触发:Consolidation(C); 置信度:Low,PASSED,C,fallback
00354,中软国际,2013-08-23,STRUCTURAL_DIVERGENCE,Deteriorating,Pullback,13.944251996125631,COST_DISADVANTAGE,Low,BULLISH_WARNING,55.0,Aligned,neutral,结构:STRUCTURAL_DIVERGENCE(A/A-); 阶段:Deteriorating(B); 触发:Pullback(C); 置信度:Low,PASSED,C,fallback
00354,中软国际,2013-08-30,STRUCTURAL_DIVERGENCE,Deteriorating,Consolidation,13.944251996125631,COST_DISADVANTAGE,Low,BULLISH_WARNING,55.0,Aligned,neutral,结构:STRUCTURAL_DIVERGENCE(A/A-); 阶段:Deteriorating(B); 触发:Consolidation(C); 置信度:Low,PASSED,C,fallback
00354,中软国际,2013-09-06,STRUCTURAL_DIVERGENCE,Deteriorating,Consolidation,3.366527570227702,COST_DISADVANTAGE,Low,BULLISH_WARNING,55.0,Aligned,neutral,结构:STRUCTURAL_DIVERGENCE(A/A-); 阶段:Deteriorating(B); 触发:Consolidation(C); 置信度:Low,PASSED,C,fallback
00354,中软国际,2013-09-13,STRUCTURAL_DIVERGENCE,Deteriorating,Pullback,3.366527570227702,COST_DISADVANTAGE,Low,BULLISH_WARNING,55.0,Aligned,neutral,结构:STRUCTURAL_DIVERGENCE(A/A-); 阶段:Deteriorating(B); 触发:Pullback(C); 置信度:Low,PASSED,C,fallback
00354,中软国际,2013-09-20,STRUCTURAL_DIVERGENCE,Deteriorating,Pullback,3.366527570227702,COST_DISADVANTAGE,Low,BULLISH_WARNING,55.0,Aligned,neutral,结构:STRUCTURAL_DIVERGENCE(A/A-); 阶段:Deteriorating(B); 触发:Pullback(C); 置信度:Low,PASSED,C,fallback
00354,中软国际,2013-09-27,STRUCTURAL_DIVERGENCE,Deteriorating,Consolidation,3.366527570227702,COST_DISADVANTAGE,Low,BULLISH_WARNING,55.0,Aligned,neutral,结构:STRUCTURAL_DIVERGENCE(A/A-); 阶段:Deteriorating(B); 触发:Consolidation(C); 置信度:Low,PASSED,C,fallback
00354,中软国际,2013-10-04,STRUCTURAL_DIVERGENCE,Stable,Consolidation,7.902518511663436,COST_DISADVANTAGE,Low,BULLISH_WARNING,55.0,Aligned,neutral,结构:STRUCTURAL_DIVERGENCE(A/A-); 阶段:Stable(B); 触发:Consolidation(C); 置信度:Low,PASSED,C,fallback
00354,中软国际,2013-10-11,STRUCTURAL_DIVERGENCE,Stable,Consolidation,7.902518511663436,COST_DISADVANTAGE,Low,BULLISH_WARNING,55.0,Aligned,neutral,结构:STRUCTURAL_DIVERGENCE(A/A-); 阶段:Stable(B); 触发:Consolidation(C); 置信度:Low,PASSED,C,fallback
00354,中软国际,2013-10-18,STRUCTURAL_DIVERGENCE,Stable,Consolidation,7.902518511663436,COST_DISADVANTAGE,Low,BULLISH_WARNING,55.0,Aligned,neutral,结构:STRUCTURAL_DIVERGENCE(A/A-); 阶段:Stable(B); 触发:Consolidation(C); 置信度:Low,PASSED,C,fallback
00354,中软国际,2013-10-25,STRUCTURAL_DIVERGENCE,Stable,Consolidation,7.902518511663436,COST_DISADVANTAGE,Low,BULLISH_WARNING,55.0,Aligned,neutral,结构:STRUCTURAL_DIVERGENCE(A/A-); 阶段:Stable(B); 触发:Consolidation(C); 置信度:Low,PASSED,C,fallback
00354,中软国际,2013-11-01,STRUCTURAL_DIVERGENCE,Stable,Pullback,8.092905829400694,COST_DISADVANTAGE,Low,BULLISH_WARNING,55.0,Aligned,neutral,结构:STRUCTURAL_DIVERGENCE(A/A-); 阶段:Stable(B); 触发:Pullback(C); 置信度:Low,PASSED,C,fallback
00354,中软国际,2013-11-08,STRUCTURAL_DIVERGENCE,Stable,Consolidation,8.092905829400694,COST_DISADVANTAGE,Low,BULLISH_WARNING,55.0,Aligned,neutral,结构:STRUCTURAL_DIVERGENCE(A/A-); 阶段:Stable(B); 触发:Consolidation(C); 置信度:Low,PASSED,C,fallback
00354,中软国际,2013-11-15,STRUCTURAL_DIVERGENCE,Stable,Consolidation,8.092905829400694,COST_DISADVANTAGE,Medium,BULLISH_WARNING,55.0,Aligned,neutral,结构:STRUCTURAL_DIVERGENCE(A/A-); 阶段:Stable(B); 触发:Consolidation(C); 置信度:Medium,PASSED,C,fallback
00354,中软国际,2013-11-22,STRUCTURAL_DIVERGENCE,Stable,Consolidation,8.092905829400694,COST_DISADVANTAGE,Medium,BULLISH_WARNING,55.0,Aligned,neutral,结构:STRUCTURAL_DIVERGENCE(A/A-); 阶段:Stable(B); 触发:Consolidation(C); 置信度:Medium,PASSED,C,fallback
00354,中软国际,2013-11-29,STRUCTURAL_DIVERGENCE,Stable,Consolidation,8.092905829400694,COST_DISADVANTAGE,Medium,BULLISH_WARNING,55.0,Aligned,neutral,结构:STRUCTURAL_DIVERGENCE(A/A-); 阶段:Stable(B); 触发:Consolidation(C); 置信度:Medium,PASSED,C,fallback
00354,中软国际,2013-12-06,STRUCTURAL_DIVERGENCE,Deteriorating,Consolidation,24.444110344186278,COST_DISADVANTAGE,Medium,BULLISH_WARNING,55.0,Aligned,neutral,结构:STRUCTURAL_DIVERGENCE(A/A-); 阶段:Deteriorating(B); 触发:Consolidation(C); 置信度:Medium,PASSED,C,fallback
00354,中软国际,2013-12-13,STRUCTURAL_DIVERGENCE,Deteriorating,Breakdown,24.444110344186278,COST_DISADVANTAGE,Medium,BULLISH_WARNING,55.0,Aligned,neutral,结构:STRUCTURAL_DIVERGENCE(A/A-); 阶段:Deteriorating(B); 触发:Breakdown(C); 置信度:Medium,PASSED,C,matrix
00354,中软国际,2013-12-20,STRUCTURAL_DIVERGENCE,Deteriorating,Breakdown,24.444110344186278,COST_DISADVANTAGE,Medium,BULLISH_WARNING,55.0,Aligned,neutral,结构:STRUCTURAL_DIVERGENCE(A/A-); 阶段:Deteriorating(B); 触发:Breakdown(C); 置信度:Medium,PASSED,C,matrix
00354,中软国际,2013-12-27,STRUCTURAL_DIVERGENCE,Deteriorating,Consolidation,24.444110344186278,COST_DISADVANTAGE,Medium,BULLISH_WARNING,55.0,Aligned,neutral,结构:STRUCTURAL_DIVERGENCE(A/A-); 阶段:Deteriorating(B); 触发:Consolidation(C); 置信度:Medium,PASSED,C,fallback
00354,中软国际,2014-01-03,STRUCTURAL_DIVERGENCE,Deteriorating,Consolidation,30.391407719322114,COST_DISADVANTAGE,Medium,BULLISH_WARNING,55.0,Aligned,neutral,结构:STRUCTURAL_DIVERGENCE(A/A-); 阶段:Deteriorating(B); 触发:Consolidation(C); 置信度:Medium,PASSED,C,fallback
00354,中软国际,2014-01-10,STRUCTURAL_DIVERGENCE,Deteriorating,Consolidation,30.391407719322114,COST_DISADVANTAGE,Medium,BULLISH_WARNING,55.0,Aligned,neutral,结构:STRUCTURAL_DIVERGENCE(A/A-); 阶段:Deteriorating(B); 触发:Consolidation(C); 置信度:Medium,PASSED,C,fallback
00354,中软国际,2014-01-17,STRUCTURAL_DIVERGENCE,Deteriorating,Consolidation,30.391407719322114,COST_DISADVANTAGE,Medium,BULLISH_WARNING,55.0,Aligned,neutral,结构:STRUCTURAL_DIVERGENCE(A/A-); 阶段:Deteriorating(B); 触发:Consolidation(C); 置信度:Medium,PASSED,C,fallback
00354,中软国际,2014-01-24,STRUCTURAL_DIVERGENCE,Deteriorating,Consolidation,30.391407719322114,COST_DISADVANTAGE,Medium,BULLISH_WARNING,55.0,Aligned,neutral,结构:STRUCTURAL_DIVERGENCE(A/A-); 阶段:Deteriorating(B); 触发:Consolidation(C); 置信度:Medium,PASSED,C,fallback
00354,中软国际,2014-01-31,STRUCTURAL_DIVERGENCE,Deteriorating,Consolidation,6.143937369037109,COST_DISADVANTAGE,Medium,BULLISH_WARNING,55.0,Aligned,neutral,结构:STRUCTURAL_DIVERGENCE(A/A-); 阶段:Deteriorating(B); 触发:Consolidation(C); 置信度:Medium,PASSED,C,fallback
00354,中软国际,2014-02-07,STRUCTURAL_DIVERGENCE,Deteriorating,Consolidation,6.143937369037109,COST_DISADVANTAGE,Medium,BULLISH_WARNING,55.0,Aligned,neutral,结构:STRUCTURAL_DIVERGENCE(A/A-); 阶段:Deteriorating(B); 触发:Consolidation(C); 置信度:Medium,PASSED,C,fallback
00354,中软国际,2014-02-14,STRUCTURAL_DECLINE,Deteriorating,Consolidation,6.143937369037109,COST_DISADVANTAGE,Low,BEARISH_CONFIRMED,20.0,Aligned,neutral,结构:STRUCTURAL_DECLINE(A/A-); 阶段:Deteriorating(B); 触发:Consolidation(C); 置信度:Low,PASSED,C,fallback
00354,中软国际,2014-02-21,STRUCTURAL_DECLINE,Deteriorating,Consolidation,6.143937369037109,COST_DISADVANTAGE,Low,BEARISH_CONFIRMED,20.0,Aligned,neutral,结构:STRUCTURAL_DECLINE(A/A-); 阶段:Deteriorating(B); 触发:Consolidation(C); 置信度:Low,PASSED,C,fallback
00354,中软国际,2014-02-28,STRUCTURAL_DECLINE,Stable,Consolidation,10.879082836543343,COST_DISADVANTAGE,Low,BEARISH_CONFIRMED,20.0,Aligned,neutral,结构:STRUCTURAL_DECLINE(A/A-); 阶段:Stable(B); 触发:Consolidation(C); 置信度:Low,PASSED,C,fallback
00354,中软国际,2014-03-07,STRUCTURAL_DECLINE,Stable,Consolidation,10.879082836543343,COST_DISADVANTAGE,Low,BEARISH_CONFIRMED,20.0,Aligned,neutral,结构:STRUCTURAL_DECLINE(A/A-); 阶段:Stable(B); 触发:Consolidation(C); 置信度:Low,PASSED,C,fallback
00354,中软国际,2014-03-14,STRUCTURAL_DECLINE,Stable,Consolidation,10.879082836543343,COST_DISADVANTAGE,Low,BEARISH_CONFIRMED,20.0,Aligned,neutral,结构:STRUCTURAL_DECLINE(A/A-); 阶段:Stable(B); 触发:Consolidation(C); 置信度:Low,PASSED,C,fallback
00354,中软国际,2014-03-21,STRUCTURAL_DECLINE,Stable,Consolidation,10.879082836543343,COST_DISADVANTAGE,Low,BEARISH_CONFIRMED,20.0,Aligned,neutral,结构:STRUCTURAL_DECLINE(A/A-); 阶段:Stable(B); 触发:Consolidation(C); 置信度:Low,PASSED,C,fallback
00354,中软国际,2014-03-28,STRUCTURAL_DECLINE,Stable,Pullback,10.879082836543343,COST_DISADVANTAGE,Low,BEARISH_CONFIRMED,20.0,Aligned,neutral,结构:STRUCTURAL_DECLINE(A/A-); 阶段:Stable(B); 触发:Pullback(C); 置信度:Low,PASSED,C,fallback
00354,中软国际,2014-04-04,STRUCTURAL_DECLINE,Deteriorating,Pullback,5.45493652768838,COST_DISADVANTAGE,Low,BEARISH_CONFIRMED,20.0,Aligned,neutral,结构:STRUCTURAL_DECLINE(A/A-); 阶段:Deteriorating(B); 触发:Pullback(C); 置信度:Low,PASSED,C,fallback
00354,中软国际,2014-04-11,STRUCTURAL_DECLINE,Deteriorating,Consolidation,5.45493652768838,COST_DISADVANTAGE,Low,BEARISH_CONFIRMED,20.0,Aligned,neutral,结构:STRUCTURAL_DECLINE(A/A-); 阶段:Deteriorating(B); 触发:Consolidation(C); 置信度:Low,PASSED,C,fallback
00354,中软国际,2014-04-18,STRUCTURAL_DECLINE,Deteriorating,Consolidation,5.45493652768838,COST_DISADVANTAGE,Low,BEARISH_CONFIRMED,20.0,Aligned,neutral,结构:STRUCTURAL_DECLINE(A/A-); 阶段:Deteriorating(B); 触发:Consolidation(C); 置信度:Low,PASSED,C,fallback
00354,中软国际,2014-04-25,STRUCTURAL_DECLINE,Deteriorating,Pullback,5.45493652768838,COST_DISADVANTAGE,Low,BEARISH_CONFIRMED,20.0,Aligned,neutral,结构:STRUCTURAL_DECLINE(A/A-); 阶段:Deteriorating(B); 触发:Pullback(C); 置信度:Low,PASSED,C,fallback
00354,中软国际,2014-05-02,STRUCTURAL_DECLINE,Deteriorating,Consolidation,20.59083773656892,COST_DISADVANTAGE,Low,BEARISH_CONFIRMED,20.0,Aligned,neutral,结构:STRUCTURAL_DECLINE(A/A-); 阶段:Deteriorating(B); 触发:Consolidation(C); 置信度:Low,PASSED,C,fallback
00354,中软国际,2014-05-09,STRUCTURAL_DECLINE,Deteriorating,Consolidation,20.59083773656892,COST_DISADVANTAGE,Low,BEARISH_CONFIRMED,20.0,Aligned,neutral,结构:STRUCTURAL_DECLINE(A/A-); 阶段:Deteriorating(B); 触发:Consolidation(C); 置信度:Low,PASSED,C,fallback
00354,中软国际,2014-05-16,STRUCTURAL_DIVERGENCE,Deteriorating,Consolidation,20.59083773656892,COST_DISADVANTAGE,Low,BULLISH_WARNING,55.0,Aligned,neutral,结构:STRUCTURAL_DIVERGENCE(A/A-); 阶段:Deteriorating(B); 触发:Consolidation(C); 置信度:Low,PASSED,C,fallback
00354,中软国际,2014-05-23,STRUCTURAL_DIVERGENCE,Deteriorating,Consolidation,20.59083773656892,COST_DISADVANTAGE,Low,BULLISH_WARNING,55.0,Aligned,neutral,结构:STRUCTURAL_DIVERGENCE(A/A-); 阶段:Deteriorating(B); 触发:Consolidation(C); 置信度:Low,PASSED,C,fallback
00354,中软国际,2014-05-30,STRUCTURAL_DIVERGENCE,Deteriorating,Consolidation,20.59083773656892,COST_DISADVANTAGE,Low,BULLISH_WARNING,55.0,Aligned,neutral,结构:STRUCTURAL_DIVERGENCE(A/A-); 阶段:Deteriorating(B); 触发:Consolidation(C); 置信度:Low,PASSED,C,fallback
00354,中软国际,2014-06-06,STRUCTURAL_DIVERGENCE,Improving,Consolidation,25.11548678415638,COST_DISADVANTAGE,Low,BULLISH_WARNING,55.0,Aligned,neutral,结构:STRUCTURAL_DIVERGENCE(A/A-); 阶段:Improving(B); 触发:Consolidation(C); 置信度:Low,PASSED,C,fallback
00354,中软国际,2014-06-13,STRUCTURAL_DIVERGENCE,Improving,Consolidation,25.11548678415638,COST_DISADVANTAGE,Low,BULLISH_WARNING,55.0,Aligned,neutral,结构:STRUCTURAL_DIVERGENCE(A/A-); 阶段:Improving(B); 触发:Consolidation(C); 置信度:Low,PASSED,C,fallback
00354,中软国际,2014-06-20,STRUCTURAL_DIVERGENCE,Improving,Consolidation,25.11548678415638,COST_DISADVANTAGE,Low,BULLISH_WARNING,55.0,Aligned,neutral,结构:STRUCTURAL_DIVERGENCE(A/A-); 阶段:Improving(B); 触发:Consolidation(C); 置信度:Low,PASSED,C,fallback
00354,中软国际,2014-06-27,STRUCTURAL_DIVERGENCE,Improving,Consolidation,25.11548678415638,COST_DISADVANTAGE,Low,BULLISH_WARNING,55.0,Aligned,neutral,结构:STRUCTURAL_DIVERGENCE(A/A-); 阶段:Improving(B); 触发:Consolidation(C); 置信度:Low,PASSED,C,fallback
00354,中软国际,2014-07-04,STRUCTURAL_DIVERGENCE,Deteriorating,Consolidation,32.83559196302466,COST_DISADVANTAGE,Low,BULLISH_WARNING,55.0,Aligned,neutral,结构:STRUCTURAL_DIVERGENCE(A/A-); 阶段:Deteriorating(B); 触发:Consolidation(C); 置信度:Low,PASSED,C,fallback
00354,中软国际,2014-07-11,STRUCTURAL_DIVERGENCE,Deteriorating,Consolidation,32.83559196302466,COST_DISADVANTAGE,Low,BULLISH_WARNING,55.0,Aligned,neutral,结构:STRUCTURAL_DIVERGENCE(A/A-); 阶段:Deteriorating(B); 触发:Consolidation(C); 置信度:Low,PASSED,C,fallback
00354,中软国际,2014-07-18,STRUCTURAL_DIVERGENCE,Deteriorating,Consolidation,32.83559196302466,COST_DISADVANTAGE,Low,BULLISH_WARNING,55.0,Aligned,neutral,结构:STRUCTURAL_DIVERGENCE(A/A-); 阶段:Deteriorating(B); 触发:Consolidation(C); 置信度:Low,PASSED,C,fallback
00354,中软国际,2014-07-25,STRUCTURAL_DIVERGENCE,Deteriorating,Consolidation,32.83559196302466,COST_DISADVANTAGE,Low,BULLISH_WARNING,55.0,Aligned,neutral,结构:STRUCTURAL_DIVERGENCE(A/A-); 阶段:Deteriorating(B); 触发:Consolidation(C); 置信度:Low,PASSED,C,fallback
00354,中软国际,2014-08-01,STRUCTURAL_DIVERGENCE,Improving,Consolidation,30.156901978916974,COST_DISADVANTAGE,Low,BULLISH_WARNING,55.0,Aligned,neutral,结构:STRUCTURAL_DIVERGENCE(A/A-); 阶段:Improving(B); 触发:Consolidation(C); 置信度:Low,PASSED,C,fallback
00354,中软国际,2014-08-08,STRUCTURAL_DIVERGENCE,Improving,Consolidation,30.156901978916974,COST_DISADVANTAGE,Low,BULLISH_WARNING,55.0,Aligned,neutral,结构:STRUCTURAL_DIVERGENCE(A/A-); 阶段:Improving(B); 触发:Consolidation(C); 置信度:Low,PASSED,C,fallback
00354,中软国际,2014-08-15,STRUCTURAL_BOTTOM_CANDIDATE,Improving,Consolidation,30.156901978916974,COST_DISADVANTAGE,Medium,BULLISH_WARNING,55.0,Aligned,neutral,结构:STRUCTURAL_BOTTOM_CANDIDATE(A/A-); 阶段:Improving(B); 触发:Consolidation(C); 置信度:Medium,PASSED,C,fallback
00354,中软国际,2014-08-22,STRUCTURAL_BOTTOM_CANDIDATE,Improving,Consolidation,30.156901978916974,COST_DISADVANTAGE,Medium,BULLISH_WARNING,55.0,Aligned,neutral,结构:STRUCTURAL_BOTTOM_CANDIDATE(A/A-); 阶段:Improving(B); 触发:Consolidation(C); 置信度:Medium,PASSED,C,fallback
00354,中软国际,2014-08-29,STRUCTURAL_BOTTOM_CANDIDATE,Improving,Consolidation,30.156901978916974,COST_DISADVANTAGE,Medium,BULLISH_WARNING,55.0,Aligned,neutral,结构:STRUCTURAL_BOTTOM_CANDIDATE(A/A-); 阶段:Improving(B); 触发:Consolidation(C); 置信度:Medium,PASSED,C,fallback
00354,中软国际,2014-09-05,STRUCTURAL_BOTTOM_CANDIDATE,Improving,Consolidation,25.018083453270297,COST_NEUTRAL,Medium,BULLISH_WARNING,55.0,Aligned,neutral,结构:STRUCTURAL_BOTTOM_CANDIDATE(A/A-); 阶段:Improving(B); 触发:Consolidation(C); 置信度:Medium,PASSED,C,fallback
00354,中软国际,2014-09-12,STRUCTURAL_BOTTOM_CANDIDATE,Improving,Consolidation,25.018083453270297,COST_NEUTRAL,Medium,BULLISH_WARNING,55.0,Aligned,neutral,结构:STRUCTURAL_BOTTOM_CANDIDATE(A/A-); 阶段:Improving(B); 触发:Consolidation(C); 置信度:Medium,PASSED,C,fallback
00354,中软国际,2014-09-19,STRUCTURAL_BOTTOM_CANDIDATE,Improving,Pullback,25.018083453270297,COST_NEUTRAL,Medium,BULLISH_WARNING,55.0,Aligned,neutral,结构:STRUCTURAL_BOTTOM_CANDIDATE(A/A-); 阶段:Improving(B); 触发:Pullback(C); 置信度:Medium,PASSED,C,fallback
00354,中软国际,2014-09-26,STRUCTURAL_BOTTOM_CANDIDATE,Improving,Pullback,25.018083453270297,COST_NEUTRAL,Medium,BULLISH_WARNING,55.0,Aligned,neutral,结构:STRUCTURAL_BOTTOM_CANDIDATE(A/A-); 阶段:Improving(B); 触发:Pullback(C); 置信度:Medium,PASSED,C,fallback
00354,中软国际,2014-10-03,STRUCTURAL_BOTTOM_CANDIDATE,Stable,Pullback,27.11269247589265,COST_DISADVANTAGE,Medium,BULLISH_WARNING,55.0,Aligned,neutral,结构:STRUCTURAL_BOTTOM_CANDIDATE(A/A-); 阶段:Stable(B); 触发:Pullback(C); 置信度:Medium,PASSED,C,fallback
00354,中软国际,2014-10-10,STRUCTURAL_BOTTOM_CANDIDATE,Stable,Pullback,27.11269247589265,COST_DISADVANTAGE,Medium,BULLISH_WARNING,55.0,Aligned,neutral,结构:STRUCTURAL_BOTTOM_CANDIDATE(A/A-); 阶段:Stable(B); 触发:Pullback(C); 置信度:Medium,PASSED,C,fallback
00354,中软国际,2014-10-17,STRUCTURAL_BOTTOM_CANDIDATE,Stable,Pullback,27.11269247589265,COST_DISADVANTAGE,Medium,BULLISH_WARNING,55.0,Aligned,neutral,结构:STRUCTURAL_BOTTOM_CANDIDATE(A/A-); 阶段:Stable(B); 触发:Pullback(C); 置信度:Medium,PASSED,C,fallback
00354,中软国际,2014-10-24,STRUCTURAL_BOTTOM_CANDIDATE,Stable,Pullback,27.11269247589265,COST_DISADVANTAGE,Medium,BULLISH_WARNING,55.0,Aligned,neutral,结构:STRUCTURAL_BOTTOM_CANDIDATE(A/A-); 阶段:Stable(B); 触发:Pullback(C); 置信度:Medium,PASSED,C,fallback
00354,中软国际,2014-10-31,STRUCTURAL_BOTTOM_CANDIDATE,Improving,Consolidation,41.067082826705295,COST_DISADVANTAGE,Medium,BULLISH_WARNING,55.0,Aligned,neutral,结构:STRUCTURAL_BOTTOM_CANDIDATE(A/A-); 阶段:Improving(B); 触发:Consolidation(C); 置信度:Medium,PASSED,C,fallback
00354,中软国际,2014-11-07,STRUCTURAL_BOTTOM_CANDIDATE,Improving,Consolidation,41.067082826705295,COST_DISADVANTAGE,Medium,BULLISH_WARNING,55.0,Aligned,neutral,结构:STRUCTURAL_BOTTOM_CANDIDATE(A/A-); 阶段:Improving(B); 触发:Consolidation(C); 置信度:Medium,PASSED,C,fallback
00354,中软国际,2014-11-14,STRUCTURAL_DIVERGENCE,Improving,Consolidation,41.067082826705295,COST_DISADVANTAGE,Low,BULLISH_WARNING,55.0,Aligned,neutral,结构:STRUCTURAL_DIVERGENCE(A/A-); 阶段:Improving(B); 触发:Consolidation(C); 置信度:Low,PASSED,C,fallback
00354,中软国际,2014-11-21,STRUCTURAL_DIVERGENCE,Improving,Consolidation,41.067082826705295,COST_DISADVANTAGE,Low,BULLISH_WARNING,55.0,Aligned,neutral,结构:STRUCTURAL_DIVERGENCE(A/A-); 阶段:Improving(B); 触发:Consolidation(C); 置信度:Low,PASSED,C,fallback
00354,中软国际,2014-11-28,STRUCTURAL_DIVERGENCE,Improving,Consolidation,41.067082826705295,COST_DISADVANTAGE,Low,BULLISH_WARNING,55.0,Aligned,neutral,结构:STRUCTURAL_DIVERGENCE(A/A-); 阶段:Improving(B); 触发:Consolidation(C); 置信度:Low,PASSED,C,fallback
00354,中软国际,2014-12-05,STRUCTURAL_DIVERGENCE,Deteriorating,Consolidation,32.62260432803786,COST_DISADVANTAGE,Low,BULLISH_WARNING,55.0,Aligned,neutral,结构:STRUCTURAL_DIVERGENCE(A/A-); 阶段:Deteriorating(B); 触发:Consolidation(C); 置信度:Low,PASSED,C,fallback
00354,中软国际,2014-12-12,STRUCTURAL_DIVERGENCE,Deteriorating,Consolidation,32.62260432803786,COST_DISADVANTAGE,Low,BULLISH_WARNING,55.0,Aligned,neutral,结构:STRUCTURAL_DIVERGENCE(A/A-); 阶段:Deteriorating(B); 触发:Consolidation(C); 置信度:Low,PASSED,C,fallback
00354,中软国际,2014-12-19,STRUCTURAL_DIVERGENCE,Deteriorating,Consolidation,32.62260432803786,COST_DISADVANTAGE,Low,BULLISH_WARNING,55.0,Aligned,neutral,结构:STRUCTURAL_DIVERGENCE(A/A-); 阶段:Deteriorating(B); 触发:Consolidation(C); 置信度:Low,PASSED,C,fallback
00354,中软国际,2014-12-26,STRUCTURAL_DIVERGENCE,Deteriorating,Consolidation,32.62260432803786,COST_DISADVANTAGE,Low,BULLISH_WARNING,55.0,Aligned,neutral,结构:STRUCTURAL_DIVERGENCE(A/A-); 阶段:Deteriorating(B); 触发:Consolidation(C); 置信度:Low,PASSED,C,fallback
00354,中软国际,2015-01-02,STRUCTURAL_DIVERGENCE,Stable,Consolidation,34.756325652529334,COST_DISADVANTAGE,Low,BULLISH_WARNING,55.0,Aligned,neutral,结构:STRUCTURAL_DIVERGENCE(A/A-); 阶段:Stable(B); 触发:Consolidation(C); 置信度:Low,PASSED,C,fallback
00354,中软国际,2015-01-09,STRUCTURAL_DIVERGENCE,Stable,Consolidation,34.756325652529334,COST_DISADVANTAGE,Low,BULLISH_WARNING,55.0,Aligned,neutral,结构:STRUCTURAL_DIVERGENCE(A/A-); 阶段:Stable(B); 触发:Consolidation(C); 置信度:Low,PASSED,C,fallback
00354,中软国际,2015-01-16,STRUCTURAL_DIVERGENCE,Stable,Consolidation,34.756325652529334,COST_DISADVANTAGE,Low,BULLISH_WARNING,55.0,Aligned,neutral,结构:STRUCTURAL_DIVERGENCE(A/A-); 阶段:Stable(B); 触发:Consolidation(C); 置信度:Low,PASSED,C,fallback
00354,中软国际,2015-01-23,STRUCTURAL_DIVERGENCE,Stable,Consolidation,34.756325652529334,COST_DISADVANTAGE,Low,BULLISH_WARNING,55.0,Aligned,neutral,结构:STRUCTURAL_DIVERGENCE(A/A-); 阶段:Stable(B); 触发:Consolidation(C); 置信度:Low,PASSED,C,fallback
00354,中软国际,2015-01-30,STRUCTURAL_DIVERGENCE,Stable,Consolidation,34.756325652529334,COST_DISADVANTAGE,Low,BULLISH_WARNING,55.0,Aligned,neutral,结构:STRUCTURAL_DIVERGENCE(A/A-); 阶段:Stable(B); 触发:Consolidation(C); 置信度:Low,PASSED,C,fallback
00354,中软国际,2015-02-06,STRUCTURAL_DIVERGENCE,Improving,Consolidation,36.57222399264444,COST_DISADVANTAGE,Low,BULLISH_WARNING,55.0,Aligned,neutral,结构:STRUCTURAL_DIVERGENCE(A/A-); 阶段:Improving(B); 触发:Consolidation(C); 置信度:Low,PASSED,C,fallback
00354,中软国际,2015-02-13,STRUCTURAL_DIVERGENCE,Improving,Consolidation,36.57222399264444,COST_DISADVANTAGE,Low,BULLISH_WARNING,55.0,Aligned,neutral,结构:STRUCTURAL_DIVERGENCE(A/A-); 阶段:Improving(B); 触发:Consolidation(C); 置信度:Low,PASSED,C,fallback
00354,中软国际,2015-02-20,STRUCTURAL_DECLINE,Improving,Consolidation,36.57222399264444,COST_DISADVANTAGE,Low,BEARISH_CONFIRMED,20.0,Divergence,neutral,结构:STRUCTURAL_DECLINE(A/A-); 阶段:Improving(B); 触发:Consolidation(C); 置信度:Low,PASSED,C,fallback
00354,中软国际,2015-02-27,STRUCTURAL_DECLINE,Improving,Consolidation,36.57222399264444,COST_DISADVANTAGE,Low,BEARISH_CONFIRMED,20.0,Divergence,neutral,结构:STRUCTURAL_DECLINE(A/A-); 阶段:Improving(B); 触发:Consolidation(C); 置信度:Low,PASSED,C,fallback
00354,中软国际,2015-03-06,STRUCTURAL_DECLINE,Deteriorating,Consolidation,48.211142850164286,COST_DISADVANTAGE,Low,BEARISH_CONFIRMED,20.0,Aligned,neutral,结构:STRUCTURAL_DECLINE(A/A-); 阶段:Deteriorating(B); 触发:Consolidation(C); 置信度:Low,PASSED,C,fallback
00354,中软国际,2015-03-13,STRUCTURAL_DECLINE,Deteriorating,Consolidation,48.211142850164286,COST_DISADVANTAGE,Low,BEARISH_CONFIRMED,20.0,Aligned,neutral,结构:STRUCTURAL_DECLINE(A/A-); 阶段:Deteriorating(B); 触发:Consolidation(C); 置信度:Low,PASSED,C,fallback
00354,中软国际,2015-03-20,STRUCTURAL_DECLINE,Deteriorating,Consolidation,48.211142850164286,COST_DISADVANTAGE,Low,BEARISH_CONFIRMED,20.0,Aligned,neutral,结构:STRUCTURAL_DECLINE(A/A-); 阶段:Deteriorating(B); 触发:Consolidation(C); 置信度:Low,PASSED,C,fallback
00354,中软国际,2015-03-27,STRUCTURAL_DECLINE,Deteriorating,Consolidation,48.211142850164286,COST_DISADVANTAGE,Low,BEARISH_CONFIRMED,20.0,Aligned,neutral,结构:STRUCTURAL_DECLINE(A/A-); 阶段:Deteriorating(B); 触发:Consolidation(C); 置信度:Low,PASSED,C,fallback
00354,中软国际,2015-04-03,STRUCTURAL_DECLINE,Deteriorating,Consolidation,23.74352935930348,COST_NEUTRAL,Low,BEARISH_CONFIRMED,20.0,Aligned,risk_on,结构:STRUCTURAL_DECLINE(A/A-); 阶段:Deteriorating(B); 触发:Consolidation(C); 置信度:Low,PASSED,C,fallback
00354,中软国际,2015-04-10,STRUCTURAL_DECLINE,Deteriorating,Breakout,23.74352935930348,COST_NEUTRAL,Low,BEARISH_CONFIRMED,20.0,Aligned,risk_off,结构:STRUCTURAL_DECLINE(A/A-); 阶段:Deteriorating(B); 触发:Breakout(C); 置信度:Low,PASSED,C,fallback
00354,中软国际,2015-04-17,STRUCTURAL_DECLINE,Deteriorating,Consolidation,23.74352935930348,COST_NEUTRAL,Low,BEARISH_CONFIRMED,20.0,Aligned,risk_on,结构:STRUCTURAL_DECLINE(A/A-); 阶段:Deteriorating(B); 触发:Consolidation(C); 置信度:Low,PASSED,C,fallback
00354,中软国际,2015-04-24,STRUCTURAL_DECLINE,Deteriorating,Consolidation,23.74352935930348,COST_NEUTRAL,Low,BEARISH_CONFIRMED,20.0,Aligned,risk_on,结构:STRUCTURAL_DECLINE(A/A-); 阶段:Deteriorating(B); 触发:Consolidation(C); 置信度:Low,PASSED,C,fallback
00354,中软国际,2015-05-01,STRUCTURAL_DECLINE,Deteriorating,Consolidation,7.418115478223279,COST_NEUTRAL,Low,BEARISH_CONFIRMED,20.0,Aligned,risk_on,结构:STRUCTURAL_DECLINE(A/A-); 阶段:Deteriorating(B); 触发:Consolidation(C); 置信度:Low,PASSED,C,fallback
00354,中软国际,2015-05-08,STRUCTURAL_DECLINE,Deteriorating,Pullback,7.418115478223279,COST_NEUTRAL,Low,BEARISH_CONFIRMED,20.0,Aligned,risk_on,结构:STRUCTURAL_DECLINE(A/A-); 阶段:Deteriorating(B); 触发:Pullback(C); 置信度:Low,PASSED,C,fallback
00354,中软国际,2015-05-15,STRUCTURAL_DECLINE,Deteriorating,Consolidation,7.418115478223279,COST_NEUTRAL,Low,BEARISH_CONFIRMED,20.0,Aligned,risk_on,结构:STRUCTURAL_DECLINE(A/A-); 阶段:Deteriorating(B); 触发:Consolidation(C); 置信度:Low,PASSED,C,fallback
00354,中软国际,2015-05-22,STRUCTURAL_DECLINE,Deteriorating,Consolidation,7.418115478223279,COST_NEUTRAL,Low,BEARISH_CONFIRMED,20.0,Aligned,risk_on,结构:STRUCTURAL_DECLINE(A/A-); 阶段:Deteriorating(B); 触发:Consolidation(C); 置信度:Low,PASSED,C,fallback
00354,中软国际,2015-05-29,STRUCTURAL_DECLINE,Deteriorating,Consolidation,7.418115478223279,COST_NEUTRAL,Low,BEARISH_CONFIRMED,20.0,Aligned,risk_on,结构:STRUCTURAL_DECLINE(A/A-); 阶段:Deteriorating(B); 触发:Consolidation(C); 置信度:Low,PASSED,C,fallback
00354,中软国际,2015-06-05,STRUCTURAL_DECLINE,Deteriorating,Consolidation,8.2692935518274,COST_ADVANTAGE,Low,BEARISH_CONFIRMED,20.0,Aligned,risk_on,结构:STRUCTURAL_DECLINE(A/A-); 阶段:Deteriorating(B); 触发:Consolidation(C); 置信度:Low,PASSED,C,fallback
00354,中软国际,2015-06-12,STRUCTURAL_DECLINE,Deteriorating,Consolidation,8.2692935518274,COST_ADVANTAGE,Low,BEARISH_CONFIRMED,20.0,Aligned,risk_on,结构:STRUCTURAL_DECLINE(A/A-); 阶段:Deteriorating(B); 触发:Consolidation(C); 置信度:Low,PASSED,C,fallback
00354,中软国际,2015-06-19,STRUCTURAL_DECLINE,Deteriorating,Pullback,8.2692935518274,COST_ADVANTAGE,Low,BEARISH_CONFIRMED,20.0,Aligned,risk_on,结构:STRUCTURAL_DECLINE(A/A-); 阶段:Deteriorating(B); 触发:Pullback(C); 置信度:Low,PASSED,C,fallback
00354,中软国际,2015-06-26,STRUCTURAL_DECLINE,Deteriorating,Pullback,8.2692935518274,COST_ADVANTAGE,Low,BEARISH_CONFIRMED,20.0,Aligned,risk_on,结构:STRUCTURAL_DECLINE(A/A-); 阶段:Deteriorating(B); 触发:Pullback(C); 置信度:Low,PASSED,C,fallback
00354,中软国际,2015-07-03,STRUCTURAL_DECLINE,Deteriorating,Consolidation,11.010457179492342,COST_DISADVANTAGE,Low,BEARISH_CONFIRMED,20.0,Aligned,risk_on,结构:STRUCTURAL_DECLINE(A/A-); 阶段:Deteriorating(B); 触发:Consolidation(C); 置信度:Low,PASSED,C,fallback
00354,中软国际,2015-07-10,STRUCTURAL_DECLINE,Deteriorating,Consolidation,11.010457179492342,COST_DISADVANTAGE,Low,BEARISH_CONFIRMED,20.0,Aligned,risk_off,结构:STRUCTURAL_DECLINE(A/A-); 阶段:Deteriorating(B); 触发:Consolidation(C); 置信度:Low,PASSED,C,fallback
00354,中软国际,2015-07-17,STRUCTURAL_DECLINE,Deteriorating,Consolidation,11.010457179492342,COST_DISADVANTAGE,Low,BEARISH_CONFIRMED,20.0,Aligned,risk_off,结构:STRUCTURAL_DECLINE(A/A-); 阶段:Deteriorating(B); 触发:Consolidation(C); 置信度:Low,PASSED,C,fallback
00354,中软国际,2015-07-24,STRUCTURAL_DECLINE,Deteriorating,Consolidation,11.010457179492342,COST_DISADVANTAGE,Low,BEARISH_CONFIRMED,20.0,Aligned,risk_off,结构:STRUCTURAL_DECLINE(A/A-); 阶段:Deteriorating(B); 触发:Consolidation(C); 置信度:Low,PASSED,C,fallback
00354,中软国际,2015-07-31,STRUCTURAL_DECLINE,Deteriorating,Consolidation,11.566200133247733,COST_DISADVANTAGE,Low,BEARISH_CONFIRMED,20.0,Aligned,risk_off,结构:STRUCTURAL_DECLINE(A/A-); 阶段:Deteriorating(B); 触发:Consolidation(C); 置信度:Low,PASSED,C,fallback
00354,中软国际,2015-08-07,STRUCTURAL_DECLINE,Deteriorating,Consolidation,11.566200133247733,COST_DISADVANTAGE,Low,BEARISH_CONFIRMED,20.0,Aligned,risk_off,结构:STRUCTURAL_DECLINE(A/A-); 阶段:Deteriorating(B); 触发:Consolidation(C); 置信度:Low,PASSED,C,fallback
00354,中软国际,2015-08-14,STRUCTURAL_DIVERGENCE,Deteriorating,Consolidation,11.566200133247733,COST_DISADVANTAGE,Low,BULLISH_WARNING,55.0,Aligned,risk_off,结构:STRUCTURAL_DIVERGENCE(A/A-); 阶段:Deteriorating(B); 触发:Consolidation(C); 置信度:Low,PASSED,C,fallback
00354,中软国际,2015-08-21,STRUCTURAL_DIVERGENCE,Deteriorating,Consolidation,11.566200133247733,COST_DISADVANTAGE,Low,BULLISH_WARNING,55.0,Aligned,risk_off,结构:STRUCTURAL_DIVERGENCE(A/A-); 阶段:Deteriorating(B); 触发:Consolidation(C); 置信度:Low,PASSED,C,fallback
00354,中软国际,2015-08-28,STRUCTURAL_DIVERGENCE,Deteriorating,Consolidation,11.566200133247733,COST_DISADVANTAGE,Low,BULLISH_WARNING,55.0,Aligned,risk_off,结构:STRUCTURAL_DIVERGENCE(A/A-); 阶段:Deteriorating(B); 触发:Consolidation(C); 置信度:Low,PASSED,C,fallback
00354,中软国际,2015-09-04,STRUCTURAL_DIVERGENCE,Deteriorating,Consolidation,16.885150589802286,COST_DISADVANTAGE,Low,BULLISH_WARNING,55.0,Aligned,risk_off,结构:STRUCTURAL_DIVERGENCE(A/A-); 阶段:Deteriorating(B); 触发:Consolidation(C); 置信度:Low,PASSED,C,fallback
00354,中软国际,2015-09-11,STRUCTURAL_DIVERGENCE,Deteriorating,Consolidation,16.885150589802286,COST_DISADVANTAGE,Low,BULLISH_WARNING,55.0,Aligned,risk_off,结构:STRUCTURAL_DIVERGENCE(A/A-); 阶段:Deteriorating(B); 触发:Consolidation(C); 置信度:Low,PASSED,C,fallback
00354,中软国际,2015-09-18,STRUCTURAL_DIVERGENCE,Deteriorating,Consolidation,16.885150589802286,COST_DISADVANTAGE,Low,BULLISH_WARNING,55.0,Aligned,risk_off,结构:STRUCTURAL_DIVERGENCE(A/A-); 阶段:Deteriorating(B); 触发:Consolidation(C); 置信度:Low,PASSED,C,fallback
00354,中软国际,2015-09-25,STRUCTURAL_DIVERGENCE,Deteriorating,Consolidation,16.885150589802286,COST_DISADVANTAGE,Low,BULLISH_WARNING,55.0,Aligned,risk_off,结构:STRUCTURAL_DIVERGENCE(A/A-); 阶段:Deteriorating(B); 触发:Consolidation(C); 置信度:Low,PASSED,C,fallback
00354,中软国际,2015-10-02,STRUCTURAL_DIVERGENCE,Improving,Consolidation,22.72477111570997,COST_DISADVANTAGE,Low,BULLISH_WARNING,55.0,Aligned,risk_off,结构:STRUCTURAL_DIVERGENCE(A/A-); 阶段:Improving(B); 触发:Consolidation(C); 置信度:Low,PASSED,C,fallback
00354,中软国际,2015-10-09,STRUCTURAL_DIVERGENCE,Improving,Consolidation,22.72477111570997,COST_DISADVANTAGE,Low,BULLISH_WARNING,55.0,Aligned,risk_off,结构:STRUCTURAL_DIVERGENCE(A/A-); 阶段:Improving(B); 触发:Consolidation(C); 置信度:Low,PASSED,C,fallback
00354,中软国际,2015-10-16,STRUCTURAL_DIVERGENCE,Improving,Consolidation,22.72477111570997,COST_DISADVANTAGE,Low,BULLISH_WARNING,55.0,Aligned,risk_off,结构:STRUCTURAL_DIVERGENCE(A/A-); 阶段:Improving(B); 触发:Consolidation(C); 置信度:Low,PASSED,C,fallback
00354,中软国际,2015-10-23,STRUCTURAL_DIVERGENCE,Improving,Consolidation,22.72477111570997,COST_DISADVANTAGE,Low,BULLISH_WARNING,55.0,Aligned,risk_off,结构:STRUCTURAL_DIVERGENCE(A/A-); 阶段:Improving(B); 触发:Consolidation(C); 置信度:Low,PASSED,C,fallback
00354,中软国际,2015-10-30,STRUCTURAL_DIVERGENCE,Improving,Consolidation,22.72477111570997,COST_DISADVANTAGE,Low,BULLISH_WARNING,55.0,Aligned,risk_off,结构:STRUCTURAL_DIVERGENCE(A/A-); 阶段:Improving(B); 触发:Consolidation(C); 置信度:Low,PASSED,C,fallback
00354,中软国际,2015-11-06,STRUCTURAL_DIVERGENCE,Improving,Consolidation,24.863604128854753,COST_DISADVANTAGE,Low,BULLISH_WARNING,55.0,Aligned,risk_off,结构:STRUCTURAL_DIVERGENCE(A/A-); 阶段:Improving(B); 触发:Consolidation(C); 置信度:Low,PASSED,C,fallback
00354,中软国际,2015-11-13,STRUCTURAL_DIVERGENCE,Improving,Consolidation,24.863604128854753,COST_DISADVANTAGE,Low,BULLISH_WARNING,55.0,Aligned,risk_off,结构:STRUCTURAL_DIVERGENCE(A/A-); 阶段:Improving(B); 触发:Consolidation(C); 置信度:Low,PASSED,C,fallback
00354,中软国际,2015-11-20,STRUCTURAL_DECLINE,Improving,Consolidation,24.863604128854753,COST_DISADVANTAGE,Low,BEARISH_CONFIRMED,20.0,Divergence,risk_on,结构:STRUCTURAL_DECLINE(A/A-); 阶段:Improving(B); 触发:Consolidation(C); 置信度:Low,PASSED,C,fallback
00354,中软国际,2015-11-27,STRUCTURAL_DECLINE,Improving,Pullback,24.863604128854753,COST_DISADVANTAGE,Low,BEARISH_CONFIRMED,20.0,Divergence,neutral,结构:STRUCTURAL_DECLINE(A/A-); 阶段:Improving(B); 触发:Pullback(C); 置信度:Low,PASSED,C,fallback
00354,中软国际,2015-12-04,STRUCTURAL_DECLINE,Improving,Pullback,24.147283556555386,COST_NEUTRAL,Low,BEARISH_CONFIRMED,20.0,Divergence,risk_on,结构:STRUCTURAL_DECLINE(A/A-); 阶段:Improving(B); 触发:Pullback(C); 置信度:Low,PASSED,C,fallback
00354,中软国际,2015-12-11,STRUCTURAL_DECLINE,Improving,Consolidation,24.147283556555386,COST_NEUTRAL,Low,BEARISH_CONFIRMED,20.0,Divergence,neutral,结构:STRUCTURAL_DECLINE(A/A-); 阶段:Improving(B); 触发:Consolidation(C); 置信度:Low,PASSED,C,fallback
00354,中软国际,2015-12-18,STRUCTURAL_DECLINE,Improving,Consolidation,24.147283556555386,COST_NEUTRAL,Low,BEARISH_CONFIRMED,20.0,Divergence,neutral,结构:STRUCTURAL_DECLINE(A/A-); 阶段:Improving(B); 触发:Consolidation(C); 置信度:Low,PASSED,C,fallback
00354,中软国际,2015-12-25,STRUCTURAL_DECLINE,Improving,Consolidation,24.147283556555386,COST_NEUTRAL,Low,BEARISH_CONFIRMED,20.0,Divergence,risk_on,结构:STRUCTURAL_DECLINE(A/A-); 阶段:Improving(B); 触发:Consolidation(C); 置信度:Low,PASSED,C,fallback
00354,中软国际,2016-01-01,STRUCTURAL_DECLINE,Deteriorating,Consolidation,35.39926263259602,COST_DISADVANTAGE,Low,BEARISH_CONFIRMED,20.0,Aligned,neutral,结构:STRUCTURAL_DECLINE(A/A-); 阶段:Deteriorating(B); 触发:Consolidation(C); 置信度:Low,PASSED,C,fallback
00354,中软国际,2016-01-08,STRUCTURAL_DECLINE,Deteriorating,Consolidation,35.39926263259602,COST_DISADVANTAGE,Low,BEARISH_CONFIRMED,20.0,Aligned,risk_off,结构:STRUCTURAL_DECLINE(A/A-); 阶段:Deteriorating(B); 触发:Consolidation(C); 置信度:Low,PASSED,C,fallback
00354,中软国际,2016-01-15,STRUCTURAL_DECLINE,Deteriorating,Consolidation,35.39926263259602,COST_DISADVANTAGE,Low,BEARISH_CONFIRMED,20.0,Aligned,risk_off,结构:STRUCTURAL_DECLINE(A/A-); 阶段:Deteriorating(B); 触发:Consolidation(C); 置信度:Low,PASSED,C,fallback
00354,中软国际,2016-01-22,STRUCTURAL_DECLINE,Deteriorating,Consolidation,35.39926263259602,COST_DISADVANTAGE,Low,BEARISH_CONFIRMED,20.0,Aligned,risk_off,结构:STRUCTURAL_DECLINE(A/A-); 阶段:Deteriorating(B); 触发:Consolidation(C); 置信度:Low,PASSED,C,fallback
00354,中软国际,2016-01-29,STRUCTURAL_DECLINE,Deteriorating,Consolidation,35.39926263259602,COST_DISADVANTAGE,Low,BEARISH_CONFIRMED,20.0,Aligned,risk_off,结构:STRUCTURAL_DECLINE(A/A-); 阶段:Deteriorating(B); 触发:Consolidation(C); 置信度:Low,PASSED,C,fallback
00354,中软国际,2016-02-05,STRUCTURAL_DECLINE,Deteriorating,Consolidation,37.001917486854694,COST_DISADVANTAGE,Low,BEARISH_CONFIRMED,20.0,Aligned,risk_off,结构:STRUCTURAL_DECLINE(A/A-); 阶段:Deteriorating(B); 触发:Consolidation(C); 置信度:Low,PASSED,C,fallback
00354,中软国际,2016-02-12,STRUCTURAL_DECLINE,Deteriorating,Consolidation,37.001917486854694,COST_DISADVANTAGE,Low,BEARISH_CONFIRMED,20.0,Aligned,risk_off,结构:STRUCTURAL_DECLINE(A/A-); 阶段:Deteriorating(B); 触发:Consolidation(C); 置信度:Low,PASSED,C,fallback
00354,中软国际,2016-02-19,STRUCTURAL_DECLINE,Deteriorating,Consolidation,37.001917486854694,COST_DISADVANTAGE,Low,BEARISH_CONFIRMED,20.0,Aligned,risk_off,结构:STRUCTURAL_DECLINE(A/A-); 阶段:Deteriorating(B); 触发:Consolidation(C); 置信度:Low,PASSED,C,fallback
00354,中软国际,2016-02-26,STRUCTURAL_DECLINE,Deteriorating,Consolidation,37.001917486854694,COST_DISADVANTAGE,Low,BEARISH_CONFIRMED,20.0,Aligned,risk_off,结构:STRUCTURAL_DECLINE(A/A-); 阶段:Deteriorating(B); 触发:Consolidation(C); 置信度:Low,PASSED,C,fallback
00354,中软国际,2016-03-04,STRUCTURAL_DECLINE,Deteriorating,Consolidation,44.366922172525555,COST_DISADVANTAGE,Low,BEARISH_CONFIRMED,20.0,Aligned,risk_off,结构:STRUCTURAL_DECLINE(A/A-); 阶段:Deteriorating(B); 触发:Consolidation(C); 置信度:Low,PASSED,C,fallback
00354,中软国际,2016-03-11,STRUCTURAL_DECLINE,Deteriorating,Consolidation,44.366922172525555,COST_DISADVANTAGE,Low,BEARISH_CONFIRMED,20.0,Aligned,risk_off,结构:STRUCTURAL_DECLINE(A/A-); 阶段:Deteriorating(B); 触发:Consolidation(C); 置信度:Low,PASSED,C,fallback
00354,中软国际,2016-03-18,STRUCTURAL_DECLINE,Deteriorating,Consolidation,44.366922172525555,COST_DISADVANTAGE,Low,BEARISH_CONFIRMED,20.0,Aligned,risk_off,结构:STRUCTURAL_DECLINE(A/A-); 阶段:Deteriorating(B); 触发:Consolidation(C); 置信度:Low,PASSED,C,fallback
00354,中软国际,2016-03-25,STRUCTURAL_DECLINE,Deteriorating,Consolidation,44.366922172525555,COST_DISADVANTAGE,Low,BEARISH_CONFIRMED,20.0,Aligned,risk_off,结构:STRUCTURAL_DECLINE(A/A-); 阶段:Deteriorating(B); 触发:Consolidation(C); 置信度:Low,PASSED,C,fallback
00354,中软国际,2016-04-01,STRUCTURAL_DECLINE,Stable,Consolidation,31.500824111012413,COST_DISADVANTAGE,Low,BEARISH_CONFIRMED,20.0,Aligned,risk_off,结构:STRUCTURAL_DECLINE(A/A-); 阶段:Stable(B); 触发:Consolidation(C); 置信度:Low,PASSED,C,fallback
00354,中软国际,2016-04-08,STRUCTURAL_DECLINE,Stable,Consolidation,31.500824111012413,COST_DISADVANTAGE,Low,BEARISH_CONFIRMED,20.0,Aligned,neutral,结构:STRUCTURAL_DECLINE(A/A-); 阶段:Stable(B); 触发:Consolidation(C); 置信度:Low,PASSED,C,fallback
00354,中软国际,2016-04-15,STRUCTURAL_DECLINE,Stable,Consolidation,31.500824111012413,COST_DISADVANTAGE,Low,BEARISH_CONFIRMED,20.0,Aligned,risk_on,结构:STRUCTURAL_DECLINE(A/A-); 阶段:Stable(B); 触发:Consolidation(C); 置信度:Low,PASSED,C,fallback
00354,中软国际,2016-04-22,STRUCTURAL_DECLINE,Stable,Consolidation,31.500824111012413,COST_DISADVANTAGE,Low,BEARISH_CONFIRMED,20.0,Aligned,risk_on,结构:STRUCTURAL_DECLINE(A/A-); 阶段:Stable(B); 触发:Consolidation(C); 置信度:Low,PASSED,C,fallback
00354,中软国际,2016-04-29,STRUCTURAL_DECLINE,Stable,Consolidation,31.500824111012413,COST_DISADVANTAGE,Low,BEARISH_CONFIRMED,20.0,Aligned,risk_on,结构:STRUCTURAL_DECLINE(A/A-); 阶段:Stable(B); 触发:Consolidation(C); 置信度:Low,PASSED,C,fallback
00354,中软国际,2016-05-06,STRUCTURAL_DECLINE,Stable,Consolidation,41.49414745355228,COST_DISADVANTAGE,Low,BEARISH_CONFIRMED,20.0,Aligned,risk_on,结构:STRUCTURAL_DECLINE(A/A-); 阶段:Stable(B); 触发:Consolidation(C); 置信度:Low,PASSED,C,fallback
00354,中软国际,2016-05-13,STRUCTURAL_DECLINE,Stable,Consolidation,41.49414745355228,COST_DISADVANTAGE,Low,BEARISH_CONFIRMED,20.0,Aligned,risk_on,结构:STRUCTURAL_DECLINE(A/A-); 阶段:Stable(B); 触发:Consolidation(C); 置信度:Low,PASSED,C,fallback
00354,中软国际,2016-05-20,STRUCTURAL_DECLINE,Stable,Consolidation,41.49414745355228,COST_DISADVANTAGE,Medium,BEARISH_CONFIRMED,20.0,Aligned,neutral,结构:STRUCTURAL_DECLINE(A/A-); 阶段:Stable(B); 触发:Consolidation(C); 置信度:Medium,PASSED,C,fallback
00354,中软国际,2016-05-27,STRUCTURAL_DECLINE,Stable,Consolidation,41.49414745355228,COST_DISADVANTAGE,Medium,BEARISH_CONFIRMED,20.0,Aligned,risk_on,结构:STRUCTURAL_DECLINE(A/A-); 阶段:Stable(B); 触发:Consolidation(C); 置信度:Medium,PASSED,C,fallback
00354,中软国际,2016-06-03,STRUCTURAL_DECLINE,Improving,Consolidation,48.71105578358327,COST_DISADVANTAGE,Medium,BEARISH_CONFIRMED,20.0,Divergence,risk_on,结构:STRUCTURAL_DECLINE(A/A-); 阶段:Improving(B); 触发:Consolidation(C); 置信度:Medium,PASSED,C,fallback
00354,中软国际,2016-06-10,STRUCTURAL_DECLINE,Improving,Consolidation,48.71105578358327,COST_DISADVANTAGE,Medium,BEARISH_CONFIRMED,20.0,Divergence,risk_on,结构:STRUCTURAL_DECLINE(A/A-); 阶段:Improving(B); 触发:Consolidation(C); 置信度:Medium,PASSED,C,fallback
00354,中软国际,2016-06-17,STRUCTURAL_DECLINE,Improving,Consolidation,48.71105578358327,COST_DISADVANTAGE,Medium,BEARISH_CONFIRMED,20.0,Divergence,risk_off,结构:STRUCTURAL_DECLINE(A/A-); 阶段:Improving(B); 触发:Consolidation(C); 置信度:Medium,PASSED,C,fallback
00354,中软国际,2016-06-24,STRUCTURAL_DECLINE,Improving,Consolidation,48.71105578358327,COST_DISADVANTAGE,Medium,BEARISH_CONFIRMED,20.0,Divergence,risk_off,结构:STRUCTURAL_DECLINE(A/A-); 阶段:Improving(B); 触发:Consolidation(C); 置信度:Medium,PASSED,C,fallback
00354,中软国际,2016-07-01,STRUCTURAL_DECLINE,Stable,Consolidation,42.81973921275377,COST_DISADVANTAGE,Medium,BEARISH_CONFIRMED,20.0,Aligned,risk_on,结构:STRUCTURAL_DECLINE(A/A-); 阶段:Stable(B); 触发:Consolidation(C); 置信度:Medium,PASSED,C,fallback
00354,中软国际,2016-07-08,STRUCTURAL_DECLINE,Stable,Pullback,42.81973921275377,COST_DISADVANTAGE,Medium,BEARISH_CONFIRMED,20.0,Aligned,neutral,结构:STRUCTURAL_DECLINE(A/A-); 阶段:Stable(B); 触发:Pullback(C); 置信度:Medium,PASSED,C,fallback
00354,中软国际,2016-07-15,STRUCTURAL_DECLINE,Stable,Consolidation,42.81973921275377,COST_DISADVANTAGE,Medium,BEARISH_CONFIRMED,20.0,Aligned,neutral,结构:STRUCTURAL_DECLINE(A/A-); 阶段:Stable(B); 触发:Consolidation(C); 置信度:Medium,PASSED,C,fallback
00354,中软国际,2016-07-22,STRUCTURAL_DECLINE,Stable,Consolidation,42.81973921275377,COST_DISADVANTAGE,Medium,BEARISH_CONFIRMED,20.0,Aligned,risk_on,结构:STRUCTURAL_DECLINE(A/A-); 阶段:Stable(B); 触发:Consolidation(C); 置信度:Medium,PASSED,C,fallback
00354,中软国际,2016-07-29,STRUCTURAL_DECLINE,Stable,Consolidation,42.81973921275377,COST_DISADVANTAGE,Medium,BEARISH_CONFIRMED,20.0,Aligned,risk_on,结构:STRUCTURAL_DECLINE(A/A-); 阶段:Stable(B); 触发:Consolidation(C); 置信度:Medium,PASSED,C,fallback
00354,中软国际,2016-08-05,STRUCTURAL_DECLINE,Improving,Consolidation,52.4642207043731,COST_DISADVANTAGE,Medium,BEARISH_CONFIRMED,20.0,Divergence,risk_on,结构:STRUCTURAL_DECLINE(A/A-); 阶段:Improving(B); 触发:Consolidation(C); 置信度:Medium,PASSED,C,fallback
00354,中软国际,2016-08-12,STRUCTURAL_DECLINE,Improving,Consolidation,52.4642207043731,COST_DISADVANTAGE,Medium,BEARISH_CONFIRMED,20.0,Divergence,risk_on,结构:STRUCTURAL_DECLINE(A/A-); 阶段:Improving(B); 触发:Consolidation(C); 置信度:Medium,PASSED,C,fallback
00354,中软国际,2016-08-19,STRUCTURAL_DECLINE,Improving,Consolidation,52.4642207043731,COST_DISADVANTAGE,Low,BEARISH_CONFIRMED,20.0,Divergence,risk_on,结构:STRUCTURAL_DECLINE(A/A-); 阶段:Improving(B); 触发:Consolidation(C); 置信度:Low,PASSED,C,fallback
00354,中软国际,2016-08-26,STRUCTURAL_DECLINE,Improving,Consolidation,52.4642207043731,COST_DISADVANTAGE,Low,BEARISH_CONFIRMED,20.0,Divergence,risk_on,结构:STRUCTURAL_DECLINE(A/A-); 阶段:Improving(B); 触发:Consolidation(C); 置信度:Low,PASSED,C,fallback
00354,中软国际,2016-09-02,STRUCTURAL_DECLINE,Deteriorating,Consolidation,34.21588178698272,COST_NEUTRAL,Low,BEARISH_CONFIRMED,20.0,Aligned,risk_on,结构:STRUCTURAL_DECLINE(A/A-); 阶段:Deteriorating(B); 触发:Consolidation(C); 置信度:Low,PASSED,C,fallback
00354,中软国际,2016-09-09,STRUCTURAL_DECLINE,Deteriorating,Consolidation,34.21588178698272,COST_NEUTRAL,Low,BEARISH_CONFIRMED,20.0,Aligned,risk_on,结构:STRUCTURAL_DECLINE(A/A-); 阶段:Deteriorating(B); 触发:Consolidation(C); 置信度:Low,PASSED,C,fallback
00354,中软国际,2016-09-16,STRUCTURAL_DECLINE,Deteriorating,Consolidation,34.21588178698272,COST_NEUTRAL,Low,BEARISH_CONFIRMED,20.0,Aligned,risk_on,结构:STRUCTURAL_DECLINE(A/A-); 阶段:Deteriorating(B); 触发:Consolidation(C); 置信度:Low,PASSED,C,fallback
00354,中软国际,2016-09-23,STRUCTURAL_DECLINE,Deteriorating,Pullback,34.21588178698272,COST_NEUTRAL,Low,BEARISH_CONFIRMED,20.0,Aligned,risk_on,结构:STRUCTURAL_DECLINE(A/A-); 阶段:Deteriorating(B); 触发:Pullback(C); 置信度:Low,PASSED,C,fallback
00354,中软国际,2016-09-30,STRUCTURAL_DECLINE,Deteriorating,Pullback,40.77897627926588,COST_DISADVANTAGE,Low,BEARISH_CONFIRMED,20.0,Aligned,risk_on,结构:STRUCTURAL_DECLINE(A/A-); 阶段:Deteriorating(B); 触发:Pullback(C); 置信度:Low,PASSED,C,fallback
00354,中软国际,2016-10-07,STRUCTURAL_DECLINE,Deteriorating,Consolidation,40.77897627926588,COST_DISADVANTAGE,Low,BEARISH_CONFIRMED,20.0,Aligned,risk_on,结构:STRUCTURAL_DECLINE(A/A-); 阶段:Deteriorating(B); 触发:Consolidation(C); 置信度:Low,PASSED,C,fallback
00354,中软国际,2016-10-14,STRUCTURAL_DECLINE,Deteriorating,Pullback,40.77897627926588,COST_DISADVANTAGE,Low,BEARISH_CONFIRMED,20.0,Aligned,risk_on,结构:STRUCTURAL_DECLINE(A/A-); 阶段:Deteriorating(B); 触发:Pullback(C); 置信度:Low,PASSED,C,fallback
00354,中软国际,2016-10-21,STRUCTURAL_DECLINE,Deteriorating,Consolidation,40.77897627926588,COST_DISADVANTAGE,Low,BEARISH_CONFIRMED,20.0,Aligned,risk_on,结构:STRUCTURAL_DECLINE(A/A-); 阶段:Deteriorating(B); 触发:Consolidation(C); 置信度:Low,PASSED,C,fallback
00354,中软国际,2016-10-28,STRUCTURAL_DECLINE,Deteriorating,Consolidation,40.77897627926588,COST_DISADVANTAGE,Low,BEARISH_CONFIRMED,20.0,Aligned,risk_on,结构:STRUCTURAL_DECLINE(A/A-); 阶段:Deteriorating(B); 触发:Consolidation(C); 置信度:Low,PASSED,C,fallback
00354,中软国际,2016-11-04,STRUCTURAL_DECLINE,Improving,Pullback,55.87957564332426,COST_DISADVANTAGE,Low,BEARISH_CONFIRMED,20.0,Divergence,neutral,结构:STRUCTURAL_DECLINE(A/A-); 阶段:Improving(B); 触发:Pullback(C); 置信度:Low,PASSED,C,fallback
00354,中软国际,2016-11-11,STRUCTURAL_DECLINE,Improving,Consolidation,55.87957564332426,COST_DISADVANTAGE,Low,BEARISH_CONFIRMED,20.0,Divergence,neutral,结构:STRUCTURAL_DECLINE(A/A-); 阶段:Improving(B); 触发:Consolidation(C); 置信度:Low,PASSED,C,fallback
00354,中软国际,2016-11-18,STRUCTURAL_ACCUMULATION,Improving,Pullback,55.87957564332426,COST_DISADVANTAGE,Medium,BULLISH_STABLE,75.0,Aligned,risk_off,结构:STRUCTURAL_ACCUMULATION(A/A-); 阶段:Improving(B); 触发:Pullback(C); 置信度:Medium,PASSED,C,fallback
00354,中软国际,2016-11-25,STRUCTURAL_ACCUMULATION,Improving,Consolidation,55.87957564332426,COST_DISADVANTAGE,Medium,BULLISH_STABLE,75.0,Aligned,neutral,结构:STRUCTURAL_ACCUMULATION(A/A-); 阶段:Improving(B); 触发:Consolidation(C); 置信度:Medium,PASSED,C,matrix
00354,中软国际,2016-12-02,STRUCTURAL_ACCUMULATION,Improving,Consolidation,43.61263666175784,COST_NEUTRAL,Medium,BULLISH_STABLE,75.0,Aligned,risk_off,结构:STRUCTURAL_ACCUMULATION(A/A-); 阶段:Improving(B); 触发:Consolidation(C); 置信度:Medium,PASSED,C,matrix
00354,中软国际,2016-12-09,STRUCTURAL_ACCUMULATION,Improving,Consolidation,43.61263666175784,COST_NEUTRAL,Medium,BULLISH_STABLE,75.0,Aligned,neutral,结构:STRUCTURAL_ACCUMULATION(A/A-); 阶段:Improving(B); 触发:Consolidation(C); 置信度:Medium,PASSED,C,matrix
00354,中软国际,2016-12-16,STRUCTURAL_ACCUMULATION,Improving,Consolidation,43.61263666175784,COST_NEUTRAL,Medium,BULLISH_STABLE,75.0,Aligned,risk_off,结构:STRUCTURAL_ACCUMULATION(A/A-); 阶段:Improving(B); 触发:Consolidation(C); 置信度:Medium,PASSED,C,matrix
00354,中软国际,2016-12-23,STRUCTURAL_ACCUMULATION,Improving,Consolidation,43.61263666175784,COST_NEUTRAL,Medium,BULLISH_STABLE,75.0,Aligned,risk_off,结构:STRUCTURAL_ACCUMULATION(A/A-); 阶段:Improving(B); 触发:Consolidation(C); 置信度:Medium,PASSED,C,matrix
00354,中软国际,2016-12-30,STRUCTURAL_ACCUMULATION,Improving,Pullback,43.61263666175784,COST_NEUTRAL,Medium,BULLISH_STABLE,75.0,Aligned,risk_off,结构:STRUCTURAL_ACCUMULATION(A/A-); 阶段:Improving(B); 触发:Pullback(C); 置信度:Medium,PASSED,C,fallback
00354,中软国际,2017-01-06,STRUCTURAL_ACCUMULATION,Deteriorating,Consolidation,39.6094855366984,COST_DISADVANTAGE,Medium,BULLISH_STABLE,75.0,Divergence,risk_off,结构:STRUCTURAL_ACCUMULATION(A/A-); 阶段:Deteriorating(B); 触发:Consolidation(C); 置信度:Medium,PASSED,C,fallback
00354,中软国际,2017-01-13,STRUCTURAL_ACCUMULATION,Deteriorating,Pullback,39.6094855366984,COST_DISADVANTAGE,Medium,BULLISH_STABLE,75.0,Divergence,neutral,结构:STRUCTURAL_ACCUMULATION(A/A-); 阶段:Deteriorating(B); 触发:Pullback(C); 置信度:Medium,PASSED,C,fallback
00354,中软国际,2017-01-20,STRUCTURAL_ACCUMULATION,Deteriorating,Pullback,39.6094855366984,COST_DISADVANTAGE,Medium,BULLISH_STABLE,75.0,Divergence,risk_off,结构:STRUCTURAL_ACCUMULATION(A/A-); 阶段:Deteriorating(B); 触发:Pullback(C); 置信度:Medium,PASSED,C,fallback
00354,中软国际,2017-01-27,STRUCTURAL_ACCUMULATION,Deteriorating,Consolidation,39.6094855366984,COST_DISADVANTAGE,Medium,BULLISH_STABLE,75.0,Divergence,neutral,结构:STRUCTURAL_ACCUMULATION(A/A-); 阶段:Deteriorating(B); 触发:Consolidation(C); 置信度:Medium,PASSED,C,fallback
00354,中软国际,2017-02-03,STRUCTURAL_ACCUMULATION,Improving,Consolidation,57.11854249709573,COST_DISADVANTAGE,Medium,BULLISH_STABLE,75.0,Aligned,risk_on,结构:STRUCTURAL_ACCUMULATION(A/A-); 阶段:Improving(B); 触发:Consolidation(C); 置信度:Medium,PASSED,C,matrix
00354,中软国际,2017-02-10,STRUCTURAL_ACCUMULATION,Improving,Consolidation,57.11854249709573,COST_DISADVANTAGE,Medium,BULLISH_STABLE,75.0,Aligned,risk_on,结构:STRUCTURAL_ACCUMULATION(A/A-); 阶段:Improving(B); 触发:Consolidation(C); 置信度:Medium,PASSED,C,matrix
00354,中软国际,2017-02-17,STRUCTURAL_DIVERGENCE,Improving,Consolidation,57.11854249709573,COST_DISADVANTAGE,Low,BULLISH_WARNING,55.0,Aligned,risk_on,结构:STRUCTURAL_DIVERGENCE(A/A-); 阶段:Improving(B); 触发:Consolidation(C); 置信度:Low,PASSED,C,fallback
00354,中软国际,2017-02-24,STRUCTURAL_DIVERGENCE,Improving,Consolidation,57.11854249709573,COST_DISADVANTAGE,Low,BULLISH_WARNING,55.0,Aligned,risk_on,结构:STRUCTURAL_DIVERGENCE(A/A-); 阶段:Improving(B); 触发:Consolidation(C); 置信度:Low,PASSED,C,fallback
00354,中软国际,2017-03-03,STRUCTURAL_DIVERGENCE,Improving,Consolidation,47.349679696365,COST_DISADVANTAGE,Low,BULLISH_WARNING,55.0,Aligned,risk_on,结构:STRUCTURAL_DIVERGENCE(A/A-); 阶段:Improving(B); 触发:Consolidation(C); 置信度:Low,PASSED,C,fallback
00354,中软国际,2017-03-10,STRUCTURAL_DIVERGENCE,Improving,Pullback,47.349679696365,COST_DISADVANTAGE,Low,BULLISH_WARNING,55.0,Aligned,risk_on,结构:STRUCTURAL_DIVERGENCE(A/A-); 阶段:Improving(B); 触发:Pullback(C); 置信度:Low,PASSED,C,fallback
00354,中软国际,2017-03-17,STRUCTURAL_DIVERGENCE,Improving,Consolidation,47.349679696365,COST_DISADVANTAGE,Low,BULLISH_WARNING,55.0,Aligned,risk_on,结构:STRUCTURAL_DIVERGENCE(A/A-); 阶段:Improving(B); 触发:Consolidation(C); 置信度:Low,PASSED,C,fallback
00354,中软国际,2017-03-24,STRUCTURAL_DIVERGENCE,Improving,Consolidation,47.349679696365,COST_DISADVANTAGE,Low,BULLISH_WARNING,55.0,Aligned,risk_on,结构:STRUCTURAL_DIVERGENCE(A/A-); 阶段:Improving(B); 触发:Consolidation(C); 置信度:Low,PASSED,C,fallback
00354,中软国际,2017-03-31,STRUCTURAL_DIVERGENCE,Deteriorating,Consolidation,31.05273528354195,COST_NEUTRAL,Low,BULLISH_WARNING,55.0,Aligned,risk_on,结构:STRUCTURAL_DIVERGENCE(A/A-); 阶段:Deteriorating(B); 触发:Consolidation(C); 置信度:Low,PASSED,C,fallback
00354,中软国际,2017-04-07,STRUCTURAL_DIVERGENCE,Deteriorating,Consolidation,31.05273528354195,COST_NEUTRAL,Low,BULLISH_WARNING,55.0,Aligned,risk_on,结构:STRUCTURAL_DIVERGENCE(A/A-); 阶段:Deteriorating(B); 触发:Consolidation(C); 置信度:Low,PASSED,C,fallback
00354,中软国际,2017-04-14,STRUCTURAL_DIVERGENCE,Deteriorating,Consolidation,31.05273528354195,COST_NEUTRAL,Low,BULLISH_WARNING,55.0,Aligned,risk_on,结构:STRUCTURAL_DIVERGENCE(A/A-); 阶段:Deteriorating(B); 触发:Consolidation(C); 置信度:Low,PASSED,C,fallback
00354,中软国际,2017-04-21,STRUCTURAL_DIVERGENCE,Deteriorating,Consolidation,31.05273528354195,COST_NEUTRAL,Low,BULLISH_WARNING,55.0,Aligned,risk_on,结构:STRUCTURAL_DIVERGENCE(A/A-); 阶段:Deteriorating(B); 触发:Consolidation(C); 置信度:Low,PASSED,C,fallback
00354,中软国际,2017-04-28,STRUCTURAL_DIVERGENCE,Deteriorating,Consolidation,31.05273528354195,COST_NEUTRAL,Low,BULLISH_WARNING,55.0,Aligned,risk_on,结构:STRUCTURAL_DIVERGENCE(A/A-); 阶段:Deteriorating(B); 触发:Consolidation(C); 置信度:Low,PASSED,C,fallback
00354,中软国际,2017-05-05,STRUCTURAL_DIVERGENCE,Improving,Pullback,40.6033044299049,COST_NEUTRAL,Low,BULLISH_WARNING,55.0,Aligned,risk_on,结构:STRUCTURAL_DIVERGENCE(A/A-); 阶段:Improving(B); 触发:Pullback(C); 置信度:Low,PASSED,C,fallback
00354,中软国际,2017-05-12,STRUCTURAL_DIVERGENCE,Improving,Pullback,40.6033044299049,COST_NEUTRAL,Low,BULLISH_WARNING,55.0,Aligned,risk_on,结构:STRUCTURAL_DIVERGENCE(A/A-); 阶段:Improving(B); 触发:Pullback(C); 置信度:Low,PASSED,C,fallback
00354,中软国际,2017-05-19,STRUCTURAL_DIVERGENCE,Improving,Pullback,40.6033044299049,COST_NEUTRAL,Medium,BULLISH_WARNING,55.0,Aligned,risk_on,结构:STRUCTURAL_DIVERGENCE(A/A-); 阶段:Improving(B); 触发:Pullback(C); 置信度:Medium,PASSED,C,fallback
00354,中软国际,2017-05-26,STRUCTURAL_DIVERGENCE,Improving,Pullback,40.6033044299049,COST_NEUTRAL,Medium,BULLISH_WARNING,55.0,Aligned,risk_on,结构:STRUCTURAL_DIVERGENCE(A/A-); 阶段:Improving(B); 触发:Pullback(C); 置信度:Medium,PASSED,C,fallback
00354,中软国际,2017-06-02,STRUCTURAL_DIVERGENCE,Deteriorating,Consolidation,51.63870348270155,COST_DISADVANTAGE,High,BULLISH_WARNING,55.0,Aligned,risk_on,结构:STRUCTURAL_DIVERGENCE(A/A-); 阶段:Deteriorating(B); 触发:Consolidation(C); 置信度:High,PASSED,C,fallback
00354,中软国际,2017-06-09,STRUCTURAL_DIVERGENCE,Deteriorating,Pullback,51.63870348270155,COST_DISADVANTAGE,High,BULLISH_WARNING,55.0,Aligned,risk_on,结构:STRUCTURAL_DIVERGENCE(A/A-); 阶段:Deteriorating(B); 触发:Pullback(C); 置信度:High,PASSED,C,fallback
00354,中软国际,2017-06-16,STRUCTURAL_DIVERGENCE,Deteriorating,Consolidation,51.63870348270155,COST_DISADVANTAGE,High,BULLISH_WARNING,55.0,Aligned,risk_on,结构:STRUCTURAL_DIVERGENCE(A/A-); 阶段:Deteriorating(B); 触发:Consolidation(C); 置信度:High,PASSED,C,fallback
00354,中软国际,2017-06-23,STRUCTURAL_DIVERGENCE,Deteriorating,Pullback,51.63870348270155,COST_DISADVANTAGE,High,BULLISH_WARNING,55.0,Aligned,risk_on,结构:STRUCTURAL_DIVERGENCE(A/A-); 阶段:Deteriorating(B); 触发:Pullback(C); 置信度:High,PASSED,C,fallback
00354,中软国际,2017-06-30,STRUCTURAL_DIVERGENCE,Deteriorating,Consolidation,53.38247710877785,COST_DISADVANTAGE,High,BULLISH_WARNING,55.0,Aligned,risk_on,结构:STRUCTURAL_DIVERGENCE(A/A-); 阶段:Deteriorating(B); 触发:Consolidation(C); 置信度:High,PASSED,C,fallback
00354,中软国际,2017-07-07,STRUCTURAL_DIVERGENCE,Deteriorating,Consolidation,53.38247710877785,COST_DISADVANTAGE,High,BULLISH_WARNING,55.0,Aligned,risk_on,结构:STRUCTURAL_DIVERGENCE(A/A-); 阶段:Deteriorating(B); 触发:Consolidation(C); 置信度:High,PASSED,C,fallback
00354,中软国际,2017-07-14,STRUCTURAL_DIVERGENCE,Deteriorating,Consolidation,53.38247710877785,COST_DISADVANTAGE,High,BULLISH_WARNING,55.0,Aligned,risk_on,结构:STRUCTURAL_DIVERGENCE(A/A-); 阶段:Deteriorating(B); 触发:Consolidation(C); 置信度:High,PASSED,C,fallback
00354,中软国际,2017-07-21,STRUCTURAL_DIVERGENCE,Deteriorating,Consolidation,53.38247710877785,COST_DISADVANTAGE,High,BULLISH_WARNING,55.0,Aligned,risk_on,结构:STRUCTURAL_DIVERGENCE(A/A-); 阶段:Deteriorating(B); 触发:Consolidation(C); 置信度:High,PASSED,C,fallback
00354,中软国际,2017-07-28,STRUCTURAL_DIVERGENCE,Deteriorating,Consolidation,53.38247710877785,COST_DISADVANTAGE,High,BULLISH_WARNING,55.0,Aligned,risk_on,结构:STRUCTURAL_DIVERGENCE(A/A-); 阶段:Deteriorating(B); 触发:Consolidation(C); 置信度:High,PASSED,C,fallback
00354,中软国际,2017-08-04,STRUCTURAL_DIVERGENCE,Improving,Consolidation,43.99711953743038,COST_DISADVANTAGE,High,BULLISH_WARNING,55.0,Aligned,risk_on,结构:STRUCTURAL_DIVERGENCE(A/A-); 阶段:Improving(B); 触发:Consolidation(C); 置信度:High,PASSED,C,fallback
00354,中软国际,2017-08-11,STRUCTURAL_DIVERGENCE,Improving,Consolidation,43.99711953743038,COST_DISADVANTAGE,High,BULLISH_WARNING,55.0,Aligned,risk_on,结构:STRUCTURAL_DIVERGENCE(A/A-); 阶段:Improving(B); 触发:Consolidation(C); 置信度:High,PASSED,C,fallback
00354,中软国际,2017-08-18,STRUCTURAL_BOTTOM_CANDIDATE,Improving,Consolidation,43.99711953743038,COST_DISADVANTAGE,Medium,BULLISH_WARNING,55.0,Aligned,risk_on,结构:STRUCTURAL_BOTTOM_CANDIDATE(A/A-); 阶段:Improving(B); 触发:Consolidation(C); 置信度:Medium,PASSED,C,fallback
00354,中软国际,2017-08-25,STRUCTURAL_BOTTOM_CANDIDATE,Improving,Consolidation,43.99711953743038,COST_DISADVANTAGE,Medium,BULLISH_WARNING,55.0,Aligned,risk_on,结构:STRUCTURAL_BOTTOM_CANDIDATE(A/A-); 阶段:Improving(B); 触发:Consolidation(C); 置信度:Medium,PASSED,C,fallback
00354,中软国际,2017-09-01,STRUCTURAL_BOTTOM_CANDIDATE,Deteriorating,Consolidation,55.24869278934829,COST_DISADVANTAGE,High,BULLISH_WARNING,55.0,Aligned,risk_on,结构:STRUCTURAL_BOTTOM_CANDIDATE(A/A-); 阶段:Deteriorating(B); 触发:Consolidation(C); 置信度:High,PASSED,C,fallback
00354,中软国际,2017-09-08,STRUCTURAL_BOTTOM_CANDIDATE,Deteriorating,Consolidation,55.24869278934829,COST_DISADVANTAGE,High,BULLISH_WARNING,55.0,Aligned,risk_on,结构:STRUCTURAL_BOTTOM_CANDIDATE(A/A-); 阶段:Deteriorating(B); 触发:Consolidation(C); 置信度:High,PASSED,C,fallback
00354,中软国际,2017-09-15,STRUCTURAL_BOTTOM_CANDIDATE,Deteriorating,Consolidation,55.24869278934829,COST_DISADVANTAGE,High,BULLISH_WARNING,55.0,Aligned,risk_on,结构:STRUCTURAL_BOTTOM_CANDIDATE(A/A-); 阶段:Deteriorating(B); 触发:Consolidation(C); 置信度:High,PASSED,C,fallback
00354,中软国际,2017-09-22,STRUCTURAL_BOTTOM_CANDIDATE,Deteriorating,Consolidation,55.24869278934829,COST_DISADVANTAGE,High,BULLISH_WARNING,55.0,Aligned,risk_on,结构:STRUCTURAL_BOTTOM_CANDIDATE(A/A-); 阶段:Deteriorating(B); 触发:Consolidation(C); 置信度:High,PASSED,C,fallback
00354,中软国际,2017-09-29,STRUCTURAL_BOTTOM_CANDIDATE,Deteriorating,Pullback,55.24869278934829,COST_DISADVANTAGE,High,BULLISH_WARNING,55.0,Aligned,risk_on,结构:STRUCTURAL_BOTTOM_CANDIDATE(A/A-); 阶段:Deteriorating(B); 触发:Pullback(C); 置信度:High,PASSED,C,fallback
00354,中软国际,2017-10-06,STRUCTURAL_BOTTOM_CANDIDATE,Improving,Consolidation,40.88136251072382,COST_DISADVANTAGE,Medium,BULLISH_WARNING,55.0,Aligned,risk_on,结构:STRUCTURAL_BOTTOM_CANDIDATE(A/A-); 阶段:Improving(B); 触发:Consolidation(C); 置信度:Medium,PASSED,C,fallback
00354,中软国际,2017-10-13,STRUCTURAL_BOTTOM_CANDIDATE,Improving,Consolidation,40.88136251072382,COST_DISADVANTAGE,Medium,BULLISH_WARNING,55.0,Aligned,risk_on,结构:STRUCTURAL_BOTTOM_CANDIDATE(A/A-); 阶段:Improving(B); 触发:Consolidation(C); 置信度:Medium,PASSED,C,fallback
00354,中软国际,2017-10-20,STRUCTURAL_BOTTOM_CANDIDATE,Improving,Consolidation,40.88136251072382,COST_DISADVANTAGE,Medium,BULLISH_WARNING,55.0,Aligned,risk_on,结构:STRUCTURAL_BOTTOM_CANDIDATE(A/A-); 阶段:Improving(B); 触发:Consolidation(C); 置信度:Medium,PASSED,C,fallback
00354,中软国际,2017-10-27,STRUCTURAL_BOTTOM_CANDIDATE,Improving,Consolidation,40.88136251072382,COST_DISADVANTAGE,Medium,BULLISH_WARNING,55.0,Aligned,risk_on,结构:STRUCTURAL_BOTTOM_CANDIDATE(A/A-); 阶段:Improving(B); 触发:Consolidation(C); 置信度:Medium,PASSED,C,fallback
00354,中软国际,2017-11-03,STRUCTURAL_BOTTOM_CANDIDATE,Improving,Consolidation,49.02291080171743,COST_DISADVANTAGE,High,BULLISH_WARNING,55.0,Aligned,risk_on,结构:STRUCTURAL_BOTTOM_CANDIDATE(A/A-); 阶段:Improving(B); 触发:Consolidation(C); 置信度:High,PASSED,C,fallback
00354,中软国际,2017-11-10,STRUCTURAL_BOTTOM_CANDIDATE,Improving,Pullback,49.02291080171743,COST_DISADVANTAGE,High,BULLISH_WARNING,55.0,Aligned,risk_on,结构:STRUCTURAL_BOTTOM_CANDIDATE(A/A-); 阶段:Improving(B); 触发:Pullback(C); 置信度:High,PASSED,C,fallback
00354,中软国际,2017-11-17,STRUCTURAL_ACCUMULATION,Improving,Consolidation,49.02291080171743,COST_DISADVANTAGE,Medium,BULLISH_STABLE,75.0,Aligned,risk_on,结构:STRUCTURAL_ACCUMULATION(A/A-); 阶段:Improving(B); 触发:Consolidation(C); 置信度:Medium,PASSED,C,matrix
00354,中软国际,2017-11-24,STRUCTURAL_ACCUMULATION,Improving,Consolidation,49.02291080171743,COST_DISADVANTAGE,Medium,BULLISH_STABLE,75.0,Aligned,risk_on,结构:STRUCTURAL_ACCUMULATION(A/A-); 阶段:Improving(B); 触发:Consolidation(C); 置信度:Medium,PASSED,C,matrix
00354,中软国际,2017-12-01,STRUCTURAL_ACCUMULATION,Stable,Consolidation,37.03178202301656,COST_NEUTRAL,Medium,BULLISH_STABLE,75.0,Aligned,risk_on,结构:STRUCTURAL_ACCUMULATION(A/A-); 阶段:Stable(B); 触发:Consolidation(C); 置信度:Medium,PASSED,C,fallback
00354,中软国际,2017-12-08,STRUCTURAL_ACCUMULATION,Stable,Pullback,37.03178202301656,COST_NEUTRAL,Medium,BULLISH_STABLE,75.0,Aligned,risk_on,结构:STRUCTURAL_ACCUMULATION(A/A-); 阶段:Stable(B); 触发:Pullback(C); 置信度:Medium,PASSED,C,fallback
00354,中软国际,2017-12-15,STRUCTURAL_ACCUMULATION,Stable,Consolidation,37.03178202301656,COST_NEUTRAL,Medium,BULLISH_STABLE,75.0,Aligned,risk_on,结构:STRUCTURAL_ACCUMULATION(A/A-); 阶段:Stable(B); 触发:Consolidation(C); 置信度:Medium,PASSED,C,fallback
00354,中软国际,2017-12-22,STRUCTURAL_ACCUMULATION,Stable,Consolidation,37.03178202301656,COST_NEUTRAL,Medium,BULLISH_STABLE,75.0,Aligned,risk_on,结构:STRUCTURAL_ACCUMULATION(A/A-); 阶段:Stable(B); 触发:Consolidation(C); 置信度:Medium,PASSED,C,fallback
00354,中软国际,2017-12-29,STRUCTURAL_ACCUMULATION,Stable,Consolidation,37.03178202301656,COST_NEUTRAL,Medium,BULLISH_STABLE,75.0,Aligned,risk_on,结构:STRUCTURAL_ACCUMULATION(A/A-); 阶段:Stable(B); 触发:Consolidation(C); 置信度:Medium,PASSED,C,fallback
00354,中软国际,2018-01-05,STRUCTURAL_ACCUMULATION,Improving,Consolidation,58.91609737520578,COST_NEUTRAL,High,BULLISH_STABLE,75.0,Aligned,risk_on,结构:STRUCTURAL_ACCUMULATION(A/A-); 阶段:Improving(B); 触发:Consolidation(C); 置信度:High,PASSED,C,matrix
00354,中软国际,2018-01-12,STRUCTURAL_ACCUMULATION,Improving,Consolidation,58.91609737520578,COST_NEUTRAL,High,BULLISH_STABLE,75.0,Aligned,risk_on,结构:STRUCTURAL_ACCUMULATION(A/A-); 阶段:Improving(B); 触发:Consolidation(C); 置信度:High,PASSED,C,matrix
00354,中软国际,2018-01-19,STRUCTURAL_ACCUMULATION,Improving,Consolidation,58.91609737520578,COST_NEUTRAL,High,BULLISH_STABLE,75.0,Aligned,risk_on,结构:STRUCTURAL_ACCUMULATION(A/A-); 阶段:Improving(B); 触发:Consolidation(C); 置信度:High,PASSED,C,matrix
00354,中软国际,2018-01-26,STRUCTURAL_ACCUMULATION,Improving,Consolidation,58.91609737520578,COST_NEUTRAL,High,BULLISH_STABLE,75.0,Aligned,risk_on,结构:STRUCTURAL_ACCUMULATION(A/A-); 阶段:Improving(B); 触发:Consolidation(C); 置信度:High,PASSED,C,matrix
00354,中软国际,2018-02-02,STRUCTURAL_ACCUMULATION,Improving,Consolidation,53.04097753267983,COST_NEUTRAL,Medium,BULLISH_STABLE,75.0,Aligned,risk_on,结构:STRUCTURAL_ACCUMULATION(A/A-); 阶段:Improving(B); 触发:Consolidation(C); 置信度:Medium,PASSED,C,matrix
00354,中软国际,2018-02-09,STRUCTURAL_ACCUMULATION,Improving,Consolidation,53.04097753267983,COST_NEUTRAL,Medium,BULLISH_STABLE,75.0,Aligned,risk_off,结构:STRUCTURAL_ACCUMULATION(A/A-); 阶段:Improving(B); 触发:Consolidation(C); 置信度:Medium,PASSED,C,matrix
00354,中软国际,2018-02-16,STRUCTURAL_ACCUMULATION,Improving,Consolidation,53.04097753267983,COST_NEUTRAL,High,BULLISH_STABLE,75.0,Aligned,risk_on,结构:STRUCTURAL_ACCUMULATION(A/A-); 阶段:Improving(B); 触发:Consolidation(C); 置信度:High,PASSED,C,matrix
00354,中软国际,2018-02-23,STRUCTURAL_ACCUMULATION,Improving,Consolidation,53.04097753267983,COST_NEUTRAL,High,BULLISH_STABLE,75.0,Aligned,risk_on,结构:STRUCTURAL_ACCUMULATION(A/A-); 阶段:Improving(B); 触发:Consolidation(C); 置信度:High,PASSED,C,matrix
00354,中软国际,2018-03-02,STRUCTURAL_ACCUMULATION,Improving,Consolidation,60.73843773947271,COST_ADVANTAGE,High,BULLISH_STABLE,75.0,Aligned,risk_off,结构:STRUCTURAL_ACCUMULATION(A/A-); 阶段:Improving(B); 触发:Consolidation(C); 置信度:High,PASSED,C,matrix
00354,中软国际,2018-03-09,STRUCTURAL_ACCUMULATION,Improving,Consolidation,60.73843773947271,COST_ADVANTAGE,High,BULLISH_STABLE,75.0,Aligned,risk_on,结构:STRUCTURAL_ACCUMULATION(A/A-); 阶段:Improving(B); 触发:Consolidation(C); 置信度:High,PASSED,C,matrix
00354,中软国际,2018-03-16,STRUCTURAL_ACCUMULATION,Improving,Consolidation,60.73843773947271,COST_ADVANTAGE,High,BULLISH_STABLE,75.0,Aligned,risk_on,结构:STRUCTURAL_ACCUMULATION(A/A-); 阶段:Improving(B); 触发:Consolidation(C); 置信度:High,PASSED,C,matrix
00354,中软国际,2018-03-23,STRUCTURAL_ACCUMULATION,Improving,Consolidation,60.73843773947271,COST_ADVANTAGE,High,BULLISH_STABLE,75.0,Aligned,risk_off,结构:STRUCTURAL_ACCUMULATION(A/A-); 阶段:Improving(B); 触发:Consolidation(C); 置信度:High,PASSED,C,matrix
00354,中软国际,2018-03-30,STRUCTURAL_ACCUMULATION,Improving,Consolidation,60.73843773947271,COST_ADVANTAGE,High,BULLISH_STABLE,75.0,Aligned,risk_off,结构:STRUCTURAL_ACCUMULATION(A/A-); 阶段:Improving(B); 触发:Consolidation(C); 置信度:High,PASSED,C,matrix
00354,中软国际,2018-04-06,STRUCTURAL_ACCUMULATION,Deteriorating,Consolidation,33.31964144507205,COST_ADVANTAGE,Medium,BULLISH_STABLE,75.0,Divergence,risk_off,结构:STRUCTURAL_ACCUMULATION(A/A-); 阶段:Deteriorating(B); 触发:Consolidation(C); 置信度:Medium,PASSED,C,fallback
00354,中软国际,2018-04-13,STRUCTURAL_ACCUMULATION,Deteriorating,Consolidation,33.31964144507205,COST_ADVANTAGE,Medium,BULLISH_STABLE,75.0,Divergence,neutral,结构:STRUCTURAL_ACCUMULATION(A/A-); 阶段:Deteriorating(B); 触发:Consolidation(C); 置信度:Medium,PASSED,C,fallback
00354,中软国际,2018-04-20,STRUCTURAL_ACCUMULATION,Deteriorating,Pullback,33.31964144507205,COST_ADVANTAGE,Medium,BULLISH_STABLE,75.0,Divergence,risk_off,结构:STRUCTURAL_ACCUMULATION(A/A-); 阶段:Deteriorating(B); 触发:Pullback(C); 置信度:Medium,PASSED,C,fallback
00354,中软国际,2018-04-27,STRUCTURAL_ACCUMULATION,Deteriorating,Consolidation,33.31964144507205,COST_ADVANTAGE,Medium,BULLISH_STABLE,75.0,Divergence,risk_off,结构:STRUCTURAL_ACCUMULATION(A/A-); 阶段:Deteriorating(B); 触发:Consolidation(C); 置信度:Medium,PASSED,C,fallback
00354,中软国际,2018-05-04,STRUCTURAL_ACCUMULATION,Deteriorating,Pullback,29.427126342691558,COST_DISADVANTAGE,Medium,BULLISH_STABLE,75.0,Divergence,risk_off,结构:STRUCTURAL_ACCUMULATION(A/A-); 阶段:Deteriorating(B); 触发:Pullback(C); 置信度:Medium,PASSED,C,fallback
00354,中软国际,2018-05-11,STRUCTURAL_ACCUMULATION,Deteriorating,Consolidation,29.427126342691558,COST_DISADVANTAGE,Medium,BULLISH_STABLE,75.0,Divergence,risk_on,结构:STRUCTURAL_ACCUMULATION(A/A-); 阶段:Deteriorating(B); 触发:Consolidation(C); 置信度:Medium,PASSED,C,fallback
00354,中软国际,2018-05-18,STRUCTURAL_ACCUMULATION,Deteriorating,Consolidation,29.427126342691558,COST_DISADVANTAGE,Medium,BULLISH_STABLE,75.0,Divergence,neutral,结构:STRUCTURAL_ACCUMULATION(A/A-); 阶段:Deteriorating(B); 触发:Consolidation(C); 置信度:Medium,PASSED,C,fallback
00354,中软国际,2018-05-25,STRUCTURAL_ACCUMULATION,Deteriorating,Consolidation,29.427126342691558,COST_DISADVANTAGE,Medium,BULLISH_STABLE,75.0,Divergence,risk_off,结构:STRUCTURAL_ACCUMULATION(A/A-); 阶段:Deteriorating(B); 触发:Consolidation(C); 置信度:Medium,PASSED,C,fallback
00354,中软国际,2018-06-01,STRUCTURAL_ACCUMULATION,Stable,Pullback,34.52281185003241,COST_NEUTRAL,Medium,BULLISH_STABLE,75.0,Aligned,neutral,结构:STRUCTURAL_ACCUMULATION(A/A-); 阶段:Stable(B); 触发:Pullback(C); 置信度:Medium,PASSED,C,fallback
00354,中软国际,2018-06-08,STRUCTURAL_ACCUMULATION,Stable,Consolidation,34.52281185003241,COST_NEUTRAL,Medium,BULLISH_STABLE,75.0,Aligned,neutral,结构:STRUCTURAL_ACCUMULATION(A/A-); 阶段:Stable(B); 触发:Consolidation(C); 置信度:Medium,PASSED,C,fallback
00354,中软国际,2018-06-15,STRUCTURAL_ACCUMULATION,Stable,Consolidation,34.52281185003241,COST_NEUTRAL,Medium,BULLISH_STABLE,75.0,Aligned,risk_off,结构:STRUCTURAL_ACCUMULATION(A/A-); 阶段:Stable(B); 触发:Consolidation(C); 置信度:Medium,PASSED,C,fallback
00354,中软国际,2018-06-22,STRUCTURAL_ACCUMULATION,Stable,Pullback,34.52281185003241,COST_NEUTRAL,Medium,BULLISH_STABLE,75.0,Aligned,risk_off,结构:STRUCTURAL_ACCUMULATION(A/A-); 阶段:Stable(B); 触发:Pullback(C); 置信度:Medium,PASSED,C,fallback
00354,中软国际,2018-06-29,STRUCTURAL_ACCUMULATION,Stable,Consolidation,34.52281185003241,COST_NEUTRAL,Medium,BULLISH_STABLE,75.0,Aligned,risk_off,结构:STRUCTURAL_ACCUMULATION(A/A-); 阶段:Stable(B); 触发:Consolidation(C); 置信度:Medium,PASSED,C,fallback
00354,中软国际,2018-07-06,STRUCTURAL_ACCUMULATION,Deteriorating,Consolidation,41.67389073738498,COST_DISADVANTAGE,Medium,BULLISH_STABLE,75.0,Divergence,risk_off,结构:STRUCTURAL_ACCUMULATION(A/A-); 阶段:Deteriorating(B); 触发:Consolidation(C); 置信度:Medium,PASSED,C,fallback
00354,中软国际,2018-07-13,STRUCTURAL_ACCUMULATION,Deteriorating,Consolidation,41.67389073738498,COST_DISADVANTAGE,Medium,BULLISH_STABLE,75.0,Divergence,risk_off,结构:STRUCTURAL_ACCUMULATION(A/A-); 阶段:Deteriorating(B); 触发:Consolidation(C); 置信度:Medium,PASSED,C,fallback
00354,中软国际,2018-07-20,STRUCTURAL_ACCUMULATION,Deteriorating,Pullback,41.67389073738498,COST_DISADVANTAGE,Medium,BULLISH_STABLE,75.0,Divergence,risk_off,结构:STRUCTURAL_ACCUMULATION(A/A-); 阶段:Deteriorating(B); 触发:Pullback(C); 置信度:Medium,PASSED,C,fallback
00354,中软国际,2018-07-27,STRUCTURAL_ACCUMULATION,Deteriorating,Consolidation,41.67389073738498,COST_DISADVANTAGE,Medium,BULLISH_STABLE,75.0,Divergence,risk_off,结构:STRUCTURAL_ACCUMULATION(A/A-); 阶段:Deteriorating(B); 触发:Consolidation(C); 置信度:Medium,PASSED,C,fallback
00354,中软国际,2018-08-03,STRUCTURAL_ACCUMULATION,Stable,Consolidation,52.90265508244313,COST_DISADVANTAGE,High,BULLISH_STABLE,75.0,Aligned,risk_off,结构:STRUCTURAL_ACCUMULATION(A/A-); 阶段:Stable(B); 触发:Consolidation(C); 置信度:High,PASSED,C,fallback
00354,中软国际,2018-08-10,STRUCTURAL_ACCUMULATION,Stable,Consolidation,52.90265508244313,COST_DISADVANTAGE,High,BULLISH_STABLE,75.0,Aligned,risk_off,结构:STRUCTURAL_ACCUMULATION(A/A-); 阶段:Stable(B); 触发:Consolidation(C); 置信度:High,PASSED,C,fallback
00354,中软国际,2018-08-17,STRUCTURAL_ACCUMULATION,Stable,Consolidation,52.90265508244313,COST_DISADVANTAGE,High,BULLISH_STABLE,75.0,Aligned,risk_off,结构:STRUCTURAL_ACCUMULATION(A/A-); 阶段:Stable(B); 触发:Consolidation(C); 置信度:High,PASSED,C,fallback
00354,中软国际,2018-08-24,STRUCTURAL_ACCUMULATION,Stable,Consolidation,52.90265508244313,COST_DISADVANTAGE,High,BULLISH_STABLE,75.0,Aligned,risk_off,结构:STRUCTURAL_ACCUMULATION(A/A-); 阶段:Stable(B); 触发:Consolidation(C); 置信度:High,PASSED,C,fallback
00354,中软国际,2018-08-31,STRUCTURAL_ACCUMULATION,Stable,Consolidation,35.70159350217669,COST_DISADVANTAGE,Medium,BULLISH_STABLE,75.0,Aligned,risk_off,结构:STRUCTURAL_ACCUMULATION(A/A-); 阶段:Stable(B); 触发:Consolidation(C); 置信度:Medium,PASSED,C,fallback
00354,中软国际,2018-09-07,STRUCTURAL_ACCUMULATION,Stable,Consolidation,35.70159350217669,COST_DISADVANTAGE,Medium,BULLISH_STABLE,75.0,Aligned,risk_off,结构:STRUCTURAL_ACCUMULATION(A/A-); 阶段:Stable(B); 触发:Consolidation(C); 置信度:Medium,PASSED,C,fallback
00354,中软国际,2018-09-14,STRUCTURAL_ACCUMULATION,Stable,Consolidation,35.70159350217669,COST_DISADVANTAGE,Medium,BULLISH_STABLE,75.0,Aligned,risk_off,结构:STRUCTURAL_ACCUMULATION(A/A-); 阶段:Stable(B); 触发:Consolidation(C); 置信度:Medium,PASSED,C,fallback
00354,中软国际,2018-09-21,STRUCTURAL_ACCUMULATION,Stable,Consolidation,35.70159350217669,COST_DISADVANTAGE,Medium,BULLISH_STABLE,75.0,Aligned,neutral,结构:STRUCTURAL_ACCUMULATION(A/A-); 阶段:Stable(B); 触发:Consolidation(C); 置信度:Medium,PASSED,C,fallback
00354,中软国际,2018-09-28,STRUCTURAL_ACCUMULATION,Stable,Consolidation,35.70159350217669,COST_DISADVANTAGE,Medium,BULLISH_STABLE,75.0,Aligned,neutral,结构:STRUCTURAL_ACCUMULATION(A/A-); 阶段:Stable(B); 触发:Consolidation(C); 置信度:Medium,PASSED,C,fallback
00354,中软国际,2018-10-05,STRUCTURAL_ACCUMULATION,Deteriorating,Breakdown,52.914139199710476,COST_DISADVANTAGE,High,BULLISH_WARNING,55.0,Divergence,risk_off,结构:STRUCTURAL_ACCUMULATION(A/A-); 阶段:Deteriorating(B); 触发:Breakdown(C); 置信度:High,PASSED,C,matrix
00354,中软国际,2018-10-12,STRUCTURAL_ACCUMULATION,Deteriorating,Breakdown,52.914139199710476,COST_DISADVANTAGE,High,BULLISH_WARNING,55.0,Divergence,risk_off,结构:STRUCTURAL_ACCUMULATION(A/A-); 阶段:Deteriorating(B); 触发:Breakdown(C); 置信度:High,PASSED,C,matrix
00354,中软国际,2018-10-19,STRUCTURAL_ACCUMULATION,Deteriorating,Consolidation,52.914139199710476,COST_DISADVANTAGE,High,BULLISH_STABLE,75.0,Divergence,risk_off,结构:STRUCTURAL_ACCUMULATION(A/A-); 阶段:Deteriorating(B); 触发:Consolidation(C); 置信度:High,PASSED,C,fallback
00354,中软国际,2018-10-26,STRUCTURAL_ACCUMULATION,Deteriorating,Consolidation,52.914139199710476,COST_DISADVANTAGE,High,BULLISH_STABLE,75.0,Divergence,risk_off,结构:STRUCTURAL_ACCUMULATION(A/A-); 阶段:Deteriorating(B); 触发:Consolidation(C); 置信度:High,PASSED,C,fallback
00354,中软国际,2018-11-02,STRUCTURAL_ACCUMULATION,Stable,Consolidation,41.265012053492406,COST_DISADVANTAGE,High,BULLISH_STABLE,75.0,Aligned,risk_off,结构:STRUCTURAL_ACCUMULATION(A/A-); 阶段:Stable(B); 触发:Consolidation(C); 置信度:High,PASSED,C,fallback
00354,中软国际,2018-11-09,STRUCTURAL_ACCUMULATION,Stable,Consolidation,41.265012053492406,COST_DISADVANTAGE,High,BULLISH_STABLE,75.0,Aligned,risk_off,结构:STRUCTURAL_ACCUMULATION(A/A-); 阶段:Stable(B); 触发:Consolidation(C); 置信度:High,PASSED,C,fallback
00354,中软国际,2018-11-16,STRUCTURAL_DECLINE,Stable,Consolidation,41.265012053492406,COST_DISADVANTAGE,Low,BEARISH_CONFIRMED,20.0,Aligned,risk_off,结构:STRUCTURAL_DECLINE(A/A-); 阶段:Stable(B); 触发:Consolidation(C); 置信度:Low,PASSED,C,fallback
00354,中软国际,2018-11-23,STRUCTURAL_DECLINE,Stable,Consolidation,41.265012053492406,COST_DISADVANTAGE,Low,BEARISH_CONFIRMED,20.0,Aligned,risk_off,结构:STRUCTURAL_DECLINE(A/A-); 阶段:Stable(B); 触发:Consolidation(C); 置信度:Low,PASSED,C,fallback
00354,中软国际,2018-11-30,STRUCTURAL_DECLINE,Stable,Consolidation,51.626339602061165,COST_DISADVANTAGE,Low,BEARISH_CONFIRMED,20.0,Aligned,risk_off,结构:STRUCTURAL_DECLINE(A/A-); 阶段:Stable(B); 触发:Consolidation(C); 置信度:Low,PASSED,C,fallback
00354,中软国际,2018-12-07,STRUCTURAL_DECLINE,Stable,Consolidation,51.626339602061165,COST_DISADVANTAGE,Low,BEARISH_CONFIRMED,20.0,Aligned,neutral,结构:STRUCTURAL_DECLINE(A/A-); 阶段:Stable(B); 触发:Consolidation(C); 置信度:Low,PASSED,C,fallback
00354,中软国际,2018-12-14,STRUCTURAL_DECLINE,Stable,Consolidation,51.626339602061165,COST_DISADVANTAGE,Low,BEARISH_CONFIRMED,20.0,Aligned,risk_off,结构:STRUCTURAL_DECLINE(A/A-); 阶段:Stable(B); 触发:Consolidation(C); 置信度:Low,PASSED,C,fallback
00354,中软国际,2018-12-21,STRUCTURAL_DECLINE,Stable,Consolidation,51.626339602061165,COST_DISADVANTAGE,Low,BEARISH_CONFIRMED,20.0,Aligned,risk_off,结构:STRUCTURAL_DECLINE(A/A-); 阶段:Stable(B); 触发:Consolidation(C); 置信度:Low,PASSED,C,fallback
00354,中软国际,2018-12-28,STRUCTURAL_DECLINE,Stable,Consolidation,51.626339602061165,COST_DISADVANTAGE,Low,BEARISH_CONFIRMED,20.0,Aligned,risk_off,结构:STRUCTURAL_DECLINE(A/A-); 阶段:Stable(B); 触发:Consolidation(C); 置信度:Low,PASSED,C,fallback
00354,中软国际,2019-01-04,STRUCTURAL_DECLINE,Deteriorating,Breakdown,36.9440166668773,COST_DISADVANTAGE,Low,BEARISH_CONFIRMED,20.0,Aligned,risk_off,结构:STRUCTURAL_DECLINE(A/A-); 阶段:Deteriorating(B); 触发:Breakdown(C); 置信度:Low,PASSED,C,matrix
00354,中软国际,2019-01-11,STRUCTURAL_DECLINE,Deteriorating,Consolidation,36.9440166668773,COST_DISADVANTAGE,Low,BEARISH_CONFIRMED,20.0,Aligned,risk_on,结构:STRUCTURAL_DECLINE(A/A-); 阶段:Deteriorating(B); 触发:Consolidation(C); 置信度:Low,PASSED,C,fallback
00354,中软国际,2019-01-18,STRUCTURAL_DECLINE,Deteriorating,Consolidation,36.9440166668773,COST_DISADVANTAGE,Low,BEARISH_CONFIRMED,20.0,Aligned,risk_on,结构:STRUCTURAL_DECLINE(A/A-); 阶段:Deteriorating(B); 触发:Consolidation(C); 置信度:Low,PASSED,C,fallback
00354,中软国际,2019-01-25,STRUCTURAL_DECLINE,Deteriorating,Consolidation,36.9440166668773,COST_DISADVANTAGE,Low,BEARISH_CONFIRMED,20.0,Aligned,risk_on,结构:STRUCTURAL_DECLINE(A/A-); 阶段:Deteriorating(B); 触发:Consolidation(C); 置信度:Low,PASSED,C,fallback
00354,中软国际,2019-02-01,STRUCTURAL_DECLINE,Deteriorating,Consolidation,32.03237157520252,COST_DISADVANTAGE,Low,BEARISH_CONFIRMED,20.0,Aligned,risk_on,结构:STRUCTURAL_DECLINE(A/A-); 阶段:Deteriorating(B); 触发:Consolidation(C); 置信度:Low,PASSED,C,fallback
00354,中软国际,2019-02-08,STRUCTURAL_DECLINE,Deteriorating,Consolidation,32.03237157520252,COST_DISADVANTAGE,Low,BEARISH_CONFIRMED,20.0,Aligned,risk_on,结构:STRUCTURAL_DECLINE(A/A-); 阶段:Deteriorating(B); 触发:Consolidation(C); 置信度:Low,PASSED,C,fallback
00354,中软国际,2019-02-15,STRUCTURAL_DECLINE,Deteriorating,Consolidation,32.03237157520252,COST_DISADVANTAGE,Low,BULLISH_WARNING,55.0,Aligned,risk_on,结构:STRUCTURAL_DECLINE(A/A-); 阶段:Deteriorating(B); 触发:Consolidation(C); 置信度:Low,PASSED,C,tactical_override
00354,中软国际,2019-02-22,STRUCTURAL_DECLINE,Deteriorating,Consolidation,32.03237157520252,COST_DISADVANTAGE,Low,BULLISH_WARNING,55.0,Aligned,risk_on,结构:STRUCTURAL_DECLINE(A/A-); 阶段:Deteriorating(B); 触发:Consolidation(C); 置信度:Low,PASSED,C,tactical_override
00354,中软国际,2019-03-01,STRUCTURAL_DECLINE,Stable,Consolidation,30.322967230046373,COST_NEUTRAL,Low,BULLISH_WARNING,55.0,Aligned,risk_on,结构:STRUCTURAL_DECLINE(A/A-); 阶段:Stable(B); 触发:Consolidation(C); 置信度:Low,PASSED,C,tactical_override
00354,中软国际,2019-03-08,STRUCTURAL_DECLINE,Stable,Consolidation,30.322967230046373,COST_NEUTRAL,Low,BULLISH_WARNING,55.0,Aligned,risk_on,结构:STRUCTURAL_DECLINE(A/A-); 阶段:Stable(B); 触发:Consolidation(C); 置信度:Low,PASSED,C,tactical_override
00354,中软国际,2019-03-15,STRUCTURAL_DECLINE,Stable,Consolidation,30.322967230046373,COST_NEUTRAL,Low,BULLISH_WARNING,55.0,Aligned,risk_on,结构:STRUCTURAL_DECLINE(A/A-); 阶段:Stable(B); 触发:Consolidation(C); 置信度:Low,PASSED,C,tactical_override
00354,中软国际,2019-03-22,STRUCTURAL_DECLINE,Stable,Consolidation,30.322967230046373,COST_NEUTRAL,Low,BULLISH_WARNING,55.0,Aligned,risk_on,结构:STRUCTURAL_DECLINE(A/A-); 阶段:Stable(B); 触发:Consolidation(C); 置信度:Low,PASSED,C,tactical_override
00354,中软国际,2019-03-29,STRUCTURAL_DECLINE,Stable,Consolidation,30.322967230046373,COST_NEUTRAL,Low,BULLISH_WARNING,55.0,Aligned,risk_on,结构:STRUCTURAL_DECLINE(A/A-); 阶段:Stable(B); 触发:Consolidation(C); 置信度:Low,PASSED,C,tactical_override
00354,中软国际,2019-04-05,STRUCTURAL_DECLINE,Deteriorating,Consolidation,29.582440763828036,COST_NEUTRAL,Low,BULLISH_WARNING,55.0,Aligned,risk_on,结构:STRUCTURAL_DECLINE(A/A-); 阶段:Deteriorating(B); 触发:Consolidation(C); 置信度:Low,PASSED,C,tactical_override
00354,中软国际,2019-04-12,STRUCTURAL_DECLINE,Deteriorating,Pullback,29.582440763828036,COST_NEUTRAL,Low,BULLISH_WARNING,55.0,Aligned,risk_on,结构:STRUCTURAL_DECLINE(A/A-); 阶段:Deteriorating(B); 触发:Pullback(C); 置信度:Low,PASSED,C,tactical_override
00354,中软国际,2019-04-19,STRUCTURAL_DECLINE,Deteriorating,Pullback,29.582440763828036,COST_NEUTRAL,Low,BULLISH_WARNING,55.0,Aligned,risk_on,结构:STRUCTURAL_DECLINE(A/A-); 阶段:Deteriorating(B); 触发:Pullback(C); 置信度:Low,PASSED,C,tactical_override
00354,中软国际,2019-04-26,STRUCTURAL_DECLINE,Deteriorating,Consolidation,29.582440763828036,COST_NEUTRAL,Low,BULLISH_WARNING,55.0,Aligned,risk_on,结构:STRUCTURAL_DECLINE(A/A-); 阶段:Deteriorating(B); 触发:Consolidation(C); 置信度:Low,PASSED,C,tactical_override
00354,中软国际,2019-05-03,STRUCTURAL_DECLINE,Deteriorating,Consolidation,50.99685499945264,COST_DISADVANTAGE,Low,BULLISH_WARNING,55.0,Aligned,risk_on,结构:STRUCTURAL_DECLINE(A/A-); 阶段:Deteriorating(B); 触发:Consolidation(C); 置信度:Low,PASSED,C,tactical_override
00354,中软国际,2019-05-10,STRUCTURAL_DECLINE,Deteriorating,Consolidation,50.99685499945264,COST_DISADVANTAGE,Low,BULLISH_WARNING,55.0,Aligned,neutral,结构:STRUCTURAL_DECLINE(A/A-); 阶段:Deteriorating(B); 触发:Consolidation(C); 置信度:Low,PASSED,C,tactical_override
00354,中软国际,2019-05-17,STRUCTURAL_DIVERGENCE,Deteriorating,Consolidation,50.99685499945264,COST_DISADVANTAGE,Low,BULLISH_WARNING,55.0,Aligned,neutral,结构:STRUCTURAL_DIVERGENCE(A/A-); 阶段:Deteriorating(B); 触发:Consolidation(C); 置信度:Low,PASSED,C,fallback
00354,中软国际,2019-05-24,STRUCTURAL_DIVERGENCE,Deteriorating,Consolidation,50.99685499945264,COST_DISADVANTAGE,Low,BULLISH_WARNING,55.0,Aligned,risk_off,结构:STRUCTURAL_DIVERGENCE(A/A-); 阶段:Deteriorating(B); 触发:Consolidation(C); 置信度:Low,PASSED,C,fallback
00354,中软国际,2019-05-31,STRUCTURAL_DIVERGENCE,Stable,Consolidation,40.63765591586421,COST_DISADVANTAGE,Low,BULLISH_WARNING,55.0,Aligned,risk_off,结构:STRUCTURAL_DIVERGENCE(A/A-); 阶段:Stable(B); 触发:Consolidation(C); 置信度:Low,PASSED,C,fallback
00354,中软国际,2019-06-07,STRUCTURAL_DIVERGENCE,Stable,Consolidation,40.63765591586421,COST_DISADVANTAGE,Low,BULLISH_WARNING,55.0,Aligned,risk_off,结构:STRUCTURAL_DIVERGENCE(A/A-); 阶段:Stable(B); 触发:Consolidation(C); 置信度:Low,PASSED,C,fallback
00354,中软国际,2019-06-14,STRUCTURAL_DIVERGENCE,Stable,Consolidation,40.63765591586421,COST_DISADVANTAGE,Low,BULLISH_WARNING,55.0,Aligned,risk_off,结构:STRUCTURAL_DIVERGENCE(A/A-); 阶段:Stable(B); 触发:Consolidation(C); 置信度:Low,PASSED,C,fallback
00354,中软国际,2019-06-21,STRUCTURAL_DIVERGENCE,Stable,Consolidation,40.63765591586421,COST_DISADVANTAGE,Low,BULLISH_WARNING,55.0,Aligned,risk_off,结构:STRUCTURAL_DIVERGENCE(A/A-); 阶段:Stable(B); 触发:Consolidation(C); 置信度:Low,PASSED,C,fallback
00354,中软国际,2019-06-28,STRUCTURAL_DIVERGENCE,Stable,Consolidation,40.63765591586421,COST_DISADVANTAGE,Low,BULLISH_WARNING,55.0,Aligned,neutral,结构:STRUCTURAL_DIVERGENCE(A/A-); 阶段:Stable(B); 触发:Consolidation(C); 置信度:Low,PASSED,C,fallback
00354,中软国际,2019-07-05,STRUCTURAL_DIVERGENCE,Improving,Consolidation,51.78320829883551,COST_DISADVANTAGE,Low,BULLISH_WARNING,55.0,Aligned,risk_off,结构:STRUCTURAL_DIVERGENCE(A/A-); 阶段:Improving(B); 触发:Consolidation(C); 置信度:Low,PASSED,C,fallback
00354,中软国际,2019-07-12,STRUCTURAL_DIVERGENCE,Improving,Consolidation,51.78320829883551,COST_DISADVANTAGE,Low,BULLISH_WARNING,55.0,Aligned,risk_off,结构:STRUCTURAL_DIVERGENCE(A/A-); 阶段:Improving(B); 触发:Consolidation(C); 置信度:Low,PASSED,C,fallback
00354,中软国际,2019-07-19,STRUCTURAL_DIVERGENCE,Improving,Consolidation,51.78320829883551,COST_DISADVANTAGE,Low,BULLISH_WARNING,55.0,Aligned,risk_off,结构:STRUCTURAL_DIVERGENCE(A/A-); 阶段:Improving(B); 触发:Consolidation(C); 置信度:Low,PASSED,C,fallback
00354,中软国际,2019-07-26,STRUCTURAL_DIVERGENCE,Improving,Consolidation,51.78320829883551,COST_DISADVANTAGE,Low,BULLISH_WARNING,55.0,Aligned,risk_off,结构:STRUCTURAL_DIVERGENCE(A/A-); 阶段:Improving(B); 触发:Consolidation(C); 置信度:Low,PASSED,C,fallback
00354,中软国际,2019-08-02,STRUCTURAL_DIVERGENCE,Improving,Consolidation,54.74190695463764,COST_DISADVANTAGE,Low,BULLISH_WARNING,55.0,Aligned,risk_off,结构:STRUCTURAL_DIVERGENCE(A/A-); 阶段:Improving(B); 触发:Consolidation(C); 置信度:Low,PASSED,C,fallback
00354,中软国际,2019-08-09,STRUCTURAL_DIVERGENCE,Improving,Consolidation,54.74190695463764,COST_DISADVANTAGE,Low,BULLISH_WARNING,55.0,Aligned,risk_off,结构:STRUCTURAL_DIVERGENCE(A/A-); 阶段:Improving(B); 触发:Consolidation(C); 置信度:Low,PASSED,C,fallback
00354,中软国际,2019-08-16,STRUCTURAL_DECLINE,Improving,Consolidation,54.74190695463764,COST_DISADVANTAGE,Low,BULLISH_WARNING,55.0,Divergence,risk_off,结构:STRUCTURAL_DECLINE(A/A-); 阶段:Improving(B); 触发:Consolidation(C); 置信度:Low,PASSED,C,tactical_override
00354,中软国际,2019-08-23,STRUCTURAL_DECLINE,Improving,Consolidation,54.74190695463764,COST_DISADVANTAGE,Low,BULLISH_WARNING,55.0,Divergence,risk_off,结构:STRUCTURAL_DECLINE(A/A-); 阶段:Improving(B); 触发:Consolidation(C); 置信度:Low,PASSED,C,tactical_override
00354,中软国际,2019-08-30,STRUCTURAL_DECLINE,Improving,Breakdown,54.74190695463764,COST_DISADVANTAGE,Low,BEARISH_CONFIRMED,20.0,Divergence,risk_off,结构:STRUCTURAL_DECLINE(A/A-); 阶段:Improving(B); 触发:Breakdown(C); 置信度:Low,PASSED,C,fallback
00354,中软国际,2019-09-06,STRUCTURAL_DECLINE,Stable,Consolidation,50.341622546662165,COST_DISADVANTAGE,Low,BULLISH_WARNING,55.0,Aligned,risk_off,结构:STRUCTURAL_DECLINE(A/A-); 阶段:Stable(B); 触发:Consolidation(C); 置信度:Low,PASSED,C,tactical_override
00354,中软国际,2019-09-13,STRUCTURAL_DECLINE,Stable,Consolidation,50.341622546662165,COST_DISADVANTAGE,Low,BULLISH_WARNING,55.0,Aligned,risk_off,结构:STRUCTURAL_DECLINE(A/A-); 阶段:Stable(B); 触发:Consolidation(C); 置信度:Low,PASSED,C,tactical_override
00354,中软国际,2019-09-20,STRUCTURAL_DECLINE,Stable,Consolidation,50.341622546662165,COST_DISADVANTAGE,Low,BULLISH_WARNING,55.0,Aligned,risk_off,结构:STRUCTURAL_DECLINE(A/A-); 阶段:Stable(B); 触发:Consolidation(C); 置信度:Low,PASSED,C,tactical_override
00354,中软国际,2019-09-27,STRUCTURAL_DECLINE,Stable,Consolidation,50.341622546662165,COST_DISADVANTAGE,Low,BULLISH_WARNING,55.0,Aligned,risk_off,结构:STRUCTURAL_DECLINE(A/A-); 阶段:Stable(B); 触发:Consolidation(C); 置信度:Low,PASSED,C,tactical_override
00354,中软国际,2019-10-04,STRUCTURAL_DECLINE,Improving,Consolidation,52.44236136999449,COST_DISADVANTAGE,Low,BULLISH_WARNING,55.0,Divergence,risk_off,结构:STRUCTURAL_DECLINE(A/A-); 阶段:Improving(B); 触发:Consolidation(C); 置信度:Low,PASSED,C,tactical_override
00354,中软国际,2019-10-11,STRUCTURAL_DECLINE,Improving,Consolidation,52.44236136999449,COST_DISADVANTAGE,Low,BULLISH_WARNING,55.0,Divergence,risk_off,结构:STRUCTURAL_DECLINE(A/A-); 阶段:Improving(B); 触发:Consolidation(C); 置信度:Low,PASSED,C,tactical_override
00354,中软国际,2019-10-18,STRUCTURAL_DECLINE,Improving,Consolidation,52.44236136999449,COST_DISADVANTAGE,Low,BULLISH_WARNING,55.0,Divergence,risk_off,结构:STRUCTURAL_DECLINE(A/A-); 阶段:Improving(B); 触发:Consolidation(C); 置信度:Low,PASSED,C,tactical_override
00354,中软国际,2019-10-25,STRUCTURAL_DECLINE,Improving,Consolidation,52.44236136999449,COST_DISADVANTAGE,Low,BULLISH_WARNING,55.0,Divergence,risk_off,结构:STRUCTURAL_DECLINE(A/A-); 阶段:Improving(B); 触发:Consolidation(C); 置信度:Low,PASSED,C,tactical_override
00354,中软国际,2019-11-01,STRUCTURAL_DECLINE,Deteriorating,Consolidation,61.80220500698266,COST_DISADVANTAGE,Low,BULLISH_WARNING,55.0,Aligned,risk_on,结构:STRUCTURAL_DECLINE(A/A-); 阶段:Deteriorating(B); 触发:Consolidation(C); 置信度:Low,PASSED,C,tactical_override
00354,中软国际,2019-11-08,STRUCTURAL_DECLINE,Deteriorating,Consolidation,61.80220500698266,COST_DISADVANTAGE,Low,BULLISH_WARNING,55.0,Aligned,risk_on,结构:STRUCTURAL_DECLINE(A/A-); 阶段:Deteriorating(B); 触发:Consolidation(C); 置信度:Low,PASSED,C,tactical_override
00354,中软国际,2019-11-15,STRUCTURAL_BOTTOM_CANDIDATE,Deteriorating,Consolidation,61.80220500698266,COST_DISADVANTAGE,Medium,BULLISH_WARNING,55.0,Aligned,neutral,结构:STRUCTURAL_BOTTOM_CANDIDATE(A/A-); 阶段:Deteriorating(B); 触发:Consolidation(C); 置信度:Medium,PASSED,C,fallback
00354,中软国际,2019-11-22,STRUCTURAL_BOTTOM_CANDIDATE,Deteriorating,Consolidation,61.80220500698266,COST_DISADVANTAGE,Medium,BULLISH_WARNING,55.0,Aligned,risk_on,结构:STRUCTURAL_BOTTOM_CANDIDATE(A/A-); 阶段:Deteriorating(B); 触发:Consolidation(C); 置信度:Medium,PASSED,C,fallback
00354,中软国际,2019-11-29,STRUCTURAL_BOTTOM_CANDIDATE,Deteriorating,Consolidation,61.80220500698266,COST_DISADVANTAGE,Medium,BULLISH_WARNING,55.0,Aligned,neutral,结构:STRUCTURAL_BOTTOM_CANDIDATE(A/A-); 阶段:Deteriorating(B); 触发:Consolidation(C); 置信度:Medium,PASSED,C,fallback
00354,中软国际,2019-12-06,STRUCTURAL_BOTTOM_CANDIDATE,Improving,Consolidation,48.308545210450845,COST_DISADVANTAGE,Medium,BULLISH_WARNING,55.0,Aligned,risk_off,结构:STRUCTURAL_BOTTOM_CANDIDATE(A/A-); 阶段:Improving(B); 触发:Consolidation(C); 置信度:Medium,PASSED,C,fallback
00354,中软国际,2019-12-13,STRUCTURAL_BOTTOM_CANDIDATE,Improving,Consolidation,48.308545210450845,COST_DISADVANTAGE,Medium,BULLISH_WARNING,55.0,Aligned,risk_on,结构:STRUCTURAL_BOTTOM_CANDIDATE(A/A-); 阶段:Improving(B); 触发:Consolidation(C); 置信度:Medium,PASSED,C,fallback
00354,中软国际,2019-12-20,STRUCTURAL_BOTTOM_CANDIDATE,Improving,Consolidation,48.308545210450845,COST_DISADVANTAGE,Medium,BULLISH_WARNING,55.0,Aligned,risk_on,结构:STRUCTURAL_BOTTOM_CANDIDATE(A/A-); 阶段:Improving(B); 触发:Consolidation(C); 置信度:Medium,PASSED,C,fallback
00354,中软国际,2019-12-27,STRUCTURAL_BOTTOM_CANDIDATE,Improving,Consolidation,48.308545210450845,COST_DISADVANTAGE,Medium,BULLISH_WARNING,55.0,Aligned,risk_on,结构:STRUCTURAL_BOTTOM_CANDIDATE(A/A-); 阶段:Improving(B); 触发:Consolidation(C); 置信度:Medium,PASSED,C,fallback
00354,中软国际,2020-01-03,STRUCTURAL_BOTTOM_CANDIDATE,Deteriorating,Consolidation,29.444890540309103,COST_NEUTRAL,Low,BULLISH_WARNING,55.0,Aligned,risk_on,结构:STRUCTURAL_BOTTOM_CANDIDATE(A/A-); 阶段:Deteriorating(B); 触发:Consolidation(C); 置信度:Low,PASSED,C,fallback
00354,中软国际,2020-01-10,STRUCTURAL_BOTTOM_CANDIDATE,Deteriorating,Consolidation,29.444890540309103,COST_NEUTRAL,Low,BULLISH_WARNING,55.0,Aligned,risk_on,结构:STRUCTURAL_BOTTOM_CANDIDATE(A/A-); 阶段:Deteriorating(B); 触发:Consolidation(C); 置信度:Low,PASSED,C,fallback
00354,中软国际,2020-01-17,STRUCTURAL_BOTTOM_CANDIDATE,Deteriorating,Consolidation,29.444890540309103,COST_NEUTRAL,Low,BULLISH_WARNING,55.0,Aligned,risk_on,结构:STRUCTURAL_BOTTOM_CANDIDATE(A/A-); 阶段:Deteriorating(B); 触发:Consolidation(C); 置信度:Low,PASSED,C,fallback
00354,中软国际,2020-01-24,STRUCTURAL_BOTTOM_CANDIDATE,Deteriorating,Consolidation,29.444890540309103,COST_NEUTRAL,Low,BULLISH_WARNING,55.0,Aligned,risk_on,结构:STRUCTURAL_BOTTOM_CANDIDATE(A/A-); 阶段:Deteriorating(B); 触发:Consolidation(C); 置信度:Low,PASSED,C,fallback
00354,中软国际,2020-01-31,STRUCTURAL_BOTTOM_CANDIDATE,Stable,Pullback,36.350267857873256,COST_NEUTRAL,Low,BULLISH_WARNING,55.0,Aligned,risk_off,结构:STRUCTURAL_BOTTOM_CANDIDATE(A/A-); 阶段:Stable(B); 触发:Pullback(C); 置信度:Low,PASSED,C,fallback
00354,中软国际,2020-02-07,STRUCTURAL_BOTTOM_CANDIDATE,Stable,Breakout,36.350267857873256,COST_NEUTRAL,Low,BULLISH_WARNING,55.0,Aligned,neutral,结构:STRUCTURAL_BOTTOM_CANDIDATE(A/A-); 阶段:Stable(B); 触发:Breakout(C); 置信度:Low,PASSED,C,fallback
00354,中软国际,2020-02-14,STRUCTURAL_ACCUMULATION,Stable,Consolidation,36.350267857873256,COST_NEUTRAL,Medium,BULLISH_STABLE,75.0,Aligned,risk_on,结构:STRUCTURAL_ACCUMULATION(A/A-); 阶段:Stable(B); 触发:Consolidation(C); 置信度:Medium,PASSED,C,fallback
00354,中软国际,2020-02-21,STRUCTURAL_ACCUMULATION,Stable,Consolidation,36.350267857873256,COST_NEUTRAL,Medium,BULLISH_STABLE,75.0,Aligned,risk_on,结构:STRUCTURAL_ACCUMULATION(A/A-); 阶段:Stable(B); 触发:Consolidation(C); 置信度:Medium,PASSED,C,fallback
00354,中软国际,2020-02-28,STRUCTURAL_ACCUMULATION,Stable,Pullback,36.350267857873256,COST_NEUTRAL,Medium,BULLISH_STABLE,75.0,Aligned,risk_off,结构:STRUCTURAL_ACCUMULATION(A/A-); 阶段:Stable(B); 触发:Pullback(C); 置信度:Medium,PASSED,C,fallback
00354,中软国际,2020-03-06,STRUCTURAL_ACCUMULATION,Stable,Pullback,26.68435396417409,COST_NEUTRAL,Medium,BULLISH_STABLE,75.0,Aligned,risk_off,结构:STRUCTURAL_ACCUMULATION(A/A-); 阶段:Stable(B); 触发:Pullback(C); 置信度:Medium,PASSED,C,fallback
00354,中软国际,2020-03-13,STRUCTURAL_ACCUMULATION,Stable,Consolidation,26.68435396417409,COST_NEUTRAL,Medium,BULLISH_STABLE,75.0,Aligned,risk_off,结构:STRUCTURAL_ACCUMULATION(A/A-); 阶段:Stable(B); 触发:Consolidation(C); 置信度:Medium,PASSED,C,fallback
00354,中软国际,2020-03-20,STRUCTURAL_ACCUMULATION,Stable,Consolidation,26.68435396417409,COST_NEUTRAL,Medium,BULLISH_STABLE,75.0,Aligned,risk_off,结构:STRUCTURAL_ACCUMULATION(A/A-); 阶段:Stable(B); 触发:Consolidation(C); 置信度:Medium,PASSED,C,fallback
00354,中软国际,2020-03-27,STRUCTURAL_ACCUMULATION,Stable,Consolidation,26.68435396417409,COST_NEUTRAL,Medium,BULLISH_STABLE,75.0,Aligned,risk_off,结构:STRUCTURAL_ACCUMULATION(A/A-); 阶段:Stable(B); 触发:Consolidation(C); 置信度:Medium,PASSED,C,fallback
00354,中软国际,2020-04-03,STRUCTURAL_ACCUMULATION,Deteriorating,Consolidation,23.805545012596127,COST_DISADVANTAGE,Medium,BULLISH_STABLE,75.0,Divergence,risk_off,结构:STRUCTURAL_ACCUMULATION(A/A-); 阶段:Deteriorating(B); 触发:Consolidation(C); 置信度:Medium,PASSED,C,fallback
00354,中软国际,2020-04-10,STRUCTURAL_ACCUMULATION,Deteriorating,Consolidation,23.805545012596127,COST_DISADVANTAGE,Medium,BULLISH_STABLE,75.0,Divergence,risk_off,结构:STRUCTURAL_ACCUMULATION(A/A-); 阶段:Deteriorating(B); 触发:Consolidation(C); 置信度:Medium,PASSED,C,fallback
00354,中软国际,2020-04-17,STRUCTURAL_ACCUMULATION,Deteriorating,Consolidation,23.805545012596127,COST_DISADVANTAGE,Medium,BULLISH_STABLE,75.0,Divergence,risk_off,结构:STRUCTURAL_ACCUMULATION(A/A-); 阶段:Deteriorating(B); 触发:Consolidation(C); 置信度:Medium,PASSED,C,fallback
00354,中软国际,2020-04-24,STRUCTURAL_ACCUMULATION,Deteriorating,Consolidation,23.805545012596127,COST_DISADVANTAGE,Medium,BULLISH_STABLE,75.0,Divergence,risk_off,结构:STRUCTURAL_ACCUMULATION(A/A-); 阶段:Deteriorating(B); 触发:Consolidation(C); 置信度:Medium,PASSED,C,fallback
00354,中软国际,2020-05-01,STRUCTURAL_ACCUMULATION,Stable,Consolidation,50.438895408341246,COST_DISADVANTAGE,Medium,BULLISH_STABLE,75.0,Aligned,risk_off,结构:STRUCTURAL_ACCUMULATION(A/A-); 阶段:Stable(B); 触发:Consolidation(C); 置信度:Medium,PASSED,C,fallback
00354,中软国际,2020-05-08,STRUCTURAL_ACCUMULATION,Stable,Consolidation,50.438895408341246,COST_DISADVANTAGE,Medium,BULLISH_STABLE,75.0,Aligned,risk_off,结构:STRUCTURAL_ACCUMULATION(A/A-); 阶段:Stable(B); 触发:Consolidation(C); 置信度:Medium,PASSED,C,fallback
00354,中软国际,2020-05-15,STRUCTURAL_DECLINE,Stable,Consolidation,50.438895408341246,COST_DISADVANTAGE,Low,BEARISH_CONFIRMED,20.0,Aligned,risk_off,结构:STRUCTURAL_DECLINE(A/A-); 阶段:Stable(B); 触发:Consolidation(C); 置信度:Low,PASSED,C,fallback
00354,中软国际,2020-05-22,STRUCTURAL_DECLINE,Stable,Consolidation,50.438895408341246,COST_DISADVANTAGE,Low,BEARISH_CONFIRMED,20.0,Aligned,risk_off,结构:STRUCTURAL_DECLINE(A/A-); 阶段:Stable(B); 触发:Consolidation(C); 置信度:Low,PASSED,C,fallback
00354,中软国际,2020-05-29,STRUCTURAL_DECLINE,Stable,Consolidation,50.438895408341246,COST_DISADVANTAGE,Low,BEARISH_CONFIRMED,20.0,Aligned,risk_off,结构:STRUCTURAL_DECLINE(A/A-); 阶段:Stable(B); 触发:Consolidation(C); 置信度:Low,PASSED,C,fallback
00354,中软国际,2020-06-05,STRUCTURAL_DECLINE,Stable,Consolidation,28.873060083540203,COST_DISADVANTAGE,Low,BEARISH_CONFIRMED,20.0,Aligned,neutral,结构:STRUCTURAL_DECLINE(A/A-); 阶段:Stable(B); 触发:Consolidation(C); 置信度:Low,PASSED,C,fallback
00354,中软国际,2020-06-12,STRUCTURAL_DECLINE,Stable,Consolidation,28.873060083540203,COST_DISADVANTAGE,Low,BEARISH_CONFIRMED,20.0,Aligned,risk_off,结构:STRUCTURAL_DECLINE(A/A-); 阶段:Stable(B); 触发:Consolidation(C); 置信度:Low,PASSED,C,fallback
00354,中软国际,2020-06-19,STRUCTURAL_DECLINE,Stable,Consolidation,28.873060083540203,COST_DISADVANTAGE,Low,BEARISH_CONFIRMED,20.0,Aligned,risk_off,结构:STRUCTURAL_DECLINE(A/A-); 阶段:Stable(B); 触发:Consolidation(C); 置信度:Low,PASSED,C,fallback
00354,中软国际,2020-06-26,STRUCTURAL_DECLINE,Stable,Consolidation,28.873060083540203,COST_DISADVANTAGE,Low,BEARISH_CONFIRMED,20.0,Aligned,risk_off,结构:STRUCTURAL_DECLINE(A/A-); 阶段:Stable(B); 触发:Consolidation(C); 置信度:Low,PASSED,C,fallback
00354,中软国际,2020-07-03,STRUCTURAL_DECLINE,Improving,Consolidation,35.263685023330616,COST_DISADVANTAGE,Low,BEARISH_CONFIRMED,20.0,Divergence,risk_on,结构:STRUCTURAL_DECLINE(A/A-); 阶段:Improving(B); 触发:Consolidation(C); 置信度:Low,PASSED,C,fallback
00354,中软国际,2020-07-10,STRUCTURAL_DECLINE,Improving,Breakout,35.263685023330616,COST_DISADVANTAGE,Low,BEARISH_RECOVERY_CANDIDATE,40.0,Divergence,risk_off,结构:STRUCTURAL_DECLINE(A/A-); 阶段:Improving(B); 触发:Breakout(C); 置信度:Low,PASSED,C,fallback
00354,中软国际,2020-07-17,STRUCTURAL_DECLINE,Improving,Consolidation,35.263685023330616,COST_DISADVANTAGE,Low,BEARISH_CONFIRMED,20.0,Divergence,risk_on,结构:STRUCTURAL_DECLINE(A/A-); 阶段:Improving(B); 触发:Consolidation(C); 置信度:Low,PASSED,C,fallback
00354,中软国际,2020-07-24,STRUCTURAL_DECLINE,Improving,Consolidation,35.263685023330616,COST_DISADVANTAGE,Low,BEARISH_CONFIRMED,20.0,Divergence,risk_off,结构:STRUCTURAL_DECLINE(A/A-); 阶段:Improving(B); 触发:Consolidation(C); 置信度:Low,PASSED,C,fallback
00354,中软国际,2020-07-31,STRUCTURAL_DECLINE,Deteriorating,Consolidation,15.396312724793974,COST_NEUTRAL,Low,BEARISH_CONFIRMED,20.0,Aligned,neutral,结构:STRUCTURAL_DECLINE(A/A-); 阶段:Deteriorating(B); 触发:Consolidation(C); 置信度:Low,PASSED,C,fallback
00354,中软国际,2020-08-07,STRUCTURAL_DECLINE,Deteriorating,Consolidation,15.396312724793974,COST_NEUTRAL,Low,BEARISH_CONFIRMED,20.0,Aligned,neutral,结构:STRUCTURAL_DECLINE(A/A-); 阶段:Deteriorating(B); 触发:Consolidation(C); 置信度:Low,PASSED,C,fallback
00354,中软国际,2020-08-14,STRUCTURAL_ACCUMULATION,Deteriorating,Pullback,15.396312724793974,COST_NEUTRAL,Low,BULLISH_STABLE,75.0,Divergence,risk_on,结构:STRUCTURAL_ACCUMULATION(A/A-); 阶段:Deteriorating(B); 触发:Pullback(C); 置信度:Low,PASSED,C,fallback
00354,中软国际,2020-08-21,STRUCTURAL_ACCUMULATION,Deteriorating,Pullback,15.396312724793974,COST_NEUTRAL,Low,BULLISH_STABLE,75.0,Divergence,risk_on,结构:STRUCTURAL_ACCUMULATION(A/A-); 阶段:Deteriorating(B); 触发:Pullback(C); 置信度:Low,PASSED,C,fallback
00354,中软国际,2020-08-28,STRUCTURAL_ACCUMULATION,Deteriorating,Consolidation,15.396312724793974,COST_NEUTRAL,Low,BULLISH_STABLE,75.0,Divergence,risk_on,结构:STRUCTURAL_ACCUMULATION(A/A-); 阶段:Deteriorating(B); 触发:Consolidation(C); 置信度:Low,PASSED,C,fallback
00354,中软国际,2020-09-04,STRUCTURAL_ACCUMULATION,Deteriorating,Pullback,31.240856783181645,COST_NEUTRAL,Medium,BULLISH_STABLE,75.0,Divergence,risk_off,结构:STRUCTURAL_ACCUMULATION(A/A-); 阶段:Deteriorating(B); 触发:Pullback(C); 置信度:Medium,PASSED,C,fallback
00354,中软国际,2020-09-11,STRUCTURAL_ACCUMULATION,Deteriorating,Consolidation,31.240856783181645,COST_NEUTRAL,Medium,BULLISH_STABLE,75.0,Divergence,neutral,结构:STRUCTURAL_ACCUMULATION(A/A-); 阶段:Deteriorating(B); 触发:Consolidation(C); 置信度:Medium,PASSED,C,fallback
00354,中软国际,2020-09-18,STRUCTURAL_ACCUMULATION,Deteriorating,Consolidation,31.240856783181645,COST_NEUTRAL,Medium,BULLISH_STABLE,75.0,Divergence,neutral,结构:STRUCTURAL_ACCUMULATION(A/A-); 阶段:Deteriorating(B); 触发:Consolidation(C); 置信度:Medium,PASSED,C,fallback
00354,中软国际,2020-09-25,STRUCTURAL_ACCUMULATION,Deteriorating,Consolidation,31.240856783181645,COST_NEUTRAL,Medium,BULLISH_STABLE,75.0,Divergence,risk_off,结构:STRUCTURAL_ACCUMULATION(A/A-); 阶段:Deteriorating(B); 触发:Consolidation(C); 置信度:Medium,PASSED,C,fallback
00354,中软国际,2020-10-02,STRUCTURAL_ACCUMULATION,Improving,Pullback,35.471296946018256,COST_DISADVANTAGE,Medium,BULLISH_STABLE,75.0,Aligned,risk_off,结构:STRUCTURAL_ACCUMULATION(A/A-); 阶段:Improving(B); 触发:Pullback(C); 置信度:Medium,PASSED,C,fallback
00354,中软国际,2020-10-09,STRUCTURAL_ACCUMULATION,Improving,Consolidation,35.471296946018256,COST_DISADVANTAGE,Medium,BULLISH_STABLE,75.0,Aligned,risk_off,结构:STRUCTURAL_ACCUMULATION(A/A-); 阶段:Improving(B); 触发:Consolidation(C); 置信度:Medium,PASSED,C,matrix
00354,中软国际,2020-10-16,STRUCTURAL_ACCUMULATION,Improving,Consolidation,35.471296946018256,COST_DISADVANTAGE,Medium,BULLISH_STABLE,75.0,Aligned,risk_off,结构:STRUCTURAL_ACCUMULATION(A/A-); 阶段:Improving(B); 触发:Consolidation(C); 置信度:Medium,PASSED,C,matrix
00354,中软国际,2020-10-23,STRUCTURAL_ACCUMULATION,Improving,Pullback,35.471296946018256,COST_DISADVANTAGE,Medium,BULLISH_STABLE,75.0,Aligned,neutral,结构:STRUCTURAL_ACCUMULATION(A/A-); 阶段:Improving(B); 触发:Pullback(C); 置信度:Medium,PASSED,C,fallback
00354,中软国际,2020-10-30,STRUCTURAL_ACCUMULATION,Improving,Pullback,35.471296946018256,COST_DISADVANTAGE,Medium,BULLISH_STABLE,75.0,Aligned,risk_off,结构:STRUCTURAL_ACCUMULATION(A/A-); 阶段:Improving(B); 触发:Pullback(C); 置信度:Medium,PASSED,C,fallback
00354,中软国际,2020-11-06,STRUCTURAL_ACCUMULATION,Stable,Consolidation,36.27177923446616,COST_DISADVANTAGE,Medium,BULLISH_STABLE,75.0,Aligned,risk_on,结构:STRUCTURAL_ACCUMULATION(A/A-); 阶段:Stable(B); 触发:Consolidation(C); 置信度:Medium,PASSED,C,fallback
00354,中软国际,2020-11-13,STRUCTURAL_ACCUMULATION,Stable,Consolidation,36.27177923446616,COST_DISADVANTAGE,Medium,BULLISH_STABLE,75.0,Aligned,risk_on,结构:STRUCTURAL_ACCUMULATION(A/A-); 阶段:Stable(B); 触发:Consolidation(C); 置信度:Medium,PASSED,C,fallback
00354,中软国际,2020-11-20,STRUCTURAL_DIVERGENCE,Stable,Consolidation,36.27177923446616,COST_DISADVANTAGE,Low,BULLISH_WARNING,55.0,Aligned,risk_on,结构:STRUCTURAL_DIVERGENCE(A/A-); 阶段:Stable(B); 触发:Consolidation(C); 置信度:Low,PASSED,C,fallback
00354,中软国际,2020-11-27,STRUCTURAL_DIVERGENCE,Stable,Consolidation,36.27177923446616,COST_DISADVANTAGE,Low,BULLISH_WARNING,55.0,Aligned,risk_on,结构:STRUCTURAL_DIVERGENCE(A/A-); 阶段:Stable(B); 触发:Consolidation(C); 置信度:Low,PASSED,C,fallback
00354,中软国际,2020-12-04,STRUCTURAL_DIVERGENCE,Stable,Consolidation,20.098321080265144,COST_ADVANTAGE,Low,BULLISH_WARNING,55.0,Aligned,risk_on,结构:STRUCTURAL_DIVERGENCE(A/A-); 阶段:Stable(B); 触发:Consolidation(C); 置信度:Low,PASSED,C,fallback
00354,中软国际,2020-12-11,STRUCTURAL_DIVERGENCE,Stable,Consolidation,20.098321080265144,COST_ADVANTAGE,Low,BULLISH_WARNING,55.0,Aligned,risk_on,结构:STRUCTURAL_DIVERGENCE(A/A-); 阶段:Stable(B); 触发:Consolidation(C); 置信度:Low,PASSED,C,fallback
00354,中软国际,2020-12-18,STRUCTURAL_DIVERGENCE,Stable,Consolidation,20.098321080265144,COST_ADVANTAGE,Low,BULLISH_WARNING,55.0,Aligned,risk_on,结构:STRUCTURAL_DIVERGENCE(A/A-); 阶段:Stable(B); 触发:Consolidation(C); 置信度:Low,PASSED,C,fallback
00354,中软国际,2020-12-25,STRUCTURAL_DIVERGENCE,Stable,Consolidation,20.098321080265144,COST_ADVANTAGE,Low,BULLISH_WARNING,55.0,Aligned,risk_on,结构:STRUCTURAL_DIVERGENCE(A/A-); 阶段:Stable(B); 触发:Consolidation(C); 置信度:Low,PASSED,C,fallback
00354,中软国际,2021-01-01,STRUCTURAL_DIVERGENCE,Improving,Consolidation,30.358123717387667,COST_ADVANTAGE,Low,BULLISH_WARNING,55.0,Aligned,risk_on,结构:STRUCTURAL_DIVERGENCE(A/A-); 阶段:Improving(B); 触发:Consolidation(C); 置信度:Low,PASSED,C,fallback
00354,中软国际,2021-01-08,STRUCTURAL_DIVERGENCE,Improving,Consolidation,30.358123717387667,COST_ADVANTAGE,Low,BULLISH_WARNING,55.0,Aligned,risk_on,结构:STRUCTURAL_DIVERGENCE(A/A-); 阶段:Improving(B); 触发:Consolidation(C); 置信度:Low,PASSED,C,fallback
00354,中软国际,2021-01-15,STRUCTURAL_DIVERGENCE,Improving,Consolidation,30.358123717387667,COST_ADVANTAGE,Low,BULLISH_WARNING,55.0,Aligned,risk_on,结构:STRUCTURAL_DIVERGENCE(A/A-); 阶段:Improving(B); 触发:Consolidation(C); 置信度:Low,PASSED,C,fallback
00354,中软国际,2021-01-22,STRUCTURAL_DIVERGENCE,Improving,Breakout,30.358123717387667,COST_ADVANTAGE,Low,BULLISH_WARNING,55.0,Aligned,risk_on,结构:STRUCTURAL_DIVERGENCE(A/A-); 阶段:Improving(B); 触发:Breakout(C); 置信度:Low,PASSED,C,fallback
00354,中软国际,2021-01-29,STRUCTURAL_DIVERGENCE,Improving,Consolidation,30.358123717387667,COST_ADVANTAGE,Low,BULLISH_WARNING,55.0,Aligned,risk_off,结构:STRUCTURAL_DIVERGENCE(A/A-); 阶段:Improving(B); 触发:Consolidation(C); 置信度:Low,PASSED,C,fallback
00354,中软国际,2021-02-05,STRUCTURAL_DIVERGENCE,Improving,Consolidation,26.730582728892784,COST_NEUTRAL,Low,BULLISH_WARNING,55.0,Aligned,risk_on,结构:STRUCTURAL_DIVERGENCE(A/A-); 阶段:Improving(B); 触发:Consolidation(C); 置信度:Low,PASSED,C,fallback
00354,中软国际,2021-02-12,STRUCTURAL_DIVERGENCE,Improving,Consolidation,26.730582728892784,COST_NEUTRAL,Low,BULLISH_WARNING,55.0,Aligned,risk_on,结构:STRUCTURAL_DIVERGENCE(A/A-); 阶段:Improving(B); 触发:Consolidation(C); 置信度:Low,PASSED,C,fallback
00354,中软国际,2021-02-19,STRUCTURAL_ACCUMULATION,Improving,Consolidation,26.730582728892784,COST_NEUTRAL,Medium,BULLISH_STABLE,75.0,Aligned,risk_on,结构:STRUCTURAL_ACCUMULATION(A/A-); 阶段:Improving(B); 触发:Consolidation(C); 置信度:Medium,PASSED,C,matrix
00354,中软国际,2021-02-26,STRUCTURAL_ACCUMULATION,Improving,Pullback,26.730582728892784,COST_NEUTRAL,Medium,BULLISH_STABLE,75.0,Aligned,risk_off,结构:STRUCTURAL_ACCUMULATION(A/A-); 阶段:Improving(B); 触发:Pullback(C); 置信度:Medium,PASSED,C,fallback
00354,中软国际,2021-03-05,STRUCTURAL_ACCUMULATION,Deteriorating,Consolidation,43.81739632296805,COST_NEUTRAL,Medium,BULLISH_STABLE,75.0,Divergence,risk_on,结构:STRUCTURAL_ACCUMULATION(A/A-); 阶段:Deteriorating(B); 触发:Consolidation(C); 置信度:Medium,PASSED,C,fallback
00354,中软国际,2021-03-12,STRUCTURAL_ACCUMULATION,Deteriorating,Consolidation,43.81739632296805,COST_NEUTRAL,Medium,BULLISH_STABLE,75.0,Divergence,risk_on,结构:STRUCTURAL_ACCUMULATION(A/A-); 阶段:Deteriorating(B); 触发:Consolidation(C); 置信度:Medium,PASSED,C,fallback
00354,中软国际,2021-03-19,STRUCTURAL_ACCUMULATION,Deteriorating,Consolidation,43.81739632296805,COST_NEUTRAL,Medium,BULLISH_STABLE,75.0,Divergence,risk_on,结构:STRUCTURAL_ACCUMULATION(A/A-); 阶段:Deteriorating(B); 触发:Consolidation(C); 置信度:Medium,PASSED,C,fallback
00354,中软国际,2021-03-26,STRUCTURAL_ACCUMULATION,Deteriorating,Consolidation,43.81739632296805,COST_NEUTRAL,Medium,BULLISH_STABLE,75.0,Divergence,risk_on,结构:STRUCTURAL_ACCUMULATION(A/A-); 阶段:Deteriorating(B); 触发:Consolidation(C); 置信度:Medium,PASSED,C,fallback
00354,中软国际,2021-04-02,STRUCTURAL_ACCUMULATION,Improving,Consolidation,43.28837652993749,COST_NEUTRAL,Medium,BULLISH_STABLE,75.0,Aligned,risk_on,结构:STRUCTURAL_ACCUMULATION(A/A-); 阶段:Improving(B); 触发:Consolidation(C); 置信度:Medium,PASSED,C,matrix
00354,中软国际,2021-04-09,STRUCTURAL_ACCUMULATION,Improving,Consolidation,43.28837652993749,COST_NEUTRAL,Medium,BULLISH_STABLE,75.0,Aligned,risk_on,结构:STRUCTURAL_ACCUMULATION(A/A-); 阶段:Improving(B); 触发:Consolidation(C); 置信度:Medium,PASSED,C,matrix
00354,中软国际,2021-04-16,STRUCTURAL_ACCUMULATION,Improving,Consolidation,43.28837652993749,COST_NEUTRAL,Medium,BULLISH_STABLE,75.0,Aligned,neutral,结构:STRUCTURAL_ACCUMULATION(A/A-); 阶段:Improving(B); 触发:Consolidation(C); 置信度:Medium,PASSED,C,matrix
00354,中软国际,2021-04-23,STRUCTURAL_ACCUMULATION,Improving,Consolidation,43.28837652993749,COST_NEUTRAL,Medium,BULLISH_STABLE,75.0,Aligned,neutral,结构:STRUCTURAL_ACCUMULATION(A/A-); 阶段:Improving(B); 触发:Consolidation(C); 置信度:Medium,PASSED,C,matrix
00354,中软国际,2021-04-30,STRUCTURAL_ACCUMULATION,Improving,Consolidation,45.921015142085274,COST_DISADVANTAGE,Medium,BULLISH_STABLE,75.0,Aligned,neutral,结构:STRUCTURAL_ACCUMULATION(A/A-); 阶段:Improving(B); 触发:Consolidation(C); 置信度:Medium,PASSED,C,matrix
00354,中软国际,2021-05-07,STRUCTURAL_ACCUMULATION,Improving,Pullback,45.921015142085274,COST_DISADVANTAGE,Medium,BULLISH_STABLE,75.0,Aligned,risk_off,结构:STRUCTURAL_ACCUMULATION(A/A-); 阶段:Improving(B); 触发:Pullback(C); 置信度:Medium,PASSED,C,fallback
00354,中软国际,2021-05-14,STRUCTURAL_ACCUMULATION,Improving,Consolidation,45.921015142085274,COST_DISADVANTAGE,Medium,BULLISH_STABLE,75.0,Aligned,risk_off,结构:STRUCTURAL_ACCUMULATION(A/A-); 阶段:Improving(B); 触发:Consolidation(C); 置信度:Medium,PASSED,C,matrix
00354,中软国际,2021-05-21,STRUCTURAL_ACCUMULATION,Improving,Consolidation,45.921015142085274,COST_DISADVANTAGE,Medium,BULLISH_STABLE,75.0,Aligned,risk_off,结构:STRUCTURAL_ACCUMULATION(A/A-); 阶段:Improving(B); 触发:Consolidation(C); 置信度:Medium,PASSED,C,matrix
00354,中软国际,2021-05-28,STRUCTURAL_ACCUMULATION,Improving,Consolidation,45.921015142085274,COST_DISADVANTAGE,Medium,BULLISH_STABLE,75.0,Aligned,neutral,结构:STRUCTURAL_ACCUMULATION(A/A-); 阶段:Improving(B); 触发:Consolidation(C); 置信度:Medium,PASSED,C,matrix
00354,中软国际,2021-06-04,STRUCTURAL_ACCUMULATION,Improving,Consolidation,44.50469442242356,COST_ADVANTAGE,Medium,BULLISH_STABLE,75.0,Aligned,neutral,结构:STRUCTURAL_ACCUMULATION(A/A-); 阶段:Improving(B); 触发:Consolidation(C); 置信度:Medium,PASSED,C,matrix
00354,中软国际,2021-06-11,STRUCTURAL_ACCUMULATION,Improving,Breakout,44.50469442242356,COST_ADVANTAGE,Medium,BULLISH_CONFIRMED,85.0,Aligned,neutral,结构:STRUCTURAL_ACCUMULATION(A/A-); 阶段:Improving(B); 触发:Breakout(C); 置信度:Medium,PASSED,C,matrix
00354,中软国际,2021-06-18,STRUCTURAL_ACCUMULATION,Improving,Consolidation,44.50469442242356,COST_ADVANTAGE,Medium,BULLISH_STABLE,75.0,Aligned,neutral,结构:STRUCTURAL_ACCUMULATION(A/A-); 阶段:Improving(B); 触发:Consolidation(C); 置信度:Medium,PASSED,C,matrix
00354,中软国际,2021-06-25,STRUCTURAL_ACCUMULATION,Improving,Consolidation,44.50469442242356,COST_ADVANTAGE,Medium,BULLISH_STABLE,75.0,Aligned,risk_on,结构:STRUCTURAL_ACCUMULATION(A/A-); 阶段:Improving(B); 触发:Consolidation(C); 置信度:Medium,PASSED,C,matrix
00354,中软国际,2021-07-02,STRUCTURAL_ACCUMULATION,Deteriorating,Consolidation,14.140785209614116,COST_ADVANTAGE,Low,BULLISH_STABLE,75.0,Divergence,risk_off,结构:STRUCTURAL_ACCUMULATION(A/A-); 阶段:Deteriorating(B); 触发:Consolidation(C); 置信度:Low,PASSED,C,fallback
00354,中软国际,2021-07-09,STRUCTURAL_ACCUMULATION,Deteriorating,Consolidation,14.140785209614116,COST_ADVANTAGE,Low,BULLISH_STABLE,75.0,Divergence,risk_off,结构:STRUCTURAL_ACCUMULATION(A/A-); 阶段:Deteriorating(B); 触发:Consolidation(C); 置信度:Low,PASSED,C,fallback
00354,中软国际,2021-07-16,STRUCTURAL_ACCUMULATION,Deteriorating,Consolidation,14.140785209614116,COST_ADVANTAGE,Low,BULLISH_STABLE,75.0,Divergence,risk_off,结构:STRUCTURAL_ACCUMULATION(A/A-); 阶段:Deteriorating(B); 触发:Consolidation(C); 置信度:Low,PASSED,C,fallback
00354,中软国际,2021-07-23,STRUCTURAL_ACCUMULATION,Deteriorating,Consolidation,14.140785209614116,COST_ADVANTAGE,Low,BULLISH_STABLE,75.0,Divergence,risk_off,结构:STRUCTURAL_ACCUMULATION(A/A-); 阶段:Deteriorating(B); 触发:Consolidation(C); 置信度:Low,PASSED,C,fallback
00354,中软国际,2021-07-30,STRUCTURAL_ACCUMULATION,Deteriorating,Consolidation,14.140785209614116,COST_ADVANTAGE,Low,BULLISH_STABLE,75.0,Divergence,risk_off,结构:STRUCTURAL_ACCUMULATION(A/A-); 阶段:Deteriorating(B); 触发:Consolidation(C); 置信度:Low,PASSED,C,fallback
00354,中软国际,2021-08-06,STRUCTURAL_ACCUMULATION,Deteriorating,Consolidation,18.48380889010707,COST_NEUTRAL,Low,BULLISH_STABLE,75.0,Divergence,risk_off,结构:STRUCTURAL_ACCUMULATION(A/A-); 阶段:Deteriorating(B); 触发:Consolidation(C); 置信度:Low,PASSED,C,fallback
00354,中软国际,2021-08-13,STRUCTURAL_ACCUMULATION,Deteriorating,Consolidation,18.48380889010707,COST_NEUTRAL,Low,BULLISH_STABLE,75.0,Divergence,risk_off,结构:STRUCTURAL_ACCUMULATION(A/A-); 阶段:Deteriorating(B); 触发:Consolidation(C); 置信度:Low,PASSED,C,fallback
00354,中软国际,2021-08-20,STRUCTURAL_ACCUMULATION,Deteriorating,Pullback,18.48380889010707,COST_NEUTRAL,Low,BULLISH_STABLE,75.0,Divergence,risk_off,结构:STRUCTURAL_ACCUMULATION(A/A-); 阶段:Deteriorating(B); 触发:Pullback(C); 置信度:Low,PASSED,C,fallback
00354,中软国际,2021-08-27,STRUCTURAL_ACCUMULATION,Deteriorating,Pullback,18.48380889010707,COST_NEUTRAL,Low,BULLISH_STABLE,75.0,Divergence,risk_off,结构:STRUCTURAL_ACCUMULATION(A/A-); 阶段:Deteriorating(B); 触发:Pullback(C); 置信度:Low,PASSED,C,fallback
00354,中软国际,2021-09-03,STRUCTURAL_ACCUMULATION,Stable,Consolidation,23.504785949056743,COST_NEUTRAL,Low,BULLISH_STABLE,75.0,Aligned,risk_off,结构:STRUCTURAL_ACCUMULATION(A/A-); 阶段:Stable(B); 触发:Consolidation(C); 置信度:Low,PASSED,C,fallback
00354,中软国际,2021-09-10,STRUCTURAL_ACCUMULATION,Stable,Pullback,23.504785949056743,COST_NEUTRAL,Low,BULLISH_STABLE,75.0,Aligned,risk_off,结构:STRUCTURAL_ACCUMULATION(A/A-); 阶段:Stable(B); 触发:Pullback(C); 置信度:Low,PASSED,C,fallback
00354,中软国际,2021-09-17,STRUCTURAL_ACCUMULATION,Stable,Pullback,23.504785949056743,COST_NEUTRAL,Low,BULLISH_STABLE,75.0,Aligned,risk_off,结构:STRUCTURAL_ACCUMULATION(A/A-); 阶段:Stable(B); 触发:Pullback(C); 置信度:Low,PASSED,C,fallback
00354,中软国际,2021-09-24,STRUCTURAL_ACCUMULATION,Stable,Consolidation,23.504785949056743,COST_NEUTRAL,Low,BULLISH_STABLE,75.0,Aligned,risk_off,结构:STRUCTURAL_ACCUMULATION(A/A-); 阶段:Stable(B); 触发:Consolidation(C); 置信度:Low,PASSED,C,fallback
00354,中软国际,2021-10-01,STRUCTURAL_ACCUMULATION,Improving,Pullback,36.29722206972835,COST_NEUTRAL,Low,BULLISH_STABLE,75.0,Aligned,risk_off,结构:STRUCTURAL_ACCUMULATION(A/A-); 阶段:Improving(B); 触发:Pullback(C); 置信度:Low,PASSED,C,fallback
00354,中软国际,2021-10-08,STRUCTURAL_ACCUMULATION,Improving,Consolidation,36.29722206972835,COST_NEUTRAL,Low,BULLISH_STABLE,75.0,Aligned,risk_off,结构:STRUCTURAL_ACCUMULATION(A/A-); 阶段:Improving(B); 触发:Consolidation(C); 置信度:Low,PASSED,C,matrix
00354,中软国际,2021-10-15,STRUCTURAL_ACCUMULATION,Improving,Consolidation,36.29722206972835,COST_NEUTRAL,Low,BULLISH_STABLE,75.0,Aligned,risk_off,结构:STRUCTURAL_ACCUMULATION(A/A-); 阶段:Improving(B); 触发:Consolidation(C); 置信度:Low,PASSED,C,matrix
00354,中软国际,2021-10-22,STRUCTURAL_ACCUMULATION,Improving,Consolidation,36.29722206972835,COST_NEUTRAL,Low,BULLISH_STABLE,75.0,Aligned,neutral,结构:STRUCTURAL_ACCUMULATION(A/A-); 阶段:Improving(B); 触发:Consolidation(C); 置信度:Low,PASSED,C,matrix
00354,中软国际,2021-10-29,STRUCTURAL_ACCUMULATION,Improving,Pullback,36.29722206972835,COST_NEUTRAL,Low,BULLISH_STABLE,75.0,Aligned,risk_off,结构:STRUCTURAL_ACCUMULATION(A/A-); 阶段:Improving(B); 触发:Pullback(C); 置信度:Low,PASSED,C,fallback
00354,中软国际,2021-11-05,STRUCTURAL_ACCUMULATION,Deteriorating,Consolidation,36.17425753836208,COST_NEUTRAL,Low,BULLISH_STABLE,75.0,Divergence,risk_off,结构:STRUCTURAL_ACCUMULATION(A/A-); 阶段:Deteriorating(B); 触发:Consolidation(C); 置信度:Low,PASSED,C,fallback
00354,中软国际,2021-11-12,STRUCTURAL_ACCUMULATION,Deteriorating,Consolidation,36.17425753836208,COST_NEUTRAL,Low,BULLISH_STABLE,75.0,Divergence,risk_off,结构:STRUCTURAL_ACCUMULATION(A/A-); 阶段:Deteriorating(B); 触发:Consolidation(C); 置信度:Low,PASSED,C,fallback
00354,中软国际,2021-11-19,STRUCTURAL_ACCUMULATION,Deteriorating,Consolidation,36.17425753836208,COST_NEUTRAL,Medium,BULLISH_STABLE,75.0,Divergence,neutral,结构:STRUCTURAL_ACCUMULATION(A/A-); 阶段:Deteriorating(B); 触发:Consolidation(C); 置信度:Medium,PASSED,C,fallback
00354,中软国际,2021-11-26,STRUCTURAL_ACCUMULATION,Deteriorating,Consolidation,36.17425753836208,COST_NEUTRAL,Medium,BULLISH_STABLE,75.0,Divergence,risk_off,结构:STRUCTURAL_ACCUMULATION(A/A-); 阶段:Deteriorating(B); 触发:Consolidation(C); 置信度:Medium,PASSED,C,fallback
00354,中软国际,2021-12-03,STRUCTURAL_ACCUMULATION,Stable,Consolidation,44.187877276694465,COST_NEUTRAL,High,BULLISH_STABLE,75.0,Aligned,risk_off,结构:STRUCTURAL_ACCUMULATION(A/A-); 阶段:Stable(B); 触发:Consolidation(C); 置信度:High,PASSED,C,fallback
00354,中软国际,2021-12-10,STRUCTURAL_ACCUMULATION,Stable,Consolidation,44.187877276694465,COST_NEUTRAL,High,BULLISH_STABLE,75.0,Aligned,risk_off,结构:STRUCTURAL_ACCUMULATION(A/A-); 阶段:Stable(B); 触发:Consolidation(C); 置信度:High,PASSED,C,fallback
00354,中软国际,2021-12-17,STRUCTURAL_ACCUMULATION,Stable,Consolidation,44.187877276694465,COST_NEUTRAL,High,BULLISH_STABLE,75.0,Aligned,risk_off,结构:STRUCTURAL_ACCUMULATION(A/A-); 阶段:Stable(B); 触发:Consolidation(C); 置信度:High,PASSED,C,fallback
00354,中软国际,2021-12-24,STRUCTURAL_ACCUMULATION,Stable,Breakdown,44.187877276694465,COST_NEUTRAL,High,BULLISH_WARNING,55.0,Aligned,risk_off,结构:STRUCTURAL_ACCUMULATION(A/A-); 阶段:Stable(B); 触发:Breakdown(C); 置信度:High,PASSED,C,fallback
00354,中软国际,2021-12-31,STRUCTURAL_ACCUMULATION,Deteriorating,Consolidation,38.22445643261851,COST_DISADVANTAGE,High,BULLISH_STABLE,75.0,Divergence,risk_off,结构:STRUCTURAL_ACCUMULATION(A/A-); 阶段:Deteriorating(B); 触发:Consolidation(C); 置信度:High,PASSED,C,fallback
00354,中软国际,2022-01-07,STRUCTURAL_ACCUMULATION,Deteriorating,Consolidation,38.22445643261851,COST_DISADVANTAGE,High,BULLISH_STABLE,75.0,Divergence,risk_off,结构:STRUCTURAL_ACCUMULATION(A/A-); 阶段:Deteriorating(B); 触发:Consolidation(C); 置信度:High,PASSED,C,fallback
00354,中软国际,2022-01-14,STRUCTURAL_ACCUMULATION,Deteriorating,Breakdown,38.22445643261851,COST_DISADVANTAGE,High,BULLISH_WARNING,55.0,Divergence,risk_off,结构:STRUCTURAL_ACCUMULATION(A/A-); 阶段:Deteriorating(B); 触发:Breakdown(C); 置信度:High,PASSED,C,matrix
00354,中软国际,2022-01-21,STRUCTURAL_ACCUMULATION,Deteriorating,Consolidation,38.22445643261851,COST_DISADVANTAGE,High,BULLISH_STABLE,75.0,Divergence,risk_off,结构:STRUCTURAL_ACCUMULATION(A/A-); 阶段:Deteriorating(B); 触发:Consolidation(C); 置信度:High,PASSED,C,fallback
00354,中软国际,2022-01-28,STRUCTURAL_ACCUMULATION,Deteriorating,Breakdown,38.22445643261851,COST_DISADVANTAGE,High,BULLISH_WARNING,55.0,Divergence,risk_off,结构:STRUCTURAL_ACCUMULATION(A/A-); 阶段:Deteriorating(B); 触发:Breakdown(C); 置信度:High,PASSED,C,matrix
00354,中软国际,2022-02-04,STRUCTURAL_ACCUMULATION,Stable,Consolidation,25.789247309777597,COST_DISADVANTAGE,Medium,BULLISH_STABLE,75.0,Aligned,neutral,结构:STRUCTURAL_ACCUMULATION(A/A-); 阶段:Stable(B); 触发:Consolidation(C); 置信度:Medium,PASSED,C,fallback
00354,中软国际,2022-02-11,STRUCTURAL_ACCUMULATION,Stable,Consolidation,25.789247309777597,COST_DISADVANTAGE,Medium,BULLISH_STABLE,75.0,Aligned,neutral,结构:STRUCTURAL_ACCUMULATION(A/A-); 阶段:Stable(B); 触发:Consolidation(C); 置信度:Medium,PASSED,C,fallback
00354,中软国际,2022-02-18,STRUCTURAL_ACCUMULATION,Stable,Consolidation,25.789247309777597,COST_DISADVANTAGE,Medium,BULLISH_STABLE,75.0,Aligned,risk_off,结构:STRUCTURAL_ACCUMULATION(A/A-); 阶段:Stable(B); 触发:Consolidation(C); 置信度:Medium,PASSED,C,fallback
00354,中软国际,2022-02-25,STRUCTURAL_ACCUMULATION,Stable,Breakdown,25.789247309777597,COST_DISADVANTAGE,Medium,BULLISH_WARNING,55.0,Aligned,risk_off,结构:STRUCTURAL_ACCUMULATION(A/A-); 阶段:Stable(B); 触发:Breakdown(C); 置信度:Medium,PASSED,C,fallback
00354,中软国际,2022-03-04,STRUCTURAL_ACCUMULATION,Deteriorating,Breakdown,46.667451632910776,COST_DISADVANTAGE,High,BULLISH_WARNING,55.0,Divergence,risk_off,结构:STRUCTURAL_ACCUMULATION(A/A-); 阶段:Deteriorating(B); 触发:Breakdown(C); 置信度:High,PASSED,C,matrix
00354,中软国际,2022-03-11,STRUCTURAL_ACCUMULATION,Deteriorating,Consolidation,46.667451632910776,COST_DISADVANTAGE,High,BULLISH_STABLE,75.0,Divergence,risk_off,结构:STRUCTURAL_ACCUMULATION(A/A-); 阶段:Deteriorating(B); 触发:Consolidation(C); 置信度:High,PASSED,C,fallback
00354,中软国际,2022-03-18,STRUCTURAL_ACCUMULATION,Deteriorating,Consolidation,46.667451632910776,COST_DISADVANTAGE,High,BULLISH_STABLE,75.0,Divergence,risk_off,结构:STRUCTURAL_ACCUMULATION(A/A-); 阶段:Deteriorating(B); 触发:Consolidation(C); 置信度:High,PASSED,C,fallback
00354,中软国际,2022-03-25,STRUCTURAL_ACCUMULATION,Deteriorating,Consolidation,46.667451632910776,COST_DISADVANTAGE,High,BULLISH_STABLE,75.0,Divergence,risk_off,结构:STRUCTURAL_ACCUMULATION(A/A-); 阶段:Deteriorating(B); 触发:Consolidation(C); 置信度:High,PASSED,C,fallback
00354,中软国际,2022-04-01,STRUCTURAL_ACCUMULATION,Deteriorating,Consolidation,33.181292935382615,COST_DISADVANTAGE,Medium,BULLISH_STABLE,75.0,Divergence,risk_off,结构:STRUCTURAL_ACCUMULATION(A/A-); 阶段:Deteriorating(B); 触发:Consolidation(C); 置信度:Medium,PASSED,C,fallback
00354,中软国际,2022-04-08,STRUCTURAL_ACCUMULATION,Deteriorating,Consolidation,33.181292935382615,COST_DISADVANTAGE,Medium,BULLISH_STABLE,75.0,Divergence,risk_off,结构:STRUCTURAL_ACCUMULATION(A/A-); 阶段:Deteriorating(B); 触发:Consolidation(C); 置信度:Medium,PASSED,C,fallback
00354,中软国际,2022-04-15,STRUCTURAL_ACCUMULATION,Deteriorating,Consolidation,33.181292935382615,COST_DISADVANTAGE,Medium,BULLISH_STABLE,75.0,Divergence,risk_off,结构:STRUCTURAL_ACCUMULATION(A/A-); 阶段:Deteriorating(B); 触发:Consolidation(C); 置信度:Medium,PASSED,C,fallback
00354,中软国际,2022-04-22,STRUCTURAL_ACCUMULATION,Deteriorating,Consolidation,33.181292935382615,COST_DISADVANTAGE,Medium,BULLISH_STABLE,75.0,Divergence,risk_off,结构:STRUCTURAL_ACCUMULATION(A/A-); 阶段:Deteriorating(B); 触发:Consolidation(C); 置信度:Medium,PASSED,C,fallback
00354,中软国际,2022-04-29,STRUCTURAL_ACCUMULATION,Deteriorating,Consolidation,33.181292935382615,COST_DISADVANTAGE,Medium,BULLISH_STABLE,75.0,Divergence,risk_off,结构:STRUCTURAL_ACCUMULATION(A/A-); 阶段:Deteriorating(B); 触发:Consolidation(C); 置信度:Medium,PASSED,C,fallback
00354,中软国际,2022-05-06,STRUCTURAL_ACCUMULATION,Stable,Consolidation,40.70505931656357,COST_NEUTRAL,High,BULLISH_STABLE,75.0,Aligned,risk_off,结构:STRUCTURAL_ACCUMULATION(A/A-); 阶段:Stable(B); 触发:Consolidation(C); 置信度:High,PASSED,C,fallback
00354,中软国际,2022-05-13,STRUCTURAL_ACCUMULATION,Stable,Consolidation,40.70505931656357,COST_NEUTRAL,High,BULLISH_STABLE,75.0,Aligned,risk_off,结构:STRUCTURAL_ACCUMULATION(A/A-); 阶段:Stable(B); 触发:Consolidation(C); 置信度:High,PASSED,C,fallback
00354,中软国际,2022-05-20,STRUCTURAL_ACCUMULATION,Stable,Consolidation,40.70505931656357,COST_NEUTRAL,Medium,BULLISH_STABLE,75.0,Aligned,risk_off,结构:STRUCTURAL_ACCUMULATION(A/A-); 阶段:Stable(B); 触发:Consolidation(C); 置信度:Medium,PASSED,C,fallback
00354,中软国际,2022-05-27,STRUCTURAL_ACCUMULATION,Stable,Consolidation,40.70505931656357,COST_NEUTRAL,Medium,BULLISH_STABLE,75.0,Aligned,risk_off,结构:STRUCTURAL_ACCUMULATION(A/A-); 阶段:Stable(B); 触发:Consolidation(C); 置信度:Medium,PASSED,C,fallback
00354,中软国际,2022-06-03,STRUCTURAL_ACCUMULATION,Improving,Consolidation,39.79629432434294,COST_NEUTRAL,Medium,BULLISH_STABLE,75.0,Aligned,risk_off,结构:STRUCTURAL_ACCUMULATION(A/A-); 阶段:Improving(B); 触发:Consolidation(C); 置信度:Medium,PASSED,C,matrix
00354,中软国际,2022-06-10,STRUCTURAL_ACCUMULATION,Improving,Consolidation,39.79629432434294,COST_NEUTRAL,Medium,BULLISH_STABLE,75.0,Aligned,risk_off,结构:STRUCTURAL_ACCUMULATION(A/A-); 阶段:Improving(B); 触发:Consolidation(C); 置信度:Medium,PASSED,C,matrix
00354,中软国际,2022-06-17,STRUCTURAL_ACCUMULATION,Improving,Consolidation,39.79629432434294,COST_NEUTRAL,Medium,BULLISH_STABLE,75.0,Aligned,risk_off,结构:STRUCTURAL_ACCUMULATION(A/A-); 阶段:Improving(B); 触发:Consolidation(C); 置信度:Medium,PASSED,C,matrix
00354,中软国际,2022-06-24,STRUCTURAL_ACCUMULATION,Improving,Consolidation,39.79629432434294,COST_NEUTRAL,Medium,BULLISH_STABLE,75.0,Aligned,risk_off,结构:STRUCTURAL_ACCUMULATION(A/A-); 阶段:Improving(B); 触发:Consolidation(C); 置信度:Medium,PASSED,C,matrix
00354,中软国际,2022-07-01,STRUCTURAL_ACCUMULATION,Improving,Consolidation,42.04287655351918,COST_ADVANTAGE,Medium,BULLISH_STABLE,75.0,Aligned,risk_off,结构:STRUCTURAL_ACCUMULATION(A/A-); 阶段:Improving(B); 触发:Consolidation(C); 置信度:Medium,PASSED,C,matrix
00354,中软国际,2022-07-08,STRUCTURAL_ACCUMULATION,Improving,Consolidation,42.04287655351918,COST_ADVANTAGE,Medium,BULLISH_STABLE,75.0,Aligned,risk_off,结构:STRUCTURAL_ACCUMULATION(A/A-); 阶段:Improving(B); 触发:Consolidation(C); 置信度:Medium,PASSED,C,matrix
00354,中软国际,2022-07-15,STRUCTURAL_ACCUMULATION,Improving,Consolidation,42.04287655351918,COST_ADVANTAGE,Medium,BULLISH_STABLE,75.0,Aligned,risk_off,结构:STRUCTURAL_ACCUMULATION(A/A-); 阶段:Improving(B); 触发:Consolidation(C); 置信度:Medium,PASSED,C,matrix
00354,中软国际,2022-07-22,STRUCTURAL_ACCUMULATION,Improving,Consolidation,42.04287655351918,COST_ADVANTAGE,Medium,BULLISH_STABLE,75.0,Aligned,risk_off,结构:STRUCTURAL_ACCUMULATION(A/A-); 阶段:Improving(B); 触发:Consolidation(C); 置信度:Medium,PASSED,C,matrix
00354,中软国际,2022-07-29,STRUCTURAL_ACCUMULATION,Improving,Consolidation,42.04287655351918,COST_ADVANTAGE,Medium,BULLISH_STABLE,75.0,Aligned,risk_off,结构:STRUCTURAL_ACCUMULATION(A/A-); 阶段:Improving(B); 触发:Consolidation(C); 置信度:Medium,PASSED,C,matrix
00354,中软国际,2022-08-05,STRUCTURAL_ACCUMULATION,Deteriorating,Consolidation,54.99190796347506,COST_DISADVANTAGE,Medium,BULLISH_STABLE,75.0,Divergence,neutral,结构:STRUCTURAL_ACCUMULATION(A/A-); 阶段:Deteriorating(B); 触发:Consolidation(C); 置信度:Medium,PASSED,C,fallback
00354,中软国际,2022-08-12,STRUCTURAL_ACCUMULATION,Deteriorating,Consolidation,54.99190796347506,COST_DISADVANTAGE,Medium,BULLISH_STABLE,75.0,Divergence,risk_off,结构:STRUCTURAL_ACCUMULATION(A/A-); 阶段:Deteriorating(B); 触发:Consolidation(C); 置信度:Medium,PASSED,C,fallback
00354,中软国际,2022-08-19,STRUCTURAL_ACCUMULATION,Deteriorating,Consolidation,54.99190796347506,COST_DISADVANTAGE,Low,BULLISH_STABLE,75.0,Divergence,neutral,结构:STRUCTURAL_ACCUMULATION(A/A-); 阶段:Deteriorating(B); 触发:Consolidation(C); 置信度:Low,PASSED,C,fallback
00354,中软国际,2022-08-26,STRUCTURAL_ACCUMULATION,Deteriorating,Consolidation,54.99190796347506,COST_DISADVANTAGE,Low,BULLISH_STABLE,75.0,Divergence,risk_off,结构:STRUCTURAL_ACCUMULATION(A/A-); 阶段:Deteriorating(B); 触发:Consolidation(C); 置信度:Low,PASSED,C,fallback
00354,中软国际,2022-09-02,STRUCTURAL_ACCUMULATION,Deteriorating,Consolidation,54.63642076824946,COST_DISADVANTAGE,Low,BULLISH_STABLE,75.0,Divergence,risk_off,结构:STRUCTURAL_ACCUMULATION(A/A-); 阶段:Deteriorating(B); 触发:Consolidation(C); 置信度:Low,PASSED,C,fallback
00354,中软国际,2022-09-09,STRUCTURAL_ACCUMULATION,Deteriorating,Consolidation,54.63642076824946,COST_DISADVANTAGE,Low,BULLISH_STABLE,75.0,Divergence,risk_off,结构:STRUCTURAL_ACCUMULATION(A/A-); 阶段:Deteriorating(B); 触发:Consolidation(C); 置信度:Low,PASSED,C,fallback
00354,中软国际,2022-09-16,STRUCTURAL_ACCUMULATION,Deteriorating,Consolidation,54.63642076824946,COST_DISADVANTAGE,Low,BULLISH_STABLE,75.0,Divergence,risk_off,结构:STRUCTURAL_ACCUMULATION(A/A-); 阶段:Deteriorating(B); 触发:Consolidation(C); 置信度:Low,PASSED,C,fallback
00354,中软国际,2022-09-23,STRUCTURAL_ACCUMULATION,Deteriorating,Breakdown,54.63642076824946,COST_DISADVANTAGE,Low,BULLISH_WARNING,55.0,Divergence,risk_off,结构:STRUCTURAL_ACCUMULATION(A/A-); 阶段:Deteriorating(B); 触发:Breakdown(C); 置信度:Low,PASSED,C,matrix
00354,中软国际,2022-09-30,STRUCTURAL_ACCUMULATION,Deteriorating,Breakdown,60.28909540022751,COST_DISADVANTAGE,Low,BULLISH_WARNING,55.0,Divergence,risk_off,结构:STRUCTURAL_ACCUMULATION(A/A-); 阶段:Deteriorating(B); 触发:Breakdown(C); 置信度:Low,PASSED,C,matrix
00354,中软国际,2022-10-07,STRUCTURAL_ACCUMULATION,Deteriorating,Consolidation,60.28909540022751,COST_DISADVANTAGE,Low,BULLISH_STABLE,75.0,Divergence,risk_off,结构:STRUCTURAL_ACCUMULATION(A/A-); 阶段:Deteriorating(B); 触发:Consolidation(C); 置信度:Low,PASSED,C,fallback
00354,中软国际,2022-10-14,STRUCTURAL_ACCUMULATION,Deteriorating,Consolidation,60.28909540022751,COST_DISADVANTAGE,Low,BULLISH_STABLE,75.0,Divergence,risk_off,结构:STRUCTURAL_ACCUMULATION(A/A-); 阶段:Deteriorating(B); 触发:Consolidation(C); 置信度:Low,PASSED,C,fallback
00354,中软国际,2022-10-21,STRUCTURAL_ACCUMULATION,Deteriorating,Consolidation,60.28909540022751,COST_DISADVANTAGE,Low,BULLISH_STABLE,75.0,Divergence,risk_off,结构:STRUCTURAL_ACCUMULATION(A/A-); 阶段:Deteriorating(B); 触发:Consolidation(C); 置信度:Low,PASSED,C,fallback
00354,中软国际,2022-10-28,STRUCTURAL_ACCUMULATION,Deteriorating,Consolidation,60.28909540022751,COST_DISADVANTAGE,Low,BULLISH_STABLE,75.0,Divergence,risk_off,结构:STRUCTURAL_ACCUMULATION(A/A-); 阶段:Deteriorating(B); 触发:Consolidation(C); 置信度:Low,PASSED,C,fallback
00354,中软国际,2022-11-04,STRUCTURAL_ACCUMULATION,Improving,Consolidation,65.07913072008303,COST_DISADVANTAGE,Low,BULLISH_STABLE,75.0,Aligned,risk_off,结构:STRUCTURAL_ACCUMULATION(A/A-); 阶段:Improving(B); 触发:Consolidation(C); 置信度:Low,PASSED,C,matrix
00354,中软国际,2022-11-11,STRUCTURAL_ACCUMULATION,Improving,Consolidation,65.07913072008303,COST_DISADVANTAGE,Low,BULLISH_STABLE,75.0,Aligned,risk_off,结构:STRUCTURAL_ACCUMULATION(A/A-); 阶段:Improving(B); 触发:Consolidation(C); 置信度:Low,PASSED,C,matrix
00354,中软国际,2022-11-18,STRUCTURAL_ACCUMULATION,Improving,Consolidation,65.07913072008303,COST_DISADVANTAGE,Medium,BULLISH_STABLE,75.0,Aligned,risk_off,结构:STRUCTURAL_ACCUMULATION(A/A-); 阶段:Improving(B); 触发:Consolidation(C); 置信度:Medium,PASSED,C,matrix
00354,中软国际,2022-11-25,STRUCTURAL_ACCUMULATION,Improving,Consolidation,65.07913072008303,COST_DISADVANTAGE,Medium,BULLISH_STABLE,75.0,Aligned,risk_off,结构:STRUCTURAL_ACCUMULATION(A/A-); 阶段:Improving(B); 触发:Consolidation(C); 置信度:Medium,PASSED,C,matrix
00354,中软国际,2022-12-02,STRUCTURAL_ACCUMULATION,Deteriorating,Consolidation,33.1301461936188,COST_NEUTRAL,Medium,BULLISH_STABLE,75.0,Divergence,risk_off,结构:STRUCTURAL_ACCUMULATION(A/A-); 阶段:Deteriorating(B); 触发:Consolidation(C); 置信度:Medium,PASSED,C,fallback
00354,中软国际,2022-12-09,STRUCTURAL_ACCUMULATION,Deteriorating,Consolidation,33.1301461936188,COST_NEUTRAL,Medium,BULLISH_STABLE,75.0,Divergence,risk_off,结构:STRUCTURAL_ACCUMULATION(A/A-); 阶段:Deteriorating(B); 触发:Consolidation(C); 置信度:Medium,PASSED,C,fallback
00354,中软国际,2022-12-16,STRUCTURAL_ACCUMULATION,Deteriorating,Consolidation,33.1301461936188,COST_NEUTRAL,Medium,BULLISH_STABLE,75.0,Divergence,risk_off,结构:STRUCTURAL_ACCUMULATION(A/A-); 阶段:Deteriorating(B); 触发:Consolidation(C); 置信度:Medium,PASSED,C,fallback
00354,中软国际,2022-12-23,STRUCTURAL_ACCUMULATION,Deteriorating,Consolidation,33.1301461936188,COST_NEUTRAL,Medium,BULLISH_STABLE,75.0,Divergence,risk_off,结构:STRUCTURAL_ACCUMULATION(A/A-); 阶段:Deteriorating(B); 触发:Consolidation(C); 置信度:Medium,PASSED,C,fallback
00354,中软国际,2022-12-30,STRUCTURAL_ACCUMULATION,Deteriorating,Consolidation,33.1301461936188,COST_NEUTRAL,Medium,BULLISH_STABLE,75.0,Divergence,risk_off,结构:STRUCTURAL_ACCUMULATION(A/A-); 阶段:Deteriorating(B); 触发:Consolidation(C); 置信度:Medium,PASSED,C,fallback
00354,中软国际,2023-01-06,STRUCTURAL_ACCUMULATION,Improving,Consolidation,42.20708201881713,COST_NEUTRAL,Medium,BULLISH_STABLE,75.0,Aligned,risk_off,结构:STRUCTURAL_ACCUMULATION(A/A-); 阶段:Improving(B); 触发:Consolidation(C); 置信度:Medium,PASSED,C,matrix
00354,中软国际,2023-01-13,STRUCTURAL_ACCUMULATION,Improving,Consolidation,42.20708201881713,COST_NEUTRAL,Medium,BULLISH_STABLE,75.0,Aligned,risk_on,结构:STRUCTURAL_ACCUMULATION(A/A-); 阶段:Improving(B); 触发:Consolidation(C); 置信度:Medium,PASSED,C,matrix
00354,中软国际,2023-01-20,STRUCTURAL_ACCUMULATION,Improving,Consolidation,42.20708201881713,COST_NEUTRAL,Medium,BULLISH_STABLE,75.0,Aligned,risk_on,结构:STRUCTURAL_ACCUMULATION(A/A-); 阶段:Improving(B); 触发:Consolidation(C); 置信度:Medium,PASSED,C,matrix
00354,中软国际,2023-01-27,STRUCTURAL_ACCUMULATION,Improving,Consolidation,42.20708201881713,COST_NEUTRAL,Medium,BULLISH_STABLE,75.0,Aligned,risk_on,结构:STRUCTURAL_ACCUMULATION(A/A-); 阶段:Improving(B); 触发:Consolidation(C); 置信度:Medium,PASSED,C,matrix
00354,中软国际,2023-02-03,STRUCTURAL_ACCUMULATION,Deteriorating,Pullback,43.311404124029615,COST_NEUTRAL,Medium,BULLISH_STABLE,75.0,Divergence,risk_on,结构:STRUCTURAL_ACCUMULATION(A/A-); 阶段:Deteriorating(B); 触发:Pullback(C); 置信度:Medium,PASSED,C,fallback
00354,中软国际,2023-02-10,STRUCTURAL_ACCUMULATION,Deteriorating,Consolidation,43.311404124029615,COST_NEUTRAL,Medium,BULLISH_STABLE,75.0,Divergence,risk_on,结构:STRUCTURAL_ACCUMULATION(A/A-); 阶段:Deteriorating(B); 触发:Consolidation(C); 置信度:Medium,PASSED,C,fallback
00354,中软国际,2023-02-17,STRUCTURAL_ACCUMULATION,Deteriorating,Consolidation,43.311404124029615,COST_NEUTRAL,Low,BULLISH_STABLE,75.0,Divergence,risk_on,结构:STRUCTURAL_ACCUMULATION(A/A-); 阶段:Deteriorating(B); 触发:Consolidation(C); 置信度:Low,PASSED,C,fallback
00354,中软国际,2023-02-24,STRUCTURAL_ACCUMULATION,Deteriorating,Consolidation,43.311404124029615,COST_NEUTRAL,Low,BULLISH_STABLE,75.0,Divergence,risk_off,结构:STRUCTURAL_ACCUMULATION(A/A-); 阶段:Deteriorating(B); 触发:Consolidation(C); 置信度:Low,PASSED,C,fallback
00354,中软国际,2023-03-03,STRUCTURAL_ACCUMULATION,Deteriorating,Consolidation,40.86141252031529,COST_DISADVANTAGE,Low,BULLISH_STABLE,75.0,Divergence,risk_off,结构:STRUCTURAL_ACCUMULATION(A/A-); 阶段:Deteriorating(B); 触发:Consolidation(C); 置信度:Low,PASSED,C,fallback
00354,中软国际,2023-03-10,STRUCTURAL_ACCUMULATION,Deteriorating,Consolidation,40.86141252031529,COST_DISADVANTAGE,Low,BULLISH_STABLE,75.0,Divergence,risk_off,结构:STRUCTURAL_ACCUMULATION(A/A-); 阶段:Deteriorating(B); 触发:Consolidation(C); 置信度:Low,PASSED,C,fallback
00354,中软国际,2023-03-17,STRUCTURAL_ACCUMULATION,Deteriorating,Consolidation,40.86141252031529,COST_DISADVANTAGE,Low,BULLISH_STABLE,75.0,Divergence,risk_off,结构:STRUCTURAL_ACCUMULATION(A/A-); 阶段:Deteriorating(B); 触发:Consolidation(C); 置信度:Low,PASSED,C,fallback
00354,中软国际,2023-03-24,STRUCTURAL_ACCUMULATION,Deteriorating,Consolidation,40.86141252031529,COST_DISADVANTAGE,Low,BULLISH_STABLE,75.0,Divergence,risk_off,结构:STRUCTURAL_ACCUMULATION(A/A-); 阶段:Deteriorating(B); 触发:Consolidation(C); 置信度:Low,PASSED,C,fallback
00354,中软国际,2023-03-31,STRUCTURAL_ACCUMULATION,Deteriorating,Breakdown,25.40639686950344,COST_DISADVANTAGE,Low,BULLISH_WARNING,55.0,Divergence,risk_off,结构:STRUCTURAL_ACCUMULATION(A/A-); 阶段:Deteriorating(B); 触发:Breakdown(C); 置信度:Low,PASSED,C,matrix
00354,中软国际,2023-04-07,STRUCTURAL_ACCUMULATION,Deteriorating,Consolidation,25.40639686950344,COST_DISADVANTAGE,Low,BULLISH_STABLE,75.0,Divergence,risk_off,结构:STRUCTURAL_ACCUMULATION(A/A-); 阶段:Deteriorating(B); 触发:Consolidation(C); 置信度:Low,PASSED,C,fallback
00354,中软国际,2023-04-14,STRUCTURAL_ACCUMULATION,Deteriorating,Consolidation,25.40639686950344,COST_DISADVANTAGE,Low,BULLISH_STABLE,75.0,Divergence,risk_off,结构:STRUCTURAL_ACCUMULATION(A/A-); 阶段:Deteriorating(B); 触发:Consolidation(C); 置信度:Low,PASSED,C,fallback
00354,中软国际,2023-04-21,STRUCTURAL_ACCUMULATION,Deteriorating,Consolidation,25.40639686950344,COST_DISADVANTAGE,Low,BULLISH_STABLE,75.0,Divergence,risk_off,结构:STRUCTURAL_ACCUMULATION(A/A-); 阶段:Deteriorating(B); 触发:Consolidation(C); 置信度:Low,PASSED,C,fallback
00354,中软国际,2023-04-28,STRUCTURAL_ACCUMULATION,Deteriorating,Consolidation,25.40639686950344,COST_DISADVANTAGE,Low,BULLISH_STABLE,75.0,Divergence,risk_off,结构:STRUCTURAL_ACCUMULATION(A/A-); 阶段:Deteriorating(B); 触发:Consolidation(C); 置信度:Low,PASSED,C,fallback
00354,中软国际,2023-05-05,STRUCTURAL_ACCUMULATION,Improving,Consolidation,31.71817532686218,COST_DISADVANTAGE,Low,BULLISH_STABLE,75.0,Aligned,risk_off,结构:STRUCTURAL_ACCUMULATION(A/A-); 阶段:Improving(B); 触发:Consolidation(C); 置信度:Low,PASSED,C,matrix
00354,中软国际,2023-05-12,STRUCTURAL_ACCUMULATION,Improving,Consolidation,31.71817532686218,COST_DISADVANTAGE,Low,BULLISH_STABLE,75.0,Aligned,risk_off,结构:STRUCTURAL_ACCUMULATION(A/A-); 阶段:Improving(B); 触发:Consolidation(C); 置信度:Low,PASSED,C,matrix
00354,中软国际,2023-05-19,STRUCTURAL_DECLINE,Improving,Breakdown,31.71817532686218,COST_DISADVANTAGE,Low,BEARISH_CONFIRMED,20.0,Divergence,risk_off,结构:STRUCTURAL_DECLINE(A/A-); 阶段:Improving(B); 触发:Breakdown(C); 置信度:Low,PASSED,C,fallback
00354,中软国际,2023-05-26,STRUCTURAL_DECLINE,Improving,Consolidation,31.71817532686218,COST_DISADVANTAGE,Low,BULLISH_WARNING,55.0,Divergence,risk_off,结构:STRUCTURAL_DECLINE(A/A-); 阶段:Improving(B); 触发:Consolidation(C); 置信度:Low,PASSED,C,tactical_override
00354,中软国际,2023-06-02,STRUCTURAL_DECLINE,Deteriorating,Consolidation,48.12242621685571,COST_DISADVANTAGE,Low,BULLISH_WARNING,55.0,Aligned,risk_off,结构:STRUCTURAL_DECLINE(A/A-); 阶段:Deteriorating(B); 触发:Consolidation(C); 置信度:Low,PASSED,C,tactical_override
00354,中软国际,2023-06-09,STRUCTURAL_DECLINE,Deteriorating,Consolidation,48.12242621685571,COST_DISADVANTAGE,Low,BULLISH_WARNING,55.0,Aligned,neutral,结构:STRUCTURAL_DECLINE(A/A-); 阶段:Deteriorating(B); 触发:Consolidation(C); 置信度:Low,PASSED,C,tactical_override
00354,中软国际,2023-06-16,STRUCTURAL_DECLINE,Deteriorating,Consolidation,48.12242621685571,COST_DISADVANTAGE,Low,BULLISH_WARNING,55.0,Aligned,risk_on,结构:STRUCTURAL_DECLINE(A/A-); 阶段:Deteriorating(B); 触发:Consolidation(C); 置信度:Low,PASSED,C,tactical_override
00354,中软国际,2023-06-23,STRUCTURAL_DECLINE,Deteriorating,Consolidation,48.12242621685571,COST_DISADVANTAGE,Low,BULLISH_WARNING,55.0,Aligned,risk_off,结构:STRUCTURAL_DECLINE(A/A-); 阶段:Deteriorating(B); 触发:Consolidation(C); 置信度:Low,PASSED,C,tactical_override
00354,中软国际,2023-06-30,STRUCTURAL_DECLINE,Improving,Consolidation,48.955583318566774,COST_DISADVANTAGE,Low,BULLISH_WARNING,55.0,Divergence,risk_off,结构:STRUCTURAL_DECLINE(A/A-); 阶段:Improving(B); 触发:Consolidation(C); 置信度:Low,PASSED,C,tactical_override
00354,中软国际,2023-07-07,STRUCTURAL_DECLINE,Improving,Consolidation,48.955583318566774,COST_DISADVANTAGE,Low,BULLISH_WARNING,55.0,Divergence,risk_off,结构:STRUCTURAL_DECLINE(A/A-); 阶段:Improving(B); 触发:Consolidation(C); 置信度:Low,PASSED,C,tactical_override
00354,中软国际,2023-07-14,STRUCTURAL_DECLINE,Improving,Consolidation,48.955583318566774,COST_DISADVANTAGE,Low,BULLISH_WARNING,55.0,Divergence,risk_off,结构:STRUCTURAL_DECLINE(A/A-); 阶段:Improving(B); 触发:Consolidation(C); 置信度:Low,PASSED,C,tactical_override
00354,中软国际,2023-07-21,STRUCTURAL_DECLINE,Improving,Breakdown,48.955583318566774,COST_DISADVANTAGE,Low,BEARISH_CONFIRMED,20.0,Divergence,risk_off,结构:STRUCTURAL_DECLINE(A/A-); 阶段:Improving(B); 触发:Breakdown(C); 置信度:Low,PASSED,C,fallback
00354,中软国际,2023-07-28,STRUCTURAL_DECLINE,Improving,Consolidation,48.955583318566774,COST_DISADVANTAGE,Low,BULLISH_WARNING,55.0,Divergence,risk_off,结构:STRUCTURAL_DECLINE(A/A-); 阶段:Improving(B); 触发:Consolidation(C); 置信度:Low,PASSED,C,tactical_override
00354,中软国际,2023-08-04,STRUCTURAL_DECLINE,Stable,Consolidation,51.08682860119945,COST_NEUTRAL,Low,BULLISH_WARNING,55.0,Aligned,risk_off,结构:STRUCTURAL_DECLINE(A/A-); 阶段:Stable(B); 触发:Consolidation(C); 置信度:Low,PASSED,C,tactical_override
00354,中软国际,2023-08-11,STRUCTURAL_DECLINE,Stable,Consolidation,51.08682860119945,COST_NEUTRAL,Low,BULLISH_WARNING,55.0,Aligned,risk_off,结构:STRUCTURAL_DECLINE(A/A-); 阶段:Stable(B); 触发:Consolidation(C); 置信度:Low,PASSED,C,tactical_override
00354,中软国际,2023-08-18,STRUCTURAL_DECLINE,Stable,Consolidation,51.08682860119945,COST_NEUTRAL,Low,BULLISH_WARNING,55.0,Aligned,risk_off,结构:STRUCTURAL_DECLINE(A/A-); 阶段:Stable(B); 触发:Consolidation(C); 置信度:Low,PASSED,C,tactical_override
00354,中软国际,2023-08-25,STRUCTURAL_DECLINE,Stable,Consolidation,51.08682860119945,COST_NEUTRAL,Low,BULLISH_WARNING,55.0,Aligned,risk_off,结构:STRUCTURAL_DECLINE(A/A-); 阶段:Stable(B); 触发:Consolidation(C); 置信度:Low,PASSED,C,tactical_override
00354,中软国际,2023-09-01,STRUCTURAL_DECLINE,Improving,Consolidation,41.714292784181985,COST_NEUTRAL,Low,BULLISH_WARNING,55.0,Divergence,risk_off,结构:STRUCTURAL_DECLINE(A/A-); 阶段:Improving(B); 触发:Consolidation(C); 置信度:Low,PASSED,C,tactical_override
00354,中软国际,2023-09-08,STRUCTURAL_DECLINE,Improving,Breakout,41.714292784181985,COST_NEUTRAL,Low,BULLISH_WARNING,55.0,Divergence,risk_off,结构:STRUCTURAL_DECLINE(A/A-); 阶段:Improving(B); 触发:Breakout(C); 置信度:Low,PASSED,C,tactical_override
00354,中软国际,2023-09-15,STRUCTURAL_DECLINE,Improving,Consolidation,41.714292784181985,COST_NEUTRAL,Low,BULLISH_WARNING,55.0,Divergence,risk_off,结构:STRUCTURAL_DECLINE(A/A-); 阶段:Improving(B); 触发:Consolidation(C); 置信度:Low,PASSED,C,tactical_override
00354,中软国际,2023-09-22,STRUCTURAL_DECLINE,Improving,Consolidation,41.714292784181985,COST_NEUTRAL,Low,BULLISH_WARNING,55.0,Divergence,risk_off,结构:STRUCTURAL_DECLINE(A/A-); 阶段:Improving(B); 触发:Consolidation(C); 置信度:Low,PASSED,C,tactical_override
00354,中软国际,2023-09-29,STRUCTURAL_DECLINE,Improving,Consolidation,41.714292784181985,COST_NEUTRAL,Low,BULLISH_WARNING,55.0,Divergence,risk_off,结构:STRUCTURAL_DECLINE(A/A-); 阶段:Improving(B); 触发:Consolidation(C); 置信度:Low,PASSED,C,tactical_override
00354,中软国际,2023-10-06,STRUCTURAL_DECLINE,Improving,Consolidation,40.286995994913624,COST_NEUTRAL,Low,BULLISH_WARNING,55.0,Divergence,risk_off,结构:STRUCTURAL_DECLINE(A/A-); 阶段:Improving(B); 触发:Consolidation(C); 置信度:Low,PASSED,C,tactical_override
00354,中软国际,2023-10-13,STRUCTURAL_DECLINE,Improving,Consolidation,40.286995994913624,COST_NEUTRAL,Low,BULLISH_WARNING,55.0,Divergence,risk_off,结构:STRUCTURAL_DECLINE(A/A-); 阶段:Improving(B); 触发:Consolidation(C); 置信度:Low,PASSED,C,tactical_override
00354,中软国际,2023-10-20,STRUCTURAL_DECLINE,Improving,Consolidation,40.286995994913624,COST_NEUTRAL,Low,BULLISH_WARNING,55.0,Divergence,risk_off,结构:STRUCTURAL_DECLINE(A/A-); 阶段:Improving(B); 触发:Consolidation(C); 置信度:Low,PASSED,C,tactical_override
00354,中软国际,2023-10-27,STRUCTURAL_DECLINE,Improving,Pullback,40.286995994913624,COST_NEUTRAL,Low,BULLISH_WARNING,55.0,Divergence,risk_off,结构:STRUCTURAL_DECLINE(A/A-); 阶段:Improving(B); 触发:Pullback(C); 置信度:Low,PASSED,C,tactical_override
00354,中软国际,2023-11-03,STRUCTURAL_DECLINE,Improving,Consolidation,52.644355632770264,COST_NEUTRAL,Low,BULLISH_WARNING,55.0,Divergence,risk_off,结构:STRUCTURAL_DECLINE(A/A-); 阶段:Improving(B); 触发:Consolidation(C); 置信度:Low,PASSED,C,tactical_override
00354,中软国际,2023-11-10,STRUCTURAL_DECLINE,Improving,Consolidation,52.644355632770264,COST_NEUTRAL,Low,BULLISH_WARNING,55.0,Divergence,risk_off,结构:STRUCTURAL_DECLINE(A/A-); 阶段:Improving(B); 触发:Consolidation(C); 置信度:Low,PASSED,C,tactical_override
00354,中软国际,2023-11-17,STRUCTURAL_DECLINE,Improving,Consolidation,52.644355632770264,COST_NEUTRAL,Low,BEARISH_CONFIRMED,20.0,Divergence,neutral,结构:STRUCTURAL_DECLINE(A/A-); 阶段:Improving(B); 触发:Consolidation(C); 置信度:Low,PASSED,C,fallback
00354,中软国际,2023-11-24,STRUCTURAL_DECLINE,Improving,Consolidation,52.644355632770264,COST_NEUTRAL,Low,BEARISH_CONFIRMED,20.0,Divergence,risk_off,结构:STRUCTURAL_DECLINE(A/A-); 阶段:Improving(B); 触发:Consolidation(C); 置信度:Low,PASSED,C,fallback
00354,中软国际,2023-12-01,STRUCTURAL_DECLINE,Deteriorating,Consolidation,30.75599239939886,COST_ADVANTAGE,Low,BEARISH_CONFIRMED,20.0,Aligned,risk_off,结构:STRUCTURAL_DECLINE(A/A-); 阶段:Deteriorating(B); 触发:Consolidation(C); 置信度:Low,PASSED,C,fallback
00354,中软国际,2023-12-08,STRUCTURAL_DECLINE,Deteriorating,Pullback,30.75599239939886,COST_ADVANTAGE,Low,BEARISH_CONFIRMED,20.0,Aligned,risk_off,结构:STRUCTURAL_DECLINE(A/A-); 阶段:Deteriorating(B); 触发:Pullback(C); 置信度:Low,PASSED,C,fallback
00354,中软国际,2023-12-15,STRUCTURAL_DECLINE,Deteriorating,Consolidation,30.75599239939886,COST_ADVANTAGE,Low,BEARISH_CONFIRMED,20.0,Aligned,risk_off,结构:STRUCTURAL_DECLINE(A/A-); 阶段:Deteriorating(B); 触发:Consolidation(C); 置信度:Low,PASSED,C,fallback
00354,中软国际,2023-12-22,STRUCTURAL_DECLINE,Deteriorating,Consolidation,30.75599239939886,COST_ADVANTAGE,Low,BEARISH_CONFIRMED,20.0,Aligned,risk_off,结构:STRUCTURAL_DECLINE(A/A-); 阶段:Deteriorating(B); 触发:Consolidation(C); 置信度:Low,PASSED,C,fallback
00354,中软国际,2023-12-29,STRUCTURAL_DECLINE,Deteriorating,Pullback,30.75599239939886,COST_ADVANTAGE,Low,BEARISH_CONFIRMED,20.0,Aligned,neutral,结构:STRUCTURAL_DECLINE(A/A-); 阶段:Deteriorating(B); 触发:Pullback(C); 置信度:Low,PASSED,C,fallback
00354,中软国际,2024-01-05,STRUCTURAL_DECLINE,Stable,Consolidation,46.30271949355261,COST_DISADVANTAGE,Low,BEARISH_CONFIRMED,20.0,Aligned,risk_off,结构:STRUCTURAL_DECLINE(A/A-); 阶段:Stable(B); 触发:Consolidation(C); 置信度:Low,PASSED,C,fallback
00354,中软国际,2024-01-12,STRUCTURAL_DECLINE,Stable,Consolidation,46.30271949355261,COST_DISADVANTAGE,Low,BEARISH_CONFIRMED,20.0,Aligned,risk_off,结构:STRUCTURAL_DECLINE(A/A-); 阶段:Stable(B); 触发:Consolidation(C); 置信度:Low,PASSED,C,fallback
00354,中软国际,2024-01-19,STRUCTURAL_DECLINE,Stable,Consolidation,46.30271949355261,COST_DISADVANTAGE,Low,BEARISH_CONFIRMED,20.0,Aligned,risk_off,结构:STRUCTURAL_DECLINE(A/A-); 阶段:Stable(B); 触发:Consolidation(C); 置信度:Low,PASSED,C,fallback
00354,中软国际,2024-01-26,STRUCTURAL_DECLINE,Stable,Breakdown,46.30271949355261,COST_DISADVANTAGE,Low,BEARISH_CONFIRMED,20.0,Aligned,risk_off,结构:STRUCTURAL_DECLINE(A/A-); 阶段:Stable(B); 触发:Breakdown(C); 置信度:Low,PASSED,C,fallback
00354,中软国际,2024-02-02,STRUCTURAL_DECLINE,Deteriorating,Breakdown,32.76266100988833,COST_DISADVANTAGE,Low,BEARISH_CONFIRMED,20.0,Aligned,risk_off,结构:STRUCTURAL_DECLINE(A/A-); 阶段:Deteriorating(B); 触发:Breakdown(C); 置信度:Low,PASSED,C,matrix
00354,中软国际,2024-02-09,STRUCTURAL_DECLINE,Deteriorating,Consolidation,32.76266100988833,COST_DISADVANTAGE,Low,BEARISH_CONFIRMED,20.0,Aligned,risk_off,结构:STRUCTURAL_DECLINE(A/A-); 阶段:Deteriorating(B); 触发:Consolidation(C); 置信度:Low,PASSED,C,fallback
00354,中软国际,2024-02-16,STRUCTURAL_BULLISH,Deteriorating,Consolidation,32.76266100988833,COST_DISADVANTAGE,Medium,BULLISH_STABLE,75.0,Divergence,risk_off,结构:STRUCTURAL_BULLISH(A/A-); 阶段:Deteriorating(B); 触发:Consolidation(C); 置信度:Medium,PASSED,C,fallback
00354,中软国际,2024-02-23,STRUCTURAL_BULLISH,Deteriorating,Consolidation,32.76266100988833,COST_DISADVANTAGE,Medium,BULLISH_STABLE,75.0,Divergence,risk_off,结构:STRUCTURAL_BULLISH(A/A-); 阶段:Deteriorating(B); 触发:Consolidation(C); 置信度:Medium,PASSED,C,fallback
00354,中软国际,2024-03-01,STRUCTURAL_BULLISH,Stable,Consolidation,29.57045931404009,COST_NEUTRAL,Medium,BULLISH_STABLE,75.0,Aligned,neutral,结构:STRUCTURAL_BULLISH(A/A-); 阶段:Stable(B); 触发:Consolidation(C); 置信度:Medium,PASSED,C,matrix
00354,中软国际,2024-03-08,STRUCTURAL_BULLISH,Stable,Consolidation,29.57045931404009,COST_NEUTRAL,Medium,BULLISH_STABLE,75.0,Aligned,neutral,结构:STRUCTURAL_BULLISH(A/A-); 阶段:Stable(B); 触发:Consolidation(C); 置信度:Medium,PASSED,C,matrix
00354,中软国际,2024-03-15,STRUCTURAL_BULLISH,Stable,Consolidation,29.57045931404009,COST_NEUTRAL,Medium,BULLISH_STABLE,75.0,Aligned,neutral,结构:STRUCTURAL_BULLISH(A/A-); 阶段:Stable(B); 触发:Consolidation(C); 置信度:Medium,PASSED,C,matrix
00354,中软国际,2024-03-22,STRUCTURAL_BULLISH,Stable,Consolidation,29.57045931404009,COST_NEUTRAL,Medium,BULLISH_STABLE,75.0,Aligned,neutral,结构:STRUCTURAL_BULLISH(A/A-); 阶段:Stable(B); 触发:Consolidation(C); 置信度:Medium,PASSED,C,matrix
00354,中软国际,2024-03-29,STRUCTURAL_BULLISH,Stable,Consolidation,29.57045931404009,COST_NEUTRAL,Medium,BULLISH_STABLE,75.0,Aligned,neutral,结构:STRUCTURAL_BULLISH(A/A-); 阶段:Stable(B); 触发:Consolidation(C); 置信度:Medium,PASSED,C,matrix
00354,中软国际,2024-04-05,STRUCTURAL_BULLISH,Deteriorating,Consolidation,40.715189046461894,COST_DISADVANTAGE,Medium,BULLISH_STABLE,75.0,Divergence,neutral,结构:STRUCTURAL_BULLISH(A/A-); 阶段:Deteriorating(B); 触发:Consolidation(C); 置信度:Medium,PASSED,C,fallback
00354,中软国际,2024-04-12,STRUCTURAL_BULLISH,Deteriorating,Consolidation,40.715189046461894,COST_DISADVANTAGE,Medium,BULLISH_STABLE,75.0,Divergence,risk_on,结构:STRUCTURAL_BULLISH(A/A-); 阶段:Deteriorating(B); 触发:Consolidation(C); 置信度:Medium,PASSED,C,fallback
00354,中软国际,2024-04-19,STRUCTURAL_BULLISH,Deteriorating,Consolidation,40.715189046461894,COST_DISADVANTAGE,Medium,BULLISH_STABLE,75.0,Divergence,risk_on,结构:STRUCTURAL_BULLISH(A/A-); 阶段:Deteriorating(B); 触发:Consolidation(C); 置信度:Medium,PASSED,C,fallback
00354,中软国际,2024-04-26,STRUCTURAL_BULLISH,Deteriorating,Consolidation,40.715189046461894,COST_DISADVANTAGE,Medium,BULLISH_STABLE,75.0,Divergence,risk_on,结构:STRUCTURAL_BULLISH(A/A-); 阶段:Deteriorating(B); 触发:Consolidation(C); 置信度:Medium,PASSED,C,fallback
00354,中软国际,2024-05-03,STRUCTURAL_BULLISH,Stable,Consolidation,46.330373293995734,COST_NEUTRAL,Medium,BULLISH_STABLE,75.0,Aligned,risk_on,结构:STRUCTURAL_BULLISH(A/A-); 阶段:Stable(B); 触发:Consolidation(C); 置信度:Medium,PASSED,C,matrix
00354,中软国际,2024-05-10,STRUCTURAL_BULLISH,Stable,Consolidation,46.330373293995734,COST_NEUTRAL,Medium,BULLISH_STABLE,75.0,Aligned,risk_on,结构:STRUCTURAL_BULLISH(A/A-); 阶段:Stable(B); 触发:Consolidation(C); 置信度:Medium,PASSED,C,matrix
00354,中软国际,2024-05-17,STRUCTURAL_DECLINE,Stable,Consolidation,46.330373293995734,COST_NEUTRAL,Low,BEARISH_CONFIRMED,20.0,Aligned,risk_on,结构:STRUCTURAL_DECLINE(A/A-); 阶段:Stable(B); 触发:Consolidation(C); 置信度:Low,PASSED,C,fallback
00354,中软国际,2024-05-24,STRUCTURAL_DECLINE,Stable,Consolidation,46.330373293995734,COST_NEUTRAL,Low,BEARISH_CONFIRMED,20.0,Aligned,risk_on,结构:STRUCTURAL_DECLINE(A/A-); 阶段:Stable(B); 触发:Consolidation(C); 置信度:Low,PASSED,C,fallback
00354,中软国际,2024-05-31,STRUCTURAL_DECLINE,Stable,Breakdown,41.14587987973759,COST_DISADVANTAGE,Low,BEARISH_CONFIRMED,20.0,Aligned,risk_on,结构:STRUCTURAL_DECLINE(A/A-); 阶段:Stable(B); 触发:Breakdown(C); 置信度:Low,PASSED,C,fallback
00354,中软国际,2024-06-07,STRUCTURAL_DECLINE,Stable,Consolidation,41.14587987973759,COST_DISADVANTAGE,Low,BEARISH_CONFIRMED,20.0,Aligned,risk_on,结构:STRUCTURAL_DECLINE(A/A-); 阶段:Stable(B); 触发:Consolidation(C); 置信度:Low,PASSED,C,fallback
00354,中软国际,2024-06-14,STRUCTURAL_DECLINE,Stable,Consolidation,41.14587987973759,COST_DISADVANTAGE,Low,BEARISH_CONFIRMED,20.0,Aligned,risk_on,结构:STRUCTURAL_DECLINE(A/A-); 阶段:Stable(B); 触发:Consolidation(C); 置信度:Low,PASSED,C,fallback
00354,中软国际,2024-06-21,STRUCTURAL_DECLINE,Stable,Consolidation,41.14587987973759,COST_DISADVANTAGE,Low,BEARISH_CONFIRMED,20.0,Aligned,risk_on,结构:STRUCTURAL_DECLINE(A/A-); 阶段:Stable(B); 触发:Consolidation(C); 置信度:Low,PASSED,C,fallback
00354,中软国际,2024-06-28,STRUCTURAL_DECLINE,Stable,Consolidation,41.14587987973759,COST_DISADVANTAGE,Low,BEARISH_CONFIRMED,20.0,Aligned,risk_on,结构:STRUCTURAL_DECLINE(A/A-); 阶段:Stable(B); 触发:Consolidation(C); 置信度:Low,PASSED,C,fallback
00354,中软国际,2024-07-05,STRUCTURAL_DECLINE,Improving,Consolidation,51.013294290737306,COST_DISADVANTAGE,Low,BEARISH_CONFIRMED,20.0,Divergence,risk_on,结构:STRUCTURAL_DECLINE(A/A-); 阶段:Improving(B); 触发:Consolidation(C); 置信度:Low,PASSED,C,fallback
00354,中软国际,2024-07-12,STRUCTURAL_DECLINE,Improving,Consolidation,51.013294290737306,COST_DISADVANTAGE,Low,BEARISH_CONFIRMED,20.0,Divergence,risk_on,结构:STRUCTURAL_DECLINE(A/A-); 阶段:Improving(B); 触发:Consolidation(C); 置信度:Low,PASSED,C,fallback
00354,中软国际,2024-07-19,STRUCTURAL_DECLINE,Improving,Consolidation,51.013294290737306,COST_DISADVANTAGE,Low,BEARISH_CONFIRMED,20.0,Divergence,risk_on,结构:STRUCTURAL_DECLINE(A/A-); 阶段:Improving(B); 触发:Consolidation(C); 置信度:Low,PASSED,C,fallback
00354,中软国际,2024-07-26,STRUCTURAL_DECLINE,Improving,Breakdown,51.013294290737306,COST_DISADVANTAGE,Low,BEARISH_CONFIRMED,20.0,Divergence,risk_off,结构:STRUCTURAL_DECLINE(A/A-); 阶段:Improving(B); 触发:Breakdown(C); 置信度:Low,PASSED,C,fallback
00354,中软国际,2024-08-02,STRUCTURAL_DECLINE,Deteriorating,Breakdown,64.48624343057324,COST_DISADVANTAGE,Low,BEARISH_CONFIRMED,20.0,Aligned,risk_off,结构:STRUCTURAL_DECLINE(A/A-); 阶段:Deteriorating(B); 触发:Breakdown(C); 置信度:Low,PASSED,C,matrix
00354,中软国际,2024-08-09,STRUCTURAL_DECLINE,Deteriorating,Breakdown,64.48624343057324,COST_DISADVANTAGE,Low,BEARISH_CONFIRMED,20.0,Aligned,risk_off,结构:STRUCTURAL_DECLINE(A/A-); 阶段:Deteriorating(B); 触发:Breakdown(C); 置信度:Low,PASSED,C,matrix
00354,中软国际,2024-08-16,STRUCTURAL_DECLINE,Deteriorating,Consolidation,64.48624343057324,COST_DISADVANTAGE,Medium,BULLISH_WARNING,55.0,Aligned,risk_off,结构:STRUCTURAL_DECLINE(A/A-); 阶段:Deteriorating(B); 触发:Consolidation(C); 置信度:Medium,PASSED,C,tactical_override
00354,中软国际,2024-08-23,STRUCTURAL_DECLINE,Deteriorating,Consolidation,64.48624343057324,COST_DISADVANTAGE,Medium,BULLISH_WARNING,55.0,Aligned,risk_off,结构:STRUCTURAL_DECLINE(A/A-); 阶段:Deteriorating(B); 触发:Consolidation(C); 置信度:Medium,PASSED,C,tactical_override
00354,中软国际,2024-08-30,STRUCTURAL_DECLINE,Deteriorating,Consolidation,64.48624343057324,COST_DISADVANTAGE,Medium,BULLISH_WARNING,55.0,Aligned,risk_off,结构:STRUCTURAL_DECLINE(A/A-); 阶段:Deteriorating(B); 触发:Consolidation(C); 置信度:Medium,PASSED,C,tactical_override
00354,中软国际,2024-09-06,STRUCTURAL_DECLINE,Stable,Consolidation,69.16363355765765,COST_NEUTRAL,Medium,BULLISH_WARNING,55.0,Aligned,risk_off,结构:STRUCTURAL_DECLINE(A/A-); 阶段:Stable(B); 触发:Consolidation(C); 置信度:Medium,PASSED,C,tactical_override
00354,中软国际,2024-09-13,STRUCTURAL_DECLINE,Stable,Consolidation,69.16363355765765,COST_NEUTRAL,Medium,BULLISH_WARNING,55.0,Aligned,risk_off,结构:STRUCTURAL_DECLINE(A/A-); 阶段:Stable(B); 触发:Consolidation(C); 置信度:Medium,PASSED,C,tactical_override
00354,中软国际,2024-09-20,STRUCTURAL_DECLINE,Stable,Consolidation,69.16363355765765,COST_NEUTRAL,Medium,BULLISH_WARNING,55.0,Aligned,neutral,结构:STRUCTURAL_DECLINE(A/A-); 阶段:Stable(B); 触发:Consolidation(C); 置信度:Medium,PASSED,C,tactical_override
00354,中软国际,2024-09-27,STRUCTURAL_DECLINE,Stable,Consolidation,69.16363355765765,COST_NEUTRAL,Medium,BULLISH_WARNING,55.0,Aligned,risk_off,结构:STRUCTURAL_DECLINE(A/A-); 阶段:Stable(B); 触发:Consolidation(C); 置信度:Medium,PASSED,C,tactical_override
00354,中软国际,2024-10-04,STRUCTURAL_DECLINE,Stable,Breakout,52.82603688051601,COST_ADVANTAGE,Medium,BULLISH_WARNING,55.0,Aligned,risk_off,结构:STRUCTURAL_DECLINE(A/A-); 阶段:Stable(B); 触发:Breakout(C); 置信度:Medium,PASSED,C,tactical_override
00354,中软国际,2024-10-11,STRUCTURAL_DECLINE,Stable,Consolidation,52.82603688051601,COST_ADVANTAGE,Medium,BULLISH_WARNING,55.0,Aligned,risk_off,结构:STRUCTURAL_DECLINE(A/A-); 阶段:Stable(B); 触发:Consolidation(C); 置信度:Medium,PASSED,C,tactical_override
00354,中软国际,2024-10-18,STRUCTURAL_DECLINE,Stable,Consolidation,52.82603688051601,COST_ADVANTAGE,Medium,BULLISH_WARNING,55.0,Aligned,risk_off,结构:STRUCTURAL_DECLINE(A/A-); 阶段:Stable(B); 触发:Consolidation(C); 置信度:Medium,PASSED,C,tactical_override
00354,中软国际,2024-10-25,STRUCTURAL_DECLINE,Stable,Consolidation,52.82603688051601,COST_ADVANTAGE,Medium,BULLISH_WARNING,55.0,Aligned,risk_off,结构:STRUCTURAL_DECLINE(A/A-); 阶段:Stable(B); 触发:Consolidation(C); 置信度:Medium,PASSED,C,tactical_override
00354,中软国际,2024-11-01,STRUCTURAL_DECLINE,Deteriorating,Pullback,11.345271652610979,COST_NEUTRAL,Low,BULLISH_WARNING,55.0,Aligned,risk_off,结构:STRUCTURAL_DECLINE(A/A-); 阶段:Deteriorating(B); 触发:Pullback(C); 置信度:Low,PASSED,C,tactical_override
00354,中软国际,2024-11-08,STRUCTURAL_DECLINE,Deteriorating,Consolidation,11.345271652610979,COST_NEUTRAL,Low,BULLISH_WARNING,55.0,Aligned,risk_off,结构:STRUCTURAL_DECLINE(A/A-); 阶段:Deteriorating(B); 触发:Consolidation(C); 置信度:Low,PASSED,C,tactical_override
00354,中软国际,2024-11-15,STRUCTURAL_DECLINE,Deteriorating,Pullback,11.345271652610979,COST_NEUTRAL,Low,BEARISH_CONFIRMED,20.0,Aligned,risk_off,结构:STRUCTURAL_DECLINE(A/A-); 阶段:Deteriorating(B); 触发:Pullback(C); 置信度:Low,PASSED,C,fallback
00354,中软国际,2024-11-22,STRUCTURAL_DECLINE,Deteriorating,Pullback,11.345271652610979,COST_NEUTRAL,Low,BEARISH_CONFIRMED,20.0,Aligned,risk_on,结构:STRUCTURAL_DECLINE(A/A-); 阶段:Deteriorating(B); 触发:Pullback(C); 置信度:Low,PASSED,C,fallback
00354,中软国际,2024-11-29,STRUCTURAL_DECLINE,Deteriorating,Pullback,11.345271652610979,COST_NEUTRAL,Low,BEARISH_CONFIRMED,20.0,Aligned,risk_on,结构:STRUCTURAL_DECLINE(A/A-); 阶段:Deteriorating(B); 触发:Pullback(C); 置信度:Low,PASSED,C,fallback
00354,中软国际,2024-12-06,STRUCTURAL_DECLINE,Stable,Pullback,13.734386691532398,COST_NEUTRAL,Low,BEARISH_CONFIRMED,20.0,Aligned,risk_on,结构:STRUCTURAL_DECLINE(A/A-); 阶段:Stable(B); 触发:Pullback(C); 置信度:Low,PASSED,C,fallback
00354,中软国际,2024-12-13,STRUCTURAL_DECLINE,Stable,Consolidation,13.734386691532398,COST_NEUTRAL,Low,BEARISH_CONFIRMED,20.0,Aligned,risk_on,结构:STRUCTURAL_DECLINE(A/A-); 阶段:Stable(B); 触发:Consolidation(C); 置信度:Low,PASSED,C,fallback
00354,中软国际,2024-12-20,STRUCTURAL_DECLINE,Stable,Pullback,13.734386691532398,COST_NEUTRAL,Low,BEARISH_CONFIRMED,20.0,Aligned,risk_on,结构:STRUCTURAL_DECLINE(A/A-); 阶段:Stable(B); 触发:Pullback(C); 置信度:Low,PASSED,C,fallback
00354,中软国际,2024-12-27,STRUCTURAL_DECLINE,Stable,Pullback,13.734386691532398,COST_NEUTRAL,Low,BEARISH_CONFIRMED,20.0,Aligned,risk_off,结构:STRUCTURAL_DECLINE(A/A-); 阶段:Stable(B); 触发:Pullback(C); 置信度:Low,PASSED,C,fallback
00354,中软国际,2025-01-03,STRUCTURAL_DECLINE,Deteriorating,Consolidation,21.304780839906105,COST_DISADVANTAGE,Low,BEARISH_CONFIRMED,20.0,Aligned,risk_off,结构:STRUCTURAL_DECLINE(A/A-); 阶段:Deteriorating(B); 触发:Consolidation(C); 置信度:Low,PASSED,C,fallback
00354,中软国际,2025-01-10,STRUCTURAL_DECLINE,Deteriorating,Consolidation,21.304780839906105,COST_DISADVANTAGE,Low,BEARISH_CONFIRMED,20.0,Aligned,risk_off,结构:STRUCTURAL_DECLINE(A/A-); 阶段:Deteriorating(B); 触发:Consolidation(C); 置信度:Low,PASSED,C,fallback
00354,中软国际,2025-01-17,STRUCTURAL_DECLINE,Deteriorating,Consolidation,21.304780839906105,COST_DISADVANTAGE,Low,BEARISH_CONFIRMED,20.0,Aligned,risk_off,结构:STRUCTURAL_DECLINE(A/A-); 阶段:Deteriorating(B); 触发:Consolidation(C); 置信度:Low,PASSED,C,fallback
00354,中软国际,2025-01-24,STRUCTURAL_DECLINE,Deteriorating,Consolidation,21.304780839906105,COST_DISADVANTAGE,Low,BEARISH_CONFIRMED,20.0,Aligned,risk_off,结构:STRUCTURAL_DECLINE(A/A-); 阶段:Deteriorating(B); 触发:Consolidation(C); 置信度:Low,PASSED,C,fallback
00354,中软国际,2025-01-31,STRUCTURAL_DECLINE,Stable,Consolidation,36.505748610212216,COST_NEUTRAL,Low,BEARISH_CONFIRMED,20.0,Aligned,neutral,结构:STRUCTURAL_DECLINE(A/A-); 阶段:Stable(B); 触发:Consolidation(C); 置信度:Low,PASSED,C,fallback
00354,中软国际,2025-02-07,STRUCTURAL_DECLINE,Stable,Consolidation,36.505748610212216,COST_NEUTRAL,Low,BEARISH_CONFIRMED,20.0,Aligned,risk_off,结构:STRUCTURAL_DECLINE(A/A-); 阶段:Stable(B); 触发:Consolidation(C); 置信度:Low,PASSED,C,fallback
00354,中软国际,2025-02-14,STRUCTURAL_DECLINE,Stable,Consolidation,36.505748610212216,COST_NEUTRAL,Low,BEARISH_CONFIRMED,20.0,Aligned,risk_off,结构:STRUCTURAL_DECLINE(A/A-); 阶段:Stable(B); 触发:Consolidation(C); 置信度:Low,PASSED,C,fallback
00354,中软国际,2025-02-21,STRUCTURAL_DECLINE,Stable,Consolidation,36.505748610212216,COST_NEUTRAL,Low,BEARISH_CONFIRMED,20.0,Aligned,risk_off,结构:STRUCTURAL_DECLINE(A/A-); 阶段:Stable(B); 触发:Consolidation(C); 置信度:Low,PASSED,C,fallback
00354,中软国际,2025-02-28,STRUCTURAL_DECLINE,Deteriorating,Pullback,12.52516760528235,COST_DISADVANTAGE,Low,BEARISH_CONFIRMED,20.0,Aligned,risk_off,结构:STRUCTURAL_DECLINE(A/A-); 阶段:Deteriorating(B); 触发:Pullback(C); 置信度:Low,PASSED,C,fallback
00354,中软国际,2025-03-07,STRUCTURAL_DECLINE,Deteriorating,Consolidation,12.52516760528235,COST_DISADVANTAGE,Low,BEARISH_CONFIRMED,20.0,Aligned,risk_off,结构:STRUCTURAL_DECLINE(A/A-); 阶段:Deteriorating(B); 触发:Consolidation(C); 置信度:Low,PASSED,C,fallback
00354,中软国际,2025-03-14,STRUCTURAL_DECLINE,Deteriorating,Pullback,12.52516760528235,COST_DISADVANTAGE,Low,BEARISH_CONFIRMED,20.0,Aligned,risk_off,结构:STRUCTURAL_DECLINE(A/A-); 阶段:Deteriorating(B); 触发:Pullback(C); 置信度:Low,PASSED,C,fallback
00354,中软国际,2025-03-21,STRUCTURAL_DECLINE,Deteriorating,Pullback,12.52516760528235,COST_DISADVANTAGE,Low,BEARISH_CONFIRMED,20.0,Aligned,risk_on,结构:STRUCTURAL_DECLINE(A/A-); 阶段:Deteriorating(B); 触发:Pullback(C); 置信度:Low,PASSED,C,fallback
00354,中软国际,2025-03-28,STRUCTURAL_DECLINE,Deteriorating,Consolidation,12.52516760528235,COST_DISADVANTAGE,Low,BEARISH_CONFIRMED,20.0,Aligned,risk_on,结构:STRUCTURAL_DECLINE(A/A-); 阶段:Deteriorating(B); 触发:Consolidation(C); 置信度:Low,PASSED,C,fallback
00354,中软国际,2025-04-04,STRUCTURAL_DECLINE,Deteriorating,Consolidation,16.18127377538422,COST_DISADVANTAGE,Low,BEARISH_CONFIRMED,20.0,Aligned,risk_on,结构:STRUCTURAL_DECLINE(A/A-); 阶段:Deteriorating(B); 触发:Consolidation(C); 置信度:Low,PASSED,C,fallback
00354,中软国际,2025-04-11,STRUCTURAL_DECLINE,Deteriorating,Consolidation,16.18127377538422,COST_DISADVANTAGE,Low,BEARISH_CONFIRMED,20.0,Aligned,risk_off,结构:STRUCTURAL_DECLINE(A/A-); 阶段:Deteriorating(B); 触发:Consolidation(C); 置信度:Low,PASSED,C,fallback
00354,中软国际,2025-04-18,STRUCTURAL_DECLINE,Deteriorating,Consolidation,16.18127377538422,COST_DISADVANTAGE,Low,BEARISH_CONFIRMED,20.0,Aligned,risk_off,结构:STRUCTURAL_DECLINE(A/A-); 阶段:Deteriorating(B); 触发:Consolidation(C); 置信度:Low,PASSED,C,fallback
00354,中软国际,2025-04-25,STRUCTURAL_DECLINE,Deteriorating,Consolidation,16.18127377538422,COST_DISADVANTAGE,Low,BEARISH_CONFIRMED,20.0,Aligned,risk_off,结构:STRUCTURAL_DECLINE(A/A-); 阶段:Deteriorating(B); 触发:Consolidation(C); 置信度:Low,PASSED,C,fallback
00354,中软国际,2025-05-02,STRUCTURAL_DECLINE,Deteriorating,Consolidation,24.935187970844446,COST_NEUTRAL,Low,BEARISH_CONFIRMED,20.0,Aligned,risk_off,结构:STRUCTURAL_DECLINE(A/A-); 阶段:Deteriorating(B); 触发:Consolidation(C); 置信度:Low,PASSED,C,fallback
00354,中软国际,2025-05-09,STRUCTURAL_DECLINE,Deteriorating,Consolidation,24.935187970844446,COST_NEUTRAL,Low,BEARISH_CONFIRMED,20.0,Aligned,risk_off,结构:STRUCTURAL_DECLINE(A/A-); 阶段:Deteriorating(B); 触发:Consolidation(C); 置信度:Low,PASSED,C,fallback
00354,中软国际,2025-05-16,STRUCTURAL_DECLINE,Deteriorating,Consolidation,24.935187970844446,COST_NEUTRAL,Low,BEARISH_CONFIRMED,20.0,Aligned,risk_on,结构:STRUCTURAL_DECLINE(A/A-); 阶段:Deteriorating(B); 触发:Consolidation(C); 置信度:Low,PASSED,C,fallback
00354,中软国际,2025-05-23,STRUCTURAL_DECLINE,Deteriorating,Consolidation,24.935187970844446,COST_NEUTRAL,Low,BEARISH_CONFIRMED,20.0,Aligned,neutral,结构:STRUCTURAL_DECLINE(A/A-); 阶段:Deteriorating(B); 触发:Consolidation(C); 置信度:Low,PASSED,C,fallback
00354,中软国际,2025-05-30,STRUCTURAL_DECLINE,Deteriorating,Consolidation,24.935187970844446,COST_NEUTRAL,Low,BEARISH_CONFIRMED,20.0,Aligned,neutral,结构:STRUCTURAL_DECLINE(A/A-); 阶段:Deteriorating(B); 触发:Consolidation(C); 置信度:Low,PASSED,C,fallback
00354,中软国际,2025-06-06,STRUCTURAL_DECLINE,Improving,Consolidation,26.149490528819022,COST_DISADVANTAGE,Low,BEARISH_CONFIRMED,20.0,Divergence,neutral,结构:STRUCTURAL_DECLINE(A/A-); 阶段:Improving(B); 触发:Consolidation(C); 置信度:Low,PASSED,C,fallback
00354,中软国际,2025-06-13,STRUCTURAL_DECLINE,Improving,Consolidation,26.149490528819022,COST_DISADVANTAGE,Low,BEARISH_CONFIRMED,20.0,Divergence,neutral,结构:STRUCTURAL_DECLINE(A/A-); 阶段:Improving(B); 触发:Consolidation(C); 置信度:Low,PASSED,C,fallback
00354,中软国际,2025-06-20,STRUCTURAL_DECLINE,Improving,Consolidation,26.149490528819022,COST_DISADVANTAGE,Low,BEARISH_CONFIRMED,20.0,Divergence,neutral,结构:STRUCTURAL_DECLINE(A/A-); 阶段:Improving(B); 触发:Consolidation(C); 置信度:Low,PASSED,C,fallback
00354,中软国际,2025-06-27,STRUCTURAL_DECLINE,Improving,Consolidation,26.149490528819022,COST_DISADVANTAGE,Low,BEARISH_CONFIRMED,20.0,Divergence,risk_on,结构:STRUCTURAL_DECLINE(A/A-); 阶段:Improving(B); 触发:Consolidation(C); 置信度:Low,PASSED,C,fallback
00354,中软国际,2025-07-04,STRUCTURAL_DECLINE,Stable,Consolidation,24.353719736203978,COST_NEUTRAL,Low,BEARISH_CONFIRMED,20.0,Aligned,risk_on,结构:STRUCTURAL_DECLINE(A/A-); 阶段:Stable(B); 触发:Consolidation(C); 置信度:Low,PASSED,C,fallback
00354,中软国际,2025-07-11,STRUCTURAL_DECLINE,Stable,Consolidation,24.353719736203978,COST_NEUTRAL,Low,BEARISH_CONFIRMED,20.0,Aligned,risk_on,结构:STRUCTURAL_DECLINE(A/A-); 阶段:Stable(B); 触发:Consolidation(C); 置信度:Low,PASSED,C,fallback
00354,中软国际,2025-07-18,STRUCTURAL_DECLINE,Stable,Consolidation,24.353719736203978,COST_NEUTRAL,Low,BEARISH_CONFIRMED,20.0,Aligned,risk_on,结构:STRUCTURAL_DECLINE(A/A-); 阶段:Stable(B); 触发:Consolidation(C); 置信度:Low,PASSED,C,fallback
00354,中软国际,2025-07-25,STRUCTURAL_DECLINE,Stable,Consolidation,24.353719736203978,COST_NEUTRAL,Low,BEARISH_CONFIRMED,20.0,Aligned,risk_on,结构:STRUCTURAL_DECLINE(A/A-); 阶段:Stable(B); 触发:Consolidation(C); 置信度:Low,PASSED,C,fallback
00354,中软国际,2025-08-01,STRUCTURAL_DECLINE,Stable,Consolidation,21.067714011693216,COST_ADVANTAGE,Low,BEARISH_CONFIRMED,20.0,Aligned,risk_on,结构:STRUCTURAL_DECLINE(A/A-); 阶段:Stable(B); 触发:Consolidation(C); 置信度:Low,PASSED,C,fallback
00354,中软国际,2025-08-08,STRUCTURAL_DECLINE,Stable,Consolidation,21.067714011693216,COST_ADVANTAGE,Low,BEARISH_CONFIRMED,20.0,Aligned,risk_on,结构:STRUCTURAL_DECLINE(A/A-); 阶段:Stable(B); 触发:Consolidation(C); 置信度:Low,PASSED,C,fallback
00354,中软国际,2025-08-15,STRUCTURAL_DECLINE,Stable,Consolidation,21.067714011693216,COST_ADVANTAGE,Low,BEARISH_CONFIRMED,20.0,Aligned,risk_on,结构:STRUCTURAL_DECLINE(A/A-); 阶段:Stable(B); 触发:Consolidation(C); 置信度:Low,PASSED,C,fallback
00354,中软国际,2025-08-22,STRUCTURAL_DECLINE,Stable,Breakout,21.067714011693216,COST_ADVANTAGE,Low,BEARISH_CONFIRMED,20.0,Aligned,risk_on,结构:STRUCTURAL_DECLINE(A/A-); 阶段:Stable(B); 触发:Breakout(C); 置信度:Low,PASSED,C,fallback
00354,中软国际,2025-08-29,STRUCTURAL_DECLINE,Stable,Consolidation,21.067714011693216,COST_ADVANTAGE,Low,BEARISH_CONFIRMED,20.0,Aligned,risk_on,结构:STRUCTURAL_DECLINE(A/A-); 阶段:Stable(B); 触发:Consolidation(C); 置信度:Low,PASSED,C,fallback
00354,中软国际,2025-09-05,STRUCTURAL_DECLINE,Deteriorating,Pullback,21.847145629740105,COST_ADVANTAGE,Low,BEARISH_CONFIRMED,20.0,Aligned,risk_on,结构:STRUCTURAL_DECLINE(A/A-); 阶段:Deteriorating(B); 触发:Pullback(C); 置信度:Low,PASSED,C,fallback
00354,中软国际,2025-09-12,STRUCTURAL_DECLINE,Deteriorating,Pullback,21.847145629740105,COST_ADVANTAGE,Low,BEARISH_CONFIRMED,20.0,Aligned,risk_on,结构:STRUCTURAL_DECLINE(A/A-); 阶段:Deteriorating(B); 触发:Pullback(C); 置信度:Low,PASSED,C,fallback
00354,中软国际,2025-09-19,STRUCTURAL_DECLINE,Deteriorating,Consolidation,21.847145629740105,COST_ADVANTAGE,Low,BEARISH_CONFIRMED,20.0,Aligned,risk_on,结构:STRUCTURAL_DECLINE(A/A-); 阶段:Deteriorating(B); 触发:Consolidation(C); 置信度:Low,PASSED,C,fallback
00354,中软国际,2025-09-26,STRUCTURAL_DECLINE,Deteriorating,Pullback,21.847145629740105,COST_ADVANTAGE,Low,BEARISH_CONFIRMED,20.0,Aligned,risk_on,结构:STRUCTURAL_DECLINE(A/A-); 阶段:Deteriorating(B); 触发:Pullback(C); 置信度:Low,PASSED,C,fallback
00354,中软国际,2025-10-03,STRUCTURAL_DECLINE,Stable,Consolidation,28.651521678547255,COST_ADVANTAGE,Low,BEARISH_CONFIRMED,20.0,Aligned,risk_on,结构:STRUCTURAL_DECLINE(A/A-); 阶段:Stable(B); 触发:Consolidation(C); 置信度:Low,PASSED,C,fallback
00354,中软国际,2025-10-10,STRUCTURAL_DECLINE,Stable,Pullback,28.651521678547255,COST_ADVANTAGE,Low,BEARISH_CONFIRMED,20.0,Aligned,risk_on,结构:STRUCTURAL_DECLINE(A/A-); 阶段:Stable(B); 触发:Pullback(C); 置信度:Low,PASSED,C,fallback
00354,中软国际,2025-10-17,STRUCTURAL_DECLINE,Stable,Consolidation,28.651521678547255,COST_ADVANTAGE,Low,BEARISH_CONFIRMED,20.0,Aligned,risk_off,结构:STRUCTURAL_DECLINE(A/A-); 阶段:Stable(B); 触发:Consolidation(C); 置信度:Low,PASSED,C,fallback
00354,中软国际,2025-10-24,STRUCTURAL_DECLINE,Stable,Consolidation,28.651521678547255,COST_ADVANTAGE,Low,BEARISH_CONFIRMED,20.0,Aligned,risk_off,结构:STRUCTURAL_DECLINE(A/A-); 阶段:Stable(B); 触发:Consolidation(C); 置信度:Low,PASSED,C,fallback
00354,中软国际,2025-10-31,STRUCTURAL_DECLINE,Deteriorating,Pullback,34.2849391907388,COST_DISADVANTAGE,Low,BEARISH_CONFIRMED,20.0,Aligned,risk_on,结构:STRUCTURAL_DECLINE(A/A-); 阶段:Deteriorating(B); 触发:Pullback(C); 置信度:Low,PASSED,C,fallback
00354,中软国际,2025-11-07,STRUCTURAL_DECLINE,Deteriorating,Consolidation,34.2849391907388,COST_DISADVANTAGE,Low,BEARISH_CONFIRMED,20.0,Aligned,risk_on,结构:STRUCTURAL_DECLINE(A/A-); 阶段:Deteriorating(B); 触发:Consolidation(C); 置信度:Low,PASSED,C,fallback
00354,中软国际,2025-11-14,STRUCTURAL_DECLINE,Deteriorating,Consolidation,34.2849391907388,COST_DISADVANTAGE,Low,BEARISH_CONFIRMED,20.0,Aligned,risk_on,结构:STRUCTURAL_DECLINE(A/A-); 阶段:Deteriorating(B); 触发:Consolidation(C); 置信度:Low,PASSED,C,fallback
00354,中软国际,2025-11-21,STRUCTURAL_DECLINE,Deteriorating,Consolidation,34.2849391907388,COST_DISADVANTAGE,Low,BEARISH_CONFIRMED,20.0,Aligned,neutral,结构:STRUCTURAL_DECLINE(A/A-); 阶段:Deteriorating(B); 触发:Consolidation(C); 置信度:Low,PASSED,C,fallback
00354,中软国际,2025-11-28,STRUCTURAL_DECLINE,Deteriorating,Consolidation,34.2849391907388,COST_DISADVANTAGE,Low,BEARISH_CONFIRMED,20.0,Aligned,neutral,结构:STRUCTURAL_DECLINE(A/A-); 阶段:Deteriorating(B); 触发:Consolidation(C); 置信度:Low,PASSED,C,fallback
00354,中软国际,2025-12-05,STRUCTURAL_DECLINE,Deteriorating,Consolidation,44.92266879616432,COST_DISADVANTAGE,Low,BEARISH_CONFIRMED,20.0,Aligned,neutral,结构:STRUCTURAL_DECLINE(A/A-); 阶段:Deteriorating(B); 触发:Consolidation(C); 置信度:Low,PASSED,C,fallback
00354,中软国际,2025-12-12,STRUCTURAL_DECLINE,Deteriorating,Consolidation,44.92266879616432,COST_DISADVANTAGE,Low,BEARISH_CONFIRMED,20.0,Aligned,neutral,结构:STRUCTURAL_DECLINE(A/A-); 阶段:Deteriorating(B); 触发:Consolidation(C); 置信度:Low,PASSED,C,fallback
00354,中软国际,2025-12-19,STRUCTURAL_DECLINE,Deteriorating,Consolidation,44.92266879616432,COST_DISADVANTAGE,Low,BEARISH_CONFIRMED,20.0,Aligned,neutral,结构:STRUCTURAL_DECLINE(A/A-); 阶段:Deteriorating(B); 触发:Consolidation(C); 置信度:Low,PASSED,C,fallback
00354,中软国际,2025-12-26,STRUCTURAL_DECLINE,Deteriorating,Consolidation,44.92266879616432,COST_DISADVANTAGE,Low,BEARISH_CONFIRMED,20.0,Aligned,neutral,结构:STRUCTURAL_DECLINE(A/A-); 阶段:Deteriorating(B); 触发:Consolidation(C); 置信度:Low,PASSED,C,fallback
00354,中软国际,2026-01-02,STRUCTURAL_DECLINE,Deteriorating,Consolidation,50.03638771763931,COST_DISADVANTAGE,Low,BEARISH_CONFIRMED,20.0,Aligned,risk_off,结构:STRUCTURAL_DECLINE(A/A-); 阶段:Deteriorating(B); 触发:Consolidation(C); 置信度:Low,PASSED,C,fallback
00354,中软国际,2026-01-09,STRUCTURAL_DECLINE,Deteriorating,Consolidation,50.03638771763931,COST_DISADVANTAGE,Low,BEARISH_CONFIRMED,20.0,Aligned,neutral,结构:STRUCTURAL_DECLINE(A/A-); 阶段:Deteriorating(B); 触发:Consolidation(C); 置信度:Low,PASSED,C,fallback
00354,中软国际,2026-01-16,STRUCTURAL_DECLINE,Deteriorating,Consolidation,50.03638771763931,COST_DISADVANTAGE,Low,BEARISH_CONFIRMED,20.0,Aligned,risk_on,结构:STRUCTURAL_DECLINE(A/A-); 阶段:Deteriorating(B); 触发:Consolidation(C); 置信度:Low,PASSED,C,fallback
00354,中软国际,2026-01-23,STRUCTURAL_DECLINE,Deteriorating,Consolidation,50.03638771763931,COST_DISADVANTAGE,Low,BEARISH_CONFIRMED,20.0,Aligned,neutral,结构:STRUCTURAL_DECLINE(A/A-); 阶段:Deteriorating(B); 触发:Consolidation(C); 置信度:Low,PASSED,C,fallback
00354,中软国际,2026-01-30,STRUCTURAL_DECLINE,Deteriorating,Consolidation,50.03638771763931,COST_DISADVANTAGE,Low,BEARISH_CONFIRMED,20.0,Aligned,risk_on,结构:STRUCTURAL_DECLINE(A/A-); 阶段:Deteriorating(B); 触发:Consolidation(C); 置信度:Low,PASSED,C,fallback
00354,中软国际,2026-02-06,STRUCTURAL_DECLINE,Stable,Breakdown,49.99288884981753,COST_DISADVANTAGE,Low,BEARISH_CONFIRMED,20.0,Aligned,neutral,结构:STRUCTURAL_DECLINE(A/A-); 阶段:Stable(B); 触发:Breakdown(C); 置信度:Low,PASSED,C,fallback
00354,中软国际,2026-02-13,STRUCTURAL_DECLINE,Stable,Consolidation,49.99288884981753,COST_DISADVANTAGE,Low,BEARISH_CONFIRMED,20.0,Aligned,risk_on,结构:STRUCTURAL_DECLINE(A/A-); 阶段:Stable(B); 触发:Consolidation(C); 置信度:Low,PASSED,C,fallback
00354,中软国际,2026-02-20,STRUCTURAL_DECLINE,Stable,Breakdown,49.99288884981753,COST_DISADVANTAGE,Low,BEARISH_CONFIRMED,20.0,Aligned,risk_on,结构:STRUCTURAL_DECLINE(A/A-); 阶段:Stable(B); 触发:Breakdown(C); 置信度:Low,PASSED,C,fallback
00354,中软国际,2026-02-27,STRUCTURAL_DECLINE,Stable,Breakdown,49.99288884981753,COST_DISADVANTAGE,Low,BEARISH_CONFIRMED,20.0,Aligned,risk_on,结构:STRUCTURAL_DECLINE(A/A-); 阶段:Stable(B); 触发:Breakdown(C); 置信度:Low,PASSED,C,fallback
00354,中软国际,2026-03-06,STRUCTURAL_DECLINE,Deteriorating,Consolidation,52.46944898824318,COST_DISADVANTAGE,Low,BEARISH_CONFIRMED,20.0,Aligned,risk_off,结构:STRUCTURAL_DECLINE(A/A-); 阶段:Deteriorating(B); 触发:Consolidation(C); 置信度:Low,PASSED,C,fallback
00354,中软国际,2026-03-13,STRUCTURAL_DECLINE,Deteriorating,Consolidation,52.46944898824318,COST_DISADVANTAGE,Low,BEARISH_CONFIRMED,20.0,Aligned,risk_off,结构:STRUCTURAL_DECLINE(A/A-); 阶段:Deteriorating(B); 触发:Consolidation(C); 置信度:Low,PASSED,C,fallback
00354,中软国际,2026-03-20,STRUCTURAL_DECLINE,Deteriorating,Breakdown,52.46944898824318,COST_DISADVANTAGE,Low,BEARISH_CONFIRMED,20.0,Aligned,neutral,结构:STRUCTURAL_DECLINE(A/A-); 阶段:Deteriorating(B); 触发:Breakdown(C); 置信度:Low,PASSED,C,matrix
00354,中软国际,2026-03-27,STRUCTURAL_DECLINE,Deteriorating,Breakdown,52.46944898824318,COST_DISADVANTAGE,Low,BEARISH_CONFIRMED,20.0,Aligned,risk_off,结构:STRUCTURAL_DECLINE(A/A-); 阶段:Deteriorating(B); 触发:Breakdown(C); 置信度:Low,PASSED,C,matrix
00354,中软国际,2026-04-03,STRUCTURAL_DECLINE,Deteriorating,Consolidation,43.15371357747756,COST_DISADVANTAGE,Low,BEARISH_CONFIRMED,20.0,Aligned,risk_off,结构:STRUCTURAL_DECLINE(A/A-); 阶段:Deteriorating(B); 触发:Consolidation(C); 置信度:Low,PASSED,C,fallback
00354,中软国际,2026-04-10,STRUCTURAL_DECLINE,Deteriorating,Consolidation,43.15371357747756,COST_DISADVANTAGE,Low,BEARISH_CONFIRMED,20.0,Aligned,neutral,结构:STRUCTURAL_DECLINE(A/A-); 阶段:Deteriorating(B); 触发:Consolidation(C); 置信度:Low,PASSED,C,fallback
00354,中软国际,2026-04-17,STRUCTURAL_DECLINE,Deteriorating,Consolidation,43.15371357747756,COST_DISADVANTAGE,Low,BEARISH_CONFIRMED,20.0,Aligned,risk_off,结构:STRUCTURAL_DECLINE(A/A-); 阶段:Deteriorating(B); 触发:Consolidation(C); 置信度:Low,PASSED,C,fallback
00354,中软国际,2026-04-24,STRUCTURAL_DECLINE,Deteriorating,Consolidation,43.15371357747756,COST_DISADVANTAGE,Low,BEARISH_CONFIRMED,20.0,Aligned,risk_off,结构:STRUCTURAL_DECLINE(A/A-); 阶段:Deteriorating(B); 触发:Consolidation(C); 置信度:Low,PASSED,C,fallback
00354,中软国际,2026-05-01,STRUCTURAL_DECLINE,Improving,Consolidation,50.39363333135628,COST_DISADVANTAGE,Low,BEARISH_CONFIRMED,20.0,Divergence,risk_off,结构:STRUCTURAL_DECLINE(A/A-); 阶段:Improving(B); 触发:Consolidation(C); 置信度:Low,PASSED,C,fallback
00354,中软国际,2026-05-08,STRUCTURAL_DECLINE,Improving,Consolidation,50.39363333135628,COST_DISADVANTAGE,Low,BEARISH_CONFIRMED,20.0,Divergence,neutral,结构:STRUCTURAL_DECLINE(A/A-); 阶段:Improving(B); 触发:Consolidation(C); 置信度:Low,PASSED,C,fallback
00354,中软国际,2026-05-15,STRUCTURAL_DECLINE,Improving,Breakdown,50.39363333135628,COST_DISADVANTAGE,Low,BEARISH_CONFIRMED,20.0,Divergence,risk_off,结构:STRUCTURAL_DECLINE(A/A-); 阶段:Improving(B); 触发:Breakdown(C); 置信度:Low,PASSED,C,fallback
00354,中软国际,2026-05-22,STRUCTURAL_DECLINE,Improving,Consolidation,50.39363333135628,COST_DISADVANTAGE,Low,BULLISH_WARNING,55.0,Divergence,risk_off,结构:STRUCTURAL_DECLINE(A/A-); 阶段:Improving(B); 触发:Consolidation(C); 置信度:Low,PASSED,C,tactical_override
00354,中软国际,2026-05-29,STRUCTURAL_DECLINE,Improving,Consolidation,50.39363333135628,COST_DISADVANTAGE,Low,BULLISH_WARNING,55.0,Divergence,risk_off,结构:STRUCTURAL_DECLINE(A/A-); 阶段:Improving(B); 触发:Consolidation(C); 置信度:Low,PASSED,C,tactical_override
00354,中软国际,2026-06-05,STRUCTURAL_DECLINE,Improving,Consolidation,38.47008616519176,COST_NEUTRAL,Low,BULLISH_WARNING,55.0,Divergence,risk_off,结构:STRUCTURAL_DECLINE(A/A-); 阶段:Improving(B); 触发:Consolidation(C); 置信度:Low,PASSED,C,tactical_override
00354,中软国际,2026-06-12,STRUCTURAL_DECLINE,Improving,Consolidation,38.47008616519176,COST_NEUTRAL,Low,BULLISH_WARNING,55.0,Divergence,risk_off,结构:STRUCTURAL_DECLINE(A/A-); 阶段:Improving(B); 触发:Consolidation(C); 置信度:Low,PASSED,C,tactical_override
00354,中软国际,2026-06-19,STRUCTURAL_DECLINE,Improving,Consolidation,38.47008616519176,COST_NEUTRAL,Low,BULLISH_WARNING,55.0,Divergence,risk_off,结构:STRUCTURAL_DECLINE(A/A-); 阶段:Improving(B); 触发:Consolidation(C); 置信度:Low,PASSED,C,tactical_override
00354,中软国际,2026-06-26,STRUCTURAL_DECLINE,Improving,Breakdown,38.47008616519176,COST_NEUTRAL,Low,BEARISH_CONFIRMED,20.0,Divergence,risk_off,结构:STRUCTURAL_DECLINE(A/A-); 阶段:Improving(B); 触发:Breakdown(C); 置信度:Low,PASSED,C,fallback
00354,中软国际,2026-07-03,STRUCTURAL_DECLINE,Deteriorating,Consolidation,22.43945385844821,COST_DISADVANTAGE,Low,BULLISH_WARNING,55.0,Aligned,risk_off,结构:STRUCTURAL_DECLINE(A/A-); 阶段:Deteriorating(B); 触发:Consolidation(C); 置信度:Low,PASSED,C,tactical_override
00354,中软国际,2026-07-10,STRUCTURAL_DECLINE,Deteriorating,Consolidation,22.43945385844821,COST_DISADVANTAGE,Low,BULLISH_WARNING,55.0,Aligned,risk_off,结构:STRUCTURAL_DECLINE(A/A-); 阶段:Deteriorating(B); 触发:Consolidation(C); 置信度:Low,PASSED,C,tactical_override
00354,中软国际,2026-07-17,STRUCTURAL_DECLINE,Deteriorating,Consolidation,22.43945385844821,COST_DISADVANTAGE,Low,BULLISH_WARNING,55.0,Aligned,risk_off,结构:STRUCTURAL_DECLINE(A/A-); 阶段:Deteriorating(B); 触发:Consolidation(C); 置信度:Low,PASSED,C,tactical_override
00354,中软国际,2026-07-24,STRUCTURAL_DECLINE,Deteriorating,Consolidation,22.43945385844821,COST_DISADVANTAGE,Low,BULLISH_WARNING,55.0,Aligned,risk_off,结构:STRUCTURAL_DECLINE(A/A-); 阶段:Deteriorating(B); 触发:Consolidation(C); 置信度:Low,PASSED,C,tactical_override
00354,中软国际,2026-07-31,STRUCTURAL_DECLINE,Deteriorating,Consolidation,17.833128844932645,COST_ADVANTAGE,Low,BULLISH_WARNING,55.0,Aligned,neutral,结构:STRUCTURAL_DECLINE(A/A-); 阶段:Deteriorating(B); 触发:Consolidation(C); 置信度:Low,PASSED,C,tactical_override
00354,中软国际,2026-08-07,STRUCTURAL_DECLINE,Deteriorating,Consolidation,17.833128844932645,COST_ADVANTAGE,Low,BULLISH_WARNING,55.0,Aligned,risk_off,结构:STRUCTURAL_DECLINE(A/A-); 阶段:Deteriorating(B); 触发:Consolidation(C); 置信度:Low,PASSED,C,tactical_override
00354,中软国际,2026-08-14,STRUCTURAL_DECLINE,Deteriorating,Consolidation,17.833128844932645,COST_ADVANTAGE,Low,BULLISH_WARNING,55.0,Aligned,risk_off,结构:STRUCTURAL_DECLINE(A/A-); 阶段:Deteriorating(B); 触发:Consolidation(C); 置信度:Low,PASSED,C,tactical_override
00354,中软国际,2026-08-21,STRUCTURAL_DECLINE,Deteriorating,Consolidation,17.833128844932645,COST_ADVANTAGE,Low,BULLISH_WARNING,55.0,Aligned,neutral,结构:STRUCTURAL_DECLINE(A/A-); 阶段:Deteriorating(B); 触发:Consolidation(C); 置信度:Low,PASSED,C,tactical_override
