stock_code,stock_name,decision_date,structural_regime,monthly_behavior_state,tactical_signal,cbi_score,cost_position,chip_stability_confidence,mtf_regime,qcfp_score,structure_behavior_alignment,market_context,evidence_summary,ai_check,data_quality,align_method
00700,腾讯控股,2010-01-08,STATE_UNDETERMINED,,Consolidation,,,Low,DATA_INSUFFICIENT,,Unknown,neutral,结构:STATE_UNDETERMINED(A/A-); 阶段:nan(B); 触发:Consolidation(C); 置信度:Low,PASSED,,data_insufficient
00700,腾讯控股,2010-01-15,STATE_UNDETERMINED,,Consolidation,,,Low,DATA_INSUFFICIENT,,Unknown,neutral,结构:STATE_UNDETERMINED(A/A-); 阶段:nan(B); 触发:Consolidation(C); 置信度:Low,PASSED,,data_insufficient
00700,腾讯控股,2010-01-22,STATE_UNDETERMINED,,Consolidation,,,Low,DATA_INSUFFICIENT,,Unknown,neutral,结构:STATE_UNDETERMINED(A/A-); 阶段:nan(B); 触发:Consolidation(C); 置信度:Low,PASSED,,data_insufficient
00700,腾讯控股,2010-01-29,STATE_UNDETERMINED,,Consolidation,,,Low,DATA_INSUFFICIENT,,Unknown,neutral,结构:STATE_UNDETERMINED(A/A-); 阶段:nan(B); 触发:Consolidation(C); 置信度:Low,PASSED,,data_insufficient
00700,腾讯控股,2010-02-05,STATE_UNDETERMINED,Stable,Consolidation,,,Low,DATA_INSUFFICIENT,,Unknown,neutral,结构:STATE_UNDETERMINED(A/A-); 阶段:Stable(B); 触发:Consolidation(C); 置信度:Low,PASSED,C,data_insufficient
00700,腾讯控股,2010-02-12,STATE_UNDETERMINED,Stable,Consolidation,,,Low,DATA_INSUFFICIENT,,Unknown,neutral,结构:STATE_UNDETERMINED(A/A-); 阶段:Stable(B); 触发:Consolidation(C); 置信度:Low,PASSED,C,data_insufficient
00700,腾讯控股,2010-02-19,STATE_UNDETERMINED,Stable,Consolidation,,,Low,DATA_INSUFFICIENT,,Unknown,neutral,结构:STATE_UNDETERMINED(A/A-); 阶段:Stable(B); 触发:Consolidation(C); 置信度:Low,PASSED,C,data_insufficient
00700,腾讯控股,2010-02-26,STATE_UNDETERMINED,Stable,Consolidation,,,Low,DATA_INSUFFICIENT,,Unknown,neutral,结构:STATE_UNDETERMINED(A/A-); 阶段:Stable(B); 触发:Consolidation(C); 置信度:Low,PASSED,C,data_insufficient
00700,腾讯控股,2010-03-05,STATE_UNDETERMINED,Stable,Consolidation,,,Low,DATA_INSUFFICIENT,,Unknown,neutral,结构:STATE_UNDETERMINED(A/A-); 阶段:Stable(B); 触发:Consolidation(C); 置信度:Low,PASSED,C,data_insufficient
00700,腾讯控股,2010-03-12,STATE_UNDETERMINED,Stable,Consolidation,,,Low,DATA_INSUFFICIENT,,Unknown,neutral,结构:STATE_UNDETERMINED(A/A-); 阶段:Stable(B); 触发:Consolidation(C); 置信度:Low,PASSED,C,data_insufficient
00700,腾讯控股,2010-03-19,STATE_UNDETERMINED,Stable,Consolidation,,,Low,DATA_INSUFFICIENT,,Unknown,neutral,结构:STATE_UNDETERMINED(A/A-); 阶段:Stable(B); 触发:Consolidation(C); 置信度:Low,PASSED,C,data_insufficient
00700,腾讯控股,2010-03-26,STATE_UNDETERMINED,Stable,Consolidation,,,Low,DATA_INSUFFICIENT,,Unknown,neutral,结构:STATE_UNDETERMINED(A/A-); 阶段:Stable(B); 触发:Consolidation(C); 置信度:Low,PASSED,C,data_insufficient
00700,腾讯控股,2010-04-02,STATE_UNDETERMINED,Improving,Consolidation,,COST_DISADVANTAGE,Low,DATA_INSUFFICIENT,,Unknown,neutral,结构:STATE_UNDETERMINED(A/A-); 阶段:Improving(B); 触发:Consolidation(C); 置信度:Low,PASSED,C,data_insufficient
00700,腾讯控股,2010-04-09,STATE_UNDETERMINED,Improving,Consolidation,,COST_DISADVANTAGE,Low,DATA_INSUFFICIENT,,Unknown,neutral,结构:STATE_UNDETERMINED(A/A-); 阶段:Improving(B); 触发:Consolidation(C); 置信度:Low,PASSED,C,data_insufficient
00700,腾讯控股,2010-04-16,STATE_UNDETERMINED,Improving,Consolidation,,COST_DISADVANTAGE,Low,DATA_INSUFFICIENT,,Unknown,neutral,结构:STATE_UNDETERMINED(A/A-); 阶段:Improving(B); 触发:Consolidation(C); 置信度:Low,PASSED,C,data_insufficient
00700,腾讯控股,2010-04-23,STATE_UNDETERMINED,Improving,Consolidation,,COST_DISADVANTAGE,Low,DATA_INSUFFICIENT,,Unknown,neutral,结构:STATE_UNDETERMINED(A/A-); 阶段:Improving(B); 触发:Consolidation(C); 置信度:Low,PASSED,C,data_insufficient
00700,腾讯控股,2010-04-30,STATE_UNDETERMINED,Improving,Consolidation,,COST_DISADVANTAGE,Low,DATA_INSUFFICIENT,,Unknown,neutral,结构:STATE_UNDETERMINED(A/A-); 阶段:Improving(B); 触发:Consolidation(C); 置信度:Low,PASSED,C,data_insufficient
00700,腾讯控股,2010-05-07,STATE_UNDETERMINED,Improving,Consolidation,,COST_DISADVANTAGE,Low,DATA_INSUFFICIENT,,Unknown,neutral,结构:STATE_UNDETERMINED(A/A-); 阶段:Improving(B); 触发:Consolidation(C); 置信度:Low,PASSED,C,data_insufficient
00700,腾讯控股,2010-05-14,STATE_UNDETERMINED,Improving,Consolidation,,COST_DISADVANTAGE,Low,DATA_INSUFFICIENT,,Unknown,neutral,结构:STATE_UNDETERMINED(A/A-); 阶段:Improving(B); 触发:Consolidation(C); 置信度:Low,PASSED,C,data_insufficient
00700,腾讯控股,2010-05-21,STATE_UNDETERMINED,Improving,Consolidation,,COST_DISADVANTAGE,Low,DATA_INSUFFICIENT,,Unknown,neutral,结构:STATE_UNDETERMINED(A/A-); 阶段:Improving(B); 触发:Consolidation(C); 置信度:Low,PASSED,C,data_insufficient
00700,腾讯控股,2010-05-28,STATE_UNDETERMINED,Improving,Consolidation,,COST_DISADVANTAGE,Low,DATA_INSUFFICIENT,,Unknown,neutral,结构:STATE_UNDETERMINED(A/A-); 阶段:Improving(B); 触发:Consolidation(C); 置信度:Low,PASSED,C,data_insufficient
00700,腾讯控股,2010-06-04,STATE_UNDETERMINED,Deteriorating,Consolidation,,COST_DISADVANTAGE,Low,DATA_INSUFFICIENT,,Unknown,neutral,结构:STATE_UNDETERMINED(A/A-); 阶段:Deteriorating(B); 触发:Consolidation(C); 置信度:Low,PASSED,C,data_insufficient
00700,腾讯控股,2010-06-11,STATE_UNDETERMINED,Deteriorating,Consolidation,,COST_DISADVANTAGE,Low,DATA_INSUFFICIENT,,Unknown,neutral,结构:STATE_UNDETERMINED(A/A-); 阶段:Deteriorating(B); 触发:Consolidation(C); 置信度:Low,PASSED,C,data_insufficient
00700,腾讯控股,2010-06-18,STATE_UNDETERMINED,Deteriorating,Consolidation,,COST_DISADVANTAGE,Low,DATA_INSUFFICIENT,,Unknown,neutral,结构:STATE_UNDETERMINED(A/A-); 阶段:Deteriorating(B); 触发:Consolidation(C); 置信度:Low,PASSED,C,data_insufficient
00700,腾讯控股,2010-06-25,STATE_UNDETERMINED,Deteriorating,Consolidation,,COST_DISADVANTAGE,Low,DATA_INSUFFICIENT,,Unknown,neutral,结构:STATE_UNDETERMINED(A/A-); 阶段:Deteriorating(B); 触发:Consolidation(C); 置信度:Low,PASSED,C,data_insufficient
00700,腾讯控股,2010-07-02,STATE_UNDETERMINED,Deteriorating,Consolidation,17.553624063284893,COST_DISADVANTAGE,Low,DATA_INSUFFICIENT,,Unknown,neutral,结构:STATE_UNDETERMINED(A/A-); 阶段:Deteriorating(B); 触发:Consolidation(C); 置信度:Low,PASSED,C,data_insufficient
00700,腾讯控股,2010-07-09,STATE_UNDETERMINED,Deteriorating,Consolidation,17.553624063284893,COST_DISADVANTAGE,Low,DATA_INSUFFICIENT,,Unknown,neutral,结构:STATE_UNDETERMINED(A/A-); 阶段:Deteriorating(B); 触发:Consolidation(C); 置信度:Low,PASSED,C,data_insufficient
00700,腾讯控股,2010-07-16,STATE_UNDETERMINED,Deteriorating,Consolidation,17.553624063284893,COST_DISADVANTAGE,Low,DATA_INSUFFICIENT,,Unknown,neutral,结构:STATE_UNDETERMINED(A/A-); 阶段:Deteriorating(B); 触发:Consolidation(C); 置信度:Low,PASSED,C,data_insufficient
00700,腾讯控股,2010-07-23,STATE_UNDETERMINED,Deteriorating,Consolidation,17.553624063284893,COST_DISADVANTAGE,Low,DATA_INSUFFICIENT,,Unknown,neutral,结构:STATE_UNDETERMINED(A/A-); 阶段:Deteriorating(B); 触发:Consolidation(C); 置信度:Low,PASSED,C,data_insufficient
00700,腾讯控股,2010-07-30,STATE_UNDETERMINED,Deteriorating,Consolidation,17.553624063284893,COST_DISADVANTAGE,Low,DATA_INSUFFICIENT,,Unknown,neutral,结构:STATE_UNDETERMINED(A/A-); 阶段:Deteriorating(B); 触发:Consolidation(C); 置信度:Low,PASSED,C,data_insufficient
00700,腾讯控股,2010-08-06,STATE_UNDETERMINED,Improving,Consolidation,35.69989398432401,COST_DISADVANTAGE,Low,DATA_INSUFFICIENT,,Unknown,neutral,结构:STATE_UNDETERMINED(A/A-); 阶段:Improving(B); 触发:Consolidation(C); 置信度:Low,PASSED,C,data_insufficient
00700,腾讯控股,2010-08-13,STATE_UNDETERMINED,Improving,Consolidation,35.69989398432401,COST_DISADVANTAGE,Low,DATA_INSUFFICIENT,,Unknown,neutral,结构:STATE_UNDETERMINED(A/A-); 阶段:Improving(B); 触发:Consolidation(C); 置信度:Low,PASSED,C,data_insufficient
00700,腾讯控股,2010-08-20,STRUCTURAL_BOTTOM_CANDIDATE,Improving,Consolidation,35.69989398432401,COST_DISADVANTAGE,Medium,BULLISH_WARNING,55.0,Aligned,neutral,结构:STRUCTURAL_BOTTOM_CANDIDATE(A/A-); 阶段:Improving(B); 触发:Consolidation(C); 置信度:Medium,PASSED,C,fallback
00700,腾讯控股,2010-08-27,STRUCTURAL_BOTTOM_CANDIDATE,Improving,Consolidation,35.69989398432401,COST_DISADVANTAGE,Medium,BULLISH_WARNING,55.0,Aligned,neutral,结构:STRUCTURAL_BOTTOM_CANDIDATE(A/A-); 阶段:Improving(B); 触发:Consolidation(C); 置信度:Medium,PASSED,C,fallback
00700,腾讯控股,2010-09-03,STRUCTURAL_BOTTOM_CANDIDATE,Deteriorating,Consolidation,45.33786884734226,COST_DISADVANTAGE,Medium,BULLISH_WARNING,55.0,Aligned,neutral,结构:STRUCTURAL_BOTTOM_CANDIDATE(A/A-); 阶段:Deteriorating(B); 触发:Consolidation(C); 置信度:Medium,PASSED,C,fallback
00700,腾讯控股,2010-09-10,STRUCTURAL_BOTTOM_CANDIDATE,Deteriorating,Consolidation,45.33786884734226,COST_DISADVANTAGE,Medium,BULLISH_WARNING,55.0,Aligned,neutral,结构:STRUCTURAL_BOTTOM_CANDIDATE(A/A-); 阶段:Deteriorating(B); 触发:Consolidation(C); 置信度:Medium,PASSED,C,fallback
00700,腾讯控股,2010-09-17,STRUCTURAL_BOTTOM_CANDIDATE,Deteriorating,Consolidation,45.33786884734226,COST_DISADVANTAGE,Medium,BULLISH_WARNING,55.0,Aligned,neutral,结构:STRUCTURAL_BOTTOM_CANDIDATE(A/A-); 阶段:Deteriorating(B); 触发:Consolidation(C); 置信度:Medium,PASSED,C,fallback
00700,腾讯控股,2010-09-24,STRUCTURAL_BOTTOM_CANDIDATE,Deteriorating,Consolidation,45.33786884734226,COST_DISADVANTAGE,Medium,BULLISH_WARNING,55.0,Aligned,neutral,结构:STRUCTURAL_BOTTOM_CANDIDATE(A/A-); 阶段:Deteriorating(B); 触发:Consolidation(C); 置信度:Medium,PASSED,C,fallback
00700,腾讯控股,2010-10-01,STRUCTURAL_BOTTOM_CANDIDATE,Improving,Consolidation,42.07285976143135,COST_DISADVANTAGE,Medium,BULLISH_WARNING,55.0,Aligned,neutral,结构:STRUCTURAL_BOTTOM_CANDIDATE(A/A-); 阶段:Improving(B); 触发:Consolidation(C); 置信度:Medium,PASSED,C,fallback
00700,腾讯控股,2010-10-08,STRUCTURAL_BOTTOM_CANDIDATE,Improving,Consolidation,42.07285976143135,COST_DISADVANTAGE,Medium,BULLISH_WARNING,55.0,Aligned,neutral,结构:STRUCTURAL_BOTTOM_CANDIDATE(A/A-); 阶段:Improving(B); 触发:Consolidation(C); 置信度:Medium,PASSED,C,fallback
00700,腾讯控股,2010-10-15,STRUCTURAL_BOTTOM_CANDIDATE,Improving,Consolidation,42.07285976143135,COST_DISADVANTAGE,Medium,BULLISH_WARNING,55.0,Aligned,neutral,结构:STRUCTURAL_BOTTOM_CANDIDATE(A/A-); 阶段:Improving(B); 触发:Consolidation(C); 置信度:Medium,PASSED,C,fallback
00700,腾讯控股,2010-10-22,STRUCTURAL_BOTTOM_CANDIDATE,Improving,Consolidation,42.07285976143135,COST_DISADVANTAGE,Medium,BULLISH_WARNING,55.0,Aligned,neutral,结构:STRUCTURAL_BOTTOM_CANDIDATE(A/A-); 阶段:Improving(B); 触发:Consolidation(C); 置信度:Medium,PASSED,C,fallback
00700,腾讯控股,2010-10-29,STRUCTURAL_BOTTOM_CANDIDATE,Improving,Consolidation,42.07285976143135,COST_DISADVANTAGE,Medium,BULLISH_WARNING,55.0,Aligned,neutral,结构:STRUCTURAL_BOTTOM_CANDIDATE(A/A-); 阶段:Improving(B); 触发:Consolidation(C); 置信度:Medium,PASSED,C,fallback
00700,腾讯控股,2010-11-05,STRUCTURAL_BOTTOM_CANDIDATE,Improving,Consolidation,41.976824226396204,COST_DISADVANTAGE,Medium,BULLISH_WARNING,55.0,Aligned,neutral,结构:STRUCTURAL_BOTTOM_CANDIDATE(A/A-); 阶段:Improving(B); 触发:Consolidation(C); 置信度:Medium,PASSED,C,fallback
00700,腾讯控股,2010-11-12,STRUCTURAL_BOTTOM_CANDIDATE,Improving,Pullback,41.976824226396204,COST_DISADVANTAGE,Medium,BULLISH_WARNING,55.0,Aligned,neutral,结构:STRUCTURAL_BOTTOM_CANDIDATE(A/A-); 阶段:Improving(B); 触发:Pullback(C); 置信度:Medium,PASSED,C,fallback
00700,腾讯控股,2010-11-19,STRUCTURAL_ACCUMULATION,Improving,Pullback,41.976824226396204,COST_DISADVANTAGE,Medium,BULLISH_STABLE,75.0,Aligned,neutral,结构:STRUCTURAL_ACCUMULATION(A/A-); 阶段:Improving(B); 触发:Pullback(C); 置信度:Medium,PASSED,C,fallback
00700,腾讯控股,2010-11-26,STRUCTURAL_ACCUMULATION,Improving,Pullback,41.976824226396204,COST_DISADVANTAGE,Medium,BULLISH_STABLE,75.0,Aligned,neutral,结构:STRUCTURAL_ACCUMULATION(A/A-); 阶段:Improving(B); 触发:Pullback(C); 置信度:Medium,PASSED,C,fallback
00700,腾讯控股,2010-12-03,STRUCTURAL_ACCUMULATION,Stable,Pullback,27.17850234680119,COST_DISADVANTAGE,Medium,BULLISH_STABLE,75.0,Aligned,neutral,结构:STRUCTURAL_ACCUMULATION(A/A-); 阶段:Stable(B); 触发:Pullback(C); 置信度:Medium,PASSED,C,fallback
00700,腾讯控股,2010-12-10,STRUCTURAL_ACCUMULATION,Stable,Consolidation,27.17850234680119,COST_DISADVANTAGE,Medium,BULLISH_STABLE,75.0,Aligned,neutral,结构:STRUCTURAL_ACCUMULATION(A/A-); 阶段:Stable(B); 触发:Consolidation(C); 置信度:Medium,PASSED,C,fallback
00700,腾讯控股,2010-12-17,STRUCTURAL_ACCUMULATION,Stable,Pullback,27.17850234680119,COST_DISADVANTAGE,Medium,BULLISH_STABLE,75.0,Aligned,neutral,结构:STRUCTURAL_ACCUMULATION(A/A-); 阶段:Stable(B); 触发:Pullback(C); 置信度:Medium,PASSED,C,fallback
00700,腾讯控股,2010-12-24,STRUCTURAL_ACCUMULATION,Stable,Pullback,27.17850234680119,COST_DISADVANTAGE,Medium,BULLISH_STABLE,75.0,Aligned,neutral,结构:STRUCTURAL_ACCUMULATION(A/A-); 阶段:Stable(B); 触发:Pullback(C); 置信度:Medium,PASSED,C,fallback
00700,腾讯控股,2010-12-31,STRUCTURAL_ACCUMULATION,Deteriorating,Pullback,46.970444395982994,COST_DISADVANTAGE,Medium,BULLISH_STABLE,75.0,Divergence,neutral,结构:STRUCTURAL_ACCUMULATION(A/A-); 阶段:Deteriorating(B); 触发:Pullback(C); 置信度:Medium,PASSED,C,fallback
00700,腾讯控股,2011-01-07,STRUCTURAL_ACCUMULATION,Deteriorating,Consolidation,46.970444395982994,COST_DISADVANTAGE,Medium,BULLISH_STABLE,75.0,Divergence,neutral,结构:STRUCTURAL_ACCUMULATION(A/A-); 阶段:Deteriorating(B); 触发:Consolidation(C); 置信度:Medium,PASSED,C,fallback
00700,腾讯控股,2011-01-14,STRUCTURAL_ACCUMULATION,Deteriorating,Consolidation,46.970444395982994,COST_DISADVANTAGE,Medium,BULLISH_STABLE,75.0,Divergence,neutral,结构:STRUCTURAL_ACCUMULATION(A/A-); 阶段:Deteriorating(B); 触发:Consolidation(C); 置信度:Medium,PASSED,C,fallback
00700,腾讯控股,2011-01-21,STRUCTURAL_ACCUMULATION,Deteriorating,Consolidation,46.970444395982994,COST_DISADVANTAGE,Medium,BULLISH_STABLE,75.0,Divergence,neutral,结构:STRUCTURAL_ACCUMULATION(A/A-); 阶段:Deteriorating(B); 触发:Consolidation(C); 置信度:Medium,PASSED,C,fallback
00700,腾讯控股,2011-01-28,STRUCTURAL_ACCUMULATION,Deteriorating,Consolidation,46.970444395982994,COST_DISADVANTAGE,Medium,BULLISH_STABLE,75.0,Divergence,neutral,结构:STRUCTURAL_ACCUMULATION(A/A-); 阶段:Deteriorating(B); 触发:Consolidation(C); 置信度:Medium,PASSED,C,fallback
00700,腾讯控股,2011-02-04,STRUCTURAL_ACCUMULATION,Improving,Consolidation,31.086626417723885,COST_DISADVANTAGE,Medium,BULLISH_STABLE,75.0,Aligned,neutral,结构:STRUCTURAL_ACCUMULATION(A/A-); 阶段:Improving(B); 触发:Consolidation(C); 置信度:Medium,PASSED,C,matrix
00700,腾讯控股,2011-02-11,STRUCTURAL_ACCUMULATION,Improving,Consolidation,31.086626417723885,COST_DISADVANTAGE,Medium,BULLISH_STABLE,75.0,Aligned,neutral,结构:STRUCTURAL_ACCUMULATION(A/A-); 阶段:Improving(B); 触发:Consolidation(C); 置信度:Medium,PASSED,C,matrix
00700,腾讯控股,2011-02-18,STRUCTURAL_ACCUMULATION,Improving,Consolidation,31.086626417723885,COST_DISADVANTAGE,Medium,BULLISH_STABLE,75.0,Aligned,neutral,结构:STRUCTURAL_ACCUMULATION(A/A-); 阶段:Improving(B); 触发:Consolidation(C); 置信度:Medium,PASSED,B,matrix
00700,腾讯控股,2011-02-25,STRUCTURAL_ACCUMULATION,Improving,Pullback,31.086626417723885,COST_DISADVANTAGE,Medium,BULLISH_STABLE,75.0,Aligned,neutral,结构:STRUCTURAL_ACCUMULATION(A/A-); 阶段:Improving(B); 触发:Pullback(C); 置信度:Medium,PASSED,B,fallback
00700,腾讯控股,2011-03-04,STRUCTURAL_ACCUMULATION,Improving,Consolidation,22.608353182645438,COST_DISADVANTAGE,Medium,BULLISH_STABLE,75.0,Aligned,neutral,结构:STRUCTURAL_ACCUMULATION(A/A-); 阶段:Improving(B); 触发:Consolidation(C); 置信度:Medium,PASSED,B,matrix
00700,腾讯控股,2011-03-11,STRUCTURAL_ACCUMULATION,Improving,Consolidation,22.608353182645438,COST_DISADVANTAGE,Medium,BULLISH_STABLE,75.0,Aligned,neutral,结构:STRUCTURAL_ACCUMULATION(A/A-); 阶段:Improving(B); 触发:Consolidation(C); 置信度:Medium,PASSED,B,matrix
00700,腾讯控股,2011-03-18,STRUCTURAL_ACCUMULATION,Improving,Pullback,22.608353182645438,COST_DISADVANTAGE,Medium,BULLISH_STABLE,75.0,Aligned,neutral,结构:STRUCTURAL_ACCUMULATION(A/A-); 阶段:Improving(B); 触发:Pullback(C); 置信度:Medium,PASSED,B,fallback
00700,腾讯控股,2011-03-25,STRUCTURAL_ACCUMULATION,Improving,Pullback,22.608353182645438,COST_DISADVANTAGE,Medium,BULLISH_STABLE,75.0,Aligned,neutral,结构:STRUCTURAL_ACCUMULATION(A/A-); 阶段:Improving(B); 触发:Pullback(C); 置信度:Medium,PASSED,B,fallback
00700,腾讯控股,2011-04-01,STRUCTURAL_ACCUMULATION,Deteriorating,Pullback,20.861587943337668,COST_DISADVANTAGE,Medium,BULLISH_STABLE,75.0,Divergence,neutral,结构:STRUCTURAL_ACCUMULATION(A/A-); 阶段:Deteriorating(B); 触发:Pullback(C); 置信度:Medium,PASSED,B,fallback
00700,腾讯控股,2011-04-08,STRUCTURAL_ACCUMULATION,Deteriorating,Consolidation,20.861587943337668,COST_DISADVANTAGE,Medium,BULLISH_STABLE,75.0,Divergence,neutral,结构:STRUCTURAL_ACCUMULATION(A/A-); 阶段:Deteriorating(B); 触发:Consolidation(C); 置信度:Medium,PASSED,B,fallback
00700,腾讯控股,2011-04-15,STRUCTURAL_ACCUMULATION,Deteriorating,Pullback,20.861587943337668,COST_DISADVANTAGE,Medium,BULLISH_STABLE,75.0,Divergence,neutral,结构:STRUCTURAL_ACCUMULATION(A/A-); 阶段:Deteriorating(B); 触发:Pullback(C); 置信度:Medium,PASSED,B,fallback
00700,腾讯控股,2011-04-22,STRUCTURAL_ACCUMULATION,Deteriorating,Consolidation,20.861587943337668,COST_DISADVANTAGE,Medium,BULLISH_STABLE,75.0,Divergence,neutral,结构:STRUCTURAL_ACCUMULATION(A/A-); 阶段:Deteriorating(B); 触发:Consolidation(C); 置信度:Medium,PASSED,B,fallback
00700,腾讯控股,2011-04-29,STRUCTURAL_ACCUMULATION,Deteriorating,Consolidation,20.861587943337668,COST_DISADVANTAGE,Medium,BULLISH_STABLE,75.0,Divergence,neutral,结构:STRUCTURAL_ACCUMULATION(A/A-); 阶段:Deteriorating(B); 触发:Consolidation(C); 置信度:Medium,PASSED,B,fallback
00700,腾讯控股,2011-05-06,STRUCTURAL_ACCUMULATION,Improving,Consolidation,21.52635305604,COST_DISADVANTAGE,Medium,BULLISH_STABLE,75.0,Aligned,neutral,结构:STRUCTURAL_ACCUMULATION(A/A-); 阶段:Improving(B); 触发:Consolidation(C); 置信度:Medium,PASSED,B,matrix
00700,腾讯控股,2011-05-13,STRUCTURAL_ACCUMULATION,Improving,Consolidation,21.52635305604,COST_DISADVANTAGE,Medium,BULLISH_STABLE,75.0,Aligned,neutral,结构:STRUCTURAL_ACCUMULATION(A/A-); 阶段:Improving(B); 触发:Consolidation(C); 置信度:Medium,PASSED,B,matrix
00700,腾讯控股,2011-05-20,STRUCTURAL_DIVERGENCE,Improving,Consolidation,21.52635305604,COST_DISADVANTAGE,Low,BULLISH_WARNING,55.0,Aligned,neutral,结构:STRUCTURAL_DIVERGENCE(A/A-); 阶段:Improving(B); 触发:Consolidation(C); 置信度:Low,PASSED,C,fallback
00700,腾讯控股,2011-05-27,STRUCTURAL_DIVERGENCE,Improving,Pullback,21.52635305604,COST_DISADVANTAGE,Low,BULLISH_WARNING,55.0,Aligned,neutral,结构:STRUCTURAL_DIVERGENCE(A/A-); 阶段:Improving(B); 触发:Pullback(C); 置信度:Low,PASSED,C,fallback
00700,腾讯控股,2011-06-03,STRUCTURAL_DIVERGENCE,Improving,Consolidation,30.85116891598274,COST_DISADVANTAGE,Low,BULLISH_WARNING,55.0,Aligned,neutral,结构:STRUCTURAL_DIVERGENCE(A/A-); 阶段:Improving(B); 触发:Consolidation(C); 置信度:Low,PASSED,C,fallback
00700,腾讯控股,2011-06-10,STRUCTURAL_DIVERGENCE,Improving,Consolidation,30.85116891598274,COST_DISADVANTAGE,Low,BULLISH_WARNING,55.0,Aligned,neutral,结构:STRUCTURAL_DIVERGENCE(A/A-); 阶段:Improving(B); 触发:Consolidation(C); 置信度:Low,PASSED,C,fallback
00700,腾讯控股,2011-06-17,STRUCTURAL_DIVERGENCE,Improving,Consolidation,30.85116891598274,COST_DISADVANTAGE,Low,BULLISH_WARNING,55.0,Aligned,neutral,结构:STRUCTURAL_DIVERGENCE(A/A-); 阶段:Improving(B); 触发:Consolidation(C); 置信度:Low,PASSED,C,fallback
00700,腾讯控股,2011-06-24,STRUCTURAL_DIVERGENCE,Improving,Consolidation,30.85116891598274,COST_DISADVANTAGE,Low,BULLISH_WARNING,55.0,Aligned,neutral,结构:STRUCTURAL_DIVERGENCE(A/A-); 阶段:Improving(B); 触发:Consolidation(C); 置信度:Low,PASSED,C,fallback
00700,腾讯控股,2011-07-01,STRUCTURAL_DIVERGENCE,Stable,Consolidation,29.123919491956748,COST_DISADVANTAGE,Low,BULLISH_WARNING,55.0,Aligned,neutral,结构:STRUCTURAL_DIVERGENCE(A/A-); 阶段:Stable(B); 触发:Consolidation(C); 置信度:Low,PASSED,C,fallback
00700,腾讯控股,2011-07-08,STRUCTURAL_DIVERGENCE,Stable,Consolidation,29.123919491956748,COST_DISADVANTAGE,Low,BULLISH_WARNING,55.0,Aligned,neutral,结构:STRUCTURAL_DIVERGENCE(A/A-); 阶段:Stable(B); 触发:Consolidation(C); 置信度:Low,PASSED,C,fallback
00700,腾讯控股,2011-07-15,STRUCTURAL_DIVERGENCE,Stable,Consolidation,29.123919491956748,COST_DISADVANTAGE,Low,BULLISH_WARNING,55.0,Aligned,neutral,结构:STRUCTURAL_DIVERGENCE(A/A-); 阶段:Stable(B); 触发:Consolidation(C); 置信度:Low,PASSED,C,fallback
00700,腾讯控股,2011-07-22,STRUCTURAL_DIVERGENCE,Stable,Consolidation,29.123919491956748,COST_DISADVANTAGE,Low,BULLISH_WARNING,55.0,Aligned,neutral,结构:STRUCTURAL_DIVERGENCE(A/A-); 阶段:Stable(B); 触发:Consolidation(C); 置信度:Low,PASSED,C,fallback
00700,腾讯控股,2011-07-29,STRUCTURAL_DIVERGENCE,Stable,Consolidation,29.123919491956748,COST_DISADVANTAGE,Low,BULLISH_WARNING,55.0,Aligned,neutral,结构:STRUCTURAL_DIVERGENCE(A/A-); 阶段:Stable(B); 触发:Consolidation(C); 置信度:Low,PASSED,C,fallback
00700,腾讯控股,2011-08-05,STRUCTURAL_DIVERGENCE,Deteriorating,Consolidation,50.40325402210095,COST_DISADVANTAGE,Low,BULLISH_WARNING,55.0,Aligned,neutral,结构:STRUCTURAL_DIVERGENCE(A/A-); 阶段:Deteriorating(B); 触发:Consolidation(C); 置信度:Low,PASSED,C,fallback
00700,腾讯控股,2011-08-12,STRUCTURAL_DIVERGENCE,Deteriorating,Breakdown,50.40325402210095,COST_DISADVANTAGE,Low,BULLISH_WARNING,55.0,Aligned,neutral,结构:STRUCTURAL_DIVERGENCE(A/A-); 阶段:Deteriorating(B); 触发:Breakdown(C); 置信度:Low,PASSED,C,matrix
00700,腾讯控股,2011-08-19,STRUCTURAL_DIVERGENCE,Deteriorating,Breakdown,50.40325402210095,COST_DISADVANTAGE,Medium,BULLISH_WARNING,55.0,Aligned,neutral,结构:STRUCTURAL_DIVERGENCE(A/A-); 阶段:Deteriorating(B); 触发:Breakdown(C); 置信度:Medium,PASSED,B,matrix
00700,腾讯控股,2011-08-26,STRUCTURAL_DIVERGENCE,Deteriorating,Consolidation,50.40325402210095,COST_DISADVANTAGE,Medium,BULLISH_WARNING,55.0,Aligned,neutral,结构:STRUCTURAL_DIVERGENCE(A/A-); 阶段:Deteriorating(B); 触发:Consolidation(C); 置信度:Medium,PASSED,B,fallback
00700,腾讯控股,2011-09-02,STRUCTURAL_DIVERGENCE,Deteriorating,Consolidation,29.157461323583775,COST_DISADVANTAGE,Medium,BULLISH_WARNING,55.0,Aligned,neutral,结构:STRUCTURAL_DIVERGENCE(A/A-); 阶段:Deteriorating(B); 触发:Consolidation(C); 置信度:Medium,PASSED,B,fallback
00700,腾讯控股,2011-09-09,STRUCTURAL_DIVERGENCE,Deteriorating,Consolidation,29.157461323583775,COST_DISADVANTAGE,Medium,BULLISH_WARNING,55.0,Aligned,neutral,结构:STRUCTURAL_DIVERGENCE(A/A-); 阶段:Deteriorating(B); 触发:Consolidation(C); 置信度:Medium,PASSED,B,fallback
00700,腾讯控股,2011-09-16,STRUCTURAL_DIVERGENCE,Deteriorating,Consolidation,29.157461323583775,COST_DISADVANTAGE,Medium,BULLISH_WARNING,55.0,Aligned,neutral,结构:STRUCTURAL_DIVERGENCE(A/A-); 阶段:Deteriorating(B); 触发:Consolidation(C); 置信度:Medium,PASSED,B,fallback
00700,腾讯控股,2011-09-23,STRUCTURAL_DIVERGENCE,Deteriorating,Breakdown,29.157461323583775,COST_DISADVANTAGE,Medium,BULLISH_WARNING,55.0,Aligned,neutral,结构:STRUCTURAL_DIVERGENCE(A/A-); 阶段:Deteriorating(B); 触发:Breakdown(C); 置信度:Medium,PASSED,B,matrix
00700,腾讯控股,2011-09-30,STRUCTURAL_DIVERGENCE,Stable,Consolidation,27.626055448562916,COST_DISADVANTAGE,Medium,BULLISH_WARNING,55.0,Aligned,neutral,结构:STRUCTURAL_DIVERGENCE(A/A-); 阶段:Stable(B); 触发:Consolidation(C); 置信度:Medium,PASSED,B,fallback
00700,腾讯控股,2011-10-07,STRUCTURAL_DIVERGENCE,Stable,Consolidation,27.626055448562916,COST_DISADVANTAGE,Medium,BULLISH_WARNING,55.0,Aligned,neutral,结构:STRUCTURAL_DIVERGENCE(A/A-); 阶段:Stable(B); 触发:Consolidation(C); 置信度:Medium,PASSED,B,fallback
00700,腾讯控股,2011-10-14,STRUCTURAL_DIVERGENCE,Stable,Consolidation,27.626055448562916,COST_DISADVANTAGE,Medium,BULLISH_WARNING,55.0,Aligned,neutral,结构:STRUCTURAL_DIVERGENCE(A/A-); 阶段:Stable(B); 触发:Consolidation(C); 置信度:Medium,PASSED,B,fallback
00700,腾讯控股,2011-10-21,STRUCTURAL_DIVERGENCE,Stable,Consolidation,27.626055448562916,COST_DISADVANTAGE,Medium,BULLISH_WARNING,55.0,Aligned,neutral,结构:STRUCTURAL_DIVERGENCE(A/A-); 阶段:Stable(B); 触发:Consolidation(C); 置信度:Medium,PASSED,B,fallback
00700,腾讯控股,2011-10-28,STRUCTURAL_DIVERGENCE,Stable,Consolidation,27.626055448562916,COST_DISADVANTAGE,Medium,BULLISH_WARNING,55.0,Aligned,neutral,结构:STRUCTURAL_DIVERGENCE(A/A-); 阶段:Stable(B); 触发:Consolidation(C); 置信度:Medium,PASSED,B,fallback
00700,腾讯控股,2011-11-04,STRUCTURAL_DIVERGENCE,Improving,Consolidation,39.64986144599686,COST_DISADVANTAGE,Medium,BULLISH_WARNING,55.0,Aligned,neutral,结构:STRUCTURAL_DIVERGENCE(A/A-); 阶段:Improving(B); 触发:Consolidation(C); 置信度:Medium,PASSED,B,fallback
00700,腾讯控股,2011-11-11,STRUCTURAL_DIVERGENCE,Improving,Consolidation,39.64986144599686,COST_DISADVANTAGE,Medium,BULLISH_WARNING,55.0,Aligned,neutral,结构:STRUCTURAL_DIVERGENCE(A/A-); 阶段:Improving(B); 触发:Consolidation(C); 置信度:Medium,PASSED,B,fallback
00700,腾讯控股,2011-11-18,STRUCTURAL_BOTTOM_CANDIDATE,Improving,Consolidation,39.64986144599686,COST_DISADVANTAGE,Medium,BULLISH_WARNING,55.0,Aligned,neutral,结构:STRUCTURAL_BOTTOM_CANDIDATE(A/A-); 阶段:Improving(B); 触发:Consolidation(C); 置信度:Medium,PASSED,C,fallback
00700,腾讯控股,2011-11-25,STRUCTURAL_BOTTOM_CANDIDATE,Improving,Consolidation,39.64986144599686,COST_DISADVANTAGE,Medium,BULLISH_WARNING,55.0,Aligned,neutral,结构:STRUCTURAL_BOTTOM_CANDIDATE(A/A-); 阶段:Improving(B); 触发:Consolidation(C); 置信度:Medium,PASSED,C,fallback
00700,腾讯控股,2011-12-02,STRUCTURAL_BOTTOM_CANDIDATE,Deteriorating,Consolidation,11.363023090660159,COST_DISADVANTAGE,Low,BULLISH_WARNING,55.0,Aligned,neutral,结构:STRUCTURAL_BOTTOM_CANDIDATE(A/A-); 阶段:Deteriorating(B); 触发:Consolidation(C); 置信度:Low,PASSED,C,fallback
00700,腾讯控股,2011-12-09,STRUCTURAL_BOTTOM_CANDIDATE,Deteriorating,Consolidation,11.363023090660159,COST_DISADVANTAGE,Low,BULLISH_WARNING,55.0,Aligned,neutral,结构:STRUCTURAL_BOTTOM_CANDIDATE(A/A-); 阶段:Deteriorating(B); 触发:Consolidation(C); 置信度:Low,PASSED,C,fallback
00700,腾讯控股,2011-12-16,STRUCTURAL_BOTTOM_CANDIDATE,Deteriorating,Consolidation,11.363023090660159,COST_DISADVANTAGE,Low,BULLISH_WARNING,55.0,Aligned,neutral,结构:STRUCTURAL_BOTTOM_CANDIDATE(A/A-); 阶段:Deteriorating(B); 触发:Consolidation(C); 置信度:Low,PASSED,C,fallback
00700,腾讯控股,2011-12-23,STRUCTURAL_BOTTOM_CANDIDATE,Deteriorating,Consolidation,11.363023090660159,COST_DISADVANTAGE,Low,BULLISH_WARNING,55.0,Aligned,neutral,结构:STRUCTURAL_BOTTOM_CANDIDATE(A/A-); 阶段:Deteriorating(B); 触发:Consolidation(C); 置信度:Low,PASSED,C,fallback
00700,腾讯控股,2011-12-30,STRUCTURAL_BOTTOM_CANDIDATE,Deteriorating,Consolidation,11.363023090660159,COST_DISADVANTAGE,Low,BULLISH_WARNING,55.0,Aligned,neutral,结构:STRUCTURAL_BOTTOM_CANDIDATE(A/A-); 阶段:Deteriorating(B); 触发:Consolidation(C); 置信度:Low,PASSED,C,fallback
00700,腾讯控股,2012-01-06,STRUCTURAL_BOTTOM_CANDIDATE,Improving,Consolidation,46.41122536258315,COST_DISADVANTAGE,Medium,BULLISH_WARNING,55.0,Aligned,neutral,结构:STRUCTURAL_BOTTOM_CANDIDATE(A/A-); 阶段:Improving(B); 触发:Consolidation(C); 置信度:Medium,PASSED,C,fallback
00700,腾讯控股,2012-01-13,STRUCTURAL_BOTTOM_CANDIDATE,Improving,Consolidation,46.41122536258315,COST_DISADVANTAGE,Medium,BULLISH_WARNING,55.0,Aligned,neutral,结构:STRUCTURAL_BOTTOM_CANDIDATE(A/A-); 阶段:Improving(B); 触发:Consolidation(C); 置信度:Medium,PASSED,C,fallback
00700,腾讯控股,2012-01-20,STRUCTURAL_BOTTOM_CANDIDATE,Improving,Consolidation,46.41122536258315,COST_DISADVANTAGE,Medium,BULLISH_WARNING,55.0,Aligned,neutral,结构:STRUCTURAL_BOTTOM_CANDIDATE(A/A-); 阶段:Improving(B); 触发:Consolidation(C); 置信度:Medium,PASSED,C,fallback
00700,腾讯控股,2012-01-27,STRUCTURAL_BOTTOM_CANDIDATE,Improving,Consolidation,46.41122536258315,COST_DISADVANTAGE,Medium,BULLISH_WARNING,55.0,Aligned,neutral,结构:STRUCTURAL_BOTTOM_CANDIDATE(A/A-); 阶段:Improving(B); 触发:Consolidation(C); 置信度:Medium,PASSED,C,fallback
00700,腾讯控股,2012-02-03,STRUCTURAL_BOTTOM_CANDIDATE,Improving,Consolidation,35.93203058045475,COST_DISADVANTAGE,Medium,BULLISH_WARNING,55.0,Aligned,neutral,结构:STRUCTURAL_BOTTOM_CANDIDATE(A/A-); 阶段:Improving(B); 触发:Consolidation(C); 置信度:Medium,PASSED,C,fallback
00700,腾讯控股,2012-02-10,STRUCTURAL_BOTTOM_CANDIDATE,Improving,Consolidation,35.93203058045475,COST_DISADVANTAGE,Medium,BULLISH_WARNING,55.0,Aligned,neutral,结构:STRUCTURAL_BOTTOM_CANDIDATE(A/A-); 阶段:Improving(B); 触发:Consolidation(C); 置信度:Medium,PASSED,C,fallback
00700,腾讯控股,2012-02-17,STRUCTURAL_DECLINE,Improving,Consolidation,35.93203058045475,COST_DISADVANTAGE,Low,BULLISH_WARNING,55.0,Divergence,neutral,结构:STRUCTURAL_DECLINE(A/A-); 阶段:Improving(B); 触发:Consolidation(C); 置信度:Low,PASSED,C,tactical_override
00700,腾讯控股,2012-02-24,STRUCTURAL_DECLINE,Improving,Consolidation,35.93203058045475,COST_DISADVANTAGE,Low,BULLISH_WARNING,55.0,Divergence,neutral,结构:STRUCTURAL_DECLINE(A/A-); 阶段:Improving(B); 触发:Consolidation(C); 置信度:Low,PASSED,C,tactical_override
00700,腾讯控股,2012-03-02,STRUCTURAL_DECLINE,Improving,Consolidation,46.48633118980789,COST_DISADVANTAGE,Low,BULLISH_WARNING,55.0,Divergence,neutral,结构:STRUCTURAL_DECLINE(A/A-); 阶段:Improving(B); 触发:Consolidation(C); 置信度:Low,PASSED,C,tactical_override
00700,腾讯控股,2012-03-09,STRUCTURAL_DECLINE,Improving,Consolidation,46.48633118980789,COST_DISADVANTAGE,Low,BULLISH_WARNING,55.0,Divergence,neutral,结构:STRUCTURAL_DECLINE(A/A-); 阶段:Improving(B); 触发:Consolidation(C); 置信度:Low,PASSED,C,tactical_override
00700,腾讯控股,2012-03-16,STRUCTURAL_DECLINE,Improving,Consolidation,46.48633118980789,COST_DISADVANTAGE,Low,BULLISH_WARNING,55.0,Divergence,neutral,结构:STRUCTURAL_DECLINE(A/A-); 阶段:Improving(B); 触发:Consolidation(C); 置信度:Low,PASSED,C,tactical_override
00700,腾讯控股,2012-03-23,STRUCTURAL_DECLINE,Improving,Consolidation,46.48633118980789,COST_DISADVANTAGE,Low,BULLISH_WARNING,55.0,Divergence,neutral,结构:STRUCTURAL_DECLINE(A/A-); 阶段:Improving(B); 触发:Consolidation(C); 置信度:Low,PASSED,C,tactical_override
00700,腾讯控股,2012-03-30,STRUCTURAL_DECLINE,Improving,Consolidation,46.48633118980789,COST_DISADVANTAGE,Low,BULLISH_WARNING,55.0,Divergence,neutral,结构:STRUCTURAL_DECLINE(A/A-); 阶段:Improving(B); 触发:Consolidation(C); 置信度:Low,PASSED,C,tactical_override
00700,腾讯控股,2012-04-06,STRUCTURAL_DECLINE,Improving,Consolidation,41.41268457118624,COST_DISADVANTAGE,Low,BULLISH_WARNING,55.0,Divergence,neutral,结构:STRUCTURAL_DECLINE(A/A-); 阶段:Improving(B); 触发:Consolidation(C); 置信度:Low,PASSED,C,tactical_override
00700,腾讯控股,2012-04-13,STRUCTURAL_DECLINE,Improving,Consolidation,41.41268457118624,COST_DISADVANTAGE,Low,BULLISH_WARNING,55.0,Divergence,neutral,结构:STRUCTURAL_DECLINE(A/A-); 阶段:Improving(B); 触发:Consolidation(C); 置信度:Low,PASSED,C,tactical_override
00700,腾讯控股,2012-04-20,STRUCTURAL_DECLINE,Improving,Consolidation,41.41268457118624,COST_DISADVANTAGE,Low,BULLISH_WARNING,55.0,Divergence,neutral,结构:STRUCTURAL_DECLINE(A/A-); 阶段:Improving(B); 触发:Consolidation(C); 置信度:Low,PASSED,C,tactical_override
00700,腾讯控股,2012-04-27,STRUCTURAL_DECLINE,Improving,Consolidation,41.41268457118624,COST_DISADVANTAGE,Low,BULLISH_WARNING,55.0,Divergence,neutral,结构:STRUCTURAL_DECLINE(A/A-); 阶段:Improving(B); 触发:Consolidation(C); 置信度:Low,PASSED,C,tactical_override
00700,腾讯控股,2012-05-04,STRUCTURAL_DECLINE,Improving,Consolidation,49.78449037923726,COST_DISADVANTAGE,Low,BULLISH_WARNING,55.0,Divergence,neutral,结构:STRUCTURAL_DECLINE(A/A-); 阶段:Improving(B); 触发:Consolidation(C); 置信度:Low,PASSED,C,tactical_override
00700,腾讯控股,2012-05-11,STRUCTURAL_DECLINE,Improving,Pullback,49.78449037923726,COST_DISADVANTAGE,Low,BULLISH_WARNING,55.0,Divergence,neutral,结构:STRUCTURAL_DECLINE(A/A-); 阶段:Improving(B); 触发:Pullback(C); 置信度:Low,PASSED,C,tactical_override
00700,腾讯控股,2012-05-18,STRUCTURAL_DECLINE,Improving,Pullback,49.78449037923726,COST_DISADVANTAGE,Medium,BEARISH_CONFIRMED,20.0,Divergence,neutral,结构:STRUCTURAL_DECLINE(A/A-); 阶段:Improving(B); 触发:Pullback(C); 置信度:Medium,PASSED,B,fallback
00700,腾讯控股,2012-05-25,STRUCTURAL_DECLINE,Improving,Pullback,49.78449037923726,COST_DISADVANTAGE,Medium,BEARISH_CONFIRMED,20.0,Divergence,neutral,结构:STRUCTURAL_DECLINE(A/A-); 阶段:Improving(B); 触发:Pullback(C); 置信度:Medium,PASSED,B,fallback
00700,腾讯控股,2012-06-01,STRUCTURAL_DECLINE,Deteriorating,Pullback,27.865066148854822,COST_DISADVANTAGE,Low,BEARISH_CONFIRMED,20.0,Aligned,neutral,结构:STRUCTURAL_DECLINE(A/A-); 阶段:Deteriorating(B); 触发:Pullback(C); 置信度:Low,PASSED,B,fallback
00700,腾讯控股,2012-06-08,STRUCTURAL_DECLINE,Deteriorating,Consolidation,27.865066148854822,COST_DISADVANTAGE,Low,BEARISH_CONFIRMED,20.0,Aligned,neutral,结构:STRUCTURAL_DECLINE(A/A-); 阶段:Deteriorating(B); 触发:Consolidation(C); 置信度:Low,PASSED,B,fallback
00700,腾讯控股,2012-06-15,STRUCTURAL_DECLINE,Deteriorating,Consolidation,27.865066148854822,COST_DISADVANTAGE,Low,BEARISH_CONFIRMED,20.0,Aligned,neutral,结构:STRUCTURAL_DECLINE(A/A-); 阶段:Deteriorating(B); 触发:Consolidation(C); 置信度:Low,PASSED,B,fallback
00700,腾讯控股,2012-06-22,STRUCTURAL_DECLINE,Deteriorating,Pullback,27.865066148854822,COST_DISADVANTAGE,Low,BEARISH_CONFIRMED,20.0,Aligned,neutral,结构:STRUCTURAL_DECLINE(A/A-); 阶段:Deteriorating(B); 触发:Pullback(C); 置信度:Low,PASSED,B,fallback
00700,腾讯控股,2012-06-29,STRUCTURAL_DECLINE,Deteriorating,Consolidation,27.865066148854822,COST_DISADVANTAGE,Low,BEARISH_CONFIRMED,20.0,Aligned,neutral,结构:STRUCTURAL_DECLINE(A/A-); 阶段:Deteriorating(B); 触发:Consolidation(C); 置信度:Low,PASSED,B,fallback
00700,腾讯控股,2012-07-06,STRUCTURAL_DECLINE,Improving,Consolidation,48.24657137413103,COST_DISADVANTAGE,Medium,BEARISH_CONFIRMED,20.0,Divergence,neutral,结构:STRUCTURAL_DECLINE(A/A-); 阶段:Improving(B); 触发:Consolidation(C); 置信度:Medium,PASSED,B,fallback
00700,腾讯控股,2012-07-13,STRUCTURAL_DECLINE,Improving,Pullback,48.24657137413103,COST_DISADVANTAGE,Medium,BEARISH_CONFIRMED,20.0,Divergence,neutral,结构:STRUCTURAL_DECLINE(A/A-); 阶段:Improving(B); 触发:Pullback(C); 置信度:Medium,PASSED,B,fallback
00700,腾讯控股,2012-07-20,STRUCTURAL_DECLINE,Improving,Consolidation,48.24657137413103,COST_DISADVANTAGE,Medium,BEARISH_CONFIRMED,20.0,Divergence,neutral,结构:STRUCTURAL_DECLINE(A/A-); 阶段:Improving(B); 触发:Consolidation(C); 置信度:Medium,PASSED,B,fallback
00700,腾讯控股,2012-07-27,STRUCTURAL_DECLINE,Improving,Consolidation,48.24657137413103,COST_DISADVANTAGE,Medium,BEARISH_CONFIRMED,20.0,Divergence,neutral,结构:STRUCTURAL_DECLINE(A/A-); 阶段:Improving(B); 触发:Consolidation(C); 置信度:Medium,PASSED,B,fallback
00700,腾讯控股,2012-08-03,STRUCTURAL_DECLINE,Improving,Consolidation,54.70116932873248,COST_DISADVANTAGE,Medium,BEARISH_CONFIRMED,20.0,Divergence,neutral,结构:STRUCTURAL_DECLINE(A/A-); 阶段:Improving(B); 触发:Consolidation(C); 置信度:Medium,PASSED,B,fallback
00700,腾讯控股,2012-08-10,STRUCTURAL_DECLINE,Improving,Consolidation,54.70116932873248,COST_DISADVANTAGE,Medium,BEARISH_CONFIRMED,20.0,Divergence,neutral,结构:STRUCTURAL_DECLINE(A/A-); 阶段:Improving(B); 触发:Consolidation(C); 置信度:Medium,PASSED,B,fallback
00700,腾讯控股,2012-08-17,STRUCTURAL_DIVERGENCE,Improving,Consolidation,54.70116932873248,COST_DISADVANTAGE,Low,BULLISH_WARNING,55.0,Aligned,neutral,结构:STRUCTURAL_DIVERGENCE(A/A-); 阶段:Improving(B); 触发:Consolidation(C); 置信度:Low,PASSED,C,fallback
00700,腾讯控股,2012-08-24,STRUCTURAL_DIVERGENCE,Improving,Consolidation,54.70116932873248,COST_DISADVANTAGE,Low,BULLISH_WARNING,55.0,Aligned,neutral,结构:STRUCTURAL_DIVERGENCE(A/A-); 阶段:Improving(B); 触发:Consolidation(C); 置信度:Low,PASSED,C,fallback
00700,腾讯控股,2012-08-31,STRUCTURAL_DIVERGENCE,Improving,Pullback,51.198442991585814,COST_DISADVANTAGE,Low,BULLISH_WARNING,55.0,Aligned,neutral,结构:STRUCTURAL_DIVERGENCE(A/A-); 阶段:Improving(B); 触发:Pullback(C); 置信度:Low,PASSED,C,fallback
00700,腾讯控股,2012-09-07,STRUCTURAL_DIVERGENCE,Improving,Consolidation,51.198442991585814,COST_DISADVANTAGE,Low,BULLISH_WARNING,55.0,Aligned,neutral,结构:STRUCTURAL_DIVERGENCE(A/A-); 阶段:Improving(B); 触发:Consolidation(C); 置信度:Low,PASSED,C,fallback
00700,腾讯控股,2012-09-14,STRUCTURAL_DIVERGENCE,Improving,Consolidation,51.198442991585814,COST_DISADVANTAGE,Low,BULLISH_WARNING,55.0,Aligned,neutral,结构:STRUCTURAL_DIVERGENCE(A/A-); 阶段:Improving(B); 触发:Consolidation(C); 置信度:Low,PASSED,C,fallback
00700,腾讯控股,2012-09-21,STRUCTURAL_DIVERGENCE,Improving,Consolidation,51.198442991585814,COST_DISADVANTAGE,Low,BULLISH_WARNING,55.0,Aligned,neutral,结构:STRUCTURAL_DIVERGENCE(A/A-); 阶段:Improving(B); 触发:Consolidation(C); 置信度:Low,PASSED,C,fallback
00700,腾讯控股,2012-09-28,STRUCTURAL_DIVERGENCE,Improving,Consolidation,51.198442991585814,COST_DISADVANTAGE,Low,BULLISH_WARNING,55.0,Aligned,neutral,结构:STRUCTURAL_DIVERGENCE(A/A-); 阶段:Improving(B); 触发:Consolidation(C); 置信度:Low,PASSED,C,fallback
00700,腾讯控股,2012-10-05,STRUCTURAL_DIVERGENCE,Improving,Consolidation,61.38938312847546,COST_DISADVANTAGE,Low,BULLISH_WARNING,55.0,Aligned,neutral,结构:STRUCTURAL_DIVERGENCE(A/A-); 阶段:Improving(B); 触发:Consolidation(C); 置信度:Low,PASSED,C,fallback
00700,腾讯控股,2012-10-12,STRUCTURAL_DIVERGENCE,Improving,Consolidation,61.38938312847546,COST_DISADVANTAGE,Low,BULLISH_WARNING,55.0,Aligned,neutral,结构:STRUCTURAL_DIVERGENCE(A/A-); 阶段:Improving(B); 触发:Consolidation(C); 置信度:Low,PASSED,C,fallback
00700,腾讯控股,2012-10-19,STRUCTURAL_DIVERGENCE,Improving,Consolidation,61.38938312847546,COST_DISADVANTAGE,Low,BULLISH_WARNING,55.0,Aligned,neutral,结构:STRUCTURAL_DIVERGENCE(A/A-); 阶段:Improving(B); 触发:Consolidation(C); 置信度:Low,PASSED,C,fallback
00700,腾讯控股,2012-10-26,STRUCTURAL_DIVERGENCE,Improving,Consolidation,61.38938312847546,COST_DISADVANTAGE,Low,BULLISH_WARNING,55.0,Aligned,neutral,结构:STRUCTURAL_DIVERGENCE(A/A-); 阶段:Improving(B); 触发:Consolidation(C); 置信度:Low,PASSED,C,fallback
00700,腾讯控股,2012-11-02,STRUCTURAL_DIVERGENCE,Improving,Consolidation,59.126893791646495,COST_DISADVANTAGE,Low,BULLISH_WARNING,55.0,Aligned,neutral,结构:STRUCTURAL_DIVERGENCE(A/A-); 阶段:Improving(B); 触发:Consolidation(C); 置信度:Low,PASSED,C,fallback
00700,腾讯控股,2012-11-09,STRUCTURAL_DIVERGENCE,Improving,Pullback,59.126893791646495,COST_DISADVANTAGE,Low,BULLISH_WARNING,55.0,Aligned,neutral,结构:STRUCTURAL_DIVERGENCE(A/A-); 阶段:Improving(B); 触发:Pullback(C); 置信度:Low,PASSED,C,fallback
00700,腾讯控股,2012-11-16,STRUCTURAL_DIVERGENCE,Improving,Consolidation,59.126893791646495,COST_DISADVANTAGE,Medium,BULLISH_WARNING,55.0,Aligned,neutral,结构:STRUCTURAL_DIVERGENCE(A/A-); 阶段:Improving(B); 触发:Consolidation(C); 置信度:Medium,PASSED,B,fallback
00700,腾讯控股,2012-11-23,STRUCTURAL_DIVERGENCE,Improving,Pullback,59.126893791646495,COST_DISADVANTAGE,Medium,BULLISH_WARNING,55.0,Aligned,neutral,结构:STRUCTURAL_DIVERGENCE(A/A-); 阶段:Improving(B); 触发:Pullback(C); 置信度:Medium,PASSED,B,fallback
00700,腾讯控股,2012-11-30,STRUCTURAL_DIVERGENCE,Deteriorating,Pullback,41.849003802717164,COST_DISADVANTAGE,Low,BULLISH_WARNING,55.0,Aligned,neutral,结构:STRUCTURAL_DIVERGENCE(A/A-); 阶段:Deteriorating(B); 触发:Pullback(C); 置信度:Low,PASSED,B,fallback
00700,腾讯控股,2012-12-07,STRUCTURAL_DIVERGENCE,Deteriorating,Pullback,41.849003802717164,COST_DISADVANTAGE,Low,BULLISH_WARNING,55.0,Aligned,neutral,结构:STRUCTURAL_DIVERGENCE(A/A-); 阶段:Deteriorating(B); 触发:Pullback(C); 置信度:Low,PASSED,B,fallback
00700,腾讯控股,2012-12-14,STRUCTURAL_DIVERGENCE,Deteriorating,Pullback,41.849003802717164,COST_DISADVANTAGE,Low,BULLISH_WARNING,55.0,Aligned,neutral,结构:STRUCTURAL_DIVERGENCE(A/A-); 阶段:Deteriorating(B); 触发:Pullback(C); 置信度:Low,PASSED,B,fallback
00700,腾讯控股,2012-12-21,STRUCTURAL_DIVERGENCE,Deteriorating,Consolidation,41.849003802717164,COST_DISADVANTAGE,Low,BULLISH_WARNING,55.0,Aligned,neutral,结构:STRUCTURAL_DIVERGENCE(A/A-); 阶段:Deteriorating(B); 触发:Consolidation(C); 置信度:Low,PASSED,B,fallback
00700,腾讯控股,2012-12-28,STRUCTURAL_DIVERGENCE,Deteriorating,Consolidation,41.849003802717164,COST_DISADVANTAGE,Low,BULLISH_WARNING,55.0,Aligned,neutral,结构:STRUCTURAL_DIVERGENCE(A/A-); 阶段:Deteriorating(B); 触发:Consolidation(C); 置信度:Low,PASSED,B,fallback
00700,腾讯控股,2013-01-04,STRUCTURAL_DIVERGENCE,Stable,Consolidation,65.76538387094736,COST_DISADVANTAGE,Medium,BULLISH_WARNING,55.0,Aligned,neutral,结构:STRUCTURAL_DIVERGENCE(A/A-); 阶段:Stable(B); 触发:Consolidation(C); 置信度:Medium,PASSED,B,fallback
00700,腾讯控股,2013-01-11,STRUCTURAL_DIVERGENCE,Stable,Consolidation,65.76538387094736,COST_DISADVANTAGE,Medium,BULLISH_WARNING,55.0,Aligned,neutral,结构:STRUCTURAL_DIVERGENCE(A/A-); 阶段:Stable(B); 触发:Consolidation(C); 置信度:Medium,PASSED,B,fallback
00700,腾讯控股,2013-01-18,STRUCTURAL_DIVERGENCE,Stable,Consolidation,65.76538387094736,COST_DISADVANTAGE,Medium,BULLISH_WARNING,55.0,Aligned,neutral,结构:STRUCTURAL_DIVERGENCE(A/A-); 阶段:Stable(B); 触发:Consolidation(C); 置信度:Medium,PASSED,B,fallback
00700,腾讯控股,2013-01-25,STRUCTURAL_DIVERGENCE,Stable,Consolidation,65.76538387094736,COST_DISADVANTAGE,Medium,BULLISH_WARNING,55.0,Aligned,neutral,结构:STRUCTURAL_DIVERGENCE(A/A-); 阶段:Stable(B); 触发:Consolidation(C); 置信度:Medium,PASSED,B,fallback
00700,腾讯控股,2013-02-01,STRUCTURAL_DIVERGENCE,Stable,Consolidation,58.58392854560627,COST_DISADVANTAGE,Medium,BULLISH_WARNING,55.0,Aligned,neutral,结构:STRUCTURAL_DIVERGENCE(A/A-); 阶段:Stable(B); 触发:Consolidation(C); 置信度:Medium,PASSED,B,fallback
00700,腾讯控股,2013-02-08,STRUCTURAL_DIVERGENCE,Stable,Consolidation,58.58392854560627,COST_DISADVANTAGE,Medium,BULLISH_WARNING,55.0,Aligned,neutral,结构:STRUCTURAL_DIVERGENCE(A/A-); 阶段:Stable(B); 触发:Consolidation(C); 置信度:Medium,PASSED,B,fallback
00700,腾讯控股,2013-02-15,STRUCTURAL_DECLINE,Stable,Consolidation,58.58392854560627,COST_DISADVANTAGE,Low,BEARISH_CONFIRMED,20.0,Aligned,neutral,结构:STRUCTURAL_DECLINE(A/A-); 阶段:Stable(B); 触发:Consolidation(C); 置信度:Low,PASSED,C,fallback
00700,腾讯控股,2013-02-22,STRUCTURAL_DECLINE,Stable,Pullback,58.58392854560627,COST_DISADVANTAGE,Low,BEARISH_CONFIRMED,20.0,Aligned,neutral,结构:STRUCTURAL_DECLINE(A/A-); 阶段:Stable(B); 触发:Pullback(C); 置信度:Low,PASSED,C,fallback
00700,腾讯控股,2013-03-01,STRUCTURAL_DECLINE,Deteriorating,Consolidation,73.45114323451888,COST_DISADVANTAGE,Low,BEARISH_CONFIRMED,20.0,Aligned,neutral,结构:STRUCTURAL_DECLINE(A/A-); 阶段:Deteriorating(B); 触发:Consolidation(C); 置信度:Low,PASSED,C,fallback
00700,腾讯控股,2013-03-08,STRUCTURAL_DECLINE,Deteriorating,Consolidation,73.45114323451888,COST_DISADVANTAGE,Low,BEARISH_CONFIRMED,20.0,Aligned,neutral,结构:STRUCTURAL_DECLINE(A/A-); 阶段:Deteriorating(B); 触发:Consolidation(C); 置信度:Low,PASSED,C,fallback
00700,腾讯控股,2013-03-15,STRUCTURAL_DECLINE,Deteriorating,Consolidation,73.45114323451888,COST_DISADVANTAGE,Low,BEARISH_CONFIRMED,20.0,Aligned,neutral,结构:STRUCTURAL_DECLINE(A/A-); 阶段:Deteriorating(B); 触发:Consolidation(C); 置信度:Low,PASSED,C,fallback
00700,腾讯控股,2013-03-22,STRUCTURAL_DECLINE,Deteriorating,Consolidation,73.45114323451888,COST_DISADVANTAGE,Low,BEARISH_CONFIRMED,20.0,Aligned,neutral,结构:STRUCTURAL_DECLINE(A/A-); 阶段:Deteriorating(B); 触发:Consolidation(C); 置信度:Low,PASSED,C,fallback
00700,腾讯控股,2013-03-29,STRUCTURAL_DECLINE,Deteriorating,Consolidation,73.45114323451888,COST_DISADVANTAGE,Low,BEARISH_CONFIRMED,20.0,Aligned,neutral,结构:STRUCTURAL_DECLINE(A/A-); 阶段:Deteriorating(B); 触发:Consolidation(C); 置信度:Low,PASSED,C,fallback
00700,腾讯控股,2013-04-05,STRUCTURAL_DECLINE,Deteriorating,Breakdown,38.116524488093575,COST_DISADVANTAGE,Low,BEARISH_CONFIRMED,20.0,Aligned,neutral,结构:STRUCTURAL_DECLINE(A/A-); 阶段:Deteriorating(B); 触发:Breakdown(C); 置信度:Low,PASSED,C,matrix
00700,腾讯控股,2013-04-12,STRUCTURAL_DECLINE,Deteriorating,Consolidation,38.116524488093575,COST_DISADVANTAGE,Low,BEARISH_CONFIRMED,20.0,Aligned,neutral,结构:STRUCTURAL_DECLINE(A/A-); 阶段:Deteriorating(B); 触发:Consolidation(C); 置信度:Low,PASSED,C,fallback
00700,腾讯控股,2013-04-19,STRUCTURAL_DECLINE,Deteriorating,Consolidation,38.116524488093575,COST_DISADVANTAGE,Low,BEARISH_CONFIRMED,20.0,Aligned,neutral,结构:STRUCTURAL_DECLINE(A/A-); 阶段:Deteriorating(B); 触发:Consolidation(C); 置信度:Low,PASSED,C,fallback
00700,腾讯控股,2013-04-26,STRUCTURAL_DECLINE,Deteriorating,Consolidation,38.116524488093575,COST_DISADVANTAGE,Low,BEARISH_CONFIRMED,20.0,Aligned,neutral,结构:STRUCTURAL_DECLINE(A/A-); 阶段:Deteriorating(B); 触发:Consolidation(C); 置信度:Low,PASSED,C,fallback
00700,腾讯控股,2013-05-03,STRUCTURAL_DECLINE,Improving,Consolidation,52.73531658511004,COST_DISADVANTAGE,Low,BEARISH_CONFIRMED,20.0,Divergence,neutral,结构:STRUCTURAL_DECLINE(A/A-); 阶段:Improving(B); 触发:Consolidation(C); 置信度:Low,PASSED,C,fallback
00700,腾讯控股,2013-05-10,STRUCTURAL_DECLINE,Improving,Consolidation,52.73531658511004,COST_DISADVANTAGE,Low,BEARISH_CONFIRMED,20.0,Divergence,neutral,结构:STRUCTURAL_DECLINE(A/A-); 阶段:Improving(B); 触发:Consolidation(C); 置信度:Low,PASSED,C,fallback
00700,腾讯控股,2013-05-17,STRUCTURAL_DECLINE,Improving,Consolidation,52.73531658511004,COST_DISADVANTAGE,Medium,BEARISH_CONFIRMED,20.0,Divergence,neutral,结构:STRUCTURAL_DECLINE(A/A-); 阶段:Improving(B); 触发:Consolidation(C); 置信度:Medium,PASSED,B,fallback
00700,腾讯控股,2013-05-24,STRUCTURAL_DECLINE,Improving,Consolidation,52.73531658511004,COST_DISADVANTAGE,Medium,BEARISH_CONFIRMED,20.0,Divergence,neutral,结构:STRUCTURAL_DECLINE(A/A-); 阶段:Improving(B); 触发:Consolidation(C); 置信度:Medium,PASSED,B,fallback
00700,腾讯控股,2013-05-31,STRUCTURAL_DECLINE,Stable,Consolidation,51.60903072613975,COST_DISADVANTAGE,Medium,BEARISH_CONFIRMED,20.0,Aligned,neutral,结构:STRUCTURAL_DECLINE(A/A-); 阶段:Stable(B); 触发:Consolidation(C); 置信度:Medium,PASSED,B,fallback
00700,腾讯控股,2013-06-07,STRUCTURAL_DECLINE,Stable,Consolidation,51.60903072613975,COST_DISADVANTAGE,Medium,BEARISH_CONFIRMED,20.0,Aligned,neutral,结构:STRUCTURAL_DECLINE(A/A-); 阶段:Stable(B); 触发:Consolidation(C); 置信度:Medium,PASSED,B,fallback
00700,腾讯控股,2013-06-14,STRUCTURAL_DECLINE,Stable,Consolidation,51.60903072613975,COST_DISADVANTAGE,Medium,BEARISH_CONFIRMED,20.0,Aligned,neutral,结构:STRUCTURAL_DECLINE(A/A-); 阶段:Stable(B); 触发:Consolidation(C); 置信度:Medium,PASSED,B,fallback
00700,腾讯控股,2013-06-21,STRUCTURAL_DECLINE,Stable,Pullback,51.60903072613975,COST_DISADVANTAGE,Medium,BEARISH_CONFIRMED,20.0,Aligned,neutral,结构:STRUCTURAL_DECLINE(A/A-); 阶段:Stable(B); 触发:Pullback(C); 置信度:Medium,PASSED,B,fallback
00700,腾讯控股,2013-06-28,STRUCTURAL_DECLINE,Stable,Consolidation,51.60903072613975,COST_DISADVANTAGE,Medium,BEARISH_CONFIRMED,20.0,Aligned,neutral,结构:STRUCTURAL_DECLINE(A/A-); 阶段:Stable(B); 触发:Consolidation(C); 置信度:Medium,PASSED,B,fallback
00700,腾讯控股,2013-07-05,STRUCTURAL_DECLINE,Stable,Consolidation,57.553787092363926,COST_DISADVANTAGE,Medium,BEARISH_CONFIRMED,20.0,Aligned,neutral,结构:STRUCTURAL_DECLINE(A/A-); 阶段:Stable(B); 触发:Consolidation(C); 置信度:Medium,PASSED,B,fallback
00700,腾讯控股,2013-07-12,STRUCTURAL_DECLINE,Stable,Consolidation,57.553787092363926,COST_DISADVANTAGE,Medium,BEARISH_CONFIRMED,20.0,Aligned,neutral,结构:STRUCTURAL_DECLINE(A/A-); 阶段:Stable(B); 触发:Consolidation(C); 置信度:Medium,PASSED,B,fallback
00700,腾讯控股,2013-07-19,STRUCTURAL_DECLINE,Stable,Consolidation,57.553787092363926,COST_DISADVANTAGE,Medium,BEARISH_CONFIRMED,20.0,Aligned,neutral,结构:STRUCTURAL_DECLINE(A/A-); 阶段:Stable(B); 触发:Consolidation(C); 置信度:Medium,PASSED,B,fallback
00700,腾讯控股,2013-07-26,STRUCTURAL_DECLINE,Stable,Consolidation,57.553787092363926,COST_DISADVANTAGE,Medium,BEARISH_CONFIRMED,20.0,Aligned,neutral,结构:STRUCTURAL_DECLINE(A/A-); 阶段:Stable(B); 触发:Consolidation(C); 置信度:Medium,PASSED,B,fallback
00700,腾讯控股,2013-08-02,STRUCTURAL_DECLINE,Improving,Consolidation,47.22164579716778,COST_DISADVANTAGE,Low,BEARISH_CONFIRMED,20.0,Divergence,neutral,结构:STRUCTURAL_DECLINE(A/A-); 阶段:Improving(B); 触发:Consolidation(C); 置信度:Low,PASSED,B,fallback
00700,腾讯控股,2013-08-09,STRUCTURAL_DECLINE,Improving,Consolidation,47.22164579716778,COST_DISADVANTAGE,Low,BEARISH_CONFIRMED,20.0,Divergence,neutral,结构:STRUCTURAL_DECLINE(A/A-); 阶段:Improving(B); 触发:Consolidation(C); 置信度:Low,PASSED,B,fallback
00700,腾讯控股,2013-08-16,STRUCTURAL_DECLINE,Improving,Consolidation,47.22164579716778,COST_DISADVANTAGE,Medium,BEARISH_CONFIRMED,20.0,Divergence,neutral,结构:STRUCTURAL_DECLINE(A/A-); 阶段:Improving(B); 触发:Consolidation(C); 置信度:Medium,PASSED,B,fallback
00700,腾讯控股,2013-08-23,STRUCTURAL_DECLINE,Improving,Consolidation,47.22164579716778,COST_DISADVANTAGE,Medium,BEARISH_CONFIRMED,20.0,Divergence,neutral,结构:STRUCTURAL_DECLINE(A/A-); 阶段:Improving(B); 触发:Consolidation(C); 置信度:Medium,PASSED,B,fallback
00700,腾讯控股,2013-08-30,STRUCTURAL_DECLINE,Improving,Consolidation,47.22164579716778,COST_DISADVANTAGE,Medium,BEARISH_CONFIRMED,20.0,Divergence,neutral,结构:STRUCTURAL_DECLINE(A/A-); 阶段:Improving(B); 触发:Consolidation(C); 置信度:Medium,PASSED,B,fallback
00700,腾讯控股,2013-09-06,STRUCTURAL_DECLINE,Improving,Consolidation,69.56748447493794,COST_DISADVANTAGE,Medium,BEARISH_CONFIRMED,20.0,Divergence,neutral,结构:STRUCTURAL_DECLINE(A/A-); 阶段:Improving(B); 触发:Consolidation(C); 置信度:Medium,PASSED,B,fallback
00700,腾讯控股,2013-09-13,STRUCTURAL_DECLINE,Improving,Consolidation,69.56748447493794,COST_DISADVANTAGE,Medium,BEARISH_CONFIRMED,20.0,Divergence,neutral,结构:STRUCTURAL_DECLINE(A/A-); 阶段:Improving(B); 触发:Consolidation(C); 置信度:Medium,PASSED,B,fallback
00700,腾讯控股,2013-09-20,STRUCTURAL_DECLINE,Improving,Consolidation,69.56748447493794,COST_DISADVANTAGE,Medium,BEARISH_CONFIRMED,20.0,Divergence,neutral,结构:STRUCTURAL_DECLINE(A/A-); 阶段:Improving(B); 触发:Consolidation(C); 置信度:Medium,PASSED,B,fallback
00700,腾讯控股,2013-09-27,STRUCTURAL_DECLINE,Improving,Consolidation,69.56748447493794,COST_DISADVANTAGE,Medium,BEARISH_CONFIRMED,20.0,Divergence,neutral,结构:STRUCTURAL_DECLINE(A/A-); 阶段:Improving(B); 触发:Consolidation(C); 置信度:Medium,PASSED,B,fallback
00700,腾讯控股,2013-10-04,STRUCTURAL_DECLINE,Improving,Consolidation,57.95881781908043,COST_DISADVANTAGE,Medium,BEARISH_CONFIRMED,20.0,Divergence,neutral,结构:STRUCTURAL_DECLINE(A/A-); 阶段:Improving(B); 触发:Consolidation(C); 置信度:Medium,PASSED,B,fallback
00700,腾讯控股,2013-10-11,STRUCTURAL_DECLINE,Improving,Consolidation,57.95881781908043,COST_DISADVANTAGE,Medium,BEARISH_CONFIRMED,20.0,Divergence,neutral,结构:STRUCTURAL_DECLINE(A/A-); 阶段:Improving(B); 触发:Consolidation(C); 置信度:Medium,PASSED,B,fallback
00700,腾讯控股,2013-10-18,STRUCTURAL_DECLINE,Improving,Consolidation,57.95881781908043,COST_DISADVANTAGE,Medium,BEARISH_CONFIRMED,20.0,Divergence,neutral,结构:STRUCTURAL_DECLINE(A/A-); 阶段:Improving(B); 触发:Consolidation(C); 置信度:Medium,PASSED,B,fallback
00700,腾讯控股,2013-10-25,STRUCTURAL_DECLINE,Improving,Consolidation,57.95881781908043,COST_DISADVANTAGE,Medium,BEARISH_CONFIRMED,20.0,Divergence,neutral,结构:STRUCTURAL_DECLINE(A/A-); 阶段:Improving(B); 触发:Consolidation(C); 置信度:Medium,PASSED,B,fallback
00700,腾讯控股,2013-11-01,STRUCTURAL_DECLINE,Improving,Consolidation,71.05930572969098,COST_DISADVANTAGE,Medium,BEARISH_CONFIRMED,20.0,Divergence,neutral,结构:STRUCTURAL_DECLINE(A/A-); 阶段:Improving(B); 触发:Consolidation(C); 置信度:Medium,PASSED,B,fallback
00700,腾讯控股,2013-11-08,STRUCTURAL_DECLINE,Improving,Pullback,71.05930572969098,COST_DISADVANTAGE,Medium,BEARISH_CONFIRMED,20.0,Divergence,neutral,结构:STRUCTURAL_DECLINE(A/A-); 阶段:Improving(B); 触发:Pullback(C); 置信度:Medium,PASSED,B,fallback
00700,腾讯控股,2013-11-15,STRUCTURAL_DIVERGENCE,Improving,Consolidation,71.05930572969098,COST_DISADVANTAGE,Low,BULLISH_WARNING,55.0,Aligned,neutral,结构:STRUCTURAL_DIVERGENCE(A/A-); 阶段:Improving(B); 触发:Consolidation(C); 置信度:Low,PASSED,C,fallback
00700,腾讯控股,2013-11-22,STRUCTURAL_DIVERGENCE,Improving,Consolidation,71.05930572969098,COST_DISADVANTAGE,Low,BULLISH_WARNING,55.0,Aligned,neutral,结构:STRUCTURAL_DIVERGENCE(A/A-); 阶段:Improving(B); 触发:Consolidation(C); 置信度:Low,PASSED,C,fallback
00700,腾讯控股,2013-11-29,STRUCTURAL_DIVERGENCE,Improving,Consolidation,71.05930572969098,COST_DISADVANTAGE,Low,BULLISH_WARNING,55.0,Aligned,neutral,结构:STRUCTURAL_DIVERGENCE(A/A-); 阶段:Improving(B); 触发:Consolidation(C); 置信度:Low,PASSED,C,fallback
00700,腾讯控股,2013-12-06,STRUCTURAL_DIVERGENCE,Improving,Consolidation,40.412391820226034,COST_DISADVANTAGE,Low,BULLISH_WARNING,55.0,Aligned,neutral,结构:STRUCTURAL_DIVERGENCE(A/A-); 阶段:Improving(B); 触发:Consolidation(C); 置信度:Low,PASSED,C,fallback
00700,腾讯控股,2013-12-13,STRUCTURAL_DIVERGENCE,Improving,Consolidation,40.412391820226034,COST_DISADVANTAGE,Low,BULLISH_WARNING,55.0,Aligned,neutral,结构:STRUCTURAL_DIVERGENCE(A/A-); 阶段:Improving(B); 触发:Consolidation(C); 置信度:Low,PASSED,C,fallback
00700,腾讯控股,2013-12-20,STRUCTURAL_DIVERGENCE,Improving,Consolidation,40.412391820226034,COST_DISADVANTAGE,Low,BULLISH_WARNING,55.0,Aligned,neutral,结构:STRUCTURAL_DIVERGENCE(A/A-); 阶段:Improving(B); 触发:Consolidation(C); 置信度:Low,PASSED,C,fallback
00700,腾讯控股,2013-12-27,STRUCTURAL_DIVERGENCE,Improving,Consolidation,40.412391820226034,COST_DISADVANTAGE,Low,BULLISH_WARNING,55.0,Aligned,neutral,结构:STRUCTURAL_DIVERGENCE(A/A-); 阶段:Improving(B); 触发:Consolidation(C); 置信度:Low,PASSED,C,fallback
00700,腾讯控股,2014-01-03,STRUCTURAL_DIVERGENCE,Improving,Consolidation,69.808866147211,COST_DISADVANTAGE,Low,BULLISH_WARNING,55.0,Aligned,neutral,结构:STRUCTURAL_DIVERGENCE(A/A-); 阶段:Improving(B); 触发:Consolidation(C); 置信度:Low,PASSED,C,fallback
00700,腾讯控股,2014-01-10,STRUCTURAL_DIVERGENCE,Improving,Consolidation,69.808866147211,COST_DISADVANTAGE,Low,BULLISH_WARNING,55.0,Aligned,neutral,结构:STRUCTURAL_DIVERGENCE(A/A-); 阶段:Improving(B); 触发:Consolidation(C); 置信度:Low,PASSED,C,fallback
00700,腾讯控股,2014-01-17,STRUCTURAL_DIVERGENCE,Improving,Consolidation,69.808866147211,COST_DISADVANTAGE,Low,BULLISH_WARNING,55.0,Aligned,neutral,结构:STRUCTURAL_DIVERGENCE(A/A-); 阶段:Improving(B); 触发:Consolidation(C); 置信度:Low,PASSED,C,fallback
00700,腾讯控股,2014-01-24,STRUCTURAL_DIVERGENCE,Improving,Consolidation,69.808866147211,COST_DISADVANTAGE,Low,BULLISH_WARNING,55.0,Aligned,neutral,结构:STRUCTURAL_DIVERGENCE(A/A-); 阶段:Improving(B); 触发:Consolidation(C); 置信度:Low,PASSED,C,fallback
00700,腾讯控股,2014-01-31,STRUCTURAL_DIVERGENCE,Stable,Consolidation,50.118064749638116,COST_DISADVANTAGE,Low,BULLISH_WARNING,55.0,Aligned,neutral,结构:STRUCTURAL_DIVERGENCE(A/A-); 阶段:Stable(B); 触发:Consolidation(C); 置信度:Low,PASSED,C,fallback
00700,腾讯控股,2014-02-07,STRUCTURAL_DIVERGENCE,Stable,Consolidation,50.118064749638116,COST_DISADVANTAGE,Low,BULLISH_WARNING,55.0,Aligned,neutral,结构:STRUCTURAL_DIVERGENCE(A/A-); 阶段:Stable(B); 触发:Consolidation(C); 置信度:Low,PASSED,C,fallback
00700,腾讯控股,2014-02-14,STRUCTURAL_DIVERGENCE,Stable,Consolidation,50.118064749638116,COST_DISADVANTAGE,Low,BULLISH_WARNING,55.0,Aligned,neutral,结构:STRUCTURAL_DIVERGENCE(A/A-); 阶段:Stable(B); 触发:Consolidation(C); 置信度:Low,PASSED,C,fallback
00700,腾讯控股,2014-02-21,STRUCTURAL_DIVERGENCE,Stable,Consolidation,50.118064749638116,COST_DISADVANTAGE,Low,BULLISH_WARNING,55.0,Aligned,neutral,结构:STRUCTURAL_DIVERGENCE(A/A-); 阶段:Stable(B); 触发:Consolidation(C); 置信度:Low,PASSED,C,fallback
00700,腾讯控股,2014-02-28,STRUCTURAL_DIVERGENCE,Stable,Consolidation,39.80062824946272,COST_NEUTRAL,Low,BULLISH_WARNING,55.0,Aligned,neutral,结构:STRUCTURAL_DIVERGENCE(A/A-); 阶段:Stable(B); 触发:Consolidation(C); 置信度:Low,PASSED,C,fallback
00700,腾讯控股,2014-03-07,STRUCTURAL_DIVERGENCE,Stable,Consolidation,39.80062824946272,COST_NEUTRAL,Low,BULLISH_WARNING,55.0,Aligned,neutral,结构:STRUCTURAL_DIVERGENCE(A/A-); 阶段:Stable(B); 触发:Consolidation(C); 置信度:Low,PASSED,C,fallback
00700,腾讯控股,2014-03-14,STRUCTURAL_DIVERGENCE,Stable,Pullback,39.80062824946272,COST_NEUTRAL,Low,BULLISH_WARNING,55.0,Aligned,neutral,结构:STRUCTURAL_DIVERGENCE(A/A-); 阶段:Stable(B); 触发:Pullback(C); 置信度:Low,PASSED,C,fallback
00700,腾讯控股,2014-03-21,STRUCTURAL_DIVERGENCE,Stable,Pullback,39.80062824946272,COST_NEUTRAL,Low,BULLISH_WARNING,55.0,Aligned,neutral,结构:STRUCTURAL_DIVERGENCE(A/A-); 阶段:Stable(B); 触发:Pullback(C); 置信度:Low,PASSED,C,fallback
00700,腾讯控股,2014-03-28,STRUCTURAL_DIVERGENCE,Stable,Pullback,39.80062824946272,COST_NEUTRAL,Low,BULLISH_WARNING,55.0,Aligned,neutral,结构:STRUCTURAL_DIVERGENCE(A/A-); 阶段:Stable(B); 触发:Pullback(C); 置信度:Low,PASSED,C,fallback
00700,腾讯控股,2014-04-04,STRUCTURAL_DIVERGENCE,Deteriorating,Pullback,39.13794770998567,COST_DISADVANTAGE,Low,BULLISH_WARNING,55.0,Aligned,neutral,结构:STRUCTURAL_DIVERGENCE(A/A-); 阶段:Deteriorating(B); 触发:Pullback(C); 置信度:Low,PASSED,C,fallback
00700,腾讯控股,2014-04-11,STRUCTURAL_DIVERGENCE,Deteriorating,Pullback,39.13794770998567,COST_DISADVANTAGE,Low,BULLISH_WARNING,55.0,Aligned,neutral,结构:STRUCTURAL_DIVERGENCE(A/A-); 阶段:Deteriorating(B); 触发:Pullback(C); 置信度:Low,PASSED,C,fallback
00700,腾讯控股,2014-04-18,STRUCTURAL_DIVERGENCE,Deteriorating,Pullback,39.13794770998567,COST_DISADVANTAGE,Low,BULLISH_WARNING,55.0,Aligned,neutral,结构:STRUCTURAL_DIVERGENCE(A/A-); 阶段:Deteriorating(B); 触发:Pullback(C); 置信度:Low,PASSED,C,fallback
00700,腾讯控股,2014-04-25,STRUCTURAL_DIVERGENCE,Deteriorating,Pullback,39.13794770998567,COST_DISADVANTAGE,Low,BULLISH_WARNING,55.0,Aligned,neutral,结构:STRUCTURAL_DIVERGENCE(A/A-); 阶段:Deteriorating(B); 触发:Pullback(C); 置信度:Low,PASSED,C,fallback
00700,腾讯控股,2014-05-02,STRUCTURAL_DIVERGENCE,Deteriorating,Consolidation,36.50161134002133,COST_DISADVANTAGE,Low,BULLISH_WARNING,55.0,Aligned,neutral,结构:STRUCTURAL_DIVERGENCE(A/A-); 阶段:Deteriorating(B); 触发:Consolidation(C); 置信度:Low,PASSED,C,fallback
00700,腾讯控股,2014-05-09,STRUCTURAL_DIVERGENCE,Deteriorating,Consolidation,36.50161134002133,COST_DISADVANTAGE,Low,BULLISH_WARNING,55.0,Aligned,neutral,结构:STRUCTURAL_DIVERGENCE(A/A-); 阶段:Deteriorating(B); 触发:Consolidation(C); 置信度:Low,PASSED,C,fallback
00700,腾讯控股,2014-05-16,STRUCTURAL_DIVERGENCE,Deteriorating,Consolidation,36.50161134002133,COST_DISADVANTAGE,Low,BULLISH_WARNING,55.0,Aligned,neutral,结构:STRUCTURAL_DIVERGENCE(A/A-); 阶段:Deteriorating(B); 触发:Consolidation(C); 置信度:Low,PASSED,C,fallback
00700,腾讯控股,2014-05-23,STRUCTURAL_DIVERGENCE,Deteriorating,Consolidation,36.50161134002133,COST_DISADVANTAGE,Low,BULLISH_WARNING,55.0,Aligned,neutral,结构:STRUCTURAL_DIVERGENCE(A/A-); 阶段:Deteriorating(B); 触发:Consolidation(C); 置信度:Low,PASSED,C,fallback
00700,腾讯控股,2014-05-30,STRUCTURAL_DIVERGENCE,Deteriorating,Consolidation,36.50161134002133,COST_DISADVANTAGE,Low,BULLISH_WARNING,55.0,Aligned,neutral,结构:STRUCTURAL_DIVERGENCE(A/A-); 阶段:Deteriorating(B); 触发:Consolidation(C); 置信度:Low,PASSED,C,fallback
00700,腾讯控股,2014-06-06,STRUCTURAL_DIVERGENCE,Improving,Consolidation,44.58154724248659,COST_DISADVANTAGE,Low,BULLISH_WARNING,55.0,Aligned,neutral,结构:STRUCTURAL_DIVERGENCE(A/A-); 阶段:Improving(B); 触发:Consolidation(C); 置信度:Low,PASSED,C,fallback
00700,腾讯控股,2014-06-13,STRUCTURAL_DIVERGENCE,Improving,Consolidation,44.58154724248659,COST_DISADVANTAGE,Low,BULLISH_WARNING,55.0,Aligned,neutral,结构:STRUCTURAL_DIVERGENCE(A/A-); 阶段:Improving(B); 触发:Consolidation(C); 置信度:Low,PASSED,C,fallback
00700,腾讯控股,2014-06-20,STRUCTURAL_DIVERGENCE,Improving,Consolidation,44.58154724248659,COST_DISADVANTAGE,Low,BULLISH_WARNING,55.0,Aligned,neutral,结构:STRUCTURAL_DIVERGENCE(A/A-); 阶段:Improving(B); 触发:Consolidation(C); 置信度:Low,PASSED,C,fallback
00700,腾讯控股,2014-06-27,STRUCTURAL_DIVERGENCE,Improving,Consolidation,44.58154724248659,COST_DISADVANTAGE,Low,BULLISH_WARNING,55.0,Aligned,neutral,结构:STRUCTURAL_DIVERGENCE(A/A-); 阶段:Improving(B); 触发:Consolidation(C); 置信度:Low,PASSED,C,fallback
00700,腾讯控股,2014-07-04,STRUCTURAL_DIVERGENCE,Improving,Consolidation,35.14860348799211,COST_DISADVANTAGE,Low,BULLISH_WARNING,55.0,Aligned,neutral,结构:STRUCTURAL_DIVERGENCE(A/A-); 阶段:Improving(B); 触发:Consolidation(C); 置信度:Low,PASSED,C,fallback
00700,腾讯控股,2014-07-11,STRUCTURAL_DIVERGENCE,Improving,Consolidation,35.14860348799211,COST_DISADVANTAGE,Low,BULLISH_WARNING,55.0,Aligned,neutral,结构:STRUCTURAL_DIVERGENCE(A/A-); 阶段:Improving(B); 触发:Consolidation(C); 置信度:Low,PASSED,C,fallback
00700,腾讯控股,2014-07-18,STRUCTURAL_DIVERGENCE,Improving,Consolidation,35.14860348799211,COST_DISADVANTAGE,Low,BULLISH_WARNING,55.0,Aligned,neutral,结构:STRUCTURAL_DIVERGENCE(A/A-); 阶段:Improving(B); 触发:Consolidation(C); 置信度:Low,PASSED,C,fallback
00700,腾讯控股,2014-07-25,STRUCTURAL_DIVERGENCE,Improving,Consolidation,35.14860348799211,COST_DISADVANTAGE,Low,BULLISH_WARNING,55.0,Aligned,neutral,结构:STRUCTURAL_DIVERGENCE(A/A-); 阶段:Improving(B); 触发:Consolidation(C); 置信度:Low,PASSED,C,fallback
00700,腾讯控股,2014-08-01,STRUCTURAL_DIVERGENCE,Improving,Consolidation,25.709759997856917,COST_DISADVANTAGE,Low,BULLISH_WARNING,55.0,Aligned,neutral,结构:STRUCTURAL_DIVERGENCE(A/A-); 阶段:Improving(B); 触发:Consolidation(C); 置信度:Low,PASSED,C,fallback
00700,腾讯控股,2014-08-08,STRUCTURAL_DIVERGENCE,Improving,Consolidation,25.709759997856917,COST_DISADVANTAGE,Low,BULLISH_WARNING,55.0,Aligned,neutral,结构:STRUCTURAL_DIVERGENCE(A/A-); 阶段:Improving(B); 触发:Consolidation(C); 置信度:Low,PASSED,C,fallback
00700,腾讯控股,2014-08-15,STRUCTURAL_DIVERGENCE,Improving,Consolidation,25.709759997856917,COST_DISADVANTAGE,Low,BULLISH_WARNING,55.0,Aligned,neutral,结构:STRUCTURAL_DIVERGENCE(A/A-); 阶段:Improving(B); 触发:Consolidation(C); 置信度:Low,PASSED,C,fallback
00700,腾讯控股,2014-08-22,STRUCTURAL_DIVERGENCE,Improving,Consolidation,25.709759997856917,COST_DISADVANTAGE,Low,BULLISH_WARNING,55.0,Aligned,neutral,结构:STRUCTURAL_DIVERGENCE(A/A-); 阶段:Improving(B); 触发:Consolidation(C); 置信度:Low,PASSED,C,fallback
00700,腾讯控股,2014-08-29,STRUCTURAL_DIVERGENCE,Improving,Pullback,25.709759997856917,COST_DISADVANTAGE,Low,BULLISH_WARNING,55.0,Aligned,neutral,结构:STRUCTURAL_DIVERGENCE(A/A-); 阶段:Improving(B); 触发:Pullback(C); 置信度:Low,PASSED,C,fallback
00700,腾讯控股,2014-09-05,STRUCTURAL_DIVERGENCE,Deteriorating,Consolidation,39.05369140350658,COST_DISADVANTAGE,Low,BULLISH_WARNING,55.0,Aligned,neutral,结构:STRUCTURAL_DIVERGENCE(A/A-); 阶段:Deteriorating(B); 触发:Consolidation(C); 置信度:Low,PASSED,C,fallback
00700,腾讯控股,2014-09-12,STRUCTURAL_DIVERGENCE,Deteriorating,Pullback,39.05369140350658,COST_DISADVANTAGE,Low,BULLISH_WARNING,55.0,Aligned,neutral,结构:STRUCTURAL_DIVERGENCE(A/A-); 阶段:Deteriorating(B); 触发:Pullback(C); 置信度:Low,PASSED,C,fallback
00700,腾讯控股,2014-09-19,STRUCTURAL_DIVERGENCE,Deteriorating,Pullback,39.05369140350658,COST_DISADVANTAGE,Low,BULLISH_WARNING,55.0,Aligned,neutral,结构:STRUCTURAL_DIVERGENCE(A/A-); 阶段:Deteriorating(B); 触发:Pullback(C); 置信度:Low,PASSED,C,fallback
00700,腾讯控股,2014-09-26,STRUCTURAL_DIVERGENCE,Deteriorating,Consolidation,39.05369140350658,COST_DISADVANTAGE,Low,BULLISH_WARNING,55.0,Aligned,neutral,结构:STRUCTURAL_DIVERGENCE(A/A-); 阶段:Deteriorating(B); 触发:Consolidation(C); 置信度:Low,PASSED,C,fallback
00700,腾讯控股,2014-10-03,STRUCTURAL_DIVERGENCE,Stable,Consolidation,32.430231901294015,COST_DISADVANTAGE,Low,BULLISH_WARNING,55.0,Aligned,neutral,结构:STRUCTURAL_DIVERGENCE(A/A-); 阶段:Stable(B); 触发:Consolidation(C); 置信度:Low,PASSED,C,fallback
00700,腾讯控股,2014-10-10,STRUCTURAL_DIVERGENCE,Stable,Consolidation,32.430231901294015,COST_DISADVANTAGE,Low,BULLISH_WARNING,55.0,Aligned,neutral,结构:STRUCTURAL_DIVERGENCE(A/A-); 阶段:Stable(B); 触发:Consolidation(C); 置信度:Low,PASSED,C,fallback
00700,腾讯控股,2014-10-17,STRUCTURAL_DIVERGENCE,Stable,Consolidation,32.430231901294015,COST_DISADVANTAGE,Low,BULLISH_WARNING,55.0,Aligned,neutral,结构:STRUCTURAL_DIVERGENCE(A/A-); 阶段:Stable(B); 触发:Consolidation(C); 置信度:Low,PASSED,C,fallback
00700,腾讯控股,2014-10-24,STRUCTURAL_DIVERGENCE,Stable,Consolidation,32.430231901294015,COST_DISADVANTAGE,Low,BULLISH_WARNING,55.0,Aligned,neutral,结构:STRUCTURAL_DIVERGENCE(A/A-); 阶段:Stable(B); 触发:Consolidation(C); 置信度:Low,PASSED,C,fallback
00700,腾讯控股,2014-10-31,STRUCTURAL_DIVERGENCE,Improving,Consolidation,51.73366552291929,COST_DISADVANTAGE,Low,BULLISH_WARNING,55.0,Aligned,neutral,结构:STRUCTURAL_DIVERGENCE(A/A-); 阶段:Improving(B); 触发:Consolidation(C); 置信度:Low,PASSED,C,fallback
00700,腾讯控股,2014-11-07,STRUCTURAL_DIVERGENCE,Improving,Consolidation,51.73366552291929,COST_DISADVANTAGE,Low,BULLISH_WARNING,55.0,Aligned,neutral,结构:STRUCTURAL_DIVERGENCE(A/A-); 阶段:Improving(B); 触发:Consolidation(C); 置信度:Low,PASSED,C,fallback
00700,腾讯控股,2014-11-14,STRUCTURAL_DIVERGENCE,Improving,Consolidation,51.73366552291929,COST_DISADVANTAGE,Medium,BULLISH_WARNING,55.0,Aligned,neutral,结构:STRUCTURAL_DIVERGENCE(A/A-); 阶段:Improving(B); 触发:Consolidation(C); 置信度:Medium,PASSED,B,fallback
00700,腾讯控股,2014-11-21,STRUCTURAL_DIVERGENCE,Improving,Pullback,51.73366552291929,COST_DISADVANTAGE,Medium,BULLISH_WARNING,55.0,Aligned,neutral,结构:STRUCTURAL_DIVERGENCE(A/A-); 阶段:Improving(B); 触发:Pullback(C); 置信度:Medium,PASSED,B,fallback
00700,腾讯控股,2014-11-28,STRUCTURAL_DIVERGENCE,Improving,Pullback,51.73366552291929,COST_DISADVANTAGE,Medium,BULLISH_WARNING,55.0,Aligned,neutral,结构:STRUCTURAL_DIVERGENCE(A/A-); 阶段:Improving(B); 触发:Pullback(C); 置信度:Medium,PASSED,B,fallback
00700,腾讯控股,2014-12-05,STRUCTURAL_DIVERGENCE,Stable,Consolidation,51.08959543751873,COST_DISADVANTAGE,Medium,BULLISH_WARNING,55.0,Aligned,neutral,结构:STRUCTURAL_DIVERGENCE(A/A-); 阶段:Stable(B); 触发:Consolidation(C); 置信度:Medium,PASSED,B,fallback
00700,腾讯控股,2014-12-12,STRUCTURAL_DIVERGENCE,Stable,Consolidation,51.08959543751873,COST_DISADVANTAGE,Medium,BULLISH_WARNING,55.0,Aligned,neutral,结构:STRUCTURAL_DIVERGENCE(A/A-); 阶段:Stable(B); 触发:Consolidation(C); 置信度:Medium,PASSED,B,fallback
00700,腾讯控股,2014-12-19,STRUCTURAL_DIVERGENCE,Stable,Consolidation,51.08959543751873,COST_DISADVANTAGE,Medium,BULLISH_WARNING,55.0,Aligned,neutral,结构:STRUCTURAL_DIVERGENCE(A/A-); 阶段:Stable(B); 触发:Consolidation(C); 置信度:Medium,PASSED,B,fallback
00700,腾讯控股,2014-12-26,STRUCTURAL_DIVERGENCE,Stable,Consolidation,51.08959543751873,COST_DISADVANTAGE,Medium,BULLISH_WARNING,55.0,Aligned,neutral,结构:STRUCTURAL_DIVERGENCE(A/A-); 阶段:Stable(B); 触发:Consolidation(C); 置信度:Medium,PASSED,B,fallback
00700,腾讯控股,2015-01-02,STRUCTURAL_DIVERGENCE,Deteriorating,Consolidation,43.790029344806456,COST_DISADVANTAGE,Low,BULLISH_WARNING,55.0,Aligned,neutral,结构:STRUCTURAL_DIVERGENCE(A/A-); 阶段:Deteriorating(B); 触发:Consolidation(C); 置信度:Low,PASSED,B,fallback
00700,腾讯控股,2015-01-09,STRUCTURAL_DIVERGENCE,Deteriorating,Consolidation,43.790029344806456,COST_DISADVANTAGE,Low,BULLISH_WARNING,55.0,Aligned,neutral,结构:STRUCTURAL_DIVERGENCE(A/A-); 阶段:Deteriorating(B); 触发:Consolidation(C); 置信度:Low,PASSED,B,fallback
00700,腾讯控股,2015-01-16,STRUCTURAL_DIVERGENCE,Deteriorating,Consolidation,43.790029344806456,COST_DISADVANTAGE,Low,BULLISH_WARNING,55.0,Aligned,neutral,结构:STRUCTURAL_DIVERGENCE(A/A-); 阶段:Deteriorating(B); 触发:Consolidation(C); 置信度:Low,PASSED,B,fallback
00700,腾讯控股,2015-01-23,STRUCTURAL_DIVERGENCE,Deteriorating,Consolidation,43.790029344806456,COST_DISADVANTAGE,Low,BULLISH_WARNING,55.0,Aligned,neutral,结构:STRUCTURAL_DIVERGENCE(A/A-); 阶段:Deteriorating(B); 触发:Consolidation(C); 置信度:Low,PASSED,B,fallback
00700,腾讯控股,2015-01-30,STRUCTURAL_DIVERGENCE,Deteriorating,Consolidation,43.790029344806456,COST_DISADVANTAGE,Low,BULLISH_WARNING,55.0,Aligned,neutral,结构:STRUCTURAL_DIVERGENCE(A/A-); 阶段:Deteriorating(B); 触发:Consolidation(C); 置信度:Low,PASSED,B,fallback
00700,腾讯控股,2015-02-06,STRUCTURAL_DIVERGENCE,Improving,Consolidation,36.67164011956676,COST_DISADVANTAGE,Low,BULLISH_WARNING,55.0,Aligned,neutral,结构:STRUCTURAL_DIVERGENCE(A/A-); 阶段:Improving(B); 触发:Consolidation(C); 置信度:Low,PASSED,B,fallback
00700,腾讯控股,2015-02-13,STRUCTURAL_DIVERGENCE,Improving,Consolidation,36.67164011956676,COST_DISADVANTAGE,Low,BULLISH_WARNING,55.0,Aligned,neutral,结构:STRUCTURAL_DIVERGENCE(A/A-); 阶段:Improving(B); 触发:Consolidation(C); 置信度:Low,PASSED,B,fallback
00700,腾讯控股,2015-02-20,STRUCTURAL_DIVERGENCE,Improving,Consolidation,36.67164011956676,COST_DISADVANTAGE,Low,BULLISH_WARNING,55.0,Aligned,neutral,结构:STRUCTURAL_DIVERGENCE(A/A-); 阶段:Improving(B); 触发:Consolidation(C); 置信度:Low,PASSED,B,fallback
00700,腾讯控股,2015-02-27,STRUCTURAL_DIVERGENCE,Improving,Consolidation,36.67164011956676,COST_DISADVANTAGE,Low,BULLISH_WARNING,55.0,Aligned,neutral,结构:STRUCTURAL_DIVERGENCE(A/A-); 阶段:Improving(B); 触发:Consolidation(C); 置信度:Low,PASSED,B,fallback
00700,腾讯控股,2015-03-06,STRUCTURAL_DIVERGENCE,Improving,Pullback,57.6681374372383,COST_DISADVANTAGE,Medium,BULLISH_WARNING,55.0,Aligned,neutral,结构:STRUCTURAL_DIVERGENCE(A/A-); 阶段:Improving(B); 触发:Pullback(C); 置信度:Medium,PASSED,B,fallback
00700,腾讯控股,2015-03-13,STRUCTURAL_DIVERGENCE,Improving,Consolidation,57.6681374372383,COST_DISADVANTAGE,Medium,BULLISH_WARNING,55.0,Aligned,neutral,结构:STRUCTURAL_DIVERGENCE(A/A-); 阶段:Improving(B); 触发:Consolidation(C); 置信度:Medium,PASSED,B,fallback
00700,腾讯控股,2015-03-20,STRUCTURAL_DIVERGENCE,Improving,Consolidation,57.6681374372383,COST_DISADVANTAGE,Medium,BULLISH_WARNING,55.0,Aligned,neutral,结构:STRUCTURAL_DIVERGENCE(A/A-); 阶段:Improving(B); 触发:Consolidation(C); 置信度:Medium,PASSED,B,fallback
00700,腾讯控股,2015-03-27,STRUCTURAL_DIVERGENCE,Improving,Consolidation,57.6681374372383,COST_DISADVANTAGE,Medium,BULLISH_WARNING,55.0,Aligned,neutral,结构:STRUCTURAL_DIVERGENCE(A/A-); 阶段:Improving(B); 触发:Consolidation(C); 置信度:Medium,PASSED,B,fallback
00700,腾讯控股,2015-04-03,STRUCTURAL_DIVERGENCE,Improving,Consolidation,52.74736851073882,COST_DISADVANTAGE,Medium,BULLISH_WARNING,55.0,Aligned,risk_on,结构:STRUCTURAL_DIVERGENCE(A/A-); 阶段:Improving(B); 触发:Consolidation(C); 置信度:Medium,PASSED,B,fallback
00700,腾讯控股,2015-04-10,STRUCTURAL_DIVERGENCE,Improving,Consolidation,52.74736851073882,COST_DISADVANTAGE,Medium,BULLISH_WARNING,55.0,Aligned,risk_off,结构:STRUCTURAL_DIVERGENCE(A/A-); 阶段:Improving(B); 触发:Consolidation(C); 置信度:Medium,PASSED,B,fallback
00700,腾讯控股,2015-04-17,STRUCTURAL_DIVERGENCE,Improving,Consolidation,52.74736851073882,COST_DISADVANTAGE,Medium,BULLISH_WARNING,55.0,Aligned,risk_on,结构:STRUCTURAL_DIVERGENCE(A/A-); 阶段:Improving(B); 触发:Consolidation(C); 置信度:Medium,PASSED,B,fallback
00700,腾讯控股,2015-04-24,STRUCTURAL_DIVERGENCE,Improving,Consolidation,52.74736851073882,COST_DISADVANTAGE,Medium,BULLISH_WARNING,55.0,Aligned,risk_on,结构:STRUCTURAL_DIVERGENCE(A/A-); 阶段:Improving(B); 触发:Consolidation(C); 置信度:Medium,PASSED,B,fallback
00700,腾讯控股,2015-05-01,STRUCTURAL_DIVERGENCE,Stable,Consolidation,60.63538874337115,COST_NEUTRAL,Medium,BULLISH_WARNING,55.0,Aligned,risk_on,结构:STRUCTURAL_DIVERGENCE(A/A-); 阶段:Stable(B); 触发:Consolidation(C); 置信度:Medium,PASSED,B,fallback
00700,腾讯控股,2015-05-08,STRUCTURAL_DIVERGENCE,Stable,Pullback,60.63538874337115,COST_NEUTRAL,Medium,BULLISH_WARNING,55.0,Aligned,risk_on,结构:STRUCTURAL_DIVERGENCE(A/A-); 阶段:Stable(B); 触发:Pullback(C); 置信度:Medium,PASSED,B,fallback
00700,腾讯控股,2015-05-15,STRUCTURAL_ACCUMULATION,Stable,Consolidation,60.63538874337115,COST_NEUTRAL,Medium,BULLISH_STABLE,75.0,Aligned,risk_on,结构:STRUCTURAL_ACCUMULATION(A/A-); 阶段:Stable(B); 触发:Consolidation(C); 置信度:Medium,PASSED,C,fallback
00700,腾讯控股,2015-05-22,STRUCTURAL_ACCUMULATION,Stable,Consolidation,60.63538874337115,COST_NEUTRAL,Medium,BULLISH_STABLE,75.0,Aligned,risk_on,结构:STRUCTURAL_ACCUMULATION(A/A-); 阶段:Stable(B); 触发:Consolidation(C); 置信度:Medium,PASSED,C,fallback
00700,腾讯控股,2015-05-29,STRUCTURAL_ACCUMULATION,Stable,Pullback,60.63538874337115,COST_NEUTRAL,Medium,BULLISH_STABLE,75.0,Aligned,risk_on,结构:STRUCTURAL_ACCUMULATION(A/A-); 阶段:Stable(B); 触发:Pullback(C); 置信度:Medium,PASSED,C,fallback
00700,腾讯控股,2015-06-05,STRUCTURAL_ACCUMULATION,Deteriorating,Pullback,75.65256217153038,COST_DISADVANTAGE,High,BULLISH_STABLE,75.0,Divergence,risk_on,结构:STRUCTURAL_ACCUMULATION(A/A-); 阶段:Deteriorating(B); 触发:Pullback(C); 置信度:High,PASSED,C,fallback
00700,腾讯控股,2015-06-12,STRUCTURAL_ACCUMULATION,Deteriorating,Consolidation,75.65256217153038,COST_DISADVANTAGE,High,BULLISH_STABLE,75.0,Divergence,risk_on,结构:STRUCTURAL_ACCUMULATION(A/A-); 阶段:Deteriorating(B); 触发:Consolidation(C); 置信度:High,PASSED,C,fallback
00700,腾讯控股,2015-06-19,STRUCTURAL_ACCUMULATION,Deteriorating,Pullback,75.65256217153038,COST_DISADVANTAGE,High,BULLISH_STABLE,75.0,Divergence,risk_on,结构:STRUCTURAL_ACCUMULATION(A/A-); 阶段:Deteriorating(B); 触发:Pullback(C); 置信度:High,PASSED,C,fallback
00700,腾讯控股,2015-06-26,STRUCTURAL_ACCUMULATION,Deteriorating,Consolidation,75.65256217153038,COST_DISADVANTAGE,High,BULLISH_STABLE,75.0,Divergence,risk_on,结构:STRUCTURAL_ACCUMULATION(A/A-); 阶段:Deteriorating(B); 触发:Consolidation(C); 置信度:High,PASSED,C,fallback
00700,腾讯控股,2015-07-03,STRUCTURAL_ACCUMULATION,Stable,Pullback,75.69334860014699,COST_DISADVANTAGE,High,BULLISH_STABLE,75.0,Aligned,risk_on,结构:STRUCTURAL_ACCUMULATION(A/A-); 阶段:Stable(B); 触发:Pullback(C); 置信度:High,PASSED,C,fallback
00700,腾讯控股,2015-07-10,STRUCTURAL_ACCUMULATION,Stable,Consolidation,75.69334860014699,COST_DISADVANTAGE,High,BULLISH_STABLE,75.0,Aligned,risk_off,结构:STRUCTURAL_ACCUMULATION(A/A-); 阶段:Stable(B); 触发:Consolidation(C); 置信度:High,PASSED,C,fallback
00700,腾讯控股,2015-07-17,STRUCTURAL_ACCUMULATION,Stable,Pullback,75.69334860014699,COST_DISADVANTAGE,High,BULLISH_STABLE,75.0,Aligned,risk_off,结构:STRUCTURAL_ACCUMULATION(A/A-); 阶段:Stable(B); 触发:Pullback(C); 置信度:High,PASSED,C,fallback
00700,腾讯控股,2015-07-24,STRUCTURAL_ACCUMULATION,Stable,Pullback,75.69334860014699,COST_DISADVANTAGE,High,BULLISH_STABLE,75.0,Aligned,risk_off,结构:STRUCTURAL_ACCUMULATION(A/A-); 阶段:Stable(B); 触发:Pullback(C); 置信度:High,PASSED,C,fallback
00700,腾讯控股,2015-07-31,STRUCTURAL_ACCUMULATION,Deteriorating,Consolidation,55.54332933915145,COST_DISADVANTAGE,Medium,BULLISH_STABLE,75.0,Divergence,risk_off,结构:STRUCTURAL_ACCUMULATION(A/A-); 阶段:Deteriorating(B); 触发:Consolidation(C); 置信度:Medium,PASSED,C,fallback
00700,腾讯控股,2015-08-07,STRUCTURAL_ACCUMULATION,Deteriorating,Consolidation,55.54332933915145,COST_DISADVANTAGE,Medium,BULLISH_STABLE,75.0,Divergence,risk_off,结构:STRUCTURAL_ACCUMULATION(A/A-); 阶段:Deteriorating(B); 触发:Consolidation(C); 置信度:Medium,PASSED,C,fallback
00700,腾讯控股,2015-08-14,STRUCTURAL_ACCUMULATION,Deteriorating,Consolidation,55.54332933915145,COST_DISADVANTAGE,Medium,BULLISH_STABLE,75.0,Divergence,risk_off,结构:STRUCTURAL_ACCUMULATION(A/A-); 阶段:Deteriorating(B); 触发:Consolidation(C); 置信度:Medium,PASSED,B,fallback
00700,腾讯控股,2015-08-21,STRUCTURAL_ACCUMULATION,Deteriorating,Consolidation,55.54332933915145,COST_DISADVANTAGE,Medium,BULLISH_STABLE,75.0,Divergence,risk_off,结构:STRUCTURAL_ACCUMULATION(A/A-); 阶段:Deteriorating(B); 触发:Consolidation(C); 置信度:Medium,PASSED,B,fallback
00700,腾讯控股,2015-08-28,STRUCTURAL_ACCUMULATION,Deteriorating,Consolidation,55.54332933915145,COST_DISADVANTAGE,Medium,BULLISH_STABLE,75.0,Divergence,risk_off,结构:STRUCTURAL_ACCUMULATION(A/A-); 阶段:Deteriorating(B); 触发:Consolidation(C); 置信度:Medium,PASSED,B,fallback
00700,腾讯控股,2015-09-04,STRUCTURAL_ACCUMULATION,Deteriorating,Consolidation,43.956732432560486,COST_DISADVANTAGE,Medium,BULLISH_STABLE,75.0,Divergence,risk_off,结构:STRUCTURAL_ACCUMULATION(A/A-); 阶段:Deteriorating(B); 触发:Consolidation(C); 置信度:Medium,PASSED,B,fallback
00700,腾讯控股,2015-09-11,STRUCTURAL_ACCUMULATION,Deteriorating,Consolidation,43.956732432560486,COST_DISADVANTAGE,Medium,BULLISH_STABLE,75.0,Divergence,risk_off,结构:STRUCTURAL_ACCUMULATION(A/A-); 阶段:Deteriorating(B); 触发:Consolidation(C); 置信度:Medium,PASSED,B,fallback
00700,腾讯控股,2015-09-18,STRUCTURAL_ACCUMULATION,Deteriorating,Consolidation,43.956732432560486,COST_DISADVANTAGE,Medium,BULLISH_STABLE,75.0,Divergence,risk_off,结构:STRUCTURAL_ACCUMULATION(A/A-); 阶段:Deteriorating(B); 触发:Consolidation(C); 置信度:Medium,PASSED,B,fallback
00700,腾讯控股,2015-09-25,STRUCTURAL_ACCUMULATION,Deteriorating,Consolidation,43.956732432560486,COST_DISADVANTAGE,Medium,BULLISH_STABLE,75.0,Divergence,risk_off,结构:STRUCTURAL_ACCUMULATION(A/A-); 阶段:Deteriorating(B); 触发:Consolidation(C); 置信度:Medium,PASSED,B,fallback
00700,腾讯控股,2015-10-02,STRUCTURAL_ACCUMULATION,Stable,Consolidation,45.51300328947255,COST_DISADVANTAGE,Medium,BULLISH_STABLE,75.0,Aligned,risk_off,结构:STRUCTURAL_ACCUMULATION(A/A-); 阶段:Stable(B); 触发:Consolidation(C); 置信度:Medium,PASSED,B,fallback
00700,腾讯控股,2015-10-09,STRUCTURAL_ACCUMULATION,Stable,Consolidation,45.51300328947255,COST_DISADVANTAGE,Medium,BULLISH_STABLE,75.0,Aligned,risk_off,结构:STRUCTURAL_ACCUMULATION(A/A-); 阶段:Stable(B); 触发:Consolidation(C); 置信度:Medium,PASSED,B,fallback
00700,腾讯控股,2015-10-16,STRUCTURAL_ACCUMULATION,Stable,Consolidation,45.51300328947255,COST_DISADVANTAGE,Medium,BULLISH_STABLE,75.0,Aligned,risk_off,结构:STRUCTURAL_ACCUMULATION(A/A-); 阶段:Stable(B); 触发:Consolidation(C); 置信度:Medium,PASSED,B,fallback
00700,腾讯控股,2015-10-23,STRUCTURAL_ACCUMULATION,Stable,Consolidation,45.51300328947255,COST_DISADVANTAGE,Medium,BULLISH_STABLE,75.0,Aligned,risk_off,结构:STRUCTURAL_ACCUMULATION(A/A-); 阶段:Stable(B); 触发:Consolidation(C); 置信度:Medium,PASSED,B,fallback
00700,腾讯控股,2015-10-30,STRUCTURAL_ACCUMULATION,Stable,Consolidation,45.51300328947255,COST_DISADVANTAGE,Medium,BULLISH_STABLE,75.0,Aligned,risk_off,结构:STRUCTURAL_ACCUMULATION(A/A-); 阶段:Stable(B); 触发:Consolidation(C); 置信度:Medium,PASSED,B,fallback
00700,腾讯控股,2015-11-06,STRUCTURAL_ACCUMULATION,Improving,Consolidation,70.65703449085335,COST_DISADVANTAGE,Medium,BULLISH_STABLE,75.0,Aligned,risk_off,结构:STRUCTURAL_ACCUMULATION(A/A-); 阶段:Improving(B); 触发:Consolidation(C); 置信度:Medium,PASSED,B,matrix
00700,腾讯控股,2015-11-13,STRUCTURAL_ACCUMULATION,Improving,Consolidation,70.65703449085335,COST_DISADVANTAGE,Medium,BULLISH_STABLE,75.0,Aligned,risk_off,结构:STRUCTURAL_ACCUMULATION(A/A-); 阶段:Improving(B); 触发:Consolidation(C); 置信度:Medium,PASSED,B,matrix
00700,腾讯控股,2015-11-20,STRUCTURAL_ACCUMULATION,Improving,Consolidation,70.65703449085335,COST_DISADVANTAGE,Medium,BULLISH_STABLE,75.0,Aligned,risk_on,结构:STRUCTURAL_ACCUMULATION(A/A-); 阶段:Improving(B); 触发:Consolidation(C); 置信度:Medium,PASSED,B,matrix
00700,腾讯控股,2015-11-27,STRUCTURAL_ACCUMULATION,Improving,Consolidation,70.65703449085335,COST_DISADVANTAGE,Medium,BULLISH_STABLE,75.0,Aligned,neutral,结构:STRUCTURAL_ACCUMULATION(A/A-); 阶段:Improving(B); 触发:Consolidation(C); 置信度:Medium,PASSED,B,matrix
00700,腾讯控股,2015-12-04,STRUCTURAL_ACCUMULATION,Improving,Pullback,63.46812216458634,COST_DISADVANTAGE,Medium,BULLISH_STABLE,75.0,Aligned,risk_on,结构:STRUCTURAL_ACCUMULATION(A/A-); 阶段:Improving(B); 触发:Pullback(C); 置信度:Medium,PASSED,B,fallback
00700,腾讯控股,2015-12-11,STRUCTURAL_ACCUMULATION,Improving,Pullback,63.46812216458634,COST_DISADVANTAGE,Medium,BULLISH_STABLE,75.0,Aligned,neutral,结构:STRUCTURAL_ACCUMULATION(A/A-); 阶段:Improving(B); 触发:Pullback(C); 置信度:Medium,PASSED,B,fallback
00700,腾讯控股,2015-12-18,STRUCTURAL_ACCUMULATION,Improving,Consolidation,63.46812216458634,COST_DISADVANTAGE,Medium,BULLISH_STABLE,75.0,Aligned,neutral,结构:STRUCTURAL_ACCUMULATION(A/A-); 阶段:Improving(B); 触发:Consolidation(C); 置信度:Medium,PASSED,B,matrix
00700,腾讯控股,2015-12-25,STRUCTURAL_ACCUMULATION,Improving,Consolidation,63.46812216458634,COST_DISADVANTAGE,Medium,BULLISH_STABLE,75.0,Aligned,risk_on,结构:STRUCTURAL_ACCUMULATION(A/A-); 阶段:Improving(B); 触发:Consolidation(C); 置信度:Medium,PASSED,B,matrix
00700,腾讯控股,2016-01-01,STRUCTURAL_ACCUMULATION,Stable,Consolidation,66.7117960301965,COST_DISADVANTAGE,Medium,BULLISH_STABLE,75.0,Aligned,neutral,结构:STRUCTURAL_ACCUMULATION(A/A-); 阶段:Stable(B); 触发:Consolidation(C); 置信度:Medium,PASSED,B,fallback
00700,腾讯控股,2016-01-08,STRUCTURAL_ACCUMULATION,Stable,Consolidation,66.7117960301965,COST_DISADVANTAGE,Medium,BULLISH_STABLE,75.0,Aligned,risk_off,结构:STRUCTURAL_ACCUMULATION(A/A-); 阶段:Stable(B); 触发:Consolidation(C); 置信度:Medium,PASSED,B,fallback
00700,腾讯控股,2016-01-15,STRUCTURAL_ACCUMULATION,Stable,Consolidation,66.7117960301965,COST_DISADVANTAGE,Medium,BULLISH_STABLE,75.0,Aligned,risk_off,结构:STRUCTURAL_ACCUMULATION(A/A-); 阶段:Stable(B); 触发:Consolidation(C); 置信度:Medium,PASSED,B,fallback
00700,腾讯控股,2016-01-22,STRUCTURAL_ACCUMULATION,Stable,Consolidation,66.7117960301965,COST_DISADVANTAGE,Medium,BULLISH_STABLE,75.0,Aligned,risk_off,结构:STRUCTURAL_ACCUMULATION(A/A-); 阶段:Stable(B); 触发:Consolidation(C); 置信度:Medium,PASSED,B,fallback
00700,腾讯控股,2016-01-29,STRUCTURAL_ACCUMULATION,Stable,Consolidation,66.7117960301965,COST_DISADVANTAGE,Medium,BULLISH_STABLE,75.0,Aligned,risk_off,结构:STRUCTURAL_ACCUMULATION(A/A-); 阶段:Stable(B); 触发:Consolidation(C); 置信度:Medium,PASSED,B,fallback
00700,腾讯控股,2016-02-05,STRUCTURAL_ACCUMULATION,Deteriorating,Consolidation,57.592403313473575,COST_DISADVANTAGE,Medium,BULLISH_STABLE,75.0,Divergence,risk_off,结构:STRUCTURAL_ACCUMULATION(A/A-); 阶段:Deteriorating(B); 触发:Consolidation(C); 置信度:Medium,PASSED,B,fallback
00700,腾讯控股,2016-02-12,STRUCTURAL_ACCUMULATION,Deteriorating,Consolidation,57.592403313473575,COST_DISADVANTAGE,Medium,BULLISH_STABLE,75.0,Divergence,risk_off,结构:STRUCTURAL_ACCUMULATION(A/A-); 阶段:Deteriorating(B); 触发:Consolidation(C); 置信度:Medium,PASSED,B,fallback
00700,腾讯控股,2016-02-19,STRUCTURAL_ACCUMULATION,Deteriorating,Consolidation,57.592403313473575,COST_DISADVANTAGE,Medium,BULLISH_STABLE,75.0,Divergence,risk_off,结构:STRUCTURAL_ACCUMULATION(A/A-); 阶段:Deteriorating(B); 触发:Consolidation(C); 置信度:Medium,PASSED,B,fallback
00700,腾讯控股,2016-02-26,STRUCTURAL_ACCUMULATION,Deteriorating,Consolidation,57.592403313473575,COST_DISADVANTAGE,Medium,BULLISH_STABLE,75.0,Divergence,risk_off,结构:STRUCTURAL_ACCUMULATION(A/A-); 阶段:Deteriorating(B); 触发:Consolidation(C); 置信度:Medium,PASSED,B,fallback
00700,腾讯控股,2016-03-04,STRUCTURAL_ACCUMULATION,Deteriorating,Consolidation,72.46109791056112,COST_DISADVANTAGE,Medium,BULLISH_STABLE,75.0,Divergence,risk_off,结构:STRUCTURAL_ACCUMULATION(A/A-); 阶段:Deteriorating(B); 触发:Consolidation(C); 置信度:Medium,PASSED,B,fallback
00700,腾讯控股,2016-03-11,STRUCTURAL_ACCUMULATION,Deteriorating,Consolidation,72.46109791056112,COST_DISADVANTAGE,Medium,BULLISH_STABLE,75.0,Divergence,risk_off,结构:STRUCTURAL_ACCUMULATION(A/A-); 阶段:Deteriorating(B); 触发:Consolidation(C); 置信度:Medium,PASSED,B,fallback
00700,腾讯控股,2016-03-18,STRUCTURAL_ACCUMULATION,Deteriorating,Consolidation,72.46109791056112,COST_DISADVANTAGE,Medium,BULLISH_STABLE,75.0,Divergence,risk_off,结构:STRUCTURAL_ACCUMULATION(A/A-); 阶段:Deteriorating(B); 触发:Consolidation(C); 置信度:Medium,PASSED,B,fallback
00700,腾讯控股,2016-03-25,STRUCTURAL_ACCUMULATION,Deteriorating,Consolidation,72.46109791056112,COST_DISADVANTAGE,Medium,BULLISH_STABLE,75.0,Divergence,risk_off,结构:STRUCTURAL_ACCUMULATION(A/A-); 阶段:Deteriorating(B); 触发:Consolidation(C); 置信度:Medium,PASSED,B,fallback
00700,腾讯控股,2016-04-01,STRUCTURAL_ACCUMULATION,Improving,Consolidation,57.5306308278253,COST_DISADVANTAGE,Medium,BULLISH_STABLE,75.0,Aligned,risk_off,结构:STRUCTURAL_ACCUMULATION(A/A-); 阶段:Improving(B); 触发:Consolidation(C); 置信度:Medium,PASSED,B,matrix
00700,腾讯控股,2016-04-08,STRUCTURAL_ACCUMULATION,Improving,Consolidation,57.5306308278253,COST_DISADVANTAGE,Medium,BULLISH_STABLE,75.0,Aligned,neutral,结构:STRUCTURAL_ACCUMULATION(A/A-); 阶段:Improving(B); 触发:Consolidation(C); 置信度:Medium,PASSED,B,matrix
00700,腾讯控股,2016-04-15,STRUCTURAL_ACCUMULATION,Improving,Consolidation,57.5306308278253,COST_DISADVANTAGE,Medium,BULLISH_STABLE,75.0,Aligned,risk_on,结构:STRUCTURAL_ACCUMULATION(A/A-); 阶段:Improving(B); 触发:Consolidation(C); 置信度:Medium,PASSED,B,matrix
00700,腾讯控股,2016-04-22,STRUCTURAL_ACCUMULATION,Improving,Consolidation,57.5306308278253,COST_DISADVANTAGE,Medium,BULLISH_STABLE,75.0,Aligned,risk_on,结构:STRUCTURAL_ACCUMULATION(A/A-); 阶段:Improving(B); 触发:Consolidation(C); 置信度:Medium,PASSED,B,matrix
00700,腾讯控股,2016-04-29,STRUCTURAL_ACCUMULATION,Improving,Pullback,57.5306308278253,COST_DISADVANTAGE,Medium,BULLISH_STABLE,75.0,Aligned,risk_on,结构:STRUCTURAL_ACCUMULATION(A/A-); 阶段:Improving(B); 触发:Pullback(C); 置信度:Medium,PASSED,B,fallback
00700,腾讯控股,2016-05-06,STRUCTURAL_ACCUMULATION,Stable,Pullback,75.80530402353705,COST_DISADVANTAGE,Medium,BULLISH_STABLE,75.0,Aligned,risk_on,结构:STRUCTURAL_ACCUMULATION(A/A-); 阶段:Stable(B); 触发:Pullback(C); 置信度:Medium,PASSED,B,fallback
00700,腾讯控股,2016-05-13,STRUCTURAL_ACCUMULATION,Stable,Pullback,75.80530402353705,COST_DISADVANTAGE,Medium,BULLISH_STABLE,75.0,Aligned,risk_on,结构:STRUCTURAL_ACCUMULATION(A/A-); 阶段:Stable(B); 触发:Pullback(C); 置信度:Medium,PASSED,B,fallback
00700,腾讯控股,2016-05-20,STRUCTURAL_ACCUMULATION,Stable,Consolidation,75.80530402353705,COST_DISADVANTAGE,Medium,BULLISH_STABLE,75.0,Aligned,neutral,结构:STRUCTURAL_ACCUMULATION(A/A-); 阶段:Stable(B); 触发:Consolidation(C); 置信度:Medium,PASSED,C,fallback
00700,腾讯控股,2016-05-27,STRUCTURAL_ACCUMULATION,Stable,Consolidation,75.80530402353705,COST_DISADVANTAGE,Medium,BULLISH_STABLE,75.0,Aligned,risk_on,结构:STRUCTURAL_ACCUMULATION(A/A-); 阶段:Stable(B); 触发:Consolidation(C); 置信度:Medium,PASSED,C,fallback
00700,腾讯控股,2016-06-03,STRUCTURAL_ACCUMULATION,Improving,Consolidation,43.74757931874608,COST_NEUTRAL,Medium,BULLISH_STABLE,75.0,Aligned,risk_on,结构:STRUCTURAL_ACCUMULATION(A/A-); 阶段:Improving(B); 触发:Consolidation(C); 置信度:Medium,PASSED,C,matrix
00700,腾讯控股,2016-06-10,STRUCTURAL_ACCUMULATION,Improving,Consolidation,43.74757931874608,COST_NEUTRAL,Medium,BULLISH_STABLE,75.0,Aligned,risk_on,结构:STRUCTURAL_ACCUMULATION(A/A-); 阶段:Improving(B); 触发:Consolidation(C); 置信度:Medium,PASSED,C,matrix
00700,腾讯控股,2016-06-17,STRUCTURAL_ACCUMULATION,Improving,Consolidation,43.74757931874608,COST_NEUTRAL,Medium,BULLISH_STABLE,75.0,Aligned,risk_off,结构:STRUCTURAL_ACCUMULATION(A/A-); 阶段:Improving(B); 触发:Consolidation(C); 置信度:Medium,PASSED,C,matrix
00700,腾讯控股,2016-06-24,STRUCTURAL_ACCUMULATION,Improving,Consolidation,43.74757931874608,COST_NEUTRAL,Medium,BULLISH_STABLE,75.0,Aligned,risk_off,结构:STRUCTURAL_ACCUMULATION(A/A-); 阶段:Improving(B); 触发:Consolidation(C); 置信度:Medium,PASSED,C,matrix
00700,腾讯控股,2016-07-01,STRUCTURAL_ACCUMULATION,Improving,Consolidation,57.31113764989519,COST_DISADVANTAGE,Medium,BULLISH_STABLE,75.0,Aligned,risk_on,结构:STRUCTURAL_ACCUMULATION(A/A-); 阶段:Improving(B); 触发:Consolidation(C); 置信度:Medium,PASSED,C,matrix
00700,腾讯控股,2016-07-08,STRUCTURAL_ACCUMULATION,Improving,Consolidation,57.31113764989519,COST_DISADVANTAGE,Medium,BULLISH_STABLE,75.0,Aligned,neutral,结构:STRUCTURAL_ACCUMULATION(A/A-); 阶段:Improving(B); 触发:Consolidation(C); 置信度:Medium,PASSED,C,matrix
00700,腾讯控股,2016-07-15,STRUCTURAL_ACCUMULATION,Improving,Consolidation,57.31113764989519,COST_DISADVANTAGE,Medium,BULLISH_STABLE,75.0,Aligned,neutral,结构:STRUCTURAL_ACCUMULATION(A/A-); 阶段:Improving(B); 触发:Consolidation(C); 置信度:Medium,PASSED,C,matrix
00700,腾讯控股,2016-07-22,STRUCTURAL_ACCUMULATION,Improving,Consolidation,57.31113764989519,COST_DISADVANTAGE,Medium,BULLISH_STABLE,75.0,Aligned,risk_on,结构:STRUCTURAL_ACCUMULATION(A/A-); 阶段:Improving(B); 触发:Consolidation(C); 置信度:Medium,PASSED,C,matrix
00700,腾讯控股,2016-07-29,STRUCTURAL_ACCUMULATION,Improving,Consolidation,57.31113764989519,COST_DISADVANTAGE,Medium,BULLISH_STABLE,75.0,Aligned,risk_on,结构:STRUCTURAL_ACCUMULATION(A/A-); 阶段:Improving(B); 触发:Consolidation(C); 置信度:Medium,PASSED,C,matrix
00700,腾讯控股,2016-08-05,STRUCTURAL_ACCUMULATION,Improving,Consolidation,69.25670552335798,COST_DISADVANTAGE,Medium,BULLISH_STABLE,75.0,Aligned,risk_on,结构:STRUCTURAL_ACCUMULATION(A/A-); 阶段:Improving(B); 触发:Consolidation(C); 置信度:Medium,PASSED,C,matrix
00700,腾讯控股,2016-08-12,STRUCTURAL_ACCUMULATION,Improving,Consolidation,69.25670552335798,COST_DISADVANTAGE,Medium,BULLISH_STABLE,75.0,Aligned,risk_on,结构:STRUCTURAL_ACCUMULATION(A/A-); 阶段:Improving(B); 触发:Consolidation(C); 置信度:Medium,PASSED,C,matrix
00700,腾讯控股,2016-08-19,STRUCTURAL_ACCUMULATION,Improving,Consolidation,69.25670552335798,COST_DISADVANTAGE,Medium,BULLISH_STABLE,75.0,Aligned,risk_on,结构:STRUCTURAL_ACCUMULATION(A/A-); 阶段:Improving(B); 触发:Consolidation(C); 置信度:Medium,PASSED,B,matrix
00700,腾讯控股,2016-08-26,STRUCTURAL_ACCUMULATION,Improving,Consolidation,69.25670552335798,COST_DISADVANTAGE,Medium,BULLISH_STABLE,75.0,Aligned,risk_on,结构:STRUCTURAL_ACCUMULATION(A/A-); 阶段:Improving(B); 触发:Consolidation(C); 置信度:Medium,PASSED,B,matrix
00700,腾讯控股,2016-09-02,STRUCTURAL_ACCUMULATION,Improving,Consolidation,65.4238013786239,COST_NEUTRAL,Medium,BULLISH_STABLE,75.0,Aligned,risk_on,结构:STRUCTURAL_ACCUMULATION(A/A-); 阶段:Improving(B); 触发:Consolidation(C); 置信度:Medium,PASSED,B,matrix
00700,腾讯控股,2016-09-09,STRUCTURAL_ACCUMULATION,Improving,Consolidation,65.4238013786239,COST_NEUTRAL,Medium,BULLISH_STABLE,75.0,Aligned,risk_on,结构:STRUCTURAL_ACCUMULATION(A/A-); 阶段:Improving(B); 触发:Consolidation(C); 置信度:Medium,PASSED,B,matrix
00700,腾讯控股,2016-09-16,STRUCTURAL_ACCUMULATION,Improving,Consolidation,65.4238013786239,COST_NEUTRAL,Medium,BULLISH_STABLE,75.0,Aligned,risk_on,结构:STRUCTURAL_ACCUMULATION(A/A-); 阶段:Improving(B); 触发:Consolidation(C); 置信度:Medium,PASSED,B,matrix
00700,腾讯控股,2016-09-23,STRUCTURAL_ACCUMULATION,Improving,Consolidation,65.4238013786239,COST_NEUTRAL,Medium,BULLISH_STABLE,75.0,Aligned,risk_on,结构:STRUCTURAL_ACCUMULATION(A/A-); 阶段:Improving(B); 触发:Consolidation(C); 置信度:Medium,PASSED,B,matrix
00700,腾讯控股,2016-09-30,STRUCTURAL_ACCUMULATION,Improving,Consolidation,57.13924649434766,COST_DISADVANTAGE,Medium,BULLISH_STABLE,75.0,Aligned,risk_on,结构:STRUCTURAL_ACCUMULATION(A/A-); 阶段:Improving(B); 触发:Consolidation(C); 置信度:Medium,PASSED,B,matrix
00700,腾讯控股,2016-10-07,STRUCTURAL_ACCUMULATION,Improving,Consolidation,57.13924649434766,COST_DISADVANTAGE,Medium,BULLISH_STABLE,75.0,Aligned,risk_on,结构:STRUCTURAL_ACCUMULATION(A/A-); 阶段:Improving(B); 触发:Consolidation(C); 置信度:Medium,PASSED,B,matrix
00700,腾讯控股,2016-10-14,STRUCTURAL_ACCUMULATION,Improving,Pullback,57.13924649434766,COST_DISADVANTAGE,Medium,BULLISH_STABLE,75.0,Aligned,risk_on,结构:STRUCTURAL_ACCUMULATION(A/A-); 阶段:Improving(B); 触发:Pullback(C); 置信度:Medium,PASSED,B,fallback
00700,腾讯控股,2016-10-21,STRUCTURAL_ACCUMULATION,Improving,Consolidation,57.13924649434766,COST_DISADVANTAGE,Medium,BULLISH_STABLE,75.0,Aligned,risk_on,结构:STRUCTURAL_ACCUMULATION(A/A-); 阶段:Improving(B); 触发:Consolidation(C); 置信度:Medium,PASSED,B,matrix
00700,腾讯控股,2016-10-28,STRUCTURAL_ACCUMULATION,Improving,Pullback,57.13924649434766,COST_DISADVANTAGE,Medium,BULLISH_STABLE,75.0,Aligned,risk_on,结构:STRUCTURAL_ACCUMULATION(A/A-); 阶段:Improving(B); 触发:Pullback(C); 置信度:Medium,PASSED,B,fallback
00700,腾讯控股,2016-11-04,STRUCTURAL_ACCUMULATION,Deteriorating,Pullback,62.81580793033004,COST_DISADVANTAGE,Medium,BULLISH_STABLE,75.0,Divergence,neutral,结构:STRUCTURAL_ACCUMULATION(A/A-); 阶段:Deteriorating(B); 触发:Pullback(C); 置信度:Medium,PASSED,B,fallback
00700,腾讯控股,2016-11-11,STRUCTURAL_ACCUMULATION,Deteriorating,Pullback,62.81580793033004,COST_DISADVANTAGE,Medium,BULLISH_STABLE,75.0,Divergence,neutral,结构:STRUCTURAL_ACCUMULATION(A/A-); 阶段:Deteriorating(B); 触发:Pullback(C); 置信度:Medium,PASSED,B,fallback
00700,腾讯控股,2016-11-18,STRUCTURAL_ACCUMULATION,Deteriorating,Consolidation,62.81580793033004,COST_DISADVANTAGE,Medium,BULLISH_STABLE,75.0,Divergence,risk_off,结构:STRUCTURAL_ACCUMULATION(A/A-); 阶段:Deteriorating(B); 触发:Consolidation(C); 置信度:Medium,PASSED,B,fallback
00700,腾讯控股,2016-11-25,STRUCTURAL_ACCUMULATION,Deteriorating,Consolidation,62.81580793033004,COST_DISADVANTAGE,Medium,BULLISH_STABLE,75.0,Divergence,neutral,结构:STRUCTURAL_ACCUMULATION(A/A-); 阶段:Deteriorating(B); 触发:Consolidation(C); 置信度:Medium,PASSED,B,fallback
00700,腾讯控股,2016-12-02,STRUCTURAL_ACCUMULATION,Deteriorating,Consolidation,27.969546131213185,COST_DISADVANTAGE,Low,BULLISH_STABLE,75.0,Divergence,risk_off,结构:STRUCTURAL_ACCUMULATION(A/A-); 阶段:Deteriorating(B); 触发:Consolidation(C); 置信度:Low,PASSED,B,fallback
00700,腾讯控股,2016-12-09,STRUCTURAL_ACCUMULATION,Deteriorating,Consolidation,27.969546131213185,COST_DISADVANTAGE,Low,BULLISH_STABLE,75.0,Divergence,neutral,结构:STRUCTURAL_ACCUMULATION(A/A-); 阶段:Deteriorating(B); 触发:Consolidation(C); 置信度:Low,PASSED,B,fallback
00700,腾讯控股,2016-12-16,STRUCTURAL_ACCUMULATION,Deteriorating,Consolidation,27.969546131213185,COST_DISADVANTAGE,Low,BULLISH_STABLE,75.0,Divergence,risk_off,结构:STRUCTURAL_ACCUMULATION(A/A-); 阶段:Deteriorating(B); 触发:Consolidation(C); 置信度:Low,PASSED,B,fallback
00700,腾讯控股,2016-12-23,STRUCTURAL_ACCUMULATION,Deteriorating,Breakdown,27.969546131213185,COST_DISADVANTAGE,Low,BULLISH_WARNING,55.0,Divergence,risk_off,结构:STRUCTURAL_ACCUMULATION(A/A-); 阶段:Deteriorating(B); 触发:Breakdown(C); 置信度:Low,PASSED,B,matrix
00700,腾讯控股,2016-12-30,STRUCTURAL_ACCUMULATION,Deteriorating,Consolidation,27.969546131213185,COST_DISADVANTAGE,Low,BULLISH_STABLE,75.0,Divergence,risk_off,结构:STRUCTURAL_ACCUMULATION(A/A-); 阶段:Deteriorating(B); 触发:Consolidation(C); 置信度:Low,PASSED,B,fallback
00700,腾讯控股,2017-01-06,STRUCTURAL_ACCUMULATION,Stable,Consolidation,28.942906150569424,COST_DISADVANTAGE,Low,BULLISH_STABLE,75.0,Aligned,risk_off,结构:STRUCTURAL_ACCUMULATION(A/A-); 阶段:Stable(B); 触发:Consolidation(C); 置信度:Low,PASSED,B,fallback
00700,腾讯控股,2017-01-13,STRUCTURAL_ACCUMULATION,Stable,Consolidation,28.942906150569424,COST_DISADVANTAGE,Low,BULLISH_STABLE,75.0,Aligned,neutral,结构:STRUCTURAL_ACCUMULATION(A/A-); 阶段:Stable(B); 触发:Consolidation(C); 置信度:Low,PASSED,B,fallback
00700,腾讯控股,2017-01-20,STRUCTURAL_ACCUMULATION,Stable,Consolidation,28.942906150569424,COST_DISADVANTAGE,Low,BULLISH_STABLE,75.0,Aligned,risk_off,结构:STRUCTURAL_ACCUMULATION(A/A-); 阶段:Stable(B); 触发:Consolidation(C); 置信度:Low,PASSED,B,fallback
00700,腾讯控股,2017-01-27,STRUCTURAL_ACCUMULATION,Stable,Consolidation,28.942906150569424,COST_DISADVANTAGE,Low,BULLISH_STABLE,75.0,Aligned,neutral,结构:STRUCTURAL_ACCUMULATION(A/A-); 阶段:Stable(B); 触发:Consolidation(C); 置信度:Low,PASSED,B,fallback
00700,腾讯控股,2017-02-03,STRUCTURAL_ACCUMULATION,Improving,Consolidation,41.20038893251184,COST_DISADVANTAGE,Medium,BULLISH_STABLE,75.0,Aligned,risk_on,结构:STRUCTURAL_ACCUMULATION(A/A-); 阶段:Improving(B); 触发:Consolidation(C); 置信度:Medium,PASSED,B,matrix
00700,腾讯控股,2017-02-10,STRUCTURAL_ACCUMULATION,Improving,Consolidation,41.20038893251184,COST_DISADVANTAGE,Medium,BULLISH_STABLE,75.0,Aligned,risk_on,结构:STRUCTURAL_ACCUMULATION(A/A-); 阶段:Improving(B); 触发:Consolidation(C); 置信度:Medium,PASSED,B,matrix
00700,腾讯控股,2017-02-17,STRUCTURAL_DECLINE,Improving,Consolidation,41.20038893251184,COST_DISADVANTAGE,Low,BEARISH_CONFIRMED,20.0,Divergence,risk_on,结构:STRUCTURAL_DECLINE(A/A-); 阶段:Improving(B); 触发:Consolidation(C); 置信度:Low,PASSED,C,fallback
00700,腾讯控股,2017-02-24,STRUCTURAL_DECLINE,Improving,Consolidation,41.20038893251184,COST_DISADVANTAGE,Low,BEARISH_CONFIRMED,20.0,Divergence,risk_on,结构:STRUCTURAL_DECLINE(A/A-); 阶段:Improving(B); 触发:Consolidation(C); 置信度:Low,PASSED,C,fallback
00700,腾讯控股,2017-03-03,STRUCTURAL_DECLINE,Stable,Consolidation,45.21401526357136,COST_DISADVANTAGE,Low,BEARISH_CONFIRMED,20.0,Aligned,risk_on,结构:STRUCTURAL_DECLINE(A/A-); 阶段:Stable(B); 触发:Consolidation(C); 置信度:Low,PASSED,C,fallback
00700,腾讯控股,2017-03-10,STRUCTURAL_DECLINE,Stable,Consolidation,45.21401526357136,COST_DISADVANTAGE,Low,BEARISH_CONFIRMED,20.0,Aligned,risk_on,结构:STRUCTURAL_DECLINE(A/A-); 阶段:Stable(B); 触发:Consolidation(C); 置信度:Low,PASSED,C,fallback
00700,腾讯控股,2017-03-17,STRUCTURAL_DECLINE,Stable,Consolidation,45.21401526357136,COST_DISADVANTAGE,Low,BEARISH_CONFIRMED,20.0,Aligned,risk_on,结构:STRUCTURAL_DECLINE(A/A-); 阶段:Stable(B); 触发:Consolidation(C); 置信度:Low,PASSED,C,fallback
00700,腾讯控股,2017-03-24,STRUCTURAL_DECLINE,Stable,Consolidation,45.21401526357136,COST_DISADVANTAGE,Low,BEARISH_CONFIRMED,20.0,Aligned,risk_on,结构:STRUCTURAL_DECLINE(A/A-); 阶段:Stable(B); 触发:Consolidation(C); 置信度:Low,PASSED,C,fallback
00700,腾讯控股,2017-03-31,STRUCTURAL_DECLINE,Stable,Consolidation,48.07747844717302,COST_DISADVANTAGE,Low,BEARISH_CONFIRMED,20.0,Aligned,risk_on,结构:STRUCTURAL_DECLINE(A/A-); 阶段:Stable(B); 触发:Consolidation(C); 置信度:Low,PASSED,C,fallback
00700,腾讯控股,2017-04-07,STRUCTURAL_DECLINE,Stable,Consolidation,48.07747844717302,COST_DISADVANTAGE,Low,BEARISH_CONFIRMED,20.0,Aligned,risk_on,结构:STRUCTURAL_DECLINE(A/A-); 阶段:Stable(B); 触发:Consolidation(C); 置信度:Low,PASSED,C,fallback
00700,腾讯控股,2017-04-14,STRUCTURAL_DECLINE,Stable,Consolidation,48.07747844717302,COST_DISADVANTAGE,Low,BEARISH_CONFIRMED,20.0,Aligned,risk_on,结构:STRUCTURAL_DECLINE(A/A-); 阶段:Stable(B); 触发:Consolidation(C); 置信度:Low,PASSED,C,fallback
00700,腾讯控股,2017-04-21,STRUCTURAL_DECLINE,Stable,Consolidation,48.07747844717302,COST_DISADVANTAGE,Low,BEARISH_CONFIRMED,20.0,Aligned,risk_on,结构:STRUCTURAL_DECLINE(A/A-); 阶段:Stable(B); 触发:Consolidation(C); 置信度:Low,PASSED,C,fallback
00700,腾讯控股,2017-04-28,STRUCTURAL_DECLINE,Stable,Consolidation,48.07747844717302,COST_DISADVANTAGE,Low,BEARISH_CONFIRMED,20.0,Aligned,risk_on,结构:STRUCTURAL_DECLINE(A/A-); 阶段:Stable(B); 触发:Consolidation(C); 置信度:Low,PASSED,C,fallback
00700,腾讯控股,2017-05-05,STRUCTURAL_DECLINE,Improving,Consolidation,56.93250567544724,COST_NEUTRAL,Low,BEARISH_CONFIRMED,20.0,Divergence,risk_on,结构:STRUCTURAL_DECLINE(A/A-); 阶段:Improving(B); 触发:Consolidation(C); 置信度:Low,PASSED,C,fallback
00700,腾讯控股,2017-05-12,STRUCTURAL_DECLINE,Improving,Consolidation,56.93250567544724,COST_NEUTRAL,Low,BEARISH_CONFIRMED,20.0,Divergence,risk_on,结构:STRUCTURAL_DECLINE(A/A-); 阶段:Improving(B); 触发:Consolidation(C); 置信度:Low,PASSED,C,fallback
00700,腾讯控股,2017-05-19,STRUCTURAL_DECLINE,Improving,Consolidation,56.93250567544724,COST_NEUTRAL,Medium,BEARISH_CONFIRMED,20.0,Divergence,risk_on,结构:STRUCTURAL_DECLINE(A/A-); 阶段:Improving(B); 触发:Consolidation(C); 置信度:Medium,PASSED,B,fallback
00700,腾讯控股,2017-05-26,STRUCTURAL_DECLINE,Improving,Consolidation,56.93250567544724,COST_NEUTRAL,Medium,BEARISH_CONFIRMED,20.0,Divergence,risk_on,结构:STRUCTURAL_DECLINE(A/A-); 阶段:Improving(B); 触发:Consolidation(C); 置信度:Medium,PASSED,B,fallback
00700,腾讯控股,2017-06-02,STRUCTURAL_DECLINE,Stable,Consolidation,26.23402256440696,COST_NEUTRAL,Low,BEARISH_CONFIRMED,20.0,Aligned,risk_on,结构:STRUCTURAL_DECLINE(A/A-); 阶段:Stable(B); 触发:Consolidation(C); 置信度:Low,PASSED,B,fallback
00700,腾讯控股,2017-06-09,STRUCTURAL_DECLINE,Stable,Consolidation,26.23402256440696,COST_NEUTRAL,Low,BEARISH_CONFIRMED,20.0,Aligned,risk_on,结构:STRUCTURAL_DECLINE(A/A-); 阶段:Stable(B); 触发:Consolidation(C); 置信度:Low,PASSED,B,fallback
00700,腾讯控股,2017-06-16,STRUCTURAL_DECLINE,Stable,Consolidation,26.23402256440696,COST_NEUTRAL,Low,BEARISH_CONFIRMED,20.0,Aligned,risk_on,结构:STRUCTURAL_DECLINE(A/A-); 阶段:Stable(B); 触发:Consolidation(C); 置信度:Low,PASSED,B,fallback
00700,腾讯控股,2017-06-23,STRUCTURAL_DECLINE,Stable,Consolidation,26.23402256440696,COST_NEUTRAL,Low,BEARISH_CONFIRMED,20.0,Aligned,risk_on,结构:STRUCTURAL_DECLINE(A/A-); 阶段:Stable(B); 触发:Consolidation(C); 置信度:Low,PASSED,B,fallback
00700,腾讯控股,2017-06-30,STRUCTURAL_DECLINE,Stable,Consolidation,28.21231871055472,COST_DISADVANTAGE,Low,BEARISH_CONFIRMED,20.0,Aligned,risk_on,结构:STRUCTURAL_DECLINE(A/A-); 阶段:Stable(B); 触发:Consolidation(C); 置信度:Low,PASSED,B,fallback
00700,腾讯控股,2017-07-07,STRUCTURAL_DECLINE,Stable,Pullback,28.21231871055472,COST_DISADVANTAGE,Low,BEARISH_CONFIRMED,20.0,Aligned,risk_on,结构:STRUCTURAL_DECLINE(A/A-); 阶段:Stable(B); 触发:Pullback(C); 置信度:Low,PASSED,B,fallback
00700,腾讯控股,2017-07-14,STRUCTURAL_DECLINE,Stable,Consolidation,28.21231871055472,COST_DISADVANTAGE,Low,BEARISH_CONFIRMED,20.0,Aligned,risk_on,结构:STRUCTURAL_DECLINE(A/A-); 阶段:Stable(B); 触发:Consolidation(C); 置信度:Low,PASSED,B,fallback
00700,腾讯控股,2017-07-21,STRUCTURAL_DECLINE,Stable,Consolidation,28.21231871055472,COST_DISADVANTAGE,Low,BEARISH_CONFIRMED,20.0,Aligned,risk_on,结构:STRUCTURAL_DECLINE(A/A-); 阶段:Stable(B); 触发:Consolidation(C); 置信度:Low,PASSED,B,fallback
00700,腾讯控股,2017-07-28,STRUCTURAL_DECLINE,Stable,Consolidation,28.21231871055472,COST_DISADVANTAGE,Low,BEARISH_CONFIRMED,20.0,Aligned,risk_on,结构:STRUCTURAL_DECLINE(A/A-); 阶段:Stable(B); 触发:Consolidation(C); 置信度:Low,PASSED,B,fallback
00700,腾讯控股,2017-08-04,STRUCTURAL_DECLINE,Stable,Consolidation,35.295044862282055,COST_NEUTRAL,Low,BEARISH_CONFIRMED,20.0,Aligned,risk_on,结构:STRUCTURAL_DECLINE(A/A-); 阶段:Stable(B); 触发:Consolidation(C); 置信度:Low,PASSED,B,fallback
00700,腾讯控股,2017-08-11,STRUCTURAL_DECLINE,Stable,Consolidation,35.295044862282055,COST_NEUTRAL,Low,BEARISH_CONFIRMED,20.0,Aligned,risk_on,结构:STRUCTURAL_DECLINE(A/A-); 阶段:Stable(B); 触发:Consolidation(C); 置信度:Low,PASSED,B,fallback
00700,腾讯控股,2017-08-18,STRUCTURAL_DECLINE,Stable,Consolidation,35.295044862282055,COST_NEUTRAL,Low,BEARISH_CONFIRMED,20.0,Aligned,risk_on,结构:STRUCTURAL_DECLINE(A/A-); 阶段:Stable(B); 触发:Consolidation(C); 置信度:Low,PASSED,B,fallback
00700,腾讯控股,2017-08-25,STRUCTURAL_DECLINE,Stable,Consolidation,35.295044862282055,COST_NEUTRAL,Low,BEARISH_CONFIRMED,20.0,Aligned,risk_on,结构:STRUCTURAL_DECLINE(A/A-); 阶段:Stable(B); 触发:Consolidation(C); 置信度:Low,PASSED,B,fallback
00700,腾讯控股,2017-09-01,STRUCTURAL_DECLINE,Stable,Consolidation,22.06833642661918,COST_NEUTRAL,Low,BEARISH_CONFIRMED,20.0,Aligned,risk_on,结构:STRUCTURAL_DECLINE(A/A-); 阶段:Stable(B); 触发:Consolidation(C); 置信度:Low,PASSED,B,fallback
00700,腾讯控股,2017-09-08,STRUCTURAL_DECLINE,Stable,Consolidation,22.06833642661918,COST_NEUTRAL,Low,BEARISH_CONFIRMED,20.0,Aligned,risk_on,结构:STRUCTURAL_DECLINE(A/A-); 阶段:Stable(B); 触发:Consolidation(C); 置信度:Low,PASSED,B,fallback
00700,腾讯控股,2017-09-15,STRUCTURAL_DECLINE,Stable,Consolidation,22.06833642661918,COST_NEUTRAL,Low,BEARISH_CONFIRMED,20.0,Aligned,risk_on,结构:STRUCTURAL_DECLINE(A/A-); 阶段:Stable(B); 触发:Consolidation(C); 置信度:Low,PASSED,B,fallback
00700,腾讯控股,2017-09-22,STRUCTURAL_DECLINE,Stable,Consolidation,22.06833642661918,COST_NEUTRAL,Low,BEARISH_CONFIRMED,20.0,Aligned,risk_on,结构:STRUCTURAL_DECLINE(A/A-); 阶段:Stable(B); 触发:Consolidation(C); 置信度:Low,PASSED,B,fallback
00700,腾讯控股,2017-09-29,STRUCTURAL_DECLINE,Stable,Consolidation,22.06833642661918,COST_NEUTRAL,Low,BEARISH_CONFIRMED,20.0,Aligned,risk_on,结构:STRUCTURAL_DECLINE(A/A-); 阶段:Stable(B); 触发:Consolidation(C); 置信度:Low,PASSED,B,fallback
00700,腾讯控股,2017-10-06,STRUCTURAL_DECLINE,Improving,Consolidation,41.95207311695134,COST_DISADVANTAGE,Medium,BEARISH_CONFIRMED,20.0,Divergence,risk_on,结构:STRUCTURAL_DECLINE(A/A-); 阶段:Improving(B); 触发:Consolidation(C); 置信度:Medium,PASSED,B,fallback
00700,腾讯控股,2017-10-13,STRUCTURAL_DECLINE,Improving,Consolidation,41.95207311695134,COST_DISADVANTAGE,Medium,BEARISH_CONFIRMED,20.0,Divergence,risk_on,结构:STRUCTURAL_DECLINE(A/A-); 阶段:Improving(B); 触发:Consolidation(C); 置信度:Medium,PASSED,B,fallback
00700,腾讯控股,2017-10-20,STRUCTURAL_DECLINE,Improving,Consolidation,41.95207311695134,COST_DISADVANTAGE,Medium,BEARISH_CONFIRMED,20.0,Divergence,risk_on,结构:STRUCTURAL_DECLINE(A/A-); 阶段:Improving(B); 触发:Consolidation(C); 置信度:Medium,PASSED,B,fallback
00700,腾讯控股,2017-10-27,STRUCTURAL_DECLINE,Improving,Consolidation,41.95207311695134,COST_DISADVANTAGE,Medium,BEARISH_CONFIRMED,20.0,Divergence,risk_on,结构:STRUCTURAL_DECLINE(A/A-); 阶段:Improving(B); 触发:Consolidation(C); 置信度:Medium,PASSED,B,fallback
00700,腾讯控股,2017-11-03,STRUCTURAL_DECLINE,Improving,Consolidation,56.73610417002536,COST_NEUTRAL,Medium,BEARISH_CONFIRMED,20.0,Divergence,risk_on,结构:STRUCTURAL_DECLINE(A/A-); 阶段:Improving(B); 触发:Consolidation(C); 置信度:Medium,PASSED,B,fallback
00700,腾讯控股,2017-11-10,STRUCTURAL_DECLINE,Improving,Consolidation,56.73610417002536,COST_NEUTRAL,Medium,BEARISH_CONFIRMED,20.0,Divergence,risk_on,结构:STRUCTURAL_DECLINE(A/A-); 阶段:Improving(B); 触发:Consolidation(C); 置信度:Medium,PASSED,B,fallback
00700,腾讯控股,2017-11-17,STRUCTURAL_DECLINE,Improving,Consolidation,56.73610417002536,COST_NEUTRAL,Medium,BEARISH_CONFIRMED,20.0,Divergence,risk_on,结构:STRUCTURAL_DECLINE(A/A-); 阶段:Improving(B); 触发:Consolidation(C); 置信度:Medium,PASSED,B,fallback
00700,腾讯控股,2017-11-24,STRUCTURAL_DECLINE,Improving,Consolidation,56.73610417002536,COST_NEUTRAL,Medium,BEARISH_CONFIRMED,20.0,Divergence,risk_on,结构:STRUCTURAL_DECLINE(A/A-); 阶段:Improving(B); 触发:Consolidation(C); 置信度:Medium,PASSED,B,fallback
00700,腾讯控股,2017-12-01,STRUCTURAL_DECLINE,Stable,Pullback,24.876384536879797,COST_NEUTRAL,Low,BEARISH_CONFIRMED,20.0,Aligned,risk_on,结构:STRUCTURAL_DECLINE(A/A-); 阶段:Stable(B); 触发:Pullback(C); 置信度:Low,PASSED,B,fallback
00700,腾讯控股,2017-12-08,STRUCTURAL_DECLINE,Stable,Consolidation,24.876384536879797,COST_NEUTRAL,Low,BEARISH_CONFIRMED,20.0,Aligned,risk_on,结构:STRUCTURAL_DECLINE(A/A-); 阶段:Stable(B); 触发:Consolidation(C); 置信度:Low,PASSED,B,fallback
00700,腾讯控股,2017-12-15,STRUCTURAL_DECLINE,Stable,Pullback,24.876384536879797,COST_NEUTRAL,Low,BEARISH_CONFIRMED,20.0,Aligned,risk_on,结构:STRUCTURAL_DECLINE(A/A-); 阶段:Stable(B); 触发:Pullback(C); 置信度:Low,PASSED,B,fallback
00700,腾讯控股,2017-12-22,STRUCTURAL_DECLINE,Stable,Consolidation,24.876384536879797,COST_NEUTRAL,Low,BEARISH_CONFIRMED,20.0,Aligned,risk_on,结构:STRUCTURAL_DECLINE(A/A-); 阶段:Stable(B); 触发:Consolidation(C); 置信度:Low,PASSED,B,fallback
00700,腾讯控股,2017-12-29,STRUCTURAL_DECLINE,Stable,Consolidation,24.876384536879797,COST_NEUTRAL,Low,BEARISH_CONFIRMED,20.0,Aligned,risk_on,结构:STRUCTURAL_DECLINE(A/A-); 阶段:Stable(B); 触发:Consolidation(C); 置信度:Low,PASSED,B,fallback
00700,腾讯控股,2018-01-05,STRUCTURAL_DECLINE,Stable,Consolidation,23.399525065334554,COST_NEUTRAL,Low,BEARISH_CONFIRMED,20.0,Aligned,risk_on,结构:STRUCTURAL_DECLINE(A/A-); 阶段:Stable(B); 触发:Consolidation(C); 置信度:Low,PASSED,B,fallback
00700,腾讯控股,2018-01-12,STRUCTURAL_DECLINE,Stable,Consolidation,23.399525065334554,COST_NEUTRAL,Low,BEARISH_CONFIRMED,20.0,Aligned,risk_on,结构:STRUCTURAL_DECLINE(A/A-); 阶段:Stable(B); 触发:Consolidation(C); 置信度:Low,PASSED,B,fallback
00700,腾讯控股,2018-01-19,STRUCTURAL_DECLINE,Stable,Consolidation,23.399525065334554,COST_NEUTRAL,Low,BEARISH_CONFIRMED,20.0,Aligned,risk_on,结构:STRUCTURAL_DECLINE(A/A-); 阶段:Stable(B); 触发:Consolidation(C); 置信度:Low,PASSED,B,fallback
00700,腾讯控股,2018-01-26,STRUCTURAL_DECLINE,Stable,Consolidation,23.399525065334554,COST_NEUTRAL,Low,BEARISH_CONFIRMED,20.0,Aligned,risk_on,结构:STRUCTURAL_DECLINE(A/A-); 阶段:Stable(B); 触发:Consolidation(C); 置信度:Low,PASSED,B,fallback
00700,腾讯控股,2018-02-02,STRUCTURAL_DECLINE,Stable,Consolidation,39.47203821629122,COST_NEUTRAL,Low,BEARISH_CONFIRMED,20.0,Aligned,risk_on,结构:STRUCTURAL_DECLINE(A/A-); 阶段:Stable(B); 触发:Consolidation(C); 置信度:Low,PASSED,B,fallback
00700,腾讯控股,2018-02-09,STRUCTURAL_DECLINE,Stable,Pullback,39.47203821629122,COST_NEUTRAL,Low,BEARISH_CONFIRMED,20.0,Aligned,risk_off,结构:STRUCTURAL_DECLINE(A/A-); 阶段:Stable(B); 触发:Pullback(C); 置信度:Low,PASSED,B,fallback
00700,腾讯控股,2018-02-16,STRUCTURAL_DIVERGENCE,Stable,Consolidation,39.47203821629122,COST_NEUTRAL,Low,BULLISH_WARNING,55.0,Aligned,risk_on,结构:STRUCTURAL_DIVERGENCE(A/A-); 阶段:Stable(B); 触发:Consolidation(C); 置信度:Low,PASSED,C,fallback
00700,腾讯控股,2018-02-23,STRUCTURAL_DIVERGENCE,Stable,Consolidation,39.47203821629122,COST_NEUTRAL,Low,BULLISH_WARNING,55.0,Aligned,risk_on,结构:STRUCTURAL_DIVERGENCE(A/A-); 阶段:Stable(B); 触发:Consolidation(C); 置信度:Low,PASSED,C,fallback
00700,腾讯控股,2018-03-02,STRUCTURAL_DIVERGENCE,Deteriorating,Pullback,45.39221249135093,COST_NEUTRAL,Low,BULLISH_WARNING,55.0,Aligned,risk_off,结构:STRUCTURAL_DIVERGENCE(A/A-); 阶段:Deteriorating(B); 触发:Pullback(C); 置信度:Low,PASSED,C,fallback
00700,腾讯控股,2018-03-09,STRUCTURAL_DIVERGENCE,Deteriorating,Consolidation,45.39221249135093,COST_NEUTRAL,Low,BULLISH_WARNING,55.0,Aligned,risk_on,结构:STRUCTURAL_DIVERGENCE(A/A-); 阶段:Deteriorating(B); 触发:Consolidation(C); 置信度:Low,PASSED,C,fallback
00700,腾讯控股,2018-03-16,STRUCTURAL_DIVERGENCE,Deteriorating,Consolidation,45.39221249135093,COST_NEUTRAL,Low,BULLISH_WARNING,55.0,Aligned,risk_on,结构:STRUCTURAL_DIVERGENCE(A/A-); 阶段:Deteriorating(B); 触发:Consolidation(C); 置信度:Low,PASSED,C,fallback
00700,腾讯控股,2018-03-23,STRUCTURAL_DIVERGENCE,Deteriorating,Pullback,45.39221249135093,COST_NEUTRAL,Low,BULLISH_WARNING,55.0,Aligned,risk_off,结构:STRUCTURAL_DIVERGENCE(A/A-); 阶段:Deteriorating(B); 触发:Pullback(C); 置信度:Low,PASSED,C,fallback
00700,腾讯控股,2018-03-30,STRUCTURAL_DIVERGENCE,Deteriorating,Consolidation,45.39221249135093,COST_NEUTRAL,Low,BULLISH_WARNING,55.0,Aligned,risk_off,结构:STRUCTURAL_DIVERGENCE(A/A-); 阶段:Deteriorating(B); 触发:Consolidation(C); 置信度:Low,PASSED,C,fallback
00700,腾讯控股,2018-04-06,STRUCTURAL_DIVERGENCE,Deteriorating,Consolidation,35.23819551615634,COST_DISADVANTAGE,Low,BULLISH_WARNING,55.0,Aligned,risk_off,结构:STRUCTURAL_DIVERGENCE(A/A-); 阶段:Deteriorating(B); 触发:Consolidation(C); 置信度:Low,PASSED,C,fallback
00700,腾讯控股,2018-04-13,STRUCTURAL_DIVERGENCE,Deteriorating,Consolidation,35.23819551615634,COST_DISADVANTAGE,Low,BULLISH_WARNING,55.0,Aligned,neutral,结构:STRUCTURAL_DIVERGENCE(A/A-); 阶段:Deteriorating(B); 触发:Consolidation(C); 置信度:Low,PASSED,C,fallback
00700,腾讯控股,2018-04-20,STRUCTURAL_DIVERGENCE,Deteriorating,Consolidation,35.23819551615634,COST_DISADVANTAGE,Low,BULLISH_WARNING,55.0,Aligned,risk_off,结构:STRUCTURAL_DIVERGENCE(A/A-); 阶段:Deteriorating(B); 触发:Consolidation(C); 置信度:Low,PASSED,C,fallback
00700,腾讯控股,2018-04-27,STRUCTURAL_DIVERGENCE,Deteriorating,Consolidation,35.23819551615634,COST_DISADVANTAGE,Low,BULLISH_WARNING,55.0,Aligned,risk_off,结构:STRUCTURAL_DIVERGENCE(A/A-); 阶段:Deteriorating(B); 触发:Consolidation(C); 置信度:Low,PASSED,C,fallback
00700,腾讯控股,2018-05-04,STRUCTURAL_DIVERGENCE,Deteriorating,Consolidation,51.231994109396915,COST_DISADVANTAGE,Low,BULLISH_WARNING,55.0,Aligned,risk_off,结构:STRUCTURAL_DIVERGENCE(A/A-); 阶段:Deteriorating(B); 触发:Consolidation(C); 置信度:Low,PASSED,C,fallback
00700,腾讯控股,2018-05-11,STRUCTURAL_DIVERGENCE,Deteriorating,Consolidation,51.231994109396915,COST_DISADVANTAGE,Low,BULLISH_WARNING,55.0,Aligned,risk_on,结构:STRUCTURAL_DIVERGENCE(A/A-); 阶段:Deteriorating(B); 触发:Consolidation(C); 置信度:Low,PASSED,C,fallback
00700,腾讯控股,2018-05-18,STRUCTURAL_DIVERGENCE,Deteriorating,Consolidation,51.231994109396915,COST_DISADVANTAGE,Low,BULLISH_WARNING,55.0,Aligned,neutral,结构:STRUCTURAL_DIVERGENCE(A/A-); 阶段:Deteriorating(B); 触发:Consolidation(C); 置信度:Low,PASSED,B,fallback
00700,腾讯控股,2018-05-25,STRUCTURAL_DIVERGENCE,Deteriorating,Consolidation,51.231994109396915,COST_DISADVANTAGE,Low,BULLISH_WARNING,55.0,Aligned,risk_off,结构:STRUCTURAL_DIVERGENCE(A/A-); 阶段:Deteriorating(B); 触发:Consolidation(C); 置信度:Low,PASSED,B,fallback
00700,腾讯控股,2018-06-01,STRUCTURAL_DIVERGENCE,Improving,Consolidation,57.51793129065433,COST_DISADVANTAGE,Low,BULLISH_WARNING,55.0,Aligned,neutral,结构:STRUCTURAL_DIVERGENCE(A/A-); 阶段:Improving(B); 触发:Consolidation(C); 置信度:Low,PASSED,B,fallback
00700,腾讯控股,2018-06-08,STRUCTURAL_DIVERGENCE,Improving,Consolidation,57.51793129065433,COST_DISADVANTAGE,Low,BULLISH_WARNING,55.0,Aligned,neutral,结构:STRUCTURAL_DIVERGENCE(A/A-); 阶段:Improving(B); 触发:Consolidation(C); 置信度:Low,PASSED,B,fallback
00700,腾讯控股,2018-06-15,STRUCTURAL_DIVERGENCE,Improving,Consolidation,57.51793129065433,COST_DISADVANTAGE,Low,BULLISH_WARNING,55.0,Aligned,risk_off,结构:STRUCTURAL_DIVERGENCE(A/A-); 阶段:Improving(B); 触发:Consolidation(C); 置信度:Low,PASSED,B,fallback
00700,腾讯控股,2018-06-22,STRUCTURAL_DIVERGENCE,Improving,Consolidation,57.51793129065433,COST_DISADVANTAGE,Low,BULLISH_WARNING,55.0,Aligned,risk_off,结构:STRUCTURAL_DIVERGENCE(A/A-); 阶段:Improving(B); 触发:Consolidation(C); 置信度:Low,PASSED,B,fallback
00700,腾讯控股,2018-06-29,STRUCTURAL_DIVERGENCE,Improving,Consolidation,57.51793129065433,COST_DISADVANTAGE,Low,BULLISH_WARNING,55.0,Aligned,risk_off,结构:STRUCTURAL_DIVERGENCE(A/A-); 阶段:Improving(B); 触发:Consolidation(C); 置信度:Low,PASSED,B,fallback
00700,腾讯控股,2018-07-06,STRUCTURAL_DIVERGENCE,Stable,Consolidation,70.37916931141956,COST_DISADVANTAGE,Low,BULLISH_WARNING,55.0,Aligned,risk_off,结构:STRUCTURAL_DIVERGENCE(A/A-); 阶段:Stable(B); 触发:Consolidation(C); 置信度:Low,PASSED,B,fallback
00700,腾讯控股,2018-07-13,STRUCTURAL_DIVERGENCE,Stable,Consolidation,70.37916931141956,COST_DISADVANTAGE,Low,BULLISH_WARNING,55.0,Aligned,risk_off,结构:STRUCTURAL_DIVERGENCE(A/A-); 阶段:Stable(B); 触发:Consolidation(C); 置信度:Low,PASSED,B,fallback
00700,腾讯控股,2018-07-20,STRUCTURAL_DIVERGENCE,Stable,Consolidation,70.37916931141956,COST_DISADVANTAGE,Low,BULLISH_WARNING,55.0,Aligned,risk_off,结构:STRUCTURAL_DIVERGENCE(A/A-); 阶段:Stable(B); 触发:Consolidation(C); 置信度:Low,PASSED,B,fallback
00700,腾讯控股,2018-07-27,STRUCTURAL_DIVERGENCE,Stable,Consolidation,70.37916931141956,COST_DISADVANTAGE,Low,BULLISH_WARNING,55.0,Aligned,risk_off,结构:STRUCTURAL_DIVERGENCE(A/A-); 阶段:Stable(B); 触发:Consolidation(C); 置信度:Low,PASSED,B,fallback
00700,腾讯控股,2018-08-03,STRUCTURAL_DIVERGENCE,Deteriorating,Breakdown,68.63273449772157,COST_DISADVANTAGE,Low,BULLISH_WARNING,55.0,Aligned,risk_off,结构:STRUCTURAL_DIVERGENCE(A/A-); 阶段:Deteriorating(B); 触发:Breakdown(C); 置信度:Low,PASSED,B,matrix
00700,腾讯控股,2018-08-10,STRUCTURAL_DIVERGENCE,Deteriorating,Consolidation,68.63273449772157,COST_DISADVANTAGE,Low,BULLISH_WARNING,55.0,Aligned,risk_off,结构:STRUCTURAL_DIVERGENCE(A/A-); 阶段:Deteriorating(B); 触发:Consolidation(C); 置信度:Low,PASSED,B,fallback
00700,腾讯控股,2018-08-17,STRUCTURAL_BOTTOM_CANDIDATE,Deteriorating,Breakdown,68.63273449772157,COST_DISADVANTAGE,Medium,BULLISH_WARNING,55.0,Aligned,risk_off,结构:STRUCTURAL_BOTTOM_CANDIDATE(A/A-); 阶段:Deteriorating(B); 触发:Breakdown(C); 置信度:Medium,PASSED,C,fallback
00700,腾讯控股,2018-08-24,STRUCTURAL_BOTTOM_CANDIDATE,Deteriorating,Consolidation,68.63273449772157,COST_DISADVANTAGE,Medium,BULLISH_WARNING,55.0,Aligned,risk_off,结构:STRUCTURAL_BOTTOM_CANDIDATE(A/A-); 阶段:Deteriorating(B); 触发:Consolidation(C); 置信度:Medium,PASSED,C,fallback
00700,腾讯控股,2018-08-31,STRUCTURAL_BOTTOM_CANDIDATE,Deteriorating,Consolidation,25.19714768412703,COST_DISADVANTAGE,Low,BULLISH_WARNING,55.0,Aligned,risk_off,结构:STRUCTURAL_BOTTOM_CANDIDATE(A/A-); 阶段:Deteriorating(B); 触发:Consolidation(C); 置信度:Low,PASSED,C,fallback
00700,腾讯控股,2018-09-07,STRUCTURAL_BOTTOM_CANDIDATE,Deteriorating,Breakdown,25.19714768412703,COST_DISADVANTAGE,Low,BULLISH_WARNING,55.0,Aligned,risk_off,结构:STRUCTURAL_BOTTOM_CANDIDATE(A/A-); 阶段:Deteriorating(B); 触发:Breakdown(C); 置信度:Low,PASSED,C,fallback
00700,腾讯控股,2018-09-14,STRUCTURAL_BOTTOM_CANDIDATE,Deteriorating,Consolidation,25.19714768412703,COST_DISADVANTAGE,Low,BULLISH_WARNING,55.0,Aligned,risk_off,结构:STRUCTURAL_BOTTOM_CANDIDATE(A/A-); 阶段:Deteriorating(B); 触发:Consolidation(C); 置信度:Low,PASSED,C,fallback
00700,腾讯控股,2018-09-21,STRUCTURAL_BOTTOM_CANDIDATE,Deteriorating,Consolidation,25.19714768412703,COST_DISADVANTAGE,Low,BULLISH_WARNING,55.0,Aligned,neutral,结构:STRUCTURAL_BOTTOM_CANDIDATE(A/A-); 阶段:Deteriorating(B); 触发:Consolidation(C); 置信度:Low,PASSED,C,fallback
00700,腾讯控股,2018-09-28,STRUCTURAL_BOTTOM_CANDIDATE,Deteriorating,Consolidation,25.19714768412703,COST_DISADVANTAGE,Low,BULLISH_WARNING,55.0,Aligned,neutral,结构:STRUCTURAL_BOTTOM_CANDIDATE(A/A-); 阶段:Deteriorating(B); 触发:Consolidation(C); 置信度:Low,PASSED,C,fallback
00700,腾讯控股,2018-10-05,STRUCTURAL_BOTTOM_CANDIDATE,Stable,Breakdown,45.9520720535606,COST_DISADVANTAGE,Medium,BULLISH_WARNING,55.0,Aligned,risk_off,结构:STRUCTURAL_BOTTOM_CANDIDATE(A/A-); 阶段:Stable(B); 触发:Breakdown(C); 置信度:Medium,PASSED,C,fallback
00700,腾讯控股,2018-10-12,STRUCTURAL_BOTTOM_CANDIDATE,Stable,Breakdown,45.9520720535606,COST_DISADVANTAGE,Medium,BULLISH_WARNING,55.0,Aligned,risk_off,结构:STRUCTURAL_BOTTOM_CANDIDATE(A/A-); 阶段:Stable(B); 触发:Breakdown(C); 置信度:Medium,PASSED,C,fallback
00700,腾讯控股,2018-10-19,STRUCTURAL_BOTTOM_CANDIDATE,Stable,Consolidation,45.9520720535606,COST_DISADVANTAGE,Medium,BULLISH_WARNING,55.0,Aligned,risk_off,结构:STRUCTURAL_BOTTOM_CANDIDATE(A/A-); 阶段:Stable(B); 触发:Consolidation(C); 置信度:Medium,PASSED,C,fallback
00700,腾讯控股,2018-10-26,STRUCTURAL_BOTTOM_CANDIDATE,Stable,Breakdown,45.9520720535606,COST_DISADVANTAGE,Medium,BULLISH_WARNING,55.0,Aligned,risk_off,结构:STRUCTURAL_BOTTOM_CANDIDATE(A/A-); 阶段:Stable(B); 触发:Breakdown(C); 置信度:Medium,PASSED,C,fallback
00700,腾讯控股,2018-11-02,STRUCTURAL_BOTTOM_CANDIDATE,Deteriorating,Consolidation,32.01616705270755,COST_DISADVANTAGE,Low,BULLISH_WARNING,55.0,Aligned,risk_off,结构:STRUCTURAL_BOTTOM_CANDIDATE(A/A-); 阶段:Deteriorating(B); 触发:Consolidation(C); 置信度:Low,PASSED,C,fallback
00700,腾讯控股,2018-11-09,STRUCTURAL_BOTTOM_CANDIDATE,Deteriorating,Consolidation,32.01616705270755,COST_DISADVANTAGE,Low,BULLISH_WARNING,55.0,Aligned,risk_off,结构:STRUCTURAL_BOTTOM_CANDIDATE(A/A-); 阶段:Deteriorating(B); 触发:Consolidation(C); 置信度:Low,PASSED,C,fallback
00700,腾讯控股,2018-11-16,STRUCTURAL_BOTTOM_CANDIDATE,Deteriorating,Consolidation,32.01616705270755,COST_DISADVANTAGE,Low,BULLISH_WARNING,55.0,Aligned,risk_off,结构:STRUCTURAL_BOTTOM_CANDIDATE(A/A-); 阶段:Deteriorating(B); 触发:Consolidation(C); 置信度:Low,PASSED,C,fallback
00700,腾讯控股,2018-11-23,STRUCTURAL_BOTTOM_CANDIDATE,Deteriorating,Consolidation,32.01616705270755,COST_DISADVANTAGE,Low,BULLISH_WARNING,55.0,Aligned,risk_off,结构:STRUCTURAL_BOTTOM_CANDIDATE(A/A-); 阶段:Deteriorating(B); 触发:Consolidation(C); 置信度:Low,PASSED,C,fallback
00700,腾讯控股,2018-11-30,STRUCTURAL_BOTTOM_CANDIDATE,Improving,Consolidation,24.266640342817034,COST_NEUTRAL,Low,BULLISH_WARNING,55.0,Aligned,risk_off,结构:STRUCTURAL_BOTTOM_CANDIDATE(A/A-); 阶段:Improving(B); 触发:Consolidation(C); 置信度:Low,PASSED,C,fallback
00700,腾讯控股,2018-12-07,STRUCTURAL_BOTTOM_CANDIDATE,Improving,Consolidation,24.266640342817034,COST_NEUTRAL,Low,BULLISH_WARNING,55.0,Aligned,neutral,结构:STRUCTURAL_BOTTOM_CANDIDATE(A/A-); 阶段:Improving(B); 触发:Consolidation(C); 置信度:Low,PASSED,C,fallback
00700,腾讯控股,2018-12-14,STRUCTURAL_BOTTOM_CANDIDATE,Improving,Consolidation,24.266640342817034,COST_NEUTRAL,Low,BULLISH_WARNING,55.0,Aligned,risk_off,结构:STRUCTURAL_BOTTOM_CANDIDATE(A/A-); 阶段:Improving(B); 触发:Consolidation(C); 置信度:Low,PASSED,C,fallback
00700,腾讯控股,2018-12-21,STRUCTURAL_BOTTOM_CANDIDATE,Improving,Consolidation,24.266640342817034,COST_NEUTRAL,Low,BULLISH_WARNING,55.0,Aligned,risk_off,结构:STRUCTURAL_BOTTOM_CANDIDATE(A/A-); 阶段:Improving(B); 触发:Consolidation(C); 置信度:Low,PASSED,C,fallback
00700,腾讯控股,2018-12-28,STRUCTURAL_BOTTOM_CANDIDATE,Improving,Consolidation,24.266640342817034,COST_NEUTRAL,Low,BULLISH_WARNING,55.0,Aligned,risk_off,结构:STRUCTURAL_BOTTOM_CANDIDATE(A/A-); 阶段:Improving(B); 触发:Consolidation(C); 置信度:Low,PASSED,C,fallback
00700,腾讯控股,2019-01-04,STRUCTURAL_BOTTOM_CANDIDATE,Stable,Consolidation,51.79690226658999,COST_DISADVANTAGE,Medium,BULLISH_WARNING,55.0,Aligned,risk_off,结构:STRUCTURAL_BOTTOM_CANDIDATE(A/A-); 阶段:Stable(B); 触发:Consolidation(C); 置信度:Medium,PASSED,C,fallback
00700,腾讯控股,2019-01-11,STRUCTURAL_BOTTOM_CANDIDATE,Stable,Consolidation,51.79690226658999,COST_DISADVANTAGE,Medium,BULLISH_WARNING,55.0,Aligned,risk_on,结构:STRUCTURAL_BOTTOM_CANDIDATE(A/A-); 阶段:Stable(B); 触发:Consolidation(C); 置信度:Medium,PASSED,C,fallback
00700,腾讯控股,2019-01-18,STRUCTURAL_BOTTOM_CANDIDATE,Stable,Consolidation,51.79690226658999,COST_DISADVANTAGE,Medium,BULLISH_WARNING,55.0,Aligned,risk_on,结构:STRUCTURAL_BOTTOM_CANDIDATE(A/A-); 阶段:Stable(B); 触发:Consolidation(C); 置信度:Medium,PASSED,C,fallback
00700,腾讯控股,2019-01-25,STRUCTURAL_BOTTOM_CANDIDATE,Stable,Consolidation,51.79690226658999,COST_DISADVANTAGE,Medium,BULLISH_WARNING,55.0,Aligned,risk_on,结构:STRUCTURAL_BOTTOM_CANDIDATE(A/A-); 阶段:Stable(B); 触发:Consolidation(C); 置信度:Medium,PASSED,C,fallback
00700,腾讯控股,2019-02-01,STRUCTURAL_BOTTOM_CANDIDATE,Improving,Consolidation,65.44245390954474,COST_NEUTRAL,Medium,BULLISH_WARNING,55.0,Aligned,risk_on,结构:STRUCTURAL_BOTTOM_CANDIDATE(A/A-); 阶段:Improving(B); 触发:Consolidation(C); 置信度:Medium,PASSED,C,fallback
00700,腾讯控股,2019-02-08,STRUCTURAL_BOTTOM_CANDIDATE,Improving,Consolidation,65.44245390954474,COST_NEUTRAL,Medium,BULLISH_WARNING,55.0,Aligned,risk_on,结构:STRUCTURAL_BOTTOM_CANDIDATE(A/A-); 阶段:Improving(B); 触发:Consolidation(C); 置信度:Medium,PASSED,C,fallback
00700,腾讯控股,2019-02-15,STRUCTURAL_BOTTOM_CANDIDATE,Improving,Pullback,65.44245390954474,COST_NEUTRAL,Medium,BULLISH_WARNING,55.0,Aligned,risk_on,结构:STRUCTURAL_BOTTOM_CANDIDATE(A/A-); 阶段:Improving(B); 触发:Pullback(C); 置信度:Medium,PASSED,B,fallback
00700,腾讯控股,2019-02-22,STRUCTURAL_BOTTOM_CANDIDATE,Improving,Consolidation,65.44245390954474,COST_NEUTRAL,Medium,BULLISH_WARNING,55.0,Aligned,risk_on,结构:STRUCTURAL_BOTTOM_CANDIDATE(A/A-); 阶段:Improving(B); 触发:Consolidation(C); 置信度:Medium,PASSED,B,fallback
00700,腾讯控股,2019-03-01,STRUCTURAL_BOTTOM_CANDIDATE,Deteriorating,Pullback,61.56136848096,COST_NEUTRAL,Medium,BULLISH_WARNING,55.0,Aligned,risk_on,结构:STRUCTURAL_BOTTOM_CANDIDATE(A/A-); 阶段:Deteriorating(B); 触发:Pullback(C); 置信度:Medium,PASSED,B,fallback
00700,腾讯控股,2019-03-08,STRUCTURAL_BOTTOM_CANDIDATE,Deteriorating,Consolidation,61.56136848096,COST_NEUTRAL,Medium,BULLISH_WARNING,55.0,Aligned,risk_on,结构:STRUCTURAL_BOTTOM_CANDIDATE(A/A-); 阶段:Deteriorating(B); 触发:Consolidation(C); 置信度:Medium,PASSED,B,fallback
00700,腾讯控股,2019-03-15,STRUCTURAL_BOTTOM_CANDIDATE,Deteriorating,Consolidation,61.56136848096,COST_NEUTRAL,Medium,BULLISH_WARNING,55.0,Aligned,risk_on,结构:STRUCTURAL_BOTTOM_CANDIDATE(A/A-); 阶段:Deteriorating(B); 触发:Consolidation(C); 置信度:Medium,PASSED,B,fallback
00700,腾讯控股,2019-03-22,STRUCTURAL_BOTTOM_CANDIDATE,Deteriorating,Consolidation,61.56136848096,COST_NEUTRAL,Medium,BULLISH_WARNING,55.0,Aligned,risk_on,结构:STRUCTURAL_BOTTOM_CANDIDATE(A/A-); 阶段:Deteriorating(B); 触发:Consolidation(C); 置信度:Medium,PASSED,B,fallback
00700,腾讯控股,2019-03-29,STRUCTURAL_BOTTOM_CANDIDATE,Deteriorating,Consolidation,61.56136848096,COST_NEUTRAL,Medium,BULLISH_WARNING,55.0,Aligned,risk_on,结构:STRUCTURAL_BOTTOM_CANDIDATE(A/A-); 阶段:Deteriorating(B); 触发:Consolidation(C); 置信度:Medium,PASSED,B,fallback
00700,腾讯控股,2019-04-05,STRUCTURAL_BOTTOM_CANDIDATE,Improving,Consolidation,69.77505277720714,COST_DISADVANTAGE,Medium,BULLISH_WARNING,55.0,Aligned,risk_on,结构:STRUCTURAL_BOTTOM_CANDIDATE(A/A-); 阶段:Improving(B); 触发:Consolidation(C); 置信度:Medium,PASSED,B,fallback
00700,腾讯控股,2019-04-12,STRUCTURAL_BOTTOM_CANDIDATE,Improving,Consolidation,69.77505277720714,COST_DISADVANTAGE,Medium,BULLISH_WARNING,55.0,Aligned,risk_on,结构:STRUCTURAL_BOTTOM_CANDIDATE(A/A-); 阶段:Improving(B); 触发:Consolidation(C); 置信度:Medium,PASSED,B,fallback
00700,腾讯控股,2019-04-19,STRUCTURAL_BOTTOM_CANDIDATE,Improving,Consolidation,69.77505277720714,COST_DISADVANTAGE,Medium,BULLISH_WARNING,55.0,Aligned,risk_on,结构:STRUCTURAL_BOTTOM_CANDIDATE(A/A-); 阶段:Improving(B); 触发:Consolidation(C); 置信度:Medium,PASSED,B,fallback
00700,腾讯控股,2019-04-26,STRUCTURAL_BOTTOM_CANDIDATE,Improving,Consolidation,69.77505277720714,COST_DISADVANTAGE,Medium,BULLISH_WARNING,55.0,Aligned,risk_on,结构:STRUCTURAL_BOTTOM_CANDIDATE(A/A-); 阶段:Improving(B); 触发:Consolidation(C); 置信度:Medium,PASSED,B,fallback
00700,腾讯控股,2019-05-03,STRUCTURAL_BOTTOM_CANDIDATE,Improving,Consolidation,62.5916828584629,COST_NEUTRAL,Medium,BULLISH_WARNING,55.0,Aligned,risk_on,结构:STRUCTURAL_BOTTOM_CANDIDATE(A/A-); 阶段:Improving(B); 触发:Consolidation(C); 置信度:Medium,PASSED,B,fallback
00700,腾讯控股,2019-05-10,STRUCTURAL_BOTTOM_CANDIDATE,Improving,Pullback,62.5916828584629,COST_NEUTRAL,Medium,BULLISH_WARNING,55.0,Aligned,neutral,结构:STRUCTURAL_BOTTOM_CANDIDATE(A/A-); 阶段:Improving(B); 触发:Pullback(C); 置信度:Medium,PASSED,B,fallback
00700,腾讯控股,2019-05-17,STRUCTURAL_BOTTOM_CANDIDATE,Improving,Consolidation,62.5916828584629,COST_NEUTRAL,Medium,BULLISH_WARNING,55.0,Aligned,neutral,结构:STRUCTURAL_BOTTOM_CANDIDATE(A/A-); 阶段:Improving(B); 触发:Consolidation(C); 置信度:Medium,PASSED,B,fallback
00700,腾讯控股,2019-05-24,STRUCTURAL_BOTTOM_CANDIDATE,Improving,Consolidation,62.5916828584629,COST_NEUTRAL,Medium,BULLISH_WARNING,55.0,Aligned,risk_off,结构:STRUCTURAL_BOTTOM_CANDIDATE(A/A-); 阶段:Improving(B); 触发:Consolidation(C); 置信度:Medium,PASSED,B,fallback
00700,腾讯控股,2019-05-31,STRUCTURAL_BOTTOM_CANDIDATE,Deteriorating,Consolidation,39.048881085453914,COST_DISADVANTAGE,Medium,BULLISH_WARNING,55.0,Aligned,risk_off,结构:STRUCTURAL_BOTTOM_CANDIDATE(A/A-); 阶段:Deteriorating(B); 触发:Consolidation(C); 置信度:Medium,PASSED,B,fallback
00700,腾讯控股,2019-06-07,STRUCTURAL_BOTTOM_CANDIDATE,Deteriorating,Consolidation,39.048881085453914,COST_DISADVANTAGE,Medium,BULLISH_WARNING,55.0,Aligned,risk_off,结构:STRUCTURAL_BOTTOM_CANDIDATE(A/A-); 阶段:Deteriorating(B); 触发:Consolidation(C); 置信度:Medium,PASSED,B,fallback
00700,腾讯控股,2019-06-14,STRUCTURAL_BOTTOM_CANDIDATE,Deteriorating,Consolidation,39.048881085453914,COST_DISADVANTAGE,Medium,BULLISH_WARNING,55.0,Aligned,risk_off,结构:STRUCTURAL_BOTTOM_CANDIDATE(A/A-); 阶段:Deteriorating(B); 触发:Consolidation(C); 置信度:Medium,PASSED,B,fallback
00700,腾讯控股,2019-06-21,STRUCTURAL_BOTTOM_CANDIDATE,Deteriorating,Consolidation,39.048881085453914,COST_DISADVANTAGE,Medium,BULLISH_WARNING,55.0,Aligned,risk_off,结构:STRUCTURAL_BOTTOM_CANDIDATE(A/A-); 阶段:Deteriorating(B); 触发:Consolidation(C); 置信度:Medium,PASSED,B,fallback
00700,腾讯控股,2019-06-28,STRUCTURAL_BOTTOM_CANDIDATE,Deteriorating,Consolidation,39.048881085453914,COST_DISADVANTAGE,Medium,BULLISH_WARNING,55.0,Aligned,neutral,结构:STRUCTURAL_BOTTOM_CANDIDATE(A/A-); 阶段:Deteriorating(B); 触发:Consolidation(C); 置信度:Medium,PASSED,B,fallback
00700,腾讯控股,2019-07-05,STRUCTURAL_BOTTOM_CANDIDATE,Improving,Consolidation,44.582050425517174,COST_DISADVANTAGE,Medium,BULLISH_WARNING,55.0,Aligned,risk_off,结构:STRUCTURAL_BOTTOM_CANDIDATE(A/A-); 阶段:Improving(B); 触发:Consolidation(C); 置信度:Medium,PASSED,B,fallback
00700,腾讯控股,2019-07-12,STRUCTURAL_BOTTOM_CANDIDATE,Improving,Consolidation,44.582050425517174,COST_DISADVANTAGE,Medium,BULLISH_WARNING,55.0,Aligned,risk_off,结构:STRUCTURAL_BOTTOM_CANDIDATE(A/A-); 阶段:Improving(B); 触发:Consolidation(C); 置信度:Medium,PASSED,B,fallback
00700,腾讯控股,2019-07-19,STRUCTURAL_BOTTOM_CANDIDATE,Improving,Consolidation,44.582050425517174,COST_DISADVANTAGE,Medium,BULLISH_WARNING,55.0,Aligned,risk_off,结构:STRUCTURAL_BOTTOM_CANDIDATE(A/A-); 阶段:Improving(B); 触发:Consolidation(C); 置信度:Medium,PASSED,B,fallback
00700,腾讯控股,2019-07-26,STRUCTURAL_BOTTOM_CANDIDATE,Improving,Consolidation,44.582050425517174,COST_DISADVANTAGE,Medium,BULLISH_WARNING,55.0,Aligned,risk_off,结构:STRUCTURAL_BOTTOM_CANDIDATE(A/A-); 阶段:Improving(B); 触发:Consolidation(C); 置信度:Medium,PASSED,B,fallback
00700,腾讯控股,2019-08-02,STRUCTURAL_BOTTOM_CANDIDATE,Improving,Pullback,53.112844742546116,COST_DISADVANTAGE,Medium,BULLISH_WARNING,55.0,Aligned,risk_off,结构:STRUCTURAL_BOTTOM_CANDIDATE(A/A-); 阶段:Improving(B); 触发:Pullback(C); 置信度:Medium,PASSED,B,fallback
00700,腾讯控股,2019-08-09,STRUCTURAL_BOTTOM_CANDIDATE,Improving,Consolidation,53.112844742546116,COST_DISADVANTAGE,Medium,BULLISH_WARNING,55.0,Aligned,risk_off,结构:STRUCTURAL_BOTTOM_CANDIDATE(A/A-); 阶段:Improving(B); 触发:Consolidation(C); 置信度:Medium,PASSED,B,fallback
00700,腾讯控股,2019-08-16,STRUCTURAL_BOTTOM_CANDIDATE,Improving,Consolidation,53.112844742546116,COST_DISADVANTAGE,Medium,BULLISH_WARNING,55.0,Aligned,risk_off,结构:STRUCTURAL_BOTTOM_CANDIDATE(A/A-); 阶段:Improving(B); 触发:Consolidation(C); 置信度:Medium,PASSED,B,fallback
00700,腾讯控股,2019-08-23,STRUCTURAL_BOTTOM_CANDIDATE,Improving,Consolidation,53.112844742546116,COST_DISADVANTAGE,Medium,BULLISH_WARNING,55.0,Aligned,risk_off,结构:STRUCTURAL_BOTTOM_CANDIDATE(A/A-); 阶段:Improving(B); 触发:Consolidation(C); 置信度:Medium,PASSED,B,fallback
00700,腾讯控股,2019-08-30,STRUCTURAL_BOTTOM_CANDIDATE,Improving,Consolidation,53.112844742546116,COST_DISADVANTAGE,Medium,BULLISH_WARNING,55.0,Aligned,risk_off,结构:STRUCTURAL_BOTTOM_CANDIDATE(A/A-); 阶段:Improving(B); 触发:Consolidation(C); 置信度:Medium,PASSED,B,fallback
00700,腾讯控股,2019-09-06,STRUCTURAL_BOTTOM_CANDIDATE,Deteriorating,Consolidation,40.706835026739846,COST_DISADVANTAGE,Medium,BULLISH_WARNING,55.0,Aligned,risk_off,结构:STRUCTURAL_BOTTOM_CANDIDATE(A/A-); 阶段:Deteriorating(B); 触发:Consolidation(C); 置信度:Medium,PASSED,B,fallback
00700,腾讯控股,2019-09-13,STRUCTURAL_BOTTOM_CANDIDATE,Deteriorating,Consolidation,40.706835026739846,COST_DISADVANTAGE,Medium,BULLISH_WARNING,55.0,Aligned,risk_off,结构:STRUCTURAL_BOTTOM_CANDIDATE(A/A-); 阶段:Deteriorating(B); 触发:Consolidation(C); 置信度:Medium,PASSED,B,fallback
00700,腾讯控股,2019-09-20,STRUCTURAL_BOTTOM_CANDIDATE,Deteriorating,Consolidation,40.706835026739846,COST_DISADVANTAGE,Medium,BULLISH_WARNING,55.0,Aligned,risk_off,结构:STRUCTURAL_BOTTOM_CANDIDATE(A/A-); 阶段:Deteriorating(B); 触发:Consolidation(C); 置信度:Medium,PASSED,B,fallback
00700,腾讯控股,2019-09-27,STRUCTURAL_BOTTOM_CANDIDATE,Deteriorating,Consolidation,40.706835026739846,COST_DISADVANTAGE,Medium,BULLISH_WARNING,55.0,Aligned,risk_off,结构:STRUCTURAL_BOTTOM_CANDIDATE(A/A-); 阶段:Deteriorating(B); 触发:Consolidation(C); 置信度:Medium,PASSED,B,fallback
00700,腾讯控股,2019-10-04,STRUCTURAL_BOTTOM_CANDIDATE,Improving,Consolidation,52.44297841370317,COST_DISADVANTAGE,Medium,BULLISH_WARNING,55.0,Aligned,risk_off,结构:STRUCTURAL_BOTTOM_CANDIDATE(A/A-); 阶段:Improving(B); 触发:Consolidation(C); 置信度:Medium,PASSED,B,fallback
00700,腾讯控股,2019-10-11,STRUCTURAL_BOTTOM_CANDIDATE,Improving,Consolidation,52.44297841370317,COST_DISADVANTAGE,Medium,BULLISH_WARNING,55.0,Aligned,risk_off,结构:STRUCTURAL_BOTTOM_CANDIDATE(A/A-); 阶段:Improving(B); 触发:Consolidation(C); 置信度:Medium,PASSED,B,fallback
00700,腾讯控股,2019-10-18,STRUCTURAL_BOTTOM_CANDIDATE,Improving,Consolidation,52.44297841370317,COST_DISADVANTAGE,Medium,BULLISH_WARNING,55.0,Aligned,risk_off,结构:STRUCTURAL_BOTTOM_CANDIDATE(A/A-); 阶段:Improving(B); 触发:Consolidation(C); 置信度:Medium,PASSED,B,fallback
00700,腾讯控股,2019-10-25,STRUCTURAL_BOTTOM_CANDIDATE,Improving,Consolidation,52.44297841370317,COST_DISADVANTAGE,Medium,BULLISH_WARNING,55.0,Aligned,risk_off,结构:STRUCTURAL_BOTTOM_CANDIDATE(A/A-); 阶段:Improving(B); 触发:Consolidation(C); 置信度:Medium,PASSED,B,fallback
00700,腾讯控股,2019-11-01,STRUCTURAL_BOTTOM_CANDIDATE,Stable,Consolidation,47.943655718702594,COST_DISADVANTAGE,Medium,BULLISH_WARNING,55.0,Aligned,risk_on,结构:STRUCTURAL_BOTTOM_CANDIDATE(A/A-); 阶段:Stable(B); 触发:Consolidation(C); 置信度:Medium,PASSED,B,fallback
00700,腾讯控股,2019-11-08,STRUCTURAL_BOTTOM_CANDIDATE,Stable,Consolidation,47.943655718702594,COST_DISADVANTAGE,Medium,BULLISH_WARNING,55.0,Aligned,risk_on,结构:STRUCTURAL_BOTTOM_CANDIDATE(A/A-); 阶段:Stable(B); 触发:Consolidation(C); 置信度:Medium,PASSED,B,fallback
00700,腾讯控股,2019-11-15,STRUCTURAL_BOTTOM_CANDIDATE,Stable,Consolidation,47.943655718702594,COST_DISADVANTAGE,Low,BULLISH_WARNING,55.0,Aligned,neutral,结构:STRUCTURAL_BOTTOM_CANDIDATE(A/A-); 阶段:Stable(B); 触发:Consolidation(C); 置信度:Low,PASSED,B,fallback
00700,腾讯控股,2019-11-22,STRUCTURAL_BOTTOM_CANDIDATE,Stable,Consolidation,47.943655718702594,COST_DISADVANTAGE,Low,BULLISH_WARNING,55.0,Aligned,risk_on,结构:STRUCTURAL_BOTTOM_CANDIDATE(A/A-); 阶段:Stable(B); 触发:Consolidation(C); 置信度:Low,PASSED,B,fallback
00700,腾讯控股,2019-11-29,STRUCTURAL_BOTTOM_CANDIDATE,Stable,Consolidation,47.943655718702594,COST_DISADVANTAGE,Low,BULLISH_WARNING,55.0,Aligned,neutral,结构:STRUCTURAL_BOTTOM_CANDIDATE(A/A-); 阶段:Stable(B); 触发:Consolidation(C); 置信度:Low,PASSED,B,fallback
00700,腾讯控股,2019-12-06,STRUCTURAL_BOTTOM_CANDIDATE,Improving,Consolidation,56.0006210964663,COST_DISADVANTAGE,Medium,BULLISH_WARNING,55.0,Aligned,risk_off,结构:STRUCTURAL_BOTTOM_CANDIDATE(A/A-); 阶段:Improving(B); 触发:Consolidation(C); 置信度:Medium,PASSED,B,fallback
00700,腾讯控股,2019-12-13,STRUCTURAL_BOTTOM_CANDIDATE,Improving,Consolidation,56.0006210964663,COST_DISADVANTAGE,Medium,BULLISH_WARNING,55.0,Aligned,risk_on,结构:STRUCTURAL_BOTTOM_CANDIDATE(A/A-); 阶段:Improving(B); 触发:Consolidation(C); 置信度:Medium,PASSED,B,fallback
00700,腾讯控股,2019-12-20,STRUCTURAL_BOTTOM_CANDIDATE,Improving,Consolidation,56.0006210964663,COST_DISADVANTAGE,Medium,BULLISH_WARNING,55.0,Aligned,risk_on,结构:STRUCTURAL_BOTTOM_CANDIDATE(A/A-); 阶段:Improving(B); 触发:Consolidation(C); 置信度:Medium,PASSED,B,fallback
00700,腾讯控股,2019-12-27,STRUCTURAL_BOTTOM_CANDIDATE,Improving,Consolidation,56.0006210964663,COST_DISADVANTAGE,Medium,BULLISH_WARNING,55.0,Aligned,risk_on,结构:STRUCTURAL_BOTTOM_CANDIDATE(A/A-); 阶段:Improving(B); 触发:Consolidation(C); 置信度:Medium,PASSED,B,fallback
00700,腾讯控股,2020-01-03,STRUCTURAL_BOTTOM_CANDIDATE,Improving,Consolidation,54.9059324577288,COST_NEUTRAL,Medium,BULLISH_WARNING,55.0,Aligned,risk_on,结构:STRUCTURAL_BOTTOM_CANDIDATE(A/A-); 阶段:Improving(B); 触发:Consolidation(C); 置信度:Medium,PASSED,B,fallback
00700,腾讯控股,2020-01-10,STRUCTURAL_BOTTOM_CANDIDATE,Improving,Consolidation,54.9059324577288,COST_NEUTRAL,Medium,BULLISH_WARNING,55.0,Aligned,risk_on,结构:STRUCTURAL_BOTTOM_CANDIDATE(A/A-); 阶段:Improving(B); 触发:Consolidation(C); 置信度:Medium,PASSED,B,fallback
00700,腾讯控股,2020-01-17,STRUCTURAL_BOTTOM_CANDIDATE,Improving,Consolidation,54.9059324577288,COST_NEUTRAL,Medium,BULLISH_WARNING,55.0,Aligned,risk_on,结构:STRUCTURAL_BOTTOM_CANDIDATE(A/A-); 阶段:Improving(B); 触发:Consolidation(C); 置信度:Medium,PASSED,B,fallback
00700,腾讯控股,2020-01-24,STRUCTURAL_BOTTOM_CANDIDATE,Improving,Pullback,54.9059324577288,COST_NEUTRAL,Medium,BULLISH_WARNING,55.0,Aligned,risk_on,结构:STRUCTURAL_BOTTOM_CANDIDATE(A/A-); 阶段:Improving(B); 触发:Pullback(C); 置信度:Medium,PASSED,B,fallback
00700,腾讯控股,2020-01-31,STRUCTURAL_BOTTOM_CANDIDATE,Stable,Pullback,48.725005094605145,COST_NEUTRAL,Low,BULLISH_WARNING,55.0,Aligned,risk_off,结构:STRUCTURAL_BOTTOM_CANDIDATE(A/A-); 阶段:Stable(B); 触发:Pullback(C); 置信度:Low,PASSED,B,fallback
00700,腾讯控股,2020-02-07,STRUCTURAL_BOTTOM_CANDIDATE,Stable,Consolidation,48.725005094605145,COST_NEUTRAL,Low,BULLISH_WARNING,55.0,Aligned,neutral,结构:STRUCTURAL_BOTTOM_CANDIDATE(A/A-); 阶段:Stable(B); 触发:Consolidation(C); 置信度:Low,PASSED,B,fallback
00700,腾讯控股,2020-02-14,STRUCTURAL_BOTTOM_CANDIDATE,Stable,Consolidation,48.725005094605145,COST_NEUTRAL,Low,BULLISH_WARNING,55.0,Aligned,risk_on,结构:STRUCTURAL_BOTTOM_CANDIDATE(A/A-); 阶段:Stable(B); 触发:Consolidation(C); 置信度:Low,PASSED,B,fallback
00700,腾讯控股,2020-02-21,STRUCTURAL_BOTTOM_CANDIDATE,Stable,Consolidation,48.725005094605145,COST_NEUTRAL,Low,BULLISH_WARNING,55.0,Aligned,risk_on,结构:STRUCTURAL_BOTTOM_CANDIDATE(A/A-); 阶段:Stable(B); 触发:Consolidation(C); 置信度:Low,PASSED,B,fallback
00700,腾讯控股,2020-02-28,STRUCTURAL_BOTTOM_CANDIDATE,Stable,Pullback,48.725005094605145,COST_NEUTRAL,Low,BULLISH_WARNING,55.0,Aligned,risk_off,结构:STRUCTURAL_BOTTOM_CANDIDATE(A/A-); 阶段:Stable(B); 触发:Pullback(C); 置信度:Low,PASSED,B,fallback
00700,腾讯控股,2020-03-06,STRUCTURAL_BOTTOM_CANDIDATE,Stable,Consolidation,53.783861393166,COST_NEUTRAL,Medium,BULLISH_WARNING,55.0,Aligned,risk_off,结构:STRUCTURAL_BOTTOM_CANDIDATE(A/A-); 阶段:Stable(B); 触发:Consolidation(C); 置信度:Medium,PASSED,B,fallback
00700,腾讯控股,2020-03-13,STRUCTURAL_BOTTOM_CANDIDATE,Stable,Consolidation,53.783861393166,COST_NEUTRAL,Medium,BULLISH_WARNING,55.0,Aligned,risk_off,结构:STRUCTURAL_BOTTOM_CANDIDATE(A/A-); 阶段:Stable(B); 触发:Consolidation(C); 置信度:Medium,PASSED,B,fallback
00700,腾讯控股,2020-03-20,STRUCTURAL_BOTTOM_CANDIDATE,Stable,Consolidation,53.783861393166,COST_NEUTRAL,Medium,BULLISH_WARNING,55.0,Aligned,risk_off,结构:STRUCTURAL_BOTTOM_CANDIDATE(A/A-); 阶段:Stable(B); 触发:Consolidation(C); 置信度:Medium,PASSED,B,fallback
00700,腾讯控股,2020-03-27,STRUCTURAL_BOTTOM_CANDIDATE,Stable,Consolidation,53.783861393166,COST_NEUTRAL,Medium,BULLISH_WARNING,55.0,Aligned,risk_off,结构:STRUCTURAL_BOTTOM_CANDIDATE(A/A-); 阶段:Stable(B); 触发:Consolidation(C); 置信度:Medium,PASSED,B,fallback
00700,腾讯控股,2020-04-03,STRUCTURAL_BOTTOM_CANDIDATE,Deteriorating,Pullback,32.42053197601837,COST_DISADVANTAGE,Low,BULLISH_WARNING,55.0,Aligned,risk_off,结构:STRUCTURAL_BOTTOM_CANDIDATE(A/A-); 阶段:Deteriorating(B); 触发:Pullback(C); 置信度:Low,PASSED,B,fallback
00700,腾讯控股,2020-04-10,STRUCTURAL_BOTTOM_CANDIDATE,Deteriorating,Consolidation,32.42053197601837,COST_DISADVANTAGE,Low,BULLISH_WARNING,55.0,Aligned,risk_off,结构:STRUCTURAL_BOTTOM_CANDIDATE(A/A-); 阶段:Deteriorating(B); 触发:Consolidation(C); 置信度:Low,PASSED,B,fallback
00700,腾讯控股,2020-04-17,STRUCTURAL_BOTTOM_CANDIDATE,Deteriorating,Consolidation,32.42053197601837,COST_DISADVANTAGE,Low,BULLISH_WARNING,55.0,Aligned,risk_off,结构:STRUCTURAL_BOTTOM_CANDIDATE(A/A-); 阶段:Deteriorating(B); 触发:Consolidation(C); 置信度:Low,PASSED,B,fallback
00700,腾讯控股,2020-04-24,STRUCTURAL_BOTTOM_CANDIDATE,Deteriorating,Consolidation,32.42053197601837,COST_DISADVANTAGE,Low,BULLISH_WARNING,55.0,Aligned,risk_off,结构:STRUCTURAL_BOTTOM_CANDIDATE(A/A-); 阶段:Deteriorating(B); 触发:Consolidation(C); 置信度:Low,PASSED,B,fallback
00700,腾讯控股,2020-05-01,STRUCTURAL_BOTTOM_CANDIDATE,Improving,Consolidation,48.161840771394,COST_NEUTRAL,Low,BULLISH_WARNING,55.0,Aligned,risk_off,结构:STRUCTURAL_BOTTOM_CANDIDATE(A/A-); 阶段:Improving(B); 触发:Consolidation(C); 置信度:Low,PASSED,B,fallback
00700,腾讯控股,2020-05-08,STRUCTURAL_BOTTOM_CANDIDATE,Improving,Consolidation,48.161840771394,COST_NEUTRAL,Low,BULLISH_WARNING,55.0,Aligned,risk_off,结构:STRUCTURAL_BOTTOM_CANDIDATE(A/A-); 阶段:Improving(B); 触发:Consolidation(C); 置信度:Low,PASSED,B,fallback
00700,腾讯控股,2020-05-15,STRUCTURAL_BOTTOM_CANDIDATE,Improving,Consolidation,48.161840771394,COST_NEUTRAL,Medium,BULLISH_WARNING,55.0,Aligned,risk_off,结构:STRUCTURAL_BOTTOM_CANDIDATE(A/A-); 阶段:Improving(B); 触发:Consolidation(C); 置信度:Medium,PASSED,B,fallback
00700,腾讯控股,2020-05-22,STRUCTURAL_BOTTOM_CANDIDATE,Improving,Consolidation,48.161840771394,COST_NEUTRAL,Medium,BULLISH_WARNING,55.0,Aligned,risk_off,结构:STRUCTURAL_BOTTOM_CANDIDATE(A/A-); 阶段:Improving(B); 触发:Consolidation(C); 置信度:Medium,PASSED,B,fallback
00700,腾讯控股,2020-05-29,STRUCTURAL_BOTTOM_CANDIDATE,Improving,Pullback,48.161840771394,COST_NEUTRAL,Medium,BULLISH_WARNING,55.0,Aligned,risk_off,结构:STRUCTURAL_BOTTOM_CANDIDATE(A/A-); 阶段:Improving(B); 触发:Pullback(C); 置信度:Medium,PASSED,B,fallback
00700,腾讯控股,2020-06-05,STRUCTURAL_BOTTOM_CANDIDATE,Stable,Consolidation,32.78828717701812,COST_NEUTRAL,Low,BULLISH_WARNING,55.0,Aligned,neutral,结构:STRUCTURAL_BOTTOM_CANDIDATE(A/A-); 阶段:Stable(B); 触发:Consolidation(C); 置信度:Low,PASSED,B,fallback
00700,腾讯控股,2020-06-12,STRUCTURAL_BOTTOM_CANDIDATE,Stable,Consolidation,32.78828717701812,COST_NEUTRAL,Low,BULLISH_WARNING,55.0,Aligned,risk_off,结构:STRUCTURAL_BOTTOM_CANDIDATE(A/A-); 阶段:Stable(B); 触发:Consolidation(C); 置信度:Low,PASSED,B,fallback
00700,腾讯控股,2020-06-19,STRUCTURAL_BOTTOM_CANDIDATE,Stable,Consolidation,32.78828717701812,COST_NEUTRAL,Low,BULLISH_WARNING,55.0,Aligned,risk_off,结构:STRUCTURAL_BOTTOM_CANDIDATE(A/A-); 阶段:Stable(B); 触发:Consolidation(C); 置信度:Low,PASSED,B,fallback
00700,腾讯控股,2020-06-26,STRUCTURAL_BOTTOM_CANDIDATE,Stable,Consolidation,32.78828717701812,COST_NEUTRAL,Low,BULLISH_WARNING,55.0,Aligned,risk_off,结构:STRUCTURAL_BOTTOM_CANDIDATE(A/A-); 阶段:Stable(B); 触发:Consolidation(C); 置信度:Low,PASSED,B,fallback
00700,腾讯控股,2020-07-03,STRUCTURAL_BOTTOM_CANDIDATE,Stable,Consolidation,38.45036141285897,COST_ADVANTAGE,Medium,BULLISH_WARNING,55.0,Aligned,risk_on,结构:STRUCTURAL_BOTTOM_CANDIDATE(A/A-); 阶段:Stable(B); 触发:Consolidation(C); 置信度:Medium,PASSED,B,fallback
00700,腾讯控股,2020-07-10,STRUCTURAL_BOTTOM_CANDIDATE,Stable,Consolidation,38.45036141285897,COST_ADVANTAGE,Medium,BULLISH_WARNING,55.0,Aligned,risk_off,结构:STRUCTURAL_BOTTOM_CANDIDATE(A/A-); 阶段:Stable(B); 触发:Consolidation(C); 置信度:Medium,PASSED,B,fallback
00700,腾讯控股,2020-07-17,STRUCTURAL_BOTTOM_CANDIDATE,Stable,Consolidation,38.45036141285897,COST_ADVANTAGE,Medium,BULLISH_WARNING,55.0,Aligned,risk_on,结构:STRUCTURAL_BOTTOM_CANDIDATE(A/A-); 阶段:Stable(B); 触发:Consolidation(C); 置信度:Medium,PASSED,B,fallback
00700,腾讯控股,2020-07-24,STRUCTURAL_BOTTOM_CANDIDATE,Stable,Consolidation,38.45036141285897,COST_ADVANTAGE,Medium,BULLISH_WARNING,55.0,Aligned,risk_off,结构:STRUCTURAL_BOTTOM_CANDIDATE(A/A-); 阶段:Stable(B); 触发:Consolidation(C); 置信度:Medium,PASSED,B,fallback
00700,腾讯控股,2020-07-31,STRUCTURAL_BOTTOM_CANDIDATE,Stable,Consolidation,38.533350060673556,COST_NEUTRAL,Medium,BULLISH_WARNING,55.0,Aligned,neutral,结构:STRUCTURAL_BOTTOM_CANDIDATE(A/A-); 阶段:Stable(B); 触发:Consolidation(C); 置信度:Medium,PASSED,B,fallback
00700,腾讯控股,2020-08-07,STRUCTURAL_BOTTOM_CANDIDATE,Stable,Consolidation,38.533350060673556,COST_NEUTRAL,Medium,BULLISH_WARNING,55.0,Aligned,neutral,结构:STRUCTURAL_BOTTOM_CANDIDATE(A/A-); 阶段:Stable(B); 触发:Consolidation(C); 置信度:Medium,PASSED,B,fallback
00700,腾讯控股,2020-08-14,STRUCTURAL_DIVERGENCE,Stable,Pullback,38.533350060673556,COST_NEUTRAL,Low,BULLISH_WARNING,55.0,Aligned,risk_on,结构:STRUCTURAL_DIVERGENCE(A/A-); 阶段:Stable(B); 触发:Pullback(C); 置信度:Low,PASSED,C,fallback
00700,腾讯控股,2020-08-21,STRUCTURAL_DIVERGENCE,Stable,Consolidation,38.533350060673556,COST_NEUTRAL,Low,BULLISH_WARNING,55.0,Aligned,risk_on,结构:STRUCTURAL_DIVERGENCE(A/A-); 阶段:Stable(B); 触发:Consolidation(C); 置信度:Low,PASSED,C,fallback
00700,腾讯控股,2020-08-28,STRUCTURAL_DIVERGENCE,Stable,Consolidation,38.533350060673556,COST_NEUTRAL,Low,BULLISH_WARNING,55.0,Aligned,risk_on,结构:STRUCTURAL_DIVERGENCE(A/A-); 阶段:Stable(B); 触发:Consolidation(C); 置信度:Low,PASSED,C,fallback
00700,腾讯控股,2020-09-04,STRUCTURAL_DIVERGENCE,Stable,Pullback,26.451643880228268,COST_NEUTRAL,Low,BULLISH_WARNING,55.0,Aligned,risk_off,结构:STRUCTURAL_DIVERGENCE(A/A-); 阶段:Stable(B); 触发:Pullback(C); 置信度:Low,PASSED,C,fallback
00700,腾讯控股,2020-09-11,STRUCTURAL_DIVERGENCE,Stable,Pullback,26.451643880228268,COST_NEUTRAL,Low,BULLISH_WARNING,55.0,Aligned,neutral,结构:STRUCTURAL_DIVERGENCE(A/A-); 阶段:Stable(B); 触发:Pullback(C); 置信度:Low,PASSED,C,fallback
00700,腾讯控股,2020-09-18,STRUCTURAL_DIVERGENCE,Stable,Consolidation,26.451643880228268,COST_NEUTRAL,Low,BULLISH_WARNING,55.0,Aligned,neutral,结构:STRUCTURAL_DIVERGENCE(A/A-); 阶段:Stable(B); 触发:Consolidation(C); 置信度:Low,PASSED,C,fallback
00700,腾讯控股,2020-09-25,STRUCTURAL_DIVERGENCE,Stable,Pullback,26.451643880228268,COST_NEUTRAL,Low,BULLISH_WARNING,55.0,Aligned,risk_off,结构:STRUCTURAL_DIVERGENCE(A/A-); 阶段:Stable(B); 触发:Pullback(C); 置信度:Low,PASSED,C,fallback
00700,腾讯控股,2020-10-02,STRUCTURAL_DIVERGENCE,Deteriorating,Pullback,57.05607975420112,COST_DISADVANTAGE,Low,BULLISH_WARNING,55.0,Aligned,risk_off,结构:STRUCTURAL_DIVERGENCE(A/A-); 阶段:Deteriorating(B); 触发:Pullback(C); 置信度:Low,PASSED,C,fallback
00700,腾讯控股,2020-10-09,STRUCTURAL_DIVERGENCE,Deteriorating,Consolidation,57.05607975420112,COST_DISADVANTAGE,Low,BULLISH_WARNING,55.0,Aligned,risk_off,结构:STRUCTURAL_DIVERGENCE(A/A-); 阶段:Deteriorating(B); 触发:Consolidation(C); 置信度:Low,PASSED,C,fallback
00700,腾讯控股,2020-10-16,STRUCTURAL_DIVERGENCE,Deteriorating,Consolidation,57.05607975420112,COST_DISADVANTAGE,Low,BULLISH_WARNING,55.0,Aligned,risk_off,结构:STRUCTURAL_DIVERGENCE(A/A-); 阶段:Deteriorating(B); 触发:Consolidation(C); 置信度:Low,PASSED,C,fallback
00700,腾讯控股,2020-10-23,STRUCTURAL_DIVERGENCE,Deteriorating,Consolidation,57.05607975420112,COST_DISADVANTAGE,Low,BULLISH_WARNING,55.0,Aligned,neutral,结构:STRUCTURAL_DIVERGENCE(A/A-); 阶段:Deteriorating(B); 触发:Consolidation(C); 置信度:Low,PASSED,C,fallback
00700,腾讯控股,2020-10-30,STRUCTURAL_DIVERGENCE,Deteriorating,Consolidation,57.05607975420112,COST_DISADVANTAGE,Low,BULLISH_WARNING,55.0,Aligned,risk_off,结构:STRUCTURAL_DIVERGENCE(A/A-); 阶段:Deteriorating(B); 触发:Consolidation(C); 置信度:Low,PASSED,C,fallback
00700,腾讯控股,2020-11-06,STRUCTURAL_DIVERGENCE,Improving,Consolidation,59.03045211369995,COST_NEUTRAL,Low,BULLISH_WARNING,55.0,Aligned,risk_on,结构:STRUCTURAL_DIVERGENCE(A/A-); 阶段:Improving(B); 触发:Consolidation(C); 置信度:Low,PASSED,C,fallback
00700,腾讯控股,2020-11-13,STRUCTURAL_DIVERGENCE,Improving,Consolidation,59.03045211369995,COST_NEUTRAL,Low,BULLISH_WARNING,55.0,Aligned,risk_on,结构:STRUCTURAL_DIVERGENCE(A/A-); 阶段:Improving(B); 触发:Consolidation(C); 置信度:Low,PASSED,C,fallback
00700,腾讯控股,2020-11-20,STRUCTURAL_DIVERGENCE,Improving,Consolidation,59.03045211369995,COST_NEUTRAL,Medium,BULLISH_WARNING,55.0,Aligned,risk_on,结构:STRUCTURAL_DIVERGENCE(A/A-); 阶段:Improving(B); 触发:Consolidation(C); 置信度:Medium,PASSED,B,fallback
00700,腾讯控股,2020-11-27,STRUCTURAL_DIVERGENCE,Improving,Pullback,59.03045211369995,COST_NEUTRAL,Medium,BULLISH_WARNING,55.0,Aligned,risk_on,结构:STRUCTURAL_DIVERGENCE(A/A-); 阶段:Improving(B); 触发:Pullback(C); 置信度:Medium,PASSED,B,fallback
00700,腾讯控股,2020-12-04,STRUCTURAL_DIVERGENCE,Deteriorating,Consolidation,33.81508284121213,COST_NEUTRAL,Low,BULLISH_WARNING,55.0,Aligned,risk_on,结构:STRUCTURAL_DIVERGENCE(A/A-); 阶段:Deteriorating(B); 触发:Consolidation(C); 置信度:Low,PASSED,B,fallback
00700,腾讯控股,2020-12-11,STRUCTURAL_DIVERGENCE,Deteriorating,Consolidation,33.81508284121213,COST_NEUTRAL,Low,BULLISH_WARNING,55.0,Aligned,risk_on,结构:STRUCTURAL_DIVERGENCE(A/A-); 阶段:Deteriorating(B); 触发:Consolidation(C); 置信度:Low,PASSED,B,fallback
00700,腾讯控股,2020-12-18,STRUCTURAL_DIVERGENCE,Deteriorating,Pullback,33.81508284121213,COST_NEUTRAL,Low,BULLISH_WARNING,55.0,Aligned,risk_on,结构:STRUCTURAL_DIVERGENCE(A/A-); 阶段:Deteriorating(B); 触发:Pullback(C); 置信度:Low,PASSED,B,fallback
00700,腾讯控股,2020-12-25,STRUCTURAL_DIVERGENCE,Deteriorating,Pullback,33.81508284121213,COST_NEUTRAL,Low,BULLISH_WARNING,55.0,Aligned,risk_on,结构:STRUCTURAL_DIVERGENCE(A/A-); 阶段:Deteriorating(B); 触发:Pullback(C); 置信度:Low,PASSED,B,fallback
00700,腾讯控股,2021-01-01,STRUCTURAL_DIVERGENCE,Stable,Pullback,47.3876625596427,COST_DISADVANTAGE,Medium,BULLISH_WARNING,55.0,Aligned,risk_on,结构:STRUCTURAL_DIVERGENCE(A/A-); 阶段:Stable(B); 触发:Pullback(C); 置信度:Medium,PASSED,B,fallback
00700,腾讯控股,2021-01-08,STRUCTURAL_DIVERGENCE,Stable,Consolidation,47.3876625596427,COST_DISADVANTAGE,Medium,BULLISH_WARNING,55.0,Aligned,risk_on,结构:STRUCTURAL_DIVERGENCE(A/A-); 阶段:Stable(B); 触发:Consolidation(C); 置信度:Medium,PASSED,B,fallback
00700,腾讯控股,2021-01-15,STRUCTURAL_DIVERGENCE,Stable,Consolidation,47.3876625596427,COST_DISADVANTAGE,Medium,BULLISH_WARNING,55.0,Aligned,risk_on,结构:STRUCTURAL_DIVERGENCE(A/A-); 阶段:Stable(B); 触发:Consolidation(C); 置信度:Medium,PASSED,B,fallback
00700,腾讯控股,2021-01-22,STRUCTURAL_DIVERGENCE,Stable,Consolidation,47.3876625596427,COST_DISADVANTAGE,Medium,BULLISH_WARNING,55.0,Aligned,risk_on,结构:STRUCTURAL_DIVERGENCE(A/A-); 阶段:Stable(B); 触发:Consolidation(C); 置信度:Medium,PASSED,B,fallback
00700,腾讯控股,2021-01-29,STRUCTURAL_DIVERGENCE,Stable,Consolidation,47.3876625596427,COST_DISADVANTAGE,Medium,BULLISH_WARNING,55.0,Aligned,risk_off,结构:STRUCTURAL_DIVERGENCE(A/A-); 阶段:Stable(B); 触发:Consolidation(C); 置信度:Medium,PASSED,B,fallback
00700,腾讯控股,2021-02-05,STRUCTURAL_DIVERGENCE,Stable,Consolidation,42.86628269618317,COST_NEUTRAL,Medium,BULLISH_WARNING,55.0,Aligned,risk_on,结构:STRUCTURAL_DIVERGENCE(A/A-); 阶段:Stable(B); 触发:Consolidation(C); 置信度:Medium,PASSED,B,fallback
00700,腾讯控股,2021-02-12,STRUCTURAL_DIVERGENCE,Stable,Consolidation,42.86628269618317,COST_NEUTRAL,Medium,BULLISH_WARNING,55.0,Aligned,risk_on,结构:STRUCTURAL_DIVERGENCE(A/A-); 阶段:Stable(B); 触发:Consolidation(C); 置信度:Medium,PASSED,B,fallback
00700,腾讯控股,2021-02-19,STRUCTURAL_ACCUMULATION,Stable,Consolidation,42.86628269618317,COST_NEUTRAL,Medium,BULLISH_STABLE,75.0,Aligned,risk_on,结构:STRUCTURAL_ACCUMULATION(A/A-); 阶段:Stable(B); 触发:Consolidation(C); 置信度:Medium,PASSED,C,fallback
00700,腾讯控股,2021-02-26,STRUCTURAL_ACCUMULATION,Stable,Pullback,42.86628269618317,COST_NEUTRAL,Medium,BULLISH_STABLE,75.0,Aligned,risk_off,结构:STRUCTURAL_ACCUMULATION(A/A-); 阶段:Stable(B); 触发:Pullback(C); 置信度:Medium,PASSED,C,fallback
00700,腾讯控股,2021-03-05,STRUCTURAL_ACCUMULATION,Stable,Pullback,56.848957674821754,COST_NEUTRAL,Medium,BULLISH_STABLE,75.0,Aligned,risk_on,结构:STRUCTURAL_ACCUMULATION(A/A-); 阶段:Stable(B); 触发:Pullback(C); 置信度:Medium,PASSED,C,fallback
00700,腾讯控股,2021-03-12,STRUCTURAL_ACCUMULATION,Stable,Pullback,56.848957674821754,COST_NEUTRAL,Medium,BULLISH_STABLE,75.0,Aligned,risk_on,结构:STRUCTURAL_ACCUMULATION(A/A-); 阶段:Stable(B); 触发:Pullback(C); 置信度:Medium,PASSED,C,fallback
00700,腾讯控股,2021-03-19,STRUCTURAL_ACCUMULATION,Stable,Consolidation,56.848957674821754,COST_NEUTRAL,Medium,BULLISH_STABLE,75.0,Aligned,risk_on,结构:STRUCTURAL_ACCUMULATION(A/A-); 阶段:Stable(B); 触发:Consolidation(C); 置信度:Medium,PASSED,C,fallback
00700,腾讯控股,2021-03-26,STRUCTURAL_ACCUMULATION,Stable,Consolidation,56.848957674821754,COST_NEUTRAL,Medium,BULLISH_STABLE,75.0,Aligned,risk_on,结构:STRUCTURAL_ACCUMULATION(A/A-); 阶段:Stable(B); 触发:Consolidation(C); 置信度:Medium,PASSED,C,fallback
00700,腾讯控股,2021-04-02,STRUCTURAL_ACCUMULATION,Deteriorating,Consolidation,49.609688325468596,COST_DISADVANTAGE,Medium,BULLISH_STABLE,75.0,Divergence,risk_on,结构:STRUCTURAL_ACCUMULATION(A/A-); 阶段:Deteriorating(B); 触发:Consolidation(C); 置信度:Medium,PASSED,C,fallback
00700,腾讯控股,2021-04-09,STRUCTURAL_ACCUMULATION,Deteriorating,Consolidation,49.609688325468596,COST_DISADVANTAGE,Medium,BULLISH_STABLE,75.0,Divergence,risk_on,结构:STRUCTURAL_ACCUMULATION(A/A-); 阶段:Deteriorating(B); 触发:Consolidation(C); 置信度:Medium,PASSED,C,fallback
00700,腾讯控股,2021-04-16,STRUCTURAL_ACCUMULATION,Deteriorating,Consolidation,49.609688325468596,COST_DISADVANTAGE,Medium,BULLISH_STABLE,75.0,Divergence,neutral,结构:STRUCTURAL_ACCUMULATION(A/A-); 阶段:Deteriorating(B); 触发:Consolidation(C); 置信度:Medium,PASSED,C,fallback
00700,腾讯控股,2021-04-23,STRUCTURAL_ACCUMULATION,Deteriorating,Consolidation,49.609688325468596,COST_DISADVANTAGE,Medium,BULLISH_STABLE,75.0,Divergence,neutral,结构:STRUCTURAL_ACCUMULATION(A/A-); 阶段:Deteriorating(B); 触发:Consolidation(C); 置信度:Medium,PASSED,C,fallback
00700,腾讯控股,2021-04-30,STRUCTURAL_ACCUMULATION,Stable,Consolidation,44.06999498359693,COST_NEUTRAL,Medium,BULLISH_STABLE,75.0,Aligned,neutral,结构:STRUCTURAL_ACCUMULATION(A/A-); 阶段:Stable(B); 触发:Consolidation(C); 置信度:Medium,PASSED,C,fallback
00700,腾讯控股,2021-05-07,STRUCTURAL_ACCUMULATION,Stable,Consolidation,44.06999498359693,COST_NEUTRAL,Medium,BULLISH_STABLE,75.0,Aligned,risk_off,结构:STRUCTURAL_ACCUMULATION(A/A-); 阶段:Stable(B); 触发:Consolidation(C); 置信度:Medium,PASSED,C,fallback
00700,腾讯控股,2021-05-14,STRUCTURAL_ACCUMULATION,Stable,Consolidation,44.06999498359693,COST_NEUTRAL,Medium,BULLISH_STABLE,75.0,Aligned,risk_off,结构:STRUCTURAL_ACCUMULATION(A/A-); 阶段:Stable(B); 触发:Consolidation(C); 置信度:Medium,PASSED,C,fallback
00700,腾讯控股,2021-05-21,STRUCTURAL_ACCUMULATION,Stable,Consolidation,44.06999498359693,COST_NEUTRAL,Low,BULLISH_STABLE,75.0,Aligned,risk_off,结构:STRUCTURAL_ACCUMULATION(A/A-); 阶段:Stable(B); 触发:Consolidation(C); 置信度:Low,PASSED,B,fallback
00700,腾讯控股,2021-05-28,STRUCTURAL_ACCUMULATION,Stable,Consolidation,44.06999498359693,COST_NEUTRAL,Low,BULLISH_STABLE,75.0,Aligned,neutral,结构:STRUCTURAL_ACCUMULATION(A/A-); 阶段:Stable(B); 触发:Consolidation(C); 置信度:Low,PASSED,B,fallback
00700,腾讯控股,2021-06-04,STRUCTURAL_ACCUMULATION,Stable,Consolidation,63.72356294901811,COST_NEUTRAL,Medium,BULLISH_STABLE,75.0,Aligned,neutral,结构:STRUCTURAL_ACCUMULATION(A/A-); 阶段:Stable(B); 触发:Consolidation(C); 置信度:Medium,PASSED,B,fallback
00700,腾讯控股,2021-06-11,STRUCTURAL_ACCUMULATION,Stable,Consolidation,63.72356294901811,COST_NEUTRAL,Medium,BULLISH_STABLE,75.0,Aligned,neutral,结构:STRUCTURAL_ACCUMULATION(A/A-); 阶段:Stable(B); 触发:Consolidation(C); 置信度:Medium,PASSED,B,fallback
00700,腾讯控股,2021-06-18,STRUCTURAL_ACCUMULATION,Stable,Consolidation,63.72356294901811,COST_NEUTRAL,Medium,BULLISH_STABLE,75.0,Aligned,neutral,结构:STRUCTURAL_ACCUMULATION(A/A-); 阶段:Stable(B); 触发:Consolidation(C); 置信度:Medium,PASSED,B,fallback
00700,腾讯控股,2021-06-25,STRUCTURAL_ACCUMULATION,Stable,Consolidation,63.72356294901811,COST_NEUTRAL,Medium,BULLISH_STABLE,75.0,Aligned,risk_on,结构:STRUCTURAL_ACCUMULATION(A/A-); 阶段:Stable(B); 触发:Consolidation(C); 置信度:Medium,PASSED,B,fallback
00700,腾讯控股,2021-07-02,STRUCTURAL_ACCUMULATION,Deteriorating,Consolidation,67.62406778971605,COST_DISADVANTAGE,Medium,BULLISH_STABLE,75.0,Divergence,risk_off,结构:STRUCTURAL_ACCUMULATION(A/A-); 阶段:Deteriorating(B); 触发:Consolidation(C); 置信度:Medium,PASSED,B,fallback
00700,腾讯控股,2021-07-09,STRUCTURAL_ACCUMULATION,Deteriorating,Breakdown,67.62406778971605,COST_DISADVANTAGE,Medium,BULLISH_WARNING,55.0,Divergence,risk_off,结构:STRUCTURAL_ACCUMULATION(A/A-); 阶段:Deteriorating(B); 触发:Breakdown(C); 置信度:Medium,PASSED,B,matrix
00700,腾讯控股,2021-07-16,STRUCTURAL_ACCUMULATION,Deteriorating,Consolidation,67.62406778971605,COST_DISADVANTAGE,Medium,BULLISH_STABLE,75.0,Divergence,risk_off,结构:STRUCTURAL_ACCUMULATION(A/A-); 阶段:Deteriorating(B); 触发:Consolidation(C); 置信度:Medium,PASSED,B,fallback
00700,腾讯控股,2021-07-23,STRUCTURAL_ACCUMULATION,Deteriorating,Consolidation,67.62406778971605,COST_DISADVANTAGE,Medium,BULLISH_STABLE,75.0,Divergence,risk_off,结构:STRUCTURAL_ACCUMULATION(A/A-); 阶段:Deteriorating(B); 触发:Consolidation(C); 置信度:Medium,PASSED,B,fallback
00700,腾讯控股,2021-07-30,STRUCTURAL_ACCUMULATION,Deteriorating,Breakdown,67.62406778971605,COST_DISADVANTAGE,Medium,BULLISH_WARNING,55.0,Divergence,risk_off,结构:STRUCTURAL_ACCUMULATION(A/A-); 阶段:Deteriorating(B); 触发:Breakdown(C); 置信度:Medium,PASSED,B,matrix
00700,腾讯控股,2021-08-06,STRUCTURAL_ACCUMULATION,Deteriorating,Consolidation,29.02378359982489,COST_DISADVANTAGE,Low,BULLISH_STABLE,75.0,Divergence,risk_off,结构:STRUCTURAL_ACCUMULATION(A/A-); 阶段:Deteriorating(B); 触发:Consolidation(C); 置信度:Low,PASSED,B,fallback
00700,腾讯控股,2021-08-13,STRUCTURAL_ACCUMULATION,Deteriorating,Consolidation,29.02378359982489,COST_DISADVANTAGE,Low,BULLISH_STABLE,75.0,Divergence,risk_off,结构:STRUCTURAL_ACCUMULATION(A/A-); 阶段:Deteriorating(B); 触发:Consolidation(C); 置信度:Low,PASSED,B,fallback
00700,腾讯控股,2021-08-20,STRUCTURAL_ACCUMULATION,Deteriorating,Consolidation,29.02378359982489,COST_DISADVANTAGE,Low,BULLISH_STABLE,75.0,Divergence,risk_off,结构:STRUCTURAL_ACCUMULATION(A/A-); 阶段:Deteriorating(B); 触发:Consolidation(C); 置信度:Low,PASSED,B,fallback
00700,腾讯控股,2021-08-27,STRUCTURAL_ACCUMULATION,Deteriorating,Consolidation,29.02378359982489,COST_DISADVANTAGE,Low,BULLISH_STABLE,75.0,Divergence,risk_off,结构:STRUCTURAL_ACCUMULATION(A/A-); 阶段:Deteriorating(B); 触发:Consolidation(C); 置信度:Low,PASSED,B,fallback
00700,腾讯控股,2021-09-03,STRUCTURAL_ACCUMULATION,Deteriorating,Consolidation,23.75873887517593,COST_NEUTRAL,Low,BULLISH_STABLE,75.0,Divergence,risk_off,结构:STRUCTURAL_ACCUMULATION(A/A-); 阶段:Deteriorating(B); 触发:Consolidation(C); 置信度:Low,PASSED,B,fallback
00700,腾讯控股,2021-09-10,STRUCTURAL_ACCUMULATION,Deteriorating,Consolidation,23.75873887517593,COST_NEUTRAL,Low,BULLISH_STABLE,75.0,Divergence,risk_off,结构:STRUCTURAL_ACCUMULATION(A/A-); 阶段:Deteriorating(B); 触发:Consolidation(C); 置信度:Low,PASSED,B,fallback
00700,腾讯控股,2021-09-17,STRUCTURAL_ACCUMULATION,Deteriorating,Consolidation,23.75873887517593,COST_NEUTRAL,Low,BULLISH_STABLE,75.0,Divergence,risk_off,结构:STRUCTURAL_ACCUMULATION(A/A-); 阶段:Deteriorating(B); 触发:Consolidation(C); 置信度:Low,PASSED,B,fallback
00700,腾讯控股,2021-09-24,STRUCTURAL_ACCUMULATION,Deteriorating,Consolidation,23.75873887517593,COST_NEUTRAL,Low,BULLISH_STABLE,75.0,Divergence,risk_off,结构:STRUCTURAL_ACCUMULATION(A/A-); 阶段:Deteriorating(B); 触发:Consolidation(C); 置信度:Low,PASSED,B,fallback
00700,腾讯控股,2021-10-01,STRUCTURAL_ACCUMULATION,Stable,Consolidation,35.59821882440284,COST_DISADVANTAGE,Low,BULLISH_STABLE,75.0,Aligned,risk_off,结构:STRUCTURAL_ACCUMULATION(A/A-); 阶段:Stable(B); 触发:Consolidation(C); 置信度:Low,PASSED,B,fallback
00700,腾讯控股,2021-10-08,STRUCTURAL_ACCUMULATION,Stable,Consolidation,35.59821882440284,COST_DISADVANTAGE,Low,BULLISH_STABLE,75.0,Aligned,risk_off,结构:STRUCTURAL_ACCUMULATION(A/A-); 阶段:Stable(B); 触发:Consolidation(C); 置信度:Low,PASSED,B,fallback
00700,腾讯控股,2021-10-15,STRUCTURAL_ACCUMULATION,Stable,Consolidation,35.59821882440284,COST_DISADVANTAGE,Low,BULLISH_STABLE,75.0,Aligned,risk_off,结构:STRUCTURAL_ACCUMULATION(A/A-); 阶段:Stable(B); 触发:Consolidation(C); 置信度:Low,PASSED,B,fallback
00700,腾讯控股,2021-10-22,STRUCTURAL_ACCUMULATION,Stable,Consolidation,35.59821882440284,COST_DISADVANTAGE,Low,BULLISH_STABLE,75.0,Aligned,neutral,结构:STRUCTURAL_ACCUMULATION(A/A-); 阶段:Stable(B); 触发:Consolidation(C); 置信度:Low,PASSED,B,fallback
00700,腾讯控股,2021-10-29,STRUCTURAL_ACCUMULATION,Stable,Consolidation,35.59821882440284,COST_DISADVANTAGE,Low,BULLISH_STABLE,75.0,Aligned,risk_off,结构:STRUCTURAL_ACCUMULATION(A/A-); 阶段:Stable(B); 触发:Consolidation(C); 置信度:Low,PASSED,B,fallback
00700,腾讯控股,2021-11-05,STRUCTURAL_ACCUMULATION,Improving,Consolidation,50.77390600191291,COST_DISADVANTAGE,Low,BULLISH_STABLE,75.0,Aligned,risk_off,结构:STRUCTURAL_ACCUMULATION(A/A-); 阶段:Improving(B); 触发:Consolidation(C); 置信度:Low,PASSED,B,matrix
00700,腾讯控股,2021-11-12,STRUCTURAL_ACCUMULATION,Improving,Consolidation,50.77390600191291,COST_DISADVANTAGE,Low,BULLISH_STABLE,75.0,Aligned,risk_off,结构:STRUCTURAL_ACCUMULATION(A/A-); 阶段:Improving(B); 触发:Consolidation(C); 置信度:Low,PASSED,B,matrix
00700,腾讯控股,2021-11-19,STRUCTURAL_ACCUMULATION,Improving,Consolidation,50.77390600191291,COST_DISADVANTAGE,Low,BULLISH_STABLE,75.0,Aligned,neutral,结构:STRUCTURAL_ACCUMULATION(A/A-); 阶段:Improving(B); 触发:Consolidation(C); 置信度:Low,PASSED,B,matrix
00700,腾讯控股,2021-11-26,STRUCTURAL_ACCUMULATION,Improving,Consolidation,50.77390600191291,COST_DISADVANTAGE,Low,BULLISH_STABLE,75.0,Aligned,risk_off,结构:STRUCTURAL_ACCUMULATION(A/A-); 阶段:Improving(B); 触发:Consolidation(C); 置信度:Low,PASSED,B,matrix
00700,腾讯控股,2021-12-03,STRUCTURAL_ACCUMULATION,Deteriorating,Consolidation,38.94166058372726,COST_DISADVANTAGE,Low,BULLISH_STABLE,75.0,Divergence,risk_off,结构:STRUCTURAL_ACCUMULATION(A/A-); 阶段:Deteriorating(B); 触发:Consolidation(C); 置信度:Low,PASSED,B,fallback
00700,腾讯控股,2021-12-10,STRUCTURAL_ACCUMULATION,Deteriorating,Consolidation,38.94166058372726,COST_DISADVANTAGE,Low,BULLISH_STABLE,75.0,Divergence,risk_off,结构:STRUCTURAL_ACCUMULATION(A/A-); 阶段:Deteriorating(B); 触发:Consolidation(C); 置信度:Low,PASSED,B,fallback
00700,腾讯控股,2021-12-17,STRUCTURAL_ACCUMULATION,Deteriorating,Consolidation,38.94166058372726,COST_DISADVANTAGE,Low,BULLISH_STABLE,75.0,Divergence,risk_off,结构:STRUCTURAL_ACCUMULATION(A/A-); 阶段:Deteriorating(B); 触发:Consolidation(C); 置信度:Low,PASSED,B,fallback
00700,腾讯控股,2021-12-24,STRUCTURAL_ACCUMULATION,Deteriorating,Consolidation,38.94166058372726,COST_DISADVANTAGE,Low,BULLISH_STABLE,75.0,Divergence,risk_off,结构:STRUCTURAL_ACCUMULATION(A/A-); 阶段:Deteriorating(B); 触发:Consolidation(C); 置信度:Low,PASSED,B,fallback
00700,腾讯控股,2021-12-31,STRUCTURAL_ACCUMULATION,Stable,Consolidation,28.68339713104154,COST_DISADVANTAGE,Low,BULLISH_STABLE,75.0,Aligned,risk_off,结构:STRUCTURAL_ACCUMULATION(A/A-); 阶段:Stable(B); 触发:Consolidation(C); 置信度:Low,PASSED,B,fallback
00700,腾讯控股,2022-01-07,STRUCTURAL_ACCUMULATION,Stable,Consolidation,28.68339713104154,COST_DISADVANTAGE,Low,BULLISH_STABLE,75.0,Aligned,risk_off,结构:STRUCTURAL_ACCUMULATION(A/A-); 阶段:Stable(B); 触发:Consolidation(C); 置信度:Low,PASSED,B,fallback
00700,腾讯控股,2022-01-14,STRUCTURAL_ACCUMULATION,Stable,Consolidation,28.68339713104154,COST_DISADVANTAGE,Low,BULLISH_STABLE,75.0,Aligned,risk_off,结构:STRUCTURAL_ACCUMULATION(A/A-); 阶段:Stable(B); 触发:Consolidation(C); 置信度:Low,PASSED,B,fallback
00700,腾讯控股,2022-01-21,STRUCTURAL_ACCUMULATION,Stable,Consolidation,28.68339713104154,COST_DISADVANTAGE,Low,BULLISH_STABLE,75.0,Aligned,risk_off,结构:STRUCTURAL_ACCUMULATION(A/A-); 阶段:Stable(B); 触发:Consolidation(C); 置信度:Low,PASSED,B,fallback
00700,腾讯控股,2022-01-28,STRUCTURAL_ACCUMULATION,Stable,Consolidation,28.68339713104154,COST_DISADVANTAGE,Low,BULLISH_STABLE,75.0,Aligned,risk_off,结构:STRUCTURAL_ACCUMULATION(A/A-); 阶段:Stable(B); 触发:Consolidation(C); 置信度:Low,PASSED,B,fallback
00700,腾讯控股,2022-02-04,STRUCTURAL_ACCUMULATION,Improving,Consolidation,38.62625020015757,COST_NEUTRAL,Low,BULLISH_STABLE,75.0,Aligned,neutral,结构:STRUCTURAL_ACCUMULATION(A/A-); 阶段:Improving(B); 触发:Consolidation(C); 置信度:Low,PASSED,B,matrix
00700,腾讯控股,2022-02-11,STRUCTURAL_ACCUMULATION,Improving,Consolidation,38.62625020015757,COST_NEUTRAL,Low,BULLISH_STABLE,75.0,Aligned,neutral,结构:STRUCTURAL_ACCUMULATION(A/A-); 阶段:Improving(B); 触发:Consolidation(C); 置信度:Low,PASSED,B,matrix
00700,腾讯控股,2022-02-18,STRUCTURAL_ACCUMULATION,Improving,Consolidation,38.62625020015757,COST_NEUTRAL,Low,BULLISH_STABLE,75.0,Aligned,risk_off,结构:STRUCTURAL_ACCUMULATION(A/A-); 阶段:Improving(B); 触发:Consolidation(C); 置信度:Low,PASSED,B,matrix
00700,腾讯控股,2022-02-25,STRUCTURAL_ACCUMULATION,Improving,Consolidation,38.62625020015757,COST_NEUTRAL,Low,BULLISH_STABLE,75.0,Aligned,risk_off,结构:STRUCTURAL_ACCUMULATION(A/A-); 阶段:Improving(B); 触发:Consolidation(C); 置信度:Low,PASSED,B,matrix
00700,腾讯控股,2022-03-04,STRUCTURAL_ACCUMULATION,Deteriorating,Breakdown,41.68075476621229,COST_DISADVANTAGE,Low,BULLISH_WARNING,55.0,Divergence,risk_off,结构:STRUCTURAL_ACCUMULATION(A/A-); 阶段:Deteriorating(B); 触发:Breakdown(C); 置信度:Low,PASSED,B,matrix
00700,腾讯控股,2022-03-11,STRUCTURAL_ACCUMULATION,Deteriorating,Breakdown,41.68075476621229,COST_DISADVANTAGE,Low,BULLISH_WARNING,55.0,Divergence,risk_off,结构:STRUCTURAL_ACCUMULATION(A/A-); 阶段:Deteriorating(B); 触发:Breakdown(C); 置信度:Low,PASSED,B,matrix
00700,腾讯控股,2022-03-18,STRUCTURAL_ACCUMULATION,Deteriorating,Consolidation,41.68075476621229,COST_DISADVANTAGE,Low,BULLISH_STABLE,75.0,Divergence,risk_off,结构:STRUCTURAL_ACCUMULATION(A/A-); 阶段:Deteriorating(B); 触发:Consolidation(C); 置信度:Low,PASSED,B,fallback
00700,腾讯控股,2022-03-25,STRUCTURAL_ACCUMULATION,Deteriorating,Consolidation,41.68075476621229,COST_DISADVANTAGE,Low,BULLISH_STABLE,75.0,Divergence,risk_off,结构:STRUCTURAL_ACCUMULATION(A/A-); 阶段:Deteriorating(B); 触发:Consolidation(C); 置信度:Low,PASSED,B,fallback
00700,腾讯控股,2022-04-01,STRUCTURAL_ACCUMULATION,Deteriorating,Consolidation,19.329037473361772,COST_DISADVANTAGE,Low,BULLISH_STABLE,75.0,Divergence,risk_off,结构:STRUCTURAL_ACCUMULATION(A/A-); 阶段:Deteriorating(B); 触发:Consolidation(C); 置信度:Low,PASSED,B,fallback
00700,腾讯控股,2022-04-08,STRUCTURAL_ACCUMULATION,Deteriorating,Consolidation,19.329037473361772,COST_DISADVANTAGE,Low,BULLISH_STABLE,75.0,Divergence,risk_off,结构:STRUCTURAL_ACCUMULATION(A/A-); 阶段:Deteriorating(B); 触发:Consolidation(C); 置信度:Low,PASSED,B,fallback
00700,腾讯控股,2022-04-15,STRUCTURAL_ACCUMULATION,Deteriorating,Consolidation,19.329037473361772,COST_DISADVANTAGE,Low,BULLISH_STABLE,75.0,Divergence,risk_off,结构:STRUCTURAL_ACCUMULATION(A/A-); 阶段:Deteriorating(B); 触发:Consolidation(C); 置信度:Low,PASSED,B,fallback
00700,腾讯控股,2022-04-22,STRUCTURAL_ACCUMULATION,Deteriorating,Consolidation,19.329037473361772,COST_DISADVANTAGE,Low,BULLISH_STABLE,75.0,Divergence,risk_off,结构:STRUCTURAL_ACCUMULATION(A/A-); 阶段:Deteriorating(B); 触发:Consolidation(C); 置信度:Low,PASSED,B,fallback
00700,腾讯控股,2022-04-29,STRUCTURAL_ACCUMULATION,Deteriorating,Consolidation,19.329037473361772,COST_DISADVANTAGE,Low,BULLISH_STABLE,75.0,Divergence,risk_off,结构:STRUCTURAL_ACCUMULATION(A/A-); 阶段:Deteriorating(B); 触发:Consolidation(C); 置信度:Low,PASSED,B,fallback
00700,腾讯控股,2022-05-06,STRUCTURAL_ACCUMULATION,Stable,Consolidation,36.68143898689348,COST_NEUTRAL,Low,BULLISH_STABLE,75.0,Aligned,risk_off,结构:STRUCTURAL_ACCUMULATION(A/A-); 阶段:Stable(B); 触发:Consolidation(C); 置信度:Low,PASSED,B,fallback
00700,腾讯控股,2022-05-13,STRUCTURAL_ACCUMULATION,Stable,Consolidation,36.68143898689348,COST_NEUTRAL,Low,BULLISH_STABLE,75.0,Aligned,risk_off,结构:STRUCTURAL_ACCUMULATION(A/A-); 阶段:Stable(B); 触发:Consolidation(C); 置信度:Low,PASSED,B,fallback
00700,腾讯控股,2022-05-20,STRUCTURAL_ACCUMULATION,Stable,Consolidation,36.68143898689348,COST_NEUTRAL,Low,BULLISH_STABLE,75.0,Aligned,risk_off,结构:STRUCTURAL_ACCUMULATION(A/A-); 阶段:Stable(B); 触发:Consolidation(C); 置信度:Low,PASSED,B,fallback
00700,腾讯控股,2022-05-27,STRUCTURAL_ACCUMULATION,Stable,Consolidation,36.68143898689348,COST_NEUTRAL,Low,BULLISH_STABLE,75.0,Aligned,risk_off,结构:STRUCTURAL_ACCUMULATION(A/A-); 阶段:Stable(B); 触发:Consolidation(C); 置信度:Low,PASSED,B,fallback
00700,腾讯控股,2022-06-03,STRUCTURAL_ACCUMULATION,Stable,Consolidation,33.334024717512726,COST_NEUTRAL,Low,BULLISH_STABLE,75.0,Aligned,risk_off,结构:STRUCTURAL_ACCUMULATION(A/A-); 阶段:Stable(B); 触发:Consolidation(C); 置信度:Low,PASSED,B,fallback
00700,腾讯控股,2022-06-10,STRUCTURAL_ACCUMULATION,Stable,Consolidation,33.334024717512726,COST_NEUTRAL,Low,BULLISH_STABLE,75.0,Aligned,risk_off,结构:STRUCTURAL_ACCUMULATION(A/A-); 阶段:Stable(B); 触发:Consolidation(C); 置信度:Low,PASSED,B,fallback
00700,腾讯控股,2022-06-17,STRUCTURAL_ACCUMULATION,Stable,Consolidation,33.334024717512726,COST_NEUTRAL,Low,BULLISH_STABLE,75.0,Aligned,risk_off,结构:STRUCTURAL_ACCUMULATION(A/A-); 阶段:Stable(B); 触发:Consolidation(C); 置信度:Low,PASSED,B,fallback
00700,腾讯控股,2022-06-24,STRUCTURAL_ACCUMULATION,Stable,Consolidation,33.334024717512726,COST_NEUTRAL,Low,BULLISH_STABLE,75.0,Aligned,risk_off,结构:STRUCTURAL_ACCUMULATION(A/A-); 阶段:Stable(B); 触发:Consolidation(C); 置信度:Low,PASSED,B,fallback
00700,腾讯控股,2022-07-01,STRUCTURAL_ACCUMULATION,Stable,Consolidation,37.74844324910838,COST_DISADVANTAGE,Low,BULLISH_STABLE,75.0,Aligned,risk_off,结构:STRUCTURAL_ACCUMULATION(A/A-); 阶段:Stable(B); 触发:Consolidation(C); 置信度:Low,PASSED,B,fallback
00700,腾讯控股,2022-07-08,STRUCTURAL_ACCUMULATION,Stable,Consolidation,37.74844324910838,COST_DISADVANTAGE,Low,BULLISH_STABLE,75.0,Aligned,risk_off,结构:STRUCTURAL_ACCUMULATION(A/A-); 阶段:Stable(B); 触发:Consolidation(C); 置信度:Low,PASSED,B,fallback
00700,腾讯控股,2022-07-15,STRUCTURAL_ACCUMULATION,Stable,Consolidation,37.74844324910838,COST_DISADVANTAGE,Low,BULLISH_STABLE,75.0,Aligned,risk_off,结构:STRUCTURAL_ACCUMULATION(A/A-); 阶段:Stable(B); 触发:Consolidation(C); 置信度:Low,PASSED,B,fallback
00700,腾讯控股,2022-07-22,STRUCTURAL_ACCUMULATION,Stable,Consolidation,37.74844324910838,COST_DISADVANTAGE,Low,BULLISH_STABLE,75.0,Aligned,risk_off,结构:STRUCTURAL_ACCUMULATION(A/A-); 阶段:Stable(B); 触发:Consolidation(C); 置信度:Low,PASSED,B,fallback
00700,腾讯控股,2022-07-29,STRUCTURAL_ACCUMULATION,Stable,Consolidation,37.74844324910838,COST_DISADVANTAGE,Low,BULLISH_STABLE,75.0,Aligned,risk_off,结构:STRUCTURAL_ACCUMULATION(A/A-); 阶段:Stable(B); 触发:Consolidation(C); 置信度:Low,PASSED,B,fallback
00700,腾讯控股,2022-08-05,STRUCTURAL_ACCUMULATION,Deteriorating,Consolidation,43.0092202474112,COST_DISADVANTAGE,Low,BULLISH_STABLE,75.0,Divergence,neutral,结构:STRUCTURAL_ACCUMULATION(A/A-); 阶段:Deteriorating(B); 触发:Consolidation(C); 置信度:Low,PASSED,B,fallback
00700,腾讯控股,2022-08-12,STRUCTURAL_ACCUMULATION,Deteriorating,Consolidation,43.0092202474112,COST_DISADVANTAGE,Low,BULLISH_STABLE,75.0,Divergence,risk_off,结构:STRUCTURAL_ACCUMULATION(A/A-); 阶段:Deteriorating(B); 触发:Consolidation(C); 置信度:Low,PASSED,B,fallback
00700,腾讯控股,2022-08-19,STRUCTURAL_ACCUMULATION,Deteriorating,Consolidation,43.0092202474112,COST_DISADVANTAGE,Low,BULLISH_STABLE,75.0,Divergence,neutral,结构:STRUCTURAL_ACCUMULATION(A/A-); 阶段:Deteriorating(B); 触发:Consolidation(C); 置信度:Low,PASSED,B,fallback
00700,腾讯控股,2022-08-26,STRUCTURAL_ACCUMULATION,Deteriorating,Consolidation,43.0092202474112,COST_DISADVANTAGE,Low,BULLISH_STABLE,75.0,Divergence,risk_off,结构:STRUCTURAL_ACCUMULATION(A/A-); 阶段:Deteriorating(B); 触发:Consolidation(C); 置信度:Low,PASSED,B,fallback
00700,腾讯控股,2022-09-02,STRUCTURAL_ACCUMULATION,Improving,Consolidation,33.121386556169384,COST_NEUTRAL,Low,BULLISH_STABLE,75.0,Aligned,risk_off,结构:STRUCTURAL_ACCUMULATION(A/A-); 阶段:Improving(B); 触发:Consolidation(C); 置信度:Low,PASSED,B,matrix
00700,腾讯控股,2022-09-09,STRUCTURAL_ACCUMULATION,Improving,Consolidation,33.121386556169384,COST_NEUTRAL,Low,BULLISH_STABLE,75.0,Aligned,risk_off,结构:STRUCTURAL_ACCUMULATION(A/A-); 阶段:Improving(B); 触发:Consolidation(C); 置信度:Low,PASSED,B,matrix
00700,腾讯控股,2022-09-16,STRUCTURAL_ACCUMULATION,Improving,Consolidation,33.121386556169384,COST_NEUTRAL,Low,BULLISH_STABLE,75.0,Aligned,risk_off,结构:STRUCTURAL_ACCUMULATION(A/A-); 阶段:Improving(B); 触发:Consolidation(C); 置信度:Low,PASSED,B,matrix
00700,腾讯控股,2022-09-23,STRUCTURAL_ACCUMULATION,Improving,Breakdown,33.121386556169384,COST_NEUTRAL,Low,BULLISH_WARNING,55.0,Aligned,risk_off,结构:STRUCTURAL_ACCUMULATION(A/A-); 阶段:Improving(B); 触发:Breakdown(C); 置信度:Low,PASSED,B,fallback
00700,腾讯控股,2022-09-30,STRUCTURAL_ACCUMULATION,Stable,Breakdown,31.76603004365836,COST_DISADVANTAGE,Low,BULLISH_WARNING,55.0,Aligned,risk_off,结构:STRUCTURAL_ACCUMULATION(A/A-); 阶段:Stable(B); 触发:Breakdown(C); 置信度:Low,PASSED,B,fallback
00700,腾讯控股,2022-10-07,STRUCTURAL_ACCUMULATION,Stable,Consolidation,31.76603004365836,COST_DISADVANTAGE,Low,BULLISH_STABLE,75.0,Aligned,risk_off,结构:STRUCTURAL_ACCUMULATION(A/A-); 阶段:Stable(B); 触发:Consolidation(C); 置信度:Low,PASSED,B,fallback
00700,腾讯控股,2022-10-14,STRUCTURAL_ACCUMULATION,Stable,Breakdown,31.76603004365836,COST_DISADVANTAGE,Low,BULLISH_WARNING,55.0,Aligned,risk_off,结构:STRUCTURAL_ACCUMULATION(A/A-); 阶段:Stable(B); 触发:Breakdown(C); 置信度:Low,PASSED,B,fallback
00700,腾讯控股,2022-10-21,STRUCTURAL_ACCUMULATION,Stable,Breakdown,31.76603004365836,COST_DISADVANTAGE,Low,BULLISH_WARNING,55.0,Aligned,risk_off,结构:STRUCTURAL_ACCUMULATION(A/A-); 阶段:Stable(B); 触发:Breakdown(C); 置信度:Low,PASSED,B,fallback
00700,腾讯控股,2022-10-28,STRUCTURAL_ACCUMULATION,Stable,Breakdown,31.76603004365836,COST_DISADVANTAGE,Low,BULLISH_WARNING,55.0,Aligned,risk_off,结构:STRUCTURAL_ACCUMULATION(A/A-); 阶段:Stable(B); 触发:Breakdown(C); 置信度:Low,PASSED,B,fallback
00700,腾讯控股,2022-11-04,STRUCTURAL_ACCUMULATION,Deteriorating,Consolidation,21.618787679736087,COST_DISADVANTAGE,Low,BULLISH_STABLE,75.0,Divergence,risk_off,结构:STRUCTURAL_ACCUMULATION(A/A-); 阶段:Deteriorating(B); 触发:Consolidation(C); 置信度:Low,PASSED,B,fallback
00700,腾讯控股,2022-11-11,STRUCTURAL_ACCUMULATION,Deteriorating,Consolidation,21.618787679736087,COST_DISADVANTAGE,Low,BULLISH_STABLE,75.0,Divergence,risk_off,结构:STRUCTURAL_ACCUMULATION(A/A-); 阶段:Deteriorating(B); 触发:Consolidation(C); 置信度:Low,PASSED,B,fallback
00700,腾讯控股,2022-11-18,STRUCTURAL_ACCUMULATION,Deteriorating,Consolidation,21.618787679736087,COST_DISADVANTAGE,Low,BULLISH_STABLE,75.0,Divergence,risk_off,结构:STRUCTURAL_ACCUMULATION(A/A-); 阶段:Deteriorating(B); 触发:Consolidation(C); 置信度:Low,PASSED,B,fallback
00700,腾讯控股,2022-11-25,STRUCTURAL_ACCUMULATION,Deteriorating,Consolidation,21.618787679736087,COST_DISADVANTAGE,Low,BULLISH_STABLE,75.0,Divergence,risk_off,结构:STRUCTURAL_ACCUMULATION(A/A-); 阶段:Deteriorating(B); 触发:Consolidation(C); 置信度:Low,PASSED,B,fallback
00700,腾讯控股,2022-12-02,STRUCTURAL_ACCUMULATION,Deteriorating,Consolidation,20.944609285203477,COST_NEUTRAL,Low,BULLISH_STABLE,75.0,Divergence,risk_off,结构:STRUCTURAL_ACCUMULATION(A/A-); 阶段:Deteriorating(B); 触发:Consolidation(C); 置信度:Low,PASSED,B,fallback
00700,腾讯控股,2022-12-09,STRUCTURAL_ACCUMULATION,Deteriorating,Consolidation,20.944609285203477,COST_NEUTRAL,Low,BULLISH_STABLE,75.0,Divergence,risk_off,结构:STRUCTURAL_ACCUMULATION(A/A-); 阶段:Deteriorating(B); 触发:Consolidation(C); 置信度:Low,PASSED,B,fallback
00700,腾讯控股,2022-12-16,STRUCTURAL_ACCUMULATION,Deteriorating,Consolidation,20.944609285203477,COST_NEUTRAL,Low,BULLISH_STABLE,75.0,Divergence,risk_off,结构:STRUCTURAL_ACCUMULATION(A/A-); 阶段:Deteriorating(B); 触发:Consolidation(C); 置信度:Low,PASSED,B,fallback
00700,腾讯控股,2022-12-23,STRUCTURAL_ACCUMULATION,Deteriorating,Consolidation,20.944609285203477,COST_NEUTRAL,Low,BULLISH_STABLE,75.0,Divergence,risk_off,结构:STRUCTURAL_ACCUMULATION(A/A-); 阶段:Deteriorating(B); 触发:Consolidation(C); 置信度:Low,PASSED,B,fallback
00700,腾讯控股,2022-12-30,STRUCTURAL_ACCUMULATION,Deteriorating,Consolidation,20.944609285203477,COST_NEUTRAL,Low,BULLISH_STABLE,75.0,Divergence,risk_off,结构:STRUCTURAL_ACCUMULATION(A/A-); 阶段:Deteriorating(B); 触发:Consolidation(C); 置信度:Low,PASSED,B,fallback
00700,腾讯控股,2023-01-06,STRUCTURAL_ACCUMULATION,Improving,Consolidation,25.414423776576363,COST_NEUTRAL,Low,BULLISH_STABLE,75.0,Aligned,risk_off,结构:STRUCTURAL_ACCUMULATION(A/A-); 阶段:Improving(B); 触发:Consolidation(C); 置信度:Low,PASSED,B,matrix
00700,腾讯控股,2023-01-13,STRUCTURAL_ACCUMULATION,Improving,Consolidation,25.414423776576363,COST_NEUTRAL,Low,BULLISH_STABLE,75.0,Aligned,risk_on,结构:STRUCTURAL_ACCUMULATION(A/A-); 阶段:Improving(B); 触发:Consolidation(C); 置信度:Low,PASSED,B,matrix
00700,腾讯控股,2023-01-20,STRUCTURAL_ACCUMULATION,Improving,Consolidation,25.414423776576363,COST_NEUTRAL,Low,BULLISH_STABLE,75.0,Aligned,risk_on,结构:STRUCTURAL_ACCUMULATION(A/A-); 阶段:Improving(B); 触发:Consolidation(C); 置信度:Low,PASSED,B,matrix
00700,腾讯控股,2023-01-27,STRUCTURAL_ACCUMULATION,Improving,Consolidation,25.414423776576363,COST_NEUTRAL,Low,BULLISH_STABLE,75.0,Aligned,risk_on,结构:STRUCTURAL_ACCUMULATION(A/A-); 阶段:Improving(B); 触发:Consolidation(C); 置信度:Low,PASSED,B,matrix
00700,腾讯控股,2023-02-03,STRUCTURAL_ACCUMULATION,Improving,Consolidation,25.67947328216291,COST_NEUTRAL,Low,BULLISH_STABLE,75.0,Aligned,risk_on,结构:STRUCTURAL_ACCUMULATION(A/A-); 阶段:Improving(B); 触发:Consolidation(C); 置信度:Low,PASSED,B,matrix
00700,腾讯控股,2023-02-10,STRUCTURAL_ACCUMULATION,Improving,Consolidation,25.67947328216291,COST_NEUTRAL,Low,BULLISH_STABLE,75.0,Aligned,risk_on,结构:STRUCTURAL_ACCUMULATION(A/A-); 阶段:Improving(B); 触发:Consolidation(C); 置信度:Low,PASSED,B,matrix
00700,腾讯控股,2023-02-17,STRUCTURAL_ACCUMULATION,Improving,Pullback,25.67947328216291,COST_NEUTRAL,Low,BULLISH_STABLE,75.0,Aligned,risk_on,结构:STRUCTURAL_ACCUMULATION(A/A-); 阶段:Improving(B); 触发:Pullback(C); 置信度:Low,PASSED,B,fallback
00700,腾讯控股,2023-02-24,STRUCTURAL_ACCUMULATION,Improving,Pullback,25.67947328216291,COST_NEUTRAL,Low,BULLISH_STABLE,75.0,Aligned,risk_off,结构:STRUCTURAL_ACCUMULATION(A/A-); 阶段:Improving(B); 触发:Pullback(C); 置信度:Low,PASSED,B,fallback
00700,腾讯控股,2023-03-03,STRUCTURAL_ACCUMULATION,Deteriorating,Pullback,38.182052299560304,COST_NEUTRAL,Low,BULLISH_STABLE,75.0,Divergence,risk_off,结构:STRUCTURAL_ACCUMULATION(A/A-); 阶段:Deteriorating(B); 触发:Pullback(C); 置信度:Low,PASSED,B,fallback
00700,腾讯控股,2023-03-10,STRUCTURAL_ACCUMULATION,Deteriorating,Consolidation,38.182052299560304,COST_NEUTRAL,Low,BULLISH_STABLE,75.0,Divergence,risk_off,结构:STRUCTURAL_ACCUMULATION(A/A-); 阶段:Deteriorating(B); 触发:Consolidation(C); 置信度:Low,PASSED,B,fallback
00700,腾讯控股,2023-03-17,STRUCTURAL_ACCUMULATION,Deteriorating,Pullback,38.182052299560304,COST_NEUTRAL,Low,BULLISH_STABLE,75.0,Divergence,risk_off,结构:STRUCTURAL_ACCUMULATION(A/A-); 阶段:Deteriorating(B); 触发:Pullback(C); 置信度:Low,PASSED,B,fallback
00700,腾讯控股,2023-03-24,STRUCTURAL_ACCUMULATION,Deteriorating,Consolidation,38.182052299560304,COST_NEUTRAL,Low,BULLISH_STABLE,75.0,Divergence,risk_off,结构:STRUCTURAL_ACCUMULATION(A/A-); 阶段:Deteriorating(B); 触发:Consolidation(C); 置信度:Low,PASSED,B,fallback
00700,腾讯控股,2023-03-31,STRUCTURAL_ACCUMULATION,Improving,Consolidation,31.189307496640787,COST_ADVANTAGE,Low,BULLISH_STABLE,75.0,Aligned,risk_off,结构:STRUCTURAL_ACCUMULATION(A/A-); 阶段:Improving(B); 触发:Consolidation(C); 置信度:Low,PASSED,B,matrix
00700,腾讯控股,2023-04-07,STRUCTURAL_ACCUMULATION,Improving,Consolidation,31.189307496640787,COST_ADVANTAGE,Low,BULLISH_STABLE,75.0,Aligned,risk_off,结构:STRUCTURAL_ACCUMULATION(A/A-); 阶段:Improving(B); 触发:Consolidation(C); 置信度:Low,PASSED,B,matrix
00700,腾讯控股,2023-04-14,STRUCTURAL_ACCUMULATION,Improving,Pullback,31.189307496640787,COST_ADVANTAGE,Low,BULLISH_STABLE,75.0,Aligned,risk_off,结构:STRUCTURAL_ACCUMULATION(A/A-); 阶段:Improving(B); 触发:Pullback(C); 置信度:Low,PASSED,B,fallback
00700,腾讯控股,2023-04-21,STRUCTURAL_ACCUMULATION,Improving,Consolidation,31.189307496640787,COST_ADVANTAGE,Low,BULLISH_STABLE,75.0,Aligned,risk_off,结构:STRUCTURAL_ACCUMULATION(A/A-); 阶段:Improving(B); 触发:Consolidation(C); 置信度:Low,PASSED,B,matrix
00700,腾讯控股,2023-04-28,STRUCTURAL_ACCUMULATION,Improving,Consolidation,31.189307496640787,COST_ADVANTAGE,Low,BULLISH_STABLE,75.0,Aligned,risk_off,结构:STRUCTURAL_ACCUMULATION(A/A-); 阶段:Improving(B); 触发:Consolidation(C); 置信度:Low,PASSED,B,matrix
00700,腾讯控股,2023-05-05,STRUCTURAL_ACCUMULATION,Deteriorating,Consolidation,51.8510271029221,COST_DISADVANTAGE,Low,BULLISH_STABLE,75.0,Divergence,risk_off,结构:STRUCTURAL_ACCUMULATION(A/A-); 阶段:Deteriorating(B); 触发:Consolidation(C); 置信度:Low,PASSED,B,fallback
00700,腾讯控股,2023-05-12,STRUCTURAL_ACCUMULATION,Deteriorating,Consolidation,51.8510271029221,COST_DISADVANTAGE,Low,BULLISH_STABLE,75.0,Divergence,risk_off,结构:STRUCTURAL_ACCUMULATION(A/A-); 阶段:Deteriorating(B); 触发:Consolidation(C); 置信度:Low,PASSED,B,fallback
00700,腾讯控股,2023-05-19,STRUCTURAL_ACCUMULATION,Deteriorating,Consolidation,51.8510271029221,COST_DISADVANTAGE,Medium,BULLISH_STABLE,75.0,Divergence,risk_off,结构:STRUCTURAL_ACCUMULATION(A/A-); 阶段:Deteriorating(B); 触发:Consolidation(C); 置信度:Medium,PASSED,B,fallback
00700,腾讯控股,2023-05-26,STRUCTURAL_ACCUMULATION,Deteriorating,Consolidation,51.8510271029221,COST_DISADVANTAGE,Medium,BULLISH_STABLE,75.0,Divergence,risk_off,结构:STRUCTURAL_ACCUMULATION(A/A-); 阶段:Deteriorating(B); 触发:Consolidation(C); 置信度:Medium,PASSED,B,fallback
00700,腾讯控股,2023-06-02,STRUCTURAL_ACCUMULATION,Deteriorating,Consolidation,47.521652459118066,COST_DISADVANTAGE,Medium,BULLISH_STABLE,75.0,Divergence,risk_off,结构:STRUCTURAL_ACCUMULATION(A/A-); 阶段:Deteriorating(B); 触发:Consolidation(C); 置信度:Medium,PASSED,B,fallback
00700,腾讯控股,2023-06-09,STRUCTURAL_ACCUMULATION,Deteriorating,Consolidation,47.521652459118066,COST_DISADVANTAGE,Medium,BULLISH_STABLE,75.0,Divergence,neutral,结构:STRUCTURAL_ACCUMULATION(A/A-); 阶段:Deteriorating(B); 触发:Consolidation(C); 置信度:Medium,PASSED,B,fallback
00700,腾讯控股,2023-06-16,STRUCTURAL_ACCUMULATION,Deteriorating,Consolidation,47.521652459118066,COST_DISADVANTAGE,Medium,BULLISH_STABLE,75.0,Divergence,risk_on,结构:STRUCTURAL_ACCUMULATION(A/A-); 阶段:Deteriorating(B); 触发:Consolidation(C); 置信度:Medium,PASSED,B,fallback
00700,腾讯控股,2023-06-23,STRUCTURAL_ACCUMULATION,Deteriorating,Consolidation,47.521652459118066,COST_DISADVANTAGE,Medium,BULLISH_STABLE,75.0,Divergence,risk_off,结构:STRUCTURAL_ACCUMULATION(A/A-); 阶段:Deteriorating(B); 触发:Consolidation(C); 置信度:Medium,PASSED,B,fallback
00700,腾讯控股,2023-06-30,STRUCTURAL_ACCUMULATION,Improving,Consolidation,44.33050507431297,COST_DISADVANTAGE,Medium,BULLISH_STABLE,75.0,Aligned,risk_off,结构:STRUCTURAL_ACCUMULATION(A/A-); 阶段:Improving(B); 触发:Consolidation(C); 置信度:Medium,PASSED,B,matrix
00700,腾讯控股,2023-07-07,STRUCTURAL_ACCUMULATION,Improving,Consolidation,44.33050507431297,COST_DISADVANTAGE,Medium,BULLISH_STABLE,75.0,Aligned,risk_off,结构:STRUCTURAL_ACCUMULATION(A/A-); 阶段:Improving(B); 触发:Consolidation(C); 置信度:Medium,PASSED,B,matrix
00700,腾讯控股,2023-07-14,STRUCTURAL_ACCUMULATION,Improving,Consolidation,44.33050507431297,COST_DISADVANTAGE,Medium,BULLISH_STABLE,75.0,Aligned,risk_off,结构:STRUCTURAL_ACCUMULATION(A/A-); 阶段:Improving(B); 触发:Consolidation(C); 置信度:Medium,PASSED,B,matrix
00700,腾讯控股,2023-07-21,STRUCTURAL_ACCUMULATION,Improving,Consolidation,44.33050507431297,COST_DISADVANTAGE,Medium,BULLISH_STABLE,75.0,Aligned,risk_off,结构:STRUCTURAL_ACCUMULATION(A/A-); 阶段:Improving(B); 触发:Consolidation(C); 置信度:Medium,PASSED,B,matrix
00700,腾讯控股,2023-07-28,STRUCTURAL_ACCUMULATION,Improving,Consolidation,44.33050507431297,COST_DISADVANTAGE,Medium,BULLISH_STABLE,75.0,Aligned,risk_off,结构:STRUCTURAL_ACCUMULATION(A/A-); 阶段:Improving(B); 触发:Consolidation(C); 置信度:Medium,PASSED,B,matrix
00700,腾讯控股,2023-08-04,STRUCTURAL_ACCUMULATION,Improving,Consolidation,50.21706697331551,COST_NEUTRAL,Medium,BULLISH_STABLE,75.0,Aligned,risk_off,结构:STRUCTURAL_ACCUMULATION(A/A-); 阶段:Improving(B); 触发:Consolidation(C); 置信度:Medium,PASSED,B,matrix
00700,腾讯控股,2023-08-11,STRUCTURAL_ACCUMULATION,Improving,Consolidation,50.21706697331551,COST_NEUTRAL,Medium,BULLISH_STABLE,75.0,Aligned,risk_off,结构:STRUCTURAL_ACCUMULATION(A/A-); 阶段:Improving(B); 触发:Consolidation(C); 置信度:Medium,PASSED,B,matrix
00700,腾讯控股,2023-08-18,STRUCTURAL_DECLINE,Improving,Consolidation,50.21706697331551,COST_NEUTRAL,Low,BEARISH_CONFIRMED,20.0,Divergence,risk_off,结构:STRUCTURAL_DECLINE(A/A-); 阶段:Improving(B); 触发:Consolidation(C); 置信度:Low,PASSED,B,fallback
00700,腾讯控股,2023-08-25,STRUCTURAL_DECLINE,Improving,Consolidation,50.21706697331551,COST_NEUTRAL,Low,BEARISH_CONFIRMED,20.0,Divergence,risk_off,结构:STRUCTURAL_DECLINE(A/A-); 阶段:Improving(B); 触发:Consolidation(C); 置信度:Low,PASSED,B,fallback
00700,腾讯控股,2023-09-01,STRUCTURAL_DECLINE,Stable,Consolidation,40.75664954446924,COST_DISADVANTAGE,Low,BEARISH_CONFIRMED,20.0,Aligned,risk_off,结构:STRUCTURAL_DECLINE(A/A-); 阶段:Stable(B); 触发:Consolidation(C); 置信度:Low,PASSED,B,fallback
00700,腾讯控股,2023-09-08,STRUCTURAL_DECLINE,Stable,Consolidation,40.75664954446924,COST_DISADVANTAGE,Low,BEARISH_CONFIRMED,20.0,Aligned,risk_off,结构:STRUCTURAL_DECLINE(A/A-); 阶段:Stable(B); 触发:Consolidation(C); 置信度:Low,PASSED,B,fallback
00700,腾讯控股,2023-09-15,STRUCTURAL_DECLINE,Stable,Consolidation,40.75664954446924,COST_DISADVANTAGE,Low,BEARISH_CONFIRMED,20.0,Aligned,risk_off,结构:STRUCTURAL_DECLINE(A/A-); 阶段:Stable(B); 触发:Consolidation(C); 置信度:Low,PASSED,B,fallback
00700,腾讯控股,2023-09-22,STRUCTURAL_DECLINE,Stable,Consolidation,40.75664954446924,COST_DISADVANTAGE,Low,BEARISH_CONFIRMED,20.0,Aligned,risk_off,结构:STRUCTURAL_DECLINE(A/A-); 阶段:Stable(B); 触发:Consolidation(C); 置信度:Low,PASSED,B,fallback
00700,腾讯控股,2023-09-29,STRUCTURAL_DECLINE,Stable,Consolidation,40.75664954446924,COST_DISADVANTAGE,Low,BEARISH_CONFIRMED,20.0,Aligned,risk_off,结构:STRUCTURAL_DECLINE(A/A-); 阶段:Stable(B); 触发:Consolidation(C); 置信度:Low,PASSED,B,fallback
00700,腾讯控股,2023-10-06,STRUCTURAL_DECLINE,Deteriorating,Consolidation,52.55995940340374,COST_DISADVANTAGE,Low,BEARISH_CONFIRMED,20.0,Aligned,risk_off,结构:STRUCTURAL_DECLINE(A/A-); 阶段:Deteriorating(B); 触发:Consolidation(C); 置信度:Low,PASSED,B,fallback
00700,腾讯控股,2023-10-13,STRUCTURAL_DECLINE,Deteriorating,Consolidation,52.55995940340374,COST_DISADVANTAGE,Low,BEARISH_CONFIRMED,20.0,Aligned,risk_off,结构:STRUCTURAL_DECLINE(A/A-); 阶段:Deteriorating(B); 触发:Consolidation(C); 置信度:Low,PASSED,B,fallback
00700,腾讯控股,2023-10-20,STRUCTURAL_DECLINE,Deteriorating,Breakdown,52.55995940340374,COST_DISADVANTAGE,Low,BEARISH_CONFIRMED,20.0,Aligned,risk_off,结构:STRUCTURAL_DECLINE(A/A-); 阶段:Deteriorating(B); 触发:Breakdown(C); 置信度:Low,PASSED,B,matrix
00700,腾讯控股,2023-10-27,STRUCTURAL_DECLINE,Deteriorating,Consolidation,52.55995940340374,COST_DISADVANTAGE,Low,BEARISH_CONFIRMED,20.0,Aligned,risk_off,结构:STRUCTURAL_DECLINE(A/A-); 阶段:Deteriorating(B); 触发:Consolidation(C); 置信度:Low,PASSED,B,fallback
00700,腾讯控股,2023-11-03,STRUCTURAL_DECLINE,Deteriorating,Consolidation,52.63799369857535,COST_DISADVANTAGE,Low,BEARISH_CONFIRMED,20.0,Aligned,risk_off,结构:STRUCTURAL_DECLINE(A/A-); 阶段:Deteriorating(B); 触发:Consolidation(C); 置信度:Low,PASSED,B,fallback
00700,腾讯控股,2023-11-10,STRUCTURAL_DECLINE,Deteriorating,Consolidation,52.63799369857535,COST_DISADVANTAGE,Low,BEARISH_CONFIRMED,20.0,Aligned,risk_off,结构:STRUCTURAL_DECLINE(A/A-); 阶段:Deteriorating(B); 触发:Consolidation(C); 置信度:Low,PASSED,B,fallback
00700,腾讯控股,2023-11-17,STRUCTURAL_DECLINE,Deteriorating,Consolidation,52.63799369857535,COST_DISADVANTAGE,Medium,BEARISH_CONFIRMED,20.0,Aligned,neutral,结构:STRUCTURAL_DECLINE(A/A-); 阶段:Deteriorating(B); 触发:Consolidation(C); 置信度:Medium,PASSED,B,fallback
00700,腾讯控股,2023-11-24,STRUCTURAL_DECLINE,Deteriorating,Consolidation,52.63799369857535,COST_DISADVANTAGE,Medium,BEARISH_CONFIRMED,20.0,Aligned,risk_off,结构:STRUCTURAL_DECLINE(A/A-); 阶段:Deteriorating(B); 触发:Consolidation(C); 置信度:Medium,PASSED,B,fallback
00700,腾讯控股,2023-12-01,STRUCTURAL_DECLINE,Improving,Consolidation,48.06584917367114,COST_NEUTRAL,Low,BEARISH_CONFIRMED,20.0,Divergence,risk_off,结构:STRUCTURAL_DECLINE(A/A-); 阶段:Improving(B); 触发:Consolidation(C); 置信度:Low,PASSED,B,fallback
00700,腾讯控股,2023-12-08,STRUCTURAL_DECLINE,Improving,Consolidation,48.06584917367114,COST_NEUTRAL,Low,BEARISH_CONFIRMED,20.0,Divergence,risk_off,结构:STRUCTURAL_DECLINE(A/A-); 阶段:Improving(B); 触发:Consolidation(C); 置信度:Low,PASSED,B,fallback
00700,腾讯控股,2023-12-15,STRUCTURAL_DECLINE,Improving,Consolidation,48.06584917367114,COST_NEUTRAL,Low,BEARISH_CONFIRMED,20.0,Divergence,risk_off,结构:STRUCTURAL_DECLINE(A/A-); 阶段:Improving(B); 触发:Consolidation(C); 置信度:Low,PASSED,B,fallback
00700,腾讯控股,2023-12-22,STRUCTURAL_DECLINE,Improving,Breakdown,48.06584917367114,COST_NEUTRAL,Low,BEARISH_CONFIRMED,20.0,Divergence,risk_off,结构:STRUCTURAL_DECLINE(A/A-); 阶段:Improving(B); 触发:Breakdown(C); 置信度:Low,PASSED,B,fallback
00700,腾讯控股,2023-12-29,STRUCTURAL_DECLINE,Improving,Consolidation,48.06584917367114,COST_NEUTRAL,Low,BEARISH_CONFIRMED,20.0,Divergence,neutral,结构:STRUCTURAL_DECLINE(A/A-); 阶段:Improving(B); 触发:Consolidation(C); 置信度:Low,PASSED,B,fallback
00700,腾讯控股,2024-01-05,STRUCTURAL_DECLINE,Deteriorating,Consolidation,33.113501380606344,COST_DISADVANTAGE,Low,BEARISH_CONFIRMED,20.0,Aligned,risk_off,结构:STRUCTURAL_DECLINE(A/A-); 阶段:Deteriorating(B); 触发:Consolidation(C); 置信度:Low,PASSED,B,fallback
00700,腾讯控股,2024-01-12,STRUCTURAL_DECLINE,Deteriorating,Consolidation,33.113501380606344,COST_DISADVANTAGE,Low,BEARISH_CONFIRMED,20.0,Aligned,risk_off,结构:STRUCTURAL_DECLINE(A/A-); 阶段:Deteriorating(B); 触发:Consolidation(C); 置信度:Low,PASSED,B,fallback
00700,腾讯控股,2024-01-19,STRUCTURAL_DECLINE,Deteriorating,Consolidation,33.113501380606344,COST_DISADVANTAGE,Low,BEARISH_CONFIRMED,20.0,Aligned,risk_off,结构:STRUCTURAL_DECLINE(A/A-); 阶段:Deteriorating(B); 触发:Consolidation(C); 置信度:Low,PASSED,B,fallback
00700,腾讯控股,2024-01-26,STRUCTURAL_DECLINE,Deteriorating,Consolidation,33.113501380606344,COST_DISADVANTAGE,Low,BEARISH_CONFIRMED,20.0,Aligned,risk_off,结构:STRUCTURAL_DECLINE(A/A-); 阶段:Deteriorating(B); 触发:Consolidation(C); 置信度:Low,PASSED,B,fallback
00700,腾讯控股,2024-02-02,STRUCTURAL_DECLINE,Deteriorating,Consolidation,39.85900136765341,COST_DISADVANTAGE,Low,BEARISH_CONFIRMED,20.0,Aligned,risk_off,结构:STRUCTURAL_DECLINE(A/A-); 阶段:Deteriorating(B); 触发:Consolidation(C); 置信度:Low,PASSED,B,fallback
00700,腾讯控股,2024-02-09,STRUCTURAL_DECLINE,Deteriorating,Consolidation,39.85900136765341,COST_DISADVANTAGE,Low,BEARISH_CONFIRMED,20.0,Aligned,risk_off,结构:STRUCTURAL_DECLINE(A/A-); 阶段:Deteriorating(B); 触发:Consolidation(C); 置信度:Low,PASSED,B,fallback
00700,腾讯控股,2024-02-16,STRUCTURAL_DECLINE,Deteriorating,Consolidation,39.85900136765341,COST_DISADVANTAGE,Low,BULLISH_WARNING,55.0,Aligned,risk_off,结构:STRUCTURAL_DECLINE(A/A-); 阶段:Deteriorating(B); 触发:Consolidation(C); 置信度:Low,PASSED,B,tactical_override
00700,腾讯控股,2024-02-23,STRUCTURAL_DECLINE,Deteriorating,Consolidation,39.85900136765341,COST_DISADVANTAGE,Low,BULLISH_WARNING,55.0,Aligned,risk_off,结构:STRUCTURAL_DECLINE(A/A-); 阶段:Deteriorating(B); 触发:Consolidation(C); 置信度:Low,PASSED,B,tactical_override
00700,腾讯控股,2024-03-01,STRUCTURAL_DECLINE,Improving,Consolidation,59.211454281222004,COST_DISADVANTAGE,Low,BULLISH_WARNING,55.0,Divergence,neutral,结构:STRUCTURAL_DECLINE(A/A-); 阶段:Improving(B); 触发:Consolidation(C); 置信度:Low,PASSED,B,tactical_override
00700,腾讯控股,2024-03-08,STRUCTURAL_DECLINE,Improving,Consolidation,59.211454281222004,COST_DISADVANTAGE,Low,BULLISH_WARNING,55.0,Divergence,neutral,结构:STRUCTURAL_DECLINE(A/A-); 阶段:Improving(B); 触发:Consolidation(C); 置信度:Low,PASSED,B,tactical_override
00700,腾讯控股,2024-03-15,STRUCTURAL_DECLINE,Improving,Consolidation,59.211454281222004,COST_DISADVANTAGE,Low,BULLISH_WARNING,55.0,Divergence,neutral,结构:STRUCTURAL_DECLINE(A/A-); 阶段:Improving(B); 触发:Consolidation(C); 置信度:Low,PASSED,B,tactical_override
00700,腾讯控股,2024-03-22,STRUCTURAL_DECLINE,Improving,Consolidation,59.211454281222004,COST_DISADVANTAGE,Low,BULLISH_WARNING,55.0,Divergence,neutral,结构:STRUCTURAL_DECLINE(A/A-); 阶段:Improving(B); 触发:Consolidation(C); 置信度:Low,PASSED,B,tactical_override
00700,腾讯控股,2024-03-29,STRUCTURAL_DECLINE,Improving,Consolidation,59.211454281222004,COST_DISADVANTAGE,Low,BULLISH_WARNING,55.0,Divergence,neutral,结构:STRUCTURAL_DECLINE(A/A-); 阶段:Improving(B); 触发:Consolidation(C); 置信度:Low,PASSED,B,tactical_override
00700,腾讯控股,2024-04-05,STRUCTURAL_DECLINE,Stable,Consolidation,48.17136399050085,COST_NEUTRAL,Low,BULLISH_WARNING,55.0,Aligned,neutral,结构:STRUCTURAL_DECLINE(A/A-); 阶段:Stable(B); 触发:Consolidation(C); 置信度:Low,PASSED,B,tactical_override
00700,腾讯控股,2024-04-12,STRUCTURAL_DECLINE,Stable,Consolidation,48.17136399050085,COST_NEUTRAL,Low,BULLISH_WARNING,55.0,Aligned,risk_on,结构:STRUCTURAL_DECLINE(A/A-); 阶段:Stable(B); 触发:Consolidation(C); 置信度:Low,PASSED,B,tactical_override
00700,腾讯控股,2024-04-19,STRUCTURAL_DECLINE,Stable,Consolidation,48.17136399050085,COST_NEUTRAL,Low,BULLISH_WARNING,55.0,Aligned,risk_on,结构:STRUCTURAL_DECLINE(A/A-); 阶段:Stable(B); 触发:Consolidation(C); 置信度:Low,PASSED,B,tactical_override
00700,腾讯控股,2024-04-26,STRUCTURAL_DECLINE,Stable,Consolidation,48.17136399050085,COST_NEUTRAL,Low,BULLISH_WARNING,55.0,Aligned,risk_on,结构:STRUCTURAL_DECLINE(A/A-); 阶段:Stable(B); 触发:Consolidation(C); 置信度:Low,PASSED,B,tactical_override
00700,腾讯控股,2024-05-03,STRUCTURAL_DECLINE,Stable,Consolidation,49.71764459038299,COST_ADVANTAGE,Low,BULLISH_WARNING,55.0,Aligned,risk_on,结构:STRUCTURAL_DECLINE(A/A-); 阶段:Stable(B); 触发:Consolidation(C); 置信度:Low,PASSED,B,tactical_override
00700,腾讯控股,2024-05-10,STRUCTURAL_DECLINE,Stable,Consolidation,49.71764459038299,COST_ADVANTAGE,Low,BULLISH_WARNING,55.0,Aligned,risk_on,结构:STRUCTURAL_DECLINE(A/A-); 阶段:Stable(B); 触发:Consolidation(C); 置信度:Low,PASSED,B,tactical_override
00700,腾讯控股,2024-05-17,STRUCTURAL_DECLINE,Stable,Consolidation,49.71764459038299,COST_ADVANTAGE,Medium,BEARISH_CONFIRMED,20.0,Aligned,risk_on,结构:STRUCTURAL_DECLINE(A/A-); 阶段:Stable(B); 触发:Consolidation(C); 置信度:Medium,PASSED,B,fallback
00700,腾讯控股,2024-05-24,STRUCTURAL_DECLINE,Stable,Consolidation,49.71764459038299,COST_ADVANTAGE,Medium,BEARISH_CONFIRMED,20.0,Aligned,risk_on,结构:STRUCTURAL_DECLINE(A/A-); 阶段:Stable(B); 触发:Consolidation(C); 置信度:Medium,PASSED,B,fallback
00700,腾讯控股,2024-05-31,STRUCTURAL_DECLINE,Stable,Pullback,47.22499620143349,COST_NEUTRAL,Medium,BEARISH_CONFIRMED,20.0,Aligned,risk_on,结构:STRUCTURAL_DECLINE(A/A-); 阶段:Stable(B); 触发:Pullback(C); 置信度:Medium,PASSED,B,fallback
00700,腾讯控股,2024-06-07,STRUCTURAL_DECLINE,Stable,Consolidation,47.22499620143349,COST_NEUTRAL,Medium,BEARISH_CONFIRMED,20.0,Aligned,risk_on,结构:STRUCTURAL_DECLINE(A/A-); 阶段:Stable(B); 触发:Consolidation(C); 置信度:Medium,PASSED,B,fallback
00700,腾讯控股,2024-06-14,STRUCTURAL_DECLINE,Stable,Consolidation,47.22499620143349,COST_NEUTRAL,Medium,BEARISH_CONFIRMED,20.0,Aligned,risk_on,结构:STRUCTURAL_DECLINE(A/A-); 阶段:Stable(B); 触发:Consolidation(C); 置信度:Medium,PASSED,B,fallback
00700,腾讯控股,2024-06-21,STRUCTURAL_DECLINE,Stable,Consolidation,47.22499620143349,COST_NEUTRAL,Medium,BEARISH_CONFIRMED,20.0,Aligned,risk_on,结构:STRUCTURAL_DECLINE(A/A-); 阶段:Stable(B); 触发:Consolidation(C); 置信度:Medium,PASSED,B,fallback
00700,腾讯控股,2024-06-28,STRUCTURAL_DECLINE,Stable,Pullback,47.22499620143349,COST_NEUTRAL,Medium,BEARISH_CONFIRMED,20.0,Aligned,risk_on,结构:STRUCTURAL_DECLINE(A/A-); 阶段:Stable(B); 触发:Pullback(C); 置信度:Medium,PASSED,B,fallback
00700,腾讯控股,2024-07-05,STRUCTURAL_DECLINE,Improving,Consolidation,72.56452265059463,COST_NEUTRAL,Medium,BEARISH_CONFIRMED,20.0,Divergence,risk_on,结构:STRUCTURAL_DECLINE(A/A-); 阶段:Improving(B); 触发:Consolidation(C); 置信度:Medium,PASSED,B,fallback
00700,腾讯控股,2024-07-12,STRUCTURAL_DECLINE,Improving,Consolidation,72.56452265059463,COST_NEUTRAL,Medium,BEARISH_CONFIRMED,20.0,Divergence,risk_on,结构:STRUCTURAL_DECLINE(A/A-); 阶段:Improving(B); 触发:Consolidation(C); 置信度:Medium,PASSED,B,fallback
00700,腾讯控股,2024-07-19,STRUCTURAL_DECLINE,Improving,Pullback,72.56452265059463,COST_NEUTRAL,Medium,BEARISH_CONFIRMED,20.0,Divergence,risk_on,结构:STRUCTURAL_DECLINE(A/A-); 阶段:Improving(B); 触发:Pullback(C); 置信度:Medium,PASSED,B,fallback
00700,腾讯控股,2024-07-26,STRUCTURAL_DECLINE,Improving,Pullback,72.56452265059463,COST_NEUTRAL,Medium,BEARISH_CONFIRMED,20.0,Divergence,risk_off,结构:STRUCTURAL_DECLINE(A/A-); 阶段:Improving(B); 触发:Pullback(C); 置信度:Medium,PASSED,B,fallback
00700,腾讯控股,2024-08-02,STRUCTURAL_DECLINE,Deteriorating,Pullback,68.64004184132405,COST_DISADVANTAGE,Medium,BEARISH_CONFIRMED,20.0,Aligned,risk_off,结构:STRUCTURAL_DECLINE(A/A-); 阶段:Deteriorating(B); 触发:Pullback(C); 置信度:Medium,PASSED,B,fallback
00700,腾讯控股,2024-08-09,STRUCTURAL_DECLINE,Deteriorating,Consolidation,68.64004184132405,COST_DISADVANTAGE,Medium,BEARISH_CONFIRMED,20.0,Aligned,risk_off,结构:STRUCTURAL_DECLINE(A/A-); 阶段:Deteriorating(B); 触发:Consolidation(C); 置信度:Medium,PASSED,B,fallback
00700,腾讯控股,2024-08-16,STRUCTURAL_DECLINE,Deteriorating,Consolidation,68.64004184132405,COST_DISADVANTAGE,Medium,BEARISH_CONFIRMED,20.0,Aligned,risk_off,结构:STRUCTURAL_DECLINE(A/A-); 阶段:Deteriorating(B); 触发:Consolidation(C); 置信度:Medium,PASSED,B,fallback
00700,腾讯控股,2024-08-23,STRUCTURAL_DECLINE,Deteriorating,Consolidation,68.64004184132405,COST_DISADVANTAGE,Medium,BEARISH_CONFIRMED,20.0,Aligned,risk_off,结构:STRUCTURAL_DECLINE(A/A-); 阶段:Deteriorating(B); 触发:Consolidation(C); 置信度:Medium,PASSED,B,fallback
00700,腾讯控股,2024-08-30,STRUCTURAL_DECLINE,Deteriorating,Consolidation,68.64004184132405,COST_DISADVANTAGE,Medium,BEARISH_CONFIRMED,20.0,Aligned,risk_off,结构:STRUCTURAL_DECLINE(A/A-); 阶段:Deteriorating(B); 触发:Consolidation(C); 置信度:Medium,PASSED,B,fallback
00700,腾讯控股,2024-09-06,STRUCTURAL_DECLINE,Improving,Pullback,64.89722118356696,COST_NEUTRAL,Medium,BEARISH_CONFIRMED,20.0,Divergence,risk_off,结构:STRUCTURAL_DECLINE(A/A-); 阶段:Improving(B); 触发:Pullback(C); 置信度:Medium,PASSED,B,fallback
00700,腾讯控股,2024-09-13,STRUCTURAL_DECLINE,Improving,Consolidation,64.89722118356696,COST_NEUTRAL,Medium,BEARISH_CONFIRMED,20.0,Divergence,risk_off,结构:STRUCTURAL_DECLINE(A/A-); 阶段:Improving(B); 触发:Consolidation(C); 置信度:Medium,PASSED,B,fallback
00700,腾讯控股,2024-09-20,STRUCTURAL_DECLINE,Improving,Consolidation,64.89722118356696,COST_NEUTRAL,Medium,BEARISH_CONFIRMED,20.0,Divergence,neutral,结构:STRUCTURAL_DECLINE(A/A-); 阶段:Improving(B); 触发:Consolidation(C); 置信度:Medium,PASSED,B,fallback
00700,腾讯控股,2024-09-27,STRUCTURAL_DECLINE,Improving,Breakout,64.89722118356696,COST_NEUTRAL,Medium,BEARISH_RECOVERY_CANDIDATE,40.0,Divergence,risk_off,结构:STRUCTURAL_DECLINE(A/A-); 阶段:Improving(B); 触发:Breakout(C); 置信度:Medium,PASSED,B,fallback
00700,腾讯控股,2024-10-04,STRUCTURAL_DECLINE,Stable,Breakout,56.98000489213587,COST_ADVANTAGE,Medium,BEARISH_CONFIRMED,20.0,Aligned,risk_off,结构:STRUCTURAL_DECLINE(A/A-); 阶段:Stable(B); 触发:Breakout(C); 置信度:Medium,PASSED,B,fallback
00700,腾讯控股,2024-10-11,STRUCTURAL_DECLINE,Stable,Consolidation,56.98000489213587,COST_ADVANTAGE,Medium,BEARISH_CONFIRMED,20.0,Aligned,risk_off,结构:STRUCTURAL_DECLINE(A/A-); 阶段:Stable(B); 触发:Consolidation(C); 置信度:Medium,PASSED,B,fallback
00700,腾讯控股,2024-10-18,STRUCTURAL_DECLINE,Stable,Consolidation,56.98000489213587,COST_ADVANTAGE,Medium,BEARISH_CONFIRMED,20.0,Aligned,risk_off,结构:STRUCTURAL_DECLINE(A/A-); 阶段:Stable(B); 触发:Consolidation(C); 置信度:Medium,PASSED,B,fallback
00700,腾讯控股,2024-10-25,STRUCTURAL_DECLINE,Stable,Pullback,56.98000489213587,COST_ADVANTAGE,Medium,BEARISH_CONFIRMED,20.0,Aligned,risk_off,结构:STRUCTURAL_DECLINE(A/A-); 阶段:Stable(B); 触发:Pullback(C); 置信度:Medium,PASSED,B,fallback
00700,腾讯控股,2024-11-01,STRUCTURAL_DECLINE,Deteriorating,Pullback,47.18253971634626,COST_NEUTRAL,Medium,BEARISH_CONFIRMED,20.0,Aligned,risk_off,结构:STRUCTURAL_DECLINE(A/A-); 阶段:Deteriorating(B); 触发:Pullback(C); 置信度:Medium,PASSED,B,fallback
00700,腾讯控股,2024-11-08,STRUCTURAL_DECLINE,Deteriorating,Pullback,47.18253971634626,COST_NEUTRAL,Medium,BEARISH_CONFIRMED,20.0,Aligned,risk_off,结构:STRUCTURAL_DECLINE(A/A-); 阶段:Deteriorating(B); 触发:Pullback(C); 置信度:Medium,PASSED,B,fallback
00700,腾讯控股,2024-11-15,STRUCTURAL_DECLINE,Deteriorating,Pullback,47.18253971634626,COST_NEUTRAL,Low,BEARISH_CONFIRMED,20.0,Aligned,risk_off,结构:STRUCTURAL_DECLINE(A/A-); 阶段:Deteriorating(B); 触发:Pullback(C); 置信度:Low,PASSED,B,fallback
00700,腾讯控股,2024-11-22,STRUCTURAL_DECLINE,Deteriorating,Pullback,47.18253971634626,COST_NEUTRAL,Low,BEARISH_CONFIRMED,20.0,Aligned,risk_on,结构:STRUCTURAL_DECLINE(A/A-); 阶段:Deteriorating(B); 触发:Pullback(C); 置信度:Low,PASSED,B,fallback
00700,腾讯控股,2024-11-29,STRUCTURAL_DECLINE,Deteriorating,Consolidation,47.18253971634626,COST_NEUTRAL,Low,BEARISH_CONFIRMED,20.0,Aligned,risk_on,结构:STRUCTURAL_DECLINE(A/A-); 阶段:Deteriorating(B); 触发:Consolidation(C); 置信度:Low,PASSED,B,fallback
00700,腾讯控股,2024-12-06,STRUCTURAL_DECLINE,Stable,Consolidation,68.96262216640248,COST_NEUTRAL,Medium,BEARISH_CONFIRMED,20.0,Aligned,risk_on,结构:STRUCTURAL_DECLINE(A/A-); 阶段:Stable(B); 触发:Consolidation(C); 置信度:Medium,PASSED,B,fallback
00700,腾讯控股,2024-12-13,STRUCTURAL_DECLINE,Stable,Consolidation,68.96262216640248,COST_NEUTRAL,Medium,BEARISH_CONFIRMED,20.0,Aligned,risk_on,结构:STRUCTURAL_DECLINE(A/A-); 阶段:Stable(B); 触发:Consolidation(C); 置信度:Medium,PASSED,B,fallback
00700,腾讯控股,2024-12-20,STRUCTURAL_DECLINE,Stable,Consolidation,68.96262216640248,COST_NEUTRAL,Medium,BEARISH_CONFIRMED,20.0,Aligned,risk_on,结构:STRUCTURAL_DECLINE(A/A-); 阶段:Stable(B); 触发:Consolidation(C); 置信度:Medium,PASSED,B,fallback
00700,腾讯控股,2024-12-27,STRUCTURAL_DECLINE,Stable,Consolidation,68.96262216640248,COST_NEUTRAL,Medium,BEARISH_CONFIRMED,20.0,Aligned,risk_off,结构:STRUCTURAL_DECLINE(A/A-); 阶段:Stable(B); 触发:Consolidation(C); 置信度:Medium,PASSED,B,fallback
00700,腾讯控股,2025-01-03,STRUCTURAL_DECLINE,Improving,Pullback,66.80742150198533,COST_NEUTRAL,Medium,BEARISH_CONFIRMED,20.0,Divergence,risk_off,结构:STRUCTURAL_DECLINE(A/A-); 阶段:Improving(B); 触发:Pullback(C); 置信度:Medium,PASSED,B,fallback
00700,腾讯控股,2025-01-10,STRUCTURAL_DECLINE,Improving,Consolidation,66.80742150198533,COST_NEUTRAL,Medium,BEARISH_CONFIRMED,20.0,Divergence,risk_off,结构:STRUCTURAL_DECLINE(A/A-); 阶段:Improving(B); 触发:Consolidation(C); 置信度:Medium,PASSED,B,fallback
00700,腾讯控股,2025-01-17,STRUCTURAL_DECLINE,Improving,Consolidation,66.80742150198533,COST_NEUTRAL,Medium,BEARISH_CONFIRMED,20.0,Divergence,risk_off,结构:STRUCTURAL_DECLINE(A/A-); 阶段:Improving(B); 触发:Consolidation(C); 置信度:Medium,PASSED,B,fallback
00700,腾讯控股,2025-01-24,STRUCTURAL_DECLINE,Improving,Consolidation,66.80742150198533,COST_NEUTRAL,Medium,BEARISH_CONFIRMED,20.0,Divergence,risk_off,结构:STRUCTURAL_DECLINE(A/A-); 阶段:Improving(B); 触发:Consolidation(C); 置信度:Medium,PASSED,B,fallback
00700,腾讯控股,2025-01-31,STRUCTURAL_DECLINE,Deteriorating,Consolidation,45.59349321425489,COST_NEUTRAL,Low,BEARISH_CONFIRMED,20.0,Aligned,neutral,结构:STRUCTURAL_DECLINE(A/A-); 阶段:Deteriorating(B); 触发:Consolidation(C); 置信度:Low,PASSED,B,fallback
00700,腾讯控股,2025-02-07,STRUCTURAL_DECLINE,Deteriorating,Consolidation,45.59349321425489,COST_NEUTRAL,Low,BEARISH_CONFIRMED,20.0,Aligned,risk_off,结构:STRUCTURAL_DECLINE(A/A-); 阶段:Deteriorating(B); 触发:Consolidation(C); 置信度:Low,PASSED,B,fallback
00700,腾讯控股,2025-02-14,STRUCTURAL_DECLINE,Deteriorating,Consolidation,45.59349321425489,COST_NEUTRAL,Low,BEARISH_CONFIRMED,20.0,Aligned,risk_off,结构:STRUCTURAL_DECLINE(A/A-); 阶段:Deteriorating(B); 触发:Consolidation(C); 置信度:Low,PASSED,B,fallback
00700,腾讯控股,2025-02-21,STRUCTURAL_DECLINE,Deteriorating,Breakout,45.59349321425489,COST_NEUTRAL,Low,BEARISH_CONFIRMED,20.0,Aligned,risk_off,结构:STRUCTURAL_DECLINE(A/A-); 阶段:Deteriorating(B); 触发:Breakout(C); 置信度:Low,PASSED,B,fallback
00700,腾讯控股,2025-02-28,STRUCTURAL_DECLINE,Deteriorating,Consolidation,33.026818084452636,COST_NEUTRAL,Low,BEARISH_CONFIRMED,20.0,Aligned,risk_off,结构:STRUCTURAL_DECLINE(A/A-); 阶段:Deteriorating(B); 触发:Consolidation(C); 置信度:Low,PASSED,B,fallback
00700,腾讯控股,2025-03-07,STRUCTURAL_DECLINE,Deteriorating,Consolidation,33.026818084452636,COST_NEUTRAL,Low,BEARISH_CONFIRMED,20.0,Aligned,risk_off,结构:STRUCTURAL_DECLINE(A/A-); 阶段:Deteriorating(B); 触发:Consolidation(C); 置信度:Low,PASSED,B,fallback
00700,腾讯控股,2025-03-14,STRUCTURAL_DECLINE,Deteriorating,Consolidation,33.026818084452636,COST_NEUTRAL,Low,BEARISH_CONFIRMED,20.0,Aligned,risk_off,结构:STRUCTURAL_DECLINE(A/A-); 阶段:Deteriorating(B); 触发:Consolidation(C); 置信度:Low,PASSED,B,fallback
00700,腾讯控股,2025-03-21,STRUCTURAL_DECLINE,Deteriorating,Consolidation,33.026818084452636,COST_NEUTRAL,Low,BEARISH_CONFIRMED,20.0,Aligned,risk_on,结构:STRUCTURAL_DECLINE(A/A-); 阶段:Deteriorating(B); 触发:Consolidation(C); 置信度:Low,PASSED,B,fallback
00700,腾讯控股,2025-03-28,STRUCTURAL_DECLINE,Deteriorating,Consolidation,33.026818084452636,COST_NEUTRAL,Low,BEARISH_CONFIRMED,20.0,Aligned,risk_on,结构:STRUCTURAL_DECLINE(A/A-); 阶段:Deteriorating(B); 触发:Consolidation(C); 置信度:Low,PASSED,B,fallback
00700,腾讯控股,2025-04-04,STRUCTURAL_DECLINE,Stable,Pullback,38.15354540492579,COST_NEUTRAL,Low,BEARISH_CONFIRMED,20.0,Aligned,risk_on,结构:STRUCTURAL_DECLINE(A/A-); 阶段:Stable(B); 触发:Pullback(C); 置信度:Low,PASSED,B,fallback
00700,腾讯控股,2025-04-11,STRUCTURAL_DECLINE,Stable,Consolidation,38.15354540492579,COST_NEUTRAL,Low,BEARISH_CONFIRMED,20.0,Aligned,risk_off,结构:STRUCTURAL_DECLINE(A/A-); 阶段:Stable(B); 触发:Consolidation(C); 置信度:Low,PASSED,B,fallback
00700,腾讯控股,2025-04-18,STRUCTURAL_DECLINE,Stable,Consolidation,38.15354540492579,COST_NEUTRAL,Low,BEARISH_CONFIRMED,20.0,Aligned,risk_off,结构:STRUCTURAL_DECLINE(A/A-); 阶段:Stable(B); 触发:Consolidation(C); 置信度:Low,PASSED,B,fallback
00700,腾讯控股,2025-04-25,STRUCTURAL_DECLINE,Stable,Consolidation,38.15354540492579,COST_NEUTRAL,Low,BEARISH_CONFIRMED,20.0,Aligned,risk_off,结构:STRUCTURAL_DECLINE(A/A-); 阶段:Stable(B); 触发:Consolidation(C); 置信度:Low,PASSED,B,fallback
00700,腾讯控股,2025-05-02,STRUCTURAL_DECLINE,Stable,Consolidation,41.31130173402035,COST_ADVANTAGE,Low,BEARISH_CONFIRMED,20.0,Aligned,risk_off,结构:STRUCTURAL_DECLINE(A/A-); 阶段:Stable(B); 触发:Consolidation(C); 置信度:Low,PASSED,B,fallback
00700,腾讯控股,2025-05-09,STRUCTURAL_DECLINE,Stable,Consolidation,41.31130173402035,COST_ADVANTAGE,Low,BEARISH_CONFIRMED,20.0,Aligned,risk_off,结构:STRUCTURAL_DECLINE(A/A-); 阶段:Stable(B); 触发:Consolidation(C); 置信度:Low,PASSED,B,fallback
00700,腾讯控股,2025-05-16,STRUCTURAL_DECLINE,Stable,Consolidation,41.31130173402035,COST_ADVANTAGE,Low,BEARISH_CONFIRMED,20.0,Aligned,risk_on,结构:STRUCTURAL_DECLINE(A/A-); 阶段:Stable(B); 触发:Consolidation(C); 置信度:Low,PASSED,B,fallback
00700,腾讯控股,2025-05-23,STRUCTURAL_DECLINE,Stable,Consolidation,41.31130173402035,COST_ADVANTAGE,Low,BEARISH_CONFIRMED,20.0,Aligned,neutral,结构:STRUCTURAL_DECLINE(A/A-); 阶段:Stable(B); 触发:Consolidation(C); 置信度:Low,PASSED,B,fallback
00700,腾讯控股,2025-05-30,STRUCTURAL_DECLINE,Stable,Pullback,41.31130173402035,COST_ADVANTAGE,Low,BEARISH_CONFIRMED,20.0,Aligned,neutral,结构:STRUCTURAL_DECLINE(A/A-); 阶段:Stable(B); 触发:Pullback(C); 置信度:Low,PASSED,B,fallback
00700,腾讯控股,2025-06-06,STRUCTURAL_DECLINE,Improving,Consolidation,48.940624708769384,COST_NEUTRAL,Low,BEARISH_CONFIRMED,20.0,Divergence,neutral,结构:STRUCTURAL_DECLINE(A/A-); 阶段:Improving(B); 触发:Consolidation(C); 置信度:Low,PASSED,B,fallback
00700,腾讯控股,2025-06-13,STRUCTURAL_DECLINE,Improving,Consolidation,48.940624708769384,COST_NEUTRAL,Low,BEARISH_CONFIRMED,20.0,Divergence,neutral,结构:STRUCTURAL_DECLINE(A/A-); 阶段:Improving(B); 触发:Consolidation(C); 置信度:Low,PASSED,B,fallback
00700,腾讯控股,2025-06-20,STRUCTURAL_DECLINE,Improving,Pullback,48.940624708769384,COST_NEUTRAL,Low,BEARISH_CONFIRMED,20.0,Divergence,neutral,结构:STRUCTURAL_DECLINE(A/A-); 阶段:Improving(B); 触发:Pullback(C); 置信度:Low,PASSED,B,fallback
00700,腾讯控股,2025-06-27,STRUCTURAL_DECLINE,Improving,Consolidation,48.940624708769384,COST_NEUTRAL,Low,BEARISH_CONFIRMED,20.0,Divergence,risk_on,结构:STRUCTURAL_DECLINE(A/A-); 阶段:Improving(B); 触发:Consolidation(C); 置信度:Low,PASSED,B,fallback
00700,腾讯控股,2025-07-04,STRUCTURAL_DECLINE,Stable,Pullback,56.600642801683115,COST_NEUTRAL,Low,BEARISH_CONFIRMED,20.0,Aligned,risk_on,结构:STRUCTURAL_DECLINE(A/A-); 阶段:Stable(B); 触发:Pullback(C); 置信度:Low,PASSED,B,fallback
00700,腾讯控股,2025-07-11,STRUCTURAL_DECLINE,Stable,Pullback,56.600642801683115,COST_NEUTRAL,Low,BEARISH_CONFIRMED,20.0,Aligned,risk_on,结构:STRUCTURAL_DECLINE(A/A-); 阶段:Stable(B); 触发:Pullback(C); 置信度:Low,PASSED,B,fallback
00700,腾讯控股,2025-07-18,STRUCTURAL_DECLINE,Stable,Consolidation,56.600642801683115,COST_NEUTRAL,Low,BEARISH_CONFIRMED,20.0,Aligned,risk_on,结构:STRUCTURAL_DECLINE(A/A-); 阶段:Stable(B); 触发:Consolidation(C); 置信度:Low,PASSED,B,fallback
00700,腾讯控股,2025-07-25,STRUCTURAL_DECLINE,Stable,Consolidation,56.600642801683115,COST_NEUTRAL,Low,BEARISH_CONFIRMED,20.0,Aligned,risk_on,结构:STRUCTURAL_DECLINE(A/A-); 阶段:Stable(B); 触发:Consolidation(C); 置信度:Low,PASSED,B,fallback
00700,腾讯控股,2025-08-01,STRUCTURAL_DECLINE,Improving,Consolidation,57.612533988841186,COST_ADVANTAGE,Low,BEARISH_CONFIRMED,20.0,Divergence,risk_on,结构:STRUCTURAL_DECLINE(A/A-); 阶段:Improving(B); 触发:Consolidation(C); 置信度:Low,PASSED,B,fallback
00700,腾讯控股,2025-08-08,STRUCTURAL_DECLINE,Improving,Consolidation,57.612533988841186,COST_ADVANTAGE,Low,BEARISH_CONFIRMED,20.0,Divergence,risk_on,结构:STRUCTURAL_DECLINE(A/A-); 阶段:Improving(B); 触发:Consolidation(C); 置信度:Low,PASSED,B,fallback
00700,腾讯控股,2025-08-15,STRUCTURAL_DECLINE,Improving,Consolidation,57.612533988841186,COST_ADVANTAGE,Medium,BEARISH_CONFIRMED,20.0,Divergence,risk_on,结构:STRUCTURAL_DECLINE(A/A-); 阶段:Improving(B); 触发:Consolidation(C); 置信度:Medium,PASSED,B,fallback
00700,腾讯控股,2025-08-22,STRUCTURAL_DECLINE,Improving,Consolidation,57.612533988841186,COST_ADVANTAGE,Medium,BEARISH_CONFIRMED,20.0,Divergence,risk_on,结构:STRUCTURAL_DECLINE(A/A-); 阶段:Improving(B); 触发:Consolidation(C); 置信度:Medium,PASSED,B,fallback
00700,腾讯控股,2025-08-29,STRUCTURAL_DECLINE,Improving,Consolidation,57.612533988841186,COST_ADVANTAGE,Medium,BEARISH_CONFIRMED,20.0,Divergence,risk_on,结构:STRUCTURAL_DECLINE(A/A-); 阶段:Improving(B); 触发:Consolidation(C); 置信度:Medium,PASSED,B,fallback
00700,腾讯控股,2025-09-05,STRUCTURAL_DECLINE,Improving,Consolidation,49.769223811412495,COST_NEUTRAL,Medium,BEARISH_CONFIRMED,20.0,Divergence,risk_on,结构:STRUCTURAL_DECLINE(A/A-); 阶段:Improving(B); 触发:Consolidation(C); 置信度:Medium,PASSED,B,fallback
00700,腾讯控股,2025-09-12,STRUCTURAL_DECLINE,Improving,Consolidation,49.769223811412495,COST_NEUTRAL,Medium,BEARISH_CONFIRMED,20.0,Divergence,risk_on,结构:STRUCTURAL_DECLINE(A/A-); 阶段:Improving(B); 触发:Consolidation(C); 置信度:Medium,PASSED,B,fallback
00700,腾讯控股,2025-09-19,STRUCTURAL_DECLINE,Improving,Consolidation,49.769223811412495,COST_NEUTRAL,Medium,BEARISH_CONFIRMED,20.0,Divergence,risk_on,结构:STRUCTURAL_DECLINE(A/A-); 阶段:Improving(B); 触发:Consolidation(C); 置信度:Medium,PASSED,B,fallback
00700,腾讯控股,2025-09-26,STRUCTURAL_DECLINE,Improving,Consolidation,49.769223811412495,COST_NEUTRAL,Medium,BEARISH_CONFIRMED,20.0,Divergence,risk_on,结构:STRUCTURAL_DECLINE(A/A-); 阶段:Improving(B); 触发:Consolidation(C); 置信度:Medium,PASSED,B,fallback
00700,腾讯控股,2025-10-03,STRUCTURAL_DECLINE,Improving,Consolidation,53.792264437621085,COST_ADVANTAGE,Medium,BEARISH_CONFIRMED,20.0,Divergence,risk_on,结构:STRUCTURAL_DECLINE(A/A-); 阶段:Improving(B); 触发:Consolidation(C); 置信度:Medium,PASSED,B,fallback
00700,腾讯控股,2025-10-10,STRUCTURAL_DECLINE,Improving,Consolidation,53.792264437621085,COST_ADVANTAGE,Medium,BEARISH_CONFIRMED,20.0,Divergence,risk_on,结构:STRUCTURAL_DECLINE(A/A-); 阶段:Improving(B); 触发:Consolidation(C); 置信度:Medium,PASSED,B,fallback
00700,腾讯控股,2025-10-17,STRUCTURAL_DECLINE,Improving,Pullback,53.792264437621085,COST_ADVANTAGE,Medium,BEARISH_CONFIRMED,20.0,Divergence,risk_off,结构:STRUCTURAL_DECLINE(A/A-); 阶段:Improving(B); 触发:Pullback(C); 置信度:Medium,PASSED,B,fallback
00700,腾讯控股,2025-10-24,STRUCTURAL_DECLINE,Improving,Consolidation,53.792264437621085,COST_ADVANTAGE,Medium,BEARISH_CONFIRMED,20.0,Divergence,risk_off,结构:STRUCTURAL_DECLINE(A/A-); 阶段:Improving(B); 触发:Consolidation(C); 置信度:Medium,PASSED,B,fallback
00700,腾讯控股,2025-10-31,STRUCTURAL_DECLINE,Deteriorating,Pullback,57.62015344177693,COST_NEUTRAL,Medium,BEARISH_CONFIRMED,20.0,Aligned,risk_on,结构:STRUCTURAL_DECLINE(A/A-); 阶段:Deteriorating(B); 触发:Pullback(C); 置信度:Medium,PASSED,B,fallback
00700,腾讯控股,2025-11-07,STRUCTURAL_DECLINE,Deteriorating,Consolidation,57.62015344177693,COST_NEUTRAL,Medium,BEARISH_CONFIRMED,20.0,Aligned,risk_on,结构:STRUCTURAL_DECLINE(A/A-); 阶段:Deteriorating(B); 触发:Consolidation(C); 置信度:Medium,PASSED,B,fallback
00700,腾讯控股,2025-11-14,STRUCTURAL_DECLINE,Deteriorating,Consolidation,57.62015344177693,COST_NEUTRAL,Medium,BEARISH_CONFIRMED,20.0,Aligned,risk_on,结构:STRUCTURAL_DECLINE(A/A-); 阶段:Deteriorating(B); 触发:Consolidation(C); 置信度:Medium,PASSED,B,fallback
00700,腾讯控股,2025-11-21,STRUCTURAL_DECLINE,Deteriorating,Pullback,57.62015344177693,COST_NEUTRAL,Medium,BEARISH_CONFIRMED,20.0,Aligned,neutral,结构:STRUCTURAL_DECLINE(A/A-); 阶段:Deteriorating(B); 触发:Pullback(C); 置信度:Medium,PASSED,B,fallback
00700,腾讯控股,2025-11-28,STRUCTURAL_DECLINE,Deteriorating,Pullback,57.62015344177693,COST_NEUTRAL,Medium,BEARISH_CONFIRMED,20.0,Aligned,neutral,结构:STRUCTURAL_DECLINE(A/A-); 阶段:Deteriorating(B); 触发:Pullback(C); 置信度:Medium,PASSED,B,fallback
00700,腾讯控股,2025-12-05,STRUCTURAL_DECLINE,Deteriorating,Pullback,57.71456835632181,COST_NEUTRAL,Medium,BEARISH_CONFIRMED,20.0,Aligned,neutral,结构:STRUCTURAL_DECLINE(A/A-); 阶段:Deteriorating(B); 触发:Pullback(C); 置信度:Medium,PASSED,B,fallback
00700,腾讯控股,2025-12-12,STRUCTURAL_DECLINE,Deteriorating,Pullback,57.71456835632181,COST_NEUTRAL,Medium,BEARISH_CONFIRMED,20.0,Aligned,neutral,结构:STRUCTURAL_DECLINE(A/A-); 阶段:Deteriorating(B); 触发:Pullback(C); 置信度:Medium,PASSED,B,fallback
00700,腾讯控股,2025-12-19,STRUCTURAL_DECLINE,Deteriorating,Pullback,57.71456835632181,COST_NEUTRAL,Medium,BEARISH_CONFIRMED,20.0,Aligned,neutral,结构:STRUCTURAL_DECLINE(A/A-); 阶段:Deteriorating(B); 触发:Pullback(C); 置信度:Medium,PASSED,B,fallback
00700,腾讯控股,2025-12-26,STRUCTURAL_DECLINE,Deteriorating,Consolidation,57.71456835632181,COST_NEUTRAL,Medium,BEARISH_CONFIRMED,20.0,Aligned,neutral,结构:STRUCTURAL_DECLINE(A/A-); 阶段:Deteriorating(B); 触发:Consolidation(C); 置信度:Medium,PASSED,B,fallback
00700,腾讯控股,2026-01-02,STRUCTURAL_DECLINE,Deteriorating,Consolidation,57.114472458831344,COST_DISADVANTAGE,Medium,BEARISH_CONFIRMED,20.0,Aligned,risk_off,结构:STRUCTURAL_DECLINE(A/A-); 阶段:Deteriorating(B); 触发:Consolidation(C); 置信度:Medium,PASSED,B,fallback
00700,腾讯控股,2026-01-09,STRUCTURAL_DECLINE,Deteriorating,Pullback,57.114472458831344,COST_DISADVANTAGE,Medium,BEARISH_CONFIRMED,20.0,Aligned,neutral,结构:STRUCTURAL_DECLINE(A/A-); 阶段:Deteriorating(B); 触发:Pullback(C); 置信度:Medium,PASSED,B,fallback
00700,腾讯控股,2026-01-16,STRUCTURAL_DECLINE,Deteriorating,Consolidation,57.114472458831344,COST_DISADVANTAGE,Medium,BEARISH_CONFIRMED,20.0,Aligned,risk_on,结构:STRUCTURAL_DECLINE(A/A-); 阶段:Deteriorating(B); 触发:Consolidation(C); 置信度:Medium,PASSED,B,fallback
00700,腾讯控股,2026-01-23,STRUCTURAL_DECLINE,Deteriorating,Consolidation,57.114472458831344,COST_DISADVANTAGE,Medium,BEARISH_CONFIRMED,20.0,Aligned,neutral,结构:STRUCTURAL_DECLINE(A/A-); 阶段:Deteriorating(B); 触发:Consolidation(C); 置信度:Medium,PASSED,B,fallback
00700,腾讯控股,2026-01-30,STRUCTURAL_DECLINE,Deteriorating,Consolidation,57.114472458831344,COST_DISADVANTAGE,Medium,BEARISH_CONFIRMED,20.0,Aligned,risk_on,结构:STRUCTURAL_DECLINE(A/A-); 阶段:Deteriorating(B); 触发:Consolidation(C); 置信度:Medium,PASSED,B,fallback
00700,腾讯控股,2026-02-06,STRUCTURAL_DECLINE,Deteriorating,Breakdown,24.38751179391716,COST_DISADVANTAGE,Low,BEARISH_CONFIRMED,20.0,Aligned,neutral,结构:STRUCTURAL_DECLINE(A/A-); 阶段:Deteriorating(B); 触发:Breakdown(C); 置信度:Low,PASSED,B,matrix
00700,腾讯控股,2026-02-13,STRUCTURAL_DECLINE,Deteriorating,Breakdown,24.38751179391716,COST_DISADVANTAGE,Low,BEARISH_CONFIRMED,20.0,Aligned,risk_on,结构:STRUCTURAL_DECLINE(A/A-); 阶段:Deteriorating(B); 触发:Breakdown(C); 置信度:Low,PASSED,B,matrix
00700,腾讯控股,2026-02-20,STRUCTURAL_DECLINE,Deteriorating,Breakdown,24.38751179391716,COST_DISADVANTAGE,Low,BEARISH_CONFIRMED,20.0,Aligned,risk_on,结构:STRUCTURAL_DECLINE(A/A-); 阶段:Deteriorating(B); 触发:Breakdown(C); 置信度:Low,PASSED,B,matrix
00700,腾讯控股,2026-02-27,STRUCTURAL_DECLINE,Deteriorating,Consolidation,24.38751179391716,COST_DISADVANTAGE,Low,BEARISH_CONFIRMED,20.0,Aligned,risk_on,结构:STRUCTURAL_DECLINE(A/A-); 阶段:Deteriorating(B); 触发:Consolidation(C); 置信度:Low,PASSED,B,fallback
00700,腾讯控股,2026-03-06,STRUCTURAL_DECLINE,Deteriorating,Consolidation,30.138849502457134,COST_DISADVANTAGE,Low,BEARISH_CONFIRMED,20.0,Aligned,risk_off,结构:STRUCTURAL_DECLINE(A/A-); 阶段:Deteriorating(B); 触发:Consolidation(C); 置信度:Low,PASSED,B,fallback
00700,腾讯控股,2026-03-13,STRUCTURAL_DECLINE,Deteriorating,Consolidation,30.138849502457134,COST_DISADVANTAGE,Low,BEARISH_CONFIRMED,20.0,Aligned,risk_off,结构:STRUCTURAL_DECLINE(A/A-); 阶段:Deteriorating(B); 触发:Consolidation(C); 置信度:Low,PASSED,B,fallback
00700,腾讯控股,2026-03-20,STRUCTURAL_DECLINE,Deteriorating,Consolidation,30.138849502457134,COST_DISADVANTAGE,Low,BEARISH_CONFIRMED,20.0,Aligned,neutral,结构:STRUCTURAL_DECLINE(A/A-); 阶段:Deteriorating(B); 触发:Consolidation(C); 置信度:Low,PASSED,B,fallback
00700,腾讯控股,2026-03-27,STRUCTURAL_DECLINE,Deteriorating,Breakdown,30.138849502457134,COST_DISADVANTAGE,Low,BEARISH_CONFIRMED,20.0,Aligned,risk_off,结构:STRUCTURAL_DECLINE(A/A-); 阶段:Deteriorating(B); 触发:Breakdown(C); 置信度:Low,PASSED,B,matrix
00700,腾讯控股,2026-04-03,STRUCTURAL_DECLINE,Deteriorating,Consolidation,31.84145690412368,COST_DISADVANTAGE,Low,BEARISH_CONFIRMED,20.0,Aligned,risk_off,结构:STRUCTURAL_DECLINE(A/A-); 阶段:Deteriorating(B); 触发:Consolidation(C); 置信度:Low,PASSED,B,fallback
00700,腾讯控股,2026-04-10,STRUCTURAL_DECLINE,Deteriorating,Consolidation,31.84145690412368,COST_DISADVANTAGE,Low,BEARISH_CONFIRMED,20.0,Aligned,neutral,结构:STRUCTURAL_DECLINE(A/A-); 阶段:Deteriorating(B); 触发:Consolidation(C); 置信度:Low,PASSED,B,fallback
00700,腾讯控股,2026-04-17,STRUCTURAL_DECLINE,Deteriorating,Consolidation,31.84145690412368,COST_DISADVANTAGE,Low,BEARISH_CONFIRMED,20.0,Aligned,risk_off,结构:STRUCTURAL_DECLINE(A/A-); 阶段:Deteriorating(B); 触发:Consolidation(C); 置信度:Low,PASSED,B,fallback
00700,腾讯控股,2026-04-24,STRUCTURAL_DECLINE,Deteriorating,Consolidation,31.84145690412368,COST_DISADVANTAGE,Low,BEARISH_CONFIRMED,20.0,Aligned,risk_off,结构:STRUCTURAL_DECLINE(A/A-); 阶段:Deteriorating(B); 触发:Consolidation(C); 置信度:Low,PASSED,B,fallback
00700,腾讯控股,2026-05-01,STRUCTURAL_DECLINE,Stable,Breakdown,35.302941616800986,COST_DISADVANTAGE,Low,BEARISH_CONFIRMED,20.0,Aligned,risk_off,结构:STRUCTURAL_DECLINE(A/A-); 阶段:Stable(B); 触发:Breakdown(C); 置信度:Low,PASSED,B,fallback
00700,腾讯控股,2026-05-08,STRUCTURAL_DECLINE,Stable,Consolidation,35.302941616800986,COST_DISADVANTAGE,Low,BEARISH_CONFIRMED,20.0,Aligned,neutral,结构:STRUCTURAL_DECLINE(A/A-); 阶段:Stable(B); 触发:Consolidation(C); 置信度:Low,PASSED,B,fallback
00700,腾讯控股,2026-05-15,STRUCTURAL_DECLINE,Stable,Consolidation,35.302941616800986,COST_DISADVANTAGE,Low,BEARISH_CONFIRMED,20.0,Aligned,risk_off,结构:STRUCTURAL_DECLINE(A/A-); 阶段:Stable(B); 触发:Consolidation(C); 置信度:Low,PASSED,B,fallback
00700,腾讯控股,2026-05-22,STRUCTURAL_DECLINE,Stable,Breakdown,35.302941616800986,COST_DISADVANTAGE,Low,BEARISH_CONFIRMED,20.0,Aligned,risk_off,结构:STRUCTURAL_DECLINE(A/A-); 阶段:Stable(B); 触发:Breakdown(C); 置信度:Low,PASSED,B,fallback
00700,腾讯控股,2026-05-29,STRUCTURAL_DECLINE,Stable,Breakdown,35.302941616800986,COST_DISADVANTAGE,Low,BEARISH_CONFIRMED,20.0,Aligned,risk_off,结构:STRUCTURAL_DECLINE(A/A-); 阶段:Stable(B); 触发:Breakdown(C); 置信度:Low,PASSED,B,fallback
00700,腾讯控股,2026-06-05,STRUCTURAL_DECLINE,Deteriorating,Consolidation,30.598407026210474,COST_DISADVANTAGE,Low,BEARISH_CONFIRMED,20.0,Aligned,risk_off,结构:STRUCTURAL_DECLINE(A/A-); 阶段:Deteriorating(B); 触发:Consolidation(C); 置信度:Low,PASSED,B,fallback
00700,腾讯控股,2026-06-12,STRUCTURAL_DECLINE,Deteriorating,Consolidation,30.598407026210474,COST_DISADVANTAGE,Low,BEARISH_CONFIRMED,20.0,Aligned,risk_off,结构:STRUCTURAL_DECLINE(A/A-); 阶段:Deteriorating(B); 触发:Consolidation(C); 置信度:Low,PASSED,B,fallback
00700,腾讯控股,2026-06-19,STRUCTURAL_DECLINE,Deteriorating,Consolidation,30.598407026210474,COST_DISADVANTAGE,Low,BEARISH_CONFIRMED,20.0,Aligned,risk_off,结构:STRUCTURAL_DECLINE(A/A-); 阶段:Deteriorating(B); 触发:Consolidation(C); 置信度:Low,PASSED,B,fallback
00700,腾讯控股,2026-06-26,STRUCTURAL_DECLINE,Deteriorating,Breakdown,30.598407026210474,COST_DISADVANTAGE,Low,BEARISH_CONFIRMED,20.0,Aligned,risk_off,结构:STRUCTURAL_DECLINE(A/A-); 阶段:Deteriorating(B); 触发:Breakdown(C); 置信度:Low,PASSED,B,matrix
00700,腾讯控股,2026-07-03,STRUCTURAL_DECLINE,Deteriorating,Consolidation,40.47544098482072,COST_DISADVANTAGE,Low,BEARISH_CONFIRMED,20.0,Aligned,risk_off,结构:STRUCTURAL_DECLINE(A/A-); 阶段:Deteriorating(B); 触发:Consolidation(C); 置信度:Low,PASSED,B,fallback
00700,腾讯控股,2026-07-10,STRUCTURAL_DECLINE,Deteriorating,Consolidation,40.47544098482072,COST_DISADVANTAGE,Low,BEARISH_CONFIRMED,20.0,Aligned,risk_off,结构:STRUCTURAL_DECLINE(A/A-); 阶段:Deteriorating(B); 触发:Consolidation(C); 置信度:Low,PASSED,B,fallback
00700,腾讯控股,2026-07-17,STRUCTURAL_DECLINE,Deteriorating,Consolidation,40.47544098482072,COST_DISADVANTAGE,Low,BEARISH_CONFIRMED,20.0,Aligned,risk_off,结构:STRUCTURAL_DECLINE(A/A-); 阶段:Deteriorating(B); 触发:Consolidation(C); 置信度:Low,PASSED,B,fallback
00700,腾讯控股,2026-07-24,STRUCTURAL_DECLINE,Deteriorating,Consolidation,40.47544098482072,COST_DISADVANTAGE,Low,BEARISH_CONFIRMED,20.0,Aligned,risk_off,结构:STRUCTURAL_DECLINE(A/A-); 阶段:Deteriorating(B); 触发:Consolidation(C); 置信度:Low,PASSED,B,fallback
00700,腾讯控股,2026-07-31,STRUCTURAL_DECLINE,Stable,Consolidation,37.888561320566446,COST_ADVANTAGE,Low,BEARISH_CONFIRMED,20.0,Aligned,neutral,结构:STRUCTURAL_DECLINE(A/A-); 阶段:Stable(B); 触发:Consolidation(C); 置信度:Low,PASSED,B,fallback
00700,腾讯控股,2026-08-07,STRUCTURAL_DECLINE,Stable,Consolidation,37.888561320566446,COST_ADVANTAGE,Low,BEARISH_CONFIRMED,20.0,Aligned,risk_off,结构:STRUCTURAL_DECLINE(A/A-); 阶段:Stable(B); 触发:Consolidation(C); 置信度:Low,PASSED,B,fallback
00700,腾讯控股,2026-08-14,STRUCTURAL_DECLINE,Stable,Consolidation,37.888561320566446,COST_ADVANTAGE,Low,BULLISH_WARNING,55.0,Aligned,risk_off,结构:STRUCTURAL_DECLINE(A/A-); 阶段:Stable(B); 触发:Consolidation(C); 置信度:Low,PASSED,B,tactical_override
00700,腾讯控股,2026-08-21,STRUCTURAL_DECLINE,Stable,Consolidation,37.888561320566446,COST_ADVANTAGE,Low,BULLISH_WARNING,55.0,Aligned,risk_on,结构:STRUCTURAL_DECLINE(A/A-); 阶段:Stable(B); 触发:Consolidation(C); 置信度:Low,PASSED,B,tactical_override
00700,腾讯控股,2026-08-28,STRUCTURAL_DECLINE,Stable,Consolidation,37.888561320566446,COST_ADVANTAGE,Low,BULLISH_WARNING,55.0,Aligned,neutral,结构:STRUCTURAL_DECLINE(A/A-); 阶段:Stable(B); 触发:Consolidation(C); 置信度:Low,PASSED,B,tactical_override
