stock_code,stock_name,decision_date,structural_regime,monthly_behavior_state,tactical_signal,cbi_score,cost_position,chip_stability_confidence,mtf_regime,qcfp_score,structure_behavior_alignment,market_context,evidence_summary,ai_check,data_quality,align_method
00788,中国铁塔,2018-08-10,,,Consolidation,,,Low,DATA_INSUFFICIENT,,Aligned,risk_off,结构:nan(A/A-); 阶段:nan(B); 触发:Consolidation(C); 置信度:Low,PASSED,,fallback
00788,中国铁塔,2018-08-17,STATE_UNDETERMINED,,Consolidation,,,Low,DATA_INSUFFICIENT,,Unknown,risk_off,结构:STATE_UNDETERMINED(A/A-); 阶段:nan(B); 触发:Consolidation(C); 置信度:Low,PASSED,,data_insufficient
00788,中国铁塔,2018-08-24,STATE_UNDETERMINED,,Consolidation,,,Low,DATA_INSUFFICIENT,,Unknown,risk_off,结构:STATE_UNDETERMINED(A/A-); 阶段:nan(B); 触发:Consolidation(C); 置信度:Low,PASSED,,data_insufficient
00788,中国铁塔,2018-08-31,STATE_UNDETERMINED,,Consolidation,,,Low,DATA_INSUFFICIENT,,Unknown,risk_off,结构:STATE_UNDETERMINED(A/A-); 阶段:None(B); 触发:Consolidation(C); 置信度:Low,PASSED,B,data_insufficient
00788,中国铁塔,2018-09-07,STATE_UNDETERMINED,,Consolidation,,,Low,DATA_INSUFFICIENT,,Unknown,risk_off,结构:STATE_UNDETERMINED(A/A-); 阶段:None(B); 触发:Consolidation(C); 置信度:Low,PASSED,B,data_insufficient
00788,中国铁塔,2018-09-14,STATE_UNDETERMINED,,Consolidation,,,Low,DATA_INSUFFICIENT,,Unknown,risk_off,结构:STATE_UNDETERMINED(A/A-); 阶段:None(B); 触发:Consolidation(C); 置信度:Low,PASSED,B,data_insufficient
00788,中国铁塔,2018-09-21,STATE_UNDETERMINED,,Consolidation,,,Low,DATA_INSUFFICIENT,,Unknown,neutral,结构:STATE_UNDETERMINED(A/A-); 阶段:None(B); 触发:Consolidation(C); 置信度:Low,PASSED,B,data_insufficient
00788,中国铁塔,2018-09-28,STATE_UNDETERMINED,,Consolidation,,,Low,DATA_INSUFFICIENT,,Unknown,neutral,结构:STATE_UNDETERMINED(A/A-); 阶段:None(B); 触发:Consolidation(C); 置信度:Low,PASSED,B,data_insufficient
00788,中国铁塔,2018-10-05,STATE_UNDETERMINED,,Consolidation,,COST_DISADVANTAGE,Low,DATA_INSUFFICIENT,,Unknown,risk_off,结构:STATE_UNDETERMINED(A/A-); 阶段:None(B); 触发:Consolidation(C); 置信度:Low,PASSED,B,data_insufficient
00788,中国铁塔,2018-10-12,STATE_UNDETERMINED,,Consolidation,,COST_DISADVANTAGE,Low,DATA_INSUFFICIENT,,Unknown,risk_off,结构:STATE_UNDETERMINED(A/A-); 阶段:None(B); 触发:Consolidation(C); 置信度:Low,PASSED,B,data_insufficient
00788,中国铁塔,2018-10-19,STATE_UNDETERMINED,,Consolidation,,COST_DISADVANTAGE,Low,DATA_INSUFFICIENT,,Unknown,risk_off,结构:STATE_UNDETERMINED(A/A-); 阶段:None(B); 触发:Consolidation(C); 置信度:Low,PASSED,B,data_insufficient
00788,中国铁塔,2018-10-26,STATE_UNDETERMINED,,Consolidation,,COST_DISADVANTAGE,Low,DATA_INSUFFICIENT,,Unknown,risk_off,结构:STATE_UNDETERMINED(A/A-); 阶段:None(B); 触发:Consolidation(C); 置信度:Low,PASSED,B,data_insufficient
00788,中国铁塔,2018-11-02,STATE_UNDETERMINED,Improving,Consolidation,,COST_DISADVANTAGE,Low,DATA_INSUFFICIENT,,Unknown,risk_off,结构:STATE_UNDETERMINED(A/A-); 阶段:Improving(B); 触发:Consolidation(C); 置信度:Low,PASSED,B,data_insufficient
00788,中国铁塔,2018-11-09,STATE_UNDETERMINED,Improving,Consolidation,,COST_DISADVANTAGE,Low,DATA_INSUFFICIENT,,Unknown,risk_off,结构:STATE_UNDETERMINED(A/A-); 阶段:Improving(B); 触发:Consolidation(C); 置信度:Low,PASSED,B,data_insufficient
00788,中国铁塔,2018-11-16,STATE_UNDETERMINED,Improving,Consolidation,,COST_DISADVANTAGE,Low,DATA_INSUFFICIENT,,Unknown,risk_off,结构:STATE_UNDETERMINED(A/A-); 阶段:Improving(B); 触发:Consolidation(C); 置信度:Low,PASSED,B,data_insufficient
00788,中国铁塔,2018-11-23,STATE_UNDETERMINED,Improving,Consolidation,,COST_DISADVANTAGE,Low,DATA_INSUFFICIENT,,Unknown,risk_off,结构:STATE_UNDETERMINED(A/A-); 阶段:Improving(B); 触发:Consolidation(C); 置信度:Low,PASSED,B,data_insufficient
00788,中国铁塔,2018-11-30,STATE_UNDETERMINED,Deteriorating,Consolidation,,COST_DISADVANTAGE,Low,DATA_INSUFFICIENT,,Unknown,risk_off,结构:STATE_UNDETERMINED(A/A-); 阶段:Deteriorating(B); 触发:Consolidation(C); 置信度:Low,PASSED,B,data_insufficient
00788,中国铁塔,2018-12-07,STATE_UNDETERMINED,Deteriorating,Consolidation,,COST_DISADVANTAGE,Low,DATA_INSUFFICIENT,,Unknown,neutral,结构:STATE_UNDETERMINED(A/A-); 阶段:Deteriorating(B); 触发:Consolidation(C); 置信度:Low,PASSED,B,data_insufficient
00788,中国铁塔,2018-12-14,STATE_UNDETERMINED,Deteriorating,Consolidation,,COST_DISADVANTAGE,Low,DATA_INSUFFICIENT,,Unknown,risk_off,结构:STATE_UNDETERMINED(A/A-); 阶段:Deteriorating(B); 触发:Consolidation(C); 置信度:Low,PASSED,B,data_insufficient
00788,中国铁塔,2018-12-21,STATE_UNDETERMINED,Deteriorating,Consolidation,,COST_DISADVANTAGE,Low,DATA_INSUFFICIENT,,Unknown,risk_off,结构:STATE_UNDETERMINED(A/A-); 阶段:Deteriorating(B); 触发:Consolidation(C); 置信度:Low,PASSED,B,data_insufficient
00788,中国铁塔,2018-12-28,STATE_UNDETERMINED,Deteriorating,Consolidation,,COST_DISADVANTAGE,Low,DATA_INSUFFICIENT,,Unknown,risk_off,结构:STATE_UNDETERMINED(A/A-); 阶段:Deteriorating(B); 触发:Consolidation(C); 置信度:Low,PASSED,B,data_insufficient
00788,中国铁塔,2019-01-04,STATE_UNDETERMINED,Improving,Consolidation,,COST_DISADVANTAGE,Low,DATA_INSUFFICIENT,,Unknown,risk_off,结构:STATE_UNDETERMINED(A/A-); 阶段:Improving(B); 触发:Consolidation(C); 置信度:Low,PASSED,B,data_insufficient
00788,中国铁塔,2019-01-11,STATE_UNDETERMINED,Improving,Consolidation,,COST_DISADVANTAGE,Low,DATA_INSUFFICIENT,,Unknown,risk_on,结构:STATE_UNDETERMINED(A/A-); 阶段:Improving(B); 触发:Consolidation(C); 置信度:Low,PASSED,B,data_insufficient
00788,中国铁塔,2019-01-18,STATE_UNDETERMINED,Improving,Consolidation,,COST_DISADVANTAGE,Low,DATA_INSUFFICIENT,,Unknown,risk_on,结构:STATE_UNDETERMINED(A/A-); 阶段:Improving(B); 触发:Consolidation(C); 置信度:Low,PASSED,B,data_insufficient
00788,中国铁塔,2019-01-25,STATE_UNDETERMINED,Improving,Consolidation,,COST_DISADVANTAGE,Low,DATA_INSUFFICIENT,,Unknown,risk_on,结构:STATE_UNDETERMINED(A/A-); 阶段:Improving(B); 触发:Consolidation(C); 置信度:Low,PASSED,B,data_insufficient
00788,中国铁塔,2019-02-01,STATE_UNDETERMINED,Stable,Consolidation,50.0,COST_NEUTRAL,Low,DATA_INSUFFICIENT,,Unknown,risk_on,结构:STATE_UNDETERMINED(A/A-); 阶段:Stable(B); 触发:Consolidation(C); 置信度:Low,PASSED,B,data_insufficient
00788,中国铁塔,2019-02-08,STATE_UNDETERMINED,Stable,Consolidation,50.0,COST_NEUTRAL,Low,DATA_INSUFFICIENT,,Unknown,risk_on,结构:STATE_UNDETERMINED(A/A-); 阶段:Stable(B); 触发:Consolidation(C); 置信度:Low,PASSED,B,data_insufficient
00788,中国铁塔,2019-02-15,STRUCTURAL_ACCUMULATION,Stable,Consolidation,50.0,COST_NEUTRAL,Medium,BULLISH_STABLE,75.0,Aligned,risk_on,结构:STRUCTURAL_ACCUMULATION(A/A-); 阶段:Stable(B); 触发:Consolidation(C); 置信度:Medium,PASSED,B,fallback
00788,中国铁塔,2019-02-22,STRUCTURAL_ACCUMULATION,Stable,Consolidation,50.0,COST_NEUTRAL,Medium,BULLISH_STABLE,75.0,Aligned,risk_on,结构:STRUCTURAL_ACCUMULATION(A/A-); 阶段:Stable(B); 触发:Consolidation(C); 置信度:Medium,PASSED,B,fallback
00788,中国铁塔,2019-03-01,STRUCTURAL_ACCUMULATION,Deteriorating,Consolidation,50.0,COST_NEUTRAL,Medium,BULLISH_STABLE,75.0,Divergence,risk_on,结构:STRUCTURAL_ACCUMULATION(A/A-); 阶段:Deteriorating(B); 触发:Consolidation(C); 置信度:Medium,PASSED,B,fallback
00788,中国铁塔,2019-03-08,STRUCTURAL_ACCUMULATION,Deteriorating,Pullback,50.0,COST_NEUTRAL,Medium,BULLISH_STABLE,75.0,Divergence,risk_on,结构:STRUCTURAL_ACCUMULATION(A/A-); 阶段:Deteriorating(B); 触发:Pullback(C); 置信度:Medium,PASSED,B,fallback
00788,中国铁塔,2019-03-15,STRUCTURAL_ACCUMULATION,Deteriorating,Consolidation,50.0,COST_NEUTRAL,Medium,BULLISH_STABLE,75.0,Divergence,risk_on,结构:STRUCTURAL_ACCUMULATION(A/A-); 阶段:Deteriorating(B); 触发:Consolidation(C); 置信度:Medium,PASSED,B,fallback
00788,中国铁塔,2019-03-22,STRUCTURAL_ACCUMULATION,Deteriorating,Consolidation,50.0,COST_NEUTRAL,Medium,BULLISH_STABLE,75.0,Divergence,risk_on,结构:STRUCTURAL_ACCUMULATION(A/A-); 阶段:Deteriorating(B); 触发:Consolidation(C); 置信度:Medium,PASSED,B,fallback
00788,中国铁塔,2019-03-29,STRUCTURAL_ACCUMULATION,Deteriorating,Consolidation,50.0,COST_NEUTRAL,Medium,BULLISH_STABLE,75.0,Divergence,risk_on,结构:STRUCTURAL_ACCUMULATION(A/A-); 阶段:Deteriorating(B); 触发:Consolidation(C); 置信度:Medium,PASSED,B,fallback
00788,中国铁塔,2019-04-05,STRUCTURAL_ACCUMULATION,Deteriorating,Consolidation,50.0,COST_DISADVANTAGE,Medium,BULLISH_STABLE,75.0,Divergence,risk_on,结构:STRUCTURAL_ACCUMULATION(A/A-); 阶段:Deteriorating(B); 触发:Consolidation(C); 置信度:Medium,PASSED,B,fallback
00788,中国铁塔,2019-04-12,STRUCTURAL_ACCUMULATION,Deteriorating,Consolidation,50.0,COST_DISADVANTAGE,Medium,BULLISH_STABLE,75.0,Divergence,risk_on,结构:STRUCTURAL_ACCUMULATION(A/A-); 阶段:Deteriorating(B); 触发:Consolidation(C); 置信度:Medium,PASSED,B,fallback
00788,中国铁塔,2019-04-19,STRUCTURAL_ACCUMULATION,Deteriorating,Consolidation,50.0,COST_DISADVANTAGE,Medium,BULLISH_STABLE,75.0,Divergence,risk_on,结构:STRUCTURAL_ACCUMULATION(A/A-); 阶段:Deteriorating(B); 触发:Consolidation(C); 置信度:Medium,PASSED,B,fallback
00788,中国铁塔,2019-04-26,STRUCTURAL_ACCUMULATION,Deteriorating,Consolidation,50.0,COST_DISADVANTAGE,Medium,BULLISH_STABLE,75.0,Divergence,risk_on,结构:STRUCTURAL_ACCUMULATION(A/A-); 阶段:Deteriorating(B); 触发:Consolidation(C); 置信度:Medium,PASSED,B,fallback
00788,中国铁塔,2019-05-03,STRUCTURAL_ACCUMULATION,Stable,Consolidation,50.0,COST_NEUTRAL,Medium,BULLISH_STABLE,75.0,Aligned,risk_on,结构:STRUCTURAL_ACCUMULATION(A/A-); 阶段:Stable(B); 触发:Consolidation(C); 置信度:Medium,PASSED,B,fallback
00788,中国铁塔,2019-05-10,STRUCTURAL_ACCUMULATION,Stable,Pullback,50.0,COST_NEUTRAL,Medium,BULLISH_STABLE,75.0,Aligned,neutral,结构:STRUCTURAL_ACCUMULATION(A/A-); 阶段:Stable(B); 触发:Pullback(C); 置信度:Medium,PASSED,B,fallback
00788,中国铁塔,2019-05-17,STRUCTURAL_ACCUMULATION,Stable,Pullback,50.0,COST_NEUTRAL,Medium,BULLISH_STABLE,75.0,Aligned,neutral,结构:STRUCTURAL_ACCUMULATION(A/A-); 阶段:Stable(B); 触发:Pullback(C); 置信度:Medium,PASSED,B,fallback
00788,中国铁塔,2019-05-24,STRUCTURAL_ACCUMULATION,Stable,Consolidation,50.0,COST_NEUTRAL,Medium,BULLISH_STABLE,75.0,Aligned,risk_off,结构:STRUCTURAL_ACCUMULATION(A/A-); 阶段:Stable(B); 触发:Consolidation(C); 置信度:Medium,PASSED,B,fallback
00788,中国铁塔,2019-05-31,STRUCTURAL_ACCUMULATION,Deteriorating,Consolidation,50.0,COST_DISADVANTAGE,Medium,BULLISH_STABLE,75.0,Divergence,risk_off,结构:STRUCTURAL_ACCUMULATION(A/A-); 阶段:Deteriorating(B); 触发:Consolidation(C); 置信度:Medium,PASSED,B,fallback
00788,中国铁塔,2019-06-07,STRUCTURAL_ACCUMULATION,Deteriorating,Consolidation,50.0,COST_DISADVANTAGE,Medium,BULLISH_STABLE,75.0,Divergence,risk_off,结构:STRUCTURAL_ACCUMULATION(A/A-); 阶段:Deteriorating(B); 触发:Consolidation(C); 置信度:Medium,PASSED,B,fallback
00788,中国铁塔,2019-06-14,STRUCTURAL_ACCUMULATION,Deteriorating,Consolidation,50.0,COST_DISADVANTAGE,Medium,BULLISH_STABLE,75.0,Divergence,risk_off,结构:STRUCTURAL_ACCUMULATION(A/A-); 阶段:Deteriorating(B); 触发:Consolidation(C); 置信度:Medium,PASSED,B,fallback
00788,中国铁塔,2019-06-21,STRUCTURAL_ACCUMULATION,Deteriorating,Consolidation,50.0,COST_DISADVANTAGE,Medium,BULLISH_STABLE,75.0,Divergence,risk_off,结构:STRUCTURAL_ACCUMULATION(A/A-); 阶段:Deteriorating(B); 触发:Consolidation(C); 置信度:Medium,PASSED,B,fallback
00788,中国铁塔,2019-06-28,STRUCTURAL_ACCUMULATION,Deteriorating,Consolidation,50.0,COST_DISADVANTAGE,Medium,BULLISH_STABLE,75.0,Divergence,neutral,结构:STRUCTURAL_ACCUMULATION(A/A-); 阶段:Deteriorating(B); 触发:Consolidation(C); 置信度:Medium,PASSED,B,fallback
00788,中国铁塔,2019-07-05,STRUCTURAL_ACCUMULATION,Improving,Consolidation,50.0,COST_DISADVANTAGE,Medium,BULLISH_STABLE,75.0,Aligned,risk_off,结构:STRUCTURAL_ACCUMULATION(A/A-); 阶段:Improving(B); 触发:Consolidation(C); 置信度:Medium,PASSED,B,matrix
00788,中国铁塔,2019-07-12,STRUCTURAL_ACCUMULATION,Improving,Consolidation,50.0,COST_DISADVANTAGE,Medium,BULLISH_STABLE,75.0,Aligned,risk_off,结构:STRUCTURAL_ACCUMULATION(A/A-); 阶段:Improving(B); 触发:Consolidation(C); 置信度:Medium,PASSED,B,matrix
00788,中国铁塔,2019-07-19,STRUCTURAL_ACCUMULATION,Improving,Consolidation,50.0,COST_DISADVANTAGE,Medium,BULLISH_STABLE,75.0,Aligned,risk_off,结构:STRUCTURAL_ACCUMULATION(A/A-); 阶段:Improving(B); 触发:Consolidation(C); 置信度:Medium,PASSED,B,matrix
00788,中国铁塔,2019-07-26,STRUCTURAL_ACCUMULATION,Improving,Pullback,50.0,COST_DISADVANTAGE,Medium,BULLISH_STABLE,75.0,Aligned,risk_off,结构:STRUCTURAL_ACCUMULATION(A/A-); 阶段:Improving(B); 触发:Pullback(C); 置信度:Medium,PASSED,B,fallback
00788,中国铁塔,2019-08-02,STRUCTURAL_ACCUMULATION,Stable,Pullback,50.0,COST_DISADVANTAGE,Medium,BULLISH_STABLE,75.0,Aligned,risk_off,结构:STRUCTURAL_ACCUMULATION(A/A-); 阶段:Stable(B); 触发:Pullback(C); 置信度:Medium,PASSED,B,fallback
00788,中国铁塔,2019-08-09,STRUCTURAL_ACCUMULATION,Stable,Consolidation,50.0,COST_DISADVANTAGE,Medium,BULLISH_STABLE,75.0,Aligned,risk_off,结构:STRUCTURAL_ACCUMULATION(A/A-); 阶段:Stable(B); 触发:Consolidation(C); 置信度:Medium,PASSED,B,fallback
00788,中国铁塔,2019-08-16,STRUCTURAL_DIVERGENCE,Stable,Consolidation,50.0,COST_DISADVANTAGE,Low,BULLISH_WARNING,55.0,Aligned,risk_off,结构:STRUCTURAL_DIVERGENCE(A/A-); 阶段:Stable(B); 触发:Consolidation(C); 置信度:Low,PASSED,B,fallback
00788,中国铁塔,2019-08-23,STRUCTURAL_DIVERGENCE,Stable,Consolidation,50.0,COST_DISADVANTAGE,Low,BULLISH_WARNING,55.0,Aligned,risk_off,结构:STRUCTURAL_DIVERGENCE(A/A-); 阶段:Stable(B); 触发:Consolidation(C); 置信度:Low,PASSED,B,fallback
00788,中国铁塔,2019-08-30,STRUCTURAL_DIVERGENCE,Stable,Consolidation,50.0,COST_DISADVANTAGE,Low,BULLISH_WARNING,55.0,Aligned,risk_off,结构:STRUCTURAL_DIVERGENCE(A/A-); 阶段:Stable(B); 触发:Consolidation(C); 置信度:Low,PASSED,B,fallback
00788,中国铁塔,2019-09-06,STRUCTURAL_DIVERGENCE,Stable,Consolidation,50.0,COST_DISADVANTAGE,Low,BULLISH_WARNING,55.0,Aligned,risk_off,结构:STRUCTURAL_DIVERGENCE(A/A-); 阶段:Stable(B); 触发:Consolidation(C); 置信度:Low,PASSED,B,fallback
00788,中国铁塔,2019-09-13,STRUCTURAL_DIVERGENCE,Stable,Consolidation,50.0,COST_DISADVANTAGE,Low,BULLISH_WARNING,55.0,Aligned,risk_off,结构:STRUCTURAL_DIVERGENCE(A/A-); 阶段:Stable(B); 触发:Consolidation(C); 置信度:Low,PASSED,B,fallback
00788,中国铁塔,2019-09-20,STRUCTURAL_DIVERGENCE,Stable,Consolidation,50.0,COST_DISADVANTAGE,Low,BULLISH_WARNING,55.0,Aligned,risk_off,结构:STRUCTURAL_DIVERGENCE(A/A-); 阶段:Stable(B); 触发:Consolidation(C); 置信度:Low,PASSED,B,fallback
00788,中国铁塔,2019-09-27,STRUCTURAL_DIVERGENCE,Stable,Consolidation,50.0,COST_DISADVANTAGE,Low,BULLISH_WARNING,55.0,Aligned,risk_off,结构:STRUCTURAL_DIVERGENCE(A/A-); 阶段:Stable(B); 触发:Consolidation(C); 置信度:Low,PASSED,B,fallback
00788,中国铁塔,2019-10-04,STRUCTURAL_DIVERGENCE,Stable,Consolidation,50.0,COST_DISADVANTAGE,Low,BULLISH_WARNING,55.0,Aligned,risk_off,结构:STRUCTURAL_DIVERGENCE(A/A-); 阶段:Stable(B); 触发:Consolidation(C); 置信度:Low,PASSED,B,fallback
00788,中国铁塔,2019-10-11,STRUCTURAL_DIVERGENCE,Stable,Consolidation,50.0,COST_DISADVANTAGE,Low,BULLISH_WARNING,55.0,Aligned,risk_off,结构:STRUCTURAL_DIVERGENCE(A/A-); 阶段:Stable(B); 触发:Consolidation(C); 置信度:Low,PASSED,B,fallback
00788,中国铁塔,2019-10-18,STRUCTURAL_DIVERGENCE,Stable,Consolidation,50.0,COST_DISADVANTAGE,Low,BULLISH_WARNING,55.0,Aligned,risk_off,结构:STRUCTURAL_DIVERGENCE(A/A-); 阶段:Stable(B); 触发:Consolidation(C); 置信度:Low,PASSED,B,fallback
00788,中国铁塔,2019-10-25,STRUCTURAL_DIVERGENCE,Stable,Breakdown,50.0,COST_DISADVANTAGE,Low,BULLISH_WARNING,55.0,Aligned,risk_off,结构:STRUCTURAL_DIVERGENCE(A/A-); 阶段:Stable(B); 触发:Breakdown(C); 置信度:Low,PASSED,B,fallback
00788,中国铁塔,2019-11-01,STRUCTURAL_DIVERGENCE,Deteriorating,Consolidation,50.0,COST_DISADVANTAGE,Low,BULLISH_WARNING,55.0,Aligned,risk_on,结构:STRUCTURAL_DIVERGENCE(A/A-); 阶段:Deteriorating(B); 触发:Consolidation(C); 置信度:Low,PASSED,B,fallback
00788,中国铁塔,2019-11-08,STRUCTURAL_DIVERGENCE,Deteriorating,Consolidation,50.0,COST_DISADVANTAGE,Low,BULLISH_WARNING,55.0,Aligned,risk_on,结构:STRUCTURAL_DIVERGENCE(A/A-); 阶段:Deteriorating(B); 触发:Consolidation(C); 置信度:Low,PASSED,B,fallback
00788,中国铁塔,2019-11-15,STRUCTURAL_DIVERGENCE,Deteriorating,Consolidation,50.0,COST_DISADVANTAGE,Medium,BULLISH_WARNING,55.0,Aligned,neutral,结构:STRUCTURAL_DIVERGENCE(A/A-); 阶段:Deteriorating(B); 触发:Consolidation(C); 置信度:Medium,PASSED,A,fallback
00788,中国铁塔,2019-11-22,STRUCTURAL_DIVERGENCE,Deteriorating,Consolidation,50.0,COST_DISADVANTAGE,Medium,BULLISH_WARNING,55.0,Aligned,risk_on,结构:STRUCTURAL_DIVERGENCE(A/A-); 阶段:Deteriorating(B); 触发:Consolidation(C); 置信度:Medium,PASSED,A,fallback
00788,中国铁塔,2019-11-29,STRUCTURAL_DIVERGENCE,Deteriorating,Consolidation,50.0,COST_DISADVANTAGE,Medium,BULLISH_WARNING,55.0,Aligned,neutral,结构:STRUCTURAL_DIVERGENCE(A/A-); 阶段:Deteriorating(B); 触发:Consolidation(C); 置信度:Medium,PASSED,A,fallback
00788,中国铁塔,2019-12-06,STRUCTURAL_DIVERGENCE,Deteriorating,Consolidation,50.0,COST_DISADVANTAGE,Medium,BULLISH_WARNING,55.0,Aligned,risk_off,结构:STRUCTURAL_DIVERGENCE(A/A-); 阶段:Deteriorating(B); 触发:Consolidation(C); 置信度:Medium,PASSED,A,fallback
00788,中国铁塔,2019-12-13,STRUCTURAL_DIVERGENCE,Deteriorating,Consolidation,50.0,COST_DISADVANTAGE,Medium,BULLISH_WARNING,55.0,Aligned,risk_on,结构:STRUCTURAL_DIVERGENCE(A/A-); 阶段:Deteriorating(B); 触发:Consolidation(C); 置信度:Medium,PASSED,A,fallback
00788,中国铁塔,2019-12-20,STRUCTURAL_DIVERGENCE,Deteriorating,Consolidation,50.0,COST_DISADVANTAGE,Medium,BULLISH_WARNING,55.0,Aligned,risk_on,结构:STRUCTURAL_DIVERGENCE(A/A-); 阶段:Deteriorating(B); 触发:Consolidation(C); 置信度:Medium,PASSED,A,fallback
00788,中国铁塔,2019-12-27,STRUCTURAL_DIVERGENCE,Deteriorating,Consolidation,50.0,COST_DISADVANTAGE,Medium,BULLISH_WARNING,55.0,Aligned,risk_on,结构:STRUCTURAL_DIVERGENCE(A/A-); 阶段:Deteriorating(B); 触发:Consolidation(C); 置信度:Medium,PASSED,A,fallback
00788,中国铁塔,2020-01-03,STRUCTURAL_DIVERGENCE,Improving,Consolidation,50.0,COST_DISADVANTAGE,Medium,BULLISH_WARNING,55.0,Aligned,risk_on,结构:STRUCTURAL_DIVERGENCE(A/A-); 阶段:Improving(B); 触发:Consolidation(C); 置信度:Medium,PASSED,A,fallback
00788,中国铁塔,2020-01-10,STRUCTURAL_DIVERGENCE,Improving,Consolidation,50.0,COST_DISADVANTAGE,Medium,BULLISH_WARNING,55.0,Aligned,risk_on,结构:STRUCTURAL_DIVERGENCE(A/A-); 阶段:Improving(B); 触发:Consolidation(C); 置信度:Medium,PASSED,A,fallback
00788,中国铁塔,2020-01-17,STRUCTURAL_DIVERGENCE,Improving,Consolidation,50.0,COST_DISADVANTAGE,Medium,BULLISH_WARNING,55.0,Aligned,risk_on,结构:STRUCTURAL_DIVERGENCE(A/A-); 阶段:Improving(B); 触发:Consolidation(C); 置信度:Medium,PASSED,A,fallback
00788,中国铁塔,2020-01-24,STRUCTURAL_DIVERGENCE,Improving,Consolidation,50.0,COST_DISADVANTAGE,Medium,BULLISH_WARNING,55.0,Aligned,risk_on,结构:STRUCTURAL_DIVERGENCE(A/A-); 阶段:Improving(B); 触发:Consolidation(C); 置信度:Medium,PASSED,A,fallback
00788,中国铁塔,2020-01-31,STRUCTURAL_DIVERGENCE,Stable,Consolidation,50.0,COST_DISADVANTAGE,Medium,BULLISH_WARNING,55.0,Aligned,risk_off,结构:STRUCTURAL_DIVERGENCE(A/A-); 阶段:Stable(B); 触发:Consolidation(C); 置信度:Medium,PASSED,A,fallback
00788,中国铁塔,2020-02-07,STRUCTURAL_DIVERGENCE,Stable,Consolidation,50.0,COST_DISADVANTAGE,Medium,BULLISH_WARNING,55.0,Aligned,neutral,结构:STRUCTURAL_DIVERGENCE(A/A-); 阶段:Stable(B); 触发:Consolidation(C); 置信度:Medium,PASSED,A,fallback
00788,中国铁塔,2020-02-14,STRUCTURAL_DIVERGENCE,Stable,Consolidation,50.0,COST_DISADVANTAGE,Low,BULLISH_WARNING,55.0,Aligned,risk_on,结构:STRUCTURAL_DIVERGENCE(A/A-); 阶段:Stable(B); 触发:Consolidation(C); 置信度:Low,PASSED,A,fallback
00788,中国铁塔,2020-02-21,STRUCTURAL_DIVERGENCE,Stable,Consolidation,50.0,COST_DISADVANTAGE,Low,BULLISH_WARNING,55.0,Aligned,risk_on,结构:STRUCTURAL_DIVERGENCE(A/A-); 阶段:Stable(B); 触发:Consolidation(C); 置信度:Low,PASSED,A,fallback
00788,中国铁塔,2020-02-28,STRUCTURAL_DIVERGENCE,Stable,Consolidation,50.0,COST_DISADVANTAGE,Low,BULLISH_WARNING,55.0,Aligned,risk_off,结构:STRUCTURAL_DIVERGENCE(A/A-); 阶段:Stable(B); 触发:Consolidation(C); 置信度:Low,PASSED,A,fallback
00788,中国铁塔,2020-03-06,STRUCTURAL_DIVERGENCE,Improving,Consolidation,50.0,COST_DISADVANTAGE,Low,BULLISH_WARNING,55.0,Aligned,risk_off,结构:STRUCTURAL_DIVERGENCE(A/A-); 阶段:Improving(B); 触发:Consolidation(C); 置信度:Low,PASSED,A,fallback
00788,中国铁塔,2020-03-13,STRUCTURAL_DIVERGENCE,Improving,Pullback,50.0,COST_DISADVANTAGE,Low,BULLISH_WARNING,55.0,Aligned,risk_off,结构:STRUCTURAL_DIVERGENCE(A/A-); 阶段:Improving(B); 触发:Pullback(C); 置信度:Low,PASSED,A,fallback
00788,中国铁塔,2020-03-20,STRUCTURAL_DIVERGENCE,Improving,Consolidation,50.0,COST_DISADVANTAGE,Low,BULLISH_WARNING,55.0,Aligned,risk_off,结构:STRUCTURAL_DIVERGENCE(A/A-); 阶段:Improving(B); 触发:Consolidation(C); 置信度:Low,PASSED,A,fallback
00788,中国铁塔,2020-03-27,STRUCTURAL_DIVERGENCE,Improving,Consolidation,50.0,COST_DISADVANTAGE,Low,BULLISH_WARNING,55.0,Aligned,risk_off,结构:STRUCTURAL_DIVERGENCE(A/A-); 阶段:Improving(B); 触发:Consolidation(C); 置信度:Low,PASSED,A,fallback
00788,中国铁塔,2020-04-03,STRUCTURAL_DIVERGENCE,Deteriorating,Consolidation,50.0,COST_DISADVANTAGE,Low,BULLISH_WARNING,55.0,Aligned,risk_off,结构:STRUCTURAL_DIVERGENCE(A/A-); 阶段:Deteriorating(B); 触发:Consolidation(C); 置信度:Low,PASSED,A,fallback
00788,中国铁塔,2020-04-10,STRUCTURAL_DIVERGENCE,Deteriorating,Consolidation,50.0,COST_DISADVANTAGE,Low,BULLISH_WARNING,55.0,Aligned,risk_off,结构:STRUCTURAL_DIVERGENCE(A/A-); 阶段:Deteriorating(B); 触发:Consolidation(C); 置信度:Low,PASSED,A,fallback
00788,中国铁塔,2020-04-17,STRUCTURAL_DIVERGENCE,Deteriorating,Consolidation,50.0,COST_DISADVANTAGE,Low,BULLISH_WARNING,55.0,Aligned,risk_off,结构:STRUCTURAL_DIVERGENCE(A/A-); 阶段:Deteriorating(B); 触发:Consolidation(C); 置信度:Low,PASSED,A,fallback
00788,中国铁塔,2020-04-24,STRUCTURAL_DIVERGENCE,Deteriorating,Consolidation,50.0,COST_DISADVANTAGE,Low,BULLISH_WARNING,55.0,Aligned,risk_off,结构:STRUCTURAL_DIVERGENCE(A/A-); 阶段:Deteriorating(B); 触发:Consolidation(C); 置信度:Low,PASSED,A,fallback
00788,中国铁塔,2020-05-01,STRUCTURAL_DIVERGENCE,Stable,Consolidation,50.0,COST_DISADVANTAGE,Low,BULLISH_WARNING,55.0,Aligned,risk_off,结构:STRUCTURAL_DIVERGENCE(A/A-); 阶段:Stable(B); 触发:Consolidation(C); 置信度:Low,PASSED,A,fallback
00788,中国铁塔,2020-05-08,STRUCTURAL_DIVERGENCE,Stable,Consolidation,50.0,COST_DISADVANTAGE,Low,BULLISH_WARNING,55.0,Aligned,risk_off,结构:STRUCTURAL_DIVERGENCE(A/A-); 阶段:Stable(B); 触发:Consolidation(C); 置信度:Low,PASSED,A,fallback
00788,中国铁塔,2020-05-15,STRUCTURAL_DIVERGENCE,Stable,Consolidation,50.0,COST_DISADVANTAGE,Medium,BULLISH_WARNING,55.0,Aligned,risk_off,结构:STRUCTURAL_DIVERGENCE(A/A-); 阶段:Stable(B); 触发:Consolidation(C); 置信度:Medium,PASSED,A,fallback
00788,中国铁塔,2020-05-22,STRUCTURAL_DIVERGENCE,Stable,Consolidation,50.0,COST_DISADVANTAGE,Medium,BULLISH_WARNING,55.0,Aligned,risk_off,结构:STRUCTURAL_DIVERGENCE(A/A-); 阶段:Stable(B); 触发:Consolidation(C); 置信度:Medium,PASSED,A,fallback
00788,中国铁塔,2020-05-29,STRUCTURAL_DIVERGENCE,Stable,Consolidation,50.0,COST_DISADVANTAGE,Medium,BULLISH_WARNING,55.0,Aligned,risk_off,结构:STRUCTURAL_DIVERGENCE(A/A-); 阶段:Stable(B); 触发:Consolidation(C); 置信度:Medium,PASSED,A,fallback
00788,中国铁塔,2020-06-05,STRUCTURAL_DIVERGENCE,Stable,Consolidation,50.0,COST_DISADVANTAGE,Medium,BULLISH_WARNING,55.0,Aligned,neutral,结构:STRUCTURAL_DIVERGENCE(A/A-); 阶段:Stable(B); 触发:Consolidation(C); 置信度:Medium,PASSED,A,fallback
00788,中国铁塔,2020-06-12,STRUCTURAL_DIVERGENCE,Stable,Consolidation,50.0,COST_DISADVANTAGE,Medium,BULLISH_WARNING,55.0,Aligned,risk_off,结构:STRUCTURAL_DIVERGENCE(A/A-); 阶段:Stable(B); 触发:Consolidation(C); 置信度:Medium,PASSED,A,fallback
00788,中国铁塔,2020-06-19,STRUCTURAL_DIVERGENCE,Stable,Consolidation,50.0,COST_DISADVANTAGE,Medium,BULLISH_WARNING,55.0,Aligned,risk_off,结构:STRUCTURAL_DIVERGENCE(A/A-); 阶段:Stable(B); 触发:Consolidation(C); 置信度:Medium,PASSED,A,fallback
00788,中国铁塔,2020-06-26,STRUCTURAL_DIVERGENCE,Stable,Breakdown,50.0,COST_DISADVANTAGE,Medium,BULLISH_WARNING,55.0,Aligned,risk_off,结构:STRUCTURAL_DIVERGENCE(A/A-); 阶段:Stable(B); 触发:Breakdown(C); 置信度:Medium,PASSED,A,fallback
00788,中国铁塔,2020-07-03,STRUCTURAL_DIVERGENCE,Stable,Consolidation,72.65382068128068,COST_DISADVANTAGE,Medium,BULLISH_WARNING,55.0,Aligned,risk_on,结构:STRUCTURAL_DIVERGENCE(A/A-); 阶段:Stable(B); 触发:Consolidation(C); 置信度:Medium,PASSED,A,fallback
00788,中国铁塔,2020-07-10,STRUCTURAL_DIVERGENCE,Stable,Consolidation,72.65382068128068,COST_DISADVANTAGE,Medium,BULLISH_WARNING,55.0,Aligned,risk_off,结构:STRUCTURAL_DIVERGENCE(A/A-); 阶段:Stable(B); 触发:Consolidation(C); 置信度:Medium,PASSED,A,fallback
00788,中国铁塔,2020-07-17,STRUCTURAL_DIVERGENCE,Stable,Consolidation,72.65382068128068,COST_DISADVANTAGE,Medium,BULLISH_WARNING,55.0,Aligned,risk_on,结构:STRUCTURAL_DIVERGENCE(A/A-); 阶段:Stable(B); 触发:Consolidation(C); 置信度:Medium,PASSED,A,fallback
00788,中国铁塔,2020-07-24,STRUCTURAL_DIVERGENCE,Stable,Consolidation,72.65382068128068,COST_DISADVANTAGE,Medium,BULLISH_WARNING,55.0,Aligned,risk_off,结构:STRUCTURAL_DIVERGENCE(A/A-); 阶段:Stable(B); 触发:Consolidation(C); 置信度:Medium,PASSED,A,fallback
00788,中国铁塔,2020-07-31,STRUCTURAL_DIVERGENCE,Stable,Consolidation,60.45908302507056,COST_DISADVANTAGE,Medium,BULLISH_WARNING,55.0,Aligned,neutral,结构:STRUCTURAL_DIVERGENCE(A/A-); 阶段:Stable(B); 触发:Consolidation(C); 置信度:Medium,PASSED,A,fallback
00788,中国铁塔,2020-08-07,STRUCTURAL_DIVERGENCE,Stable,Consolidation,60.45908302507056,COST_DISADVANTAGE,Medium,BULLISH_WARNING,55.0,Aligned,neutral,结构:STRUCTURAL_DIVERGENCE(A/A-); 阶段:Stable(B); 触发:Consolidation(C); 置信度:Medium,PASSED,A,fallback
00788,中国铁塔,2020-08-14,STRUCTURAL_DIVERGENCE,Stable,Consolidation,60.45908302507056,COST_DISADVANTAGE,Medium,BULLISH_WARNING,55.0,Aligned,risk_on,结构:STRUCTURAL_DIVERGENCE(A/A-); 阶段:Stable(B); 触发:Consolidation(C); 置信度:Medium,PASSED,A,fallback
00788,中国铁塔,2020-08-21,STRUCTURAL_DIVERGENCE,Stable,Consolidation,60.45908302507056,COST_DISADVANTAGE,Medium,BULLISH_WARNING,55.0,Aligned,risk_on,结构:STRUCTURAL_DIVERGENCE(A/A-); 阶段:Stable(B); 触发:Consolidation(C); 置信度:Medium,PASSED,A,fallback
00788,中国铁塔,2020-08-28,STRUCTURAL_DIVERGENCE,Stable,Consolidation,60.45908302507056,COST_DISADVANTAGE,Medium,BULLISH_WARNING,55.0,Aligned,risk_on,结构:STRUCTURAL_DIVERGENCE(A/A-); 阶段:Stable(B); 触发:Consolidation(C); 置信度:Medium,PASSED,A,fallback
00788,中国铁塔,2020-09-04,STRUCTURAL_DIVERGENCE,Stable,Consolidation,61.12925428681733,COST_DISADVANTAGE,Medium,BULLISH_WARNING,55.0,Aligned,risk_off,结构:STRUCTURAL_DIVERGENCE(A/A-); 阶段:Stable(B); 触发:Consolidation(C); 置信度:Medium,PASSED,A,fallback
00788,中国铁塔,2020-09-11,STRUCTURAL_DIVERGENCE,Stable,Consolidation,61.12925428681733,COST_DISADVANTAGE,Medium,BULLISH_WARNING,55.0,Aligned,neutral,结构:STRUCTURAL_DIVERGENCE(A/A-); 阶段:Stable(B); 触发:Consolidation(C); 置信度:Medium,PASSED,A,fallback
00788,中国铁塔,2020-09-18,STRUCTURAL_DIVERGENCE,Stable,Consolidation,61.12925428681733,COST_DISADVANTAGE,Medium,BULLISH_WARNING,55.0,Aligned,neutral,结构:STRUCTURAL_DIVERGENCE(A/A-); 阶段:Stable(B); 触发:Consolidation(C); 置信度:Medium,PASSED,A,fallback
00788,中国铁塔,2020-09-25,STRUCTURAL_DIVERGENCE,Stable,Breakdown,61.12925428681733,COST_DISADVANTAGE,Medium,BULLISH_WARNING,55.0,Aligned,risk_off,结构:STRUCTURAL_DIVERGENCE(A/A-); 阶段:Stable(B); 触发:Breakdown(C); 置信度:Medium,PASSED,A,fallback
00788,中国铁塔,2020-10-02,STRUCTURAL_DIVERGENCE,Deteriorating,Consolidation,69.11313846665253,COST_DISADVANTAGE,Medium,BULLISH_WARNING,55.0,Aligned,risk_off,结构:STRUCTURAL_DIVERGENCE(A/A-); 阶段:Deteriorating(B); 触发:Consolidation(C); 置信度:Medium,PASSED,A,fallback
00788,中国铁塔,2020-10-09,STRUCTURAL_DIVERGENCE,Deteriorating,Consolidation,69.11313846665253,COST_DISADVANTAGE,Medium,BULLISH_WARNING,55.0,Aligned,risk_off,结构:STRUCTURAL_DIVERGENCE(A/A-); 阶段:Deteriorating(B); 触发:Consolidation(C); 置信度:Medium,PASSED,A,fallback
00788,中国铁塔,2020-10-16,STRUCTURAL_DIVERGENCE,Deteriorating,Consolidation,69.11313846665253,COST_DISADVANTAGE,Medium,BULLISH_WARNING,55.0,Aligned,risk_off,结构:STRUCTURAL_DIVERGENCE(A/A-); 阶段:Deteriorating(B); 触发:Consolidation(C); 置信度:Medium,PASSED,A,fallback
00788,中国铁塔,2020-10-23,STRUCTURAL_DIVERGENCE,Deteriorating,Breakdown,69.11313846665253,COST_DISADVANTAGE,Medium,BULLISH_WARNING,55.0,Aligned,neutral,结构:STRUCTURAL_DIVERGENCE(A/A-); 阶段:Deteriorating(B); 触发:Breakdown(C); 置信度:Medium,PASSED,A,matrix
00788,中国铁塔,2020-10-30,STRUCTURAL_DIVERGENCE,Deteriorating,Breakdown,69.11313846665253,COST_DISADVANTAGE,Medium,BULLISH_WARNING,55.0,Aligned,risk_off,结构:STRUCTURAL_DIVERGENCE(A/A-); 阶段:Deteriorating(B); 触发:Breakdown(C); 置信度:Medium,PASSED,A,matrix
00788,中国铁塔,2020-11-06,STRUCTURAL_DIVERGENCE,Deteriorating,Consolidation,62.222399131243584,COST_DISADVANTAGE,Medium,BULLISH_WARNING,55.0,Aligned,risk_on,结构:STRUCTURAL_DIVERGENCE(A/A-); 阶段:Deteriorating(B); 触发:Consolidation(C); 置信度:Medium,PASSED,A,fallback
00788,中国铁塔,2020-11-13,STRUCTURAL_DIVERGENCE,Deteriorating,Consolidation,62.222399131243584,COST_DISADVANTAGE,Medium,BULLISH_WARNING,55.0,Aligned,risk_on,结构:STRUCTURAL_DIVERGENCE(A/A-); 阶段:Deteriorating(B); 触发:Consolidation(C); 置信度:Medium,PASSED,A,fallback
00788,中国铁塔,2020-11-20,STRUCTURAL_DECLINE,Deteriorating,Consolidation,62.222399131243584,COST_DISADVANTAGE,Low,BULLISH_WARNING,55.0,Aligned,risk_on,结构:STRUCTURAL_DECLINE(A/A-); 阶段:Deteriorating(B); 触发:Consolidation(C); 置信度:Low,PASSED,B,tactical_override
00788,中国铁塔,2020-11-27,STRUCTURAL_DECLINE,Deteriorating,Consolidation,62.222399131243584,COST_DISADVANTAGE,Low,BULLISH_WARNING,55.0,Aligned,risk_on,结构:STRUCTURAL_DECLINE(A/A-); 阶段:Deteriorating(B); 触发:Consolidation(C); 置信度:Low,PASSED,B,tactical_override
00788,中国铁塔,2020-12-04,STRUCTURAL_DECLINE,Stable,Consolidation,57.94942877347802,COST_DISADVANTAGE,Low,BULLISH_WARNING,55.0,Aligned,risk_on,结构:STRUCTURAL_DECLINE(A/A-); 阶段:Stable(B); 触发:Consolidation(C); 置信度:Low,PASSED,B,tactical_override
00788,中国铁塔,2020-12-11,STRUCTURAL_DECLINE,Stable,Breakdown,57.94942877347802,COST_DISADVANTAGE,Low,BEARISH_CONFIRMED,20.0,Aligned,risk_on,结构:STRUCTURAL_DECLINE(A/A-); 阶段:Stable(B); 触发:Breakdown(C); 置信度:Low,PASSED,B,fallback
00788,中国铁塔,2020-12-18,STRUCTURAL_DECLINE,Stable,Consolidation,57.94942877347802,COST_DISADVANTAGE,Low,BULLISH_WARNING,55.0,Aligned,risk_on,结构:STRUCTURAL_DECLINE(A/A-); 阶段:Stable(B); 触发:Consolidation(C); 置信度:Low,PASSED,B,tactical_override
00788,中国铁塔,2020-12-25,STRUCTURAL_DECLINE,Stable,Consolidation,57.94942877347802,COST_DISADVANTAGE,Low,BULLISH_WARNING,55.0,Aligned,risk_on,结构:STRUCTURAL_DECLINE(A/A-); 阶段:Stable(B); 触发:Consolidation(C); 置信度:Low,PASSED,B,tactical_override
00788,中国铁塔,2021-01-01,STRUCTURAL_DECLINE,Deteriorating,Consolidation,80.09535127775533,COST_DISADVANTAGE,Low,BULLISH_WARNING,55.0,Aligned,risk_on,结构:STRUCTURAL_DECLINE(A/A-); 阶段:Deteriorating(B); 触发:Consolidation(C); 置信度:Low,PASSED,B,tactical_override
00788,中国铁塔,2021-01-08,STRUCTURAL_DECLINE,Deteriorating,Breakdown,80.09535127775533,COST_DISADVANTAGE,Low,BEARISH_CONFIRMED,20.0,Aligned,risk_on,结构:STRUCTURAL_DECLINE(A/A-); 阶段:Deteriorating(B); 触发:Breakdown(C); 置信度:Low,PASSED,B,matrix
00788,中国铁塔,2021-01-15,STRUCTURAL_DECLINE,Deteriorating,Consolidation,80.09535127775533,COST_DISADVANTAGE,Low,BULLISH_WARNING,55.0,Aligned,risk_on,结构:STRUCTURAL_DECLINE(A/A-); 阶段:Deteriorating(B); 触发:Consolidation(C); 置信度:Low,PASSED,B,tactical_override
00788,中国铁塔,2021-01-22,STRUCTURAL_DECLINE,Deteriorating,Consolidation,80.09535127775533,COST_DISADVANTAGE,Low,BULLISH_WARNING,55.0,Aligned,risk_on,结构:STRUCTURAL_DECLINE(A/A-); 阶段:Deteriorating(B); 触发:Consolidation(C); 置信度:Low,PASSED,B,tactical_override
00788,中国铁塔,2021-01-29,STRUCTURAL_DECLINE,Deteriorating,Consolidation,80.09535127775533,COST_DISADVANTAGE,Low,BULLISH_WARNING,55.0,Aligned,risk_off,结构:STRUCTURAL_DECLINE(A/A-); 阶段:Deteriorating(B); 触发:Consolidation(C); 置信度:Low,PASSED,B,tactical_override
00788,中国铁塔,2021-02-05,STRUCTURAL_DECLINE,Deteriorating,Consolidation,39.85988770402338,COST_DISADVANTAGE,Low,BULLISH_WARNING,55.0,Aligned,risk_on,结构:STRUCTURAL_DECLINE(A/A-); 阶段:Deteriorating(B); 触发:Consolidation(C); 置信度:Low,PASSED,B,tactical_override
00788,中国铁塔,2021-02-12,STRUCTURAL_DECLINE,Deteriorating,Consolidation,39.85988770402338,COST_DISADVANTAGE,Low,BULLISH_WARNING,55.0,Aligned,risk_on,结构:STRUCTURAL_DECLINE(A/A-); 阶段:Deteriorating(B); 触发:Consolidation(C); 置信度:Low,PASSED,B,tactical_override
00788,中国铁塔,2021-02-19,STRUCTURAL_DECLINE,Deteriorating,Consolidation,39.85988770402338,COST_DISADVANTAGE,Low,BULLISH_WARNING,55.0,Aligned,risk_on,结构:STRUCTURAL_DECLINE(A/A-); 阶段:Deteriorating(B); 触发:Consolidation(C); 置信度:Low,PASSED,B,tactical_override
00788,中国铁塔,2021-02-26,STRUCTURAL_DECLINE,Deteriorating,Consolidation,39.85988770402338,COST_DISADVANTAGE,Low,BULLISH_WARNING,55.0,Aligned,risk_off,结构:STRUCTURAL_DECLINE(A/A-); 阶段:Deteriorating(B); 触发:Consolidation(C); 置信度:Low,PASSED,B,tactical_override
00788,中国铁塔,2021-03-05,STRUCTURAL_DECLINE,Improving,Consolidation,52.02298646356566,COST_DISADVANTAGE,Low,BULLISH_WARNING,55.0,Divergence,risk_on,结构:STRUCTURAL_DECLINE(A/A-); 阶段:Improving(B); 触发:Consolidation(C); 置信度:Low,PASSED,B,tactical_override
00788,中国铁塔,2021-03-12,STRUCTURAL_DECLINE,Improving,Consolidation,52.02298646356566,COST_DISADVANTAGE,Low,BULLISH_WARNING,55.0,Divergence,risk_on,结构:STRUCTURAL_DECLINE(A/A-); 阶段:Improving(B); 触发:Consolidation(C); 置信度:Low,PASSED,B,tactical_override
00788,中国铁塔,2021-03-19,STRUCTURAL_DECLINE,Improving,Consolidation,52.02298646356566,COST_DISADVANTAGE,Low,BULLISH_WARNING,55.0,Divergence,risk_on,结构:STRUCTURAL_DECLINE(A/A-); 阶段:Improving(B); 触发:Consolidation(C); 置信度:Low,PASSED,B,tactical_override
00788,中国铁塔,2021-03-26,STRUCTURAL_DECLINE,Improving,Consolidation,52.02298646356566,COST_DISADVANTAGE,Low,BULLISH_WARNING,55.0,Divergence,risk_on,结构:STRUCTURAL_DECLINE(A/A-); 阶段:Improving(B); 触发:Consolidation(C); 置信度:Low,PASSED,B,tactical_override
00788,中国铁塔,2021-04-02,STRUCTURAL_DECLINE,Deteriorating,Consolidation,54.73883724439095,COST_DISADVANTAGE,Low,BULLISH_WARNING,55.0,Aligned,risk_on,结构:STRUCTURAL_DECLINE(A/A-); 阶段:Deteriorating(B); 触发:Consolidation(C); 置信度:Low,PASSED,B,tactical_override
00788,中国铁塔,2021-04-09,STRUCTURAL_DECLINE,Deteriorating,Consolidation,54.73883724439095,COST_DISADVANTAGE,Low,BULLISH_WARNING,55.0,Aligned,risk_on,结构:STRUCTURAL_DECLINE(A/A-); 阶段:Deteriorating(B); 触发:Consolidation(C); 置信度:Low,PASSED,B,tactical_override
00788,中国铁塔,2021-04-16,STRUCTURAL_DECLINE,Deteriorating,Consolidation,54.73883724439095,COST_DISADVANTAGE,Low,BULLISH_WARNING,55.0,Aligned,neutral,结构:STRUCTURAL_DECLINE(A/A-); 阶段:Deteriorating(B); 触发:Consolidation(C); 置信度:Low,PASSED,B,tactical_override
00788,中国铁塔,2021-04-23,STRUCTURAL_DECLINE,Deteriorating,Consolidation,54.73883724439095,COST_DISADVANTAGE,Low,BULLISH_WARNING,55.0,Aligned,neutral,结构:STRUCTURAL_DECLINE(A/A-); 阶段:Deteriorating(B); 触发:Consolidation(C); 置信度:Low,PASSED,B,tactical_override
00788,中国铁塔,2021-04-30,STRUCTURAL_DECLINE,Deteriorating,Consolidation,73.2767205717028,COST_DISADVANTAGE,Low,BULLISH_WARNING,55.0,Aligned,neutral,结构:STRUCTURAL_DECLINE(A/A-); 阶段:Deteriorating(B); 触发:Consolidation(C); 置信度:Low,PASSED,B,tactical_override
00788,中国铁塔,2021-05-07,STRUCTURAL_DECLINE,Deteriorating,Consolidation,73.2767205717028,COST_DISADVANTAGE,Low,BULLISH_WARNING,55.0,Aligned,risk_off,结构:STRUCTURAL_DECLINE(A/A-); 阶段:Deteriorating(B); 触发:Consolidation(C); 置信度:Low,PASSED,B,tactical_override
00788,中国铁塔,2021-05-14,STRUCTURAL_DECLINE,Deteriorating,Consolidation,73.2767205717028,COST_DISADVANTAGE,Low,BULLISH_WARNING,55.0,Aligned,risk_off,结构:STRUCTURAL_DECLINE(A/A-); 阶段:Deteriorating(B); 触发:Consolidation(C); 置信度:Low,PASSED,B,tactical_override
00788,中国铁塔,2021-05-21,STRUCTURAL_DECLINE,Deteriorating,Consolidation,73.2767205717028,COST_DISADVANTAGE,Low,BULLISH_WARNING,55.0,Aligned,risk_off,结构:STRUCTURAL_DECLINE(A/A-); 阶段:Deteriorating(B); 触发:Consolidation(C); 置信度:Low,PASSED,A,tactical_override
00788,中国铁塔,2021-05-28,STRUCTURAL_DECLINE,Deteriorating,Consolidation,73.2767205717028,COST_DISADVANTAGE,Low,BULLISH_WARNING,55.0,Aligned,neutral,结构:STRUCTURAL_DECLINE(A/A-); 阶段:Deteriorating(B); 触发:Consolidation(C); 置信度:Low,PASSED,A,tactical_override
00788,中国铁塔,2021-06-04,STRUCTURAL_DECLINE,Deteriorating,Consolidation,72.08332590657135,COST_DISADVANTAGE,Low,BULLISH_WARNING,55.0,Aligned,neutral,结构:STRUCTURAL_DECLINE(A/A-); 阶段:Deteriorating(B); 触发:Consolidation(C); 置信度:Low,PASSED,A,tactical_override
00788,中国铁塔,2021-06-11,STRUCTURAL_DECLINE,Deteriorating,Consolidation,72.08332590657135,COST_DISADVANTAGE,Low,BULLISH_WARNING,55.0,Aligned,neutral,结构:STRUCTURAL_DECLINE(A/A-); 阶段:Deteriorating(B); 触发:Consolidation(C); 置信度:Low,PASSED,A,tactical_override
00788,中国铁塔,2021-06-18,STRUCTURAL_DECLINE,Deteriorating,Consolidation,72.08332590657135,COST_DISADVANTAGE,Low,BULLISH_WARNING,55.0,Aligned,neutral,结构:STRUCTURAL_DECLINE(A/A-); 阶段:Deteriorating(B); 触发:Consolidation(C); 置信度:Low,PASSED,A,tactical_override
00788,中国铁塔,2021-06-25,STRUCTURAL_DECLINE,Deteriorating,Consolidation,72.08332590657135,COST_DISADVANTAGE,Low,BULLISH_WARNING,55.0,Aligned,risk_on,结构:STRUCTURAL_DECLINE(A/A-); 阶段:Deteriorating(B); 触发:Consolidation(C); 置信度:Low,PASSED,A,tactical_override
00788,中国铁塔,2021-07-02,STRUCTURAL_DECLINE,Stable,Consolidation,64.303351853797,COST_DISADVANTAGE,Low,BULLISH_WARNING,55.0,Aligned,risk_off,结构:STRUCTURAL_DECLINE(A/A-); 阶段:Stable(B); 触发:Consolidation(C); 置信度:Low,PASSED,A,tactical_override
00788,中国铁塔,2021-07-09,STRUCTURAL_DECLINE,Stable,Consolidation,64.303351853797,COST_DISADVANTAGE,Low,BULLISH_WARNING,55.0,Aligned,risk_off,结构:STRUCTURAL_DECLINE(A/A-); 阶段:Stable(B); 触发:Consolidation(C); 置信度:Low,PASSED,A,tactical_override
00788,中国铁塔,2021-07-16,STRUCTURAL_DECLINE,Stable,Consolidation,64.303351853797,COST_DISADVANTAGE,Low,BULLISH_WARNING,55.0,Aligned,risk_off,结构:STRUCTURAL_DECLINE(A/A-); 阶段:Stable(B); 触发:Consolidation(C); 置信度:Low,PASSED,A,tactical_override
00788,中国铁塔,2021-07-23,STRUCTURAL_DECLINE,Stable,Consolidation,64.303351853797,COST_DISADVANTAGE,Low,BULLISH_WARNING,55.0,Aligned,risk_off,结构:STRUCTURAL_DECLINE(A/A-); 阶段:Stable(B); 触发:Consolidation(C); 置信度:Low,PASSED,A,tactical_override
00788,中国铁塔,2021-07-30,STRUCTURAL_DECLINE,Stable,Breakdown,64.303351853797,COST_DISADVANTAGE,Low,BEARISH_CONFIRMED,20.0,Aligned,risk_off,结构:STRUCTURAL_DECLINE(A/A-); 阶段:Stable(B); 触发:Breakdown(C); 置信度:Low,PASSED,A,fallback
00788,中国铁塔,2021-08-06,STRUCTURAL_DECLINE,Deteriorating,Consolidation,66.65477664187915,COST_DISADVANTAGE,Low,BULLISH_WARNING,55.0,Aligned,risk_off,结构:STRUCTURAL_DECLINE(A/A-); 阶段:Deteriorating(B); 触发:Consolidation(C); 置信度:Low,PASSED,A,tactical_override
00788,中国铁塔,2021-08-13,STRUCTURAL_DECLINE,Deteriorating,Consolidation,66.65477664187915,COST_DISADVANTAGE,Low,BULLISH_WARNING,55.0,Aligned,risk_off,结构:STRUCTURAL_DECLINE(A/A-); 阶段:Deteriorating(B); 触发:Consolidation(C); 置信度:Low,PASSED,A,tactical_override
00788,中国铁塔,2021-08-20,STRUCTURAL_DECLINE,Deteriorating,Consolidation,66.65477664187915,COST_DISADVANTAGE,Medium,BULLISH_WARNING,55.0,Aligned,risk_off,结构:STRUCTURAL_DECLINE(A/A-); 阶段:Deteriorating(B); 触发:Consolidation(C); 置信度:Medium,PASSED,A,tactical_override
00788,中国铁塔,2021-08-27,STRUCTURAL_DECLINE,Deteriorating,Consolidation,66.65477664187915,COST_DISADVANTAGE,Medium,BULLISH_WARNING,55.0,Aligned,risk_off,结构:STRUCTURAL_DECLINE(A/A-); 阶段:Deteriorating(B); 触发:Consolidation(C); 置信度:Medium,PASSED,A,tactical_override
00788,中国铁塔,2021-09-03,STRUCTURAL_DECLINE,Stable,Consolidation,74.98048811893284,COST_DISADVANTAGE,Medium,BULLISH_WARNING,55.0,Aligned,risk_off,结构:STRUCTURAL_DECLINE(A/A-); 阶段:Stable(B); 触发:Consolidation(C); 置信度:Medium,PASSED,A,tactical_override
00788,中国铁塔,2021-09-10,STRUCTURAL_DECLINE,Stable,Consolidation,74.98048811893284,COST_DISADVANTAGE,Medium,BULLISH_WARNING,55.0,Aligned,risk_off,结构:STRUCTURAL_DECLINE(A/A-); 阶段:Stable(B); 触发:Consolidation(C); 置信度:Medium,PASSED,A,tactical_override
00788,中国铁塔,2021-09-17,STRUCTURAL_DECLINE,Stable,Consolidation,74.98048811893284,COST_DISADVANTAGE,Medium,BULLISH_WARNING,55.0,Aligned,risk_off,结构:STRUCTURAL_DECLINE(A/A-); 阶段:Stable(B); 触发:Consolidation(C); 置信度:Medium,PASSED,A,tactical_override
00788,中国铁塔,2021-09-24,STRUCTURAL_DECLINE,Stable,Consolidation,74.98048811893284,COST_DISADVANTAGE,Medium,BULLISH_WARNING,55.0,Aligned,risk_off,结构:STRUCTURAL_DECLINE(A/A-); 阶段:Stable(B); 触发:Consolidation(C); 置信度:Medium,PASSED,A,tactical_override
00788,中国铁塔,2021-10-01,STRUCTURAL_DECLINE,Stable,Consolidation,72.35761381845575,COST_DISADVANTAGE,Medium,BULLISH_WARNING,55.0,Aligned,risk_off,结构:STRUCTURAL_DECLINE(A/A-); 阶段:Stable(B); 触发:Consolidation(C); 置信度:Medium,PASSED,A,tactical_override
00788,中国铁塔,2021-10-08,STRUCTURAL_DECLINE,Stable,Consolidation,72.35761381845575,COST_DISADVANTAGE,Medium,BULLISH_WARNING,55.0,Aligned,risk_off,结构:STRUCTURAL_DECLINE(A/A-); 阶段:Stable(B); 触发:Consolidation(C); 置信度:Medium,PASSED,A,tactical_override
00788,中国铁塔,2021-10-15,STRUCTURAL_DECLINE,Stable,Consolidation,72.35761381845575,COST_DISADVANTAGE,Medium,BULLISH_WARNING,55.0,Aligned,risk_off,结构:STRUCTURAL_DECLINE(A/A-); 阶段:Stable(B); 触发:Consolidation(C); 置信度:Medium,PASSED,A,tactical_override
00788,中国铁塔,2021-10-22,STRUCTURAL_DECLINE,Stable,Consolidation,72.35761381845575,COST_DISADVANTAGE,Medium,BULLISH_WARNING,55.0,Aligned,neutral,结构:STRUCTURAL_DECLINE(A/A-); 阶段:Stable(B); 触发:Consolidation(C); 置信度:Medium,PASSED,A,tactical_override
00788,中国铁塔,2021-10-29,STRUCTURAL_DECLINE,Stable,Consolidation,72.35761381845575,COST_DISADVANTAGE,Medium,BULLISH_WARNING,55.0,Aligned,risk_off,结构:STRUCTURAL_DECLINE(A/A-); 阶段:Stable(B); 触发:Consolidation(C); 置信度:Medium,PASSED,A,tactical_override
00788,中国铁塔,2021-11-05,STRUCTURAL_DECLINE,Stable,Consolidation,67.4577046648345,COST_DISADVANTAGE,Medium,BULLISH_WARNING,55.0,Aligned,risk_off,结构:STRUCTURAL_DECLINE(A/A-); 阶段:Stable(B); 触发:Consolidation(C); 置信度:Medium,PASSED,A,tactical_override
00788,中国铁塔,2021-11-12,STRUCTURAL_DECLINE,Stable,Consolidation,67.4577046648345,COST_DISADVANTAGE,Medium,BULLISH_WARNING,55.0,Aligned,risk_off,结构:STRUCTURAL_DECLINE(A/A-); 阶段:Stable(B); 触发:Consolidation(C); 置信度:Medium,PASSED,A,tactical_override
00788,中国铁塔,2021-11-19,STRUCTURAL_DECLINE,Stable,Consolidation,67.4577046648345,COST_DISADVANTAGE,Medium,BULLISH_WARNING,55.0,Aligned,neutral,结构:STRUCTURAL_DECLINE(A/A-); 阶段:Stable(B); 触发:Consolidation(C); 置信度:Medium,PASSED,A,tactical_override
00788,中国铁塔,2021-11-26,STRUCTURAL_DECLINE,Stable,Consolidation,67.4577046648345,COST_DISADVANTAGE,Medium,BULLISH_WARNING,55.0,Aligned,risk_off,结构:STRUCTURAL_DECLINE(A/A-); 阶段:Stable(B); 触发:Consolidation(C); 置信度:Medium,PASSED,A,tactical_override
00788,中国铁塔,2021-12-03,STRUCTURAL_DECLINE,Deteriorating,Breakdown,62.03465366821915,COST_DISADVANTAGE,Medium,BEARISH_CONFIRMED,20.0,Aligned,risk_off,结构:STRUCTURAL_DECLINE(A/A-); 阶段:Deteriorating(B); 触发:Breakdown(C); 置信度:Medium,PASSED,A,matrix
00788,中国铁塔,2021-12-10,STRUCTURAL_DECLINE,Deteriorating,Breakdown,62.03465366821915,COST_DISADVANTAGE,Medium,BEARISH_CONFIRMED,20.0,Aligned,risk_off,结构:STRUCTURAL_DECLINE(A/A-); 阶段:Deteriorating(B); 触发:Breakdown(C); 置信度:Medium,PASSED,A,matrix
00788,中国铁塔,2021-12-17,STRUCTURAL_DECLINE,Deteriorating,Breakdown,62.03465366821915,COST_DISADVANTAGE,Medium,BEARISH_CONFIRMED,20.0,Aligned,risk_off,结构:STRUCTURAL_DECLINE(A/A-); 阶段:Deteriorating(B); 触发:Breakdown(C); 置信度:Medium,PASSED,A,matrix
00788,中国铁塔,2021-12-24,STRUCTURAL_DECLINE,Deteriorating,Breakdown,62.03465366821915,COST_DISADVANTAGE,Medium,BEARISH_CONFIRMED,20.0,Aligned,risk_off,结构:STRUCTURAL_DECLINE(A/A-); 阶段:Deteriorating(B); 触发:Breakdown(C); 置信度:Medium,PASSED,A,matrix
00788,中国铁塔,2021-12-31,STRUCTURAL_DECLINE,Stable,Consolidation,53.77875381461823,COST_DISADVANTAGE,Low,BULLISH_WARNING,55.0,Aligned,risk_off,结构:STRUCTURAL_DECLINE(A/A-); 阶段:Stable(B); 触发:Consolidation(C); 置信度:Low,PASSED,A,tactical_override
00788,中国铁塔,2022-01-07,STRUCTURAL_DECLINE,Stable,Consolidation,53.77875381461823,COST_DISADVANTAGE,Low,BULLISH_WARNING,55.0,Aligned,risk_off,结构:STRUCTURAL_DECLINE(A/A-); 阶段:Stable(B); 触发:Consolidation(C); 置信度:Low,PASSED,A,tactical_override
00788,中国铁塔,2022-01-14,STRUCTURAL_DECLINE,Stable,Consolidation,53.77875381461823,COST_DISADVANTAGE,Low,BULLISH_WARNING,55.0,Aligned,risk_off,结构:STRUCTURAL_DECLINE(A/A-); 阶段:Stable(B); 触发:Consolidation(C); 置信度:Low,PASSED,A,tactical_override
00788,中国铁塔,2022-01-21,STRUCTURAL_DECLINE,Stable,Consolidation,53.77875381461823,COST_DISADVANTAGE,Low,BULLISH_WARNING,55.0,Aligned,risk_off,结构:STRUCTURAL_DECLINE(A/A-); 阶段:Stable(B); 触发:Consolidation(C); 置信度:Low,PASSED,A,tactical_override
00788,中国铁塔,2022-01-28,STRUCTURAL_DECLINE,Stable,Consolidation,53.77875381461823,COST_DISADVANTAGE,Low,BULLISH_WARNING,55.0,Aligned,risk_off,结构:STRUCTURAL_DECLINE(A/A-); 阶段:Stable(B); 触发:Consolidation(C); 置信度:Low,PASSED,A,tactical_override
00788,中国铁塔,2022-02-04,STRUCTURAL_DECLINE,Improving,Consolidation,83.60351007691486,COST_DISADVANTAGE,Medium,BULLISH_WARNING,55.0,Divergence,neutral,结构:STRUCTURAL_DECLINE(A/A-); 阶段:Improving(B); 触发:Consolidation(C); 置信度:Medium,PASSED,A,tactical_override
00788,中国铁塔,2022-02-11,STRUCTURAL_DECLINE,Improving,Consolidation,83.60351007691486,COST_DISADVANTAGE,Medium,BULLISH_WARNING,55.0,Divergence,neutral,结构:STRUCTURAL_DECLINE(A/A-); 阶段:Improving(B); 触发:Consolidation(C); 置信度:Medium,PASSED,A,tactical_override
00788,中国铁塔,2022-02-18,STRUCTURAL_DECLINE,Improving,Consolidation,83.60351007691486,COST_DISADVANTAGE,High,BULLISH_WARNING,55.0,Divergence,risk_off,结构:STRUCTURAL_DECLINE(A/A-); 阶段:Improving(B); 触发:Consolidation(C); 置信度:High,PASSED,A,tactical_override
00788,中国铁塔,2022-02-25,STRUCTURAL_DECLINE,Improving,Consolidation,83.60351007691486,COST_DISADVANTAGE,High,BULLISH_WARNING,55.0,Divergence,risk_off,结构:STRUCTURAL_DECLINE(A/A-); 阶段:Improving(B); 触发:Consolidation(C); 置信度:High,PASSED,A,tactical_override
00788,中国铁塔,2022-03-04,STRUCTURAL_DECLINE,Deteriorating,Consolidation,85.72673337643656,COST_DISADVANTAGE,High,BULLISH_WARNING,55.0,Aligned,risk_off,结构:STRUCTURAL_DECLINE(A/A-); 阶段:Deteriorating(B); 触发:Consolidation(C); 置信度:High,PASSED,A,tactical_override
00788,中国铁塔,2022-03-11,STRUCTURAL_DECLINE,Deteriorating,Consolidation,85.72673337643656,COST_DISADVANTAGE,High,BULLISH_WARNING,55.0,Aligned,risk_off,结构:STRUCTURAL_DECLINE(A/A-); 阶段:Deteriorating(B); 触发:Consolidation(C); 置信度:High,PASSED,A,tactical_override
00788,中国铁塔,2022-03-18,STRUCTURAL_DECLINE,Deteriorating,Consolidation,85.72673337643656,COST_DISADVANTAGE,High,BULLISH_WARNING,55.0,Aligned,risk_off,结构:STRUCTURAL_DECLINE(A/A-); 阶段:Deteriorating(B); 触发:Consolidation(C); 置信度:High,PASSED,A,tactical_override
00788,中国铁塔,2022-03-25,STRUCTURAL_DECLINE,Deteriorating,Consolidation,85.72673337643656,COST_DISADVANTAGE,High,BULLISH_WARNING,55.0,Aligned,risk_off,结构:STRUCTURAL_DECLINE(A/A-); 阶段:Deteriorating(B); 触发:Consolidation(C); 置信度:High,PASSED,A,tactical_override
00788,中国铁塔,2022-04-01,STRUCTURAL_DECLINE,Deteriorating,Consolidation,64.96651417754926,COST_DISADVANTAGE,Medium,BULLISH_WARNING,55.0,Aligned,risk_off,结构:STRUCTURAL_DECLINE(A/A-); 阶段:Deteriorating(B); 触发:Consolidation(C); 置信度:Medium,PASSED,A,tactical_override
00788,中国铁塔,2022-04-08,STRUCTURAL_DECLINE,Deteriorating,Consolidation,64.96651417754926,COST_DISADVANTAGE,Medium,BULLISH_WARNING,55.0,Aligned,risk_off,结构:STRUCTURAL_DECLINE(A/A-); 阶段:Deteriorating(B); 触发:Consolidation(C); 置信度:Medium,PASSED,A,tactical_override
00788,中国铁塔,2022-04-15,STRUCTURAL_DECLINE,Deteriorating,Consolidation,64.96651417754926,COST_DISADVANTAGE,Medium,BULLISH_WARNING,55.0,Aligned,risk_off,结构:STRUCTURAL_DECLINE(A/A-); 阶段:Deteriorating(B); 触发:Consolidation(C); 置信度:Medium,PASSED,A,tactical_override
00788,中国铁塔,2022-04-22,STRUCTURAL_DECLINE,Deteriorating,Consolidation,64.96651417754926,COST_DISADVANTAGE,Medium,BULLISH_WARNING,55.0,Aligned,risk_off,结构:STRUCTURAL_DECLINE(A/A-); 阶段:Deteriorating(B); 触发:Consolidation(C); 置信度:Medium,PASSED,A,tactical_override
00788,中国铁塔,2022-04-29,STRUCTURAL_DECLINE,Deteriorating,Consolidation,64.96651417754926,COST_DISADVANTAGE,Medium,BULLISH_WARNING,55.0,Aligned,risk_off,结构:STRUCTURAL_DECLINE(A/A-); 阶段:Deteriorating(B); 触发:Consolidation(C); 置信度:Medium,PASSED,A,tactical_override
00788,中国铁塔,2022-05-06,STRUCTURAL_DECLINE,Improving,Consolidation,80.07653749763547,COST_DISADVANTAGE,High,BULLISH_WARNING,55.0,Divergence,risk_off,结构:STRUCTURAL_DECLINE(A/A-); 阶段:Improving(B); 触发:Consolidation(C); 置信度:High,PASSED,A,tactical_override
00788,中国铁塔,2022-05-13,STRUCTURAL_DECLINE,Improving,Consolidation,80.07653749763547,COST_DISADVANTAGE,High,BULLISH_WARNING,55.0,Divergence,risk_off,结构:STRUCTURAL_DECLINE(A/A-); 阶段:Improving(B); 触发:Consolidation(C); 置信度:High,PASSED,A,tactical_override
00788,中国铁塔,2022-05-20,STRUCTURAL_DECLINE,Improving,Consolidation,80.07653749763547,COST_DISADVANTAGE,Low,BEARISH_CONFIRMED,20.0,Divergence,risk_off,结构:STRUCTURAL_DECLINE(A/A-); 阶段:Improving(B); 触发:Consolidation(C); 置信度:Low,PASSED,A,fallback
00788,中国铁塔,2022-05-27,STRUCTURAL_DECLINE,Improving,Consolidation,80.07653749763547,COST_DISADVANTAGE,Low,BEARISH_CONFIRMED,20.0,Divergence,risk_off,结构:STRUCTURAL_DECLINE(A/A-); 阶段:Improving(B); 触发:Consolidation(C); 置信度:Low,PASSED,A,fallback
00788,中国铁塔,2022-06-03,STRUCTURAL_DECLINE,Improving,Consolidation,71.89042006695608,COST_DISADVANTAGE,Low,BEARISH_CONFIRMED,20.0,Divergence,risk_off,结构:STRUCTURAL_DECLINE(A/A-); 阶段:Improving(B); 触发:Consolidation(C); 置信度:Low,PASSED,A,fallback
00788,中国铁塔,2022-06-10,STRUCTURAL_DECLINE,Improving,Consolidation,71.89042006695608,COST_DISADVANTAGE,Low,BEARISH_CONFIRMED,20.0,Divergence,risk_off,结构:STRUCTURAL_DECLINE(A/A-); 阶段:Improving(B); 触发:Consolidation(C); 置信度:Low,PASSED,A,fallback
00788,中国铁塔,2022-06-17,STRUCTURAL_DECLINE,Improving,Consolidation,71.89042006695608,COST_DISADVANTAGE,Low,BEARISH_CONFIRMED,20.0,Divergence,risk_off,结构:STRUCTURAL_DECLINE(A/A-); 阶段:Improving(B); 触发:Consolidation(C); 置信度:Low,PASSED,A,fallback
00788,中国铁塔,2022-06-24,STRUCTURAL_DECLINE,Improving,Consolidation,71.89042006695608,COST_DISADVANTAGE,Low,BEARISH_CONFIRMED,20.0,Divergence,risk_off,结构:STRUCTURAL_DECLINE(A/A-); 阶段:Improving(B); 触发:Consolidation(C); 置信度:Low,PASSED,A,fallback
00788,中国铁塔,2022-07-01,STRUCTURAL_DECLINE,Improving,Consolidation,66.31153494830956,COST_DISADVANTAGE,Low,BEARISH_CONFIRMED,20.0,Divergence,risk_off,结构:STRUCTURAL_DECLINE(A/A-); 阶段:Improving(B); 触发:Consolidation(C); 置信度:Low,PASSED,A,fallback
00788,中国铁塔,2022-07-08,STRUCTURAL_DECLINE,Improving,Consolidation,66.31153494830956,COST_DISADVANTAGE,Low,BEARISH_CONFIRMED,20.0,Divergence,risk_off,结构:STRUCTURAL_DECLINE(A/A-); 阶段:Improving(B); 触发:Consolidation(C); 置信度:Low,PASSED,A,fallback
00788,中国铁塔,2022-07-15,STRUCTURAL_DECLINE,Improving,Consolidation,66.31153494830956,COST_DISADVANTAGE,Low,BEARISH_CONFIRMED,20.0,Divergence,risk_off,结构:STRUCTURAL_DECLINE(A/A-); 阶段:Improving(B); 触发:Consolidation(C); 置信度:Low,PASSED,A,fallback
00788,中国铁塔,2022-07-22,STRUCTURAL_DECLINE,Improving,Consolidation,66.31153494830956,COST_DISADVANTAGE,Low,BEARISH_CONFIRMED,20.0,Divergence,risk_off,结构:STRUCTURAL_DECLINE(A/A-); 阶段:Improving(B); 触发:Consolidation(C); 置信度:Low,PASSED,A,fallback
00788,中国铁塔,2022-07-29,STRUCTURAL_DECLINE,Improving,Consolidation,66.31153494830956,COST_DISADVANTAGE,Low,BEARISH_CONFIRMED,20.0,Divergence,risk_off,结构:STRUCTURAL_DECLINE(A/A-); 阶段:Improving(B); 触发:Consolidation(C); 置信度:Low,PASSED,A,fallback
00788,中国铁塔,2022-08-05,STRUCTURAL_DECLINE,Stable,Pullback,80.69337425562831,COST_DISADVANTAGE,Low,BEARISH_CONFIRMED,20.0,Aligned,neutral,结构:STRUCTURAL_DECLINE(A/A-); 阶段:Stable(B); 触发:Pullback(C); 置信度:Low,PASSED,A,fallback
00788,中国铁塔,2022-08-12,STRUCTURAL_DECLINE,Stable,Pullback,80.69337425562831,COST_DISADVANTAGE,Low,BEARISH_CONFIRMED,20.0,Aligned,risk_off,结构:STRUCTURAL_DECLINE(A/A-); 阶段:Stable(B); 触发:Pullback(C); 置信度:Low,PASSED,A,fallback
00788,中国铁塔,2022-08-19,STRUCTURAL_DECLINE,Stable,Consolidation,80.69337425562831,COST_DISADVANTAGE,High,BEARISH_CONFIRMED,20.0,Aligned,neutral,结构:STRUCTURAL_DECLINE(A/A-); 阶段:Stable(B); 触发:Consolidation(C); 置信度:High,PASSED,A,fallback
00788,中国铁塔,2022-08-26,STRUCTURAL_DECLINE,Stable,Pullback,80.69337425562831,COST_DISADVANTAGE,High,BEARISH_CONFIRMED,20.0,Aligned,risk_off,结构:STRUCTURAL_DECLINE(A/A-); 阶段:Stable(B); 触发:Pullback(C); 置信度:High,PASSED,A,fallback
00788,中国铁塔,2022-09-02,STRUCTURAL_DECLINE,Deteriorating,Pullback,87.09246977803822,COST_DISADVANTAGE,High,BEARISH_CONFIRMED,20.0,Aligned,risk_off,结构:STRUCTURAL_DECLINE(A/A-); 阶段:Deteriorating(B); 触发:Pullback(C); 置信度:High,PASSED,A,fallback
00788,中国铁塔,2022-09-09,STRUCTURAL_DECLINE,Deteriorating,Consolidation,87.09246977803822,COST_DISADVANTAGE,High,BEARISH_CONFIRMED,20.0,Aligned,risk_off,结构:STRUCTURAL_DECLINE(A/A-); 阶段:Deteriorating(B); 触发:Consolidation(C); 置信度:High,PASSED,A,fallback
00788,中国铁塔,2022-09-16,STRUCTURAL_DECLINE,Deteriorating,Consolidation,87.09246977803822,COST_DISADVANTAGE,High,BEARISH_CONFIRMED,20.0,Aligned,risk_off,结构:STRUCTURAL_DECLINE(A/A-); 阶段:Deteriorating(B); 触发:Consolidation(C); 置信度:High,PASSED,A,fallback
00788,中国铁塔,2022-09-23,STRUCTURAL_DECLINE,Deteriorating,Consolidation,87.09246977803822,COST_DISADVANTAGE,High,BEARISH_CONFIRMED,20.0,Aligned,risk_off,结构:STRUCTURAL_DECLINE(A/A-); 阶段:Deteriorating(B); 触发:Consolidation(C); 置信度:High,PASSED,A,fallback
00788,中国铁塔,2022-09-30,STRUCTURAL_DECLINE,Stable,Consolidation,75.36028458805083,COST_DISADVANTAGE,Medium,BEARISH_CONFIRMED,20.0,Aligned,risk_off,结构:STRUCTURAL_DECLINE(A/A-); 阶段:Stable(B); 触发:Consolidation(C); 置信度:Medium,PASSED,A,fallback
00788,中国铁塔,2022-10-07,STRUCTURAL_DECLINE,Stable,Consolidation,75.36028458805083,COST_DISADVANTAGE,Medium,BEARISH_CONFIRMED,20.0,Aligned,risk_off,结构:STRUCTURAL_DECLINE(A/A-); 阶段:Stable(B); 触发:Consolidation(C); 置信度:Medium,PASSED,A,fallback
00788,中国铁塔,2022-10-14,STRUCTURAL_DECLINE,Stable,Consolidation,75.36028458805083,COST_DISADVANTAGE,Medium,BEARISH_CONFIRMED,20.0,Aligned,risk_off,结构:STRUCTURAL_DECLINE(A/A-); 阶段:Stable(B); 触发:Consolidation(C); 置信度:Medium,PASSED,A,fallback
00788,中国铁塔,2022-10-21,STRUCTURAL_DECLINE,Stable,Breakdown,75.36028458805083,COST_DISADVANTAGE,Medium,BEARISH_CONFIRMED,20.0,Aligned,risk_off,结构:STRUCTURAL_DECLINE(A/A-); 阶段:Stable(B); 触发:Breakdown(C); 置信度:Medium,PASSED,A,fallback
00788,中国铁塔,2022-10-28,STRUCTURAL_DECLINE,Stable,Breakdown,75.36028458805083,COST_DISADVANTAGE,Medium,BEARISH_CONFIRMED,20.0,Aligned,risk_off,结构:STRUCTURAL_DECLINE(A/A-); 阶段:Stable(B); 触发:Breakdown(C); 置信度:Medium,PASSED,A,fallback
00788,中国铁塔,2022-11-04,STRUCTURAL_DECLINE,Stable,Consolidation,78.40588693623683,COST_DISADVANTAGE,High,BEARISH_CONFIRMED,20.0,Aligned,risk_off,结构:STRUCTURAL_DECLINE(A/A-); 阶段:Stable(B); 触发:Consolidation(C); 置信度:High,PASSED,A,fallback
00788,中国铁塔,2022-11-11,STRUCTURAL_DECLINE,Stable,Consolidation,78.40588693623683,COST_DISADVANTAGE,High,BEARISH_CONFIRMED,20.0,Aligned,risk_off,结构:STRUCTURAL_DECLINE(A/A-); 阶段:Stable(B); 触发:Consolidation(C); 置信度:High,PASSED,A,fallback
00788,中国铁塔,2022-11-18,STRUCTURAL_DECLINE,Stable,Consolidation,78.40588693623683,COST_DISADVANTAGE,High,BEARISH_CONFIRMED,20.0,Aligned,risk_off,结构:STRUCTURAL_DECLINE(A/A-); 阶段:Stable(B); 触发:Consolidation(C); 置信度:High,PASSED,A,fallback
00788,中国铁塔,2022-11-25,STRUCTURAL_DECLINE,Stable,Consolidation,78.40588693623683,COST_DISADVANTAGE,High,BEARISH_CONFIRMED,20.0,Aligned,risk_off,结构:STRUCTURAL_DECLINE(A/A-); 阶段:Stable(B); 触发:Consolidation(C); 置信度:High,PASSED,A,fallback
00788,中国铁塔,2022-12-02,STRUCTURAL_DECLINE,Improving,Consolidation,56.75564929876627,COST_DISADVANTAGE,Medium,BEARISH_CONFIRMED,20.0,Divergence,risk_off,结构:STRUCTURAL_DECLINE(A/A-); 阶段:Improving(B); 触发:Consolidation(C); 置信度:Medium,PASSED,A,fallback
00788,中国铁塔,2022-12-09,STRUCTURAL_DECLINE,Improving,Consolidation,56.75564929876627,COST_DISADVANTAGE,Medium,BEARISH_CONFIRMED,20.0,Divergence,risk_off,结构:STRUCTURAL_DECLINE(A/A-); 阶段:Improving(B); 触发:Consolidation(C); 置信度:Medium,PASSED,A,fallback
00788,中国铁塔,2022-12-16,STRUCTURAL_DECLINE,Improving,Consolidation,56.75564929876627,COST_DISADVANTAGE,Medium,BEARISH_CONFIRMED,20.0,Divergence,risk_off,结构:STRUCTURAL_DECLINE(A/A-); 阶段:Improving(B); 触发:Consolidation(C); 置信度:Medium,PASSED,A,fallback
00788,中国铁塔,2022-12-23,STRUCTURAL_DECLINE,Improving,Consolidation,56.75564929876627,COST_DISADVANTAGE,Medium,BEARISH_CONFIRMED,20.0,Divergence,risk_off,结构:STRUCTURAL_DECLINE(A/A-); 阶段:Improving(B); 触发:Consolidation(C); 置信度:Medium,PASSED,A,fallback
00788,中国铁塔,2022-12-30,STRUCTURAL_DECLINE,Improving,Consolidation,56.75564929876627,COST_DISADVANTAGE,Medium,BEARISH_CONFIRMED,20.0,Divergence,risk_off,结构:STRUCTURAL_DECLINE(A/A-); 阶段:Improving(B); 触发:Consolidation(C); 置信度:Medium,PASSED,A,fallback
00788,中国铁塔,2023-01-06,STRUCTURAL_DECLINE,Stable,Consolidation,38.71136932844654,COST_DISADVANTAGE,Medium,BEARISH_CONFIRMED,20.0,Aligned,risk_off,结构:STRUCTURAL_DECLINE(A/A-); 阶段:Stable(B); 触发:Consolidation(C); 置信度:Medium,PASSED,A,fallback
00788,中国铁塔,2023-01-13,STRUCTURAL_DECLINE,Stable,Consolidation,38.71136932844654,COST_DISADVANTAGE,Medium,BEARISH_CONFIRMED,20.0,Aligned,risk_on,结构:STRUCTURAL_DECLINE(A/A-); 阶段:Stable(B); 触发:Consolidation(C); 置信度:Medium,PASSED,A,fallback
00788,中国铁塔,2023-01-20,STRUCTURAL_DECLINE,Stable,Consolidation,38.71136932844654,COST_DISADVANTAGE,Medium,BEARISH_CONFIRMED,20.0,Aligned,risk_on,结构:STRUCTURAL_DECLINE(A/A-); 阶段:Stable(B); 触发:Consolidation(C); 置信度:Medium,PASSED,A,fallback
00788,中国铁塔,2023-01-27,STRUCTURAL_DECLINE,Stable,Consolidation,38.71136932844654,COST_DISADVANTAGE,Medium,BEARISH_CONFIRMED,20.0,Aligned,risk_on,结构:STRUCTURAL_DECLINE(A/A-); 阶段:Stable(B); 触发:Consolidation(C); 置信度:Medium,PASSED,A,fallback
00788,中国铁塔,2023-02-03,STRUCTURAL_DECLINE,Improving,Consolidation,45.70342295835091,COST_DISADVANTAGE,Medium,BEARISH_CONFIRMED,20.0,Divergence,risk_on,结构:STRUCTURAL_DECLINE(A/A-); 阶段:Improving(B); 触发:Consolidation(C); 置信度:Medium,PASSED,A,fallback
00788,中国铁塔,2023-02-10,STRUCTURAL_DECLINE,Improving,Consolidation,45.70342295835091,COST_DISADVANTAGE,Medium,BEARISH_CONFIRMED,20.0,Divergence,risk_on,结构:STRUCTURAL_DECLINE(A/A-); 阶段:Improving(B); 触发:Consolidation(C); 置信度:Medium,PASSED,A,fallback
00788,中国铁塔,2023-02-17,STRUCTURAL_DECLINE,Improving,Consolidation,45.70342295835091,COST_DISADVANTAGE,Medium,BEARISH_CONFIRMED,20.0,Divergence,risk_on,结构:STRUCTURAL_DECLINE(A/A-); 阶段:Improving(B); 触发:Consolidation(C); 置信度:Medium,PASSED,A,fallback
00788,中国铁塔,2023-02-24,STRUCTURAL_DECLINE,Improving,Consolidation,45.70342295835091,COST_DISADVANTAGE,Medium,BEARISH_CONFIRMED,20.0,Divergence,risk_off,结构:STRUCTURAL_DECLINE(A/A-); 阶段:Improving(B); 触发:Consolidation(C); 置信度:Medium,PASSED,A,fallback
00788,中国铁塔,2023-03-03,STRUCTURAL_DECLINE,Deteriorating,Consolidation,57.494134509311614,COST_DISADVANTAGE,Medium,BEARISH_CONFIRMED,20.0,Aligned,risk_off,结构:STRUCTURAL_DECLINE(A/A-); 阶段:Deteriorating(B); 触发:Consolidation(C); 置信度:Medium,PASSED,A,fallback
00788,中国铁塔,2023-03-10,STRUCTURAL_DECLINE,Deteriorating,Consolidation,57.494134509311614,COST_DISADVANTAGE,Medium,BEARISH_CONFIRMED,20.0,Aligned,risk_off,结构:STRUCTURAL_DECLINE(A/A-); 阶段:Deteriorating(B); 触发:Consolidation(C); 置信度:Medium,PASSED,A,fallback
00788,中国铁塔,2023-03-17,STRUCTURAL_DECLINE,Deteriorating,Consolidation,57.494134509311614,COST_DISADVANTAGE,Medium,BEARISH_CONFIRMED,20.0,Aligned,risk_off,结构:STRUCTURAL_DECLINE(A/A-); 阶段:Deteriorating(B); 触发:Consolidation(C); 置信度:Medium,PASSED,A,fallback
00788,中国铁塔,2023-03-24,STRUCTURAL_DECLINE,Deteriorating,Consolidation,57.494134509311614,COST_DISADVANTAGE,Medium,BEARISH_CONFIRMED,20.0,Aligned,risk_off,结构:STRUCTURAL_DECLINE(A/A-); 阶段:Deteriorating(B); 触发:Consolidation(C); 置信度:Medium,PASSED,A,fallback
00788,中国铁塔,2023-03-31,STRUCTURAL_DECLINE,Deteriorating,Consolidation,24.60642711657605,COST_DISADVANTAGE,Low,BEARISH_CONFIRMED,20.0,Aligned,risk_off,结构:STRUCTURAL_DECLINE(A/A-); 阶段:Deteriorating(B); 触发:Consolidation(C); 置信度:Low,PASSED,A,fallback
00788,中国铁塔,2023-04-07,STRUCTURAL_DECLINE,Deteriorating,Consolidation,24.60642711657605,COST_DISADVANTAGE,Low,BEARISH_CONFIRMED,20.0,Aligned,risk_off,结构:STRUCTURAL_DECLINE(A/A-); 阶段:Deteriorating(B); 触发:Consolidation(C); 置信度:Low,PASSED,A,fallback
00788,中国铁塔,2023-04-14,STRUCTURAL_DECLINE,Deteriorating,Consolidation,24.60642711657605,COST_DISADVANTAGE,Low,BEARISH_CONFIRMED,20.0,Aligned,risk_off,结构:STRUCTURAL_DECLINE(A/A-); 阶段:Deteriorating(B); 触发:Consolidation(C); 置信度:Low,PASSED,A,fallback
00788,中国铁塔,2023-04-21,STRUCTURAL_DECLINE,Deteriorating,Consolidation,24.60642711657605,COST_DISADVANTAGE,Low,BEARISH_CONFIRMED,20.0,Aligned,risk_off,结构:STRUCTURAL_DECLINE(A/A-); 阶段:Deteriorating(B); 触发:Consolidation(C); 置信度:Low,PASSED,A,fallback
00788,中国铁塔,2023-04-28,STRUCTURAL_DECLINE,Deteriorating,Consolidation,24.60642711657605,COST_DISADVANTAGE,Low,BEARISH_CONFIRMED,20.0,Aligned,risk_off,结构:STRUCTURAL_DECLINE(A/A-); 阶段:Deteriorating(B); 触发:Consolidation(C); 置信度:Low,PASSED,A,fallback
00788,中国铁塔,2023-05-05,STRUCTURAL_DECLINE,Improving,Consolidation,43.03058138135388,COST_DISADVANTAGE,Medium,BEARISH_CONFIRMED,20.0,Divergence,risk_off,结构:STRUCTURAL_DECLINE(A/A-); 阶段:Improving(B); 触发:Consolidation(C); 置信度:Medium,PASSED,A,fallback
00788,中国铁塔,2023-05-12,STRUCTURAL_DECLINE,Improving,Pullback,43.03058138135388,COST_DISADVANTAGE,Medium,BEARISH_CONFIRMED,20.0,Divergence,risk_off,结构:STRUCTURAL_DECLINE(A/A-); 阶段:Improving(B); 触发:Pullback(C); 置信度:Medium,PASSED,A,fallback
00788,中国铁塔,2023-05-19,STRUCTURAL_DECLINE,Improving,Pullback,43.03058138135388,COST_DISADVANTAGE,Medium,BEARISH_CONFIRMED,20.0,Divergence,risk_off,结构:STRUCTURAL_DECLINE(A/A-); 阶段:Improving(B); 触发:Pullback(C); 置信度:Medium,PASSED,A,fallback
00788,中国铁塔,2023-05-26,STRUCTURAL_DECLINE,Improving,Consolidation,43.03058138135388,COST_DISADVANTAGE,Medium,BEARISH_CONFIRMED,20.0,Divergence,risk_off,结构:STRUCTURAL_DECLINE(A/A-); 阶段:Improving(B); 触发:Consolidation(C); 置信度:Medium,PASSED,A,fallback
00788,中国铁塔,2023-06-02,STRUCTURAL_DECLINE,Deteriorating,Consolidation,41.26272485024983,COST_DISADVANTAGE,Medium,BEARISH_CONFIRMED,20.0,Aligned,risk_off,结构:STRUCTURAL_DECLINE(A/A-); 阶段:Deteriorating(B); 触发:Consolidation(C); 置信度:Medium,PASSED,A,fallback
00788,中国铁塔,2023-06-09,STRUCTURAL_DECLINE,Deteriorating,Pullback,41.26272485024983,COST_DISADVANTAGE,Medium,BEARISH_CONFIRMED,20.0,Aligned,neutral,结构:STRUCTURAL_DECLINE(A/A-); 阶段:Deteriorating(B); 触发:Pullback(C); 置信度:Medium,PASSED,A,fallback
00788,中国铁塔,2023-06-16,STRUCTURAL_DECLINE,Deteriorating,Pullback,41.26272485024983,COST_DISADVANTAGE,Medium,BEARISH_CONFIRMED,20.0,Aligned,risk_on,结构:STRUCTURAL_DECLINE(A/A-); 阶段:Deteriorating(B); 触发:Pullback(C); 置信度:Medium,PASSED,A,fallback
00788,中国铁塔,2023-06-23,STRUCTURAL_DECLINE,Deteriorating,Consolidation,41.26272485024983,COST_DISADVANTAGE,Medium,BEARISH_CONFIRMED,20.0,Aligned,risk_off,结构:STRUCTURAL_DECLINE(A/A-); 阶段:Deteriorating(B); 触发:Consolidation(C); 置信度:Medium,PASSED,A,fallback
00788,中国铁塔,2023-06-30,STRUCTURAL_DECLINE,Stable,Consolidation,52.66527489208574,COST_DISADVANTAGE,Medium,BEARISH_CONFIRMED,20.0,Aligned,risk_off,结构:STRUCTURAL_DECLINE(A/A-); 阶段:Stable(B); 触发:Consolidation(C); 置信度:Medium,PASSED,A,fallback
00788,中国铁塔,2023-07-07,STRUCTURAL_DECLINE,Stable,Consolidation,52.66527489208574,COST_DISADVANTAGE,Medium,BEARISH_CONFIRMED,20.0,Aligned,risk_off,结构:STRUCTURAL_DECLINE(A/A-); 阶段:Stable(B); 触发:Consolidation(C); 置信度:Medium,PASSED,A,fallback
00788,中国铁塔,2023-07-14,STRUCTURAL_DECLINE,Stable,Consolidation,52.66527489208574,COST_DISADVANTAGE,Medium,BEARISH_CONFIRMED,20.0,Aligned,risk_off,结构:STRUCTURAL_DECLINE(A/A-); 阶段:Stable(B); 触发:Consolidation(C); 置信度:Medium,PASSED,A,fallback
00788,中国铁塔,2023-07-21,STRUCTURAL_DECLINE,Stable,Consolidation,52.66527489208574,COST_DISADVANTAGE,Medium,BEARISH_CONFIRMED,20.0,Aligned,risk_off,结构:STRUCTURAL_DECLINE(A/A-); 阶段:Stable(B); 触发:Consolidation(C); 置信度:Medium,PASSED,A,fallback
00788,中国铁塔,2023-07-28,STRUCTURAL_DECLINE,Stable,Consolidation,52.66527489208574,COST_DISADVANTAGE,Medium,BEARISH_CONFIRMED,20.0,Aligned,risk_off,结构:STRUCTURAL_DECLINE(A/A-); 阶段:Stable(B); 触发:Consolidation(C); 置信度:Medium,PASSED,A,fallback
00788,中国铁塔,2023-08-04,STRUCTURAL_DECLINE,Stable,Consolidation,56.55532070350881,COST_DISADVANTAGE,Medium,BEARISH_CONFIRMED,20.0,Aligned,risk_off,结构:STRUCTURAL_DECLINE(A/A-); 阶段:Stable(B); 触发:Consolidation(C); 置信度:Medium,PASSED,A,fallback
00788,中国铁塔,2023-08-11,STRUCTURAL_DECLINE,Stable,Consolidation,56.55532070350881,COST_DISADVANTAGE,Medium,BEARISH_CONFIRMED,20.0,Aligned,risk_off,结构:STRUCTURAL_DECLINE(A/A-); 阶段:Stable(B); 触发:Consolidation(C); 置信度:Medium,PASSED,A,fallback
00788,中国铁塔,2023-08-18,STRUCTURAL_DECLINE,Stable,Breakdown,56.55532070350881,COST_DISADVANTAGE,Medium,BEARISH_CONFIRMED,20.0,Aligned,risk_off,结构:STRUCTURAL_DECLINE(A/A-); 阶段:Stable(B); 触发:Breakdown(C); 置信度:Medium,PASSED,A,fallback
00788,中国铁塔,2023-08-25,STRUCTURAL_DECLINE,Stable,Breakdown,56.55532070350881,COST_DISADVANTAGE,Medium,BEARISH_CONFIRMED,20.0,Aligned,risk_off,结构:STRUCTURAL_DECLINE(A/A-); 阶段:Stable(B); 触发:Breakdown(C); 置信度:Medium,PASSED,A,fallback
00788,中国铁塔,2023-09-01,STRUCTURAL_DECLINE,Stable,Breakdown,36.464555173058905,COST_DISADVANTAGE,Medium,BEARISH_CONFIRMED,20.0,Aligned,risk_off,结构:STRUCTURAL_DECLINE(A/A-); 阶段:Stable(B); 触发:Breakdown(C); 置信度:Medium,PASSED,A,fallback
00788,中国铁塔,2023-09-08,STRUCTURAL_DECLINE,Stable,Consolidation,36.464555173058905,COST_DISADVANTAGE,Medium,BEARISH_CONFIRMED,20.0,Aligned,risk_off,结构:STRUCTURAL_DECLINE(A/A-); 阶段:Stable(B); 触发:Consolidation(C); 置信度:Medium,PASSED,A,fallback
00788,中国铁塔,2023-09-15,STRUCTURAL_DECLINE,Stable,Consolidation,36.464555173058905,COST_DISADVANTAGE,Medium,BEARISH_CONFIRMED,20.0,Aligned,risk_off,结构:STRUCTURAL_DECLINE(A/A-); 阶段:Stable(B); 触发:Consolidation(C); 置信度:Medium,PASSED,A,fallback
00788,中国铁塔,2023-09-22,STRUCTURAL_DECLINE,Stable,Consolidation,36.464555173058905,COST_DISADVANTAGE,Medium,BEARISH_CONFIRMED,20.0,Aligned,risk_off,结构:STRUCTURAL_DECLINE(A/A-); 阶段:Stable(B); 触发:Consolidation(C); 置信度:Medium,PASSED,A,fallback
00788,中国铁塔,2023-09-29,STRUCTURAL_DECLINE,Stable,Consolidation,36.464555173058905,COST_DISADVANTAGE,Medium,BEARISH_CONFIRMED,20.0,Aligned,risk_off,结构:STRUCTURAL_DECLINE(A/A-); 阶段:Stable(B); 触发:Consolidation(C); 置信度:Medium,PASSED,A,fallback
00788,中国铁塔,2023-10-06,STRUCTURAL_DECLINE,Stable,Consolidation,54.21344490593143,COST_DISADVANTAGE,Medium,BEARISH_CONFIRMED,20.0,Aligned,risk_off,结构:STRUCTURAL_DECLINE(A/A-); 阶段:Stable(B); 触发:Consolidation(C); 置信度:Medium,PASSED,A,fallback
00788,中国铁塔,2023-10-13,STRUCTURAL_DECLINE,Stable,Consolidation,54.21344490593143,COST_DISADVANTAGE,Medium,BEARISH_CONFIRMED,20.0,Aligned,risk_off,结构:STRUCTURAL_DECLINE(A/A-); 阶段:Stable(B); 触发:Consolidation(C); 置信度:Medium,PASSED,A,fallback
00788,中国铁塔,2023-10-20,STRUCTURAL_DECLINE,Stable,Consolidation,54.21344490593143,COST_DISADVANTAGE,Medium,BEARISH_CONFIRMED,20.0,Aligned,risk_off,结构:STRUCTURAL_DECLINE(A/A-); 阶段:Stable(B); 触发:Consolidation(C); 置信度:Medium,PASSED,A,fallback
00788,中国铁塔,2023-10-27,STRUCTURAL_DECLINE,Stable,Consolidation,54.21344490593143,COST_DISADVANTAGE,Medium,BEARISH_CONFIRMED,20.0,Aligned,risk_off,结构:STRUCTURAL_DECLINE(A/A-); 阶段:Stable(B); 触发:Consolidation(C); 置信度:Medium,PASSED,A,fallback
00788,中国铁塔,2023-11-03,STRUCTURAL_DECLINE,Stable,Consolidation,50.98515987078284,COST_DISADVANTAGE,Medium,BEARISH_CONFIRMED,20.0,Aligned,risk_off,结构:STRUCTURAL_DECLINE(A/A-); 阶段:Stable(B); 触发:Consolidation(C); 置信度:Medium,PASSED,A,fallback
00788,中国铁塔,2023-11-10,STRUCTURAL_DECLINE,Stable,Consolidation,50.98515987078284,COST_DISADVANTAGE,Medium,BEARISH_CONFIRMED,20.0,Aligned,risk_off,结构:STRUCTURAL_DECLINE(A/A-); 阶段:Stable(B); 触发:Consolidation(C); 置信度:Medium,PASSED,A,fallback
00788,中国铁塔,2023-11-17,STRUCTURAL_DECLINE,Stable,Consolidation,50.98515987078284,COST_DISADVANTAGE,Medium,BEARISH_CONFIRMED,20.0,Aligned,neutral,结构:STRUCTURAL_DECLINE(A/A-); 阶段:Stable(B); 触发:Consolidation(C); 置信度:Medium,PASSED,A,fallback
00788,中国铁塔,2023-11-24,STRUCTURAL_DECLINE,Stable,Consolidation,50.98515987078284,COST_DISADVANTAGE,Medium,BEARISH_CONFIRMED,20.0,Aligned,risk_off,结构:STRUCTURAL_DECLINE(A/A-); 阶段:Stable(B); 触发:Consolidation(C); 置信度:Medium,PASSED,A,fallback
00788,中国铁塔,2023-12-01,STRUCTURAL_DECLINE,Improving,Consolidation,35.513481597125214,COST_DISADVANTAGE,Low,BEARISH_CONFIRMED,20.0,Divergence,risk_off,结构:STRUCTURAL_DECLINE(A/A-); 阶段:Improving(B); 触发:Consolidation(C); 置信度:Low,PASSED,A,fallback
00788,中国铁塔,2023-12-08,STRUCTURAL_DECLINE,Improving,Consolidation,35.513481597125214,COST_DISADVANTAGE,Low,BEARISH_CONFIRMED,20.0,Divergence,risk_off,结构:STRUCTURAL_DECLINE(A/A-); 阶段:Improving(B); 触发:Consolidation(C); 置信度:Low,PASSED,A,fallback
00788,中国铁塔,2023-12-15,STRUCTURAL_DECLINE,Improving,Consolidation,35.513481597125214,COST_DISADVANTAGE,Low,BEARISH_CONFIRMED,20.0,Divergence,risk_off,结构:STRUCTURAL_DECLINE(A/A-); 阶段:Improving(B); 触发:Consolidation(C); 置信度:Low,PASSED,A,fallback
00788,中国铁塔,2023-12-22,STRUCTURAL_DECLINE,Improving,Pullback,35.513481597125214,COST_DISADVANTAGE,Low,BEARISH_CONFIRMED,20.0,Divergence,risk_off,结构:STRUCTURAL_DECLINE(A/A-); 阶段:Improving(B); 触发:Pullback(C); 置信度:Low,PASSED,A,fallback
00788,中国铁塔,2023-12-29,STRUCTURAL_DECLINE,Improving,Consolidation,35.513481597125214,COST_DISADVANTAGE,Low,BEARISH_CONFIRMED,20.0,Divergence,neutral,结构:STRUCTURAL_DECLINE(A/A-); 阶段:Improving(B); 触发:Consolidation(C); 置信度:Low,PASSED,A,fallback
00788,中国铁塔,2024-01-05,STRUCTURAL_DECLINE,Stable,Consolidation,49.71865516175074,COST_DISADVANTAGE,Medium,BEARISH_CONFIRMED,20.0,Aligned,risk_off,结构:STRUCTURAL_DECLINE(A/A-); 阶段:Stable(B); 触发:Consolidation(C); 置信度:Medium,PASSED,A,fallback
00788,中国铁塔,2024-01-12,STRUCTURAL_DECLINE,Stable,Consolidation,49.71865516175074,COST_DISADVANTAGE,Medium,BEARISH_CONFIRMED,20.0,Aligned,risk_off,结构:STRUCTURAL_DECLINE(A/A-); 阶段:Stable(B); 触发:Consolidation(C); 置信度:Medium,PASSED,A,fallback
00788,中国铁塔,2024-01-19,STRUCTURAL_DECLINE,Stable,Consolidation,49.71865516175074,COST_DISADVANTAGE,Medium,BEARISH_CONFIRMED,20.0,Aligned,risk_off,结构:STRUCTURAL_DECLINE(A/A-); 阶段:Stable(B); 触发:Consolidation(C); 置信度:Medium,PASSED,A,fallback
00788,中国铁塔,2024-01-26,STRUCTURAL_DECLINE,Stable,Consolidation,49.71865516175074,COST_DISADVANTAGE,Medium,BEARISH_CONFIRMED,20.0,Aligned,risk_off,结构:STRUCTURAL_DECLINE(A/A-); 阶段:Stable(B); 触发:Consolidation(C); 置信度:Medium,PASSED,A,fallback
00788,中国铁塔,2024-02-02,STRUCTURAL_DECLINE,Deteriorating,Consolidation,28.76526751293481,COST_DISADVANTAGE,Low,BEARISH_CONFIRMED,20.0,Aligned,risk_off,结构:STRUCTURAL_DECLINE(A/A-); 阶段:Deteriorating(B); 触发:Consolidation(C); 置信度:Low,PASSED,A,fallback
00788,中国铁塔,2024-02-09,STRUCTURAL_DECLINE,Deteriorating,Consolidation,28.76526751293481,COST_DISADVANTAGE,Low,BEARISH_CONFIRMED,20.0,Aligned,risk_off,结构:STRUCTURAL_DECLINE(A/A-); 阶段:Deteriorating(B); 触发:Consolidation(C); 置信度:Low,PASSED,A,fallback
00788,中国铁塔,2024-02-16,STRUCTURAL_DECLINE,Deteriorating,Consolidation,28.76526751293481,COST_DISADVANTAGE,Low,BEARISH_CONFIRMED,20.0,Aligned,risk_off,结构:STRUCTURAL_DECLINE(A/A-); 阶段:Deteriorating(B); 触发:Consolidation(C); 置信度:Low,PASSED,A,fallback
00788,中国铁塔,2024-02-23,STRUCTURAL_DECLINE,Deteriorating,Consolidation,28.76526751293481,COST_DISADVANTAGE,Low,BEARISH_CONFIRMED,20.0,Aligned,risk_off,结构:STRUCTURAL_DECLINE(A/A-); 阶段:Deteriorating(B); 触发:Consolidation(C); 置信度:Low,PASSED,A,fallback
00788,中国铁塔,2024-03-01,STRUCTURAL_DECLINE,Deteriorating,Consolidation,24.649422991832576,COST_NEUTRAL,Low,BEARISH_CONFIRMED,20.0,Aligned,neutral,结构:STRUCTURAL_DECLINE(A/A-); 阶段:Deteriorating(B); 触发:Consolidation(C); 置信度:Low,PASSED,A,fallback
00788,中国铁塔,2024-03-08,STRUCTURAL_DECLINE,Deteriorating,Consolidation,24.649422991832576,COST_NEUTRAL,Low,BEARISH_CONFIRMED,20.0,Aligned,neutral,结构:STRUCTURAL_DECLINE(A/A-); 阶段:Deteriorating(B); 触发:Consolidation(C); 置信度:Low,PASSED,A,fallback
00788,中国铁塔,2024-03-15,STRUCTURAL_DECLINE,Deteriorating,Consolidation,24.649422991832576,COST_NEUTRAL,Low,BEARISH_CONFIRMED,20.0,Aligned,neutral,结构:STRUCTURAL_DECLINE(A/A-); 阶段:Deteriorating(B); 触发:Consolidation(C); 置信度:Low,PASSED,A,fallback
00788,中国铁塔,2024-03-22,STRUCTURAL_DECLINE,Deteriorating,Pullback,24.649422991832576,COST_NEUTRAL,Low,BEARISH_CONFIRMED,20.0,Aligned,neutral,结构:STRUCTURAL_DECLINE(A/A-); 阶段:Deteriorating(B); 触发:Pullback(C); 置信度:Low,PASSED,A,fallback
00788,中国铁塔,2024-03-29,STRUCTURAL_DECLINE,Deteriorating,Pullback,24.649422991832576,COST_NEUTRAL,Low,BEARISH_CONFIRMED,20.0,Aligned,neutral,结构:STRUCTURAL_DECLINE(A/A-); 阶段:Deteriorating(B); 触发:Pullback(C); 置信度:Low,PASSED,A,fallback
00788,中国铁塔,2024-04-05,STRUCTURAL_DECLINE,Deteriorating,Pullback,23.13911369276983,COST_DISADVANTAGE,Low,BEARISH_CONFIRMED,20.0,Aligned,neutral,结构:STRUCTURAL_DECLINE(A/A-); 阶段:Deteriorating(B); 触发:Pullback(C); 置信度:Low,PASSED,A,fallback
00788,中国铁塔,2024-04-12,STRUCTURAL_DECLINE,Deteriorating,Pullback,23.13911369276983,COST_DISADVANTAGE,Low,BEARISH_CONFIRMED,20.0,Aligned,risk_on,结构:STRUCTURAL_DECLINE(A/A-); 阶段:Deteriorating(B); 触发:Pullback(C); 置信度:Low,PASSED,A,fallback
00788,中国铁塔,2024-04-19,STRUCTURAL_DECLINE,Deteriorating,Consolidation,23.13911369276983,COST_DISADVANTAGE,Low,BEARISH_CONFIRMED,20.0,Aligned,risk_on,结构:STRUCTURAL_DECLINE(A/A-); 阶段:Deteriorating(B); 触发:Consolidation(C); 置信度:Low,PASSED,A,fallback
00788,中国铁塔,2024-04-26,STRUCTURAL_DECLINE,Deteriorating,Consolidation,23.13911369276983,COST_DISADVANTAGE,Low,BEARISH_CONFIRMED,20.0,Aligned,risk_on,结构:STRUCTURAL_DECLINE(A/A-); 阶段:Deteriorating(B); 触发:Consolidation(C); 置信度:Low,PASSED,A,fallback
00788,中国铁塔,2024-05-03,STRUCTURAL_DECLINE,Stable,Consolidation,30.616272017308173,COST_DISADVANTAGE,Low,BEARISH_CONFIRMED,20.0,Aligned,risk_on,结构:STRUCTURAL_DECLINE(A/A-); 阶段:Stable(B); 触发:Consolidation(C); 置信度:Low,PASSED,A,fallback
00788,中国铁塔,2024-05-10,STRUCTURAL_DECLINE,Stable,Consolidation,30.616272017308173,COST_DISADVANTAGE,Low,BEARISH_CONFIRMED,20.0,Aligned,risk_on,结构:STRUCTURAL_DECLINE(A/A-); 阶段:Stable(B); 触发:Consolidation(C); 置信度:Low,PASSED,A,fallback
00788,中国铁塔,2024-05-17,STRUCTURAL_DECLINE,Stable,Consolidation,30.616272017308173,COST_DISADVANTAGE,Low,BEARISH_CONFIRMED,20.0,Aligned,risk_on,结构:STRUCTURAL_DECLINE(A/A-); 阶段:Stable(B); 触发:Consolidation(C); 置信度:Low,PASSED,A,fallback
00788,中国铁塔,2024-05-24,STRUCTURAL_DECLINE,Stable,Consolidation,30.616272017308173,COST_DISADVANTAGE,Low,BEARISH_CONFIRMED,20.0,Aligned,risk_on,结构:STRUCTURAL_DECLINE(A/A-); 阶段:Stable(B); 触发:Consolidation(C); 置信度:Low,PASSED,A,fallback
00788,中国铁塔,2024-05-31,STRUCTURAL_DECLINE,Stable,Consolidation,31.02064838856511,COST_DISADVANTAGE,Low,BEARISH_CONFIRMED,20.0,Aligned,risk_on,结构:STRUCTURAL_DECLINE(A/A-); 阶段:Stable(B); 触发:Consolidation(C); 置信度:Low,PASSED,A,fallback
00788,中国铁塔,2024-06-07,STRUCTURAL_DECLINE,Stable,Consolidation,31.02064838856511,COST_DISADVANTAGE,Low,BEARISH_CONFIRMED,20.0,Aligned,risk_on,结构:STRUCTURAL_DECLINE(A/A-); 阶段:Stable(B); 触发:Consolidation(C); 置信度:Low,PASSED,A,fallback
00788,中国铁塔,2024-06-14,STRUCTURAL_DECLINE,Stable,Consolidation,31.02064838856511,COST_DISADVANTAGE,Low,BEARISH_CONFIRMED,20.0,Aligned,risk_on,结构:STRUCTURAL_DECLINE(A/A-); 阶段:Stable(B); 触发:Consolidation(C); 置信度:Low,PASSED,A,fallback
00788,中国铁塔,2024-06-21,STRUCTURAL_DECLINE,Stable,Consolidation,31.02064838856511,COST_DISADVANTAGE,Low,BEARISH_CONFIRMED,20.0,Aligned,risk_on,结构:STRUCTURAL_DECLINE(A/A-); 阶段:Stable(B); 触发:Consolidation(C); 置信度:Low,PASSED,A,fallback
00788,中国铁塔,2024-06-28,STRUCTURAL_DECLINE,Stable,Consolidation,31.02064838856511,COST_DISADVANTAGE,Low,BEARISH_CONFIRMED,20.0,Aligned,risk_on,结构:STRUCTURAL_DECLINE(A/A-); 阶段:Stable(B); 触发:Consolidation(C); 置信度:Low,PASSED,A,fallback
00788,中国铁塔,2024-07-05,STRUCTURAL_DECLINE,Stable,Consolidation,27.74059948119507,COST_DISADVANTAGE,Low,BEARISH_CONFIRMED,20.0,Aligned,risk_on,结构:STRUCTURAL_DECLINE(A/A-); 阶段:Stable(B); 触发:Consolidation(C); 置信度:Low,PASSED,A,fallback
00788,中国铁塔,2024-07-12,STRUCTURAL_DECLINE,Stable,Consolidation,27.74059948119507,COST_DISADVANTAGE,Low,BEARISH_CONFIRMED,20.0,Aligned,risk_on,结构:STRUCTURAL_DECLINE(A/A-); 阶段:Stable(B); 触发:Consolidation(C); 置信度:Low,PASSED,A,fallback
00788,中国铁塔,2024-07-19,STRUCTURAL_DECLINE,Stable,Pullback,27.74059948119507,COST_DISADVANTAGE,Low,BEARISH_CONFIRMED,20.0,Aligned,risk_on,结构:STRUCTURAL_DECLINE(A/A-); 阶段:Stable(B); 触发:Pullback(C); 置信度:Low,PASSED,A,fallback
00788,中国铁塔,2024-07-26,STRUCTURAL_DECLINE,Stable,Pullback,27.74059948119507,COST_DISADVANTAGE,Low,BEARISH_CONFIRMED,20.0,Aligned,risk_off,结构:STRUCTURAL_DECLINE(A/A-); 阶段:Stable(B); 触发:Pullback(C); 置信度:Low,PASSED,A,fallback
00788,中国铁塔,2024-08-02,STRUCTURAL_DECLINE,Stable,Pullback,37.34077600012469,COST_DISADVANTAGE,Low,BEARISH_CONFIRMED,20.0,Aligned,risk_off,结构:STRUCTURAL_DECLINE(A/A-); 阶段:Stable(B); 触发:Pullback(C); 置信度:Low,PASSED,A,fallback
00788,中国铁塔,2024-08-09,STRUCTURAL_DECLINE,Stable,Consolidation,37.34077600012469,COST_DISADVANTAGE,Low,BEARISH_CONFIRMED,20.0,Aligned,risk_off,结构:STRUCTURAL_DECLINE(A/A-); 阶段:Stable(B); 触发:Consolidation(C); 置信度:Low,PASSED,A,fallback
00788,中国铁塔,2024-08-16,STRUCTURAL_BULLISH,Stable,Consolidation,37.34077600012469,COST_DISADVANTAGE,Medium,BULLISH_STABLE,75.0,Aligned,risk_off,结构:STRUCTURAL_BULLISH(A/A-); 阶段:Stable(B); 触发:Consolidation(C); 置信度:Medium,PASSED,A,matrix
00788,中国铁塔,2024-08-23,STRUCTURAL_BULLISH,Stable,Consolidation,37.34077600012469,COST_DISADVANTAGE,Medium,BULLISH_STABLE,75.0,Aligned,risk_off,结构:STRUCTURAL_BULLISH(A/A-); 阶段:Stable(B); 触发:Consolidation(C); 置信度:Medium,PASSED,A,matrix
00788,中国铁塔,2024-08-30,STRUCTURAL_BULLISH,Stable,Pullback,37.34077600012469,COST_DISADVANTAGE,Medium,BULLISH_STABLE,75.0,Aligned,risk_off,结构:STRUCTURAL_BULLISH(A/A-); 阶段:Stable(B); 触发:Pullback(C); 置信度:Medium,PASSED,A,fallback
00788,中国铁塔,2024-09-06,STRUCTURAL_BULLISH,Stable,Consolidation,48.20265068633188,COST_DISADVANTAGE,Medium,BULLISH_STABLE,75.0,Aligned,risk_off,结构:STRUCTURAL_BULLISH(A/A-); 阶段:Stable(B); 触发:Consolidation(C); 置信度:Medium,PASSED,A,matrix
00788,中国铁塔,2024-09-13,STRUCTURAL_BULLISH,Stable,Consolidation,48.20265068633188,COST_DISADVANTAGE,Medium,BULLISH_STABLE,75.0,Aligned,risk_off,结构:STRUCTURAL_BULLISH(A/A-); 阶段:Stable(B); 触发:Consolidation(C); 置信度:Medium,PASSED,A,matrix
00788,中国铁塔,2024-09-20,STRUCTURAL_BULLISH,Stable,Consolidation,48.20265068633188,COST_DISADVANTAGE,Medium,BULLISH_STABLE,75.0,Aligned,neutral,结构:STRUCTURAL_BULLISH(A/A-); 阶段:Stable(B); 触发:Consolidation(C); 置信度:Medium,PASSED,A,matrix
00788,中国铁塔,2024-09-27,STRUCTURAL_BULLISH,Stable,Consolidation,48.20265068633188,COST_DISADVANTAGE,Medium,BULLISH_STABLE,75.0,Aligned,risk_off,结构:STRUCTURAL_BULLISH(A/A-); 阶段:Stable(B); 触发:Consolidation(C); 置信度:Medium,PASSED,A,matrix
00788,中国铁塔,2024-10-04,STRUCTURAL_BULLISH,Stable,Consolidation,39.26888121007848,COST_DISADVANTAGE,Medium,BULLISH_STABLE,75.0,Aligned,risk_off,结构:STRUCTURAL_BULLISH(A/A-); 阶段:Stable(B); 触发:Consolidation(C); 置信度:Medium,PASSED,A,matrix
00788,中国铁塔,2024-10-11,STRUCTURAL_BULLISH,Stable,Consolidation,39.26888121007848,COST_DISADVANTAGE,Medium,BULLISH_STABLE,75.0,Aligned,risk_off,结构:STRUCTURAL_BULLISH(A/A-); 阶段:Stable(B); 触发:Consolidation(C); 置信度:Medium,PASSED,A,matrix
00788,中国铁塔,2024-10-18,STRUCTURAL_BULLISH,Stable,Consolidation,39.26888121007848,COST_DISADVANTAGE,Medium,BULLISH_STABLE,75.0,Aligned,risk_off,结构:STRUCTURAL_BULLISH(A/A-); 阶段:Stable(B); 触发:Consolidation(C); 置信度:Medium,PASSED,A,matrix
00788,中国铁塔,2024-10-25,STRUCTURAL_BULLISH,Stable,Consolidation,39.26888121007848,COST_DISADVANTAGE,Medium,BULLISH_STABLE,75.0,Aligned,risk_off,结构:STRUCTURAL_BULLISH(A/A-); 阶段:Stable(B); 触发:Consolidation(C); 置信度:Medium,PASSED,A,matrix
00788,中国铁塔,2024-11-01,STRUCTURAL_BULLISH,Deteriorating,Pullback,26.632912779454077,COST_DISADVANTAGE,Medium,BULLISH_STABLE,75.0,Divergence,risk_off,结构:STRUCTURAL_BULLISH(A/A-); 阶段:Deteriorating(B); 触发:Pullback(C); 置信度:Medium,PASSED,A,fallback
00788,中国铁塔,2024-11-08,STRUCTURAL_BULLISH,Deteriorating,Pullback,26.632912779454077,COST_DISADVANTAGE,Medium,BULLISH_STABLE,75.0,Divergence,risk_off,结构:STRUCTURAL_BULLISH(A/A-); 阶段:Deteriorating(B); 触发:Pullback(C); 置信度:Medium,PASSED,A,fallback
00788,中国铁塔,2024-11-15,STRUCTURAL_BULLISH,Deteriorating,Pullback,26.632912779454077,COST_DISADVANTAGE,Low,BULLISH_STABLE,75.0,Divergence,risk_off,结构:STRUCTURAL_BULLISH(A/A-); 阶段:Deteriorating(B); 触发:Pullback(C); 置信度:Low,PASSED,A,fallback
00788,中国铁塔,2024-11-22,STRUCTURAL_BULLISH,Deteriorating,Pullback,26.632912779454077,COST_DISADVANTAGE,Low,BULLISH_STABLE,75.0,Divergence,risk_on,结构:STRUCTURAL_BULLISH(A/A-); 阶段:Deteriorating(B); 触发:Pullback(C); 置信度:Low,PASSED,A,fallback
00788,中国铁塔,2024-11-29,STRUCTURAL_BULLISH,Deteriorating,Pullback,26.632912779454077,COST_DISADVANTAGE,Low,BULLISH_STABLE,75.0,Divergence,risk_on,结构:STRUCTURAL_BULLISH(A/A-); 阶段:Deteriorating(B); 触发:Pullback(C); 置信度:Low,PASSED,A,fallback
00788,中国铁塔,2024-12-06,STRUCTURAL_BULLISH,Stable,Consolidation,41.60638987781217,COST_DISADVANTAGE,Low,BULLISH_STABLE,75.0,Aligned,risk_on,结构:STRUCTURAL_BULLISH(A/A-); 阶段:Stable(B); 触发:Consolidation(C); 置信度:Low,PASSED,A,matrix
00788,中国铁塔,2024-12-13,STRUCTURAL_BULLISH,Stable,Consolidation,41.60638987781217,COST_DISADVANTAGE,Low,BULLISH_STABLE,75.0,Aligned,risk_on,结构:STRUCTURAL_BULLISH(A/A-); 阶段:Stable(B); 触发:Consolidation(C); 置信度:Low,PASSED,A,matrix
00788,中国铁塔,2024-12-20,STRUCTURAL_BULLISH,Stable,Consolidation,41.60638987781217,COST_DISADVANTAGE,Low,BULLISH_STABLE,75.0,Aligned,risk_on,结构:STRUCTURAL_BULLISH(A/A-); 阶段:Stable(B); 触发:Consolidation(C); 置信度:Low,PASSED,A,matrix
00788,中国铁塔,2024-12-27,STRUCTURAL_BULLISH,Stable,Consolidation,41.60638987781217,COST_DISADVANTAGE,Low,BULLISH_STABLE,75.0,Aligned,risk_off,结构:STRUCTURAL_BULLISH(A/A-); 阶段:Stable(B); 触发:Consolidation(C); 置信度:Low,PASSED,A,matrix
00788,中国铁塔,2025-01-03,STRUCTURAL_BULLISH,Improving,Consolidation,57.90059870530279,COST_DISADVANTAGE,Medium,BULLISH_STABLE,75.0,Aligned,risk_off,结构:STRUCTURAL_BULLISH(A/A-); 阶段:Improving(B); 触发:Consolidation(C); 置信度:Medium,PASSED,A,matrix
00788,中国铁塔,2025-01-10,STRUCTURAL_BULLISH,Improving,Pullback,57.90059870530279,COST_DISADVANTAGE,Medium,BULLISH_STABLE,75.0,Aligned,risk_off,结构:STRUCTURAL_BULLISH(A/A-); 阶段:Improving(B); 触发:Pullback(C); 置信度:Medium,PASSED,A,fallback
00788,中国铁塔,2025-01-17,STRUCTURAL_BULLISH,Improving,Consolidation,57.90059870530279,COST_DISADVANTAGE,Medium,BULLISH_STABLE,75.0,Aligned,risk_off,结构:STRUCTURAL_BULLISH(A/A-); 阶段:Improving(B); 触发:Consolidation(C); 置信度:Medium,PASSED,A,matrix
00788,中国铁塔,2025-01-24,STRUCTURAL_BULLISH,Improving,Consolidation,57.90059870530279,COST_DISADVANTAGE,Medium,BULLISH_STABLE,75.0,Aligned,risk_off,结构:STRUCTURAL_BULLISH(A/A-); 阶段:Improving(B); 触发:Consolidation(C); 置信度:Medium,PASSED,A,matrix
00788,中国铁塔,2025-01-31,STRUCTURAL_BULLISH,Stable,Consolidation,57.27304368364823,COST_DISADVANTAGE,Medium,BULLISH_STABLE,75.0,Aligned,neutral,结构:STRUCTURAL_BULLISH(A/A-); 阶段:Stable(B); 触发:Consolidation(C); 置信度:Medium,PASSED,A,matrix
00788,中国铁塔,2025-02-07,STRUCTURAL_BULLISH,Stable,Consolidation,57.27304368364823,COST_DISADVANTAGE,Medium,BULLISH_STABLE,75.0,Aligned,risk_off,结构:STRUCTURAL_BULLISH(A/A-); 阶段:Stable(B); 触发:Consolidation(C); 置信度:Medium,PASSED,A,matrix
00788,中国铁塔,2025-02-14,STRUCTURAL_BULLISH,Stable,Consolidation,57.27304368364823,COST_DISADVANTAGE,Medium,BULLISH_STABLE,75.0,Aligned,risk_off,结构:STRUCTURAL_BULLISH(A/A-); 阶段:Stable(B); 触发:Consolidation(C); 置信度:Medium,PASSED,A,matrix
00788,中国铁塔,2025-02-21,STRUCTURAL_BULLISH,Stable,Consolidation,57.27304368364823,COST_DISADVANTAGE,Medium,BULLISH_STABLE,75.0,Aligned,risk_off,结构:STRUCTURAL_BULLISH(A/A-); 阶段:Stable(B); 触发:Consolidation(C); 置信度:Medium,PASSED,A,matrix
00788,中国铁塔,2025-02-28,STRUCTURAL_BULLISH,Stable,Pullback,36.66174042513674,COST_DISADVANTAGE,Medium,BULLISH_STABLE,75.0,Aligned,risk_off,结构:STRUCTURAL_BULLISH(A/A-); 阶段:Stable(B); 触发:Pullback(C); 置信度:Medium,PASSED,A,fallback
00788,中国铁塔,2025-03-07,STRUCTURAL_BULLISH,Stable,Consolidation,36.66174042513674,COST_DISADVANTAGE,Medium,BULLISH_STABLE,75.0,Aligned,risk_off,结构:STRUCTURAL_BULLISH(A/A-); 阶段:Stable(B); 触发:Consolidation(C); 置信度:Medium,PASSED,A,matrix
00788,中国铁塔,2025-03-14,STRUCTURAL_BULLISH,Stable,Consolidation,36.66174042513674,COST_DISADVANTAGE,Medium,BULLISH_STABLE,75.0,Aligned,risk_off,结构:STRUCTURAL_BULLISH(A/A-); 阶段:Stable(B); 触发:Consolidation(C); 置信度:Medium,PASSED,A,matrix
00788,中国铁塔,2025-03-21,STRUCTURAL_BULLISH,Stable,Consolidation,36.66174042513674,COST_DISADVANTAGE,Medium,BULLISH_STABLE,75.0,Aligned,risk_on,结构:STRUCTURAL_BULLISH(A/A-); 阶段:Stable(B); 触发:Consolidation(C); 置信度:Medium,PASSED,A,matrix
00788,中国铁塔,2025-03-28,STRUCTURAL_BULLISH,Stable,Consolidation,36.66174042513674,COST_DISADVANTAGE,Medium,BULLISH_STABLE,75.0,Aligned,risk_on,结构:STRUCTURAL_BULLISH(A/A-); 阶段:Stable(B); 触发:Consolidation(C); 置信度:Medium,PASSED,A,matrix
00788,中国铁塔,2025-04-04,STRUCTURAL_BULLISH,Stable,Consolidation,37.085580688116714,COST_DISADVANTAGE,Medium,BULLISH_STABLE,75.0,Aligned,risk_on,结构:STRUCTURAL_BULLISH(A/A-); 阶段:Stable(B); 触发:Consolidation(C); 置信度:Medium,PASSED,A,matrix
00788,中国铁塔,2025-04-11,STRUCTURAL_BULLISH,Stable,Consolidation,37.085580688116714,COST_DISADVANTAGE,Medium,BULLISH_STABLE,75.0,Aligned,risk_off,结构:STRUCTURAL_BULLISH(A/A-); 阶段:Stable(B); 触发:Consolidation(C); 置信度:Medium,PASSED,A,matrix
00788,中国铁塔,2025-04-18,STRUCTURAL_BULLISH,Stable,Consolidation,37.085580688116714,COST_DISADVANTAGE,Medium,BULLISH_STABLE,75.0,Aligned,risk_off,结构:STRUCTURAL_BULLISH(A/A-); 阶段:Stable(B); 触发:Consolidation(C); 置信度:Medium,PASSED,A,matrix
00788,中国铁塔,2025-04-25,STRUCTURAL_BULLISH,Stable,Consolidation,37.085580688116714,COST_DISADVANTAGE,Medium,BULLISH_STABLE,75.0,Aligned,risk_off,结构:STRUCTURAL_BULLISH(A/A-); 阶段:Stable(B); 触发:Consolidation(C); 置信度:Medium,PASSED,A,matrix
00788,中国铁塔,2025-05-02,STRUCTURAL_BULLISH,Improving,Consolidation,54.02317992097788,COST_DISADVANTAGE,Medium,BULLISH_STABLE,75.0,Aligned,risk_off,结构:STRUCTURAL_BULLISH(A/A-); 阶段:Improving(B); 触发:Consolidation(C); 置信度:Medium,PASSED,A,matrix
00788,中国铁塔,2025-05-09,STRUCTURAL_BULLISH,Improving,Consolidation,54.02317992097788,COST_DISADVANTAGE,Medium,BULLISH_STABLE,75.0,Aligned,risk_off,结构:STRUCTURAL_BULLISH(A/A-); 阶段:Improving(B); 触发:Consolidation(C); 置信度:Medium,PASSED,A,matrix
00788,中国铁塔,2025-05-16,STRUCTURAL_BULLISH,Improving,Consolidation,54.02317992097788,COST_DISADVANTAGE,Medium,BULLISH_STABLE,75.0,Aligned,risk_on,结构:STRUCTURAL_BULLISH(A/A-); 阶段:Improving(B); 触发:Consolidation(C); 置信度:Medium,PASSED,A,matrix
00788,中国铁塔,2025-05-23,STRUCTURAL_BULLISH,Improving,Consolidation,54.02317992097788,COST_DISADVANTAGE,Medium,BULLISH_STABLE,75.0,Aligned,neutral,结构:STRUCTURAL_BULLISH(A/A-); 阶段:Improving(B); 触发:Consolidation(C); 置信度:Medium,PASSED,A,matrix
00788,中国铁塔,2025-05-30,STRUCTURAL_BULLISH,Improving,Consolidation,54.02317992097788,COST_DISADVANTAGE,Medium,BULLISH_STABLE,75.0,Aligned,neutral,结构:STRUCTURAL_BULLISH(A/A-); 阶段:Improving(B); 触发:Consolidation(C); 置信度:Medium,PASSED,A,matrix
00788,中国铁塔,2025-06-06,STRUCTURAL_BULLISH,Improving,Consolidation,53.10645669984854,COST_DISADVANTAGE,Medium,BULLISH_STABLE,75.0,Aligned,neutral,结构:STRUCTURAL_BULLISH(A/A-); 阶段:Improving(B); 触发:Consolidation(C); 置信度:Medium,PASSED,A,matrix
00788,中国铁塔,2025-06-13,STRUCTURAL_BULLISH,Improving,Consolidation,53.10645669984854,COST_DISADVANTAGE,Medium,BULLISH_STABLE,75.0,Aligned,neutral,结构:STRUCTURAL_BULLISH(A/A-); 阶段:Improving(B); 触发:Consolidation(C); 置信度:Medium,PASSED,A,matrix
00788,中国铁塔,2025-06-20,STRUCTURAL_BULLISH,Improving,Pullback,53.10645669984854,COST_DISADVANTAGE,Medium,BULLISH_STABLE,75.0,Aligned,neutral,结构:STRUCTURAL_BULLISH(A/A-); 阶段:Improving(B); 触发:Pullback(C); 置信度:Medium,PASSED,A,fallback
00788,中国铁塔,2025-06-27,STRUCTURAL_BULLISH,Improving,Pullback,53.10645669984854,COST_DISADVANTAGE,Medium,BULLISH_STABLE,75.0,Aligned,risk_on,结构:STRUCTURAL_BULLISH(A/A-); 阶段:Improving(B); 触发:Pullback(C); 置信度:Medium,PASSED,A,fallback
00788,中国铁塔,2025-07-04,STRUCTURAL_BULLISH,Deteriorating,Consolidation,50.990215860066435,COST_DISADVANTAGE,Medium,BULLISH_STABLE,75.0,Divergence,risk_on,结构:STRUCTURAL_BULLISH(A/A-); 阶段:Deteriorating(B); 触发:Consolidation(C); 置信度:Medium,PASSED,A,fallback
00788,中国铁塔,2025-07-11,STRUCTURAL_BULLISH,Deteriorating,Consolidation,50.990215860066435,COST_DISADVANTAGE,Medium,BULLISH_STABLE,75.0,Divergence,risk_on,结构:STRUCTURAL_BULLISH(A/A-); 阶段:Deteriorating(B); 触发:Consolidation(C); 置信度:Medium,PASSED,A,fallback
00788,中国铁塔,2025-07-18,STRUCTURAL_BULLISH,Deteriorating,Consolidation,50.990215860066435,COST_DISADVANTAGE,Medium,BULLISH_STABLE,75.0,Divergence,risk_on,结构:STRUCTURAL_BULLISH(A/A-); 阶段:Deteriorating(B); 触发:Consolidation(C); 置信度:Medium,PASSED,A,fallback
00788,中国铁塔,2025-07-25,STRUCTURAL_BULLISH,Deteriorating,Consolidation,50.990215860066435,COST_DISADVANTAGE,Medium,BULLISH_STABLE,75.0,Divergence,risk_on,结构:STRUCTURAL_BULLISH(A/A-); 阶段:Deteriorating(B); 触发:Consolidation(C); 置信度:Medium,PASSED,A,fallback
00788,中国铁塔,2025-08-01,STRUCTURAL_BULLISH,Deteriorating,Consolidation,37.87109386862455,COST_DISADVANTAGE,Low,BULLISH_STABLE,75.0,Divergence,risk_on,结构:STRUCTURAL_BULLISH(A/A-); 阶段:Deteriorating(B); 触发:Consolidation(C); 置信度:Low,PASSED,A,fallback
00788,中国铁塔,2025-08-08,STRUCTURAL_BULLISH,Deteriorating,Consolidation,37.87109386862455,COST_DISADVANTAGE,Low,BULLISH_STABLE,75.0,Divergence,risk_on,结构:STRUCTURAL_BULLISH(A/A-); 阶段:Deteriorating(B); 触发:Consolidation(C); 置信度:Low,PASSED,A,fallback
00788,中国铁塔,2025-08-15,STRUCTURAL_DIVERGENCE,Deteriorating,Consolidation,37.87109386862455,COST_DISADVANTAGE,Medium,BULLISH_WARNING,55.0,Aligned,risk_on,结构:STRUCTURAL_DIVERGENCE(A/A-); 阶段:Deteriorating(B); 触发:Consolidation(C); 置信度:Medium,PASSED,A,fallback
00788,中国铁塔,2025-08-22,STRUCTURAL_DIVERGENCE,Deteriorating,Consolidation,37.87109386862455,COST_DISADVANTAGE,Medium,BULLISH_WARNING,55.0,Aligned,risk_on,结构:STRUCTURAL_DIVERGENCE(A/A-); 阶段:Deteriorating(B); 触发:Consolidation(C); 置信度:Medium,PASSED,A,fallback
00788,中国铁塔,2025-08-29,STRUCTURAL_DIVERGENCE,Deteriorating,Consolidation,37.87109386862455,COST_DISADVANTAGE,Medium,BULLISH_WARNING,55.0,Aligned,risk_on,结构:STRUCTURAL_DIVERGENCE(A/A-); 阶段:Deteriorating(B); 触发:Consolidation(C); 置信度:Medium,PASSED,A,fallback
00788,中国铁塔,2025-09-05,STRUCTURAL_DIVERGENCE,Improving,Consolidation,47.89452435202244,COST_NEUTRAL,Medium,BULLISH_WARNING,55.0,Aligned,risk_on,结构:STRUCTURAL_DIVERGENCE(A/A-); 阶段:Improving(B); 触发:Consolidation(C); 置信度:Medium,PASSED,A,fallback
00788,中国铁塔,2025-09-12,STRUCTURAL_DIVERGENCE,Improving,Consolidation,47.89452435202244,COST_NEUTRAL,Medium,BULLISH_WARNING,55.0,Aligned,risk_on,结构:STRUCTURAL_DIVERGENCE(A/A-); 阶段:Improving(B); 触发:Consolidation(C); 置信度:Medium,PASSED,A,fallback
00788,中国铁塔,2025-09-19,STRUCTURAL_DIVERGENCE,Improving,Consolidation,47.89452435202244,COST_NEUTRAL,Medium,BULLISH_WARNING,55.0,Aligned,risk_on,结构:STRUCTURAL_DIVERGENCE(A/A-); 阶段:Improving(B); 触发:Consolidation(C); 置信度:Medium,PASSED,A,fallback
00788,中国铁塔,2025-09-26,STRUCTURAL_DIVERGENCE,Improving,Consolidation,47.89452435202244,COST_NEUTRAL,Medium,BULLISH_WARNING,55.0,Aligned,risk_on,结构:STRUCTURAL_DIVERGENCE(A/A-); 阶段:Improving(B); 触发:Consolidation(C); 置信度:Medium,PASSED,A,fallback
00788,中国铁塔,2025-10-03,STRUCTURAL_DIVERGENCE,Stable,Consolidation,31.109692379602063,COST_DISADVANTAGE,Medium,BULLISH_WARNING,55.0,Aligned,risk_on,结构:STRUCTURAL_DIVERGENCE(A/A-); 阶段:Stable(B); 触发:Consolidation(C); 置信度:Medium,PASSED,A,fallback
00788,中国铁塔,2025-10-10,STRUCTURAL_DIVERGENCE,Stable,Consolidation,31.109692379602063,COST_DISADVANTAGE,Medium,BULLISH_WARNING,55.0,Aligned,risk_on,结构:STRUCTURAL_DIVERGENCE(A/A-); 阶段:Stable(B); 触发:Consolidation(C); 置信度:Medium,PASSED,A,fallback
00788,中国铁塔,2025-10-17,STRUCTURAL_DIVERGENCE,Stable,Consolidation,31.109692379602063,COST_DISADVANTAGE,Medium,BULLISH_WARNING,55.0,Aligned,risk_off,结构:STRUCTURAL_DIVERGENCE(A/A-); 阶段:Stable(B); 触发:Consolidation(C); 置信度:Medium,PASSED,A,fallback
00788,中国铁塔,2025-10-24,STRUCTURAL_DIVERGENCE,Stable,Pullback,31.109692379602063,COST_DISADVANTAGE,Medium,BULLISH_WARNING,55.0,Aligned,risk_off,结构:STRUCTURAL_DIVERGENCE(A/A-); 阶段:Stable(B); 触发:Pullback(C); 置信度:Medium,PASSED,A,fallback
00788,中国铁塔,2025-10-31,STRUCTURAL_DIVERGENCE,Deteriorating,Consolidation,67.67664546505587,COST_DISADVANTAGE,Medium,BULLISH_WARNING,55.0,Aligned,risk_on,结构:STRUCTURAL_DIVERGENCE(A/A-); 阶段:Deteriorating(B); 触发:Consolidation(C); 置信度:Medium,PASSED,A,fallback
00788,中国铁塔,2025-11-07,STRUCTURAL_DIVERGENCE,Deteriorating,Consolidation,67.67664546505587,COST_DISADVANTAGE,Medium,BULLISH_WARNING,55.0,Aligned,risk_on,结构:STRUCTURAL_DIVERGENCE(A/A-); 阶段:Deteriorating(B); 触发:Consolidation(C); 置信度:Medium,PASSED,A,fallback
00788,中国铁塔,2025-11-14,STRUCTURAL_DIVERGENCE,Deteriorating,Consolidation,67.67664546505587,COST_DISADVANTAGE,Medium,BULLISH_WARNING,55.0,Aligned,risk_on,结构:STRUCTURAL_DIVERGENCE(A/A-); 阶段:Deteriorating(B); 触发:Consolidation(C); 置信度:Medium,PASSED,A,fallback
00788,中国铁塔,2025-11-21,STRUCTURAL_DIVERGENCE,Deteriorating,Consolidation,67.67664546505587,COST_DISADVANTAGE,Medium,BULLISH_WARNING,55.0,Aligned,neutral,结构:STRUCTURAL_DIVERGENCE(A/A-); 阶段:Deteriorating(B); 触发:Consolidation(C); 置信度:Medium,PASSED,A,fallback
00788,中国铁塔,2025-11-28,STRUCTURAL_DIVERGENCE,Deteriorating,Consolidation,67.67664546505587,COST_DISADVANTAGE,Medium,BULLISH_WARNING,55.0,Aligned,neutral,结构:STRUCTURAL_DIVERGENCE(A/A-); 阶段:Deteriorating(B); 触发:Consolidation(C); 置信度:Medium,PASSED,A,fallback
00788,中国铁塔,2025-12-05,STRUCTURAL_DIVERGENCE,Improving,Consolidation,61.433875166364984,COST_NEUTRAL,Medium,BULLISH_WARNING,55.0,Aligned,neutral,结构:STRUCTURAL_DIVERGENCE(A/A-); 阶段:Improving(B); 触发:Consolidation(C); 置信度:Medium,PASSED,A,fallback
00788,中国铁塔,2025-12-12,STRUCTURAL_DIVERGENCE,Improving,Consolidation,61.433875166364984,COST_NEUTRAL,Medium,BULLISH_WARNING,55.0,Aligned,neutral,结构:STRUCTURAL_DIVERGENCE(A/A-); 阶段:Improving(B); 触发:Consolidation(C); 置信度:Medium,PASSED,A,fallback
00788,中国铁塔,2025-12-19,STRUCTURAL_DIVERGENCE,Improving,Pullback,61.433875166364984,COST_NEUTRAL,Medium,BULLISH_WARNING,55.0,Aligned,neutral,结构:STRUCTURAL_DIVERGENCE(A/A-); 阶段:Improving(B); 触发:Pullback(C); 置信度:Medium,PASSED,A,fallback
00788,中国铁塔,2025-12-26,STRUCTURAL_DIVERGENCE,Improving,Pullback,61.433875166364984,COST_NEUTRAL,Medium,BULLISH_WARNING,55.0,Aligned,neutral,结构:STRUCTURAL_DIVERGENCE(A/A-); 阶段:Improving(B); 触发:Pullback(C); 置信度:Medium,PASSED,A,fallback
00788,中国铁塔,2026-01-02,STRUCTURAL_DIVERGENCE,Deteriorating,Consolidation,60.383632109087195,COST_DISADVANTAGE,Medium,BULLISH_WARNING,55.0,Aligned,risk_off,结构:STRUCTURAL_DIVERGENCE(A/A-); 阶段:Deteriorating(B); 触发:Consolidation(C); 置信度:Medium,PASSED,A,fallback
00788,中国铁塔,2026-01-09,STRUCTURAL_DIVERGENCE,Deteriorating,Consolidation,60.383632109087195,COST_DISADVANTAGE,Medium,BULLISH_WARNING,55.0,Aligned,neutral,结构:STRUCTURAL_DIVERGENCE(A/A-); 阶段:Deteriorating(B); 触发:Consolidation(C); 置信度:Medium,PASSED,A,fallback
00788,中国铁塔,2026-01-16,STRUCTURAL_DIVERGENCE,Deteriorating,Consolidation,60.383632109087195,COST_DISADVANTAGE,Medium,BULLISH_WARNING,55.0,Aligned,risk_on,结构:STRUCTURAL_DIVERGENCE(A/A-); 阶段:Deteriorating(B); 触发:Consolidation(C); 置信度:Medium,PASSED,A,fallback
00788,中国铁塔,2026-01-23,STRUCTURAL_DIVERGENCE,Deteriorating,Consolidation,60.383632109087195,COST_DISADVANTAGE,Medium,BULLISH_WARNING,55.0,Aligned,neutral,结构:STRUCTURAL_DIVERGENCE(A/A-); 阶段:Deteriorating(B); 触发:Consolidation(C); 置信度:Medium,PASSED,A,fallback
00788,中国铁塔,2026-01-30,STRUCTURAL_DIVERGENCE,Deteriorating,Consolidation,60.383632109087195,COST_DISADVANTAGE,Medium,BULLISH_WARNING,55.0,Aligned,risk_on,结构:STRUCTURAL_DIVERGENCE(A/A-); 阶段:Deteriorating(B); 触发:Consolidation(C); 置信度:Medium,PASSED,A,fallback
00788,中国铁塔,2026-02-06,STRUCTURAL_DIVERGENCE,Deteriorating,Breakdown,63.0079950334143,COST_DISADVANTAGE,Medium,BULLISH_WARNING,55.0,Aligned,neutral,结构:STRUCTURAL_DIVERGENCE(A/A-); 阶段:Deteriorating(B); 触发:Breakdown(C); 置信度:Medium,PASSED,A,matrix
00788,中国铁塔,2026-02-13,STRUCTURAL_DIVERGENCE,Deteriorating,Consolidation,63.0079950334143,COST_DISADVANTAGE,Medium,BULLISH_WARNING,55.0,Aligned,risk_on,结构:STRUCTURAL_DIVERGENCE(A/A-); 阶段:Deteriorating(B); 触发:Consolidation(C); 置信度:Medium,PASSED,A,fallback
00788,中国铁塔,2026-02-20,STRUCTURAL_DIVERGENCE,Deteriorating,Consolidation,63.0079950334143,COST_DISADVANTAGE,Medium,BULLISH_WARNING,55.0,Aligned,risk_on,结构:STRUCTURAL_DIVERGENCE(A/A-); 阶段:Deteriorating(B); 触发:Consolidation(C); 置信度:Medium,PASSED,A,fallback
00788,中国铁塔,2026-02-27,STRUCTURAL_DIVERGENCE,Deteriorating,Consolidation,63.0079950334143,COST_DISADVANTAGE,Medium,BULLISH_WARNING,55.0,Aligned,risk_on,结构:STRUCTURAL_DIVERGENCE(A/A-); 阶段:Deteriorating(B); 触发:Consolidation(C); 置信度:Medium,PASSED,A,fallback
00788,中国铁塔,2026-03-06,STRUCTURAL_DIVERGENCE,Stable,Consolidation,68.15232442352826,COST_DISADVANTAGE,Medium,BULLISH_WARNING,55.0,Aligned,risk_off,结构:STRUCTURAL_DIVERGENCE(A/A-); 阶段:Stable(B); 触发:Consolidation(C); 置信度:Medium,PASSED,A,fallback
00788,中国铁塔,2026-03-13,STRUCTURAL_DIVERGENCE,Stable,Consolidation,68.15232442352826,COST_DISADVANTAGE,Medium,BULLISH_WARNING,55.0,Aligned,risk_off,结构:STRUCTURAL_DIVERGENCE(A/A-); 阶段:Stable(B); 触发:Consolidation(C); 置信度:Medium,PASSED,A,fallback
00788,中国铁塔,2026-03-20,STRUCTURAL_DIVERGENCE,Stable,Consolidation,68.15232442352826,COST_DISADVANTAGE,Medium,BULLISH_WARNING,55.0,Aligned,neutral,结构:STRUCTURAL_DIVERGENCE(A/A-); 阶段:Stable(B); 触发:Consolidation(C); 置信度:Medium,PASSED,A,fallback
00788,中国铁塔,2026-03-27,STRUCTURAL_DIVERGENCE,Stable,Breakdown,68.15232442352826,COST_DISADVANTAGE,Medium,BULLISH_WARNING,55.0,Aligned,risk_off,结构:STRUCTURAL_DIVERGENCE(A/A-); 阶段:Stable(B); 触发:Breakdown(C); 置信度:Medium,PASSED,A,fallback
00788,中国铁塔,2026-04-03,STRUCTURAL_DIVERGENCE,Deteriorating,Consolidation,58.24591454903478,COST_DISADVANTAGE,Medium,BULLISH_WARNING,55.0,Aligned,risk_off,结构:STRUCTURAL_DIVERGENCE(A/A-); 阶段:Deteriorating(B); 触发:Consolidation(C); 置信度:Medium,PASSED,A,fallback
00788,中国铁塔,2026-04-10,STRUCTURAL_DIVERGENCE,Deteriorating,Consolidation,58.24591454903478,COST_DISADVANTAGE,Medium,BULLISH_WARNING,55.0,Aligned,neutral,结构:STRUCTURAL_DIVERGENCE(A/A-); 阶段:Deteriorating(B); 触发:Consolidation(C); 置信度:Medium,PASSED,A,fallback
00788,中国铁塔,2026-04-17,STRUCTURAL_DIVERGENCE,Deteriorating,Consolidation,58.24591454903478,COST_DISADVANTAGE,Medium,BULLISH_WARNING,55.0,Aligned,risk_off,结构:STRUCTURAL_DIVERGENCE(A/A-); 阶段:Deteriorating(B); 触发:Consolidation(C); 置信度:Medium,PASSED,A,fallback
00788,中国铁塔,2026-04-24,STRUCTURAL_DIVERGENCE,Deteriorating,Consolidation,58.24591454903478,COST_DISADVANTAGE,Medium,BULLISH_WARNING,55.0,Aligned,risk_off,结构:STRUCTURAL_DIVERGENCE(A/A-); 阶段:Deteriorating(B); 触发:Consolidation(C); 置信度:Medium,PASSED,A,fallback
00788,中国铁塔,2026-05-01,STRUCTURAL_DIVERGENCE,Improving,Consolidation,73.58542038751314,COST_DISADVANTAGE,Medium,BULLISH_WARNING,55.0,Aligned,risk_off,结构:STRUCTURAL_DIVERGENCE(A/A-); 阶段:Improving(B); 触发:Consolidation(C); 置信度:Medium,PASSED,A,fallback
00788,中国铁塔,2026-05-08,STRUCTURAL_DIVERGENCE,Improving,Consolidation,73.58542038751314,COST_DISADVANTAGE,Medium,BULLISH_WARNING,55.0,Aligned,neutral,结构:STRUCTURAL_DIVERGENCE(A/A-); 阶段:Improving(B); 触发:Consolidation(C); 置信度:Medium,PASSED,A,fallback
00788,中国铁塔,2026-05-15,STRUCTURAL_DIVERGENCE,Improving,Consolidation,73.58542038751314,COST_DISADVANTAGE,Medium,BULLISH_WARNING,55.0,Aligned,risk_off,结构:STRUCTURAL_DIVERGENCE(A/A-); 阶段:Improving(B); 触发:Consolidation(C); 置信度:Medium,PASSED,A,fallback
00788,中国铁塔,2026-05-22,STRUCTURAL_DIVERGENCE,Improving,Consolidation,73.58542038751314,COST_DISADVANTAGE,Medium,BULLISH_WARNING,55.0,Aligned,risk_off,结构:STRUCTURAL_DIVERGENCE(A/A-); 阶段:Improving(B); 触发:Consolidation(C); 置信度:Medium,PASSED,A,fallback
00788,中国铁塔,2026-05-29,STRUCTURAL_DIVERGENCE,Improving,Breakdown,73.58542038751314,COST_DISADVANTAGE,Medium,BULLISH_WARNING,55.0,Aligned,risk_off,结构:STRUCTURAL_DIVERGENCE(A/A-); 阶段:Improving(B); 触发:Breakdown(C); 置信度:Medium,PASSED,A,fallback
00788,中国铁塔,2026-06-05,STRUCTURAL_DIVERGENCE,Deteriorating,Consolidation,56.57162565864118,COST_DISADVANTAGE,Medium,BULLISH_WARNING,55.0,Aligned,risk_off,结构:STRUCTURAL_DIVERGENCE(A/A-); 阶段:Deteriorating(B); 触发:Consolidation(C); 置信度:Medium,PASSED,A,fallback
00788,中国铁塔,2026-06-12,STRUCTURAL_DIVERGENCE,Deteriorating,Consolidation,56.57162565864118,COST_DISADVANTAGE,Medium,BULLISH_WARNING,55.0,Aligned,risk_off,结构:STRUCTURAL_DIVERGENCE(A/A-); 阶段:Deteriorating(B); 触发:Consolidation(C); 置信度:Medium,PASSED,A,fallback
00788,中国铁塔,2026-06-19,STRUCTURAL_DIVERGENCE,Deteriorating,Breakdown,56.57162565864118,COST_DISADVANTAGE,Medium,BULLISH_WARNING,55.0,Aligned,risk_off,结构:STRUCTURAL_DIVERGENCE(A/A-); 阶段:Deteriorating(B); 触发:Breakdown(C); 置信度:Medium,PASSED,A,matrix
00788,中国铁塔,2026-06-26,STRUCTURAL_DIVERGENCE,Deteriorating,Breakdown,56.57162565864118,COST_DISADVANTAGE,Medium,BULLISH_WARNING,55.0,Aligned,risk_off,结构:STRUCTURAL_DIVERGENCE(A/A-); 阶段:Deteriorating(B); 触发:Breakdown(C); 置信度:Medium,PASSED,A,matrix
00788,中国铁塔,2026-07-03,STRUCTURAL_DIVERGENCE,Deteriorating,Consolidation,52.72845137067528,COST_DISADVANTAGE,Medium,BULLISH_WARNING,55.0,Aligned,risk_off,结构:STRUCTURAL_DIVERGENCE(A/A-); 阶段:Deteriorating(B); 触发:Consolidation(C); 置信度:Medium,PASSED,A,fallback
00788,中国铁塔,2026-07-10,STRUCTURAL_DIVERGENCE,Deteriorating,Consolidation,52.72845137067528,COST_DISADVANTAGE,Medium,BULLISH_WARNING,55.0,Aligned,risk_off,结构:STRUCTURAL_DIVERGENCE(A/A-); 阶段:Deteriorating(B); 触发:Consolidation(C); 置信度:Medium,PASSED,A,fallback
00788,中国铁塔,2026-07-17,STRUCTURAL_DIVERGENCE,Deteriorating,Consolidation,52.72845137067528,COST_DISADVANTAGE,Medium,BULLISH_WARNING,55.0,Aligned,risk_off,结构:STRUCTURAL_DIVERGENCE(A/A-); 阶段:Deteriorating(B); 触发:Consolidation(C); 置信度:Medium,PASSED,A,fallback
00788,中国铁塔,2026-07-24,STRUCTURAL_DIVERGENCE,Deteriorating,Consolidation,52.72845137067528,COST_DISADVANTAGE,Medium,BULLISH_WARNING,55.0,Aligned,risk_off,结构:STRUCTURAL_DIVERGENCE(A/A-); 阶段:Deteriorating(B); 触发:Consolidation(C); 置信度:Medium,PASSED,A,fallback
00788,中国铁塔,2026-07-31,STRUCTURAL_DIVERGENCE,Improving,Consolidation,69.28125462550412,COST_NEUTRAL,Medium,BULLISH_WARNING,55.0,Aligned,neutral,结构:STRUCTURAL_DIVERGENCE(A/A-); 阶段:Improving(B); 触发:Consolidation(C); 置信度:Medium,PASSED,A,fallback
00788,中国铁塔,2026-08-07,STRUCTURAL_DIVERGENCE,Improving,Consolidation,69.28125462550412,COST_NEUTRAL,Medium,BULLISH_WARNING,55.0,Aligned,risk_off,结构:STRUCTURAL_DIVERGENCE(A/A-); 阶段:Improving(B); 触发:Consolidation(C); 置信度:Medium,PASSED,A,fallback
00788,中国铁塔,2026-08-14,STRUCTURAL_DIVERGENCE,Improving,Consolidation,69.28125462550412,COST_NEUTRAL,Medium,BULLISH_WARNING,55.0,Aligned,risk_off,结构:STRUCTURAL_DIVERGENCE(A/A-); 阶段:Improving(B); 触发:Consolidation(C); 置信度:Medium,PASSED,A,fallback
00788,中国铁塔,2026-08-21,STRUCTURAL_DIVERGENCE,Improving,Consolidation,69.28125462550412,COST_NEUTRAL,Medium,BULLISH_WARNING,55.0,Aligned,neutral,结构:STRUCTURAL_DIVERGENCE(A/A-); 阶段:Improving(B); 触发:Consolidation(C); 置信度:Medium,PASSED,A,fallback
