stock_code,stock_name,decision_date,structural_regime,monthly_behavior_state,tactical_signal,cbi_score,cost_position,chip_stability_confidence,mtf_regime,qcfp_score,structure_behavior_alignment,market_context,evidence_summary,ai_check,data_quality,align_method
00371,北控水务,2010-01-08,STATE_UNDETERMINED,,Consolidation,,,Low,DATA_INSUFFICIENT,,Unknown,neutral,结构:STATE_UNDETERMINED(A/A-); 阶段:nan(B); 触发:Consolidation(C); 置信度:Low,PASSED,,data_insufficient
00371,北控水务,2010-01-15,STATE_UNDETERMINED,,Consolidation,,,Low,DATA_INSUFFICIENT,,Unknown,neutral,结构:STATE_UNDETERMINED(A/A-); 阶段:nan(B); 触发:Consolidation(C); 置信度:Low,PASSED,,data_insufficient
00371,北控水务,2010-01-22,STATE_UNDETERMINED,,Consolidation,,,Low,DATA_INSUFFICIENT,,Unknown,neutral,结构:STATE_UNDETERMINED(A/A-); 阶段:nan(B); 触发:Consolidation(C); 置信度:Low,PASSED,,data_insufficient
00371,北控水务,2010-01-29,STATE_UNDETERMINED,,Consolidation,,,Low,DATA_INSUFFICIENT,,Unknown,neutral,结构:STATE_UNDETERMINED(A/A-); 阶段:nan(B); 触发:Consolidation(C); 置信度:Low,PASSED,,data_insufficient
00371,北控水务,2010-02-05,STATE_UNDETERMINED,,Consolidation,,,Low,DATA_INSUFFICIENT,,Unknown,neutral,结构:STATE_UNDETERMINED(A/A-); 阶段:None(B); 触发:Consolidation(C); 置信度:Low,PASSED,C,data_insufficient
00371,北控水务,2010-02-12,STATE_UNDETERMINED,,Consolidation,,,Low,DATA_INSUFFICIENT,,Unknown,neutral,结构:STATE_UNDETERMINED(A/A-); 阶段:None(B); 触发:Consolidation(C); 置信度:Low,PASSED,C,data_insufficient
00371,北控水务,2010-02-19,STATE_UNDETERMINED,,Consolidation,,,Low,DATA_INSUFFICIENT,,Unknown,neutral,结构:STATE_UNDETERMINED(A/A-); 阶段:None(B); 触发:Consolidation(C); 置信度:Low,PASSED,C,data_insufficient
00371,北控水务,2010-02-26,STATE_UNDETERMINED,,Consolidation,,,Low,DATA_INSUFFICIENT,,Unknown,neutral,结构:STATE_UNDETERMINED(A/A-); 阶段:None(B); 触发:Consolidation(C); 置信度:Low,PASSED,C,data_insufficient
00371,北控水务,2010-03-05,STATE_UNDETERMINED,,Consolidation,,,Low,DATA_INSUFFICIENT,,Unknown,neutral,结构:STATE_UNDETERMINED(A/A-); 阶段:None(B); 触发:Consolidation(C); 置信度:Low,PASSED,C,data_insufficient
00371,北控水务,2010-03-12,STATE_UNDETERMINED,,Consolidation,,,Low,DATA_INSUFFICIENT,,Unknown,neutral,结构:STATE_UNDETERMINED(A/A-); 阶段:None(B); 触发:Consolidation(C); 置信度:Low,PASSED,C,data_insufficient
00371,北控水务,2010-03-19,STATE_UNDETERMINED,,Consolidation,,,Low,DATA_INSUFFICIENT,,Unknown,neutral,结构:STATE_UNDETERMINED(A/A-); 阶段:None(B); 触发:Consolidation(C); 置信度:Low,PASSED,C,data_insufficient
00371,北控水务,2010-03-26,STATE_UNDETERMINED,,Consolidation,,,Low,DATA_INSUFFICIENT,,Unknown,neutral,结构:STATE_UNDETERMINED(A/A-); 阶段:None(B); 触发:Consolidation(C); 置信度:Low,PASSED,C,data_insufficient
00371,北控水务,2010-04-02,STATE_UNDETERMINED,Improving,Consolidation,,COST_DISADVANTAGE,Low,DATA_INSUFFICIENT,,Unknown,neutral,结构:STATE_UNDETERMINED(A/A-); 阶段:Improving(B); 触发:Consolidation(C); 置信度:Low,PASSED,C,data_insufficient
00371,北控水务,2010-04-09,STATE_UNDETERMINED,Improving,Consolidation,,COST_DISADVANTAGE,Low,DATA_INSUFFICIENT,,Unknown,neutral,结构:STATE_UNDETERMINED(A/A-); 阶段:Improving(B); 触发:Consolidation(C); 置信度:Low,PASSED,C,data_insufficient
00371,北控水务,2010-04-16,STATE_UNDETERMINED,Improving,Pullback,,COST_DISADVANTAGE,Low,DATA_INSUFFICIENT,,Unknown,neutral,结构:STATE_UNDETERMINED(A/A-); 阶段:Improving(B); 触发:Pullback(C); 置信度:Low,PASSED,C,data_insufficient
00371,北控水务,2010-04-23,STATE_UNDETERMINED,Improving,Consolidation,,COST_DISADVANTAGE,Low,DATA_INSUFFICIENT,,Unknown,neutral,结构:STATE_UNDETERMINED(A/A-); 阶段:Improving(B); 触发:Consolidation(C); 置信度:Low,PASSED,C,data_insufficient
00371,北控水务,2010-04-30,STATE_UNDETERMINED,Improving,Consolidation,,COST_DISADVANTAGE,Low,DATA_INSUFFICIENT,,Unknown,neutral,结构:STATE_UNDETERMINED(A/A-); 阶段:Improving(B); 触发:Consolidation(C); 置信度:Low,PASSED,C,data_insufficient
00371,北控水务,2010-05-07,STATE_UNDETERMINED,Improving,Consolidation,,COST_DISADVANTAGE,Low,DATA_INSUFFICIENT,,Unknown,neutral,结构:STATE_UNDETERMINED(A/A-); 阶段:Improving(B); 触发:Consolidation(C); 置信度:Low,PASSED,C,data_insufficient
00371,北控水务,2010-05-14,STATE_UNDETERMINED,Improving,Pullback,,COST_DISADVANTAGE,Low,DATA_INSUFFICIENT,,Unknown,neutral,结构:STATE_UNDETERMINED(A/A-); 阶段:Improving(B); 触发:Pullback(C); 置信度:Low,PASSED,C,data_insufficient
00371,北控水务,2010-05-21,STATE_UNDETERMINED,Improving,Consolidation,,COST_DISADVANTAGE,Low,DATA_INSUFFICIENT,,Unknown,neutral,结构:STATE_UNDETERMINED(A/A-); 阶段:Improving(B); 触发:Consolidation(C); 置信度:Low,PASSED,C,data_insufficient
00371,北控水务,2010-05-28,STATE_UNDETERMINED,Improving,Consolidation,,COST_DISADVANTAGE,Low,DATA_INSUFFICIENT,,Unknown,neutral,结构:STATE_UNDETERMINED(A/A-); 阶段:Improving(B); 触发:Consolidation(C); 置信度:Low,PASSED,C,data_insufficient
00371,北控水务,2010-06-04,STATE_UNDETERMINED,Stable,Consolidation,,COST_DISADVANTAGE,Low,DATA_INSUFFICIENT,,Unknown,neutral,结构:STATE_UNDETERMINED(A/A-); 阶段:Stable(B); 触发:Consolidation(C); 置信度:Low,PASSED,C,data_insufficient
00371,北控水务,2010-06-11,STATE_UNDETERMINED,Stable,Consolidation,,COST_DISADVANTAGE,Low,DATA_INSUFFICIENT,,Unknown,neutral,结构:STATE_UNDETERMINED(A/A-); 阶段:Stable(B); 触发:Consolidation(C); 置信度:Low,PASSED,C,data_insufficient
00371,北控水务,2010-06-18,STATE_UNDETERMINED,Stable,Consolidation,,COST_DISADVANTAGE,Low,DATA_INSUFFICIENT,,Unknown,neutral,结构:STATE_UNDETERMINED(A/A-); 阶段:Stable(B); 触发:Consolidation(C); 置信度:Low,PASSED,C,data_insufficient
00371,北控水务,2010-06-25,STATE_UNDETERMINED,Stable,Consolidation,,COST_DISADVANTAGE,Low,DATA_INSUFFICIENT,,Unknown,neutral,结构:STATE_UNDETERMINED(A/A-); 阶段:Stable(B); 触发:Consolidation(C); 置信度:Low,PASSED,C,data_insufficient
00371,北控水务,2010-07-02,STATE_UNDETERMINED,Stable,Consolidation,50.0,COST_DISADVANTAGE,Low,DATA_INSUFFICIENT,,Unknown,neutral,结构:STATE_UNDETERMINED(A/A-); 阶段:Stable(B); 触发:Consolidation(C); 置信度:Low,PASSED,C,data_insufficient
00371,北控水务,2010-07-09,STATE_UNDETERMINED,Stable,Consolidation,50.0,COST_DISADVANTAGE,Low,DATA_INSUFFICIENT,,Unknown,neutral,结构:STATE_UNDETERMINED(A/A-); 阶段:Stable(B); 触发:Consolidation(C); 置信度:Low,PASSED,C,data_insufficient
00371,北控水务,2010-07-16,STATE_UNDETERMINED,Stable,Consolidation,50.0,COST_DISADVANTAGE,Low,DATA_INSUFFICIENT,,Unknown,neutral,结构:STATE_UNDETERMINED(A/A-); 阶段:Stable(B); 触发:Consolidation(C); 置信度:Low,PASSED,C,data_insufficient
00371,北控水务,2010-07-23,STATE_UNDETERMINED,Stable,Consolidation,50.0,COST_DISADVANTAGE,Low,DATA_INSUFFICIENT,,Unknown,neutral,结构:STATE_UNDETERMINED(A/A-); 阶段:Stable(B); 触发:Consolidation(C); 置信度:Low,PASSED,C,data_insufficient
00371,北控水务,2010-07-30,STATE_UNDETERMINED,Stable,Consolidation,50.0,COST_DISADVANTAGE,Low,DATA_INSUFFICIENT,,Unknown,neutral,结构:STATE_UNDETERMINED(A/A-); 阶段:Stable(B); 触发:Consolidation(C); 置信度:Low,PASSED,C,data_insufficient
00371,北控水务,2010-08-06,STATE_UNDETERMINED,Improving,Consolidation,50.0,COST_DISADVANTAGE,Low,DATA_INSUFFICIENT,,Unknown,neutral,结构:STATE_UNDETERMINED(A/A-); 阶段:Improving(B); 触发:Consolidation(C); 置信度:Low,PASSED,C,data_insufficient
00371,北控水务,2010-08-13,STATE_UNDETERMINED,Improving,Consolidation,50.0,COST_DISADVANTAGE,Low,DATA_INSUFFICIENT,,Unknown,neutral,结构:STATE_UNDETERMINED(A/A-); 阶段:Improving(B); 触发:Consolidation(C); 置信度:Low,PASSED,C,data_insufficient
00371,北控水务,2010-08-20,STATE_UNDETERMINED,Improving,Consolidation,50.0,COST_DISADVANTAGE,Medium,DATA_INSUFFICIENT,,Unknown,neutral,结构:STATE_UNDETERMINED(A/A-); 阶段:Improving(B); 触发:Consolidation(C); 置信度:Medium,PASSED,C,data_insufficient
00371,北控水务,2010-08-27,STATE_UNDETERMINED,Improving,Consolidation,50.0,COST_DISADVANTAGE,Medium,DATA_INSUFFICIENT,,Unknown,neutral,结构:STATE_UNDETERMINED(A/A-); 阶段:Improving(B); 触发:Consolidation(C); 置信度:Medium,PASSED,C,data_insufficient
00371,北控水务,2010-09-03,STATE_UNDETERMINED,Deteriorating,Consolidation,50.0,COST_DISADVANTAGE,Medium,DATA_INSUFFICIENT,,Unknown,neutral,结构:STATE_UNDETERMINED(A/A-); 阶段:Deteriorating(B); 触发:Consolidation(C); 置信度:Medium,PASSED,C,data_insufficient
00371,北控水务,2010-09-10,STATE_UNDETERMINED,Deteriorating,Consolidation,50.0,COST_DISADVANTAGE,Medium,DATA_INSUFFICIENT,,Unknown,neutral,结构:STATE_UNDETERMINED(A/A-); 阶段:Deteriorating(B); 触发:Consolidation(C); 置信度:Medium,PASSED,C,data_insufficient
00371,北控水务,2010-09-17,STATE_UNDETERMINED,Deteriorating,Consolidation,50.0,COST_DISADVANTAGE,Medium,DATA_INSUFFICIENT,,Unknown,neutral,结构:STATE_UNDETERMINED(A/A-); 阶段:Deteriorating(B); 触发:Consolidation(C); 置信度:Medium,PASSED,C,data_insufficient
00371,北控水务,2010-09-24,STATE_UNDETERMINED,Deteriorating,Consolidation,50.0,COST_DISADVANTAGE,Medium,DATA_INSUFFICIENT,,Unknown,neutral,结构:STATE_UNDETERMINED(A/A-); 阶段:Deteriorating(B); 触发:Consolidation(C); 置信度:Medium,PASSED,C,data_insufficient
00371,北控水务,2010-10-01,STATE_UNDETERMINED,Stable,Consolidation,50.0,COST_DISADVANTAGE,Medium,DATA_INSUFFICIENT,,Unknown,neutral,结构:STATE_UNDETERMINED(A/A-); 阶段:Stable(B); 触发:Consolidation(C); 置信度:Medium,PASSED,C,data_insufficient
00371,北控水务,2010-10-08,STATE_UNDETERMINED,Stable,Consolidation,50.0,COST_DISADVANTAGE,Medium,DATA_INSUFFICIENT,,Unknown,neutral,结构:STATE_UNDETERMINED(A/A-); 阶段:Stable(B); 触发:Consolidation(C); 置信度:Medium,PASSED,C,data_insufficient
00371,北控水务,2010-10-15,STATE_UNDETERMINED,Stable,Consolidation,50.0,COST_DISADVANTAGE,Medium,DATA_INSUFFICIENT,,Unknown,neutral,结构:STATE_UNDETERMINED(A/A-); 阶段:Stable(B); 触发:Consolidation(C); 置信度:Medium,PASSED,C,data_insufficient
00371,北控水务,2010-10-22,STATE_UNDETERMINED,Stable,Consolidation,50.0,COST_DISADVANTAGE,Medium,DATA_INSUFFICIENT,,Unknown,neutral,结构:STATE_UNDETERMINED(A/A-); 阶段:Stable(B); 触发:Consolidation(C); 置信度:Medium,PASSED,C,data_insufficient
00371,北控水务,2010-10-29,STATE_UNDETERMINED,Stable,Consolidation,50.0,COST_DISADVANTAGE,Medium,DATA_INSUFFICIENT,,Unknown,neutral,结构:STATE_UNDETERMINED(A/A-); 阶段:Stable(B); 触发:Consolidation(C); 置信度:Medium,PASSED,C,data_insufficient
00371,北控水务,2010-11-05,STATE_UNDETERMINED,Stable,Pullback,50.0,COST_DISADVANTAGE,Medium,DATA_INSUFFICIENT,,Unknown,neutral,结构:STATE_UNDETERMINED(A/A-); 阶段:Stable(B); 触发:Pullback(C); 置信度:Medium,PASSED,C,data_insufficient
00371,北控水务,2010-11-12,STATE_UNDETERMINED,Stable,Consolidation,50.0,COST_DISADVANTAGE,Medium,DATA_INSUFFICIENT,,Unknown,neutral,结构:STATE_UNDETERMINED(A/A-); 阶段:Stable(B); 触发:Consolidation(C); 置信度:Medium,PASSED,C,data_insufficient
00371,北控水务,2010-11-19,STRUCTURAL_DIVERGENCE,Stable,Pullback,50.0,COST_DISADVANTAGE,Low,BULLISH_WARNING,55.0,Aligned,neutral,结构:STRUCTURAL_DIVERGENCE(A/A-); 阶段:Stable(B); 触发:Pullback(C); 置信度:Low,PASSED,C,fallback
00371,北控水务,2010-11-26,STRUCTURAL_DIVERGENCE,Stable,Pullback,50.0,COST_DISADVANTAGE,Low,BULLISH_WARNING,55.0,Aligned,neutral,结构:STRUCTURAL_DIVERGENCE(A/A-); 阶段:Stable(B); 触发:Pullback(C); 置信度:Low,PASSED,C,fallback
00371,北控水务,2010-12-03,STRUCTURAL_DIVERGENCE,Stable,Consolidation,50.0,COST_DISADVANTAGE,Low,BULLISH_WARNING,55.0,Aligned,neutral,结构:STRUCTURAL_DIVERGENCE(A/A-); 阶段:Stable(B); 触发:Consolidation(C); 置信度:Low,PASSED,C,fallback
00371,北控水务,2010-12-10,STRUCTURAL_DIVERGENCE,Stable,Consolidation,50.0,COST_DISADVANTAGE,Low,BULLISH_WARNING,55.0,Aligned,neutral,结构:STRUCTURAL_DIVERGENCE(A/A-); 阶段:Stable(B); 触发:Consolidation(C); 置信度:Low,PASSED,C,fallback
00371,北控水务,2010-12-17,STRUCTURAL_DIVERGENCE,Stable,Consolidation,50.0,COST_DISADVANTAGE,Low,BULLISH_WARNING,55.0,Aligned,neutral,结构:STRUCTURAL_DIVERGENCE(A/A-); 阶段:Stable(B); 触发:Consolidation(C); 置信度:Low,PASSED,C,fallback
00371,北控水务,2010-12-24,STRUCTURAL_DIVERGENCE,Stable,Consolidation,50.0,COST_DISADVANTAGE,Low,BULLISH_WARNING,55.0,Aligned,neutral,结构:STRUCTURAL_DIVERGENCE(A/A-); 阶段:Stable(B); 触发:Consolidation(C); 置信度:Low,PASSED,C,fallback
00371,北控水务,2010-12-31,STRUCTURAL_DIVERGENCE,Deteriorating,Consolidation,50.0,COST_DISADVANTAGE,Low,BULLISH_WARNING,55.0,Aligned,neutral,结构:STRUCTURAL_DIVERGENCE(A/A-); 阶段:Deteriorating(B); 触发:Consolidation(C); 置信度:Low,PASSED,C,fallback
00371,北控水务,2011-01-07,STRUCTURAL_DIVERGENCE,Deteriorating,Consolidation,50.0,COST_DISADVANTAGE,Low,BULLISH_WARNING,55.0,Aligned,neutral,结构:STRUCTURAL_DIVERGENCE(A/A-); 阶段:Deteriorating(B); 触发:Consolidation(C); 置信度:Low,PASSED,C,fallback
00371,北控水务,2011-01-14,STRUCTURAL_DIVERGENCE,Deteriorating,Consolidation,50.0,COST_DISADVANTAGE,Low,BULLISH_WARNING,55.0,Aligned,neutral,结构:STRUCTURAL_DIVERGENCE(A/A-); 阶段:Deteriorating(B); 触发:Consolidation(C); 置信度:Low,PASSED,C,fallback
00371,北控水务,2011-01-21,STRUCTURAL_DIVERGENCE,Deteriorating,Consolidation,50.0,COST_DISADVANTAGE,Low,BULLISH_WARNING,55.0,Aligned,neutral,结构:STRUCTURAL_DIVERGENCE(A/A-); 阶段:Deteriorating(B); 触发:Consolidation(C); 置信度:Low,PASSED,C,fallback
00371,北控水务,2011-01-28,STRUCTURAL_DIVERGENCE,Deteriorating,Pullback,50.0,COST_DISADVANTAGE,Low,BULLISH_WARNING,55.0,Aligned,neutral,结构:STRUCTURAL_DIVERGENCE(A/A-); 阶段:Deteriorating(B); 触发:Pullback(C); 置信度:Low,PASSED,C,fallback
00371,北控水务,2011-02-04,STRUCTURAL_DIVERGENCE,Stable,Consolidation,50.0,COST_DISADVANTAGE,Low,BULLISH_WARNING,55.0,Aligned,neutral,结构:STRUCTURAL_DIVERGENCE(A/A-); 阶段:Stable(B); 触发:Consolidation(C); 置信度:Low,PASSED,C,fallback
00371,北控水务,2011-02-11,STRUCTURAL_DIVERGENCE,Stable,Consolidation,50.0,COST_DISADVANTAGE,Low,BULLISH_WARNING,55.0,Aligned,neutral,结构:STRUCTURAL_DIVERGENCE(A/A-); 阶段:Stable(B); 触发:Consolidation(C); 置信度:Low,PASSED,C,fallback
00371,北控水务,2011-02-18,STRUCTURAL_DIVERGENCE,Stable,Consolidation,50.0,COST_DISADVANTAGE,Low,BULLISH_WARNING,55.0,Aligned,neutral,结构:STRUCTURAL_DIVERGENCE(A/A-); 阶段:Stable(B); 触发:Consolidation(C); 置信度:Low,PASSED,C,fallback
00371,北控水务,2011-02-25,STRUCTURAL_DIVERGENCE,Stable,Consolidation,50.0,COST_DISADVANTAGE,Low,BULLISH_WARNING,55.0,Aligned,neutral,结构:STRUCTURAL_DIVERGENCE(A/A-); 阶段:Stable(B); 触发:Consolidation(C); 置信度:Low,PASSED,C,fallback
00371,北控水务,2011-03-04,STRUCTURAL_DIVERGENCE,Improving,Consolidation,50.0,COST_DISADVANTAGE,Low,BULLISH_WARNING,55.0,Aligned,neutral,结构:STRUCTURAL_DIVERGENCE(A/A-); 阶段:Improving(B); 触发:Consolidation(C); 置信度:Low,PASSED,C,fallback
00371,北控水务,2011-03-11,STRUCTURAL_DIVERGENCE,Improving,Consolidation,50.0,COST_DISADVANTAGE,Low,BULLISH_WARNING,55.0,Aligned,neutral,结构:STRUCTURAL_DIVERGENCE(A/A-); 阶段:Improving(B); 触发:Consolidation(C); 置信度:Low,PASSED,C,fallback
00371,北控水务,2011-03-18,STRUCTURAL_DIVERGENCE,Improving,Consolidation,50.0,COST_DISADVANTAGE,Low,BULLISH_WARNING,55.0,Aligned,neutral,结构:STRUCTURAL_DIVERGENCE(A/A-); 阶段:Improving(B); 触发:Consolidation(C); 置信度:Low,PASSED,C,fallback
00371,北控水务,2011-03-25,STRUCTURAL_DIVERGENCE,Improving,Consolidation,50.0,COST_DISADVANTAGE,Low,BULLISH_WARNING,55.0,Aligned,neutral,结构:STRUCTURAL_DIVERGENCE(A/A-); 阶段:Improving(B); 触发:Consolidation(C); 置信度:Low,PASSED,C,fallback
00371,北控水务,2011-04-01,STRUCTURAL_DIVERGENCE,Deteriorating,Consolidation,50.0,COST_DISADVANTAGE,Low,BULLISH_WARNING,55.0,Aligned,neutral,结构:STRUCTURAL_DIVERGENCE(A/A-); 阶段:Deteriorating(B); 触发:Consolidation(C); 置信度:Low,PASSED,C,fallback
00371,北控水务,2011-04-08,STRUCTURAL_DIVERGENCE,Deteriorating,Consolidation,50.0,COST_DISADVANTAGE,Low,BULLISH_WARNING,55.0,Aligned,neutral,结构:STRUCTURAL_DIVERGENCE(A/A-); 阶段:Deteriorating(B); 触发:Consolidation(C); 置信度:Low,PASSED,C,fallback
00371,北控水务,2011-04-15,STRUCTURAL_DIVERGENCE,Deteriorating,Consolidation,50.0,COST_DISADVANTAGE,Low,BULLISH_WARNING,55.0,Aligned,neutral,结构:STRUCTURAL_DIVERGENCE(A/A-); 阶段:Deteriorating(B); 触发:Consolidation(C); 置信度:Low,PASSED,C,fallback
00371,北控水务,2011-04-22,STRUCTURAL_DIVERGENCE,Deteriorating,Consolidation,50.0,COST_DISADVANTAGE,Low,BULLISH_WARNING,55.0,Aligned,neutral,结构:STRUCTURAL_DIVERGENCE(A/A-); 阶段:Deteriorating(B); 触发:Consolidation(C); 置信度:Low,PASSED,C,fallback
00371,北控水务,2011-04-29,STRUCTURAL_DIVERGENCE,Deteriorating,Consolidation,50.0,COST_DISADVANTAGE,Low,BULLISH_WARNING,55.0,Aligned,neutral,结构:STRUCTURAL_DIVERGENCE(A/A-); 阶段:Deteriorating(B); 触发:Consolidation(C); 置信度:Low,PASSED,C,fallback
00371,北控水务,2011-05-06,STRUCTURAL_DIVERGENCE,Stable,Consolidation,50.0,COST_DISADVANTAGE,Low,BULLISH_WARNING,55.0,Aligned,neutral,结构:STRUCTURAL_DIVERGENCE(A/A-); 阶段:Stable(B); 触发:Consolidation(C); 置信度:Low,PASSED,C,fallback
00371,北控水务,2011-05-13,STRUCTURAL_DIVERGENCE,Stable,Consolidation,50.0,COST_DISADVANTAGE,Low,BULLISH_WARNING,55.0,Aligned,neutral,结构:STRUCTURAL_DIVERGENCE(A/A-); 阶段:Stable(B); 触发:Consolidation(C); 置信度:Low,PASSED,C,fallback
00371,北控水务,2011-05-20,STRUCTURAL_DIVERGENCE,Stable,Consolidation,50.0,COST_DISADVANTAGE,Low,BULLISH_WARNING,55.0,Aligned,neutral,结构:STRUCTURAL_DIVERGENCE(A/A-); 阶段:Stable(B); 触发:Consolidation(C); 置信度:Low,PASSED,C,fallback
00371,北控水务,2011-05-27,STRUCTURAL_DIVERGENCE,Stable,Consolidation,50.0,COST_DISADVANTAGE,Low,BULLISH_WARNING,55.0,Aligned,neutral,结构:STRUCTURAL_DIVERGENCE(A/A-); 阶段:Stable(B); 触发:Consolidation(C); 置信度:Low,PASSED,C,fallback
00371,北控水务,2011-06-03,STRUCTURAL_DIVERGENCE,Deteriorating,Consolidation,50.0,COST_DISADVANTAGE,Low,BULLISH_WARNING,55.0,Aligned,neutral,结构:STRUCTURAL_DIVERGENCE(A/A-); 阶段:Deteriorating(B); 触发:Consolidation(C); 置信度:Low,PASSED,C,fallback
00371,北控水务,2011-06-10,STRUCTURAL_DIVERGENCE,Deteriorating,Consolidation,50.0,COST_DISADVANTAGE,Low,BULLISH_WARNING,55.0,Aligned,neutral,结构:STRUCTURAL_DIVERGENCE(A/A-); 阶段:Deteriorating(B); 触发:Consolidation(C); 置信度:Low,PASSED,C,fallback
00371,北控水务,2011-06-17,STRUCTURAL_DIVERGENCE,Deteriorating,Breakdown,50.0,COST_DISADVANTAGE,Low,BULLISH_WARNING,55.0,Aligned,neutral,结构:STRUCTURAL_DIVERGENCE(A/A-); 阶段:Deteriorating(B); 触发:Breakdown(C); 置信度:Low,PASSED,C,matrix
00371,北控水务,2011-06-24,STRUCTURAL_DIVERGENCE,Deteriorating,Consolidation,50.0,COST_DISADVANTAGE,Low,BULLISH_WARNING,55.0,Aligned,neutral,结构:STRUCTURAL_DIVERGENCE(A/A-); 阶段:Deteriorating(B); 触发:Consolidation(C); 置信度:Low,PASSED,C,fallback
00371,北控水务,2011-07-01,STRUCTURAL_DIVERGENCE,Deteriorating,Consolidation,50.0,COST_DISADVANTAGE,Low,BULLISH_WARNING,55.0,Aligned,neutral,结构:STRUCTURAL_DIVERGENCE(A/A-); 阶段:Deteriorating(B); 触发:Consolidation(C); 置信度:Low,PASSED,C,fallback
00371,北控水务,2011-07-08,STRUCTURAL_DIVERGENCE,Deteriorating,Consolidation,50.0,COST_DISADVANTAGE,Low,BULLISH_WARNING,55.0,Aligned,neutral,结构:STRUCTURAL_DIVERGENCE(A/A-); 阶段:Deteriorating(B); 触发:Consolidation(C); 置信度:Low,PASSED,C,fallback
00371,北控水务,2011-07-15,STRUCTURAL_DIVERGENCE,Deteriorating,Consolidation,50.0,COST_DISADVANTAGE,Low,BULLISH_WARNING,55.0,Aligned,neutral,结构:STRUCTURAL_DIVERGENCE(A/A-); 阶段:Deteriorating(B); 触发:Consolidation(C); 置信度:Low,PASSED,C,fallback
00371,北控水务,2011-07-22,STRUCTURAL_DIVERGENCE,Deteriorating,Consolidation,50.0,COST_DISADVANTAGE,Low,BULLISH_WARNING,55.0,Aligned,neutral,结构:STRUCTURAL_DIVERGENCE(A/A-); 阶段:Deteriorating(B); 触发:Consolidation(C); 置信度:Low,PASSED,C,fallback
00371,北控水务,2011-07-29,STRUCTURAL_DIVERGENCE,Deteriorating,Consolidation,50.0,COST_DISADVANTAGE,Low,BULLISH_WARNING,55.0,Aligned,neutral,结构:STRUCTURAL_DIVERGENCE(A/A-); 阶段:Deteriorating(B); 触发:Consolidation(C); 置信度:Low,PASSED,C,fallback
00371,北控水务,2011-08-05,STRUCTURAL_DIVERGENCE,Deteriorating,Consolidation,50.0,COST_DISADVANTAGE,Low,BULLISH_WARNING,55.0,Aligned,neutral,结构:STRUCTURAL_DIVERGENCE(A/A-); 阶段:Deteriorating(B); 触发:Consolidation(C); 置信度:Low,PASSED,C,fallback
00371,北控水务,2011-08-12,STRUCTURAL_DIVERGENCE,Deteriorating,Consolidation,50.0,COST_DISADVANTAGE,Low,BULLISH_WARNING,55.0,Aligned,neutral,结构:STRUCTURAL_DIVERGENCE(A/A-); 阶段:Deteriorating(B); 触发:Consolidation(C); 置信度:Low,PASSED,C,fallback
00371,北控水务,2011-08-19,STRUCTURAL_DIVERGENCE,Deteriorating,Consolidation,50.0,COST_DISADVANTAGE,Low,BULLISH_WARNING,55.0,Aligned,neutral,结构:STRUCTURAL_DIVERGENCE(A/A-); 阶段:Deteriorating(B); 触发:Consolidation(C); 置信度:Low,PASSED,C,fallback
00371,北控水务,2011-08-26,STRUCTURAL_DIVERGENCE,Deteriorating,Consolidation,50.0,COST_DISADVANTAGE,Low,BULLISH_WARNING,55.0,Aligned,neutral,结构:STRUCTURAL_DIVERGENCE(A/A-); 阶段:Deteriorating(B); 触发:Consolidation(C); 置信度:Low,PASSED,C,fallback
00371,北控水务,2011-09-02,STRUCTURAL_DIVERGENCE,Deteriorating,Consolidation,50.0,COST_DISADVANTAGE,Low,BULLISH_WARNING,55.0,Aligned,neutral,结构:STRUCTURAL_DIVERGENCE(A/A-); 阶段:Deteriorating(B); 触发:Consolidation(C); 置信度:Low,PASSED,C,fallback
00371,北控水务,2011-09-09,STRUCTURAL_DIVERGENCE,Deteriorating,Consolidation,50.0,COST_DISADVANTAGE,Low,BULLISH_WARNING,55.0,Aligned,neutral,结构:STRUCTURAL_DIVERGENCE(A/A-); 阶段:Deteriorating(B); 触发:Consolidation(C); 置信度:Low,PASSED,C,fallback
00371,北控水务,2011-09-16,STRUCTURAL_DIVERGENCE,Deteriorating,Consolidation,50.0,COST_DISADVANTAGE,Low,BULLISH_WARNING,55.0,Aligned,neutral,结构:STRUCTURAL_DIVERGENCE(A/A-); 阶段:Deteriorating(B); 触发:Consolidation(C); 置信度:Low,PASSED,C,fallback
00371,北控水务,2011-09-23,STRUCTURAL_DIVERGENCE,Deteriorating,Breakdown,50.0,COST_DISADVANTAGE,Low,BULLISH_WARNING,55.0,Aligned,neutral,结构:STRUCTURAL_DIVERGENCE(A/A-); 阶段:Deteriorating(B); 触发:Breakdown(C); 置信度:Low,PASSED,C,matrix
00371,北控水务,2011-09-30,STRUCTURAL_DIVERGENCE,Deteriorating,Consolidation,50.0,COST_DISADVANTAGE,Low,BULLISH_WARNING,55.0,Aligned,neutral,结构:STRUCTURAL_DIVERGENCE(A/A-); 阶段:Deteriorating(B); 触发:Consolidation(C); 置信度:Low,PASSED,C,fallback
00371,北控水务,2011-10-07,STRUCTURAL_DIVERGENCE,Deteriorating,Consolidation,50.0,COST_DISADVANTAGE,Low,BULLISH_WARNING,55.0,Aligned,neutral,结构:STRUCTURAL_DIVERGENCE(A/A-); 阶段:Deteriorating(B); 触发:Consolidation(C); 置信度:Low,PASSED,C,fallback
00371,北控水务,2011-10-14,STRUCTURAL_DIVERGENCE,Deteriorating,Consolidation,50.0,COST_DISADVANTAGE,Low,BULLISH_WARNING,55.0,Aligned,neutral,结构:STRUCTURAL_DIVERGENCE(A/A-); 阶段:Deteriorating(B); 触发:Consolidation(C); 置信度:Low,PASSED,C,fallback
00371,北控水务,2011-10-21,STRUCTURAL_DIVERGENCE,Deteriorating,Consolidation,50.0,COST_DISADVANTAGE,Low,BULLISH_WARNING,55.0,Aligned,neutral,结构:STRUCTURAL_DIVERGENCE(A/A-); 阶段:Deteriorating(B); 触发:Consolidation(C); 置信度:Low,PASSED,C,fallback
00371,北控水务,2011-10-28,STRUCTURAL_DIVERGENCE,Deteriorating,Consolidation,50.0,COST_DISADVANTAGE,Low,BULLISH_WARNING,55.0,Aligned,neutral,结构:STRUCTURAL_DIVERGENCE(A/A-); 阶段:Deteriorating(B); 触发:Consolidation(C); 置信度:Low,PASSED,C,fallback
00371,北控水务,2011-11-04,STRUCTURAL_DIVERGENCE,Deteriorating,Consolidation,50.0,COST_DISADVANTAGE,Low,BULLISH_WARNING,55.0,Aligned,neutral,结构:STRUCTURAL_DIVERGENCE(A/A-); 阶段:Deteriorating(B); 触发:Consolidation(C); 置信度:Low,PASSED,C,fallback
00371,北控水务,2011-11-11,STRUCTURAL_DIVERGENCE,Deteriorating,Consolidation,50.0,COST_DISADVANTAGE,Low,BULLISH_WARNING,55.0,Aligned,neutral,结构:STRUCTURAL_DIVERGENCE(A/A-); 阶段:Deteriorating(B); 触发:Consolidation(C); 置信度:Low,PASSED,C,fallback
00371,北控水务,2011-11-18,STRUCTURAL_DIVERGENCE,Deteriorating,Consolidation,50.0,COST_DISADVANTAGE,Medium,BULLISH_WARNING,55.0,Aligned,neutral,结构:STRUCTURAL_DIVERGENCE(A/A-); 阶段:Deteriorating(B); 触发:Consolidation(C); 置信度:Medium,PASSED,C,fallback
00371,北控水务,2011-11-25,STRUCTURAL_DIVERGENCE,Deteriorating,Consolidation,50.0,COST_DISADVANTAGE,Medium,BULLISH_WARNING,55.0,Aligned,neutral,结构:STRUCTURAL_DIVERGENCE(A/A-); 阶段:Deteriorating(B); 触发:Consolidation(C); 置信度:Medium,PASSED,C,fallback
00371,北控水务,2011-12-02,STRUCTURAL_DIVERGENCE,Improving,Consolidation,56.66275450129874,COST_DISADVANTAGE,Medium,BULLISH_WARNING,55.0,Aligned,neutral,结构:STRUCTURAL_DIVERGENCE(A/A-); 阶段:Improving(B); 触发:Consolidation(C); 置信度:Medium,PASSED,C,fallback
00371,北控水务,2011-12-09,STRUCTURAL_DIVERGENCE,Improving,Consolidation,56.66275450129874,COST_DISADVANTAGE,Medium,BULLISH_WARNING,55.0,Aligned,neutral,结构:STRUCTURAL_DIVERGENCE(A/A-); 阶段:Improving(B); 触发:Consolidation(C); 置信度:Medium,PASSED,C,fallback
00371,北控水务,2011-12-16,STRUCTURAL_DIVERGENCE,Improving,Pullback,56.66275450129874,COST_DISADVANTAGE,Medium,BULLISH_WARNING,55.0,Aligned,neutral,结构:STRUCTURAL_DIVERGENCE(A/A-); 阶段:Improving(B); 触发:Pullback(C); 置信度:Medium,PASSED,C,fallback
00371,北控水务,2011-12-23,STRUCTURAL_DIVERGENCE,Improving,Consolidation,56.66275450129874,COST_DISADVANTAGE,Medium,BULLISH_WARNING,55.0,Aligned,neutral,结构:STRUCTURAL_DIVERGENCE(A/A-); 阶段:Improving(B); 触发:Consolidation(C); 置信度:Medium,PASSED,C,fallback
00371,北控水务,2011-12-30,STRUCTURAL_DIVERGENCE,Improving,Consolidation,56.66275450129874,COST_DISADVANTAGE,Medium,BULLISH_WARNING,55.0,Aligned,neutral,结构:STRUCTURAL_DIVERGENCE(A/A-); 阶段:Improving(B); 触发:Consolidation(C); 置信度:Medium,PASSED,C,fallback
00371,北控水务,2012-01-06,STRUCTURAL_DIVERGENCE,Deteriorating,Consolidation,69.25110240452314,COST_DISADVANTAGE,Medium,BULLISH_WARNING,55.0,Aligned,neutral,结构:STRUCTURAL_DIVERGENCE(A/A-); 阶段:Deteriorating(B); 触发:Consolidation(C); 置信度:Medium,PASSED,C,fallback
00371,北控水务,2012-01-13,STRUCTURAL_DIVERGENCE,Deteriorating,Consolidation,69.25110240452314,COST_DISADVANTAGE,Medium,BULLISH_WARNING,55.0,Aligned,neutral,结构:STRUCTURAL_DIVERGENCE(A/A-); 阶段:Deteriorating(B); 触发:Consolidation(C); 置信度:Medium,PASSED,C,fallback
00371,北控水务,2012-01-20,STRUCTURAL_DIVERGENCE,Deteriorating,Consolidation,69.25110240452314,COST_DISADVANTAGE,Medium,BULLISH_WARNING,55.0,Aligned,neutral,结构:STRUCTURAL_DIVERGENCE(A/A-); 阶段:Deteriorating(B); 触发:Consolidation(C); 置信度:Medium,PASSED,C,fallback
00371,北控水务,2012-01-27,STRUCTURAL_DIVERGENCE,Deteriorating,Consolidation,69.25110240452314,COST_DISADVANTAGE,Medium,BULLISH_WARNING,55.0,Aligned,neutral,结构:STRUCTURAL_DIVERGENCE(A/A-); 阶段:Deteriorating(B); 触发:Consolidation(C); 置信度:Medium,PASSED,C,fallback
00371,北控水务,2012-02-03,STRUCTURAL_DIVERGENCE,Improving,Pullback,70.61960523246856,COST_DISADVANTAGE,Medium,BULLISH_WARNING,55.0,Aligned,neutral,结构:STRUCTURAL_DIVERGENCE(A/A-); 阶段:Improving(B); 触发:Pullback(C); 置信度:Medium,PASSED,C,fallback
00371,北控水务,2012-02-10,STRUCTURAL_DIVERGENCE,Improving,Pullback,70.61960523246856,COST_DISADVANTAGE,Medium,BULLISH_WARNING,55.0,Aligned,neutral,结构:STRUCTURAL_DIVERGENCE(A/A-); 阶段:Improving(B); 触发:Pullback(C); 置信度:Medium,PASSED,C,fallback
00371,北控水务,2012-02-17,STRUCTURAL_DIVERGENCE,Improving,Consolidation,70.61960523246856,COST_DISADVANTAGE,Medium,BULLISH_WARNING,55.0,Aligned,neutral,结构:STRUCTURAL_DIVERGENCE(A/A-); 阶段:Improving(B); 触发:Consolidation(C); 置信度:Medium,PASSED,C,fallback
00371,北控水务,2012-02-24,STRUCTURAL_DIVERGENCE,Improving,Consolidation,70.61960523246856,COST_DISADVANTAGE,Medium,BULLISH_WARNING,55.0,Aligned,neutral,结构:STRUCTURAL_DIVERGENCE(A/A-); 阶段:Improving(B); 触发:Consolidation(C); 置信度:Medium,PASSED,C,fallback
00371,北控水务,2012-03-02,STRUCTURAL_DIVERGENCE,Deteriorating,Pullback,71.28156360952599,COST_DISADVANTAGE,Medium,BULLISH_WARNING,55.0,Aligned,neutral,结构:STRUCTURAL_DIVERGENCE(A/A-); 阶段:Deteriorating(B); 触发:Pullback(C); 置信度:Medium,PASSED,C,fallback
00371,北控水务,2012-03-09,STRUCTURAL_DIVERGENCE,Deteriorating,Consolidation,71.28156360952599,COST_DISADVANTAGE,Medium,BULLISH_WARNING,55.0,Aligned,neutral,结构:STRUCTURAL_DIVERGENCE(A/A-); 阶段:Deteriorating(B); 触发:Consolidation(C); 置信度:Medium,PASSED,C,fallback
00371,北控水务,2012-03-16,STRUCTURAL_DIVERGENCE,Deteriorating,Consolidation,71.28156360952599,COST_DISADVANTAGE,Medium,BULLISH_WARNING,55.0,Aligned,neutral,结构:STRUCTURAL_DIVERGENCE(A/A-); 阶段:Deteriorating(B); 触发:Consolidation(C); 置信度:Medium,PASSED,C,fallback
00371,北控水务,2012-03-23,STRUCTURAL_DIVERGENCE,Deteriorating,Consolidation,71.28156360952599,COST_DISADVANTAGE,Medium,BULLISH_WARNING,55.0,Aligned,neutral,结构:STRUCTURAL_DIVERGENCE(A/A-); 阶段:Deteriorating(B); 触发:Consolidation(C); 置信度:Medium,PASSED,C,fallback
00371,北控水务,2012-03-30,STRUCTURAL_DIVERGENCE,Deteriorating,Breakdown,71.28156360952599,COST_DISADVANTAGE,Medium,BULLISH_WARNING,55.0,Aligned,neutral,结构:STRUCTURAL_DIVERGENCE(A/A-); 阶段:Deteriorating(B); 触发:Breakdown(C); 置信度:Medium,PASSED,C,matrix
00371,北控水务,2012-04-06,STRUCTURAL_DIVERGENCE,Deteriorating,Consolidation,72.30065816067908,COST_DISADVANTAGE,Medium,BULLISH_WARNING,55.0,Aligned,neutral,结构:STRUCTURAL_DIVERGENCE(A/A-); 阶段:Deteriorating(B); 触发:Consolidation(C); 置信度:Medium,PASSED,C,fallback
00371,北控水务,2012-04-13,STRUCTURAL_DIVERGENCE,Deteriorating,Consolidation,72.30065816067908,COST_DISADVANTAGE,Medium,BULLISH_WARNING,55.0,Aligned,neutral,结构:STRUCTURAL_DIVERGENCE(A/A-); 阶段:Deteriorating(B); 触发:Consolidation(C); 置信度:Medium,PASSED,C,fallback
00371,北控水务,2012-04-20,STRUCTURAL_DIVERGENCE,Deteriorating,Consolidation,72.30065816067908,COST_DISADVANTAGE,Medium,BULLISH_WARNING,55.0,Aligned,neutral,结构:STRUCTURAL_DIVERGENCE(A/A-); 阶段:Deteriorating(B); 触发:Consolidation(C); 置信度:Medium,PASSED,C,fallback
00371,北控水务,2012-04-27,STRUCTURAL_DIVERGENCE,Deteriorating,Consolidation,72.30065816067908,COST_DISADVANTAGE,Medium,BULLISH_WARNING,55.0,Aligned,neutral,结构:STRUCTURAL_DIVERGENCE(A/A-); 阶段:Deteriorating(B); 触发:Consolidation(C); 置信度:Medium,PASSED,C,fallback
00371,北控水务,2012-05-04,STRUCTURAL_DIVERGENCE,Stable,Consolidation,75.65398401543423,COST_DISADVANTAGE,Medium,BULLISH_WARNING,55.0,Aligned,neutral,结构:STRUCTURAL_DIVERGENCE(A/A-); 阶段:Stable(B); 触发:Consolidation(C); 置信度:Medium,PASSED,C,fallback
00371,北控水务,2012-05-11,STRUCTURAL_DIVERGENCE,Stable,Consolidation,75.65398401543423,COST_DISADVANTAGE,Medium,BULLISH_WARNING,55.0,Aligned,neutral,结构:STRUCTURAL_DIVERGENCE(A/A-); 阶段:Stable(B); 触发:Consolidation(C); 置信度:Medium,PASSED,C,fallback
00371,北控水务,2012-05-18,STRUCTURAL_DIVERGENCE,Stable,Breakdown,75.65398401543423,COST_DISADVANTAGE,Medium,BULLISH_WARNING,55.0,Aligned,neutral,结构:STRUCTURAL_DIVERGENCE(A/A-); 阶段:Stable(B); 触发:Breakdown(C); 置信度:Medium,PASSED,C,fallback
00371,北控水务,2012-05-25,STRUCTURAL_DIVERGENCE,Stable,Breakdown,75.65398401543423,COST_DISADVANTAGE,Medium,BULLISH_WARNING,55.0,Aligned,neutral,结构:STRUCTURAL_DIVERGENCE(A/A-); 阶段:Stable(B); 触发:Breakdown(C); 置信度:Medium,PASSED,C,fallback
00371,北控水务,2012-06-01,STRUCTURAL_DIVERGENCE,Improving,Consolidation,78.13970958126208,COST_DISADVANTAGE,Medium,BULLISH_WARNING,55.0,Aligned,neutral,结构:STRUCTURAL_DIVERGENCE(A/A-); 阶段:Improving(B); 触发:Consolidation(C); 置信度:Medium,PASSED,C,fallback
00371,北控水务,2012-06-08,STRUCTURAL_DIVERGENCE,Improving,Consolidation,78.13970958126208,COST_DISADVANTAGE,Medium,BULLISH_WARNING,55.0,Aligned,neutral,结构:STRUCTURAL_DIVERGENCE(A/A-); 阶段:Improving(B); 触发:Consolidation(C); 置信度:Medium,PASSED,C,fallback
00371,北控水务,2012-06-15,STRUCTURAL_DIVERGENCE,Improving,Consolidation,78.13970958126208,COST_DISADVANTAGE,Medium,BULLISH_WARNING,55.0,Aligned,neutral,结构:STRUCTURAL_DIVERGENCE(A/A-); 阶段:Improving(B); 触发:Consolidation(C); 置信度:Medium,PASSED,C,fallback
00371,北控水务,2012-06-22,STRUCTURAL_DIVERGENCE,Improving,Consolidation,78.13970958126208,COST_DISADVANTAGE,Medium,BULLISH_WARNING,55.0,Aligned,neutral,结构:STRUCTURAL_DIVERGENCE(A/A-); 阶段:Improving(B); 触发:Consolidation(C); 置信度:Medium,PASSED,C,fallback
00371,北控水务,2012-06-29,STRUCTURAL_DIVERGENCE,Improving,Consolidation,78.13970958126208,COST_DISADVANTAGE,Medium,BULLISH_WARNING,55.0,Aligned,neutral,结构:STRUCTURAL_DIVERGENCE(A/A-); 阶段:Improving(B); 触发:Consolidation(C); 置信度:Medium,PASSED,C,fallback
00371,北控水务,2012-07-06,STRUCTURAL_DIVERGENCE,Improving,Consolidation,64.52496901534323,COST_DISADVANTAGE,Medium,BULLISH_WARNING,55.0,Aligned,neutral,结构:STRUCTURAL_DIVERGENCE(A/A-); 阶段:Improving(B); 触发:Consolidation(C); 置信度:Medium,PASSED,C,fallback
00371,北控水务,2012-07-13,STRUCTURAL_DIVERGENCE,Improving,Consolidation,64.52496901534323,COST_DISADVANTAGE,Medium,BULLISH_WARNING,55.0,Aligned,neutral,结构:STRUCTURAL_DIVERGENCE(A/A-); 阶段:Improving(B); 触发:Consolidation(C); 置信度:Medium,PASSED,C,fallback
00371,北控水务,2012-07-20,STRUCTURAL_DIVERGENCE,Improving,Consolidation,64.52496901534323,COST_DISADVANTAGE,Medium,BULLISH_WARNING,55.0,Aligned,neutral,结构:STRUCTURAL_DIVERGENCE(A/A-); 阶段:Improving(B); 触发:Consolidation(C); 置信度:Medium,PASSED,C,fallback
00371,北控水务,2012-07-27,STRUCTURAL_DIVERGENCE,Improving,Consolidation,64.52496901534323,COST_DISADVANTAGE,Medium,BULLISH_WARNING,55.0,Aligned,neutral,结构:STRUCTURAL_DIVERGENCE(A/A-); 阶段:Improving(B); 触发:Consolidation(C); 置信度:Medium,PASSED,C,fallback
00371,北控水务,2012-08-03,STRUCTURAL_DIVERGENCE,Stable,Consolidation,46.44912264175854,COST_DISADVANTAGE,Medium,BULLISH_WARNING,55.0,Aligned,neutral,结构:STRUCTURAL_DIVERGENCE(A/A-); 阶段:Stable(B); 触发:Consolidation(C); 置信度:Medium,PASSED,C,fallback
00371,北控水务,2012-08-10,STRUCTURAL_DIVERGENCE,Stable,Consolidation,46.44912264175854,COST_DISADVANTAGE,Medium,BULLISH_WARNING,55.0,Aligned,neutral,结构:STRUCTURAL_DIVERGENCE(A/A-); 阶段:Stable(B); 触发:Consolidation(C); 置信度:Medium,PASSED,C,fallback
00371,北控水务,2012-08-17,STRUCTURAL_DIVERGENCE,Stable,Consolidation,46.44912264175854,COST_DISADVANTAGE,Medium,BULLISH_WARNING,55.0,Aligned,neutral,结构:STRUCTURAL_DIVERGENCE(A/A-); 阶段:Stable(B); 触发:Consolidation(C); 置信度:Medium,PASSED,C,fallback
00371,北控水务,2012-08-24,STRUCTURAL_DIVERGENCE,Stable,Consolidation,46.44912264175854,COST_DISADVANTAGE,Medium,BULLISH_WARNING,55.0,Aligned,neutral,结构:STRUCTURAL_DIVERGENCE(A/A-); 阶段:Stable(B); 触发:Consolidation(C); 置信度:Medium,PASSED,C,fallback
00371,北控水务,2012-08-31,STRUCTURAL_DIVERGENCE,Deteriorating,Consolidation,50.36157641611567,COST_DISADVANTAGE,Medium,BULLISH_WARNING,55.0,Aligned,neutral,结构:STRUCTURAL_DIVERGENCE(A/A-); 阶段:Deteriorating(B); 触发:Consolidation(C); 置信度:Medium,PASSED,C,fallback
00371,北控水务,2012-09-07,STRUCTURAL_DIVERGENCE,Deteriorating,Consolidation,50.36157641611567,COST_DISADVANTAGE,Medium,BULLISH_WARNING,55.0,Aligned,neutral,结构:STRUCTURAL_DIVERGENCE(A/A-); 阶段:Deteriorating(B); 触发:Consolidation(C); 置信度:Medium,PASSED,C,fallback
00371,北控水务,2012-09-14,STRUCTURAL_DIVERGENCE,Deteriorating,Consolidation,50.36157641611567,COST_DISADVANTAGE,Medium,BULLISH_WARNING,55.0,Aligned,neutral,结构:STRUCTURAL_DIVERGENCE(A/A-); 阶段:Deteriorating(B); 触发:Consolidation(C); 置信度:Medium,PASSED,C,fallback
00371,北控水务,2012-09-21,STRUCTURAL_DIVERGENCE,Deteriorating,Consolidation,50.36157641611567,COST_DISADVANTAGE,Medium,BULLISH_WARNING,55.0,Aligned,neutral,结构:STRUCTURAL_DIVERGENCE(A/A-); 阶段:Deteriorating(B); 触发:Consolidation(C); 置信度:Medium,PASSED,C,fallback
00371,北控水务,2012-09-28,STRUCTURAL_DIVERGENCE,Deteriorating,Consolidation,50.36157641611567,COST_DISADVANTAGE,Medium,BULLISH_WARNING,55.0,Aligned,neutral,结构:STRUCTURAL_DIVERGENCE(A/A-); 阶段:Deteriorating(B); 触发:Consolidation(C); 置信度:Medium,PASSED,C,fallback
00371,北控水务,2012-10-05,STRUCTURAL_DIVERGENCE,Deteriorating,Consolidation,47.02041118187986,COST_DISADVANTAGE,Medium,BULLISH_WARNING,55.0,Aligned,neutral,结构:STRUCTURAL_DIVERGENCE(A/A-); 阶段:Deteriorating(B); 触发:Consolidation(C); 置信度:Medium,PASSED,C,fallback
00371,北控水务,2012-10-12,STRUCTURAL_DIVERGENCE,Deteriorating,Consolidation,47.02041118187986,COST_DISADVANTAGE,Medium,BULLISH_WARNING,55.0,Aligned,neutral,结构:STRUCTURAL_DIVERGENCE(A/A-); 阶段:Deteriorating(B); 触发:Consolidation(C); 置信度:Medium,PASSED,C,fallback
00371,北控水务,2012-10-19,STRUCTURAL_DIVERGENCE,Deteriorating,Pullback,47.02041118187986,COST_DISADVANTAGE,Medium,BULLISH_WARNING,55.0,Aligned,neutral,结构:STRUCTURAL_DIVERGENCE(A/A-); 阶段:Deteriorating(B); 触发:Pullback(C); 置信度:Medium,PASSED,C,fallback
00371,北控水务,2012-10-26,STRUCTURAL_DIVERGENCE,Deteriorating,Pullback,47.02041118187986,COST_DISADVANTAGE,Medium,BULLISH_WARNING,55.0,Aligned,neutral,结构:STRUCTURAL_DIVERGENCE(A/A-); 阶段:Deteriorating(B); 触发:Pullback(C); 置信度:Medium,PASSED,C,fallback
00371,北控水务,2012-11-02,STRUCTURAL_DIVERGENCE,Deteriorating,Consolidation,59.330656920519644,COST_DISADVANTAGE,Medium,BULLISH_WARNING,55.0,Aligned,neutral,结构:STRUCTURAL_DIVERGENCE(A/A-); 阶段:Deteriorating(B); 触发:Consolidation(C); 置信度:Medium,PASSED,C,fallback
00371,北控水务,2012-11-09,STRUCTURAL_DIVERGENCE,Deteriorating,Pullback,59.330656920519644,COST_DISADVANTAGE,Medium,BULLISH_WARNING,55.0,Aligned,neutral,结构:STRUCTURAL_DIVERGENCE(A/A-); 阶段:Deteriorating(B); 触发:Pullback(C); 置信度:Medium,PASSED,C,fallback
00371,北控水务,2012-11-16,STRUCTURAL_DIVERGENCE,Deteriorating,Pullback,59.330656920519644,COST_DISADVANTAGE,High,BULLISH_WARNING,55.0,Aligned,neutral,结构:STRUCTURAL_DIVERGENCE(A/A-); 阶段:Deteriorating(B); 触发:Pullback(C); 置信度:High,PASSED,C,fallback
00371,北控水务,2012-11-23,STRUCTURAL_DIVERGENCE,Deteriorating,Consolidation,59.330656920519644,COST_DISADVANTAGE,High,BULLISH_WARNING,55.0,Aligned,neutral,结构:STRUCTURAL_DIVERGENCE(A/A-); 阶段:Deteriorating(B); 触发:Consolidation(C); 置信度:High,PASSED,C,fallback
00371,北控水务,2012-11-30,STRUCTURAL_DIVERGENCE,Deteriorating,Consolidation,54.76778820238082,COST_DISADVANTAGE,High,BULLISH_WARNING,55.0,Aligned,neutral,结构:STRUCTURAL_DIVERGENCE(A/A-); 阶段:Deteriorating(B); 触发:Consolidation(C); 置信度:High,PASSED,C,fallback
00371,北控水务,2012-12-07,STRUCTURAL_DIVERGENCE,Deteriorating,Consolidation,54.76778820238082,COST_DISADVANTAGE,High,BULLISH_WARNING,55.0,Aligned,neutral,结构:STRUCTURAL_DIVERGENCE(A/A-); 阶段:Deteriorating(B); 触发:Consolidation(C); 置信度:High,PASSED,C,fallback
00371,北控水务,2012-12-14,STRUCTURAL_DIVERGENCE,Deteriorating,Consolidation,54.76778820238082,COST_DISADVANTAGE,High,BULLISH_WARNING,55.0,Aligned,neutral,结构:STRUCTURAL_DIVERGENCE(A/A-); 阶段:Deteriorating(B); 触发:Consolidation(C); 置信度:High,PASSED,C,fallback
00371,北控水务,2012-12-21,STRUCTURAL_DIVERGENCE,Deteriorating,Consolidation,54.76778820238082,COST_DISADVANTAGE,High,BULLISH_WARNING,55.0,Aligned,neutral,结构:STRUCTURAL_DIVERGENCE(A/A-); 阶段:Deteriorating(B); 触发:Consolidation(C); 置信度:High,PASSED,C,fallback
00371,北控水务,2012-12-28,STRUCTURAL_DIVERGENCE,Deteriorating,Consolidation,54.76778820238082,COST_DISADVANTAGE,High,BULLISH_WARNING,55.0,Aligned,neutral,结构:STRUCTURAL_DIVERGENCE(A/A-); 阶段:Deteriorating(B); 触发:Consolidation(C); 置信度:High,PASSED,C,fallback
00371,北控水务,2013-01-04,STRUCTURAL_DIVERGENCE,Stable,Consolidation,50.41910652574035,COST_DISADVANTAGE,High,BULLISH_WARNING,55.0,Aligned,neutral,结构:STRUCTURAL_DIVERGENCE(A/A-); 阶段:Stable(B); 触发:Consolidation(C); 置信度:High,PASSED,C,fallback
00371,北控水务,2013-01-11,STRUCTURAL_DIVERGENCE,Stable,Consolidation,50.41910652574035,COST_DISADVANTAGE,High,BULLISH_WARNING,55.0,Aligned,neutral,结构:STRUCTURAL_DIVERGENCE(A/A-); 阶段:Stable(B); 触发:Consolidation(C); 置信度:High,PASSED,C,fallback
00371,北控水务,2013-01-18,STRUCTURAL_DIVERGENCE,Stable,Consolidation,50.41910652574035,COST_DISADVANTAGE,High,BULLISH_WARNING,55.0,Aligned,neutral,结构:STRUCTURAL_DIVERGENCE(A/A-); 阶段:Stable(B); 触发:Consolidation(C); 置信度:High,PASSED,C,fallback
00371,北控水务,2013-01-25,STRUCTURAL_DIVERGENCE,Stable,Pullback,50.41910652574035,COST_DISADVANTAGE,High,BULLISH_WARNING,55.0,Aligned,neutral,结构:STRUCTURAL_DIVERGENCE(A/A-); 阶段:Stable(B); 触发:Pullback(C); 置信度:High,PASSED,C,fallback
00371,北控水务,2013-02-01,STRUCTURAL_DIVERGENCE,Deteriorating,Pullback,39.4776188858123,COST_DISADVANTAGE,Medium,BULLISH_WARNING,55.0,Aligned,neutral,结构:STRUCTURAL_DIVERGENCE(A/A-); 阶段:Deteriorating(B); 触发:Pullback(C); 置信度:Medium,PASSED,C,fallback
00371,北控水务,2013-02-08,STRUCTURAL_DIVERGENCE,Deteriorating,Consolidation,39.4776188858123,COST_DISADVANTAGE,Medium,BULLISH_WARNING,55.0,Aligned,neutral,结构:STRUCTURAL_DIVERGENCE(A/A-); 阶段:Deteriorating(B); 触发:Consolidation(C); 置信度:Medium,PASSED,C,fallback
00371,北控水务,2013-02-15,STRUCTURAL_DIVERGENCE,Deteriorating,Consolidation,39.4776188858123,COST_DISADVANTAGE,Low,BULLISH_WARNING,55.0,Aligned,neutral,结构:STRUCTURAL_DIVERGENCE(A/A-); 阶段:Deteriorating(B); 触发:Consolidation(C); 置信度:Low,PASSED,C,fallback
00371,北控水务,2013-02-22,STRUCTURAL_DIVERGENCE,Deteriorating,Consolidation,39.4776188858123,COST_DISADVANTAGE,Low,BULLISH_WARNING,55.0,Aligned,neutral,结构:STRUCTURAL_DIVERGENCE(A/A-); 阶段:Deteriorating(B); 触发:Consolidation(C); 置信度:Low,PASSED,C,fallback
00371,北控水务,2013-03-01,STRUCTURAL_DIVERGENCE,Stable,Consolidation,27.561789550464077,COST_DISADVANTAGE,Low,BULLISH_WARNING,55.0,Aligned,neutral,结构:STRUCTURAL_DIVERGENCE(A/A-); 阶段:Stable(B); 触发:Consolidation(C); 置信度:Low,PASSED,C,fallback
00371,北控水务,2013-03-08,STRUCTURAL_DIVERGENCE,Stable,Consolidation,27.561789550464077,COST_DISADVANTAGE,Low,BULLISH_WARNING,55.0,Aligned,neutral,结构:STRUCTURAL_DIVERGENCE(A/A-); 阶段:Stable(B); 触发:Consolidation(C); 置信度:Low,PASSED,C,fallback
00371,北控水务,2013-03-15,STRUCTURAL_DIVERGENCE,Stable,Pullback,27.561789550464077,COST_DISADVANTAGE,Low,BULLISH_WARNING,55.0,Aligned,neutral,结构:STRUCTURAL_DIVERGENCE(A/A-); 阶段:Stable(B); 触发:Pullback(C); 置信度:Low,PASSED,C,fallback
00371,北控水务,2013-03-22,STRUCTURAL_DIVERGENCE,Stable,Consolidation,27.561789550464077,COST_DISADVANTAGE,Low,BULLISH_WARNING,55.0,Aligned,neutral,结构:STRUCTURAL_DIVERGENCE(A/A-); 阶段:Stable(B); 触发:Consolidation(C); 置信度:Low,PASSED,C,fallback
00371,北控水务,2013-03-29,STRUCTURAL_DIVERGENCE,Stable,Pullback,27.561789550464077,COST_DISADVANTAGE,Low,BULLISH_WARNING,55.0,Aligned,neutral,结构:STRUCTURAL_DIVERGENCE(A/A-); 阶段:Stable(B); 触发:Pullback(C); 置信度:Low,PASSED,C,fallback
00371,北控水务,2013-04-05,STRUCTURAL_DIVERGENCE,Deteriorating,Pullback,19.552959092277554,COST_DISADVANTAGE,Low,BULLISH_WARNING,55.0,Aligned,neutral,结构:STRUCTURAL_DIVERGENCE(A/A-); 阶段:Deteriorating(B); 触发:Pullback(C); 置信度:Low,PASSED,C,fallback
00371,北控水务,2013-04-12,STRUCTURAL_DIVERGENCE,Deteriorating,Consolidation,19.552959092277554,COST_DISADVANTAGE,Low,BULLISH_WARNING,55.0,Aligned,neutral,结构:STRUCTURAL_DIVERGENCE(A/A-); 阶段:Deteriorating(B); 触发:Consolidation(C); 置信度:Low,PASSED,C,fallback
00371,北控水务,2013-04-19,STRUCTURAL_DIVERGENCE,Deteriorating,Pullback,19.552959092277554,COST_DISADVANTAGE,Low,BULLISH_WARNING,55.0,Aligned,neutral,结构:STRUCTURAL_DIVERGENCE(A/A-); 阶段:Deteriorating(B); 触发:Pullback(C); 置信度:Low,PASSED,C,fallback
00371,北控水务,2013-04-26,STRUCTURAL_DIVERGENCE,Deteriorating,Consolidation,19.552959092277554,COST_DISADVANTAGE,Low,BULLISH_WARNING,55.0,Aligned,neutral,结构:STRUCTURAL_DIVERGENCE(A/A-); 阶段:Deteriorating(B); 触发:Consolidation(C); 置信度:Low,PASSED,C,fallback
00371,北控水务,2013-05-03,STRUCTURAL_DIVERGENCE,Stable,Consolidation,30.873739482470548,COST_DISADVANTAGE,Low,BULLISH_WARNING,55.0,Aligned,neutral,结构:STRUCTURAL_DIVERGENCE(A/A-); 阶段:Stable(B); 触发:Consolidation(C); 置信度:Low,PASSED,C,fallback
00371,北控水务,2013-05-10,STRUCTURAL_DIVERGENCE,Stable,Consolidation,30.873739482470548,COST_DISADVANTAGE,Low,BULLISH_WARNING,55.0,Aligned,neutral,结构:STRUCTURAL_DIVERGENCE(A/A-); 阶段:Stable(B); 触发:Consolidation(C); 置信度:Low,PASSED,C,fallback
00371,北控水务,2013-05-17,STRUCTURAL_ACCUMULATION,Stable,Consolidation,30.873739482470548,COST_DISADVANTAGE,Medium,BULLISH_STABLE,75.0,Aligned,neutral,结构:STRUCTURAL_ACCUMULATION(A/A-); 阶段:Stable(B); 触发:Consolidation(C); 置信度:Medium,PASSED,C,fallback
00371,北控水务,2013-05-24,STRUCTURAL_ACCUMULATION,Stable,Consolidation,30.873739482470548,COST_DISADVANTAGE,Medium,BULLISH_STABLE,75.0,Aligned,neutral,结构:STRUCTURAL_ACCUMULATION(A/A-); 阶段:Stable(B); 触发:Consolidation(C); 置信度:Medium,PASSED,C,fallback
00371,北控水务,2013-05-31,STRUCTURAL_ACCUMULATION,Deteriorating,Consolidation,6.483148524830835,COST_DISADVANTAGE,Medium,BULLISH_STABLE,75.0,Divergence,neutral,结构:STRUCTURAL_ACCUMULATION(A/A-); 阶段:Deteriorating(B); 触发:Consolidation(C); 置信度:Medium,PASSED,C,fallback
00371,北控水务,2013-06-07,STRUCTURAL_ACCUMULATION,Deteriorating,Consolidation,6.483148524830835,COST_DISADVANTAGE,Medium,BULLISH_STABLE,75.0,Divergence,neutral,结构:STRUCTURAL_ACCUMULATION(A/A-); 阶段:Deteriorating(B); 触发:Consolidation(C); 置信度:Medium,PASSED,C,fallback
00371,北控水务,2013-06-14,STRUCTURAL_ACCUMULATION,Deteriorating,Consolidation,6.483148524830835,COST_DISADVANTAGE,Medium,BULLISH_STABLE,75.0,Divergence,neutral,结构:STRUCTURAL_ACCUMULATION(A/A-); 阶段:Deteriorating(B); 触发:Consolidation(C); 置信度:Medium,PASSED,C,fallback
00371,北控水务,2013-06-21,STRUCTURAL_ACCUMULATION,Deteriorating,Consolidation,6.483148524830835,COST_DISADVANTAGE,Medium,BULLISH_STABLE,75.0,Divergence,neutral,结构:STRUCTURAL_ACCUMULATION(A/A-); 阶段:Deteriorating(B); 触发:Consolidation(C); 置信度:Medium,PASSED,C,fallback
00371,北控水务,2013-06-28,STRUCTURAL_ACCUMULATION,Deteriorating,Consolidation,6.483148524830835,COST_DISADVANTAGE,Medium,BULLISH_STABLE,75.0,Divergence,neutral,结构:STRUCTURAL_ACCUMULATION(A/A-); 阶段:Deteriorating(B); 触发:Consolidation(C); 置信度:Medium,PASSED,C,fallback
00371,北控水务,2013-07-05,STRUCTURAL_ACCUMULATION,Stable,Consolidation,8.025682419698454,COST_DISADVANTAGE,Medium,BULLISH_STABLE,75.0,Aligned,neutral,结构:STRUCTURAL_ACCUMULATION(A/A-); 阶段:Stable(B); 触发:Consolidation(C); 置信度:Medium,PASSED,C,fallback
00371,北控水务,2013-07-12,STRUCTURAL_ACCUMULATION,Stable,Consolidation,8.025682419698454,COST_DISADVANTAGE,Medium,BULLISH_STABLE,75.0,Aligned,neutral,结构:STRUCTURAL_ACCUMULATION(A/A-); 阶段:Stable(B); 触发:Consolidation(C); 置信度:Medium,PASSED,C,fallback
00371,北控水务,2013-07-19,STRUCTURAL_ACCUMULATION,Stable,Consolidation,8.025682419698454,COST_DISADVANTAGE,Medium,BULLISH_STABLE,75.0,Aligned,neutral,结构:STRUCTURAL_ACCUMULATION(A/A-); 阶段:Stable(B); 触发:Consolidation(C); 置信度:Medium,PASSED,C,fallback
00371,北控水务,2013-07-26,STRUCTURAL_ACCUMULATION,Stable,Consolidation,8.025682419698454,COST_DISADVANTAGE,Medium,BULLISH_STABLE,75.0,Aligned,neutral,结构:STRUCTURAL_ACCUMULATION(A/A-); 阶段:Stable(B); 触发:Consolidation(C); 置信度:Medium,PASSED,C,fallback
00371,北控水务,2013-08-02,STRUCTURAL_ACCUMULATION,Stable,Consolidation,8.276291068470304,COST_DISADVANTAGE,Medium,BULLISH_STABLE,75.0,Aligned,neutral,结构:STRUCTURAL_ACCUMULATION(A/A-); 阶段:Stable(B); 触发:Consolidation(C); 置信度:Medium,PASSED,C,fallback
00371,北控水务,2013-08-09,STRUCTURAL_ACCUMULATION,Stable,Consolidation,8.276291068470304,COST_DISADVANTAGE,Medium,BULLISH_STABLE,75.0,Aligned,neutral,结构:STRUCTURAL_ACCUMULATION(A/A-); 阶段:Stable(B); 触发:Consolidation(C); 置信度:Medium,PASSED,C,fallback
00371,北控水务,2013-08-16,STRUCTURAL_ACCUMULATION,Stable,Consolidation,8.276291068470304,COST_DISADVANTAGE,Medium,BULLISH_STABLE,75.0,Aligned,neutral,结构:STRUCTURAL_ACCUMULATION(A/A-); 阶段:Stable(B); 触发:Consolidation(C); 置信度:Medium,PASSED,C,fallback
00371,北控水务,2013-08-23,STRUCTURAL_ACCUMULATION,Stable,Consolidation,8.276291068470304,COST_DISADVANTAGE,Medium,BULLISH_STABLE,75.0,Aligned,neutral,结构:STRUCTURAL_ACCUMULATION(A/A-); 阶段:Stable(B); 触发:Consolidation(C); 置信度:Medium,PASSED,C,fallback
00371,北控水务,2013-08-30,STRUCTURAL_ACCUMULATION,Stable,Consolidation,8.276291068470304,COST_DISADVANTAGE,Medium,BULLISH_STABLE,75.0,Aligned,neutral,结构:STRUCTURAL_ACCUMULATION(A/A-); 阶段:Stable(B); 触发:Consolidation(C); 置信度:Medium,PASSED,C,fallback
00371,北控水务,2013-09-06,STRUCTURAL_ACCUMULATION,Improving,Pullback,14.809879014719877,COST_DISADVANTAGE,Medium,BULLISH_STABLE,75.0,Aligned,neutral,结构:STRUCTURAL_ACCUMULATION(A/A-); 阶段:Improving(B); 触发:Pullback(C); 置信度:Medium,PASSED,C,fallback
00371,北控水务,2013-09-13,STRUCTURAL_ACCUMULATION,Improving,Pullback,14.809879014719877,COST_DISADVANTAGE,Medium,BULLISH_STABLE,75.0,Aligned,neutral,结构:STRUCTURAL_ACCUMULATION(A/A-); 阶段:Improving(B); 触发:Pullback(C); 置信度:Medium,PASSED,C,fallback
00371,北控水务,2013-09-20,STRUCTURAL_ACCUMULATION,Improving,Pullback,14.809879014719877,COST_DISADVANTAGE,Medium,BULLISH_STABLE,75.0,Aligned,neutral,结构:STRUCTURAL_ACCUMULATION(A/A-); 阶段:Improving(B); 触发:Pullback(C); 置信度:Medium,PASSED,C,fallback
00371,北控水务,2013-09-27,STRUCTURAL_ACCUMULATION,Improving,Consolidation,14.809879014719877,COST_DISADVANTAGE,Medium,BULLISH_STABLE,75.0,Aligned,neutral,结构:STRUCTURAL_ACCUMULATION(A/A-); 阶段:Improving(B); 触发:Consolidation(C); 置信度:Medium,PASSED,C,matrix
00371,北控水务,2013-10-04,STRUCTURAL_ACCUMULATION,Deteriorating,Consolidation,13.959849841258917,COST_DISADVANTAGE,Medium,BULLISH_STABLE,75.0,Divergence,neutral,结构:STRUCTURAL_ACCUMULATION(A/A-); 阶段:Deteriorating(B); 触发:Consolidation(C); 置信度:Medium,PASSED,C,fallback
00371,北控水务,2013-10-11,STRUCTURAL_ACCUMULATION,Deteriorating,Consolidation,13.959849841258917,COST_DISADVANTAGE,Medium,BULLISH_STABLE,75.0,Divergence,neutral,结构:STRUCTURAL_ACCUMULATION(A/A-); 阶段:Deteriorating(B); 触发:Consolidation(C); 置信度:Medium,PASSED,C,fallback
00371,北控水务,2013-10-18,STRUCTURAL_ACCUMULATION,Deteriorating,Consolidation,13.959849841258917,COST_DISADVANTAGE,Medium,BULLISH_STABLE,75.0,Divergence,neutral,结构:STRUCTURAL_ACCUMULATION(A/A-); 阶段:Deteriorating(B); 触发:Consolidation(C); 置信度:Medium,PASSED,C,fallback
00371,北控水务,2013-10-25,STRUCTURAL_ACCUMULATION,Deteriorating,Consolidation,13.959849841258917,COST_DISADVANTAGE,Medium,BULLISH_STABLE,75.0,Divergence,neutral,结构:STRUCTURAL_ACCUMULATION(A/A-); 阶段:Deteriorating(B); 触发:Consolidation(C); 置信度:Medium,PASSED,C,fallback
00371,北控水务,2013-11-01,STRUCTURAL_ACCUMULATION,Stable,Consolidation,7.293423739239457,COST_DISADVANTAGE,Medium,BULLISH_STABLE,75.0,Aligned,neutral,结构:STRUCTURAL_ACCUMULATION(A/A-); 阶段:Stable(B); 触发:Consolidation(C); 置信度:Medium,PASSED,C,fallback
00371,北控水务,2013-11-08,STRUCTURAL_ACCUMULATION,Stable,Consolidation,7.293423739239457,COST_DISADVANTAGE,Medium,BULLISH_STABLE,75.0,Aligned,neutral,结构:STRUCTURAL_ACCUMULATION(A/A-); 阶段:Stable(B); 触发:Consolidation(C); 置信度:Medium,PASSED,C,fallback
00371,北控水务,2013-11-15,STRUCTURAL_ACCUMULATION,Stable,Consolidation,7.293423739239457,COST_DISADVANTAGE,Low,BULLISH_STABLE,75.0,Aligned,neutral,结构:STRUCTURAL_ACCUMULATION(A/A-); 阶段:Stable(B); 触发:Consolidation(C); 置信度:Low,PASSED,C,fallback
00371,北控水务,2013-11-22,STRUCTURAL_ACCUMULATION,Stable,Consolidation,7.293423739239457,COST_DISADVANTAGE,Low,BULLISH_STABLE,75.0,Aligned,neutral,结构:STRUCTURAL_ACCUMULATION(A/A-); 阶段:Stable(B); 触发:Consolidation(C); 置信度:Low,PASSED,C,fallback
00371,北控水务,2013-11-29,STRUCTURAL_ACCUMULATION,Stable,Consolidation,7.293423739239457,COST_DISADVANTAGE,Low,BULLISH_STABLE,75.0,Aligned,neutral,结构:STRUCTURAL_ACCUMULATION(A/A-); 阶段:Stable(B); 触发:Consolidation(C); 置信度:Low,PASSED,C,fallback
00371,北控水务,2013-12-06,STRUCTURAL_ACCUMULATION,Stable,Consolidation,9.141155133047313,COST_DISADVANTAGE,Medium,BULLISH_STABLE,75.0,Aligned,neutral,结构:STRUCTURAL_ACCUMULATION(A/A-); 阶段:Stable(B); 触发:Consolidation(C); 置信度:Medium,PASSED,C,fallback
00371,北控水务,2013-12-13,STRUCTURAL_ACCUMULATION,Stable,Consolidation,9.141155133047313,COST_DISADVANTAGE,Medium,BULLISH_STABLE,75.0,Aligned,neutral,结构:STRUCTURAL_ACCUMULATION(A/A-); 阶段:Stable(B); 触发:Consolidation(C); 置信度:Medium,PASSED,C,fallback
00371,北控水务,2013-12-20,STRUCTURAL_ACCUMULATION,Stable,Consolidation,9.141155133047313,COST_DISADVANTAGE,Medium,BULLISH_STABLE,75.0,Aligned,neutral,结构:STRUCTURAL_ACCUMULATION(A/A-); 阶段:Stable(B); 触发:Consolidation(C); 置信度:Medium,PASSED,C,fallback
00371,北控水务,2013-12-27,STRUCTURAL_ACCUMULATION,Stable,Consolidation,9.141155133047313,COST_DISADVANTAGE,Medium,BULLISH_STABLE,75.0,Aligned,neutral,结构:STRUCTURAL_ACCUMULATION(A/A-); 阶段:Stable(B); 触发:Consolidation(C); 置信度:Medium,PASSED,C,fallback
00371,北控水务,2014-01-03,STRUCTURAL_ACCUMULATION,Improving,Consolidation,18.780292068597763,COST_DISADVANTAGE,Medium,BULLISH_STABLE,75.0,Aligned,neutral,结构:STRUCTURAL_ACCUMULATION(A/A-); 阶段:Improving(B); 触发:Consolidation(C); 置信度:Medium,PASSED,C,matrix
00371,北控水务,2014-01-10,STRUCTURAL_ACCUMULATION,Improving,Pullback,18.780292068597763,COST_DISADVANTAGE,Medium,BULLISH_STABLE,75.0,Aligned,neutral,结构:STRUCTURAL_ACCUMULATION(A/A-); 阶段:Improving(B); 触发:Pullback(C); 置信度:Medium,PASSED,C,fallback
00371,北控水务,2014-01-17,STRUCTURAL_ACCUMULATION,Improving,Pullback,18.780292068597763,COST_DISADVANTAGE,Medium,BULLISH_STABLE,75.0,Aligned,neutral,结构:STRUCTURAL_ACCUMULATION(A/A-); 阶段:Improving(B); 触发:Pullback(C); 置信度:Medium,PASSED,C,fallback
00371,北控水务,2014-01-24,STRUCTURAL_ACCUMULATION,Improving,Pullback,18.780292068597763,COST_DISADVANTAGE,Medium,BULLISH_STABLE,75.0,Aligned,neutral,结构:STRUCTURAL_ACCUMULATION(A/A-); 阶段:Improving(B); 触发:Pullback(C); 置信度:Medium,PASSED,C,fallback
00371,北控水务,2014-01-31,STRUCTURAL_ACCUMULATION,Deteriorating,Pullback,18.26687368150381,COST_DISADVANTAGE,Medium,BULLISH_STABLE,75.0,Divergence,neutral,结构:STRUCTURAL_ACCUMULATION(A/A-); 阶段:Deteriorating(B); 触发:Pullback(C); 置信度:Medium,PASSED,C,fallback
00371,北控水务,2014-02-07,STRUCTURAL_ACCUMULATION,Deteriorating,Pullback,18.26687368150381,COST_DISADVANTAGE,Medium,BULLISH_STABLE,75.0,Divergence,neutral,结构:STRUCTURAL_ACCUMULATION(A/A-); 阶段:Deteriorating(B); 触发:Pullback(C); 置信度:Medium,PASSED,C,fallback
00371,北控水务,2014-02-14,STRUCTURAL_DIVERGENCE,Deteriorating,Consolidation,18.26687368150381,COST_DISADVANTAGE,Low,BULLISH_WARNING,55.0,Aligned,neutral,结构:STRUCTURAL_DIVERGENCE(A/A-); 阶段:Deteriorating(B); 触发:Consolidation(C); 置信度:Low,PASSED,C,fallback
00371,北控水务,2014-02-21,STRUCTURAL_DIVERGENCE,Deteriorating,Consolidation,18.26687368150381,COST_DISADVANTAGE,Low,BULLISH_WARNING,55.0,Aligned,neutral,结构:STRUCTURAL_DIVERGENCE(A/A-); 阶段:Deteriorating(B); 触发:Consolidation(C); 置信度:Low,PASSED,C,fallback
00371,北控水务,2014-02-28,STRUCTURAL_DIVERGENCE,Improving,Consolidation,19.484126150296674,COST_DISADVANTAGE,Low,BULLISH_WARNING,55.0,Aligned,neutral,结构:STRUCTURAL_DIVERGENCE(A/A-); 阶段:Improving(B); 触发:Consolidation(C); 置信度:Low,PASSED,C,fallback
00371,北控水务,2014-03-07,STRUCTURAL_DIVERGENCE,Improving,Consolidation,19.484126150296674,COST_DISADVANTAGE,Low,BULLISH_WARNING,55.0,Aligned,neutral,结构:STRUCTURAL_DIVERGENCE(A/A-); 阶段:Improving(B); 触发:Consolidation(C); 置信度:Low,PASSED,C,fallback
00371,北控水务,2014-03-14,STRUCTURAL_DIVERGENCE,Improving,Pullback,19.484126150296674,COST_DISADVANTAGE,Low,BULLISH_WARNING,55.0,Aligned,neutral,结构:STRUCTURAL_DIVERGENCE(A/A-); 阶段:Improving(B); 触发:Pullback(C); 置信度:Low,PASSED,C,fallback
00371,北控水务,2014-03-21,STRUCTURAL_DIVERGENCE,Improving,Pullback,19.484126150296674,COST_DISADVANTAGE,Low,BULLISH_WARNING,55.0,Aligned,neutral,结构:STRUCTURAL_DIVERGENCE(A/A-); 阶段:Improving(B); 触发:Pullback(C); 置信度:Low,PASSED,C,fallback
00371,北控水务,2014-03-28,STRUCTURAL_DIVERGENCE,Improving,Consolidation,19.484126150296674,COST_DISADVANTAGE,Low,BULLISH_WARNING,55.0,Aligned,neutral,结构:STRUCTURAL_DIVERGENCE(A/A-); 阶段:Improving(B); 触发:Consolidation(C); 置信度:Low,PASSED,C,fallback
00371,北控水务,2014-04-04,STRUCTURAL_DIVERGENCE,Deteriorating,Consolidation,17.504177970539768,COST_DISADVANTAGE,Low,BULLISH_WARNING,55.0,Aligned,neutral,结构:STRUCTURAL_DIVERGENCE(A/A-); 阶段:Deteriorating(B); 触发:Consolidation(C); 置信度:Low,PASSED,C,fallback
00371,北控水务,2014-04-11,STRUCTURAL_DIVERGENCE,Deteriorating,Consolidation,17.504177970539768,COST_DISADVANTAGE,Low,BULLISH_WARNING,55.0,Aligned,neutral,结构:STRUCTURAL_DIVERGENCE(A/A-); 阶段:Deteriorating(B); 触发:Consolidation(C); 置信度:Low,PASSED,C,fallback
00371,北控水务,2014-04-18,STRUCTURAL_DIVERGENCE,Deteriorating,Consolidation,17.504177970539768,COST_DISADVANTAGE,Low,BULLISH_WARNING,55.0,Aligned,neutral,结构:STRUCTURAL_DIVERGENCE(A/A-); 阶段:Deteriorating(B); 触发:Consolidation(C); 置信度:Low,PASSED,C,fallback
00371,北控水务,2014-04-25,STRUCTURAL_DIVERGENCE,Deteriorating,Consolidation,17.504177970539768,COST_DISADVANTAGE,Low,BULLISH_WARNING,55.0,Aligned,neutral,结构:STRUCTURAL_DIVERGENCE(A/A-); 阶段:Deteriorating(B); 触发:Consolidation(C); 置信度:Low,PASSED,C,fallback
00371,北控水务,2014-05-02,STRUCTURAL_DIVERGENCE,Deteriorating,Consolidation,35.893507726091514,COST_DISADVANTAGE,Low,BULLISH_WARNING,55.0,Aligned,neutral,结构:STRUCTURAL_DIVERGENCE(A/A-); 阶段:Deteriorating(B); 触发:Consolidation(C); 置信度:Low,PASSED,C,fallback
00371,北控水务,2014-05-09,STRUCTURAL_DIVERGENCE,Deteriorating,Consolidation,35.893507726091514,COST_DISADVANTAGE,Low,BULLISH_WARNING,55.0,Aligned,neutral,结构:STRUCTURAL_DIVERGENCE(A/A-); 阶段:Deteriorating(B); 触发:Consolidation(C); 置信度:Low,PASSED,C,fallback
00371,北控水务,2014-05-16,STRUCTURAL_DIVERGENCE,Deteriorating,Consolidation,35.893507726091514,COST_DISADVANTAGE,Low,BULLISH_WARNING,55.0,Aligned,neutral,结构:STRUCTURAL_DIVERGENCE(A/A-); 阶段:Deteriorating(B); 触发:Consolidation(C); 置信度:Low,PASSED,C,fallback
00371,北控水务,2014-05-23,STRUCTURAL_DIVERGENCE,Deteriorating,Consolidation,35.893507726091514,COST_DISADVANTAGE,Low,BULLISH_WARNING,55.0,Aligned,neutral,结构:STRUCTURAL_DIVERGENCE(A/A-); 阶段:Deteriorating(B); 触发:Consolidation(C); 置信度:Low,PASSED,C,fallback
00371,北控水务,2014-05-30,STRUCTURAL_DIVERGENCE,Deteriorating,Consolidation,35.893507726091514,COST_DISADVANTAGE,Low,BULLISH_WARNING,55.0,Aligned,neutral,结构:STRUCTURAL_DIVERGENCE(A/A-); 阶段:Deteriorating(B); 触发:Consolidation(C); 置信度:Low,PASSED,C,fallback
00371,北控水务,2014-06-06,STRUCTURAL_DIVERGENCE,Improving,Pullback,32.97599404969455,COST_DISADVANTAGE,Low,BULLISH_WARNING,55.0,Aligned,neutral,结构:STRUCTURAL_DIVERGENCE(A/A-); 阶段:Improving(B); 触发:Pullback(C); 置信度:Low,PASSED,C,fallback
00371,北控水务,2014-06-13,STRUCTURAL_DIVERGENCE,Improving,Consolidation,32.97599404969455,COST_DISADVANTAGE,Low,BULLISH_WARNING,55.0,Aligned,neutral,结构:STRUCTURAL_DIVERGENCE(A/A-); 阶段:Improving(B); 触发:Consolidation(C); 置信度:Low,PASSED,C,fallback
00371,北控水务,2014-06-20,STRUCTURAL_DIVERGENCE,Improving,Pullback,32.97599404969455,COST_DISADVANTAGE,Low,BULLISH_WARNING,55.0,Aligned,neutral,结构:STRUCTURAL_DIVERGENCE(A/A-); 阶段:Improving(B); 触发:Pullback(C); 置信度:Low,PASSED,C,fallback
00371,北控水务,2014-06-27,STRUCTURAL_DIVERGENCE,Improving,Consolidation,32.97599404969455,COST_DISADVANTAGE,Low,BULLISH_WARNING,55.0,Aligned,neutral,结构:STRUCTURAL_DIVERGENCE(A/A-); 阶段:Improving(B); 触发:Consolidation(C); 置信度:Low,PASSED,C,fallback
00371,北控水务,2014-07-04,STRUCTURAL_DIVERGENCE,Improving,Consolidation,35.63100640554444,COST_DISADVANTAGE,Low,BULLISH_WARNING,55.0,Aligned,neutral,结构:STRUCTURAL_DIVERGENCE(A/A-); 阶段:Improving(B); 触发:Consolidation(C); 置信度:Low,PASSED,C,fallback
00371,北控水务,2014-07-11,STRUCTURAL_DIVERGENCE,Improving,Consolidation,35.63100640554444,COST_DISADVANTAGE,Low,BULLISH_WARNING,55.0,Aligned,neutral,结构:STRUCTURAL_DIVERGENCE(A/A-); 阶段:Improving(B); 触发:Consolidation(C); 置信度:Low,PASSED,C,fallback
00371,北控水务,2014-07-18,STRUCTURAL_DIVERGENCE,Improving,Consolidation,35.63100640554444,COST_DISADVANTAGE,Low,BULLISH_WARNING,55.0,Aligned,neutral,结构:STRUCTURAL_DIVERGENCE(A/A-); 阶段:Improving(B); 触发:Consolidation(C); 置信度:Low,PASSED,C,fallback
00371,北控水务,2014-07-25,STRUCTURAL_DIVERGENCE,Improving,Pullback,35.63100640554444,COST_DISADVANTAGE,Low,BULLISH_WARNING,55.0,Aligned,neutral,结构:STRUCTURAL_DIVERGENCE(A/A-); 阶段:Improving(B); 触发:Pullback(C); 置信度:Low,PASSED,C,fallback
00371,北控水务,2014-08-01,STRUCTURAL_DIVERGENCE,Deteriorating,Pullback,34.41821985360006,COST_DISADVANTAGE,Low,BULLISH_WARNING,55.0,Aligned,neutral,结构:STRUCTURAL_DIVERGENCE(A/A-); 阶段:Deteriorating(B); 触发:Pullback(C); 置信度:Low,PASSED,C,fallback
00371,北控水务,2014-08-08,STRUCTURAL_DIVERGENCE,Deteriorating,Consolidation,34.41821985360006,COST_DISADVANTAGE,Low,BULLISH_WARNING,55.0,Aligned,neutral,结构:STRUCTURAL_DIVERGENCE(A/A-); 阶段:Deteriorating(B); 触发:Consolidation(C); 置信度:Low,PASSED,C,fallback
00371,北控水务,2014-08-15,STRUCTURAL_DECLINE,Deteriorating,Consolidation,34.41821985360006,COST_DISADVANTAGE,Low,BEARISH_CONFIRMED,20.0,Aligned,neutral,结构:STRUCTURAL_DECLINE(A/A-); 阶段:Deteriorating(B); 触发:Consolidation(C); 置信度:Low,PASSED,C,fallback
00371,北控水务,2014-08-22,STRUCTURAL_DECLINE,Deteriorating,Consolidation,34.41821985360006,COST_DISADVANTAGE,Low,BEARISH_CONFIRMED,20.0,Aligned,neutral,结构:STRUCTURAL_DECLINE(A/A-); 阶段:Deteriorating(B); 触发:Consolidation(C); 置信度:Low,PASSED,C,fallback
00371,北控水务,2014-08-29,STRUCTURAL_DECLINE,Deteriorating,Consolidation,34.41821985360006,COST_DISADVANTAGE,Low,BEARISH_CONFIRMED,20.0,Aligned,neutral,结构:STRUCTURAL_DECLINE(A/A-); 阶段:Deteriorating(B); 触发:Consolidation(C); 置信度:Low,PASSED,C,fallback
00371,北控水务,2014-09-05,STRUCTURAL_DECLINE,Improving,Consolidation,33.66111678040463,COST_DISADVANTAGE,Low,BEARISH_CONFIRMED,20.0,Divergence,neutral,结构:STRUCTURAL_DECLINE(A/A-); 阶段:Improving(B); 触发:Consolidation(C); 置信度:Low,PASSED,C,fallback
00371,北控水务,2014-09-12,STRUCTURAL_DECLINE,Improving,Consolidation,33.66111678040463,COST_DISADVANTAGE,Low,BEARISH_CONFIRMED,20.0,Divergence,neutral,结构:STRUCTURAL_DECLINE(A/A-); 阶段:Improving(B); 触发:Consolidation(C); 置信度:Low,PASSED,C,fallback
00371,北控水务,2014-09-19,STRUCTURAL_DECLINE,Improving,Consolidation,33.66111678040463,COST_DISADVANTAGE,Low,BEARISH_CONFIRMED,20.0,Divergence,neutral,结构:STRUCTURAL_DECLINE(A/A-); 阶段:Improving(B); 触发:Consolidation(C); 置信度:Low,PASSED,C,fallback
00371,北控水务,2014-09-26,STRUCTURAL_DECLINE,Improving,Pullback,33.66111678040463,COST_DISADVANTAGE,Low,BEARISH_CONFIRMED,20.0,Divergence,neutral,结构:STRUCTURAL_DECLINE(A/A-); 阶段:Improving(B); 触发:Pullback(C); 置信度:Low,PASSED,C,fallback
00371,北控水务,2014-10-03,STRUCTURAL_DECLINE,Stable,Consolidation,29.30984931914052,COST_DISADVANTAGE,Low,BEARISH_CONFIRMED,20.0,Aligned,neutral,结构:STRUCTURAL_DECLINE(A/A-); 阶段:Stable(B); 触发:Consolidation(C); 置信度:Low,PASSED,C,fallback
00371,北控水务,2014-10-10,STRUCTURAL_DECLINE,Stable,Pullback,29.30984931914052,COST_DISADVANTAGE,Low,BEARISH_CONFIRMED,20.0,Aligned,neutral,结构:STRUCTURAL_DECLINE(A/A-); 阶段:Stable(B); 触发:Pullback(C); 置信度:Low,PASSED,C,fallback
00371,北控水务,2014-10-17,STRUCTURAL_DECLINE,Stable,Pullback,29.30984931914052,COST_DISADVANTAGE,Low,BEARISH_CONFIRMED,20.0,Aligned,neutral,结构:STRUCTURAL_DECLINE(A/A-); 阶段:Stable(B); 触发:Pullback(C); 置信度:Low,PASSED,C,fallback
00371,北控水务,2014-10-24,STRUCTURAL_DECLINE,Stable,Consolidation,29.30984931914052,COST_DISADVANTAGE,Low,BEARISH_CONFIRMED,20.0,Aligned,neutral,结构:STRUCTURAL_DECLINE(A/A-); 阶段:Stable(B); 触发:Consolidation(C); 置信度:Low,PASSED,C,fallback
00371,北控水务,2014-10-31,STRUCTURAL_DECLINE,Improving,Consolidation,34.88274353297183,COST_DISADVANTAGE,Low,BEARISH_CONFIRMED,20.0,Divergence,neutral,结构:STRUCTURAL_DECLINE(A/A-); 阶段:Improving(B); 触发:Consolidation(C); 置信度:Low,PASSED,C,fallback
00371,北控水务,2014-11-07,STRUCTURAL_DECLINE,Improving,Consolidation,34.88274353297183,COST_DISADVANTAGE,Low,BEARISH_CONFIRMED,20.0,Divergence,neutral,结构:STRUCTURAL_DECLINE(A/A-); 阶段:Improving(B); 触发:Consolidation(C); 置信度:Low,PASSED,C,fallback
00371,北控水务,2014-11-14,STRUCTURAL_DIVERGENCE,Improving,Consolidation,34.88274353297183,COST_DISADVANTAGE,Low,BULLISH_WARNING,55.0,Aligned,neutral,结构:STRUCTURAL_DIVERGENCE(A/A-); 阶段:Improving(B); 触发:Consolidation(C); 置信度:Low,PASSED,C,fallback
00371,北控水务,2014-11-21,STRUCTURAL_DIVERGENCE,Improving,Consolidation,34.88274353297183,COST_DISADVANTAGE,Low,BULLISH_WARNING,55.0,Aligned,neutral,结构:STRUCTURAL_DIVERGENCE(A/A-); 阶段:Improving(B); 触发:Consolidation(C); 置信度:Low,PASSED,C,fallback
00371,北控水务,2014-11-28,STRUCTURAL_DIVERGENCE,Improving,Pullback,34.88274353297183,COST_DISADVANTAGE,Low,BULLISH_WARNING,55.0,Aligned,neutral,结构:STRUCTURAL_DIVERGENCE(A/A-); 阶段:Improving(B); 触发:Pullback(C); 置信度:Low,PASSED,C,fallback
00371,北控水务,2014-12-05,STRUCTURAL_DIVERGENCE,Stable,Consolidation,37.411894517548376,COST_DISADVANTAGE,Low,BULLISH_WARNING,55.0,Aligned,neutral,结构:STRUCTURAL_DIVERGENCE(A/A-); 阶段:Stable(B); 触发:Consolidation(C); 置信度:Low,PASSED,C,fallback
00371,北控水务,2014-12-12,STRUCTURAL_DIVERGENCE,Stable,Consolidation,37.411894517548376,COST_DISADVANTAGE,Low,BULLISH_WARNING,55.0,Aligned,neutral,结构:STRUCTURAL_DIVERGENCE(A/A-); 阶段:Stable(B); 触发:Consolidation(C); 置信度:Low,PASSED,C,fallback
00371,北控水务,2014-12-19,STRUCTURAL_DIVERGENCE,Stable,Consolidation,37.411894517548376,COST_DISADVANTAGE,Low,BULLISH_WARNING,55.0,Aligned,neutral,结构:STRUCTURAL_DIVERGENCE(A/A-); 阶段:Stable(B); 触发:Consolidation(C); 置信度:Low,PASSED,C,fallback
00371,北控水务,2014-12-26,STRUCTURAL_DIVERGENCE,Stable,Consolidation,37.411894517548376,COST_DISADVANTAGE,Low,BULLISH_WARNING,55.0,Aligned,neutral,结构:STRUCTURAL_DIVERGENCE(A/A-); 阶段:Stable(B); 触发:Consolidation(C); 置信度:Low,PASSED,C,fallback
00371,北控水务,2015-01-02,STRUCTURAL_DIVERGENCE,Stable,Consolidation,21.45043127879933,COST_DISADVANTAGE,Low,BULLISH_WARNING,55.0,Aligned,neutral,结构:STRUCTURAL_DIVERGENCE(A/A-); 阶段:Stable(B); 触发:Consolidation(C); 置信度:Low,PASSED,C,fallback
00371,北控水务,2015-01-09,STRUCTURAL_DIVERGENCE,Stable,Consolidation,21.45043127879933,COST_DISADVANTAGE,Low,BULLISH_WARNING,55.0,Aligned,neutral,结构:STRUCTURAL_DIVERGENCE(A/A-); 阶段:Stable(B); 触发:Consolidation(C); 置信度:Low,PASSED,C,fallback
00371,北控水务,2015-01-16,STRUCTURAL_DIVERGENCE,Stable,Consolidation,21.45043127879933,COST_DISADVANTAGE,Low,BULLISH_WARNING,55.0,Aligned,neutral,结构:STRUCTURAL_DIVERGENCE(A/A-); 阶段:Stable(B); 触发:Consolidation(C); 置信度:Low,PASSED,C,fallback
00371,北控水务,2015-01-23,STRUCTURAL_DIVERGENCE,Stable,Consolidation,21.45043127879933,COST_DISADVANTAGE,Low,BULLISH_WARNING,55.0,Aligned,neutral,结构:STRUCTURAL_DIVERGENCE(A/A-); 阶段:Stable(B); 触发:Consolidation(C); 置信度:Low,PASSED,C,fallback
00371,北控水务,2015-01-30,STRUCTURAL_DIVERGENCE,Stable,Consolidation,21.45043127879933,COST_DISADVANTAGE,Low,BULLISH_WARNING,55.0,Aligned,neutral,结构:STRUCTURAL_DIVERGENCE(A/A-); 阶段:Stable(B); 触发:Consolidation(C); 置信度:Low,PASSED,C,fallback
00371,北控水务,2015-02-06,STRUCTURAL_DIVERGENCE,Stable,Consolidation,31.526637021364202,COST_DISADVANTAGE,Low,BULLISH_WARNING,55.0,Aligned,neutral,结构:STRUCTURAL_DIVERGENCE(A/A-); 阶段:Stable(B); 触发:Consolidation(C); 置信度:Low,PASSED,C,fallback
00371,北控水务,2015-02-13,STRUCTURAL_DIVERGENCE,Stable,Consolidation,31.526637021364202,COST_DISADVANTAGE,Low,BULLISH_WARNING,55.0,Aligned,neutral,结构:STRUCTURAL_DIVERGENCE(A/A-); 阶段:Stable(B); 触发:Consolidation(C); 置信度:Low,PASSED,C,fallback
00371,北控水务,2015-02-20,STRUCTURAL_DIVERGENCE,Stable,Consolidation,31.526637021364202,COST_DISADVANTAGE,Low,BULLISH_WARNING,55.0,Aligned,neutral,结构:STRUCTURAL_DIVERGENCE(A/A-); 阶段:Stable(B); 触发:Consolidation(C); 置信度:Low,PASSED,C,fallback
00371,北控水务,2015-02-27,STRUCTURAL_DIVERGENCE,Stable,Consolidation,31.526637021364202,COST_DISADVANTAGE,Low,BULLISH_WARNING,55.0,Aligned,neutral,结构:STRUCTURAL_DIVERGENCE(A/A-); 阶段:Stable(B); 触发:Consolidation(C); 置信度:Low,PASSED,C,fallback
00371,北控水务,2015-03-06,STRUCTURAL_DIVERGENCE,Deteriorating,Consolidation,17.12544325877958,COST_DISADVANTAGE,Low,BULLISH_WARNING,55.0,Aligned,neutral,结构:STRUCTURAL_DIVERGENCE(A/A-); 阶段:Deteriorating(B); 触发:Consolidation(C); 置信度:Low,PASSED,C,fallback
00371,北控水务,2015-03-13,STRUCTURAL_DIVERGENCE,Deteriorating,Consolidation,17.12544325877958,COST_DISADVANTAGE,Low,BULLISH_WARNING,55.0,Aligned,neutral,结构:STRUCTURAL_DIVERGENCE(A/A-); 阶段:Deteriorating(B); 触发:Consolidation(C); 置信度:Low,PASSED,C,fallback
00371,北控水务,2015-03-20,STRUCTURAL_DIVERGENCE,Deteriorating,Consolidation,17.12544325877958,COST_DISADVANTAGE,Low,BULLISH_WARNING,55.0,Aligned,neutral,结构:STRUCTURAL_DIVERGENCE(A/A-); 阶段:Deteriorating(B); 触发:Consolidation(C); 置信度:Low,PASSED,C,fallback
00371,北控水务,2015-03-27,STRUCTURAL_DIVERGENCE,Deteriorating,Consolidation,17.12544325877958,COST_DISADVANTAGE,Low,BULLISH_WARNING,55.0,Aligned,neutral,结构:STRUCTURAL_DIVERGENCE(A/A-); 阶段:Deteriorating(B); 触发:Consolidation(C); 置信度:Low,PASSED,C,fallback
00371,北控水务,2015-04-03,STRUCTURAL_DIVERGENCE,Stable,Consolidation,24.35728268419431,COST_DISADVANTAGE,Low,BULLISH_WARNING,55.0,Aligned,risk_on,结构:STRUCTURAL_DIVERGENCE(A/A-); 阶段:Stable(B); 触发:Consolidation(C); 置信度:Low,PASSED,C,fallback
00371,北控水务,2015-04-10,STRUCTURAL_DIVERGENCE,Stable,Consolidation,24.35728268419431,COST_DISADVANTAGE,Low,BULLISH_WARNING,55.0,Aligned,risk_off,结构:STRUCTURAL_DIVERGENCE(A/A-); 阶段:Stable(B); 触发:Consolidation(C); 置信度:Low,PASSED,C,fallback
00371,北控水务,2015-04-17,STRUCTURAL_DIVERGENCE,Stable,Consolidation,24.35728268419431,COST_DISADVANTAGE,Low,BULLISH_WARNING,55.0,Aligned,risk_on,结构:STRUCTURAL_DIVERGENCE(A/A-); 阶段:Stable(B); 触发:Consolidation(C); 置信度:Low,PASSED,C,fallback
00371,北控水务,2015-04-24,STRUCTURAL_DIVERGENCE,Stable,Consolidation,24.35728268419431,COST_DISADVANTAGE,Low,BULLISH_WARNING,55.0,Aligned,risk_on,结构:STRUCTURAL_DIVERGENCE(A/A-); 阶段:Stable(B); 触发:Consolidation(C); 置信度:Low,PASSED,C,fallback
00371,北控水务,2015-05-01,STRUCTURAL_DIVERGENCE,Deteriorating,Consolidation,12.451985949426582,COST_NEUTRAL,Low,BULLISH_WARNING,55.0,Aligned,risk_on,结构:STRUCTURAL_DIVERGENCE(A/A-); 阶段:Deteriorating(B); 触发:Consolidation(C); 置信度:Low,PASSED,C,fallback
00371,北控水务,2015-05-08,STRUCTURAL_DIVERGENCE,Deteriorating,Consolidation,12.451985949426582,COST_NEUTRAL,Low,BULLISH_WARNING,55.0,Aligned,risk_on,结构:STRUCTURAL_DIVERGENCE(A/A-); 阶段:Deteriorating(B); 触发:Consolidation(C); 置信度:Low,PASSED,C,fallback
00371,北控水务,2015-05-15,STRUCTURAL_DIVERGENCE,Deteriorating,Consolidation,12.451985949426582,COST_NEUTRAL,Low,BULLISH_WARNING,55.0,Aligned,risk_on,结构:STRUCTURAL_DIVERGENCE(A/A-); 阶段:Deteriorating(B); 触发:Consolidation(C); 置信度:Low,PASSED,C,fallback
00371,北控水务,2015-05-22,STRUCTURAL_DIVERGENCE,Deteriorating,Consolidation,12.451985949426582,COST_NEUTRAL,Low,BULLISH_WARNING,55.0,Aligned,risk_on,结构:STRUCTURAL_DIVERGENCE(A/A-); 阶段:Deteriorating(B); 触发:Consolidation(C); 置信度:Low,PASSED,C,fallback
00371,北控水务,2015-05-29,STRUCTURAL_DIVERGENCE,Deteriorating,Consolidation,12.451985949426582,COST_NEUTRAL,Low,BULLISH_WARNING,55.0,Aligned,risk_on,结构:STRUCTURAL_DIVERGENCE(A/A-); 阶段:Deteriorating(B); 触发:Consolidation(C); 置信度:Low,PASSED,C,fallback
00371,北控水务,2015-06-05,STRUCTURAL_DIVERGENCE,Deteriorating,Consolidation,20.743435687131367,COST_NEUTRAL,Low,BULLISH_WARNING,55.0,Aligned,risk_on,结构:STRUCTURAL_DIVERGENCE(A/A-); 阶段:Deteriorating(B); 触发:Consolidation(C); 置信度:Low,PASSED,C,fallback
00371,北控水务,2015-06-12,STRUCTURAL_DIVERGENCE,Deteriorating,Pullback,20.743435687131367,COST_NEUTRAL,Low,BULLISH_WARNING,55.0,Aligned,risk_on,结构:STRUCTURAL_DIVERGENCE(A/A-); 阶段:Deteriorating(B); 触发:Pullback(C); 置信度:Low,PASSED,C,fallback
00371,北控水务,2015-06-19,STRUCTURAL_DIVERGENCE,Deteriorating,Pullback,20.743435687131367,COST_NEUTRAL,Low,BULLISH_WARNING,55.0,Aligned,risk_on,结构:STRUCTURAL_DIVERGENCE(A/A-); 阶段:Deteriorating(B); 触发:Pullback(C); 置信度:Low,PASSED,C,fallback
00371,北控水务,2015-06-26,STRUCTURAL_DIVERGENCE,Deteriorating,Consolidation,20.743435687131367,COST_NEUTRAL,Low,BULLISH_WARNING,55.0,Aligned,risk_on,结构:STRUCTURAL_DIVERGENCE(A/A-); 阶段:Deteriorating(B); 触发:Consolidation(C); 置信度:Low,PASSED,C,fallback
00371,北控水务,2015-07-03,STRUCTURAL_DIVERGENCE,Deteriorating,Pullback,23.08591020623483,COST_DISADVANTAGE,Low,BULLISH_WARNING,55.0,Aligned,risk_on,结构:STRUCTURAL_DIVERGENCE(A/A-); 阶段:Deteriorating(B); 触发:Pullback(C); 置信度:Low,PASSED,C,fallback
00371,北控水务,2015-07-10,STRUCTURAL_DIVERGENCE,Deteriorating,Consolidation,23.08591020623483,COST_DISADVANTAGE,Low,BULLISH_WARNING,55.0,Aligned,risk_off,结构:STRUCTURAL_DIVERGENCE(A/A-); 阶段:Deteriorating(B); 触发:Consolidation(C); 置信度:Low,PASSED,C,fallback
00371,北控水务,2015-07-17,STRUCTURAL_DIVERGENCE,Deteriorating,Pullback,23.08591020623483,COST_DISADVANTAGE,Low,BULLISH_WARNING,55.0,Aligned,risk_off,结构:STRUCTURAL_DIVERGENCE(A/A-); 阶段:Deteriorating(B); 触发:Pullback(C); 置信度:Low,PASSED,C,fallback
00371,北控水务,2015-07-24,STRUCTURAL_DIVERGENCE,Deteriorating,Consolidation,23.08591020623483,COST_DISADVANTAGE,Low,BULLISH_WARNING,55.0,Aligned,risk_off,结构:STRUCTURAL_DIVERGENCE(A/A-); 阶段:Deteriorating(B); 触发:Consolidation(C); 置信度:Low,PASSED,C,fallback
00371,北控水务,2015-07-31,STRUCTURAL_DIVERGENCE,Deteriorating,Consolidation,21.547948100644522,COST_DISADVANTAGE,Low,BULLISH_WARNING,55.0,Aligned,risk_off,结构:STRUCTURAL_DIVERGENCE(A/A-); 阶段:Deteriorating(B); 触发:Consolidation(C); 置信度:Low,PASSED,C,fallback
00371,北控水务,2015-08-07,STRUCTURAL_DIVERGENCE,Deteriorating,Consolidation,21.547948100644522,COST_DISADVANTAGE,Low,BULLISH_WARNING,55.0,Aligned,risk_off,结构:STRUCTURAL_DIVERGENCE(A/A-); 阶段:Deteriorating(B); 触发:Consolidation(C); 置信度:Low,PASSED,C,fallback
00371,北控水务,2015-08-14,STRUCTURAL_DIVERGENCE,Deteriorating,Consolidation,21.547948100644522,COST_DISADVANTAGE,Low,BULLISH_WARNING,55.0,Aligned,risk_off,结构:STRUCTURAL_DIVERGENCE(A/A-); 阶段:Deteriorating(B); 触发:Consolidation(C); 置信度:Low,PASSED,C,fallback
00371,北控水务,2015-08-21,STRUCTURAL_DIVERGENCE,Deteriorating,Consolidation,21.547948100644522,COST_DISADVANTAGE,Low,BULLISH_WARNING,55.0,Aligned,risk_off,结构:STRUCTURAL_DIVERGENCE(A/A-); 阶段:Deteriorating(B); 触发:Consolidation(C); 置信度:Low,PASSED,C,fallback
00371,北控水务,2015-08-28,STRUCTURAL_DIVERGENCE,Deteriorating,Consolidation,21.547948100644522,COST_DISADVANTAGE,Low,BULLISH_WARNING,55.0,Aligned,risk_off,结构:STRUCTURAL_DIVERGENCE(A/A-); 阶段:Deteriorating(B); 触发:Consolidation(C); 置信度:Low,PASSED,C,fallback
00371,北控水务,2015-09-04,STRUCTURAL_DIVERGENCE,Deteriorating,Consolidation,24.229010765506295,COST_DISADVANTAGE,Low,BULLISH_WARNING,55.0,Aligned,risk_off,结构:STRUCTURAL_DIVERGENCE(A/A-); 阶段:Deteriorating(B); 触发:Consolidation(C); 置信度:Low,PASSED,C,fallback
00371,北控水务,2015-09-11,STRUCTURAL_DIVERGENCE,Deteriorating,Consolidation,24.229010765506295,COST_DISADVANTAGE,Low,BULLISH_WARNING,55.0,Aligned,risk_off,结构:STRUCTURAL_DIVERGENCE(A/A-); 阶段:Deteriorating(B); 触发:Consolidation(C); 置信度:Low,PASSED,C,fallback
00371,北控水务,2015-09-18,STRUCTURAL_DIVERGENCE,Deteriorating,Consolidation,24.229010765506295,COST_DISADVANTAGE,Low,BULLISH_WARNING,55.0,Aligned,risk_off,结构:STRUCTURAL_DIVERGENCE(A/A-); 阶段:Deteriorating(B); 触发:Consolidation(C); 置信度:Low,PASSED,C,fallback
00371,北控水务,2015-09-25,STRUCTURAL_DIVERGENCE,Deteriorating,Consolidation,24.229010765506295,COST_DISADVANTAGE,Low,BULLISH_WARNING,55.0,Aligned,risk_off,结构:STRUCTURAL_DIVERGENCE(A/A-); 阶段:Deteriorating(B); 触发:Consolidation(C); 置信度:Low,PASSED,C,fallback
00371,北控水务,2015-10-02,STRUCTURAL_DIVERGENCE,Deteriorating,Consolidation,34.40307709555476,COST_DISADVANTAGE,Low,BULLISH_WARNING,55.0,Aligned,risk_off,结构:STRUCTURAL_DIVERGENCE(A/A-); 阶段:Deteriorating(B); 触发:Consolidation(C); 置信度:Low,PASSED,C,fallback
00371,北控水务,2015-10-09,STRUCTURAL_DIVERGENCE,Deteriorating,Consolidation,34.40307709555476,COST_DISADVANTAGE,Low,BULLISH_WARNING,55.0,Aligned,risk_off,结构:STRUCTURAL_DIVERGENCE(A/A-); 阶段:Deteriorating(B); 触发:Consolidation(C); 置信度:Low,PASSED,C,fallback
00371,北控水务,2015-10-16,STRUCTURAL_DIVERGENCE,Deteriorating,Consolidation,34.40307709555476,COST_DISADVANTAGE,Low,BULLISH_WARNING,55.0,Aligned,risk_off,结构:STRUCTURAL_DIVERGENCE(A/A-); 阶段:Deteriorating(B); 触发:Consolidation(C); 置信度:Low,PASSED,C,fallback
00371,北控水务,2015-10-23,STRUCTURAL_DIVERGENCE,Deteriorating,Consolidation,34.40307709555476,COST_DISADVANTAGE,Low,BULLISH_WARNING,55.0,Aligned,risk_off,结构:STRUCTURAL_DIVERGENCE(A/A-); 阶段:Deteriorating(B); 触发:Consolidation(C); 置信度:Low,PASSED,C,fallback
00371,北控水务,2015-10-30,STRUCTURAL_DIVERGENCE,Deteriorating,Consolidation,34.40307709555476,COST_DISADVANTAGE,Low,BULLISH_WARNING,55.0,Aligned,risk_off,结构:STRUCTURAL_DIVERGENCE(A/A-); 阶段:Deteriorating(B); 触发:Consolidation(C); 置信度:Low,PASSED,C,fallback
00371,北控水务,2015-11-06,STRUCTURAL_DIVERGENCE,Improving,Consolidation,25.13591944176928,COST_DISADVANTAGE,Low,BULLISH_WARNING,55.0,Aligned,risk_off,结构:STRUCTURAL_DIVERGENCE(A/A-); 阶段:Improving(B); 触发:Consolidation(C); 置信度:Low,PASSED,C,fallback
00371,北控水务,2015-11-13,STRUCTURAL_DIVERGENCE,Improving,Pullback,25.13591944176928,COST_DISADVANTAGE,Low,BULLISH_WARNING,55.0,Aligned,risk_off,结构:STRUCTURAL_DIVERGENCE(A/A-); 阶段:Improving(B); 触发:Pullback(C); 置信度:Low,PASSED,C,fallback
00371,北控水务,2015-11-20,STRUCTURAL_DECLINE,Improving,Consolidation,25.13591944176928,COST_DISADVANTAGE,Low,BEARISH_CONFIRMED,20.0,Divergence,risk_on,结构:STRUCTURAL_DECLINE(A/A-); 阶段:Improving(B); 触发:Consolidation(C); 置信度:Low,PASSED,C,fallback
00371,北控水务,2015-11-27,STRUCTURAL_DECLINE,Improving,Pullback,25.13591944176928,COST_DISADVANTAGE,Low,BEARISH_CONFIRMED,20.0,Divergence,neutral,结构:STRUCTURAL_DECLINE(A/A-); 阶段:Improving(B); 触发:Pullback(C); 置信度:Low,PASSED,C,fallback
00371,北控水务,2015-12-04,STRUCTURAL_DECLINE,Deteriorating,Consolidation,35.57406908166794,COST_DISADVANTAGE,Low,BEARISH_CONFIRMED,20.0,Aligned,risk_on,结构:STRUCTURAL_DECLINE(A/A-); 阶段:Deteriorating(B); 触发:Consolidation(C); 置信度:Low,PASSED,C,fallback
00371,北控水务,2015-12-11,STRUCTURAL_DECLINE,Deteriorating,Consolidation,35.57406908166794,COST_DISADVANTAGE,Low,BEARISH_CONFIRMED,20.0,Aligned,neutral,结构:STRUCTURAL_DECLINE(A/A-); 阶段:Deteriorating(B); 触发:Consolidation(C); 置信度:Low,PASSED,C,fallback
00371,北控水务,2015-12-18,STRUCTURAL_DECLINE,Deteriorating,Consolidation,35.57406908166794,COST_DISADVANTAGE,Low,BEARISH_CONFIRMED,20.0,Aligned,neutral,结构:STRUCTURAL_DECLINE(A/A-); 阶段:Deteriorating(B); 触发:Consolidation(C); 置信度:Low,PASSED,C,fallback
00371,北控水务,2015-12-25,STRUCTURAL_DECLINE,Deteriorating,Consolidation,35.57406908166794,COST_DISADVANTAGE,Low,BEARISH_CONFIRMED,20.0,Aligned,risk_on,结构:STRUCTURAL_DECLINE(A/A-); 阶段:Deteriorating(B); 触发:Consolidation(C); 置信度:Low,PASSED,C,fallback
00371,北控水务,2016-01-01,STRUCTURAL_DECLINE,Deteriorating,Consolidation,19.136217359259266,COST_DISADVANTAGE,Low,BEARISH_CONFIRMED,20.0,Aligned,neutral,结构:STRUCTURAL_DECLINE(A/A-); 阶段:Deteriorating(B); 触发:Consolidation(C); 置信度:Low,PASSED,C,fallback
00371,北控水务,2016-01-08,STRUCTURAL_DECLINE,Deteriorating,Breakdown,19.136217359259266,COST_DISADVANTAGE,Low,BEARISH_CONFIRMED,20.0,Aligned,risk_off,结构:STRUCTURAL_DECLINE(A/A-); 阶段:Deteriorating(B); 触发:Breakdown(C); 置信度:Low,PASSED,C,matrix
00371,北控水务,2016-01-15,STRUCTURAL_DECLINE,Deteriorating,Breakdown,19.136217359259266,COST_DISADVANTAGE,Low,BEARISH_CONFIRMED,20.0,Aligned,risk_off,结构:STRUCTURAL_DECLINE(A/A-); 阶段:Deteriorating(B); 触发:Breakdown(C); 置信度:Low,PASSED,C,matrix
00371,北控水务,2016-01-22,STRUCTURAL_DECLINE,Deteriorating,Consolidation,19.136217359259266,COST_DISADVANTAGE,Low,BEARISH_CONFIRMED,20.0,Aligned,risk_off,结构:STRUCTURAL_DECLINE(A/A-); 阶段:Deteriorating(B); 触发:Consolidation(C); 置信度:Low,PASSED,C,fallback
00371,北控水务,2016-01-29,STRUCTURAL_DECLINE,Deteriorating,Breakdown,19.136217359259266,COST_DISADVANTAGE,Low,BEARISH_CONFIRMED,20.0,Aligned,risk_off,结构:STRUCTURAL_DECLINE(A/A-); 阶段:Deteriorating(B); 触发:Breakdown(C); 置信度:Low,PASSED,C,matrix
00371,北控水务,2016-02-05,STRUCTURAL_DECLINE,Deteriorating,Consolidation,16.44741349160324,COST_DISADVANTAGE,Low,BEARISH_CONFIRMED,20.0,Aligned,risk_off,结构:STRUCTURAL_DECLINE(A/A-); 阶段:Deteriorating(B); 触发:Consolidation(C); 置信度:Low,PASSED,C,fallback
00371,北控水务,2016-02-12,STRUCTURAL_DECLINE,Deteriorating,Breakdown,16.44741349160324,COST_DISADVANTAGE,Low,BEARISH_CONFIRMED,20.0,Aligned,risk_off,结构:STRUCTURAL_DECLINE(A/A-); 阶段:Deteriorating(B); 触发:Breakdown(C); 置信度:Low,PASSED,C,matrix
00371,北控水务,2016-02-19,STRUCTURAL_DECLINE,Deteriorating,Consolidation,16.44741349160324,COST_DISADVANTAGE,Low,BEARISH_CONFIRMED,20.0,Aligned,risk_off,结构:STRUCTURAL_DECLINE(A/A-); 阶段:Deteriorating(B); 触发:Consolidation(C); 置信度:Low,PASSED,C,fallback
00371,北控水务,2016-02-26,STRUCTURAL_DECLINE,Deteriorating,Consolidation,16.44741349160324,COST_DISADVANTAGE,Low,BEARISH_CONFIRMED,20.0,Aligned,risk_off,结构:STRUCTURAL_DECLINE(A/A-); 阶段:Deteriorating(B); 触发:Consolidation(C); 置信度:Low,PASSED,C,fallback
00371,北控水务,2016-03-04,STRUCTURAL_DECLINE,Improving,Consolidation,21.663347625470816,COST_DISADVANTAGE,Low,BEARISH_CONFIRMED,20.0,Divergence,risk_off,结构:STRUCTURAL_DECLINE(A/A-); 阶段:Improving(B); 触发:Consolidation(C); 置信度:Low,PASSED,C,fallback
00371,北控水务,2016-03-11,STRUCTURAL_DECLINE,Improving,Consolidation,21.663347625470816,COST_DISADVANTAGE,Low,BEARISH_CONFIRMED,20.0,Divergence,risk_off,结构:STRUCTURAL_DECLINE(A/A-); 阶段:Improving(B); 触发:Consolidation(C); 置信度:Low,PASSED,C,fallback
00371,北控水务,2016-03-18,STRUCTURAL_DECLINE,Improving,Consolidation,21.663347625470816,COST_DISADVANTAGE,Low,BEARISH_CONFIRMED,20.0,Divergence,risk_off,结构:STRUCTURAL_DECLINE(A/A-); 阶段:Improving(B); 触发:Consolidation(C); 置信度:Low,PASSED,C,fallback
00371,北控水务,2016-03-25,STRUCTURAL_DECLINE,Improving,Consolidation,21.663347625470816,COST_DISADVANTAGE,Low,BEARISH_CONFIRMED,20.0,Divergence,risk_off,结构:STRUCTURAL_DECLINE(A/A-); 阶段:Improving(B); 触发:Consolidation(C); 置信度:Low,PASSED,C,fallback
00371,北控水务,2016-04-01,STRUCTURAL_DECLINE,Improving,Consolidation,28.03913399229121,COST_DISADVANTAGE,Low,BEARISH_CONFIRMED,20.0,Divergence,risk_off,结构:STRUCTURAL_DECLINE(A/A-); 阶段:Improving(B); 触发:Consolidation(C); 置信度:Low,PASSED,C,fallback
00371,北控水务,2016-04-08,STRUCTURAL_DECLINE,Improving,Consolidation,28.03913399229121,COST_DISADVANTAGE,Low,BEARISH_CONFIRMED,20.0,Divergence,neutral,结构:STRUCTURAL_DECLINE(A/A-); 阶段:Improving(B); 触发:Consolidation(C); 置信度:Low,PASSED,C,fallback
00371,北控水务,2016-04-15,STRUCTURAL_DECLINE,Improving,Consolidation,28.03913399229121,COST_DISADVANTAGE,Low,BEARISH_CONFIRMED,20.0,Divergence,risk_on,结构:STRUCTURAL_DECLINE(A/A-); 阶段:Improving(B); 触发:Consolidation(C); 置信度:Low,PASSED,C,fallback
00371,北控水务,2016-04-22,STRUCTURAL_DECLINE,Improving,Consolidation,28.03913399229121,COST_DISADVANTAGE,Low,BEARISH_CONFIRMED,20.0,Divergence,risk_on,结构:STRUCTURAL_DECLINE(A/A-); 阶段:Improving(B); 触发:Consolidation(C); 置信度:Low,PASSED,C,fallback
00371,北控水务,2016-04-29,STRUCTURAL_DECLINE,Improving,Consolidation,28.03913399229121,COST_DISADVANTAGE,Low,BEARISH_CONFIRMED,20.0,Divergence,risk_on,结构:STRUCTURAL_DECLINE(A/A-); 阶段:Improving(B); 触发:Consolidation(C); 置信度:Low,PASSED,C,fallback
00371,北控水务,2016-05-06,STRUCTURAL_DECLINE,Deteriorating,Consolidation,31.300169265482264,COST_DISADVANTAGE,Low,BEARISH_CONFIRMED,20.0,Aligned,risk_on,结构:STRUCTURAL_DECLINE(A/A-); 阶段:Deteriorating(B); 触发:Consolidation(C); 置信度:Low,PASSED,C,fallback
00371,北控水务,2016-05-13,STRUCTURAL_DECLINE,Deteriorating,Consolidation,31.300169265482264,COST_DISADVANTAGE,Low,BEARISH_CONFIRMED,20.0,Aligned,risk_on,结构:STRUCTURAL_DECLINE(A/A-); 阶段:Deteriorating(B); 触发:Consolidation(C); 置信度:Low,PASSED,C,fallback
00371,北控水务,2016-05-20,STRUCTURAL_DECLINE,Deteriorating,Consolidation,31.300169265482264,COST_DISADVANTAGE,Low,BEARISH_CONFIRMED,20.0,Aligned,neutral,结构:STRUCTURAL_DECLINE(A/A-); 阶段:Deteriorating(B); 触发:Consolidation(C); 置信度:Low,PASSED,C,fallback
00371,北控水务,2016-05-27,STRUCTURAL_DECLINE,Deteriorating,Consolidation,31.300169265482264,COST_DISADVANTAGE,Low,BEARISH_CONFIRMED,20.0,Aligned,risk_on,结构:STRUCTURAL_DECLINE(A/A-); 阶段:Deteriorating(B); 触发:Consolidation(C); 置信度:Low,PASSED,C,fallback
00371,北控水务,2016-06-03,STRUCTURAL_DECLINE,Improving,Consolidation,39.65437309734091,COST_DISADVANTAGE,Low,BEARISH_CONFIRMED,20.0,Divergence,risk_on,结构:STRUCTURAL_DECLINE(A/A-); 阶段:Improving(B); 触发:Consolidation(C); 置信度:Low,PASSED,C,fallback
00371,北控水务,2016-06-10,STRUCTURAL_DECLINE,Improving,Consolidation,39.65437309734091,COST_DISADVANTAGE,Low,BEARISH_CONFIRMED,20.0,Divergence,risk_on,结构:STRUCTURAL_DECLINE(A/A-); 阶段:Improving(B); 触发:Consolidation(C); 置信度:Low,PASSED,C,fallback
00371,北控水务,2016-06-17,STRUCTURAL_DECLINE,Improving,Consolidation,39.65437309734091,COST_DISADVANTAGE,Low,BEARISH_CONFIRMED,20.0,Divergence,risk_off,结构:STRUCTURAL_DECLINE(A/A-); 阶段:Improving(B); 触发:Consolidation(C); 置信度:Low,PASSED,C,fallback
00371,北控水务,2016-06-24,STRUCTURAL_DECLINE,Improving,Consolidation,39.65437309734091,COST_DISADVANTAGE,Low,BEARISH_CONFIRMED,20.0,Divergence,risk_off,结构:STRUCTURAL_DECLINE(A/A-); 阶段:Improving(B); 触发:Consolidation(C); 置信度:Low,PASSED,C,fallback
00371,北控水务,2016-07-01,STRUCTURAL_DECLINE,Deteriorating,Consolidation,40.31846642727975,COST_DISADVANTAGE,Low,BEARISH_CONFIRMED,20.0,Aligned,risk_on,结构:STRUCTURAL_DECLINE(A/A-); 阶段:Deteriorating(B); 触发:Consolidation(C); 置信度:Low,PASSED,C,fallback
00371,北控水务,2016-07-08,STRUCTURAL_DECLINE,Deteriorating,Consolidation,40.31846642727975,COST_DISADVANTAGE,Low,BEARISH_CONFIRMED,20.0,Aligned,neutral,结构:STRUCTURAL_DECLINE(A/A-); 阶段:Deteriorating(B); 触发:Consolidation(C); 置信度:Low,PASSED,C,fallback
00371,北控水务,2016-07-15,STRUCTURAL_DECLINE,Deteriorating,Consolidation,40.31846642727975,COST_DISADVANTAGE,Low,BEARISH_CONFIRMED,20.0,Aligned,neutral,结构:STRUCTURAL_DECLINE(A/A-); 阶段:Deteriorating(B); 触发:Consolidation(C); 置信度:Low,PASSED,C,fallback
00371,北控水务,2016-07-22,STRUCTURAL_DECLINE,Deteriorating,Consolidation,40.31846642727975,COST_DISADVANTAGE,Low,BEARISH_CONFIRMED,20.0,Aligned,risk_on,结构:STRUCTURAL_DECLINE(A/A-); 阶段:Deteriorating(B); 触发:Consolidation(C); 置信度:Low,PASSED,C,fallback
00371,北控水务,2016-07-29,STRUCTURAL_DECLINE,Deteriorating,Consolidation,40.31846642727975,COST_DISADVANTAGE,Low,BEARISH_CONFIRMED,20.0,Aligned,risk_on,结构:STRUCTURAL_DECLINE(A/A-); 阶段:Deteriorating(B); 触发:Consolidation(C); 置信度:Low,PASSED,C,fallback
00371,北控水务,2016-08-05,STRUCTURAL_DECLINE,Improving,Consolidation,43.05982754023717,COST_DISADVANTAGE,Low,BEARISH_CONFIRMED,20.0,Divergence,risk_on,结构:STRUCTURAL_DECLINE(A/A-); 阶段:Improving(B); 触发:Consolidation(C); 置信度:Low,PASSED,C,fallback
00371,北控水务,2016-08-12,STRUCTURAL_DECLINE,Improving,Consolidation,43.05982754023717,COST_DISADVANTAGE,Low,BEARISH_CONFIRMED,20.0,Divergence,risk_on,结构:STRUCTURAL_DECLINE(A/A-); 阶段:Improving(B); 触发:Consolidation(C); 置信度:Low,PASSED,C,fallback
00371,北控水务,2016-08-19,STRUCTURAL_DECLINE,Improving,Consolidation,43.05982754023717,COST_DISADVANTAGE,Low,BEARISH_CONFIRMED,20.0,Divergence,risk_on,结构:STRUCTURAL_DECLINE(A/A-); 阶段:Improving(B); 触发:Consolidation(C); 置信度:Low,PASSED,C,fallback
00371,北控水务,2016-08-26,STRUCTURAL_DECLINE,Improving,Consolidation,43.05982754023717,COST_DISADVANTAGE,Low,BEARISH_CONFIRMED,20.0,Divergence,risk_on,结构:STRUCTURAL_DECLINE(A/A-); 阶段:Improving(B); 触发:Consolidation(C); 置信度:Low,PASSED,C,fallback
00371,北控水务,2016-09-02,STRUCTURAL_DECLINE,Improving,Consolidation,34.688157121554724,COST_DISADVANTAGE,Low,BEARISH_CONFIRMED,20.0,Divergence,risk_on,结构:STRUCTURAL_DECLINE(A/A-); 阶段:Improving(B); 触发:Consolidation(C); 置信度:Low,PASSED,C,fallback
00371,北控水务,2016-09-09,STRUCTURAL_DECLINE,Improving,Consolidation,34.688157121554724,COST_DISADVANTAGE,Low,BEARISH_CONFIRMED,20.0,Divergence,risk_on,结构:STRUCTURAL_DECLINE(A/A-); 阶段:Improving(B); 触发:Consolidation(C); 置信度:Low,PASSED,C,fallback
00371,北控水务,2016-09-16,STRUCTURAL_DECLINE,Improving,Consolidation,34.688157121554724,COST_DISADVANTAGE,Low,BEARISH_CONFIRMED,20.0,Divergence,risk_on,结构:STRUCTURAL_DECLINE(A/A-); 阶段:Improving(B); 触发:Consolidation(C); 置信度:Low,PASSED,C,fallback
00371,北控水务,2016-09-23,STRUCTURAL_DECLINE,Improving,Consolidation,34.688157121554724,COST_DISADVANTAGE,Low,BEARISH_CONFIRMED,20.0,Divergence,risk_on,结构:STRUCTURAL_DECLINE(A/A-); 阶段:Improving(B); 触发:Consolidation(C); 置信度:Low,PASSED,C,fallback
00371,北控水务,2016-09-30,STRUCTURAL_DECLINE,Deteriorating,Pullback,27.899831421051847,COST_DISADVANTAGE,Low,BEARISH_CONFIRMED,20.0,Aligned,risk_on,结构:STRUCTURAL_DECLINE(A/A-); 阶段:Deteriorating(B); 触发:Pullback(C); 置信度:Low,PASSED,C,fallback
00371,北控水务,2016-10-07,STRUCTURAL_DECLINE,Deteriorating,Consolidation,27.899831421051847,COST_DISADVANTAGE,Low,BEARISH_CONFIRMED,20.0,Aligned,risk_on,结构:STRUCTURAL_DECLINE(A/A-); 阶段:Deteriorating(B); 触发:Consolidation(C); 置信度:Low,PASSED,C,fallback
00371,北控水务,2016-10-14,STRUCTURAL_DECLINE,Deteriorating,Pullback,27.899831421051847,COST_DISADVANTAGE,Low,BEARISH_CONFIRMED,20.0,Aligned,risk_on,结构:STRUCTURAL_DECLINE(A/A-); 阶段:Deteriorating(B); 触发:Pullback(C); 置信度:Low,PASSED,C,fallback
00371,北控水务,2016-10-21,STRUCTURAL_DECLINE,Deteriorating,Consolidation,27.899831421051847,COST_DISADVANTAGE,Low,BEARISH_CONFIRMED,20.0,Aligned,risk_on,结构:STRUCTURAL_DECLINE(A/A-); 阶段:Deteriorating(B); 触发:Consolidation(C); 置信度:Low,PASSED,C,fallback
00371,北控水务,2016-10-28,STRUCTURAL_DECLINE,Deteriorating,Consolidation,27.899831421051847,COST_DISADVANTAGE,Low,BEARISH_CONFIRMED,20.0,Aligned,risk_on,结构:STRUCTURAL_DECLINE(A/A-); 阶段:Deteriorating(B); 触发:Consolidation(C); 置信度:Low,PASSED,C,fallback
00371,北控水务,2016-11-04,STRUCTURAL_DECLINE,Improving,Pullback,38.47693126292503,COST_DISADVANTAGE,Low,BEARISH_CONFIRMED,20.0,Divergence,neutral,结构:STRUCTURAL_DECLINE(A/A-); 阶段:Improving(B); 触发:Pullback(C); 置信度:Low,PASSED,C,fallback
00371,北控水务,2016-11-11,STRUCTURAL_DECLINE,Improving,Consolidation,38.47693126292503,COST_DISADVANTAGE,Low,BEARISH_CONFIRMED,20.0,Divergence,neutral,结构:STRUCTURAL_DECLINE(A/A-); 阶段:Improving(B); 触发:Consolidation(C); 置信度:Low,PASSED,C,fallback
00371,北控水务,2016-11-18,STRUCTURAL_DECLINE,Improving,Consolidation,38.47693126292503,COST_DISADVANTAGE,Low,BEARISH_CONFIRMED,20.0,Divergence,risk_off,结构:STRUCTURAL_DECLINE(A/A-); 阶段:Improving(B); 触发:Consolidation(C); 置信度:Low,PASSED,C,fallback
00371,北控水务,2016-11-25,STRUCTURAL_DECLINE,Improving,Pullback,38.47693126292503,COST_DISADVANTAGE,Low,BEARISH_CONFIRMED,20.0,Divergence,neutral,结构:STRUCTURAL_DECLINE(A/A-); 阶段:Improving(B); 触发:Pullback(C); 置信度:Low,PASSED,C,fallback
00371,北控水务,2016-12-02,STRUCTURAL_DECLINE,Stable,Pullback,38.452414781786786,COST_DISADVANTAGE,Low,BEARISH_CONFIRMED,20.0,Aligned,risk_off,结构:STRUCTURAL_DECLINE(A/A-); 阶段:Stable(B); 触发:Pullback(C); 置信度:Low,PASSED,C,fallback
00371,北控水务,2016-12-09,STRUCTURAL_DECLINE,Stable,Pullback,38.452414781786786,COST_DISADVANTAGE,Low,BEARISH_CONFIRMED,20.0,Aligned,neutral,结构:STRUCTURAL_DECLINE(A/A-); 阶段:Stable(B); 触发:Pullback(C); 置信度:Low,PASSED,C,fallback
00371,北控水务,2016-12-16,STRUCTURAL_DECLINE,Stable,Consolidation,38.452414781786786,COST_DISADVANTAGE,Low,BEARISH_CONFIRMED,20.0,Aligned,risk_off,结构:STRUCTURAL_DECLINE(A/A-); 阶段:Stable(B); 触发:Consolidation(C); 置信度:Low,PASSED,C,fallback
00371,北控水务,2016-12-23,STRUCTURAL_DECLINE,Stable,Consolidation,38.452414781786786,COST_DISADVANTAGE,Low,BEARISH_CONFIRMED,20.0,Aligned,risk_off,结构:STRUCTURAL_DECLINE(A/A-); 阶段:Stable(B); 触发:Consolidation(C); 置信度:Low,PASSED,C,fallback
00371,北控水务,2016-12-30,STRUCTURAL_DECLINE,Stable,Consolidation,38.452414781786786,COST_DISADVANTAGE,Low,BEARISH_CONFIRMED,20.0,Aligned,risk_off,结构:STRUCTURAL_DECLINE(A/A-); 阶段:Stable(B); 触发:Consolidation(C); 置信度:Low,PASSED,C,fallback
00371,北控水务,2017-01-06,STRUCTURAL_DECLINE,Deteriorating,Consolidation,45.22263986133977,COST_DISADVANTAGE,Low,BEARISH_CONFIRMED,20.0,Aligned,risk_off,结构:STRUCTURAL_DECLINE(A/A-); 阶段:Deteriorating(B); 触发:Consolidation(C); 置信度:Low,PASSED,C,fallback
00371,北控水务,2017-01-13,STRUCTURAL_DECLINE,Deteriorating,Consolidation,45.22263986133977,COST_DISADVANTAGE,Low,BEARISH_CONFIRMED,20.0,Aligned,neutral,结构:STRUCTURAL_DECLINE(A/A-); 阶段:Deteriorating(B); 触发:Consolidation(C); 置信度:Low,PASSED,C,fallback
00371,北控水务,2017-01-20,STRUCTURAL_DECLINE,Deteriorating,Consolidation,45.22263986133977,COST_DISADVANTAGE,Low,BEARISH_CONFIRMED,20.0,Aligned,risk_off,结构:STRUCTURAL_DECLINE(A/A-); 阶段:Deteriorating(B); 触发:Consolidation(C); 置信度:Low,PASSED,C,fallback
00371,北控水务,2017-01-27,STRUCTURAL_DECLINE,Deteriorating,Consolidation,45.22263986133977,COST_DISADVANTAGE,Low,BEARISH_CONFIRMED,20.0,Aligned,neutral,结构:STRUCTURAL_DECLINE(A/A-); 阶段:Deteriorating(B); 触发:Consolidation(C); 置信度:Low,PASSED,C,fallback
00371,北控水务,2017-02-03,STRUCTURAL_DECLINE,Improving,Consolidation,67.55435162011875,COST_DISADVANTAGE,Medium,BEARISH_CONFIRMED,20.0,Divergence,risk_on,结构:STRUCTURAL_DECLINE(A/A-); 阶段:Improving(B); 触发:Consolidation(C); 置信度:Medium,PASSED,C,fallback
00371,北控水务,2017-02-10,STRUCTURAL_DECLINE,Improving,Consolidation,67.55435162011875,COST_DISADVANTAGE,Medium,BEARISH_CONFIRMED,20.0,Divergence,risk_on,结构:STRUCTURAL_DECLINE(A/A-); 阶段:Improving(B); 触发:Consolidation(C); 置信度:Medium,PASSED,C,fallback
00371,北控水务,2017-02-17,STRUCTURAL_DECLINE,Improving,Consolidation,67.55435162011875,COST_DISADVANTAGE,Medium,BEARISH_CONFIRMED,20.0,Divergence,risk_on,结构:STRUCTURAL_DECLINE(A/A-); 阶段:Improving(B); 触发:Consolidation(C); 置信度:Medium,PASSED,C,fallback
00371,北控水务,2017-02-24,STRUCTURAL_DECLINE,Improving,Consolidation,67.55435162011875,COST_DISADVANTAGE,Medium,BEARISH_CONFIRMED,20.0,Divergence,risk_on,结构:STRUCTURAL_DECLINE(A/A-); 阶段:Improving(B); 触发:Consolidation(C); 置信度:Medium,PASSED,C,fallback
00371,北控水务,2017-03-03,STRUCTURAL_DECLINE,Improving,Consolidation,69.84473451542027,COST_DISADVANTAGE,Medium,BEARISH_CONFIRMED,20.0,Divergence,risk_on,结构:STRUCTURAL_DECLINE(A/A-); 阶段:Improving(B); 触发:Consolidation(C); 置信度:Medium,PASSED,C,fallback
00371,北控水务,2017-03-10,STRUCTURAL_DECLINE,Improving,Pullback,69.84473451542027,COST_DISADVANTAGE,Medium,BEARISH_CONFIRMED,20.0,Divergence,risk_on,结构:STRUCTURAL_DECLINE(A/A-); 阶段:Improving(B); 触发:Pullback(C); 置信度:Medium,PASSED,C,fallback
00371,北控水务,2017-03-17,STRUCTURAL_DECLINE,Improving,Consolidation,69.84473451542027,COST_DISADVANTAGE,Medium,BEARISH_CONFIRMED,20.0,Divergence,risk_on,结构:STRUCTURAL_DECLINE(A/A-); 阶段:Improving(B); 触发:Consolidation(C); 置信度:Medium,PASSED,C,fallback
00371,北控水务,2017-03-24,STRUCTURAL_DECLINE,Improving,Consolidation,69.84473451542027,COST_DISADVANTAGE,Medium,BEARISH_CONFIRMED,20.0,Divergence,risk_on,结构:STRUCTURAL_DECLINE(A/A-); 阶段:Improving(B); 触发:Consolidation(C); 置信度:Medium,PASSED,C,fallback
00371,北控水务,2017-03-31,STRUCTURAL_DECLINE,Improving,Consolidation,57.84919804379956,COST_DISADVANTAGE,Medium,BEARISH_CONFIRMED,20.0,Divergence,risk_on,结构:STRUCTURAL_DECLINE(A/A-); 阶段:Improving(B); 触发:Consolidation(C); 置信度:Medium,PASSED,C,fallback
00371,北控水务,2017-04-07,STRUCTURAL_DECLINE,Improving,Consolidation,57.84919804379956,COST_DISADVANTAGE,Medium,BEARISH_CONFIRMED,20.0,Divergence,risk_on,结构:STRUCTURAL_DECLINE(A/A-); 阶段:Improving(B); 触发:Consolidation(C); 置信度:Medium,PASSED,C,fallback
00371,北控水务,2017-04-14,STRUCTURAL_DECLINE,Improving,Consolidation,57.84919804379956,COST_DISADVANTAGE,Medium,BEARISH_CONFIRMED,20.0,Divergence,risk_on,结构:STRUCTURAL_DECLINE(A/A-); 阶段:Improving(B); 触发:Consolidation(C); 置信度:Medium,PASSED,C,fallback
00371,北控水务,2017-04-21,STRUCTURAL_DECLINE,Improving,Pullback,57.84919804379956,COST_DISADVANTAGE,Medium,BEARISH_CONFIRMED,20.0,Divergence,risk_on,结构:STRUCTURAL_DECLINE(A/A-); 阶段:Improving(B); 触发:Pullback(C); 置信度:Medium,PASSED,C,fallback
00371,北控水务,2017-04-28,STRUCTURAL_DECLINE,Improving,Pullback,57.84919804379956,COST_DISADVANTAGE,Medium,BEARISH_CONFIRMED,20.0,Divergence,risk_on,结构:STRUCTURAL_DECLINE(A/A-); 阶段:Improving(B); 触发:Pullback(C); 置信度:Medium,PASSED,C,fallback
00371,北控水务,2017-05-05,STRUCTURAL_DECLINE,Stable,Pullback,40.57129223433032,COST_DISADVANTAGE,Low,BEARISH_CONFIRMED,20.0,Aligned,risk_on,结构:STRUCTURAL_DECLINE(A/A-); 阶段:Stable(B); 触发:Pullback(C); 置信度:Low,PASSED,C,fallback
00371,北控水务,2017-05-12,STRUCTURAL_DECLINE,Stable,Pullback,40.57129223433032,COST_DISADVANTAGE,Low,BEARISH_CONFIRMED,20.0,Aligned,risk_on,结构:STRUCTURAL_DECLINE(A/A-); 阶段:Stable(B); 触发:Pullback(C); 置信度:Low,PASSED,C,fallback
00371,北控水务,2017-05-19,STRUCTURAL_DECLINE,Stable,Consolidation,40.57129223433032,COST_DISADVANTAGE,Low,BEARISH_CONFIRMED,20.0,Aligned,risk_on,结构:STRUCTURAL_DECLINE(A/A-); 阶段:Stable(B); 触发:Consolidation(C); 置信度:Low,PASSED,C,fallback
00371,北控水务,2017-05-26,STRUCTURAL_DECLINE,Stable,Consolidation,40.57129223433032,COST_DISADVANTAGE,Low,BEARISH_CONFIRMED,20.0,Aligned,risk_on,结构:STRUCTURAL_DECLINE(A/A-); 阶段:Stable(B); 触发:Consolidation(C); 置信度:Low,PASSED,C,fallback
00371,北控水务,2017-06-02,STRUCTURAL_DECLINE,Improving,Consolidation,58.29533709418337,COST_DISADVANTAGE,Medium,BEARISH_CONFIRMED,20.0,Divergence,risk_on,结构:STRUCTURAL_DECLINE(A/A-); 阶段:Improving(B); 触发:Consolidation(C); 置信度:Medium,PASSED,C,fallback
00371,北控水务,2017-06-09,STRUCTURAL_DECLINE,Improving,Pullback,58.29533709418337,COST_DISADVANTAGE,Medium,BEARISH_CONFIRMED,20.0,Divergence,risk_on,结构:STRUCTURAL_DECLINE(A/A-); 阶段:Improving(B); 触发:Pullback(C); 置信度:Medium,PASSED,C,fallback
00371,北控水务,2017-06-16,STRUCTURAL_DECLINE,Improving,Consolidation,58.29533709418337,COST_DISADVANTAGE,Medium,BEARISH_CONFIRMED,20.0,Divergence,risk_on,结构:STRUCTURAL_DECLINE(A/A-); 阶段:Improving(B); 触发:Consolidation(C); 置信度:Medium,PASSED,C,fallback
00371,北控水务,2017-06-23,STRUCTURAL_DECLINE,Improving,Consolidation,58.29533709418337,COST_DISADVANTAGE,Medium,BEARISH_CONFIRMED,20.0,Divergence,risk_on,结构:STRUCTURAL_DECLINE(A/A-); 阶段:Improving(B); 触发:Consolidation(C); 置信度:Medium,PASSED,C,fallback
00371,北控水务,2017-06-30,STRUCTURAL_DECLINE,Deteriorating,Pullback,44.836042749819065,COST_DISADVANTAGE,Low,BEARISH_CONFIRMED,20.0,Aligned,risk_on,结构:STRUCTURAL_DECLINE(A/A-); 阶段:Deteriorating(B); 触发:Pullback(C); 置信度:Low,PASSED,C,fallback
00371,北控水务,2017-07-07,STRUCTURAL_DECLINE,Deteriorating,Pullback,44.836042749819065,COST_DISADVANTAGE,Low,BEARISH_CONFIRMED,20.0,Aligned,risk_on,结构:STRUCTURAL_DECLINE(A/A-); 阶段:Deteriorating(B); 触发:Pullback(C); 置信度:Low,PASSED,C,fallback
00371,北控水务,2017-07-14,STRUCTURAL_DECLINE,Deteriorating,Consolidation,44.836042749819065,COST_DISADVANTAGE,Low,BEARISH_CONFIRMED,20.0,Aligned,risk_on,结构:STRUCTURAL_DECLINE(A/A-); 阶段:Deteriorating(B); 触发:Consolidation(C); 置信度:Low,PASSED,C,fallback
00371,北控水务,2017-07-21,STRUCTURAL_DECLINE,Deteriorating,Consolidation,44.836042749819065,COST_DISADVANTAGE,Low,BEARISH_CONFIRMED,20.0,Aligned,risk_on,结构:STRUCTURAL_DECLINE(A/A-); 阶段:Deteriorating(B); 触发:Consolidation(C); 置信度:Low,PASSED,C,fallback
00371,北控水务,2017-07-28,STRUCTURAL_DECLINE,Deteriorating,Consolidation,44.836042749819065,COST_DISADVANTAGE,Low,BEARISH_CONFIRMED,20.0,Aligned,risk_on,结构:STRUCTURAL_DECLINE(A/A-); 阶段:Deteriorating(B); 触发:Consolidation(C); 置信度:Low,PASSED,C,fallback
00371,北控水务,2017-08-04,STRUCTURAL_DECLINE,Stable,Consolidation,51.43485990704972,COST_DISADVANTAGE,Medium,BEARISH_CONFIRMED,20.0,Aligned,risk_on,结构:STRUCTURAL_DECLINE(A/A-); 阶段:Stable(B); 触发:Consolidation(C); 置信度:Medium,PASSED,C,fallback
00371,北控水务,2017-08-11,STRUCTURAL_DECLINE,Stable,Pullback,51.43485990704972,COST_DISADVANTAGE,Medium,BEARISH_CONFIRMED,20.0,Aligned,risk_on,结构:STRUCTURAL_DECLINE(A/A-); 阶段:Stable(B); 触发:Pullback(C); 置信度:Medium,PASSED,C,fallback
00371,北控水务,2017-08-18,STRUCTURAL_ACCUMULATION,Stable,Consolidation,51.43485990704972,COST_DISADVANTAGE,Medium,BULLISH_STABLE,75.0,Aligned,risk_on,结构:STRUCTURAL_ACCUMULATION(A/A-); 阶段:Stable(B); 触发:Consolidation(C); 置信度:Medium,PASSED,C,fallback
00371,北控水务,2017-08-25,STRUCTURAL_ACCUMULATION,Stable,Consolidation,51.43485990704972,COST_DISADVANTAGE,Medium,BULLISH_STABLE,75.0,Aligned,risk_on,结构:STRUCTURAL_ACCUMULATION(A/A-); 阶段:Stable(B); 触发:Consolidation(C); 置信度:Medium,PASSED,C,fallback
00371,北控水务,2017-09-01,STRUCTURAL_ACCUMULATION,Improving,Consolidation,64.94311226541653,COST_DISADVANTAGE,Medium,BULLISH_STABLE,75.0,Aligned,risk_on,结构:STRUCTURAL_ACCUMULATION(A/A-); 阶段:Improving(B); 触发:Consolidation(C); 置信度:Medium,PASSED,C,matrix
00371,北控水务,2017-09-08,STRUCTURAL_ACCUMULATION,Improving,Pullback,64.94311226541653,COST_DISADVANTAGE,Medium,BULLISH_STABLE,75.0,Aligned,risk_on,结构:STRUCTURAL_ACCUMULATION(A/A-); 阶段:Improving(B); 触发:Pullback(C); 置信度:Medium,PASSED,C,fallback
00371,北控水务,2017-09-15,STRUCTURAL_ACCUMULATION,Improving,Pullback,64.94311226541653,COST_DISADVANTAGE,Medium,BULLISH_STABLE,75.0,Aligned,risk_on,结构:STRUCTURAL_ACCUMULATION(A/A-); 阶段:Improving(B); 触发:Pullback(C); 置信度:Medium,PASSED,C,fallback
00371,北控水务,2017-09-22,STRUCTURAL_ACCUMULATION,Improving,Consolidation,64.94311226541653,COST_DISADVANTAGE,Medium,BULLISH_STABLE,75.0,Aligned,risk_on,结构:STRUCTURAL_ACCUMULATION(A/A-); 阶段:Improving(B); 触发:Consolidation(C); 置信度:Medium,PASSED,C,matrix
00371,北控水务,2017-09-29,STRUCTURAL_ACCUMULATION,Improving,Pullback,64.94311226541653,COST_DISADVANTAGE,Medium,BULLISH_STABLE,75.0,Aligned,risk_on,结构:STRUCTURAL_ACCUMULATION(A/A-); 阶段:Improving(B); 触发:Pullback(C); 置信度:Medium,PASSED,C,fallback
00371,北控水务,2017-10-06,STRUCTURAL_ACCUMULATION,Deteriorating,Consolidation,69.33521529931298,COST_DISADVANTAGE,Medium,BULLISH_STABLE,75.0,Divergence,risk_on,结构:STRUCTURAL_ACCUMULATION(A/A-); 阶段:Deteriorating(B); 触发:Consolidation(C); 置信度:Medium,PASSED,C,fallback
00371,北控水务,2017-10-13,STRUCTURAL_ACCUMULATION,Deteriorating,Pullback,69.33521529931298,COST_DISADVANTAGE,Medium,BULLISH_STABLE,75.0,Divergence,risk_on,结构:STRUCTURAL_ACCUMULATION(A/A-); 阶段:Deteriorating(B); 触发:Pullback(C); 置信度:Medium,PASSED,C,fallback
00371,北控水务,2017-10-20,STRUCTURAL_ACCUMULATION,Deteriorating,Consolidation,69.33521529931298,COST_DISADVANTAGE,Medium,BULLISH_STABLE,75.0,Divergence,risk_on,结构:STRUCTURAL_ACCUMULATION(A/A-); 阶段:Deteriorating(B); 触发:Consolidation(C); 置信度:Medium,PASSED,C,fallback
00371,北控水务,2017-10-27,STRUCTURAL_ACCUMULATION,Deteriorating,Consolidation,69.33521529931298,COST_DISADVANTAGE,Medium,BULLISH_STABLE,75.0,Divergence,risk_on,结构:STRUCTURAL_ACCUMULATION(A/A-); 阶段:Deteriorating(B); 触发:Consolidation(C); 置信度:Medium,PASSED,C,fallback
00371,北控水务,2017-11-03,STRUCTURAL_ACCUMULATION,Improving,Consolidation,66.25793038994861,COST_DISADVANTAGE,Medium,BULLISH_STABLE,75.0,Aligned,risk_on,结构:STRUCTURAL_ACCUMULATION(A/A-); 阶段:Improving(B); 触发:Consolidation(C); 置信度:Medium,PASSED,C,matrix
00371,北控水务,2017-11-10,STRUCTURAL_ACCUMULATION,Improving,Pullback,66.25793038994861,COST_DISADVANTAGE,Medium,BULLISH_STABLE,75.0,Aligned,risk_on,结构:STRUCTURAL_ACCUMULATION(A/A-); 阶段:Improving(B); 触发:Pullback(C); 置信度:Medium,PASSED,C,fallback
00371,北控水务,2017-11-17,STRUCTURAL_ACCUMULATION,Improving,Consolidation,66.25793038994861,COST_DISADVANTAGE,High,BULLISH_STABLE,75.0,Aligned,risk_on,结构:STRUCTURAL_ACCUMULATION(A/A-); 阶段:Improving(B); 触发:Consolidation(C); 置信度:High,PASSED,C,matrix
00371,北控水务,2017-11-24,STRUCTURAL_ACCUMULATION,Improving,Consolidation,66.25793038994861,COST_DISADVANTAGE,High,BULLISH_STABLE,75.0,Aligned,risk_on,结构:STRUCTURAL_ACCUMULATION(A/A-); 阶段:Improving(B); 触发:Consolidation(C); 置信度:High,PASSED,C,matrix
00371,北控水务,2017-12-01,STRUCTURAL_ACCUMULATION,Stable,Consolidation,56.429928892458626,COST_DISADVANTAGE,Medium,BULLISH_STABLE,75.0,Aligned,risk_on,结构:STRUCTURAL_ACCUMULATION(A/A-); 阶段:Stable(B); 触发:Consolidation(C); 置信度:Medium,PASSED,C,fallback
00371,北控水务,2017-12-08,STRUCTURAL_ACCUMULATION,Stable,Breakdown,56.429928892458626,COST_DISADVANTAGE,Medium,BULLISH_WARNING,55.0,Aligned,risk_on,结构:STRUCTURAL_ACCUMULATION(A/A-); 阶段:Stable(B); 触发:Breakdown(C); 置信度:Medium,PASSED,C,fallback
00371,北控水务,2017-12-15,STRUCTURAL_ACCUMULATION,Stable,Consolidation,56.429928892458626,COST_DISADVANTAGE,Medium,BULLISH_STABLE,75.0,Aligned,risk_on,结构:STRUCTURAL_ACCUMULATION(A/A-); 阶段:Stable(B); 触发:Consolidation(C); 置信度:Medium,PASSED,C,fallback
00371,北控水务,2017-12-22,STRUCTURAL_ACCUMULATION,Stable,Consolidation,56.429928892458626,COST_DISADVANTAGE,Medium,BULLISH_STABLE,75.0,Aligned,risk_on,结构:STRUCTURAL_ACCUMULATION(A/A-); 阶段:Stable(B); 触发:Consolidation(C); 置信度:Medium,PASSED,C,fallback
00371,北控水务,2017-12-29,STRUCTURAL_ACCUMULATION,Stable,Consolidation,56.429928892458626,COST_DISADVANTAGE,Medium,BULLISH_STABLE,75.0,Aligned,risk_on,结构:STRUCTURAL_ACCUMULATION(A/A-); 阶段:Stable(B); 触发:Consolidation(C); 置信度:Medium,PASSED,C,fallback
00371,北控水务,2018-01-05,STRUCTURAL_ACCUMULATION,Stable,Consolidation,64.70797817108418,COST_DISADVANTAGE,High,BULLISH_STABLE,75.0,Aligned,risk_on,结构:STRUCTURAL_ACCUMULATION(A/A-); 阶段:Stable(B); 触发:Consolidation(C); 置信度:High,PASSED,C,fallback
00371,北控水务,2018-01-12,STRUCTURAL_ACCUMULATION,Stable,Consolidation,64.70797817108418,COST_DISADVANTAGE,High,BULLISH_STABLE,75.0,Aligned,risk_on,结构:STRUCTURAL_ACCUMULATION(A/A-); 阶段:Stable(B); 触发:Consolidation(C); 置信度:High,PASSED,C,fallback
00371,北控水务,2018-01-19,STRUCTURAL_ACCUMULATION,Stable,Consolidation,64.70797817108418,COST_DISADVANTAGE,High,BULLISH_STABLE,75.0,Aligned,risk_on,结构:STRUCTURAL_ACCUMULATION(A/A-); 阶段:Stable(B); 触发:Consolidation(C); 置信度:High,PASSED,C,fallback
00371,北控水务,2018-01-26,STRUCTURAL_ACCUMULATION,Stable,Consolidation,64.70797817108418,COST_DISADVANTAGE,High,BULLISH_STABLE,75.0,Aligned,risk_on,结构:STRUCTURAL_ACCUMULATION(A/A-); 阶段:Stable(B); 触发:Consolidation(C); 置信度:High,PASSED,C,fallback
00371,北控水务,2018-02-02,STRUCTURAL_ACCUMULATION,Deteriorating,Breakdown,27.987165699572707,COST_DISADVANTAGE,Medium,BULLISH_WARNING,55.0,Divergence,risk_on,结构:STRUCTURAL_ACCUMULATION(A/A-); 阶段:Deteriorating(B); 触发:Breakdown(C); 置信度:Medium,PASSED,C,matrix
00371,北控水务,2018-02-09,STRUCTURAL_ACCUMULATION,Deteriorating,Breakdown,27.987165699572707,COST_DISADVANTAGE,Medium,BULLISH_WARNING,55.0,Divergence,risk_off,结构:STRUCTURAL_ACCUMULATION(A/A-); 阶段:Deteriorating(B); 触发:Breakdown(C); 置信度:Medium,PASSED,C,matrix
00371,北控水务,2018-02-16,STRUCTURAL_BOTTOM_CANDIDATE,Deteriorating,Consolidation,27.987165699572707,COST_DISADVANTAGE,Medium,BULLISH_WARNING,55.0,Aligned,risk_on,结构:STRUCTURAL_BOTTOM_CANDIDATE(A/A-); 阶段:Deteriorating(B); 触发:Consolidation(C); 置信度:Medium,PASSED,C,fallback
00371,北控水务,2018-02-23,STRUCTURAL_BOTTOM_CANDIDATE,Deteriorating,Consolidation,27.987165699572707,COST_DISADVANTAGE,Medium,BULLISH_WARNING,55.0,Aligned,risk_on,结构:STRUCTURAL_BOTTOM_CANDIDATE(A/A-); 阶段:Deteriorating(B); 触发:Consolidation(C); 置信度:Medium,PASSED,C,fallback
00371,北控水务,2018-03-02,STRUCTURAL_BOTTOM_CANDIDATE,Deteriorating,Consolidation,26.30146075334181,COST_DISADVANTAGE,Medium,BULLISH_WARNING,55.0,Aligned,risk_off,结构:STRUCTURAL_BOTTOM_CANDIDATE(A/A-); 阶段:Deteriorating(B); 触发:Consolidation(C); 置信度:Medium,PASSED,C,fallback
00371,北控水务,2018-03-09,STRUCTURAL_BOTTOM_CANDIDATE,Deteriorating,Consolidation,26.30146075334181,COST_DISADVANTAGE,Medium,BULLISH_WARNING,55.0,Aligned,risk_on,结构:STRUCTURAL_BOTTOM_CANDIDATE(A/A-); 阶段:Deteriorating(B); 触发:Consolidation(C); 置信度:Medium,PASSED,C,fallback
00371,北控水务,2018-03-16,STRUCTURAL_BOTTOM_CANDIDATE,Deteriorating,Consolidation,26.30146075334181,COST_DISADVANTAGE,Medium,BULLISH_WARNING,55.0,Aligned,risk_on,结构:STRUCTURAL_BOTTOM_CANDIDATE(A/A-); 阶段:Deteriorating(B); 触发:Consolidation(C); 置信度:Medium,PASSED,C,fallback
00371,北控水务,2018-03-23,STRUCTURAL_BOTTOM_CANDIDATE,Deteriorating,Consolidation,26.30146075334181,COST_DISADVANTAGE,Medium,BULLISH_WARNING,55.0,Aligned,risk_off,结构:STRUCTURAL_BOTTOM_CANDIDATE(A/A-); 阶段:Deteriorating(B); 触发:Consolidation(C); 置信度:Medium,PASSED,C,fallback
00371,北控水务,2018-03-30,STRUCTURAL_BOTTOM_CANDIDATE,Deteriorating,Breakdown,26.30146075334181,COST_DISADVANTAGE,Medium,BULLISH_WARNING,55.0,Aligned,risk_off,结构:STRUCTURAL_BOTTOM_CANDIDATE(A/A-); 阶段:Deteriorating(B); 触发:Breakdown(C); 置信度:Medium,PASSED,C,fallback
00371,北控水务,2018-04-06,STRUCTURAL_BOTTOM_CANDIDATE,Deteriorating,Breakdown,29.91606742423993,COST_DISADVANTAGE,Medium,BULLISH_WARNING,55.0,Aligned,risk_off,结构:STRUCTURAL_BOTTOM_CANDIDATE(A/A-); 阶段:Deteriorating(B); 触发:Breakdown(C); 置信度:Medium,PASSED,C,fallback
00371,北控水务,2018-04-13,STRUCTURAL_BOTTOM_CANDIDATE,Deteriorating,Consolidation,29.91606742423993,COST_DISADVANTAGE,Medium,BULLISH_WARNING,55.0,Aligned,neutral,结构:STRUCTURAL_BOTTOM_CANDIDATE(A/A-); 阶段:Deteriorating(B); 触发:Consolidation(C); 置信度:Medium,PASSED,C,fallback
00371,北控水务,2018-04-20,STRUCTURAL_BOTTOM_CANDIDATE,Deteriorating,Consolidation,29.91606742423993,COST_DISADVANTAGE,Medium,BULLISH_WARNING,55.0,Aligned,risk_off,结构:STRUCTURAL_BOTTOM_CANDIDATE(A/A-); 阶段:Deteriorating(B); 触发:Consolidation(C); 置信度:Medium,PASSED,C,fallback
00371,北控水务,2018-04-27,STRUCTURAL_BOTTOM_CANDIDATE,Deteriorating,Consolidation,29.91606742423993,COST_DISADVANTAGE,Medium,BULLISH_WARNING,55.0,Aligned,risk_off,结构:STRUCTURAL_BOTTOM_CANDIDATE(A/A-); 阶段:Deteriorating(B); 触发:Consolidation(C); 置信度:Medium,PASSED,C,fallback
00371,北控水务,2018-05-04,STRUCTURAL_BOTTOM_CANDIDATE,Stable,Consolidation,27.194363323649736,COST_DISADVANTAGE,Medium,BULLISH_WARNING,55.0,Aligned,risk_off,结构:STRUCTURAL_BOTTOM_CANDIDATE(A/A-); 阶段:Stable(B); 触发:Consolidation(C); 置信度:Medium,PASSED,C,fallback
00371,北控水务,2018-05-11,STRUCTURAL_BOTTOM_CANDIDATE,Stable,Consolidation,27.194363323649736,COST_DISADVANTAGE,Medium,BULLISH_WARNING,55.0,Aligned,risk_on,结构:STRUCTURAL_BOTTOM_CANDIDATE(A/A-); 阶段:Stable(B); 触发:Consolidation(C); 置信度:Medium,PASSED,C,fallback
00371,北控水务,2018-05-18,STRUCTURAL_BOTTOM_CANDIDATE,Stable,Consolidation,27.194363323649736,COST_DISADVANTAGE,Low,BULLISH_WARNING,55.0,Aligned,neutral,结构:STRUCTURAL_BOTTOM_CANDIDATE(A/A-); 阶段:Stable(B); 触发:Consolidation(C); 置信度:Low,PASSED,C,fallback
00371,北控水务,2018-05-25,STRUCTURAL_BOTTOM_CANDIDATE,Stable,Consolidation,27.194363323649736,COST_DISADVANTAGE,Low,BULLISH_WARNING,55.0,Aligned,risk_off,结构:STRUCTURAL_BOTTOM_CANDIDATE(A/A-); 阶段:Stable(B); 触发:Consolidation(C); 置信度:Low,PASSED,C,fallback
00371,北控水务,2018-06-01,STRUCTURAL_BOTTOM_CANDIDATE,Stable,Consolidation,29.261133936923994,COST_DISADVANTAGE,Low,BULLISH_WARNING,55.0,Aligned,neutral,结构:STRUCTURAL_BOTTOM_CANDIDATE(A/A-); 阶段:Stable(B); 触发:Consolidation(C); 置信度:Low,PASSED,C,fallback
00371,北控水务,2018-06-08,STRUCTURAL_BOTTOM_CANDIDATE,Stable,Consolidation,29.261133936923994,COST_DISADVANTAGE,Low,BULLISH_WARNING,55.0,Aligned,neutral,结构:STRUCTURAL_BOTTOM_CANDIDATE(A/A-); 阶段:Stable(B); 触发:Consolidation(C); 置信度:Low,PASSED,C,fallback
00371,北控水务,2018-06-15,STRUCTURAL_BOTTOM_CANDIDATE,Stable,Consolidation,29.261133936923994,COST_DISADVANTAGE,Low,BULLISH_WARNING,55.0,Aligned,risk_off,结构:STRUCTURAL_BOTTOM_CANDIDATE(A/A-); 阶段:Stable(B); 触发:Consolidation(C); 置信度:Low,PASSED,C,fallback
00371,北控水务,2018-06-22,STRUCTURAL_BOTTOM_CANDIDATE,Stable,Consolidation,29.261133936923994,COST_DISADVANTAGE,Low,BULLISH_WARNING,55.0,Aligned,risk_off,结构:STRUCTURAL_BOTTOM_CANDIDATE(A/A-); 阶段:Stable(B); 触发:Consolidation(C); 置信度:Low,PASSED,C,fallback
00371,北控水务,2018-06-29,STRUCTURAL_BOTTOM_CANDIDATE,Stable,Consolidation,29.261133936923994,COST_DISADVANTAGE,Low,BULLISH_WARNING,55.0,Aligned,risk_off,结构:STRUCTURAL_BOTTOM_CANDIDATE(A/A-); 阶段:Stable(B); 触发:Consolidation(C); 置信度:Low,PASSED,C,fallback
00371,北控水务,2018-07-06,STRUCTURAL_BOTTOM_CANDIDATE,Deteriorating,Consolidation,39.358428382684544,COST_DISADVANTAGE,Medium,BULLISH_WARNING,55.0,Aligned,risk_off,结构:STRUCTURAL_BOTTOM_CANDIDATE(A/A-); 阶段:Deteriorating(B); 触发:Consolidation(C); 置信度:Medium,PASSED,C,fallback
00371,北控水务,2018-07-13,STRUCTURAL_BOTTOM_CANDIDATE,Deteriorating,Consolidation,39.358428382684544,COST_DISADVANTAGE,Medium,BULLISH_WARNING,55.0,Aligned,risk_off,结构:STRUCTURAL_BOTTOM_CANDIDATE(A/A-); 阶段:Deteriorating(B); 触发:Consolidation(C); 置信度:Medium,PASSED,C,fallback
00371,北控水务,2018-07-20,STRUCTURAL_BOTTOM_CANDIDATE,Deteriorating,Consolidation,39.358428382684544,COST_DISADVANTAGE,Medium,BULLISH_WARNING,55.0,Aligned,risk_off,结构:STRUCTURAL_BOTTOM_CANDIDATE(A/A-); 阶段:Deteriorating(B); 触发:Consolidation(C); 置信度:Medium,PASSED,C,fallback
00371,北控水务,2018-07-27,STRUCTURAL_BOTTOM_CANDIDATE,Deteriorating,Consolidation,39.358428382684544,COST_DISADVANTAGE,Medium,BULLISH_WARNING,55.0,Aligned,risk_off,结构:STRUCTURAL_BOTTOM_CANDIDATE(A/A-); 阶段:Deteriorating(B); 触发:Consolidation(C); 置信度:Medium,PASSED,C,fallback
00371,北控水务,2018-08-03,STRUCTURAL_BOTTOM_CANDIDATE,Stable,Consolidation,32.84336553955749,COST_DISADVANTAGE,Medium,BULLISH_WARNING,55.0,Aligned,risk_off,结构:STRUCTURAL_BOTTOM_CANDIDATE(A/A-); 阶段:Stable(B); 触发:Consolidation(C); 置信度:Medium,PASSED,C,fallback
00371,北控水务,2018-08-10,STRUCTURAL_BOTTOM_CANDIDATE,Stable,Consolidation,32.84336553955749,COST_DISADVANTAGE,Medium,BULLISH_WARNING,55.0,Aligned,risk_off,结构:STRUCTURAL_BOTTOM_CANDIDATE(A/A-); 阶段:Stable(B); 触发:Consolidation(C); 置信度:Medium,PASSED,C,fallback
00371,北控水务,2018-08-17,STRUCTURAL_BOTTOM_CANDIDATE,Stable,Breakdown,32.84336553955749,COST_DISADVANTAGE,Low,BULLISH_WARNING,55.0,Aligned,risk_off,结构:STRUCTURAL_BOTTOM_CANDIDATE(A/A-); 阶段:Stable(B); 触发:Breakdown(C); 置信度:Low,PASSED,C,fallback
00371,北控水务,2018-08-24,STRUCTURAL_BOTTOM_CANDIDATE,Stable,Consolidation,32.84336553955749,COST_DISADVANTAGE,Low,BULLISH_WARNING,55.0,Aligned,risk_off,结构:STRUCTURAL_BOTTOM_CANDIDATE(A/A-); 阶段:Stable(B); 触发:Consolidation(C); 置信度:Low,PASSED,C,fallback
00371,北控水务,2018-08-31,STRUCTURAL_BOTTOM_CANDIDATE,Stable,Consolidation,33.390500605838795,COST_DISADVANTAGE,Low,BULLISH_WARNING,55.0,Aligned,risk_off,结构:STRUCTURAL_BOTTOM_CANDIDATE(A/A-); 阶段:Stable(B); 触发:Consolidation(C); 置信度:Low,PASSED,C,fallback
00371,北控水务,2018-09-07,STRUCTURAL_BOTTOM_CANDIDATE,Stable,Consolidation,33.390500605838795,COST_DISADVANTAGE,Low,BULLISH_WARNING,55.0,Aligned,risk_off,结构:STRUCTURAL_BOTTOM_CANDIDATE(A/A-); 阶段:Stable(B); 触发:Consolidation(C); 置信度:Low,PASSED,C,fallback
00371,北控水务,2018-09-14,STRUCTURAL_BOTTOM_CANDIDATE,Stable,Consolidation,33.390500605838795,COST_DISADVANTAGE,Low,BULLISH_WARNING,55.0,Aligned,risk_off,结构:STRUCTURAL_BOTTOM_CANDIDATE(A/A-); 阶段:Stable(B); 触发:Consolidation(C); 置信度:Low,PASSED,C,fallback
00371,北控水务,2018-09-21,STRUCTURAL_BOTTOM_CANDIDATE,Stable,Consolidation,33.390500605838795,COST_DISADVANTAGE,Low,BULLISH_WARNING,55.0,Aligned,neutral,结构:STRUCTURAL_BOTTOM_CANDIDATE(A/A-); 阶段:Stable(B); 触发:Consolidation(C); 置信度:Low,PASSED,C,fallback
00371,北控水务,2018-09-28,STRUCTURAL_BOTTOM_CANDIDATE,Stable,Consolidation,33.390500605838795,COST_DISADVANTAGE,Low,BULLISH_WARNING,55.0,Aligned,neutral,结构:STRUCTURAL_BOTTOM_CANDIDATE(A/A-); 阶段:Stable(B); 触发:Consolidation(C); 置信度:Low,PASSED,C,fallback
00371,北控水务,2018-10-05,STRUCTURAL_BOTTOM_CANDIDATE,Stable,Consolidation,41.98178315788218,COST_DISADVANTAGE,Low,BULLISH_WARNING,55.0,Aligned,risk_off,结构:STRUCTURAL_BOTTOM_CANDIDATE(A/A-); 阶段:Stable(B); 触发:Consolidation(C); 置信度:Low,PASSED,C,fallback
00371,北控水务,2018-10-12,STRUCTURAL_BOTTOM_CANDIDATE,Stable,Consolidation,41.98178315788218,COST_DISADVANTAGE,Low,BULLISH_WARNING,55.0,Aligned,risk_off,结构:STRUCTURAL_BOTTOM_CANDIDATE(A/A-); 阶段:Stable(B); 触发:Consolidation(C); 置信度:Low,PASSED,C,fallback
00371,北控水务,2018-10-19,STRUCTURAL_BOTTOM_CANDIDATE,Stable,Consolidation,41.98178315788218,COST_DISADVANTAGE,Low,BULLISH_WARNING,55.0,Aligned,risk_off,结构:STRUCTURAL_BOTTOM_CANDIDATE(A/A-); 阶段:Stable(B); 触发:Consolidation(C); 置信度:Low,PASSED,C,fallback
00371,北控水务,2018-10-26,STRUCTURAL_BOTTOM_CANDIDATE,Stable,Consolidation,41.98178315788218,COST_DISADVANTAGE,Low,BULLISH_WARNING,55.0,Aligned,risk_off,结构:STRUCTURAL_BOTTOM_CANDIDATE(A/A-); 阶段:Stable(B); 触发:Consolidation(C); 置信度:Low,PASSED,C,fallback
00371,北控水务,2018-11-02,STRUCTURAL_BOTTOM_CANDIDATE,Deteriorating,Consolidation,43.571511206315,COST_DISADVANTAGE,Low,BULLISH_WARNING,55.0,Aligned,risk_off,结构:STRUCTURAL_BOTTOM_CANDIDATE(A/A-); 阶段:Deteriorating(B); 触发:Consolidation(C); 置信度:Low,PASSED,C,fallback
00371,北控水务,2018-11-09,STRUCTURAL_BOTTOM_CANDIDATE,Deteriorating,Consolidation,43.571511206315,COST_DISADVANTAGE,Low,BULLISH_WARNING,55.0,Aligned,risk_off,结构:STRUCTURAL_BOTTOM_CANDIDATE(A/A-); 阶段:Deteriorating(B); 触发:Consolidation(C); 置信度:Low,PASSED,C,fallback
00371,北控水务,2018-11-16,STRUCTURAL_BOTTOM_CANDIDATE,Deteriorating,Consolidation,43.571511206315,COST_DISADVANTAGE,Low,BULLISH_WARNING,55.0,Aligned,risk_off,结构:STRUCTURAL_BOTTOM_CANDIDATE(A/A-); 阶段:Deteriorating(B); 触发:Consolidation(C); 置信度:Low,PASSED,C,fallback
00371,北控水务,2018-11-23,STRUCTURAL_BOTTOM_CANDIDATE,Deteriorating,Consolidation,43.571511206315,COST_DISADVANTAGE,Low,BULLISH_WARNING,55.0,Aligned,risk_off,结构:STRUCTURAL_BOTTOM_CANDIDATE(A/A-); 阶段:Deteriorating(B); 触发:Consolidation(C); 置信度:Low,PASSED,C,fallback
00371,北控水务,2018-11-30,STRUCTURAL_BOTTOM_CANDIDATE,Improving,Consolidation,38.835823655646315,COST_DISADVANTAGE,Low,BULLISH_WARNING,55.0,Aligned,risk_off,结构:STRUCTURAL_BOTTOM_CANDIDATE(A/A-); 阶段:Improving(B); 触发:Consolidation(C); 置信度:Low,PASSED,C,fallback
00371,北控水务,2018-12-07,STRUCTURAL_BOTTOM_CANDIDATE,Improving,Consolidation,38.835823655646315,COST_DISADVANTAGE,Low,BULLISH_WARNING,55.0,Aligned,neutral,结构:STRUCTURAL_BOTTOM_CANDIDATE(A/A-); 阶段:Improving(B); 触发:Consolidation(C); 置信度:Low,PASSED,C,fallback
00371,北控水务,2018-12-14,STRUCTURAL_BOTTOM_CANDIDATE,Improving,Pullback,38.835823655646315,COST_DISADVANTAGE,Low,BULLISH_WARNING,55.0,Aligned,risk_off,结构:STRUCTURAL_BOTTOM_CANDIDATE(A/A-); 阶段:Improving(B); 触发:Pullback(C); 置信度:Low,PASSED,C,fallback
00371,北控水务,2018-12-21,STRUCTURAL_BOTTOM_CANDIDATE,Improving,Consolidation,38.835823655646315,COST_DISADVANTAGE,Low,BULLISH_WARNING,55.0,Aligned,risk_off,结构:STRUCTURAL_BOTTOM_CANDIDATE(A/A-); 阶段:Improving(B); 触发:Consolidation(C); 置信度:Low,PASSED,C,fallback
00371,北控水务,2018-12-28,STRUCTURAL_BOTTOM_CANDIDATE,Improving,Consolidation,38.835823655646315,COST_DISADVANTAGE,Low,BULLISH_WARNING,55.0,Aligned,risk_off,结构:STRUCTURAL_BOTTOM_CANDIDATE(A/A-); 阶段:Improving(B); 触发:Consolidation(C); 置信度:Low,PASSED,C,fallback
00371,北控水务,2019-01-04,STRUCTURAL_BOTTOM_CANDIDATE,Deteriorating,Consolidation,34.6751823687986,COST_DISADVANTAGE,Low,BULLISH_WARNING,55.0,Aligned,risk_off,结构:STRUCTURAL_BOTTOM_CANDIDATE(A/A-); 阶段:Deteriorating(B); 触发:Consolidation(C); 置信度:Low,PASSED,C,fallback
00371,北控水务,2019-01-11,STRUCTURAL_BOTTOM_CANDIDATE,Deteriorating,Consolidation,34.6751823687986,COST_DISADVANTAGE,Low,BULLISH_WARNING,55.0,Aligned,risk_on,结构:STRUCTURAL_BOTTOM_CANDIDATE(A/A-); 阶段:Deteriorating(B); 触发:Consolidation(C); 置信度:Low,PASSED,C,fallback
00371,北控水务,2019-01-18,STRUCTURAL_BOTTOM_CANDIDATE,Deteriorating,Consolidation,34.6751823687986,COST_DISADVANTAGE,Low,BULLISH_WARNING,55.0,Aligned,risk_on,结构:STRUCTURAL_BOTTOM_CANDIDATE(A/A-); 阶段:Deteriorating(B); 触发:Consolidation(C); 置信度:Low,PASSED,C,fallback
00371,北控水务,2019-01-25,STRUCTURAL_BOTTOM_CANDIDATE,Deteriorating,Consolidation,34.6751823687986,COST_DISADVANTAGE,Low,BULLISH_WARNING,55.0,Aligned,risk_on,结构:STRUCTURAL_BOTTOM_CANDIDATE(A/A-); 阶段:Deteriorating(B); 触发:Consolidation(C); 置信度:Low,PASSED,C,fallback
00371,北控水务,2019-02-01,STRUCTURAL_BOTTOM_CANDIDATE,Improving,Consolidation,42.52120543531191,COST_DISADVANTAGE,Low,BULLISH_WARNING,55.0,Aligned,risk_on,结构:STRUCTURAL_BOTTOM_CANDIDATE(A/A-); 阶段:Improving(B); 触发:Consolidation(C); 置信度:Low,PASSED,C,fallback
00371,北控水务,2019-02-08,STRUCTURAL_BOTTOM_CANDIDATE,Improving,Consolidation,42.52120543531191,COST_DISADVANTAGE,Low,BULLISH_WARNING,55.0,Aligned,risk_on,结构:STRUCTURAL_BOTTOM_CANDIDATE(A/A-); 阶段:Improving(B); 触发:Consolidation(C); 置信度:Low,PASSED,C,fallback
00371,北控水务,2019-02-15,STRUCTURAL_DECLINE,Improving,Consolidation,42.52120543531191,COST_DISADVANTAGE,Low,BEARISH_CONFIRMED,20.0,Divergence,risk_on,结构:STRUCTURAL_DECLINE(A/A-); 阶段:Improving(B); 触发:Consolidation(C); 置信度:Low,PASSED,C,fallback
00371,北控水务,2019-02-22,STRUCTURAL_DECLINE,Improving,Consolidation,42.52120543531191,COST_DISADVANTAGE,Low,BEARISH_CONFIRMED,20.0,Divergence,risk_on,结构:STRUCTURAL_DECLINE(A/A-); 阶段:Improving(B); 触发:Consolidation(C); 置信度:Low,PASSED,C,fallback
00371,北控水务,2019-03-01,STRUCTURAL_DECLINE,Improving,Consolidation,55.52439935080058,COST_DISADVANTAGE,Low,BEARISH_CONFIRMED,20.0,Divergence,risk_on,结构:STRUCTURAL_DECLINE(A/A-); 阶段:Improving(B); 触发:Consolidation(C); 置信度:Low,PASSED,C,fallback
00371,北控水务,2019-03-08,STRUCTURAL_DECLINE,Improving,Consolidation,55.52439935080058,COST_DISADVANTAGE,Low,BEARISH_CONFIRMED,20.0,Divergence,risk_on,结构:STRUCTURAL_DECLINE(A/A-); 阶段:Improving(B); 触发:Consolidation(C); 置信度:Low,PASSED,C,fallback
00371,北控水务,2019-03-15,STRUCTURAL_DECLINE,Improving,Consolidation,55.52439935080058,COST_DISADVANTAGE,Low,BEARISH_CONFIRMED,20.0,Divergence,risk_on,结构:STRUCTURAL_DECLINE(A/A-); 阶段:Improving(B); 触发:Consolidation(C); 置信度:Low,PASSED,C,fallback
00371,北控水务,2019-03-22,STRUCTURAL_DECLINE,Improving,Pullback,55.52439935080058,COST_DISADVANTAGE,Low,BEARISH_CONFIRMED,20.0,Divergence,risk_on,结构:STRUCTURAL_DECLINE(A/A-); 阶段:Improving(B); 触发:Pullback(C); 置信度:Low,PASSED,C,fallback
00371,北控水务,2019-03-29,STRUCTURAL_DECLINE,Improving,Consolidation,55.52439935080058,COST_DISADVANTAGE,Low,BEARISH_CONFIRMED,20.0,Divergence,risk_on,结构:STRUCTURAL_DECLINE(A/A-); 阶段:Improving(B); 触发:Consolidation(C); 置信度:Low,PASSED,C,fallback
00371,北控水务,2019-04-05,STRUCTURAL_DECLINE,Improving,Consolidation,48.99423985618902,COST_DISADVANTAGE,Low,BEARISH_CONFIRMED,20.0,Divergence,risk_on,结构:STRUCTURAL_DECLINE(A/A-); 阶段:Improving(B); 触发:Consolidation(C); 置信度:Low,PASSED,C,fallback
00371,北控水务,2019-04-12,STRUCTURAL_DECLINE,Improving,Consolidation,48.99423985618902,COST_DISADVANTAGE,Low,BEARISH_CONFIRMED,20.0,Divergence,risk_on,结构:STRUCTURAL_DECLINE(A/A-); 阶段:Improving(B); 触发:Consolidation(C); 置信度:Low,PASSED,C,fallback
00371,北控水务,2019-04-19,STRUCTURAL_DECLINE,Improving,Consolidation,48.99423985618902,COST_DISADVANTAGE,Low,BEARISH_CONFIRMED,20.0,Divergence,risk_on,结构:STRUCTURAL_DECLINE(A/A-); 阶段:Improving(B); 触发:Consolidation(C); 置信度:Low,PASSED,C,fallback
00371,北控水务,2019-04-26,STRUCTURAL_DECLINE,Improving,Consolidation,48.99423985618902,COST_DISADVANTAGE,Low,BEARISH_CONFIRMED,20.0,Divergence,risk_on,结构:STRUCTURAL_DECLINE(A/A-); 阶段:Improving(B); 触发:Consolidation(C); 置信度:Low,PASSED,C,fallback
00371,北控水务,2019-05-03,STRUCTURAL_DECLINE,Stable,Consolidation,61.45800835963988,COST_DISADVANTAGE,Low,BEARISH_CONFIRMED,20.0,Aligned,risk_on,结构:STRUCTURAL_DECLINE(A/A-); 阶段:Stable(B); 触发:Consolidation(C); 置信度:Low,PASSED,C,fallback
00371,北控水务,2019-05-10,STRUCTURAL_DECLINE,Stable,Consolidation,61.45800835963988,COST_DISADVANTAGE,Low,BEARISH_CONFIRMED,20.0,Aligned,neutral,结构:STRUCTURAL_DECLINE(A/A-); 阶段:Stable(B); 触发:Consolidation(C); 置信度:Low,PASSED,C,fallback
00371,北控水务,2019-05-17,STRUCTURAL_DIVERGENCE,Stable,Consolidation,61.45800835963988,COST_DISADVANTAGE,Low,BULLISH_WARNING,55.0,Aligned,neutral,结构:STRUCTURAL_DIVERGENCE(A/A-); 阶段:Stable(B); 触发:Consolidation(C); 置信度:Low,PASSED,C,fallback
00371,北控水务,2019-05-24,STRUCTURAL_DIVERGENCE,Stable,Consolidation,61.45800835963988,COST_DISADVANTAGE,Low,BULLISH_WARNING,55.0,Aligned,risk_off,结构:STRUCTURAL_DIVERGENCE(A/A-); 阶段:Stable(B); 触发:Consolidation(C); 置信度:Low,PASSED,C,fallback
00371,北控水务,2019-05-31,STRUCTURAL_DIVERGENCE,Stable,Consolidation,62.83942632727799,COST_DISADVANTAGE,Low,BULLISH_WARNING,55.0,Aligned,risk_off,结构:STRUCTURAL_DIVERGENCE(A/A-); 阶段:Stable(B); 触发:Consolidation(C); 置信度:Low,PASSED,C,fallback
00371,北控水务,2019-06-07,STRUCTURAL_DIVERGENCE,Stable,Consolidation,62.83942632727799,COST_DISADVANTAGE,Low,BULLISH_WARNING,55.0,Aligned,risk_off,结构:STRUCTURAL_DIVERGENCE(A/A-); 阶段:Stable(B); 触发:Consolidation(C); 置信度:Low,PASSED,C,fallback
00371,北控水务,2019-06-14,STRUCTURAL_DIVERGENCE,Stable,Consolidation,62.83942632727799,COST_DISADVANTAGE,Low,BULLISH_WARNING,55.0,Aligned,risk_off,结构:STRUCTURAL_DIVERGENCE(A/A-); 阶段:Stable(B); 触发:Consolidation(C); 置信度:Low,PASSED,C,fallback
00371,北控水务,2019-06-21,STRUCTURAL_DIVERGENCE,Stable,Consolidation,62.83942632727799,COST_DISADVANTAGE,Low,BULLISH_WARNING,55.0,Aligned,risk_off,结构:STRUCTURAL_DIVERGENCE(A/A-); 阶段:Stable(B); 触发:Consolidation(C); 置信度:Low,PASSED,C,fallback
00371,北控水务,2019-06-28,STRUCTURAL_DIVERGENCE,Stable,Consolidation,62.83942632727799,COST_DISADVANTAGE,Low,BULLISH_WARNING,55.0,Aligned,neutral,结构:STRUCTURAL_DIVERGENCE(A/A-); 阶段:Stable(B); 触发:Consolidation(C); 置信度:Low,PASSED,C,fallback
00371,北控水务,2019-07-05,STRUCTURAL_DIVERGENCE,Stable,Consolidation,64.91818462484385,COST_DISADVANTAGE,Low,BULLISH_WARNING,55.0,Aligned,risk_off,结构:STRUCTURAL_DIVERGENCE(A/A-); 阶段:Stable(B); 触发:Consolidation(C); 置信度:Low,PASSED,C,fallback
00371,北控水务,2019-07-12,STRUCTURAL_DIVERGENCE,Stable,Consolidation,64.91818462484385,COST_DISADVANTAGE,Low,BULLISH_WARNING,55.0,Aligned,risk_off,结构:STRUCTURAL_DIVERGENCE(A/A-); 阶段:Stable(B); 触发:Consolidation(C); 置信度:Low,PASSED,C,fallback
00371,北控水务,2019-07-19,STRUCTURAL_DIVERGENCE,Stable,Consolidation,64.91818462484385,COST_DISADVANTAGE,Low,BULLISH_WARNING,55.0,Aligned,risk_off,结构:STRUCTURAL_DIVERGENCE(A/A-); 阶段:Stable(B); 触发:Consolidation(C); 置信度:Low,PASSED,C,fallback
00371,北控水务,2019-07-26,STRUCTURAL_DIVERGENCE,Stable,Consolidation,64.91818462484385,COST_DISADVANTAGE,Low,BULLISH_WARNING,55.0,Aligned,risk_off,结构:STRUCTURAL_DIVERGENCE(A/A-); 阶段:Stable(B); 触发:Consolidation(C); 置信度:Low,PASSED,C,fallback
00371,北控水务,2019-08-02,STRUCTURAL_DIVERGENCE,Stable,Consolidation,70.5841917067851,COST_DISADVANTAGE,Low,BULLISH_WARNING,55.0,Aligned,risk_off,结构:STRUCTURAL_DIVERGENCE(A/A-); 阶段:Stable(B); 触发:Consolidation(C); 置信度:Low,PASSED,C,fallback
00371,北控水务,2019-08-09,STRUCTURAL_DIVERGENCE,Stable,Consolidation,70.5841917067851,COST_DISADVANTAGE,Low,BULLISH_WARNING,55.0,Aligned,risk_off,结构:STRUCTURAL_DIVERGENCE(A/A-); 阶段:Stable(B); 触发:Consolidation(C); 置信度:Low,PASSED,C,fallback
00371,北控水务,2019-08-16,STRUCTURAL_BOTTOM_CANDIDATE,Stable,Consolidation,70.5841917067851,COST_DISADVANTAGE,High,BULLISH_WARNING,55.0,Aligned,risk_off,结构:STRUCTURAL_BOTTOM_CANDIDATE(A/A-); 阶段:Stable(B); 触发:Consolidation(C); 置信度:High,PASSED,C,fallback
00371,北控水务,2019-08-23,STRUCTURAL_BOTTOM_CANDIDATE,Stable,Consolidation,70.5841917067851,COST_DISADVANTAGE,High,BULLISH_WARNING,55.0,Aligned,risk_off,结构:STRUCTURAL_BOTTOM_CANDIDATE(A/A-); 阶段:Stable(B); 触发:Consolidation(C); 置信度:High,PASSED,C,fallback
00371,北控水务,2019-08-30,STRUCTURAL_BOTTOM_CANDIDATE,Stable,Consolidation,70.5841917067851,COST_DISADVANTAGE,High,BULLISH_WARNING,55.0,Aligned,risk_off,结构:STRUCTURAL_BOTTOM_CANDIDATE(A/A-); 阶段:Stable(B); 触发:Consolidation(C); 置信度:High,PASSED,C,fallback
00371,北控水务,2019-09-06,STRUCTURAL_BOTTOM_CANDIDATE,Stable,Consolidation,70.47070441429197,COST_DISADVANTAGE,High,BULLISH_WARNING,55.0,Aligned,risk_off,结构:STRUCTURAL_BOTTOM_CANDIDATE(A/A-); 阶段:Stable(B); 触发:Consolidation(C); 置信度:High,PASSED,C,fallback
00371,北控水务,2019-09-13,STRUCTURAL_BOTTOM_CANDIDATE,Stable,Consolidation,70.47070441429197,COST_DISADVANTAGE,High,BULLISH_WARNING,55.0,Aligned,risk_off,结构:STRUCTURAL_BOTTOM_CANDIDATE(A/A-); 阶段:Stable(B); 触发:Consolidation(C); 置信度:High,PASSED,C,fallback
00371,北控水务,2019-09-20,STRUCTURAL_BOTTOM_CANDIDATE,Stable,Consolidation,70.47070441429197,COST_DISADVANTAGE,High,BULLISH_WARNING,55.0,Aligned,risk_off,结构:STRUCTURAL_BOTTOM_CANDIDATE(A/A-); 阶段:Stable(B); 触发:Consolidation(C); 置信度:High,PASSED,C,fallback
00371,北控水务,2019-09-27,STRUCTURAL_BOTTOM_CANDIDATE,Stable,Consolidation,70.47070441429197,COST_DISADVANTAGE,High,BULLISH_WARNING,55.0,Aligned,risk_off,结构:STRUCTURAL_BOTTOM_CANDIDATE(A/A-); 阶段:Stable(B); 触发:Consolidation(C); 置信度:High,PASSED,C,fallback
00371,北控水务,2019-10-04,STRUCTURAL_BOTTOM_CANDIDATE,Stable,Consolidation,72.35526190787235,COST_DISADVANTAGE,High,BULLISH_WARNING,55.0,Aligned,risk_off,结构:STRUCTURAL_BOTTOM_CANDIDATE(A/A-); 阶段:Stable(B); 触发:Consolidation(C); 置信度:High,PASSED,C,fallback
00371,北控水务,2019-10-11,STRUCTURAL_BOTTOM_CANDIDATE,Stable,Consolidation,72.35526190787235,COST_DISADVANTAGE,High,BULLISH_WARNING,55.0,Aligned,risk_off,结构:STRUCTURAL_BOTTOM_CANDIDATE(A/A-); 阶段:Stable(B); 触发:Consolidation(C); 置信度:High,PASSED,C,fallback
00371,北控水务,2019-10-18,STRUCTURAL_BOTTOM_CANDIDATE,Stable,Consolidation,72.35526190787235,COST_DISADVANTAGE,High,BULLISH_WARNING,55.0,Aligned,risk_off,结构:STRUCTURAL_BOTTOM_CANDIDATE(A/A-); 阶段:Stable(B); 触发:Consolidation(C); 置信度:High,PASSED,C,fallback
00371,北控水务,2019-10-25,STRUCTURAL_BOTTOM_CANDIDATE,Stable,Consolidation,72.35526190787235,COST_DISADVANTAGE,High,BULLISH_WARNING,55.0,Aligned,risk_off,结构:STRUCTURAL_BOTTOM_CANDIDATE(A/A-); 阶段:Stable(B); 触发:Consolidation(C); 置信度:High,PASSED,C,fallback
00371,北控水务,2019-11-01,STRUCTURAL_BOTTOM_CANDIDATE,Improving,Consolidation,68.0275201826836,COST_DISADVANTAGE,High,BULLISH_WARNING,55.0,Aligned,risk_on,结构:STRUCTURAL_BOTTOM_CANDIDATE(A/A-); 阶段:Improving(B); 触发:Consolidation(C); 置信度:High,PASSED,C,fallback
00371,北控水务,2019-11-08,STRUCTURAL_BOTTOM_CANDIDATE,Improving,Consolidation,68.0275201826836,COST_DISADVANTAGE,High,BULLISH_WARNING,55.0,Aligned,risk_on,结构:STRUCTURAL_BOTTOM_CANDIDATE(A/A-); 阶段:Improving(B); 触发:Consolidation(C); 置信度:High,PASSED,C,fallback
00371,北控水务,2019-11-15,STRUCTURAL_BOTTOM_CANDIDATE,Improving,Consolidation,68.0275201826836,COST_DISADVANTAGE,Medium,BULLISH_WARNING,55.0,Aligned,neutral,结构:STRUCTURAL_BOTTOM_CANDIDATE(A/A-); 阶段:Improving(B); 触发:Consolidation(C); 置信度:Medium,PASSED,C,fallback
00371,北控水务,2019-11-22,STRUCTURAL_BOTTOM_CANDIDATE,Improving,Consolidation,68.0275201826836,COST_DISADVANTAGE,Medium,BULLISH_WARNING,55.0,Aligned,risk_on,结构:STRUCTURAL_BOTTOM_CANDIDATE(A/A-); 阶段:Improving(B); 触发:Consolidation(C); 置信度:Medium,PASSED,C,fallback
00371,北控水务,2019-11-29,STRUCTURAL_BOTTOM_CANDIDATE,Improving,Consolidation,68.0275201826836,COST_DISADVANTAGE,Medium,BULLISH_WARNING,55.0,Aligned,neutral,结构:STRUCTURAL_BOTTOM_CANDIDATE(A/A-); 阶段:Improving(B); 触发:Consolidation(C); 置信度:Medium,PASSED,C,fallback
00371,北控水务,2019-12-06,STRUCTURAL_BOTTOM_CANDIDATE,Deteriorating,Consolidation,56.62315183636162,COST_DISADVANTAGE,Medium,BULLISH_WARNING,55.0,Aligned,risk_off,结构:STRUCTURAL_BOTTOM_CANDIDATE(A/A-); 阶段:Deteriorating(B); 触发:Consolidation(C); 置信度:Medium,PASSED,C,fallback
00371,北控水务,2019-12-13,STRUCTURAL_BOTTOM_CANDIDATE,Deteriorating,Consolidation,56.62315183636162,COST_DISADVANTAGE,Medium,BULLISH_WARNING,55.0,Aligned,risk_on,结构:STRUCTURAL_BOTTOM_CANDIDATE(A/A-); 阶段:Deteriorating(B); 触发:Consolidation(C); 置信度:Medium,PASSED,C,fallback
00371,北控水务,2019-12-20,STRUCTURAL_BOTTOM_CANDIDATE,Deteriorating,Consolidation,56.62315183636162,COST_DISADVANTAGE,Medium,BULLISH_WARNING,55.0,Aligned,risk_on,结构:STRUCTURAL_BOTTOM_CANDIDATE(A/A-); 阶段:Deteriorating(B); 触发:Consolidation(C); 置信度:Medium,PASSED,C,fallback
00371,北控水务,2019-12-27,STRUCTURAL_BOTTOM_CANDIDATE,Deteriorating,Consolidation,56.62315183636162,COST_DISADVANTAGE,Medium,BULLISH_WARNING,55.0,Aligned,risk_on,结构:STRUCTURAL_BOTTOM_CANDIDATE(A/A-); 阶段:Deteriorating(B); 触发:Consolidation(C); 置信度:Medium,PASSED,C,fallback
00371,北控水务,2020-01-03,STRUCTURAL_BOTTOM_CANDIDATE,Improving,Consolidation,65.86555802552786,COST_DISADVANTAGE,Medium,BULLISH_WARNING,55.0,Aligned,risk_on,结构:STRUCTURAL_BOTTOM_CANDIDATE(A/A-); 阶段:Improving(B); 触发:Consolidation(C); 置信度:Medium,PASSED,C,fallback
00371,北控水务,2020-01-10,STRUCTURAL_BOTTOM_CANDIDATE,Improving,Consolidation,65.86555802552786,COST_DISADVANTAGE,Medium,BULLISH_WARNING,55.0,Aligned,risk_on,结构:STRUCTURAL_BOTTOM_CANDIDATE(A/A-); 阶段:Improving(B); 触发:Consolidation(C); 置信度:Medium,PASSED,C,fallback
00371,北控水务,2020-01-17,STRUCTURAL_BOTTOM_CANDIDATE,Improving,Consolidation,65.86555802552786,COST_DISADVANTAGE,Medium,BULLISH_WARNING,55.0,Aligned,risk_on,结构:STRUCTURAL_BOTTOM_CANDIDATE(A/A-); 阶段:Improving(B); 触发:Consolidation(C); 置信度:Medium,PASSED,C,fallback
00371,北控水务,2020-01-24,STRUCTURAL_BOTTOM_CANDIDATE,Improving,Consolidation,65.86555802552786,COST_DISADVANTAGE,Medium,BULLISH_WARNING,55.0,Aligned,risk_on,结构:STRUCTURAL_BOTTOM_CANDIDATE(A/A-); 阶段:Improving(B); 触发:Consolidation(C); 置信度:Medium,PASSED,C,fallback
00371,北控水务,2020-01-31,STRUCTURAL_BOTTOM_CANDIDATE,Stable,Breakdown,66.76092147651795,COST_DISADVANTAGE,Medium,BULLISH_WARNING,55.0,Aligned,risk_off,结构:STRUCTURAL_BOTTOM_CANDIDATE(A/A-); 阶段:Stable(B); 触发:Breakdown(C); 置信度:Medium,PASSED,C,fallback
00371,北控水务,2020-02-07,STRUCTURAL_BOTTOM_CANDIDATE,Stable,Consolidation,66.76092147651795,COST_DISADVANTAGE,Medium,BULLISH_WARNING,55.0,Aligned,neutral,结构:STRUCTURAL_BOTTOM_CANDIDATE(A/A-); 阶段:Stable(B); 触发:Consolidation(C); 置信度:Medium,PASSED,C,fallback
00371,北控水务,2020-02-14,STRUCTURAL_BOTTOM_CANDIDATE,Stable,Consolidation,66.76092147651795,COST_DISADVANTAGE,Medium,BULLISH_WARNING,55.0,Aligned,risk_on,结构:STRUCTURAL_BOTTOM_CANDIDATE(A/A-); 阶段:Stable(B); 触发:Consolidation(C); 置信度:Medium,PASSED,C,fallback
00371,北控水务,2020-02-21,STRUCTURAL_BOTTOM_CANDIDATE,Stable,Consolidation,66.76092147651795,COST_DISADVANTAGE,Medium,BULLISH_WARNING,55.0,Aligned,risk_on,结构:STRUCTURAL_BOTTOM_CANDIDATE(A/A-); 阶段:Stable(B); 触发:Consolidation(C); 置信度:Medium,PASSED,C,fallback
00371,北控水务,2020-02-28,STRUCTURAL_BOTTOM_CANDIDATE,Stable,Consolidation,66.76092147651795,COST_DISADVANTAGE,Medium,BULLISH_WARNING,55.0,Aligned,risk_off,结构:STRUCTURAL_BOTTOM_CANDIDATE(A/A-); 阶段:Stable(B); 触发:Consolidation(C); 置信度:Medium,PASSED,C,fallback
00371,北控水务,2020-03-06,STRUCTURAL_BOTTOM_CANDIDATE,Improving,Consolidation,72.94319424762695,COST_DISADVANTAGE,Medium,BULLISH_WARNING,55.0,Aligned,risk_off,结构:STRUCTURAL_BOTTOM_CANDIDATE(A/A-); 阶段:Improving(B); 触发:Consolidation(C); 置信度:Medium,PASSED,C,fallback
00371,北控水务,2020-03-13,STRUCTURAL_BOTTOM_CANDIDATE,Improving,Breakdown,72.94319424762695,COST_DISADVANTAGE,Medium,BULLISH_WARNING,55.0,Aligned,risk_off,结构:STRUCTURAL_BOTTOM_CANDIDATE(A/A-); 阶段:Improving(B); 触发:Breakdown(C); 置信度:Medium,PASSED,C,fallback
00371,北控水务,2020-03-20,STRUCTURAL_BOTTOM_CANDIDATE,Improving,Breakdown,72.94319424762695,COST_DISADVANTAGE,Medium,BULLISH_WARNING,55.0,Aligned,risk_off,结构:STRUCTURAL_BOTTOM_CANDIDATE(A/A-); 阶段:Improving(B); 触发:Breakdown(C); 置信度:Medium,PASSED,C,fallback
00371,北控水务,2020-03-27,STRUCTURAL_BOTTOM_CANDIDATE,Improving,Consolidation,72.94319424762695,COST_DISADVANTAGE,Medium,BULLISH_WARNING,55.0,Aligned,risk_off,结构:STRUCTURAL_BOTTOM_CANDIDATE(A/A-); 阶段:Improving(B); 触发:Consolidation(C); 置信度:Medium,PASSED,C,fallback
00371,北控水务,2020-04-03,STRUCTURAL_BOTTOM_CANDIDATE,Deteriorating,Consolidation,38.90463281969792,COST_DISADVANTAGE,Medium,BULLISH_WARNING,55.0,Aligned,risk_off,结构:STRUCTURAL_BOTTOM_CANDIDATE(A/A-); 阶段:Deteriorating(B); 触发:Consolidation(C); 置信度:Medium,PASSED,C,fallback
00371,北控水务,2020-04-10,STRUCTURAL_BOTTOM_CANDIDATE,Deteriorating,Consolidation,38.90463281969792,COST_DISADVANTAGE,Medium,BULLISH_WARNING,55.0,Aligned,risk_off,结构:STRUCTURAL_BOTTOM_CANDIDATE(A/A-); 阶段:Deteriorating(B); 触发:Consolidation(C); 置信度:Medium,PASSED,C,fallback
00371,北控水务,2020-04-17,STRUCTURAL_BOTTOM_CANDIDATE,Deteriorating,Consolidation,38.90463281969792,COST_DISADVANTAGE,Medium,BULLISH_WARNING,55.0,Aligned,risk_off,结构:STRUCTURAL_BOTTOM_CANDIDATE(A/A-); 阶段:Deteriorating(B); 触发:Consolidation(C); 置信度:Medium,PASSED,C,fallback
00371,北控水务,2020-04-24,STRUCTURAL_BOTTOM_CANDIDATE,Deteriorating,Consolidation,38.90463281969792,COST_DISADVANTAGE,Medium,BULLISH_WARNING,55.0,Aligned,risk_off,结构:STRUCTURAL_BOTTOM_CANDIDATE(A/A-); 阶段:Deteriorating(B); 触发:Consolidation(C); 置信度:Medium,PASSED,C,fallback
00371,北控水务,2020-05-01,STRUCTURAL_BOTTOM_CANDIDATE,Deteriorating,Consolidation,65.11707293036405,COST_DISADVANTAGE,Medium,BULLISH_WARNING,55.0,Aligned,risk_off,结构:STRUCTURAL_BOTTOM_CANDIDATE(A/A-); 阶段:Deteriorating(B); 触发:Consolidation(C); 置信度:Medium,PASSED,C,fallback
00371,北控水务,2020-05-08,STRUCTURAL_BOTTOM_CANDIDATE,Deteriorating,Consolidation,65.11707293036405,COST_DISADVANTAGE,Medium,BULLISH_WARNING,55.0,Aligned,risk_off,结构:STRUCTURAL_BOTTOM_CANDIDATE(A/A-); 阶段:Deteriorating(B); 触发:Consolidation(C); 置信度:Medium,PASSED,C,fallback
00371,北控水务,2020-05-15,STRUCTURAL_BOTTOM_CANDIDATE,Deteriorating,Consolidation,65.11707293036405,COST_DISADVANTAGE,Medium,BULLISH_WARNING,55.0,Aligned,risk_off,结构:STRUCTURAL_BOTTOM_CANDIDATE(A/A-); 阶段:Deteriorating(B); 触发:Consolidation(C); 置信度:Medium,PASSED,C,fallback
00371,北控水务,2020-05-22,STRUCTURAL_BOTTOM_CANDIDATE,Deteriorating,Consolidation,65.11707293036405,COST_DISADVANTAGE,Medium,BULLISH_WARNING,55.0,Aligned,risk_off,结构:STRUCTURAL_BOTTOM_CANDIDATE(A/A-); 阶段:Deteriorating(B); 触发:Consolidation(C); 置信度:Medium,PASSED,C,fallback
00371,北控水务,2020-05-29,STRUCTURAL_BOTTOM_CANDIDATE,Deteriorating,Consolidation,65.11707293036405,COST_DISADVANTAGE,Medium,BULLISH_WARNING,55.0,Aligned,risk_off,结构:STRUCTURAL_BOTTOM_CANDIDATE(A/A-); 阶段:Deteriorating(B); 触发:Consolidation(C); 置信度:Medium,PASSED,C,fallback
00371,北控水务,2020-06-05,STRUCTURAL_BOTTOM_CANDIDATE,Deteriorating,Consolidation,65.74151762442607,COST_DISADVANTAGE,Medium,BULLISH_WARNING,55.0,Aligned,neutral,结构:STRUCTURAL_BOTTOM_CANDIDATE(A/A-); 阶段:Deteriorating(B); 触发:Consolidation(C); 置信度:Medium,PASSED,C,fallback
00371,北控水务,2020-06-12,STRUCTURAL_BOTTOM_CANDIDATE,Deteriorating,Consolidation,65.74151762442607,COST_DISADVANTAGE,Medium,BULLISH_WARNING,55.0,Aligned,risk_off,结构:STRUCTURAL_BOTTOM_CANDIDATE(A/A-); 阶段:Deteriorating(B); 触发:Consolidation(C); 置信度:Medium,PASSED,C,fallback
00371,北控水务,2020-06-19,STRUCTURAL_BOTTOM_CANDIDATE,Deteriorating,Consolidation,65.74151762442607,COST_DISADVANTAGE,Medium,BULLISH_WARNING,55.0,Aligned,risk_off,结构:STRUCTURAL_BOTTOM_CANDIDATE(A/A-); 阶段:Deteriorating(B); 触发:Consolidation(C); 置信度:Medium,PASSED,C,fallback
00371,北控水务,2020-06-26,STRUCTURAL_BOTTOM_CANDIDATE,Deteriorating,Consolidation,65.74151762442607,COST_DISADVANTAGE,Medium,BULLISH_WARNING,55.0,Aligned,risk_off,结构:STRUCTURAL_BOTTOM_CANDIDATE(A/A-); 阶段:Deteriorating(B); 触发:Consolidation(C); 置信度:Medium,PASSED,C,fallback
00371,北控水务,2020-07-03,STRUCTURAL_BOTTOM_CANDIDATE,Improving,Consolidation,50.56662018373288,COST_DISADVANTAGE,Medium,BULLISH_WARNING,55.0,Aligned,risk_on,结构:STRUCTURAL_BOTTOM_CANDIDATE(A/A-); 阶段:Improving(B); 触发:Consolidation(C); 置信度:Medium,PASSED,C,fallback
00371,北控水务,2020-07-10,STRUCTURAL_BOTTOM_CANDIDATE,Improving,Consolidation,50.56662018373288,COST_DISADVANTAGE,Medium,BULLISH_WARNING,55.0,Aligned,risk_off,结构:STRUCTURAL_BOTTOM_CANDIDATE(A/A-); 阶段:Improving(B); 触发:Consolidation(C); 置信度:Medium,PASSED,C,fallback
00371,北控水务,2020-07-17,STRUCTURAL_BOTTOM_CANDIDATE,Improving,Consolidation,50.56662018373288,COST_DISADVANTAGE,Medium,BULLISH_WARNING,55.0,Aligned,risk_on,结构:STRUCTURAL_BOTTOM_CANDIDATE(A/A-); 阶段:Improving(B); 触发:Consolidation(C); 置信度:Medium,PASSED,C,fallback
00371,北控水务,2020-07-24,STRUCTURAL_BOTTOM_CANDIDATE,Improving,Consolidation,50.56662018373288,COST_DISADVANTAGE,Medium,BULLISH_WARNING,55.0,Aligned,risk_off,结构:STRUCTURAL_BOTTOM_CANDIDATE(A/A-); 阶段:Improving(B); 触发:Consolidation(C); 置信度:Medium,PASSED,C,fallback
00371,北控水务,2020-07-31,STRUCTURAL_BOTTOM_CANDIDATE,Improving,Consolidation,65.14279575456072,COST_DISADVANTAGE,Medium,BULLISH_WARNING,55.0,Aligned,neutral,结构:STRUCTURAL_BOTTOM_CANDIDATE(A/A-); 阶段:Improving(B); 触发:Consolidation(C); 置信度:Medium,PASSED,C,fallback
00371,北控水务,2020-08-07,STRUCTURAL_BOTTOM_CANDIDATE,Improving,Consolidation,65.14279575456072,COST_DISADVANTAGE,Medium,BULLISH_WARNING,55.0,Aligned,neutral,结构:STRUCTURAL_BOTTOM_CANDIDATE(A/A-); 阶段:Improving(B); 触发:Consolidation(C); 置信度:Medium,PASSED,C,fallback
00371,北控水务,2020-08-14,STRUCTURAL_DIVERGENCE,Improving,Consolidation,65.14279575456072,COST_DISADVANTAGE,Low,BULLISH_WARNING,55.0,Aligned,risk_on,结构:STRUCTURAL_DIVERGENCE(A/A-); 阶段:Improving(B); 触发:Consolidation(C); 置信度:Low,PASSED,C,fallback
00371,北控水务,2020-08-21,STRUCTURAL_DIVERGENCE,Improving,Pullback,65.14279575456072,COST_DISADVANTAGE,Low,BULLISH_WARNING,55.0,Aligned,risk_on,结构:STRUCTURAL_DIVERGENCE(A/A-); 阶段:Improving(B); 触发:Pullback(C); 置信度:Low,PASSED,C,fallback
00371,北控水务,2020-08-28,STRUCTURAL_DIVERGENCE,Improving,Pullback,65.14279575456072,COST_DISADVANTAGE,Low,BULLISH_WARNING,55.0,Aligned,risk_on,结构:STRUCTURAL_DIVERGENCE(A/A-); 阶段:Improving(B); 触发:Pullback(C); 置信度:Low,PASSED,C,fallback
00371,北控水务,2020-09-04,STRUCTURAL_DIVERGENCE,Deteriorating,Consolidation,64.49778283430267,COST_DISADVANTAGE,Low,BULLISH_WARNING,55.0,Aligned,risk_off,结构:STRUCTURAL_DIVERGENCE(A/A-); 阶段:Deteriorating(B); 触发:Consolidation(C); 置信度:Low,PASSED,C,fallback
00371,北控水务,2020-09-11,STRUCTURAL_DIVERGENCE,Deteriorating,Consolidation,64.49778283430267,COST_DISADVANTAGE,Low,BULLISH_WARNING,55.0,Aligned,neutral,结构:STRUCTURAL_DIVERGENCE(A/A-); 阶段:Deteriorating(B); 触发:Consolidation(C); 置信度:Low,PASSED,C,fallback
00371,北控水务,2020-09-18,STRUCTURAL_DIVERGENCE,Deteriorating,Consolidation,64.49778283430267,COST_DISADVANTAGE,Low,BULLISH_WARNING,55.0,Aligned,neutral,结构:STRUCTURAL_DIVERGENCE(A/A-); 阶段:Deteriorating(B); 触发:Consolidation(C); 置信度:Low,PASSED,C,fallback
00371,北控水务,2020-09-25,STRUCTURAL_DIVERGENCE,Deteriorating,Consolidation,64.49778283430267,COST_DISADVANTAGE,Low,BULLISH_WARNING,55.0,Aligned,risk_off,结构:STRUCTURAL_DIVERGENCE(A/A-); 阶段:Deteriorating(B); 触发:Consolidation(C); 置信度:Low,PASSED,C,fallback
00371,北控水务,2020-10-02,STRUCTURAL_DIVERGENCE,Stable,Consolidation,58.98697360128404,COST_DISADVANTAGE,Low,BULLISH_WARNING,55.0,Aligned,risk_off,结构:STRUCTURAL_DIVERGENCE(A/A-); 阶段:Stable(B); 触发:Consolidation(C); 置信度:Low,PASSED,C,fallback
00371,北控水务,2020-10-09,STRUCTURAL_DIVERGENCE,Stable,Consolidation,58.98697360128404,COST_DISADVANTAGE,Low,BULLISH_WARNING,55.0,Aligned,risk_off,结构:STRUCTURAL_DIVERGENCE(A/A-); 阶段:Stable(B); 触发:Consolidation(C); 置信度:Low,PASSED,C,fallback
00371,北控水务,2020-10-16,STRUCTURAL_DIVERGENCE,Stable,Consolidation,58.98697360128404,COST_DISADVANTAGE,Low,BULLISH_WARNING,55.0,Aligned,risk_off,结构:STRUCTURAL_DIVERGENCE(A/A-); 阶段:Stable(B); 触发:Consolidation(C); 置信度:Low,PASSED,C,fallback
00371,北控水务,2020-10-23,STRUCTURAL_DIVERGENCE,Stable,Consolidation,58.98697360128404,COST_DISADVANTAGE,Low,BULLISH_WARNING,55.0,Aligned,neutral,结构:STRUCTURAL_DIVERGENCE(A/A-); 阶段:Stable(B); 触发:Consolidation(C); 置信度:Low,PASSED,C,fallback
00371,北控水务,2020-10-30,STRUCTURAL_DIVERGENCE,Stable,Consolidation,58.98697360128404,COST_DISADVANTAGE,Low,BULLISH_WARNING,55.0,Aligned,risk_off,结构:STRUCTURAL_DIVERGENCE(A/A-); 阶段:Stable(B); 触发:Consolidation(C); 置信度:Low,PASSED,C,fallback
00371,北控水务,2020-11-06,STRUCTURAL_DIVERGENCE,Deteriorating,Consolidation,62.91684294194235,COST_DISADVANTAGE,Low,BULLISH_WARNING,55.0,Aligned,risk_on,结构:STRUCTURAL_DIVERGENCE(A/A-); 阶段:Deteriorating(B); 触发:Consolidation(C); 置信度:Low,PASSED,C,fallback
00371,北控水务,2020-11-13,STRUCTURAL_DIVERGENCE,Deteriorating,Consolidation,62.91684294194235,COST_DISADVANTAGE,Low,BULLISH_WARNING,55.0,Aligned,risk_on,结构:STRUCTURAL_DIVERGENCE(A/A-); 阶段:Deteriorating(B); 触发:Consolidation(C); 置信度:Low,PASSED,C,fallback
00371,北控水务,2020-11-20,STRUCTURAL_DIVERGENCE,Deteriorating,Consolidation,62.91684294194235,COST_DISADVANTAGE,Medium,BULLISH_WARNING,55.0,Aligned,risk_on,结构:STRUCTURAL_DIVERGENCE(A/A-); 阶段:Deteriorating(B); 触发:Consolidation(C); 置信度:Medium,PASSED,C,fallback
00371,北控水务,2020-11-27,STRUCTURAL_DIVERGENCE,Deteriorating,Consolidation,62.91684294194235,COST_DISADVANTAGE,Medium,BULLISH_WARNING,55.0,Aligned,risk_on,结构:STRUCTURAL_DIVERGENCE(A/A-); 阶段:Deteriorating(B); 触发:Consolidation(C); 置信度:Medium,PASSED,C,fallback
00371,北控水务,2020-12-04,STRUCTURAL_DIVERGENCE,Improving,Consolidation,58.47579853720461,COST_DISADVANTAGE,Medium,BULLISH_WARNING,55.0,Aligned,risk_on,结构:STRUCTURAL_DIVERGENCE(A/A-); 阶段:Improving(B); 触发:Consolidation(C); 置信度:Medium,PASSED,C,fallback
00371,北控水务,2020-12-11,STRUCTURAL_DIVERGENCE,Improving,Consolidation,58.47579853720461,COST_DISADVANTAGE,Medium,BULLISH_WARNING,55.0,Aligned,risk_on,结构:STRUCTURAL_DIVERGENCE(A/A-); 阶段:Improving(B); 触发:Consolidation(C); 置信度:Medium,PASSED,C,fallback
00371,北控水务,2020-12-18,STRUCTURAL_DIVERGENCE,Improving,Consolidation,58.47579853720461,COST_DISADVANTAGE,Medium,BULLISH_WARNING,55.0,Aligned,risk_on,结构:STRUCTURAL_DIVERGENCE(A/A-); 阶段:Improving(B); 触发:Consolidation(C); 置信度:Medium,PASSED,C,fallback
00371,北控水务,2020-12-25,STRUCTURAL_DIVERGENCE,Improving,Consolidation,58.47579853720461,COST_DISADVANTAGE,Medium,BULLISH_WARNING,55.0,Aligned,risk_on,结构:STRUCTURAL_DIVERGENCE(A/A-); 阶段:Improving(B); 触发:Consolidation(C); 置信度:Medium,PASSED,C,fallback
00371,北控水务,2021-01-01,STRUCTURAL_DIVERGENCE,Stable,Consolidation,58.078977011240525,COST_DISADVANTAGE,Medium,BULLISH_WARNING,55.0,Aligned,risk_on,结构:STRUCTURAL_DIVERGENCE(A/A-); 阶段:Stable(B); 触发:Consolidation(C); 置信度:Medium,PASSED,C,fallback
00371,北控水务,2021-01-08,STRUCTURAL_DIVERGENCE,Stable,Consolidation,58.078977011240525,COST_DISADVANTAGE,Medium,BULLISH_WARNING,55.0,Aligned,risk_on,结构:STRUCTURAL_DIVERGENCE(A/A-); 阶段:Stable(B); 触发:Consolidation(C); 置信度:Medium,PASSED,C,fallback
00371,北控水务,2021-01-15,STRUCTURAL_DIVERGENCE,Stable,Consolidation,58.078977011240525,COST_DISADVANTAGE,Medium,BULLISH_WARNING,55.0,Aligned,risk_on,结构:STRUCTURAL_DIVERGENCE(A/A-); 阶段:Stable(B); 触发:Consolidation(C); 置信度:Medium,PASSED,C,fallback
00371,北控水务,2021-01-22,STRUCTURAL_DIVERGENCE,Stable,Consolidation,58.078977011240525,COST_DISADVANTAGE,Medium,BULLISH_WARNING,55.0,Aligned,risk_on,结构:STRUCTURAL_DIVERGENCE(A/A-); 阶段:Stable(B); 触发:Consolidation(C); 置信度:Medium,PASSED,C,fallback
00371,北控水务,2021-01-29,STRUCTURAL_DIVERGENCE,Stable,Pullback,58.078977011240525,COST_DISADVANTAGE,Medium,BULLISH_WARNING,55.0,Aligned,risk_off,结构:STRUCTURAL_DIVERGENCE(A/A-); 阶段:Stable(B); 触发:Pullback(C); 置信度:Medium,PASSED,C,fallback
00371,北控水务,2021-02-05,STRUCTURAL_DIVERGENCE,Improving,Pullback,45.17359933076861,COST_DISADVANTAGE,Low,BULLISH_WARNING,55.0,Aligned,risk_on,结构:STRUCTURAL_DIVERGENCE(A/A-); 阶段:Improving(B); 触发:Pullback(C); 置信度:Low,PASSED,C,fallback
00371,北控水务,2021-02-12,STRUCTURAL_DIVERGENCE,Improving,Pullback,45.17359933076861,COST_DISADVANTAGE,Low,BULLISH_WARNING,55.0,Aligned,risk_on,结构:STRUCTURAL_DIVERGENCE(A/A-); 阶段:Improving(B); 触发:Pullback(C); 置信度:Low,PASSED,C,fallback
00371,北控水务,2021-02-19,STRUCTURAL_ACCUMULATION,Improving,Pullback,45.17359933076861,COST_DISADVANTAGE,Medium,BULLISH_STABLE,75.0,Aligned,risk_on,结构:STRUCTURAL_ACCUMULATION(A/A-); 阶段:Improving(B); 触发:Pullback(C); 置信度:Medium,PASSED,C,fallback
00371,北控水务,2021-02-26,STRUCTURAL_ACCUMULATION,Improving,Consolidation,45.17359933076861,COST_DISADVANTAGE,Medium,BULLISH_STABLE,75.0,Aligned,risk_off,结构:STRUCTURAL_ACCUMULATION(A/A-); 阶段:Improving(B); 触发:Consolidation(C); 置信度:Medium,PASSED,C,matrix
00371,北控水务,2021-03-05,STRUCTURAL_ACCUMULATION,Deteriorating,Consolidation,49.74468661439468,COST_DISADVANTAGE,Medium,BULLISH_STABLE,75.0,Divergence,risk_on,结构:STRUCTURAL_ACCUMULATION(A/A-); 阶段:Deteriorating(B); 触发:Consolidation(C); 置信度:Medium,PASSED,C,fallback
00371,北控水务,2021-03-12,STRUCTURAL_ACCUMULATION,Deteriorating,Consolidation,49.74468661439468,COST_DISADVANTAGE,Medium,BULLISH_STABLE,75.0,Divergence,risk_on,结构:STRUCTURAL_ACCUMULATION(A/A-); 阶段:Deteriorating(B); 触发:Consolidation(C); 置信度:Medium,PASSED,C,fallback
00371,北控水务,2021-03-19,STRUCTURAL_ACCUMULATION,Deteriorating,Consolidation,49.74468661439468,COST_DISADVANTAGE,Medium,BULLISH_STABLE,75.0,Divergence,risk_on,结构:STRUCTURAL_ACCUMULATION(A/A-); 阶段:Deteriorating(B); 触发:Consolidation(C); 置信度:Medium,PASSED,C,fallback
00371,北控水务,2021-03-26,STRUCTURAL_ACCUMULATION,Deteriorating,Consolidation,49.74468661439468,COST_DISADVANTAGE,Medium,BULLISH_STABLE,75.0,Divergence,risk_on,结构:STRUCTURAL_ACCUMULATION(A/A-); 阶段:Deteriorating(B); 触发:Consolidation(C); 置信度:Medium,PASSED,C,fallback
00371,北控水务,2021-04-02,STRUCTURAL_ACCUMULATION,Deteriorating,Breakdown,32.70419887813182,COST_DISADVANTAGE,Medium,BULLISH_WARNING,55.0,Divergence,risk_on,结构:STRUCTURAL_ACCUMULATION(A/A-); 阶段:Deteriorating(B); 触发:Breakdown(C); 置信度:Medium,PASSED,C,matrix
00371,北控水务,2021-04-09,STRUCTURAL_ACCUMULATION,Deteriorating,Consolidation,32.70419887813182,COST_DISADVANTAGE,Medium,BULLISH_STABLE,75.0,Divergence,risk_on,结构:STRUCTURAL_ACCUMULATION(A/A-); 阶段:Deteriorating(B); 触发:Consolidation(C); 置信度:Medium,PASSED,C,fallback
00371,北控水务,2021-04-16,STRUCTURAL_ACCUMULATION,Deteriorating,Consolidation,32.70419887813182,COST_DISADVANTAGE,Medium,BULLISH_STABLE,75.0,Divergence,neutral,结构:STRUCTURAL_ACCUMULATION(A/A-); 阶段:Deteriorating(B); 触发:Consolidation(C); 置信度:Medium,PASSED,C,fallback
00371,北控水务,2021-04-23,STRUCTURAL_ACCUMULATION,Deteriorating,Consolidation,32.70419887813182,COST_DISADVANTAGE,Medium,BULLISH_STABLE,75.0,Divergence,neutral,结构:STRUCTURAL_ACCUMULATION(A/A-); 阶段:Deteriorating(B); 触发:Consolidation(C); 置信度:Medium,PASSED,C,fallback
00371,北控水务,2021-04-30,STRUCTURAL_ACCUMULATION,Stable,Consolidation,50.147451931838944,COST_DISADVANTAGE,Medium,BULLISH_STABLE,75.0,Aligned,neutral,结构:STRUCTURAL_ACCUMULATION(A/A-); 阶段:Stable(B); 触发:Consolidation(C); 置信度:Medium,PASSED,C,fallback
00371,北控水务,2021-05-07,STRUCTURAL_ACCUMULATION,Stable,Consolidation,50.147451931838944,COST_DISADVANTAGE,Medium,BULLISH_STABLE,75.0,Aligned,risk_off,结构:STRUCTURAL_ACCUMULATION(A/A-); 阶段:Stable(B); 触发:Consolidation(C); 置信度:Medium,PASSED,C,fallback
00371,北控水务,2021-05-14,STRUCTURAL_ACCUMULATION,Stable,Consolidation,50.147451931838944,COST_DISADVANTAGE,Medium,BULLISH_STABLE,75.0,Aligned,risk_off,结构:STRUCTURAL_ACCUMULATION(A/A-); 阶段:Stable(B); 触发:Consolidation(C); 置信度:Medium,PASSED,C,fallback
00371,北控水务,2021-05-21,STRUCTURAL_ACCUMULATION,Stable,Consolidation,50.147451931838944,COST_DISADVANTAGE,Medium,BULLISH_STABLE,75.0,Aligned,risk_off,结构:STRUCTURAL_ACCUMULATION(A/A-); 阶段:Stable(B); 触发:Consolidation(C); 置信度:Medium,PASSED,C,fallback
00371,北控水务,2021-05-28,STRUCTURAL_ACCUMULATION,Stable,Consolidation,50.147451931838944,COST_DISADVANTAGE,Medium,BULLISH_STABLE,75.0,Aligned,neutral,结构:STRUCTURAL_ACCUMULATION(A/A-); 阶段:Stable(B); 触发:Consolidation(C); 置信度:Medium,PASSED,C,fallback
00371,北控水务,2021-06-04,STRUCTURAL_ACCUMULATION,Improving,Consolidation,47.88892655039369,COST_DISADVANTAGE,Medium,BULLISH_STABLE,75.0,Aligned,neutral,结构:STRUCTURAL_ACCUMULATION(A/A-); 阶段:Improving(B); 触发:Consolidation(C); 置信度:Medium,PASSED,C,matrix
00371,北控水务,2021-06-11,STRUCTURAL_ACCUMULATION,Improving,Consolidation,47.88892655039369,COST_DISADVANTAGE,Medium,BULLISH_STABLE,75.0,Aligned,neutral,结构:STRUCTURAL_ACCUMULATION(A/A-); 阶段:Improving(B); 触发:Consolidation(C); 置信度:Medium,PASSED,C,matrix
00371,北控水务,2021-06-18,STRUCTURAL_ACCUMULATION,Improving,Consolidation,47.88892655039369,COST_DISADVANTAGE,Medium,BULLISH_STABLE,75.0,Aligned,neutral,结构:STRUCTURAL_ACCUMULATION(A/A-); 阶段:Improving(B); 触发:Consolidation(C); 置信度:Medium,PASSED,C,matrix
00371,北控水务,2021-06-25,STRUCTURAL_ACCUMULATION,Improving,Consolidation,47.88892655039369,COST_DISADVANTAGE,Medium,BULLISH_STABLE,75.0,Aligned,risk_on,结构:STRUCTURAL_ACCUMULATION(A/A-); 阶段:Improving(B); 触发:Consolidation(C); 置信度:Medium,PASSED,C,matrix
00371,北控水务,2021-07-02,STRUCTURAL_ACCUMULATION,Deteriorating,Consolidation,53.721452760825855,COST_DISADVANTAGE,Medium,BULLISH_STABLE,75.0,Divergence,risk_off,结构:STRUCTURAL_ACCUMULATION(A/A-); 阶段:Deteriorating(B); 触发:Consolidation(C); 置信度:Medium,PASSED,C,fallback
00371,北控水务,2021-07-09,STRUCTURAL_ACCUMULATION,Deteriorating,Consolidation,53.721452760825855,COST_DISADVANTAGE,Medium,BULLISH_STABLE,75.0,Divergence,risk_off,结构:STRUCTURAL_ACCUMULATION(A/A-); 阶段:Deteriorating(B); 触发:Consolidation(C); 置信度:Medium,PASSED,C,fallback
00371,北控水务,2021-07-16,STRUCTURAL_ACCUMULATION,Deteriorating,Consolidation,53.721452760825855,COST_DISADVANTAGE,Medium,BULLISH_STABLE,75.0,Divergence,risk_off,结构:STRUCTURAL_ACCUMULATION(A/A-); 阶段:Deteriorating(B); 触发:Consolidation(C); 置信度:Medium,PASSED,C,fallback
00371,北控水务,2021-07-23,STRUCTURAL_ACCUMULATION,Deteriorating,Consolidation,53.721452760825855,COST_DISADVANTAGE,Medium,BULLISH_STABLE,75.0,Divergence,risk_off,结构:STRUCTURAL_ACCUMULATION(A/A-); 阶段:Deteriorating(B); 触发:Consolidation(C); 置信度:Medium,PASSED,C,fallback
00371,北控水务,2021-07-30,STRUCTURAL_ACCUMULATION,Deteriorating,Consolidation,53.721452760825855,COST_DISADVANTAGE,Medium,BULLISH_STABLE,75.0,Divergence,risk_off,结构:STRUCTURAL_ACCUMULATION(A/A-); 阶段:Deteriorating(B); 触发:Consolidation(C); 置信度:Medium,PASSED,C,fallback
00371,北控水务,2021-08-06,STRUCTURAL_ACCUMULATION,Deteriorating,Consolidation,53.36852402418824,COST_DISADVANTAGE,Medium,BULLISH_STABLE,75.0,Divergence,risk_off,结构:STRUCTURAL_ACCUMULATION(A/A-); 阶段:Deteriorating(B); 触发:Consolidation(C); 置信度:Medium,PASSED,C,fallback
00371,北控水务,2021-08-13,STRUCTURAL_ACCUMULATION,Deteriorating,Consolidation,53.36852402418824,COST_DISADVANTAGE,Medium,BULLISH_STABLE,75.0,Divergence,risk_off,结构:STRUCTURAL_ACCUMULATION(A/A-); 阶段:Deteriorating(B); 触发:Consolidation(C); 置信度:Medium,PASSED,C,fallback
00371,北控水务,2021-08-20,STRUCTURAL_ACCUMULATION,Deteriorating,Consolidation,53.36852402418824,COST_DISADVANTAGE,Medium,BULLISH_STABLE,75.0,Divergence,risk_off,结构:STRUCTURAL_ACCUMULATION(A/A-); 阶段:Deteriorating(B); 触发:Consolidation(C); 置信度:Medium,PASSED,C,fallback
00371,北控水务,2021-08-27,STRUCTURAL_ACCUMULATION,Deteriorating,Consolidation,53.36852402418824,COST_DISADVANTAGE,Medium,BULLISH_STABLE,75.0,Divergence,risk_off,结构:STRUCTURAL_ACCUMULATION(A/A-); 阶段:Deteriorating(B); 触发:Consolidation(C); 置信度:Medium,PASSED,C,fallback
00371,北控水务,2021-09-03,STRUCTURAL_ACCUMULATION,Improving,Consolidation,35.74487138171362,COST_DISADVANTAGE,Medium,BULLISH_STABLE,75.0,Aligned,risk_off,结构:STRUCTURAL_ACCUMULATION(A/A-); 阶段:Improving(B); 触发:Consolidation(C); 置信度:Medium,PASSED,C,matrix
00371,北控水务,2021-09-10,STRUCTURAL_ACCUMULATION,Improving,Consolidation,35.74487138171362,COST_DISADVANTAGE,Medium,BULLISH_STABLE,75.0,Aligned,risk_off,结构:STRUCTURAL_ACCUMULATION(A/A-); 阶段:Improving(B); 触发:Consolidation(C); 置信度:Medium,PASSED,C,matrix
00371,北控水务,2021-09-17,STRUCTURAL_ACCUMULATION,Improving,Pullback,35.74487138171362,COST_DISADVANTAGE,Medium,BULLISH_STABLE,75.0,Aligned,risk_off,结构:STRUCTURAL_ACCUMULATION(A/A-); 阶段:Improving(B); 触发:Pullback(C); 置信度:Medium,PASSED,C,fallback
00371,北控水务,2021-09-24,STRUCTURAL_ACCUMULATION,Improving,Consolidation,35.74487138171362,COST_DISADVANTAGE,Medium,BULLISH_STABLE,75.0,Aligned,risk_off,结构:STRUCTURAL_ACCUMULATION(A/A-); 阶段:Improving(B); 触发:Consolidation(C); 置信度:Medium,PASSED,C,matrix
00371,北控水务,2021-10-01,STRUCTURAL_ACCUMULATION,Deteriorating,Consolidation,30.249247508478874,COST_DISADVANTAGE,Low,BULLISH_STABLE,75.0,Divergence,risk_off,结构:STRUCTURAL_ACCUMULATION(A/A-); 阶段:Deteriorating(B); 触发:Consolidation(C); 置信度:Low,PASSED,C,fallback
00371,北控水务,2021-10-08,STRUCTURAL_ACCUMULATION,Deteriorating,Consolidation,30.249247508478874,COST_DISADVANTAGE,Low,BULLISH_STABLE,75.0,Divergence,risk_off,结构:STRUCTURAL_ACCUMULATION(A/A-); 阶段:Deteriorating(B); 触发:Consolidation(C); 置信度:Low,PASSED,C,fallback
00371,北控水务,2021-10-15,STRUCTURAL_ACCUMULATION,Deteriorating,Pullback,30.249247508478874,COST_DISADVANTAGE,Low,BULLISH_STABLE,75.0,Divergence,risk_off,结构:STRUCTURAL_ACCUMULATION(A/A-); 阶段:Deteriorating(B); 触发:Pullback(C); 置信度:Low,PASSED,C,fallback
00371,北控水务,2021-10-22,STRUCTURAL_ACCUMULATION,Deteriorating,Pullback,30.249247508478874,COST_DISADVANTAGE,Low,BULLISH_STABLE,75.0,Divergence,neutral,结构:STRUCTURAL_ACCUMULATION(A/A-); 阶段:Deteriorating(B); 触发:Pullback(C); 置信度:Low,PASSED,C,fallback
00371,北控水务,2021-10-29,STRUCTURAL_ACCUMULATION,Deteriorating,Consolidation,30.249247508478874,COST_DISADVANTAGE,Low,BULLISH_STABLE,75.0,Divergence,risk_off,结构:STRUCTURAL_ACCUMULATION(A/A-); 阶段:Deteriorating(B); 触发:Consolidation(C); 置信度:Low,PASSED,C,fallback
00371,北控水务,2021-11-05,STRUCTURAL_ACCUMULATION,Deteriorating,Consolidation,28.95564438277111,COST_DISADVANTAGE,Low,BULLISH_STABLE,75.0,Divergence,risk_off,结构:STRUCTURAL_ACCUMULATION(A/A-); 阶段:Deteriorating(B); 触发:Consolidation(C); 置信度:Low,PASSED,C,fallback
00371,北控水务,2021-11-12,STRUCTURAL_ACCUMULATION,Deteriorating,Consolidation,28.95564438277111,COST_DISADVANTAGE,Low,BULLISH_STABLE,75.0,Divergence,risk_off,结构:STRUCTURAL_ACCUMULATION(A/A-); 阶段:Deteriorating(B); 触发:Consolidation(C); 置信度:Low,PASSED,C,fallback
00371,北控水务,2021-11-19,STRUCTURAL_ACCUMULATION,Deteriorating,Consolidation,28.95564438277111,COST_DISADVANTAGE,Low,BULLISH_STABLE,75.0,Divergence,neutral,结构:STRUCTURAL_ACCUMULATION(A/A-); 阶段:Deteriorating(B); 触发:Consolidation(C); 置信度:Low,PASSED,C,fallback
00371,北控水务,2021-11-26,STRUCTURAL_ACCUMULATION,Deteriorating,Consolidation,28.95564438277111,COST_DISADVANTAGE,Low,BULLISH_STABLE,75.0,Divergence,risk_off,结构:STRUCTURAL_ACCUMULATION(A/A-); 阶段:Deteriorating(B); 触发:Consolidation(C); 置信度:Low,PASSED,C,fallback
00371,北控水务,2021-12-03,STRUCTURAL_ACCUMULATION,Stable,Consolidation,40.0036590996889,COST_DISADVANTAGE,Low,BULLISH_STABLE,75.0,Aligned,risk_off,结构:STRUCTURAL_ACCUMULATION(A/A-); 阶段:Stable(B); 触发:Consolidation(C); 置信度:Low,PASSED,C,fallback
00371,北控水务,2021-12-10,STRUCTURAL_ACCUMULATION,Stable,Consolidation,40.0036590996889,COST_DISADVANTAGE,Low,BULLISH_STABLE,75.0,Aligned,risk_off,结构:STRUCTURAL_ACCUMULATION(A/A-); 阶段:Stable(B); 触发:Consolidation(C); 置信度:Low,PASSED,C,fallback
00371,北控水务,2021-12-17,STRUCTURAL_ACCUMULATION,Stable,Consolidation,40.0036590996889,COST_DISADVANTAGE,Low,BULLISH_STABLE,75.0,Aligned,risk_off,结构:STRUCTURAL_ACCUMULATION(A/A-); 阶段:Stable(B); 触发:Consolidation(C); 置信度:Low,PASSED,C,fallback
00371,北控水务,2021-12-24,STRUCTURAL_ACCUMULATION,Stable,Consolidation,40.0036590996889,COST_DISADVANTAGE,Low,BULLISH_STABLE,75.0,Aligned,risk_off,结构:STRUCTURAL_ACCUMULATION(A/A-); 阶段:Stable(B); 触发:Consolidation(C); 置信度:Low,PASSED,C,fallback
00371,北控水务,2021-12-31,STRUCTURAL_ACCUMULATION,Improving,Consolidation,47.608494945780855,COST_DISADVANTAGE,Low,BULLISH_STABLE,75.0,Aligned,risk_off,结构:STRUCTURAL_ACCUMULATION(A/A-); 阶段:Improving(B); 触发:Consolidation(C); 置信度:Low,PASSED,C,matrix
00371,北控水务,2022-01-07,STRUCTURAL_ACCUMULATION,Improving,Consolidation,47.608494945780855,COST_DISADVANTAGE,Low,BULLISH_STABLE,75.0,Aligned,risk_off,结构:STRUCTURAL_ACCUMULATION(A/A-); 阶段:Improving(B); 触发:Consolidation(C); 置信度:Low,PASSED,C,matrix
00371,北控水务,2022-01-14,STRUCTURAL_ACCUMULATION,Improving,Consolidation,47.608494945780855,COST_DISADVANTAGE,Low,BULLISH_STABLE,75.0,Aligned,risk_off,结构:STRUCTURAL_ACCUMULATION(A/A-); 阶段:Improving(B); 触发:Consolidation(C); 置信度:Low,PASSED,C,matrix
00371,北控水务,2022-01-21,STRUCTURAL_ACCUMULATION,Improving,Pullback,47.608494945780855,COST_DISADVANTAGE,Low,BULLISH_STABLE,75.0,Aligned,risk_off,结构:STRUCTURAL_ACCUMULATION(A/A-); 阶段:Improving(B); 触发:Pullback(C); 置信度:Low,PASSED,C,fallback
00371,北控水务,2022-01-28,STRUCTURAL_ACCUMULATION,Improving,Pullback,47.608494945780855,COST_DISADVANTAGE,Low,BULLISH_STABLE,75.0,Aligned,risk_off,结构:STRUCTURAL_ACCUMULATION(A/A-); 阶段:Improving(B); 触发:Pullback(C); 置信度:Low,PASSED,C,fallback
00371,北控水务,2022-02-04,STRUCTURAL_ACCUMULATION,Stable,Consolidation,46.575360956716146,COST_DISADVANTAGE,Low,BULLISH_STABLE,75.0,Aligned,neutral,结构:STRUCTURAL_ACCUMULATION(A/A-); 阶段:Stable(B); 触发:Consolidation(C); 置信度:Low,PASSED,C,fallback
00371,北控水务,2022-02-11,STRUCTURAL_ACCUMULATION,Stable,Consolidation,46.575360956716146,COST_DISADVANTAGE,Low,BULLISH_STABLE,75.0,Aligned,neutral,结构:STRUCTURAL_ACCUMULATION(A/A-); 阶段:Stable(B); 触发:Consolidation(C); 置信度:Low,PASSED,C,fallback
00371,北控水务,2022-02-18,STRUCTURAL_ACCUMULATION,Stable,Consolidation,46.575360956716146,COST_DISADVANTAGE,Low,BULLISH_STABLE,75.0,Aligned,risk_off,结构:STRUCTURAL_ACCUMULATION(A/A-); 阶段:Stable(B); 触发:Consolidation(C); 置信度:Low,PASSED,C,fallback
00371,北控水务,2022-02-25,STRUCTURAL_ACCUMULATION,Stable,Pullback,46.575360956716146,COST_DISADVANTAGE,Low,BULLISH_STABLE,75.0,Aligned,risk_off,结构:STRUCTURAL_ACCUMULATION(A/A-); 阶段:Stable(B); 触发:Pullback(C); 置信度:Low,PASSED,C,fallback
00371,北控水务,2022-03-04,STRUCTURAL_ACCUMULATION,Improving,Pullback,46.73935140649346,COST_DISADVANTAGE,Low,BULLISH_STABLE,75.0,Aligned,risk_off,结构:STRUCTURAL_ACCUMULATION(A/A-); 阶段:Improving(B); 触发:Pullback(C); 置信度:Low,PASSED,C,fallback
00371,北控水务,2022-03-11,STRUCTURAL_ACCUMULATION,Improving,Consolidation,46.73935140649346,COST_DISADVANTAGE,Low,BULLISH_STABLE,75.0,Aligned,risk_off,结构:STRUCTURAL_ACCUMULATION(A/A-); 阶段:Improving(B); 触发:Consolidation(C); 置信度:Low,PASSED,C,matrix
00371,北控水务,2022-03-18,STRUCTURAL_ACCUMULATION,Improving,Consolidation,46.73935140649346,COST_DISADVANTAGE,Low,BULLISH_STABLE,75.0,Aligned,risk_off,结构:STRUCTURAL_ACCUMULATION(A/A-); 阶段:Improving(B); 触发:Consolidation(C); 置信度:Low,PASSED,C,matrix
00371,北控水务,2022-03-25,STRUCTURAL_ACCUMULATION,Improving,Consolidation,46.73935140649346,COST_DISADVANTAGE,Low,BULLISH_STABLE,75.0,Aligned,risk_off,结构:STRUCTURAL_ACCUMULATION(A/A-); 阶段:Improving(B); 触发:Consolidation(C); 置信度:Low,PASSED,C,matrix
00371,北控水务,2022-04-01,STRUCTURAL_ACCUMULATION,Deteriorating,Breakdown,37.69230043005175,COST_DISADVANTAGE,Low,BULLISH_WARNING,55.0,Divergence,risk_off,结构:STRUCTURAL_ACCUMULATION(A/A-); 阶段:Deteriorating(B); 触发:Breakdown(C); 置信度:Low,PASSED,C,matrix
00371,北控水务,2022-04-08,STRUCTURAL_ACCUMULATION,Deteriorating,Consolidation,37.69230043005175,COST_DISADVANTAGE,Low,BULLISH_STABLE,75.0,Divergence,risk_off,结构:STRUCTURAL_ACCUMULATION(A/A-); 阶段:Deteriorating(B); 触发:Consolidation(C); 置信度:Low,PASSED,C,fallback
00371,北控水务,2022-04-15,STRUCTURAL_ACCUMULATION,Deteriorating,Consolidation,37.69230043005175,COST_DISADVANTAGE,Low,BULLISH_STABLE,75.0,Divergence,risk_off,结构:STRUCTURAL_ACCUMULATION(A/A-); 阶段:Deteriorating(B); 触发:Consolidation(C); 置信度:Low,PASSED,C,fallback
00371,北控水务,2022-04-22,STRUCTURAL_ACCUMULATION,Deteriorating,Consolidation,37.69230043005175,COST_DISADVANTAGE,Low,BULLISH_STABLE,75.0,Divergence,risk_off,结构:STRUCTURAL_ACCUMULATION(A/A-); 阶段:Deteriorating(B); 触发:Consolidation(C); 置信度:Low,PASSED,C,fallback
00371,北控水务,2022-04-29,STRUCTURAL_ACCUMULATION,Deteriorating,Consolidation,37.69230043005175,COST_DISADVANTAGE,Low,BULLISH_STABLE,75.0,Divergence,risk_off,结构:STRUCTURAL_ACCUMULATION(A/A-); 阶段:Deteriorating(B); 触发:Consolidation(C); 置信度:Low,PASSED,C,fallback
00371,北控水务,2022-05-06,STRUCTURAL_ACCUMULATION,Improving,Consolidation,53.31343085494701,COST_DISADVANTAGE,Low,BULLISH_STABLE,75.0,Aligned,risk_off,结构:STRUCTURAL_ACCUMULATION(A/A-); 阶段:Improving(B); 触发:Consolidation(C); 置信度:Low,PASSED,C,matrix
00371,北控水务,2022-05-13,STRUCTURAL_ACCUMULATION,Improving,Consolidation,53.31343085494701,COST_DISADVANTAGE,Low,BULLISH_STABLE,75.0,Aligned,risk_off,结构:STRUCTURAL_ACCUMULATION(A/A-); 阶段:Improving(B); 触发:Consolidation(C); 置信度:Low,PASSED,C,matrix
00371,北控水务,2022-05-20,STRUCTURAL_ACCUMULATION,Improving,Consolidation,53.31343085494701,COST_DISADVANTAGE,Low,BULLISH_STABLE,75.0,Aligned,risk_off,结构:STRUCTURAL_ACCUMULATION(A/A-); 阶段:Improving(B); 触发:Consolidation(C); 置信度:Low,PASSED,C,matrix
00371,北控水务,2022-05-27,STRUCTURAL_ACCUMULATION,Improving,Consolidation,53.31343085494701,COST_DISADVANTAGE,Low,BULLISH_STABLE,75.0,Aligned,risk_off,结构:STRUCTURAL_ACCUMULATION(A/A-); 阶段:Improving(B); 触发:Consolidation(C); 置信度:Low,PASSED,C,matrix
00371,北控水务,2022-06-03,STRUCTURAL_ACCUMULATION,Improving,Consolidation,44.40675040527772,COST_DISADVANTAGE,Low,BULLISH_STABLE,75.0,Aligned,risk_off,结构:STRUCTURAL_ACCUMULATION(A/A-); 阶段:Improving(B); 触发:Consolidation(C); 置信度:Low,PASSED,C,matrix
00371,北控水务,2022-06-10,STRUCTURAL_ACCUMULATION,Improving,Consolidation,44.40675040527772,COST_DISADVANTAGE,Low,BULLISH_STABLE,75.0,Aligned,risk_off,结构:STRUCTURAL_ACCUMULATION(A/A-); 阶段:Improving(B); 触发:Consolidation(C); 置信度:Low,PASSED,C,matrix
00371,北控水务,2022-06-17,STRUCTURAL_ACCUMULATION,Improving,Breakdown,44.40675040527772,COST_DISADVANTAGE,Low,BULLISH_WARNING,55.0,Aligned,risk_off,结构:STRUCTURAL_ACCUMULATION(A/A-); 阶段:Improving(B); 触发:Breakdown(C); 置信度:Low,PASSED,C,fallback
00371,北控水务,2022-06-24,STRUCTURAL_ACCUMULATION,Improving,Consolidation,44.40675040527772,COST_DISADVANTAGE,Low,BULLISH_STABLE,75.0,Aligned,risk_off,结构:STRUCTURAL_ACCUMULATION(A/A-); 阶段:Improving(B); 触发:Consolidation(C); 置信度:Low,PASSED,C,matrix
00371,北控水务,2022-07-01,STRUCTURAL_ACCUMULATION,Deteriorating,Consolidation,29.274365456630104,COST_DISADVANTAGE,Low,BULLISH_STABLE,75.0,Divergence,risk_off,结构:STRUCTURAL_ACCUMULATION(A/A-); 阶段:Deteriorating(B); 触发:Consolidation(C); 置信度:Low,PASSED,C,fallback
00371,北控水务,2022-07-08,STRUCTURAL_ACCUMULATION,Deteriorating,Consolidation,29.274365456630104,COST_DISADVANTAGE,Low,BULLISH_STABLE,75.0,Divergence,risk_off,结构:STRUCTURAL_ACCUMULATION(A/A-); 阶段:Deteriorating(B); 触发:Consolidation(C); 置信度:Low,PASSED,C,fallback
00371,北控水务,2022-07-15,STRUCTURAL_ACCUMULATION,Deteriorating,Consolidation,29.274365456630104,COST_DISADVANTAGE,Low,BULLISH_STABLE,75.0,Divergence,risk_off,结构:STRUCTURAL_ACCUMULATION(A/A-); 阶段:Deteriorating(B); 触发:Consolidation(C); 置信度:Low,PASSED,C,fallback
00371,北控水务,2022-07-22,STRUCTURAL_ACCUMULATION,Deteriorating,Consolidation,29.274365456630104,COST_DISADVANTAGE,Low,BULLISH_STABLE,75.0,Divergence,risk_off,结构:STRUCTURAL_ACCUMULATION(A/A-); 阶段:Deteriorating(B); 触发:Consolidation(C); 置信度:Low,PASSED,C,fallback
00371,北控水务,2022-07-29,STRUCTURAL_ACCUMULATION,Deteriorating,Consolidation,29.274365456630104,COST_DISADVANTAGE,Low,BULLISH_STABLE,75.0,Divergence,risk_off,结构:STRUCTURAL_ACCUMULATION(A/A-); 阶段:Deteriorating(B); 触发:Consolidation(C); 置信度:Low,PASSED,C,fallback
00371,北控水务,2022-08-05,STRUCTURAL_ACCUMULATION,Stable,Consolidation,50.4391254527626,COST_DISADVANTAGE,Low,BULLISH_STABLE,75.0,Aligned,neutral,结构:STRUCTURAL_ACCUMULATION(A/A-); 阶段:Stable(B); 触发:Consolidation(C); 置信度:Low,PASSED,C,fallback
00371,北控水务,2022-08-12,STRUCTURAL_ACCUMULATION,Stable,Consolidation,50.4391254527626,COST_DISADVANTAGE,Low,BULLISH_STABLE,75.0,Aligned,risk_off,结构:STRUCTURAL_ACCUMULATION(A/A-); 阶段:Stable(B); 触发:Consolidation(C); 置信度:Low,PASSED,C,fallback
00371,北控水务,2022-08-19,STRUCTURAL_ACCUMULATION,Stable,Consolidation,50.4391254527626,COST_DISADVANTAGE,Low,BULLISH_STABLE,75.0,Aligned,neutral,结构:STRUCTURAL_ACCUMULATION(A/A-); 阶段:Stable(B); 触发:Consolidation(C); 置信度:Low,PASSED,C,fallback
00371,北控水务,2022-08-26,STRUCTURAL_ACCUMULATION,Stable,Breakdown,50.4391254527626,COST_DISADVANTAGE,Low,BULLISH_WARNING,55.0,Aligned,risk_off,结构:STRUCTURAL_ACCUMULATION(A/A-); 阶段:Stable(B); 触发:Breakdown(C); 置信度:Low,PASSED,C,fallback
00371,北控水务,2022-09-02,STRUCTURAL_ACCUMULATION,Deteriorating,Consolidation,43.29405583801698,COST_DISADVANTAGE,Low,BULLISH_STABLE,75.0,Divergence,risk_off,结构:STRUCTURAL_ACCUMULATION(A/A-); 阶段:Deteriorating(B); 触发:Consolidation(C); 置信度:Low,PASSED,C,fallback
00371,北控水务,2022-09-09,STRUCTURAL_ACCUMULATION,Deteriorating,Consolidation,43.29405583801698,COST_DISADVANTAGE,Low,BULLISH_STABLE,75.0,Divergence,risk_off,结构:STRUCTURAL_ACCUMULATION(A/A-); 阶段:Deteriorating(B); 触发:Consolidation(C); 置信度:Low,PASSED,C,fallback
00371,北控水务,2022-09-16,STRUCTURAL_ACCUMULATION,Deteriorating,Breakdown,43.29405583801698,COST_DISADVANTAGE,Low,BULLISH_WARNING,55.0,Divergence,risk_off,结构:STRUCTURAL_ACCUMULATION(A/A-); 阶段:Deteriorating(B); 触发:Breakdown(C); 置信度:Low,PASSED,C,matrix
00371,北控水务,2022-09-23,STRUCTURAL_ACCUMULATION,Deteriorating,Breakdown,43.29405583801698,COST_DISADVANTAGE,Low,BULLISH_WARNING,55.0,Divergence,risk_off,结构:STRUCTURAL_ACCUMULATION(A/A-); 阶段:Deteriorating(B); 触发:Breakdown(C); 置信度:Low,PASSED,C,matrix
00371,北控水务,2022-09-30,STRUCTURAL_ACCUMULATION,Deteriorating,Consolidation,32.9764080750949,COST_DISADVANTAGE,Low,BULLISH_STABLE,75.0,Divergence,risk_off,结构:STRUCTURAL_ACCUMULATION(A/A-); 阶段:Deteriorating(B); 触发:Consolidation(C); 置信度:Low,PASSED,C,fallback
00371,北控水务,2022-10-07,STRUCTURAL_ACCUMULATION,Deteriorating,Consolidation,32.9764080750949,COST_DISADVANTAGE,Low,BULLISH_STABLE,75.0,Divergence,risk_off,结构:STRUCTURAL_ACCUMULATION(A/A-); 阶段:Deteriorating(B); 触发:Consolidation(C); 置信度:Low,PASSED,C,fallback
00371,北控水务,2022-10-14,STRUCTURAL_ACCUMULATION,Deteriorating,Consolidation,32.9764080750949,COST_DISADVANTAGE,Low,BULLISH_STABLE,75.0,Divergence,risk_off,结构:STRUCTURAL_ACCUMULATION(A/A-); 阶段:Deteriorating(B); 触发:Consolidation(C); 置信度:Low,PASSED,C,fallback
00371,北控水务,2022-10-21,STRUCTURAL_ACCUMULATION,Deteriorating,Consolidation,32.9764080750949,COST_DISADVANTAGE,Low,BULLISH_STABLE,75.0,Divergence,risk_off,结构:STRUCTURAL_ACCUMULATION(A/A-); 阶段:Deteriorating(B); 触发:Consolidation(C); 置信度:Low,PASSED,C,fallback
00371,北控水务,2022-10-28,STRUCTURAL_ACCUMULATION,Deteriorating,Consolidation,32.9764080750949,COST_DISADVANTAGE,Low,BULLISH_STABLE,75.0,Divergence,risk_off,结构:STRUCTURAL_ACCUMULATION(A/A-); 阶段:Deteriorating(B); 触发:Consolidation(C); 置信度:Low,PASSED,C,fallback
00371,北控水务,2022-11-04,STRUCTURAL_ACCUMULATION,Stable,Consolidation,37.91833417441644,COST_DISADVANTAGE,Low,BULLISH_STABLE,75.0,Aligned,risk_off,结构:STRUCTURAL_ACCUMULATION(A/A-); 阶段:Stable(B); 触发:Consolidation(C); 置信度:Low,PASSED,C,fallback
00371,北控水务,2022-11-11,STRUCTURAL_ACCUMULATION,Stable,Consolidation,37.91833417441644,COST_DISADVANTAGE,Low,BULLISH_STABLE,75.0,Aligned,risk_off,结构:STRUCTURAL_ACCUMULATION(A/A-); 阶段:Stable(B); 触发:Consolidation(C); 置信度:Low,PASSED,C,fallback
00371,北控水务,2022-11-18,STRUCTURAL_ACCUMULATION,Stable,Consolidation,37.91833417441644,COST_DISADVANTAGE,Low,BULLISH_STABLE,75.0,Aligned,risk_off,结构:STRUCTURAL_ACCUMULATION(A/A-); 阶段:Stable(B); 触发:Consolidation(C); 置信度:Low,PASSED,C,fallback
00371,北控水务,2022-11-25,STRUCTURAL_ACCUMULATION,Stable,Consolidation,37.91833417441644,COST_DISADVANTAGE,Low,BULLISH_STABLE,75.0,Aligned,risk_off,结构:STRUCTURAL_ACCUMULATION(A/A-); 阶段:Stable(B); 触发:Consolidation(C); 置信度:Low,PASSED,C,fallback
00371,北控水务,2022-12-02,STRUCTURAL_ACCUMULATION,Improving,Consolidation,44.09918314713559,COST_DISADVANTAGE,Low,BULLISH_STABLE,75.0,Aligned,risk_off,结构:STRUCTURAL_ACCUMULATION(A/A-); 阶段:Improving(B); 触发:Consolidation(C); 置信度:Low,PASSED,C,matrix
00371,北控水务,2022-12-09,STRUCTURAL_ACCUMULATION,Improving,Consolidation,44.09918314713559,COST_DISADVANTAGE,Low,BULLISH_STABLE,75.0,Aligned,risk_off,结构:STRUCTURAL_ACCUMULATION(A/A-); 阶段:Improving(B); 触发:Consolidation(C); 置信度:Low,PASSED,C,matrix
00371,北控水务,2022-12-16,STRUCTURAL_ACCUMULATION,Improving,Consolidation,44.09918314713559,COST_DISADVANTAGE,Low,BULLISH_STABLE,75.0,Aligned,risk_off,结构:STRUCTURAL_ACCUMULATION(A/A-); 阶段:Improving(B); 触发:Consolidation(C); 置信度:Low,PASSED,C,matrix
00371,北控水务,2022-12-23,STRUCTURAL_ACCUMULATION,Improving,Consolidation,44.09918314713559,COST_DISADVANTAGE,Low,BULLISH_STABLE,75.0,Aligned,risk_off,结构:STRUCTURAL_ACCUMULATION(A/A-); 阶段:Improving(B); 触发:Consolidation(C); 置信度:Low,PASSED,C,matrix
00371,北控水务,2022-12-30,STRUCTURAL_ACCUMULATION,Improving,Consolidation,44.09918314713559,COST_DISADVANTAGE,Low,BULLISH_STABLE,75.0,Aligned,risk_off,结构:STRUCTURAL_ACCUMULATION(A/A-); 阶段:Improving(B); 触发:Consolidation(C); 置信度:Low,PASSED,C,matrix
00371,北控水务,2023-01-06,STRUCTURAL_ACCUMULATION,Deteriorating,Consolidation,49.50423406087718,COST_DISADVANTAGE,Medium,BULLISH_STABLE,75.0,Divergence,risk_off,结构:STRUCTURAL_ACCUMULATION(A/A-); 阶段:Deteriorating(B); 触发:Consolidation(C); 置信度:Medium,PASSED,C,fallback
00371,北控水务,2023-01-13,STRUCTURAL_ACCUMULATION,Deteriorating,Consolidation,49.50423406087718,COST_DISADVANTAGE,Medium,BULLISH_STABLE,75.0,Divergence,risk_on,结构:STRUCTURAL_ACCUMULATION(A/A-); 阶段:Deteriorating(B); 触发:Consolidation(C); 置信度:Medium,PASSED,C,fallback
00371,北控水务,2023-01-20,STRUCTURAL_ACCUMULATION,Deteriorating,Consolidation,49.50423406087718,COST_DISADVANTAGE,Medium,BULLISH_STABLE,75.0,Divergence,risk_on,结构:STRUCTURAL_ACCUMULATION(A/A-); 阶段:Deteriorating(B); 触发:Consolidation(C); 置信度:Medium,PASSED,C,fallback
00371,北控水务,2023-01-27,STRUCTURAL_ACCUMULATION,Deteriorating,Consolidation,49.50423406087718,COST_DISADVANTAGE,Medium,BULLISH_STABLE,75.0,Divergence,risk_on,结构:STRUCTURAL_ACCUMULATION(A/A-); 阶段:Deteriorating(B); 触发:Consolidation(C); 置信度:Medium,PASSED,C,fallback
00371,北控水务,2023-02-03,STRUCTURAL_ACCUMULATION,Stable,Consolidation,50.63961178633764,COST_DISADVANTAGE,Medium,BULLISH_STABLE,75.0,Aligned,risk_on,结构:STRUCTURAL_ACCUMULATION(A/A-); 阶段:Stable(B); 触发:Consolidation(C); 置信度:Medium,PASSED,C,fallback
00371,北控水务,2023-02-10,STRUCTURAL_ACCUMULATION,Stable,Consolidation,50.63961178633764,COST_DISADVANTAGE,Medium,BULLISH_STABLE,75.0,Aligned,risk_on,结构:STRUCTURAL_ACCUMULATION(A/A-); 阶段:Stable(B); 触发:Consolidation(C); 置信度:Medium,PASSED,C,fallback
00371,北控水务,2023-02-17,STRUCTURAL_BULLISH,Stable,Consolidation,50.63961178633764,COST_DISADVANTAGE,Medium,BULLISH_STABLE,75.0,Aligned,risk_on,结构:STRUCTURAL_BULLISH(A/A-); 阶段:Stable(B); 触发:Consolidation(C); 置信度:Medium,PASSED,C,matrix
00371,北控水务,2023-02-24,STRUCTURAL_BULLISH,Stable,Consolidation,50.63961178633764,COST_DISADVANTAGE,Medium,BULLISH_STABLE,75.0,Aligned,risk_off,结构:STRUCTURAL_BULLISH(A/A-); 阶段:Stable(B); 触发:Consolidation(C); 置信度:Medium,PASSED,C,matrix
00371,北控水务,2023-03-03,STRUCTURAL_BULLISH,Stable,Pullback,39.45395092099594,COST_DISADVANTAGE,Medium,BULLISH_STABLE,75.0,Aligned,risk_off,结构:STRUCTURAL_BULLISH(A/A-); 阶段:Stable(B); 触发:Pullback(C); 置信度:Medium,PASSED,C,fallback
00371,北控水务,2023-03-10,STRUCTURAL_BULLISH,Stable,Consolidation,39.45395092099594,COST_DISADVANTAGE,Medium,BULLISH_STABLE,75.0,Aligned,risk_off,结构:STRUCTURAL_BULLISH(A/A-); 阶段:Stable(B); 触发:Consolidation(C); 置信度:Medium,PASSED,C,matrix
00371,北控水务,2023-03-17,STRUCTURAL_BULLISH,Stable,Consolidation,39.45395092099594,COST_DISADVANTAGE,Medium,BULLISH_STABLE,75.0,Aligned,risk_off,结构:STRUCTURAL_BULLISH(A/A-); 阶段:Stable(B); 触发:Consolidation(C); 置信度:Medium,PASSED,C,matrix
00371,北控水务,2023-03-24,STRUCTURAL_BULLISH,Stable,Consolidation,39.45395092099594,COST_DISADVANTAGE,Medium,BULLISH_STABLE,75.0,Aligned,risk_off,结构:STRUCTURAL_BULLISH(A/A-); 阶段:Stable(B); 触发:Consolidation(C); 置信度:Medium,PASSED,C,matrix
00371,北控水务,2023-03-31,STRUCTURAL_BULLISH,Deteriorating,Consolidation,36.3745984446195,COST_DISADVANTAGE,Medium,BULLISH_STABLE,75.0,Divergence,risk_off,结构:STRUCTURAL_BULLISH(A/A-); 阶段:Deteriorating(B); 触发:Consolidation(C); 置信度:Medium,PASSED,C,fallback
00371,北控水务,2023-04-07,STRUCTURAL_BULLISH,Deteriorating,Consolidation,36.3745984446195,COST_DISADVANTAGE,Medium,BULLISH_STABLE,75.0,Divergence,risk_off,结构:STRUCTURAL_BULLISH(A/A-); 阶段:Deteriorating(B); 触发:Consolidation(C); 置信度:Medium,PASSED,C,fallback
00371,北控水务,2023-04-14,STRUCTURAL_BULLISH,Deteriorating,Consolidation,36.3745984446195,COST_DISADVANTAGE,Medium,BULLISH_STABLE,75.0,Divergence,risk_off,结构:STRUCTURAL_BULLISH(A/A-); 阶段:Deteriorating(B); 触发:Consolidation(C); 置信度:Medium,PASSED,C,fallback
00371,北控水务,2023-04-21,STRUCTURAL_BULLISH,Deteriorating,Consolidation,36.3745984446195,COST_DISADVANTAGE,Medium,BULLISH_STABLE,75.0,Divergence,risk_off,结构:STRUCTURAL_BULLISH(A/A-); 阶段:Deteriorating(B); 触发:Consolidation(C); 置信度:Medium,PASSED,C,fallback
00371,北控水务,2023-04-28,STRUCTURAL_BULLISH,Deteriorating,Consolidation,36.3745984446195,COST_DISADVANTAGE,Medium,BULLISH_STABLE,75.0,Divergence,risk_off,结构:STRUCTURAL_BULLISH(A/A-); 阶段:Deteriorating(B); 触发:Consolidation(C); 置信度:Medium,PASSED,C,fallback
00371,北控水务,2023-05-05,STRUCTURAL_BULLISH,Improving,Consolidation,50.660376155567796,COST_DISADVANTAGE,Medium,BULLISH_STABLE,75.0,Aligned,risk_off,结构:STRUCTURAL_BULLISH(A/A-); 阶段:Improving(B); 触发:Consolidation(C); 置信度:Medium,PASSED,C,matrix
00371,北控水务,2023-05-12,STRUCTURAL_BULLISH,Improving,Consolidation,50.660376155567796,COST_DISADVANTAGE,Medium,BULLISH_STABLE,75.0,Aligned,risk_off,结构:STRUCTURAL_BULLISH(A/A-); 阶段:Improving(B); 触发:Consolidation(C); 置信度:Medium,PASSED,C,matrix
00371,北控水务,2023-05-19,STRUCTURAL_BULLISH,Improving,Consolidation,50.660376155567796,COST_DISADVANTAGE,Medium,BULLISH_STABLE,75.0,Aligned,risk_off,结构:STRUCTURAL_BULLISH(A/A-); 阶段:Improving(B); 触发:Consolidation(C); 置信度:Medium,PASSED,C,matrix
00371,北控水务,2023-05-26,STRUCTURAL_BULLISH,Improving,Consolidation,50.660376155567796,COST_DISADVANTAGE,Medium,BULLISH_STABLE,75.0,Aligned,risk_off,结构:STRUCTURAL_BULLISH(A/A-); 阶段:Improving(B); 触发:Consolidation(C); 置信度:Medium,PASSED,C,matrix
00371,北控水务,2023-06-02,STRUCTURAL_BULLISH,Deteriorating,Consolidation,41.41646335782423,COST_DISADVANTAGE,Medium,BULLISH_STABLE,75.0,Divergence,risk_off,结构:STRUCTURAL_BULLISH(A/A-); 阶段:Deteriorating(B); 触发:Consolidation(C); 置信度:Medium,PASSED,C,fallback
00371,北控水务,2023-06-09,STRUCTURAL_BULLISH,Deteriorating,Consolidation,41.41646335782423,COST_DISADVANTAGE,Medium,BULLISH_STABLE,75.0,Divergence,neutral,结构:STRUCTURAL_BULLISH(A/A-); 阶段:Deteriorating(B); 触发:Consolidation(C); 置信度:Medium,PASSED,C,fallback
00371,北控水务,2023-06-16,STRUCTURAL_BULLISH,Deteriorating,Consolidation,41.41646335782423,COST_DISADVANTAGE,Medium,BULLISH_STABLE,75.0,Divergence,risk_on,结构:STRUCTURAL_BULLISH(A/A-); 阶段:Deteriorating(B); 触发:Consolidation(C); 置信度:Medium,PASSED,C,fallback
00371,北控水务,2023-06-23,STRUCTURAL_BULLISH,Deteriorating,Consolidation,41.41646335782423,COST_DISADVANTAGE,Medium,BULLISH_STABLE,75.0,Divergence,risk_off,结构:STRUCTURAL_BULLISH(A/A-); 阶段:Deteriorating(B); 触发:Consolidation(C); 置信度:Medium,PASSED,C,fallback
00371,北控水务,2023-06-30,STRUCTURAL_BULLISH,Improving,Consolidation,51.62582400482821,COST_DISADVANTAGE,Medium,BULLISH_STABLE,75.0,Aligned,risk_off,结构:STRUCTURAL_BULLISH(A/A-); 阶段:Improving(B); 触发:Consolidation(C); 置信度:Medium,PASSED,C,matrix
00371,北控水务,2023-07-07,STRUCTURAL_BULLISH,Improving,Consolidation,51.62582400482821,COST_DISADVANTAGE,Medium,BULLISH_STABLE,75.0,Aligned,risk_off,结构:STRUCTURAL_BULLISH(A/A-); 阶段:Improving(B); 触发:Consolidation(C); 置信度:Medium,PASSED,C,matrix
00371,北控水务,2023-07-14,STRUCTURAL_BULLISH,Improving,Consolidation,51.62582400482821,COST_DISADVANTAGE,Medium,BULLISH_STABLE,75.0,Aligned,risk_off,结构:STRUCTURAL_BULLISH(A/A-); 阶段:Improving(B); 触发:Consolidation(C); 置信度:Medium,PASSED,C,matrix
00371,北控水务,2023-07-21,STRUCTURAL_BULLISH,Improving,Consolidation,51.62582400482821,COST_DISADVANTAGE,Medium,BULLISH_STABLE,75.0,Aligned,risk_off,结构:STRUCTURAL_BULLISH(A/A-); 阶段:Improving(B); 触发:Consolidation(C); 置信度:Medium,PASSED,C,matrix
00371,北控水务,2023-07-28,STRUCTURAL_BULLISH,Improving,Consolidation,51.62582400482821,COST_DISADVANTAGE,Medium,BULLISH_STABLE,75.0,Aligned,risk_off,结构:STRUCTURAL_BULLISH(A/A-); 阶段:Improving(B); 触发:Consolidation(C); 置信度:Medium,PASSED,C,matrix
00371,北控水务,2023-08-04,STRUCTURAL_BULLISH,Improving,Consolidation,59.78420535763811,COST_DISADVANTAGE,Medium,BULLISH_STABLE,75.0,Aligned,risk_off,结构:STRUCTURAL_BULLISH(A/A-); 阶段:Improving(B); 触发:Consolidation(C); 置信度:Medium,PASSED,C,matrix
00371,北控水务,2023-08-11,STRUCTURAL_BULLISH,Improving,Consolidation,59.78420535763811,COST_DISADVANTAGE,Medium,BULLISH_STABLE,75.0,Aligned,risk_off,结构:STRUCTURAL_BULLISH(A/A-); 阶段:Improving(B); 触发:Consolidation(C); 置信度:Medium,PASSED,C,matrix
00371,北控水务,2023-08-18,STRUCTURAL_BULLISH,Improving,Consolidation,59.78420535763811,COST_DISADVANTAGE,Medium,BULLISH_STABLE,75.0,Aligned,risk_off,结构:STRUCTURAL_BULLISH(A/A-); 阶段:Improving(B); 触发:Consolidation(C); 置信度:Medium,PASSED,C,matrix
00371,北控水务,2023-08-25,STRUCTURAL_BULLISH,Improving,Consolidation,59.78420535763811,COST_DISADVANTAGE,Medium,BULLISH_STABLE,75.0,Aligned,risk_off,结构:STRUCTURAL_BULLISH(A/A-); 阶段:Improving(B); 触发:Consolidation(C); 置信度:Medium,PASSED,C,matrix
00371,北控水务,2023-09-01,STRUCTURAL_BULLISH,Stable,Consolidation,52.97656499549772,COST_DISADVANTAGE,Medium,BULLISH_STABLE,75.0,Aligned,risk_off,结构:STRUCTURAL_BULLISH(A/A-); 阶段:Stable(B); 触发:Consolidation(C); 置信度:Medium,PASSED,C,matrix
00371,北控水务,2023-09-08,STRUCTURAL_BULLISH,Stable,Consolidation,52.97656499549772,COST_DISADVANTAGE,Medium,BULLISH_STABLE,75.0,Aligned,risk_off,结构:STRUCTURAL_BULLISH(A/A-); 阶段:Stable(B); 触发:Consolidation(C); 置信度:Medium,PASSED,C,matrix
00371,北控水务,2023-09-15,STRUCTURAL_BULLISH,Stable,Consolidation,52.97656499549772,COST_DISADVANTAGE,Medium,BULLISH_STABLE,75.0,Aligned,risk_off,结构:STRUCTURAL_BULLISH(A/A-); 阶段:Stable(B); 触发:Consolidation(C); 置信度:Medium,PASSED,C,matrix
00371,北控水务,2023-09-22,STRUCTURAL_BULLISH,Stable,Consolidation,52.97656499549772,COST_DISADVANTAGE,Medium,BULLISH_STABLE,75.0,Aligned,risk_off,结构:STRUCTURAL_BULLISH(A/A-); 阶段:Stable(B); 触发:Consolidation(C); 置信度:Medium,PASSED,C,matrix
00371,北控水务,2023-09-29,STRUCTURAL_BULLISH,Stable,Consolidation,52.97656499549772,COST_DISADVANTAGE,Medium,BULLISH_STABLE,75.0,Aligned,risk_off,结构:STRUCTURAL_BULLISH(A/A-); 阶段:Stable(B); 触发:Consolidation(C); 置信度:Medium,PASSED,C,matrix
00371,北控水务,2023-10-06,STRUCTURAL_BULLISH,Deteriorating,Consolidation,70.08639444347854,COST_DISADVANTAGE,Medium,BULLISH_STABLE,75.0,Divergence,risk_off,结构:STRUCTURAL_BULLISH(A/A-); 阶段:Deteriorating(B); 触发:Consolidation(C); 置信度:Medium,PASSED,C,fallback
00371,北控水务,2023-10-13,STRUCTURAL_BULLISH,Deteriorating,Consolidation,70.08639444347854,COST_DISADVANTAGE,Medium,BULLISH_STABLE,75.0,Divergence,risk_off,结构:STRUCTURAL_BULLISH(A/A-); 阶段:Deteriorating(B); 触发:Consolidation(C); 置信度:Medium,PASSED,C,fallback
00371,北控水务,2023-10-20,STRUCTURAL_BULLISH,Deteriorating,Consolidation,70.08639444347854,COST_DISADVANTAGE,Medium,BULLISH_STABLE,75.0,Divergence,risk_off,结构:STRUCTURAL_BULLISH(A/A-); 阶段:Deteriorating(B); 触发:Consolidation(C); 置信度:Medium,PASSED,C,fallback
00371,北控水务,2023-10-27,STRUCTURAL_BULLISH,Deteriorating,Consolidation,70.08639444347854,COST_DISADVANTAGE,Medium,BULLISH_STABLE,75.0,Divergence,risk_off,结构:STRUCTURAL_BULLISH(A/A-); 阶段:Deteriorating(B); 触发:Consolidation(C); 置信度:Medium,PASSED,C,fallback
00371,北控水务,2023-11-03,STRUCTURAL_BULLISH,Stable,Consolidation,61.920208865194446,COST_DISADVANTAGE,Medium,BULLISH_STABLE,75.0,Aligned,risk_off,结构:STRUCTURAL_BULLISH(A/A-); 阶段:Stable(B); 触发:Consolidation(C); 置信度:Medium,PASSED,C,matrix
00371,北控水务,2023-11-10,STRUCTURAL_BULLISH,Stable,Consolidation,61.920208865194446,COST_DISADVANTAGE,Medium,BULLISH_STABLE,75.0,Aligned,risk_off,结构:STRUCTURAL_BULLISH(A/A-); 阶段:Stable(B); 触发:Consolidation(C); 置信度:Medium,PASSED,C,matrix
00371,北控水务,2023-11-17,STRUCTURAL_BULLISH,Stable,Consolidation,61.920208865194446,COST_DISADVANTAGE,Medium,BULLISH_STABLE,75.0,Aligned,neutral,结构:STRUCTURAL_BULLISH(A/A-); 阶段:Stable(B); 触发:Consolidation(C); 置信度:Medium,PASSED,C,matrix
00371,北控水务,2023-11-24,STRUCTURAL_BULLISH,Stable,Consolidation,61.920208865194446,COST_DISADVANTAGE,Medium,BULLISH_STABLE,75.0,Aligned,risk_off,结构:STRUCTURAL_BULLISH(A/A-); 阶段:Stable(B); 触发:Consolidation(C); 置信度:Medium,PASSED,C,matrix
00371,北控水务,2023-12-01,STRUCTURAL_BULLISH,Deteriorating,Breakdown,61.7209399904345,COST_DISADVANTAGE,Medium,BULLISH_WARNING,55.0,Divergence,risk_off,结构:STRUCTURAL_BULLISH(A/A-); 阶段:Deteriorating(B); 触发:Breakdown(C); 置信度:Medium,PASSED,C,matrix
00371,北控水务,2023-12-08,STRUCTURAL_BULLISH,Deteriorating,Breakdown,61.7209399904345,COST_DISADVANTAGE,Medium,BULLISH_WARNING,55.0,Divergence,risk_off,结构:STRUCTURAL_BULLISH(A/A-); 阶段:Deteriorating(B); 触发:Breakdown(C); 置信度:Medium,PASSED,C,matrix
00371,北控水务,2023-12-15,STRUCTURAL_BULLISH,Deteriorating,Consolidation,61.7209399904345,COST_DISADVANTAGE,Medium,BULLISH_STABLE,75.0,Divergence,risk_off,结构:STRUCTURAL_BULLISH(A/A-); 阶段:Deteriorating(B); 触发:Consolidation(C); 置信度:Medium,PASSED,C,fallback
00371,北控水务,2023-12-22,STRUCTURAL_BULLISH,Deteriorating,Consolidation,61.7209399904345,COST_DISADVANTAGE,Medium,BULLISH_STABLE,75.0,Divergence,risk_off,结构:STRUCTURAL_BULLISH(A/A-); 阶段:Deteriorating(B); 触发:Consolidation(C); 置信度:Medium,PASSED,C,fallback
00371,北控水务,2023-12-29,STRUCTURAL_BULLISH,Deteriorating,Consolidation,61.7209399904345,COST_DISADVANTAGE,Medium,BULLISH_STABLE,75.0,Divergence,neutral,结构:STRUCTURAL_BULLISH(A/A-); 阶段:Deteriorating(B); 触发:Consolidation(C); 置信度:Medium,PASSED,C,fallback
00371,北控水务,2024-01-05,STRUCTURAL_BULLISH,Stable,Consolidation,55.96245759007369,COST_DISADVANTAGE,Medium,BULLISH_STABLE,75.0,Aligned,risk_off,结构:STRUCTURAL_BULLISH(A/A-); 阶段:Stable(B); 触发:Consolidation(C); 置信度:Medium,PASSED,C,matrix
00371,北控水务,2024-01-12,STRUCTURAL_BULLISH,Stable,Consolidation,55.96245759007369,COST_DISADVANTAGE,Medium,BULLISH_STABLE,75.0,Aligned,risk_off,结构:STRUCTURAL_BULLISH(A/A-); 阶段:Stable(B); 触发:Consolidation(C); 置信度:Medium,PASSED,C,matrix
00371,北控水务,2024-01-19,STRUCTURAL_BULLISH,Stable,Pullback,55.96245759007369,COST_DISADVANTAGE,Medium,BULLISH_STABLE,75.0,Aligned,risk_off,结构:STRUCTURAL_BULLISH(A/A-); 阶段:Stable(B); 触发:Pullback(C); 置信度:Medium,PASSED,C,fallback
00371,北控水务,2024-01-26,STRUCTURAL_BULLISH,Stable,Consolidation,55.96245759007369,COST_DISADVANTAGE,Medium,BULLISH_STABLE,75.0,Aligned,risk_off,结构:STRUCTURAL_BULLISH(A/A-); 阶段:Stable(B); 触发:Consolidation(C); 置信度:Medium,PASSED,C,matrix
00371,北控水务,2024-02-02,STRUCTURAL_BULLISH,Deteriorating,Pullback,11.42761351818346,COST_DISADVANTAGE,Low,BULLISH_STABLE,75.0,Divergence,risk_off,结构:STRUCTURAL_BULLISH(A/A-); 阶段:Deteriorating(B); 触发:Pullback(C); 置信度:Low,PASSED,C,fallback
00371,北控水务,2024-02-09,STRUCTURAL_BULLISH,Deteriorating,Pullback,11.42761351818346,COST_DISADVANTAGE,Low,BULLISH_STABLE,75.0,Divergence,risk_off,结构:STRUCTURAL_BULLISH(A/A-); 阶段:Deteriorating(B); 触发:Pullback(C); 置信度:Low,PASSED,C,fallback
00371,北控水务,2024-02-16,STRUCTURAL_BULLISH,Deteriorating,Consolidation,11.42761351818346,COST_DISADVANTAGE,Low,BULLISH_STABLE,75.0,Divergence,risk_off,结构:STRUCTURAL_BULLISH(A/A-); 阶段:Deteriorating(B); 触发:Consolidation(C); 置信度:Low,PASSED,C,fallback
00371,北控水务,2024-02-23,STRUCTURAL_BULLISH,Deteriorating,Consolidation,11.42761351818346,COST_DISADVANTAGE,Low,BULLISH_STABLE,75.0,Divergence,risk_off,结构:STRUCTURAL_BULLISH(A/A-); 阶段:Deteriorating(B); 触发:Consolidation(C); 置信度:Low,PASSED,C,fallback
00371,北控水务,2024-03-01,STRUCTURAL_BULLISH,Deteriorating,Consolidation,12.777270847358837,COST_DISADVANTAGE,Low,BULLISH_STABLE,75.0,Divergence,neutral,结构:STRUCTURAL_BULLISH(A/A-); 阶段:Deteriorating(B); 触发:Consolidation(C); 置信度:Low,PASSED,C,fallback
00371,北控水务,2024-03-08,STRUCTURAL_BULLISH,Deteriorating,Consolidation,12.777270847358837,COST_DISADVANTAGE,Low,BULLISH_STABLE,75.0,Divergence,neutral,结构:STRUCTURAL_BULLISH(A/A-); 阶段:Deteriorating(B); 触发:Consolidation(C); 置信度:Low,PASSED,C,fallback
00371,北控水务,2024-03-15,STRUCTURAL_BULLISH,Deteriorating,Consolidation,12.777270847358837,COST_DISADVANTAGE,Low,BULLISH_STABLE,75.0,Divergence,neutral,结构:STRUCTURAL_BULLISH(A/A-); 阶段:Deteriorating(B); 触发:Consolidation(C); 置信度:Low,PASSED,C,fallback
00371,北控水务,2024-03-22,STRUCTURAL_BULLISH,Deteriorating,Consolidation,12.777270847358837,COST_DISADVANTAGE,Low,BULLISH_STABLE,75.0,Divergence,neutral,结构:STRUCTURAL_BULLISH(A/A-); 阶段:Deteriorating(B); 触发:Consolidation(C); 置信度:Low,PASSED,C,fallback
00371,北控水务,2024-03-29,STRUCTURAL_BULLISH,Deteriorating,Consolidation,12.777270847358837,COST_DISADVANTAGE,Low,BULLISH_STABLE,75.0,Divergence,neutral,结构:STRUCTURAL_BULLISH(A/A-); 阶段:Deteriorating(B); 触发:Consolidation(C); 置信度:Low,PASSED,C,fallback
00371,北控水务,2024-04-05,STRUCTURAL_BULLISH,Deteriorating,Consolidation,11.822631734164222,COST_DISADVANTAGE,Low,BULLISH_STABLE,75.0,Divergence,neutral,结构:STRUCTURAL_BULLISH(A/A-); 阶段:Deteriorating(B); 触发:Consolidation(C); 置信度:Low,PASSED,C,fallback
00371,北控水务,2024-04-12,STRUCTURAL_BULLISH,Deteriorating,Consolidation,11.822631734164222,COST_DISADVANTAGE,Low,BULLISH_STABLE,75.0,Divergence,risk_on,结构:STRUCTURAL_BULLISH(A/A-); 阶段:Deteriorating(B); 触发:Consolidation(C); 置信度:Low,PASSED,C,fallback
00371,北控水务,2024-04-19,STRUCTURAL_BULLISH,Deteriorating,Consolidation,11.822631734164222,COST_DISADVANTAGE,Low,BULLISH_STABLE,75.0,Divergence,risk_on,结构:STRUCTURAL_BULLISH(A/A-); 阶段:Deteriorating(B); 触发:Consolidation(C); 置信度:Low,PASSED,C,fallback
00371,北控水务,2024-04-26,STRUCTURAL_BULLISH,Deteriorating,Consolidation,11.822631734164222,COST_DISADVANTAGE,Low,BULLISH_STABLE,75.0,Divergence,risk_on,结构:STRUCTURAL_BULLISH(A/A-); 阶段:Deteriorating(B); 触发:Consolidation(C); 置信度:Low,PASSED,C,fallback
00371,北控水务,2024-05-03,STRUCTURAL_BULLISH,Stable,Consolidation,10.548192789895207,COST_DISADVANTAGE,Low,BULLISH_STABLE,75.0,Aligned,risk_on,结构:STRUCTURAL_BULLISH(A/A-); 阶段:Stable(B); 触发:Consolidation(C); 置信度:Low,PASSED,C,matrix
00371,北控水务,2024-05-10,STRUCTURAL_BULLISH,Stable,Consolidation,10.548192789895207,COST_DISADVANTAGE,Low,BULLISH_STABLE,75.0,Aligned,risk_on,结构:STRUCTURAL_BULLISH(A/A-); 阶段:Stable(B); 触发:Consolidation(C); 置信度:Low,PASSED,C,matrix
00371,北控水务,2024-05-17,STRUCTURAL_BULLISH,Stable,Consolidation,10.548192789895207,COST_DISADVANTAGE,Low,BULLISH_STABLE,75.0,Aligned,risk_on,结构:STRUCTURAL_BULLISH(A/A-); 阶段:Stable(B); 触发:Consolidation(C); 置信度:Low,PASSED,C,matrix
00371,北控水务,2024-05-24,STRUCTURAL_BULLISH,Stable,Consolidation,10.548192789895207,COST_DISADVANTAGE,Low,BULLISH_STABLE,75.0,Aligned,risk_on,结构:STRUCTURAL_BULLISH(A/A-); 阶段:Stable(B); 触发:Consolidation(C); 置信度:Low,PASSED,C,matrix
00371,北控水务,2024-05-31,STRUCTURAL_BULLISH,Stable,Consolidation,8.906941641196976,COST_NEUTRAL,Low,BULLISH_STABLE,75.0,Aligned,risk_on,结构:STRUCTURAL_BULLISH(A/A-); 阶段:Stable(B); 触发:Consolidation(C); 置信度:Low,PASSED,C,matrix
00371,北控水务,2024-06-07,STRUCTURAL_BULLISH,Stable,Consolidation,8.906941641196976,COST_NEUTRAL,Low,BULLISH_STABLE,75.0,Aligned,risk_on,结构:STRUCTURAL_BULLISH(A/A-); 阶段:Stable(B); 触发:Consolidation(C); 置信度:Low,PASSED,C,matrix
00371,北控水务,2024-06-14,STRUCTURAL_BULLISH,Stable,Consolidation,8.906941641196976,COST_NEUTRAL,Low,BULLISH_STABLE,75.0,Aligned,risk_on,结构:STRUCTURAL_BULLISH(A/A-); 阶段:Stable(B); 触发:Consolidation(C); 置信度:Low,PASSED,C,matrix
00371,北控水务,2024-06-21,STRUCTURAL_BULLISH,Stable,Pullback,8.906941641196976,COST_NEUTRAL,Low,BULLISH_STABLE,75.0,Aligned,risk_on,结构:STRUCTURAL_BULLISH(A/A-); 阶段:Stable(B); 触发:Pullback(C); 置信度:Low,PASSED,C,fallback
00371,北控水务,2024-06-28,STRUCTURAL_BULLISH,Stable,Pullback,8.906941641196976,COST_NEUTRAL,Low,BULLISH_STABLE,75.0,Aligned,risk_on,结构:STRUCTURAL_BULLISH(A/A-); 阶段:Stable(B); 触发:Pullback(C); 置信度:Low,PASSED,C,fallback
00371,北控水务,2024-07-05,STRUCTURAL_BULLISH,Stable,Pullback,13.207844338921888,COST_DISADVANTAGE,Low,BULLISH_STABLE,75.0,Aligned,risk_on,结构:STRUCTURAL_BULLISH(A/A-); 阶段:Stable(B); 触发:Pullback(C); 置信度:Low,PASSED,C,fallback
00371,北控水务,2024-07-12,STRUCTURAL_BULLISH,Stable,Pullback,13.207844338921888,COST_DISADVANTAGE,Low,BULLISH_STABLE,75.0,Aligned,risk_on,结构:STRUCTURAL_BULLISH(A/A-); 阶段:Stable(B); 触发:Pullback(C); 置信度:Low,PASSED,C,fallback
00371,北控水务,2024-07-19,STRUCTURAL_BULLISH,Stable,Pullback,13.207844338921888,COST_DISADVANTAGE,Low,BULLISH_STABLE,75.0,Aligned,risk_on,结构:STRUCTURAL_BULLISH(A/A-); 阶段:Stable(B); 触发:Pullback(C); 置信度:Low,PASSED,C,fallback
00371,北控水务,2024-07-26,STRUCTURAL_BULLISH,Stable,Consolidation,13.207844338921888,COST_DISADVANTAGE,Low,BULLISH_STABLE,75.0,Aligned,risk_off,结构:STRUCTURAL_BULLISH(A/A-); 阶段:Stable(B); 触发:Consolidation(C); 置信度:Low,PASSED,C,matrix
00371,北控水务,2024-08-02,STRUCTURAL_BULLISH,Stable,Consolidation,20.876809319286263,COST_DISADVANTAGE,Low,BULLISH_STABLE,75.0,Aligned,risk_off,结构:STRUCTURAL_BULLISH(A/A-); 阶段:Stable(B); 触发:Consolidation(C); 置信度:Low,PASSED,C,matrix
00371,北控水务,2024-08-09,STRUCTURAL_BULLISH,Stable,Consolidation,20.876809319286263,COST_DISADVANTAGE,Low,BULLISH_STABLE,75.0,Aligned,risk_off,结构:STRUCTURAL_BULLISH(A/A-); 阶段:Stable(B); 触发:Consolidation(C); 置信度:Low,PASSED,C,matrix
00371,北控水务,2024-08-16,STRUCTURAL_BULLISH,Stable,Consolidation,20.876809319286263,COST_DISADVANTAGE,Low,BULLISH_STABLE,75.0,Aligned,risk_off,结构:STRUCTURAL_BULLISH(A/A-); 阶段:Stable(B); 触发:Consolidation(C); 置信度:Low,PASSED,C,matrix
00371,北控水务,2024-08-23,STRUCTURAL_BULLISH,Stable,Consolidation,20.876809319286263,COST_DISADVANTAGE,Low,BULLISH_STABLE,75.0,Aligned,risk_off,结构:STRUCTURAL_BULLISH(A/A-); 阶段:Stable(B); 触发:Consolidation(C); 置信度:Low,PASSED,C,matrix
00371,北控水务,2024-08-30,STRUCTURAL_BULLISH,Stable,Pullback,20.876809319286263,COST_DISADVANTAGE,Low,BULLISH_STABLE,75.0,Aligned,risk_off,结构:STRUCTURAL_BULLISH(A/A-); 阶段:Stable(B); 触发:Pullback(C); 置信度:Low,PASSED,C,fallback
00371,北控水务,2024-09-06,STRUCTURAL_BULLISH,Deteriorating,Consolidation,23.92284600069282,COST_DISADVANTAGE,Low,BULLISH_STABLE,75.0,Divergence,risk_off,结构:STRUCTURAL_BULLISH(A/A-); 阶段:Deteriorating(B); 触发:Consolidation(C); 置信度:Low,PASSED,C,fallback
00371,北控水务,2024-09-13,STRUCTURAL_BULLISH,Deteriorating,Consolidation,23.92284600069282,COST_DISADVANTAGE,Low,BULLISH_STABLE,75.0,Divergence,risk_off,结构:STRUCTURAL_BULLISH(A/A-); 阶段:Deteriorating(B); 触发:Consolidation(C); 置信度:Low,PASSED,C,fallback
00371,北控水务,2024-09-20,STRUCTURAL_BULLISH,Deteriorating,Consolidation,23.92284600069282,COST_DISADVANTAGE,Low,BULLISH_STABLE,75.0,Divergence,neutral,结构:STRUCTURAL_BULLISH(A/A-); 阶段:Deteriorating(B); 触发:Consolidation(C); 置信度:Low,PASSED,C,fallback
00371,北控水务,2024-09-27,STRUCTURAL_BULLISH,Deteriorating,Consolidation,23.92284600069282,COST_DISADVANTAGE,Low,BULLISH_STABLE,75.0,Divergence,risk_off,结构:STRUCTURAL_BULLISH(A/A-); 阶段:Deteriorating(B); 触发:Consolidation(C); 置信度:Low,PASSED,C,fallback
00371,北控水务,2024-10-04,STRUCTURAL_BULLISH,Improving,Consolidation,23.925021238598045,COST_DISADVANTAGE,Low,BULLISH_STABLE,75.0,Aligned,risk_off,结构:STRUCTURAL_BULLISH(A/A-); 阶段:Improving(B); 触发:Consolidation(C); 置信度:Low,PASSED,C,matrix
00371,北控水务,2024-10-11,STRUCTURAL_BULLISH,Improving,Pullback,23.925021238598045,COST_DISADVANTAGE,Low,BULLISH_STABLE,75.0,Aligned,risk_off,结构:STRUCTURAL_BULLISH(A/A-); 阶段:Improving(B); 触发:Pullback(C); 置信度:Low,PASSED,C,fallback
00371,北控水务,2024-10-18,STRUCTURAL_BULLISH,Improving,Consolidation,23.925021238598045,COST_DISADVANTAGE,Low,BULLISH_STABLE,75.0,Aligned,risk_off,结构:STRUCTURAL_BULLISH(A/A-); 阶段:Improving(B); 触发:Consolidation(C); 置信度:Low,PASSED,C,matrix
00371,北控水务,2024-10-25,STRUCTURAL_BULLISH,Improving,Pullback,23.925021238598045,COST_DISADVANTAGE,Low,BULLISH_STABLE,75.0,Aligned,risk_off,结构:STRUCTURAL_BULLISH(A/A-); 阶段:Improving(B); 触发:Pullback(C); 置信度:Low,PASSED,C,fallback
00371,北控水务,2024-11-01,STRUCTURAL_BULLISH,Deteriorating,Pullback,30.270036443460604,COST_DISADVANTAGE,Low,BULLISH_STABLE,75.0,Divergence,risk_off,结构:STRUCTURAL_BULLISH(A/A-); 阶段:Deteriorating(B); 触发:Pullback(C); 置信度:Low,PASSED,C,fallback
00371,北控水务,2024-11-08,STRUCTURAL_BULLISH,Deteriorating,Consolidation,30.270036443460604,COST_DISADVANTAGE,Low,BULLISH_STABLE,75.0,Divergence,risk_off,结构:STRUCTURAL_BULLISH(A/A-); 阶段:Deteriorating(B); 触发:Consolidation(C); 置信度:Low,PASSED,C,fallback
00371,北控水务,2024-11-15,STRUCTURAL_BULLISH,Deteriorating,Consolidation,30.270036443460604,COST_DISADVANTAGE,Low,BULLISH_STABLE,75.0,Divergence,risk_off,结构:STRUCTURAL_BULLISH(A/A-); 阶段:Deteriorating(B); 触发:Consolidation(C); 置信度:Low,PASSED,C,fallback
00371,北控水务,2024-11-22,STRUCTURAL_BULLISH,Deteriorating,Consolidation,30.270036443460604,COST_DISADVANTAGE,Low,BULLISH_STABLE,75.0,Divergence,risk_on,结构:STRUCTURAL_BULLISH(A/A-); 阶段:Deteriorating(B); 触发:Consolidation(C); 置信度:Low,PASSED,C,fallback
00371,北控水务,2024-11-29,STRUCTURAL_BULLISH,Deteriorating,Consolidation,30.270036443460604,COST_DISADVANTAGE,Low,BULLISH_STABLE,75.0,Divergence,risk_on,结构:STRUCTURAL_BULLISH(A/A-); 阶段:Deteriorating(B); 触发:Consolidation(C); 置信度:Low,PASSED,C,fallback
00371,北控水务,2024-12-06,STRUCTURAL_BULLISH,Deteriorating,Consolidation,36.37886117026959,COST_DISADVANTAGE,Low,BULLISH_STABLE,75.0,Divergence,risk_on,结构:STRUCTURAL_BULLISH(A/A-); 阶段:Deteriorating(B); 触发:Consolidation(C); 置信度:Low,PASSED,C,fallback
00371,北控水务,2024-12-13,STRUCTURAL_BULLISH,Deteriorating,Consolidation,36.37886117026959,COST_DISADVANTAGE,Low,BULLISH_STABLE,75.0,Divergence,risk_on,结构:STRUCTURAL_BULLISH(A/A-); 阶段:Deteriorating(B); 触发:Consolidation(C); 置信度:Low,PASSED,C,fallback
00371,北控水务,2024-12-20,STRUCTURAL_BULLISH,Deteriorating,Consolidation,36.37886117026959,COST_DISADVANTAGE,Low,BULLISH_STABLE,75.0,Divergence,risk_on,结构:STRUCTURAL_BULLISH(A/A-); 阶段:Deteriorating(B); 触发:Consolidation(C); 置信度:Low,PASSED,C,fallback
00371,北控水务,2024-12-27,STRUCTURAL_BULLISH,Deteriorating,Consolidation,36.37886117026959,COST_DISADVANTAGE,Low,BULLISH_STABLE,75.0,Divergence,risk_off,结构:STRUCTURAL_BULLISH(A/A-); 阶段:Deteriorating(B); 触发:Consolidation(C); 置信度:Low,PASSED,C,fallback
00371,北控水务,2025-01-03,STRUCTURAL_BULLISH,Improving,Consolidation,39.22970345804031,COST_DISADVANTAGE,Low,BULLISH_STABLE,75.0,Aligned,risk_off,结构:STRUCTURAL_BULLISH(A/A-); 阶段:Improving(B); 触发:Consolidation(C); 置信度:Low,PASSED,C,matrix
00371,北控水务,2025-01-10,STRUCTURAL_BULLISH,Improving,Pullback,39.22970345804031,COST_DISADVANTAGE,Low,BULLISH_STABLE,75.0,Aligned,risk_off,结构:STRUCTURAL_BULLISH(A/A-); 阶段:Improving(B); 触发:Pullback(C); 置信度:Low,PASSED,C,fallback
00371,北控水务,2025-01-17,STRUCTURAL_BULLISH,Improving,Consolidation,39.22970345804031,COST_DISADVANTAGE,Low,BULLISH_STABLE,75.0,Aligned,risk_off,结构:STRUCTURAL_BULLISH(A/A-); 阶段:Improving(B); 触发:Consolidation(C); 置信度:Low,PASSED,C,matrix
00371,北控水务,2025-01-24,STRUCTURAL_BULLISH,Improving,Consolidation,39.22970345804031,COST_DISADVANTAGE,Low,BULLISH_STABLE,75.0,Aligned,risk_off,结构:STRUCTURAL_BULLISH(A/A-); 阶段:Improving(B); 触发:Consolidation(C); 置信度:Low,PASSED,C,matrix
00371,北控水务,2025-01-31,STRUCTURAL_BULLISH,Deteriorating,Consolidation,40.581691915126996,COST_DISADVANTAGE,Low,BULLISH_STABLE,75.0,Divergence,neutral,结构:STRUCTURAL_BULLISH(A/A-); 阶段:Deteriorating(B); 触发:Consolidation(C); 置信度:Low,PASSED,C,fallback
00371,北控水务,2025-02-07,STRUCTURAL_BULLISH,Deteriorating,Consolidation,40.581691915126996,COST_DISADVANTAGE,Low,BULLISH_STABLE,75.0,Divergence,risk_off,结构:STRUCTURAL_BULLISH(A/A-); 阶段:Deteriorating(B); 触发:Consolidation(C); 置信度:Low,PASSED,C,fallback
00371,北控水务,2025-02-14,STRUCTURAL_BULLISH,Deteriorating,Consolidation,40.581691915126996,COST_DISADVANTAGE,Low,BULLISH_STABLE,75.0,Divergence,risk_off,结构:STRUCTURAL_BULLISH(A/A-); 阶段:Deteriorating(B); 触发:Consolidation(C); 置信度:Low,PASSED,C,fallback
00371,北控水务,2025-02-21,STRUCTURAL_BULLISH,Deteriorating,Consolidation,40.581691915126996,COST_DISADVANTAGE,Low,BULLISH_STABLE,75.0,Divergence,risk_off,结构:STRUCTURAL_BULLISH(A/A-); 阶段:Deteriorating(B); 触发:Consolidation(C); 置信度:Low,PASSED,C,fallback
00371,北控水务,2025-02-28,STRUCTURAL_BULLISH,Improving,Consolidation,27.25856623881374,COST_DISADVANTAGE,Low,BULLISH_STABLE,75.0,Aligned,risk_off,结构:STRUCTURAL_BULLISH(A/A-); 阶段:Improving(B); 触发:Consolidation(C); 置信度:Low,PASSED,C,matrix
00371,北控水务,2025-03-07,STRUCTURAL_BULLISH,Improving,Consolidation,27.25856623881374,COST_DISADVANTAGE,Low,BULLISH_STABLE,75.0,Aligned,risk_off,结构:STRUCTURAL_BULLISH(A/A-); 阶段:Improving(B); 触发:Consolidation(C); 置信度:Low,PASSED,C,matrix
00371,北控水务,2025-03-14,STRUCTURAL_BULLISH,Improving,Consolidation,27.25856623881374,COST_DISADVANTAGE,Low,BULLISH_STABLE,75.0,Aligned,risk_off,结构:STRUCTURAL_BULLISH(A/A-); 阶段:Improving(B); 触发:Consolidation(C); 置信度:Low,PASSED,C,matrix
00371,北控水务,2025-03-21,STRUCTURAL_BULLISH,Improving,Consolidation,27.25856623881374,COST_DISADVANTAGE,Low,BULLISH_STABLE,75.0,Aligned,risk_on,结构:STRUCTURAL_BULLISH(A/A-); 阶段:Improving(B); 触发:Consolidation(C); 置信度:Low,PASSED,C,matrix
00371,北控水务,2025-03-28,STRUCTURAL_BULLISH,Improving,Pullback,27.25856623881374,COST_DISADVANTAGE,Low,BULLISH_STABLE,75.0,Aligned,risk_on,结构:STRUCTURAL_BULLISH(A/A-); 阶段:Improving(B); 触发:Pullback(C); 置信度:Low,PASSED,C,fallback
00371,北控水务,2025-04-04,STRUCTURAL_BULLISH,Stable,Consolidation,17.981683391439805,COST_DISADVANTAGE,Low,BULLISH_STABLE,75.0,Aligned,risk_on,结构:STRUCTURAL_BULLISH(A/A-); 阶段:Stable(B); 触发:Consolidation(C); 置信度:Low,PASSED,C,matrix
00371,北控水务,2025-04-11,STRUCTURAL_BULLISH,Stable,Consolidation,17.981683391439805,COST_DISADVANTAGE,Low,BULLISH_STABLE,75.0,Aligned,risk_off,结构:STRUCTURAL_BULLISH(A/A-); 阶段:Stable(B); 触发:Consolidation(C); 置信度:Low,PASSED,C,matrix
00371,北控水务,2025-04-18,STRUCTURAL_BULLISH,Stable,Consolidation,17.981683391439805,COST_DISADVANTAGE,Low,BULLISH_STABLE,75.0,Aligned,risk_off,结构:STRUCTURAL_BULLISH(A/A-); 阶段:Stable(B); 触发:Consolidation(C); 置信度:Low,PASSED,C,matrix
00371,北控水务,2025-04-25,STRUCTURAL_BULLISH,Stable,Consolidation,17.981683391439805,COST_DISADVANTAGE,Low,BULLISH_STABLE,75.0,Aligned,risk_off,结构:STRUCTURAL_BULLISH(A/A-); 阶段:Stable(B); 触发:Consolidation(C); 置信度:Low,PASSED,C,matrix
00371,北控水务,2025-05-02,STRUCTURAL_BULLISH,Improving,Pullback,26.110879285113537,COST_DISADVANTAGE,Low,BULLISH_STABLE,75.0,Aligned,risk_off,结构:STRUCTURAL_BULLISH(A/A-); 阶段:Improving(B); 触发:Pullback(C); 置信度:Low,PASSED,C,fallback
00371,北控水务,2025-05-09,STRUCTURAL_BULLISH,Improving,Consolidation,26.110879285113537,COST_DISADVANTAGE,Low,BULLISH_STABLE,75.0,Aligned,risk_off,结构:STRUCTURAL_BULLISH(A/A-); 阶段:Improving(B); 触发:Consolidation(C); 置信度:Low,PASSED,C,matrix
00371,北控水务,2025-05-16,STRUCTURAL_BOTTOM_CANDIDATE,Improving,Consolidation,26.110879285113537,COST_DISADVANTAGE,Low,BULLISH_WARNING,55.0,Aligned,risk_on,结构:STRUCTURAL_BOTTOM_CANDIDATE(A/A-); 阶段:Improving(B); 触发:Consolidation(C); 置信度:Low,PASSED,C,fallback
00371,北控水务,2025-05-23,STRUCTURAL_BOTTOM_CANDIDATE,Improving,Consolidation,26.110879285113537,COST_DISADVANTAGE,Low,BULLISH_WARNING,55.0,Aligned,neutral,结构:STRUCTURAL_BOTTOM_CANDIDATE(A/A-); 阶段:Improving(B); 触发:Consolidation(C); 置信度:Low,PASSED,C,fallback
00371,北控水务,2025-05-30,STRUCTURAL_BOTTOM_CANDIDATE,Improving,Consolidation,26.110879285113537,COST_DISADVANTAGE,Low,BULLISH_WARNING,55.0,Aligned,neutral,结构:STRUCTURAL_BOTTOM_CANDIDATE(A/A-); 阶段:Improving(B); 触发:Consolidation(C); 置信度:Low,PASSED,C,fallback
00371,北控水务,2025-06-06,STRUCTURAL_BOTTOM_CANDIDATE,Improving,Consolidation,37.70505624754166,COST_NEUTRAL,Low,BULLISH_WARNING,55.0,Aligned,neutral,结构:STRUCTURAL_BOTTOM_CANDIDATE(A/A-); 阶段:Improving(B); 触发:Consolidation(C); 置信度:Low,PASSED,C,fallback
00371,北控水务,2025-06-13,STRUCTURAL_BOTTOM_CANDIDATE,Improving,Pullback,37.70505624754166,COST_NEUTRAL,Low,BULLISH_WARNING,55.0,Aligned,neutral,结构:STRUCTURAL_BOTTOM_CANDIDATE(A/A-); 阶段:Improving(B); 触发:Pullback(C); 置信度:Low,PASSED,C,fallback
00371,北控水务,2025-06-20,STRUCTURAL_BOTTOM_CANDIDATE,Improving,Consolidation,37.70505624754166,COST_NEUTRAL,Low,BULLISH_WARNING,55.0,Aligned,neutral,结构:STRUCTURAL_BOTTOM_CANDIDATE(A/A-); 阶段:Improving(B); 触发:Consolidation(C); 置信度:Low,PASSED,C,fallback
00371,北控水务,2025-06-27,STRUCTURAL_BOTTOM_CANDIDATE,Improving,Pullback,37.70505624754166,COST_NEUTRAL,Low,BULLISH_WARNING,55.0,Aligned,risk_on,结构:STRUCTURAL_BOTTOM_CANDIDATE(A/A-); 阶段:Improving(B); 触发:Pullback(C); 置信度:Low,PASSED,C,fallback
00371,北控水务,2025-07-04,STRUCTURAL_BOTTOM_CANDIDATE,Stable,Consolidation,28.06863547725331,COST_DISADVANTAGE,Low,BULLISH_WARNING,55.0,Aligned,risk_on,结构:STRUCTURAL_BOTTOM_CANDIDATE(A/A-); 阶段:Stable(B); 触发:Consolidation(C); 置信度:Low,PASSED,C,fallback
00371,北控水务,2025-07-11,STRUCTURAL_BOTTOM_CANDIDATE,Stable,Consolidation,28.06863547725331,COST_DISADVANTAGE,Low,BULLISH_WARNING,55.0,Aligned,risk_on,结构:STRUCTURAL_BOTTOM_CANDIDATE(A/A-); 阶段:Stable(B); 触发:Consolidation(C); 置信度:Low,PASSED,C,fallback
00371,北控水务,2025-07-18,STRUCTURAL_BOTTOM_CANDIDATE,Stable,Consolidation,28.06863547725331,COST_DISADVANTAGE,Low,BULLISH_WARNING,55.0,Aligned,risk_on,结构:STRUCTURAL_BOTTOM_CANDIDATE(A/A-); 阶段:Stable(B); 触发:Consolidation(C); 置信度:Low,PASSED,C,fallback
00371,北控水务,2025-07-25,STRUCTURAL_BOTTOM_CANDIDATE,Stable,Consolidation,28.06863547725331,COST_DISADVANTAGE,Low,BULLISH_WARNING,55.0,Aligned,risk_on,结构:STRUCTURAL_BOTTOM_CANDIDATE(A/A-); 阶段:Stable(B); 触发:Consolidation(C); 置信度:Low,PASSED,C,fallback
00371,北控水务,2025-08-01,STRUCTURAL_BOTTOM_CANDIDATE,Improving,Consolidation,34.69532859497534,COST_NEUTRAL,Low,BULLISH_WARNING,55.0,Aligned,risk_on,结构:STRUCTURAL_BOTTOM_CANDIDATE(A/A-); 阶段:Improving(B); 触发:Consolidation(C); 置信度:Low,PASSED,C,fallback
00371,北控水务,2025-08-08,STRUCTURAL_BOTTOM_CANDIDATE,Improving,Consolidation,34.69532859497534,COST_NEUTRAL,Low,BULLISH_WARNING,55.0,Aligned,risk_on,结构:STRUCTURAL_BOTTOM_CANDIDATE(A/A-); 阶段:Improving(B); 触发:Consolidation(C); 置信度:Low,PASSED,C,fallback
00371,北控水务,2025-08-15,STRUCTURAL_BULLISH,Improving,Pullback,34.69532859497534,COST_NEUTRAL,Low,BULLISH_STABLE,75.0,Aligned,risk_on,结构:STRUCTURAL_BULLISH(A/A-); 阶段:Improving(B); 触发:Pullback(C); 置信度:Low,PASSED,C,fallback
00371,北控水务,2025-08-22,STRUCTURAL_BULLISH,Improving,Pullback,34.69532859497534,COST_NEUTRAL,Low,BULLISH_STABLE,75.0,Aligned,risk_on,结构:STRUCTURAL_BULLISH(A/A-); 阶段:Improving(B); 触发:Pullback(C); 置信度:Low,PASSED,C,fallback
00371,北控水务,2025-08-29,STRUCTURAL_BULLISH,Improving,Consolidation,34.69532859497534,COST_NEUTRAL,Low,BULLISH_STABLE,75.0,Aligned,risk_on,结构:STRUCTURAL_BULLISH(A/A-); 阶段:Improving(B); 触发:Consolidation(C); 置信度:Low,PASSED,C,matrix
00371,北控水务,2025-09-05,STRUCTURAL_BULLISH,Stable,Consolidation,27.595420701149685,COST_DISADVANTAGE,Low,BULLISH_STABLE,75.0,Aligned,risk_on,结构:STRUCTURAL_BULLISH(A/A-); 阶段:Stable(B); 触发:Consolidation(C); 置信度:Low,PASSED,C,matrix
00371,北控水务,2025-09-12,STRUCTURAL_BULLISH,Stable,Consolidation,27.595420701149685,COST_DISADVANTAGE,Low,BULLISH_STABLE,75.0,Aligned,risk_on,结构:STRUCTURAL_BULLISH(A/A-); 阶段:Stable(B); 触发:Consolidation(C); 置信度:Low,PASSED,C,matrix
00371,北控水务,2025-09-19,STRUCTURAL_BULLISH,Stable,Pullback,27.595420701149685,COST_DISADVANTAGE,Low,BULLISH_STABLE,75.0,Aligned,risk_on,结构:STRUCTURAL_BULLISH(A/A-); 阶段:Stable(B); 触发:Pullback(C); 置信度:Low,PASSED,C,fallback
00371,北控水务,2025-09-26,STRUCTURAL_BULLISH,Stable,Consolidation,27.595420701149685,COST_DISADVANTAGE,Low,BULLISH_STABLE,75.0,Aligned,risk_on,结构:STRUCTURAL_BULLISH(A/A-); 阶段:Stable(B); 触发:Consolidation(C); 置信度:Low,PASSED,C,matrix
00371,北控水务,2025-10-03,STRUCTURAL_BULLISH,Deteriorating,Consolidation,18.632087813393817,COST_DISADVANTAGE,Low,BULLISH_STABLE,75.0,Divergence,risk_on,结构:STRUCTURAL_BULLISH(A/A-); 阶段:Deteriorating(B); 触发:Consolidation(C); 置信度:Low,PASSED,C,fallback
00371,北控水务,2025-10-10,STRUCTURAL_BULLISH,Deteriorating,Consolidation,18.632087813393817,COST_DISADVANTAGE,Low,BULLISH_STABLE,75.0,Divergence,risk_on,结构:STRUCTURAL_BULLISH(A/A-); 阶段:Deteriorating(B); 触发:Consolidation(C); 置信度:Low,PASSED,C,fallback
00371,北控水务,2025-10-17,STRUCTURAL_BULLISH,Deteriorating,Consolidation,18.632087813393817,COST_DISADVANTAGE,Low,BULLISH_STABLE,75.0,Divergence,risk_off,结构:STRUCTURAL_BULLISH(A/A-); 阶段:Deteriorating(B); 触发:Consolidation(C); 置信度:Low,PASSED,C,fallback
00371,北控水务,2025-10-24,STRUCTURAL_BULLISH,Deteriorating,Consolidation,18.632087813393817,COST_DISADVANTAGE,Low,BULLISH_STABLE,75.0,Divergence,risk_off,结构:STRUCTURAL_BULLISH(A/A-); 阶段:Deteriorating(B); 触发:Consolidation(C); 置信度:Low,PASSED,C,fallback
00371,北控水务,2025-10-31,STRUCTURAL_BULLISH,Improving,Consolidation,35.87614146182923,COST_NEUTRAL,Low,BULLISH_STABLE,75.0,Aligned,risk_on,结构:STRUCTURAL_BULLISH(A/A-); 阶段:Improving(B); 触发:Consolidation(C); 置信度:Low,PASSED,C,matrix
00371,北控水务,2025-11-07,STRUCTURAL_BULLISH,Improving,Consolidation,35.87614146182923,COST_NEUTRAL,Low,BULLISH_STABLE,75.0,Aligned,risk_on,结构:STRUCTURAL_BULLISH(A/A-); 阶段:Improving(B); 触发:Consolidation(C); 置信度:Low,PASSED,C,matrix
00371,北控水务,2025-11-14,STRUCTURAL_BULLISH,Improving,Consolidation,35.87614146182923,COST_NEUTRAL,Low,BULLISH_STABLE,75.0,Aligned,risk_on,结构:STRUCTURAL_BULLISH(A/A-); 阶段:Improving(B); 触发:Consolidation(C); 置信度:Low,PASSED,C,matrix
00371,北控水务,2025-11-21,STRUCTURAL_BULLISH,Improving,Consolidation,35.87614146182923,COST_NEUTRAL,Low,BULLISH_STABLE,75.0,Aligned,neutral,结构:STRUCTURAL_BULLISH(A/A-); 阶段:Improving(B); 触发:Consolidation(C); 置信度:Low,PASSED,C,matrix
00371,北控水务,2025-11-28,STRUCTURAL_BULLISH,Improving,Consolidation,35.87614146182923,COST_NEUTRAL,Low,BULLISH_STABLE,75.0,Aligned,neutral,结构:STRUCTURAL_BULLISH(A/A-); 阶段:Improving(B); 触发:Consolidation(C); 置信度:Low,PASSED,C,matrix
00371,北控水务,2025-12-05,STRUCTURAL_BULLISH,Stable,Consolidation,12.378467395595335,COST_DISADVANTAGE,Low,BULLISH_STABLE,75.0,Aligned,neutral,结构:STRUCTURAL_BULLISH(A/A-); 阶段:Stable(B); 触发:Consolidation(C); 置信度:Low,PASSED,C,matrix
00371,北控水务,2025-12-12,STRUCTURAL_BULLISH,Stable,Consolidation,12.378467395595335,COST_DISADVANTAGE,Low,BULLISH_STABLE,75.0,Aligned,neutral,结构:STRUCTURAL_BULLISH(A/A-); 阶段:Stable(B); 触发:Consolidation(C); 置信度:Low,PASSED,C,matrix
00371,北控水务,2025-12-19,STRUCTURAL_BULLISH,Stable,Pullback,12.378467395595335,COST_DISADVANTAGE,Low,BULLISH_STABLE,75.0,Aligned,neutral,结构:STRUCTURAL_BULLISH(A/A-); 阶段:Stable(B); 触发:Pullback(C); 置信度:Low,PASSED,C,fallback
00371,北控水务,2025-12-26,STRUCTURAL_BULLISH,Stable,Consolidation,12.378467395595335,COST_DISADVANTAGE,Low,BULLISH_STABLE,75.0,Aligned,neutral,结构:STRUCTURAL_BULLISH(A/A-); 阶段:Stable(B); 触发:Consolidation(C); 置信度:Low,PASSED,C,matrix
00371,北控水务,2026-01-02,STRUCTURAL_BULLISH,Deteriorating,Consolidation,33.1197313702009,COST_DISADVANTAGE,Low,BULLISH_STABLE,75.0,Divergence,risk_off,结构:STRUCTURAL_BULLISH(A/A-); 阶段:Deteriorating(B); 触发:Consolidation(C); 置信度:Low,PASSED,C,fallback
00371,北控水务,2026-01-09,STRUCTURAL_BULLISH,Deteriorating,Consolidation,33.1197313702009,COST_DISADVANTAGE,Low,BULLISH_STABLE,75.0,Divergence,neutral,结构:STRUCTURAL_BULLISH(A/A-); 阶段:Deteriorating(B); 触发:Consolidation(C); 置信度:Low,PASSED,C,fallback
00371,北控水务,2026-01-16,STRUCTURAL_BULLISH,Deteriorating,Consolidation,33.1197313702009,COST_DISADVANTAGE,Low,BULLISH_STABLE,75.0,Divergence,risk_on,结构:STRUCTURAL_BULLISH(A/A-); 阶段:Deteriorating(B); 触发:Consolidation(C); 置信度:Low,PASSED,C,fallback
00371,北控水务,2026-01-23,STRUCTURAL_BULLISH,Deteriorating,Consolidation,33.1197313702009,COST_DISADVANTAGE,Low,BULLISH_STABLE,75.0,Divergence,neutral,结构:STRUCTURAL_BULLISH(A/A-); 阶段:Deteriorating(B); 触发:Consolidation(C); 置信度:Low,PASSED,C,fallback
00371,北控水务,2026-01-30,STRUCTURAL_BULLISH,Deteriorating,Consolidation,33.1197313702009,COST_DISADVANTAGE,Low,BULLISH_STABLE,75.0,Divergence,risk_on,结构:STRUCTURAL_BULLISH(A/A-); 阶段:Deteriorating(B); 触发:Consolidation(C); 置信度:Low,PASSED,C,fallback
00371,北控水务,2026-02-06,STRUCTURAL_BULLISH,Improving,Breakout,34.01187849351045,COST_NEUTRAL,Low,BULLISH_CONFIRMED,85.0,Aligned,neutral,结构:STRUCTURAL_BULLISH(A/A-); 阶段:Improving(B); 触发:Breakout(C); 置信度:Low,PASSED,C,matrix
00371,北控水务,2026-02-13,STRUCTURAL_BULLISH,Improving,Consolidation,34.01187849351045,COST_NEUTRAL,Low,BULLISH_STABLE,75.0,Aligned,risk_on,结构:STRUCTURAL_BULLISH(A/A-); 阶段:Improving(B); 触发:Consolidation(C); 置信度:Low,PASSED,C,matrix
00371,北控水务,2026-02-20,STRUCTURAL_BULLISH,Improving,Consolidation,34.01187849351045,COST_NEUTRAL,Low,BULLISH_STABLE,75.0,Aligned,risk_on,结构:STRUCTURAL_BULLISH(A/A-); 阶段:Improving(B); 触发:Consolidation(C); 置信度:Low,PASSED,C,matrix
00371,北控水务,2026-02-27,STRUCTURAL_BULLISH,Improving,Consolidation,34.01187849351045,COST_NEUTRAL,Low,BULLISH_STABLE,75.0,Aligned,risk_on,结构:STRUCTURAL_BULLISH(A/A-); 阶段:Improving(B); 触发:Consolidation(C); 置信度:Low,PASSED,C,matrix
00371,北控水务,2026-03-06,STRUCTURAL_BULLISH,Improving,Consolidation,20.72749236093044,COST_NEUTRAL,Low,BULLISH_STABLE,75.0,Aligned,risk_off,结构:STRUCTURAL_BULLISH(A/A-); 阶段:Improving(B); 触发:Consolidation(C); 置信度:Low,PASSED,C,matrix
00371,北控水务,2026-03-13,STRUCTURAL_BULLISH,Improving,Consolidation,20.72749236093044,COST_NEUTRAL,Low,BULLISH_STABLE,75.0,Aligned,risk_off,结构:STRUCTURAL_BULLISH(A/A-); 阶段:Improving(B); 触发:Consolidation(C); 置信度:Low,PASSED,C,matrix
00371,北控水务,2026-03-20,STRUCTURAL_BULLISH,Improving,Pullback,20.72749236093044,COST_NEUTRAL,Low,BULLISH_STABLE,75.0,Aligned,neutral,结构:STRUCTURAL_BULLISH(A/A-); 阶段:Improving(B); 触发:Pullback(C); 置信度:Low,PASSED,C,fallback
00371,北控水务,2026-03-27,STRUCTURAL_BULLISH,Improving,Pullback,20.72749236093044,COST_NEUTRAL,Low,BULLISH_STABLE,75.0,Aligned,risk_off,结构:STRUCTURAL_BULLISH(A/A-); 阶段:Improving(B); 触发:Pullback(C); 置信度:Low,PASSED,C,fallback
00371,北控水务,2026-04-03,STRUCTURAL_BULLISH,Stable,Consolidation,19.908675425532458,COST_DISADVANTAGE,Low,BULLISH_STABLE,75.0,Aligned,risk_off,结构:STRUCTURAL_BULLISH(A/A-); 阶段:Stable(B); 触发:Consolidation(C); 置信度:Low,PASSED,C,matrix
00371,北控水务,2026-04-10,STRUCTURAL_BULLISH,Stable,Pullback,19.908675425532458,COST_DISADVANTAGE,Low,BULLISH_STABLE,75.0,Aligned,neutral,结构:STRUCTURAL_BULLISH(A/A-); 阶段:Stable(B); 触发:Pullback(C); 置信度:Low,PASSED,C,fallback
00371,北控水务,2026-04-17,STRUCTURAL_BULLISH,Stable,Consolidation,19.908675425532458,COST_DISADVANTAGE,Low,BULLISH_STABLE,75.0,Aligned,risk_off,结构:STRUCTURAL_BULLISH(A/A-); 阶段:Stable(B); 触发:Consolidation(C); 置信度:Low,PASSED,C,matrix
00371,北控水务,2026-04-24,STRUCTURAL_BULLISH,Stable,Consolidation,19.908675425532458,COST_DISADVANTAGE,Low,BULLISH_STABLE,75.0,Aligned,risk_off,结构:STRUCTURAL_BULLISH(A/A-); 阶段:Stable(B); 触发:Consolidation(C); 置信度:Low,PASSED,C,matrix
00371,北控水务,2026-05-01,STRUCTURAL_BULLISH,Improving,Consolidation,32.92692344259349,COST_DISADVANTAGE,Low,BULLISH_STABLE,75.0,Aligned,risk_off,结构:STRUCTURAL_BULLISH(A/A-); 阶段:Improving(B); 触发:Consolidation(C); 置信度:Low,PASSED,C,matrix
00371,北控水务,2026-05-08,STRUCTURAL_BULLISH,Improving,Consolidation,32.92692344259349,COST_DISADVANTAGE,Low,BULLISH_STABLE,75.0,Aligned,neutral,结构:STRUCTURAL_BULLISH(A/A-); 阶段:Improving(B); 触发:Consolidation(C); 置信度:Low,PASSED,C,matrix
00371,北控水务,2026-05-15,STRUCTURAL_BULLISH,Improving,Consolidation,32.92692344259349,COST_DISADVANTAGE,Low,BULLISH_STABLE,75.0,Aligned,risk_off,结构:STRUCTURAL_BULLISH(A/A-); 阶段:Improving(B); 触发:Consolidation(C); 置信度:Low,PASSED,C,matrix
00371,北控水务,2026-05-22,STRUCTURAL_BULLISH,Improving,Pullback,32.92692344259349,COST_DISADVANTAGE,Low,BULLISH_STABLE,75.0,Aligned,risk_off,结构:STRUCTURAL_BULLISH(A/A-); 阶段:Improving(B); 触发:Pullback(C); 置信度:Low,PASSED,C,fallback
00371,北控水务,2026-05-29,STRUCTURAL_BULLISH,Improving,Consolidation,32.92692344259349,COST_DISADVANTAGE,Low,BULLISH_STABLE,75.0,Aligned,risk_off,结构:STRUCTURAL_BULLISH(A/A-); 阶段:Improving(B); 触发:Consolidation(C); 置信度:Low,PASSED,C,matrix
00371,北控水务,2026-06-05,STRUCTURAL_BULLISH,Stable,Consolidation,32.76273159148183,COST_DISADVANTAGE,Low,BULLISH_STABLE,75.0,Aligned,risk_off,结构:STRUCTURAL_BULLISH(A/A-); 阶段:Stable(B); 触发:Consolidation(C); 置信度:Low,PASSED,C,matrix
00371,北控水务,2026-06-12,STRUCTURAL_BULLISH,Stable,Consolidation,32.76273159148183,COST_DISADVANTAGE,Low,BULLISH_STABLE,75.0,Aligned,risk_off,结构:STRUCTURAL_BULLISH(A/A-); 阶段:Stable(B); 触发:Consolidation(C); 置信度:Low,PASSED,C,matrix
00371,北控水务,2026-06-19,STRUCTURAL_BULLISH,Stable,Breakdown,32.76273159148183,COST_DISADVANTAGE,Low,BULLISH_WARNING,55.0,Aligned,risk_off,结构:STRUCTURAL_BULLISH(A/A-); 阶段:Stable(B); 触发:Breakdown(C); 置信度:Low,PASSED,C,fallback
00371,北控水务,2026-06-26,STRUCTURAL_BULLISH,Stable,Breakdown,32.76273159148183,COST_DISADVANTAGE,Low,BULLISH_WARNING,55.0,Aligned,risk_off,结构:STRUCTURAL_BULLISH(A/A-); 阶段:Stable(B); 触发:Breakdown(C); 置信度:Low,PASSED,C,fallback
00371,北控水务,2026-07-03,STRUCTURAL_BULLISH,Stable,Consolidation,28.024039094001523,COST_DISADVANTAGE,Low,BULLISH_STABLE,75.0,Aligned,risk_off,结构:STRUCTURAL_BULLISH(A/A-); 阶段:Stable(B); 触发:Consolidation(C); 置信度:Low,PASSED,C,matrix
00371,北控水务,2026-07-10,STRUCTURAL_BULLISH,Stable,Consolidation,28.024039094001523,COST_DISADVANTAGE,Low,BULLISH_STABLE,75.0,Aligned,risk_off,结构:STRUCTURAL_BULLISH(A/A-); 阶段:Stable(B); 触发:Consolidation(C); 置信度:Low,PASSED,C,matrix
00371,北控水务,2026-07-17,STRUCTURAL_BULLISH,Stable,Consolidation,28.024039094001523,COST_DISADVANTAGE,Low,BULLISH_STABLE,75.0,Aligned,risk_off,结构:STRUCTURAL_BULLISH(A/A-); 阶段:Stable(B); 触发:Consolidation(C); 置信度:Low,PASSED,C,matrix
00371,北控水务,2026-07-24,STRUCTURAL_BULLISH,Stable,Consolidation,28.024039094001523,COST_DISADVANTAGE,Low,BULLISH_STABLE,75.0,Aligned,risk_off,结构:STRUCTURAL_BULLISH(A/A-); 阶段:Stable(B); 触发:Consolidation(C); 置信度:Low,PASSED,C,matrix
00371,北控水务,2026-07-31,STRUCTURAL_BULLISH,Improving,Consolidation,38.45589900008267,COST_NEUTRAL,Low,BULLISH_STABLE,75.0,Aligned,neutral,结构:STRUCTURAL_BULLISH(A/A-); 阶段:Improving(B); 触发:Consolidation(C); 置信度:Low,PASSED,C,matrix
00371,北控水务,2026-08-07,STRUCTURAL_BULLISH,Improving,Consolidation,38.45589900008267,COST_NEUTRAL,Low,BULLISH_STABLE,75.0,Aligned,risk_off,结构:STRUCTURAL_BULLISH(A/A-); 阶段:Improving(B); 触发:Consolidation(C); 置信度:Low,PASSED,C,matrix
00371,北控水务,2026-08-14,STRUCTURAL_BULLISH,Improving,Consolidation,38.45589900008267,COST_NEUTRAL,Medium,BULLISH_STABLE,75.0,Aligned,risk_off,结构:STRUCTURAL_BULLISH(A/A-); 阶段:Improving(B); 触发:Consolidation(C); 置信度:Medium,PASSED,C,matrix
00371,北控水务,2026-08-21,STRUCTURAL_BULLISH,Improving,Breakdown,38.45589900008267,COST_NEUTRAL,Medium,BULLISH_WARNING,55.0,Aligned,neutral,结构:STRUCTURAL_BULLISH(A/A-); 阶段:Improving(B); 触发:Breakdown(C); 置信度:Medium,PASSED,C,fallback
