================================================================================
周度走势复盘分析 - 自动生成提问模板
================================================================================

复盘周期: 最近 30 周

说明:
  1. 周数据日期为该周最后一个交易日（节假日自动调整）
  2. 资金流数据已自动清洗：因假期导致的0值已替换为前一周有效数据


处理 北控水务 (00371) ...

问题: 对北控水务 (00371)进行周度走势复盘分析，复盘区间：2026年02月06日 – 2026年08月28日（共30周）
      date open high  low close week_change_pct volume_ratio turnover_rate  ema5 ema20 ema100 ema200 macd_histogram macd_status rsi14 institutional_flow individual_flow    inst_5ma     ind_5ma
2026-02-06 2.59 2.88 2.57  2.87          10.38%        1.683         2.41% 2.628 2.475  2.171  2.075         0.0601        金叉延续 73.24         -6,071,580     124,699,120   1,341,236  10,523,580
2026-02-13 2.86 2.89 2.68  2.71          -5.57%        1.020         1.46% 2.656 2.498  2.182  2.081         0.0630        金叉延续 62.36         -8,882,600        -699,160  -2,737,392   8,733,384
2026-02-20 2.74 2.79 2.71  2.78           2.58%        0.159         0.16% 2.697 2.525  2.193  2.088         0.0695        金叉延续 64.82          3,710,000      11,853,140     -57,392  16,301,136
2026-02-27 2.78 2.83 2.68  2.74          -1.44%        1.015         1.03% 2.711 2.545  2.204  2.094         0.0637        金叉延续 62.32        -11,930,000     -42,200,000  -3,576,944   9,298,980
2026-03-06 2.70 2.80 2.60  2.77           1.09%        1.185         1.33% 2.731 2.567  2.216  2.101         0.0593        金叉延续 63.46            930,200     -17,823,380  -4,448,796  15,165,944
2026-03-13 2.78 2.78 2.62  2.75          -0.72%        0.977         1.09% 2.737 2.584  2.226  2.107         0.0494        金叉延续 62.11        -12,026,740     -33,476,260  -5,639,828 -16,469,132
2026-03-20 2.73 2.82 2.65  2.70          -1.82%        1.029         1.17% 2.725 2.595  2.235  2.113         0.0328        金叉延续 58.74        -13,216,360       1,289,020  -6,506,580 -16,071,496
2026-03-27 2.67 2.77 2.56  2.60          -3.70%        1.166         1.43% 2.683 2.596  2.243  2.118         0.0062        金叉延续 52.60        -17,099,260      16,065,780 -10,668,432 -15,228,968
2026-04-03 2.59 2.73 2.55  2.69           3.46%        0.627         0.66% 2.685 2.605  2.252  2.124        -0.0008          死叉 56.96          3,428,300      12,572,280  15,087,040  24,383,936
2026-04-10 2.67 2.75 2.63  2.65          -1.49%        0.440         0.36% 2.674 2.609  2.259  2.129        -0.0119        死叉延续 54.56          2,930,000     -12,662,680  -7,196,812  -3,242,372
2026-04-17 2.62 2.67 2.58  2.60          -1.89%        1.098         0.94% 2.649 2.608  2.266  2.134        -0.0262        死叉延续 51.63         17,050,200      23,588,800  -1,381,424   8,170,640
2026-04-24 2.59 2.78 2.59  2.66           2.31%        1.503         1.71% 2.653 2.613  2.274  2.139        -0.0277        死叉延续 54.77         -1,239,020       2,960,340   1,014,044   8,504,904
2026-05-01 2.66 2.75 2.64  2.67           0.38%        0.640         0.61% 2.658 2.618  2.282  2.144        -0.0273        死叉延续 55.29          6,181,180      23,629,860  16,228,060  28,877,816
2026-05-08 2.67 2.80 2.64  2.74           2.62%        0.810         0.72% 2.686 2.630  2.291  2.150        -0.0181        死叉延续 58.86         -4,601,020      22,625,980   4,064,268  12,028,460
2026-05-15 2.74 2.89 2.74  2.85           4.01%        1.155         1.10% 2.740 2.651  2.302  2.157         0.0013          金叉 63.76         -3,357,360     111,650,000   2,806,796  36,890,996
2026-05-22 2.85 2.87 2.69  2.71          -4.91%        1.155         1.19% 2.730 2.657  2.310  2.163        -0.0058          死叉 54.81          9,351,820      66,510,000   1,267,120  45,475,236
2026-05-29 2.70 2.77 2.61  2.63          -2.95%        0.871         0.86% 2.697 2.654  2.316  2.167        -0.0215        死叉延续 50.45          2,097,060      57,298,340   1,934,336  56,342,836
2026-06-05 2.63 2.66 2.45  2.52          -4.18%        1.470         1.87% 2.638 2.641  2.320  2.171        -0.0456        死叉延续 45.14         -9,262,620     -26,530,000  -1,154,424  46,310,864
2026-06-12 2.50 2.53 2.44  2.48          -1.59%        0.829         0.98% 2.585 2.626  2.324  2.174        -0.0646        死叉延续 43.35          6,196,440      10,348,440   1,005,068  43,855,356
2026-06-19 2.48 2.52 2.33  2.36          -4.84%        0.746         0.78% 2.510 2.601  2.324  2.176        -0.0895        死叉延续 38.43         -7,933,280      10,595,620     579,404  14,629,308
2026-06-26 2.36 2.37 2.24  2.26          -4.24%        0.617         0.54% 2.427 2.568  2.323  2.177        -0.1140        死叉延续 34.88          6,470,960       8,570,020    -486,288  12,056,484
2026-07-03 2.26 2.31 2.23  2.29           1.33%        0.754         0.59% 2.381 2.542  2.322  2.178        -0.1201        死叉延续 36.77        -12,457,440       3,397,680  -3,397,188   1,276,352
2026-07-10 2.34 2.36 2.26  2.30           0.44%        0.653         0.45% 2.354 2.519  2.322  2.179        -0.1167        死叉延续 37.42         11,484,180        -586,740     752,172   6,465,004
2026-07-17 2.30 2.39 2.26  2.39           3.91%        0.957         0.62% 2.366 2.506  2.323  2.181        -0.0970        死叉延续 43.10          1,254,800      14,570,060    -236,156   7,309,328
2026-07-24 2.40 2.49 2.32  2.35          -1.67%        1.345         1.06% 2.361 2.491  2.324  2.183        -0.0844        死叉延续 41.31         15,453,760     -11,459,340   4,441,252   2,898,336
2026-07-31 2.35 2.41 2.31  2.31          -1.70%        1.086         0.89% 2.344 2.474  2.324  2.184        -0.0769        死叉延续 39.53        -11,451,560      39,216,500     856,748   9,027,632
2026-08-07 2.33 2.36 2.23  2.24          -3.03%        1.001         0.83% 2.309 2.452  2.322  2.185        -0.0765        死叉延续 36.58        -11,576,500      39,975,540   1,032,936  16,343,204
2026-08-14 2.24 2.28 2.22  2.24           0.00%        0.694         0.50% 2.286 2.432  2.320  2.185        -0.0716        死叉延续 36.58          1,881,810      16,073,030    -887,538  19,675,158
2026-08-21 2.24 2.26 2.17  2.19          -2.23%        1.051         0.77% 2.254 2.409  2.318  2.185        -0.0702        死叉延续 34.44            729,760      -9,583,700    -992,546  14,844,406
2026-08-28 2.19 2.19 1.64  1.72         -21.46%        2.412         5.98% 2.076 2.343  2.306  2.181        -0.1246        死叉延续 21.65        -88,863,790      16,916,600 -14,965,590  14,664,256

--------------------------------------------------------------------------------

处理 中国铁塔 (00788) ...

问题: 对中国铁塔 (00788)进行周度走势复盘分析，复盘区间：2026年02月06日 – 2026年08月28日（共30周）
      date  open  high   low close week_change_pct volume_ratio turnover_rate   ema5  ema20 ema100 ema200 macd_histogram macd_status rsi14 institutional_flow individual_flow    inst_5ma     ind_5ma
2026-02-06 10.78 10.82 10.47 10.48          -3.76%        1.210         1.81% 10.901 11.188 10.188  9.621        -0.2655        死叉延续 39.20        -48,750,000     -48,580,000 -41,321,600 -14,481,346
2026-02-13 10.48 10.81 10.33 10.64           1.53%        1.037         1.58% 10.814 11.135 10.197  9.631        -0.2750        死叉延续 42.16        -35,432,250     -13,779,010 -35,600,116 -14,546,982
2026-02-20 10.67 10.68 10.51 10.59          -0.47%        0.234         0.26% 10.739 11.083 10.205  9.640        -0.2744        死叉延续 41.48          1,949,770      -2,149,730 -27,706,496 -12,210,988
2026-02-27 10.66 10.92 10.65 10.78           1.79%        1.242         1.57% 10.753 11.055 10.216  9.652        -0.2363        死叉延续 45.10         27,570,040      10,063,350 -16,510,488 -15,065,004
2026-03-06 10.76 10.93 10.44 10.69          -0.83%        1.024         1.31% 10.732 11.020 10.225  9.662        -0.2118        死叉延续 43.72         40,930,000     -93,579,580  -2,746,488 -29,604,994
2026-03-13 10.63 11.12 10.35 11.11           3.93%        1.107         1.50% 10.858 11.028 10.243  9.676        -0.1316        死叉延续 51.22         24,850,000     111,554,270  11,973,512   2,421,860
2026-03-20 11.12 11.12 10.57 10.71          -3.60%        1.360         2.24% 10.809 10.998 10.252  9.687        -0.1250        死叉延续 45.06         18,449,960      81,364,060  22,749,954  21,450,474
2026-03-27 10.66 10.73 10.22 10.32          -3.64%        1.066         1.81% 10.646 10.934 10.254  9.693        -0.1634        死叉延续 40.01           -941,600       5,532,340  22,171,680  22,986,888
2026-04-03 10.26 10.43 10.07 10.38           0.58%        0.758         1.15% 10.557 10.881 10.256  9.700        -0.1701        死叉延续 41.10         30,170,000     -17,780,000   3,071,664 -11,700,560
2026-04-10 10.45 10.58 10.39 10.46           0.77%        0.580         0.73% 10.525 10.841 10.260  9.707        -0.1537        死叉延续 42.61         60,780,000     -16,405,690  26,661,672  32,852,996
2026-04-17 10.46 10.70 10.36 10.66           1.91%        0.928         1.12% 10.570 10.824 10.268  9.717        -0.1080        死叉延续 46.30          4,996,360     -16,688,010  22,690,944   7,204,540
2026-04-24 10.52 10.96 10.44 10.79           1.22%        0.945         1.11% 10.643 10.820 10.278  9.728        -0.0549        死叉延续 48.61           -400,810     -23,503,330  18,920,790 -13,768,938
2026-05-01 10.83 10.89 10.65 10.71          -0.74%        0.774         0.81% 10.665 10.810 10.287  9.737        -0.0268        死叉延续 47.26          6,184,770      39,610,000   1,322,954     419,440
2026-05-08 10.82 10.84 10.61 10.71           0.00%        0.972         1.01% 10.680 10.800 10.295  9.747        -0.0055        死叉延续 47.26          2,561,040       4,220,360  14,824,272  -2,553,334
2026-05-15 10.71 10.90 10.53 10.58          -1.21%        1.382         1.79% 10.647 10.779 10.301  9.755        -0.0062        死叉延续 44.91         23,650,000     110,332,990   7,398,272  22,794,402
2026-05-22 10.58 10.81 10.22 10.27          -2.93%        1.372         2.17% 10.521 10.731 10.300  9.760        -0.0435        死叉延续 39.83        -72,050,000     -10,192,730  -8,011,000  24,093,458
2026-05-29 10.33 10.33  9.81  9.92          -3.41%        1.276         2.34% 10.321 10.654 10.293  9.762        -0.1069        死叉延续 35.01        -17,100,000     -44,432,600 -11,350,838  19,907,604
2026-06-05  9.92 10.11  9.84  9.88          -0.40%        0.814         1.36% 10.174 10.580 10.285  9.763        -0.1435        死叉延续 34.50        -58,660,000      -3,020,310 -24,319,792  11,381,542
2026-06-12  9.81  9.88  9.53  9.72          -1.62%        0.968         1.60% 10.023 10.498 10.273  9.763        -0.1763        死叉延续 32.45          1,530,280       2,080,000 -24,525,944  10,953,470
2026-06-19  9.76  9.85  9.23  9.31          -4.22%        1.234         2.31%  9.785 10.385 10.254  9.758        -0.2366        死叉延续 27.88          9,950,000       3,283,660   5,478,954  10,474,858
2026-06-26  9.29  9.48  8.66  8.92          -4.19%        1.197         2.49%  9.497 10.245 10.228  9.750        -0.3079        死叉延续 24.36         10,480,000     -52,964,910 -10,759,944 -19,010,832
2026-07-03  8.94  9.09  8.68  9.04           1.35%        0.686         1.23%  9.344 10.131 10.204  9.743        -0.3164        死叉延续 27.40         40,560,400      53,503,320     772,136     576,352
2026-07-10  9.06  9.21  8.87  9.17           1.44%        0.694         1.08%  9.286 10.039 10.184  9.737        -0.2833        死叉延续 30.64         36,572,540      25,924,610  19,818,644   6,365,336
2026-07-17  9.13  9.46  9.07  9.31           1.53%        0.872         1.27%  9.294  9.970 10.167  9.733        -0.2238        死叉延续 34.06          2,234,990      47,835,225  19,959,586  15,516,381
2026-07-24  9.33  9.87  9.33  9.60           3.11%        0.839         1.14%  9.396  9.934 10.155  9.732        -0.1313        死叉延续 40.59         39,974,640      16,043,655  25,964,514  18,068,380
2026-07-31  9.65 10.06  9.61 10.03           4.48%        1.195         1.79%  9.607  9.944 10.153  9.735        -0.0047        死叉延续 48.71        -20,549,950      18,620,205  19,758,524  32,385,403
2026-08-07 10.02 10.13  9.68  9.74          -2.89%        0.972         1.44%  9.652  9.924 10.145  9.735         0.0447          金叉 44.31         23,023,028      -4,548,052  16,251,050  20,775,128
2026-08-14  9.78  9.85  9.10  9.30          -4.52%        1.314         2.30%  9.534  9.865 10.128  9.730         0.0238        金叉延续 38.62         44,671,052      41,748,718  17,870,752  23,939,950
2026-08-21  9.30  9.49  9.15  9.35           0.54%        1.118         2.10%  9.473  9.816 10.113  9.727         0.0225        金叉延续 39.57         52,756,000     -97,437,660  27,974,954  -5,114,627
2026-08-28  9.35  9.35  9.14  9.14          -2.25%        0.769         1.29%  9.362  9.751 10.093  9.721         0.0003        金叉延续 36.98         47,872,750     -49,827,015  14,013,504  -4,536,671

--------------------------------------------------------------------------------

处理 港股万科企业 (02202) ...

问题: 对港股万科企业 (02202)进行周度走势复盘分析，复盘区间：2026年02月06日 – 2026年08月28日（共30周）
      date open high  low close week_change_pct volume_ratio turnover_rate  ema5 ema20 ema100 ema200 macd_histogram macd_status rsi14 institutional_flow individual_flow    inst_5ma     ind_5ma
2026-02-06 3.54 3.84 3.51  3.67          -3.42%        0.875        10.43% 3.653 4.028  5.787  8.481         0.0295          金叉 37.78         14,004,470      50,183,290  21,316,506  39,977,556
2026-02-13 3.72 4.14 3.65  3.98           8.45%        0.963        11.28% 3.762 4.024  5.751  8.437         0.0982        金叉延续 45.32         59,020,630     -18,703,370  26,003,474  25,383,134
2026-02-20 3.95 3.95 3.74  3.86          -3.02%        0.093         0.75% 3.795 4.008  5.714  8.391         0.1284        金叉延续 43.14            369,030     -11,970,000  29,039,280  20,068,854
2026-02-27 3.80 3.95 3.67  3.76          -2.59%        1.341        13.01% 3.783 3.984  5.675  8.345         0.1352        金叉延续 41.36        -39,285,610     -99,680,000  15,337,088 -12,531,832
2026-03-06 3.71 3.71 3.35  3.49          -7.18%        0.896         8.27% 3.685 3.937  5.632  8.297         0.1049        金叉延续 36.92        -29,670,000      -6,473,010     887,704 -17,328,618
2026-03-13 3.42 3.51 3.36  3.37          -3.44%        0.550         4.14% 3.580 3.883  5.587  8.248         0.0718        金叉延续 35.11         -8,125,780     -12,610,000  -3,538,346 -29,887,276
2026-03-20 3.38 3.55 3.11  3.15          -6.53%        0.876         6.21% 3.437 3.814  5.539  8.197         0.0259        金叉延续 32.02         -4,806,090      -7,566,980 -16,303,690 -27,659,998
2026-03-27 3.13 3.13 2.97  2.97          -5.71%        0.759         4.80% 3.281 3.733  5.488  8.145        -0.0208          死叉 29.72         11,738,610      -4,105,190 -14,029,774 -26,087,036
2026-04-03 2.96 3.01 2.85  2.88          -3.03%        0.660         3.58% 3.147 3.652  5.436  8.092        -0.0538        死叉延续 28.61        -12,314,660      -4,532,230  11,357,004  30,645,384
2026-04-10 2.91 3.05 2.90  2.92           1.39%        0.575         2.56% 3.072 3.582  5.386  8.041        -0.0599        死叉延续 29.86          7,928,090      -5,361,660  -1,115,966  -6,835,212
2026-04-17 2.93 3.14 2.88  3.07           5.14%        1.023         4.62% 3.071 3.533  5.340  7.992        -0.0345        死叉延续 34.50         13,624,330       3,788,220   3,234,056  -3,555,568
2026-04-24 3.07 3.08 2.84  2.89          -5.86%        0.722         2.85% 3.011 3.472  5.292  7.941        -0.0329        死叉延续 31.78         -5,669,690     -17,750,820   3,061,336  -5,592,336
2026-05-01 2.89 3.05 2.82  2.99           3.46%        1.073         4.42% 3.004 3.426  5.246  7.892        -0.0104        死叉延续 34.85          9,439,980      -3,141,340  15,140,242  21,639,116
2026-05-08 3.01 3.37 3.01  3.16           5.69%        0.961         3.88% 3.056 3.401  5.205  7.844         0.0330          金叉 39.81         19,492,390      15,849,490   8,963,020  -1,323,222
2026-05-15 3.17 3.36 3.02  3.08          -2.53%        1.225         5.56% 3.064 3.370  5.163  7.797         0.0552        金叉延续 38.33         -7,855,315      -4,010,000   5,806,339  -1,052,890
2026-05-22 3.09 3.09 2.66  2.68         -12.99%        1.340         7.33% 2.936 3.305  5.114  7.746         0.0219        金叉延续 31.94           -591,660       6,524,490   2,963,141    -505,636
2026-05-29 2.68 2.94 2.48  2.71           1.12%        1.409         9.69% 2.861 3.248  5.066  7.696         0.0106        金叉延续 32.85         13,632,830      11,838,620   6,823,645   5,412,252
2026-06-05 2.72 2.85 2.61  2.62          -3.32%        0.820         5.18% 2.780 3.188  5.018  7.646        -0.0019          死叉 31.50        -24,598,230     -18,740,010      16,003   2,292,518
2026-06-12 2.61 2.69 2.49  2.64           0.76%        0.729         4.05% 2.734 3.136  4.971  7.596        -0.0003        死叉延续 32.17         -3,858,180      -1,785,250  -4,654,111  -1,234,430
2026-06-19 2.67 2.71 2.40  2.42          -8.33%        0.689         3.33% 2.629 3.068  4.920  7.544        -0.0206        死叉延续 28.83        -11,064,540      -2,986,600   4,579,334   9,268,864
2026-06-26 2.42 2.53 2.17  2.20          -9.09%        1.229         6.67% 2.486 2.985  4.866  7.491        -0.0535        死叉延续 25.94        -17,217,280     -13,634,590  -8,621,080  -5,061,566
2026-07-03 2.21 2.36 2.10  2.34           6.36%        1.064         5.97% 2.437 2.924  4.816  7.440        -0.0465        死叉延续 30.71         21,640,000      -2,477,110  -7,019,646  -7,924,712
2026-07-10 2.34 2.41 2.19  2.35           0.43%        0.787         3.99% 2.408 2.869  4.767  7.389        -0.0314        死叉延续 31.05          2,100,580       1,501,820  -1,679,884  -3,876,346
2026-07-17 2.33 2.56 2.22  2.48           5.53%        1.082         5.73% 2.432 2.832  4.722  7.340         0.0034          金叉 35.49          1,383,189      24,044,366    -631,610   1,289,577
2026-07-24 2.46 2.51 2.37  2.41          -2.82%        0.765         3.62% 2.425 2.792  4.676  7.291         0.0231        金叉延续 34.21         -6,433,250      -4,811,235     294,648     924,650
2026-07-31 2.42 2.55 2.35  2.48           2.90%        0.784         3.35% 2.443 2.762  4.633  7.243         0.0503        金叉延续 36.67         -5,482,798       6,774,389   2,641,544   5,006,446
2026-08-07 2.50 2.56 2.42  2.50           0.81%        0.877         3.52% 2.462 2.737  4.591  7.196         0.0742        金叉延续 37.39           -611,849      -5,328,075  -1,808,826   4,436,253
2026-08-14 2.52 2.58 2.39  2.42          -3.20%        1.113         4.75% 2.448 2.707  4.548  7.149         0.0818        金叉延续 35.65        -14,828,858      -5,276,638  -5,194,713   3,080,562
2026-08-21 2.44 2.53 2.36  2.44           0.83%        0.818         3.19% 2.445 2.682  4.506  7.102         0.0914        金叉延续 36.45          6,878,048       6,576,538  -4,095,741    -413,004
2026-08-28 2.44 2.54 2.36  2.49           2.05%        0.999         3.90% 2.460 2.663  4.466  7.056         0.1053        金叉延续 38.50          4,282,662      10,571,512     374,688  -1,894,834

--------------------------------------------------------------------------------

处理 锦鑫生殖 (01951) ...

问题: 对锦鑫生殖 (01951)进行周度走势复盘分析，复盘区间：2026年02月06日 – 2026年08月28日（共30周）
      date open high  low close week_change_pct volume_ratio turnover_rate  ema5 ema20 ema100 ema200 macd_histogram macd_status rsi14 institutional_flow individual_flow   inst_5ma    ind_5ma
2026-02-06 2.40 2.43 2.34  2.38          -0.83%        0.742         2.71% 2.415 2.506  3.041  4.270         0.0214        金叉延续 42.65           -207,390       1,009,460 -3,722,612  3,918,324
2026-02-13 2.41 2.49 2.38  2.44           2.52%        0.744         2.41% 2.424 2.499  3.029  4.252         0.0282        金叉延续 45.41          4,654,250        -668,570 -4,054,040   -819,772
2026-02-20 2.40 2.44 2.38  2.43          -0.41%        0.079         0.17% 2.426 2.493  3.017  4.234         0.0317        金叉延续 45.02                  0         484,020    262,496  1,136,364
2026-02-27 2.43 2.51 2.37  2.46           1.23%        1.114         2.62% 2.437 2.490  3.006  4.216         0.0380        金叉延续 46.50        -13,081,530        -430,020 -2,862,934   -510,502
2026-03-06 2.43 2.50 2.25  2.47           0.41%        1.584         5.27% 2.448 2.488  2.995  4.199         0.0430        金叉延续 47.01         12,596,380      -9,318,180    792,342 -1,784,658
2026-03-13 2.39 2.44 2.17  2.18         -11.74%        1.352         5.45% 2.359 2.459  2.979  4.179         0.0086        金叉延续 36.19        -35,388,680      -8,224,710 -6,243,916 -3,631,492
2026-03-20 2.19 2.34 2.15  2.16          -0.92%        0.919         3.55% 2.292 2.430  2.963  4.159        -0.0142          死叉 35.58            805,440       2,277,350 -7,013,678 -3,042,308
2026-03-27 2.11 2.30 2.05  2.28           5.56%        1.192         5.11% 2.288 2.416  2.949  4.140        -0.0108        死叉延续 41.89         24,652,060     -14,375,860 -2,083,266 -6,014,284
2026-04-03 2.26 2.48 2.25  2.47           8.33%        0.975         4.13% 2.349 2.421  2.940  4.123         0.0180          金叉 50.21         35,290,000       4,860,000  9,018,558 11,104,066
2026-04-10 2.49 2.49 2.39  2.43          -1.62%        0.583         2.07% 2.376 2.422  2.930  4.107         0.0316        金叉延续 48.63        -11,850,000      -8,135,980  2,701,764 -4,719,840
2026-04-17 2.39 2.41 2.31  2.32          -4.53%        0.785         2.51% 2.357 2.412  2.918  4.089         0.0262        金叉延续 44.49         -7,364,690        -402,560  8,306,562 -3,155,410
2026-04-24 2.34 2.47 2.31  2.43           4.74%        0.811         2.37% 2.382 2.414  2.908  4.072         0.0370        金叉延续 49.16         23,311,360        -397,890 12,807,746 -3,690,458
2026-05-01 2.43 2.44 2.31  2.35          -3.29%        0.665         1.67% 2.371 2.408  2.897  4.055         0.0331        金叉延续 46.12         -8,655,460       2,731,510  8,158,724 12,798,972
2026-05-08 2.35 2.40 2.31  2.37           0.85%        0.833         1.93% 2.371 2.404  2.887  4.038         0.0329        金叉延续 47.00         -8,673,030      11,878,740 -2,646,364  1,134,764
2026-05-15 2.36 2.39 2.30  2.34          -1.27%        1.164         2.94% 2.360 2.398  2.876  4.022         0.0286        金叉延续 45.79         -5,501,040      -4,218,510 -1,376,572  1,918,258
2026-05-22 2.34 2.34 2.19  2.22          -5.13%        1.066         2.77% 2.314 2.381  2.863  4.004         0.0103        金叉延续 41.22          2,943,430     -11,426,180    685,052   -286,466
2026-05-29 2.22 2.24 2.09  2.20          -0.90%        0.966         2.47% 2.276 2.364  2.850  3.986        -0.0029          死叉 40.50         -9,139,660      -1,268,180 -5,805,152   -460,524
2026-06-05 2.22 2.36 2.20  2.23           1.36%        0.987         2.52% 2.261 2.351  2.837  3.968        -0.0060        死叉延续 42.14         -2,061,900      -1,592,980 -4,486,440 -1,325,422
2026-06-12 2.19 2.23 2.08  2.15          -3.59%        0.833         1.96% 2.224 2.332  2.824  3.950        -0.0165        死叉延续 39.04          2,038,890        -463,130 -2,344,056 -3,793,796
2026-06-19 2.16 2.17 1.99  1.99          -7.44%        0.695         1.42% 2.146 2.299  2.807  3.931        -0.0414        死叉延续 33.70         -6,806,300      -4,734,430 -2,544,536   -641,914
2026-06-26 2.00 2.08 1.93  1.93          -3.02%        1.298         3.13% 2.074 2.264  2.790  3.911        -0.0610        死叉延续 31.94            420,000      -3,647,460 -3,109,794 -2,341,236
2026-07-03 1.96 2.13 1.92  2.12           9.84%        1.259         3.47% 2.089 2.250  2.777  3.893        -0.0443        死叉延续 42.25         -2,440,150     -34,324,760 -1,769,892 -8,952,552
2026-07-10 2.11 2.18 2.02  2.12           0.00%        0.755         1.86% 2.099 2.238  2.764  3.875        -0.0299        死叉延续 42.25         -1,220,260       2,535,150 -1,601,564 -8,126,926
2026-07-17 2.12 2.35 2.06  2.18           2.83%        1.191         3.24% 2.126 2.233  2.752  3.858        -0.0099        死叉延续 45.28         10,271,625       3,477,385     44,983 -7,338,823
2026-07-24 2.19 2.26 2.12  2.21           1.38%        0.754         1.82% 2.154 2.230  2.741  3.842         0.0087          金叉 46.79        -11,814,520      -7,060,845   -956,661 -7,804,106
2026-07-31 2.21 2.28 2.16  2.17          -1.81%        0.602         1.22% 2.159 2.225  2.730  3.825         0.0165        金叉延续 45.01         -5,314,730     -10,608,485 -2,103,607 -9,196,311
2026-08-07 2.17 2.25 2.14  2.21           1.84%        0.720         1.27% 2.176 2.223  2.720  3.809         0.0274        金叉延续 47.17          4,620,808          -5,718   -691,416 -2,332,502
2026-08-14 2.21 2.24 2.08  2.08          -5.88%        1.308         2.74% 2.144 2.210  2.707  3.792         0.0178        金叉延续 41.46         -7,093,490     -11,973,605 -1,866,062 -5,234,254
2026-08-21 2.08 2.24 2.06  2.23           7.21%        1.108         2.45% 2.173 2.212  2.698  3.777         0.0315        金叉延续 49.11         17,817,298       4,307,052   -356,927 -5,068,320
2026-08-28 2.23 2.42 2.17  2.27           1.79%        1.571         4.86% 2.205 2.217  2.689  3.762         0.0451        金叉延续 50.95         21,598,278       3,095,052  7,986,104    831,096

--------------------------------------------------------------------------------

处理 金蝶国际 (00268) ...

问题: 对金蝶国际 (00268)进行周度走势复盘分析，复盘区间：2026年02月06日 – 2026年08月28日（共30周）
      date  open  high   low close week_change_pct volume_ratio turnover_rate   ema5  ema20 ema100 ema200 macd_histogram macd_status rsi14 institutional_flow individual_flow    inst_5ma     ind_5ma
2026-02-06 12.91 13.00 10.61 11.09         -14.36%        1.494         9.84% 12.963 14.082 13.004 13.027        -0.5875        死叉延续 34.32         10,180,000     113,680,000  90,584,050 250,438,296
2026-02-13 11.49 11.71 10.86 11.07          -0.18%        0.870         5.39% 12.332 13.795 12.965 13.008        -0.7490        死叉延续 34.25        -27,549,480      90,840,000  74,890,584 230,182,296
2026-02-20 11.07 11.16 10.43 10.53          -4.88%        0.271         1.22% 11.731 13.484 12.917 12.983        -0.8748        死叉延续 32.35         74,030,000      37,704,350  21,188,648 103,727,166
2026-02-27 10.65 10.95  9.70 10.07          -4.37%        1.388         7.81% 11.178 13.159 12.861 12.954        -0.9595        死叉延续 30.78        102,150,000      19,970,000  33,873,712  71,935,774
2026-03-06  9.82 10.01  9.06  9.66          -4.07%        1.035         5.93% 10.672 12.826 12.797 12.921        -1.0053        死叉延续 29.41         92,280,000      34,540,000  50,218,104  59,346,870
2026-03-13  9.20 10.05  9.05  9.09          -5.90%        0.986         5.60% 10.144 12.470 12.724 12.883        -1.0426        死叉延续 27.57         69,374,040      50,840,000  62,056,912  46,778,870
2026-03-20  9.18 10.20  8.91  9.60           5.61%        1.130         6.88%  9.963 12.197 12.662 12.850        -0.9322        死叉延续 31.68         25,709,280     182,440,000  72,708,664  65,098,870
2026-03-27  9.46  9.52  8.51  8.83          -8.02%        0.885         5.09%  9.585 11.876 12.586 12.810        -0.8964        死叉延续 29.00         57,976,380    -102,875,310  69,497,940  36,982,938
2026-04-03  8.53  8.79  8.25  8.41          -4.76%        0.894         4.89%  9.194 11.546 12.504 12.767        -0.8625        死叉延续 27.63        194,110,000    -141,590,000  95,058,284  70,781,280
2026-04-10  8.61  9.10  8.21  8.25          -1.90%        0.844         4.28%  8.879 11.232 12.419 12.722        -0.7964        死叉延续 27.11        103,230,000      40,347,170  90,079,940   5,832,372
2026-04-17  8.22  9.31  7.92  9.16          11.03%        1.201         6.75%  8.973 11.035 12.355 12.686        -0.5752        死叉延续 34.72        159,300,000      97,490,000 108,065,132  15,162,372
2026-04-24  9.16  9.44  8.33  8.49          -7.31%        0.776         3.93%  8.812 10.792 12.278 12.644        -0.4688        死叉延续 32.06         70,125,830     -11,355,000 116,948,442 -23,596,628
2026-05-01  8.50  8.58  8.17  8.55           0.71%        0.825         3.85%  8.725 10.579 12.204 12.604        -0.3456        死叉延续 32.56         48,540,000       5,550,000  96,367,712  72,885,280
2026-05-08  8.73  9.62  8.28  9.34           9.24%        1.088         5.29%  8.930 10.461 12.148 12.571        -0.1244        死叉延续 38.90        146,880,000      33,859,440 105,615,166  33,178,322
2026-05-15  9.20  9.35  8.14  8.23         -11.88%        1.054         5.27%  8.696 10.248 12.070 12.528        -0.0955        死叉延续 34.06         75,470,000    -110,290,000 100,063,166   3,050,888
2026-05-22  8.23  8.34  7.50  7.79          -5.35%        1.146         6.19%  8.394 10.014 11.985 12.481        -0.1031        死叉延续 32.34         87,640,000      41,707,160  85,731,166  -8,105,680
2026-05-29  7.51  7.66  6.94  7.27          -6.68%        1.343         8.76%  8.020  9.753 11.892 12.429        -0.1430        死叉延续 30.38        303,571,000     -11,468,680 132,420,200  -8,128,416
2026-06-05  7.67  9.19  7.50  7.98           9.77%        1.800        19.56%  8.006  9.584 11.815 12.385        -0.0438        死叉延续 36.06        319,020,000    -139,420,000 186,516,200 -37,122,416
2026-06-12  7.62  7.80  6.97  7.00         -12.28%        0.673         6.29%  7.671  9.338 11.719 12.331        -0.0783        死叉延续 32.16        -28,900,000     -53,746,080 151,360,200 -54,643,520
2026-06-19  7.08  7.19  6.36  6.45          -7.86%        0.567         4.35%  7.264  9.063 11.615 12.273        -0.1395        死叉延续 30.19         -1,319,470    -115,870,000  80,338,106 -24,132,720
2026-06-26  6.35  6.57  5.63  5.68         -11.94%        0.811         5.69%  6.736  8.741 11.497 12.207        -0.2422        死叉延续 27.63        -45,340,000     -57,950,000 109,406,306 -75,690,952
2026-07-03  5.90  6.45  5.85  6.35          11.80%        0.682         4.13%  6.607  8.513 11.395 12.149        -0.1811        死叉延续 32.95         -8,260,780     -63,730,000  47,039,950 -86,143,216
2026-07-10  6.35  7.35  6.22  6.98           9.92%        1.094         6.94%  6.732  8.367 11.308 12.097        -0.0253        死叉延续 37.60        187,755,180      98,646,310  20,786,986 -38,529,954
2026-07-17  6.98  7.14  6.37  6.70          -4.01%        1.196         8.41%  6.721  8.208 11.217 12.044         0.0657          金叉 36.39        107,068,350     -19,328,910  47,980,656 -31,646,520
2026-07-24  6.75  7.47  6.75  6.99           4.33%        0.788         5.02%  6.811  8.092 11.133 11.993         0.1839        金叉延续 38.59         60,295,570       4,086,530  60,303,664  -7,655,214
2026-07-31  7.20  8.64  7.05  8.33          19.17%        1.124         7.69%  7.317  8.115 11.078 11.957         0.4465        金叉延续 47.60        -11,913,450     148,015,850  66,988,974  33,537,956
2026-08-07  8.46  9.05  8.14  8.54           2.52%        0.987         6.71%  7.725  8.155 11.027 11.923         0.6406        金叉延续 48.86        109,509,400     111,729,050  90,543,010  68,629,766
2026-08-14  8.54  9.34  7.70  7.85          -8.08%        1.094         7.82%  7.766  8.126 10.964 11.882         0.6653        金叉延续 45.01        117,261,905      48,030,615  76,444,355  58,506,627
2026-08-21  7.80  8.38  7.46  8.25           5.10%        0.950         6.61%  7.928  8.138 10.911 11.846         0.7201        金叉延续 47.59         31,329,330     -56,565,865  61,296,551  51,059,236
2026-08-28  8.18  9.48  7.98  8.95           8.48%        1.181         9.03%  8.268  8.215 10.872 11.817         0.8276        金叉延续 51.85        159,029,255      58,259,705  83,573,957 -29,166,779

--------------------------------------------------------------------------------

处理 中软国际 (00354) ...

问题: 对中软国际 (00354)进行周度走势复盘分析，复盘区间：2026年02月06日 – 2026年08月28日（共30周）
      date open high  low close week_change_pct volume_ratio turnover_rate  ema5 ema20 ema100 ema200 macd_histogram macd_status rsi14 institutional_flow individual_flow    inst_5ma     ind_5ma
2026-02-06 4.97 4.97 4.39  4.47         -10.42%        1.465         7.11% 4.930 5.255  5.327  5.520        -0.1508        死叉延续 34.05        -51,470,000      59,222,080 -17,677,696  11,725,384
2026-02-13 4.53 4.63 4.37  4.49           0.45%        0.700         2.94% 4.783 5.182  5.311  5.510        -0.1819        死叉延续 34.55         -7,649,900       1,401,160 -19,333,676   9,997,600
2026-02-20 4.49 4.50 4.31  4.34          -3.34%        0.244         0.75% 4.635 5.102  5.291  5.498        -0.2088        死叉延续 32.56          4,180,000      -2,577,000 -25,111,676   5,884,200
2026-02-27 4.36 4.47 4.09  4.22          -2.76%        1.381         5.23% 4.497 5.018  5.270  5.486        -0.2274        死叉延续 31.02        -20,827,760     -11,395,340 -23,585,116   4,317,132
2026-03-06 4.15 4.15 3.68  3.92          -7.11%        1.352         6.19% 4.305 4.914  5.243  5.470        -0.2622        死叉延续 27.52         -1,133,420     -27,894,360 -15,380,216   3,751,308
2026-03-13 3.74 4.00 3.71  3.77          -3.83%        0.850         3.64% 4.126 4.805  5.214  5.453        -0.2857        死叉延续 25.94         -5,499,140      -6,136,140  -6,186,044  -9,320,336
2026-03-20 3.80 3.89 3.64  3.66          -2.92%        0.895         3.62% 3.971 4.696  5.183  5.435        -0.2950        死叉延续 24.82        -26,000,000     -11,318,180  -9,856,064 -11,864,204
2026-03-27 3.64 3.64 3.19  3.38          -7.65%        1.364         6.75% 3.774 4.570  5.148  5.415        -0.3161        死叉延续 22.19         43,980,000      -8,264,700  -1,896,064 -13,001,744
2026-04-03 3.30 3.42 3.19  3.42           1.18%        0.842         3.87% 3.656 4.461  5.114  5.395        -0.3018        死叉延续 23.44         21,217,780      -1,208,140   5,849,804   7,184,324
2026-04-10 3.46 3.61 3.42  3.45           0.88%        0.695         2.77% 3.587 4.365  5.081  5.376        -0.2666        死叉延续 24.42         10,170,000      -2,568,200   8,773,728  -5,899,072
2026-04-17 3.45 3.67 3.39  3.65           5.80%        0.987         3.90% 3.608 4.296  5.052  5.358        -0.1980        死叉延续 30.78         31,663,720       9,793,460  16,206,300  -2,713,152
2026-04-24 3.66 3.69 3.43  3.51          -3.84%        0.777         2.77% 3.575 4.222  5.022  5.340        -0.1549        死叉延续 28.94         10,991,880         480,000  23,604,676    -353,516
2026-05-01 3.51 3.54 3.35  3.39          -3.42%        0.610         1.82% 3.514 4.142  4.989  5.321        -0.1272        死叉延续 27.43         -5,302,500      12,276,600   6,877,304  12,694,348
2026-05-08 3.45 3.59 3.25  3.51           3.54%        1.275         4.40% 3.512 4.082  4.960  5.303        -0.0796        死叉延续 31.29         13,739,980      46,540,140  12,252,616  13,304,400
2026-05-15 3.51 3.51 3.09  3.13         -10.83%        1.113         4.08% 3.385 3.991  4.924  5.281        -0.0857        死叉延续 26.49        -44,193,520      -9,670,000   1,379,912  11,884,040
2026-05-22 3.10 3.31 3.05  3.28           4.79%        1.075         4.10% 3.350 3.924  4.891  5.261        -0.0573        死叉延续 30.99         -9,799,600       8,490,000  -6,912,752  11,623,348
2026-05-29 3.29 3.83 3.19  3.65          11.28%        1.568         8.33% 3.450 3.898  4.867  5.245         0.0194          金叉 40.66        139,870,000         550,000  18,862,872  11,637,348
2026-06-05 3.72 4.90 3.71  4.24          16.16%        1.970        20.36% 3.713 3.930  4.854  5.235         0.1505        金叉延续 52.16        283,970,000     -33,740,000  76,717,372   2,434,028
2026-06-12 4.05 4.22 3.60  3.63         -14.39%        0.885         8.65% 3.686 3.902  4.830  5.219         0.1552        金叉延续 42.90       -122,270,000     -24,321,100  49,515,376 -11,738,220
2026-06-19 3.65 3.72 3.22  3.24         -10.74%        0.612         5.00% 3.537 3.839  4.799  5.199         0.1082        金叉延续 38.23        -87,050,000      -2,256,100 -19,874,696    -250,872
2026-06-26 3.27 3.27 2.90  2.92          -9.88%        0.642         4.46% 3.331 3.751  4.761  5.177         0.0400        金叉延续 34.87        -39,502,240      34,070,000  35,003,552  -5,139,440
2026-07-03 2.99 3.12 2.89  3.08           5.48%        0.526         2.95% 3.248 3.687  4.728  5.156         0.0232        金叉延续 37.81        -16,545,560      12,713,760   3,720,440  -2,706,688
2026-07-10 3.09 3.30 2.94  3.16           2.60%        0.782         3.96% 3.218 3.637  4.697  5.136         0.0292        金叉延续 39.29        -18,355,480      10,880,000 -56,744,656   6,217,312
2026-07-17 3.19 3.19 2.91  2.96          -6.33%        0.838         3.92% 3.132 3.573  4.663  5.114         0.0135        金叉延续 36.93        -21,887,620      -8,320,600 -36,668,180   9,417,412
2026-07-24 2.99 4.07 2.99  3.26          10.14%        2.288        30.07% 3.175 3.543  4.635  5.096         0.0487        金叉延续 42.51        -17,563,320      20,868,040 -22,770,844  14,042,240
2026-07-31 3.28 4.04 3.25  3.93          20.55%        1.068        14.54% 3.427 3.580  4.621  5.084         0.1611        金叉延续 52.59        105,674,700      52,364,440   6,264,544  17,701,128
2026-08-07 3.99 4.09 3.61  3.62          -7.89%        0.744         8.98% 3.491 3.583  4.601  5.070         0.1905        金叉延续 48.36        -38,538,100    -110,009,330   1,866,036  -6,843,490
2026-08-14 3.61 3.66 3.42  3.48          -3.87%        0.495         4.76% 3.487 3.574  4.579  5.054         0.1877        金叉延续 46.54        -46,879,330     -54,183,440  -3,838,734 -19,856,178
2026-08-21 3.50 3.78 3.33  3.73           7.18%        0.933         8.69% 3.568 3.589  4.562  5.041         0.2141        金叉延续 50.15         39,691,800      28,466,980   8,477,150 -12,498,662
2026-08-28 3.76 3.98 3.68  3.90           4.56%        0.760         6.33% 3.679 3.618  4.549  5.029         0.2469        金叉延续 52.50          6,164,850     -15,034,770 -12,430,742  -2,403,826

--------------------------------------------------------------------------------

处理 南方恒生科技 (03033) ...

问题: 对南方恒生科技 (03033)进行周度走势复盘分析，复盘区间：2026年02月06日 – 2026年08月28日（共30周）
      date open high  low close week_change_pct volume_ratio turnover_rate  ema5 ema20 ema100 ema200 macd_histogram macd_status rsi14 institutional_flow individual_flow      inst_5ma      ind_5ma
2026-02-06 5.53 5.53 5.15  5.23          -6.61%        1.246        68.27% 5.482 5.559  5.011  4.998        -0.0876        死叉延续 42.71      1,260,130,000    -947,590,000   580,972,000 -262,143,986
2026-02-13 5.34 5.40 5.20  5.24           0.19%        0.782        37.50% 5.401 5.529  5.016  5.000        -0.1089        死叉延续 42.98      1,046,740,000     418,760,000   551,420,000 -112,354,000
2026-02-20 5.23 5.26 5.10  5.11          -2.48%        0.377        13.76% 5.304 5.489  5.017  5.001        -0.1338        死叉延续 40.31        270,180,000     -10,730,000   462,616,000  -95,618,000
2026-02-27 5.16 5.30 4.99  5.03          -1.57%        1.229        49.50% 5.213 5.445  5.018  5.001        -0.1528        死叉延续 38.72      2,193,760,000      24,620,000   926,418,000 -104,408,000
2026-03-06 4.95 4.97 4.64  4.84          -3.78%        1.811       113.98% 5.088 5.387  5.014  5.000        -0.1809        死叉延续 35.16      3,807,580,000   1,231,490,000 1,715,678,000  143,310,000
2026-03-13 4.65 5.01 4.63  4.87           0.62%        0.921        54.35% 5.016 5.338  5.011  4.998        -0.1847        死叉延续 36.16        676,130,000  -1,124,670,000 1,598,878,000  107,894,000
2026-03-20 4.89 5.12 4.73  4.77          -2.05%        0.902        48.90% 4.934 5.284  5.007  4.996        -0.1893        死叉延续 34.27        844,530,000  -1,308,480,000 1,558,436,000 -237,554,000
2026-03-27 4.68 4.84 4.56  4.68          -1.89%        1.100        59.89% 4.849 5.226  5.000  4.993        -0.1924        死叉延续 32.61       -735,270,000  -2,361,400,000 1,357,346,000 -707,688,000
2026-04-03 4.55 4.68 4.51  4.57          -2.35%        0.647        30.63% 4.756 5.164  4.992  4.989        -0.1965        死叉延续 30.66      1,176,710,000     694,160,000   510,008,752  159,664,000
2026-04-10 4.74 4.83 4.71  4.76           4.16%        0.746        31.87% 4.757 5.125  4.987  4.987        -0.1623        死叉延续 37.60        296,200,000     325,200,000   451,660,000 -755,038,000
2026-04-17 4.72 4.99 4.69  4.94           3.78%        1.054        46.85% 4.818 5.108  4.986  4.986        -0.1068        死叉延续 43.37         85,300,000     409,700,000   333,494,000 -448,164,000
2026-04-24 4.95 5.00 4.67  4.80          -2.83%        0.866        36.00% 4.812 5.079  4.982  4.984        -0.0814        死叉延续 40.25       -123,300,000     202,090,000   139,928,000 -146,050,000
2026-05-01 4.81 4.87 4.71  4.78          -0.42%        0.762        27.78% 4.801 5.050  4.978  4.982        -0.0608        死叉延续 39.81      1,303,334,400     375,060,000   748,365,632  241,042,000
2026-05-08 4.84 5.03 4.75  5.00           4.60%        0.915        32.20% 4.868 5.045  4.979  4.982        -0.0134        死叉延续 46.72         10,110,000     415,040,000   314,328,880  345,418,000
2026-05-15 4.96 5.14 4.81  4.83          -3.40%        1.226        49.20% 4.855 5.025  4.976  4.981        -0.0015        死叉延续 42.65       -230,630,000  -1,426,080,000   208,962,880   -4,838,000
2026-05-22 4.79 4.83 4.66  4.76          -1.45%        1.129        47.45% 4.823 5.000  4.972  4.979         0.0003          金叉 41.06        337,010,000     801,050,000   259,304,880   73,432,000
2026-05-29 4.82 4.90 4.71  4.78           0.42%        1.189        56.83% 4.809 4.979  4.968  4.977         0.0071        金叉延续 41.73        955,740,000   2,027,860,000   475,112,880  438,586,000
2026-06-05 4.79 5.10 4.77  4.79           0.21%        1.352        82.26% 4.803 4.961  4.964  4.975         0.0155        金叉延续 42.08        558,850,000     531,850,000   326,216,000  469,944,000
2026-06-12 4.70 4.73 4.50  4.61          -3.76%        1.424       110.55% 4.738 4.927  4.957  4.971         0.0001        金叉延续 37.66        977,470,000    -524,870,000   519,688,000  281,962,000
2026-06-19 4.68 4.70 4.48  4.51          -2.17%        0.651        44.87% 4.662 4.888  4.948  4.967        -0.0192          死叉 35.43        -14,771,330    -405,580,000   582,945,366   14,242,000
2026-06-26 4.51 4.51 4.15  4.18          -7.32%        1.207        92.95% 4.502 4.820  4.933  4.959        -0.0692        死叉延续 29.27        629,350,000     754,280,000   621,327,734  476,708,000
2026-07-03 4.23 4.50 4.23  4.42           5.74%        0.979        77.25% 4.474 4.782  4.923  4.953        -0.0629        死叉延续 37.74          5,750,000     336,120,000   431,329,734  138,360,000
2026-07-10 4.43 4.77 4.37  4.63           4.75%        1.141        99.53% 4.526 4.768  4.917  4.950        -0.0254        死叉延续 44.06        168,660,000     641,570,000   353,291,734  160,304,000
2026-07-17 4.63 4.81 4.48  4.53          -2.16%        1.142       108.93% 4.527 4.745  4.910  4.946        -0.0098        死叉延续 41.88      2,353,509,664   1,023,457,249   628,499,667  469,969,450
2026-07-24 4.61 4.75 4.50  4.54           0.22%        1.219       130.39% 4.532 4.725  4.902  4.942         0.0054          金叉 42.19      3,514,442,095   1,140,288,409 1,334,342,352  779,143,132
2026-07-31 4.55 4.82 4.53  4.73           4.19%        1.047       113.87% 4.598 4.726  4.899  4.940         0.0424        金叉延续 47.84      2,726,814,116     533,584,043 1,753,835,175  735,003,940
2026-08-07 4.76 4.85 4.69  4.77           0.85%        0.901        95.97% 4.655 4.730  4.896  4.938         0.0720        金叉延续 48.97      2,707,041,576     468,178,761 2,294,093,490  761,415,692
2026-08-14 4.80 4.84 4.61  4.62          -3.14%        0.882        90.21% 4.643 4.720  4.891  4.935         0.0709        金叉延续 45.03      1,719,603,416   1,468,638,458 2,604,282,173  926,829,384
2026-08-21 4.67 4.73 4.57  4.67           1.08%        0.863        83.90% 4.652 4.715  4.886  4.932         0.0760        金叉延续 46.57      1,125,943,730     656,213,246 2,358,768,987  853,380,583
2026-08-28 4.61 4.61 4.46  4.52          -3.21%        0.808        71.46% 4.608 4.696  4.879  4.928         0.0590        金叉延续 42.70      2,015,508,484     655,342,021   909,914,311  280,564,404

--------------------------------------------------------------------------------

处理 腾讯控股 (00700) ...

问题: 对腾讯控股 (00700)进行周度走势复盘分析，复盘区间：2026年02月06日 – 2026年08月28日（共30周）
      date   open   high    low  close week_change_pct volume_ratio turnover_rate    ema5   ema20  ema100  ema200 macd_histogram macd_status rsi14 institutional_flow individual_flow       inst_5ma       ind_5ma
2026-02-06 592.70 599.20 535.70 542.20          -9.74%        1.716         2.94% 582.291 596.100 493.747 436.115       -21.6887        死叉延续 39.44       -186,780,000   7,563,770,000    700,894,000 1,982,664,000
2026-02-13 544.70 560.70 519.70 526.70          -2.86%        0.955         1.61% 563.761 589.490 494.400 437.016       -26.9627        死叉延续 36.87        222,880,000   1,784,880,000    781,718,000 2,430,674,000
2026-02-20 524.70 529.70 512.70 516.70          -1.90%        0.256         0.31% 548.074 582.558 494.842 437.809       -30.3773        死叉延续 35.27        379,980,000     207,950,000    872,188,000 2,682,450,000
2026-02-27 523.70 537.70 505.20 512.70          -0.77%        1.152         1.52% 536.283 575.905 495.195 438.554       -31.6124        死叉延续 34.63       -481,420,000   1,439,640,000    477,972,000 3,286,024,000
2026-03-06 506.20 520.20 493.50 513.70           0.20%        1.129         1.59% 528.755 569.981 495.562 439.302       -30.7066        死叉延续 34.95       -841,110,000   4,172,760,000   -181,290,000 3,033,800,000
2026-03-13 497.20 572.70 497.20 542.20           5.55%        1.208         1.91% 533.237 567.335 496.485 440.326       -24.9263        死叉延续 43.46     -3,187,200,000   6,206,150,000   -781,374,000 2,762,276,000
2026-03-20 545.70 560.70 499.70 502.70          -7.29%        1.041         1.67% 523.058 561.179 496.608 440.947       -25.0162        死叉延续 36.36     -3,259,230,000   2,883,180,000 -1,477,796,000 2,981,936,000
2026-03-27 492.50 516.20 482.30 488.10          -2.90%        0.991         1.58% 511.405 554.219 496.440 441.416       -25.5455        死叉延续 34.14       -985,750,000     627,560,000 -1,750,942,000 3,065,858,000
2026-04-03 479.70 498.70 470.70 483.90          -0.86%        0.721         1.01% 502.237 547.522 496.191 441.839       -24.9370        死叉延续 33.50        885,730,000   1,539,390,000    295,806,000   234,760,000
2026-04-10 499.20 509.20 495.70 499.20           3.16%        0.673         0.82% 501.225 542.920 496.251 442.409       -21.1014        死叉延续 38.02       -259,790,000   3,018,710,000 -1,361,248,000 2,854,998,000
2026-04-17 493.10 511.70 480.90 505.20           1.20%        0.907         1.04% 502.550 539.328 496.428 443.034       -16.5831        死叉延续 39.75      1,346,100,000     416,890,000   -454,588,000 1,697,146,000
2026-04-24 504.20 521.20 481.70 488.10          -3.38%        0.977         1.11% 497.733 534.449 496.263 443.482       -14.7844        死叉延续 36.61      1,049,180,000    -998,980,000    407,094,000   920,714,000
2026-05-01 484.70 485.70 457.90 462.50          -5.24%        1.145         1.40% 485.989 527.597 495.595 443.672       -15.8358        死叉延续 32.49     -1,782,000,000  -1,399,550,000    -96,330,000  -193,304,000
2026-05-08 464.50 475.70 454.90 466.10           0.78%        1.188         1.62% 479.359 521.740 495.011 443.895       -14.8553        死叉延续 33.62      3,463,790,000      43,780,000    763,456,000   216,170,000
2026-05-15 459.70 474.30 448.70 456.40          -2.08%        1.143         1.67% 471.706 515.517 494.246 444.019       -14.3165        死叉延续 32.06       -280,420,000     909,610,000    759,330,000  -205,650,000
2026-05-22 455.00 468.80 438.40 441.40          -3.29%        1.059         1.59% 461.604 508.458 493.200 443.993       -14.7265        死叉延续 29.76     -1,139,400,000  -1,541,170,000    262,230,000  -597,262,000
2026-05-29 438.00 442.60 420.40 427.20          -3.22%        1.048         1.62% 450.136 500.719 491.893 443.826       -15.5740        死叉延续 27.73      4,346,660,000  -2,594,670,000    921,726,000  -916,400,000
2026-06-05 432.40 484.80 430.00 453.20           6.09%        1.400         2.72% 451.157 496.194 491.126 443.919       -11.4850        死叉延续 36.29      1,950,980,000   4,587,930,000  1,668,322,000   281,096,000
2026-06-12 447.80 475.60 443.20 463.60           2.29%        0.908         1.67% 455.305 493.089 490.581 444.115        -6.4811        死叉延续 39.39     -1,769,970,000   1,385,580,000    621,570,000   549,456,000
2026-06-19 475.00 476.80 435.60 440.20          -5.05%        0.638         1.01% 450.270 488.052 489.584 444.076        -5.4654        死叉延续 35.24       -593,150,000  -3,505,250,000    -30,812,000  -844,710,000
2026-06-26 439.00 439.80 411.00 411.80          -6.45%        1.145         1.94% 437.447 480.790 488.043 443.755        -7.6283        死叉延续 30.98       -653,660,000  -2,784,960,000    656,172,000  -582,274,000
2026-07-03 417.00 447.00 415.00 431.20           4.71%        0.928         1.51% 435.364 476.067 486.918 443.630        -5.5519        死叉延续 36.62        587,270,000   1,802,100,000    -95,706,000   297,080,000
2026-07-10 432.80 485.00 425.40 460.20           6.73%        1.328         2.60% 443.643 474.556 486.389 443.795         0.3109          金叉 43.99      3,470,230,000   1,760,100,000    208,144,000  -268,486,000
2026-07-17 463.20 494.80 447.40 461.60           0.30%        0.942         1.79% 449.629 473.322 485.898 443.972         4.7160        金叉延续 44.33      2,353,401,380   3,614,759,660  1,032,818,276   177,349,932
2026-07-24 465.60 482.60 432.00 434.60          -5.85%        0.967         1.81% 444.619 469.634 484.882 443.879         4.3410        金叉延续 39.41     -1,896,129,040  -1,853,806,240    772,222,468   507,638,684
2026-07-31 438.80 479.80 435.40 475.20           9.34%        0.838         1.45% 454.813 470.164 484.690 444.191         9.6078        金叉延续 48.64      3,498,909,580   3,279,872,980  1,602,736,384 1,720,605,280
2026-08-07 482.00 497.80 475.40 478.80           0.76%        0.865         1.40% 462.808 470.987 484.574 444.535        13.3903        金叉延续 49.37      1,825,090,760  -1,308,961,120  1,850,300,536 1,098,393,056
2026-08-14 479.00 483.80 436.00 440.00          -8.10%        1.055         1.76% 455.206 468.036 483.691 444.490        10.6019        金叉延续 42.33     -1,916,013,540   1,058,113,300    773,051,828   957,995,716
2026-08-21 444.80 457.40 437.60 457.00           3.86%        0.771         1.16% 455.804 466.985 483.163 444.614        10.9391        金叉延续 45.97        -16,533,540   1,017,805,460    299,064,844   438,604,876
2026-08-28 450.00 462.20 438.00 455.20          -0.39%        0.784         1.05% 455.603 465.862 482.609 444.720        10.7932        金叉延续 45.64      1,631,503,720     776,787,820    116,532,744  -821,804,436

--------------------------------------------------------------------------------

处理 众安在线 (06060) ...

问题: 对众安在线 (06060)进行周度走势复盘分析，复盘区间：2026年02月06日 – 2026年08月28日（共30周）
      date  open  high   low close week_change_pct volume_ratio turnover_rate   ema5  ema20 ema100 ema200 macd_histogram macd_status rsi14 institutional_flow individual_flow   inst_5ma     ind_5ma
2026-02-06 16.60 16.60 15.41 15.46          -7.09%        0.947         3.04% 16.276 16.440 16.329 19.512        -0.0688          死叉 44.46          2,520,000       3,129,110 13,357,764    -821,854
2026-02-13 15.70 16.80 15.63 16.12           4.27%        0.933         2.90% 16.224 16.409 16.325 19.479        -0.0752        死叉延续 48.39          7,428,580        -711,760 -4,134,520 -15,687,204
2026-02-20 16.18 16.41 15.78 15.91          -1.30%        0.161         0.36% 16.119 16.362 16.317 19.443        -0.1010        死叉延续 47.25          3,720,000       1,698,190 -1,365,078     184,434
2026-02-27 15.98 16.94 15.15 15.33          -3.65%        1.359         3.63% 15.856 16.263 16.297 19.402        -0.1848        死叉延续 44.13        -33,830,000      -2,251,530 -7,656,854   5,014,128
2026-03-06 15.00 15.00 13.53 14.23          -7.18%        1.265         3.88% 15.314 16.070 16.256 19.351        -0.3664        死叉延续 38.90          4,459,970     -10,282,100 -3,140,290  -1,683,618
2026-03-13 13.66 14.60 13.63 14.03          -1.41%        0.844         2.41% 14.886 15.876 16.212 19.298        -0.4841        死叉延续 38.01         -6,847,330     -25,859,650 -5,013,756  -7,481,370
2026-03-20 14.13 15.47 13.54 13.70          -2.35%        1.371         4.81% 14.491 15.668 16.162 19.242        -0.5710        死叉延续 36.54         55,983,760      75,211,340  4,697,280   7,703,250
2026-03-27 13.30 13.68 12.89 13.28          -3.07%        0.899         3.00% 14.087 15.441 16.105 19.183        -0.6443        死叉延续 34.70         -4,556,950     -49,230,000  3,041,890  -2,482,388
2026-04-03 13.19 13.19 12.60 12.77          -3.84%        0.847         2.63% 13.648 15.187 16.039 19.119        -0.7153        死叉延续 32.55          9,358,890     -18,002,380  5,563,692   1,984,448
2026-04-10 13.14 13.96 12.84 13.60           6.50%        1.106         3.63% 13.632 15.035 15.991 19.064        -0.6084        死叉延续 39.15          3,829,050      44,980,000 11,553,484   5,419,862
2026-04-17 13.00 13.23 12.52 12.61          -7.28%        1.087         3.73% 13.291 14.804 15.924 19.000        -0.6265        死叉延续 34.78         -8,068,140     -35,282,770 11,309,322   3,535,238
2026-04-24 12.67 13.05 12.06 12.19          -3.33%        0.784         2.42% 12.924 14.555 15.850 18.932        -0.6478        死叉延续 33.09         17,337,080      -7,098,050  3,579,986 -12,926,640
2026-05-01 12.19 12.27 11.72 11.73          -3.77%        0.577         1.47% 12.526 14.286 15.768 18.860        -0.6737        死叉延续 31.30         -1,934,070     -26,803,210  5,759,414  -2,804,502
2026-05-08 11.74 12.27 11.57 12.22           4.18%        0.969         2.42% 12.424 14.090 15.698 18.794        -0.5783        死叉延续 35.32         46,175,260      -1,986,850 11,467,836  -5,238,176
2026-05-15 12.22 12.22 11.02 11.22          -8.18%        1.143         3.09% 12.023 13.816 15.609 18.719        -0.6007        死叉延续 31.29        -18,450,000     -95,450,000  7,012,026 -33,324,176
2026-05-22 11.30 11.30 10.52 10.63          -5.26%        0.877         2.24% 11.558 13.513 15.511 18.639        -0.6421        死叉延续 29.18          3,864,720     -37,037,590  9,398,598 -33,675,140
2026-05-29 10.63 10.86 10.28 10.80           1.60%        1.045         2.73% 11.306 13.254 15.418 18.561        -0.5948        死叉延续 30.63         12,691,750     -23,780,000  8,469,532 -37,011,530
2026-06-05 10.80 11.02 10.29 10.32          -4.44%        0.911         2.27% 10.977 12.975 15.317 18.479        -0.5759        死叉延续 28.84         10,291,350     -40,911,280 10,914,616 -39,833,144
2026-06-12 10.15 10.89 10.06 10.67           3.39%        1.393         4.32% 10.875 12.755 15.225 18.401        -0.4686        死叉延续 31.97         25,856,790      -4,180,000  6,850,922 -40,271,774
2026-06-19 10.88 11.68 10.09 10.15          -4.87%        1.235         4.34% 10.633 12.507 15.124 18.319        -0.4215        死叉延续 29.87          4,160,000      31,940,000 10,249,626   1,839,440
2026-06-26 10.15 10.36  9.01  9.08         -10.54%        0.967         3.34% 10.115 12.181 15.004 18.227        -0.4838        死叉延续 26.06         46,799,640     -48,900,000 19,959,906 -17,166,256
2026-07-03  9.14  9.62  8.83  9.58           5.51%        0.705         2.13%  9.937 11.933 14.897 18.141        -0.4100        死叉延续 30.52         11,839,680     -29,202,020 19,789,492 -18,250,660
2026-07-10  9.69 10.10  9.46  9.97           4.07%        0.955         2.80%  9.948 11.746 14.799 18.059        -0.2677        死叉延续 33.86          5,878,670      56,700,000 18,906,956   1,271,596
2026-07-17  9.97 10.63  9.25 10.14           1.71%        1.402         5.17% 10.012 11.593 14.707 17.981        -0.1176        死叉延续 35.32         65,742,963      32,234,622 26,884,191   8,554,520
2026-07-24 10.11 11.05 10.11 10.64           4.93%        0.581         1.77% 10.221 11.502 14.627 17.908         0.0720          金叉 39.56         -4,689,077      15,373,827 25,114,375   5,241,286
2026-07-31 10.75 11.30 10.49 11.09           4.23%        0.790         2.18% 10.511 11.463 14.557 17.840         0.2699        金叉延续 43.16         -2,069,814     -32,607,705 15,340,484   8,499,745
2026-08-07 11.00 11.66 10.92 11.11           0.18%        0.738         1.79% 10.711 11.430 14.488 17.773         0.4072        金叉延续 43.32         15,376,812      -3,557,023 16,047,911  13,628,744
2026-08-14 11.11 11.24 10.41 10.54          -5.13%        0.626         1.28% 10.654 11.345 14.410 17.701         0.4229        金叉延续 39.84         -6,206,547     -23,670,912 13,630,867  -2,445,438
2026-08-21 10.50 10.75  9.97 10.52          -0.19%        1.118         2.44% 10.609 11.266 14.333 17.629         0.4309        金叉延续 39.72         60,922,726       2,040,724 12,666,820  -8,484,218
2026-08-28 10.50 12.38 10.38 11.74          11.60%        1.870         7.24% 10.986 11.311 14.282 17.571         0.5909        金叉延续 49.72         96,409,748     -28,002,368 32,032,914  -2,827,876

--------------------------------------------------------------------------------

处理 美兰空港 (00357) ...

问题: 对美兰空港 (00357)进行周度走势复盘分析，复盘区间：2026年02月06日 – 2026年08月28日（共30周）
      date  open  high  low close week_change_pct volume_ratio turnover_rate   ema5  ema20 ema100 ema200 macd_histogram macd_status rsi14 institutional_flow individual_flow    inst_5ma    ind_5ma
2026-02-06 10.37 10.37 9.74  9.99          -3.66%        0.668         2.38% 10.355 10.480 10.275 11.836        -0.1458        死叉延续 37.94         10,359,830       9,961,630 -17,617,076  2,555,326
2026-02-13  9.99 10.17 9.20  9.29          -7.01%        0.676         2.07% 10.000 10.366 10.256 11.810        -0.2713        死叉延续 27.48           -175,000       8,587,270  -2,882,022  5,640,762
2026-02-20  9.29  9.44 8.88  9.02          -2.91%        0.248         0.56%  9.673 10.238 10.231 11.782        -0.3716        死叉延续 24.66            443,270       1,854,010    -476,598  5,413,436
2026-02-27  9.05  9.20 8.56  8.70          -3.55%        0.851         1.76%  9.349 10.092 10.201 11.752        -0.4562        死叉延续 21.80          1,971,520      -2,172,260    -954,746  4,519,414
2026-03-06  8.60  8.60 7.48  8.00          -8.05%        1.098         2.38%  8.899  9.892 10.158 11.714        -0.5740        死叉延续 17.12          3,081,370        -978,440   3,136,198  3,450,442
2026-03-13  7.89  8.08 7.50  7.99          -0.12%        0.742         1.43%  8.596  9.711 10.115 11.677        -0.6171        死叉延续 17.07          6,978,780       3,940,890   2,459,988  2,246,294
2026-03-20  7.99  8.05 7.06  7.15         -10.51%        0.814         1.44%  8.114  9.467 10.056 11.632        -0.7157        死叉延续 13.15          4,247,430         256,460   3,344,474    580,132
2026-03-27  7.02  7.22 6.71  6.72          -6.01%        0.937         1.60%  7.649  9.206  9.990 11.583        -0.7899        死叉延续 11.68          2,326,470      -3,452,140   3,721,114   -481,098
2026-04-03  6.66  6.69 6.05  6.32          -5.95%        0.934         1.55%  7.206  8.931  9.917 11.531        -0.8393        死叉延续 10.50           -761,120        -661,360 -13,046,494 -5,357,402
2026-04-10  6.32  6.67 6.22  6.58           4.11%        0.661         0.93%  6.998  8.707  9.851 11.482        -0.7844        死叉延续 16.41            791,580         161,100   2,716,628     48,990
2026-04-17  6.50  6.60 6.15  6.27          -4.71%        1.107         1.66%  6.755  8.475  9.780 11.430        -0.7380        死叉延续 15.13          2,361,460         945,710   1,793,164   -550,046
2026-04-24  6.27  6.35 5.93  6.06          -3.35%        0.833         1.15%  6.523  8.245  9.707 11.377        -0.6848        死叉延续 14.31            116,340        -910,200     966,946   -783,378
2026-05-01  6.10  6.59 6.07  6.13           1.16%        0.737         0.89%  6.392  8.043  9.636 11.324        -0.5930        死叉延续 15.94            706,470        -179,640 -12,737,732 -5,625,666
2026-05-08  6.13  6.41 5.99  6.03          -1.63%        1.044         1.30%  6.271  7.852  9.564 11.272        -0.5021        死叉延续 15.49          2,989,170       1,506,250   1,393,004    304,644
2026-05-15  6.03  6.04 5.65  5.80          -3.81%        0.878         1.03%  6.114  7.656  9.490 11.217        -0.4319        死叉延续 14.47             62,640      -1,117,080   1,247,216     49,008
2026-05-22  5.80  5.82 5.41  5.47          -5.69%        0.882         0.97%  5.900  7.448  9.410 11.160        -0.3902        死叉延续 13.13          1,070,400      -2,421,260     989,004   -624,386
2026-05-29  5.47  5.47 4.71  4.71         -13.89%        1.857         3.60%  5.503  7.187  9.317 11.096        -0.4226        死叉延续 10.69            565,360      -5,447,480   1,078,808 -1,531,842
2026-06-05  4.73  5.00 4.58  4.71           0.00%        0.871         1.58%  5.239  6.951  9.226 11.032        -0.4017        死叉延续 10.69          2,719,910         789,230   1,481,496 -1,338,068
2026-06-12  4.71  4.80 4.32  4.58          -2.76%        1.077         2.04%  5.019  6.726  9.134 10.968        -0.3642        死叉延续 10.31            342,240        -349,390     952,110 -1,709,196
2026-06-19  4.48  4.86 4.48  4.62           0.87%        0.692         1.14%  4.886  6.525  9.044 10.905        -0.2957        死叉延续 11.36            622,000      -1,087,160  -7,342,636 -6,189,598
2026-06-26  4.49  4.55 4.03  4.10         -11.26%        1.060         1.79%  4.624  6.294  8.947 10.837        -0.2822        死叉延续  9.76         -1,125,930      -3,044,710     624,716 -1,827,902
2026-07-03  4.02  4.42 3.94  4.38           6.83%        0.760         1.15%  4.543  6.112  8.856 10.773        -0.2011        死叉延续 16.55            213,420         198,540     554,328   -698,698
2026-07-10  4.41  4.60 4.02  4.16          -5.02%        0.525         0.64%  4.415  5.926  8.763 10.707        -0.1452        死叉延续 15.56            280,770        -164,010      66,500   -889,346
2026-07-17  4.16  4.39 4.00  4.26           2.40%        1.231         1.70%  4.363  5.767  8.674 10.643        -0.0669        死叉延续 17.97          6,900,110         479,100   1,378,074   -723,648
2026-07-24  4.26  4.64 4.18  4.52           6.10%        0.641         0.73%  4.416  5.648  8.592 10.582         0.0418          金叉 24.02          1,579,710         330,140   1,569,616   -440,188
2026-07-31  4.56  5.78 4.56  5.43          20.13%        1.166         1.50%  4.754  5.628  8.529 10.531         0.2469        金叉延续 40.57          1,351,670       4,152,250   2,065,136    999,204
2026-08-07  5.43  5.80 5.42  5.70           4.97%        0.809         0.94%  5.069  5.635  8.473 10.483         0.4194        金叉延续 44.43            728,325       4,935,280   2,168,117  1,946,552
2026-08-14  5.68  5.68 5.40  5.54          -2.81%        0.530         0.50%  5.226  5.626  8.415 10.434         0.5065        金叉延续 42.66            359,100       3,116,915   2,183,783  2,602,737
2026-08-21  5.53  5.68 5.46  5.62           1.44%        0.621         0.49%  5.357  5.625  8.360 10.386         0.5650        金叉延续 43.87                  0       2,320,805     803,761  2,971,078
2026-08-28  5.60  5.78 5.04  5.19          -7.65%        0.608         0.41%  5.302  5.584  8.297 10.334         0.5362        金叉延续 39.11            392,625       1,221,495   2,217,889    898,701

--------------------------------------------------------------------------------

处理 中生制药 (01177) ...

问题: 对中生制药 (01177)进行周度走势复盘分析，复盘区间：2026年02月06日 – 2026年08月28日（共30周）
      date open high  low close week_change_pct volume_ratio turnover_rate  ema5 ema20 ema100 ema200 macd_histogram macd_status rsi14 institutional_flow individual_flow    inst_5ma      ind_5ma
2026-02-06 6.59 6.59 6.10  6.43          -2.43%        1.012         1.83% 6.570 6.737  5.183  4.734        -0.2863        死叉延续 46.90         41,148,020     103,450,000 -45,003,048   99,448,728
2026-02-13 6.47 6.92 6.38  6.47           0.62%        0.739         1.19% 6.536 6.711  5.209  4.751        -0.2636        死叉延续 47.53         40,260,000      37,450,000 -20,109,048   83,506,728
2026-02-20 6.48 6.65 6.37  6.60           2.01%        0.138         0.15% 6.558 6.701  5.236  4.770        -0.2217        死叉延续 49.60           -900,000       7,927,260 -17,329,516   69,567,452
2026-02-27 6.61 6.82 5.88  6.00          -9.09%        1.423         2.02% 6.372 6.634  5.251  4.782        -0.2626        死叉延续 41.45         55,590,000      50,060,000  17,066,484   68,395,452
2026-03-06 5.92 6.11 5.53  6.08           1.33%        1.332         2.26% 6.275 6.581  5.268  4.795        -0.2660        死叉延续 42.80         51,250,000     137,220,000  37,469,604   67,221,452
2026-03-13 5.85 6.26 5.77  5.90          -2.96%        0.970         1.62% 6.150 6.516  5.280  4.806        -0.2783        死叉延续 40.54        -75,218,690      22,250,000  14,196,262   50,981,452
2026-03-20 5.91 6.25 5.83  5.93           0.51%        0.848         1.32% 6.076 6.460  5.293  4.817        -0.2680        死叉延续 41.10         12,750,000      62,350,000   8,694,262   55,961,452
2026-03-27 5.82 5.99 5.37  5.84          -1.52%        1.090         1.77% 5.998 6.401  5.304  4.827        -0.2588        死叉延续 39.88        127,167,560      95,350,000  34,307,774   73,446,000
2026-04-03 5.74 6.40 5.61  6.28           7.53%        1.379         2.77% 6.092 6.390  5.323  4.842        -0.1826        死叉延续 47.96        276,780,000     398,426,810  88,867,798  119,485,362
2026-04-10 6.51 6.53 5.84  5.87          -6.53%        0.824         1.53% 6.018 6.340  5.334  4.852        -0.1764        死叉延续 42.26         29,520,000       3,620,000  74,199,774  116,399,362
2026-04-17 5.85 6.16 5.61  5.95           1.36%        1.114         2.19% 5.995 6.303  5.346  4.863        -0.1515        死叉延续 43.67        161,070,000     203,820,000 121,457,512  152,713,362
2026-04-24 5.95 6.00 5.42  5.63          -5.38%        0.957         1.85% 5.873 6.239  5.352  4.870        -0.1669        死叉延续 39.52         26,499,500     269,410,000 124,207,412  194,125,362
2026-05-01 5.63 5.65 5.34  5.37          -4.62%        0.832         1.47% 5.706 6.156  5.352  4.875        -0.1987        死叉延续 36.49        153,590,000    -135,144,320 120,623,594   96,578,498
2026-05-08 5.37 5.46 5.27  5.38           0.19%        0.851         1.40% 5.597 6.082  5.353  4.880        -0.2041        死叉延续 36.69         91,944,010      31,650,000  92,524,702   74,671,136
2026-05-15 5.38 5.78 5.29  5.34          -0.74%        1.238         2.32% 5.511 6.012  5.353  4.885        -0.1988        死叉延续 36.20        145,160,000     248,490,000 115,652,702  123,645,136
2026-05-22 5.30 5.38 5.08  5.17          -3.18%        0.949         1.74% 5.398 5.931  5.349  4.888        -0.2030        死叉延续 34.10          2,290,000    -126,212,760  83,896,702   57,638,584
2026-05-29 5.17 5.17 4.72  4.94          -4.45%        1.182         2.38% 5.245 5.837  5.341  4.888        -0.2203        死叉延续 31.44        168,214,310    -411,420,000 112,239,664  -78,527,416
2026-06-05 5.06 5.12 4.55  4.61          -6.68%        1.114         2.36% 5.033 5.720  5.326  4.886        -0.2570        死叉延续 28.06         88,030,000    -211,250,000  99,127,664  -93,748,552
2026-06-12 4.52 4.71 4.34  4.65           0.87%        1.101         2.46% 4.906 5.618  5.313  4.883        -0.2562        死叉延续 29.05        160,080,000       5,630,000 112,754,862  -98,952,552
2026-06-19 4.75 4.84 4.45  4.53          -2.58%        0.844         1.77% 4.780 5.515  5.297  4.880        -0.2519        死叉延续 27.81         65,270,000      -3,990,130 113,791,594   50,436,472
2026-06-26 4.53 4.59 4.19  4.26          -5.96%        1.152         2.60% 4.607 5.395  5.277  4.873        -0.2640        死叉延续 25.19         46,231,680       1,120,000 105,565,198 -123,982,026
2026-07-03 4.26 4.89 4.19  4.74          11.27%        1.074         2.52% 4.651 5.333  5.266  4.872        -0.1895        死叉延续 36.60         59,890,000     365,500,000  83,900,336   31,401,974
2026-07-10 4.80 5.35 4.70  5.19           9.49%        1.478         4.54% 4.831 5.319  5.265  4.875        -0.0680        死叉延续 45.06         72,000,000     530,090,000  80,694,336  179,669,974
2026-07-17 5.20 5.47 4.86  4.98          -4.05%        1.169         3.93% 4.881 5.287  5.259  4.876        -0.0076        死叉延续 42.23         64,962,780     327,264,670  61,670,892  243,996,908
2026-07-24 5.05 5.36 4.98  5.15           3.41%        0.751         2.25% 4.970 5.274  5.257  4.879         0.0600          金叉 45.23         99,296,040     238,629,570  68,476,100  292,520,848
2026-07-31 5.17 5.28 4.94  5.03          -2.33%        0.635         1.60% 4.990 5.251  5.252  4.881         0.0913        金叉延续 43.51        -47,125,600     -33,459,420  49,804,644  285,604,964
2026-08-07 5.06 5.12 4.82  5.10           1.39%        0.763         1.72% 5.027 5.236  5.249  4.883         0.1223        金叉延续 44.83         57,516,085     -34,533,330  49,329,861  205,598,298
2026-08-14 5.20 5.30 4.75  4.78          -6.27%        0.851         1.78% 4.945 5.193  5.240  4.882         0.1015        金叉延续 40.21         52,821,570     -42,552,770  45,494,175   91,069,744
2026-08-21 4.78 5.80 4.73  5.60          17.15%        1.374         3.56% 5.163 5.232  5.247  4.889         0.1945        金叉延续 53.44        147,013,530      92,839,185  61,904,325   44,184,647
2026-08-28 5.60 5.92 5.48  5.60           0.00%        0.990         2.54% 5.309 5.267  5.254  4.896         0.2489        金叉延续 53.44        -60,185,395     -11,991,405  94,526,921   34,572,191

--------------------------------------------------------------------------------

处理 石药集团 (01093) ...

问题: 对石药集团 (01093)进行周度走势复盘分析，复盘区间：2026年02月06日 – 2026年08月28日（共30周）
      date  open  high  low close week_change_pct volume_ratio turnover_rate  ema5 ema20 ema100 ema200 macd_histogram macd_status rsi14 institutional_flow individual_flow    inst_5ma      ind_5ma
2026-02-06  9.55  9.95 8.97  9.51           0.63%        1.019         6.47% 9.323 8.676  7.142  6.795         0.2438        金叉延续 59.21        -72,490,000      41,240,000 120,097,672  395,042,000
2026-02-13  9.55 10.55 9.55  9.96           4.73%        0.713         3.94% 9.536 8.799  7.198  6.827         0.2866        金叉延续 62.29        278,860,000     480,900,000 135,259,672  309,582,000
2026-02-20 10.04 10.42 9.82 10.37           4.12%        0.157         0.61% 9.814 8.948  7.261  6.862         0.3455        金叉延续 64.89        -27,500,000     142,020,000 125,837,672  263,902,000
2026-02-27 10.45 10.74 9.31  9.75          -5.98%        0.981         3.79% 9.792 9.025  7.310  6.891         0.2792        金叉延续 58.34         29,050,000     -27,100,000 109,899,672  277,900,000
2026-03-06  9.53  9.58 8.68  9.22          -5.44%        0.919         3.41% 9.602 9.043  7.348  6.914         0.1487        金叉延续 53.38         85,720,000    -299,562,820  58,728,000   67,499,436
2026-03-13  9.12  9.33 8.30  8.44          -8.46%        1.087         4.21% 9.214 8.986  7.369  6.929        -0.0475          死叉 47.04         34,670,000    -272,960,000  80,160,000    4,659,436
2026-03-20  8.49  9.28 8.45  8.65           2.49%        0.868         3.16% 9.026 8.954  7.395  6.946        -0.1481        死叉延续 48.80        196,364,620    -129,308,220  63,660,924 -117,382,208
2026-03-27  8.49  9.18 7.84  9.14           5.66%        1.414         6.50% 9.064 8.972  7.429  6.968        -0.1474        死叉延续 52.75        251,852,780    -103,230,000 119,531,480 -166,432,208
2026-04-03  8.91  9.73 8.82  9.56           4.60%        0.862         3.71% 9.229 9.028  7.472  6.994        -0.0918        死叉延续 55.90        197,187,400     589,080,000 128,723,480  296,023,948
2026-04-10  9.73  9.79 8.96  9.11          -4.71%        0.526         1.82% 9.190 9.035  7.504  7.015        -0.1156        死叉延续 51.91        -10,457,080      90,060,000 133,923,544   34,728,356
2026-04-17  9.05  9.40 8.66  8.81          -3.29%        0.952         3.23% 9.063 9.014  7.530  7.033        -0.1685        死叉延续 49.38        -22,260,000     352,260,000 122,537,544  159,772,356
2026-04-24  8.90  8.93 8.53  8.83           0.23%        0.991         3.36% 8.985 8.996  7.556  7.051        -0.1957        死叉延续 49.56         -6,920,000      65,330,000  81,880,620  198,700,000
2026-05-01  8.85  8.92 8.05  8.26          -6.46%        0.918         2.98% 8.744 8.926  7.570  7.063        -0.2801        死叉延续 44.77         49,750,000    -240,330,000 140,877,480  239,569,948
2026-05-08  8.32  8.43 7.93  8.05          -2.54%        0.854         2.57% 8.512 8.843  7.579  7.073        -0.3494        死叉延续 43.12        106,930,000    -309,754,760  23,408,584   -8,486,952
2026-05-15  7.96  8.14 7.49  7.63          -5.22%        1.137         3.69% 8.218 8.727  7.580  7.078        -0.4317        死叉延续 39.95         22,929,660    -207,810,000  30,085,932  -68,060,952
2026-05-22  7.63  7.72 7.13  7.54          -1.18%        0.996         3.23% 7.992 8.614  7.579  7.083        -0.4746        死叉延续 39.28        100,188,700    -363,890,840  54,575,672 -211,291,120
2026-05-29  7.62  7.62 6.49  7.35          -2.52%        1.475         6.27% 7.778 8.494  7.575  7.085        -0.5022        死叉延续 37.84        136,220,000    -155,810,000  83,203,672 -255,519,120
2026-06-05  7.53  7.73 6.97  7.09          -3.54%        1.120         5.06% 7.549 8.360  7.565  7.085        -0.5267        死叉延续 35.90       -148,690,000     -74,150,000  43,515,672 -222,283,120
2026-06-12  6.91  7.21 6.77  7.09           0.00%        0.942         4.15% 7.396 8.239  7.556  7.085        -0.5135        死叉延续 35.90       -109,230,000     359,020,000     283,672  -88,528,168
2026-06-19  7.18  7.42 6.60  6.74          -4.94%        0.609         2.24% 7.177 8.096  7.540  7.082        -0.5209        死叉延续 33.25         33,290,000    -112,130,000 133,303,480  141,314,000
2026-06-26  6.74  6.93 6.38  6.69          -0.74%        0.984         3.58% 7.015 7.962  7.523  7.078        -0.5013        死叉延续 32.87        229,120,000     185,541,160  28,142,000   40,494,232
2026-07-03  6.75  8.08 6.65  8.00          19.58%        1.297         5.54% 7.343 7.966  7.532  7.087        -0.2912        死叉延续 49.05        177,580,000     640,740,000  36,414,000  199,804,232
2026-07-10  8.01  8.58 7.64  8.11           1.37%        1.150         5.33% 7.599 7.980  7.544  7.097        -0.1250        死叉延续 50.14        193,490,000     280,230,000 104,850,000  270,680,232
2026-07-17  8.11  8.72 7.90  8.10          -0.12%        1.151         5.77% 7.766 7.991  7.555  7.107        -0.0103        死叉延续 50.03        184,338,320     858,065,680 163,563,664  370,489,368
2026-07-24  8.18  8.86 8.12  8.55           5.56%        0.734         3.25% 8.027 8.044  7.574  7.122         0.1250          金叉 54.62        123,049,840     416,746,640 181,515,632  476,264,696
2026-07-31  8.42  8.82 8.28  8.58           0.35%        0.811         3.27% 8.211 8.095  7.594  7.136         0.2122        金叉延续 54.91        108,581,680      93,361,020 157,407,968  457,828,668
2026-08-07  8.52  8.76 8.21  8.69           1.28%        0.755         2.72% 8.371 8.152  7.616  7.152         0.2744        金叉延续 56.05         86,164,800     137,170,670 139,124,928  357,114,802
2026-08-14  8.94  9.22 8.52  8.69           0.00%        0.899         3.08% 8.477 8.203  7.637  7.167         0.3030        金叉延续 56.05         61,056,140      78,060,410 112,638,156  316,680,884
2026-08-21  8.78 10.17 8.61  9.19           5.75%        1.474         6.62% 8.715 8.297  7.668  7.187         0.3722        金叉延续 61.20        499,181,710    -329,912,340 175,606,834   79,085,280
2026-08-28  9.50  9.98 9.16  9.53           3.70%        1.163         5.69% 8.987 8.415  7.705  7.211         0.4419        金叉延续 64.27        -95,211,370    -399,632,870  74,933,206   28,953,426

--------------------------------------------------------------------------------

处理 协鑫科技 (03800) ...

问题: 对协鑫科技 (03800)进行周度走势复盘分析，复盘区间：2026年02月06日 – 2026年08月28日（共30周）
      date open high  low close week_change_pct volume_ratio turnover_rate  ema5 ema20 ema100 ema200 macd_histogram macd_status rsi14 institutional_flow individual_flow    inst_5ma     ind_5ma
2026-02-06 1.07 1.19 1.03  1.11           2.78%        1.275         8.02% 1.106 1.151  1.220  1.310        -0.0322        死叉延续 47.16         21,274,770     288,889,590  36,070,954  87,719,136
2026-02-13 1.17 1.22 1.16  1.20           8.11%        1.109         7.38% 1.138 1.156  1.220  1.309        -0.0142        死叉延续 52.45        207,300,000      76,630,000  71,466,954 101,283,136
2026-02-20 1.20 1.22 1.17  1.21           0.83%        0.116         0.53% 1.162 1.161  1.220  1.308        -0.0008        死叉延续 53.01         -5,520,000       8,890,000  56,250,954 123,889,918
2026-02-27 1.22 1.28 1.18  1.20          -0.83%        1.035         4.86% 1.175 1.165  1.219  1.307         0.0066          金叉 52.35        -31,555,970      36,058,630  14,679,760 101,173,644
2026-03-06 1.17 1.20 1.03  1.08         -10.00%        1.122         5.62% 1.143 1.157  1.217  1.305        -0.0043          死叉 45.02       -107,720,000     -64,590,000  16,755,760  69,175,644
2026-03-13 1.06 1.16 1.02  1.07          -0.93%        1.090         5.72% 1.119 1.148  1.214  1.302        -0.0120        死叉延续 44.46         50,918,910      -8,385,620  22,684,588   9,720,602
2026-03-20 1.07 1.08 0.95  0.99          -7.48%        1.044         5.58% 1.076 1.133  1.209  1.299        -0.0262        死叉延续 40.17       -190,820,000      96,858,930 -56,939,412  13,766,388
2026-03-27 0.96 0.97 0.88  0.90          -9.09%        1.022         5.53% 1.017 1.111  1.203  1.295        -0.0450        死叉延续 35.97        -92,605,470      19,410,000 -74,356,506  15,870,388
2026-04-03 0.89 0.94 0.84  0.94           4.44%        0.750         3.62% 0.991 1.095  1.198  1.292        -0.0489        死叉延续 39.02         44,310,000      32,260,000  40,393,722  -2,718,564
2026-04-10 0.97 1.01 0.96  0.98           4.26%        0.537         2.10% 0.988 1.084  1.194  1.289        -0.0432        死叉延续 42.00         13,085,370      44,630,000 -35,022,238  36,954,662
2026-04-17 0.98 1.02 0.94  0.97          -1.02%        1.140         4.80% 0.982 1.073  1.189  1.286        -0.0381        死叉延续 41.46        -60,622,780      51,610,000 -57,330,576  48,953,786
2026-04-24 0.97 1.03 0.96  1.00           3.09%        0.839         3.27% 0.988 1.066  1.185  1.283        -0.0284        死叉延续 43.82         86,200,000      -3,180,000  -1,926,576  28,946,000
2026-05-01 0.99 1.00 0.89  0.90         -10.00%        0.903         3.35% 0.959 1.050  1.180  1.279        -0.0329        死叉延续 38.28        -68,820,000    -188,420,000  26,547,722 -46,545,526
2026-05-08 0.91 0.94 0.87  0.91           1.11%        0.929         3.34% 0.942 1.037  1.174  1.275        -0.0319        死叉延续 39.11         19,588,650      -5,715,930  -2,113,752 -20,215,186
2026-05-15 0.92 0.93 0.87  0.89          -2.20%        0.912         3.13% 0.925 1.023  1.169  1.271        -0.0313        死叉延续 38.01        -31,390,000      -5,575,950 -11,008,826 -30,256,376
2026-05-22 0.89 0.90 0.80  0.82          -7.87%        1.024         3.57% 0.890 1.004  1.162  1.267        -0.0373        死叉延续 34.37        -72,626,090     -93,910,000 -13,409,488 -59,360,376
2026-05-29 0.82 0.85 0.79  0.83           1.22%        0.789         2.48% 0.870 0.987  1.155  1.263        -0.0368        死叉延续 35.32         25,574,600      -5,550,000 -25,534,568 -59,834,376
2026-06-05 0.83 0.84 0.72  0.73         -12.05%        1.243         4.45% 0.823 0.963  1.147  1.257        -0.0462        死叉延续 30.55        -47,610,000    -140,920,000 -21,292,568 -50,334,376
2026-06-12 0.71 0.79 0.68  0.73           0.00%        1.296         5.47% 0.792 0.940  1.139  1.252        -0.0484        死叉延续 30.55         99,012,420     126,750,000  -5,407,814 -23,841,190
2026-06-19 0.75 0.78 0.68  0.70          -4.11%        0.790         3.02% 0.761 0.918  1.130  1.246        -0.0498        死叉延续 29.18        -14,050,000        -130,000  12,867,722 -36,739,526
2026-06-26 0.70 0.73 0.65  0.68          -2.86%        1.344         6.25% 0.734 0.895  1.121  1.241        -0.0492        死叉延续 28.26        233,612,310         299,900  59,307,866  -3,910,020
2026-07-03 0.68 0.72 0.66  0.68           0.00%        0.740         3.08% 0.716 0.874  1.112  1.235        -0.0447        死叉延续 28.26         16,620,000     -35,880,000  57,516,946  -9,976,020
2026-07-10 0.68 0.68 0.61  0.64          -5.88%        0.947         3.86% 0.691 0.852  1.103  1.229        -0.0429        死叉延续 26.35         28,330,000      12,539,720  72,704,946  20,715,924
2026-07-17 0.64 0.64 0.58  0.60          -6.25%        1.065         4.50% 0.661 0.828  1.093  1.223        -0.0430        死叉延续 24.57         24,332,940       5,868,200  57,769,050  -3,460,436
2026-07-24 0.60 0.64 0.55  0.60           0.00%        0.951         3.92% 0.640 0.806  1.083  1.217        -0.0389        死叉延续 24.57         66,521,120      66,232,360  73,883,274   9,812,036
2026-07-31 0.60 0.63 0.59  0.61           1.67%        0.684         2.43% 0.630 0.788  1.074  1.211        -0.0311        死叉延续 26.02         24,894,890      53,389,990  32,139,790  20,430,054
2026-08-07 0.62 0.74 0.62  0.73          19.67%        1.371         6.00% 0.663 0.782  1.067  1.206        -0.0072        死叉延续 40.78        137,143,445     116,314,110  56,244,479  50,868,876
2026-08-14 0.73 0.76 0.70  0.72          -1.37%        0.992         4.31% 0.682 0.776  1.060  1.201         0.0088          金叉 40.07         15,265,975     -12,685,350  53,631,674  45,823,862
2026-08-21 0.74 0.76 0.70  0.72           0.00%        0.854         3.46% 0.695 0.771  1.053  1.196         0.0205        金叉延续 40.07         61,986,550      56,156,680  61,162,396  55,881,558
2026-08-28 0.72 0.80 0.69  0.79           9.72%        1.084         4.59% 0.727 0.773  1.048  1.192         0.0376        金叉延续 47.56        127,287,305     118,977,350  36,757,183  -6,644,530

--------------------------------------------------------------------------------

处理 商汤科技 (00020) ...

问题: 对商汤科技 (00020)进行周度走势复盘分析，复盘区间：2026年02月06日 – 2026年08月28日（共30周）
      date open high  low close week_change_pct volume_ratio turnover_rate  ema5 ema20 ema100 ema200 macd_histogram macd_status rsi14 institutional_flow individual_flow    inst_5ma      ind_5ma
2026-02-06 2.47 2.47 2.27  2.34          -5.26%        0.955         6.09% 2.386 2.253  1.917  2.333        -0.0039          死叉 54.65          2,643,390    -113,670,000 -21,493,246   55,948,628
2026-02-13 2.39 2.74 2.36  2.64          12.82%        1.189         8.39% 2.471 2.290  1.931  2.336         0.0234          金叉 61.78        558,660,000     788,140,000  57,604,754   68,532,628
2026-02-20 2.64 2.71 2.55  2.69           1.89%        0.252         1.29% 2.544 2.328  1.946  2.339         0.0434        金叉延续 62.83        -31,630,200      38,990,000  76,511,002   76,270,628
2026-02-27 2.72 2.80 2.43  2.56          -4.83%        1.767        14.72% 2.549 2.350  1.958  2.341         0.0347        金叉延续 58.35         66,760,000     995,230,000  82,513,002  298,698,628
2026-03-06 2.47 2.47 2.17  2.25         -12.11%        1.055         9.03% 2.450 2.340  1.964  2.341        -0.0146          死叉 49.31          4,250,000     530,940,000 120,136,638  447,926,000
2026-03-13 2.18 2.37 1.96  2.04          -9.33%        1.024         8.87% 2.313 2.312  1.965  2.338        -0.0740        死叉延续 44.31        191,460,000     564,690,000 157,899,960  583,598,000
2026-03-20 2.05 2.14 1.98  2.00          -1.96%        0.741         5.69% 2.209 2.282  1.966  2.334        -0.1147        死叉延续 43.40         74,030,000     231,530,000  60,973,960  472,276,000
2026-03-27 1.97 2.02 1.82  1.86          -7.00%        0.909         6.66% 2.092 2.242  1.964  2.329        -0.1541        死叉延续 40.30       -141,804,540     391,110,000  38,939,092  542,700,000
2026-04-03 1.81 1.92 1.80  1.85          -0.54%        0.574         3.47% 2.012 2.205  1.962  2.325        -0.1736        死叉延续 40.08         45,565,490      35,100,000 125,280,522  276,066,000
2026-04-10 1.93 2.08 1.92  2.01           8.65%        0.652         3.35% 2.011 2.186  1.963  2.322        -0.1576        死叉延续 45.24         65,950,000     124,330,000  47,040,190  269,352,000
2026-04-17 2.00 2.10 1.96  2.01           0.00%        0.803         3.76% 2.011 2.169  1.964  2.318        -0.1402        死叉延续 45.24        104,662,470     235,120,000  29,680,684  203,438,000
2026-04-24 2.01 2.08 1.95  2.03           1.00%        0.841         3.61% 2.017 2.156  1.965  2.316        -0.1200        死叉延续 45.91        205,457,990     134,990,000  55,966,282  184,130,000
2026-05-01 2.03 2.06 1.93  1.98          -2.46%        0.847         3.27% 2.005 2.139  1.965  2.312        -0.1077        死叉延续 44.44         52,485,870     187,800,000  89,015,696  282,698,000
2026-05-08 2.01 2.10 1.96  2.06           4.04%        0.905         3.35% 2.023 2.132  1.967  2.310        -0.0842        死叉延续 47.35        223,717,960    -119,552,760 130,454,858  112,537,448
2026-05-15 2.06 2.09 1.85  1.86          -9.71%        1.142         4.54% 1.969 2.106  1.965  2.305        -0.0904        死叉延续 41.50       -216,260,000     -50,690,000  74,012,858   77,533,448
2026-05-22 1.85 1.88 1.74  1.77          -4.84%        0.935         3.59% 1.903 2.074  1.961  2.300        -0.1008        死叉延续 39.15        -42,020,000    -357,790,000  44,676,364  -41,048,552
2026-05-29 1.77 1.81 1.62  1.66          -6.21%        1.186         5.02% 1.822 2.034  1.955  2.294        -0.1154        死叉延续 36.44        -35,576,100    -362,690,000  -3,530,454 -140,584,552
2026-06-05 1.66 1.84 1.63  1.66           0.00%        1.239         5.96% 1.768 1.999  1.949  2.287        -0.1177        死叉延续 36.44       -132,440,000    -233,660,000 -40,515,628 -224,876,552
2026-06-12 1.60 1.61 1.40  1.48         -10.84%        1.265         7.02% 1.672 1.949  1.940  2.279        -0.1349        死叉延续 32.21         17,100,000    -740,010,000 -81,839,220 -348,968,000
2026-06-19 1.51 1.54 1.44  1.48           0.00%        0.826         4.21% 1.608 1.905  1.931  2.271        -0.1372        死叉延续 32.21        -92,180,000    -110,750,000  22,468,272  178,648,000
2026-06-26 1.48 1.48 1.27  1.28         -13.51%        1.010         5.18% 1.499 1.845  1.918  2.261        -0.1552        死叉延续 28.01         20,500,000    -277,553,720 -44,519,220 -344,932,744
2026-07-03 1.30 1.39 1.29  1.38           7.81%        0.808         3.78% 1.459 1.801  1.907  2.253        -0.1435        死叉延续 32.73        -12,950,000    -195,150,000 -39,994,000 -311,424,744
2026-07-10 1.38 1.47 1.23  1.41           2.17%        1.207         6.30% 1.443 1.764  1.898  2.244        -0.1225        死叉延续 34.12         24,790,950     168,038,250  -8,547,810 -231,085,094
2026-07-17 1.41 1.43 1.25  1.29          -8.51%        1.094         5.99% 1.392 1.719  1.886  2.235        -0.1155        死叉延续 31.33       -150,300,040      89,700,100 -42,027,818  -65,143,074
2026-07-24 1.33 1.42 1.31  1.32           2.33%        0.880         4.54% 1.368 1.681  1.874  2.226        -0.0983        死叉延续 32.81         44,216,950      53,878,030 -14,748,428  -32,217,468
2026-07-31 1.32 1.51 1.31  1.45           9.85%        1.103         6.00% 1.395 1.659  1.866  2.218        -0.0626        死叉延续 38.96        326,079,230     101,013,630  46,367,418   43,496,002
2026-08-07 1.46 1.62 1.42  1.46           0.69%        1.048         5.85% 1.417 1.640  1.858  2.210        -0.0323        死叉延续 39.42        -21,364,155     417,316,965  44,684,587  165,989,395
2026-08-14 1.46 1.50 1.40  1.40          -4.11%        0.683         3.30% 1.411 1.617  1.849  2.202        -0.0160        死叉延续 37.59         30,250,545     -32,443,850  45,776,506  125,892,975
2026-08-21 1.50 1.59 1.42  1.52           8.57%        1.466         9.20% 1.447 1.608  1.842  2.196         0.0139          金叉 43.26       -106,232,290     481,150,365  54,590,056  204,183,028
2026-08-28 1.52 1.55 1.42  1.48          -2.63%        1.329         9.99% 1.458 1.595  1.835  2.188         0.0301        金叉延续 41.89        -15,901,680     992,147,900  28,395,936  357,637,580

--------------------------------------------------------------------------------

处理 国泰海通 (02611) ...

问题: 对国泰海通 (02611)进行周度走势复盘分析，复盘区间：2026年02月06日 – 2026年08月28日（共30周）
      date  open  high   low close week_change_pct volume_ratio turnover_rate   ema5  ema20 ema100 ema200 macd_histogram macd_status rsi14 institutional_flow individual_flow    inst_5ma     ind_5ma
2026-02-06 16.14 17.48 16.00 17.01           4.87%        1.087         2.00% 16.554 15.871 12.259 10.603        -0.0979        死叉延续 59.69         82,450,000      89,680,000  34,914,138  26,654,208
2026-02-13 17.07 17.80 16.99 17.15           0.82%        0.637         0.99% 16.753 15.993 12.356 10.668        -0.0489        死叉延续 60.40        -11,105,940      15,491,240  13,932,950  22,759,122
2026-02-20 17.38 17.44 16.70 17.21           0.35%        0.084         0.09% 16.905 16.108 12.452 10.733        -0.0217        死叉延续 60.72         -1,804,880      -7,283,710  22,896,260  26,651,990
2026-02-27 17.18 17.68 15.32 15.54          -9.70%        1.343         1.73% 16.450 16.054 12.513 10.781        -0.2304        死叉延续 48.96        -32,780,000     -94,540,440  11,033,836   3,811,946
2026-03-06 15.35 15.38 14.16 14.62          -5.92%        1.041         1.38% 15.840 15.918 12.555 10.819        -0.4798        死叉延续 43.92         -1,580,000      40,996,680   7,035,836   8,868,754
2026-03-13 14.40 14.55 13.57 13.70          -6.29%        1.459         2.49% 15.127 15.707 12.577 10.848        -0.7405        死叉延续 39.53          3,945,670     -93,824,930  -8,665,030 -27,832,232
2026-03-20 13.65 14.58 13.55 13.87           1.24%        0.789         1.21% 14.708 15.532 12.603 10.878        -0.8538        死叉延续 40.71          8,263,560      20,852,110  -4,791,130 -26,760,058
2026-03-27 13.70 13.80 13.00 13.22          -4.69%        1.060         1.69% 14.212 15.311 12.615 10.901        -0.9716        死叉延续 37.68        -11,400,000     -66,000,000  -6,710,154 -38,503,316
2026-04-03 13.15 13.40 12.81 13.25           0.23%        0.752         1.06% 13.891 15.115 12.628 10.925        -0.9969        死叉延续 37.91         11,235,250     -36,980,000 -17,096,208   4,327,490
2026-04-10 13.45 14.34 13.28 13.88           4.75%        0.827         1.08% 13.887 14.998 12.653 10.954        -0.8841        死叉延续 42.68         50,991,160     -10,100,000  12,607,128 -37,210,564
2026-04-17 13.88 14.58 13.68 14.13           1.80%        0.808         0.94% 13.968 14.915 12.682 10.986        -0.7371        死叉延续 44.50         36,410,780      48,850,000  19,100,150  -8,675,578
2026-04-24 14.34 14.37 13.08 13.29          -5.94%        0.986         1.15% 13.742 14.760 12.694 11.008        -0.7139        死叉延续 39.91         27,213,980     -34,712,940  22,890,234 -19,788,588
2026-05-01 13.15 13.44 12.80 13.01          -2.11%        1.092         1.34% 13.498 14.593 12.700 11.028        -0.6963        死叉延续 38.49        -13,440,000       6,503,500 -18,946,838   6,151,764
2026-05-08 13.01 13.74 12.91 13.45           3.38%        0.745         0.82% 13.482 14.485 12.715 11.052        -0.5898        死叉延续 41.99         -7,637,670       6,230,080  18,707,650   3,354,128
2026-05-15 13.44 13.82 13.05 13.31          -1.04%        1.302         1.68% 13.425 14.373 12.727 11.075        -0.5057        死叉延续 41.19        -69,237,650     -45,530,610  -5,338,112  -3,731,994
2026-05-22 13.31 13.85 13.05 13.08          -1.73%        1.027         1.34% 13.310 14.250 12.734 11.095        -0.4504        死叉延续 39.84        -26,410,000     -13,286,490 -17,902,268 -16,159,292
2026-05-29 13.09 13.53 12.73 13.06          -0.15%        1.331         2.09% 13.227 14.136 12.740 11.114        -0.3883        死叉延续 39.72           -294,300     -84,945,630 -23,403,924 -26,205,830
2026-06-05 13.15 14.63 12.76 13.84           5.97%        1.287         2.35% 13.431 14.108 12.762 11.142        -0.2222        死叉延续 46.58         53,140,000     163,067,390 -10,087,924   5,106,948
2026-06-12 13.84 14.88 13.66 14.61           5.56%        1.112         2.16% 13.824 14.156 12.799 11.176        -0.0003        死叉延续 52.35         59,796,660      73,460,000   3,398,942  18,552,932
2026-06-19 14.90 15.41 14.54 14.69           0.55%        0.886         1.62% 14.113 14.207 12.836 11.211         0.1568          金叉 52.92         82,660,000     -26,240,000   6,500,002  -9,374,236
2026-06-26 14.52 15.76 14.05 14.31          -2.59%        1.303         2.81% 14.178 14.217 12.865 11.242         0.2061        金叉延续 49.87         60,770,000     151,980,000  51,214,472  55,464,352
2026-07-03 14.22 15.39 14.21 15.25           6.57%        0.757         1.46% 14.536 14.315 12.912 11.282         0.3531        金叉延续 56.54         33,254,180      34,668,900  57,924,168  79,387,258
2026-07-10 16.21 16.30 14.58 14.64          -4.00%        1.058         2.10% 14.570 14.346 12.947 11.315         0.3550        金叉延续 51.73         36,390,000      17,290,970  54,574,168  50,231,974
2026-07-17 14.74 15.30 14.15 14.87           1.57%        0.931         1.79% 14.670 14.396 12.985 11.351         0.3724        金叉延续 53.34         33,145,848      56,492,298  49,244,006  46,838,434
2026-07-24 15.03 15.50 14.70 15.24           2.49%        0.875         1.58% 14.860 14.476 13.029 11.389         0.4155        金叉延续 55.89         61,133,766     126,968,152  44,938,759  77,480,064
2026-07-31 15.30 15.43 14.73 14.93          -2.03%        0.625         0.95% 14.883 14.519 13.067 11.424         0.3847        金叉延续 53.26        -11,126,186     -10,575,406  30,559,522  44,968,983
2026-08-07 14.91 14.93 14.17 14.42          -3.42%        0.940         1.39% 14.729 14.510 13.094 11.454         0.2829        金叉延续 49.17         27,789,776    -108,075,382  29,466,641  16,420,126
2026-08-14 14.43 14.69 14.06 14.24          -1.25%        0.844         1.16% 14.566 14.484 13.117 11.482         0.1833        金叉延续 47.78         37,182,120     -44,427,566  29,625,065   4,076,419
2026-08-21 14.29 15.09 14.23 15.03           5.55%        0.895         1.16% 14.721 14.536 13.154 11.517         0.2138        金叉延续 53.95         37,424,990        -679,514  30,480,893  -7,357,943
2026-08-28 15.05 15.96 14.92 15.69           4.39%        1.389         2.25% 15.044 14.646 13.205 11.559         0.3071        金叉延续 58.38        -26,804,576     -90,883,656  10,393,087 -25,094,967

--------------------------------------------------------------------------------

处理 京能清洁能源 (00579) ...
  跳过 00579（数据加载失败）

处理 港股万物云 (02602) ...

问题: 对港股万物云 (02602)进行周度走势复盘分析，复盘区间：2026年02月06日 – 2026年08月28日（共30周）
      date  open  high   low close week_change_pct volume_ratio turnover_rate   ema5  ema20 ema100 ema200 macd_histogram macd_status rsi14 institutional_flow individual_flow   inst_5ma     ind_5ma
2026-02-06 18.74 19.03 18.28 18.85          -0.63%        0.762         0.53% 18.798 19.764 20.771 24.022        -0.3923        死叉延续 41.02         -2,400,308      12,626,374  2,624,944  10,330,193
2026-02-13 18.85 19.05 18.47 18.79          -0.32%        0.662         0.38% 18.796 19.672 20.732 23.970        -0.2858        死叉延续 40.63            -59,020       3,788,301  3,297,702   9,972,933
2026-02-20 18.79 18.98 18.55 18.60          -1.01%        0.098         0.04% 18.730 19.569 20.690 23.916        -0.2180        死叉延续 39.38           -242,928        -235,490  3,241,544  10,506,170
2026-02-27 18.60 19.03 18.38 18.43          -0.91%        1.049         0.43% 18.630 19.461 20.645 23.862        -0.1750        死叉延续 38.24          1,100,859      -2,000,696  2,814,973   8,421,302
2026-03-06 18.43 18.70 17.91 18.70           1.47%        1.121         0.50% 18.653 19.388 20.607 23.810        -0.0932        死叉延续 41.15         -3,100,117       6,043,142   -940,303   4,044,326
2026-03-13 18.47 19.15 18.37 18.66          -0.21%        1.047         0.48% 18.656 19.319 20.568 23.759        -0.0307        死叉延续 40.84         -2,218,758      -8,241,134   -903,993    -129,175
2026-03-20 18.66 18.80 16.52 16.94          -9.22%        1.988         1.77% 18.084 19.093 20.496 23.691        -0.1980        死叉延续 30.36          1,605,691      14,142,418   -571,051   1,941,648
2026-03-27 16.83 16.83 15.21 15.58          -8.03%        1.193         1.18% 17.249 18.758 20.399 23.611        -0.4541        死叉延续 24.91         11,009,991       9,106,625  1,679,533   3,810,071
2026-04-03 15.58 16.03 15.39 16.00           2.70%        0.518         0.41% 16.833 18.495 20.312 23.535        -0.5242        死叉延续 29.14         -3,396,063       6,084,789 -3,468,620  -1,175,124
2026-04-10 16.04 16.41 16.03 16.23           1.44%        0.331         0.20% 16.632 18.280 20.231 23.462        -0.4972        死叉延续 31.42          2,259,959       1,164,950  1,852,164   4,451,530
2026-04-17 16.25 16.92 15.90 16.82           3.64%        0.918         0.52% 16.695 18.141 20.163 23.396        -0.3636        死叉延续 37.01          6,808,865       9,292,550  3,657,689   7,958,266
2026-04-24 16.62 16.90 16.24 16.24          -3.45%        1.524         1.18% 16.543 17.960 20.086 23.325        -0.3187        死叉延续 34.07         -7,984,855      17,106,073  1,739,579   8,550,997
2026-05-01 16.76 16.76 15.96 16.26           0.12%        1.064         0.85% 16.449 17.798 20.010 23.255        -0.2544        死叉延续 34.26          5,255,305      23,496,484   -560,645   7,048,746
2026-05-08 16.97 17.56 15.96 17.51           7.69%        0.603         0.40% 16.802 17.770 19.960 23.197        -0.0238        死叉延续 45.13          1,459,490      11,041,190  1,559,753  12,420,249
2026-05-15 17.48 18.42 17.31 17.99           2.74%        0.978         0.64% 17.198 17.791 19.921 23.146         0.2007          金叉 48.64          7,385,451      11,587,469  2,584,851  14,504,753
2026-05-22 18.39 18.39 16.32 16.37          -9.01%        0.817         0.49% 16.922 17.656 19.851 23.078         0.1412        金叉延续 39.46          1,707,204      -2,685,031  1,564,519  12,109,237
2026-05-29 16.43 17.60 16.13 17.60           7.51%        1.013         0.61% 17.148 17.651 19.807 23.024         0.2702        金叉延续 47.55          7,579,346      11,257,763  4,677,359  10,939,575
2026-06-05 17.56 20.04 17.20 19.02           8.07%        2.245         3.62% 17.772 17.781 19.791 22.984         0.5342        金叉延续 55.03         26,766,737     137,173,814  8,979,646  33,675,041
2026-06-12 18.88 21.30 17.49 21.00          10.41%        1.321         2.53% 18.848 18.088 19.815 22.964         0.9393        金叉延续 62.95         26,458,825         342,828 13,979,513  31,535,369
2026-06-19 21.00 21.00 17.81 18.08         -13.90%        0.563         0.88% 18.592 18.087 19.781 22.915         0.7840        金叉延续 49.18         -3,856,332     -66,570,564 -1,384,567 -11,356,082
2026-06-26 18.10 18.10 15.13 15.21         -15.87%        0.593         0.78% 17.465 17.813 19.690 22.839         0.2902        金叉延续 39.94        -13,821,065     -17,598,050  8,625,502  12,921,158
2026-07-03 15.29 16.60 14.63 16.47           8.28%        0.498         0.52% 17.133 17.685 19.626 22.775         0.1366        金叉延续 44.84          5,253,271       5,247,930  8,160,287  11,719,192
2026-07-10 16.77 18.38 16.30 17.91           8.74%        0.437         0.36% 17.392 17.706 19.592 22.727         0.2269        金叉延续 49.88          1,671,125      -2,069,541  3,141,165 -16,129,479
2026-07-17 17.90 18.40 17.33 17.79          -0.67%        0.512         0.33% 17.525 17.714 19.557 22.678         0.2658        金叉延续 49.47          2,864,321      11,146,796 -1,577,736 -13,968,686
2026-07-24 18.23 18.23 17.14 17.20          -3.32%        0.606         0.33% 17.416 17.665 19.510 22.623         0.2098        金叉延续 47.43         -2,047,549       7,376,689 -1,215,979     820,765
2026-07-31 17.72 17.72 16.10 16.90          -1.74%        1.017         0.56% 17.244 17.592 19.458 22.566         0.1338        金叉延续 46.38          8,120,146       1,944,311  3,172,263   4,729,237
2026-08-07 16.90 17.85 16.57 17.21           1.83%        0.518         0.23% 17.233 17.556 19.414 22.513         0.1267        金叉延续 47.67         -1,949,885       5,935,964  1,731,632   4,866,844
2026-08-14 16.87 18.30 16.87 18.15           5.46%        0.808         0.33% 17.539 17.613 19.389 22.470         0.2434        金叉延续 51.47          1,927,270       4,660,171  1,782,861   6,212,786
2026-08-21 18.10 18.45 17.72 17.95          -1.10%        0.750         0.27% 17.676 17.645 19.360 22.425         0.2855        金叉延续 50.63          2,477,585         279,822  1,705,513   4,039,391
2026-08-28 17.95 19.46 17.62 19.43           8.25%        1.142         0.44% 18.260 17.815 19.362 22.395         0.4924        金叉延续 56.33            -54,504           3,221 -1,118,554  -9,084,221

--------------------------------------------------------------------------------

处理完成: 成功 16 只股票，失败 1 只
输出已保存至：C:\Users\Quansheng\Documents\projects\TA_Workflow\prompt\Prompt_Weekly.txt
