stock_code,stock_name,decision_date,structural_regime,monthly_behavior_state,tactical_signal,cbi_score,cost_position,chip_stability_confidence,mtf_regime,qcfp_score,structure_behavior_alignment,market_context,evidence_summary,ai_check,data_quality,align_method
00700,腾讯控股,2010-01-08,STATE_UNDETERMINED,,Consolidation,,,Low,DATA_INSUFFICIENT,,Unknown,neutral,结构:STATE_UNDETERMINED(A/A-); 阶段:nan(B); 触发:Consolidation(C); 置信度:Low,PASSED,,data_insufficient
00700,腾讯控股,2010-01-15,STATE_UNDETERMINED,,Consolidation,,,Low,DATA_INSUFFICIENT,,Unknown,neutral,结构:STATE_UNDETERMINED(A/A-); 阶段:nan(B); 触发:Consolidation(C); 置信度:Low,PASSED,,data_insufficient
00700,腾讯控股,2010-01-22,STATE_UNDETERMINED,,Consolidation,,,Low,DATA_INSUFFICIENT,,Unknown,neutral,结构:STATE_UNDETERMINED(A/A-); 阶段:nan(B); 触发:Consolidation(C); 置信度:Low,PASSED,,data_insufficient
00700,腾讯控股,2010-01-29,STATE_UNDETERMINED,,Consolidation,,,Low,DATA_INSUFFICIENT,,Unknown,neutral,结构:STATE_UNDETERMINED(A/A-); 阶段:nan(B); 触发:Consolidation(C); 置信度:Low,PASSED,,data_insufficient
00700,腾讯控股,2010-02-05,STATE_UNDETERMINED,Stable,Consolidation,,,Low,DATA_INSUFFICIENT,,Unknown,neutral,结构:STATE_UNDETERMINED(A/A-); 阶段:Stable(B); 触发:Consolidation(C); 置信度:Low,PASSED,C,data_insufficient
00700,腾讯控股,2010-02-12,STATE_UNDETERMINED,Stable,Consolidation,,,Low,DATA_INSUFFICIENT,,Unknown,neutral,结构:STATE_UNDETERMINED(A/A-); 阶段:Stable(B); 触发:Consolidation(C); 置信度:Low,PASSED,C,data_insufficient
00700,腾讯控股,2010-02-19,STATE_UNDETERMINED,Stable,Consolidation,,,Low,DATA_INSUFFICIENT,,Unknown,neutral,结构:STATE_UNDETERMINED(A/A-); 阶段:Stable(B); 触发:Consolidation(C); 置信度:Low,PASSED,C,data_insufficient
00700,腾讯控股,2010-02-26,STATE_UNDETERMINED,Stable,Consolidation,,,Low,DATA_INSUFFICIENT,,Unknown,neutral,结构:STATE_UNDETERMINED(A/A-); 阶段:Stable(B); 触发:Consolidation(C); 置信度:Low,PASSED,C,data_insufficient
00700,腾讯控股,2010-03-05,STATE_UNDETERMINED,Stable,Consolidation,,,Low,DATA_INSUFFICIENT,,Unknown,neutral,结构:STATE_UNDETERMINED(A/A-); 阶段:Stable(B); 触发:Consolidation(C); 置信度:Low,PASSED,C,data_insufficient
00700,腾讯控股,2010-03-12,STATE_UNDETERMINED,Stable,Consolidation,,,Low,DATA_INSUFFICIENT,,Unknown,neutral,结构:STATE_UNDETERMINED(A/A-); 阶段:Stable(B); 触发:Consolidation(C); 置信度:Low,PASSED,C,data_insufficient
00700,腾讯控股,2010-03-19,STATE_UNDETERMINED,Stable,Consolidation,,,Low,DATA_INSUFFICIENT,,Unknown,neutral,结构:STATE_UNDETERMINED(A/A-); 阶段:Stable(B); 触发:Consolidation(C); 置信度:Low,PASSED,C,data_insufficient
00700,腾讯控股,2010-03-26,STATE_UNDETERMINED,Stable,Consolidation,,,Low,DATA_INSUFFICIENT,,Unknown,neutral,结构:STATE_UNDETERMINED(A/A-); 阶段:Stable(B); 触发:Consolidation(C); 置信度:Low,PASSED,C,data_insufficient
00700,腾讯控股,2010-04-02,STATE_UNDETERMINED,Improving,Consolidation,,COST_DISADVANTAGE,Low,DATA_INSUFFICIENT,,Unknown,neutral,结构:STATE_UNDETERMINED(A/A-); 阶段:Improving(B); 触发:Consolidation(C); 置信度:Low,PASSED,C,data_insufficient
00700,腾讯控股,2010-04-09,STATE_UNDETERMINED,Improving,Consolidation,,COST_DISADVANTAGE,Low,DATA_INSUFFICIENT,,Unknown,neutral,结构:STATE_UNDETERMINED(A/A-); 阶段:Improving(B); 触发:Consolidation(C); 置信度:Low,PASSED,C,data_insufficient
00700,腾讯控股,2010-04-16,STATE_UNDETERMINED,Improving,Consolidation,,COST_DISADVANTAGE,Low,DATA_INSUFFICIENT,,Unknown,neutral,结构:STATE_UNDETERMINED(A/A-); 阶段:Improving(B); 触发:Consolidation(C); 置信度:Low,PASSED,C,data_insufficient
00700,腾讯控股,2010-04-23,STATE_UNDETERMINED,Improving,Consolidation,,COST_DISADVANTAGE,Low,DATA_INSUFFICIENT,,Unknown,neutral,结构:STATE_UNDETERMINED(A/A-); 阶段:Improving(B); 触发:Consolidation(C); 置信度:Low,PASSED,C,data_insufficient
00700,腾讯控股,2010-04-30,STATE_UNDETERMINED,Improving,Consolidation,,COST_DISADVANTAGE,Low,DATA_INSUFFICIENT,,Unknown,neutral,结构:STATE_UNDETERMINED(A/A-); 阶段:Improving(B); 触发:Consolidation(C); 置信度:Low,PASSED,C,data_insufficient
00700,腾讯控股,2010-05-07,STATE_UNDETERMINED,Improving,Consolidation,,COST_DISADVANTAGE,Low,DATA_INSUFFICIENT,,Unknown,neutral,结构:STATE_UNDETERMINED(A/A-); 阶段:Improving(B); 触发:Consolidation(C); 置信度:Low,PASSED,C,data_insufficient
00700,腾讯控股,2010-05-14,STATE_UNDETERMINED,Improving,Consolidation,,COST_DISADVANTAGE,Low,DATA_INSUFFICIENT,,Unknown,neutral,结构:STATE_UNDETERMINED(A/A-); 阶段:Improving(B); 触发:Consolidation(C); 置信度:Low,PASSED,C,data_insufficient
00700,腾讯控股,2010-05-21,STATE_UNDETERMINED,Improving,Consolidation,,COST_DISADVANTAGE,Low,DATA_INSUFFICIENT,,Unknown,neutral,结构:STATE_UNDETERMINED(A/A-); 阶段:Improving(B); 触发:Consolidation(C); 置信度:Low,PASSED,C,data_insufficient
00700,腾讯控股,2010-05-28,STATE_UNDETERMINED,Improving,Consolidation,,COST_DISADVANTAGE,Low,DATA_INSUFFICIENT,,Unknown,neutral,结构:STATE_UNDETERMINED(A/A-); 阶段:Improving(B); 触发:Consolidation(C); 置信度:Low,PASSED,C,data_insufficient
00700,腾讯控股,2010-06-04,STATE_UNDETERMINED,Deteriorating,Consolidation,,COST_DISADVANTAGE,Low,DATA_INSUFFICIENT,,Unknown,neutral,结构:STATE_UNDETERMINED(A/A-); 阶段:Deteriorating(B); 触发:Consolidation(C); 置信度:Low,PASSED,C,data_insufficient
00700,腾讯控股,2010-06-11,STATE_UNDETERMINED,Deteriorating,Consolidation,,COST_DISADVANTAGE,Low,DATA_INSUFFICIENT,,Unknown,neutral,结构:STATE_UNDETERMINED(A/A-); 阶段:Deteriorating(B); 触发:Consolidation(C); 置信度:Low,PASSED,C,data_insufficient
00700,腾讯控股,2010-06-18,STATE_UNDETERMINED,Deteriorating,Consolidation,,COST_DISADVANTAGE,Low,DATA_INSUFFICIENT,,Unknown,neutral,结构:STATE_UNDETERMINED(A/A-); 阶段:Deteriorating(B); 触发:Consolidation(C); 置信度:Low,PASSED,C,data_insufficient
00700,腾讯控股,2010-06-25,STATE_UNDETERMINED,Deteriorating,Consolidation,,COST_DISADVANTAGE,Low,DATA_INSUFFICIENT,,Unknown,neutral,结构:STATE_UNDETERMINED(A/A-); 阶段:Deteriorating(B); 触发:Consolidation(C); 置信度:Low,PASSED,C,data_insufficient
00700,腾讯控股,2010-07-02,STATE_UNDETERMINED,Deteriorating,Consolidation,50.0,COST_DISADVANTAGE,Low,DATA_INSUFFICIENT,,Unknown,neutral,结构:STATE_UNDETERMINED(A/A-); 阶段:Deteriorating(B); 触发:Consolidation(C); 置信度:Low,PASSED,C,data_insufficient
00700,腾讯控股,2010-07-09,STATE_UNDETERMINED,Deteriorating,Consolidation,50.0,COST_DISADVANTAGE,Low,DATA_INSUFFICIENT,,Unknown,neutral,结构:STATE_UNDETERMINED(A/A-); 阶段:Deteriorating(B); 触发:Consolidation(C); 置信度:Low,PASSED,C,data_insufficient
00700,腾讯控股,2010-07-16,STATE_UNDETERMINED,Deteriorating,Consolidation,50.0,COST_DISADVANTAGE,Low,DATA_INSUFFICIENT,,Unknown,neutral,结构:STATE_UNDETERMINED(A/A-); 阶段:Deteriorating(B); 触发:Consolidation(C); 置信度:Low,PASSED,C,data_insufficient
00700,腾讯控股,2010-07-23,STATE_UNDETERMINED,Deteriorating,Consolidation,50.0,COST_DISADVANTAGE,Low,DATA_INSUFFICIENT,,Unknown,neutral,结构:STATE_UNDETERMINED(A/A-); 阶段:Deteriorating(B); 触发:Consolidation(C); 置信度:Low,PASSED,C,data_insufficient
00700,腾讯控股,2010-07-30,STATE_UNDETERMINED,Deteriorating,Consolidation,50.0,COST_DISADVANTAGE,Low,DATA_INSUFFICIENT,,Unknown,neutral,结构:STATE_UNDETERMINED(A/A-); 阶段:Deteriorating(B); 触发:Consolidation(C); 置信度:Low,PASSED,C,data_insufficient
00700,腾讯控股,2010-08-06,STATE_UNDETERMINED,Improving,Consolidation,50.0,COST_DISADVANTAGE,Low,DATA_INSUFFICIENT,,Unknown,neutral,结构:STATE_UNDETERMINED(A/A-); 阶段:Improving(B); 触发:Consolidation(C); 置信度:Low,PASSED,C,data_insufficient
00700,腾讯控股,2010-08-13,STATE_UNDETERMINED,Improving,Consolidation,50.0,COST_DISADVANTAGE,Low,DATA_INSUFFICIENT,,Unknown,neutral,结构:STATE_UNDETERMINED(A/A-); 阶段:Improving(B); 触发:Consolidation(C); 置信度:Low,PASSED,C,data_insufficient
00700,腾讯控股,2010-08-20,STRUCTURAL_BOTTOM_CANDIDATE,Improving,Consolidation,50.0,COST_DISADVANTAGE,Medium,BULLISH_WARNING,55.0,Aligned,neutral,结构:STRUCTURAL_BOTTOM_CANDIDATE(A/A-); 阶段:Improving(B); 触发:Consolidation(C); 置信度:Medium,PASSED,C,fallback
00700,腾讯控股,2010-08-27,STRUCTURAL_BOTTOM_CANDIDATE,Improving,Consolidation,50.0,COST_DISADVANTAGE,Medium,BULLISH_WARNING,55.0,Aligned,neutral,结构:STRUCTURAL_BOTTOM_CANDIDATE(A/A-); 阶段:Improving(B); 触发:Consolidation(C); 置信度:Medium,PASSED,C,fallback
00700,腾讯控股,2010-09-03,STRUCTURAL_BOTTOM_CANDIDATE,Deteriorating,Consolidation,50.0,COST_DISADVANTAGE,Medium,BULLISH_WARNING,55.0,Aligned,neutral,结构:STRUCTURAL_BOTTOM_CANDIDATE(A/A-); 阶段:Deteriorating(B); 触发:Consolidation(C); 置信度:Medium,PASSED,C,fallback
00700,腾讯控股,2010-09-10,STRUCTURAL_BOTTOM_CANDIDATE,Deteriorating,Consolidation,50.0,COST_DISADVANTAGE,Medium,BULLISH_WARNING,55.0,Aligned,neutral,结构:STRUCTURAL_BOTTOM_CANDIDATE(A/A-); 阶段:Deteriorating(B); 触发:Consolidation(C); 置信度:Medium,PASSED,C,fallback
00700,腾讯控股,2010-09-17,STRUCTURAL_BOTTOM_CANDIDATE,Deteriorating,Consolidation,50.0,COST_DISADVANTAGE,Medium,BULLISH_WARNING,55.0,Aligned,neutral,结构:STRUCTURAL_BOTTOM_CANDIDATE(A/A-); 阶段:Deteriorating(B); 触发:Consolidation(C); 置信度:Medium,PASSED,C,fallback
00700,腾讯控股,2010-09-24,STRUCTURAL_BOTTOM_CANDIDATE,Deteriorating,Consolidation,50.0,COST_DISADVANTAGE,Medium,BULLISH_WARNING,55.0,Aligned,neutral,结构:STRUCTURAL_BOTTOM_CANDIDATE(A/A-); 阶段:Deteriorating(B); 触发:Consolidation(C); 置信度:Medium,PASSED,C,fallback
00700,腾讯控股,2010-10-01,STRUCTURAL_BOTTOM_CANDIDATE,Improving,Consolidation,50.0,COST_DISADVANTAGE,Medium,BULLISH_WARNING,55.0,Aligned,neutral,结构:STRUCTURAL_BOTTOM_CANDIDATE(A/A-); 阶段:Improving(B); 触发:Consolidation(C); 置信度:Medium,PASSED,C,fallback
00700,腾讯控股,2010-10-08,STRUCTURAL_BOTTOM_CANDIDATE,Improving,Consolidation,50.0,COST_DISADVANTAGE,Medium,BULLISH_WARNING,55.0,Aligned,neutral,结构:STRUCTURAL_BOTTOM_CANDIDATE(A/A-); 阶段:Improving(B); 触发:Consolidation(C); 置信度:Medium,PASSED,C,fallback
00700,腾讯控股,2010-10-15,STRUCTURAL_BOTTOM_CANDIDATE,Improving,Consolidation,50.0,COST_DISADVANTAGE,Medium,BULLISH_WARNING,55.0,Aligned,neutral,结构:STRUCTURAL_BOTTOM_CANDIDATE(A/A-); 阶段:Improving(B); 触发:Consolidation(C); 置信度:Medium,PASSED,C,fallback
00700,腾讯控股,2010-10-22,STRUCTURAL_BOTTOM_CANDIDATE,Improving,Consolidation,50.0,COST_DISADVANTAGE,Medium,BULLISH_WARNING,55.0,Aligned,neutral,结构:STRUCTURAL_BOTTOM_CANDIDATE(A/A-); 阶段:Improving(B); 触发:Consolidation(C); 置信度:Medium,PASSED,C,fallback
00700,腾讯控股,2010-10-29,STRUCTURAL_BOTTOM_CANDIDATE,Improving,Consolidation,50.0,COST_DISADVANTAGE,Medium,BULLISH_WARNING,55.0,Aligned,neutral,结构:STRUCTURAL_BOTTOM_CANDIDATE(A/A-); 阶段:Improving(B); 触发:Consolidation(C); 置信度:Medium,PASSED,C,fallback
00700,腾讯控股,2010-11-05,STRUCTURAL_BOTTOM_CANDIDATE,Improving,Consolidation,50.0,COST_DISADVANTAGE,Medium,BULLISH_WARNING,55.0,Aligned,neutral,结构:STRUCTURAL_BOTTOM_CANDIDATE(A/A-); 阶段:Improving(B); 触发:Consolidation(C); 置信度:Medium,PASSED,C,fallback
00700,腾讯控股,2010-11-12,STRUCTURAL_BOTTOM_CANDIDATE,Improving,Pullback,50.0,COST_DISADVANTAGE,Medium,BULLISH_WARNING,55.0,Aligned,neutral,结构:STRUCTURAL_BOTTOM_CANDIDATE(A/A-); 阶段:Improving(B); 触发:Pullback(C); 置信度:Medium,PASSED,C,fallback
00700,腾讯控股,2010-11-19,STRUCTURAL_ACCUMULATION,Improving,Pullback,50.0,COST_DISADVANTAGE,Medium,BULLISH_STABLE,75.0,Aligned,neutral,结构:STRUCTURAL_ACCUMULATION(A/A-); 阶段:Improving(B); 触发:Pullback(C); 置信度:Medium,PASSED,C,fallback
00700,腾讯控股,2010-11-26,STRUCTURAL_ACCUMULATION,Improving,Pullback,50.0,COST_DISADVANTAGE,Medium,BULLISH_STABLE,75.0,Aligned,neutral,结构:STRUCTURAL_ACCUMULATION(A/A-); 阶段:Improving(B); 触发:Pullback(C); 置信度:Medium,PASSED,C,fallback
00700,腾讯控股,2010-12-03,STRUCTURAL_ACCUMULATION,Stable,Pullback,50.0,COST_DISADVANTAGE,Medium,BULLISH_STABLE,75.0,Aligned,neutral,结构:STRUCTURAL_ACCUMULATION(A/A-); 阶段:Stable(B); 触发:Pullback(C); 置信度:Medium,PASSED,C,fallback
00700,腾讯控股,2010-12-10,STRUCTURAL_ACCUMULATION,Stable,Consolidation,50.0,COST_DISADVANTAGE,Medium,BULLISH_STABLE,75.0,Aligned,neutral,结构:STRUCTURAL_ACCUMULATION(A/A-); 阶段:Stable(B); 触发:Consolidation(C); 置信度:Medium,PASSED,C,fallback
00700,腾讯控股,2010-12-17,STRUCTURAL_ACCUMULATION,Stable,Pullback,50.0,COST_DISADVANTAGE,Medium,BULLISH_STABLE,75.0,Aligned,neutral,结构:STRUCTURAL_ACCUMULATION(A/A-); 阶段:Stable(B); 触发:Pullback(C); 置信度:Medium,PASSED,C,fallback
00700,腾讯控股,2010-12-24,STRUCTURAL_ACCUMULATION,Stable,Pullback,50.0,COST_DISADVANTAGE,Medium,BULLISH_STABLE,75.0,Aligned,neutral,结构:STRUCTURAL_ACCUMULATION(A/A-); 阶段:Stable(B); 触发:Pullback(C); 置信度:Medium,PASSED,C,fallback
00700,腾讯控股,2010-12-31,STRUCTURAL_ACCUMULATION,Deteriorating,Pullback,50.0,COST_DISADVANTAGE,Medium,BULLISH_STABLE,75.0,Divergence,neutral,结构:STRUCTURAL_ACCUMULATION(A/A-); 阶段:Deteriorating(B); 触发:Pullback(C); 置信度:Medium,PASSED,C,fallback
00700,腾讯控股,2011-01-07,STRUCTURAL_ACCUMULATION,Deteriorating,Consolidation,50.0,COST_DISADVANTAGE,Medium,BULLISH_STABLE,75.0,Divergence,neutral,结构:STRUCTURAL_ACCUMULATION(A/A-); 阶段:Deteriorating(B); 触发:Consolidation(C); 置信度:Medium,PASSED,C,fallback
00700,腾讯控股,2011-01-14,STRUCTURAL_ACCUMULATION,Deteriorating,Consolidation,50.0,COST_DISADVANTAGE,Medium,BULLISH_STABLE,75.0,Divergence,neutral,结构:STRUCTURAL_ACCUMULATION(A/A-); 阶段:Deteriorating(B); 触发:Consolidation(C); 置信度:Medium,PASSED,C,fallback
00700,腾讯控股,2011-01-21,STRUCTURAL_ACCUMULATION,Deteriorating,Consolidation,50.0,COST_DISADVANTAGE,Medium,BULLISH_STABLE,75.0,Divergence,neutral,结构:STRUCTURAL_ACCUMULATION(A/A-); 阶段:Deteriorating(B); 触发:Consolidation(C); 置信度:Medium,PASSED,C,fallback
00700,腾讯控股,2011-01-28,STRUCTURAL_ACCUMULATION,Deteriorating,Consolidation,50.0,COST_DISADVANTAGE,Medium,BULLISH_STABLE,75.0,Divergence,neutral,结构:STRUCTURAL_ACCUMULATION(A/A-); 阶段:Deteriorating(B); 触发:Consolidation(C); 置信度:Medium,PASSED,C,fallback
00700,腾讯控股,2011-02-04,STRUCTURAL_ACCUMULATION,Improving,Consolidation,50.0,COST_DISADVANTAGE,Medium,BULLISH_STABLE,75.0,Aligned,neutral,结构:STRUCTURAL_ACCUMULATION(A/A-); 阶段:Improving(B); 触发:Consolidation(C); 置信度:Medium,PASSED,C,matrix
00700,腾讯控股,2011-02-11,STRUCTURAL_ACCUMULATION,Improving,Consolidation,50.0,COST_DISADVANTAGE,Medium,BULLISH_STABLE,75.0,Aligned,neutral,结构:STRUCTURAL_ACCUMULATION(A/A-); 阶段:Improving(B); 触发:Consolidation(C); 置信度:Medium,PASSED,C,matrix
00700,腾讯控股,2011-02-18,STRUCTURAL_ACCUMULATION,Improving,Consolidation,50.0,COST_DISADVANTAGE,Medium,BULLISH_STABLE,75.0,Aligned,neutral,结构:STRUCTURAL_ACCUMULATION(A/A-); 阶段:Improving(B); 触发:Consolidation(C); 置信度:Medium,PASSED,B,matrix
00700,腾讯控股,2011-02-25,STRUCTURAL_ACCUMULATION,Improving,Pullback,50.0,COST_DISADVANTAGE,Medium,BULLISH_STABLE,75.0,Aligned,neutral,结构:STRUCTURAL_ACCUMULATION(A/A-); 阶段:Improving(B); 触发:Pullback(C); 置信度:Medium,PASSED,B,fallback
00700,腾讯控股,2011-03-04,STRUCTURAL_ACCUMULATION,Improving,Consolidation,50.0,COST_DISADVANTAGE,Medium,BULLISH_STABLE,75.0,Aligned,neutral,结构:STRUCTURAL_ACCUMULATION(A/A-); 阶段:Improving(B); 触发:Consolidation(C); 置信度:Medium,PASSED,B,matrix
00700,腾讯控股,2011-03-11,STRUCTURAL_ACCUMULATION,Improving,Consolidation,50.0,COST_DISADVANTAGE,Medium,BULLISH_STABLE,75.0,Aligned,neutral,结构:STRUCTURAL_ACCUMULATION(A/A-); 阶段:Improving(B); 触发:Consolidation(C); 置信度:Medium,PASSED,B,matrix
00700,腾讯控股,2011-03-18,STRUCTURAL_ACCUMULATION,Improving,Pullback,50.0,COST_DISADVANTAGE,Medium,BULLISH_STABLE,75.0,Aligned,neutral,结构:STRUCTURAL_ACCUMULATION(A/A-); 阶段:Improving(B); 触发:Pullback(C); 置信度:Medium,PASSED,B,fallback
00700,腾讯控股,2011-03-25,STRUCTURAL_ACCUMULATION,Improving,Pullback,50.0,COST_DISADVANTAGE,Medium,BULLISH_STABLE,75.0,Aligned,neutral,结构:STRUCTURAL_ACCUMULATION(A/A-); 阶段:Improving(B); 触发:Pullback(C); 置信度:Medium,PASSED,B,fallback
00700,腾讯控股,2011-04-01,STRUCTURAL_ACCUMULATION,Deteriorating,Pullback,50.0,COST_DISADVANTAGE,Medium,BULLISH_STABLE,75.0,Divergence,neutral,结构:STRUCTURAL_ACCUMULATION(A/A-); 阶段:Deteriorating(B); 触发:Pullback(C); 置信度:Medium,PASSED,B,fallback
00700,腾讯控股,2011-04-08,STRUCTURAL_ACCUMULATION,Deteriorating,Consolidation,50.0,COST_DISADVANTAGE,Medium,BULLISH_STABLE,75.0,Divergence,neutral,结构:STRUCTURAL_ACCUMULATION(A/A-); 阶段:Deteriorating(B); 触发:Consolidation(C); 置信度:Medium,PASSED,B,fallback
00700,腾讯控股,2011-04-15,STRUCTURAL_ACCUMULATION,Deteriorating,Pullback,50.0,COST_DISADVANTAGE,Medium,BULLISH_STABLE,75.0,Divergence,neutral,结构:STRUCTURAL_ACCUMULATION(A/A-); 阶段:Deteriorating(B); 触发:Pullback(C); 置信度:Medium,PASSED,B,fallback
00700,腾讯控股,2011-04-22,STRUCTURAL_ACCUMULATION,Deteriorating,Consolidation,50.0,COST_DISADVANTAGE,Medium,BULLISH_STABLE,75.0,Divergence,neutral,结构:STRUCTURAL_ACCUMULATION(A/A-); 阶段:Deteriorating(B); 触发:Consolidation(C); 置信度:Medium,PASSED,B,fallback
00700,腾讯控股,2011-04-29,STRUCTURAL_ACCUMULATION,Deteriorating,Consolidation,50.0,COST_DISADVANTAGE,Medium,BULLISH_STABLE,75.0,Divergence,neutral,结构:STRUCTURAL_ACCUMULATION(A/A-); 阶段:Deteriorating(B); 触发:Consolidation(C); 置信度:Medium,PASSED,B,fallback
00700,腾讯控股,2011-05-06,STRUCTURAL_ACCUMULATION,Improving,Consolidation,50.0,COST_DISADVANTAGE,Medium,BULLISH_STABLE,75.0,Aligned,neutral,结构:STRUCTURAL_ACCUMULATION(A/A-); 阶段:Improving(B); 触发:Consolidation(C); 置信度:Medium,PASSED,B,matrix
00700,腾讯控股,2011-05-13,STRUCTURAL_ACCUMULATION,Improving,Consolidation,50.0,COST_DISADVANTAGE,Medium,BULLISH_STABLE,75.0,Aligned,neutral,结构:STRUCTURAL_ACCUMULATION(A/A-); 阶段:Improving(B); 触发:Consolidation(C); 置信度:Medium,PASSED,B,matrix
00700,腾讯控股,2011-05-20,STRUCTURAL_DIVERGENCE,Improving,Consolidation,50.0,COST_DISADVANTAGE,Low,BULLISH_WARNING,55.0,Aligned,neutral,结构:STRUCTURAL_DIVERGENCE(A/A-); 阶段:Improving(B); 触发:Consolidation(C); 置信度:Low,PASSED,C,fallback
00700,腾讯控股,2011-05-27,STRUCTURAL_DIVERGENCE,Improving,Pullback,50.0,COST_DISADVANTAGE,Low,BULLISH_WARNING,55.0,Aligned,neutral,结构:STRUCTURAL_DIVERGENCE(A/A-); 阶段:Improving(B); 触发:Pullback(C); 置信度:Low,PASSED,C,fallback
00700,腾讯控股,2011-06-03,STRUCTURAL_DIVERGENCE,Improving,Consolidation,50.0,COST_DISADVANTAGE,Low,BULLISH_WARNING,55.0,Aligned,neutral,结构:STRUCTURAL_DIVERGENCE(A/A-); 阶段:Improving(B); 触发:Consolidation(C); 置信度:Low,PASSED,C,fallback
00700,腾讯控股,2011-06-10,STRUCTURAL_DIVERGENCE,Improving,Consolidation,50.0,COST_DISADVANTAGE,Low,BULLISH_WARNING,55.0,Aligned,neutral,结构:STRUCTURAL_DIVERGENCE(A/A-); 阶段:Improving(B); 触发:Consolidation(C); 置信度:Low,PASSED,C,fallback
00700,腾讯控股,2011-06-17,STRUCTURAL_DIVERGENCE,Improving,Consolidation,50.0,COST_DISADVANTAGE,Low,BULLISH_WARNING,55.0,Aligned,neutral,结构:STRUCTURAL_DIVERGENCE(A/A-); 阶段:Improving(B); 触发:Consolidation(C); 置信度:Low,PASSED,C,fallback
00700,腾讯控股,2011-06-24,STRUCTURAL_DIVERGENCE,Improving,Consolidation,50.0,COST_DISADVANTAGE,Low,BULLISH_WARNING,55.0,Aligned,neutral,结构:STRUCTURAL_DIVERGENCE(A/A-); 阶段:Improving(B); 触发:Consolidation(C); 置信度:Low,PASSED,C,fallback
00700,腾讯控股,2011-07-01,STRUCTURAL_DIVERGENCE,Stable,Consolidation,50.0,COST_DISADVANTAGE,Low,BULLISH_WARNING,55.0,Aligned,neutral,结构:STRUCTURAL_DIVERGENCE(A/A-); 阶段:Stable(B); 触发:Consolidation(C); 置信度:Low,PASSED,C,fallback
00700,腾讯控股,2011-07-08,STRUCTURAL_DIVERGENCE,Stable,Consolidation,50.0,COST_DISADVANTAGE,Low,BULLISH_WARNING,55.0,Aligned,neutral,结构:STRUCTURAL_DIVERGENCE(A/A-); 阶段:Stable(B); 触发:Consolidation(C); 置信度:Low,PASSED,C,fallback
00700,腾讯控股,2011-07-15,STRUCTURAL_DIVERGENCE,Stable,Consolidation,50.0,COST_DISADVANTAGE,Low,BULLISH_WARNING,55.0,Aligned,neutral,结构:STRUCTURAL_DIVERGENCE(A/A-); 阶段:Stable(B); 触发:Consolidation(C); 置信度:Low,PASSED,C,fallback
00700,腾讯控股,2011-07-22,STRUCTURAL_DIVERGENCE,Stable,Consolidation,50.0,COST_DISADVANTAGE,Low,BULLISH_WARNING,55.0,Aligned,neutral,结构:STRUCTURAL_DIVERGENCE(A/A-); 阶段:Stable(B); 触发:Consolidation(C); 置信度:Low,PASSED,C,fallback
00700,腾讯控股,2011-07-29,STRUCTURAL_DIVERGENCE,Stable,Consolidation,50.0,COST_DISADVANTAGE,Low,BULLISH_WARNING,55.0,Aligned,neutral,结构:STRUCTURAL_DIVERGENCE(A/A-); 阶段:Stable(B); 触发:Consolidation(C); 置信度:Low,PASSED,C,fallback
00700,腾讯控股,2011-08-05,STRUCTURAL_DIVERGENCE,Deteriorating,Consolidation,50.0,COST_DISADVANTAGE,Low,BULLISH_WARNING,55.0,Aligned,neutral,结构:STRUCTURAL_DIVERGENCE(A/A-); 阶段:Deteriorating(B); 触发:Consolidation(C); 置信度:Low,PASSED,C,fallback
00700,腾讯控股,2011-08-12,STRUCTURAL_DIVERGENCE,Deteriorating,Breakdown,50.0,COST_DISADVANTAGE,Low,BULLISH_WARNING,55.0,Aligned,neutral,结构:STRUCTURAL_DIVERGENCE(A/A-); 阶段:Deteriorating(B); 触发:Breakdown(C); 置信度:Low,PASSED,C,matrix
00700,腾讯控股,2011-08-19,STRUCTURAL_DIVERGENCE,Deteriorating,Breakdown,50.0,COST_DISADVANTAGE,Medium,BULLISH_WARNING,55.0,Aligned,neutral,结构:STRUCTURAL_DIVERGENCE(A/A-); 阶段:Deteriorating(B); 触发:Breakdown(C); 置信度:Medium,PASSED,B,matrix
00700,腾讯控股,2011-08-26,STRUCTURAL_DIVERGENCE,Deteriorating,Consolidation,50.0,COST_DISADVANTAGE,Medium,BULLISH_WARNING,55.0,Aligned,neutral,结构:STRUCTURAL_DIVERGENCE(A/A-); 阶段:Deteriorating(B); 触发:Consolidation(C); 置信度:Medium,PASSED,B,fallback
00700,腾讯控股,2011-09-02,STRUCTURAL_DIVERGENCE,Deteriorating,Consolidation,50.0,COST_DISADVANTAGE,Medium,BULLISH_WARNING,55.0,Aligned,neutral,结构:STRUCTURAL_DIVERGENCE(A/A-); 阶段:Deteriorating(B); 触发:Consolidation(C); 置信度:Medium,PASSED,B,fallback
00700,腾讯控股,2011-09-09,STRUCTURAL_DIVERGENCE,Deteriorating,Consolidation,50.0,COST_DISADVANTAGE,Medium,BULLISH_WARNING,55.0,Aligned,neutral,结构:STRUCTURAL_DIVERGENCE(A/A-); 阶段:Deteriorating(B); 触发:Consolidation(C); 置信度:Medium,PASSED,B,fallback
00700,腾讯控股,2011-09-16,STRUCTURAL_DIVERGENCE,Deteriorating,Consolidation,50.0,COST_DISADVANTAGE,Medium,BULLISH_WARNING,55.0,Aligned,neutral,结构:STRUCTURAL_DIVERGENCE(A/A-); 阶段:Deteriorating(B); 触发:Consolidation(C); 置信度:Medium,PASSED,B,fallback
00700,腾讯控股,2011-09-23,STRUCTURAL_DIVERGENCE,Deteriorating,Breakdown,50.0,COST_DISADVANTAGE,Medium,BULLISH_WARNING,55.0,Aligned,neutral,结构:STRUCTURAL_DIVERGENCE(A/A-); 阶段:Deteriorating(B); 触发:Breakdown(C); 置信度:Medium,PASSED,B,matrix
00700,腾讯控股,2011-09-30,STRUCTURAL_DIVERGENCE,Stable,Consolidation,50.0,COST_DISADVANTAGE,Medium,BULLISH_WARNING,55.0,Aligned,neutral,结构:STRUCTURAL_DIVERGENCE(A/A-); 阶段:Stable(B); 触发:Consolidation(C); 置信度:Medium,PASSED,B,fallback
00700,腾讯控股,2011-10-07,STRUCTURAL_DIVERGENCE,Stable,Consolidation,50.0,COST_DISADVANTAGE,Medium,BULLISH_WARNING,55.0,Aligned,neutral,结构:STRUCTURAL_DIVERGENCE(A/A-); 阶段:Stable(B); 触发:Consolidation(C); 置信度:Medium,PASSED,B,fallback
00700,腾讯控股,2011-10-14,STRUCTURAL_DIVERGENCE,Stable,Consolidation,50.0,COST_DISADVANTAGE,Medium,BULLISH_WARNING,55.0,Aligned,neutral,结构:STRUCTURAL_DIVERGENCE(A/A-); 阶段:Stable(B); 触发:Consolidation(C); 置信度:Medium,PASSED,B,fallback
00700,腾讯控股,2011-10-21,STRUCTURAL_DIVERGENCE,Stable,Consolidation,50.0,COST_DISADVANTAGE,Medium,BULLISH_WARNING,55.0,Aligned,neutral,结构:STRUCTURAL_DIVERGENCE(A/A-); 阶段:Stable(B); 触发:Consolidation(C); 置信度:Medium,PASSED,B,fallback
00700,腾讯控股,2011-10-28,STRUCTURAL_DIVERGENCE,Stable,Consolidation,50.0,COST_DISADVANTAGE,Medium,BULLISH_WARNING,55.0,Aligned,neutral,结构:STRUCTURAL_DIVERGENCE(A/A-); 阶段:Stable(B); 触发:Consolidation(C); 置信度:Medium,PASSED,B,fallback
00700,腾讯控股,2011-11-04,STRUCTURAL_DIVERGENCE,Improving,Consolidation,50.0,COST_DISADVANTAGE,Medium,BULLISH_WARNING,55.0,Aligned,neutral,结构:STRUCTURAL_DIVERGENCE(A/A-); 阶段:Improving(B); 触发:Consolidation(C); 置信度:Medium,PASSED,B,fallback
00700,腾讯控股,2011-11-11,STRUCTURAL_DIVERGENCE,Improving,Consolidation,50.0,COST_DISADVANTAGE,Medium,BULLISH_WARNING,55.0,Aligned,neutral,结构:STRUCTURAL_DIVERGENCE(A/A-); 阶段:Improving(B); 触发:Consolidation(C); 置信度:Medium,PASSED,B,fallback
00700,腾讯控股,2011-11-18,STRUCTURAL_BOTTOM_CANDIDATE,Improving,Consolidation,50.0,COST_DISADVANTAGE,Medium,BULLISH_WARNING,55.0,Aligned,neutral,结构:STRUCTURAL_BOTTOM_CANDIDATE(A/A-); 阶段:Improving(B); 触发:Consolidation(C); 置信度:Medium,PASSED,C,fallback
00700,腾讯控股,2011-11-25,STRUCTURAL_BOTTOM_CANDIDATE,Improving,Consolidation,50.0,COST_DISADVANTAGE,Medium,BULLISH_WARNING,55.0,Aligned,neutral,结构:STRUCTURAL_BOTTOM_CANDIDATE(A/A-); 阶段:Improving(B); 触发:Consolidation(C); 置信度:Medium,PASSED,C,fallback
00700,腾讯控股,2011-12-02,STRUCTURAL_BOTTOM_CANDIDATE,Deteriorating,Consolidation,60.97805377537102,COST_DISADVANTAGE,Medium,BULLISH_WARNING,55.0,Aligned,neutral,结构:STRUCTURAL_BOTTOM_CANDIDATE(A/A-); 阶段:Deteriorating(B); 触发:Consolidation(C); 置信度:Medium,PASSED,C,fallback
00700,腾讯控股,2011-12-09,STRUCTURAL_BOTTOM_CANDIDATE,Deteriorating,Consolidation,60.97805377537102,COST_DISADVANTAGE,Medium,BULLISH_WARNING,55.0,Aligned,neutral,结构:STRUCTURAL_BOTTOM_CANDIDATE(A/A-); 阶段:Deteriorating(B); 触发:Consolidation(C); 置信度:Medium,PASSED,C,fallback
00700,腾讯控股,2011-12-16,STRUCTURAL_BOTTOM_CANDIDATE,Deteriorating,Consolidation,60.97805377537102,COST_DISADVANTAGE,Medium,BULLISH_WARNING,55.0,Aligned,neutral,结构:STRUCTURAL_BOTTOM_CANDIDATE(A/A-); 阶段:Deteriorating(B); 触发:Consolidation(C); 置信度:Medium,PASSED,C,fallback
00700,腾讯控股,2011-12-23,STRUCTURAL_BOTTOM_CANDIDATE,Deteriorating,Consolidation,60.97805377537102,COST_DISADVANTAGE,Medium,BULLISH_WARNING,55.0,Aligned,neutral,结构:STRUCTURAL_BOTTOM_CANDIDATE(A/A-); 阶段:Deteriorating(B); 触发:Consolidation(C); 置信度:Medium,PASSED,C,fallback
00700,腾讯控股,2011-12-30,STRUCTURAL_BOTTOM_CANDIDATE,Deteriorating,Consolidation,60.97805377537102,COST_DISADVANTAGE,Medium,BULLISH_WARNING,55.0,Aligned,neutral,结构:STRUCTURAL_BOTTOM_CANDIDATE(A/A-); 阶段:Deteriorating(B); 触发:Consolidation(C); 置信度:Medium,PASSED,C,fallback
00700,腾讯控股,2012-01-06,STRUCTURAL_BOTTOM_CANDIDATE,Improving,Consolidation,63.14695700829082,COST_DISADVANTAGE,Medium,BULLISH_WARNING,55.0,Aligned,neutral,结构:STRUCTURAL_BOTTOM_CANDIDATE(A/A-); 阶段:Improving(B); 触发:Consolidation(C); 置信度:Medium,PASSED,C,fallback
00700,腾讯控股,2012-01-13,STRUCTURAL_BOTTOM_CANDIDATE,Improving,Consolidation,63.14695700829082,COST_DISADVANTAGE,Medium,BULLISH_WARNING,55.0,Aligned,neutral,结构:STRUCTURAL_BOTTOM_CANDIDATE(A/A-); 阶段:Improving(B); 触发:Consolidation(C); 置信度:Medium,PASSED,C,fallback
00700,腾讯控股,2012-01-20,STRUCTURAL_BOTTOM_CANDIDATE,Improving,Consolidation,63.14695700829082,COST_DISADVANTAGE,Medium,BULLISH_WARNING,55.0,Aligned,neutral,结构:STRUCTURAL_BOTTOM_CANDIDATE(A/A-); 阶段:Improving(B); 触发:Consolidation(C); 置信度:Medium,PASSED,C,fallback
00700,腾讯控股,2012-01-27,STRUCTURAL_BOTTOM_CANDIDATE,Improving,Consolidation,63.14695700829082,COST_DISADVANTAGE,Medium,BULLISH_WARNING,55.0,Aligned,neutral,结构:STRUCTURAL_BOTTOM_CANDIDATE(A/A-); 阶段:Improving(B); 触发:Consolidation(C); 置信度:Medium,PASSED,C,fallback
00700,腾讯控股,2012-02-03,STRUCTURAL_BOTTOM_CANDIDATE,Improving,Consolidation,55.73914534273768,COST_DISADVANTAGE,Medium,BULLISH_WARNING,55.0,Aligned,neutral,结构:STRUCTURAL_BOTTOM_CANDIDATE(A/A-); 阶段:Improving(B); 触发:Consolidation(C); 置信度:Medium,PASSED,C,fallback
00700,腾讯控股,2012-02-10,STRUCTURAL_BOTTOM_CANDIDATE,Improving,Consolidation,55.73914534273768,COST_DISADVANTAGE,Medium,BULLISH_WARNING,55.0,Aligned,neutral,结构:STRUCTURAL_BOTTOM_CANDIDATE(A/A-); 阶段:Improving(B); 触发:Consolidation(C); 置信度:Medium,PASSED,C,fallback
00700,腾讯控股,2012-02-17,STRUCTURAL_DECLINE,Improving,Consolidation,55.73914534273768,COST_DISADVANTAGE,Low,BEARISH_CONFIRMED,20.0,Divergence,neutral,结构:STRUCTURAL_DECLINE(A/A-); 阶段:Improving(B); 触发:Consolidation(C); 置信度:Low,PASSED,C,fallback
00700,腾讯控股,2012-02-24,STRUCTURAL_DECLINE,Improving,Consolidation,55.73914534273768,COST_DISADVANTAGE,Low,BEARISH_CONFIRMED,20.0,Divergence,neutral,结构:STRUCTURAL_DECLINE(A/A-); 阶段:Improving(B); 触发:Consolidation(C); 置信度:Low,PASSED,C,fallback
00700,腾讯控股,2012-03-02,STRUCTURAL_DECLINE,Improving,Consolidation,53.49858128087716,COST_DISADVANTAGE,Low,BEARISH_CONFIRMED,20.0,Divergence,neutral,结构:STRUCTURAL_DECLINE(A/A-); 阶段:Improving(B); 触发:Consolidation(C); 置信度:Low,PASSED,C,fallback
00700,腾讯控股,2012-03-09,STRUCTURAL_DECLINE,Improving,Consolidation,53.49858128087716,COST_DISADVANTAGE,Low,BEARISH_CONFIRMED,20.0,Divergence,neutral,结构:STRUCTURAL_DECLINE(A/A-); 阶段:Improving(B); 触发:Consolidation(C); 置信度:Low,PASSED,C,fallback
00700,腾讯控股,2012-03-16,STRUCTURAL_DECLINE,Improving,Consolidation,53.49858128087716,COST_DISADVANTAGE,Low,BEARISH_CONFIRMED,20.0,Divergence,neutral,结构:STRUCTURAL_DECLINE(A/A-); 阶段:Improving(B); 触发:Consolidation(C); 置信度:Low,PASSED,C,fallback
00700,腾讯控股,2012-03-23,STRUCTURAL_DECLINE,Improving,Consolidation,53.49858128087716,COST_DISADVANTAGE,Low,BEARISH_CONFIRMED,20.0,Divergence,neutral,结构:STRUCTURAL_DECLINE(A/A-); 阶段:Improving(B); 触发:Consolidation(C); 置信度:Low,PASSED,C,fallback
00700,腾讯控股,2012-03-30,STRUCTURAL_DECLINE,Improving,Consolidation,53.49858128087716,COST_DISADVANTAGE,Low,BEARISH_CONFIRMED,20.0,Divergence,neutral,结构:STRUCTURAL_DECLINE(A/A-); 阶段:Improving(B); 触发:Consolidation(C); 置信度:Low,PASSED,C,fallback
00700,腾讯控股,2012-04-06,STRUCTURAL_DECLINE,Improving,Consolidation,71.5072084201958,COST_DISADVANTAGE,Low,BEARISH_CONFIRMED,20.0,Divergence,neutral,结构:STRUCTURAL_DECLINE(A/A-); 阶段:Improving(B); 触发:Consolidation(C); 置信度:Low,PASSED,C,fallback
00700,腾讯控股,2012-04-13,STRUCTURAL_DECLINE,Improving,Consolidation,71.5072084201958,COST_DISADVANTAGE,Low,BEARISH_CONFIRMED,20.0,Divergence,neutral,结构:STRUCTURAL_DECLINE(A/A-); 阶段:Improving(B); 触发:Consolidation(C); 置信度:Low,PASSED,C,fallback
00700,腾讯控股,2012-04-20,STRUCTURAL_DECLINE,Improving,Consolidation,71.5072084201958,COST_DISADVANTAGE,Low,BEARISH_CONFIRMED,20.0,Divergence,neutral,结构:STRUCTURAL_DECLINE(A/A-); 阶段:Improving(B); 触发:Consolidation(C); 置信度:Low,PASSED,C,fallback
00700,腾讯控股,2012-04-27,STRUCTURAL_DECLINE,Improving,Consolidation,71.5072084201958,COST_DISADVANTAGE,Low,BEARISH_CONFIRMED,20.0,Divergence,neutral,结构:STRUCTURAL_DECLINE(A/A-); 阶段:Improving(B); 触发:Consolidation(C); 置信度:Low,PASSED,C,fallback
00700,腾讯控股,2012-05-04,STRUCTURAL_DECLINE,Improving,Consolidation,80.8492999200617,COST_DISADVANTAGE,Low,BEARISH_CONFIRMED,20.0,Divergence,neutral,结构:STRUCTURAL_DECLINE(A/A-); 阶段:Improving(B); 触发:Consolidation(C); 置信度:Low,PASSED,C,fallback
00700,腾讯控股,2012-05-11,STRUCTURAL_DECLINE,Improving,Pullback,80.8492999200617,COST_DISADVANTAGE,Low,BEARISH_CONFIRMED,20.0,Divergence,neutral,结构:STRUCTURAL_DECLINE(A/A-); 阶段:Improving(B); 触发:Pullback(C); 置信度:Low,PASSED,C,fallback
00700,腾讯控股,2012-05-18,STRUCTURAL_DECLINE,Improving,Pullback,80.8492999200617,COST_DISADVANTAGE,Medium,BEARISH_CONFIRMED,20.0,Divergence,neutral,结构:STRUCTURAL_DECLINE(A/A-); 阶段:Improving(B); 触发:Pullback(C); 置信度:Medium,PASSED,B,fallback
00700,腾讯控股,2012-05-25,STRUCTURAL_DECLINE,Improving,Pullback,80.8492999200617,COST_DISADVANTAGE,Medium,BEARISH_CONFIRMED,20.0,Divergence,neutral,结构:STRUCTURAL_DECLINE(A/A-); 阶段:Improving(B); 触发:Pullback(C); 置信度:Medium,PASSED,B,fallback
00700,腾讯控股,2012-06-01,STRUCTURAL_DECLINE,Deteriorating,Pullback,62.1736496398361,COST_DISADVANTAGE,Medium,BEARISH_CONFIRMED,20.0,Aligned,neutral,结构:STRUCTURAL_DECLINE(A/A-); 阶段:Deteriorating(B); 触发:Pullback(C); 置信度:Medium,PASSED,B,fallback
00700,腾讯控股,2012-06-08,STRUCTURAL_DECLINE,Deteriorating,Consolidation,62.1736496398361,COST_DISADVANTAGE,Medium,BEARISH_CONFIRMED,20.0,Aligned,neutral,结构:STRUCTURAL_DECLINE(A/A-); 阶段:Deteriorating(B); 触发:Consolidation(C); 置信度:Medium,PASSED,B,fallback
00700,腾讯控股,2012-06-15,STRUCTURAL_DECLINE,Deteriorating,Consolidation,62.1736496398361,COST_DISADVANTAGE,Medium,BEARISH_CONFIRMED,20.0,Aligned,neutral,结构:STRUCTURAL_DECLINE(A/A-); 阶段:Deteriorating(B); 触发:Consolidation(C); 置信度:Medium,PASSED,B,fallback
00700,腾讯控股,2012-06-22,STRUCTURAL_DECLINE,Deteriorating,Pullback,62.1736496398361,COST_DISADVANTAGE,Medium,BEARISH_CONFIRMED,20.0,Aligned,neutral,结构:STRUCTURAL_DECLINE(A/A-); 阶段:Deteriorating(B); 触发:Pullback(C); 置信度:Medium,PASSED,B,fallback
00700,腾讯控股,2012-06-29,STRUCTURAL_DECLINE,Deteriorating,Consolidation,62.1736496398361,COST_DISADVANTAGE,Medium,BEARISH_CONFIRMED,20.0,Aligned,neutral,结构:STRUCTURAL_DECLINE(A/A-); 阶段:Deteriorating(B); 触发:Consolidation(C); 置信度:Medium,PASSED,B,fallback
00700,腾讯控股,2012-07-06,STRUCTURAL_DECLINE,Improving,Consolidation,79.70004859972302,COST_DISADVANTAGE,Medium,BEARISH_CONFIRMED,20.0,Divergence,neutral,结构:STRUCTURAL_DECLINE(A/A-); 阶段:Improving(B); 触发:Consolidation(C); 置信度:Medium,PASSED,B,fallback
00700,腾讯控股,2012-07-13,STRUCTURAL_DECLINE,Improving,Pullback,79.70004859972302,COST_DISADVANTAGE,Medium,BEARISH_CONFIRMED,20.0,Divergence,neutral,结构:STRUCTURAL_DECLINE(A/A-); 阶段:Improving(B); 触发:Pullback(C); 置信度:Medium,PASSED,B,fallback
00700,腾讯控股,2012-07-20,STRUCTURAL_DECLINE,Improving,Consolidation,79.70004859972302,COST_DISADVANTAGE,Medium,BEARISH_CONFIRMED,20.0,Divergence,neutral,结构:STRUCTURAL_DECLINE(A/A-); 阶段:Improving(B); 触发:Consolidation(C); 置信度:Medium,PASSED,B,fallback
00700,腾讯控股,2012-07-27,STRUCTURAL_DECLINE,Improving,Consolidation,79.70004859972302,COST_DISADVANTAGE,Medium,BEARISH_CONFIRMED,20.0,Divergence,neutral,结构:STRUCTURAL_DECLINE(A/A-); 阶段:Improving(B); 触发:Consolidation(C); 置信度:Medium,PASSED,B,fallback
00700,腾讯控股,2012-08-03,STRUCTURAL_DECLINE,Improving,Consolidation,84.3034166013986,COST_DISADVANTAGE,Medium,BEARISH_CONFIRMED,20.0,Divergence,neutral,结构:STRUCTURAL_DECLINE(A/A-); 阶段:Improving(B); 触发:Consolidation(C); 置信度:Medium,PASSED,B,fallback
00700,腾讯控股,2012-08-10,STRUCTURAL_DECLINE,Improving,Consolidation,84.3034166013986,COST_DISADVANTAGE,Medium,BEARISH_CONFIRMED,20.0,Divergence,neutral,结构:STRUCTURAL_DECLINE(A/A-); 阶段:Improving(B); 触发:Consolidation(C); 置信度:Medium,PASSED,B,fallback
00700,腾讯控股,2012-08-17,STRUCTURAL_DIVERGENCE,Improving,Consolidation,84.3034166013986,COST_DISADVANTAGE,Low,BULLISH_WARNING,55.0,Aligned,neutral,结构:STRUCTURAL_DIVERGENCE(A/A-); 阶段:Improving(B); 触发:Consolidation(C); 置信度:Low,PASSED,C,fallback
00700,腾讯控股,2012-08-24,STRUCTURAL_DIVERGENCE,Improving,Consolidation,84.3034166013986,COST_DISADVANTAGE,Low,BULLISH_WARNING,55.0,Aligned,neutral,结构:STRUCTURAL_DIVERGENCE(A/A-); 阶段:Improving(B); 触发:Consolidation(C); 置信度:Low,PASSED,C,fallback
00700,腾讯控股,2012-08-31,STRUCTURAL_DIVERGENCE,Improving,Pullback,82.64846670933446,COST_DISADVANTAGE,Low,BULLISH_WARNING,55.0,Aligned,neutral,结构:STRUCTURAL_DIVERGENCE(A/A-); 阶段:Improving(B); 触发:Pullback(C); 置信度:Low,PASSED,C,fallback
00700,腾讯控股,2012-09-07,STRUCTURAL_DIVERGENCE,Improving,Consolidation,82.64846670933446,COST_DISADVANTAGE,Low,BULLISH_WARNING,55.0,Aligned,neutral,结构:STRUCTURAL_DIVERGENCE(A/A-); 阶段:Improving(B); 触发:Consolidation(C); 置信度:Low,PASSED,C,fallback
00700,腾讯控股,2012-09-14,STRUCTURAL_DIVERGENCE,Improving,Consolidation,82.64846670933446,COST_DISADVANTAGE,Low,BULLISH_WARNING,55.0,Aligned,neutral,结构:STRUCTURAL_DIVERGENCE(A/A-); 阶段:Improving(B); 触发:Consolidation(C); 置信度:Low,PASSED,C,fallback
00700,腾讯控股,2012-09-21,STRUCTURAL_DIVERGENCE,Improving,Consolidation,82.64846670933446,COST_DISADVANTAGE,Low,BULLISH_WARNING,55.0,Aligned,neutral,结构:STRUCTURAL_DIVERGENCE(A/A-); 阶段:Improving(B); 触发:Consolidation(C); 置信度:Low,PASSED,C,fallback
00700,腾讯控股,2012-09-28,STRUCTURAL_DIVERGENCE,Improving,Consolidation,82.64846670933446,COST_DISADVANTAGE,Low,BULLISH_WARNING,55.0,Aligned,neutral,结构:STRUCTURAL_DIVERGENCE(A/A-); 阶段:Improving(B); 触发:Consolidation(C); 置信度:Low,PASSED,C,fallback
00700,腾讯控股,2012-10-05,STRUCTURAL_DIVERGENCE,Improving,Consolidation,97.5382992006099,COST_DISADVANTAGE,Low,BULLISH_WARNING,55.0,Aligned,neutral,结构:STRUCTURAL_DIVERGENCE(A/A-); 阶段:Improving(B); 触发:Consolidation(C); 置信度:Low,PASSED,C,fallback
00700,腾讯控股,2012-10-12,STRUCTURAL_DIVERGENCE,Improving,Consolidation,97.5382992006099,COST_DISADVANTAGE,Low,BULLISH_WARNING,55.0,Aligned,neutral,结构:STRUCTURAL_DIVERGENCE(A/A-); 阶段:Improving(B); 触发:Consolidation(C); 置信度:Low,PASSED,C,fallback
00700,腾讯控股,2012-10-19,STRUCTURAL_DIVERGENCE,Improving,Consolidation,97.5382992006099,COST_DISADVANTAGE,Low,BULLISH_WARNING,55.0,Aligned,neutral,结构:STRUCTURAL_DIVERGENCE(A/A-); 阶段:Improving(B); 触发:Consolidation(C); 置信度:Low,PASSED,C,fallback
00700,腾讯控股,2012-10-26,STRUCTURAL_DIVERGENCE,Improving,Consolidation,97.5382992006099,COST_DISADVANTAGE,Low,BULLISH_WARNING,55.0,Aligned,neutral,结构:STRUCTURAL_DIVERGENCE(A/A-); 阶段:Improving(B); 触发:Consolidation(C); 置信度:Low,PASSED,C,fallback
00700,腾讯控股,2012-11-02,STRUCTURAL_DIVERGENCE,Improving,Consolidation,88.45055521848491,COST_DISADVANTAGE,Low,BULLISH_WARNING,55.0,Aligned,neutral,结构:STRUCTURAL_DIVERGENCE(A/A-); 阶段:Improving(B); 触发:Consolidation(C); 置信度:Low,PASSED,C,fallback
00700,腾讯控股,2012-11-09,STRUCTURAL_DIVERGENCE,Improving,Pullback,88.45055521848491,COST_DISADVANTAGE,Low,BULLISH_WARNING,55.0,Aligned,neutral,结构:STRUCTURAL_DIVERGENCE(A/A-); 阶段:Improving(B); 触发:Pullback(C); 置信度:Low,PASSED,C,fallback
00700,腾讯控股,2012-11-16,STRUCTURAL_DIVERGENCE,Improving,Consolidation,88.45055521848491,COST_DISADVANTAGE,Medium,BULLISH_WARNING,55.0,Aligned,neutral,结构:STRUCTURAL_DIVERGENCE(A/A-); 阶段:Improving(B); 触发:Consolidation(C); 置信度:Medium,PASSED,B,fallback
00700,腾讯控股,2012-11-23,STRUCTURAL_DIVERGENCE,Improving,Pullback,88.45055521848491,COST_DISADVANTAGE,Medium,BULLISH_WARNING,55.0,Aligned,neutral,结构:STRUCTURAL_DIVERGENCE(A/A-); 阶段:Improving(B); 触发:Pullback(C); 置信度:Medium,PASSED,B,fallback
00700,腾讯控股,2012-11-30,STRUCTURAL_DIVERGENCE,Deteriorating,Pullback,70.24161831605419,COST_DISADVANTAGE,Medium,BULLISH_WARNING,55.0,Aligned,neutral,结构:STRUCTURAL_DIVERGENCE(A/A-); 阶段:Deteriorating(B); 触发:Pullback(C); 置信度:Medium,PASSED,B,fallback
00700,腾讯控股,2012-12-07,STRUCTURAL_DIVERGENCE,Deteriorating,Pullback,70.24161831605419,COST_DISADVANTAGE,Medium,BULLISH_WARNING,55.0,Aligned,neutral,结构:STRUCTURAL_DIVERGENCE(A/A-); 阶段:Deteriorating(B); 触发:Pullback(C); 置信度:Medium,PASSED,B,fallback
00700,腾讯控股,2012-12-14,STRUCTURAL_DIVERGENCE,Deteriorating,Pullback,70.24161831605419,COST_DISADVANTAGE,Medium,BULLISH_WARNING,55.0,Aligned,neutral,结构:STRUCTURAL_DIVERGENCE(A/A-); 阶段:Deteriorating(B); 触发:Pullback(C); 置信度:Medium,PASSED,B,fallback
00700,腾讯控股,2012-12-21,STRUCTURAL_DIVERGENCE,Deteriorating,Consolidation,70.24161831605419,COST_DISADVANTAGE,Medium,BULLISH_WARNING,55.0,Aligned,neutral,结构:STRUCTURAL_DIVERGENCE(A/A-); 阶段:Deteriorating(B); 触发:Consolidation(C); 置信度:Medium,PASSED,B,fallback
00700,腾讯控股,2012-12-28,STRUCTURAL_DIVERGENCE,Deteriorating,Consolidation,70.24161831605419,COST_DISADVANTAGE,Medium,BULLISH_WARNING,55.0,Aligned,neutral,结构:STRUCTURAL_DIVERGENCE(A/A-); 阶段:Deteriorating(B); 触发:Consolidation(C); 置信度:Medium,PASSED,B,fallback
00700,腾讯控股,2013-01-04,STRUCTURAL_DIVERGENCE,Stable,Consolidation,87.32584783640853,COST_DISADVANTAGE,Medium,BULLISH_WARNING,55.0,Aligned,neutral,结构:STRUCTURAL_DIVERGENCE(A/A-); 阶段:Stable(B); 触发:Consolidation(C); 置信度:Medium,PASSED,B,fallback
00700,腾讯控股,2013-01-11,STRUCTURAL_DIVERGENCE,Stable,Consolidation,87.32584783640853,COST_DISADVANTAGE,Medium,BULLISH_WARNING,55.0,Aligned,neutral,结构:STRUCTURAL_DIVERGENCE(A/A-); 阶段:Stable(B); 触发:Consolidation(C); 置信度:Medium,PASSED,B,fallback
00700,腾讯控股,2013-01-18,STRUCTURAL_DIVERGENCE,Stable,Consolidation,87.32584783640853,COST_DISADVANTAGE,Medium,BULLISH_WARNING,55.0,Aligned,neutral,结构:STRUCTURAL_DIVERGENCE(A/A-); 阶段:Stable(B); 触发:Consolidation(C); 置信度:Medium,PASSED,B,fallback
00700,腾讯控股,2013-01-25,STRUCTURAL_DIVERGENCE,Stable,Consolidation,87.32584783640853,COST_DISADVANTAGE,Medium,BULLISH_WARNING,55.0,Aligned,neutral,结构:STRUCTURAL_DIVERGENCE(A/A-); 阶段:Stable(B); 触发:Consolidation(C); 置信度:Medium,PASSED,B,fallback
00700,腾讯控股,2013-02-01,STRUCTURAL_DIVERGENCE,Stable,Consolidation,66.94754175109493,COST_DISADVANTAGE,Medium,BULLISH_WARNING,55.0,Aligned,neutral,结构:STRUCTURAL_DIVERGENCE(A/A-); 阶段:Stable(B); 触发:Consolidation(C); 置信度:Medium,PASSED,B,fallback
00700,腾讯控股,2013-02-08,STRUCTURAL_DIVERGENCE,Stable,Consolidation,66.94754175109493,COST_DISADVANTAGE,Medium,BULLISH_WARNING,55.0,Aligned,neutral,结构:STRUCTURAL_DIVERGENCE(A/A-); 阶段:Stable(B); 触发:Consolidation(C); 置信度:Medium,PASSED,B,fallback
00700,腾讯控股,2013-02-15,STRUCTURAL_DECLINE,Stable,Consolidation,66.94754175109493,COST_DISADVANTAGE,Low,BEARISH_CONFIRMED,20.0,Aligned,neutral,结构:STRUCTURAL_DECLINE(A/A-); 阶段:Stable(B); 触发:Consolidation(C); 置信度:Low,PASSED,C,fallback
00700,腾讯控股,2013-02-22,STRUCTURAL_DECLINE,Stable,Pullback,66.94754175109493,COST_DISADVANTAGE,Low,BEARISH_CONFIRMED,20.0,Aligned,neutral,结构:STRUCTURAL_DECLINE(A/A-); 阶段:Stable(B); 触发:Pullback(C); 置信度:Low,PASSED,C,fallback
00700,腾讯控股,2013-03-01,STRUCTURAL_DECLINE,Deteriorating,Consolidation,84.3494710550643,COST_DISADVANTAGE,Low,BEARISH_CONFIRMED,20.0,Aligned,neutral,结构:STRUCTURAL_DECLINE(A/A-); 阶段:Deteriorating(B); 触发:Consolidation(C); 置信度:Low,PASSED,C,fallback
00700,腾讯控股,2013-03-08,STRUCTURAL_DECLINE,Deteriorating,Consolidation,84.3494710550643,COST_DISADVANTAGE,Low,BEARISH_CONFIRMED,20.0,Aligned,neutral,结构:STRUCTURAL_DECLINE(A/A-); 阶段:Deteriorating(B); 触发:Consolidation(C); 置信度:Low,PASSED,C,fallback
00700,腾讯控股,2013-03-15,STRUCTURAL_DECLINE,Deteriorating,Consolidation,84.3494710550643,COST_DISADVANTAGE,Low,BEARISH_CONFIRMED,20.0,Aligned,neutral,结构:STRUCTURAL_DECLINE(A/A-); 阶段:Deteriorating(B); 触发:Consolidation(C); 置信度:Low,PASSED,C,fallback
00700,腾讯控股,2013-03-22,STRUCTURAL_DECLINE,Deteriorating,Consolidation,84.3494710550643,COST_DISADVANTAGE,Low,BEARISH_CONFIRMED,20.0,Aligned,neutral,结构:STRUCTURAL_DECLINE(A/A-); 阶段:Deteriorating(B); 触发:Consolidation(C); 置信度:Low,PASSED,C,fallback
00700,腾讯控股,2013-03-29,STRUCTURAL_DECLINE,Deteriorating,Consolidation,84.3494710550643,COST_DISADVANTAGE,Low,BEARISH_CONFIRMED,20.0,Aligned,neutral,结构:STRUCTURAL_DECLINE(A/A-); 阶段:Deteriorating(B); 触发:Consolidation(C); 置信度:Low,PASSED,C,fallback
00700,腾讯控股,2013-04-05,STRUCTURAL_DECLINE,Deteriorating,Breakdown,32.153785536457505,COST_DISADVANTAGE,Low,BEARISH_CONFIRMED,20.0,Aligned,neutral,结构:STRUCTURAL_DECLINE(A/A-); 阶段:Deteriorating(B); 触发:Breakdown(C); 置信度:Low,PASSED,C,matrix
00700,腾讯控股,2013-04-12,STRUCTURAL_DECLINE,Deteriorating,Consolidation,32.153785536457505,COST_DISADVANTAGE,Low,BEARISH_CONFIRMED,20.0,Aligned,neutral,结构:STRUCTURAL_DECLINE(A/A-); 阶段:Deteriorating(B); 触发:Consolidation(C); 置信度:Low,PASSED,C,fallback
00700,腾讯控股,2013-04-19,STRUCTURAL_DECLINE,Deteriorating,Consolidation,32.153785536457505,COST_DISADVANTAGE,Low,BEARISH_CONFIRMED,20.0,Aligned,neutral,结构:STRUCTURAL_DECLINE(A/A-); 阶段:Deteriorating(B); 触发:Consolidation(C); 置信度:Low,PASSED,C,fallback
00700,腾讯控股,2013-04-26,STRUCTURAL_DECLINE,Deteriorating,Consolidation,32.153785536457505,COST_DISADVANTAGE,Low,BEARISH_CONFIRMED,20.0,Aligned,neutral,结构:STRUCTURAL_DECLINE(A/A-); 阶段:Deteriorating(B); 触发:Consolidation(C); 置信度:Low,PASSED,C,fallback
00700,腾讯控股,2013-05-03,STRUCTURAL_DECLINE,Improving,Consolidation,40.42023675838533,COST_DISADVANTAGE,Low,BEARISH_CONFIRMED,20.0,Divergence,neutral,结构:STRUCTURAL_DECLINE(A/A-); 阶段:Improving(B); 触发:Consolidation(C); 置信度:Low,PASSED,C,fallback
00700,腾讯控股,2013-05-10,STRUCTURAL_DECLINE,Improving,Consolidation,40.42023675838533,COST_DISADVANTAGE,Low,BEARISH_CONFIRMED,20.0,Divergence,neutral,结构:STRUCTURAL_DECLINE(A/A-); 阶段:Improving(B); 触发:Consolidation(C); 置信度:Low,PASSED,C,fallback
00700,腾讯控股,2013-05-17,STRUCTURAL_DECLINE,Improving,Consolidation,40.42023675838533,COST_DISADVANTAGE,Low,BEARISH_CONFIRMED,20.0,Divergence,neutral,结构:STRUCTURAL_DECLINE(A/A-); 阶段:Improving(B); 触发:Consolidation(C); 置信度:Low,PASSED,B,fallback
00700,腾讯控股,2013-05-24,STRUCTURAL_DECLINE,Improving,Consolidation,40.42023675838533,COST_DISADVANTAGE,Low,BEARISH_CONFIRMED,20.0,Divergence,neutral,结构:STRUCTURAL_DECLINE(A/A-); 阶段:Improving(B); 触发:Consolidation(C); 置信度:Low,PASSED,B,fallback
00700,腾讯控股,2013-05-31,STRUCTURAL_DECLINE,Stable,Consolidation,35.204958236666535,COST_DISADVANTAGE,Low,BEARISH_CONFIRMED,20.0,Aligned,neutral,结构:STRUCTURAL_DECLINE(A/A-); 阶段:Stable(B); 触发:Consolidation(C); 置信度:Low,PASSED,B,fallback
00700,腾讯控股,2013-06-07,STRUCTURAL_DECLINE,Stable,Consolidation,35.204958236666535,COST_DISADVANTAGE,Low,BEARISH_CONFIRMED,20.0,Aligned,neutral,结构:STRUCTURAL_DECLINE(A/A-); 阶段:Stable(B); 触发:Consolidation(C); 置信度:Low,PASSED,B,fallback
00700,腾讯控股,2013-06-14,STRUCTURAL_DECLINE,Stable,Consolidation,35.204958236666535,COST_DISADVANTAGE,Low,BEARISH_CONFIRMED,20.0,Aligned,neutral,结构:STRUCTURAL_DECLINE(A/A-); 阶段:Stable(B); 触发:Consolidation(C); 置信度:Low,PASSED,B,fallback
00700,腾讯控股,2013-06-21,STRUCTURAL_DECLINE,Stable,Pullback,35.204958236666535,COST_DISADVANTAGE,Low,BEARISH_CONFIRMED,20.0,Aligned,neutral,结构:STRUCTURAL_DECLINE(A/A-); 阶段:Stable(B); 触发:Pullback(C); 置信度:Low,PASSED,B,fallback
00700,腾讯控股,2013-06-28,STRUCTURAL_DECLINE,Stable,Consolidation,35.204958236666535,COST_DISADVANTAGE,Low,BEARISH_CONFIRMED,20.0,Aligned,neutral,结构:STRUCTURAL_DECLINE(A/A-); 阶段:Stable(B); 触发:Consolidation(C); 置信度:Low,PASSED,B,fallback
00700,腾讯控股,2013-07-05,STRUCTURAL_DECLINE,Stable,Consolidation,36.43693324361426,COST_DISADVANTAGE,Low,BEARISH_CONFIRMED,20.0,Aligned,neutral,结构:STRUCTURAL_DECLINE(A/A-); 阶段:Stable(B); 触发:Consolidation(C); 置信度:Low,PASSED,B,fallback
00700,腾讯控股,2013-07-12,STRUCTURAL_DECLINE,Stable,Consolidation,36.43693324361426,COST_DISADVANTAGE,Low,BEARISH_CONFIRMED,20.0,Aligned,neutral,结构:STRUCTURAL_DECLINE(A/A-); 阶段:Stable(B); 触发:Consolidation(C); 置信度:Low,PASSED,B,fallback
00700,腾讯控股,2013-07-19,STRUCTURAL_DECLINE,Stable,Consolidation,36.43693324361426,COST_DISADVANTAGE,Low,BEARISH_CONFIRMED,20.0,Aligned,neutral,结构:STRUCTURAL_DECLINE(A/A-); 阶段:Stable(B); 触发:Consolidation(C); 置信度:Low,PASSED,B,fallback
00700,腾讯控股,2013-07-26,STRUCTURAL_DECLINE,Stable,Consolidation,36.43693324361426,COST_DISADVANTAGE,Low,BEARISH_CONFIRMED,20.0,Aligned,neutral,结构:STRUCTURAL_DECLINE(A/A-); 阶段:Stable(B); 触发:Consolidation(C); 置信度:Low,PASSED,B,fallback
00700,腾讯控股,2013-08-02,STRUCTURAL_DECLINE,Improving,Consolidation,35.65524529652771,COST_DISADVANTAGE,Low,BEARISH_CONFIRMED,20.0,Divergence,neutral,结构:STRUCTURAL_DECLINE(A/A-); 阶段:Improving(B); 触发:Consolidation(C); 置信度:Low,PASSED,B,fallback
00700,腾讯控股,2013-08-09,STRUCTURAL_DECLINE,Improving,Consolidation,35.65524529652771,COST_DISADVANTAGE,Low,BEARISH_CONFIRMED,20.0,Divergence,neutral,结构:STRUCTURAL_DECLINE(A/A-); 阶段:Improving(B); 触发:Consolidation(C); 置信度:Low,PASSED,B,fallback
00700,腾讯控股,2013-08-16,STRUCTURAL_DECLINE,Improving,Consolidation,35.65524529652771,COST_DISADVANTAGE,Medium,BEARISH_CONFIRMED,20.0,Divergence,neutral,结构:STRUCTURAL_DECLINE(A/A-); 阶段:Improving(B); 触发:Consolidation(C); 置信度:Medium,PASSED,B,fallback
00700,腾讯控股,2013-08-23,STRUCTURAL_DECLINE,Improving,Consolidation,35.65524529652771,COST_DISADVANTAGE,Medium,BEARISH_CONFIRMED,20.0,Divergence,neutral,结构:STRUCTURAL_DECLINE(A/A-); 阶段:Improving(B); 触发:Consolidation(C); 置信度:Medium,PASSED,B,fallback
00700,腾讯控股,2013-08-30,STRUCTURAL_DECLINE,Improving,Consolidation,35.65524529652771,COST_DISADVANTAGE,Medium,BEARISH_CONFIRMED,20.0,Divergence,neutral,结构:STRUCTURAL_DECLINE(A/A-); 阶段:Improving(B); 触发:Consolidation(C); 置信度:Medium,PASSED,B,fallback
00700,腾讯控股,2013-09-06,STRUCTURAL_DECLINE,Improving,Consolidation,47.83727809052371,COST_DISADVANTAGE,Medium,BEARISH_CONFIRMED,20.0,Divergence,neutral,结构:STRUCTURAL_DECLINE(A/A-); 阶段:Improving(B); 触发:Consolidation(C); 置信度:Medium,PASSED,B,fallback
00700,腾讯控股,2013-09-13,STRUCTURAL_DECLINE,Improving,Consolidation,47.83727809052371,COST_DISADVANTAGE,Medium,BEARISH_CONFIRMED,20.0,Divergence,neutral,结构:STRUCTURAL_DECLINE(A/A-); 阶段:Improving(B); 触发:Consolidation(C); 置信度:Medium,PASSED,B,fallback
00700,腾讯控股,2013-09-20,STRUCTURAL_DECLINE,Improving,Consolidation,47.83727809052371,COST_DISADVANTAGE,Medium,BEARISH_CONFIRMED,20.0,Divergence,neutral,结构:STRUCTURAL_DECLINE(A/A-); 阶段:Improving(B); 触发:Consolidation(C); 置信度:Medium,PASSED,B,fallback
00700,腾讯控股,2013-09-27,STRUCTURAL_DECLINE,Improving,Consolidation,47.83727809052371,COST_DISADVANTAGE,Medium,BEARISH_CONFIRMED,20.0,Divergence,neutral,结构:STRUCTURAL_DECLINE(A/A-); 阶段:Improving(B); 触发:Consolidation(C); 置信度:Medium,PASSED,B,fallback
00700,腾讯控股,2013-10-04,STRUCTURAL_DECLINE,Improving,Consolidation,53.469349591238135,COST_DISADVANTAGE,Medium,BEARISH_CONFIRMED,20.0,Divergence,neutral,结构:STRUCTURAL_DECLINE(A/A-); 阶段:Improving(B); 触发:Consolidation(C); 置信度:Medium,PASSED,B,fallback
00700,腾讯控股,2013-10-11,STRUCTURAL_DECLINE,Improving,Consolidation,53.469349591238135,COST_DISADVANTAGE,Medium,BEARISH_CONFIRMED,20.0,Divergence,neutral,结构:STRUCTURAL_DECLINE(A/A-); 阶段:Improving(B); 触发:Consolidation(C); 置信度:Medium,PASSED,B,fallback
00700,腾讯控股,2013-10-18,STRUCTURAL_DECLINE,Improving,Consolidation,53.469349591238135,COST_DISADVANTAGE,Medium,BEARISH_CONFIRMED,20.0,Divergence,neutral,结构:STRUCTURAL_DECLINE(A/A-); 阶段:Improving(B); 触发:Consolidation(C); 置信度:Medium,PASSED,B,fallback
00700,腾讯控股,2013-10-25,STRUCTURAL_DECLINE,Improving,Consolidation,53.469349591238135,COST_DISADVANTAGE,Medium,BEARISH_CONFIRMED,20.0,Divergence,neutral,结构:STRUCTURAL_DECLINE(A/A-); 阶段:Improving(B); 触发:Consolidation(C); 置信度:Medium,PASSED,B,fallback
00700,腾讯控股,2013-11-01,STRUCTURAL_DECLINE,Improving,Consolidation,65.61529693269117,COST_DISADVANTAGE,Medium,BEARISH_CONFIRMED,20.0,Divergence,neutral,结构:STRUCTURAL_DECLINE(A/A-); 阶段:Improving(B); 触发:Consolidation(C); 置信度:Medium,PASSED,B,fallback
00700,腾讯控股,2013-11-08,STRUCTURAL_DECLINE,Improving,Pullback,65.61529693269117,COST_DISADVANTAGE,Medium,BEARISH_CONFIRMED,20.0,Divergence,neutral,结构:STRUCTURAL_DECLINE(A/A-); 阶段:Improving(B); 触发:Pullback(C); 置信度:Medium,PASSED,B,fallback
00700,腾讯控股,2013-11-15,STRUCTURAL_DIVERGENCE,Improving,Consolidation,65.61529693269117,COST_DISADVANTAGE,Low,BULLISH_WARNING,55.0,Aligned,neutral,结构:STRUCTURAL_DIVERGENCE(A/A-); 阶段:Improving(B); 触发:Consolidation(C); 置信度:Low,PASSED,C,fallback
00700,腾讯控股,2013-11-22,STRUCTURAL_DIVERGENCE,Improving,Consolidation,65.61529693269117,COST_DISADVANTAGE,Low,BULLISH_WARNING,55.0,Aligned,neutral,结构:STRUCTURAL_DIVERGENCE(A/A-); 阶段:Improving(B); 触发:Consolidation(C); 置信度:Low,PASSED,C,fallback
00700,腾讯控股,2013-11-29,STRUCTURAL_DIVERGENCE,Improving,Consolidation,65.61529693269117,COST_DISADVANTAGE,Low,BULLISH_WARNING,55.0,Aligned,neutral,结构:STRUCTURAL_DIVERGENCE(A/A-); 阶段:Improving(B); 触发:Consolidation(C); 置信度:Low,PASSED,C,fallback
00700,腾讯控股,2013-12-06,STRUCTURAL_DIVERGENCE,Improving,Consolidation,46.27033348205935,COST_DISADVANTAGE,Low,BULLISH_WARNING,55.0,Aligned,neutral,结构:STRUCTURAL_DIVERGENCE(A/A-); 阶段:Improving(B); 触发:Consolidation(C); 置信度:Low,PASSED,C,fallback
00700,腾讯控股,2013-12-13,STRUCTURAL_DIVERGENCE,Improving,Consolidation,46.27033348205935,COST_DISADVANTAGE,Low,BULLISH_WARNING,55.0,Aligned,neutral,结构:STRUCTURAL_DIVERGENCE(A/A-); 阶段:Improving(B); 触发:Consolidation(C); 置信度:Low,PASSED,C,fallback
00700,腾讯控股,2013-12-20,STRUCTURAL_DIVERGENCE,Improving,Consolidation,46.27033348205935,COST_DISADVANTAGE,Low,BULLISH_WARNING,55.0,Aligned,neutral,结构:STRUCTURAL_DIVERGENCE(A/A-); 阶段:Improving(B); 触发:Consolidation(C); 置信度:Low,PASSED,C,fallback
00700,腾讯控股,2013-12-27,STRUCTURAL_DIVERGENCE,Improving,Consolidation,46.27033348205935,COST_DISADVANTAGE,Low,BULLISH_WARNING,55.0,Aligned,neutral,结构:STRUCTURAL_DIVERGENCE(A/A-); 阶段:Improving(B); 触发:Consolidation(C); 置信度:Low,PASSED,C,fallback
00700,腾讯控股,2014-01-03,STRUCTURAL_DIVERGENCE,Improving,Consolidation,72.36850469439865,COST_DISADVANTAGE,Low,BULLISH_WARNING,55.0,Aligned,neutral,结构:STRUCTURAL_DIVERGENCE(A/A-); 阶段:Improving(B); 触发:Consolidation(C); 置信度:Low,PASSED,C,fallback
00700,腾讯控股,2014-01-10,STRUCTURAL_DIVERGENCE,Improving,Consolidation,72.36850469439865,COST_DISADVANTAGE,Low,BULLISH_WARNING,55.0,Aligned,neutral,结构:STRUCTURAL_DIVERGENCE(A/A-); 阶段:Improving(B); 触发:Consolidation(C); 置信度:Low,PASSED,C,fallback
00700,腾讯控股,2014-01-17,STRUCTURAL_DIVERGENCE,Improving,Consolidation,72.36850469439865,COST_DISADVANTAGE,Low,BULLISH_WARNING,55.0,Aligned,neutral,结构:STRUCTURAL_DIVERGENCE(A/A-); 阶段:Improving(B); 触发:Consolidation(C); 置信度:Low,PASSED,C,fallback
00700,腾讯控股,2014-01-24,STRUCTURAL_DIVERGENCE,Improving,Consolidation,72.36850469439865,COST_DISADVANTAGE,Low,BULLISH_WARNING,55.0,Aligned,neutral,结构:STRUCTURAL_DIVERGENCE(A/A-); 阶段:Improving(B); 触发:Consolidation(C); 置信度:Low,PASSED,C,fallback
00700,腾讯控股,2014-01-31,STRUCTURAL_DIVERGENCE,Stable,Consolidation,48.11644993925975,COST_DISADVANTAGE,Low,BULLISH_WARNING,55.0,Aligned,neutral,结构:STRUCTURAL_DIVERGENCE(A/A-); 阶段:Stable(B); 触发:Consolidation(C); 置信度:Low,PASSED,C,fallback
00700,腾讯控股,2014-02-07,STRUCTURAL_DIVERGENCE,Stable,Consolidation,48.11644993925975,COST_DISADVANTAGE,Low,BULLISH_WARNING,55.0,Aligned,neutral,结构:STRUCTURAL_DIVERGENCE(A/A-); 阶段:Stable(B); 触发:Consolidation(C); 置信度:Low,PASSED,C,fallback
00700,腾讯控股,2014-02-14,STRUCTURAL_DIVERGENCE,Stable,Consolidation,48.11644993925975,COST_DISADVANTAGE,Low,BULLISH_WARNING,55.0,Aligned,neutral,结构:STRUCTURAL_DIVERGENCE(A/A-); 阶段:Stable(B); 触发:Consolidation(C); 置信度:Low,PASSED,C,fallback
00700,腾讯控股,2014-02-21,STRUCTURAL_DIVERGENCE,Stable,Consolidation,48.11644993925975,COST_DISADVANTAGE,Low,BULLISH_WARNING,55.0,Aligned,neutral,结构:STRUCTURAL_DIVERGENCE(A/A-); 阶段:Stable(B); 触发:Consolidation(C); 置信度:Low,PASSED,C,fallback
00700,腾讯控股,2014-02-28,STRUCTURAL_DIVERGENCE,Stable,Consolidation,50.07691499182128,COST_NEUTRAL,Low,BULLISH_WARNING,55.0,Aligned,neutral,结构:STRUCTURAL_DIVERGENCE(A/A-); 阶段:Stable(B); 触发:Consolidation(C); 置信度:Low,PASSED,C,fallback
00700,腾讯控股,2014-03-07,STRUCTURAL_DIVERGENCE,Stable,Consolidation,50.07691499182128,COST_NEUTRAL,Low,BULLISH_WARNING,55.0,Aligned,neutral,结构:STRUCTURAL_DIVERGENCE(A/A-); 阶段:Stable(B); 触发:Consolidation(C); 置信度:Low,PASSED,C,fallback
00700,腾讯控股,2014-03-14,STRUCTURAL_DIVERGENCE,Stable,Pullback,50.07691499182128,COST_NEUTRAL,Low,BULLISH_WARNING,55.0,Aligned,neutral,结构:STRUCTURAL_DIVERGENCE(A/A-); 阶段:Stable(B); 触发:Pullback(C); 置信度:Low,PASSED,C,fallback
00700,腾讯控股,2014-03-21,STRUCTURAL_DIVERGENCE,Stable,Pullback,50.07691499182128,COST_NEUTRAL,Low,BULLISH_WARNING,55.0,Aligned,neutral,结构:STRUCTURAL_DIVERGENCE(A/A-); 阶段:Stable(B); 触发:Pullback(C); 置信度:Low,PASSED,C,fallback
00700,腾讯控股,2014-03-28,STRUCTURAL_DIVERGENCE,Stable,Pullback,50.07691499182128,COST_NEUTRAL,Low,BULLISH_WARNING,55.0,Aligned,neutral,结构:STRUCTURAL_DIVERGENCE(A/A-); 阶段:Stable(B); 触发:Pullback(C); 置信度:Low,PASSED,C,fallback
00700,腾讯控股,2014-04-04,STRUCTURAL_DIVERGENCE,Deteriorating,Pullback,34.55495257875703,COST_DISADVANTAGE,Low,BULLISH_WARNING,55.0,Aligned,neutral,结构:STRUCTURAL_DIVERGENCE(A/A-); 阶段:Deteriorating(B); 触发:Pullback(C); 置信度:Low,PASSED,C,fallback
00700,腾讯控股,2014-04-11,STRUCTURAL_DIVERGENCE,Deteriorating,Pullback,34.55495257875703,COST_DISADVANTAGE,Low,BULLISH_WARNING,55.0,Aligned,neutral,结构:STRUCTURAL_DIVERGENCE(A/A-); 阶段:Deteriorating(B); 触发:Pullback(C); 置信度:Low,PASSED,C,fallback
00700,腾讯控股,2014-04-18,STRUCTURAL_DIVERGENCE,Deteriorating,Pullback,34.55495257875703,COST_DISADVANTAGE,Low,BULLISH_WARNING,55.0,Aligned,neutral,结构:STRUCTURAL_DIVERGENCE(A/A-); 阶段:Deteriorating(B); 触发:Pullback(C); 置信度:Low,PASSED,C,fallback
00700,腾讯控股,2014-04-25,STRUCTURAL_DIVERGENCE,Deteriorating,Pullback,34.55495257875703,COST_DISADVANTAGE,Low,BULLISH_WARNING,55.0,Aligned,neutral,结构:STRUCTURAL_DIVERGENCE(A/A-); 阶段:Deteriorating(B); 触发:Pullback(C); 置信度:Low,PASSED,C,fallback
00700,腾讯控股,2014-05-02,STRUCTURAL_DIVERGENCE,Deteriorating,Consolidation,30.819527459929077,COST_DISADVANTAGE,Low,BULLISH_WARNING,55.0,Aligned,neutral,结构:STRUCTURAL_DIVERGENCE(A/A-); 阶段:Deteriorating(B); 触发:Consolidation(C); 置信度:Low,PASSED,C,fallback
00700,腾讯控股,2014-05-09,STRUCTURAL_DIVERGENCE,Deteriorating,Consolidation,30.819527459929077,COST_DISADVANTAGE,Low,BULLISH_WARNING,55.0,Aligned,neutral,结构:STRUCTURAL_DIVERGENCE(A/A-); 阶段:Deteriorating(B); 触发:Consolidation(C); 置信度:Low,PASSED,C,fallback
00700,腾讯控股,2014-05-16,STRUCTURAL_DIVERGENCE,Deteriorating,Consolidation,30.819527459929077,COST_DISADVANTAGE,Low,BULLISH_WARNING,55.0,Aligned,neutral,结构:STRUCTURAL_DIVERGENCE(A/A-); 阶段:Deteriorating(B); 触发:Consolidation(C); 置信度:Low,PASSED,C,fallback
00700,腾讯控股,2014-05-23,STRUCTURAL_DIVERGENCE,Deteriorating,Consolidation,30.819527459929077,COST_DISADVANTAGE,Low,BULLISH_WARNING,55.0,Aligned,neutral,结构:STRUCTURAL_DIVERGENCE(A/A-); 阶段:Deteriorating(B); 触发:Consolidation(C); 置信度:Low,PASSED,C,fallback
00700,腾讯控股,2014-05-30,STRUCTURAL_DIVERGENCE,Deteriorating,Consolidation,30.819527459929077,COST_DISADVANTAGE,Low,BULLISH_WARNING,55.0,Aligned,neutral,结构:STRUCTURAL_DIVERGENCE(A/A-); 阶段:Deteriorating(B); 触发:Consolidation(C); 置信度:Low,PASSED,C,fallback
00700,腾讯控股,2014-06-06,STRUCTURAL_DIVERGENCE,Improving,Consolidation,37.51070474448072,COST_DISADVANTAGE,Low,BULLISH_WARNING,55.0,Aligned,neutral,结构:STRUCTURAL_DIVERGENCE(A/A-); 阶段:Improving(B); 触发:Consolidation(C); 置信度:Low,PASSED,C,fallback
00700,腾讯控股,2014-06-13,STRUCTURAL_DIVERGENCE,Improving,Consolidation,37.51070474448072,COST_DISADVANTAGE,Low,BULLISH_WARNING,55.0,Aligned,neutral,结构:STRUCTURAL_DIVERGENCE(A/A-); 阶段:Improving(B); 触发:Consolidation(C); 置信度:Low,PASSED,C,fallback
00700,腾讯控股,2014-06-20,STRUCTURAL_DIVERGENCE,Improving,Consolidation,37.51070474448072,COST_DISADVANTAGE,Low,BULLISH_WARNING,55.0,Aligned,neutral,结构:STRUCTURAL_DIVERGENCE(A/A-); 阶段:Improving(B); 触发:Consolidation(C); 置信度:Low,PASSED,C,fallback
00700,腾讯控股,2014-06-27,STRUCTURAL_DIVERGENCE,Improving,Consolidation,37.51070474448072,COST_DISADVANTAGE,Low,BULLISH_WARNING,55.0,Aligned,neutral,结构:STRUCTURAL_DIVERGENCE(A/A-); 阶段:Improving(B); 触发:Consolidation(C); 置信度:Low,PASSED,C,fallback
00700,腾讯控股,2014-07-04,STRUCTURAL_DIVERGENCE,Improving,Consolidation,47.50883865868421,COST_DISADVANTAGE,Low,BULLISH_WARNING,55.0,Aligned,neutral,结构:STRUCTURAL_DIVERGENCE(A/A-); 阶段:Improving(B); 触发:Consolidation(C); 置信度:Low,PASSED,C,fallback
00700,腾讯控股,2014-07-11,STRUCTURAL_DIVERGENCE,Improving,Consolidation,47.50883865868421,COST_DISADVANTAGE,Low,BULLISH_WARNING,55.0,Aligned,neutral,结构:STRUCTURAL_DIVERGENCE(A/A-); 阶段:Improving(B); 触发:Consolidation(C); 置信度:Low,PASSED,C,fallback
00700,腾讯控股,2014-07-18,STRUCTURAL_DIVERGENCE,Improving,Consolidation,47.50883865868421,COST_DISADVANTAGE,Low,BULLISH_WARNING,55.0,Aligned,neutral,结构:STRUCTURAL_DIVERGENCE(A/A-); 阶段:Improving(B); 触发:Consolidation(C); 置信度:Low,PASSED,C,fallback
00700,腾讯控股,2014-07-25,STRUCTURAL_DIVERGENCE,Improving,Consolidation,47.50883865868421,COST_DISADVANTAGE,Low,BULLISH_WARNING,55.0,Aligned,neutral,结构:STRUCTURAL_DIVERGENCE(A/A-); 阶段:Improving(B); 触发:Consolidation(C); 置信度:Low,PASSED,C,fallback
00700,腾讯控股,2014-08-01,STRUCTURAL_DIVERGENCE,Improving,Consolidation,39.88593171115178,COST_DISADVANTAGE,Low,BULLISH_WARNING,55.0,Aligned,neutral,结构:STRUCTURAL_DIVERGENCE(A/A-); 阶段:Improving(B); 触发:Consolidation(C); 置信度:Low,PASSED,C,fallback
00700,腾讯控股,2014-08-08,STRUCTURAL_DIVERGENCE,Improving,Consolidation,39.88593171115178,COST_DISADVANTAGE,Low,BULLISH_WARNING,55.0,Aligned,neutral,结构:STRUCTURAL_DIVERGENCE(A/A-); 阶段:Improving(B); 触发:Consolidation(C); 置信度:Low,PASSED,C,fallback
00700,腾讯控股,2014-08-15,STRUCTURAL_DIVERGENCE,Improving,Consolidation,39.88593171115178,COST_DISADVANTAGE,Low,BULLISH_WARNING,55.0,Aligned,neutral,结构:STRUCTURAL_DIVERGENCE(A/A-); 阶段:Improving(B); 触发:Consolidation(C); 置信度:Low,PASSED,C,fallback
00700,腾讯控股,2014-08-22,STRUCTURAL_DIVERGENCE,Improving,Consolidation,39.88593171115178,COST_DISADVANTAGE,Low,BULLISH_WARNING,55.0,Aligned,neutral,结构:STRUCTURAL_DIVERGENCE(A/A-); 阶段:Improving(B); 触发:Consolidation(C); 置信度:Low,PASSED,C,fallback
00700,腾讯控股,2014-08-29,STRUCTURAL_DIVERGENCE,Improving,Pullback,39.88593171115178,COST_DISADVANTAGE,Low,BULLISH_WARNING,55.0,Aligned,neutral,结构:STRUCTURAL_DIVERGENCE(A/A-); 阶段:Improving(B); 触发:Pullback(C); 置信度:Low,PASSED,C,fallback
00700,腾讯控股,2014-09-05,STRUCTURAL_DIVERGENCE,Deteriorating,Consolidation,47.74261966496029,COST_DISADVANTAGE,Low,BULLISH_WARNING,55.0,Aligned,neutral,结构:STRUCTURAL_DIVERGENCE(A/A-); 阶段:Deteriorating(B); 触发:Consolidation(C); 置信度:Low,PASSED,C,fallback
00700,腾讯控股,2014-09-12,STRUCTURAL_DIVERGENCE,Deteriorating,Pullback,47.74261966496029,COST_DISADVANTAGE,Low,BULLISH_WARNING,55.0,Aligned,neutral,结构:STRUCTURAL_DIVERGENCE(A/A-); 阶段:Deteriorating(B); 触发:Pullback(C); 置信度:Low,PASSED,C,fallback
00700,腾讯控股,2014-09-19,STRUCTURAL_DIVERGENCE,Deteriorating,Pullback,47.74261966496029,COST_DISADVANTAGE,Low,BULLISH_WARNING,55.0,Aligned,neutral,结构:STRUCTURAL_DIVERGENCE(A/A-); 阶段:Deteriorating(B); 触发:Pullback(C); 置信度:Low,PASSED,C,fallback
00700,腾讯控股,2014-09-26,STRUCTURAL_DIVERGENCE,Deteriorating,Consolidation,47.74261966496029,COST_DISADVANTAGE,Low,BULLISH_WARNING,55.0,Aligned,neutral,结构:STRUCTURAL_DIVERGENCE(A/A-); 阶段:Deteriorating(B); 触发:Consolidation(C); 置信度:Low,PASSED,C,fallback
00700,腾讯控股,2014-10-03,STRUCTURAL_DIVERGENCE,Stable,Consolidation,45.64087183706916,COST_DISADVANTAGE,Low,BULLISH_WARNING,55.0,Aligned,neutral,结构:STRUCTURAL_DIVERGENCE(A/A-); 阶段:Stable(B); 触发:Consolidation(C); 置信度:Low,PASSED,C,fallback
00700,腾讯控股,2014-10-10,STRUCTURAL_DIVERGENCE,Stable,Consolidation,45.64087183706916,COST_DISADVANTAGE,Low,BULLISH_WARNING,55.0,Aligned,neutral,结构:STRUCTURAL_DIVERGENCE(A/A-); 阶段:Stable(B); 触发:Consolidation(C); 置信度:Low,PASSED,C,fallback
00700,腾讯控股,2014-10-17,STRUCTURAL_DIVERGENCE,Stable,Consolidation,45.64087183706916,COST_DISADVANTAGE,Low,BULLISH_WARNING,55.0,Aligned,neutral,结构:STRUCTURAL_DIVERGENCE(A/A-); 阶段:Stable(B); 触发:Consolidation(C); 置信度:Low,PASSED,C,fallback
00700,腾讯控股,2014-10-24,STRUCTURAL_DIVERGENCE,Stable,Consolidation,45.64087183706916,COST_DISADVANTAGE,Low,BULLISH_WARNING,55.0,Aligned,neutral,结构:STRUCTURAL_DIVERGENCE(A/A-); 阶段:Stable(B); 触发:Consolidation(C); 置信度:Low,PASSED,C,fallback
00700,腾讯控股,2014-10-31,STRUCTURAL_DIVERGENCE,Improving,Consolidation,58.38308860448401,COST_DISADVANTAGE,Low,BULLISH_WARNING,55.0,Aligned,neutral,结构:STRUCTURAL_DIVERGENCE(A/A-); 阶段:Improving(B); 触发:Consolidation(C); 置信度:Low,PASSED,C,fallback
00700,腾讯控股,2014-11-07,STRUCTURAL_DIVERGENCE,Improving,Consolidation,58.38308860448401,COST_DISADVANTAGE,Low,BULLISH_WARNING,55.0,Aligned,neutral,结构:STRUCTURAL_DIVERGENCE(A/A-); 阶段:Improving(B); 触发:Consolidation(C); 置信度:Low,PASSED,C,fallback
00700,腾讯控股,2014-11-14,STRUCTURAL_DIVERGENCE,Improving,Consolidation,58.38308860448401,COST_DISADVANTAGE,Medium,BULLISH_WARNING,55.0,Aligned,neutral,结构:STRUCTURAL_DIVERGENCE(A/A-); 阶段:Improving(B); 触发:Consolidation(C); 置信度:Medium,PASSED,B,fallback
00700,腾讯控股,2014-11-21,STRUCTURAL_DIVERGENCE,Improving,Pullback,58.38308860448401,COST_DISADVANTAGE,Medium,BULLISH_WARNING,55.0,Aligned,neutral,结构:STRUCTURAL_DIVERGENCE(A/A-); 阶段:Improving(B); 触发:Pullback(C); 置信度:Medium,PASSED,B,fallback
00700,腾讯控股,2014-11-28,STRUCTURAL_DIVERGENCE,Improving,Pullback,58.38308860448401,COST_DISADVANTAGE,Medium,BULLISH_WARNING,55.0,Aligned,neutral,结构:STRUCTURAL_DIVERGENCE(A/A-); 阶段:Improving(B); 触发:Pullback(C); 置信度:Medium,PASSED,B,fallback
00700,腾讯控股,2014-12-05,STRUCTURAL_DIVERGENCE,Stable,Consolidation,45.58282654165508,COST_DISADVANTAGE,Low,BULLISH_WARNING,55.0,Aligned,neutral,结构:STRUCTURAL_DIVERGENCE(A/A-); 阶段:Stable(B); 触发:Consolidation(C); 置信度:Low,PASSED,B,fallback
00700,腾讯控股,2014-12-12,STRUCTURAL_DIVERGENCE,Stable,Consolidation,45.58282654165508,COST_DISADVANTAGE,Low,BULLISH_WARNING,55.0,Aligned,neutral,结构:STRUCTURAL_DIVERGENCE(A/A-); 阶段:Stable(B); 触发:Consolidation(C); 置信度:Low,PASSED,B,fallback
00700,腾讯控股,2014-12-19,STRUCTURAL_DIVERGENCE,Stable,Consolidation,45.58282654165508,COST_DISADVANTAGE,Low,BULLISH_WARNING,55.0,Aligned,neutral,结构:STRUCTURAL_DIVERGENCE(A/A-); 阶段:Stable(B); 触发:Consolidation(C); 置信度:Low,PASSED,B,fallback
00700,腾讯控股,2014-12-26,STRUCTURAL_DIVERGENCE,Stable,Consolidation,45.58282654165508,COST_DISADVANTAGE,Low,BULLISH_WARNING,55.0,Aligned,neutral,结构:STRUCTURAL_DIVERGENCE(A/A-); 阶段:Stable(B); 触发:Consolidation(C); 置信度:Low,PASSED,B,fallback
00700,腾讯控股,2015-01-02,STRUCTURAL_DIVERGENCE,Deteriorating,Consolidation,42.10027731300707,COST_DISADVANTAGE,Low,BULLISH_WARNING,55.0,Aligned,neutral,结构:STRUCTURAL_DIVERGENCE(A/A-); 阶段:Deteriorating(B); 触发:Consolidation(C); 置信度:Low,PASSED,B,fallback
00700,腾讯控股,2015-01-09,STRUCTURAL_DIVERGENCE,Deteriorating,Consolidation,42.10027731300707,COST_DISADVANTAGE,Low,BULLISH_WARNING,55.0,Aligned,neutral,结构:STRUCTURAL_DIVERGENCE(A/A-); 阶段:Deteriorating(B); 触发:Consolidation(C); 置信度:Low,PASSED,B,fallback
00700,腾讯控股,2015-01-16,STRUCTURAL_DIVERGENCE,Deteriorating,Consolidation,42.10027731300707,COST_DISADVANTAGE,Low,BULLISH_WARNING,55.0,Aligned,neutral,结构:STRUCTURAL_DIVERGENCE(A/A-); 阶段:Deteriorating(B); 触发:Consolidation(C); 置信度:Low,PASSED,B,fallback
00700,腾讯控股,2015-01-23,STRUCTURAL_DIVERGENCE,Deteriorating,Consolidation,42.10027731300707,COST_DISADVANTAGE,Low,BULLISH_WARNING,55.0,Aligned,neutral,结构:STRUCTURAL_DIVERGENCE(A/A-); 阶段:Deteriorating(B); 触发:Consolidation(C); 置信度:Low,PASSED,B,fallback
00700,腾讯控股,2015-01-30,STRUCTURAL_DIVERGENCE,Deteriorating,Consolidation,42.10027731300707,COST_DISADVANTAGE,Low,BULLISH_WARNING,55.0,Aligned,neutral,结构:STRUCTURAL_DIVERGENCE(A/A-); 阶段:Deteriorating(B); 触发:Consolidation(C); 置信度:Low,PASSED,B,fallback
00700,腾讯控股,2015-02-06,STRUCTURAL_DIVERGENCE,Improving,Consolidation,38.91426103510061,COST_DISADVANTAGE,Low,BULLISH_WARNING,55.0,Aligned,neutral,结构:STRUCTURAL_DIVERGENCE(A/A-); 阶段:Improving(B); 触发:Consolidation(C); 置信度:Low,PASSED,B,fallback
00700,腾讯控股,2015-02-13,STRUCTURAL_DIVERGENCE,Improving,Consolidation,38.91426103510061,COST_DISADVANTAGE,Low,BULLISH_WARNING,55.0,Aligned,neutral,结构:STRUCTURAL_DIVERGENCE(A/A-); 阶段:Improving(B); 触发:Consolidation(C); 置信度:Low,PASSED,B,fallback
00700,腾讯控股,2015-02-20,STRUCTURAL_DIVERGENCE,Improving,Consolidation,38.91426103510061,COST_DISADVANTAGE,Low,BULLISH_WARNING,55.0,Aligned,neutral,结构:STRUCTURAL_DIVERGENCE(A/A-); 阶段:Improving(B); 触发:Consolidation(C); 置信度:Low,PASSED,B,fallback
00700,腾讯控股,2015-02-27,STRUCTURAL_DIVERGENCE,Improving,Consolidation,38.91426103510061,COST_DISADVANTAGE,Low,BULLISH_WARNING,55.0,Aligned,neutral,结构:STRUCTURAL_DIVERGENCE(A/A-); 阶段:Improving(B); 触发:Consolidation(C); 置信度:Low,PASSED,B,fallback
00700,腾讯控股,2015-03-06,STRUCTURAL_DIVERGENCE,Improving,Pullback,50.73217450354244,COST_DISADVANTAGE,Medium,BULLISH_WARNING,55.0,Aligned,neutral,结构:STRUCTURAL_DIVERGENCE(A/A-); 阶段:Improving(B); 触发:Pullback(C); 置信度:Medium,PASSED,B,fallback
00700,腾讯控股,2015-03-13,STRUCTURAL_DIVERGENCE,Improving,Consolidation,50.73217450354244,COST_DISADVANTAGE,Medium,BULLISH_WARNING,55.0,Aligned,neutral,结构:STRUCTURAL_DIVERGENCE(A/A-); 阶段:Improving(B); 触发:Consolidation(C); 置信度:Medium,PASSED,B,fallback
00700,腾讯控股,2015-03-20,STRUCTURAL_DIVERGENCE,Improving,Consolidation,50.73217450354244,COST_DISADVANTAGE,Medium,BULLISH_WARNING,55.0,Aligned,neutral,结构:STRUCTURAL_DIVERGENCE(A/A-); 阶段:Improving(B); 触发:Consolidation(C); 置信度:Medium,PASSED,B,fallback
00700,腾讯控股,2015-03-27,STRUCTURAL_DIVERGENCE,Improving,Consolidation,50.73217450354244,COST_DISADVANTAGE,Medium,BULLISH_WARNING,55.0,Aligned,neutral,结构:STRUCTURAL_DIVERGENCE(A/A-); 阶段:Improving(B); 触发:Consolidation(C); 置信度:Medium,PASSED,B,fallback
00700,腾讯控股,2015-04-03,STRUCTURAL_DIVERGENCE,Improving,Consolidation,58.24007412925901,COST_DISADVANTAGE,Medium,BULLISH_WARNING,55.0,Aligned,risk_on,结构:STRUCTURAL_DIVERGENCE(A/A-); 阶段:Improving(B); 触发:Consolidation(C); 置信度:Medium,PASSED,B,fallback
00700,腾讯控股,2015-04-10,STRUCTURAL_DIVERGENCE,Improving,Consolidation,58.24007412925901,COST_DISADVANTAGE,Medium,BULLISH_WARNING,55.0,Aligned,risk_off,结构:STRUCTURAL_DIVERGENCE(A/A-); 阶段:Improving(B); 触发:Consolidation(C); 置信度:Medium,PASSED,B,fallback
00700,腾讯控股,2015-04-17,STRUCTURAL_DIVERGENCE,Improving,Consolidation,58.24007412925901,COST_DISADVANTAGE,Medium,BULLISH_WARNING,55.0,Aligned,risk_on,结构:STRUCTURAL_DIVERGENCE(A/A-); 阶段:Improving(B); 触发:Consolidation(C); 置信度:Medium,PASSED,B,fallback
00700,腾讯控股,2015-04-24,STRUCTURAL_DIVERGENCE,Improving,Consolidation,58.24007412925901,COST_DISADVANTAGE,Medium,BULLISH_WARNING,55.0,Aligned,risk_on,结构:STRUCTURAL_DIVERGENCE(A/A-); 阶段:Improving(B); 触发:Consolidation(C); 置信度:Medium,PASSED,B,fallback
00700,腾讯控股,2015-05-01,STRUCTURAL_DIVERGENCE,Stable,Consolidation,63.72377815372725,COST_NEUTRAL,Medium,BULLISH_WARNING,55.0,Aligned,risk_on,结构:STRUCTURAL_DIVERGENCE(A/A-); 阶段:Stable(B); 触发:Consolidation(C); 置信度:Medium,PASSED,B,fallback
00700,腾讯控股,2015-05-08,STRUCTURAL_DIVERGENCE,Stable,Pullback,63.72377815372725,COST_NEUTRAL,Medium,BULLISH_WARNING,55.0,Aligned,risk_on,结构:STRUCTURAL_DIVERGENCE(A/A-); 阶段:Stable(B); 触发:Pullback(C); 置信度:Medium,PASSED,B,fallback
00700,腾讯控股,2015-05-15,STRUCTURAL_ACCUMULATION,Stable,Consolidation,63.72377815372725,COST_NEUTRAL,High,BULLISH_STABLE,75.0,Aligned,risk_on,结构:STRUCTURAL_ACCUMULATION(A/A-); 阶段:Stable(B); 触发:Consolidation(C); 置信度:High,PASSED,C,fallback
00700,腾讯控股,2015-05-22,STRUCTURAL_ACCUMULATION,Stable,Consolidation,63.72377815372725,COST_NEUTRAL,High,BULLISH_STABLE,75.0,Aligned,risk_on,结构:STRUCTURAL_ACCUMULATION(A/A-); 阶段:Stable(B); 触发:Consolidation(C); 置信度:High,PASSED,C,fallback
00700,腾讯控股,2015-05-29,STRUCTURAL_ACCUMULATION,Stable,Pullback,63.72377815372725,COST_NEUTRAL,High,BULLISH_STABLE,75.0,Aligned,risk_on,结构:STRUCTURAL_ACCUMULATION(A/A-); 阶段:Stable(B); 触发:Pullback(C); 置信度:High,PASSED,C,fallback
00700,腾讯控股,2015-06-05,STRUCTURAL_ACCUMULATION,Deteriorating,Pullback,84.17238007868194,COST_DISADVANTAGE,High,BULLISH_STABLE,75.0,Divergence,risk_on,结构:STRUCTURAL_ACCUMULATION(A/A-); 阶段:Deteriorating(B); 触发:Pullback(C); 置信度:High,PASSED,C,fallback
00700,腾讯控股,2015-06-12,STRUCTURAL_ACCUMULATION,Deteriorating,Consolidation,84.17238007868194,COST_DISADVANTAGE,High,BULLISH_STABLE,75.0,Divergence,risk_on,结构:STRUCTURAL_ACCUMULATION(A/A-); 阶段:Deteriorating(B); 触发:Consolidation(C); 置信度:High,PASSED,C,fallback
00700,腾讯控股,2015-06-19,STRUCTURAL_ACCUMULATION,Deteriorating,Pullback,84.17238007868194,COST_DISADVANTAGE,High,BULLISH_STABLE,75.0,Divergence,risk_on,结构:STRUCTURAL_ACCUMULATION(A/A-); 阶段:Deteriorating(B); 触发:Pullback(C); 置信度:High,PASSED,C,fallback
00700,腾讯控股,2015-06-26,STRUCTURAL_ACCUMULATION,Deteriorating,Consolidation,84.17238007868194,COST_DISADVANTAGE,High,BULLISH_STABLE,75.0,Divergence,risk_on,结构:STRUCTURAL_ACCUMULATION(A/A-); 阶段:Deteriorating(B); 触发:Consolidation(C); 置信度:High,PASSED,C,fallback
00700,腾讯控股,2015-07-03,STRUCTURAL_ACCUMULATION,Stable,Pullback,85.34979763483035,COST_DISADVANTAGE,High,BULLISH_STABLE,75.0,Aligned,risk_on,结构:STRUCTURAL_ACCUMULATION(A/A-); 阶段:Stable(B); 触发:Pullback(C); 置信度:High,PASSED,C,fallback
00700,腾讯控股,2015-07-10,STRUCTURAL_ACCUMULATION,Stable,Consolidation,85.34979763483035,COST_DISADVANTAGE,High,BULLISH_STABLE,75.0,Aligned,risk_off,结构:STRUCTURAL_ACCUMULATION(A/A-); 阶段:Stable(B); 触发:Consolidation(C); 置信度:High,PASSED,C,fallback
00700,腾讯控股,2015-07-17,STRUCTURAL_ACCUMULATION,Stable,Pullback,85.34979763483035,COST_DISADVANTAGE,High,BULLISH_STABLE,75.0,Aligned,risk_off,结构:STRUCTURAL_ACCUMULATION(A/A-); 阶段:Stable(B); 触发:Pullback(C); 置信度:High,PASSED,C,fallback
00700,腾讯控股,2015-07-24,STRUCTURAL_ACCUMULATION,Stable,Pullback,85.34979763483035,COST_DISADVANTAGE,High,BULLISH_STABLE,75.0,Aligned,risk_off,结构:STRUCTURAL_ACCUMULATION(A/A-); 阶段:Stable(B); 触发:Pullback(C); 置信度:High,PASSED,C,fallback
00700,腾讯控股,2015-07-31,STRUCTURAL_ACCUMULATION,Deteriorating,Consolidation,69.13564456710476,COST_DISADVANTAGE,High,BULLISH_STABLE,75.0,Divergence,risk_off,结构:STRUCTURAL_ACCUMULATION(A/A-); 阶段:Deteriorating(B); 触发:Consolidation(C); 置信度:High,PASSED,C,fallback
00700,腾讯控股,2015-08-07,STRUCTURAL_ACCUMULATION,Deteriorating,Consolidation,69.13564456710476,COST_DISADVANTAGE,High,BULLISH_STABLE,75.0,Divergence,risk_off,结构:STRUCTURAL_ACCUMULATION(A/A-); 阶段:Deteriorating(B); 触发:Consolidation(C); 置信度:High,PASSED,C,fallback
00700,腾讯控股,2015-08-14,STRUCTURAL_ACCUMULATION,Deteriorating,Consolidation,69.13564456710476,COST_DISADVANTAGE,Medium,BULLISH_STABLE,75.0,Divergence,risk_off,结构:STRUCTURAL_ACCUMULATION(A/A-); 阶段:Deteriorating(B); 触发:Consolidation(C); 置信度:Medium,PASSED,B,fallback
00700,腾讯控股,2015-08-21,STRUCTURAL_ACCUMULATION,Deteriorating,Consolidation,69.13564456710476,COST_DISADVANTAGE,Medium,BULLISH_STABLE,75.0,Divergence,risk_off,结构:STRUCTURAL_ACCUMULATION(A/A-); 阶段:Deteriorating(B); 触发:Consolidation(C); 置信度:Medium,PASSED,B,fallback
00700,腾讯控股,2015-08-28,STRUCTURAL_ACCUMULATION,Deteriorating,Consolidation,69.13564456710476,COST_DISADVANTAGE,Medium,BULLISH_STABLE,75.0,Divergence,risk_off,结构:STRUCTURAL_ACCUMULATION(A/A-); 阶段:Deteriorating(B); 触发:Consolidation(C); 置信度:Medium,PASSED,B,fallback
00700,腾讯控股,2015-09-04,STRUCTURAL_ACCUMULATION,Deteriorating,Consolidation,64.4817538247493,COST_DISADVANTAGE,Medium,BULLISH_STABLE,75.0,Divergence,risk_off,结构:STRUCTURAL_ACCUMULATION(A/A-); 阶段:Deteriorating(B); 触发:Consolidation(C); 置信度:Medium,PASSED,B,fallback
00700,腾讯控股,2015-09-11,STRUCTURAL_ACCUMULATION,Deteriorating,Consolidation,64.4817538247493,COST_DISADVANTAGE,Medium,BULLISH_STABLE,75.0,Divergence,risk_off,结构:STRUCTURAL_ACCUMULATION(A/A-); 阶段:Deteriorating(B); 触发:Consolidation(C); 置信度:Medium,PASSED,B,fallback
00700,腾讯控股,2015-09-18,STRUCTURAL_ACCUMULATION,Deteriorating,Consolidation,64.4817538247493,COST_DISADVANTAGE,Medium,BULLISH_STABLE,75.0,Divergence,risk_off,结构:STRUCTURAL_ACCUMULATION(A/A-); 阶段:Deteriorating(B); 触发:Consolidation(C); 置信度:Medium,PASSED,B,fallback
00700,腾讯控股,2015-09-25,STRUCTURAL_ACCUMULATION,Deteriorating,Consolidation,64.4817538247493,COST_DISADVANTAGE,Medium,BULLISH_STABLE,75.0,Divergence,risk_off,结构:STRUCTURAL_ACCUMULATION(A/A-); 阶段:Deteriorating(B); 触发:Consolidation(C); 置信度:Medium,PASSED,B,fallback
00700,腾讯控股,2015-10-02,STRUCTURAL_ACCUMULATION,Stable,Consolidation,72.58926535369392,COST_DISADVANTAGE,Medium,BULLISH_STABLE,75.0,Aligned,risk_off,结构:STRUCTURAL_ACCUMULATION(A/A-); 阶段:Stable(B); 触发:Consolidation(C); 置信度:Medium,PASSED,B,fallback
00700,腾讯控股,2015-10-09,STRUCTURAL_ACCUMULATION,Stable,Consolidation,72.58926535369392,COST_DISADVANTAGE,Medium,BULLISH_STABLE,75.0,Aligned,risk_off,结构:STRUCTURAL_ACCUMULATION(A/A-); 阶段:Stable(B); 触发:Consolidation(C); 置信度:Medium,PASSED,B,fallback
00700,腾讯控股,2015-10-16,STRUCTURAL_ACCUMULATION,Stable,Consolidation,72.58926535369392,COST_DISADVANTAGE,Medium,BULLISH_STABLE,75.0,Aligned,risk_off,结构:STRUCTURAL_ACCUMULATION(A/A-); 阶段:Stable(B); 触发:Consolidation(C); 置信度:Medium,PASSED,B,fallback
00700,腾讯控股,2015-10-23,STRUCTURAL_ACCUMULATION,Stable,Consolidation,72.58926535369392,COST_DISADVANTAGE,Medium,BULLISH_STABLE,75.0,Aligned,risk_off,结构:STRUCTURAL_ACCUMULATION(A/A-); 阶段:Stable(B); 触发:Consolidation(C); 置信度:Medium,PASSED,B,fallback
00700,腾讯控股,2015-10-30,STRUCTURAL_ACCUMULATION,Stable,Consolidation,72.58926535369392,COST_DISADVANTAGE,Medium,BULLISH_STABLE,75.0,Aligned,risk_off,结构:STRUCTURAL_ACCUMULATION(A/A-); 阶段:Stable(B); 触发:Consolidation(C); 置信度:Medium,PASSED,B,fallback
00700,腾讯控股,2015-11-06,STRUCTURAL_ACCUMULATION,Improving,Consolidation,79.26311552877252,COST_DISADVANTAGE,Medium,BULLISH_STABLE,75.0,Aligned,risk_off,结构:STRUCTURAL_ACCUMULATION(A/A-); 阶段:Improving(B); 触发:Consolidation(C); 置信度:Medium,PASSED,B,matrix
00700,腾讯控股,2015-11-13,STRUCTURAL_ACCUMULATION,Improving,Consolidation,79.26311552877252,COST_DISADVANTAGE,Medium,BULLISH_STABLE,75.0,Aligned,risk_off,结构:STRUCTURAL_ACCUMULATION(A/A-); 阶段:Improving(B); 触发:Consolidation(C); 置信度:Medium,PASSED,B,matrix
00700,腾讯控股,2015-11-20,STRUCTURAL_ACCUMULATION,Improving,Consolidation,79.26311552877252,COST_DISADVANTAGE,Medium,BULLISH_STABLE,75.0,Aligned,risk_on,结构:STRUCTURAL_ACCUMULATION(A/A-); 阶段:Improving(B); 触发:Consolidation(C); 置信度:Medium,PASSED,B,matrix
00700,腾讯控股,2015-11-27,STRUCTURAL_ACCUMULATION,Improving,Consolidation,79.26311552877252,COST_DISADVANTAGE,Medium,BULLISH_STABLE,75.0,Aligned,neutral,结构:STRUCTURAL_ACCUMULATION(A/A-); 阶段:Improving(B); 触发:Consolidation(C); 置信度:Medium,PASSED,B,matrix
00700,腾讯控股,2015-12-04,STRUCTURAL_ACCUMULATION,Improving,Pullback,69.78384565680838,COST_DISADVANTAGE,Medium,BULLISH_STABLE,75.0,Aligned,risk_on,结构:STRUCTURAL_ACCUMULATION(A/A-); 阶段:Improving(B); 触发:Pullback(C); 置信度:Medium,PASSED,B,fallback
00700,腾讯控股,2015-12-11,STRUCTURAL_ACCUMULATION,Improving,Pullback,69.78384565680838,COST_DISADVANTAGE,Medium,BULLISH_STABLE,75.0,Aligned,neutral,结构:STRUCTURAL_ACCUMULATION(A/A-); 阶段:Improving(B); 触发:Pullback(C); 置信度:Medium,PASSED,B,fallback
00700,腾讯控股,2015-12-18,STRUCTURAL_ACCUMULATION,Improving,Consolidation,69.78384565680838,COST_DISADVANTAGE,Medium,BULLISH_STABLE,75.0,Aligned,neutral,结构:STRUCTURAL_ACCUMULATION(A/A-); 阶段:Improving(B); 触发:Consolidation(C); 置信度:Medium,PASSED,B,matrix
00700,腾讯控股,2015-12-25,STRUCTURAL_ACCUMULATION,Improving,Consolidation,69.78384565680838,COST_DISADVANTAGE,Medium,BULLISH_STABLE,75.0,Aligned,risk_on,结构:STRUCTURAL_ACCUMULATION(A/A-); 阶段:Improving(B); 触发:Consolidation(C); 置信度:Medium,PASSED,B,matrix
00700,腾讯控股,2016-01-01,STRUCTURAL_ACCUMULATION,Stable,Consolidation,70.21524621882698,COST_DISADVANTAGE,Medium,BULLISH_STABLE,75.0,Aligned,neutral,结构:STRUCTURAL_ACCUMULATION(A/A-); 阶段:Stable(B); 触发:Consolidation(C); 置信度:Medium,PASSED,B,fallback
00700,腾讯控股,2016-01-08,STRUCTURAL_ACCUMULATION,Stable,Consolidation,70.21524621882698,COST_DISADVANTAGE,Medium,BULLISH_STABLE,75.0,Aligned,risk_off,结构:STRUCTURAL_ACCUMULATION(A/A-); 阶段:Stable(B); 触发:Consolidation(C); 置信度:Medium,PASSED,B,fallback
00700,腾讯控股,2016-01-15,STRUCTURAL_ACCUMULATION,Stable,Consolidation,70.21524621882698,COST_DISADVANTAGE,Medium,BULLISH_STABLE,75.0,Aligned,risk_off,结构:STRUCTURAL_ACCUMULATION(A/A-); 阶段:Stable(B); 触发:Consolidation(C); 置信度:Medium,PASSED,B,fallback
00700,腾讯控股,2016-01-22,STRUCTURAL_ACCUMULATION,Stable,Consolidation,70.21524621882698,COST_DISADVANTAGE,Medium,BULLISH_STABLE,75.0,Aligned,risk_off,结构:STRUCTURAL_ACCUMULATION(A/A-); 阶段:Stable(B); 触发:Consolidation(C); 置信度:Medium,PASSED,B,fallback
00700,腾讯控股,2016-01-29,STRUCTURAL_ACCUMULATION,Stable,Consolidation,70.21524621882698,COST_DISADVANTAGE,Medium,BULLISH_STABLE,75.0,Aligned,risk_off,结构:STRUCTURAL_ACCUMULATION(A/A-); 阶段:Stable(B); 触发:Consolidation(C); 置信度:Medium,PASSED,B,fallback
00700,腾讯控股,2016-02-05,STRUCTURAL_ACCUMULATION,Deteriorating,Consolidation,68.2296326011487,COST_DISADVANTAGE,Medium,BULLISH_STABLE,75.0,Divergence,risk_off,结构:STRUCTURAL_ACCUMULATION(A/A-); 阶段:Deteriorating(B); 触发:Consolidation(C); 置信度:Medium,PASSED,B,fallback
00700,腾讯控股,2016-02-12,STRUCTURAL_ACCUMULATION,Deteriorating,Consolidation,68.2296326011487,COST_DISADVANTAGE,Medium,BULLISH_STABLE,75.0,Divergence,risk_off,结构:STRUCTURAL_ACCUMULATION(A/A-); 阶段:Deteriorating(B); 触发:Consolidation(C); 置信度:Medium,PASSED,B,fallback
00700,腾讯控股,2016-02-19,STRUCTURAL_ACCUMULATION,Deteriorating,Consolidation,68.2296326011487,COST_DISADVANTAGE,Medium,BULLISH_STABLE,75.0,Divergence,risk_off,结构:STRUCTURAL_ACCUMULATION(A/A-); 阶段:Deteriorating(B); 触发:Consolidation(C); 置信度:Medium,PASSED,B,fallback
00700,腾讯控股,2016-02-26,STRUCTURAL_ACCUMULATION,Deteriorating,Consolidation,68.2296326011487,COST_DISADVANTAGE,Medium,BULLISH_STABLE,75.0,Divergence,risk_off,结构:STRUCTURAL_ACCUMULATION(A/A-); 阶段:Deteriorating(B); 触发:Consolidation(C); 置信度:Medium,PASSED,B,fallback
00700,腾讯控股,2016-03-04,STRUCTURAL_ACCUMULATION,Deteriorating,Consolidation,89.72593143092138,COST_DISADVANTAGE,High,BULLISH_STABLE,75.0,Divergence,risk_off,结构:STRUCTURAL_ACCUMULATION(A/A-); 阶段:Deteriorating(B); 触发:Consolidation(C); 置信度:High,PASSED,B,fallback
00700,腾讯控股,2016-03-11,STRUCTURAL_ACCUMULATION,Deteriorating,Consolidation,89.72593143092138,COST_DISADVANTAGE,High,BULLISH_STABLE,75.0,Divergence,risk_off,结构:STRUCTURAL_ACCUMULATION(A/A-); 阶段:Deteriorating(B); 触发:Consolidation(C); 置信度:High,PASSED,B,fallback
00700,腾讯控股,2016-03-18,STRUCTURAL_ACCUMULATION,Deteriorating,Consolidation,89.72593143092138,COST_DISADVANTAGE,High,BULLISH_STABLE,75.0,Divergence,risk_off,结构:STRUCTURAL_ACCUMULATION(A/A-); 阶段:Deteriorating(B); 触发:Consolidation(C); 置信度:High,PASSED,B,fallback
00700,腾讯控股,2016-03-25,STRUCTURAL_ACCUMULATION,Deteriorating,Consolidation,89.72593143092138,COST_DISADVANTAGE,High,BULLISH_STABLE,75.0,Divergence,risk_off,结构:STRUCTURAL_ACCUMULATION(A/A-); 阶段:Deteriorating(B); 触发:Consolidation(C); 置信度:High,PASSED,B,fallback
00700,腾讯控股,2016-04-01,STRUCTURAL_ACCUMULATION,Improving,Consolidation,79.05008012007089,COST_DISADVANTAGE,Medium,BULLISH_STABLE,75.0,Aligned,risk_off,结构:STRUCTURAL_ACCUMULATION(A/A-); 阶段:Improving(B); 触发:Consolidation(C); 置信度:Medium,PASSED,B,matrix
00700,腾讯控股,2016-04-08,STRUCTURAL_ACCUMULATION,Improving,Consolidation,79.05008012007089,COST_DISADVANTAGE,Medium,BULLISH_STABLE,75.0,Aligned,neutral,结构:STRUCTURAL_ACCUMULATION(A/A-); 阶段:Improving(B); 触发:Consolidation(C); 置信度:Medium,PASSED,B,matrix
00700,腾讯控股,2016-04-15,STRUCTURAL_ACCUMULATION,Improving,Consolidation,79.05008012007089,COST_DISADVANTAGE,Medium,BULLISH_STABLE,75.0,Aligned,risk_on,结构:STRUCTURAL_ACCUMULATION(A/A-); 阶段:Improving(B); 触发:Consolidation(C); 置信度:Medium,PASSED,B,matrix
00700,腾讯控股,2016-04-22,STRUCTURAL_ACCUMULATION,Improving,Consolidation,79.05008012007089,COST_DISADVANTAGE,Medium,BULLISH_STABLE,75.0,Aligned,risk_on,结构:STRUCTURAL_ACCUMULATION(A/A-); 阶段:Improving(B); 触发:Consolidation(C); 置信度:Medium,PASSED,B,matrix
00700,腾讯控股,2016-04-29,STRUCTURAL_ACCUMULATION,Improving,Pullback,79.05008012007089,COST_DISADVANTAGE,Medium,BULLISH_STABLE,75.0,Aligned,risk_on,结构:STRUCTURAL_ACCUMULATION(A/A-); 阶段:Improving(B); 触发:Pullback(C); 置信度:Medium,PASSED,B,fallback
00700,腾讯控股,2016-05-06,STRUCTURAL_ACCUMULATION,Stable,Pullback,96.4165671381343,COST_DISADVANTAGE,High,BULLISH_STABLE,75.0,Aligned,risk_on,结构:STRUCTURAL_ACCUMULATION(A/A-); 阶段:Stable(B); 触发:Pullback(C); 置信度:High,PASSED,B,fallback
00700,腾讯控股,2016-05-13,STRUCTURAL_ACCUMULATION,Stable,Pullback,96.4165671381343,COST_DISADVANTAGE,High,BULLISH_STABLE,75.0,Aligned,risk_on,结构:STRUCTURAL_ACCUMULATION(A/A-); 阶段:Stable(B); 触发:Pullback(C); 置信度:High,PASSED,B,fallback
00700,腾讯控股,2016-05-20,STRUCTURAL_ACCUMULATION,Stable,Consolidation,96.4165671381343,COST_DISADVANTAGE,High,BULLISH_STABLE,75.0,Aligned,neutral,结构:STRUCTURAL_ACCUMULATION(A/A-); 阶段:Stable(B); 触发:Consolidation(C); 置信度:High,PASSED,C,fallback
00700,腾讯控股,2016-05-27,STRUCTURAL_ACCUMULATION,Stable,Consolidation,96.4165671381343,COST_DISADVANTAGE,High,BULLISH_STABLE,75.0,Aligned,risk_on,结构:STRUCTURAL_ACCUMULATION(A/A-); 阶段:Stable(B); 触发:Consolidation(C); 置信度:High,PASSED,C,fallback
00700,腾讯控股,2016-06-03,STRUCTURAL_ACCUMULATION,Improving,Consolidation,72.72865358470246,COST_NEUTRAL,Medium,BULLISH_STABLE,75.0,Aligned,risk_on,结构:STRUCTURAL_ACCUMULATION(A/A-); 阶段:Improving(B); 触发:Consolidation(C); 置信度:Medium,PASSED,C,matrix
00700,腾讯控股,2016-06-10,STRUCTURAL_ACCUMULATION,Improving,Consolidation,72.72865358470246,COST_NEUTRAL,Medium,BULLISH_STABLE,75.0,Aligned,risk_on,结构:STRUCTURAL_ACCUMULATION(A/A-); 阶段:Improving(B); 触发:Consolidation(C); 置信度:Medium,PASSED,C,matrix
00700,腾讯控股,2016-06-17,STRUCTURAL_ACCUMULATION,Improving,Consolidation,72.72865358470246,COST_NEUTRAL,Medium,BULLISH_STABLE,75.0,Aligned,risk_off,结构:STRUCTURAL_ACCUMULATION(A/A-); 阶段:Improving(B); 触发:Consolidation(C); 置信度:Medium,PASSED,C,matrix
00700,腾讯控股,2016-06-24,STRUCTURAL_ACCUMULATION,Improving,Consolidation,72.72865358470246,COST_NEUTRAL,Medium,BULLISH_STABLE,75.0,Aligned,risk_off,结构:STRUCTURAL_ACCUMULATION(A/A-); 阶段:Improving(B); 触发:Consolidation(C); 置信度:Medium,PASSED,C,matrix
00700,腾讯控股,2016-07-01,STRUCTURAL_ACCUMULATION,Improving,Consolidation,82.06670108357676,COST_DISADVANTAGE,High,BULLISH_STABLE,75.0,Aligned,risk_on,结构:STRUCTURAL_ACCUMULATION(A/A-); 阶段:Improving(B); 触发:Consolidation(C); 置信度:High,PASSED,C,matrix
00700,腾讯控股,2016-07-08,STRUCTURAL_ACCUMULATION,Improving,Consolidation,82.06670108357676,COST_DISADVANTAGE,High,BULLISH_STABLE,75.0,Aligned,neutral,结构:STRUCTURAL_ACCUMULATION(A/A-); 阶段:Improving(B); 触发:Consolidation(C); 置信度:High,PASSED,C,matrix
00700,腾讯控股,2016-07-15,STRUCTURAL_ACCUMULATION,Improving,Consolidation,82.06670108357676,COST_DISADVANTAGE,High,BULLISH_STABLE,75.0,Aligned,neutral,结构:STRUCTURAL_ACCUMULATION(A/A-); 阶段:Improving(B); 触发:Consolidation(C); 置信度:High,PASSED,C,matrix
00700,腾讯控股,2016-07-22,STRUCTURAL_ACCUMULATION,Improving,Consolidation,82.06670108357676,COST_DISADVANTAGE,High,BULLISH_STABLE,75.0,Aligned,risk_on,结构:STRUCTURAL_ACCUMULATION(A/A-); 阶段:Improving(B); 触发:Consolidation(C); 置信度:High,PASSED,C,matrix
00700,腾讯控股,2016-07-29,STRUCTURAL_ACCUMULATION,Improving,Consolidation,82.06670108357676,COST_DISADVANTAGE,High,BULLISH_STABLE,75.0,Aligned,risk_on,结构:STRUCTURAL_ACCUMULATION(A/A-); 阶段:Improving(B); 触发:Consolidation(C); 置信度:High,PASSED,C,matrix
00700,腾讯控股,2016-08-05,STRUCTURAL_ACCUMULATION,Improving,Consolidation,90.83602125254525,COST_DISADVANTAGE,High,BULLISH_STABLE,75.0,Aligned,risk_on,结构:STRUCTURAL_ACCUMULATION(A/A-); 阶段:Improving(B); 触发:Consolidation(C); 置信度:High,PASSED,C,matrix
00700,腾讯控股,2016-08-12,STRUCTURAL_ACCUMULATION,Improving,Consolidation,90.83602125254525,COST_DISADVANTAGE,High,BULLISH_STABLE,75.0,Aligned,risk_on,结构:STRUCTURAL_ACCUMULATION(A/A-); 阶段:Improving(B); 触发:Consolidation(C); 置信度:High,PASSED,C,matrix
00700,腾讯控股,2016-08-19,STRUCTURAL_ACCUMULATION,Improving,Consolidation,90.83602125254525,COST_DISADVANTAGE,High,BULLISH_STABLE,75.0,Aligned,risk_on,结构:STRUCTURAL_ACCUMULATION(A/A-); 阶段:Improving(B); 触发:Consolidation(C); 置信度:High,PASSED,B,matrix
00700,腾讯控股,2016-08-26,STRUCTURAL_ACCUMULATION,Improving,Consolidation,90.83602125254525,COST_DISADVANTAGE,High,BULLISH_STABLE,75.0,Aligned,risk_on,结构:STRUCTURAL_ACCUMULATION(A/A-); 阶段:Improving(B); 触发:Consolidation(C); 置信度:High,PASSED,B,matrix
00700,腾讯控股,2016-09-02,STRUCTURAL_ACCUMULATION,Improving,Consolidation,87.40367680308859,COST_NEUTRAL,Medium,BULLISH_STABLE,75.0,Aligned,risk_on,结构:STRUCTURAL_ACCUMULATION(A/A-); 阶段:Improving(B); 触发:Consolidation(C); 置信度:Medium,PASSED,B,matrix
00700,腾讯控股,2016-09-09,STRUCTURAL_ACCUMULATION,Improving,Consolidation,87.40367680308859,COST_NEUTRAL,Medium,BULLISH_STABLE,75.0,Aligned,risk_on,结构:STRUCTURAL_ACCUMULATION(A/A-); 阶段:Improving(B); 触发:Consolidation(C); 置信度:Medium,PASSED,B,matrix
00700,腾讯控股,2016-09-16,STRUCTURAL_ACCUMULATION,Improving,Consolidation,87.40367680308859,COST_NEUTRAL,Medium,BULLISH_STABLE,75.0,Aligned,risk_on,结构:STRUCTURAL_ACCUMULATION(A/A-); 阶段:Improving(B); 触发:Consolidation(C); 置信度:Medium,PASSED,B,matrix
00700,腾讯控股,2016-09-23,STRUCTURAL_ACCUMULATION,Improving,Consolidation,87.40367680308859,COST_NEUTRAL,Medium,BULLISH_STABLE,75.0,Aligned,risk_on,结构:STRUCTURAL_ACCUMULATION(A/A-); 阶段:Improving(B); 触发:Consolidation(C); 置信度:Medium,PASSED,B,matrix
00700,腾讯控股,2016-09-30,STRUCTURAL_ACCUMULATION,Improving,Consolidation,82.70049935738402,COST_DISADVANTAGE,Medium,BULLISH_STABLE,75.0,Aligned,risk_on,结构:STRUCTURAL_ACCUMULATION(A/A-); 阶段:Improving(B); 触发:Consolidation(C); 置信度:Medium,PASSED,B,matrix
00700,腾讯控股,2016-10-07,STRUCTURAL_ACCUMULATION,Improving,Consolidation,82.70049935738402,COST_DISADVANTAGE,Medium,BULLISH_STABLE,75.0,Aligned,risk_on,结构:STRUCTURAL_ACCUMULATION(A/A-); 阶段:Improving(B); 触发:Consolidation(C); 置信度:Medium,PASSED,B,matrix
00700,腾讯控股,2016-10-14,STRUCTURAL_ACCUMULATION,Improving,Pullback,82.70049935738402,COST_DISADVANTAGE,Medium,BULLISH_STABLE,75.0,Aligned,risk_on,结构:STRUCTURAL_ACCUMULATION(A/A-); 阶段:Improving(B); 触发:Pullback(C); 置信度:Medium,PASSED,B,fallback
00700,腾讯控股,2016-10-21,STRUCTURAL_ACCUMULATION,Improving,Consolidation,82.70049935738402,COST_DISADVANTAGE,Medium,BULLISH_STABLE,75.0,Aligned,risk_on,结构:STRUCTURAL_ACCUMULATION(A/A-); 阶段:Improving(B); 触发:Consolidation(C); 置信度:Medium,PASSED,B,matrix
00700,腾讯控股,2016-10-28,STRUCTURAL_ACCUMULATION,Improving,Pullback,82.70049935738402,COST_DISADVANTAGE,Medium,BULLISH_STABLE,75.0,Aligned,risk_on,结构:STRUCTURAL_ACCUMULATION(A/A-); 阶段:Improving(B); 触发:Pullback(C); 置信度:Medium,PASSED,B,fallback
00700,腾讯控股,2016-11-04,STRUCTURAL_ACCUMULATION,Deteriorating,Pullback,85.27974547622563,COST_DISADVANTAGE,Medium,BULLISH_STABLE,75.0,Divergence,neutral,结构:STRUCTURAL_ACCUMULATION(A/A-); 阶段:Deteriorating(B); 触发:Pullback(C); 置信度:Medium,PASSED,B,fallback
00700,腾讯控股,2016-11-11,STRUCTURAL_ACCUMULATION,Deteriorating,Pullback,85.27974547622563,COST_DISADVANTAGE,Medium,BULLISH_STABLE,75.0,Divergence,neutral,结构:STRUCTURAL_ACCUMULATION(A/A-); 阶段:Deteriorating(B); 触发:Pullback(C); 置信度:Medium,PASSED,B,fallback
00700,腾讯控股,2016-11-18,STRUCTURAL_ACCUMULATION,Deteriorating,Consolidation,85.27974547622563,COST_DISADVANTAGE,Medium,BULLISH_STABLE,75.0,Divergence,risk_off,结构:STRUCTURAL_ACCUMULATION(A/A-); 阶段:Deteriorating(B); 触发:Consolidation(C); 置信度:Medium,PASSED,B,fallback
00700,腾讯控股,2016-11-25,STRUCTURAL_ACCUMULATION,Deteriorating,Consolidation,85.27974547622563,COST_DISADVANTAGE,Medium,BULLISH_STABLE,75.0,Divergence,neutral,结构:STRUCTURAL_ACCUMULATION(A/A-); 阶段:Deteriorating(B); 触发:Consolidation(C); 置信度:Medium,PASSED,B,fallback
00700,腾讯控股,2016-12-02,STRUCTURAL_ACCUMULATION,Deteriorating,Consolidation,52.59512597320427,COST_DISADVANTAGE,Medium,BULLISH_STABLE,75.0,Divergence,risk_off,结构:STRUCTURAL_ACCUMULATION(A/A-); 阶段:Deteriorating(B); 触发:Consolidation(C); 置信度:Medium,PASSED,B,fallback
00700,腾讯控股,2016-12-09,STRUCTURAL_ACCUMULATION,Deteriorating,Consolidation,52.59512597320427,COST_DISADVANTAGE,Medium,BULLISH_STABLE,75.0,Divergence,neutral,结构:STRUCTURAL_ACCUMULATION(A/A-); 阶段:Deteriorating(B); 触发:Consolidation(C); 置信度:Medium,PASSED,B,fallback
00700,腾讯控股,2016-12-16,STRUCTURAL_ACCUMULATION,Deteriorating,Consolidation,52.59512597320427,COST_DISADVANTAGE,Medium,BULLISH_STABLE,75.0,Divergence,risk_off,结构:STRUCTURAL_ACCUMULATION(A/A-); 阶段:Deteriorating(B); 触发:Consolidation(C); 置信度:Medium,PASSED,B,fallback
00700,腾讯控股,2016-12-23,STRUCTURAL_ACCUMULATION,Deteriorating,Breakdown,52.59512597320427,COST_DISADVANTAGE,Medium,BULLISH_WARNING,55.0,Divergence,risk_off,结构:STRUCTURAL_ACCUMULATION(A/A-); 阶段:Deteriorating(B); 触发:Breakdown(C); 置信度:Medium,PASSED,B,matrix
00700,腾讯控股,2016-12-30,STRUCTURAL_ACCUMULATION,Deteriorating,Consolidation,52.59512597320427,COST_DISADVANTAGE,Medium,BULLISH_STABLE,75.0,Divergence,risk_off,结构:STRUCTURAL_ACCUMULATION(A/A-); 阶段:Deteriorating(B); 触发:Consolidation(C); 置信度:Medium,PASSED,B,fallback
00700,腾讯控股,2017-01-06,STRUCTURAL_ACCUMULATION,Stable,Consolidation,61.75706274819438,COST_DISADVANTAGE,Medium,BULLISH_STABLE,75.0,Aligned,risk_off,结构:STRUCTURAL_ACCUMULATION(A/A-); 阶段:Stable(B); 触发:Consolidation(C); 置信度:Medium,PASSED,B,fallback
00700,腾讯控股,2017-01-13,STRUCTURAL_ACCUMULATION,Stable,Consolidation,61.75706274819438,COST_DISADVANTAGE,Medium,BULLISH_STABLE,75.0,Aligned,neutral,结构:STRUCTURAL_ACCUMULATION(A/A-); 阶段:Stable(B); 触发:Consolidation(C); 置信度:Medium,PASSED,B,fallback
00700,腾讯控股,2017-01-20,STRUCTURAL_ACCUMULATION,Stable,Consolidation,61.75706274819438,COST_DISADVANTAGE,Medium,BULLISH_STABLE,75.0,Aligned,risk_off,结构:STRUCTURAL_ACCUMULATION(A/A-); 阶段:Stable(B); 触发:Consolidation(C); 置信度:Medium,PASSED,B,fallback
00700,腾讯控股,2017-01-27,STRUCTURAL_ACCUMULATION,Stable,Consolidation,61.75706274819438,COST_DISADVANTAGE,Medium,BULLISH_STABLE,75.0,Aligned,neutral,结构:STRUCTURAL_ACCUMULATION(A/A-); 阶段:Stable(B); 触发:Consolidation(C); 置信度:Medium,PASSED,B,fallback
00700,腾讯控股,2017-02-03,STRUCTURAL_ACCUMULATION,Improving,Consolidation,76.14338466223067,COST_DISADVANTAGE,Medium,BULLISH_STABLE,75.0,Aligned,risk_on,结构:STRUCTURAL_ACCUMULATION(A/A-); 阶段:Improving(B); 触发:Consolidation(C); 置信度:Medium,PASSED,B,matrix
00700,腾讯控股,2017-02-10,STRUCTURAL_ACCUMULATION,Improving,Consolidation,76.14338466223067,COST_DISADVANTAGE,Medium,BULLISH_STABLE,75.0,Aligned,risk_on,结构:STRUCTURAL_ACCUMULATION(A/A-); 阶段:Improving(B); 触发:Consolidation(C); 置信度:Medium,PASSED,B,matrix
00700,腾讯控股,2017-02-17,STRUCTURAL_DECLINE,Improving,Consolidation,76.14338466223067,COST_DISADVANTAGE,Low,BEARISH_CONFIRMED,20.0,Divergence,risk_on,结构:STRUCTURAL_DECLINE(A/A-); 阶段:Improving(B); 触发:Consolidation(C); 置信度:Low,PASSED,C,fallback
00700,腾讯控股,2017-02-24,STRUCTURAL_DECLINE,Improving,Consolidation,76.14338466223067,COST_DISADVANTAGE,Low,BEARISH_CONFIRMED,20.0,Divergence,risk_on,结构:STRUCTURAL_DECLINE(A/A-); 阶段:Improving(B); 触发:Consolidation(C); 置信度:Low,PASSED,C,fallback
00700,腾讯控股,2017-03-03,STRUCTURAL_DECLINE,Stable,Consolidation,71.11309508568117,COST_DISADVANTAGE,Low,BEARISH_CONFIRMED,20.0,Aligned,risk_on,结构:STRUCTURAL_DECLINE(A/A-); 阶段:Stable(B); 触发:Consolidation(C); 置信度:Low,PASSED,C,fallback
00700,腾讯控股,2017-03-10,STRUCTURAL_DECLINE,Stable,Consolidation,71.11309508568117,COST_DISADVANTAGE,Low,BEARISH_CONFIRMED,20.0,Aligned,risk_on,结构:STRUCTURAL_DECLINE(A/A-); 阶段:Stable(B); 触发:Consolidation(C); 置信度:Low,PASSED,C,fallback
00700,腾讯控股,2017-03-17,STRUCTURAL_DECLINE,Stable,Consolidation,71.11309508568117,COST_DISADVANTAGE,Low,BEARISH_CONFIRMED,20.0,Aligned,risk_on,结构:STRUCTURAL_DECLINE(A/A-); 阶段:Stable(B); 触发:Consolidation(C); 置信度:Low,PASSED,C,fallback
00700,腾讯控股,2017-03-24,STRUCTURAL_DECLINE,Stable,Consolidation,71.11309508568117,COST_DISADVANTAGE,Low,BEARISH_CONFIRMED,20.0,Aligned,risk_on,结构:STRUCTURAL_DECLINE(A/A-); 阶段:Stable(B); 触发:Consolidation(C); 置信度:Low,PASSED,C,fallback
00700,腾讯控股,2017-03-31,STRUCTURAL_DECLINE,Stable,Consolidation,52.03864361396266,COST_DISADVANTAGE,Low,BEARISH_CONFIRMED,20.0,Aligned,risk_on,结构:STRUCTURAL_DECLINE(A/A-); 阶段:Stable(B); 触发:Consolidation(C); 置信度:Low,PASSED,C,fallback
00700,腾讯控股,2017-04-07,STRUCTURAL_DECLINE,Stable,Consolidation,52.03864361396266,COST_DISADVANTAGE,Low,BEARISH_CONFIRMED,20.0,Aligned,risk_on,结构:STRUCTURAL_DECLINE(A/A-); 阶段:Stable(B); 触发:Consolidation(C); 置信度:Low,PASSED,C,fallback
00700,腾讯控股,2017-04-14,STRUCTURAL_DECLINE,Stable,Consolidation,52.03864361396266,COST_DISADVANTAGE,Low,BEARISH_CONFIRMED,20.0,Aligned,risk_on,结构:STRUCTURAL_DECLINE(A/A-); 阶段:Stable(B); 触发:Consolidation(C); 置信度:Low,PASSED,C,fallback
00700,腾讯控股,2017-04-21,STRUCTURAL_DECLINE,Stable,Consolidation,52.03864361396266,COST_DISADVANTAGE,Low,BEARISH_CONFIRMED,20.0,Aligned,risk_on,结构:STRUCTURAL_DECLINE(A/A-); 阶段:Stable(B); 触发:Consolidation(C); 置信度:Low,PASSED,C,fallback
00700,腾讯控股,2017-04-28,STRUCTURAL_DECLINE,Stable,Consolidation,52.03864361396266,COST_DISADVANTAGE,Low,BEARISH_CONFIRMED,20.0,Aligned,risk_on,结构:STRUCTURAL_DECLINE(A/A-); 阶段:Stable(B); 触发:Consolidation(C); 置信度:Low,PASSED,C,fallback
00700,腾讯控股,2017-05-05,STRUCTURAL_DECLINE,Improving,Consolidation,66.92415305848576,COST_NEUTRAL,Low,BEARISH_CONFIRMED,20.0,Divergence,risk_on,结构:STRUCTURAL_DECLINE(A/A-); 阶段:Improving(B); 触发:Consolidation(C); 置信度:Low,PASSED,C,fallback
00700,腾讯控股,2017-05-12,STRUCTURAL_DECLINE,Improving,Consolidation,66.92415305848576,COST_NEUTRAL,Low,BEARISH_CONFIRMED,20.0,Divergence,risk_on,结构:STRUCTURAL_DECLINE(A/A-); 阶段:Improving(B); 触发:Consolidation(C); 置信度:Low,PASSED,C,fallback
00700,腾讯控股,2017-05-19,STRUCTURAL_DECLINE,Improving,Consolidation,66.92415305848576,COST_NEUTRAL,Medium,BEARISH_CONFIRMED,20.0,Divergence,risk_on,结构:STRUCTURAL_DECLINE(A/A-); 阶段:Improving(B); 触发:Consolidation(C); 置信度:Medium,PASSED,B,fallback
00700,腾讯控股,2017-05-26,STRUCTURAL_DECLINE,Improving,Consolidation,66.92415305848576,COST_NEUTRAL,Medium,BEARISH_CONFIRMED,20.0,Divergence,risk_on,结构:STRUCTURAL_DECLINE(A/A-); 阶段:Improving(B); 触发:Consolidation(C); 置信度:Medium,PASSED,B,fallback
00700,腾讯控股,2017-06-02,STRUCTURAL_DECLINE,Stable,Consolidation,37.552029818371956,COST_NEUTRAL,Low,BEARISH_CONFIRMED,20.0,Aligned,risk_on,结构:STRUCTURAL_DECLINE(A/A-); 阶段:Stable(B); 触发:Consolidation(C); 置信度:Low,PASSED,B,fallback
00700,腾讯控股,2017-06-09,STRUCTURAL_DECLINE,Stable,Consolidation,37.552029818371956,COST_NEUTRAL,Low,BEARISH_CONFIRMED,20.0,Aligned,risk_on,结构:STRUCTURAL_DECLINE(A/A-); 阶段:Stable(B); 触发:Consolidation(C); 置信度:Low,PASSED,B,fallback
00700,腾讯控股,2017-06-16,STRUCTURAL_DECLINE,Stable,Consolidation,37.552029818371956,COST_NEUTRAL,Low,BEARISH_CONFIRMED,20.0,Aligned,risk_on,结构:STRUCTURAL_DECLINE(A/A-); 阶段:Stable(B); 触发:Consolidation(C); 置信度:Low,PASSED,B,fallback
00700,腾讯控股,2017-06-23,STRUCTURAL_DECLINE,Stable,Consolidation,37.552029818371956,COST_NEUTRAL,Low,BEARISH_CONFIRMED,20.0,Aligned,risk_on,结构:STRUCTURAL_DECLINE(A/A-); 阶段:Stable(B); 触发:Consolidation(C); 置信度:Low,PASSED,B,fallback
00700,腾讯控股,2017-06-30,STRUCTURAL_DECLINE,Stable,Consolidation,34.9090408947436,COST_DISADVANTAGE,Low,BEARISH_CONFIRMED,20.0,Aligned,risk_on,结构:STRUCTURAL_DECLINE(A/A-); 阶段:Stable(B); 触发:Consolidation(C); 置信度:Low,PASSED,B,fallback
00700,腾讯控股,2017-07-07,STRUCTURAL_DECLINE,Stable,Pullback,34.9090408947436,COST_DISADVANTAGE,Low,BEARISH_CONFIRMED,20.0,Aligned,risk_on,结构:STRUCTURAL_DECLINE(A/A-); 阶段:Stable(B); 触发:Pullback(C); 置信度:Low,PASSED,B,fallback
00700,腾讯控股,2017-07-14,STRUCTURAL_DECLINE,Stable,Consolidation,34.9090408947436,COST_DISADVANTAGE,Low,BEARISH_CONFIRMED,20.0,Aligned,risk_on,结构:STRUCTURAL_DECLINE(A/A-); 阶段:Stable(B); 触发:Consolidation(C); 置信度:Low,PASSED,B,fallback
00700,腾讯控股,2017-07-21,STRUCTURAL_DECLINE,Stable,Consolidation,34.9090408947436,COST_DISADVANTAGE,Low,BEARISH_CONFIRMED,20.0,Aligned,risk_on,结构:STRUCTURAL_DECLINE(A/A-); 阶段:Stable(B); 触发:Consolidation(C); 置信度:Low,PASSED,B,fallback
00700,腾讯控股,2017-07-28,STRUCTURAL_DECLINE,Stable,Consolidation,34.9090408947436,COST_DISADVANTAGE,Low,BEARISH_CONFIRMED,20.0,Aligned,risk_on,结构:STRUCTURAL_DECLINE(A/A-); 阶段:Stable(B); 触发:Consolidation(C); 置信度:Low,PASSED,B,fallback
00700,腾讯控股,2017-08-04,STRUCTURAL_DECLINE,Stable,Consolidation,43.31168745901481,COST_NEUTRAL,Medium,BEARISH_CONFIRMED,20.0,Aligned,risk_on,结构:STRUCTURAL_DECLINE(A/A-); 阶段:Stable(B); 触发:Consolidation(C); 置信度:Medium,PASSED,B,fallback
00700,腾讯控股,2017-08-11,STRUCTURAL_DECLINE,Stable,Consolidation,43.31168745901481,COST_NEUTRAL,Medium,BEARISH_CONFIRMED,20.0,Aligned,risk_on,结构:STRUCTURAL_DECLINE(A/A-); 阶段:Stable(B); 触发:Consolidation(C); 置信度:Medium,PASSED,B,fallback
00700,腾讯控股,2017-08-18,STRUCTURAL_DECLINE,Stable,Consolidation,43.31168745901481,COST_NEUTRAL,Medium,BEARISH_CONFIRMED,20.0,Aligned,risk_on,结构:STRUCTURAL_DECLINE(A/A-); 阶段:Stable(B); 触发:Consolidation(C); 置信度:Medium,PASSED,B,fallback
00700,腾讯控股,2017-08-25,STRUCTURAL_DECLINE,Stable,Consolidation,43.31168745901481,COST_NEUTRAL,Medium,BEARISH_CONFIRMED,20.0,Aligned,risk_on,结构:STRUCTURAL_DECLINE(A/A-); 阶段:Stable(B); 触发:Consolidation(C); 置信度:Medium,PASSED,B,fallback
00700,腾讯控股,2017-09-01,STRUCTURAL_DECLINE,Stable,Consolidation,25.913214385063227,COST_NEUTRAL,Low,BEARISH_CONFIRMED,20.0,Aligned,risk_on,结构:STRUCTURAL_DECLINE(A/A-); 阶段:Stable(B); 触发:Consolidation(C); 置信度:Low,PASSED,B,fallback
00700,腾讯控股,2017-09-08,STRUCTURAL_DECLINE,Stable,Consolidation,25.913214385063227,COST_NEUTRAL,Low,BEARISH_CONFIRMED,20.0,Aligned,risk_on,结构:STRUCTURAL_DECLINE(A/A-); 阶段:Stable(B); 触发:Consolidation(C); 置信度:Low,PASSED,B,fallback
00700,腾讯控股,2017-09-15,STRUCTURAL_DECLINE,Stable,Consolidation,25.913214385063227,COST_NEUTRAL,Low,BEARISH_CONFIRMED,20.0,Aligned,risk_on,结构:STRUCTURAL_DECLINE(A/A-); 阶段:Stable(B); 触发:Consolidation(C); 置信度:Low,PASSED,B,fallback
00700,腾讯控股,2017-09-22,STRUCTURAL_DECLINE,Stable,Consolidation,25.913214385063227,COST_NEUTRAL,Low,BEARISH_CONFIRMED,20.0,Aligned,risk_on,结构:STRUCTURAL_DECLINE(A/A-); 阶段:Stable(B); 触发:Consolidation(C); 置信度:Low,PASSED,B,fallback
00700,腾讯控股,2017-09-29,STRUCTURAL_DECLINE,Stable,Consolidation,25.913214385063227,COST_NEUTRAL,Low,BEARISH_CONFIRMED,20.0,Aligned,risk_on,结构:STRUCTURAL_DECLINE(A/A-); 阶段:Stable(B); 触发:Consolidation(C); 置信度:Low,PASSED,B,fallback
00700,腾讯控股,2017-10-06,STRUCTURAL_DECLINE,Improving,Consolidation,42.216641523226144,COST_DISADVANTAGE,Medium,BEARISH_CONFIRMED,20.0,Divergence,risk_on,结构:STRUCTURAL_DECLINE(A/A-); 阶段:Improving(B); 触发:Consolidation(C); 置信度:Medium,PASSED,B,fallback
00700,腾讯控股,2017-10-13,STRUCTURAL_DECLINE,Improving,Consolidation,42.216641523226144,COST_DISADVANTAGE,Medium,BEARISH_CONFIRMED,20.0,Divergence,risk_on,结构:STRUCTURAL_DECLINE(A/A-); 阶段:Improving(B); 触发:Consolidation(C); 置信度:Medium,PASSED,B,fallback
00700,腾讯控股,2017-10-20,STRUCTURAL_DECLINE,Improving,Consolidation,42.216641523226144,COST_DISADVANTAGE,Medium,BEARISH_CONFIRMED,20.0,Divergence,risk_on,结构:STRUCTURAL_DECLINE(A/A-); 阶段:Improving(B); 触发:Consolidation(C); 置信度:Medium,PASSED,B,fallback
00700,腾讯控股,2017-10-27,STRUCTURAL_DECLINE,Improving,Consolidation,42.216641523226144,COST_DISADVANTAGE,Medium,BEARISH_CONFIRMED,20.0,Divergence,risk_on,结构:STRUCTURAL_DECLINE(A/A-); 阶段:Improving(B); 触发:Consolidation(C); 置信度:Medium,PASSED,B,fallback
00700,腾讯控股,2017-11-03,STRUCTURAL_DECLINE,Improving,Consolidation,56.634393484350895,COST_NEUTRAL,Medium,BEARISH_CONFIRMED,20.0,Divergence,risk_on,结构:STRUCTURAL_DECLINE(A/A-); 阶段:Improving(B); 触发:Consolidation(C); 置信度:Medium,PASSED,B,fallback
00700,腾讯控股,2017-11-10,STRUCTURAL_DECLINE,Improving,Consolidation,56.634393484350895,COST_NEUTRAL,Medium,BEARISH_CONFIRMED,20.0,Divergence,risk_on,结构:STRUCTURAL_DECLINE(A/A-); 阶段:Improving(B); 触发:Consolidation(C); 置信度:Medium,PASSED,B,fallback
00700,腾讯控股,2017-11-17,STRUCTURAL_DECLINE,Improving,Consolidation,56.634393484350895,COST_NEUTRAL,Medium,BEARISH_CONFIRMED,20.0,Divergence,risk_on,结构:STRUCTURAL_DECLINE(A/A-); 阶段:Improving(B); 触发:Consolidation(C); 置信度:Medium,PASSED,B,fallback
00700,腾讯控股,2017-11-24,STRUCTURAL_DECLINE,Improving,Consolidation,56.634393484350895,COST_NEUTRAL,Medium,BEARISH_CONFIRMED,20.0,Divergence,risk_on,结构:STRUCTURAL_DECLINE(A/A-); 阶段:Improving(B); 触发:Consolidation(C); 置信度:Medium,PASSED,B,fallback
00700,腾讯控股,2017-12-01,STRUCTURAL_DECLINE,Stable,Pullback,18.269595349512628,COST_NEUTRAL,Low,BEARISH_CONFIRMED,20.0,Aligned,risk_on,结构:STRUCTURAL_DECLINE(A/A-); 阶段:Stable(B); 触发:Pullback(C); 置信度:Low,PASSED,B,fallback
00700,腾讯控股,2017-12-08,STRUCTURAL_DECLINE,Stable,Consolidation,18.269595349512628,COST_NEUTRAL,Low,BEARISH_CONFIRMED,20.0,Aligned,risk_on,结构:STRUCTURAL_DECLINE(A/A-); 阶段:Stable(B); 触发:Consolidation(C); 置信度:Low,PASSED,B,fallback
00700,腾讯控股,2017-12-15,STRUCTURAL_DECLINE,Stable,Pullback,18.269595349512628,COST_NEUTRAL,Low,BEARISH_CONFIRMED,20.0,Aligned,risk_on,结构:STRUCTURAL_DECLINE(A/A-); 阶段:Stable(B); 触发:Pullback(C); 置信度:Low,PASSED,B,fallback
00700,腾讯控股,2017-12-22,STRUCTURAL_DECLINE,Stable,Consolidation,18.269595349512628,COST_NEUTRAL,Low,BEARISH_CONFIRMED,20.0,Aligned,risk_on,结构:STRUCTURAL_DECLINE(A/A-); 阶段:Stable(B); 触发:Consolidation(C); 置信度:Low,PASSED,B,fallback
00700,腾讯控股,2017-12-29,STRUCTURAL_DECLINE,Stable,Consolidation,18.269595349512628,COST_NEUTRAL,Low,BEARISH_CONFIRMED,20.0,Aligned,risk_on,结构:STRUCTURAL_DECLINE(A/A-); 阶段:Stable(B); 触发:Consolidation(C); 置信度:Low,PASSED,B,fallback
00700,腾讯控股,2018-01-05,STRUCTURAL_DECLINE,Stable,Consolidation,18.03723003921851,COST_NEUTRAL,Low,BEARISH_CONFIRMED,20.0,Aligned,risk_on,结构:STRUCTURAL_DECLINE(A/A-); 阶段:Stable(B); 触发:Consolidation(C); 置信度:Low,PASSED,B,fallback
00700,腾讯控股,2018-01-12,STRUCTURAL_DECLINE,Stable,Consolidation,18.03723003921851,COST_NEUTRAL,Low,BEARISH_CONFIRMED,20.0,Aligned,risk_on,结构:STRUCTURAL_DECLINE(A/A-); 阶段:Stable(B); 触发:Consolidation(C); 置信度:Low,PASSED,B,fallback
00700,腾讯控股,2018-01-19,STRUCTURAL_DECLINE,Stable,Consolidation,18.03723003921851,COST_NEUTRAL,Low,BEARISH_CONFIRMED,20.0,Aligned,risk_on,结构:STRUCTURAL_DECLINE(A/A-); 阶段:Stable(B); 触发:Consolidation(C); 置信度:Low,PASSED,B,fallback
00700,腾讯控股,2018-01-26,STRUCTURAL_DECLINE,Stable,Consolidation,18.03723003921851,COST_NEUTRAL,Low,BEARISH_CONFIRMED,20.0,Aligned,risk_on,结构:STRUCTURAL_DECLINE(A/A-); 阶段:Stable(B); 触发:Consolidation(C); 置信度:Low,PASSED,B,fallback
00700,腾讯控股,2018-02-02,STRUCTURAL_DECLINE,Stable,Consolidation,27.865807783461896,COST_NEUTRAL,Low,BEARISH_CONFIRMED,20.0,Aligned,risk_on,结构:STRUCTURAL_DECLINE(A/A-); 阶段:Stable(B); 触发:Consolidation(C); 置信度:Low,PASSED,B,fallback
00700,腾讯控股,2018-02-09,STRUCTURAL_DECLINE,Stable,Pullback,27.865807783461896,COST_NEUTRAL,Low,BEARISH_CONFIRMED,20.0,Aligned,risk_off,结构:STRUCTURAL_DECLINE(A/A-); 阶段:Stable(B); 触发:Pullback(C); 置信度:Low,PASSED,B,fallback
00700,腾讯控股,2018-02-16,STRUCTURAL_DIVERGENCE,Stable,Consolidation,27.865807783461896,COST_NEUTRAL,Low,BULLISH_WARNING,55.0,Aligned,risk_on,结构:STRUCTURAL_DIVERGENCE(A/A-); 阶段:Stable(B); 触发:Consolidation(C); 置信度:Low,PASSED,C,fallback
00700,腾讯控股,2018-02-23,STRUCTURAL_DIVERGENCE,Stable,Consolidation,27.865807783461896,COST_NEUTRAL,Low,BULLISH_WARNING,55.0,Aligned,risk_on,结构:STRUCTURAL_DIVERGENCE(A/A-); 阶段:Stable(B); 触发:Consolidation(C); 置信度:Low,PASSED,C,fallback
00700,腾讯控股,2018-03-02,STRUCTURAL_DIVERGENCE,Deteriorating,Pullback,22.932139540851093,COST_NEUTRAL,Low,BULLISH_WARNING,55.0,Aligned,risk_off,结构:STRUCTURAL_DIVERGENCE(A/A-); 阶段:Deteriorating(B); 触发:Pullback(C); 置信度:Low,PASSED,C,fallback
00700,腾讯控股,2018-03-09,STRUCTURAL_DIVERGENCE,Deteriorating,Consolidation,22.932139540851093,COST_NEUTRAL,Low,BULLISH_WARNING,55.0,Aligned,risk_on,结构:STRUCTURAL_DIVERGENCE(A/A-); 阶段:Deteriorating(B); 触发:Consolidation(C); 置信度:Low,PASSED,C,fallback
00700,腾讯控股,2018-03-16,STRUCTURAL_DIVERGENCE,Deteriorating,Consolidation,22.932139540851093,COST_NEUTRAL,Low,BULLISH_WARNING,55.0,Aligned,risk_on,结构:STRUCTURAL_DIVERGENCE(A/A-); 阶段:Deteriorating(B); 触发:Consolidation(C); 置信度:Low,PASSED,C,fallback
00700,腾讯控股,2018-03-23,STRUCTURAL_DIVERGENCE,Deteriorating,Pullback,22.932139540851093,COST_NEUTRAL,Low,BULLISH_WARNING,55.0,Aligned,risk_off,结构:STRUCTURAL_DIVERGENCE(A/A-); 阶段:Deteriorating(B); 触发:Pullback(C); 置信度:Low,PASSED,C,fallback
00700,腾讯控股,2018-03-30,STRUCTURAL_DIVERGENCE,Deteriorating,Consolidation,22.932139540851093,COST_NEUTRAL,Low,BULLISH_WARNING,55.0,Aligned,risk_off,结构:STRUCTURAL_DIVERGENCE(A/A-); 阶段:Deteriorating(B); 触发:Consolidation(C); 置信度:Low,PASSED,C,fallback
00700,腾讯控股,2018-04-06,STRUCTURAL_DIVERGENCE,Deteriorating,Consolidation,7.44218172040251,COST_DISADVANTAGE,Low,BULLISH_WARNING,55.0,Aligned,risk_off,结构:STRUCTURAL_DIVERGENCE(A/A-); 阶段:Deteriorating(B); 触发:Consolidation(C); 置信度:Low,PASSED,C,fallback
00700,腾讯控股,2018-04-13,STRUCTURAL_DIVERGENCE,Deteriorating,Consolidation,7.44218172040251,COST_DISADVANTAGE,Low,BULLISH_WARNING,55.0,Aligned,neutral,结构:STRUCTURAL_DIVERGENCE(A/A-); 阶段:Deteriorating(B); 触发:Consolidation(C); 置信度:Low,PASSED,C,fallback
00700,腾讯控股,2018-04-20,STRUCTURAL_DIVERGENCE,Deteriorating,Consolidation,7.44218172040251,COST_DISADVANTAGE,Low,BULLISH_WARNING,55.0,Aligned,risk_off,结构:STRUCTURAL_DIVERGENCE(A/A-); 阶段:Deteriorating(B); 触发:Consolidation(C); 置信度:Low,PASSED,C,fallback
00700,腾讯控股,2018-04-27,STRUCTURAL_DIVERGENCE,Deteriorating,Consolidation,7.44218172040251,COST_DISADVANTAGE,Low,BULLISH_WARNING,55.0,Aligned,risk_off,结构:STRUCTURAL_DIVERGENCE(A/A-); 阶段:Deteriorating(B); 触发:Consolidation(C); 置信度:Low,PASSED,C,fallback
00700,腾讯控股,2018-05-04,STRUCTURAL_DIVERGENCE,Deteriorating,Consolidation,27.53464273903441,COST_DISADVANTAGE,Low,BULLISH_WARNING,55.0,Aligned,risk_off,结构:STRUCTURAL_DIVERGENCE(A/A-); 阶段:Deteriorating(B); 触发:Consolidation(C); 置信度:Low,PASSED,C,fallback
00700,腾讯控股,2018-05-11,STRUCTURAL_DIVERGENCE,Deteriorating,Consolidation,27.53464273903441,COST_DISADVANTAGE,Low,BULLISH_WARNING,55.0,Aligned,risk_on,结构:STRUCTURAL_DIVERGENCE(A/A-); 阶段:Deteriorating(B); 触发:Consolidation(C); 置信度:Low,PASSED,C,fallback
00700,腾讯控股,2018-05-18,STRUCTURAL_DIVERGENCE,Deteriorating,Consolidation,27.53464273903441,COST_DISADVANTAGE,Low,BULLISH_WARNING,55.0,Aligned,neutral,结构:STRUCTURAL_DIVERGENCE(A/A-); 阶段:Deteriorating(B); 触发:Consolidation(C); 置信度:Low,PASSED,B,fallback
00700,腾讯控股,2018-05-25,STRUCTURAL_DIVERGENCE,Deteriorating,Consolidation,27.53464273903441,COST_DISADVANTAGE,Low,BULLISH_WARNING,55.0,Aligned,risk_off,结构:STRUCTURAL_DIVERGENCE(A/A-); 阶段:Deteriorating(B); 触发:Consolidation(C); 置信度:Low,PASSED,B,fallback
00700,腾讯控股,2018-06-01,STRUCTURAL_DIVERGENCE,Improving,Consolidation,21.88289122094246,COST_DISADVANTAGE,Low,BULLISH_WARNING,55.0,Aligned,neutral,结构:STRUCTURAL_DIVERGENCE(A/A-); 阶段:Improving(B); 触发:Consolidation(C); 置信度:Low,PASSED,B,fallback
00700,腾讯控股,2018-06-08,STRUCTURAL_DIVERGENCE,Improving,Consolidation,21.88289122094246,COST_DISADVANTAGE,Low,BULLISH_WARNING,55.0,Aligned,neutral,结构:STRUCTURAL_DIVERGENCE(A/A-); 阶段:Improving(B); 触发:Consolidation(C); 置信度:Low,PASSED,B,fallback
00700,腾讯控股,2018-06-15,STRUCTURAL_DIVERGENCE,Improving,Consolidation,21.88289122094246,COST_DISADVANTAGE,Low,BULLISH_WARNING,55.0,Aligned,risk_off,结构:STRUCTURAL_DIVERGENCE(A/A-); 阶段:Improving(B); 触发:Consolidation(C); 置信度:Low,PASSED,B,fallback
00700,腾讯控股,2018-06-22,STRUCTURAL_DIVERGENCE,Improving,Consolidation,21.88289122094246,COST_DISADVANTAGE,Low,BULLISH_WARNING,55.0,Aligned,risk_off,结构:STRUCTURAL_DIVERGENCE(A/A-); 阶段:Improving(B); 触发:Consolidation(C); 置信度:Low,PASSED,B,fallback
00700,腾讯控股,2018-06-29,STRUCTURAL_DIVERGENCE,Improving,Consolidation,21.88289122094246,COST_DISADVANTAGE,Low,BULLISH_WARNING,55.0,Aligned,risk_off,结构:STRUCTURAL_DIVERGENCE(A/A-); 阶段:Improving(B); 触发:Consolidation(C); 置信度:Low,PASSED,B,fallback
00700,腾讯控股,2018-07-06,STRUCTURAL_DIVERGENCE,Stable,Consolidation,31.531762654522073,COST_DISADVANTAGE,Low,BULLISH_WARNING,55.0,Aligned,risk_off,结构:STRUCTURAL_DIVERGENCE(A/A-); 阶段:Stable(B); 触发:Consolidation(C); 置信度:Low,PASSED,B,fallback
00700,腾讯控股,2018-07-13,STRUCTURAL_DIVERGENCE,Stable,Consolidation,31.531762654522073,COST_DISADVANTAGE,Low,BULLISH_WARNING,55.0,Aligned,risk_off,结构:STRUCTURAL_DIVERGENCE(A/A-); 阶段:Stable(B); 触发:Consolidation(C); 置信度:Low,PASSED,B,fallback
00700,腾讯控股,2018-07-20,STRUCTURAL_DIVERGENCE,Stable,Consolidation,31.531762654522073,COST_DISADVANTAGE,Low,BULLISH_WARNING,55.0,Aligned,risk_off,结构:STRUCTURAL_DIVERGENCE(A/A-); 阶段:Stable(B); 触发:Consolidation(C); 置信度:Low,PASSED,B,fallback
00700,腾讯控股,2018-07-27,STRUCTURAL_DIVERGENCE,Stable,Consolidation,31.531762654522073,COST_DISADVANTAGE,Low,BULLISH_WARNING,55.0,Aligned,risk_off,结构:STRUCTURAL_DIVERGENCE(A/A-); 阶段:Stable(B); 触发:Consolidation(C); 置信度:Low,PASSED,B,fallback
00700,腾讯控股,2018-08-03,STRUCTURAL_DIVERGENCE,Deteriorating,Breakdown,34.84582061048853,COST_DISADVANTAGE,Low,BULLISH_WARNING,55.0,Aligned,risk_off,结构:STRUCTURAL_DIVERGENCE(A/A-); 阶段:Deteriorating(B); 触发:Breakdown(C); 置信度:Low,PASSED,B,matrix
00700,腾讯控股,2018-08-10,STRUCTURAL_DIVERGENCE,Deteriorating,Consolidation,34.84582061048853,COST_DISADVANTAGE,Low,BULLISH_WARNING,55.0,Aligned,risk_off,结构:STRUCTURAL_DIVERGENCE(A/A-); 阶段:Deteriorating(B); 触发:Consolidation(C); 置信度:Low,PASSED,B,fallback
00700,腾讯控股,2018-08-17,STRUCTURAL_BOTTOM_CANDIDATE,Deteriorating,Breakdown,34.84582061048853,COST_DISADVANTAGE,Medium,BULLISH_WARNING,55.0,Aligned,risk_off,结构:STRUCTURAL_BOTTOM_CANDIDATE(A/A-); 阶段:Deteriorating(B); 触发:Breakdown(C); 置信度:Medium,PASSED,C,fallback
00700,腾讯控股,2018-08-24,STRUCTURAL_BOTTOM_CANDIDATE,Deteriorating,Consolidation,34.84582061048853,COST_DISADVANTAGE,Medium,BULLISH_WARNING,55.0,Aligned,risk_off,结构:STRUCTURAL_BOTTOM_CANDIDATE(A/A-); 阶段:Deteriorating(B); 触发:Consolidation(C); 置信度:Medium,PASSED,C,fallback
00700,腾讯控股,2018-08-31,STRUCTURAL_BOTTOM_CANDIDATE,Deteriorating,Consolidation,16.120491660684795,COST_DISADVANTAGE,Low,BULLISH_WARNING,55.0,Aligned,risk_off,结构:STRUCTURAL_BOTTOM_CANDIDATE(A/A-); 阶段:Deteriorating(B); 触发:Consolidation(C); 置信度:Low,PASSED,C,fallback
00700,腾讯控股,2018-09-07,STRUCTURAL_BOTTOM_CANDIDATE,Deteriorating,Breakdown,16.120491660684795,COST_DISADVANTAGE,Low,BULLISH_WARNING,55.0,Aligned,risk_off,结构:STRUCTURAL_BOTTOM_CANDIDATE(A/A-); 阶段:Deteriorating(B); 触发:Breakdown(C); 置信度:Low,PASSED,C,fallback
00700,腾讯控股,2018-09-14,STRUCTURAL_BOTTOM_CANDIDATE,Deteriorating,Consolidation,16.120491660684795,COST_DISADVANTAGE,Low,BULLISH_WARNING,55.0,Aligned,risk_off,结构:STRUCTURAL_BOTTOM_CANDIDATE(A/A-); 阶段:Deteriorating(B); 触发:Consolidation(C); 置信度:Low,PASSED,C,fallback
00700,腾讯控股,2018-09-21,STRUCTURAL_BOTTOM_CANDIDATE,Deteriorating,Consolidation,16.120491660684795,COST_DISADVANTAGE,Low,BULLISH_WARNING,55.0,Aligned,neutral,结构:STRUCTURAL_BOTTOM_CANDIDATE(A/A-); 阶段:Deteriorating(B); 触发:Consolidation(C); 置信度:Low,PASSED,C,fallback
00700,腾讯控股,2018-09-28,STRUCTURAL_BOTTOM_CANDIDATE,Deteriorating,Consolidation,16.120491660684795,COST_DISADVANTAGE,Low,BULLISH_WARNING,55.0,Aligned,neutral,结构:STRUCTURAL_BOTTOM_CANDIDATE(A/A-); 阶段:Deteriorating(B); 触发:Consolidation(C); 置信度:Low,PASSED,C,fallback
00700,腾讯控股,2018-10-05,STRUCTURAL_BOTTOM_CANDIDATE,Stable,Breakdown,31.404152155667816,COST_DISADVANTAGE,Low,BULLISH_WARNING,55.0,Aligned,risk_off,结构:STRUCTURAL_BOTTOM_CANDIDATE(A/A-); 阶段:Stable(B); 触发:Breakdown(C); 置信度:Low,PASSED,C,fallback
00700,腾讯控股,2018-10-12,STRUCTURAL_BOTTOM_CANDIDATE,Stable,Breakdown,31.404152155667816,COST_DISADVANTAGE,Low,BULLISH_WARNING,55.0,Aligned,risk_off,结构:STRUCTURAL_BOTTOM_CANDIDATE(A/A-); 阶段:Stable(B); 触发:Breakdown(C); 置信度:Low,PASSED,C,fallback
00700,腾讯控股,2018-10-19,STRUCTURAL_BOTTOM_CANDIDATE,Stable,Consolidation,31.404152155667816,COST_DISADVANTAGE,Low,BULLISH_WARNING,55.0,Aligned,risk_off,结构:STRUCTURAL_BOTTOM_CANDIDATE(A/A-); 阶段:Stable(B); 触发:Consolidation(C); 置信度:Low,PASSED,C,fallback
00700,腾讯控股,2018-10-26,STRUCTURAL_BOTTOM_CANDIDATE,Stable,Breakdown,31.404152155667816,COST_DISADVANTAGE,Low,BULLISH_WARNING,55.0,Aligned,risk_off,结构:STRUCTURAL_BOTTOM_CANDIDATE(A/A-); 阶段:Stable(B); 触发:Breakdown(C); 置信度:Low,PASSED,C,fallback
00700,腾讯控股,2018-11-02,STRUCTURAL_BOTTOM_CANDIDATE,Deteriorating,Consolidation,25.486591749318265,COST_DISADVANTAGE,Low,BULLISH_WARNING,55.0,Aligned,risk_off,结构:STRUCTURAL_BOTTOM_CANDIDATE(A/A-); 阶段:Deteriorating(B); 触发:Consolidation(C); 置信度:Low,PASSED,C,fallback
00700,腾讯控股,2018-11-09,STRUCTURAL_BOTTOM_CANDIDATE,Deteriorating,Consolidation,25.486591749318265,COST_DISADVANTAGE,Low,BULLISH_WARNING,55.0,Aligned,risk_off,结构:STRUCTURAL_BOTTOM_CANDIDATE(A/A-); 阶段:Deteriorating(B); 触发:Consolidation(C); 置信度:Low,PASSED,C,fallback
00700,腾讯控股,2018-11-16,STRUCTURAL_BOTTOM_CANDIDATE,Deteriorating,Consolidation,25.486591749318265,COST_DISADVANTAGE,Low,BULLISH_WARNING,55.0,Aligned,risk_off,结构:STRUCTURAL_BOTTOM_CANDIDATE(A/A-); 阶段:Deteriorating(B); 触发:Consolidation(C); 置信度:Low,PASSED,C,fallback
00700,腾讯控股,2018-11-23,STRUCTURAL_BOTTOM_CANDIDATE,Deteriorating,Consolidation,25.486591749318265,COST_DISADVANTAGE,Low,BULLISH_WARNING,55.0,Aligned,risk_off,结构:STRUCTURAL_BOTTOM_CANDIDATE(A/A-); 阶段:Deteriorating(B); 触发:Consolidation(C); 置信度:Low,PASSED,C,fallback
00700,腾讯控股,2018-11-30,STRUCTURAL_BOTTOM_CANDIDATE,Improving,Consolidation,22.36457994455322,COST_NEUTRAL,Low,BULLISH_WARNING,55.0,Aligned,risk_off,结构:STRUCTURAL_BOTTOM_CANDIDATE(A/A-); 阶段:Improving(B); 触发:Consolidation(C); 置信度:Low,PASSED,C,fallback
00700,腾讯控股,2018-12-07,STRUCTURAL_BOTTOM_CANDIDATE,Improving,Consolidation,22.36457994455322,COST_NEUTRAL,Low,BULLISH_WARNING,55.0,Aligned,neutral,结构:STRUCTURAL_BOTTOM_CANDIDATE(A/A-); 阶段:Improving(B); 触发:Consolidation(C); 置信度:Low,PASSED,C,fallback
00700,腾讯控股,2018-12-14,STRUCTURAL_BOTTOM_CANDIDATE,Improving,Consolidation,22.36457994455322,COST_NEUTRAL,Low,BULLISH_WARNING,55.0,Aligned,risk_off,结构:STRUCTURAL_BOTTOM_CANDIDATE(A/A-); 阶段:Improving(B); 触发:Consolidation(C); 置信度:Low,PASSED,C,fallback
00700,腾讯控股,2018-12-21,STRUCTURAL_BOTTOM_CANDIDATE,Improving,Consolidation,22.36457994455322,COST_NEUTRAL,Low,BULLISH_WARNING,55.0,Aligned,risk_off,结构:STRUCTURAL_BOTTOM_CANDIDATE(A/A-); 阶段:Improving(B); 触发:Consolidation(C); 置信度:Low,PASSED,C,fallback
00700,腾讯控股,2018-12-28,STRUCTURAL_BOTTOM_CANDIDATE,Improving,Consolidation,22.36457994455322,COST_NEUTRAL,Low,BULLISH_WARNING,55.0,Aligned,risk_off,结构:STRUCTURAL_BOTTOM_CANDIDATE(A/A-); 阶段:Improving(B); 触发:Consolidation(C); 置信度:Low,PASSED,C,fallback
00700,腾讯控股,2019-01-04,STRUCTURAL_BOTTOM_CANDIDATE,Stable,Consolidation,42.421929759122776,COST_DISADVANTAGE,Medium,BULLISH_WARNING,55.0,Aligned,risk_off,结构:STRUCTURAL_BOTTOM_CANDIDATE(A/A-); 阶段:Stable(B); 触发:Consolidation(C); 置信度:Medium,PASSED,C,fallback
00700,腾讯控股,2019-01-11,STRUCTURAL_BOTTOM_CANDIDATE,Stable,Consolidation,42.421929759122776,COST_DISADVANTAGE,Medium,BULLISH_WARNING,55.0,Aligned,risk_on,结构:STRUCTURAL_BOTTOM_CANDIDATE(A/A-); 阶段:Stable(B); 触发:Consolidation(C); 置信度:Medium,PASSED,C,fallback
00700,腾讯控股,2019-01-18,STRUCTURAL_BOTTOM_CANDIDATE,Stable,Consolidation,42.421929759122776,COST_DISADVANTAGE,Medium,BULLISH_WARNING,55.0,Aligned,risk_on,结构:STRUCTURAL_BOTTOM_CANDIDATE(A/A-); 阶段:Stable(B); 触发:Consolidation(C); 置信度:Medium,PASSED,C,fallback
00700,腾讯控股,2019-01-25,STRUCTURAL_BOTTOM_CANDIDATE,Stable,Consolidation,42.421929759122776,COST_DISADVANTAGE,Medium,BULLISH_WARNING,55.0,Aligned,risk_on,结构:STRUCTURAL_BOTTOM_CANDIDATE(A/A-); 阶段:Stable(B); 触发:Consolidation(C); 置信度:Medium,PASSED,C,fallback
00700,腾讯控股,2019-02-01,STRUCTURAL_BOTTOM_CANDIDATE,Improving,Consolidation,35.80906767570994,COST_NEUTRAL,Low,BULLISH_WARNING,55.0,Aligned,risk_on,结构:STRUCTURAL_BOTTOM_CANDIDATE(A/A-); 阶段:Improving(B); 触发:Consolidation(C); 置信度:Low,PASSED,C,fallback
00700,腾讯控股,2019-02-08,STRUCTURAL_BOTTOM_CANDIDATE,Improving,Consolidation,35.80906767570994,COST_NEUTRAL,Low,BULLISH_WARNING,55.0,Aligned,risk_on,结构:STRUCTURAL_BOTTOM_CANDIDATE(A/A-); 阶段:Improving(B); 触发:Consolidation(C); 置信度:Low,PASSED,C,fallback
00700,腾讯控股,2019-02-15,STRUCTURAL_BOTTOM_CANDIDATE,Improving,Pullback,35.80906767570994,COST_NEUTRAL,Medium,BULLISH_WARNING,55.0,Aligned,risk_on,结构:STRUCTURAL_BOTTOM_CANDIDATE(A/A-); 阶段:Improving(B); 触发:Pullback(C); 置信度:Medium,PASSED,B,fallback
00700,腾讯控股,2019-02-22,STRUCTURAL_BOTTOM_CANDIDATE,Improving,Consolidation,35.80906767570994,COST_NEUTRAL,Medium,BULLISH_WARNING,55.0,Aligned,risk_on,结构:STRUCTURAL_BOTTOM_CANDIDATE(A/A-); 阶段:Improving(B); 触发:Consolidation(C); 置信度:Medium,PASSED,B,fallback
00700,腾讯控股,2019-03-01,STRUCTURAL_BOTTOM_CANDIDATE,Deteriorating,Pullback,36.52098100644524,COST_NEUTRAL,Medium,BULLISH_WARNING,55.0,Aligned,risk_on,结构:STRUCTURAL_BOTTOM_CANDIDATE(A/A-); 阶段:Deteriorating(B); 触发:Pullback(C); 置信度:Medium,PASSED,B,fallback
00700,腾讯控股,2019-03-08,STRUCTURAL_BOTTOM_CANDIDATE,Deteriorating,Consolidation,36.52098100644524,COST_NEUTRAL,Medium,BULLISH_WARNING,55.0,Aligned,risk_on,结构:STRUCTURAL_BOTTOM_CANDIDATE(A/A-); 阶段:Deteriorating(B); 触发:Consolidation(C); 置信度:Medium,PASSED,B,fallback
00700,腾讯控股,2019-03-15,STRUCTURAL_BOTTOM_CANDIDATE,Deteriorating,Consolidation,36.52098100644524,COST_NEUTRAL,Medium,BULLISH_WARNING,55.0,Aligned,risk_on,结构:STRUCTURAL_BOTTOM_CANDIDATE(A/A-); 阶段:Deteriorating(B); 触发:Consolidation(C); 置信度:Medium,PASSED,B,fallback
00700,腾讯控股,2019-03-22,STRUCTURAL_BOTTOM_CANDIDATE,Deteriorating,Consolidation,36.52098100644524,COST_NEUTRAL,Medium,BULLISH_WARNING,55.0,Aligned,risk_on,结构:STRUCTURAL_BOTTOM_CANDIDATE(A/A-); 阶段:Deteriorating(B); 触发:Consolidation(C); 置信度:Medium,PASSED,B,fallback
00700,腾讯控股,2019-03-29,STRUCTURAL_BOTTOM_CANDIDATE,Deteriorating,Consolidation,36.52098100644524,COST_NEUTRAL,Medium,BULLISH_WARNING,55.0,Aligned,risk_on,结构:STRUCTURAL_BOTTOM_CANDIDATE(A/A-); 阶段:Deteriorating(B); 触发:Consolidation(C); 置信度:Medium,PASSED,B,fallback
00700,腾讯控股,2019-04-05,STRUCTURAL_BOTTOM_CANDIDATE,Improving,Consolidation,43.54201321677639,COST_DISADVANTAGE,Medium,BULLISH_WARNING,55.0,Aligned,risk_on,结构:STRUCTURAL_BOTTOM_CANDIDATE(A/A-); 阶段:Improving(B); 触发:Consolidation(C); 置信度:Medium,PASSED,B,fallback
00700,腾讯控股,2019-04-12,STRUCTURAL_BOTTOM_CANDIDATE,Improving,Consolidation,43.54201321677639,COST_DISADVANTAGE,Medium,BULLISH_WARNING,55.0,Aligned,risk_on,结构:STRUCTURAL_BOTTOM_CANDIDATE(A/A-); 阶段:Improving(B); 触发:Consolidation(C); 置信度:Medium,PASSED,B,fallback
00700,腾讯控股,2019-04-19,STRUCTURAL_BOTTOM_CANDIDATE,Improving,Consolidation,43.54201321677639,COST_DISADVANTAGE,Medium,BULLISH_WARNING,55.0,Aligned,risk_on,结构:STRUCTURAL_BOTTOM_CANDIDATE(A/A-); 阶段:Improving(B); 触发:Consolidation(C); 置信度:Medium,PASSED,B,fallback
00700,腾讯控股,2019-04-26,STRUCTURAL_BOTTOM_CANDIDATE,Improving,Consolidation,43.54201321677639,COST_DISADVANTAGE,Medium,BULLISH_WARNING,55.0,Aligned,risk_on,结构:STRUCTURAL_BOTTOM_CANDIDATE(A/A-); 阶段:Improving(B); 触发:Consolidation(C); 置信度:Medium,PASSED,B,fallback
00700,腾讯控股,2019-05-03,STRUCTURAL_BOTTOM_CANDIDATE,Improving,Consolidation,46.01740304132746,COST_NEUTRAL,Medium,BULLISH_WARNING,55.0,Aligned,risk_on,结构:STRUCTURAL_BOTTOM_CANDIDATE(A/A-); 阶段:Improving(B); 触发:Consolidation(C); 置信度:Medium,PASSED,B,fallback
00700,腾讯控股,2019-05-10,STRUCTURAL_BOTTOM_CANDIDATE,Improving,Pullback,46.01740304132746,COST_NEUTRAL,Medium,BULLISH_WARNING,55.0,Aligned,neutral,结构:STRUCTURAL_BOTTOM_CANDIDATE(A/A-); 阶段:Improving(B); 触发:Pullback(C); 置信度:Medium,PASSED,B,fallback
00700,腾讯控股,2019-05-17,STRUCTURAL_BOTTOM_CANDIDATE,Improving,Consolidation,46.01740304132746,COST_NEUTRAL,Medium,BULLISH_WARNING,55.0,Aligned,neutral,结构:STRUCTURAL_BOTTOM_CANDIDATE(A/A-); 阶段:Improving(B); 触发:Consolidation(C); 置信度:Medium,PASSED,B,fallback
00700,腾讯控股,2019-05-24,STRUCTURAL_BOTTOM_CANDIDATE,Improving,Consolidation,46.01740304132746,COST_NEUTRAL,Medium,BULLISH_WARNING,55.0,Aligned,risk_off,结构:STRUCTURAL_BOTTOM_CANDIDATE(A/A-); 阶段:Improving(B); 触发:Consolidation(C); 置信度:Medium,PASSED,B,fallback
00700,腾讯控股,2019-05-31,STRUCTURAL_BOTTOM_CANDIDATE,Deteriorating,Consolidation,34.967068034123194,COST_DISADVANTAGE,Medium,BULLISH_WARNING,55.0,Aligned,risk_off,结构:STRUCTURAL_BOTTOM_CANDIDATE(A/A-); 阶段:Deteriorating(B); 触发:Consolidation(C); 置信度:Medium,PASSED,B,fallback
00700,腾讯控股,2019-06-07,STRUCTURAL_BOTTOM_CANDIDATE,Deteriorating,Consolidation,34.967068034123194,COST_DISADVANTAGE,Medium,BULLISH_WARNING,55.0,Aligned,risk_off,结构:STRUCTURAL_BOTTOM_CANDIDATE(A/A-); 阶段:Deteriorating(B); 触发:Consolidation(C); 置信度:Medium,PASSED,B,fallback
00700,腾讯控股,2019-06-14,STRUCTURAL_BOTTOM_CANDIDATE,Deteriorating,Consolidation,34.967068034123194,COST_DISADVANTAGE,Medium,BULLISH_WARNING,55.0,Aligned,risk_off,结构:STRUCTURAL_BOTTOM_CANDIDATE(A/A-); 阶段:Deteriorating(B); 触发:Consolidation(C); 置信度:Medium,PASSED,B,fallback
00700,腾讯控股,2019-06-21,STRUCTURAL_BOTTOM_CANDIDATE,Deteriorating,Consolidation,34.967068034123194,COST_DISADVANTAGE,Medium,BULLISH_WARNING,55.0,Aligned,risk_off,结构:STRUCTURAL_BOTTOM_CANDIDATE(A/A-); 阶段:Deteriorating(B); 触发:Consolidation(C); 置信度:Medium,PASSED,B,fallback
00700,腾讯控股,2019-06-28,STRUCTURAL_BOTTOM_CANDIDATE,Deteriorating,Consolidation,34.967068034123194,COST_DISADVANTAGE,Medium,BULLISH_WARNING,55.0,Aligned,neutral,结构:STRUCTURAL_BOTTOM_CANDIDATE(A/A-); 阶段:Deteriorating(B); 触发:Consolidation(C); 置信度:Medium,PASSED,B,fallback
00700,腾讯控股,2019-07-05,STRUCTURAL_BOTTOM_CANDIDATE,Improving,Consolidation,42.44952971678403,COST_DISADVANTAGE,Medium,BULLISH_WARNING,55.0,Aligned,risk_off,结构:STRUCTURAL_BOTTOM_CANDIDATE(A/A-); 阶段:Improving(B); 触发:Consolidation(C); 置信度:Medium,PASSED,B,fallback
00700,腾讯控股,2019-07-12,STRUCTURAL_BOTTOM_CANDIDATE,Improving,Consolidation,42.44952971678403,COST_DISADVANTAGE,Medium,BULLISH_WARNING,55.0,Aligned,risk_off,结构:STRUCTURAL_BOTTOM_CANDIDATE(A/A-); 阶段:Improving(B); 触发:Consolidation(C); 置信度:Medium,PASSED,B,fallback
00700,腾讯控股,2019-07-19,STRUCTURAL_BOTTOM_CANDIDATE,Improving,Consolidation,42.44952971678403,COST_DISADVANTAGE,Medium,BULLISH_WARNING,55.0,Aligned,risk_off,结构:STRUCTURAL_BOTTOM_CANDIDATE(A/A-); 阶段:Improving(B); 触发:Consolidation(C); 置信度:Medium,PASSED,B,fallback
00700,腾讯控股,2019-07-26,STRUCTURAL_BOTTOM_CANDIDATE,Improving,Consolidation,42.44952971678403,COST_DISADVANTAGE,Medium,BULLISH_WARNING,55.0,Aligned,risk_off,结构:STRUCTURAL_BOTTOM_CANDIDATE(A/A-); 阶段:Improving(B); 触发:Consolidation(C); 置信度:Medium,PASSED,B,fallback
00700,腾讯控股,2019-08-02,STRUCTURAL_BOTTOM_CANDIDATE,Improving,Pullback,45.35124743165368,COST_DISADVANTAGE,Medium,BULLISH_WARNING,55.0,Aligned,risk_off,结构:STRUCTURAL_BOTTOM_CANDIDATE(A/A-); 阶段:Improving(B); 触发:Pullback(C); 置信度:Medium,PASSED,B,fallback
00700,腾讯控股,2019-08-09,STRUCTURAL_BOTTOM_CANDIDATE,Improving,Consolidation,45.35124743165368,COST_DISADVANTAGE,Medium,BULLISH_WARNING,55.0,Aligned,risk_off,结构:STRUCTURAL_BOTTOM_CANDIDATE(A/A-); 阶段:Improving(B); 触发:Consolidation(C); 置信度:Medium,PASSED,B,fallback
00700,腾讯控股,2019-08-16,STRUCTURAL_BOTTOM_CANDIDATE,Improving,Consolidation,45.35124743165368,COST_DISADVANTAGE,Medium,BULLISH_WARNING,55.0,Aligned,risk_off,结构:STRUCTURAL_BOTTOM_CANDIDATE(A/A-); 阶段:Improving(B); 触发:Consolidation(C); 置信度:Medium,PASSED,B,fallback
00700,腾讯控股,2019-08-23,STRUCTURAL_BOTTOM_CANDIDATE,Improving,Consolidation,45.35124743165368,COST_DISADVANTAGE,Medium,BULLISH_WARNING,55.0,Aligned,risk_off,结构:STRUCTURAL_BOTTOM_CANDIDATE(A/A-); 阶段:Improving(B); 触发:Consolidation(C); 置信度:Medium,PASSED,B,fallback
00700,腾讯控股,2019-08-30,STRUCTURAL_BOTTOM_CANDIDATE,Improving,Consolidation,45.35124743165368,COST_DISADVANTAGE,Medium,BULLISH_WARNING,55.0,Aligned,risk_off,结构:STRUCTURAL_BOTTOM_CANDIDATE(A/A-); 阶段:Improving(B); 触发:Consolidation(C); 置信度:Medium,PASSED,B,fallback
00700,腾讯控股,2019-09-06,STRUCTURAL_BOTTOM_CANDIDATE,Deteriorating,Consolidation,33.63499762286747,COST_DISADVANTAGE,Low,BULLISH_WARNING,55.0,Aligned,risk_off,结构:STRUCTURAL_BOTTOM_CANDIDATE(A/A-); 阶段:Deteriorating(B); 触发:Consolidation(C); 置信度:Low,PASSED,B,fallback
00700,腾讯控股,2019-09-13,STRUCTURAL_BOTTOM_CANDIDATE,Deteriorating,Consolidation,33.63499762286747,COST_DISADVANTAGE,Low,BULLISH_WARNING,55.0,Aligned,risk_off,结构:STRUCTURAL_BOTTOM_CANDIDATE(A/A-); 阶段:Deteriorating(B); 触发:Consolidation(C); 置信度:Low,PASSED,B,fallback
00700,腾讯控股,2019-09-20,STRUCTURAL_BOTTOM_CANDIDATE,Deteriorating,Consolidation,33.63499762286747,COST_DISADVANTAGE,Low,BULLISH_WARNING,55.0,Aligned,risk_off,结构:STRUCTURAL_BOTTOM_CANDIDATE(A/A-); 阶段:Deteriorating(B); 触发:Consolidation(C); 置信度:Low,PASSED,B,fallback
00700,腾讯控股,2019-09-27,STRUCTURAL_BOTTOM_CANDIDATE,Deteriorating,Consolidation,33.63499762286747,COST_DISADVANTAGE,Low,BULLISH_WARNING,55.0,Aligned,risk_off,结构:STRUCTURAL_BOTTOM_CANDIDATE(A/A-); 阶段:Deteriorating(B); 触发:Consolidation(C); 置信度:Low,PASSED,B,fallback
00700,腾讯控股,2019-10-04,STRUCTURAL_BOTTOM_CANDIDATE,Improving,Consolidation,43.50673565323829,COST_DISADVANTAGE,Medium,BULLISH_WARNING,55.0,Aligned,risk_off,结构:STRUCTURAL_BOTTOM_CANDIDATE(A/A-); 阶段:Improving(B); 触发:Consolidation(C); 置信度:Medium,PASSED,B,fallback
00700,腾讯控股,2019-10-11,STRUCTURAL_BOTTOM_CANDIDATE,Improving,Consolidation,43.50673565323829,COST_DISADVANTAGE,Medium,BULLISH_WARNING,55.0,Aligned,risk_off,结构:STRUCTURAL_BOTTOM_CANDIDATE(A/A-); 阶段:Improving(B); 触发:Consolidation(C); 置信度:Medium,PASSED,B,fallback
00700,腾讯控股,2019-10-18,STRUCTURAL_BOTTOM_CANDIDATE,Improving,Consolidation,43.50673565323829,COST_DISADVANTAGE,Medium,BULLISH_WARNING,55.0,Aligned,risk_off,结构:STRUCTURAL_BOTTOM_CANDIDATE(A/A-); 阶段:Improving(B); 触发:Consolidation(C); 置信度:Medium,PASSED,B,fallback
00700,腾讯控股,2019-10-25,STRUCTURAL_BOTTOM_CANDIDATE,Improving,Consolidation,43.50673565323829,COST_DISADVANTAGE,Medium,BULLISH_WARNING,55.0,Aligned,risk_off,结构:STRUCTURAL_BOTTOM_CANDIDATE(A/A-); 阶段:Improving(B); 触发:Consolidation(C); 置信度:Medium,PASSED,B,fallback
00700,腾讯控股,2019-11-01,STRUCTURAL_BOTTOM_CANDIDATE,Stable,Consolidation,44.88280357892369,COST_DISADVANTAGE,Medium,BULLISH_WARNING,55.0,Aligned,risk_on,结构:STRUCTURAL_BOTTOM_CANDIDATE(A/A-); 阶段:Stable(B); 触发:Consolidation(C); 置信度:Medium,PASSED,B,fallback
00700,腾讯控股,2019-11-08,STRUCTURAL_BOTTOM_CANDIDATE,Stable,Consolidation,44.88280357892369,COST_DISADVANTAGE,Medium,BULLISH_WARNING,55.0,Aligned,risk_on,结构:STRUCTURAL_BOTTOM_CANDIDATE(A/A-); 阶段:Stable(B); 触发:Consolidation(C); 置信度:Medium,PASSED,B,fallback
00700,腾讯控股,2019-11-15,STRUCTURAL_BOTTOM_CANDIDATE,Stable,Consolidation,44.88280357892369,COST_DISADVANTAGE,Low,BULLISH_WARNING,55.0,Aligned,neutral,结构:STRUCTURAL_BOTTOM_CANDIDATE(A/A-); 阶段:Stable(B); 触发:Consolidation(C); 置信度:Low,PASSED,B,fallback
00700,腾讯控股,2019-11-22,STRUCTURAL_BOTTOM_CANDIDATE,Stable,Consolidation,44.88280357892369,COST_DISADVANTAGE,Low,BULLISH_WARNING,55.0,Aligned,risk_on,结构:STRUCTURAL_BOTTOM_CANDIDATE(A/A-); 阶段:Stable(B); 触发:Consolidation(C); 置信度:Low,PASSED,B,fallback
00700,腾讯控股,2019-11-29,STRUCTURAL_BOTTOM_CANDIDATE,Stable,Consolidation,44.88280357892369,COST_DISADVANTAGE,Low,BULLISH_WARNING,55.0,Aligned,neutral,结构:STRUCTURAL_BOTTOM_CANDIDATE(A/A-); 阶段:Stable(B); 触发:Consolidation(C); 置信度:Low,PASSED,B,fallback
00700,腾讯控股,2019-12-06,STRUCTURAL_BOTTOM_CANDIDATE,Improving,Consolidation,71.49442972819043,COST_DISADVANTAGE,Medium,BULLISH_WARNING,55.0,Aligned,risk_off,结构:STRUCTURAL_BOTTOM_CANDIDATE(A/A-); 阶段:Improving(B); 触发:Consolidation(C); 置信度:Medium,PASSED,B,fallback
00700,腾讯控股,2019-12-13,STRUCTURAL_BOTTOM_CANDIDATE,Improving,Consolidation,71.49442972819043,COST_DISADVANTAGE,Medium,BULLISH_WARNING,55.0,Aligned,risk_on,结构:STRUCTURAL_BOTTOM_CANDIDATE(A/A-); 阶段:Improving(B); 触发:Consolidation(C); 置信度:Medium,PASSED,B,fallback
00700,腾讯控股,2019-12-20,STRUCTURAL_BOTTOM_CANDIDATE,Improving,Consolidation,71.49442972819043,COST_DISADVANTAGE,Medium,BULLISH_WARNING,55.0,Aligned,risk_on,结构:STRUCTURAL_BOTTOM_CANDIDATE(A/A-); 阶段:Improving(B); 触发:Consolidation(C); 置信度:Medium,PASSED,B,fallback
00700,腾讯控股,2019-12-27,STRUCTURAL_BOTTOM_CANDIDATE,Improving,Consolidation,71.49442972819043,COST_DISADVANTAGE,Medium,BULLISH_WARNING,55.0,Aligned,risk_on,结构:STRUCTURAL_BOTTOM_CANDIDATE(A/A-); 阶段:Improving(B); 触发:Consolidation(C); 置信度:Medium,PASSED,B,fallback
00700,腾讯控股,2020-01-03,STRUCTURAL_BOTTOM_CANDIDATE,Improving,Consolidation,69.51964260883197,COST_NEUTRAL,Medium,BULLISH_WARNING,55.0,Aligned,risk_on,结构:STRUCTURAL_BOTTOM_CANDIDATE(A/A-); 阶段:Improving(B); 触发:Consolidation(C); 置信度:Medium,PASSED,B,fallback
00700,腾讯控股,2020-01-10,STRUCTURAL_BOTTOM_CANDIDATE,Improving,Consolidation,69.51964260883197,COST_NEUTRAL,Medium,BULLISH_WARNING,55.0,Aligned,risk_on,结构:STRUCTURAL_BOTTOM_CANDIDATE(A/A-); 阶段:Improving(B); 触发:Consolidation(C); 置信度:Medium,PASSED,B,fallback
00700,腾讯控股,2020-01-17,STRUCTURAL_BOTTOM_CANDIDATE,Improving,Consolidation,69.51964260883197,COST_NEUTRAL,Medium,BULLISH_WARNING,55.0,Aligned,risk_on,结构:STRUCTURAL_BOTTOM_CANDIDATE(A/A-); 阶段:Improving(B); 触发:Consolidation(C); 置信度:Medium,PASSED,B,fallback
00700,腾讯控股,2020-01-24,STRUCTURAL_BOTTOM_CANDIDATE,Improving,Pullback,69.51964260883197,COST_NEUTRAL,Medium,BULLISH_WARNING,55.0,Aligned,risk_on,结构:STRUCTURAL_BOTTOM_CANDIDATE(A/A-); 阶段:Improving(B); 触发:Pullback(C); 置信度:Medium,PASSED,B,fallback
00700,腾讯控股,2020-01-31,STRUCTURAL_BOTTOM_CANDIDATE,Stable,Pullback,69.70329856714176,COST_NEUTRAL,Medium,BULLISH_WARNING,55.0,Aligned,risk_off,结构:STRUCTURAL_BOTTOM_CANDIDATE(A/A-); 阶段:Stable(B); 触发:Pullback(C); 置信度:Medium,PASSED,B,fallback
00700,腾讯控股,2020-02-07,STRUCTURAL_BOTTOM_CANDIDATE,Stable,Consolidation,69.70329856714176,COST_NEUTRAL,Medium,BULLISH_WARNING,55.0,Aligned,neutral,结构:STRUCTURAL_BOTTOM_CANDIDATE(A/A-); 阶段:Stable(B); 触发:Consolidation(C); 置信度:Medium,PASSED,B,fallback
00700,腾讯控股,2020-02-14,STRUCTURAL_BOTTOM_CANDIDATE,Stable,Consolidation,69.70329856714176,COST_NEUTRAL,Medium,BULLISH_WARNING,55.0,Aligned,risk_on,结构:STRUCTURAL_BOTTOM_CANDIDATE(A/A-); 阶段:Stable(B); 触发:Consolidation(C); 置信度:Medium,PASSED,B,fallback
00700,腾讯控股,2020-02-21,STRUCTURAL_BOTTOM_CANDIDATE,Stable,Consolidation,69.70329856714176,COST_NEUTRAL,Medium,BULLISH_WARNING,55.0,Aligned,risk_on,结构:STRUCTURAL_BOTTOM_CANDIDATE(A/A-); 阶段:Stable(B); 触发:Consolidation(C); 置信度:Medium,PASSED,B,fallback
00700,腾讯控股,2020-02-28,STRUCTURAL_BOTTOM_CANDIDATE,Stable,Pullback,69.70329856714176,COST_NEUTRAL,Medium,BULLISH_WARNING,55.0,Aligned,risk_off,结构:STRUCTURAL_BOTTOM_CANDIDATE(A/A-); 阶段:Stable(B); 触发:Pullback(C); 置信度:Medium,PASSED,B,fallback
00700,腾讯控股,2020-03-06,STRUCTURAL_BOTTOM_CANDIDATE,Stable,Consolidation,73.0526160927187,COST_NEUTRAL,Medium,BULLISH_WARNING,55.0,Aligned,risk_off,结构:STRUCTURAL_BOTTOM_CANDIDATE(A/A-); 阶段:Stable(B); 触发:Consolidation(C); 置信度:Medium,PASSED,B,fallback
00700,腾讯控股,2020-03-13,STRUCTURAL_BOTTOM_CANDIDATE,Stable,Consolidation,73.0526160927187,COST_NEUTRAL,Medium,BULLISH_WARNING,55.0,Aligned,risk_off,结构:STRUCTURAL_BOTTOM_CANDIDATE(A/A-); 阶段:Stable(B); 触发:Consolidation(C); 置信度:Medium,PASSED,B,fallback
00700,腾讯控股,2020-03-20,STRUCTURAL_BOTTOM_CANDIDATE,Stable,Consolidation,73.0526160927187,COST_NEUTRAL,Medium,BULLISH_WARNING,55.0,Aligned,risk_off,结构:STRUCTURAL_BOTTOM_CANDIDATE(A/A-); 阶段:Stable(B); 触发:Consolidation(C); 置信度:Medium,PASSED,B,fallback
00700,腾讯控股,2020-03-27,STRUCTURAL_BOTTOM_CANDIDATE,Stable,Consolidation,73.0526160927187,COST_NEUTRAL,Medium,BULLISH_WARNING,55.0,Aligned,risk_off,结构:STRUCTURAL_BOTTOM_CANDIDATE(A/A-); 阶段:Stable(B); 触发:Consolidation(C); 置信度:Medium,PASSED,B,fallback
00700,腾讯控股,2020-04-03,STRUCTURAL_BOTTOM_CANDIDATE,Deteriorating,Pullback,16.11145286041281,COST_DISADVANTAGE,Low,BULLISH_WARNING,55.0,Aligned,risk_off,结构:STRUCTURAL_BOTTOM_CANDIDATE(A/A-); 阶段:Deteriorating(B); 触发:Pullback(C); 置信度:Low,PASSED,B,fallback
00700,腾讯控股,2020-04-10,STRUCTURAL_BOTTOM_CANDIDATE,Deteriorating,Consolidation,16.11145286041281,COST_DISADVANTAGE,Low,BULLISH_WARNING,55.0,Aligned,risk_off,结构:STRUCTURAL_BOTTOM_CANDIDATE(A/A-); 阶段:Deteriorating(B); 触发:Consolidation(C); 置信度:Low,PASSED,B,fallback
00700,腾讯控股,2020-04-17,STRUCTURAL_BOTTOM_CANDIDATE,Deteriorating,Consolidation,16.11145286041281,COST_DISADVANTAGE,Low,BULLISH_WARNING,55.0,Aligned,risk_off,结构:STRUCTURAL_BOTTOM_CANDIDATE(A/A-); 阶段:Deteriorating(B); 触发:Consolidation(C); 置信度:Low,PASSED,B,fallback
00700,腾讯控股,2020-04-24,STRUCTURAL_BOTTOM_CANDIDATE,Deteriorating,Consolidation,16.11145286041281,COST_DISADVANTAGE,Low,BULLISH_WARNING,55.0,Aligned,risk_off,结构:STRUCTURAL_BOTTOM_CANDIDATE(A/A-); 阶段:Deteriorating(B); 触发:Consolidation(C); 置信度:Low,PASSED,B,fallback
00700,腾讯控股,2020-05-01,STRUCTURAL_BOTTOM_CANDIDATE,Improving,Consolidation,33.47697433732991,COST_NEUTRAL,Low,BULLISH_WARNING,55.0,Aligned,risk_off,结构:STRUCTURAL_BOTTOM_CANDIDATE(A/A-); 阶段:Improving(B); 触发:Consolidation(C); 置信度:Low,PASSED,B,fallback
00700,腾讯控股,2020-05-08,STRUCTURAL_BOTTOM_CANDIDATE,Improving,Consolidation,33.47697433732991,COST_NEUTRAL,Low,BULLISH_WARNING,55.0,Aligned,risk_off,结构:STRUCTURAL_BOTTOM_CANDIDATE(A/A-); 阶段:Improving(B); 触发:Consolidation(C); 置信度:Low,PASSED,B,fallback
00700,腾讯控股,2020-05-15,STRUCTURAL_BOTTOM_CANDIDATE,Improving,Consolidation,33.47697433732991,COST_NEUTRAL,Low,BULLISH_WARNING,55.0,Aligned,risk_off,结构:STRUCTURAL_BOTTOM_CANDIDATE(A/A-); 阶段:Improving(B); 触发:Consolidation(C); 置信度:Low,PASSED,B,fallback
00700,腾讯控股,2020-05-22,STRUCTURAL_BOTTOM_CANDIDATE,Improving,Consolidation,33.47697433732991,COST_NEUTRAL,Low,BULLISH_WARNING,55.0,Aligned,risk_off,结构:STRUCTURAL_BOTTOM_CANDIDATE(A/A-); 阶段:Improving(B); 触发:Consolidation(C); 置信度:Low,PASSED,B,fallback
00700,腾讯控股,2020-05-29,STRUCTURAL_BOTTOM_CANDIDATE,Improving,Pullback,33.47697433732991,COST_NEUTRAL,Low,BULLISH_WARNING,55.0,Aligned,risk_off,结构:STRUCTURAL_BOTTOM_CANDIDATE(A/A-); 阶段:Improving(B); 触发:Pullback(C); 置信度:Low,PASSED,B,fallback
00700,腾讯控股,2020-06-05,STRUCTURAL_BOTTOM_CANDIDATE,Stable,Consolidation,17.55134828171975,COST_NEUTRAL,Low,BULLISH_WARNING,55.0,Aligned,neutral,结构:STRUCTURAL_BOTTOM_CANDIDATE(A/A-); 阶段:Stable(B); 触发:Consolidation(C); 置信度:Low,PASSED,B,fallback
00700,腾讯控股,2020-06-12,STRUCTURAL_BOTTOM_CANDIDATE,Stable,Consolidation,17.55134828171975,COST_NEUTRAL,Low,BULLISH_WARNING,55.0,Aligned,risk_off,结构:STRUCTURAL_BOTTOM_CANDIDATE(A/A-); 阶段:Stable(B); 触发:Consolidation(C); 置信度:Low,PASSED,B,fallback
00700,腾讯控股,2020-06-19,STRUCTURAL_BOTTOM_CANDIDATE,Stable,Consolidation,17.55134828171975,COST_NEUTRAL,Low,BULLISH_WARNING,55.0,Aligned,risk_off,结构:STRUCTURAL_BOTTOM_CANDIDATE(A/A-); 阶段:Stable(B); 触发:Consolidation(C); 置信度:Low,PASSED,B,fallback
00700,腾讯控股,2020-06-26,STRUCTURAL_BOTTOM_CANDIDATE,Stable,Consolidation,17.55134828171975,COST_NEUTRAL,Low,BULLISH_WARNING,55.0,Aligned,risk_off,结构:STRUCTURAL_BOTTOM_CANDIDATE(A/A-); 阶段:Stable(B); 触发:Consolidation(C); 置信度:Low,PASSED,B,fallback
00700,腾讯控股,2020-07-03,STRUCTURAL_BOTTOM_CANDIDATE,Stable,Consolidation,20.145988195976678,COST_ADVANTAGE,Low,BULLISH_WARNING,55.0,Aligned,risk_on,结构:STRUCTURAL_BOTTOM_CANDIDATE(A/A-); 阶段:Stable(B); 触发:Consolidation(C); 置信度:Low,PASSED,B,fallback
00700,腾讯控股,2020-07-10,STRUCTURAL_BOTTOM_CANDIDATE,Stable,Consolidation,20.145988195976678,COST_ADVANTAGE,Low,BULLISH_WARNING,55.0,Aligned,risk_off,结构:STRUCTURAL_BOTTOM_CANDIDATE(A/A-); 阶段:Stable(B); 触发:Consolidation(C); 置信度:Low,PASSED,B,fallback
00700,腾讯控股,2020-07-17,STRUCTURAL_BOTTOM_CANDIDATE,Stable,Consolidation,20.145988195976678,COST_ADVANTAGE,Low,BULLISH_WARNING,55.0,Aligned,risk_on,结构:STRUCTURAL_BOTTOM_CANDIDATE(A/A-); 阶段:Stable(B); 触发:Consolidation(C); 置信度:Low,PASSED,B,fallback
00700,腾讯控股,2020-07-24,STRUCTURAL_BOTTOM_CANDIDATE,Stable,Consolidation,20.145988195976678,COST_ADVANTAGE,Low,BULLISH_WARNING,55.0,Aligned,risk_off,结构:STRUCTURAL_BOTTOM_CANDIDATE(A/A-); 阶段:Stable(B); 触发:Consolidation(C); 置信度:Low,PASSED,B,fallback
00700,腾讯控股,2020-07-31,STRUCTURAL_BOTTOM_CANDIDATE,Stable,Consolidation,20.45784912680693,COST_NEUTRAL,Low,BULLISH_WARNING,55.0,Aligned,neutral,结构:STRUCTURAL_BOTTOM_CANDIDATE(A/A-); 阶段:Stable(B); 触发:Consolidation(C); 置信度:Low,PASSED,B,fallback
00700,腾讯控股,2020-08-07,STRUCTURAL_BOTTOM_CANDIDATE,Stable,Consolidation,20.45784912680693,COST_NEUTRAL,Low,BULLISH_WARNING,55.0,Aligned,neutral,结构:STRUCTURAL_BOTTOM_CANDIDATE(A/A-); 阶段:Stable(B); 触发:Consolidation(C); 置信度:Low,PASSED,B,fallback
00700,腾讯控股,2020-08-14,STRUCTURAL_DIVERGENCE,Stable,Pullback,20.45784912680693,COST_NEUTRAL,Low,BULLISH_WARNING,55.0,Aligned,risk_on,结构:STRUCTURAL_DIVERGENCE(A/A-); 阶段:Stable(B); 触发:Pullback(C); 置信度:Low,PASSED,C,fallback
00700,腾讯控股,2020-08-21,STRUCTURAL_DIVERGENCE,Stable,Consolidation,20.45784912680693,COST_NEUTRAL,Low,BULLISH_WARNING,55.0,Aligned,risk_on,结构:STRUCTURAL_DIVERGENCE(A/A-); 阶段:Stable(B); 触发:Consolidation(C); 置信度:Low,PASSED,C,fallback
00700,腾讯控股,2020-08-28,STRUCTURAL_DIVERGENCE,Stable,Consolidation,20.45784912680693,COST_NEUTRAL,Low,BULLISH_WARNING,55.0,Aligned,risk_on,结构:STRUCTURAL_DIVERGENCE(A/A-); 阶段:Stable(B); 触发:Consolidation(C); 置信度:Low,PASSED,C,fallback
00700,腾讯控股,2020-09-04,STRUCTURAL_DIVERGENCE,Stable,Pullback,22.992422510643575,COST_NEUTRAL,Low,BULLISH_WARNING,55.0,Aligned,risk_off,结构:STRUCTURAL_DIVERGENCE(A/A-); 阶段:Stable(B); 触发:Pullback(C); 置信度:Low,PASSED,C,fallback
00700,腾讯控股,2020-09-11,STRUCTURAL_DIVERGENCE,Stable,Pullback,22.992422510643575,COST_NEUTRAL,Low,BULLISH_WARNING,55.0,Aligned,neutral,结构:STRUCTURAL_DIVERGENCE(A/A-); 阶段:Stable(B); 触发:Pullback(C); 置信度:Low,PASSED,C,fallback
00700,腾讯控股,2020-09-18,STRUCTURAL_DIVERGENCE,Stable,Consolidation,22.992422510643575,COST_NEUTRAL,Low,BULLISH_WARNING,55.0,Aligned,neutral,结构:STRUCTURAL_DIVERGENCE(A/A-); 阶段:Stable(B); 触发:Consolidation(C); 置信度:Low,PASSED,C,fallback
00700,腾讯控股,2020-09-25,STRUCTURAL_DIVERGENCE,Stable,Pullback,22.992422510643575,COST_NEUTRAL,Low,BULLISH_WARNING,55.0,Aligned,risk_off,结构:STRUCTURAL_DIVERGENCE(A/A-); 阶段:Stable(B); 触发:Pullback(C); 置信度:Low,PASSED,C,fallback
00700,腾讯控股,2020-10-02,STRUCTURAL_DIVERGENCE,Deteriorating,Pullback,46.59239966916768,COST_DISADVANTAGE,Low,BULLISH_WARNING,55.0,Aligned,risk_off,结构:STRUCTURAL_DIVERGENCE(A/A-); 阶段:Deteriorating(B); 触发:Pullback(C); 置信度:Low,PASSED,C,fallback
00700,腾讯控股,2020-10-09,STRUCTURAL_DIVERGENCE,Deteriorating,Consolidation,46.59239966916768,COST_DISADVANTAGE,Low,BULLISH_WARNING,55.0,Aligned,risk_off,结构:STRUCTURAL_DIVERGENCE(A/A-); 阶段:Deteriorating(B); 触发:Consolidation(C); 置信度:Low,PASSED,C,fallback
00700,腾讯控股,2020-10-16,STRUCTURAL_DIVERGENCE,Deteriorating,Consolidation,46.59239966916768,COST_DISADVANTAGE,Low,BULLISH_WARNING,55.0,Aligned,risk_off,结构:STRUCTURAL_DIVERGENCE(A/A-); 阶段:Deteriorating(B); 触发:Consolidation(C); 置信度:Low,PASSED,C,fallback
00700,腾讯控股,2020-10-23,STRUCTURAL_DIVERGENCE,Deteriorating,Consolidation,46.59239966916768,COST_DISADVANTAGE,Low,BULLISH_WARNING,55.0,Aligned,neutral,结构:STRUCTURAL_DIVERGENCE(A/A-); 阶段:Deteriorating(B); 触发:Consolidation(C); 置信度:Low,PASSED,C,fallback
00700,腾讯控股,2020-10-30,STRUCTURAL_DIVERGENCE,Deteriorating,Consolidation,46.59239966916768,COST_DISADVANTAGE,Low,BULLISH_WARNING,55.0,Aligned,risk_off,结构:STRUCTURAL_DIVERGENCE(A/A-); 阶段:Deteriorating(B); 触发:Consolidation(C); 置信度:Low,PASSED,C,fallback
00700,腾讯控股,2020-11-06,STRUCTURAL_DIVERGENCE,Improving,Consolidation,46.70352543388317,COST_NEUTRAL,Low,BULLISH_WARNING,55.0,Aligned,risk_on,结构:STRUCTURAL_DIVERGENCE(A/A-); 阶段:Improving(B); 触发:Consolidation(C); 置信度:Low,PASSED,C,fallback
00700,腾讯控股,2020-11-13,STRUCTURAL_DIVERGENCE,Improving,Consolidation,46.70352543388317,COST_NEUTRAL,Low,BULLISH_WARNING,55.0,Aligned,risk_on,结构:STRUCTURAL_DIVERGENCE(A/A-); 阶段:Improving(B); 触发:Consolidation(C); 置信度:Low,PASSED,C,fallback
00700,腾讯控股,2020-11-20,STRUCTURAL_DIVERGENCE,Improving,Consolidation,46.70352543388317,COST_NEUTRAL,Medium,BULLISH_WARNING,55.0,Aligned,risk_on,结构:STRUCTURAL_DIVERGENCE(A/A-); 阶段:Improving(B); 触发:Consolidation(C); 置信度:Medium,PASSED,B,fallback
00700,腾讯控股,2020-11-27,STRUCTURAL_DIVERGENCE,Improving,Pullback,46.70352543388317,COST_NEUTRAL,Medium,BULLISH_WARNING,55.0,Aligned,risk_on,结构:STRUCTURAL_DIVERGENCE(A/A-); 阶段:Improving(B); 触发:Pullback(C); 置信度:Medium,PASSED,B,fallback
00700,腾讯控股,2020-12-04,STRUCTURAL_DIVERGENCE,Deteriorating,Consolidation,21.364861390921845,COST_NEUTRAL,Low,BULLISH_WARNING,55.0,Aligned,risk_on,结构:STRUCTURAL_DIVERGENCE(A/A-); 阶段:Deteriorating(B); 触发:Consolidation(C); 置信度:Low,PASSED,B,fallback
00700,腾讯控股,2020-12-11,STRUCTURAL_DIVERGENCE,Deteriorating,Consolidation,21.364861390921845,COST_NEUTRAL,Low,BULLISH_WARNING,55.0,Aligned,risk_on,结构:STRUCTURAL_DIVERGENCE(A/A-); 阶段:Deteriorating(B); 触发:Consolidation(C); 置信度:Low,PASSED,B,fallback
00700,腾讯控股,2020-12-18,STRUCTURAL_DIVERGENCE,Deteriorating,Pullback,21.364861390921845,COST_NEUTRAL,Low,BULLISH_WARNING,55.0,Aligned,risk_on,结构:STRUCTURAL_DIVERGENCE(A/A-); 阶段:Deteriorating(B); 触发:Pullback(C); 置信度:Low,PASSED,B,fallback
00700,腾讯控股,2020-12-25,STRUCTURAL_DIVERGENCE,Deteriorating,Pullback,21.364861390921845,COST_NEUTRAL,Low,BULLISH_WARNING,55.0,Aligned,risk_on,结构:STRUCTURAL_DIVERGENCE(A/A-); 阶段:Deteriorating(B); 触发:Pullback(C); 置信度:Low,PASSED,B,fallback
00700,腾讯控股,2021-01-01,STRUCTURAL_DIVERGENCE,Stable,Pullback,36.268133540334034,COST_DISADVANTAGE,Low,BULLISH_WARNING,55.0,Aligned,risk_on,结构:STRUCTURAL_DIVERGENCE(A/A-); 阶段:Stable(B); 触发:Pullback(C); 置信度:Low,PASSED,B,fallback
00700,腾讯控股,2021-01-08,STRUCTURAL_DIVERGENCE,Stable,Consolidation,36.268133540334034,COST_DISADVANTAGE,Low,BULLISH_WARNING,55.0,Aligned,risk_on,结构:STRUCTURAL_DIVERGENCE(A/A-); 阶段:Stable(B); 触发:Consolidation(C); 置信度:Low,PASSED,B,fallback
00700,腾讯控股,2021-01-15,STRUCTURAL_DIVERGENCE,Stable,Consolidation,36.268133540334034,COST_DISADVANTAGE,Low,BULLISH_WARNING,55.0,Aligned,risk_on,结构:STRUCTURAL_DIVERGENCE(A/A-); 阶段:Stable(B); 触发:Consolidation(C); 置信度:Low,PASSED,B,fallback
00700,腾讯控股,2021-01-22,STRUCTURAL_DIVERGENCE,Stable,Consolidation,36.268133540334034,COST_DISADVANTAGE,Low,BULLISH_WARNING,55.0,Aligned,risk_on,结构:STRUCTURAL_DIVERGENCE(A/A-); 阶段:Stable(B); 触发:Consolidation(C); 置信度:Low,PASSED,B,fallback
00700,腾讯控股,2021-01-29,STRUCTURAL_DIVERGENCE,Stable,Consolidation,36.268133540334034,COST_DISADVANTAGE,Low,BULLISH_WARNING,55.0,Aligned,risk_off,结构:STRUCTURAL_DIVERGENCE(A/A-); 阶段:Stable(B); 触发:Consolidation(C); 置信度:Low,PASSED,B,fallback
00700,腾讯控股,2021-02-05,STRUCTURAL_DIVERGENCE,Stable,Consolidation,16.248556893061313,COST_NEUTRAL,Low,BULLISH_WARNING,55.0,Aligned,risk_on,结构:STRUCTURAL_DIVERGENCE(A/A-); 阶段:Stable(B); 触发:Consolidation(C); 置信度:Low,PASSED,B,fallback
00700,腾讯控股,2021-02-12,STRUCTURAL_DIVERGENCE,Stable,Consolidation,16.248556893061313,COST_NEUTRAL,Low,BULLISH_WARNING,55.0,Aligned,risk_on,结构:STRUCTURAL_DIVERGENCE(A/A-); 阶段:Stable(B); 触发:Consolidation(C); 置信度:Low,PASSED,B,fallback
00700,腾讯控股,2021-02-19,STRUCTURAL_ACCUMULATION,Stable,Consolidation,16.248556893061313,COST_NEUTRAL,Low,BULLISH_STABLE,75.0,Aligned,risk_on,结构:STRUCTURAL_ACCUMULATION(A/A-); 阶段:Stable(B); 触发:Consolidation(C); 置信度:Low,PASSED,C,fallback
00700,腾讯控股,2021-02-26,STRUCTURAL_ACCUMULATION,Stable,Pullback,16.248556893061313,COST_NEUTRAL,Low,BULLISH_STABLE,75.0,Aligned,risk_off,结构:STRUCTURAL_ACCUMULATION(A/A-); 阶段:Stable(B); 触发:Pullback(C); 置信度:Low,PASSED,C,fallback
00700,腾讯控股,2021-03-05,STRUCTURAL_ACCUMULATION,Stable,Pullback,31.33256218316877,COST_NEUTRAL,Medium,BULLISH_STABLE,75.0,Aligned,risk_on,结构:STRUCTURAL_ACCUMULATION(A/A-); 阶段:Stable(B); 触发:Pullback(C); 置信度:Medium,PASSED,C,fallback
00700,腾讯控股,2021-03-12,STRUCTURAL_ACCUMULATION,Stable,Pullback,31.33256218316877,COST_NEUTRAL,Medium,BULLISH_STABLE,75.0,Aligned,risk_on,结构:STRUCTURAL_ACCUMULATION(A/A-); 阶段:Stable(B); 触发:Pullback(C); 置信度:Medium,PASSED,C,fallback
00700,腾讯控股,2021-03-19,STRUCTURAL_ACCUMULATION,Stable,Consolidation,31.33256218316877,COST_NEUTRAL,Medium,BULLISH_STABLE,75.0,Aligned,risk_on,结构:STRUCTURAL_ACCUMULATION(A/A-); 阶段:Stable(B); 触发:Consolidation(C); 置信度:Medium,PASSED,C,fallback
00700,腾讯控股,2021-03-26,STRUCTURAL_ACCUMULATION,Stable,Consolidation,31.33256218316877,COST_NEUTRAL,Medium,BULLISH_STABLE,75.0,Aligned,risk_on,结构:STRUCTURAL_ACCUMULATION(A/A-); 阶段:Stable(B); 触发:Consolidation(C); 置信度:Medium,PASSED,C,fallback
00700,腾讯控股,2021-04-02,STRUCTURAL_ACCUMULATION,Deteriorating,Consolidation,30.135875582407973,COST_DISADVANTAGE,Medium,BULLISH_STABLE,75.0,Divergence,risk_on,结构:STRUCTURAL_ACCUMULATION(A/A-); 阶段:Deteriorating(B); 触发:Consolidation(C); 置信度:Medium,PASSED,C,fallback
00700,腾讯控股,2021-04-09,STRUCTURAL_ACCUMULATION,Deteriorating,Consolidation,30.135875582407973,COST_DISADVANTAGE,Medium,BULLISH_STABLE,75.0,Divergence,risk_on,结构:STRUCTURAL_ACCUMULATION(A/A-); 阶段:Deteriorating(B); 触发:Consolidation(C); 置信度:Medium,PASSED,C,fallback
00700,腾讯控股,2021-04-16,STRUCTURAL_ACCUMULATION,Deteriorating,Consolidation,30.135875582407973,COST_DISADVANTAGE,Medium,BULLISH_STABLE,75.0,Divergence,neutral,结构:STRUCTURAL_ACCUMULATION(A/A-); 阶段:Deteriorating(B); 触发:Consolidation(C); 置信度:Medium,PASSED,C,fallback
00700,腾讯控股,2021-04-23,STRUCTURAL_ACCUMULATION,Deteriorating,Consolidation,30.135875582407973,COST_DISADVANTAGE,Medium,BULLISH_STABLE,75.0,Divergence,neutral,结构:STRUCTURAL_ACCUMULATION(A/A-); 阶段:Deteriorating(B); 触发:Consolidation(C); 置信度:Medium,PASSED,C,fallback
00700,腾讯控股,2021-04-30,STRUCTURAL_ACCUMULATION,Stable,Consolidation,30.116620368625085,COST_NEUTRAL,Medium,BULLISH_STABLE,75.0,Aligned,neutral,结构:STRUCTURAL_ACCUMULATION(A/A-); 阶段:Stable(B); 触发:Consolidation(C); 置信度:Medium,PASSED,C,fallback
00700,腾讯控股,2021-05-07,STRUCTURAL_ACCUMULATION,Stable,Consolidation,30.116620368625085,COST_NEUTRAL,Medium,BULLISH_STABLE,75.0,Aligned,risk_off,结构:STRUCTURAL_ACCUMULATION(A/A-); 阶段:Stable(B); 触发:Consolidation(C); 置信度:Medium,PASSED,C,fallback
00700,腾讯控股,2021-05-14,STRUCTURAL_ACCUMULATION,Stable,Consolidation,30.116620368625085,COST_NEUTRAL,Medium,BULLISH_STABLE,75.0,Aligned,risk_off,结构:STRUCTURAL_ACCUMULATION(A/A-); 阶段:Stable(B); 触发:Consolidation(C); 置信度:Medium,PASSED,C,fallback
00700,腾讯控股,2021-05-21,STRUCTURAL_ACCUMULATION,Stable,Consolidation,30.116620368625085,COST_NEUTRAL,Low,BULLISH_STABLE,75.0,Aligned,risk_off,结构:STRUCTURAL_ACCUMULATION(A/A-); 阶段:Stable(B); 触发:Consolidation(C); 置信度:Low,PASSED,B,fallback
00700,腾讯控股,2021-05-28,STRUCTURAL_ACCUMULATION,Stable,Consolidation,30.116620368625085,COST_NEUTRAL,Low,BULLISH_STABLE,75.0,Aligned,neutral,结构:STRUCTURAL_ACCUMULATION(A/A-); 阶段:Stable(B); 触发:Consolidation(C); 置信度:Low,PASSED,B,fallback
00700,腾讯控股,2021-06-04,STRUCTURAL_ACCUMULATION,Stable,Consolidation,49.109056385692995,COST_NEUTRAL,Low,BULLISH_STABLE,75.0,Aligned,neutral,结构:STRUCTURAL_ACCUMULATION(A/A-); 阶段:Stable(B); 触发:Consolidation(C); 置信度:Low,PASSED,B,fallback
00700,腾讯控股,2021-06-11,STRUCTURAL_ACCUMULATION,Stable,Consolidation,49.109056385692995,COST_NEUTRAL,Low,BULLISH_STABLE,75.0,Aligned,neutral,结构:STRUCTURAL_ACCUMULATION(A/A-); 阶段:Stable(B); 触发:Consolidation(C); 置信度:Low,PASSED,B,fallback
00700,腾讯控股,2021-06-18,STRUCTURAL_ACCUMULATION,Stable,Consolidation,49.109056385692995,COST_NEUTRAL,Low,BULLISH_STABLE,75.0,Aligned,neutral,结构:STRUCTURAL_ACCUMULATION(A/A-); 阶段:Stable(B); 触发:Consolidation(C); 置信度:Low,PASSED,B,fallback
00700,腾讯控股,2021-06-25,STRUCTURAL_ACCUMULATION,Stable,Consolidation,49.109056385692995,COST_NEUTRAL,Low,BULLISH_STABLE,75.0,Aligned,risk_on,结构:STRUCTURAL_ACCUMULATION(A/A-); 阶段:Stable(B); 触发:Consolidation(C); 置信度:Low,PASSED,B,fallback
00700,腾讯控股,2021-07-02,STRUCTURAL_ACCUMULATION,Deteriorating,Consolidation,47.93298988737655,COST_DISADVANTAGE,Low,BULLISH_STABLE,75.0,Divergence,risk_off,结构:STRUCTURAL_ACCUMULATION(A/A-); 阶段:Deteriorating(B); 触发:Consolidation(C); 置信度:Low,PASSED,B,fallback
00700,腾讯控股,2021-07-09,STRUCTURAL_ACCUMULATION,Deteriorating,Breakdown,47.93298988737655,COST_DISADVANTAGE,Low,BULLISH_WARNING,55.0,Divergence,risk_off,结构:STRUCTURAL_ACCUMULATION(A/A-); 阶段:Deteriorating(B); 触发:Breakdown(C); 置信度:Low,PASSED,B,matrix
00700,腾讯控股,2021-07-16,STRUCTURAL_ACCUMULATION,Deteriorating,Consolidation,47.93298988737655,COST_DISADVANTAGE,Low,BULLISH_STABLE,75.0,Divergence,risk_off,结构:STRUCTURAL_ACCUMULATION(A/A-); 阶段:Deteriorating(B); 触发:Consolidation(C); 置信度:Low,PASSED,B,fallback
00700,腾讯控股,2021-07-23,STRUCTURAL_ACCUMULATION,Deteriorating,Consolidation,47.93298988737655,COST_DISADVANTAGE,Low,BULLISH_STABLE,75.0,Divergence,risk_off,结构:STRUCTURAL_ACCUMULATION(A/A-); 阶段:Deteriorating(B); 触发:Consolidation(C); 置信度:Low,PASSED,B,fallback
00700,腾讯控股,2021-07-30,STRUCTURAL_ACCUMULATION,Deteriorating,Breakdown,47.93298988737655,COST_DISADVANTAGE,Low,BULLISH_WARNING,55.0,Divergence,risk_off,结构:STRUCTURAL_ACCUMULATION(A/A-); 阶段:Deteriorating(B); 触发:Breakdown(C); 置信度:Low,PASSED,B,matrix
00700,腾讯控股,2021-08-06,STRUCTURAL_ACCUMULATION,Deteriorating,Consolidation,8.506336674358012,COST_DISADVANTAGE,Low,BULLISH_STABLE,75.0,Divergence,risk_off,结构:STRUCTURAL_ACCUMULATION(A/A-); 阶段:Deteriorating(B); 触发:Consolidation(C); 置信度:Low,PASSED,B,fallback
00700,腾讯控股,2021-08-13,STRUCTURAL_ACCUMULATION,Deteriorating,Consolidation,8.506336674358012,COST_DISADVANTAGE,Low,BULLISH_STABLE,75.0,Divergence,risk_off,结构:STRUCTURAL_ACCUMULATION(A/A-); 阶段:Deteriorating(B); 触发:Consolidation(C); 置信度:Low,PASSED,B,fallback
00700,腾讯控股,2021-08-20,STRUCTURAL_ACCUMULATION,Deteriorating,Consolidation,8.506336674358012,COST_DISADVANTAGE,Low,BULLISH_STABLE,75.0,Divergence,risk_off,结构:STRUCTURAL_ACCUMULATION(A/A-); 阶段:Deteriorating(B); 触发:Consolidation(C); 置信度:Low,PASSED,B,fallback
00700,腾讯控股,2021-08-27,STRUCTURAL_ACCUMULATION,Deteriorating,Consolidation,8.506336674358012,COST_DISADVANTAGE,Low,BULLISH_STABLE,75.0,Divergence,risk_off,结构:STRUCTURAL_ACCUMULATION(A/A-); 阶段:Deteriorating(B); 触发:Consolidation(C); 置信度:Low,PASSED,B,fallback
00700,腾讯控股,2021-09-03,STRUCTURAL_ACCUMULATION,Deteriorating,Consolidation,6.044537983955573,COST_NEUTRAL,Low,BULLISH_STABLE,75.0,Divergence,risk_off,结构:STRUCTURAL_ACCUMULATION(A/A-); 阶段:Deteriorating(B); 触发:Consolidation(C); 置信度:Low,PASSED,B,fallback
00700,腾讯控股,2021-09-10,STRUCTURAL_ACCUMULATION,Deteriorating,Consolidation,6.044537983955573,COST_NEUTRAL,Low,BULLISH_STABLE,75.0,Divergence,risk_off,结构:STRUCTURAL_ACCUMULATION(A/A-); 阶段:Deteriorating(B); 触发:Consolidation(C); 置信度:Low,PASSED,B,fallback
00700,腾讯控股,2021-09-17,STRUCTURAL_ACCUMULATION,Deteriorating,Consolidation,6.044537983955573,COST_NEUTRAL,Low,BULLISH_STABLE,75.0,Divergence,risk_off,结构:STRUCTURAL_ACCUMULATION(A/A-); 阶段:Deteriorating(B); 触发:Consolidation(C); 置信度:Low,PASSED,B,fallback
00700,腾讯控股,2021-09-24,STRUCTURAL_ACCUMULATION,Deteriorating,Consolidation,6.044537983955573,COST_NEUTRAL,Low,BULLISH_STABLE,75.0,Divergence,risk_off,结构:STRUCTURAL_ACCUMULATION(A/A-); 阶段:Deteriorating(B); 触发:Consolidation(C); 置信度:Low,PASSED,B,fallback
00700,腾讯控股,2021-10-01,STRUCTURAL_ACCUMULATION,Stable,Consolidation,20.01189231801083,COST_DISADVANTAGE,Low,BULLISH_STABLE,75.0,Aligned,risk_off,结构:STRUCTURAL_ACCUMULATION(A/A-); 阶段:Stable(B); 触发:Consolidation(C); 置信度:Low,PASSED,B,fallback
00700,腾讯控股,2021-10-08,STRUCTURAL_ACCUMULATION,Stable,Consolidation,20.01189231801083,COST_DISADVANTAGE,Low,BULLISH_STABLE,75.0,Aligned,risk_off,结构:STRUCTURAL_ACCUMULATION(A/A-); 阶段:Stable(B); 触发:Consolidation(C); 置信度:Low,PASSED,B,fallback
00700,腾讯控股,2021-10-15,STRUCTURAL_ACCUMULATION,Stable,Consolidation,20.01189231801083,COST_DISADVANTAGE,Low,BULLISH_STABLE,75.0,Aligned,risk_off,结构:STRUCTURAL_ACCUMULATION(A/A-); 阶段:Stable(B); 触发:Consolidation(C); 置信度:Low,PASSED,B,fallback
00700,腾讯控股,2021-10-22,STRUCTURAL_ACCUMULATION,Stable,Consolidation,20.01189231801083,COST_DISADVANTAGE,Low,BULLISH_STABLE,75.0,Aligned,neutral,结构:STRUCTURAL_ACCUMULATION(A/A-); 阶段:Stable(B); 触发:Consolidation(C); 置信度:Low,PASSED,B,fallback
00700,腾讯控股,2021-10-29,STRUCTURAL_ACCUMULATION,Stable,Consolidation,20.01189231801083,COST_DISADVANTAGE,Low,BULLISH_STABLE,75.0,Aligned,risk_off,结构:STRUCTURAL_ACCUMULATION(A/A-); 阶段:Stable(B); 触发:Consolidation(C); 置信度:Low,PASSED,B,fallback
00700,腾讯控股,2021-11-05,STRUCTURAL_ACCUMULATION,Improving,Consolidation,32.4326540468804,COST_DISADVANTAGE,Low,BULLISH_STABLE,75.0,Aligned,risk_off,结构:STRUCTURAL_ACCUMULATION(A/A-); 阶段:Improving(B); 触发:Consolidation(C); 置信度:Low,PASSED,B,matrix
00700,腾讯控股,2021-11-12,STRUCTURAL_ACCUMULATION,Improving,Consolidation,32.4326540468804,COST_DISADVANTAGE,Low,BULLISH_STABLE,75.0,Aligned,risk_off,结构:STRUCTURAL_ACCUMULATION(A/A-); 阶段:Improving(B); 触发:Consolidation(C); 置信度:Low,PASSED,B,matrix
00700,腾讯控股,2021-11-19,STRUCTURAL_ACCUMULATION,Improving,Consolidation,32.4326540468804,COST_DISADVANTAGE,Low,BULLISH_STABLE,75.0,Aligned,neutral,结构:STRUCTURAL_ACCUMULATION(A/A-); 阶段:Improving(B); 触发:Consolidation(C); 置信度:Low,PASSED,B,matrix
00700,腾讯控股,2021-11-26,STRUCTURAL_ACCUMULATION,Improving,Consolidation,32.4326540468804,COST_DISADVANTAGE,Low,BULLISH_STABLE,75.0,Aligned,risk_off,结构:STRUCTURAL_ACCUMULATION(A/A-); 阶段:Improving(B); 触发:Consolidation(C); 置信度:Low,PASSED,B,matrix
00700,腾讯控股,2021-12-03,STRUCTURAL_ACCUMULATION,Deteriorating,Consolidation,22.254117588142304,COST_DISADVANTAGE,Low,BULLISH_STABLE,75.0,Divergence,risk_off,结构:STRUCTURAL_ACCUMULATION(A/A-); 阶段:Deteriorating(B); 触发:Consolidation(C); 置信度:Low,PASSED,B,fallback
00700,腾讯控股,2021-12-10,STRUCTURAL_ACCUMULATION,Deteriorating,Consolidation,22.254117588142304,COST_DISADVANTAGE,Low,BULLISH_STABLE,75.0,Divergence,risk_off,结构:STRUCTURAL_ACCUMULATION(A/A-); 阶段:Deteriorating(B); 触发:Consolidation(C); 置信度:Low,PASSED,B,fallback
00700,腾讯控股,2021-12-17,STRUCTURAL_ACCUMULATION,Deteriorating,Consolidation,22.254117588142304,COST_DISADVANTAGE,Low,BULLISH_STABLE,75.0,Divergence,risk_off,结构:STRUCTURAL_ACCUMULATION(A/A-); 阶段:Deteriorating(B); 触发:Consolidation(C); 置信度:Low,PASSED,B,fallback
00700,腾讯控股,2021-12-24,STRUCTURAL_ACCUMULATION,Deteriorating,Consolidation,22.254117588142304,COST_DISADVANTAGE,Low,BULLISH_STABLE,75.0,Divergence,risk_off,结构:STRUCTURAL_ACCUMULATION(A/A-); 阶段:Deteriorating(B); 触发:Consolidation(C); 置信度:Low,PASSED,B,fallback
00700,腾讯控股,2021-12-31,STRUCTURAL_ACCUMULATION,Stable,Consolidation,27.284378493139474,COST_DISADVANTAGE,Low,BULLISH_STABLE,75.0,Aligned,risk_off,结构:STRUCTURAL_ACCUMULATION(A/A-); 阶段:Stable(B); 触发:Consolidation(C); 置信度:Low,PASSED,B,fallback
00700,腾讯控股,2022-01-07,STRUCTURAL_ACCUMULATION,Stable,Consolidation,27.284378493139474,COST_DISADVANTAGE,Low,BULLISH_STABLE,75.0,Aligned,risk_off,结构:STRUCTURAL_ACCUMULATION(A/A-); 阶段:Stable(B); 触发:Consolidation(C); 置信度:Low,PASSED,B,fallback
00700,腾讯控股,2022-01-14,STRUCTURAL_ACCUMULATION,Stable,Consolidation,27.284378493139474,COST_DISADVANTAGE,Low,BULLISH_STABLE,75.0,Aligned,risk_off,结构:STRUCTURAL_ACCUMULATION(A/A-); 阶段:Stable(B); 触发:Consolidation(C); 置信度:Low,PASSED,B,fallback
00700,腾讯控股,2022-01-21,STRUCTURAL_ACCUMULATION,Stable,Consolidation,27.284378493139474,COST_DISADVANTAGE,Low,BULLISH_STABLE,75.0,Aligned,risk_off,结构:STRUCTURAL_ACCUMULATION(A/A-); 阶段:Stable(B); 触发:Consolidation(C); 置信度:Low,PASSED,B,fallback
00700,腾讯控股,2022-01-28,STRUCTURAL_ACCUMULATION,Stable,Consolidation,27.284378493139474,COST_DISADVANTAGE,Low,BULLISH_STABLE,75.0,Aligned,risk_off,结构:STRUCTURAL_ACCUMULATION(A/A-); 阶段:Stable(B); 触发:Consolidation(C); 置信度:Low,PASSED,B,fallback
00700,腾讯控股,2022-02-04,STRUCTURAL_ACCUMULATION,Improving,Consolidation,26.714997011102806,COST_NEUTRAL,Low,BULLISH_STABLE,75.0,Aligned,neutral,结构:STRUCTURAL_ACCUMULATION(A/A-); 阶段:Improving(B); 触发:Consolidation(C); 置信度:Low,PASSED,B,matrix
00700,腾讯控股,2022-02-11,STRUCTURAL_ACCUMULATION,Improving,Consolidation,26.714997011102806,COST_NEUTRAL,Low,BULLISH_STABLE,75.0,Aligned,neutral,结构:STRUCTURAL_ACCUMULATION(A/A-); 阶段:Improving(B); 触发:Consolidation(C); 置信度:Low,PASSED,B,matrix
00700,腾讯控股,2022-02-18,STRUCTURAL_ACCUMULATION,Improving,Consolidation,26.714997011102806,COST_NEUTRAL,Low,BULLISH_STABLE,75.0,Aligned,risk_off,结构:STRUCTURAL_ACCUMULATION(A/A-); 阶段:Improving(B); 触发:Consolidation(C); 置信度:Low,PASSED,B,matrix
00700,腾讯控股,2022-02-25,STRUCTURAL_ACCUMULATION,Improving,Consolidation,26.714997011102806,COST_NEUTRAL,Low,BULLISH_STABLE,75.0,Aligned,risk_off,结构:STRUCTURAL_ACCUMULATION(A/A-); 阶段:Improving(B); 触发:Consolidation(C); 置信度:Low,PASSED,B,matrix
00700,腾讯控股,2022-03-04,STRUCTURAL_ACCUMULATION,Deteriorating,Breakdown,31.6561965994703,COST_DISADVANTAGE,Low,BULLISH_WARNING,55.0,Divergence,risk_off,结构:STRUCTURAL_ACCUMULATION(A/A-); 阶段:Deteriorating(B); 触发:Breakdown(C); 置信度:Low,PASSED,B,matrix
00700,腾讯控股,2022-03-11,STRUCTURAL_ACCUMULATION,Deteriorating,Breakdown,31.6561965994703,COST_DISADVANTAGE,Low,BULLISH_WARNING,55.0,Divergence,risk_off,结构:STRUCTURAL_ACCUMULATION(A/A-); 阶段:Deteriorating(B); 触发:Breakdown(C); 置信度:Low,PASSED,B,matrix
00700,腾讯控股,2022-03-18,STRUCTURAL_ACCUMULATION,Deteriorating,Consolidation,31.6561965994703,COST_DISADVANTAGE,Low,BULLISH_STABLE,75.0,Divergence,risk_off,结构:STRUCTURAL_ACCUMULATION(A/A-); 阶段:Deteriorating(B); 触发:Consolidation(C); 置信度:Low,PASSED,B,fallback
00700,腾讯控股,2022-03-25,STRUCTURAL_ACCUMULATION,Deteriorating,Consolidation,31.6561965994703,COST_DISADVANTAGE,Low,BULLISH_STABLE,75.0,Divergence,risk_off,结构:STRUCTURAL_ACCUMULATION(A/A-); 阶段:Deteriorating(B); 触发:Consolidation(C); 置信度:Low,PASSED,B,fallback
00700,腾讯控股,2022-04-01,STRUCTURAL_ACCUMULATION,Deteriorating,Consolidation,4.721979611525459,COST_DISADVANTAGE,Low,BULLISH_STABLE,75.0,Divergence,risk_off,结构:STRUCTURAL_ACCUMULATION(A/A-); 阶段:Deteriorating(B); 触发:Consolidation(C); 置信度:Low,PASSED,B,fallback
00700,腾讯控股,2022-04-08,STRUCTURAL_ACCUMULATION,Deteriorating,Consolidation,4.721979611525459,COST_DISADVANTAGE,Low,BULLISH_STABLE,75.0,Divergence,risk_off,结构:STRUCTURAL_ACCUMULATION(A/A-); 阶段:Deteriorating(B); 触发:Consolidation(C); 置信度:Low,PASSED,B,fallback
00700,腾讯控股,2022-04-15,STRUCTURAL_ACCUMULATION,Deteriorating,Consolidation,4.721979611525459,COST_DISADVANTAGE,Low,BULLISH_STABLE,75.0,Divergence,risk_off,结构:STRUCTURAL_ACCUMULATION(A/A-); 阶段:Deteriorating(B); 触发:Consolidation(C); 置信度:Low,PASSED,B,fallback
00700,腾讯控股,2022-04-22,STRUCTURAL_ACCUMULATION,Deteriorating,Consolidation,4.721979611525459,COST_DISADVANTAGE,Low,BULLISH_STABLE,75.0,Divergence,risk_off,结构:STRUCTURAL_ACCUMULATION(A/A-); 阶段:Deteriorating(B); 触发:Consolidation(C); 置信度:Low,PASSED,B,fallback
00700,腾讯控股,2022-04-29,STRUCTURAL_ACCUMULATION,Deteriorating,Consolidation,4.721979611525459,COST_DISADVANTAGE,Low,BULLISH_STABLE,75.0,Divergence,risk_off,结构:STRUCTURAL_ACCUMULATION(A/A-); 阶段:Deteriorating(B); 触发:Consolidation(C); 置信度:Low,PASSED,B,fallback
00700,腾讯控股,2022-05-06,STRUCTURAL_ACCUMULATION,Stable,Consolidation,21.911581515835213,COST_NEUTRAL,Low,BULLISH_STABLE,75.0,Aligned,risk_off,结构:STRUCTURAL_ACCUMULATION(A/A-); 阶段:Stable(B); 触发:Consolidation(C); 置信度:Low,PASSED,B,fallback
00700,腾讯控股,2022-05-13,STRUCTURAL_ACCUMULATION,Stable,Consolidation,21.911581515835213,COST_NEUTRAL,Low,BULLISH_STABLE,75.0,Aligned,risk_off,结构:STRUCTURAL_ACCUMULATION(A/A-); 阶段:Stable(B); 触发:Consolidation(C); 置信度:Low,PASSED,B,fallback
00700,腾讯控股,2022-05-20,STRUCTURAL_ACCUMULATION,Stable,Consolidation,21.911581515835213,COST_NEUTRAL,Low,BULLISH_STABLE,75.0,Aligned,risk_off,结构:STRUCTURAL_ACCUMULATION(A/A-); 阶段:Stable(B); 触发:Consolidation(C); 置信度:Low,PASSED,B,fallback
00700,腾讯控股,2022-05-27,STRUCTURAL_ACCUMULATION,Stable,Consolidation,21.911581515835213,COST_NEUTRAL,Low,BULLISH_STABLE,75.0,Aligned,risk_off,结构:STRUCTURAL_ACCUMULATION(A/A-); 阶段:Stable(B); 触发:Consolidation(C); 置信度:Low,PASSED,B,fallback
00700,腾讯控股,2022-06-03,STRUCTURAL_ACCUMULATION,Stable,Consolidation,14.79438861032503,COST_NEUTRAL,Low,BULLISH_STABLE,75.0,Aligned,risk_off,结构:STRUCTURAL_ACCUMULATION(A/A-); 阶段:Stable(B); 触发:Consolidation(C); 置信度:Low,PASSED,B,fallback
00700,腾讯控股,2022-06-10,STRUCTURAL_ACCUMULATION,Stable,Consolidation,14.79438861032503,COST_NEUTRAL,Low,BULLISH_STABLE,75.0,Aligned,risk_off,结构:STRUCTURAL_ACCUMULATION(A/A-); 阶段:Stable(B); 触发:Consolidation(C); 置信度:Low,PASSED,B,fallback
00700,腾讯控股,2022-06-17,STRUCTURAL_ACCUMULATION,Stable,Consolidation,14.79438861032503,COST_NEUTRAL,Low,BULLISH_STABLE,75.0,Aligned,risk_off,结构:STRUCTURAL_ACCUMULATION(A/A-); 阶段:Stable(B); 触发:Consolidation(C); 置信度:Low,PASSED,B,fallback
00700,腾讯控股,2022-06-24,STRUCTURAL_ACCUMULATION,Stable,Consolidation,14.79438861032503,COST_NEUTRAL,Low,BULLISH_STABLE,75.0,Aligned,risk_off,结构:STRUCTURAL_ACCUMULATION(A/A-); 阶段:Stable(B); 触发:Consolidation(C); 置信度:Low,PASSED,B,fallback
00700,腾讯控股,2022-07-01,STRUCTURAL_ACCUMULATION,Stable,Consolidation,13.234264646061447,COST_DISADVANTAGE,Low,BULLISH_STABLE,75.0,Aligned,risk_off,结构:STRUCTURAL_ACCUMULATION(A/A-); 阶段:Stable(B); 触发:Consolidation(C); 置信度:Low,PASSED,B,fallback
00700,腾讯控股,2022-07-08,STRUCTURAL_ACCUMULATION,Stable,Consolidation,13.234264646061447,COST_DISADVANTAGE,Low,BULLISH_STABLE,75.0,Aligned,risk_off,结构:STRUCTURAL_ACCUMULATION(A/A-); 阶段:Stable(B); 触发:Consolidation(C); 置信度:Low,PASSED,B,fallback
00700,腾讯控股,2022-07-15,STRUCTURAL_ACCUMULATION,Stable,Consolidation,13.234264646061447,COST_DISADVANTAGE,Low,BULLISH_STABLE,75.0,Aligned,risk_off,结构:STRUCTURAL_ACCUMULATION(A/A-); 阶段:Stable(B); 触发:Consolidation(C); 置信度:Low,PASSED,B,fallback
00700,腾讯控股,2022-07-22,STRUCTURAL_ACCUMULATION,Stable,Consolidation,13.234264646061447,COST_DISADVANTAGE,Low,BULLISH_STABLE,75.0,Aligned,risk_off,结构:STRUCTURAL_ACCUMULATION(A/A-); 阶段:Stable(B); 触发:Consolidation(C); 置信度:Low,PASSED,B,fallback
00700,腾讯控股,2022-07-29,STRUCTURAL_ACCUMULATION,Stable,Consolidation,13.234264646061447,COST_DISADVANTAGE,Low,BULLISH_STABLE,75.0,Aligned,risk_off,结构:STRUCTURAL_ACCUMULATION(A/A-); 阶段:Stable(B); 触发:Consolidation(C); 置信度:Low,PASSED,B,fallback
00700,腾讯控股,2022-08-05,STRUCTURAL_ACCUMULATION,Deteriorating,Consolidation,25.304162174706896,COST_DISADVANTAGE,Low,BULLISH_STABLE,75.0,Divergence,neutral,结构:STRUCTURAL_ACCUMULATION(A/A-); 阶段:Deteriorating(B); 触发:Consolidation(C); 置信度:Low,PASSED,B,fallback
00700,腾讯控股,2022-08-12,STRUCTURAL_ACCUMULATION,Deteriorating,Consolidation,25.304162174706896,COST_DISADVANTAGE,Low,BULLISH_STABLE,75.0,Divergence,risk_off,结构:STRUCTURAL_ACCUMULATION(A/A-); 阶段:Deteriorating(B); 触发:Consolidation(C); 置信度:Low,PASSED,B,fallback
00700,腾讯控股,2022-08-19,STRUCTURAL_ACCUMULATION,Deteriorating,Consolidation,25.304162174706896,COST_DISADVANTAGE,Low,BULLISH_STABLE,75.0,Divergence,neutral,结构:STRUCTURAL_ACCUMULATION(A/A-); 阶段:Deteriorating(B); 触发:Consolidation(C); 置信度:Low,PASSED,B,fallback
00700,腾讯控股,2022-08-26,STRUCTURAL_ACCUMULATION,Deteriorating,Consolidation,25.304162174706896,COST_DISADVANTAGE,Low,BULLISH_STABLE,75.0,Divergence,risk_off,结构:STRUCTURAL_ACCUMULATION(A/A-); 阶段:Deteriorating(B); 触发:Consolidation(C); 置信度:Low,PASSED,B,fallback
00700,腾讯控股,2022-09-02,STRUCTURAL_ACCUMULATION,Improving,Consolidation,25.954593991523804,COST_NEUTRAL,Low,BULLISH_STABLE,75.0,Aligned,risk_off,结构:STRUCTURAL_ACCUMULATION(A/A-); 阶段:Improving(B); 触发:Consolidation(C); 置信度:Low,PASSED,B,matrix
00700,腾讯控股,2022-09-09,STRUCTURAL_ACCUMULATION,Improving,Consolidation,25.954593991523804,COST_NEUTRAL,Low,BULLISH_STABLE,75.0,Aligned,risk_off,结构:STRUCTURAL_ACCUMULATION(A/A-); 阶段:Improving(B); 触发:Consolidation(C); 置信度:Low,PASSED,B,matrix
00700,腾讯控股,2022-09-16,STRUCTURAL_ACCUMULATION,Improving,Consolidation,25.954593991523804,COST_NEUTRAL,Low,BULLISH_STABLE,75.0,Aligned,risk_off,结构:STRUCTURAL_ACCUMULATION(A/A-); 阶段:Improving(B); 触发:Consolidation(C); 置信度:Low,PASSED,B,matrix
00700,腾讯控股,2022-09-23,STRUCTURAL_ACCUMULATION,Improving,Breakdown,25.954593991523804,COST_NEUTRAL,Low,BULLISH_STABLE,75.0,Aligned,risk_off,结构:STRUCTURAL_ACCUMULATION(A/A-); 阶段:Improving(B); 触发:Breakdown(C); 置信度:Low,PASSED,B,fallback
00700,腾讯控股,2022-09-30,STRUCTURAL_ACCUMULATION,Stable,Breakdown,27.501703507188772,COST_DISADVANTAGE,Low,BULLISH_STABLE,75.0,Aligned,risk_off,结构:STRUCTURAL_ACCUMULATION(A/A-); 阶段:Stable(B); 触发:Breakdown(C); 置信度:Low,PASSED,B,fallback
00700,腾讯控股,2022-10-07,STRUCTURAL_ACCUMULATION,Stable,Consolidation,27.501703507188772,COST_DISADVANTAGE,Low,BULLISH_STABLE,75.0,Aligned,risk_off,结构:STRUCTURAL_ACCUMULATION(A/A-); 阶段:Stable(B); 触发:Consolidation(C); 置信度:Low,PASSED,B,fallback
00700,腾讯控股,2022-10-14,STRUCTURAL_ACCUMULATION,Stable,Breakdown,27.501703507188772,COST_DISADVANTAGE,Low,BULLISH_STABLE,75.0,Aligned,risk_off,结构:STRUCTURAL_ACCUMULATION(A/A-); 阶段:Stable(B); 触发:Breakdown(C); 置信度:Low,PASSED,B,fallback
00700,腾讯控股,2022-10-21,STRUCTURAL_ACCUMULATION,Stable,Breakdown,27.501703507188772,COST_DISADVANTAGE,Low,BULLISH_STABLE,75.0,Aligned,risk_off,结构:STRUCTURAL_ACCUMULATION(A/A-); 阶段:Stable(B); 触发:Breakdown(C); 置信度:Low,PASSED,B,fallback
00700,腾讯控股,2022-10-28,STRUCTURAL_ACCUMULATION,Stable,Breakdown,27.501703507188772,COST_DISADVANTAGE,Low,BULLISH_STABLE,75.0,Aligned,risk_off,结构:STRUCTURAL_ACCUMULATION(A/A-); 阶段:Stable(B); 触发:Breakdown(C); 置信度:Low,PASSED,B,fallback
00700,腾讯控股,2022-11-04,STRUCTURAL_ACCUMULATION,Deteriorating,Consolidation,15.740822132994127,COST_DISADVANTAGE,Low,BULLISH_STABLE,75.0,Divergence,risk_off,结构:STRUCTURAL_ACCUMULATION(A/A-); 阶段:Deteriorating(B); 触发:Consolidation(C); 置信度:Low,PASSED,B,fallback
00700,腾讯控股,2022-11-11,STRUCTURAL_ACCUMULATION,Deteriorating,Consolidation,15.740822132994127,COST_DISADVANTAGE,Low,BULLISH_STABLE,75.0,Divergence,risk_off,结构:STRUCTURAL_ACCUMULATION(A/A-); 阶段:Deteriorating(B); 触发:Consolidation(C); 置信度:Low,PASSED,B,fallback
00700,腾讯控股,2022-11-18,STRUCTURAL_ACCUMULATION,Deteriorating,Consolidation,15.740822132994127,COST_DISADVANTAGE,Low,BULLISH_STABLE,75.0,Divergence,risk_off,结构:STRUCTURAL_ACCUMULATION(A/A-); 阶段:Deteriorating(B); 触发:Consolidation(C); 置信度:Low,PASSED,B,fallback
00700,腾讯控股,2022-11-25,STRUCTURAL_ACCUMULATION,Deteriorating,Consolidation,15.740822132994127,COST_DISADVANTAGE,Low,BULLISH_STABLE,75.0,Divergence,risk_off,结构:STRUCTURAL_ACCUMULATION(A/A-); 阶段:Deteriorating(B); 触发:Consolidation(C); 置信度:Low,PASSED,B,fallback
00700,腾讯控股,2022-12-02,STRUCTURAL_ACCUMULATION,Deteriorating,Consolidation,8.831268014689208,COST_NEUTRAL,Low,BULLISH_STABLE,75.0,Divergence,risk_off,结构:STRUCTURAL_ACCUMULATION(A/A-); 阶段:Deteriorating(B); 触发:Consolidation(C); 置信度:Low,PASSED,B,fallback
00700,腾讯控股,2022-12-09,STRUCTURAL_ACCUMULATION,Deteriorating,Consolidation,8.831268014689208,COST_NEUTRAL,Low,BULLISH_STABLE,75.0,Divergence,risk_off,结构:STRUCTURAL_ACCUMULATION(A/A-); 阶段:Deteriorating(B); 触发:Consolidation(C); 置信度:Low,PASSED,B,fallback
00700,腾讯控股,2022-12-16,STRUCTURAL_ACCUMULATION,Deteriorating,Consolidation,8.831268014689208,COST_NEUTRAL,Low,BULLISH_STABLE,75.0,Divergence,risk_off,结构:STRUCTURAL_ACCUMULATION(A/A-); 阶段:Deteriorating(B); 触发:Consolidation(C); 置信度:Low,PASSED,B,fallback
00700,腾讯控股,2022-12-23,STRUCTURAL_ACCUMULATION,Deteriorating,Consolidation,8.831268014689208,COST_NEUTRAL,Low,BULLISH_STABLE,75.0,Divergence,risk_off,结构:STRUCTURAL_ACCUMULATION(A/A-); 阶段:Deteriorating(B); 触发:Consolidation(C); 置信度:Low,PASSED,B,fallback
00700,腾讯控股,2022-12-30,STRUCTURAL_ACCUMULATION,Deteriorating,Consolidation,8.831268014689208,COST_NEUTRAL,Low,BULLISH_STABLE,75.0,Divergence,risk_off,结构:STRUCTURAL_ACCUMULATION(A/A-); 阶段:Deteriorating(B); 触发:Consolidation(C); 置信度:Low,PASSED,B,fallback
00700,腾讯控股,2023-01-06,STRUCTURAL_ACCUMULATION,Improving,Consolidation,14.65088191230308,COST_NEUTRAL,Low,BULLISH_STABLE,75.0,Aligned,risk_off,结构:STRUCTURAL_ACCUMULATION(A/A-); 阶段:Improving(B); 触发:Consolidation(C); 置信度:Low,PASSED,B,matrix
00700,腾讯控股,2023-01-13,STRUCTURAL_ACCUMULATION,Improving,Consolidation,14.65088191230308,COST_NEUTRAL,Low,BULLISH_STABLE,75.0,Aligned,risk_on,结构:STRUCTURAL_ACCUMULATION(A/A-); 阶段:Improving(B); 触发:Consolidation(C); 置信度:Low,PASSED,B,matrix
00700,腾讯控股,2023-01-20,STRUCTURAL_ACCUMULATION,Improving,Consolidation,14.65088191230308,COST_NEUTRAL,Low,BULLISH_STABLE,75.0,Aligned,risk_on,结构:STRUCTURAL_ACCUMULATION(A/A-); 阶段:Improving(B); 触发:Consolidation(C); 置信度:Low,PASSED,B,matrix
00700,腾讯控股,2023-01-27,STRUCTURAL_ACCUMULATION,Improving,Consolidation,14.65088191230308,COST_NEUTRAL,Low,BULLISH_STABLE,75.0,Aligned,risk_on,结构:STRUCTURAL_ACCUMULATION(A/A-); 阶段:Improving(B); 触发:Consolidation(C); 置信度:Low,PASSED,B,matrix
00700,腾讯控股,2023-02-03,STRUCTURAL_ACCUMULATION,Improving,Consolidation,20.47470572373102,COST_NEUTRAL,Low,BULLISH_STABLE,75.0,Aligned,risk_on,结构:STRUCTURAL_ACCUMULATION(A/A-); 阶段:Improving(B); 触发:Consolidation(C); 置信度:Low,PASSED,B,matrix
00700,腾讯控股,2023-02-10,STRUCTURAL_ACCUMULATION,Improving,Consolidation,20.47470572373102,COST_NEUTRAL,Low,BULLISH_STABLE,75.0,Aligned,risk_on,结构:STRUCTURAL_ACCUMULATION(A/A-); 阶段:Improving(B); 触发:Consolidation(C); 置信度:Low,PASSED,B,matrix
00700,腾讯控股,2023-02-17,STRUCTURAL_ACCUMULATION,Improving,Pullback,20.47470572373102,COST_NEUTRAL,Low,BULLISH_STABLE,75.0,Aligned,risk_on,结构:STRUCTURAL_ACCUMULATION(A/A-); 阶段:Improving(B); 触发:Pullback(C); 置信度:Low,PASSED,B,fallback
00700,腾讯控股,2023-02-24,STRUCTURAL_ACCUMULATION,Improving,Pullback,20.47470572373102,COST_NEUTRAL,Low,BULLISH_STABLE,75.0,Aligned,risk_off,结构:STRUCTURAL_ACCUMULATION(A/A-); 阶段:Improving(B); 触发:Pullback(C); 置信度:Low,PASSED,B,fallback
00700,腾讯控股,2023-03-03,STRUCTURAL_ACCUMULATION,Deteriorating,Pullback,26.577223191892514,COST_NEUTRAL,Low,BULLISH_STABLE,75.0,Divergence,risk_off,结构:STRUCTURAL_ACCUMULATION(A/A-); 阶段:Deteriorating(B); 触发:Pullback(C); 置信度:Low,PASSED,B,fallback
00700,腾讯控股,2023-03-10,STRUCTURAL_ACCUMULATION,Deteriorating,Consolidation,26.577223191892514,COST_NEUTRAL,Low,BULLISH_STABLE,75.0,Divergence,risk_off,结构:STRUCTURAL_ACCUMULATION(A/A-); 阶段:Deteriorating(B); 触发:Consolidation(C); 置信度:Low,PASSED,B,fallback
00700,腾讯控股,2023-03-17,STRUCTURAL_ACCUMULATION,Deteriorating,Pullback,26.577223191892514,COST_NEUTRAL,Low,BULLISH_STABLE,75.0,Divergence,risk_off,结构:STRUCTURAL_ACCUMULATION(A/A-); 阶段:Deteriorating(B); 触发:Pullback(C); 置信度:Low,PASSED,B,fallback
00700,腾讯控股,2023-03-24,STRUCTURAL_ACCUMULATION,Deteriorating,Consolidation,26.577223191892514,COST_NEUTRAL,Low,BULLISH_STABLE,75.0,Divergence,risk_off,结构:STRUCTURAL_ACCUMULATION(A/A-); 阶段:Deteriorating(B); 触发:Consolidation(C); 置信度:Low,PASSED,B,fallback
00700,腾讯控股,2023-03-31,STRUCTURAL_ACCUMULATION,Improving,Consolidation,21.94860518102401,COST_ADVANTAGE,Low,BULLISH_STABLE,75.0,Aligned,risk_off,结构:STRUCTURAL_ACCUMULATION(A/A-); 阶段:Improving(B); 触发:Consolidation(C); 置信度:Low,PASSED,B,matrix
00700,腾讯控股,2023-04-07,STRUCTURAL_ACCUMULATION,Improving,Consolidation,21.94860518102401,COST_ADVANTAGE,Low,BULLISH_STABLE,75.0,Aligned,risk_off,结构:STRUCTURAL_ACCUMULATION(A/A-); 阶段:Improving(B); 触发:Consolidation(C); 置信度:Low,PASSED,B,matrix
00700,腾讯控股,2023-04-14,STRUCTURAL_ACCUMULATION,Improving,Pullback,21.94860518102401,COST_ADVANTAGE,Low,BULLISH_STABLE,75.0,Aligned,risk_off,结构:STRUCTURAL_ACCUMULATION(A/A-); 阶段:Improving(B); 触发:Pullback(C); 置信度:Low,PASSED,B,fallback
00700,腾讯控股,2023-04-21,STRUCTURAL_ACCUMULATION,Improving,Consolidation,21.94860518102401,COST_ADVANTAGE,Low,BULLISH_STABLE,75.0,Aligned,risk_off,结构:STRUCTURAL_ACCUMULATION(A/A-); 阶段:Improving(B); 触发:Consolidation(C); 置信度:Low,PASSED,B,matrix
00700,腾讯控股,2023-04-28,STRUCTURAL_ACCUMULATION,Improving,Consolidation,21.94860518102401,COST_ADVANTAGE,Low,BULLISH_STABLE,75.0,Aligned,risk_off,结构:STRUCTURAL_ACCUMULATION(A/A-); 阶段:Improving(B); 触发:Consolidation(C); 置信度:Low,PASSED,B,matrix
00700,腾讯控股,2023-05-05,STRUCTURAL_ACCUMULATION,Deteriorating,Consolidation,43.22560001340876,COST_DISADVANTAGE,Low,BULLISH_STABLE,75.0,Divergence,risk_off,结构:STRUCTURAL_ACCUMULATION(A/A-); 阶段:Deteriorating(B); 触发:Consolidation(C); 置信度:Low,PASSED,B,fallback
00700,腾讯控股,2023-05-12,STRUCTURAL_ACCUMULATION,Deteriorating,Consolidation,43.22560001340876,COST_DISADVANTAGE,Low,BULLISH_STABLE,75.0,Divergence,risk_off,结构:STRUCTURAL_ACCUMULATION(A/A-); 阶段:Deteriorating(B); 触发:Consolidation(C); 置信度:Low,PASSED,B,fallback
00700,腾讯控股,2023-05-19,STRUCTURAL_ACCUMULATION,Deteriorating,Consolidation,43.22560001340876,COST_DISADVANTAGE,Medium,BULLISH_STABLE,75.0,Divergence,risk_off,结构:STRUCTURAL_ACCUMULATION(A/A-); 阶段:Deteriorating(B); 触发:Consolidation(C); 置信度:Medium,PASSED,B,fallback
00700,腾讯控股,2023-05-26,STRUCTURAL_ACCUMULATION,Deteriorating,Consolidation,43.22560001340876,COST_DISADVANTAGE,Medium,BULLISH_STABLE,75.0,Divergence,risk_off,结构:STRUCTURAL_ACCUMULATION(A/A-); 阶段:Deteriorating(B); 触发:Consolidation(C); 置信度:Medium,PASSED,B,fallback
00700,腾讯控股,2023-06-02,STRUCTURAL_ACCUMULATION,Deteriorating,Consolidation,39.560751498584786,COST_DISADVANTAGE,Low,BULLISH_STABLE,75.0,Divergence,risk_off,结构:STRUCTURAL_ACCUMULATION(A/A-); 阶段:Deteriorating(B); 触发:Consolidation(C); 置信度:Low,PASSED,B,fallback
00700,腾讯控股,2023-06-09,STRUCTURAL_ACCUMULATION,Deteriorating,Consolidation,39.560751498584786,COST_DISADVANTAGE,Low,BULLISH_STABLE,75.0,Divergence,neutral,结构:STRUCTURAL_ACCUMULATION(A/A-); 阶段:Deteriorating(B); 触发:Consolidation(C); 置信度:Low,PASSED,B,fallback
00700,腾讯控股,2023-06-16,STRUCTURAL_ACCUMULATION,Deteriorating,Consolidation,39.560751498584786,COST_DISADVANTAGE,Low,BULLISH_STABLE,75.0,Divergence,risk_on,结构:STRUCTURAL_ACCUMULATION(A/A-); 阶段:Deteriorating(B); 触发:Consolidation(C); 置信度:Low,PASSED,B,fallback
00700,腾讯控股,2023-06-23,STRUCTURAL_ACCUMULATION,Deteriorating,Consolidation,39.560751498584786,COST_DISADVANTAGE,Low,BULLISH_STABLE,75.0,Divergence,risk_off,结构:STRUCTURAL_ACCUMULATION(A/A-); 阶段:Deteriorating(B); 触发:Consolidation(C); 置信度:Low,PASSED,B,fallback
00700,腾讯控股,2023-06-30,STRUCTURAL_ACCUMULATION,Improving,Consolidation,39.06726651950303,COST_DISADVANTAGE,Low,BULLISH_STABLE,75.0,Aligned,risk_off,结构:STRUCTURAL_ACCUMULATION(A/A-); 阶段:Improving(B); 触发:Consolidation(C); 置信度:Low,PASSED,B,matrix
00700,腾讯控股,2023-07-07,STRUCTURAL_ACCUMULATION,Improving,Consolidation,39.06726651950303,COST_DISADVANTAGE,Low,BULLISH_STABLE,75.0,Aligned,risk_off,结构:STRUCTURAL_ACCUMULATION(A/A-); 阶段:Improving(B); 触发:Consolidation(C); 置信度:Low,PASSED,B,matrix
00700,腾讯控股,2023-07-14,STRUCTURAL_ACCUMULATION,Improving,Consolidation,39.06726651950303,COST_DISADVANTAGE,Low,BULLISH_STABLE,75.0,Aligned,risk_off,结构:STRUCTURAL_ACCUMULATION(A/A-); 阶段:Improving(B); 触发:Consolidation(C); 置信度:Low,PASSED,B,matrix
00700,腾讯控股,2023-07-21,STRUCTURAL_ACCUMULATION,Improving,Consolidation,39.06726651950303,COST_DISADVANTAGE,Low,BULLISH_STABLE,75.0,Aligned,risk_off,结构:STRUCTURAL_ACCUMULATION(A/A-); 阶段:Improving(B); 触发:Consolidation(C); 置信度:Low,PASSED,B,matrix
00700,腾讯控股,2023-07-28,STRUCTURAL_ACCUMULATION,Improving,Consolidation,39.06726651950303,COST_DISADVANTAGE,Low,BULLISH_STABLE,75.0,Aligned,risk_off,结构:STRUCTURAL_ACCUMULATION(A/A-); 阶段:Improving(B); 触发:Consolidation(C); 置信度:Low,PASSED,B,matrix
00700,腾讯控股,2023-08-04,STRUCTURAL_ACCUMULATION,Improving,Consolidation,43.389817757145984,COST_NEUTRAL,Medium,BULLISH_STABLE,75.0,Aligned,risk_off,结构:STRUCTURAL_ACCUMULATION(A/A-); 阶段:Improving(B); 触发:Consolidation(C); 置信度:Medium,PASSED,B,matrix
00700,腾讯控股,2023-08-11,STRUCTURAL_ACCUMULATION,Improving,Consolidation,43.389817757145984,COST_NEUTRAL,Medium,BULLISH_STABLE,75.0,Aligned,risk_off,结构:STRUCTURAL_ACCUMULATION(A/A-); 阶段:Improving(B); 触发:Consolidation(C); 置信度:Medium,PASSED,B,matrix
00700,腾讯控股,2023-08-18,STRUCTURAL_DECLINE,Improving,Consolidation,43.389817757145984,COST_NEUTRAL,Low,BEARISH_CONFIRMED,20.0,Divergence,risk_off,结构:STRUCTURAL_DECLINE(A/A-); 阶段:Improving(B); 触发:Consolidation(C); 置信度:Low,PASSED,B,fallback
00700,腾讯控股,2023-08-25,STRUCTURAL_DECLINE,Improving,Consolidation,43.389817757145984,COST_NEUTRAL,Low,BEARISH_CONFIRMED,20.0,Divergence,risk_off,结构:STRUCTURAL_DECLINE(A/A-); 阶段:Improving(B); 触发:Consolidation(C); 置信度:Low,PASSED,B,fallback
00700,腾讯控股,2023-09-01,STRUCTURAL_DECLINE,Stable,Consolidation,33.28922201371418,COST_DISADVANTAGE,Low,BEARISH_CONFIRMED,20.0,Aligned,risk_off,结构:STRUCTURAL_DECLINE(A/A-); 阶段:Stable(B); 触发:Consolidation(C); 置信度:Low,PASSED,B,fallback
00700,腾讯控股,2023-09-08,STRUCTURAL_DECLINE,Stable,Consolidation,33.28922201371418,COST_DISADVANTAGE,Low,BEARISH_CONFIRMED,20.0,Aligned,risk_off,结构:STRUCTURAL_DECLINE(A/A-); 阶段:Stable(B); 触发:Consolidation(C); 置信度:Low,PASSED,B,fallback
00700,腾讯控股,2023-09-15,STRUCTURAL_DECLINE,Stable,Consolidation,33.28922201371418,COST_DISADVANTAGE,Low,BEARISH_CONFIRMED,20.0,Aligned,risk_off,结构:STRUCTURAL_DECLINE(A/A-); 阶段:Stable(B); 触发:Consolidation(C); 置信度:Low,PASSED,B,fallback
00700,腾讯控股,2023-09-22,STRUCTURAL_DECLINE,Stable,Consolidation,33.28922201371418,COST_DISADVANTAGE,Low,BEARISH_CONFIRMED,20.0,Aligned,risk_off,结构:STRUCTURAL_DECLINE(A/A-); 阶段:Stable(B); 触发:Consolidation(C); 置信度:Low,PASSED,B,fallback
00700,腾讯控股,2023-09-29,STRUCTURAL_DECLINE,Stable,Consolidation,33.28922201371418,COST_DISADVANTAGE,Low,BEARISH_CONFIRMED,20.0,Aligned,risk_off,结构:STRUCTURAL_DECLINE(A/A-); 阶段:Stable(B); 触发:Consolidation(C); 置信度:Low,PASSED,B,fallback
00700,腾讯控股,2023-10-06,STRUCTURAL_DECLINE,Deteriorating,Consolidation,45.41830965430723,COST_DISADVANTAGE,Low,BEARISH_CONFIRMED,20.0,Aligned,risk_off,结构:STRUCTURAL_DECLINE(A/A-); 阶段:Deteriorating(B); 触发:Consolidation(C); 置信度:Low,PASSED,B,fallback
00700,腾讯控股,2023-10-13,STRUCTURAL_DECLINE,Deteriorating,Consolidation,45.41830965430723,COST_DISADVANTAGE,Low,BEARISH_CONFIRMED,20.0,Aligned,risk_off,结构:STRUCTURAL_DECLINE(A/A-); 阶段:Deteriorating(B); 触发:Consolidation(C); 置信度:Low,PASSED,B,fallback
00700,腾讯控股,2023-10-20,STRUCTURAL_DECLINE,Deteriorating,Breakdown,45.41830965430723,COST_DISADVANTAGE,Low,BEARISH_CONFIRMED,20.0,Aligned,risk_off,结构:STRUCTURAL_DECLINE(A/A-); 阶段:Deteriorating(B); 触发:Breakdown(C); 置信度:Low,PASSED,B,matrix
00700,腾讯控股,2023-10-27,STRUCTURAL_DECLINE,Deteriorating,Consolidation,45.41830965430723,COST_DISADVANTAGE,Low,BEARISH_CONFIRMED,20.0,Aligned,risk_off,结构:STRUCTURAL_DECLINE(A/A-); 阶段:Deteriorating(B); 触发:Consolidation(C); 置信度:Low,PASSED,B,fallback
00700,腾讯控股,2023-11-03,STRUCTURAL_DECLINE,Deteriorating,Consolidation,45.73650688123599,COST_DISADVANTAGE,Low,BEARISH_CONFIRMED,20.0,Aligned,risk_off,结构:STRUCTURAL_DECLINE(A/A-); 阶段:Deteriorating(B); 触发:Consolidation(C); 置信度:Low,PASSED,B,fallback
00700,腾讯控股,2023-11-10,STRUCTURAL_DECLINE,Deteriorating,Consolidation,45.73650688123599,COST_DISADVANTAGE,Low,BEARISH_CONFIRMED,20.0,Aligned,risk_off,结构:STRUCTURAL_DECLINE(A/A-); 阶段:Deteriorating(B); 触发:Consolidation(C); 置信度:Low,PASSED,B,fallback
00700,腾讯控股,2023-11-17,STRUCTURAL_DECLINE,Deteriorating,Consolidation,45.73650688123599,COST_DISADVANTAGE,Low,BEARISH_CONFIRMED,20.0,Aligned,neutral,结构:STRUCTURAL_DECLINE(A/A-); 阶段:Deteriorating(B); 触发:Consolidation(C); 置信度:Low,PASSED,B,fallback
00700,腾讯控股,2023-11-24,STRUCTURAL_DECLINE,Deteriorating,Consolidation,45.73650688123599,COST_DISADVANTAGE,Low,BEARISH_CONFIRMED,20.0,Aligned,risk_off,结构:STRUCTURAL_DECLINE(A/A-); 阶段:Deteriorating(B); 触发:Consolidation(C); 置信度:Low,PASSED,B,fallback
00700,腾讯控股,2023-12-01,STRUCTURAL_DECLINE,Improving,Consolidation,58.3047809425385,COST_NEUTRAL,Medium,BEARISH_CONFIRMED,20.0,Divergence,risk_off,结构:STRUCTURAL_DECLINE(A/A-); 阶段:Improving(B); 触发:Consolidation(C); 置信度:Medium,PASSED,B,fallback
00700,腾讯控股,2023-12-08,STRUCTURAL_DECLINE,Improving,Consolidation,58.3047809425385,COST_NEUTRAL,Medium,BEARISH_CONFIRMED,20.0,Divergence,risk_off,结构:STRUCTURAL_DECLINE(A/A-); 阶段:Improving(B); 触发:Consolidation(C); 置信度:Medium,PASSED,B,fallback
00700,腾讯控股,2023-12-15,STRUCTURAL_DECLINE,Improving,Consolidation,58.3047809425385,COST_NEUTRAL,Medium,BEARISH_CONFIRMED,20.0,Divergence,risk_off,结构:STRUCTURAL_DECLINE(A/A-); 阶段:Improving(B); 触发:Consolidation(C); 置信度:Medium,PASSED,B,fallback
00700,腾讯控股,2023-12-22,STRUCTURAL_DECLINE,Improving,Breakdown,58.3047809425385,COST_NEUTRAL,Medium,BEARISH_CONFIRMED,20.0,Divergence,risk_off,结构:STRUCTURAL_DECLINE(A/A-); 阶段:Improving(B); 触发:Breakdown(C); 置信度:Medium,PASSED,B,fallback
00700,腾讯控股,2023-12-29,STRUCTURAL_DECLINE,Improving,Consolidation,58.3047809425385,COST_NEUTRAL,Medium,BEARISH_CONFIRMED,20.0,Divergence,neutral,结构:STRUCTURAL_DECLINE(A/A-); 阶段:Improving(B); 触发:Consolidation(C); 置信度:Medium,PASSED,B,fallback
00700,腾讯控股,2024-01-05,STRUCTURAL_DECLINE,Deteriorating,Consolidation,50.56766806633675,COST_DISADVANTAGE,Medium,BEARISH_CONFIRMED,20.0,Aligned,risk_off,结构:STRUCTURAL_DECLINE(A/A-); 阶段:Deteriorating(B); 触发:Consolidation(C); 置信度:Medium,PASSED,B,fallback
00700,腾讯控股,2024-01-12,STRUCTURAL_DECLINE,Deteriorating,Consolidation,50.56766806633675,COST_DISADVANTAGE,Medium,BEARISH_CONFIRMED,20.0,Aligned,risk_off,结构:STRUCTURAL_DECLINE(A/A-); 阶段:Deteriorating(B); 触发:Consolidation(C); 置信度:Medium,PASSED,B,fallback
00700,腾讯控股,2024-01-19,STRUCTURAL_DECLINE,Deteriorating,Consolidation,50.56766806633675,COST_DISADVANTAGE,Medium,BEARISH_CONFIRMED,20.0,Aligned,risk_off,结构:STRUCTURAL_DECLINE(A/A-); 阶段:Deteriorating(B); 触发:Consolidation(C); 置信度:Medium,PASSED,B,fallback
00700,腾讯控股,2024-01-26,STRUCTURAL_DECLINE,Deteriorating,Consolidation,50.56766806633675,COST_DISADVANTAGE,Medium,BEARISH_CONFIRMED,20.0,Aligned,risk_off,结构:STRUCTURAL_DECLINE(A/A-); 阶段:Deteriorating(B); 触发:Consolidation(C); 置信度:Medium,PASSED,B,fallback
00700,腾讯控股,2024-02-02,STRUCTURAL_DECLINE,Deteriorating,Consolidation,47.76388766700389,COST_DISADVANTAGE,Low,BEARISH_CONFIRMED,20.0,Aligned,risk_off,结构:STRUCTURAL_DECLINE(A/A-); 阶段:Deteriorating(B); 触发:Consolidation(C); 置信度:Low,PASSED,B,fallback
00700,腾讯控股,2024-02-09,STRUCTURAL_DECLINE,Deteriorating,Consolidation,47.76388766700389,COST_DISADVANTAGE,Low,BEARISH_CONFIRMED,20.0,Aligned,risk_off,结构:STRUCTURAL_DECLINE(A/A-); 阶段:Deteriorating(B); 触发:Consolidation(C); 置信度:Low,PASSED,B,fallback
00700,腾讯控股,2024-02-16,STRUCTURAL_DECLINE,Deteriorating,Consolidation,47.76388766700389,COST_DISADVANTAGE,Low,BEARISH_CONFIRMED,20.0,Aligned,risk_off,结构:STRUCTURAL_DECLINE(A/A-); 阶段:Deteriorating(B); 触发:Consolidation(C); 置信度:Low,PASSED,B,fallback
00700,腾讯控股,2024-02-23,STRUCTURAL_DECLINE,Deteriorating,Consolidation,47.76388766700389,COST_DISADVANTAGE,Low,BEARISH_CONFIRMED,20.0,Aligned,risk_off,结构:STRUCTURAL_DECLINE(A/A-); 阶段:Deteriorating(B); 触发:Consolidation(C); 置信度:Low,PASSED,B,fallback
00700,腾讯控股,2024-03-01,STRUCTURAL_DECLINE,Improving,Consolidation,65.20816466581314,COST_DISADVANTAGE,Low,BEARISH_CONFIRMED,20.0,Divergence,neutral,结构:STRUCTURAL_DECLINE(A/A-); 阶段:Improving(B); 触发:Consolidation(C); 置信度:Low,PASSED,B,fallback
00700,腾讯控股,2024-03-08,STRUCTURAL_DECLINE,Improving,Consolidation,65.20816466581314,COST_DISADVANTAGE,Low,BEARISH_CONFIRMED,20.0,Divergence,neutral,结构:STRUCTURAL_DECLINE(A/A-); 阶段:Improving(B); 触发:Consolidation(C); 置信度:Low,PASSED,B,fallback
00700,腾讯控股,2024-03-15,STRUCTURAL_DECLINE,Improving,Consolidation,65.20816466581314,COST_DISADVANTAGE,Low,BEARISH_CONFIRMED,20.0,Divergence,neutral,结构:STRUCTURAL_DECLINE(A/A-); 阶段:Improving(B); 触发:Consolidation(C); 置信度:Low,PASSED,B,fallback
00700,腾讯控股,2024-03-22,STRUCTURAL_DECLINE,Improving,Consolidation,65.20816466581314,COST_DISADVANTAGE,Low,BEARISH_CONFIRMED,20.0,Divergence,neutral,结构:STRUCTURAL_DECLINE(A/A-); 阶段:Improving(B); 触发:Consolidation(C); 置信度:Low,PASSED,B,fallback
00700,腾讯控股,2024-03-29,STRUCTURAL_DECLINE,Improving,Consolidation,65.20816466581314,COST_DISADVANTAGE,Low,BEARISH_CONFIRMED,20.0,Divergence,neutral,结构:STRUCTURAL_DECLINE(A/A-); 阶段:Improving(B); 触发:Consolidation(C); 置信度:Low,PASSED,B,fallback
00700,腾讯控股,2024-04-05,STRUCTURAL_DECLINE,Stable,Consolidation,58.373282729516845,COST_NEUTRAL,Low,BEARISH_CONFIRMED,20.0,Aligned,neutral,结构:STRUCTURAL_DECLINE(A/A-); 阶段:Stable(B); 触发:Consolidation(C); 置信度:Low,PASSED,B,fallback
00700,腾讯控股,2024-04-12,STRUCTURAL_DECLINE,Stable,Consolidation,58.373282729516845,COST_NEUTRAL,Low,BEARISH_CONFIRMED,20.0,Aligned,risk_on,结构:STRUCTURAL_DECLINE(A/A-); 阶段:Stable(B); 触发:Consolidation(C); 置信度:Low,PASSED,B,fallback
00700,腾讯控股,2024-04-19,STRUCTURAL_DECLINE,Stable,Consolidation,58.373282729516845,COST_NEUTRAL,Low,BEARISH_CONFIRMED,20.0,Aligned,risk_on,结构:STRUCTURAL_DECLINE(A/A-); 阶段:Stable(B); 触发:Consolidation(C); 置信度:Low,PASSED,B,fallback
00700,腾讯控股,2024-04-26,STRUCTURAL_DECLINE,Stable,Consolidation,58.373282729516845,COST_NEUTRAL,Low,BEARISH_CONFIRMED,20.0,Aligned,risk_on,结构:STRUCTURAL_DECLINE(A/A-); 阶段:Stable(B); 触发:Consolidation(C); 置信度:Low,PASSED,B,fallback
00700,腾讯控股,2024-05-03,STRUCTURAL_DECLINE,Stable,Consolidation,58.76758959976899,COST_ADVANTAGE,Low,BEARISH_CONFIRMED,20.0,Aligned,risk_on,结构:STRUCTURAL_DECLINE(A/A-); 阶段:Stable(B); 触发:Consolidation(C); 置信度:Low,PASSED,B,fallback
00700,腾讯控股,2024-05-10,STRUCTURAL_DECLINE,Stable,Consolidation,58.76758959976899,COST_ADVANTAGE,Low,BEARISH_CONFIRMED,20.0,Aligned,risk_on,结构:STRUCTURAL_DECLINE(A/A-); 阶段:Stable(B); 触发:Consolidation(C); 置信度:Low,PASSED,B,fallback
00700,腾讯控股,2024-05-17,STRUCTURAL_DECLINE,Stable,Consolidation,58.76758959976899,COST_ADVANTAGE,Medium,BEARISH_CONFIRMED,20.0,Aligned,risk_on,结构:STRUCTURAL_DECLINE(A/A-); 阶段:Stable(B); 触发:Consolidation(C); 置信度:Medium,PASSED,B,fallback
00700,腾讯控股,2024-05-24,STRUCTURAL_DECLINE,Stable,Consolidation,58.76758959976899,COST_ADVANTAGE,Medium,BEARISH_CONFIRMED,20.0,Aligned,risk_on,结构:STRUCTURAL_DECLINE(A/A-); 阶段:Stable(B); 触发:Consolidation(C); 置信度:Medium,PASSED,B,fallback
00700,腾讯控股,2024-05-31,STRUCTURAL_DECLINE,Stable,Pullback,51.08335385707952,COST_NEUTRAL,Medium,BEARISH_CONFIRMED,20.0,Aligned,risk_on,结构:STRUCTURAL_DECLINE(A/A-); 阶段:Stable(B); 触发:Pullback(C); 置信度:Medium,PASSED,B,fallback
00700,腾讯控股,2024-06-07,STRUCTURAL_DECLINE,Stable,Consolidation,51.08335385707952,COST_NEUTRAL,Medium,BEARISH_CONFIRMED,20.0,Aligned,risk_on,结构:STRUCTURAL_DECLINE(A/A-); 阶段:Stable(B); 触发:Consolidation(C); 置信度:Medium,PASSED,B,fallback
00700,腾讯控股,2024-06-14,STRUCTURAL_DECLINE,Stable,Consolidation,51.08335385707952,COST_NEUTRAL,Medium,BEARISH_CONFIRMED,20.0,Aligned,risk_on,结构:STRUCTURAL_DECLINE(A/A-); 阶段:Stable(B); 触发:Consolidation(C); 置信度:Medium,PASSED,B,fallback
00700,腾讯控股,2024-06-21,STRUCTURAL_DECLINE,Stable,Consolidation,51.08335385707952,COST_NEUTRAL,Medium,BEARISH_CONFIRMED,20.0,Aligned,risk_on,结构:STRUCTURAL_DECLINE(A/A-); 阶段:Stable(B); 触发:Consolidation(C); 置信度:Medium,PASSED,B,fallback
00700,腾讯控股,2024-06-28,STRUCTURAL_DECLINE,Stable,Pullback,51.08335385707952,COST_NEUTRAL,Medium,BEARISH_CONFIRMED,20.0,Aligned,risk_on,结构:STRUCTURAL_DECLINE(A/A-); 阶段:Stable(B); 触发:Pullback(C); 置信度:Medium,PASSED,B,fallback
00700,腾讯控股,2024-07-05,STRUCTURAL_DECLINE,Improving,Consolidation,70.84229540461796,COST_NEUTRAL,Medium,BEARISH_CONFIRMED,20.0,Divergence,risk_on,结构:STRUCTURAL_DECLINE(A/A-); 阶段:Improving(B); 触发:Consolidation(C); 置信度:Medium,PASSED,B,fallback
00700,腾讯控股,2024-07-12,STRUCTURAL_DECLINE,Improving,Consolidation,70.84229540461796,COST_NEUTRAL,Medium,BEARISH_CONFIRMED,20.0,Divergence,risk_on,结构:STRUCTURAL_DECLINE(A/A-); 阶段:Improving(B); 触发:Consolidation(C); 置信度:Medium,PASSED,B,fallback
00700,腾讯控股,2024-07-19,STRUCTURAL_DECLINE,Improving,Pullback,70.84229540461796,COST_NEUTRAL,Medium,BEARISH_CONFIRMED,20.0,Divergence,risk_on,结构:STRUCTURAL_DECLINE(A/A-); 阶段:Improving(B); 触发:Pullback(C); 置信度:Medium,PASSED,B,fallback
00700,腾讯控股,2024-07-26,STRUCTURAL_DECLINE,Improving,Pullback,70.84229540461796,COST_NEUTRAL,Medium,BEARISH_CONFIRMED,20.0,Divergence,risk_off,结构:STRUCTURAL_DECLINE(A/A-); 阶段:Improving(B); 触发:Pullback(C); 置信度:Medium,PASSED,B,fallback
00700,腾讯控股,2024-08-02,STRUCTURAL_DECLINE,Deteriorating,Pullback,66.22689872127705,COST_DISADVANTAGE,Medium,BEARISH_CONFIRMED,20.0,Aligned,risk_off,结构:STRUCTURAL_DECLINE(A/A-); 阶段:Deteriorating(B); 触发:Pullback(C); 置信度:Medium,PASSED,B,fallback
00700,腾讯控股,2024-08-09,STRUCTURAL_DECLINE,Deteriorating,Consolidation,66.22689872127705,COST_DISADVANTAGE,Medium,BEARISH_CONFIRMED,20.0,Aligned,risk_off,结构:STRUCTURAL_DECLINE(A/A-); 阶段:Deteriorating(B); 触发:Consolidation(C); 置信度:Medium,PASSED,B,fallback
00700,腾讯控股,2024-08-16,STRUCTURAL_DECLINE,Deteriorating,Consolidation,66.22689872127705,COST_DISADVANTAGE,Medium,BEARISH_CONFIRMED,20.0,Aligned,risk_off,结构:STRUCTURAL_DECLINE(A/A-); 阶段:Deteriorating(B); 触发:Consolidation(C); 置信度:Medium,PASSED,B,fallback
00700,腾讯控股,2024-08-23,STRUCTURAL_DECLINE,Deteriorating,Consolidation,66.22689872127705,COST_DISADVANTAGE,Medium,BEARISH_CONFIRMED,20.0,Aligned,risk_off,结构:STRUCTURAL_DECLINE(A/A-); 阶段:Deteriorating(B); 触发:Consolidation(C); 置信度:Medium,PASSED,B,fallback
00700,腾讯控股,2024-08-30,STRUCTURAL_DECLINE,Deteriorating,Consolidation,66.22689872127705,COST_DISADVANTAGE,Medium,BEARISH_CONFIRMED,20.0,Aligned,risk_off,结构:STRUCTURAL_DECLINE(A/A-); 阶段:Deteriorating(B); 触发:Consolidation(C); 置信度:Medium,PASSED,B,fallback
00700,腾讯控股,2024-09-06,STRUCTURAL_DECLINE,Improving,Pullback,65.17479572341252,COST_NEUTRAL,Medium,BEARISH_CONFIRMED,20.0,Divergence,risk_off,结构:STRUCTURAL_DECLINE(A/A-); 阶段:Improving(B); 触发:Pullback(C); 置信度:Medium,PASSED,B,fallback
00700,腾讯控股,2024-09-13,STRUCTURAL_DECLINE,Improving,Consolidation,65.17479572341252,COST_NEUTRAL,Medium,BEARISH_CONFIRMED,20.0,Divergence,risk_off,结构:STRUCTURAL_DECLINE(A/A-); 阶段:Improving(B); 触发:Consolidation(C); 置信度:Medium,PASSED,B,fallback
00700,腾讯控股,2024-09-20,STRUCTURAL_DECLINE,Improving,Consolidation,65.17479572341252,COST_NEUTRAL,Medium,BEARISH_CONFIRMED,20.0,Divergence,neutral,结构:STRUCTURAL_DECLINE(A/A-); 阶段:Improving(B); 触发:Consolidation(C); 置信度:Medium,PASSED,B,fallback
00700,腾讯控股,2024-09-27,STRUCTURAL_DECLINE,Improving,Breakout,65.17479572341252,COST_NEUTRAL,Medium,BEARISH_RECOVERY_CANDIDATE,40.0,Divergence,risk_off,结构:STRUCTURAL_DECLINE(A/A-); 阶段:Improving(B); 触发:Breakout(C); 置信度:Medium,PASSED,B,fallback
00700,腾讯控股,2024-10-04,STRUCTURAL_DECLINE,Stable,Breakout,63.13316788259484,COST_ADVANTAGE,Medium,BEARISH_CONFIRMED,20.0,Aligned,risk_off,结构:STRUCTURAL_DECLINE(A/A-); 阶段:Stable(B); 触发:Breakout(C); 置信度:Medium,PASSED,B,fallback
00700,腾讯控股,2024-10-11,STRUCTURAL_DECLINE,Stable,Consolidation,63.13316788259484,COST_ADVANTAGE,Medium,BEARISH_CONFIRMED,20.0,Aligned,risk_off,结构:STRUCTURAL_DECLINE(A/A-); 阶段:Stable(B); 触发:Consolidation(C); 置信度:Medium,PASSED,B,fallback
00700,腾讯控股,2024-10-18,STRUCTURAL_DECLINE,Stable,Consolidation,63.13316788259484,COST_ADVANTAGE,Medium,BEARISH_CONFIRMED,20.0,Aligned,risk_off,结构:STRUCTURAL_DECLINE(A/A-); 阶段:Stable(B); 触发:Consolidation(C); 置信度:Medium,PASSED,B,fallback
00700,腾讯控股,2024-10-25,STRUCTURAL_DECLINE,Stable,Pullback,63.13316788259484,COST_ADVANTAGE,Medium,BEARISH_CONFIRMED,20.0,Aligned,risk_off,结构:STRUCTURAL_DECLINE(A/A-); 阶段:Stable(B); 触发:Pullback(C); 置信度:Medium,PASSED,B,fallback
00700,腾讯控股,2024-11-01,STRUCTURAL_DECLINE,Deteriorating,Pullback,56.783428599628486,COST_NEUTRAL,Medium,BEARISH_CONFIRMED,20.0,Aligned,risk_off,结构:STRUCTURAL_DECLINE(A/A-); 阶段:Deteriorating(B); 触发:Pullback(C); 置信度:Medium,PASSED,B,fallback
00700,腾讯控股,2024-11-08,STRUCTURAL_DECLINE,Deteriorating,Pullback,56.783428599628486,COST_NEUTRAL,Medium,BEARISH_CONFIRMED,20.0,Aligned,risk_off,结构:STRUCTURAL_DECLINE(A/A-); 阶段:Deteriorating(B); 触发:Pullback(C); 置信度:Medium,PASSED,B,fallback
00700,腾讯控股,2024-11-15,STRUCTURAL_DECLINE,Deteriorating,Pullback,56.783428599628486,COST_NEUTRAL,Medium,BEARISH_CONFIRMED,20.0,Aligned,risk_off,结构:STRUCTURAL_DECLINE(A/A-); 阶段:Deteriorating(B); 触发:Pullback(C); 置信度:Medium,PASSED,B,fallback
00700,腾讯控股,2024-11-22,STRUCTURAL_DECLINE,Deteriorating,Pullback,56.783428599628486,COST_NEUTRAL,Medium,BEARISH_CONFIRMED,20.0,Aligned,risk_on,结构:STRUCTURAL_DECLINE(A/A-); 阶段:Deteriorating(B); 触发:Pullback(C); 置信度:Medium,PASSED,B,fallback
00700,腾讯控股,2024-11-29,STRUCTURAL_DECLINE,Deteriorating,Consolidation,56.783428599628486,COST_NEUTRAL,Medium,BEARISH_CONFIRMED,20.0,Aligned,risk_on,结构:STRUCTURAL_DECLINE(A/A-); 阶段:Deteriorating(B); 触发:Consolidation(C); 置信度:Medium,PASSED,B,fallback
00700,腾讯控股,2024-12-06,STRUCTURAL_DECLINE,Stable,Consolidation,76.02497567216423,COST_NEUTRAL,Medium,BEARISH_CONFIRMED,20.0,Aligned,risk_on,结构:STRUCTURAL_DECLINE(A/A-); 阶段:Stable(B); 触发:Consolidation(C); 置信度:Medium,PASSED,B,fallback
00700,腾讯控股,2024-12-13,STRUCTURAL_DECLINE,Stable,Consolidation,76.02497567216423,COST_NEUTRAL,Medium,BEARISH_CONFIRMED,20.0,Aligned,risk_on,结构:STRUCTURAL_DECLINE(A/A-); 阶段:Stable(B); 触发:Consolidation(C); 置信度:Medium,PASSED,B,fallback
00700,腾讯控股,2024-12-20,STRUCTURAL_DECLINE,Stable,Consolidation,76.02497567216423,COST_NEUTRAL,Medium,BEARISH_CONFIRMED,20.0,Aligned,risk_on,结构:STRUCTURAL_DECLINE(A/A-); 阶段:Stable(B); 触发:Consolidation(C); 置信度:Medium,PASSED,B,fallback
00700,腾讯控股,2024-12-27,STRUCTURAL_DECLINE,Stable,Consolidation,76.02497567216423,COST_NEUTRAL,Medium,BEARISH_CONFIRMED,20.0,Aligned,risk_off,结构:STRUCTURAL_DECLINE(A/A-); 阶段:Stable(B); 触发:Consolidation(C); 置信度:Medium,PASSED,B,fallback
00700,腾讯控股,2025-01-03,STRUCTURAL_DECLINE,Improving,Pullback,75.53318943489558,COST_NEUTRAL,Medium,BEARISH_CONFIRMED,20.0,Divergence,risk_off,结构:STRUCTURAL_DECLINE(A/A-); 阶段:Improving(B); 触发:Pullback(C); 置信度:Medium,PASSED,B,fallback
00700,腾讯控股,2025-01-10,STRUCTURAL_DECLINE,Improving,Consolidation,75.53318943489558,COST_NEUTRAL,Medium,BEARISH_CONFIRMED,20.0,Divergence,risk_off,结构:STRUCTURAL_DECLINE(A/A-); 阶段:Improving(B); 触发:Consolidation(C); 置信度:Medium,PASSED,B,fallback
00700,腾讯控股,2025-01-17,STRUCTURAL_DECLINE,Improving,Consolidation,75.53318943489558,COST_NEUTRAL,Medium,BEARISH_CONFIRMED,20.0,Divergence,risk_off,结构:STRUCTURAL_DECLINE(A/A-); 阶段:Improving(B); 触发:Consolidation(C); 置信度:Medium,PASSED,B,fallback
00700,腾讯控股,2025-01-24,STRUCTURAL_DECLINE,Improving,Consolidation,75.53318943489558,COST_NEUTRAL,Medium,BEARISH_CONFIRMED,20.0,Divergence,risk_off,结构:STRUCTURAL_DECLINE(A/A-); 阶段:Improving(B); 触发:Consolidation(C); 置信度:Medium,PASSED,B,fallback
00700,腾讯控股,2025-01-31,STRUCTURAL_DECLINE,Deteriorating,Consolidation,36.88831332729631,COST_NEUTRAL,Low,BEARISH_CONFIRMED,20.0,Aligned,neutral,结构:STRUCTURAL_DECLINE(A/A-); 阶段:Deteriorating(B); 触发:Consolidation(C); 置信度:Low,PASSED,B,fallback
00700,腾讯控股,2025-02-07,STRUCTURAL_DECLINE,Deteriorating,Consolidation,36.88831332729631,COST_NEUTRAL,Low,BEARISH_CONFIRMED,20.0,Aligned,risk_off,结构:STRUCTURAL_DECLINE(A/A-); 阶段:Deteriorating(B); 触发:Consolidation(C); 置信度:Low,PASSED,B,fallback
00700,腾讯控股,2025-02-14,STRUCTURAL_DECLINE,Deteriorating,Consolidation,36.88831332729631,COST_NEUTRAL,Low,BEARISH_CONFIRMED,20.0,Aligned,risk_off,结构:STRUCTURAL_DECLINE(A/A-); 阶段:Deteriorating(B); 触发:Consolidation(C); 置信度:Low,PASSED,B,fallback
00700,腾讯控股,2025-02-21,STRUCTURAL_DECLINE,Deteriorating,Breakout,36.88831332729631,COST_NEUTRAL,Low,BEARISH_CONFIRMED,20.0,Aligned,risk_off,结构:STRUCTURAL_DECLINE(A/A-); 阶段:Deteriorating(B); 触发:Breakout(C); 置信度:Low,PASSED,B,fallback
00700,腾讯控股,2025-02-28,STRUCTURAL_DECLINE,Deteriorating,Consolidation,13.518854424845001,COST_NEUTRAL,Low,BEARISH_CONFIRMED,20.0,Aligned,risk_off,结构:STRUCTURAL_DECLINE(A/A-); 阶段:Deteriorating(B); 触发:Consolidation(C); 置信度:Low,PASSED,B,fallback
00700,腾讯控股,2025-03-07,STRUCTURAL_DECLINE,Deteriorating,Consolidation,13.518854424845001,COST_NEUTRAL,Low,BEARISH_CONFIRMED,20.0,Aligned,risk_off,结构:STRUCTURAL_DECLINE(A/A-); 阶段:Deteriorating(B); 触发:Consolidation(C); 置信度:Low,PASSED,B,fallback
00700,腾讯控股,2025-03-14,STRUCTURAL_DECLINE,Deteriorating,Consolidation,13.518854424845001,COST_NEUTRAL,Low,BEARISH_CONFIRMED,20.0,Aligned,risk_off,结构:STRUCTURAL_DECLINE(A/A-); 阶段:Deteriorating(B); 触发:Consolidation(C); 置信度:Low,PASSED,B,fallback
00700,腾讯控股,2025-03-21,STRUCTURAL_DECLINE,Deteriorating,Consolidation,13.518854424845001,COST_NEUTRAL,Low,BEARISH_CONFIRMED,20.0,Aligned,risk_on,结构:STRUCTURAL_DECLINE(A/A-); 阶段:Deteriorating(B); 触发:Consolidation(C); 置信度:Low,PASSED,B,fallback
00700,腾讯控股,2025-03-28,STRUCTURAL_DECLINE,Deteriorating,Consolidation,13.518854424845001,COST_NEUTRAL,Low,BEARISH_CONFIRMED,20.0,Aligned,risk_on,结构:STRUCTURAL_DECLINE(A/A-); 阶段:Deteriorating(B); 触发:Consolidation(C); 置信度:Low,PASSED,B,fallback
00700,腾讯控股,2025-04-04,STRUCTURAL_DECLINE,Stable,Pullback,15.98086281971765,COST_NEUTRAL,Low,BEARISH_CONFIRMED,20.0,Aligned,risk_on,结构:STRUCTURAL_DECLINE(A/A-); 阶段:Stable(B); 触发:Pullback(C); 置信度:Low,PASSED,B,fallback
00700,腾讯控股,2025-04-11,STRUCTURAL_DECLINE,Stable,Consolidation,15.98086281971765,COST_NEUTRAL,Low,BEARISH_CONFIRMED,20.0,Aligned,risk_off,结构:STRUCTURAL_DECLINE(A/A-); 阶段:Stable(B); 触发:Consolidation(C); 置信度:Low,PASSED,B,fallback
00700,腾讯控股,2025-04-18,STRUCTURAL_DECLINE,Stable,Consolidation,15.98086281971765,COST_NEUTRAL,Low,BEARISH_CONFIRMED,20.0,Aligned,risk_off,结构:STRUCTURAL_DECLINE(A/A-); 阶段:Stable(B); 触发:Consolidation(C); 置信度:Low,PASSED,B,fallback
00700,腾讯控股,2025-04-25,STRUCTURAL_DECLINE,Stable,Consolidation,15.98086281971765,COST_NEUTRAL,Low,BEARISH_CONFIRMED,20.0,Aligned,risk_off,结构:STRUCTURAL_DECLINE(A/A-); 阶段:Stable(B); 触发:Consolidation(C); 置信度:Low,PASSED,B,fallback
00700,腾讯控股,2025-05-02,STRUCTURAL_DECLINE,Stable,Consolidation,20.373248287440738,COST_ADVANTAGE,Low,BEARISH_CONFIRMED,20.0,Aligned,risk_off,结构:STRUCTURAL_DECLINE(A/A-); 阶段:Stable(B); 触发:Consolidation(C); 置信度:Low,PASSED,B,fallback
00700,腾讯控股,2025-05-09,STRUCTURAL_DECLINE,Stable,Consolidation,20.373248287440738,COST_ADVANTAGE,Low,BEARISH_CONFIRMED,20.0,Aligned,risk_off,结构:STRUCTURAL_DECLINE(A/A-); 阶段:Stable(B); 触发:Consolidation(C); 置信度:Low,PASSED,B,fallback
00700,腾讯控股,2025-05-16,STRUCTURAL_DECLINE,Stable,Consolidation,20.373248287440738,COST_ADVANTAGE,Low,BEARISH_CONFIRMED,20.0,Aligned,risk_on,结构:STRUCTURAL_DECLINE(A/A-); 阶段:Stable(B); 触发:Consolidation(C); 置信度:Low,PASSED,B,fallback
00700,腾讯控股,2025-05-23,STRUCTURAL_DECLINE,Stable,Consolidation,20.373248287440738,COST_ADVANTAGE,Low,BEARISH_CONFIRMED,20.0,Aligned,neutral,结构:STRUCTURAL_DECLINE(A/A-); 阶段:Stable(B); 触发:Consolidation(C); 置信度:Low,PASSED,B,fallback
00700,腾讯控股,2025-05-30,STRUCTURAL_DECLINE,Stable,Pullback,20.373248287440738,COST_ADVANTAGE,Low,BEARISH_CONFIRMED,20.0,Aligned,neutral,结构:STRUCTURAL_DECLINE(A/A-); 阶段:Stable(B); 触发:Pullback(C); 置信度:Low,PASSED,B,fallback
00700,腾讯控股,2025-06-06,STRUCTURAL_DECLINE,Improving,Consolidation,29.968899470505768,COST_NEUTRAL,Low,BEARISH_CONFIRMED,20.0,Divergence,neutral,结构:STRUCTURAL_DECLINE(A/A-); 阶段:Improving(B); 触发:Consolidation(C); 置信度:Low,PASSED,B,fallback
00700,腾讯控股,2025-06-13,STRUCTURAL_DECLINE,Improving,Consolidation,29.968899470505768,COST_NEUTRAL,Low,BEARISH_CONFIRMED,20.0,Divergence,neutral,结构:STRUCTURAL_DECLINE(A/A-); 阶段:Improving(B); 触发:Consolidation(C); 置信度:Low,PASSED,B,fallback
00700,腾讯控股,2025-06-20,STRUCTURAL_DECLINE,Improving,Pullback,29.968899470505768,COST_NEUTRAL,Low,BEARISH_CONFIRMED,20.0,Divergence,neutral,结构:STRUCTURAL_DECLINE(A/A-); 阶段:Improving(B); 触发:Pullback(C); 置信度:Low,PASSED,B,fallback
00700,腾讯控股,2025-06-27,STRUCTURAL_DECLINE,Improving,Consolidation,29.968899470505768,COST_NEUTRAL,Low,BEARISH_CONFIRMED,20.0,Divergence,risk_on,结构:STRUCTURAL_DECLINE(A/A-); 阶段:Improving(B); 触发:Consolidation(C); 置信度:Low,PASSED,B,fallback
00700,腾讯控股,2025-07-04,STRUCTURAL_DECLINE,Stable,Pullback,40.238994480130735,COST_NEUTRAL,Low,BEARISH_CONFIRMED,20.0,Aligned,risk_on,结构:STRUCTURAL_DECLINE(A/A-); 阶段:Stable(B); 触发:Pullback(C); 置信度:Low,PASSED,B,fallback
00700,腾讯控股,2025-07-11,STRUCTURAL_DECLINE,Stable,Pullback,40.238994480130735,COST_NEUTRAL,Low,BEARISH_CONFIRMED,20.0,Aligned,risk_on,结构:STRUCTURAL_DECLINE(A/A-); 阶段:Stable(B); 触发:Pullback(C); 置信度:Low,PASSED,B,fallback
00700,腾讯控股,2025-07-18,STRUCTURAL_DECLINE,Stable,Consolidation,40.238994480130735,COST_NEUTRAL,Low,BEARISH_CONFIRMED,20.0,Aligned,risk_on,结构:STRUCTURAL_DECLINE(A/A-); 阶段:Stable(B); 触发:Consolidation(C); 置信度:Low,PASSED,B,fallback
00700,腾讯控股,2025-07-25,STRUCTURAL_DECLINE,Stable,Consolidation,40.238994480130735,COST_NEUTRAL,Low,BEARISH_CONFIRMED,20.0,Aligned,risk_on,结构:STRUCTURAL_DECLINE(A/A-); 阶段:Stable(B); 触发:Consolidation(C); 置信度:Low,PASSED,B,fallback
00700,腾讯控股,2025-08-01,STRUCTURAL_DECLINE,Improving,Consolidation,33.23056998940091,COST_ADVANTAGE,Low,BEARISH_CONFIRMED,20.0,Divergence,risk_on,结构:STRUCTURAL_DECLINE(A/A-); 阶段:Improving(B); 触发:Consolidation(C); 置信度:Low,PASSED,B,fallback
00700,腾讯控股,2025-08-08,STRUCTURAL_DECLINE,Improving,Consolidation,33.23056998940091,COST_ADVANTAGE,Low,BEARISH_CONFIRMED,20.0,Divergence,risk_on,结构:STRUCTURAL_DECLINE(A/A-); 阶段:Improving(B); 触发:Consolidation(C); 置信度:Low,PASSED,B,fallback
00700,腾讯控股,2025-08-15,STRUCTURAL_DECLINE,Improving,Consolidation,33.23056998940091,COST_ADVANTAGE,Low,BEARISH_CONFIRMED,20.0,Divergence,risk_on,结构:STRUCTURAL_DECLINE(A/A-); 阶段:Improving(B); 触发:Consolidation(C); 置信度:Low,PASSED,B,fallback
00700,腾讯控股,2025-08-22,STRUCTURAL_DECLINE,Improving,Consolidation,33.23056998940091,COST_ADVANTAGE,Low,BEARISH_CONFIRMED,20.0,Divergence,risk_on,结构:STRUCTURAL_DECLINE(A/A-); 阶段:Improving(B); 触发:Consolidation(C); 置信度:Low,PASSED,B,fallback
00700,腾讯控股,2025-08-29,STRUCTURAL_DECLINE,Improving,Consolidation,33.23056998940091,COST_ADVANTAGE,Low,BEARISH_CONFIRMED,20.0,Divergence,risk_on,结构:STRUCTURAL_DECLINE(A/A-); 阶段:Improving(B); 触发:Consolidation(C); 置信度:Low,PASSED,B,fallback
00700,腾讯控股,2025-09-05,STRUCTURAL_DECLINE,Improving,Consolidation,31.42043711089286,COST_NEUTRAL,Low,BEARISH_CONFIRMED,20.0,Divergence,risk_on,结构:STRUCTURAL_DECLINE(A/A-); 阶段:Improving(B); 触发:Consolidation(C); 置信度:Low,PASSED,B,fallback
00700,腾讯控股,2025-09-12,STRUCTURAL_DECLINE,Improving,Consolidation,31.42043711089286,COST_NEUTRAL,Low,BEARISH_CONFIRMED,20.0,Divergence,risk_on,结构:STRUCTURAL_DECLINE(A/A-); 阶段:Improving(B); 触发:Consolidation(C); 置信度:Low,PASSED,B,fallback
00700,腾讯控股,2025-09-19,STRUCTURAL_DECLINE,Improving,Consolidation,31.42043711089286,COST_NEUTRAL,Low,BEARISH_CONFIRMED,20.0,Divergence,risk_on,结构:STRUCTURAL_DECLINE(A/A-); 阶段:Improving(B); 触发:Consolidation(C); 置信度:Low,PASSED,B,fallback
00700,腾讯控股,2025-09-26,STRUCTURAL_DECLINE,Improving,Consolidation,31.42043711089286,COST_NEUTRAL,Low,BEARISH_CONFIRMED,20.0,Divergence,risk_on,结构:STRUCTURAL_DECLINE(A/A-); 阶段:Improving(B); 触发:Consolidation(C); 置信度:Low,PASSED,B,fallback
00700,腾讯控股,2025-10-03,STRUCTURAL_DECLINE,Improving,Consolidation,36.708772235193024,COST_ADVANTAGE,Low,BEARISH_CONFIRMED,20.0,Divergence,risk_on,结构:STRUCTURAL_DECLINE(A/A-); 阶段:Improving(B); 触发:Consolidation(C); 置信度:Low,PASSED,B,fallback
00700,腾讯控股,2025-10-10,STRUCTURAL_DECLINE,Improving,Consolidation,36.708772235193024,COST_ADVANTAGE,Low,BEARISH_CONFIRMED,20.0,Divergence,risk_on,结构:STRUCTURAL_DECLINE(A/A-); 阶段:Improving(B); 触发:Consolidation(C); 置信度:Low,PASSED,B,fallback
00700,腾讯控股,2025-10-17,STRUCTURAL_DECLINE,Improving,Pullback,36.708772235193024,COST_ADVANTAGE,Low,BEARISH_CONFIRMED,20.0,Divergence,risk_off,结构:STRUCTURAL_DECLINE(A/A-); 阶段:Improving(B); 触发:Pullback(C); 置信度:Low,PASSED,B,fallback
00700,腾讯控股,2025-10-24,STRUCTURAL_DECLINE,Improving,Consolidation,36.708772235193024,COST_ADVANTAGE,Low,BEARISH_CONFIRMED,20.0,Divergence,risk_off,结构:STRUCTURAL_DECLINE(A/A-); 阶段:Improving(B); 触发:Consolidation(C); 置信度:Low,PASSED,B,fallback
00700,腾讯控股,2025-10-31,STRUCTURAL_DECLINE,Deteriorating,Pullback,44.536469203778566,COST_NEUTRAL,Medium,BEARISH_CONFIRMED,20.0,Aligned,risk_on,结构:STRUCTURAL_DECLINE(A/A-); 阶段:Deteriorating(B); 触发:Pullback(C); 置信度:Medium,PASSED,B,fallback
00700,腾讯控股,2025-11-07,STRUCTURAL_DECLINE,Deteriorating,Consolidation,44.536469203778566,COST_NEUTRAL,Medium,BEARISH_CONFIRMED,20.0,Aligned,risk_on,结构:STRUCTURAL_DECLINE(A/A-); 阶段:Deteriorating(B); 触发:Consolidation(C); 置信度:Medium,PASSED,B,fallback
00700,腾讯控股,2025-11-14,STRUCTURAL_DECLINE,Deteriorating,Consolidation,44.536469203778566,COST_NEUTRAL,Low,BEARISH_CONFIRMED,20.0,Aligned,risk_on,结构:STRUCTURAL_DECLINE(A/A-); 阶段:Deteriorating(B); 触发:Consolidation(C); 置信度:Low,PASSED,B,fallback
00700,腾讯控股,2025-11-21,STRUCTURAL_DECLINE,Deteriorating,Pullback,44.536469203778566,COST_NEUTRAL,Low,BEARISH_CONFIRMED,20.0,Aligned,neutral,结构:STRUCTURAL_DECLINE(A/A-); 阶段:Deteriorating(B); 触发:Pullback(C); 置信度:Low,PASSED,B,fallback
00700,腾讯控股,2025-11-28,STRUCTURAL_DECLINE,Deteriorating,Pullback,44.536469203778566,COST_NEUTRAL,Low,BEARISH_CONFIRMED,20.0,Aligned,neutral,结构:STRUCTURAL_DECLINE(A/A-); 阶段:Deteriorating(B); 触发:Pullback(C); 置信度:Low,PASSED,B,fallback
00700,腾讯控股,2025-12-05,STRUCTURAL_DECLINE,Deteriorating,Pullback,44.261974777029884,COST_NEUTRAL,Low,BEARISH_CONFIRMED,20.0,Aligned,neutral,结构:STRUCTURAL_DECLINE(A/A-); 阶段:Deteriorating(B); 触发:Pullback(C); 置信度:Low,PASSED,B,fallback
00700,腾讯控股,2025-12-12,STRUCTURAL_DECLINE,Deteriorating,Pullback,44.261974777029884,COST_NEUTRAL,Low,BEARISH_CONFIRMED,20.0,Aligned,neutral,结构:STRUCTURAL_DECLINE(A/A-); 阶段:Deteriorating(B); 触发:Pullback(C); 置信度:Low,PASSED,B,fallback
00700,腾讯控股,2025-12-19,STRUCTURAL_DECLINE,Deteriorating,Pullback,44.261974777029884,COST_NEUTRAL,Low,BEARISH_CONFIRMED,20.0,Aligned,neutral,结构:STRUCTURAL_DECLINE(A/A-); 阶段:Deteriorating(B); 触发:Pullback(C); 置信度:Low,PASSED,B,fallback
00700,腾讯控股,2025-12-26,STRUCTURAL_DECLINE,Deteriorating,Consolidation,44.261974777029884,COST_NEUTRAL,Low,BEARISH_CONFIRMED,20.0,Aligned,neutral,结构:STRUCTURAL_DECLINE(A/A-); 阶段:Deteriorating(B); 触发:Consolidation(C); 置信度:Low,PASSED,B,fallback
00700,腾讯控股,2026-01-02,STRUCTURAL_DECLINE,Deteriorating,Consolidation,43.71920679318306,COST_DISADVANTAGE,Low,BEARISH_CONFIRMED,20.0,Aligned,risk_off,结构:STRUCTURAL_DECLINE(A/A-); 阶段:Deteriorating(B); 触发:Consolidation(C); 置信度:Low,PASSED,B,fallback
00700,腾讯控股,2026-01-09,STRUCTURAL_DECLINE,Deteriorating,Pullback,43.71920679318306,COST_DISADVANTAGE,Low,BEARISH_CONFIRMED,20.0,Aligned,neutral,结构:STRUCTURAL_DECLINE(A/A-); 阶段:Deteriorating(B); 触发:Pullback(C); 置信度:Low,PASSED,B,fallback
00700,腾讯控股,2026-01-16,STRUCTURAL_DECLINE,Deteriorating,Consolidation,43.71920679318306,COST_DISADVANTAGE,Low,BEARISH_CONFIRMED,20.0,Aligned,risk_on,结构:STRUCTURAL_DECLINE(A/A-); 阶段:Deteriorating(B); 触发:Consolidation(C); 置信度:Low,PASSED,B,fallback
00700,腾讯控股,2026-01-23,STRUCTURAL_DECLINE,Deteriorating,Consolidation,43.71920679318306,COST_DISADVANTAGE,Low,BEARISH_CONFIRMED,20.0,Aligned,neutral,结构:STRUCTURAL_DECLINE(A/A-); 阶段:Deteriorating(B); 触发:Consolidation(C); 置信度:Low,PASSED,B,fallback
00700,腾讯控股,2026-01-30,STRUCTURAL_DECLINE,Deteriorating,Consolidation,43.71920679318306,COST_DISADVANTAGE,Low,BEARISH_CONFIRMED,20.0,Aligned,risk_on,结构:STRUCTURAL_DECLINE(A/A-); 阶段:Deteriorating(B); 触发:Consolidation(C); 置信度:Low,PASSED,B,fallback
00700,腾讯控股,2026-02-06,STRUCTURAL_DECLINE,Deteriorating,Breakdown,26.55240452096121,COST_DISADVANTAGE,Low,BEARISH_CONFIRMED,20.0,Aligned,neutral,结构:STRUCTURAL_DECLINE(A/A-); 阶段:Deteriorating(B); 触发:Breakdown(C); 置信度:Low,PASSED,B,matrix
00700,腾讯控股,2026-02-13,STRUCTURAL_DECLINE,Deteriorating,Breakdown,26.55240452096121,COST_DISADVANTAGE,Low,BEARISH_CONFIRMED,20.0,Aligned,risk_on,结构:STRUCTURAL_DECLINE(A/A-); 阶段:Deteriorating(B); 触发:Breakdown(C); 置信度:Low,PASSED,B,matrix
00700,腾讯控股,2026-02-20,STRUCTURAL_DECLINE,Deteriorating,Breakdown,26.55240452096121,COST_DISADVANTAGE,Low,BEARISH_CONFIRMED,20.0,Aligned,risk_on,结构:STRUCTURAL_DECLINE(A/A-); 阶段:Deteriorating(B); 触发:Breakdown(C); 置信度:Low,PASSED,B,matrix
00700,腾讯控股,2026-02-27,STRUCTURAL_DECLINE,Deteriorating,Consolidation,26.55240452096121,COST_DISADVANTAGE,Low,BEARISH_CONFIRMED,20.0,Aligned,risk_on,结构:STRUCTURAL_DECLINE(A/A-); 阶段:Deteriorating(B); 触发:Consolidation(C); 置信度:Low,PASSED,B,fallback
00700,腾讯控股,2026-03-06,STRUCTURAL_DECLINE,Deteriorating,Consolidation,36.05846696432048,COST_DISADVANTAGE,Low,BEARISH_CONFIRMED,20.0,Aligned,risk_off,结构:STRUCTURAL_DECLINE(A/A-); 阶段:Deteriorating(B); 触发:Consolidation(C); 置信度:Low,PASSED,B,fallback
00700,腾讯控股,2026-03-13,STRUCTURAL_DECLINE,Deteriorating,Consolidation,36.05846696432048,COST_DISADVANTAGE,Low,BEARISH_CONFIRMED,20.0,Aligned,risk_off,结构:STRUCTURAL_DECLINE(A/A-); 阶段:Deteriorating(B); 触发:Consolidation(C); 置信度:Low,PASSED,B,fallback
00700,腾讯控股,2026-03-20,STRUCTURAL_DECLINE,Deteriorating,Consolidation,36.05846696432048,COST_DISADVANTAGE,Low,BEARISH_CONFIRMED,20.0,Aligned,neutral,结构:STRUCTURAL_DECLINE(A/A-); 阶段:Deteriorating(B); 触发:Consolidation(C); 置信度:Low,PASSED,B,fallback
00700,腾讯控股,2026-03-27,STRUCTURAL_DECLINE,Deteriorating,Breakdown,36.05846696432048,COST_DISADVANTAGE,Low,BEARISH_CONFIRMED,20.0,Aligned,risk_off,结构:STRUCTURAL_DECLINE(A/A-); 阶段:Deteriorating(B); 触发:Breakdown(C); 置信度:Low,PASSED,B,matrix
00700,腾讯控股,2026-04-03,STRUCTURAL_DECLINE,Deteriorating,Consolidation,30.017167436922286,COST_DISADVANTAGE,Low,BEARISH_CONFIRMED,20.0,Aligned,risk_off,结构:STRUCTURAL_DECLINE(A/A-); 阶段:Deteriorating(B); 触发:Consolidation(C); 置信度:Low,PASSED,B,fallback
00700,腾讯控股,2026-04-10,STRUCTURAL_DECLINE,Deteriorating,Consolidation,30.017167436922286,COST_DISADVANTAGE,Low,BEARISH_CONFIRMED,20.0,Aligned,neutral,结构:STRUCTURAL_DECLINE(A/A-); 阶段:Deteriorating(B); 触发:Consolidation(C); 置信度:Low,PASSED,B,fallback
00700,腾讯控股,2026-04-17,STRUCTURAL_DECLINE,Deteriorating,Consolidation,30.017167436922286,COST_DISADVANTAGE,Low,BEARISH_CONFIRMED,20.0,Aligned,risk_off,结构:STRUCTURAL_DECLINE(A/A-); 阶段:Deteriorating(B); 触发:Consolidation(C); 置信度:Low,PASSED,B,fallback
00700,腾讯控股,2026-04-24,STRUCTURAL_DECLINE,Deteriorating,Consolidation,30.017167436922286,COST_DISADVANTAGE,Low,BEARISH_CONFIRMED,20.0,Aligned,risk_off,结构:STRUCTURAL_DECLINE(A/A-); 阶段:Deteriorating(B); 触发:Consolidation(C); 置信度:Low,PASSED,B,fallback
00700,腾讯控股,2026-05-01,STRUCTURAL_DECLINE,Stable,Breakdown,44.37379636944548,COST_DISADVANTAGE,Medium,BEARISH_CONFIRMED,20.0,Aligned,risk_off,结构:STRUCTURAL_DECLINE(A/A-); 阶段:Stable(B); 触发:Breakdown(C); 置信度:Medium,PASSED,B,fallback
00700,腾讯控股,2026-05-08,STRUCTURAL_DECLINE,Stable,Consolidation,44.37379636944548,COST_DISADVANTAGE,Medium,BEARISH_CONFIRMED,20.0,Aligned,neutral,结构:STRUCTURAL_DECLINE(A/A-); 阶段:Stable(B); 触发:Consolidation(C); 置信度:Medium,PASSED,B,fallback
00700,腾讯控股,2026-05-15,STRUCTURAL_DECLINE,Stable,Consolidation,44.37379636944548,COST_DISADVANTAGE,Medium,BEARISH_CONFIRMED,20.0,Aligned,risk_off,结构:STRUCTURAL_DECLINE(A/A-); 阶段:Stable(B); 触发:Consolidation(C); 置信度:Medium,PASSED,B,fallback
00700,腾讯控股,2026-05-22,STRUCTURAL_DECLINE,Stable,Breakdown,44.37379636944548,COST_DISADVANTAGE,Medium,BEARISH_CONFIRMED,20.0,Aligned,risk_off,结构:STRUCTURAL_DECLINE(A/A-); 阶段:Stable(B); 触发:Breakdown(C); 置信度:Medium,PASSED,B,fallback
00700,腾讯控股,2026-05-29,STRUCTURAL_DECLINE,Stable,Breakdown,44.37379636944548,COST_DISADVANTAGE,Medium,BEARISH_CONFIRMED,20.0,Aligned,risk_off,结构:STRUCTURAL_DECLINE(A/A-); 阶段:Stable(B); 触发:Breakdown(C); 置信度:Medium,PASSED,B,fallback
00700,腾讯控股,2026-06-05,STRUCTURAL_DECLINE,Deteriorating,Consolidation,34.91038910881137,COST_DISADVANTAGE,Low,BEARISH_CONFIRMED,20.0,Aligned,risk_off,结构:STRUCTURAL_DECLINE(A/A-); 阶段:Deteriorating(B); 触发:Consolidation(C); 置信度:Low,PASSED,B,fallback
00700,腾讯控股,2026-06-12,STRUCTURAL_DECLINE,Deteriorating,Consolidation,34.91038910881137,COST_DISADVANTAGE,Low,BEARISH_CONFIRMED,20.0,Aligned,risk_off,结构:STRUCTURAL_DECLINE(A/A-); 阶段:Deteriorating(B); 触发:Consolidation(C); 置信度:Low,PASSED,B,fallback
00700,腾讯控股,2026-06-19,STRUCTURAL_DECLINE,Deteriorating,Consolidation,34.91038910881137,COST_DISADVANTAGE,Low,BEARISH_CONFIRMED,20.0,Aligned,risk_off,结构:STRUCTURAL_DECLINE(A/A-); 阶段:Deteriorating(B); 触发:Consolidation(C); 置信度:Low,PASSED,B,fallback
00700,腾讯控股,2026-06-26,STRUCTURAL_DECLINE,Deteriorating,Breakdown,34.91038910881137,COST_DISADVANTAGE,Low,BEARISH_CONFIRMED,20.0,Aligned,risk_off,结构:STRUCTURAL_DECLINE(A/A-); 阶段:Deteriorating(B); 触发:Breakdown(C); 置信度:Low,PASSED,B,matrix
00700,腾讯控股,2026-07-03,STRUCTURAL_DECLINE,Deteriorating,Consolidation,23.671495012110157,COST_DISADVANTAGE,Low,BEARISH_CONFIRMED,20.0,Aligned,risk_off,结构:STRUCTURAL_DECLINE(A/A-); 阶段:Deteriorating(B); 触发:Consolidation(C); 置信度:Low,PASSED,B,fallback
00700,腾讯控股,2026-07-10,STRUCTURAL_DECLINE,Deteriorating,Consolidation,23.671495012110157,COST_DISADVANTAGE,Low,BEARISH_CONFIRMED,20.0,Aligned,risk_off,结构:STRUCTURAL_DECLINE(A/A-); 阶段:Deteriorating(B); 触发:Consolidation(C); 置信度:Low,PASSED,B,fallback
00700,腾讯控股,2026-07-17,STRUCTURAL_DECLINE,Deteriorating,Consolidation,23.671495012110157,COST_DISADVANTAGE,Low,BEARISH_CONFIRMED,20.0,Aligned,risk_off,结构:STRUCTURAL_DECLINE(A/A-); 阶段:Deteriorating(B); 触发:Consolidation(C); 置信度:Low,PASSED,B,fallback
00700,,2026-07-24,STRUCTURAL_DECLINE,Deteriorating,Consolidation,23.671495012110157,COST_DISADVANTAGE,Low,BEARISH_CONFIRMED,20.0,Aligned,risk_off,结构:STRUCTURAL_DECLINE(A/A-); 阶段:Deteriorating(B); 触发:Consolidation(C); 置信度:Low,PASSED,B,fallback
00700,,2026-07-31,STRUCTURAL_DECLINE,Stable,Consolidation,18.27413670284199,COST_ADVANTAGE,Low,BEARISH_CONFIRMED,20.0,Aligned,neutral,结构:STRUCTURAL_DECLINE(A/A-); 阶段:Stable(B); 触发:Consolidation(C); 置信度:Low,PASSED,B,fallback
00700,,2026-08-07,STRUCTURAL_DECLINE,Stable,Consolidation,18.27413670284199,COST_ADVANTAGE,Low,BEARISH_CONFIRMED,20.0,Aligned,risk_off,结构:STRUCTURAL_DECLINE(A/A-); 阶段:Stable(B); 触发:Consolidation(C); 置信度:Low,PASSED,B,fallback
00700,,2026-08-14,STRUCTURAL_DECLINE,Stable,Consolidation,18.27413670284199,COST_ADVANTAGE,Low,BEARISH_CONFIRMED,20.0,Aligned,risk_off,结构:STRUCTURAL_DECLINE(A/A-); 阶段:Stable(B); 触发:Consolidation(C); 置信度:Low,PASSED,B,fallback
