stock_code,stock_name,decision_date,structural_regime,monthly_behavior_state,tactical_signal,cbi_score,cost_position,chip_stability_confidence,mtf_regime,qcfp_score,structure_behavior_alignment,market_context,evidence_summary,ai_check,data_quality,align_method
00700,腾讯控股,2010-01-08,STATE_UNDETERMINED,,Consolidation,,,Low,DATA_INSUFFICIENT,,Unknown,neutral,结构:STATE_UNDETERMINED(A/A-); 阶段:nan(B); 触发:Consolidation(C); 置信度:Low,PASSED,,data_insufficient
00700,腾讯控股,2010-01-15,STATE_UNDETERMINED,,Consolidation,,,Low,DATA_INSUFFICIENT,,Unknown,neutral,结构:STATE_UNDETERMINED(A/A-); 阶段:nan(B); 触发:Consolidation(C); 置信度:Low,PASSED,,data_insufficient
00700,腾讯控股,2010-01-22,STATE_UNDETERMINED,,Consolidation,,,Low,DATA_INSUFFICIENT,,Unknown,neutral,结构:STATE_UNDETERMINED(A/A-); 阶段:nan(B); 触发:Consolidation(C); 置信度:Low,PASSED,,data_insufficient
00700,腾讯控股,2010-01-29,STATE_UNDETERMINED,,Consolidation,,,Low,DATA_INSUFFICIENT,,Unknown,neutral,结构:STATE_UNDETERMINED(A/A-); 阶段:nan(B); 触发:Consolidation(C); 置信度:Low,PASSED,,data_insufficient
00700,腾讯控股,2010-02-05,STATE_UNDETERMINED,Stable,Consolidation,,,Low,DATA_INSUFFICIENT,,Unknown,neutral,结构:STATE_UNDETERMINED(A/A-); 阶段:Stable(B); 触发:Consolidation(C); 置信度:Low,PASSED,C,data_insufficient
00700,腾讯控股,2010-02-12,STATE_UNDETERMINED,Stable,Consolidation,,,Low,DATA_INSUFFICIENT,,Unknown,neutral,结构:STATE_UNDETERMINED(A/A-); 阶段:Stable(B); 触发:Consolidation(C); 置信度:Low,PASSED,C,data_insufficient
00700,腾讯控股,2010-02-19,STATE_UNDETERMINED,Stable,Consolidation,,,Low,DATA_INSUFFICIENT,,Unknown,neutral,结构:STATE_UNDETERMINED(A/A-); 阶段:Stable(B); 触发:Consolidation(C); 置信度:Low,PASSED,C,data_insufficient
00700,腾讯控股,2010-02-26,STATE_UNDETERMINED,Stable,Consolidation,,,Low,DATA_INSUFFICIENT,,Unknown,neutral,结构:STATE_UNDETERMINED(A/A-); 阶段:Stable(B); 触发:Consolidation(C); 置信度:Low,PASSED,C,data_insufficient
00700,腾讯控股,2010-03-05,STATE_UNDETERMINED,Stable,Consolidation,,,Low,DATA_INSUFFICIENT,,Unknown,neutral,结构:STATE_UNDETERMINED(A/A-); 阶段:Stable(B); 触发:Consolidation(C); 置信度:Low,PASSED,C,data_insufficient
00700,腾讯控股,2010-03-12,STATE_UNDETERMINED,Stable,Consolidation,,,Low,DATA_INSUFFICIENT,,Unknown,neutral,结构:STATE_UNDETERMINED(A/A-); 阶段:Stable(B); 触发:Consolidation(C); 置信度:Low,PASSED,C,data_insufficient
00700,腾讯控股,2010-03-19,STATE_UNDETERMINED,Stable,Consolidation,,,Low,DATA_INSUFFICIENT,,Unknown,neutral,结构:STATE_UNDETERMINED(A/A-); 阶段:Stable(B); 触发:Consolidation(C); 置信度:Low,PASSED,C,data_insufficient
00700,腾讯控股,2010-03-26,STATE_UNDETERMINED,Stable,Consolidation,,,Low,DATA_INSUFFICIENT,,Unknown,neutral,结构:STATE_UNDETERMINED(A/A-); 阶段:Stable(B); 触发:Consolidation(C); 置信度:Low,PASSED,C,data_insufficient
00700,腾讯控股,2010-04-02,STATE_UNDETERMINED,Improving,Consolidation,,COST_DISADVANTAGE,Low,DATA_INSUFFICIENT,,Unknown,neutral,结构:STATE_UNDETERMINED(A/A-); 阶段:Improving(B); 触发:Consolidation(C); 置信度:Low,PASSED,C,data_insufficient
00700,腾讯控股,2010-04-09,STATE_UNDETERMINED,Improving,Consolidation,,COST_DISADVANTAGE,Low,DATA_INSUFFICIENT,,Unknown,neutral,结构:STATE_UNDETERMINED(A/A-); 阶段:Improving(B); 触发:Consolidation(C); 置信度:Low,PASSED,C,data_insufficient
00700,腾讯控股,2010-04-16,STATE_UNDETERMINED,Improving,Consolidation,,COST_DISADVANTAGE,Low,DATA_INSUFFICIENT,,Unknown,neutral,结构:STATE_UNDETERMINED(A/A-); 阶段:Improving(B); 触发:Consolidation(C); 置信度:Low,PASSED,C,data_insufficient
00700,腾讯控股,2010-04-23,STATE_UNDETERMINED,Improving,Consolidation,,COST_DISADVANTAGE,Low,DATA_INSUFFICIENT,,Unknown,neutral,结构:STATE_UNDETERMINED(A/A-); 阶段:Improving(B); 触发:Consolidation(C); 置信度:Low,PASSED,C,data_insufficient
00700,腾讯控股,2010-04-30,STATE_UNDETERMINED,Improving,Consolidation,,COST_DISADVANTAGE,Low,DATA_INSUFFICIENT,,Unknown,neutral,结构:STATE_UNDETERMINED(A/A-); 阶段:Improving(B); 触发:Consolidation(C); 置信度:Low,PASSED,C,data_insufficient
00700,腾讯控股,2010-05-07,STATE_UNDETERMINED,Improving,Consolidation,,COST_DISADVANTAGE,Low,DATA_INSUFFICIENT,,Unknown,neutral,结构:STATE_UNDETERMINED(A/A-); 阶段:Improving(B); 触发:Consolidation(C); 置信度:Low,PASSED,C,data_insufficient
00700,腾讯控股,2010-05-14,STATE_UNDETERMINED,Improving,Consolidation,,COST_DISADVANTAGE,Low,DATA_INSUFFICIENT,,Unknown,neutral,结构:STATE_UNDETERMINED(A/A-); 阶段:Improving(B); 触发:Consolidation(C); 置信度:Low,PASSED,C,data_insufficient
00700,腾讯控股,2010-05-21,STATE_UNDETERMINED,Improving,Consolidation,,COST_DISADVANTAGE,Low,DATA_INSUFFICIENT,,Unknown,neutral,结构:STATE_UNDETERMINED(A/A-); 阶段:Improving(B); 触发:Consolidation(C); 置信度:Low,PASSED,C,data_insufficient
00700,腾讯控股,2010-05-28,STATE_UNDETERMINED,Improving,Consolidation,,COST_DISADVANTAGE,Low,DATA_INSUFFICIENT,,Unknown,neutral,结构:STATE_UNDETERMINED(A/A-); 阶段:Improving(B); 触发:Consolidation(C); 置信度:Low,PASSED,C,data_insufficient
00700,腾讯控股,2010-06-04,STATE_UNDETERMINED,Deteriorating,Consolidation,,COST_DISADVANTAGE,Low,DATA_INSUFFICIENT,,Unknown,neutral,结构:STATE_UNDETERMINED(A/A-); 阶段:Deteriorating(B); 触发:Consolidation(C); 置信度:Low,PASSED,C,data_insufficient
00700,腾讯控股,2010-06-11,STATE_UNDETERMINED,Deteriorating,Consolidation,,COST_DISADVANTAGE,Low,DATA_INSUFFICIENT,,Unknown,neutral,结构:STATE_UNDETERMINED(A/A-); 阶段:Deteriorating(B); 触发:Consolidation(C); 置信度:Low,PASSED,C,data_insufficient
00700,腾讯控股,2010-06-18,STATE_UNDETERMINED,Deteriorating,Consolidation,,COST_DISADVANTAGE,Low,DATA_INSUFFICIENT,,Unknown,neutral,结构:STATE_UNDETERMINED(A/A-); 阶段:Deteriorating(B); 触发:Consolidation(C); 置信度:Low,PASSED,C,data_insufficient
00700,腾讯控股,2010-06-25,STATE_UNDETERMINED,Deteriorating,Consolidation,,COST_DISADVANTAGE,Low,DATA_INSUFFICIENT,,Unknown,neutral,结构:STATE_UNDETERMINED(A/A-); 阶段:Deteriorating(B); 触发:Consolidation(C); 置信度:Low,PASSED,C,data_insufficient
00700,腾讯控股,2010-07-02,STATE_UNDETERMINED,Deteriorating,Consolidation,9.067706529496636,COST_DISADVANTAGE,Low,DATA_INSUFFICIENT,,Unknown,neutral,结构:STATE_UNDETERMINED(A/A-); 阶段:Deteriorating(B); 触发:Consolidation(C); 置信度:Low,PASSED,C,data_insufficient
00700,腾讯控股,2010-07-09,STATE_UNDETERMINED,Deteriorating,Consolidation,9.067706529496636,COST_DISADVANTAGE,Low,DATA_INSUFFICIENT,,Unknown,neutral,结构:STATE_UNDETERMINED(A/A-); 阶段:Deteriorating(B); 触发:Consolidation(C); 置信度:Low,PASSED,C,data_insufficient
00700,腾讯控股,2010-07-16,STATE_UNDETERMINED,Deteriorating,Consolidation,9.067706529496636,COST_DISADVANTAGE,Low,DATA_INSUFFICIENT,,Unknown,neutral,结构:STATE_UNDETERMINED(A/A-); 阶段:Deteriorating(B); 触发:Consolidation(C); 置信度:Low,PASSED,C,data_insufficient
00700,腾讯控股,2010-07-23,STATE_UNDETERMINED,Deteriorating,Consolidation,9.067706529496636,COST_DISADVANTAGE,Low,DATA_INSUFFICIENT,,Unknown,neutral,结构:STATE_UNDETERMINED(A/A-); 阶段:Deteriorating(B); 触发:Consolidation(C); 置信度:Low,PASSED,C,data_insufficient
00700,腾讯控股,2010-07-30,STATE_UNDETERMINED,Deteriorating,Consolidation,9.067706529496636,COST_DISADVANTAGE,Low,DATA_INSUFFICIENT,,Unknown,neutral,结构:STATE_UNDETERMINED(A/A-); 阶段:Deteriorating(B); 触发:Consolidation(C); 置信度:Low,PASSED,C,data_insufficient
00700,腾讯控股,2010-08-06,STATE_UNDETERMINED,Improving,Consolidation,27.410862687240606,COST_DISADVANTAGE,Low,DATA_INSUFFICIENT,,Unknown,neutral,结构:STATE_UNDETERMINED(A/A-); 阶段:Improving(B); 触发:Consolidation(C); 置信度:Low,PASSED,C,data_insufficient
00700,腾讯控股,2010-08-13,STATE_UNDETERMINED,Improving,Consolidation,27.410862687240606,COST_DISADVANTAGE,Low,DATA_INSUFFICIENT,,Unknown,neutral,结构:STATE_UNDETERMINED(A/A-); 阶段:Improving(B); 触发:Consolidation(C); 置信度:Low,PASSED,C,data_insufficient
00700,腾讯控股,2010-08-20,STRUCTURAL_BOTTOM_CANDIDATE,Improving,Consolidation,27.410862687240606,COST_DISADVANTAGE,Low,BULLISH_WARNING,55.0,Aligned,neutral,结构:STRUCTURAL_BOTTOM_CANDIDATE(A/A-); 阶段:Improving(B); 触发:Consolidation(C); 置信度:Low,PASSED,C,fallback
00700,腾讯控股,2010-08-27,STRUCTURAL_BOTTOM_CANDIDATE,Improving,Consolidation,27.410862687240606,COST_DISADVANTAGE,Low,BULLISH_WARNING,55.0,Aligned,neutral,结构:STRUCTURAL_BOTTOM_CANDIDATE(A/A-); 阶段:Improving(B); 触发:Consolidation(C); 置信度:Low,PASSED,C,fallback
00700,腾讯控股,2010-09-03,STRUCTURAL_BOTTOM_CANDIDATE,Deteriorating,Consolidation,37.36605195519862,COST_DISADVANTAGE,Medium,BULLISH_WARNING,55.0,Aligned,neutral,结构:STRUCTURAL_BOTTOM_CANDIDATE(A/A-); 阶段:Deteriorating(B); 触发:Consolidation(C); 置信度:Medium,PASSED,C,fallback
00700,腾讯控股,2010-09-10,STRUCTURAL_BOTTOM_CANDIDATE,Deteriorating,Consolidation,37.36605195519862,COST_DISADVANTAGE,Medium,BULLISH_WARNING,55.0,Aligned,neutral,结构:STRUCTURAL_BOTTOM_CANDIDATE(A/A-); 阶段:Deteriorating(B); 触发:Consolidation(C); 置信度:Medium,PASSED,C,fallback
00700,腾讯控股,2010-09-17,STRUCTURAL_BOTTOM_CANDIDATE,Deteriorating,Consolidation,37.36605195519862,COST_DISADVANTAGE,Medium,BULLISH_WARNING,55.0,Aligned,neutral,结构:STRUCTURAL_BOTTOM_CANDIDATE(A/A-); 阶段:Deteriorating(B); 触发:Consolidation(C); 置信度:Medium,PASSED,C,fallback
00700,腾讯控股,2010-09-24,STRUCTURAL_BOTTOM_CANDIDATE,Deteriorating,Consolidation,37.36605195519862,COST_DISADVANTAGE,Medium,BULLISH_WARNING,55.0,Aligned,neutral,结构:STRUCTURAL_BOTTOM_CANDIDATE(A/A-); 阶段:Deteriorating(B); 触发:Consolidation(C); 置信度:Medium,PASSED,C,fallback
00700,腾讯控股,2010-10-01,STRUCTURAL_BOTTOM_CANDIDATE,Improving,Consolidation,34.23870568161056,COST_DISADVANTAGE,Medium,BULLISH_WARNING,55.0,Aligned,neutral,结构:STRUCTURAL_BOTTOM_CANDIDATE(A/A-); 阶段:Improving(B); 触发:Consolidation(C); 置信度:Medium,PASSED,C,fallback
00700,腾讯控股,2010-10-08,STRUCTURAL_BOTTOM_CANDIDATE,Improving,Consolidation,34.23870568161056,COST_DISADVANTAGE,Medium,BULLISH_WARNING,55.0,Aligned,neutral,结构:STRUCTURAL_BOTTOM_CANDIDATE(A/A-); 阶段:Improving(B); 触发:Consolidation(C); 置信度:Medium,PASSED,C,fallback
00700,腾讯控股,2010-10-15,STRUCTURAL_BOTTOM_CANDIDATE,Improving,Consolidation,34.23870568161056,COST_DISADVANTAGE,Medium,BULLISH_WARNING,55.0,Aligned,neutral,结构:STRUCTURAL_BOTTOM_CANDIDATE(A/A-); 阶段:Improving(B); 触发:Consolidation(C); 置信度:Medium,PASSED,C,fallback
00700,腾讯控股,2010-10-22,STRUCTURAL_BOTTOM_CANDIDATE,Improving,Consolidation,34.23870568161056,COST_DISADVANTAGE,Medium,BULLISH_WARNING,55.0,Aligned,neutral,结构:STRUCTURAL_BOTTOM_CANDIDATE(A/A-); 阶段:Improving(B); 触发:Consolidation(C); 置信度:Medium,PASSED,C,fallback
00700,腾讯控股,2010-10-29,STRUCTURAL_BOTTOM_CANDIDATE,Improving,Consolidation,34.23870568161056,COST_DISADVANTAGE,Medium,BULLISH_WARNING,55.0,Aligned,neutral,结构:STRUCTURAL_BOTTOM_CANDIDATE(A/A-); 阶段:Improving(B); 触发:Consolidation(C); 置信度:Medium,PASSED,C,fallback
00700,腾讯控股,2010-11-05,STRUCTURAL_BOTTOM_CANDIDATE,Improving,Consolidation,31.873124354344096,COST_DISADVANTAGE,Low,BULLISH_WARNING,55.0,Aligned,neutral,结构:STRUCTURAL_BOTTOM_CANDIDATE(A/A-); 阶段:Improving(B); 触发:Consolidation(C); 置信度:Low,PASSED,C,fallback
00700,腾讯控股,2010-11-12,STRUCTURAL_BOTTOM_CANDIDATE,Improving,Pullback,31.873124354344096,COST_DISADVANTAGE,Low,BULLISH_WARNING,55.0,Aligned,neutral,结构:STRUCTURAL_BOTTOM_CANDIDATE(A/A-); 阶段:Improving(B); 触发:Pullback(C); 置信度:Low,PASSED,C,fallback
00700,腾讯控股,2010-11-19,STRUCTURAL_ACCUMULATION,Improving,Pullback,31.873124354344096,COST_DISADVANTAGE,Medium,BULLISH_STABLE,75.0,Aligned,neutral,结构:STRUCTURAL_ACCUMULATION(A/A-); 阶段:Improving(B); 触发:Pullback(C); 置信度:Medium,PASSED,C,fallback
00700,腾讯控股,2010-11-26,STRUCTURAL_ACCUMULATION,Improving,Pullback,31.873124354344096,COST_DISADVANTAGE,Medium,BULLISH_STABLE,75.0,Aligned,neutral,结构:STRUCTURAL_ACCUMULATION(A/A-); 阶段:Improving(B); 触发:Pullback(C); 置信度:Medium,PASSED,C,fallback
00700,腾讯控股,2010-12-03,STRUCTURAL_ACCUMULATION,Stable,Pullback,21.281255104530967,COST_DISADVANTAGE,Low,BULLISH_STABLE,75.0,Aligned,neutral,结构:STRUCTURAL_ACCUMULATION(A/A-); 阶段:Stable(B); 触发:Pullback(C); 置信度:Low,PASSED,C,fallback
00700,腾讯控股,2010-12-10,STRUCTURAL_ACCUMULATION,Stable,Consolidation,21.281255104530967,COST_DISADVANTAGE,Low,BULLISH_STABLE,75.0,Aligned,neutral,结构:STRUCTURAL_ACCUMULATION(A/A-); 阶段:Stable(B); 触发:Consolidation(C); 置信度:Low,PASSED,C,fallback
00700,腾讯控股,2010-12-17,STRUCTURAL_ACCUMULATION,Stable,Pullback,21.281255104530967,COST_DISADVANTAGE,Low,BULLISH_STABLE,75.0,Aligned,neutral,结构:STRUCTURAL_ACCUMULATION(A/A-); 阶段:Stable(B); 触发:Pullback(C); 置信度:Low,PASSED,C,fallback
00700,腾讯控股,2010-12-24,STRUCTURAL_ACCUMULATION,Stable,Pullback,21.281255104530967,COST_DISADVANTAGE,Low,BULLISH_STABLE,75.0,Aligned,neutral,结构:STRUCTURAL_ACCUMULATION(A/A-); 阶段:Stable(B); 触发:Pullback(C); 置信度:Low,PASSED,C,fallback
00700,腾讯控股,2010-12-31,STRUCTURAL_ACCUMULATION,Deteriorating,Pullback,39.21610560274857,COST_DISADVANTAGE,Medium,BULLISH_STABLE,75.0,Divergence,neutral,结构:STRUCTURAL_ACCUMULATION(A/A-); 阶段:Deteriorating(B); 触发:Pullback(C); 置信度:Medium,PASSED,C,fallback
00700,腾讯控股,2011-01-07,STRUCTURAL_ACCUMULATION,Deteriorating,Consolidation,39.21610560274857,COST_DISADVANTAGE,Medium,BULLISH_STABLE,75.0,Divergence,neutral,结构:STRUCTURAL_ACCUMULATION(A/A-); 阶段:Deteriorating(B); 触发:Consolidation(C); 置信度:Medium,PASSED,C,fallback
00700,腾讯控股,2011-01-14,STRUCTURAL_ACCUMULATION,Deteriorating,Consolidation,39.21610560274857,COST_DISADVANTAGE,Medium,BULLISH_STABLE,75.0,Divergence,neutral,结构:STRUCTURAL_ACCUMULATION(A/A-); 阶段:Deteriorating(B); 触发:Consolidation(C); 置信度:Medium,PASSED,C,fallback
00700,腾讯控股,2011-01-21,STRUCTURAL_ACCUMULATION,Deteriorating,Consolidation,39.21610560274857,COST_DISADVANTAGE,Medium,BULLISH_STABLE,75.0,Divergence,neutral,结构:STRUCTURAL_ACCUMULATION(A/A-); 阶段:Deteriorating(B); 触发:Consolidation(C); 置信度:Medium,PASSED,C,fallback
00700,腾讯控股,2011-01-28,STRUCTURAL_ACCUMULATION,Deteriorating,Consolidation,39.21610560274857,COST_DISADVANTAGE,Medium,BULLISH_STABLE,75.0,Divergence,neutral,结构:STRUCTURAL_ACCUMULATION(A/A-); 阶段:Deteriorating(B); 触发:Consolidation(C); 置信度:Medium,PASSED,C,fallback
00700,腾讯控股,2011-02-04,STRUCTURAL_ACCUMULATION,Improving,Consolidation,26.370103638183704,COST_DISADVANTAGE,Medium,BULLISH_STABLE,75.0,Aligned,neutral,结构:STRUCTURAL_ACCUMULATION(A/A-); 阶段:Improving(B); 触发:Consolidation(C); 置信度:Medium,PASSED,C,matrix
00700,腾讯控股,2011-02-11,STRUCTURAL_ACCUMULATION,Improving,Consolidation,26.370103638183704,COST_DISADVANTAGE,Medium,BULLISH_STABLE,75.0,Aligned,neutral,结构:STRUCTURAL_ACCUMULATION(A/A-); 阶段:Improving(B); 触发:Consolidation(C); 置信度:Medium,PASSED,C,matrix
00700,腾讯控股,2011-02-18,STRUCTURAL_ACCUMULATION,Improving,Consolidation,26.370103638183704,COST_DISADVANTAGE,Medium,BULLISH_STABLE,75.0,Aligned,neutral,结构:STRUCTURAL_ACCUMULATION(A/A-); 阶段:Improving(B); 触发:Consolidation(C); 置信度:Medium,PASSED,B,matrix
00700,腾讯控股,2011-02-25,STRUCTURAL_ACCUMULATION,Improving,Pullback,26.370103638183704,COST_DISADVANTAGE,Medium,BULLISH_STABLE,75.0,Aligned,neutral,结构:STRUCTURAL_ACCUMULATION(A/A-); 阶段:Improving(B); 触发:Pullback(C); 置信度:Medium,PASSED,B,fallback
00700,腾讯控股,2011-03-04,STRUCTURAL_ACCUMULATION,Improving,Consolidation,23.763520817931454,COST_DISADVANTAGE,Medium,BULLISH_STABLE,75.0,Aligned,neutral,结构:STRUCTURAL_ACCUMULATION(A/A-); 阶段:Improving(B); 触发:Consolidation(C); 置信度:Medium,PASSED,B,matrix
00700,腾讯控股,2011-03-11,STRUCTURAL_ACCUMULATION,Improving,Consolidation,23.763520817931454,COST_DISADVANTAGE,Medium,BULLISH_STABLE,75.0,Aligned,neutral,结构:STRUCTURAL_ACCUMULATION(A/A-); 阶段:Improving(B); 触发:Consolidation(C); 置信度:Medium,PASSED,B,matrix
00700,腾讯控股,2011-03-18,STRUCTURAL_ACCUMULATION,Improving,Pullback,23.763520817931454,COST_DISADVANTAGE,Medium,BULLISH_STABLE,75.0,Aligned,neutral,结构:STRUCTURAL_ACCUMULATION(A/A-); 阶段:Improving(B); 触发:Pullback(C); 置信度:Medium,PASSED,B,fallback
00700,腾讯控股,2011-03-25,STRUCTURAL_ACCUMULATION,Improving,Pullback,23.763520817931454,COST_DISADVANTAGE,Medium,BULLISH_STABLE,75.0,Aligned,neutral,结构:STRUCTURAL_ACCUMULATION(A/A-); 阶段:Improving(B); 触发:Pullback(C); 置信度:Medium,PASSED,B,fallback
00700,腾讯控股,2011-04-01,STRUCTURAL_ACCUMULATION,Deteriorating,Pullback,13.389581670840974,COST_DISADVANTAGE,Medium,BULLISH_STABLE,75.0,Divergence,neutral,结构:STRUCTURAL_ACCUMULATION(A/A-); 阶段:Deteriorating(B); 触发:Pullback(C); 置信度:Medium,PASSED,B,fallback
00700,腾讯控股,2011-04-08,STRUCTURAL_ACCUMULATION,Deteriorating,Consolidation,13.389581670840974,COST_DISADVANTAGE,Medium,BULLISH_STABLE,75.0,Divergence,neutral,结构:STRUCTURAL_ACCUMULATION(A/A-); 阶段:Deteriorating(B); 触发:Consolidation(C); 置信度:Medium,PASSED,B,fallback
00700,腾讯控股,2011-04-15,STRUCTURAL_ACCUMULATION,Deteriorating,Pullback,13.389581670840974,COST_DISADVANTAGE,Medium,BULLISH_STABLE,75.0,Divergence,neutral,结构:STRUCTURAL_ACCUMULATION(A/A-); 阶段:Deteriorating(B); 触发:Pullback(C); 置信度:Medium,PASSED,B,fallback
00700,腾讯控股,2011-04-22,STRUCTURAL_ACCUMULATION,Deteriorating,Consolidation,13.389581670840974,COST_DISADVANTAGE,Medium,BULLISH_STABLE,75.0,Divergence,neutral,结构:STRUCTURAL_ACCUMULATION(A/A-); 阶段:Deteriorating(B); 触发:Consolidation(C); 置信度:Medium,PASSED,B,fallback
00700,腾讯控股,2011-04-29,STRUCTURAL_ACCUMULATION,Deteriorating,Consolidation,13.389581670840974,COST_DISADVANTAGE,Medium,BULLISH_STABLE,75.0,Divergence,neutral,结构:STRUCTURAL_ACCUMULATION(A/A-); 阶段:Deteriorating(B); 触发:Consolidation(C); 置信度:Medium,PASSED,B,fallback
00700,腾讯控股,2011-05-06,STRUCTURAL_ACCUMULATION,Improving,Consolidation,21.65094136263312,COST_DISADVANTAGE,Medium,BULLISH_STABLE,75.0,Aligned,neutral,结构:STRUCTURAL_ACCUMULATION(A/A-); 阶段:Improving(B); 触发:Consolidation(C); 置信度:Medium,PASSED,B,matrix
00700,腾讯控股,2011-05-13,STRUCTURAL_ACCUMULATION,Improving,Consolidation,21.65094136263312,COST_DISADVANTAGE,Medium,BULLISH_STABLE,75.0,Aligned,neutral,结构:STRUCTURAL_ACCUMULATION(A/A-); 阶段:Improving(B); 触发:Consolidation(C); 置信度:Medium,PASSED,B,matrix
00700,腾讯控股,2011-05-20,STRUCTURAL_DIVERGENCE,Improving,Consolidation,21.65094136263312,COST_DISADVANTAGE,Low,BULLISH_WARNING,55.0,Aligned,neutral,结构:STRUCTURAL_DIVERGENCE(A/A-); 阶段:Improving(B); 触发:Consolidation(C); 置信度:Low,PASSED,C,fallback
00700,腾讯控股,2011-05-27,STRUCTURAL_DIVERGENCE,Improving,Pullback,21.65094136263312,COST_DISADVANTAGE,Low,BULLISH_WARNING,55.0,Aligned,neutral,结构:STRUCTURAL_DIVERGENCE(A/A-); 阶段:Improving(B); 触发:Pullback(C); 置信度:Low,PASSED,C,fallback
00700,腾讯控股,2011-06-03,STRUCTURAL_DIVERGENCE,Improving,Consolidation,30.00324978737546,COST_DISADVANTAGE,Low,BULLISH_WARNING,55.0,Aligned,neutral,结构:STRUCTURAL_DIVERGENCE(A/A-); 阶段:Improving(B); 触发:Consolidation(C); 置信度:Low,PASSED,C,fallback
00700,腾讯控股,2011-06-10,STRUCTURAL_DIVERGENCE,Improving,Consolidation,30.00324978737546,COST_DISADVANTAGE,Low,BULLISH_WARNING,55.0,Aligned,neutral,结构:STRUCTURAL_DIVERGENCE(A/A-); 阶段:Improving(B); 触发:Consolidation(C); 置信度:Low,PASSED,C,fallback
00700,腾讯控股,2011-06-17,STRUCTURAL_DIVERGENCE,Improving,Consolidation,30.00324978737546,COST_DISADVANTAGE,Low,BULLISH_WARNING,55.0,Aligned,neutral,结构:STRUCTURAL_DIVERGENCE(A/A-); 阶段:Improving(B); 触发:Consolidation(C); 置信度:Low,PASSED,C,fallback
00700,腾讯控股,2011-06-24,STRUCTURAL_DIVERGENCE,Improving,Consolidation,30.00324978737546,COST_DISADVANTAGE,Low,BULLISH_WARNING,55.0,Aligned,neutral,结构:STRUCTURAL_DIVERGENCE(A/A-); 阶段:Improving(B); 触发:Consolidation(C); 置信度:Low,PASSED,C,fallback
00700,腾讯控股,2011-07-01,STRUCTURAL_DIVERGENCE,Stable,Consolidation,23.54813529258904,COST_DISADVANTAGE,Low,BULLISH_WARNING,55.0,Aligned,neutral,结构:STRUCTURAL_DIVERGENCE(A/A-); 阶段:Stable(B); 触发:Consolidation(C); 置信度:Low,PASSED,C,fallback
00700,腾讯控股,2011-07-08,STRUCTURAL_DIVERGENCE,Stable,Consolidation,23.54813529258904,COST_DISADVANTAGE,Low,BULLISH_WARNING,55.0,Aligned,neutral,结构:STRUCTURAL_DIVERGENCE(A/A-); 阶段:Stable(B); 触发:Consolidation(C); 置信度:Low,PASSED,C,fallback
00700,腾讯控股,2011-07-15,STRUCTURAL_DIVERGENCE,Stable,Consolidation,23.54813529258904,COST_DISADVANTAGE,Low,BULLISH_WARNING,55.0,Aligned,neutral,结构:STRUCTURAL_DIVERGENCE(A/A-); 阶段:Stable(B); 触发:Consolidation(C); 置信度:Low,PASSED,C,fallback
00700,腾讯控股,2011-07-22,STRUCTURAL_DIVERGENCE,Stable,Consolidation,23.54813529258904,COST_DISADVANTAGE,Low,BULLISH_WARNING,55.0,Aligned,neutral,结构:STRUCTURAL_DIVERGENCE(A/A-); 阶段:Stable(B); 触发:Consolidation(C); 置信度:Low,PASSED,C,fallback
00700,腾讯控股,2011-07-29,STRUCTURAL_DIVERGENCE,Stable,Consolidation,23.54813529258904,COST_DISADVANTAGE,Low,BULLISH_WARNING,55.0,Aligned,neutral,结构:STRUCTURAL_DIVERGENCE(A/A-); 阶段:Stable(B); 触发:Consolidation(C); 置信度:Low,PASSED,C,fallback
00700,腾讯控股,2011-08-05,STRUCTURAL_DIVERGENCE,Deteriorating,Consolidation,45.10078132183354,COST_DISADVANTAGE,Low,BULLISH_WARNING,55.0,Aligned,neutral,结构:STRUCTURAL_DIVERGENCE(A/A-); 阶段:Deteriorating(B); 触发:Consolidation(C); 置信度:Low,PASSED,C,fallback
00700,腾讯控股,2011-08-12,STRUCTURAL_DIVERGENCE,Deteriorating,Breakdown,45.10078132183354,COST_DISADVANTAGE,Low,BULLISH_WARNING,55.0,Aligned,neutral,结构:STRUCTURAL_DIVERGENCE(A/A-); 阶段:Deteriorating(B); 触发:Breakdown(C); 置信度:Low,PASSED,C,matrix
00700,腾讯控股,2011-08-19,STRUCTURAL_DIVERGENCE,Deteriorating,Breakdown,45.10078132183354,COST_DISADVANTAGE,Medium,BULLISH_WARNING,55.0,Aligned,neutral,结构:STRUCTURAL_DIVERGENCE(A/A-); 阶段:Deteriorating(B); 触发:Breakdown(C); 置信度:Medium,PASSED,B,matrix
00700,腾讯控股,2011-08-26,STRUCTURAL_DIVERGENCE,Deteriorating,Consolidation,45.10078132183354,COST_DISADVANTAGE,Medium,BULLISH_WARNING,55.0,Aligned,neutral,结构:STRUCTURAL_DIVERGENCE(A/A-); 阶段:Deteriorating(B); 触发:Consolidation(C); 置信度:Medium,PASSED,B,fallback
00700,腾讯控股,2011-09-02,STRUCTURAL_DIVERGENCE,Deteriorating,Consolidation,18.798795238815885,COST_DISADVANTAGE,Low,BULLISH_WARNING,55.0,Aligned,neutral,结构:STRUCTURAL_DIVERGENCE(A/A-); 阶段:Deteriorating(B); 触发:Consolidation(C); 置信度:Low,PASSED,B,fallback
00700,腾讯控股,2011-09-09,STRUCTURAL_DIVERGENCE,Deteriorating,Consolidation,18.798795238815885,COST_DISADVANTAGE,Low,BULLISH_WARNING,55.0,Aligned,neutral,结构:STRUCTURAL_DIVERGENCE(A/A-); 阶段:Deteriorating(B); 触发:Consolidation(C); 置信度:Low,PASSED,B,fallback
00700,腾讯控股,2011-09-16,STRUCTURAL_DIVERGENCE,Deteriorating,Consolidation,18.798795238815885,COST_DISADVANTAGE,Low,BULLISH_WARNING,55.0,Aligned,neutral,结构:STRUCTURAL_DIVERGENCE(A/A-); 阶段:Deteriorating(B); 触发:Consolidation(C); 置信度:Low,PASSED,B,fallback
00700,腾讯控股,2011-09-23,STRUCTURAL_DIVERGENCE,Deteriorating,Breakdown,18.798795238815885,COST_DISADVANTAGE,Low,BULLISH_WARNING,55.0,Aligned,neutral,结构:STRUCTURAL_DIVERGENCE(A/A-); 阶段:Deteriorating(B); 触发:Breakdown(C); 置信度:Low,PASSED,B,matrix
00700,腾讯控股,2011-09-30,STRUCTURAL_DIVERGENCE,Stable,Consolidation,27.00211116360507,COST_DISADVANTAGE,Medium,BULLISH_WARNING,55.0,Aligned,neutral,结构:STRUCTURAL_DIVERGENCE(A/A-); 阶段:Stable(B); 触发:Consolidation(C); 置信度:Medium,PASSED,B,fallback
00700,腾讯控股,2011-10-07,STRUCTURAL_DIVERGENCE,Stable,Consolidation,27.00211116360507,COST_DISADVANTAGE,Medium,BULLISH_WARNING,55.0,Aligned,neutral,结构:STRUCTURAL_DIVERGENCE(A/A-); 阶段:Stable(B); 触发:Consolidation(C); 置信度:Medium,PASSED,B,fallback
00700,腾讯控股,2011-10-14,STRUCTURAL_DIVERGENCE,Stable,Consolidation,27.00211116360507,COST_DISADVANTAGE,Medium,BULLISH_WARNING,55.0,Aligned,neutral,结构:STRUCTURAL_DIVERGENCE(A/A-); 阶段:Stable(B); 触发:Consolidation(C); 置信度:Medium,PASSED,B,fallback
00700,腾讯控股,2011-10-21,STRUCTURAL_DIVERGENCE,Stable,Consolidation,27.00211116360507,COST_DISADVANTAGE,Medium,BULLISH_WARNING,55.0,Aligned,neutral,结构:STRUCTURAL_DIVERGENCE(A/A-); 阶段:Stable(B); 触发:Consolidation(C); 置信度:Medium,PASSED,B,fallback
00700,腾讯控股,2011-10-28,STRUCTURAL_DIVERGENCE,Stable,Consolidation,27.00211116360507,COST_DISADVANTAGE,Medium,BULLISH_WARNING,55.0,Aligned,neutral,结构:STRUCTURAL_DIVERGENCE(A/A-); 阶段:Stable(B); 触发:Consolidation(C); 置信度:Medium,PASSED,B,fallback
00700,腾讯控股,2011-11-04,STRUCTURAL_DIVERGENCE,Improving,Consolidation,32.10275853875867,COST_DISADVANTAGE,Medium,BULLISH_WARNING,55.0,Aligned,neutral,结构:STRUCTURAL_DIVERGENCE(A/A-); 阶段:Improving(B); 触发:Consolidation(C); 置信度:Medium,PASSED,B,fallback
00700,腾讯控股,2011-11-11,STRUCTURAL_DIVERGENCE,Improving,Consolidation,32.10275853875867,COST_DISADVANTAGE,Medium,BULLISH_WARNING,55.0,Aligned,neutral,结构:STRUCTURAL_DIVERGENCE(A/A-); 阶段:Improving(B); 触发:Consolidation(C); 置信度:Medium,PASSED,B,fallback
00700,腾讯控股,2011-11-18,STRUCTURAL_BOTTOM_CANDIDATE,Improving,Consolidation,32.10275853875867,COST_DISADVANTAGE,Medium,BULLISH_WARNING,55.0,Aligned,neutral,结构:STRUCTURAL_BOTTOM_CANDIDATE(A/A-); 阶段:Improving(B); 触发:Consolidation(C); 置信度:Medium,PASSED,C,fallback
00700,腾讯控股,2011-11-25,STRUCTURAL_BOTTOM_CANDIDATE,Improving,Consolidation,32.10275853875867,COST_DISADVANTAGE,Medium,BULLISH_WARNING,55.0,Aligned,neutral,结构:STRUCTURAL_BOTTOM_CANDIDATE(A/A-); 阶段:Improving(B); 触发:Consolidation(C); 置信度:Medium,PASSED,C,fallback
00700,腾讯控股,2011-12-02,STRUCTURAL_BOTTOM_CANDIDATE,Deteriorating,Consolidation,20.609499756699496,COST_DISADVANTAGE,Low,BULLISH_WARNING,55.0,Aligned,neutral,结构:STRUCTURAL_BOTTOM_CANDIDATE(A/A-); 阶段:Deteriorating(B); 触发:Consolidation(C); 置信度:Low,PASSED,C,fallback
00700,腾讯控股,2011-12-09,STRUCTURAL_BOTTOM_CANDIDATE,Deteriorating,Consolidation,20.609499756699496,COST_DISADVANTAGE,Low,BULLISH_WARNING,55.0,Aligned,neutral,结构:STRUCTURAL_BOTTOM_CANDIDATE(A/A-); 阶段:Deteriorating(B); 触发:Consolidation(C); 置信度:Low,PASSED,C,fallback
00700,腾讯控股,2011-12-16,STRUCTURAL_BOTTOM_CANDIDATE,Deteriorating,Consolidation,20.609499756699496,COST_DISADVANTAGE,Low,BULLISH_WARNING,55.0,Aligned,neutral,结构:STRUCTURAL_BOTTOM_CANDIDATE(A/A-); 阶段:Deteriorating(B); 触发:Consolidation(C); 置信度:Low,PASSED,C,fallback
00700,腾讯控股,2011-12-23,STRUCTURAL_BOTTOM_CANDIDATE,Deteriorating,Consolidation,20.609499756699496,COST_DISADVANTAGE,Low,BULLISH_WARNING,55.0,Aligned,neutral,结构:STRUCTURAL_BOTTOM_CANDIDATE(A/A-); 阶段:Deteriorating(B); 触发:Consolidation(C); 置信度:Low,PASSED,C,fallback
00700,腾讯控股,2011-12-30,STRUCTURAL_BOTTOM_CANDIDATE,Deteriorating,Consolidation,20.609499756699496,COST_DISADVANTAGE,Low,BULLISH_WARNING,55.0,Aligned,neutral,结构:STRUCTURAL_BOTTOM_CANDIDATE(A/A-); 阶段:Deteriorating(B); 触发:Consolidation(C); 置信度:Low,PASSED,C,fallback
00700,腾讯控股,2012-01-06,STRUCTURAL_BOTTOM_CANDIDATE,Improving,Consolidation,45.445838655819024,COST_DISADVANTAGE,Medium,BULLISH_WARNING,55.0,Aligned,neutral,结构:STRUCTURAL_BOTTOM_CANDIDATE(A/A-); 阶段:Improving(B); 触发:Consolidation(C); 置信度:Medium,PASSED,C,fallback
00700,腾讯控股,2012-01-13,STRUCTURAL_BOTTOM_CANDIDATE,Improving,Consolidation,45.445838655819024,COST_DISADVANTAGE,Medium,BULLISH_WARNING,55.0,Aligned,neutral,结构:STRUCTURAL_BOTTOM_CANDIDATE(A/A-); 阶段:Improving(B); 触发:Consolidation(C); 置信度:Medium,PASSED,C,fallback
00700,腾讯控股,2012-01-20,STRUCTURAL_BOTTOM_CANDIDATE,Improving,Consolidation,45.445838655819024,COST_DISADVANTAGE,Medium,BULLISH_WARNING,55.0,Aligned,neutral,结构:STRUCTURAL_BOTTOM_CANDIDATE(A/A-); 阶段:Improving(B); 触发:Consolidation(C); 置信度:Medium,PASSED,C,fallback
00700,腾讯控股,2012-01-27,STRUCTURAL_BOTTOM_CANDIDATE,Improving,Consolidation,45.445838655819024,COST_DISADVANTAGE,Medium,BULLISH_WARNING,55.0,Aligned,neutral,结构:STRUCTURAL_BOTTOM_CANDIDATE(A/A-); 阶段:Improving(B); 触发:Consolidation(C); 置信度:Medium,PASSED,C,fallback
00700,腾讯控股,2012-02-03,STRUCTURAL_BOTTOM_CANDIDATE,Improving,Consolidation,38.94742737204655,COST_DISADVANTAGE,Medium,BULLISH_WARNING,55.0,Aligned,neutral,结构:STRUCTURAL_BOTTOM_CANDIDATE(A/A-); 阶段:Improving(B); 触发:Consolidation(C); 置信度:Medium,PASSED,C,fallback
00700,腾讯控股,2012-02-10,STRUCTURAL_BOTTOM_CANDIDATE,Improving,Consolidation,38.94742737204655,COST_DISADVANTAGE,Medium,BULLISH_WARNING,55.0,Aligned,neutral,结构:STRUCTURAL_BOTTOM_CANDIDATE(A/A-); 阶段:Improving(B); 触发:Consolidation(C); 置信度:Medium,PASSED,C,fallback
00700,腾讯控股,2012-02-17,STRUCTURAL_DECLINE,Improving,Consolidation,38.94742737204655,COST_DISADVANTAGE,Low,BEARISH_CONFIRMED,20.0,Divergence,neutral,结构:STRUCTURAL_DECLINE(A/A-); 阶段:Improving(B); 触发:Consolidation(C); 置信度:Low,PASSED,C,fallback
00700,腾讯控股,2012-02-24,STRUCTURAL_DECLINE,Improving,Consolidation,38.94742737204655,COST_DISADVANTAGE,Low,BEARISH_CONFIRMED,20.0,Divergence,neutral,结构:STRUCTURAL_DECLINE(A/A-); 阶段:Improving(B); 触发:Consolidation(C); 置信度:Low,PASSED,C,fallback
00700,腾讯控股,2012-03-02,STRUCTURAL_DECLINE,Improving,Consolidation,35.87834160691821,COST_DISADVANTAGE,Low,BEARISH_CONFIRMED,20.0,Divergence,neutral,结构:STRUCTURAL_DECLINE(A/A-); 阶段:Improving(B); 触发:Consolidation(C); 置信度:Low,PASSED,C,fallback
00700,腾讯控股,2012-03-09,STRUCTURAL_DECLINE,Improving,Consolidation,35.87834160691821,COST_DISADVANTAGE,Low,BEARISH_CONFIRMED,20.0,Divergence,neutral,结构:STRUCTURAL_DECLINE(A/A-); 阶段:Improving(B); 触发:Consolidation(C); 置信度:Low,PASSED,C,fallback
00700,腾讯控股,2012-03-16,STRUCTURAL_DECLINE,Improving,Consolidation,35.87834160691821,COST_DISADVANTAGE,Low,BEARISH_CONFIRMED,20.0,Divergence,neutral,结构:STRUCTURAL_DECLINE(A/A-); 阶段:Improving(B); 触发:Consolidation(C); 置信度:Low,PASSED,C,fallback
00700,腾讯控股,2012-03-23,STRUCTURAL_DECLINE,Improving,Consolidation,35.87834160691821,COST_DISADVANTAGE,Low,BEARISH_CONFIRMED,20.0,Divergence,neutral,结构:STRUCTURAL_DECLINE(A/A-); 阶段:Improving(B); 触发:Consolidation(C); 置信度:Low,PASSED,C,fallback
00700,腾讯控股,2012-03-30,STRUCTURAL_DECLINE,Improving,Consolidation,35.87834160691821,COST_DISADVANTAGE,Low,BEARISH_CONFIRMED,20.0,Divergence,neutral,结构:STRUCTURAL_DECLINE(A/A-); 阶段:Improving(B); 触发:Consolidation(C); 置信度:Low,PASSED,C,fallback
00700,腾讯控股,2012-04-06,STRUCTURAL_DECLINE,Improving,Consolidation,35.46634996894423,COST_DISADVANTAGE,Low,BEARISH_CONFIRMED,20.0,Divergence,neutral,结构:STRUCTURAL_DECLINE(A/A-); 阶段:Improving(B); 触发:Consolidation(C); 置信度:Low,PASSED,C,fallback
00700,腾讯控股,2012-04-13,STRUCTURAL_DECLINE,Improving,Consolidation,35.46634996894423,COST_DISADVANTAGE,Low,BEARISH_CONFIRMED,20.0,Divergence,neutral,结构:STRUCTURAL_DECLINE(A/A-); 阶段:Improving(B); 触发:Consolidation(C); 置信度:Low,PASSED,C,fallback
00700,腾讯控股,2012-04-20,STRUCTURAL_DECLINE,Improving,Consolidation,35.46634996894423,COST_DISADVANTAGE,Low,BEARISH_CONFIRMED,20.0,Divergence,neutral,结构:STRUCTURAL_DECLINE(A/A-); 阶段:Improving(B); 触发:Consolidation(C); 置信度:Low,PASSED,C,fallback
00700,腾讯控股,2012-04-27,STRUCTURAL_DECLINE,Improving,Consolidation,35.46634996894423,COST_DISADVANTAGE,Low,BEARISH_CONFIRMED,20.0,Divergence,neutral,结构:STRUCTURAL_DECLINE(A/A-); 阶段:Improving(B); 触发:Consolidation(C); 置信度:Low,PASSED,C,fallback
00700,腾讯控股,2012-05-04,STRUCTURAL_DECLINE,Improving,Consolidation,45.80857992660282,COST_DISADVANTAGE,Low,BEARISH_CONFIRMED,20.0,Divergence,neutral,结构:STRUCTURAL_DECLINE(A/A-); 阶段:Improving(B); 触发:Consolidation(C); 置信度:Low,PASSED,C,fallback
00700,腾讯控股,2012-05-11,STRUCTURAL_DECLINE,Improving,Pullback,45.80857992660282,COST_DISADVANTAGE,Low,BEARISH_CONFIRMED,20.0,Divergence,neutral,结构:STRUCTURAL_DECLINE(A/A-); 阶段:Improving(B); 触发:Pullback(C); 置信度:Low,PASSED,C,fallback
00700,腾讯控股,2012-05-18,STRUCTURAL_DECLINE,Improving,Pullback,45.80857992660282,COST_DISADVANTAGE,Medium,BEARISH_CONFIRMED,20.0,Divergence,neutral,结构:STRUCTURAL_DECLINE(A/A-); 阶段:Improving(B); 触发:Pullback(C); 置信度:Medium,PASSED,B,fallback
00700,腾讯控股,2012-05-25,STRUCTURAL_DECLINE,Improving,Pullback,45.80857992660282,COST_DISADVANTAGE,Medium,BEARISH_CONFIRMED,20.0,Divergence,neutral,结构:STRUCTURAL_DECLINE(A/A-); 阶段:Improving(B); 触发:Pullback(C); 置信度:Medium,PASSED,B,fallback
00700,腾讯控股,2012-06-01,STRUCTURAL_DECLINE,Deteriorating,Pullback,27.046183387681985,COST_DISADVANTAGE,Low,BEARISH_CONFIRMED,20.0,Aligned,neutral,结构:STRUCTURAL_DECLINE(A/A-); 阶段:Deteriorating(B); 触发:Pullback(C); 置信度:Low,PASSED,B,fallback
00700,腾讯控股,2012-06-08,STRUCTURAL_DECLINE,Deteriorating,Consolidation,27.046183387681985,COST_DISADVANTAGE,Low,BEARISH_CONFIRMED,20.0,Aligned,neutral,结构:STRUCTURAL_DECLINE(A/A-); 阶段:Deteriorating(B); 触发:Consolidation(C); 置信度:Low,PASSED,B,fallback
00700,腾讯控股,2012-06-15,STRUCTURAL_DECLINE,Deteriorating,Consolidation,27.046183387681985,COST_DISADVANTAGE,Low,BEARISH_CONFIRMED,20.0,Aligned,neutral,结构:STRUCTURAL_DECLINE(A/A-); 阶段:Deteriorating(B); 触发:Consolidation(C); 置信度:Low,PASSED,B,fallback
00700,腾讯控股,2012-06-22,STRUCTURAL_DECLINE,Deteriorating,Pullback,27.046183387681985,COST_DISADVANTAGE,Low,BEARISH_CONFIRMED,20.0,Aligned,neutral,结构:STRUCTURAL_DECLINE(A/A-); 阶段:Deteriorating(B); 触发:Pullback(C); 置信度:Low,PASSED,B,fallback
00700,腾讯控股,2012-06-29,STRUCTURAL_DECLINE,Deteriorating,Consolidation,27.046183387681985,COST_DISADVANTAGE,Low,BEARISH_CONFIRMED,20.0,Aligned,neutral,结构:STRUCTURAL_DECLINE(A/A-); 阶段:Deteriorating(B); 触发:Consolidation(C); 置信度:Low,PASSED,B,fallback
00700,腾讯控股,2012-07-06,STRUCTURAL_DECLINE,Improving,Consolidation,43.32304960116539,COST_DISADVANTAGE,Low,BEARISH_CONFIRMED,20.0,Divergence,neutral,结构:STRUCTURAL_DECLINE(A/A-); 阶段:Improving(B); 触发:Consolidation(C); 置信度:Low,PASSED,B,fallback
00700,腾讯控股,2012-07-13,STRUCTURAL_DECLINE,Improving,Pullback,43.32304960116539,COST_DISADVANTAGE,Low,BEARISH_CONFIRMED,20.0,Divergence,neutral,结构:STRUCTURAL_DECLINE(A/A-); 阶段:Improving(B); 触发:Pullback(C); 置信度:Low,PASSED,B,fallback
00700,腾讯控股,2012-07-20,STRUCTURAL_DECLINE,Improving,Consolidation,43.32304960116539,COST_DISADVANTAGE,Low,BEARISH_CONFIRMED,20.0,Divergence,neutral,结构:STRUCTURAL_DECLINE(A/A-); 阶段:Improving(B); 触发:Consolidation(C); 置信度:Low,PASSED,B,fallback
00700,腾讯控股,2012-07-27,STRUCTURAL_DECLINE,Improving,Consolidation,43.32304960116539,COST_DISADVANTAGE,Low,BEARISH_CONFIRMED,20.0,Divergence,neutral,结构:STRUCTURAL_DECLINE(A/A-); 阶段:Improving(B); 触发:Consolidation(C); 置信度:Low,PASSED,B,fallback
00700,腾讯控股,2012-08-03,STRUCTURAL_DECLINE,Improving,Consolidation,46.768333765683856,COST_DISADVANTAGE,Medium,BEARISH_CONFIRMED,20.0,Divergence,neutral,结构:STRUCTURAL_DECLINE(A/A-); 阶段:Improving(B); 触发:Consolidation(C); 置信度:Medium,PASSED,B,fallback
00700,腾讯控股,2012-08-10,STRUCTURAL_DECLINE,Improving,Consolidation,46.768333765683856,COST_DISADVANTAGE,Medium,BEARISH_CONFIRMED,20.0,Divergence,neutral,结构:STRUCTURAL_DECLINE(A/A-); 阶段:Improving(B); 触发:Consolidation(C); 置信度:Medium,PASSED,B,fallback
00700,腾讯控股,2012-08-17,STRUCTURAL_DIVERGENCE,Improving,Consolidation,46.768333765683856,COST_DISADVANTAGE,Low,BULLISH_WARNING,55.0,Aligned,neutral,结构:STRUCTURAL_DIVERGENCE(A/A-); 阶段:Improving(B); 触发:Consolidation(C); 置信度:Low,PASSED,C,fallback
00700,腾讯控股,2012-08-24,STRUCTURAL_DIVERGENCE,Improving,Consolidation,46.768333765683856,COST_DISADVANTAGE,Low,BULLISH_WARNING,55.0,Aligned,neutral,结构:STRUCTURAL_DIVERGENCE(A/A-); 阶段:Improving(B); 触发:Consolidation(C); 置信度:Low,PASSED,C,fallback
00700,腾讯控股,2012-08-31,STRUCTURAL_DIVERGENCE,Improving,Pullback,36.79751667869896,COST_DISADVANTAGE,Low,BULLISH_WARNING,55.0,Aligned,neutral,结构:STRUCTURAL_DIVERGENCE(A/A-); 阶段:Improving(B); 触发:Pullback(C); 置信度:Low,PASSED,C,fallback
00700,腾讯控股,2012-09-07,STRUCTURAL_DIVERGENCE,Improving,Consolidation,36.79751667869896,COST_DISADVANTAGE,Low,BULLISH_WARNING,55.0,Aligned,neutral,结构:STRUCTURAL_DIVERGENCE(A/A-); 阶段:Improving(B); 触发:Consolidation(C); 置信度:Low,PASSED,C,fallback
00700,腾讯控股,2012-09-14,STRUCTURAL_DIVERGENCE,Improving,Consolidation,36.79751667869896,COST_DISADVANTAGE,Low,BULLISH_WARNING,55.0,Aligned,neutral,结构:STRUCTURAL_DIVERGENCE(A/A-); 阶段:Improving(B); 触发:Consolidation(C); 置信度:Low,PASSED,C,fallback
00700,腾讯控股,2012-09-21,STRUCTURAL_DIVERGENCE,Improving,Consolidation,36.79751667869896,COST_DISADVANTAGE,Low,BULLISH_WARNING,55.0,Aligned,neutral,结构:STRUCTURAL_DIVERGENCE(A/A-); 阶段:Improving(B); 触发:Consolidation(C); 置信度:Low,PASSED,C,fallback
00700,腾讯控股,2012-09-28,STRUCTURAL_DIVERGENCE,Improving,Consolidation,36.79751667869896,COST_DISADVANTAGE,Low,BULLISH_WARNING,55.0,Aligned,neutral,结构:STRUCTURAL_DIVERGENCE(A/A-); 阶段:Improving(B); 触发:Consolidation(C); 置信度:Low,PASSED,C,fallback
00700,腾讯控股,2012-10-05,STRUCTURAL_DIVERGENCE,Improving,Consolidation,51.24009927165143,COST_DISADVANTAGE,Low,BULLISH_WARNING,55.0,Aligned,neutral,结构:STRUCTURAL_DIVERGENCE(A/A-); 阶段:Improving(B); 触发:Consolidation(C); 置信度:Low,PASSED,C,fallback
00700,腾讯控股,2012-10-12,STRUCTURAL_DIVERGENCE,Improving,Consolidation,51.24009927165143,COST_DISADVANTAGE,Low,BULLISH_WARNING,55.0,Aligned,neutral,结构:STRUCTURAL_DIVERGENCE(A/A-); 阶段:Improving(B); 触发:Consolidation(C); 置信度:Low,PASSED,C,fallback
00700,腾讯控股,2012-10-19,STRUCTURAL_DIVERGENCE,Improving,Consolidation,51.24009927165143,COST_DISADVANTAGE,Low,BULLISH_WARNING,55.0,Aligned,neutral,结构:STRUCTURAL_DIVERGENCE(A/A-); 阶段:Improving(B); 触发:Consolidation(C); 置信度:Low,PASSED,C,fallback
00700,腾讯控股,2012-10-26,STRUCTURAL_DIVERGENCE,Improving,Consolidation,51.24009927165143,COST_DISADVANTAGE,Low,BULLISH_WARNING,55.0,Aligned,neutral,结构:STRUCTURAL_DIVERGENCE(A/A-); 阶段:Improving(B); 触发:Consolidation(C); 置信度:Low,PASSED,C,fallback
00700,腾讯控股,2012-11-02,STRUCTURAL_DIVERGENCE,Improving,Consolidation,50.46582132630647,COST_DISADVANTAGE,Low,BULLISH_WARNING,55.0,Aligned,neutral,结构:STRUCTURAL_DIVERGENCE(A/A-); 阶段:Improving(B); 触发:Consolidation(C); 置信度:Low,PASSED,C,fallback
00700,腾讯控股,2012-11-09,STRUCTURAL_DIVERGENCE,Improving,Pullback,50.46582132630647,COST_DISADVANTAGE,Low,BULLISH_WARNING,55.0,Aligned,neutral,结构:STRUCTURAL_DIVERGENCE(A/A-); 阶段:Improving(B); 触发:Pullback(C); 置信度:Low,PASSED,C,fallback
00700,腾讯控股,2012-11-16,STRUCTURAL_DIVERGENCE,Improving,Consolidation,50.46582132630647,COST_DISADVANTAGE,Low,BULLISH_WARNING,55.0,Aligned,neutral,结构:STRUCTURAL_DIVERGENCE(A/A-); 阶段:Improving(B); 触发:Consolidation(C); 置信度:Low,PASSED,B,fallback
00700,腾讯控股,2012-11-23,STRUCTURAL_DIVERGENCE,Improving,Pullback,50.46582132630647,COST_DISADVANTAGE,Low,BULLISH_WARNING,55.0,Aligned,neutral,结构:STRUCTURAL_DIVERGENCE(A/A-); 阶段:Improving(B); 触发:Pullback(C); 置信度:Low,PASSED,B,fallback
00700,腾讯控股,2012-11-30,STRUCTURAL_DIVERGENCE,Deteriorating,Pullback,32.31485636917396,COST_DISADVANTAGE,Low,BULLISH_WARNING,55.0,Aligned,neutral,结构:STRUCTURAL_DIVERGENCE(A/A-); 阶段:Deteriorating(B); 触发:Pullback(C); 置信度:Low,PASSED,B,fallback
00700,腾讯控股,2012-12-07,STRUCTURAL_DIVERGENCE,Deteriorating,Pullback,32.31485636917396,COST_DISADVANTAGE,Low,BULLISH_WARNING,55.0,Aligned,neutral,结构:STRUCTURAL_DIVERGENCE(A/A-); 阶段:Deteriorating(B); 触发:Pullback(C); 置信度:Low,PASSED,B,fallback
00700,腾讯控股,2012-12-14,STRUCTURAL_DIVERGENCE,Deteriorating,Pullback,32.31485636917396,COST_DISADVANTAGE,Low,BULLISH_WARNING,55.0,Aligned,neutral,结构:STRUCTURAL_DIVERGENCE(A/A-); 阶段:Deteriorating(B); 触发:Pullback(C); 置信度:Low,PASSED,B,fallback
00700,腾讯控股,2012-12-21,STRUCTURAL_DIVERGENCE,Deteriorating,Consolidation,32.31485636917396,COST_DISADVANTAGE,Low,BULLISH_WARNING,55.0,Aligned,neutral,结构:STRUCTURAL_DIVERGENCE(A/A-); 阶段:Deteriorating(B); 触发:Consolidation(C); 置信度:Low,PASSED,B,fallback
00700,腾讯控股,2012-12-28,STRUCTURAL_DIVERGENCE,Deteriorating,Consolidation,32.31485636917396,COST_DISADVANTAGE,Low,BULLISH_WARNING,55.0,Aligned,neutral,结构:STRUCTURAL_DIVERGENCE(A/A-); 阶段:Deteriorating(B); 触发:Consolidation(C); 置信度:Low,PASSED,B,fallback
00700,腾讯控股,2013-01-04,STRUCTURAL_DIVERGENCE,Stable,Consolidation,51.8025244128776,COST_DISADVANTAGE,Low,BULLISH_WARNING,55.0,Aligned,neutral,结构:STRUCTURAL_DIVERGENCE(A/A-); 阶段:Stable(B); 触发:Consolidation(C); 置信度:Low,PASSED,B,fallback
00700,腾讯控股,2013-01-11,STRUCTURAL_DIVERGENCE,Stable,Consolidation,51.8025244128776,COST_DISADVANTAGE,Low,BULLISH_WARNING,55.0,Aligned,neutral,结构:STRUCTURAL_DIVERGENCE(A/A-); 阶段:Stable(B); 触发:Consolidation(C); 置信度:Low,PASSED,B,fallback
00700,腾讯控股,2013-01-18,STRUCTURAL_DIVERGENCE,Stable,Consolidation,51.8025244128776,COST_DISADVANTAGE,Low,BULLISH_WARNING,55.0,Aligned,neutral,结构:STRUCTURAL_DIVERGENCE(A/A-); 阶段:Stable(B); 触发:Consolidation(C); 置信度:Low,PASSED,B,fallback
00700,腾讯控股,2013-01-25,STRUCTURAL_DIVERGENCE,Stable,Consolidation,51.8025244128776,COST_DISADVANTAGE,Low,BULLISH_WARNING,55.0,Aligned,neutral,结构:STRUCTURAL_DIVERGENCE(A/A-); 阶段:Stable(B); 触发:Consolidation(C); 置信度:Low,PASSED,B,fallback
00700,腾讯控股,2013-02-01,STRUCTURAL_DIVERGENCE,Stable,Consolidation,35.16277082961212,COST_DISADVANTAGE,Low,BULLISH_WARNING,55.0,Aligned,neutral,结构:STRUCTURAL_DIVERGENCE(A/A-); 阶段:Stable(B); 触发:Consolidation(C); 置信度:Low,PASSED,B,fallback
00700,腾讯控股,2013-02-08,STRUCTURAL_DIVERGENCE,Stable,Consolidation,35.16277082961212,COST_DISADVANTAGE,Low,BULLISH_WARNING,55.0,Aligned,neutral,结构:STRUCTURAL_DIVERGENCE(A/A-); 阶段:Stable(B); 触发:Consolidation(C); 置信度:Low,PASSED,B,fallback
00700,腾讯控股,2013-02-15,STRUCTURAL_DECLINE,Stable,Consolidation,35.16277082961212,COST_DISADVANTAGE,Low,BEARISH_CONFIRMED,20.0,Aligned,neutral,结构:STRUCTURAL_DECLINE(A/A-); 阶段:Stable(B); 触发:Consolidation(C); 置信度:Low,PASSED,C,fallback
00700,腾讯控股,2013-02-22,STRUCTURAL_DECLINE,Stable,Pullback,35.16277082961212,COST_DISADVANTAGE,Low,BEARISH_CONFIRMED,20.0,Aligned,neutral,结构:STRUCTURAL_DECLINE(A/A-); 阶段:Stable(B); 触发:Pullback(C); 置信度:Low,PASSED,C,fallback
00700,腾讯控股,2013-03-01,STRUCTURAL_DECLINE,Deteriorating,Consolidation,54.316378764758205,COST_DISADVANTAGE,Low,BEARISH_CONFIRMED,20.0,Aligned,neutral,结构:STRUCTURAL_DECLINE(A/A-); 阶段:Deteriorating(B); 触发:Consolidation(C); 置信度:Low,PASSED,C,fallback
00700,腾讯控股,2013-03-08,STRUCTURAL_DECLINE,Deteriorating,Consolidation,54.316378764758205,COST_DISADVANTAGE,Low,BEARISH_CONFIRMED,20.0,Aligned,neutral,结构:STRUCTURAL_DECLINE(A/A-); 阶段:Deteriorating(B); 触发:Consolidation(C); 置信度:Low,PASSED,C,fallback
00700,腾讯控股,2013-03-15,STRUCTURAL_DECLINE,Deteriorating,Consolidation,54.316378764758205,COST_DISADVANTAGE,Low,BEARISH_CONFIRMED,20.0,Aligned,neutral,结构:STRUCTURAL_DECLINE(A/A-); 阶段:Deteriorating(B); 触发:Consolidation(C); 置信度:Low,PASSED,C,fallback
00700,腾讯控股,2013-03-22,STRUCTURAL_DECLINE,Deteriorating,Consolidation,54.316378764758205,COST_DISADVANTAGE,Low,BEARISH_CONFIRMED,20.0,Aligned,neutral,结构:STRUCTURAL_DECLINE(A/A-); 阶段:Deteriorating(B); 触发:Consolidation(C); 置信度:Low,PASSED,C,fallback
00700,腾讯控股,2013-03-29,STRUCTURAL_DECLINE,Deteriorating,Consolidation,54.316378764758205,COST_DISADVANTAGE,Low,BEARISH_CONFIRMED,20.0,Aligned,neutral,结构:STRUCTURAL_DECLINE(A/A-); 阶段:Deteriorating(B); 触发:Consolidation(C); 置信度:Low,PASSED,C,fallback
00700,腾讯控股,2013-04-05,STRUCTURAL_DECLINE,Deteriorating,Breakdown,20.542194667556288,COST_DISADVANTAGE,Low,BEARISH_CONFIRMED,20.0,Aligned,neutral,结构:STRUCTURAL_DECLINE(A/A-); 阶段:Deteriorating(B); 触发:Breakdown(C); 置信度:Low,PASSED,C,matrix
00700,腾讯控股,2013-04-12,STRUCTURAL_DECLINE,Deteriorating,Consolidation,20.542194667556288,COST_DISADVANTAGE,Low,BEARISH_CONFIRMED,20.0,Aligned,neutral,结构:STRUCTURAL_DECLINE(A/A-); 阶段:Deteriorating(B); 触发:Consolidation(C); 置信度:Low,PASSED,C,fallback
00700,腾讯控股,2013-04-19,STRUCTURAL_DECLINE,Deteriorating,Consolidation,20.542194667556288,COST_DISADVANTAGE,Low,BEARISH_CONFIRMED,20.0,Aligned,neutral,结构:STRUCTURAL_DECLINE(A/A-); 阶段:Deteriorating(B); 触发:Consolidation(C); 置信度:Low,PASSED,C,fallback
00700,腾讯控股,2013-04-26,STRUCTURAL_DECLINE,Deteriorating,Consolidation,20.542194667556288,COST_DISADVANTAGE,Low,BEARISH_CONFIRMED,20.0,Aligned,neutral,结构:STRUCTURAL_DECLINE(A/A-); 阶段:Deteriorating(B); 触发:Consolidation(C); 置信度:Low,PASSED,C,fallback
00700,腾讯控股,2013-05-03,STRUCTURAL_DECLINE,Improving,Consolidation,30.833184261739706,COST_DISADVANTAGE,Low,BEARISH_CONFIRMED,20.0,Divergence,neutral,结构:STRUCTURAL_DECLINE(A/A-); 阶段:Improving(B); 触发:Consolidation(C); 置信度:Low,PASSED,C,fallback
00700,腾讯控股,2013-05-10,STRUCTURAL_DECLINE,Improving,Consolidation,30.833184261739706,COST_DISADVANTAGE,Low,BEARISH_CONFIRMED,20.0,Divergence,neutral,结构:STRUCTURAL_DECLINE(A/A-); 阶段:Improving(B); 触发:Consolidation(C); 置信度:Low,PASSED,C,fallback
00700,腾讯控股,2013-05-17,STRUCTURAL_DECLINE,Improving,Consolidation,30.833184261739706,COST_DISADVANTAGE,Low,BEARISH_CONFIRMED,20.0,Divergence,neutral,结构:STRUCTURAL_DECLINE(A/A-); 阶段:Improving(B); 触发:Consolidation(C); 置信度:Low,PASSED,B,fallback
00700,腾讯控股,2013-05-24,STRUCTURAL_DECLINE,Improving,Consolidation,30.833184261739706,COST_DISADVANTAGE,Low,BEARISH_CONFIRMED,20.0,Divergence,neutral,结构:STRUCTURAL_DECLINE(A/A-); 阶段:Improving(B); 触发:Consolidation(C); 置信度:Low,PASSED,B,fallback
00700,腾讯控股,2013-05-31,STRUCTURAL_DECLINE,Stable,Consolidation,22.98541179344287,COST_DISADVANTAGE,Low,BEARISH_CONFIRMED,20.0,Aligned,neutral,结构:STRUCTURAL_DECLINE(A/A-); 阶段:Stable(B); 触发:Consolidation(C); 置信度:Low,PASSED,B,fallback
00700,腾讯控股,2013-06-07,STRUCTURAL_DECLINE,Stable,Consolidation,22.98541179344287,COST_DISADVANTAGE,Low,BEARISH_CONFIRMED,20.0,Aligned,neutral,结构:STRUCTURAL_DECLINE(A/A-); 阶段:Stable(B); 触发:Consolidation(C); 置信度:Low,PASSED,B,fallback
00700,腾讯控股,2013-06-14,STRUCTURAL_DECLINE,Stable,Consolidation,22.98541179344287,COST_DISADVANTAGE,Low,BEARISH_CONFIRMED,20.0,Aligned,neutral,结构:STRUCTURAL_DECLINE(A/A-); 阶段:Stable(B); 触发:Consolidation(C); 置信度:Low,PASSED,B,fallback
00700,腾讯控股,2013-06-21,STRUCTURAL_DECLINE,Stable,Pullback,22.98541179344287,COST_DISADVANTAGE,Low,BEARISH_CONFIRMED,20.0,Aligned,neutral,结构:STRUCTURAL_DECLINE(A/A-); 阶段:Stable(B); 触发:Pullback(C); 置信度:Low,PASSED,B,fallback
00700,腾讯控股,2013-06-28,STRUCTURAL_DECLINE,Stable,Consolidation,22.98541179344287,COST_DISADVANTAGE,Low,BEARISH_CONFIRMED,20.0,Aligned,neutral,结构:STRUCTURAL_DECLINE(A/A-); 阶段:Stable(B); 触发:Consolidation(C); 置信度:Low,PASSED,B,fallback
00700,腾讯控股,2013-07-05,STRUCTURAL_DECLINE,Stable,Consolidation,25.206661651452432,COST_DISADVANTAGE,Low,BEARISH_CONFIRMED,20.0,Aligned,neutral,结构:STRUCTURAL_DECLINE(A/A-); 阶段:Stable(B); 触发:Consolidation(C); 置信度:Low,PASSED,B,fallback
00700,腾讯控股,2013-07-12,STRUCTURAL_DECLINE,Stable,Consolidation,25.206661651452432,COST_DISADVANTAGE,Low,BEARISH_CONFIRMED,20.0,Aligned,neutral,结构:STRUCTURAL_DECLINE(A/A-); 阶段:Stable(B); 触发:Consolidation(C); 置信度:Low,PASSED,B,fallback
00700,腾讯控股,2013-07-19,STRUCTURAL_DECLINE,Stable,Consolidation,25.206661651452432,COST_DISADVANTAGE,Low,BEARISH_CONFIRMED,20.0,Aligned,neutral,结构:STRUCTURAL_DECLINE(A/A-); 阶段:Stable(B); 触发:Consolidation(C); 置信度:Low,PASSED,B,fallback
00700,腾讯控股,2013-07-26,STRUCTURAL_DECLINE,Stable,Consolidation,25.206661651452432,COST_DISADVANTAGE,Low,BEARISH_CONFIRMED,20.0,Aligned,neutral,结构:STRUCTURAL_DECLINE(A/A-); 阶段:Stable(B); 触发:Consolidation(C); 置信度:Low,PASSED,B,fallback
00700,腾讯控股,2013-08-02,STRUCTURAL_DECLINE,Improving,Consolidation,24.760851968711837,COST_DISADVANTAGE,Low,BEARISH_CONFIRMED,20.0,Divergence,neutral,结构:STRUCTURAL_DECLINE(A/A-); 阶段:Improving(B); 触发:Consolidation(C); 置信度:Low,PASSED,B,fallback
00700,腾讯控股,2013-08-09,STRUCTURAL_DECLINE,Improving,Consolidation,24.760851968711837,COST_DISADVANTAGE,Low,BEARISH_CONFIRMED,20.0,Divergence,neutral,结构:STRUCTURAL_DECLINE(A/A-); 阶段:Improving(B); 触发:Consolidation(C); 置信度:Low,PASSED,B,fallback
00700,腾讯控股,2013-08-16,STRUCTURAL_DECLINE,Improving,Consolidation,24.760851968711837,COST_DISADVANTAGE,Low,BEARISH_CONFIRMED,20.0,Divergence,neutral,结构:STRUCTURAL_DECLINE(A/A-); 阶段:Improving(B); 触发:Consolidation(C); 置信度:Low,PASSED,B,fallback
00700,腾讯控股,2013-08-23,STRUCTURAL_DECLINE,Improving,Consolidation,24.760851968711837,COST_DISADVANTAGE,Low,BEARISH_CONFIRMED,20.0,Divergence,neutral,结构:STRUCTURAL_DECLINE(A/A-); 阶段:Improving(B); 触发:Consolidation(C); 置信度:Low,PASSED,B,fallback
00700,腾讯控股,2013-08-30,STRUCTURAL_DECLINE,Improving,Consolidation,24.760851968711837,COST_DISADVANTAGE,Low,BEARISH_CONFIRMED,20.0,Divergence,neutral,结构:STRUCTURAL_DECLINE(A/A-); 阶段:Improving(B); 触发:Consolidation(C); 置信度:Low,PASSED,B,fallback
00700,腾讯控股,2013-09-06,STRUCTURAL_DECLINE,Improving,Consolidation,38.3633271824172,COST_DISADVANTAGE,Medium,BEARISH_CONFIRMED,20.0,Divergence,neutral,结构:STRUCTURAL_DECLINE(A/A-); 阶段:Improving(B); 触发:Consolidation(C); 置信度:Medium,PASSED,B,fallback
00700,腾讯控股,2013-09-13,STRUCTURAL_DECLINE,Improving,Consolidation,38.3633271824172,COST_DISADVANTAGE,Medium,BEARISH_CONFIRMED,20.0,Divergence,neutral,结构:STRUCTURAL_DECLINE(A/A-); 阶段:Improving(B); 触发:Consolidation(C); 置信度:Medium,PASSED,B,fallback
00700,腾讯控股,2013-09-20,STRUCTURAL_DECLINE,Improving,Consolidation,38.3633271824172,COST_DISADVANTAGE,Medium,BEARISH_CONFIRMED,20.0,Divergence,neutral,结构:STRUCTURAL_DECLINE(A/A-); 阶段:Improving(B); 触发:Consolidation(C); 置信度:Medium,PASSED,B,fallback
00700,腾讯控股,2013-09-27,STRUCTURAL_DECLINE,Improving,Consolidation,38.3633271824172,COST_DISADVANTAGE,Medium,BEARISH_CONFIRMED,20.0,Divergence,neutral,结构:STRUCTURAL_DECLINE(A/A-); 阶段:Improving(B); 触发:Consolidation(C); 置信度:Medium,PASSED,B,fallback
00700,腾讯控股,2013-10-04,STRUCTURAL_DECLINE,Improving,Consolidation,41.91174290447255,COST_DISADVANTAGE,Medium,BEARISH_CONFIRMED,20.0,Divergence,neutral,结构:STRUCTURAL_DECLINE(A/A-); 阶段:Improving(B); 触发:Consolidation(C); 置信度:Medium,PASSED,B,fallback
00700,腾讯控股,2013-10-11,STRUCTURAL_DECLINE,Improving,Consolidation,41.91174290447255,COST_DISADVANTAGE,Medium,BEARISH_CONFIRMED,20.0,Divergence,neutral,结构:STRUCTURAL_DECLINE(A/A-); 阶段:Improving(B); 触发:Consolidation(C); 置信度:Medium,PASSED,B,fallback
00700,腾讯控股,2013-10-18,STRUCTURAL_DECLINE,Improving,Consolidation,41.91174290447255,COST_DISADVANTAGE,Medium,BEARISH_CONFIRMED,20.0,Divergence,neutral,结构:STRUCTURAL_DECLINE(A/A-); 阶段:Improving(B); 触发:Consolidation(C); 置信度:Medium,PASSED,B,fallback
00700,腾讯控股,2013-10-25,STRUCTURAL_DECLINE,Improving,Consolidation,41.91174290447255,COST_DISADVANTAGE,Medium,BEARISH_CONFIRMED,20.0,Divergence,neutral,结构:STRUCTURAL_DECLINE(A/A-); 阶段:Improving(B); 触发:Consolidation(C); 置信度:Medium,PASSED,B,fallback
00700,腾讯控股,2013-11-01,STRUCTURAL_DECLINE,Improving,Consolidation,46.884408984986756,COST_DISADVANTAGE,Medium,BEARISH_CONFIRMED,20.0,Divergence,neutral,结构:STRUCTURAL_DECLINE(A/A-); 阶段:Improving(B); 触发:Consolidation(C); 置信度:Medium,PASSED,B,fallback
00700,腾讯控股,2013-11-08,STRUCTURAL_DECLINE,Improving,Pullback,46.884408984986756,COST_DISADVANTAGE,Medium,BEARISH_CONFIRMED,20.0,Divergence,neutral,结构:STRUCTURAL_DECLINE(A/A-); 阶段:Improving(B); 触发:Pullback(C); 置信度:Medium,PASSED,B,fallback
00700,腾讯控股,2013-11-15,STRUCTURAL_DIVERGENCE,Improving,Consolidation,46.884408984986756,COST_DISADVANTAGE,Low,BULLISH_WARNING,55.0,Aligned,neutral,结构:STRUCTURAL_DIVERGENCE(A/A-); 阶段:Improving(B); 触发:Consolidation(C); 置信度:Low,PASSED,C,fallback
00700,腾讯控股,2013-11-22,STRUCTURAL_DIVERGENCE,Improving,Consolidation,46.884408984986756,COST_DISADVANTAGE,Low,BULLISH_WARNING,55.0,Aligned,neutral,结构:STRUCTURAL_DIVERGENCE(A/A-); 阶段:Improving(B); 触发:Consolidation(C); 置信度:Low,PASSED,C,fallback
00700,腾讯控股,2013-11-29,STRUCTURAL_DIVERGENCE,Improving,Consolidation,46.884408984986756,COST_DISADVANTAGE,Low,BULLISH_WARNING,55.0,Aligned,neutral,结构:STRUCTURAL_DIVERGENCE(A/A-); 阶段:Improving(B); 触发:Consolidation(C); 置信度:Low,PASSED,C,fallback
00700,腾讯控股,2013-12-06,STRUCTURAL_DIVERGENCE,Improving,Consolidation,25.416713730018195,COST_DISADVANTAGE,Low,BULLISH_WARNING,55.0,Aligned,neutral,结构:STRUCTURAL_DIVERGENCE(A/A-); 阶段:Improving(B); 触发:Consolidation(C); 置信度:Low,PASSED,C,fallback
00700,腾讯控股,2013-12-13,STRUCTURAL_DIVERGENCE,Improving,Consolidation,25.416713730018195,COST_DISADVANTAGE,Low,BULLISH_WARNING,55.0,Aligned,neutral,结构:STRUCTURAL_DIVERGENCE(A/A-); 阶段:Improving(B); 触发:Consolidation(C); 置信度:Low,PASSED,C,fallback
00700,腾讯控股,2013-12-20,STRUCTURAL_DIVERGENCE,Improving,Consolidation,25.416713730018195,COST_DISADVANTAGE,Low,BULLISH_WARNING,55.0,Aligned,neutral,结构:STRUCTURAL_DIVERGENCE(A/A-); 阶段:Improving(B); 触发:Consolidation(C); 置信度:Low,PASSED,C,fallback
00700,腾讯控股,2013-12-27,STRUCTURAL_DIVERGENCE,Improving,Consolidation,25.416713730018195,COST_DISADVANTAGE,Low,BULLISH_WARNING,55.0,Aligned,neutral,结构:STRUCTURAL_DIVERGENCE(A/A-); 阶段:Improving(B); 触发:Consolidation(C); 置信度:Low,PASSED,C,fallback
00700,腾讯控股,2014-01-03,STRUCTURAL_DIVERGENCE,Improving,Consolidation,50.89644071169032,COST_DISADVANTAGE,Low,BULLISH_WARNING,55.0,Aligned,neutral,结构:STRUCTURAL_DIVERGENCE(A/A-); 阶段:Improving(B); 触发:Consolidation(C); 置信度:Low,PASSED,C,fallback
00700,腾讯控股,2014-01-10,STRUCTURAL_DIVERGENCE,Improving,Consolidation,50.89644071169032,COST_DISADVANTAGE,Low,BULLISH_WARNING,55.0,Aligned,neutral,结构:STRUCTURAL_DIVERGENCE(A/A-); 阶段:Improving(B); 触发:Consolidation(C); 置信度:Low,PASSED,C,fallback
00700,腾讯控股,2014-01-17,STRUCTURAL_DIVERGENCE,Improving,Consolidation,50.89644071169032,COST_DISADVANTAGE,Low,BULLISH_WARNING,55.0,Aligned,neutral,结构:STRUCTURAL_DIVERGENCE(A/A-); 阶段:Improving(B); 触发:Consolidation(C); 置信度:Low,PASSED,C,fallback
00700,腾讯控股,2014-01-24,STRUCTURAL_DIVERGENCE,Improving,Consolidation,50.89644071169032,COST_DISADVANTAGE,Low,BULLISH_WARNING,55.0,Aligned,neutral,结构:STRUCTURAL_DIVERGENCE(A/A-); 阶段:Improving(B); 触发:Consolidation(C); 置信度:Low,PASSED,C,fallback
00700,腾讯控股,2014-01-31,STRUCTURAL_DIVERGENCE,Stable,Consolidation,26.42678492138387,COST_DISADVANTAGE,Low,BULLISH_WARNING,55.0,Aligned,neutral,结构:STRUCTURAL_DIVERGENCE(A/A-); 阶段:Stable(B); 触发:Consolidation(C); 置信度:Low,PASSED,C,fallback
00700,腾讯控股,2014-02-07,STRUCTURAL_DIVERGENCE,Stable,Consolidation,26.42678492138387,COST_DISADVANTAGE,Low,BULLISH_WARNING,55.0,Aligned,neutral,结构:STRUCTURAL_DIVERGENCE(A/A-); 阶段:Stable(B); 触发:Consolidation(C); 置信度:Low,PASSED,C,fallback
00700,腾讯控股,2014-02-14,STRUCTURAL_DIVERGENCE,Stable,Consolidation,26.42678492138387,COST_DISADVANTAGE,Low,BULLISH_WARNING,55.0,Aligned,neutral,结构:STRUCTURAL_DIVERGENCE(A/A-); 阶段:Stable(B); 触发:Consolidation(C); 置信度:Low,PASSED,C,fallback
00700,腾讯控股,2014-02-21,STRUCTURAL_DIVERGENCE,Stable,Consolidation,26.42678492138387,COST_DISADVANTAGE,Low,BULLISH_WARNING,55.0,Aligned,neutral,结构:STRUCTURAL_DIVERGENCE(A/A-); 阶段:Stable(B); 触发:Consolidation(C); 置信度:Low,PASSED,C,fallback
00700,腾讯控股,2014-02-28,STRUCTURAL_DIVERGENCE,Stable,Consolidation,26.41509637961636,COST_NEUTRAL,Low,BULLISH_WARNING,55.0,Aligned,neutral,结构:STRUCTURAL_DIVERGENCE(A/A-); 阶段:Stable(B); 触发:Consolidation(C); 置信度:Low,PASSED,C,fallback
00700,腾讯控股,2014-03-07,STRUCTURAL_DIVERGENCE,Stable,Consolidation,26.41509637961636,COST_NEUTRAL,Low,BULLISH_WARNING,55.0,Aligned,neutral,结构:STRUCTURAL_DIVERGENCE(A/A-); 阶段:Stable(B); 触发:Consolidation(C); 置信度:Low,PASSED,C,fallback
00700,腾讯控股,2014-03-14,STRUCTURAL_DIVERGENCE,Stable,Pullback,26.41509637961636,COST_NEUTRAL,Low,BULLISH_WARNING,55.0,Aligned,neutral,结构:STRUCTURAL_DIVERGENCE(A/A-); 阶段:Stable(B); 触发:Pullback(C); 置信度:Low,PASSED,C,fallback
00700,腾讯控股,2014-03-21,STRUCTURAL_DIVERGENCE,Stable,Pullback,26.41509637961636,COST_NEUTRAL,Low,BULLISH_WARNING,55.0,Aligned,neutral,结构:STRUCTURAL_DIVERGENCE(A/A-); 阶段:Stable(B); 触发:Pullback(C); 置信度:Low,PASSED,C,fallback
00700,腾讯控股,2014-03-28,STRUCTURAL_DIVERGENCE,Stable,Pullback,26.41509637961636,COST_NEUTRAL,Low,BULLISH_WARNING,55.0,Aligned,neutral,结构:STRUCTURAL_DIVERGENCE(A/A-); 阶段:Stable(B); 触发:Pullback(C); 置信度:Low,PASSED,C,fallback
00700,腾讯控股,2014-04-04,STRUCTURAL_DIVERGENCE,Deteriorating,Pullback,20.85155586068338,COST_DISADVANTAGE,Low,BULLISH_WARNING,55.0,Aligned,neutral,结构:STRUCTURAL_DIVERGENCE(A/A-); 阶段:Deteriorating(B); 触发:Pullback(C); 置信度:Low,PASSED,C,fallback
00700,腾讯控股,2014-04-11,STRUCTURAL_DIVERGENCE,Deteriorating,Pullback,20.85155586068338,COST_DISADVANTAGE,Low,BULLISH_WARNING,55.0,Aligned,neutral,结构:STRUCTURAL_DIVERGENCE(A/A-); 阶段:Deteriorating(B); 触发:Pullback(C); 置信度:Low,PASSED,C,fallback
00700,腾讯控股,2014-04-18,STRUCTURAL_DIVERGENCE,Deteriorating,Pullback,20.85155586068338,COST_DISADVANTAGE,Low,BULLISH_WARNING,55.0,Aligned,neutral,结构:STRUCTURAL_DIVERGENCE(A/A-); 阶段:Deteriorating(B); 触发:Pullback(C); 置信度:Low,PASSED,C,fallback
00700,腾讯控股,2014-04-25,STRUCTURAL_DIVERGENCE,Deteriorating,Pullback,20.85155586068338,COST_DISADVANTAGE,Low,BULLISH_WARNING,55.0,Aligned,neutral,结构:STRUCTURAL_DIVERGENCE(A/A-); 阶段:Deteriorating(B); 触发:Pullback(C); 置信度:Low,PASSED,C,fallback
00700,腾讯控股,2014-05-02,STRUCTURAL_DIVERGENCE,Deteriorating,Consolidation,22.20675070273894,COST_DISADVANTAGE,Low,BULLISH_WARNING,55.0,Aligned,neutral,结构:STRUCTURAL_DIVERGENCE(A/A-); 阶段:Deteriorating(B); 触发:Consolidation(C); 置信度:Low,PASSED,C,fallback
00700,腾讯控股,2014-05-09,STRUCTURAL_DIVERGENCE,Deteriorating,Consolidation,22.20675070273894,COST_DISADVANTAGE,Low,BULLISH_WARNING,55.0,Aligned,neutral,结构:STRUCTURAL_DIVERGENCE(A/A-); 阶段:Deteriorating(B); 触发:Consolidation(C); 置信度:Low,PASSED,C,fallback
00700,腾讯控股,2014-05-16,STRUCTURAL_DIVERGENCE,Deteriorating,Consolidation,22.20675070273894,COST_DISADVANTAGE,Low,BULLISH_WARNING,55.0,Aligned,neutral,结构:STRUCTURAL_DIVERGENCE(A/A-); 阶段:Deteriorating(B); 触发:Consolidation(C); 置信度:Low,PASSED,C,fallback
00700,腾讯控股,2014-05-23,STRUCTURAL_DIVERGENCE,Deteriorating,Consolidation,22.20675070273894,COST_DISADVANTAGE,Low,BULLISH_WARNING,55.0,Aligned,neutral,结构:STRUCTURAL_DIVERGENCE(A/A-); 阶段:Deteriorating(B); 触发:Consolidation(C); 置信度:Low,PASSED,C,fallback
00700,腾讯控股,2014-05-30,STRUCTURAL_DIVERGENCE,Deteriorating,Consolidation,22.20675070273894,COST_DISADVANTAGE,Low,BULLISH_WARNING,55.0,Aligned,neutral,结构:STRUCTURAL_DIVERGENCE(A/A-); 阶段:Deteriorating(B); 触发:Consolidation(C); 置信度:Low,PASSED,C,fallback
00700,腾讯控股,2014-06-06,STRUCTURAL_DIVERGENCE,Improving,Consolidation,30.145933451306192,COST_DISADVANTAGE,Low,BULLISH_WARNING,55.0,Aligned,neutral,结构:STRUCTURAL_DIVERGENCE(A/A-); 阶段:Improving(B); 触发:Consolidation(C); 置信度:Low,PASSED,C,fallback
00700,腾讯控股,2014-06-13,STRUCTURAL_DIVERGENCE,Improving,Consolidation,30.145933451306192,COST_DISADVANTAGE,Low,BULLISH_WARNING,55.0,Aligned,neutral,结构:STRUCTURAL_DIVERGENCE(A/A-); 阶段:Improving(B); 触发:Consolidation(C); 置信度:Low,PASSED,C,fallback
00700,腾讯控股,2014-06-20,STRUCTURAL_DIVERGENCE,Improving,Consolidation,30.145933451306192,COST_DISADVANTAGE,Low,BULLISH_WARNING,55.0,Aligned,neutral,结构:STRUCTURAL_DIVERGENCE(A/A-); 阶段:Improving(B); 触发:Consolidation(C); 置信度:Low,PASSED,C,fallback
00700,腾讯控股,2014-06-27,STRUCTURAL_DIVERGENCE,Improving,Consolidation,30.145933451306192,COST_DISADVANTAGE,Low,BULLISH_WARNING,55.0,Aligned,neutral,结构:STRUCTURAL_DIVERGENCE(A/A-); 阶段:Improving(B); 触发:Consolidation(C); 置信度:Low,PASSED,C,fallback
00700,腾讯控股,2014-07-04,STRUCTURAL_DIVERGENCE,Improving,Consolidation,43.46156480900019,COST_DISADVANTAGE,Low,BULLISH_WARNING,55.0,Aligned,neutral,结构:STRUCTURAL_DIVERGENCE(A/A-); 阶段:Improving(B); 触发:Consolidation(C); 置信度:Low,PASSED,C,fallback
00700,腾讯控股,2014-07-11,STRUCTURAL_DIVERGENCE,Improving,Consolidation,43.46156480900019,COST_DISADVANTAGE,Low,BULLISH_WARNING,55.0,Aligned,neutral,结构:STRUCTURAL_DIVERGENCE(A/A-); 阶段:Improving(B); 触发:Consolidation(C); 置信度:Low,PASSED,C,fallback
00700,腾讯控股,2014-07-18,STRUCTURAL_DIVERGENCE,Improving,Consolidation,43.46156480900019,COST_DISADVANTAGE,Low,BULLISH_WARNING,55.0,Aligned,neutral,结构:STRUCTURAL_DIVERGENCE(A/A-); 阶段:Improving(B); 触发:Consolidation(C); 置信度:Low,PASSED,C,fallback
00700,腾讯控股,2014-07-25,STRUCTURAL_DIVERGENCE,Improving,Consolidation,43.46156480900019,COST_DISADVANTAGE,Low,BULLISH_WARNING,55.0,Aligned,neutral,结构:STRUCTURAL_DIVERGENCE(A/A-); 阶段:Improving(B); 触发:Consolidation(C); 置信度:Low,PASSED,C,fallback
00700,腾讯控股,2014-08-01,STRUCTURAL_DIVERGENCE,Improving,Consolidation,35.28534757018091,COST_DISADVANTAGE,Low,BULLISH_WARNING,55.0,Aligned,neutral,结构:STRUCTURAL_DIVERGENCE(A/A-); 阶段:Improving(B); 触发:Consolidation(C); 置信度:Low,PASSED,C,fallback
00700,腾讯控股,2014-08-08,STRUCTURAL_DIVERGENCE,Improving,Consolidation,35.28534757018091,COST_DISADVANTAGE,Low,BULLISH_WARNING,55.0,Aligned,neutral,结构:STRUCTURAL_DIVERGENCE(A/A-); 阶段:Improving(B); 触发:Consolidation(C); 置信度:Low,PASSED,C,fallback
00700,腾讯控股,2014-08-15,STRUCTURAL_DIVERGENCE,Improving,Consolidation,35.28534757018091,COST_DISADVANTAGE,Low,BULLISH_WARNING,55.0,Aligned,neutral,结构:STRUCTURAL_DIVERGENCE(A/A-); 阶段:Improving(B); 触发:Consolidation(C); 置信度:Low,PASSED,C,fallback
00700,腾讯控股,2014-08-22,STRUCTURAL_DIVERGENCE,Improving,Consolidation,35.28534757018091,COST_DISADVANTAGE,Low,BULLISH_WARNING,55.0,Aligned,neutral,结构:STRUCTURAL_DIVERGENCE(A/A-); 阶段:Improving(B); 触发:Consolidation(C); 置信度:Low,PASSED,C,fallback
00700,腾讯控股,2014-08-29,STRUCTURAL_DIVERGENCE,Improving,Pullback,35.28534757018091,COST_DISADVANTAGE,Low,BULLISH_WARNING,55.0,Aligned,neutral,结构:STRUCTURAL_DIVERGENCE(A/A-); 阶段:Improving(B); 触发:Pullback(C); 置信度:Low,PASSED,C,fallback
00700,腾讯控股,2014-09-05,STRUCTURAL_DIVERGENCE,Deteriorating,Consolidation,41.86539469996332,COST_DISADVANTAGE,Low,BULLISH_WARNING,55.0,Aligned,neutral,结构:STRUCTURAL_DIVERGENCE(A/A-); 阶段:Deteriorating(B); 触发:Consolidation(C); 置信度:Low,PASSED,C,fallback
00700,腾讯控股,2014-09-12,STRUCTURAL_DIVERGENCE,Deteriorating,Pullback,41.86539469996332,COST_DISADVANTAGE,Low,BULLISH_WARNING,55.0,Aligned,neutral,结构:STRUCTURAL_DIVERGENCE(A/A-); 阶段:Deteriorating(B); 触发:Pullback(C); 置信度:Low,PASSED,C,fallback
00700,腾讯控股,2014-09-19,STRUCTURAL_DIVERGENCE,Deteriorating,Pullback,41.86539469996332,COST_DISADVANTAGE,Low,BULLISH_WARNING,55.0,Aligned,neutral,结构:STRUCTURAL_DIVERGENCE(A/A-); 阶段:Deteriorating(B); 触发:Pullback(C); 置信度:Low,PASSED,C,fallback
00700,腾讯控股,2014-09-26,STRUCTURAL_DIVERGENCE,Deteriorating,Consolidation,41.86539469996332,COST_DISADVANTAGE,Low,BULLISH_WARNING,55.0,Aligned,neutral,结构:STRUCTURAL_DIVERGENCE(A/A-); 阶段:Deteriorating(B); 触发:Consolidation(C); 置信度:Low,PASSED,C,fallback
00700,腾讯控股,2014-10-03,STRUCTURAL_DIVERGENCE,Stable,Consolidation,37.32728073621057,COST_DISADVANTAGE,Low,BULLISH_WARNING,55.0,Aligned,neutral,结构:STRUCTURAL_DIVERGENCE(A/A-); 阶段:Stable(B); 触发:Consolidation(C); 置信度:Low,PASSED,C,fallback
00700,腾讯控股,2014-10-10,STRUCTURAL_DIVERGENCE,Stable,Consolidation,37.32728073621057,COST_DISADVANTAGE,Low,BULLISH_WARNING,55.0,Aligned,neutral,结构:STRUCTURAL_DIVERGENCE(A/A-); 阶段:Stable(B); 触发:Consolidation(C); 置信度:Low,PASSED,C,fallback
00700,腾讯控股,2014-10-17,STRUCTURAL_DIVERGENCE,Stable,Consolidation,37.32728073621057,COST_DISADVANTAGE,Low,BULLISH_WARNING,55.0,Aligned,neutral,结构:STRUCTURAL_DIVERGENCE(A/A-); 阶段:Stable(B); 触发:Consolidation(C); 置信度:Low,PASSED,C,fallback
00700,腾讯控股,2014-10-24,STRUCTURAL_DIVERGENCE,Stable,Consolidation,37.32728073621057,COST_DISADVANTAGE,Low,BULLISH_WARNING,55.0,Aligned,neutral,结构:STRUCTURAL_DIVERGENCE(A/A-); 阶段:Stable(B); 触发:Consolidation(C); 置信度:Low,PASSED,C,fallback
00700,腾讯控股,2014-10-31,STRUCTURAL_DIVERGENCE,Improving,Consolidation,51.496345361197335,COST_DISADVANTAGE,Low,BULLISH_WARNING,55.0,Aligned,neutral,结构:STRUCTURAL_DIVERGENCE(A/A-); 阶段:Improving(B); 触发:Consolidation(C); 置信度:Low,PASSED,C,fallback
00700,腾讯控股,2014-11-07,STRUCTURAL_DIVERGENCE,Improving,Consolidation,51.496345361197335,COST_DISADVANTAGE,Low,BULLISH_WARNING,55.0,Aligned,neutral,结构:STRUCTURAL_DIVERGENCE(A/A-); 阶段:Improving(B); 触发:Consolidation(C); 置信度:Low,PASSED,C,fallback
00700,腾讯控股,2014-11-14,STRUCTURAL_DIVERGENCE,Improving,Consolidation,51.496345361197335,COST_DISADVANTAGE,Medium,BULLISH_WARNING,55.0,Aligned,neutral,结构:STRUCTURAL_DIVERGENCE(A/A-); 阶段:Improving(B); 触发:Consolidation(C); 置信度:Medium,PASSED,B,fallback
00700,腾讯控股,2014-11-21,STRUCTURAL_DIVERGENCE,Improving,Pullback,51.496345361197335,COST_DISADVANTAGE,Medium,BULLISH_WARNING,55.0,Aligned,neutral,结构:STRUCTURAL_DIVERGENCE(A/A-); 阶段:Improving(B); 触发:Pullback(C); 置信度:Medium,PASSED,B,fallback
00700,腾讯控股,2014-11-28,STRUCTURAL_DIVERGENCE,Improving,Pullback,51.496345361197335,COST_DISADVANTAGE,Medium,BULLISH_WARNING,55.0,Aligned,neutral,结构:STRUCTURAL_DIVERGENCE(A/A-); 阶段:Improving(B); 触发:Pullback(C); 置信度:Medium,PASSED,B,fallback
00700,腾讯控股,2014-12-05,STRUCTURAL_DIVERGENCE,Stable,Consolidation,39.38085975815414,COST_DISADVANTAGE,Low,BULLISH_WARNING,55.0,Aligned,neutral,结构:STRUCTURAL_DIVERGENCE(A/A-); 阶段:Stable(B); 触发:Consolidation(C); 置信度:Low,PASSED,B,fallback
00700,腾讯控股,2014-12-12,STRUCTURAL_DIVERGENCE,Stable,Consolidation,39.38085975815414,COST_DISADVANTAGE,Low,BULLISH_WARNING,55.0,Aligned,neutral,结构:STRUCTURAL_DIVERGENCE(A/A-); 阶段:Stable(B); 触发:Consolidation(C); 置信度:Low,PASSED,B,fallback
00700,腾讯控股,2014-12-19,STRUCTURAL_DIVERGENCE,Stable,Consolidation,39.38085975815414,COST_DISADVANTAGE,Low,BULLISH_WARNING,55.0,Aligned,neutral,结构:STRUCTURAL_DIVERGENCE(A/A-); 阶段:Stable(B); 触发:Consolidation(C); 置信度:Low,PASSED,B,fallback
00700,腾讯控股,2014-12-26,STRUCTURAL_DIVERGENCE,Stable,Consolidation,39.38085975815414,COST_DISADVANTAGE,Low,BULLISH_WARNING,55.0,Aligned,neutral,结构:STRUCTURAL_DIVERGENCE(A/A-); 阶段:Stable(B); 触发:Consolidation(C); 置信度:Low,PASSED,B,fallback
00700,腾讯控股,2015-01-02,STRUCTURAL_DIVERGENCE,Deteriorating,Consolidation,33.93130675939342,COST_DISADVANTAGE,Low,BULLISH_WARNING,55.0,Aligned,neutral,结构:STRUCTURAL_DIVERGENCE(A/A-); 阶段:Deteriorating(B); 触发:Consolidation(C); 置信度:Low,PASSED,B,fallback
00700,腾讯控股,2015-01-09,STRUCTURAL_DIVERGENCE,Deteriorating,Consolidation,33.93130675939342,COST_DISADVANTAGE,Low,BULLISH_WARNING,55.0,Aligned,neutral,结构:STRUCTURAL_DIVERGENCE(A/A-); 阶段:Deteriorating(B); 触发:Consolidation(C); 置信度:Low,PASSED,B,fallback
00700,腾讯控股,2015-01-16,STRUCTURAL_DIVERGENCE,Deteriorating,Consolidation,33.93130675939342,COST_DISADVANTAGE,Low,BULLISH_WARNING,55.0,Aligned,neutral,结构:STRUCTURAL_DIVERGENCE(A/A-); 阶段:Deteriorating(B); 触发:Consolidation(C); 置信度:Low,PASSED,B,fallback
00700,腾讯控股,2015-01-23,STRUCTURAL_DIVERGENCE,Deteriorating,Consolidation,33.93130675939342,COST_DISADVANTAGE,Low,BULLISH_WARNING,55.0,Aligned,neutral,结构:STRUCTURAL_DIVERGENCE(A/A-); 阶段:Deteriorating(B); 触发:Consolidation(C); 置信度:Low,PASSED,B,fallback
00700,腾讯控股,2015-01-30,STRUCTURAL_DIVERGENCE,Deteriorating,Consolidation,33.93130675939342,COST_DISADVANTAGE,Low,BULLISH_WARNING,55.0,Aligned,neutral,结构:STRUCTURAL_DIVERGENCE(A/A-); 阶段:Deteriorating(B); 触发:Consolidation(C); 置信度:Low,PASSED,B,fallback
00700,腾讯控股,2015-02-06,STRUCTURAL_DIVERGENCE,Improving,Consolidation,32.32785800441726,COST_DISADVANTAGE,Low,BULLISH_WARNING,55.0,Aligned,neutral,结构:STRUCTURAL_DIVERGENCE(A/A-); 阶段:Improving(B); 触发:Consolidation(C); 置信度:Low,PASSED,B,fallback
00700,腾讯控股,2015-02-13,STRUCTURAL_DIVERGENCE,Improving,Consolidation,32.32785800441726,COST_DISADVANTAGE,Low,BULLISH_WARNING,55.0,Aligned,neutral,结构:STRUCTURAL_DIVERGENCE(A/A-); 阶段:Improving(B); 触发:Consolidation(C); 置信度:Low,PASSED,B,fallback
00700,腾讯控股,2015-02-20,STRUCTURAL_DIVERGENCE,Improving,Consolidation,32.32785800441726,COST_DISADVANTAGE,Low,BULLISH_WARNING,55.0,Aligned,neutral,结构:STRUCTURAL_DIVERGENCE(A/A-); 阶段:Improving(B); 触发:Consolidation(C); 置信度:Low,PASSED,B,fallback
00700,腾讯控股,2015-02-27,STRUCTURAL_DIVERGENCE,Improving,Consolidation,32.32785800441726,COST_DISADVANTAGE,Low,BULLISH_WARNING,55.0,Aligned,neutral,结构:STRUCTURAL_DIVERGENCE(A/A-); 阶段:Improving(B); 触发:Consolidation(C); 置信度:Low,PASSED,B,fallback
00700,腾讯控股,2015-03-06,STRUCTURAL_DIVERGENCE,Improving,Pullback,50.37511648265571,COST_DISADVANTAGE,Medium,BULLISH_WARNING,55.0,Aligned,neutral,结构:STRUCTURAL_DIVERGENCE(A/A-); 阶段:Improving(B); 触发:Pullback(C); 置信度:Medium,PASSED,B,fallback
00700,腾讯控股,2015-03-13,STRUCTURAL_DIVERGENCE,Improving,Consolidation,50.37511648265571,COST_DISADVANTAGE,Medium,BULLISH_WARNING,55.0,Aligned,neutral,结构:STRUCTURAL_DIVERGENCE(A/A-); 阶段:Improving(B); 触发:Consolidation(C); 置信度:Medium,PASSED,B,fallback
00700,腾讯控股,2015-03-20,STRUCTURAL_DIVERGENCE,Improving,Consolidation,50.37511648265571,COST_DISADVANTAGE,Medium,BULLISH_WARNING,55.0,Aligned,neutral,结构:STRUCTURAL_DIVERGENCE(A/A-); 阶段:Improving(B); 触发:Consolidation(C); 置信度:Medium,PASSED,B,fallback
00700,腾讯控股,2015-03-27,STRUCTURAL_DIVERGENCE,Improving,Consolidation,50.37511648265571,COST_DISADVANTAGE,Medium,BULLISH_WARNING,55.0,Aligned,neutral,结构:STRUCTURAL_DIVERGENCE(A/A-); 阶段:Improving(B); 触发:Consolidation(C); 置信度:Medium,PASSED,B,fallback
00700,腾讯控股,2015-04-03,STRUCTURAL_DIVERGENCE,Improving,Consolidation,35.888175328687346,COST_DISADVANTAGE,Low,BULLISH_WARNING,55.0,Aligned,risk_on,结构:STRUCTURAL_DIVERGENCE(A/A-); 阶段:Improving(B); 触发:Consolidation(C); 置信度:Low,PASSED,B,fallback
00700,腾讯控股,2015-04-10,STRUCTURAL_DIVERGENCE,Improving,Consolidation,35.888175328687346,COST_DISADVANTAGE,Low,BULLISH_WARNING,55.0,Aligned,risk_off,结构:STRUCTURAL_DIVERGENCE(A/A-); 阶段:Improving(B); 触发:Consolidation(C); 置信度:Low,PASSED,B,fallback
00700,腾讯控股,2015-04-17,STRUCTURAL_DIVERGENCE,Improving,Consolidation,35.888175328687346,COST_DISADVANTAGE,Low,BULLISH_WARNING,55.0,Aligned,risk_on,结构:STRUCTURAL_DIVERGENCE(A/A-); 阶段:Improving(B); 触发:Consolidation(C); 置信度:Low,PASSED,B,fallback
00700,腾讯控股,2015-04-24,STRUCTURAL_DIVERGENCE,Improving,Consolidation,35.888175328687346,COST_DISADVANTAGE,Low,BULLISH_WARNING,55.0,Aligned,risk_on,结构:STRUCTURAL_DIVERGENCE(A/A-); 阶段:Improving(B); 触发:Consolidation(C); 置信度:Low,PASSED,B,fallback
00700,腾讯控股,2015-05-01,STRUCTURAL_DIVERGENCE,Stable,Consolidation,27.6572275955557,COST_NEUTRAL,Low,BULLISH_WARNING,55.0,Aligned,risk_on,结构:STRUCTURAL_DIVERGENCE(A/A-); 阶段:Stable(B); 触发:Consolidation(C); 置信度:Low,PASSED,B,fallback
00700,腾讯控股,2015-05-08,STRUCTURAL_DIVERGENCE,Stable,Pullback,27.6572275955557,COST_NEUTRAL,Low,BULLISH_WARNING,55.0,Aligned,risk_on,结构:STRUCTURAL_DIVERGENCE(A/A-); 阶段:Stable(B); 触发:Pullback(C); 置信度:Low,PASSED,B,fallback
00700,腾讯控股,2015-05-15,STRUCTURAL_ACCUMULATION,Stable,Consolidation,27.6572275955557,COST_NEUTRAL,Medium,BULLISH_STABLE,75.0,Aligned,risk_on,结构:STRUCTURAL_ACCUMULATION(A/A-); 阶段:Stable(B); 触发:Consolidation(C); 置信度:Medium,PASSED,C,fallback
00700,腾讯控股,2015-05-22,STRUCTURAL_ACCUMULATION,Stable,Consolidation,27.6572275955557,COST_NEUTRAL,Medium,BULLISH_STABLE,75.0,Aligned,risk_on,结构:STRUCTURAL_ACCUMULATION(A/A-); 阶段:Stable(B); 触发:Consolidation(C); 置信度:Medium,PASSED,C,fallback
00700,腾讯控股,2015-05-29,STRUCTURAL_ACCUMULATION,Stable,Pullback,27.6572275955557,COST_NEUTRAL,Medium,BULLISH_STABLE,75.0,Aligned,risk_on,结构:STRUCTURAL_ACCUMULATION(A/A-); 阶段:Stable(B); 触发:Pullback(C); 置信度:Medium,PASSED,C,fallback
00700,腾讯控股,2015-06-05,STRUCTURAL_ACCUMULATION,Deteriorating,Pullback,49.900668230417295,COST_DISADVANTAGE,Medium,BULLISH_STABLE,75.0,Divergence,risk_on,结构:STRUCTURAL_ACCUMULATION(A/A-); 阶段:Deteriorating(B); 触发:Pullback(C); 置信度:Medium,PASSED,C,fallback
00700,腾讯控股,2015-06-12,STRUCTURAL_ACCUMULATION,Deteriorating,Consolidation,49.900668230417295,COST_DISADVANTAGE,Medium,BULLISH_STABLE,75.0,Divergence,risk_on,结构:STRUCTURAL_ACCUMULATION(A/A-); 阶段:Deteriorating(B); 触发:Consolidation(C); 置信度:Medium,PASSED,C,fallback
00700,腾讯控股,2015-06-19,STRUCTURAL_ACCUMULATION,Deteriorating,Pullback,49.900668230417295,COST_DISADVANTAGE,Medium,BULLISH_STABLE,75.0,Divergence,risk_on,结构:STRUCTURAL_ACCUMULATION(A/A-); 阶段:Deteriorating(B); 触发:Pullback(C); 置信度:Medium,PASSED,C,fallback
00700,腾讯控股,2015-06-26,STRUCTURAL_ACCUMULATION,Deteriorating,Consolidation,49.900668230417295,COST_DISADVANTAGE,Medium,BULLISH_STABLE,75.0,Divergence,risk_on,结构:STRUCTURAL_ACCUMULATION(A/A-); 阶段:Deteriorating(B); 触发:Consolidation(C); 置信度:Medium,PASSED,C,fallback
00700,腾讯控股,2015-07-03,STRUCTURAL_ACCUMULATION,Stable,Pullback,52.85963228784737,COST_DISADVANTAGE,Medium,BULLISH_STABLE,75.0,Aligned,risk_on,结构:STRUCTURAL_ACCUMULATION(A/A-); 阶段:Stable(B); 触发:Pullback(C); 置信度:Medium,PASSED,C,fallback
00700,腾讯控股,2015-07-10,STRUCTURAL_ACCUMULATION,Stable,Consolidation,52.85963228784737,COST_DISADVANTAGE,Medium,BULLISH_STABLE,75.0,Aligned,risk_off,结构:STRUCTURAL_ACCUMULATION(A/A-); 阶段:Stable(B); 触发:Consolidation(C); 置信度:Medium,PASSED,C,fallback
00700,腾讯控股,2015-07-17,STRUCTURAL_ACCUMULATION,Stable,Pullback,52.85963228784737,COST_DISADVANTAGE,Medium,BULLISH_STABLE,75.0,Aligned,risk_off,结构:STRUCTURAL_ACCUMULATION(A/A-); 阶段:Stable(B); 触发:Pullback(C); 置信度:Medium,PASSED,C,fallback
00700,腾讯控股,2015-07-24,STRUCTURAL_ACCUMULATION,Stable,Pullback,52.85963228784737,COST_DISADVANTAGE,Medium,BULLISH_STABLE,75.0,Aligned,risk_off,结构:STRUCTURAL_ACCUMULATION(A/A-); 阶段:Stable(B); 触发:Pullback(C); 置信度:Medium,PASSED,C,fallback
00700,腾讯控股,2015-07-31,STRUCTURAL_ACCUMULATION,Deteriorating,Consolidation,36.907328584457005,COST_DISADVANTAGE,Medium,BULLISH_STABLE,75.0,Divergence,risk_off,结构:STRUCTURAL_ACCUMULATION(A/A-); 阶段:Deteriorating(B); 触发:Consolidation(C); 置信度:Medium,PASSED,C,fallback
00700,腾讯控股,2015-08-07,STRUCTURAL_ACCUMULATION,Deteriorating,Consolidation,36.907328584457005,COST_DISADVANTAGE,Medium,BULLISH_STABLE,75.0,Divergence,risk_off,结构:STRUCTURAL_ACCUMULATION(A/A-); 阶段:Deteriorating(B); 触发:Consolidation(C); 置信度:Medium,PASSED,C,fallback
00700,腾讯控股,2015-08-14,STRUCTURAL_ACCUMULATION,Deteriorating,Consolidation,36.907328584457005,COST_DISADVANTAGE,Medium,BULLISH_STABLE,75.0,Divergence,risk_off,结构:STRUCTURAL_ACCUMULATION(A/A-); 阶段:Deteriorating(B); 触发:Consolidation(C); 置信度:Medium,PASSED,B,fallback
00700,腾讯控股,2015-08-21,STRUCTURAL_ACCUMULATION,Deteriorating,Consolidation,36.907328584457005,COST_DISADVANTAGE,Medium,BULLISH_STABLE,75.0,Divergence,risk_off,结构:STRUCTURAL_ACCUMULATION(A/A-); 阶段:Deteriorating(B); 触发:Consolidation(C); 置信度:Medium,PASSED,B,fallback
00700,腾讯控股,2015-08-28,STRUCTURAL_ACCUMULATION,Deteriorating,Consolidation,36.907328584457005,COST_DISADVANTAGE,Medium,BULLISH_STABLE,75.0,Divergence,risk_off,结构:STRUCTURAL_ACCUMULATION(A/A-); 阶段:Deteriorating(B); 触发:Consolidation(C); 置信度:Medium,PASSED,B,fallback
00700,腾讯控股,2015-09-04,STRUCTURAL_ACCUMULATION,Deteriorating,Consolidation,35.581316257873866,COST_DISADVANTAGE,Medium,BULLISH_STABLE,75.0,Divergence,risk_off,结构:STRUCTURAL_ACCUMULATION(A/A-); 阶段:Deteriorating(B); 触发:Consolidation(C); 置信度:Medium,PASSED,B,fallback
00700,腾讯控股,2015-09-11,STRUCTURAL_ACCUMULATION,Deteriorating,Consolidation,35.581316257873866,COST_DISADVANTAGE,Medium,BULLISH_STABLE,75.0,Divergence,risk_off,结构:STRUCTURAL_ACCUMULATION(A/A-); 阶段:Deteriorating(B); 触发:Consolidation(C); 置信度:Medium,PASSED,B,fallback
00700,腾讯控股,2015-09-18,STRUCTURAL_ACCUMULATION,Deteriorating,Consolidation,35.581316257873866,COST_DISADVANTAGE,Medium,BULLISH_STABLE,75.0,Divergence,risk_off,结构:STRUCTURAL_ACCUMULATION(A/A-); 阶段:Deteriorating(B); 触发:Consolidation(C); 置信度:Medium,PASSED,B,fallback
00700,腾讯控股,2015-09-25,STRUCTURAL_ACCUMULATION,Deteriorating,Consolidation,35.581316257873866,COST_DISADVANTAGE,Medium,BULLISH_STABLE,75.0,Divergence,risk_off,结构:STRUCTURAL_ACCUMULATION(A/A-); 阶段:Deteriorating(B); 触发:Consolidation(C); 置信度:Medium,PASSED,B,fallback
00700,腾讯控股,2015-10-02,STRUCTURAL_ACCUMULATION,Stable,Consolidation,44.3435726505134,COST_DISADVANTAGE,Medium,BULLISH_STABLE,75.0,Aligned,risk_off,结构:STRUCTURAL_ACCUMULATION(A/A-); 阶段:Stable(B); 触发:Consolidation(C); 置信度:Medium,PASSED,B,fallback
00700,腾讯控股,2015-10-09,STRUCTURAL_ACCUMULATION,Stable,Consolidation,44.3435726505134,COST_DISADVANTAGE,Medium,BULLISH_STABLE,75.0,Aligned,risk_off,结构:STRUCTURAL_ACCUMULATION(A/A-); 阶段:Stable(B); 触发:Consolidation(C); 置信度:Medium,PASSED,B,fallback
00700,腾讯控股,2015-10-16,STRUCTURAL_ACCUMULATION,Stable,Consolidation,44.3435726505134,COST_DISADVANTAGE,Medium,BULLISH_STABLE,75.0,Aligned,risk_off,结构:STRUCTURAL_ACCUMULATION(A/A-); 阶段:Stable(B); 触发:Consolidation(C); 置信度:Medium,PASSED,B,fallback
00700,腾讯控股,2015-10-23,STRUCTURAL_ACCUMULATION,Stable,Consolidation,44.3435726505134,COST_DISADVANTAGE,Medium,BULLISH_STABLE,75.0,Aligned,risk_off,结构:STRUCTURAL_ACCUMULATION(A/A-); 阶段:Stable(B); 触发:Consolidation(C); 置信度:Medium,PASSED,B,fallback
00700,腾讯控股,2015-10-30,STRUCTURAL_ACCUMULATION,Stable,Consolidation,44.3435726505134,COST_DISADVANTAGE,Medium,BULLISH_STABLE,75.0,Aligned,risk_off,结构:STRUCTURAL_ACCUMULATION(A/A-); 阶段:Stable(B); 触发:Consolidation(C); 置信度:Medium,PASSED,B,fallback
00700,腾讯控股,2015-11-06,STRUCTURAL_ACCUMULATION,Improving,Consolidation,54.71549254179746,COST_DISADVANTAGE,Medium,BULLISH_STABLE,75.0,Aligned,risk_off,结构:STRUCTURAL_ACCUMULATION(A/A-); 阶段:Improving(B); 触发:Consolidation(C); 置信度:Medium,PASSED,B,matrix
00700,腾讯控股,2015-11-13,STRUCTURAL_ACCUMULATION,Improving,Consolidation,54.71549254179746,COST_DISADVANTAGE,Medium,BULLISH_STABLE,75.0,Aligned,risk_off,结构:STRUCTURAL_ACCUMULATION(A/A-); 阶段:Improving(B); 触发:Consolidation(C); 置信度:Medium,PASSED,B,matrix
00700,腾讯控股,2015-11-20,STRUCTURAL_ACCUMULATION,Improving,Consolidation,54.71549254179746,COST_DISADVANTAGE,Medium,BULLISH_STABLE,75.0,Aligned,risk_on,结构:STRUCTURAL_ACCUMULATION(A/A-); 阶段:Improving(B); 触发:Consolidation(C); 置信度:Medium,PASSED,B,matrix
00700,腾讯控股,2015-11-27,STRUCTURAL_ACCUMULATION,Improving,Consolidation,54.71549254179746,COST_DISADVANTAGE,Medium,BULLISH_STABLE,75.0,Aligned,neutral,结构:STRUCTURAL_ACCUMULATION(A/A-); 阶段:Improving(B); 触发:Consolidation(C); 置信度:Medium,PASSED,B,matrix
00700,腾讯控股,2015-12-04,STRUCTURAL_ACCUMULATION,Improving,Pullback,48.475961450172655,COST_DISADVANTAGE,Medium,BULLISH_STABLE,75.0,Aligned,risk_on,结构:STRUCTURAL_ACCUMULATION(A/A-); 阶段:Improving(B); 触发:Pullback(C); 置信度:Medium,PASSED,B,fallback
00700,腾讯控股,2015-12-11,STRUCTURAL_ACCUMULATION,Improving,Pullback,48.475961450172655,COST_DISADVANTAGE,Medium,BULLISH_STABLE,75.0,Aligned,neutral,结构:STRUCTURAL_ACCUMULATION(A/A-); 阶段:Improving(B); 触发:Pullback(C); 置信度:Medium,PASSED,B,fallback
00700,腾讯控股,2015-12-18,STRUCTURAL_ACCUMULATION,Improving,Consolidation,48.475961450172655,COST_DISADVANTAGE,Medium,BULLISH_STABLE,75.0,Aligned,neutral,结构:STRUCTURAL_ACCUMULATION(A/A-); 阶段:Improving(B); 触发:Consolidation(C); 置信度:Medium,PASSED,B,matrix
00700,腾讯控股,2015-12-25,STRUCTURAL_ACCUMULATION,Improving,Consolidation,48.475961450172655,COST_DISADVANTAGE,Medium,BULLISH_STABLE,75.0,Aligned,risk_on,结构:STRUCTURAL_ACCUMULATION(A/A-); 阶段:Improving(B); 触发:Consolidation(C); 置信度:Medium,PASSED,B,matrix
00700,腾讯控股,2016-01-01,STRUCTURAL_ACCUMULATION,Stable,Consolidation,46.33876211822509,COST_DISADVANTAGE,Medium,BULLISH_STABLE,75.0,Aligned,neutral,结构:STRUCTURAL_ACCUMULATION(A/A-); 阶段:Stable(B); 触发:Consolidation(C); 置信度:Medium,PASSED,B,fallback
00700,腾讯控股,2016-01-08,STRUCTURAL_ACCUMULATION,Stable,Consolidation,46.33876211822509,COST_DISADVANTAGE,Medium,BULLISH_STABLE,75.0,Aligned,risk_off,结构:STRUCTURAL_ACCUMULATION(A/A-); 阶段:Stable(B); 触发:Consolidation(C); 置信度:Medium,PASSED,B,fallback
00700,腾讯控股,2016-01-15,STRUCTURAL_ACCUMULATION,Stable,Consolidation,46.33876211822509,COST_DISADVANTAGE,Medium,BULLISH_STABLE,75.0,Aligned,risk_off,结构:STRUCTURAL_ACCUMULATION(A/A-); 阶段:Stable(B); 触发:Consolidation(C); 置信度:Medium,PASSED,B,fallback
00700,腾讯控股,2016-01-22,STRUCTURAL_ACCUMULATION,Stable,Consolidation,46.33876211822509,COST_DISADVANTAGE,Medium,BULLISH_STABLE,75.0,Aligned,risk_off,结构:STRUCTURAL_ACCUMULATION(A/A-); 阶段:Stable(B); 触发:Consolidation(C); 置信度:Medium,PASSED,B,fallback
00700,腾讯控股,2016-01-29,STRUCTURAL_ACCUMULATION,Stable,Consolidation,46.33876211822509,COST_DISADVANTAGE,Medium,BULLISH_STABLE,75.0,Aligned,risk_off,结构:STRUCTURAL_ACCUMULATION(A/A-); 阶段:Stable(B); 触发:Consolidation(C); 置信度:Medium,PASSED,B,fallback
00700,腾讯控股,2016-02-05,STRUCTURAL_ACCUMULATION,Deteriorating,Consolidation,39.62491004947603,COST_DISADVANTAGE,Medium,BULLISH_STABLE,75.0,Divergence,risk_off,结构:STRUCTURAL_ACCUMULATION(A/A-); 阶段:Deteriorating(B); 触发:Consolidation(C); 置信度:Medium,PASSED,B,fallback
00700,腾讯控股,2016-02-12,STRUCTURAL_ACCUMULATION,Deteriorating,Consolidation,39.62491004947603,COST_DISADVANTAGE,Medium,BULLISH_STABLE,75.0,Divergence,risk_off,结构:STRUCTURAL_ACCUMULATION(A/A-); 阶段:Deteriorating(B); 触发:Consolidation(C); 置信度:Medium,PASSED,B,fallback
00700,腾讯控股,2016-02-19,STRUCTURAL_ACCUMULATION,Deteriorating,Consolidation,39.62491004947603,COST_DISADVANTAGE,Medium,BULLISH_STABLE,75.0,Divergence,risk_off,结构:STRUCTURAL_ACCUMULATION(A/A-); 阶段:Deteriorating(B); 触发:Consolidation(C); 置信度:Medium,PASSED,B,fallback
00700,腾讯控股,2016-02-26,STRUCTURAL_ACCUMULATION,Deteriorating,Consolidation,39.62491004947603,COST_DISADVANTAGE,Medium,BULLISH_STABLE,75.0,Divergence,risk_off,结构:STRUCTURAL_ACCUMULATION(A/A-); 阶段:Deteriorating(B); 触发:Consolidation(C); 置信度:Medium,PASSED,B,fallback
00700,腾讯控股,2016-03-04,STRUCTURAL_ACCUMULATION,Deteriorating,Consolidation,57.6134526597569,COST_DISADVANTAGE,Medium,BULLISH_STABLE,75.0,Divergence,risk_off,结构:STRUCTURAL_ACCUMULATION(A/A-); 阶段:Deteriorating(B); 触发:Consolidation(C); 置信度:Medium,PASSED,B,fallback
00700,腾讯控股,2016-03-11,STRUCTURAL_ACCUMULATION,Deteriorating,Consolidation,57.6134526597569,COST_DISADVANTAGE,Medium,BULLISH_STABLE,75.0,Divergence,risk_off,结构:STRUCTURAL_ACCUMULATION(A/A-); 阶段:Deteriorating(B); 触发:Consolidation(C); 置信度:Medium,PASSED,B,fallback
00700,腾讯控股,2016-03-18,STRUCTURAL_ACCUMULATION,Deteriorating,Consolidation,57.6134526597569,COST_DISADVANTAGE,Medium,BULLISH_STABLE,75.0,Divergence,risk_off,结构:STRUCTURAL_ACCUMULATION(A/A-); 阶段:Deteriorating(B); 触发:Consolidation(C); 置信度:Medium,PASSED,B,fallback
00700,腾讯控股,2016-03-25,STRUCTURAL_ACCUMULATION,Deteriorating,Consolidation,57.6134526597569,COST_DISADVANTAGE,Medium,BULLISH_STABLE,75.0,Divergence,risk_off,结构:STRUCTURAL_ACCUMULATION(A/A-); 阶段:Deteriorating(B); 触发:Consolidation(C); 置信度:Medium,PASSED,B,fallback
00700,腾讯控股,2016-04-01,STRUCTURAL_ACCUMULATION,Improving,Consolidation,44.189313251368304,COST_DISADVANTAGE,Medium,BULLISH_STABLE,75.0,Aligned,risk_off,结构:STRUCTURAL_ACCUMULATION(A/A-); 阶段:Improving(B); 触发:Consolidation(C); 置信度:Medium,PASSED,B,matrix
00700,腾讯控股,2016-04-08,STRUCTURAL_ACCUMULATION,Improving,Consolidation,44.189313251368304,COST_DISADVANTAGE,Medium,BULLISH_STABLE,75.0,Aligned,neutral,结构:STRUCTURAL_ACCUMULATION(A/A-); 阶段:Improving(B); 触发:Consolidation(C); 置信度:Medium,PASSED,B,matrix
00700,腾讯控股,2016-04-15,STRUCTURAL_ACCUMULATION,Improving,Consolidation,44.189313251368304,COST_DISADVANTAGE,Medium,BULLISH_STABLE,75.0,Aligned,risk_on,结构:STRUCTURAL_ACCUMULATION(A/A-); 阶段:Improving(B); 触发:Consolidation(C); 置信度:Medium,PASSED,B,matrix
00700,腾讯控股,2016-04-22,STRUCTURAL_ACCUMULATION,Improving,Consolidation,44.189313251368304,COST_DISADVANTAGE,Medium,BULLISH_STABLE,75.0,Aligned,risk_on,结构:STRUCTURAL_ACCUMULATION(A/A-); 阶段:Improving(B); 触发:Consolidation(C); 置信度:Medium,PASSED,B,matrix
00700,腾讯控股,2016-04-29,STRUCTURAL_ACCUMULATION,Improving,Pullback,44.189313251368304,COST_DISADVANTAGE,Medium,BULLISH_STABLE,75.0,Aligned,risk_on,结构:STRUCTURAL_ACCUMULATION(A/A-); 阶段:Improving(B); 触发:Pullback(C); 置信度:Medium,PASSED,B,fallback
00700,腾讯控股,2016-05-06,STRUCTURAL_ACCUMULATION,Stable,Pullback,64.95740436895366,COST_DISADVANTAGE,Medium,BULLISH_STABLE,75.0,Aligned,risk_on,结构:STRUCTURAL_ACCUMULATION(A/A-); 阶段:Stable(B); 触发:Pullback(C); 置信度:Medium,PASSED,B,fallback
00700,腾讯控股,2016-05-13,STRUCTURAL_ACCUMULATION,Stable,Pullback,64.95740436895366,COST_DISADVANTAGE,Medium,BULLISH_STABLE,75.0,Aligned,risk_on,结构:STRUCTURAL_ACCUMULATION(A/A-); 阶段:Stable(B); 触发:Pullback(C); 置信度:Medium,PASSED,B,fallback
00700,腾讯控股,2016-05-20,STRUCTURAL_ACCUMULATION,Stable,Consolidation,64.95740436895366,COST_DISADVANTAGE,Medium,BULLISH_STABLE,75.0,Aligned,neutral,结构:STRUCTURAL_ACCUMULATION(A/A-); 阶段:Stable(B); 触发:Consolidation(C); 置信度:Medium,PASSED,C,fallback
00700,腾讯控股,2016-05-27,STRUCTURAL_ACCUMULATION,Stable,Consolidation,64.95740436895366,COST_DISADVANTAGE,Medium,BULLISH_STABLE,75.0,Aligned,risk_on,结构:STRUCTURAL_ACCUMULATION(A/A-); 阶段:Stable(B); 触发:Consolidation(C); 置信度:Medium,PASSED,C,fallback
00700,腾讯控股,2016-06-03,STRUCTURAL_ACCUMULATION,Improving,Consolidation,42.12974443236192,COST_NEUTRAL,Medium,BULLISH_STABLE,75.0,Aligned,risk_on,结构:STRUCTURAL_ACCUMULATION(A/A-); 阶段:Improving(B); 触发:Consolidation(C); 置信度:Medium,PASSED,C,matrix
00700,腾讯控股,2016-06-10,STRUCTURAL_ACCUMULATION,Improving,Consolidation,42.12974443236192,COST_NEUTRAL,Medium,BULLISH_STABLE,75.0,Aligned,risk_on,结构:STRUCTURAL_ACCUMULATION(A/A-); 阶段:Improving(B); 触发:Consolidation(C); 置信度:Medium,PASSED,C,matrix
00700,腾讯控股,2016-06-17,STRUCTURAL_ACCUMULATION,Improving,Consolidation,42.12974443236192,COST_NEUTRAL,Medium,BULLISH_STABLE,75.0,Aligned,risk_off,结构:STRUCTURAL_ACCUMULATION(A/A-); 阶段:Improving(B); 触发:Consolidation(C); 置信度:Medium,PASSED,C,matrix
00700,腾讯控股,2016-06-24,STRUCTURAL_ACCUMULATION,Improving,Consolidation,42.12974443236192,COST_NEUTRAL,Medium,BULLISH_STABLE,75.0,Aligned,risk_off,结构:STRUCTURAL_ACCUMULATION(A/A-); 阶段:Improving(B); 触发:Consolidation(C); 置信度:Medium,PASSED,C,matrix
00700,腾讯控股,2016-07-01,STRUCTURAL_ACCUMULATION,Improving,Consolidation,51.17559845207716,COST_DISADVANTAGE,Medium,BULLISH_STABLE,75.0,Aligned,risk_on,结构:STRUCTURAL_ACCUMULATION(A/A-); 阶段:Improving(B); 触发:Consolidation(C); 置信度:Medium,PASSED,C,matrix
00700,腾讯控股,2016-07-08,STRUCTURAL_ACCUMULATION,Improving,Consolidation,51.17559845207716,COST_DISADVANTAGE,Medium,BULLISH_STABLE,75.0,Aligned,neutral,结构:STRUCTURAL_ACCUMULATION(A/A-); 阶段:Improving(B); 触发:Consolidation(C); 置信度:Medium,PASSED,C,matrix
00700,腾讯控股,2016-07-15,STRUCTURAL_ACCUMULATION,Improving,Consolidation,51.17559845207716,COST_DISADVANTAGE,Medium,BULLISH_STABLE,75.0,Aligned,neutral,结构:STRUCTURAL_ACCUMULATION(A/A-); 阶段:Improving(B); 触发:Consolidation(C); 置信度:Medium,PASSED,C,matrix
00700,腾讯控股,2016-07-22,STRUCTURAL_ACCUMULATION,Improving,Consolidation,51.17559845207716,COST_DISADVANTAGE,Medium,BULLISH_STABLE,75.0,Aligned,risk_on,结构:STRUCTURAL_ACCUMULATION(A/A-); 阶段:Improving(B); 触发:Consolidation(C); 置信度:Medium,PASSED,C,matrix
00700,腾讯控股,2016-07-29,STRUCTURAL_ACCUMULATION,Improving,Consolidation,51.17559845207716,COST_DISADVANTAGE,Medium,BULLISH_STABLE,75.0,Aligned,risk_on,结构:STRUCTURAL_ACCUMULATION(A/A-); 阶段:Improving(B); 触发:Consolidation(C); 置信度:Medium,PASSED,C,matrix
00700,腾讯控股,2016-08-05,STRUCTURAL_ACCUMULATION,Improving,Consolidation,64.40721438748872,COST_DISADVANTAGE,Medium,BULLISH_STABLE,75.0,Aligned,risk_on,结构:STRUCTURAL_ACCUMULATION(A/A-); 阶段:Improving(B); 触发:Consolidation(C); 置信度:Medium,PASSED,C,matrix
00700,腾讯控股,2016-08-12,STRUCTURAL_ACCUMULATION,Improving,Consolidation,64.40721438748872,COST_DISADVANTAGE,Medium,BULLISH_STABLE,75.0,Aligned,risk_on,结构:STRUCTURAL_ACCUMULATION(A/A-); 阶段:Improving(B); 触发:Consolidation(C); 置信度:Medium,PASSED,C,matrix
00700,腾讯控股,2016-08-19,STRUCTURAL_ACCUMULATION,Improving,Consolidation,64.40721438748872,COST_DISADVANTAGE,Medium,BULLISH_STABLE,75.0,Aligned,risk_on,结构:STRUCTURAL_ACCUMULATION(A/A-); 阶段:Improving(B); 触发:Consolidation(C); 置信度:Medium,PASSED,B,matrix
00700,腾讯控股,2016-08-26,STRUCTURAL_ACCUMULATION,Improving,Consolidation,64.40721438748872,COST_DISADVANTAGE,Medium,BULLISH_STABLE,75.0,Aligned,risk_on,结构:STRUCTURAL_ACCUMULATION(A/A-); 阶段:Improving(B); 触发:Consolidation(C); 置信度:Medium,PASSED,B,matrix
00700,腾讯控股,2016-09-02,STRUCTURAL_ACCUMULATION,Improving,Consolidation,61.442889306671944,COST_NEUTRAL,Medium,BULLISH_STABLE,75.0,Aligned,risk_on,结构:STRUCTURAL_ACCUMULATION(A/A-); 阶段:Improving(B); 触发:Consolidation(C); 置信度:Medium,PASSED,B,matrix
00700,腾讯控股,2016-09-09,STRUCTURAL_ACCUMULATION,Improving,Consolidation,61.442889306671944,COST_NEUTRAL,Medium,BULLISH_STABLE,75.0,Aligned,risk_on,结构:STRUCTURAL_ACCUMULATION(A/A-); 阶段:Improving(B); 触发:Consolidation(C); 置信度:Medium,PASSED,B,matrix
00700,腾讯控股,2016-09-16,STRUCTURAL_ACCUMULATION,Improving,Consolidation,61.442889306671944,COST_NEUTRAL,Medium,BULLISH_STABLE,75.0,Aligned,risk_on,结构:STRUCTURAL_ACCUMULATION(A/A-); 阶段:Improving(B); 触发:Consolidation(C); 置信度:Medium,PASSED,B,matrix
00700,腾讯控股,2016-09-23,STRUCTURAL_ACCUMULATION,Improving,Consolidation,61.442889306671944,COST_NEUTRAL,Medium,BULLISH_STABLE,75.0,Aligned,risk_on,结构:STRUCTURAL_ACCUMULATION(A/A-); 阶段:Improving(B); 触发:Consolidation(C); 置信度:Medium,PASSED,B,matrix
00700,腾讯控股,2016-09-30,STRUCTURAL_ACCUMULATION,Improving,Consolidation,58.22568333819194,COST_DISADVANTAGE,Medium,BULLISH_STABLE,75.0,Aligned,risk_on,结构:STRUCTURAL_ACCUMULATION(A/A-); 阶段:Improving(B); 触发:Consolidation(C); 置信度:Medium,PASSED,B,matrix
00700,腾讯控股,2016-10-07,STRUCTURAL_ACCUMULATION,Improving,Consolidation,58.22568333819194,COST_DISADVANTAGE,Medium,BULLISH_STABLE,75.0,Aligned,risk_on,结构:STRUCTURAL_ACCUMULATION(A/A-); 阶段:Improving(B); 触发:Consolidation(C); 置信度:Medium,PASSED,B,matrix
00700,腾讯控股,2016-10-14,STRUCTURAL_ACCUMULATION,Improving,Pullback,58.22568333819194,COST_DISADVANTAGE,Medium,BULLISH_STABLE,75.0,Aligned,risk_on,结构:STRUCTURAL_ACCUMULATION(A/A-); 阶段:Improving(B); 触发:Pullback(C); 置信度:Medium,PASSED,B,fallback
00700,腾讯控股,2016-10-21,STRUCTURAL_ACCUMULATION,Improving,Consolidation,58.22568333819194,COST_DISADVANTAGE,Medium,BULLISH_STABLE,75.0,Aligned,risk_on,结构:STRUCTURAL_ACCUMULATION(A/A-); 阶段:Improving(B); 触发:Consolidation(C); 置信度:Medium,PASSED,B,matrix
00700,腾讯控股,2016-10-28,STRUCTURAL_ACCUMULATION,Improving,Pullback,58.22568333819194,COST_DISADVANTAGE,Medium,BULLISH_STABLE,75.0,Aligned,risk_on,结构:STRUCTURAL_ACCUMULATION(A/A-); 阶段:Improving(B); 触发:Pullback(C); 置信度:Medium,PASSED,B,fallback
00700,腾讯控股,2016-11-04,STRUCTURAL_ACCUMULATION,Deteriorating,Pullback,67.80266254639042,COST_DISADVANTAGE,Medium,BULLISH_STABLE,75.0,Divergence,neutral,结构:STRUCTURAL_ACCUMULATION(A/A-); 阶段:Deteriorating(B); 触发:Pullback(C); 置信度:Medium,PASSED,B,fallback
00700,腾讯控股,2016-11-11,STRUCTURAL_ACCUMULATION,Deteriorating,Pullback,67.80266254639042,COST_DISADVANTAGE,Medium,BULLISH_STABLE,75.0,Divergence,neutral,结构:STRUCTURAL_ACCUMULATION(A/A-); 阶段:Deteriorating(B); 触发:Pullback(C); 置信度:Medium,PASSED,B,fallback
00700,腾讯控股,2016-11-18,STRUCTURAL_ACCUMULATION,Deteriorating,Consolidation,67.80266254639042,COST_DISADVANTAGE,Medium,BULLISH_STABLE,75.0,Divergence,risk_off,结构:STRUCTURAL_ACCUMULATION(A/A-); 阶段:Deteriorating(B); 触发:Consolidation(C); 置信度:Medium,PASSED,B,fallback
00700,腾讯控股,2016-11-25,STRUCTURAL_ACCUMULATION,Deteriorating,Consolidation,67.80266254639042,COST_DISADVANTAGE,Medium,BULLISH_STABLE,75.0,Divergence,neutral,结构:STRUCTURAL_ACCUMULATION(A/A-); 阶段:Deteriorating(B); 触发:Consolidation(C); 置信度:Medium,PASSED,B,fallback
00700,腾讯控股,2016-12-02,STRUCTURAL_ACCUMULATION,Deteriorating,Consolidation,38.86464150559422,COST_DISADVANTAGE,Low,BULLISH_STABLE,75.0,Divergence,risk_off,结构:STRUCTURAL_ACCUMULATION(A/A-); 阶段:Deteriorating(B); 触发:Consolidation(C); 置信度:Low,PASSED,B,fallback
00700,腾讯控股,2016-12-09,STRUCTURAL_ACCUMULATION,Deteriorating,Consolidation,38.86464150559422,COST_DISADVANTAGE,Low,BULLISH_STABLE,75.0,Divergence,neutral,结构:STRUCTURAL_ACCUMULATION(A/A-); 阶段:Deteriorating(B); 触发:Consolidation(C); 置信度:Low,PASSED,B,fallback
00700,腾讯控股,2016-12-16,STRUCTURAL_ACCUMULATION,Deteriorating,Consolidation,38.86464150559422,COST_DISADVANTAGE,Low,BULLISH_STABLE,75.0,Divergence,risk_off,结构:STRUCTURAL_ACCUMULATION(A/A-); 阶段:Deteriorating(B); 触发:Consolidation(C); 置信度:Low,PASSED,B,fallback
00700,腾讯控股,2016-12-23,STRUCTURAL_ACCUMULATION,Deteriorating,Breakdown,38.86464150559422,COST_DISADVANTAGE,Low,BULLISH_WARNING,55.0,Divergence,risk_off,结构:STRUCTURAL_ACCUMULATION(A/A-); 阶段:Deteriorating(B); 触发:Breakdown(C); 置信度:Low,PASSED,B,matrix
00700,腾讯控股,2016-12-30,STRUCTURAL_ACCUMULATION,Deteriorating,Consolidation,38.86464150559422,COST_DISADVANTAGE,Low,BULLISH_STABLE,75.0,Divergence,risk_off,结构:STRUCTURAL_ACCUMULATION(A/A-); 阶段:Deteriorating(B); 触发:Consolidation(C); 置信度:Low,PASSED,B,fallback
00700,腾讯控股,2017-01-06,STRUCTURAL_ACCUMULATION,Stable,Consolidation,49.48412192349151,COST_DISADVANTAGE,Medium,BULLISH_STABLE,75.0,Aligned,risk_off,结构:STRUCTURAL_ACCUMULATION(A/A-); 阶段:Stable(B); 触发:Consolidation(C); 置信度:Medium,PASSED,B,fallback
00700,腾讯控股,2017-01-13,STRUCTURAL_ACCUMULATION,Stable,Consolidation,49.48412192349151,COST_DISADVANTAGE,Medium,BULLISH_STABLE,75.0,Aligned,neutral,结构:STRUCTURAL_ACCUMULATION(A/A-); 阶段:Stable(B); 触发:Consolidation(C); 置信度:Medium,PASSED,B,fallback
00700,腾讯控股,2017-01-20,STRUCTURAL_ACCUMULATION,Stable,Consolidation,49.48412192349151,COST_DISADVANTAGE,Medium,BULLISH_STABLE,75.0,Aligned,risk_off,结构:STRUCTURAL_ACCUMULATION(A/A-); 阶段:Stable(B); 触发:Consolidation(C); 置信度:Medium,PASSED,B,fallback
00700,腾讯控股,2017-01-27,STRUCTURAL_ACCUMULATION,Stable,Consolidation,49.48412192349151,COST_DISADVANTAGE,Medium,BULLISH_STABLE,75.0,Aligned,neutral,结构:STRUCTURAL_ACCUMULATION(A/A-); 阶段:Stable(B); 触发:Consolidation(C); 置信度:Medium,PASSED,B,fallback
00700,腾讯控股,2017-02-03,STRUCTURAL_ACCUMULATION,Improving,Consolidation,62.0618145020564,COST_DISADVANTAGE,Medium,BULLISH_STABLE,75.0,Aligned,risk_on,结构:STRUCTURAL_ACCUMULATION(A/A-); 阶段:Improving(B); 触发:Consolidation(C); 置信度:Medium,PASSED,B,matrix
00700,腾讯控股,2017-02-10,STRUCTURAL_ACCUMULATION,Improving,Consolidation,62.0618145020564,COST_DISADVANTAGE,Medium,BULLISH_STABLE,75.0,Aligned,risk_on,结构:STRUCTURAL_ACCUMULATION(A/A-); 阶段:Improving(B); 触发:Consolidation(C); 置信度:Medium,PASSED,B,matrix
00700,腾讯控股,2017-02-17,STRUCTURAL_DECLINE,Improving,Consolidation,62.0618145020564,COST_DISADVANTAGE,Low,BEARISH_CONFIRMED,20.0,Divergence,risk_on,结构:STRUCTURAL_DECLINE(A/A-); 阶段:Improving(B); 触发:Consolidation(C); 置信度:Low,PASSED,C,fallback
00700,腾讯控股,2017-02-24,STRUCTURAL_DECLINE,Improving,Consolidation,62.0618145020564,COST_DISADVANTAGE,Low,BEARISH_CONFIRMED,20.0,Divergence,risk_on,结构:STRUCTURAL_DECLINE(A/A-); 阶段:Improving(B); 触发:Consolidation(C); 置信度:Low,PASSED,C,fallback
00700,腾讯控股,2017-03-03,STRUCTURAL_DECLINE,Stable,Consolidation,57.77794791359535,COST_DISADVANTAGE,Low,BEARISH_CONFIRMED,20.0,Aligned,risk_on,结构:STRUCTURAL_DECLINE(A/A-); 阶段:Stable(B); 触发:Consolidation(C); 置信度:Low,PASSED,C,fallback
00700,腾讯控股,2017-03-10,STRUCTURAL_DECLINE,Stable,Consolidation,57.77794791359535,COST_DISADVANTAGE,Low,BEARISH_CONFIRMED,20.0,Aligned,risk_on,结构:STRUCTURAL_DECLINE(A/A-); 阶段:Stable(B); 触发:Consolidation(C); 置信度:Low,PASSED,C,fallback
00700,腾讯控股,2017-03-17,STRUCTURAL_DECLINE,Stable,Consolidation,57.77794791359535,COST_DISADVANTAGE,Low,BEARISH_CONFIRMED,20.0,Aligned,risk_on,结构:STRUCTURAL_DECLINE(A/A-); 阶段:Stable(B); 触发:Consolidation(C); 置信度:Low,PASSED,C,fallback
00700,腾讯控股,2017-03-24,STRUCTURAL_DECLINE,Stable,Consolidation,57.77794791359535,COST_DISADVANTAGE,Low,BEARISH_CONFIRMED,20.0,Aligned,risk_on,结构:STRUCTURAL_DECLINE(A/A-); 阶段:Stable(B); 触发:Consolidation(C); 置信度:Low,PASSED,C,fallback
00700,腾讯控股,2017-03-31,STRUCTURAL_DECLINE,Stable,Consolidation,39.811721187988496,COST_DISADVANTAGE,Low,BEARISH_CONFIRMED,20.0,Aligned,risk_on,结构:STRUCTURAL_DECLINE(A/A-); 阶段:Stable(B); 触发:Consolidation(C); 置信度:Low,PASSED,C,fallback
00700,腾讯控股,2017-04-07,STRUCTURAL_DECLINE,Stable,Consolidation,39.811721187988496,COST_DISADVANTAGE,Low,BEARISH_CONFIRMED,20.0,Aligned,risk_on,结构:STRUCTURAL_DECLINE(A/A-); 阶段:Stable(B); 触发:Consolidation(C); 置信度:Low,PASSED,C,fallback
00700,腾讯控股,2017-04-14,STRUCTURAL_DECLINE,Stable,Consolidation,39.811721187988496,COST_DISADVANTAGE,Low,BEARISH_CONFIRMED,20.0,Aligned,risk_on,结构:STRUCTURAL_DECLINE(A/A-); 阶段:Stable(B); 触发:Consolidation(C); 置信度:Low,PASSED,C,fallback
00700,腾讯控股,2017-04-21,STRUCTURAL_DECLINE,Stable,Consolidation,39.811721187988496,COST_DISADVANTAGE,Low,BEARISH_CONFIRMED,20.0,Aligned,risk_on,结构:STRUCTURAL_DECLINE(A/A-); 阶段:Stable(B); 触发:Consolidation(C); 置信度:Low,PASSED,C,fallback
00700,腾讯控股,2017-04-28,STRUCTURAL_DECLINE,Stable,Consolidation,39.811721187988496,COST_DISADVANTAGE,Low,BEARISH_CONFIRMED,20.0,Aligned,risk_on,结构:STRUCTURAL_DECLINE(A/A-); 阶段:Stable(B); 触发:Consolidation(C); 置信度:Low,PASSED,C,fallback
00700,腾讯控股,2017-05-05,STRUCTURAL_DECLINE,Improving,Consolidation,57.60318802915052,COST_NEUTRAL,Low,BEARISH_CONFIRMED,20.0,Divergence,risk_on,结构:STRUCTURAL_DECLINE(A/A-); 阶段:Improving(B); 触发:Consolidation(C); 置信度:Low,PASSED,C,fallback
00700,腾讯控股,2017-05-12,STRUCTURAL_DECLINE,Improving,Consolidation,57.60318802915052,COST_NEUTRAL,Low,BEARISH_CONFIRMED,20.0,Divergence,risk_on,结构:STRUCTURAL_DECLINE(A/A-); 阶段:Improving(B); 触发:Consolidation(C); 置信度:Low,PASSED,C,fallback
00700,腾讯控股,2017-05-19,STRUCTURAL_DECLINE,Improving,Consolidation,57.60318802915052,COST_NEUTRAL,Medium,BEARISH_CONFIRMED,20.0,Divergence,risk_on,结构:STRUCTURAL_DECLINE(A/A-); 阶段:Improving(B); 触发:Consolidation(C); 置信度:Medium,PASSED,B,fallback
00700,腾讯控股,2017-05-26,STRUCTURAL_DECLINE,Improving,Consolidation,57.60318802915052,COST_NEUTRAL,Medium,BEARISH_CONFIRMED,20.0,Divergence,risk_on,结构:STRUCTURAL_DECLINE(A/A-); 阶段:Improving(B); 触发:Consolidation(C); 置信度:Medium,PASSED,B,fallback
00700,腾讯控股,2017-06-02,STRUCTURAL_DECLINE,Stable,Consolidation,32.296439283218234,COST_NEUTRAL,Low,BEARISH_CONFIRMED,20.0,Aligned,risk_on,结构:STRUCTURAL_DECLINE(A/A-); 阶段:Stable(B); 触发:Consolidation(C); 置信度:Low,PASSED,B,fallback
00700,腾讯控股,2017-06-09,STRUCTURAL_DECLINE,Stable,Consolidation,32.296439283218234,COST_NEUTRAL,Low,BEARISH_CONFIRMED,20.0,Aligned,risk_on,结构:STRUCTURAL_DECLINE(A/A-); 阶段:Stable(B); 触发:Consolidation(C); 置信度:Low,PASSED,B,fallback
00700,腾讯控股,2017-06-16,STRUCTURAL_DECLINE,Stable,Consolidation,32.296439283218234,COST_NEUTRAL,Low,BEARISH_CONFIRMED,20.0,Aligned,risk_on,结构:STRUCTURAL_DECLINE(A/A-); 阶段:Stable(B); 触发:Consolidation(C); 置信度:Low,PASSED,B,fallback
00700,腾讯控股,2017-06-23,STRUCTURAL_DECLINE,Stable,Consolidation,32.296439283218234,COST_NEUTRAL,Low,BEARISH_CONFIRMED,20.0,Aligned,risk_on,结构:STRUCTURAL_DECLINE(A/A-); 阶段:Stable(B); 触发:Consolidation(C); 置信度:Low,PASSED,B,fallback
00700,腾讯控股,2017-06-30,STRUCTURAL_DECLINE,Stable,Consolidation,33.14473821934205,COST_DISADVANTAGE,Low,BEARISH_CONFIRMED,20.0,Aligned,risk_on,结构:STRUCTURAL_DECLINE(A/A-); 阶段:Stable(B); 触发:Consolidation(C); 置信度:Low,PASSED,B,fallback
00700,腾讯控股,2017-07-07,STRUCTURAL_DECLINE,Stable,Pullback,33.14473821934205,COST_DISADVANTAGE,Low,BEARISH_CONFIRMED,20.0,Aligned,risk_on,结构:STRUCTURAL_DECLINE(A/A-); 阶段:Stable(B); 触发:Pullback(C); 置信度:Low,PASSED,B,fallback
00700,腾讯控股,2017-07-14,STRUCTURAL_DECLINE,Stable,Consolidation,33.14473821934205,COST_DISADVANTAGE,Low,BEARISH_CONFIRMED,20.0,Aligned,risk_on,结构:STRUCTURAL_DECLINE(A/A-); 阶段:Stable(B); 触发:Consolidation(C); 置信度:Low,PASSED,B,fallback
00700,腾讯控股,2017-07-21,STRUCTURAL_DECLINE,Stable,Consolidation,33.14473821934205,COST_DISADVANTAGE,Low,BEARISH_CONFIRMED,20.0,Aligned,risk_on,结构:STRUCTURAL_DECLINE(A/A-); 阶段:Stable(B); 触发:Consolidation(C); 置信度:Low,PASSED,B,fallback
00700,腾讯控股,2017-07-28,STRUCTURAL_DECLINE,Stable,Consolidation,33.14473821934205,COST_DISADVANTAGE,Low,BEARISH_CONFIRMED,20.0,Aligned,risk_on,结构:STRUCTURAL_DECLINE(A/A-); 阶段:Stable(B); 触发:Consolidation(C); 置信度:Low,PASSED,B,fallback
00700,腾讯控股,2017-08-04,STRUCTURAL_DECLINE,Stable,Consolidation,40.98621356053623,COST_NEUTRAL,Low,BEARISH_CONFIRMED,20.0,Aligned,risk_on,结构:STRUCTURAL_DECLINE(A/A-); 阶段:Stable(B); 触发:Consolidation(C); 置信度:Low,PASSED,B,fallback
00700,腾讯控股,2017-08-11,STRUCTURAL_DECLINE,Stable,Consolidation,40.98621356053623,COST_NEUTRAL,Low,BEARISH_CONFIRMED,20.0,Aligned,risk_on,结构:STRUCTURAL_DECLINE(A/A-); 阶段:Stable(B); 触发:Consolidation(C); 置信度:Low,PASSED,B,fallback
00700,腾讯控股,2017-08-18,STRUCTURAL_DECLINE,Stable,Consolidation,40.98621356053623,COST_NEUTRAL,Medium,BEARISH_CONFIRMED,20.0,Aligned,risk_on,结构:STRUCTURAL_DECLINE(A/A-); 阶段:Stable(B); 触发:Consolidation(C); 置信度:Medium,PASSED,B,fallback
00700,腾讯控股,2017-08-25,STRUCTURAL_DECLINE,Stable,Consolidation,40.98621356053623,COST_NEUTRAL,Medium,BEARISH_CONFIRMED,20.0,Aligned,risk_on,结构:STRUCTURAL_DECLINE(A/A-); 阶段:Stable(B); 触发:Consolidation(C); 置信度:Medium,PASSED,B,fallback
00700,腾讯控股,2017-09-01,STRUCTURAL_DECLINE,Stable,Consolidation,27.432014120148985,COST_NEUTRAL,Low,BEARISH_CONFIRMED,20.0,Aligned,risk_on,结构:STRUCTURAL_DECLINE(A/A-); 阶段:Stable(B); 触发:Consolidation(C); 置信度:Low,PASSED,B,fallback
00700,腾讯控股,2017-09-08,STRUCTURAL_DECLINE,Stable,Consolidation,27.432014120148985,COST_NEUTRAL,Low,BEARISH_CONFIRMED,20.0,Aligned,risk_on,结构:STRUCTURAL_DECLINE(A/A-); 阶段:Stable(B); 触发:Consolidation(C); 置信度:Low,PASSED,B,fallback
00700,腾讯控股,2017-09-15,STRUCTURAL_DECLINE,Stable,Consolidation,27.432014120148985,COST_NEUTRAL,Low,BEARISH_CONFIRMED,20.0,Aligned,risk_on,结构:STRUCTURAL_DECLINE(A/A-); 阶段:Stable(B); 触发:Consolidation(C); 置信度:Low,PASSED,B,fallback
00700,腾讯控股,2017-09-22,STRUCTURAL_DECLINE,Stable,Consolidation,27.432014120148985,COST_NEUTRAL,Low,BEARISH_CONFIRMED,20.0,Aligned,risk_on,结构:STRUCTURAL_DECLINE(A/A-); 阶段:Stable(B); 触发:Consolidation(C); 置信度:Low,PASSED,B,fallback
00700,腾讯控股,2017-09-29,STRUCTURAL_DECLINE,Stable,Consolidation,27.432014120148985,COST_NEUTRAL,Low,BEARISH_CONFIRMED,20.0,Aligned,risk_on,结构:STRUCTURAL_DECLINE(A/A-); 阶段:Stable(B); 触发:Consolidation(C); 置信度:Low,PASSED,B,fallback
00700,腾讯控股,2017-10-06,STRUCTURAL_DECLINE,Improving,Consolidation,44.40909256137574,COST_DISADVANTAGE,Medium,BEARISH_CONFIRMED,20.0,Divergence,risk_on,结构:STRUCTURAL_DECLINE(A/A-); 阶段:Improving(B); 触发:Consolidation(C); 置信度:Medium,PASSED,B,fallback
00700,腾讯控股,2017-10-13,STRUCTURAL_DECLINE,Improving,Consolidation,44.40909256137574,COST_DISADVANTAGE,Medium,BEARISH_CONFIRMED,20.0,Divergence,risk_on,结构:STRUCTURAL_DECLINE(A/A-); 阶段:Improving(B); 触发:Consolidation(C); 置信度:Medium,PASSED,B,fallback
00700,腾讯控股,2017-10-20,STRUCTURAL_DECLINE,Improving,Consolidation,44.40909256137574,COST_DISADVANTAGE,Medium,BEARISH_CONFIRMED,20.0,Divergence,risk_on,结构:STRUCTURAL_DECLINE(A/A-); 阶段:Improving(B); 触发:Consolidation(C); 置信度:Medium,PASSED,B,fallback
00700,腾讯控股,2017-10-27,STRUCTURAL_DECLINE,Improving,Consolidation,44.40909256137574,COST_DISADVANTAGE,Medium,BEARISH_CONFIRMED,20.0,Divergence,risk_on,结构:STRUCTURAL_DECLINE(A/A-); 阶段:Improving(B); 触发:Consolidation(C); 置信度:Medium,PASSED,B,fallback
00700,腾讯控股,2017-11-03,STRUCTURAL_DECLINE,Improving,Consolidation,55.322994009374774,COST_NEUTRAL,Medium,BEARISH_CONFIRMED,20.0,Divergence,risk_on,结构:STRUCTURAL_DECLINE(A/A-); 阶段:Improving(B); 触发:Consolidation(C); 置信度:Medium,PASSED,B,fallback
00700,腾讯控股,2017-11-10,STRUCTURAL_DECLINE,Improving,Consolidation,55.322994009374774,COST_NEUTRAL,Medium,BEARISH_CONFIRMED,20.0,Divergence,risk_on,结构:STRUCTURAL_DECLINE(A/A-); 阶段:Improving(B); 触发:Consolidation(C); 置信度:Medium,PASSED,B,fallback
00700,腾讯控股,2017-11-17,STRUCTURAL_DECLINE,Improving,Consolidation,55.322994009374774,COST_NEUTRAL,Medium,BEARISH_CONFIRMED,20.0,Divergence,risk_on,结构:STRUCTURAL_DECLINE(A/A-); 阶段:Improving(B); 触发:Consolidation(C); 置信度:Medium,PASSED,B,fallback
00700,腾讯控股,2017-11-24,STRUCTURAL_DECLINE,Improving,Consolidation,55.322994009374774,COST_NEUTRAL,Medium,BEARISH_CONFIRMED,20.0,Divergence,risk_on,结构:STRUCTURAL_DECLINE(A/A-); 阶段:Improving(B); 触发:Consolidation(C); 置信度:Medium,PASSED,B,fallback
00700,腾讯控股,2017-12-01,STRUCTURAL_DECLINE,Stable,Pullback,25.017372481576963,COST_NEUTRAL,Low,BEARISH_CONFIRMED,20.0,Aligned,risk_on,结构:STRUCTURAL_DECLINE(A/A-); 阶段:Stable(B); 触发:Pullback(C); 置信度:Low,PASSED,B,fallback
00700,腾讯控股,2017-12-08,STRUCTURAL_DECLINE,Stable,Consolidation,25.017372481576963,COST_NEUTRAL,Low,BEARISH_CONFIRMED,20.0,Aligned,risk_on,结构:STRUCTURAL_DECLINE(A/A-); 阶段:Stable(B); 触发:Consolidation(C); 置信度:Low,PASSED,B,fallback
00700,腾讯控股,2017-12-15,STRUCTURAL_DECLINE,Stable,Pullback,25.017372481576963,COST_NEUTRAL,Low,BEARISH_CONFIRMED,20.0,Aligned,risk_on,结构:STRUCTURAL_DECLINE(A/A-); 阶段:Stable(B); 触发:Pullback(C); 置信度:Low,PASSED,B,fallback
00700,腾讯控股,2017-12-22,STRUCTURAL_DECLINE,Stable,Consolidation,25.017372481576963,COST_NEUTRAL,Low,BEARISH_CONFIRMED,20.0,Aligned,risk_on,结构:STRUCTURAL_DECLINE(A/A-); 阶段:Stable(B); 触发:Consolidation(C); 置信度:Low,PASSED,B,fallback
00700,腾讯控股,2017-12-29,STRUCTURAL_DECLINE,Stable,Consolidation,25.017372481576963,COST_NEUTRAL,Low,BEARISH_CONFIRMED,20.0,Aligned,risk_on,结构:STRUCTURAL_DECLINE(A/A-); 阶段:Stable(B); 触发:Consolidation(C); 置信度:Low,PASSED,B,fallback
00700,腾讯控股,2018-01-05,STRUCTURAL_DECLINE,Stable,Consolidation,26.682617959479387,COST_NEUTRAL,Low,BEARISH_CONFIRMED,20.0,Aligned,risk_on,结构:STRUCTURAL_DECLINE(A/A-); 阶段:Stable(B); 触发:Consolidation(C); 置信度:Low,PASSED,B,fallback
00700,腾讯控股,2018-01-12,STRUCTURAL_DECLINE,Stable,Consolidation,26.682617959479387,COST_NEUTRAL,Low,BEARISH_CONFIRMED,20.0,Aligned,risk_on,结构:STRUCTURAL_DECLINE(A/A-); 阶段:Stable(B); 触发:Consolidation(C); 置信度:Low,PASSED,B,fallback
00700,腾讯控股,2018-01-19,STRUCTURAL_DECLINE,Stable,Consolidation,26.682617959479387,COST_NEUTRAL,Low,BEARISH_CONFIRMED,20.0,Aligned,risk_on,结构:STRUCTURAL_DECLINE(A/A-); 阶段:Stable(B); 触发:Consolidation(C); 置信度:Low,PASSED,B,fallback
00700,腾讯控股,2018-01-26,STRUCTURAL_DECLINE,Stable,Consolidation,26.682617959479387,COST_NEUTRAL,Low,BEARISH_CONFIRMED,20.0,Aligned,risk_on,结构:STRUCTURAL_DECLINE(A/A-); 阶段:Stable(B); 触发:Consolidation(C); 置信度:Low,PASSED,B,fallback
00700,腾讯控股,2018-02-02,STRUCTURAL_DECLINE,Stable,Consolidation,33.9041372589841,COST_NEUTRAL,Low,BEARISH_CONFIRMED,20.0,Aligned,risk_on,结构:STRUCTURAL_DECLINE(A/A-); 阶段:Stable(B); 触发:Consolidation(C); 置信度:Low,PASSED,B,fallback
00700,腾讯控股,2018-02-09,STRUCTURAL_DECLINE,Stable,Pullback,33.9041372589841,COST_NEUTRAL,Low,BEARISH_CONFIRMED,20.0,Aligned,risk_off,结构:STRUCTURAL_DECLINE(A/A-); 阶段:Stable(B); 触发:Pullback(C); 置信度:Low,PASSED,B,fallback
00700,腾讯控股,2018-02-16,STRUCTURAL_DIVERGENCE,Stable,Consolidation,33.9041372589841,COST_NEUTRAL,Low,BULLISH_WARNING,55.0,Aligned,risk_on,结构:STRUCTURAL_DIVERGENCE(A/A-); 阶段:Stable(B); 触发:Consolidation(C); 置信度:Low,PASSED,C,fallback
00700,腾讯控股,2018-02-23,STRUCTURAL_DIVERGENCE,Stable,Consolidation,33.9041372589841,COST_NEUTRAL,Low,BULLISH_WARNING,55.0,Aligned,risk_on,结构:STRUCTURAL_DIVERGENCE(A/A-); 阶段:Stable(B); 触发:Consolidation(C); 置信度:Low,PASSED,C,fallback
00700,腾讯控股,2018-03-02,STRUCTURAL_DIVERGENCE,Deteriorating,Pullback,28.225768441057248,COST_NEUTRAL,Low,BULLISH_WARNING,55.0,Aligned,risk_off,结构:STRUCTURAL_DIVERGENCE(A/A-); 阶段:Deteriorating(B); 触发:Pullback(C); 置信度:Low,PASSED,C,fallback
00700,腾讯控股,2018-03-09,STRUCTURAL_DIVERGENCE,Deteriorating,Consolidation,28.225768441057248,COST_NEUTRAL,Low,BULLISH_WARNING,55.0,Aligned,risk_on,结构:STRUCTURAL_DIVERGENCE(A/A-); 阶段:Deteriorating(B); 触发:Consolidation(C); 置信度:Low,PASSED,C,fallback
00700,腾讯控股,2018-03-16,STRUCTURAL_DIVERGENCE,Deteriorating,Consolidation,28.225768441057248,COST_NEUTRAL,Low,BULLISH_WARNING,55.0,Aligned,risk_on,结构:STRUCTURAL_DIVERGENCE(A/A-); 阶段:Deteriorating(B); 触发:Consolidation(C); 置信度:Low,PASSED,C,fallback
00700,腾讯控股,2018-03-23,STRUCTURAL_DIVERGENCE,Deteriorating,Pullback,28.225768441057248,COST_NEUTRAL,Low,BULLISH_WARNING,55.0,Aligned,risk_off,结构:STRUCTURAL_DIVERGENCE(A/A-); 阶段:Deteriorating(B); 触发:Pullback(C); 置信度:Low,PASSED,C,fallback
00700,腾讯控股,2018-03-30,STRUCTURAL_DIVERGENCE,Deteriorating,Consolidation,28.225768441057248,COST_NEUTRAL,Low,BULLISH_WARNING,55.0,Aligned,risk_off,结构:STRUCTURAL_DIVERGENCE(A/A-); 阶段:Deteriorating(B); 触发:Consolidation(C); 置信度:Low,PASSED,C,fallback
00700,腾讯控股,2018-04-06,STRUCTURAL_DIVERGENCE,Deteriorating,Consolidation,19.63155810131113,COST_DISADVANTAGE,Low,BULLISH_WARNING,55.0,Aligned,risk_off,结构:STRUCTURAL_DIVERGENCE(A/A-); 阶段:Deteriorating(B); 触发:Consolidation(C); 置信度:Low,PASSED,C,fallback
00700,腾讯控股,2018-04-13,STRUCTURAL_DIVERGENCE,Deteriorating,Consolidation,19.63155810131113,COST_DISADVANTAGE,Low,BULLISH_WARNING,55.0,Aligned,neutral,结构:STRUCTURAL_DIVERGENCE(A/A-); 阶段:Deteriorating(B); 触发:Consolidation(C); 置信度:Low,PASSED,C,fallback
00700,腾讯控股,2018-04-20,STRUCTURAL_DIVERGENCE,Deteriorating,Consolidation,19.63155810131113,COST_DISADVANTAGE,Low,BULLISH_WARNING,55.0,Aligned,risk_off,结构:STRUCTURAL_DIVERGENCE(A/A-); 阶段:Deteriorating(B); 触发:Consolidation(C); 置信度:Low,PASSED,C,fallback
00700,腾讯控股,2018-04-27,STRUCTURAL_DIVERGENCE,Deteriorating,Consolidation,19.63155810131113,COST_DISADVANTAGE,Low,BULLISH_WARNING,55.0,Aligned,risk_off,结构:STRUCTURAL_DIVERGENCE(A/A-); 阶段:Deteriorating(B); 触发:Consolidation(C); 置信度:Low,PASSED,C,fallback
00700,腾讯控股,2018-05-04,STRUCTURAL_DIVERGENCE,Deteriorating,Consolidation,39.29787633914745,COST_DISADVANTAGE,Low,BULLISH_WARNING,55.0,Aligned,risk_off,结构:STRUCTURAL_DIVERGENCE(A/A-); 阶段:Deteriorating(B); 触发:Consolidation(C); 置信度:Low,PASSED,C,fallback
00700,腾讯控股,2018-05-11,STRUCTURAL_DIVERGENCE,Deteriorating,Consolidation,39.29787633914745,COST_DISADVANTAGE,Low,BULLISH_WARNING,55.0,Aligned,risk_on,结构:STRUCTURAL_DIVERGENCE(A/A-); 阶段:Deteriorating(B); 触发:Consolidation(C); 置信度:Low,PASSED,C,fallback
00700,腾讯控股,2018-05-18,STRUCTURAL_DIVERGENCE,Deteriorating,Consolidation,39.29787633914745,COST_DISADVANTAGE,Low,BULLISH_WARNING,55.0,Aligned,neutral,结构:STRUCTURAL_DIVERGENCE(A/A-); 阶段:Deteriorating(B); 触发:Consolidation(C); 置信度:Low,PASSED,B,fallback
00700,腾讯控股,2018-05-25,STRUCTURAL_DIVERGENCE,Deteriorating,Consolidation,39.29787633914745,COST_DISADVANTAGE,Low,BULLISH_WARNING,55.0,Aligned,risk_off,结构:STRUCTURAL_DIVERGENCE(A/A-); 阶段:Deteriorating(B); 触发:Consolidation(C); 置信度:Low,PASSED,B,fallback
00700,腾讯控股,2018-06-01,STRUCTURAL_DIVERGENCE,Improving,Consolidation,32.252124808494784,COST_DISADVANTAGE,Low,BULLISH_WARNING,55.0,Aligned,neutral,结构:STRUCTURAL_DIVERGENCE(A/A-); 阶段:Improving(B); 触发:Consolidation(C); 置信度:Low,PASSED,B,fallback
00700,腾讯控股,2018-06-08,STRUCTURAL_DIVERGENCE,Improving,Consolidation,32.252124808494784,COST_DISADVANTAGE,Low,BULLISH_WARNING,55.0,Aligned,neutral,结构:STRUCTURAL_DIVERGENCE(A/A-); 阶段:Improving(B); 触发:Consolidation(C); 置信度:Low,PASSED,B,fallback
00700,腾讯控股,2018-06-15,STRUCTURAL_DIVERGENCE,Improving,Consolidation,32.252124808494784,COST_DISADVANTAGE,Low,BULLISH_WARNING,55.0,Aligned,risk_off,结构:STRUCTURAL_DIVERGENCE(A/A-); 阶段:Improving(B); 触发:Consolidation(C); 置信度:Low,PASSED,B,fallback
00700,腾讯控股,2018-06-22,STRUCTURAL_DIVERGENCE,Improving,Consolidation,32.252124808494784,COST_DISADVANTAGE,Low,BULLISH_WARNING,55.0,Aligned,risk_off,结构:STRUCTURAL_DIVERGENCE(A/A-); 阶段:Improving(B); 触发:Consolidation(C); 置信度:Low,PASSED,B,fallback
00700,腾讯控股,2018-06-29,STRUCTURAL_DIVERGENCE,Improving,Consolidation,32.252124808494784,COST_DISADVANTAGE,Low,BULLISH_WARNING,55.0,Aligned,risk_off,结构:STRUCTURAL_DIVERGENCE(A/A-); 阶段:Improving(B); 触发:Consolidation(C); 置信度:Low,PASSED,B,fallback
00700,腾讯控股,2018-07-06,STRUCTURAL_DIVERGENCE,Stable,Consolidation,42.8588470539735,COST_DISADVANTAGE,Low,BULLISH_WARNING,55.0,Aligned,risk_off,结构:STRUCTURAL_DIVERGENCE(A/A-); 阶段:Stable(B); 触发:Consolidation(C); 置信度:Low,PASSED,B,fallback
00700,腾讯控股,2018-07-13,STRUCTURAL_DIVERGENCE,Stable,Consolidation,42.8588470539735,COST_DISADVANTAGE,Low,BULLISH_WARNING,55.0,Aligned,risk_off,结构:STRUCTURAL_DIVERGENCE(A/A-); 阶段:Stable(B); 触发:Consolidation(C); 置信度:Low,PASSED,B,fallback
00700,腾讯控股,2018-07-20,STRUCTURAL_DIVERGENCE,Stable,Consolidation,42.8588470539735,COST_DISADVANTAGE,Low,BULLISH_WARNING,55.0,Aligned,risk_off,结构:STRUCTURAL_DIVERGENCE(A/A-); 阶段:Stable(B); 触发:Consolidation(C); 置信度:Low,PASSED,B,fallback
00700,腾讯控股,2018-07-27,STRUCTURAL_DIVERGENCE,Stable,Consolidation,42.8588470539735,COST_DISADVANTAGE,Low,BULLISH_WARNING,55.0,Aligned,risk_off,结构:STRUCTURAL_DIVERGENCE(A/A-); 阶段:Stable(B); 触发:Consolidation(C); 置信度:Low,PASSED,B,fallback
00700,腾讯控股,2018-08-03,STRUCTURAL_DIVERGENCE,Deteriorating,Breakdown,46.12660512854144,COST_DISADVANTAGE,Low,BULLISH_WARNING,55.0,Aligned,risk_off,结构:STRUCTURAL_DIVERGENCE(A/A-); 阶段:Deteriorating(B); 触发:Breakdown(C); 置信度:Low,PASSED,B,matrix
00700,腾讯控股,2018-08-10,STRUCTURAL_DIVERGENCE,Deteriorating,Consolidation,46.12660512854144,COST_DISADVANTAGE,Low,BULLISH_WARNING,55.0,Aligned,risk_off,结构:STRUCTURAL_DIVERGENCE(A/A-); 阶段:Deteriorating(B); 触发:Consolidation(C); 置信度:Low,PASSED,B,fallback
00700,腾讯控股,2018-08-17,STRUCTURAL_BOTTOM_CANDIDATE,Deteriorating,Breakdown,46.12660512854144,COST_DISADVANTAGE,Medium,BULLISH_WARNING,55.0,Aligned,risk_off,结构:STRUCTURAL_BOTTOM_CANDIDATE(A/A-); 阶段:Deteriorating(B); 触发:Breakdown(C); 置信度:Medium,PASSED,C,fallback
00700,腾讯控股,2018-08-24,STRUCTURAL_BOTTOM_CANDIDATE,Deteriorating,Consolidation,46.12660512854144,COST_DISADVANTAGE,Medium,BULLISH_WARNING,55.0,Aligned,risk_off,结构:STRUCTURAL_BOTTOM_CANDIDATE(A/A-); 阶段:Deteriorating(B); 触发:Consolidation(C); 置信度:Medium,PASSED,C,fallback
00700,腾讯控股,2018-08-31,STRUCTURAL_BOTTOM_CANDIDATE,Deteriorating,Consolidation,26.5720475016005,COST_DISADVANTAGE,Low,BULLISH_WARNING,55.0,Aligned,risk_off,结构:STRUCTURAL_BOTTOM_CANDIDATE(A/A-); 阶段:Deteriorating(B); 触发:Consolidation(C); 置信度:Low,PASSED,C,fallback
00700,腾讯控股,2018-09-07,STRUCTURAL_BOTTOM_CANDIDATE,Deteriorating,Breakdown,26.5720475016005,COST_DISADVANTAGE,Low,BULLISH_WARNING,55.0,Aligned,risk_off,结构:STRUCTURAL_BOTTOM_CANDIDATE(A/A-); 阶段:Deteriorating(B); 触发:Breakdown(C); 置信度:Low,PASSED,C,fallback
00700,腾讯控股,2018-09-14,STRUCTURAL_BOTTOM_CANDIDATE,Deteriorating,Consolidation,26.5720475016005,COST_DISADVANTAGE,Low,BULLISH_WARNING,55.0,Aligned,risk_off,结构:STRUCTURAL_BOTTOM_CANDIDATE(A/A-); 阶段:Deteriorating(B); 触发:Consolidation(C); 置信度:Low,PASSED,C,fallback
00700,腾讯控股,2018-09-21,STRUCTURAL_BOTTOM_CANDIDATE,Deteriorating,Consolidation,26.5720475016005,COST_DISADVANTAGE,Low,BULLISH_WARNING,55.0,Aligned,neutral,结构:STRUCTURAL_BOTTOM_CANDIDATE(A/A-); 阶段:Deteriorating(B); 触发:Consolidation(C); 置信度:Low,PASSED,C,fallback
00700,腾讯控股,2018-09-28,STRUCTURAL_BOTTOM_CANDIDATE,Deteriorating,Consolidation,26.5720475016005,COST_DISADVANTAGE,Low,BULLISH_WARNING,55.0,Aligned,neutral,结构:STRUCTURAL_BOTTOM_CANDIDATE(A/A-); 阶段:Deteriorating(B); 触发:Consolidation(C); 置信度:Low,PASSED,C,fallback
00700,腾讯控股,2018-10-05,STRUCTURAL_BOTTOM_CANDIDATE,Stable,Breakdown,41.392045487117564,COST_DISADVANTAGE,Medium,BULLISH_WARNING,55.0,Aligned,risk_off,结构:STRUCTURAL_BOTTOM_CANDIDATE(A/A-); 阶段:Stable(B); 触发:Breakdown(C); 置信度:Medium,PASSED,C,fallback
00700,腾讯控股,2018-10-12,STRUCTURAL_BOTTOM_CANDIDATE,Stable,Breakdown,41.392045487117564,COST_DISADVANTAGE,Medium,BULLISH_WARNING,55.0,Aligned,risk_off,结构:STRUCTURAL_BOTTOM_CANDIDATE(A/A-); 阶段:Stable(B); 触发:Breakdown(C); 置信度:Medium,PASSED,C,fallback
00700,腾讯控股,2018-10-19,STRUCTURAL_BOTTOM_CANDIDATE,Stable,Consolidation,41.392045487117564,COST_DISADVANTAGE,Medium,BULLISH_WARNING,55.0,Aligned,risk_off,结构:STRUCTURAL_BOTTOM_CANDIDATE(A/A-); 阶段:Stable(B); 触发:Consolidation(C); 置信度:Medium,PASSED,C,fallback
00700,腾讯控股,2018-10-26,STRUCTURAL_BOTTOM_CANDIDATE,Stable,Breakdown,41.392045487117564,COST_DISADVANTAGE,Medium,BULLISH_WARNING,55.0,Aligned,risk_off,结构:STRUCTURAL_BOTTOM_CANDIDATE(A/A-); 阶段:Stable(B); 触发:Breakdown(C); 置信度:Medium,PASSED,C,fallback
00700,腾讯控股,2018-11-02,STRUCTURAL_BOTTOM_CANDIDATE,Deteriorating,Consolidation,31.39535547466392,COST_DISADVANTAGE,Low,BULLISH_WARNING,55.0,Aligned,risk_off,结构:STRUCTURAL_BOTTOM_CANDIDATE(A/A-); 阶段:Deteriorating(B); 触发:Consolidation(C); 置信度:Low,PASSED,C,fallback
00700,腾讯控股,2018-11-09,STRUCTURAL_BOTTOM_CANDIDATE,Deteriorating,Consolidation,31.39535547466392,COST_DISADVANTAGE,Low,BULLISH_WARNING,55.0,Aligned,risk_off,结构:STRUCTURAL_BOTTOM_CANDIDATE(A/A-); 阶段:Deteriorating(B); 触发:Consolidation(C); 置信度:Low,PASSED,C,fallback
00700,腾讯控股,2018-11-16,STRUCTURAL_BOTTOM_CANDIDATE,Deteriorating,Consolidation,31.39535547466392,COST_DISADVANTAGE,Low,BULLISH_WARNING,55.0,Aligned,risk_off,结构:STRUCTURAL_BOTTOM_CANDIDATE(A/A-); 阶段:Deteriorating(B); 触发:Consolidation(C); 置信度:Low,PASSED,C,fallback
00700,腾讯控股,2018-11-23,STRUCTURAL_BOTTOM_CANDIDATE,Deteriorating,Consolidation,31.39535547466392,COST_DISADVANTAGE,Low,BULLISH_WARNING,55.0,Aligned,risk_off,结构:STRUCTURAL_BOTTOM_CANDIDATE(A/A-); 阶段:Deteriorating(B); 触发:Consolidation(C); 置信度:Low,PASSED,C,fallback
00700,腾讯控股,2018-11-30,STRUCTURAL_BOTTOM_CANDIDATE,Improving,Consolidation,28.0535707785083,COST_NEUTRAL,Low,BULLISH_WARNING,55.0,Aligned,risk_off,结构:STRUCTURAL_BOTTOM_CANDIDATE(A/A-); 阶段:Improving(B); 触发:Consolidation(C); 置信度:Low,PASSED,C,fallback
00700,腾讯控股,2018-12-07,STRUCTURAL_BOTTOM_CANDIDATE,Improving,Consolidation,28.0535707785083,COST_NEUTRAL,Low,BULLISH_WARNING,55.0,Aligned,neutral,结构:STRUCTURAL_BOTTOM_CANDIDATE(A/A-); 阶段:Improving(B); 触发:Consolidation(C); 置信度:Low,PASSED,C,fallback
00700,腾讯控股,2018-12-14,STRUCTURAL_BOTTOM_CANDIDATE,Improving,Consolidation,28.0535707785083,COST_NEUTRAL,Low,BULLISH_WARNING,55.0,Aligned,risk_off,结构:STRUCTURAL_BOTTOM_CANDIDATE(A/A-); 阶段:Improving(B); 触发:Consolidation(C); 置信度:Low,PASSED,C,fallback
00700,腾讯控股,2018-12-21,STRUCTURAL_BOTTOM_CANDIDATE,Improving,Consolidation,28.0535707785083,COST_NEUTRAL,Low,BULLISH_WARNING,55.0,Aligned,risk_off,结构:STRUCTURAL_BOTTOM_CANDIDATE(A/A-); 阶段:Improving(B); 触发:Consolidation(C); 置信度:Low,PASSED,C,fallback
00700,腾讯控股,2018-12-28,STRUCTURAL_BOTTOM_CANDIDATE,Improving,Consolidation,28.0535707785083,COST_NEUTRAL,Low,BULLISH_WARNING,55.0,Aligned,risk_off,结构:STRUCTURAL_BOTTOM_CANDIDATE(A/A-); 阶段:Improving(B); 触发:Consolidation(C); 置信度:Low,PASSED,C,fallback
00700,腾讯控股,2019-01-04,STRUCTURAL_BOTTOM_CANDIDATE,Stable,Consolidation,51.83891444196158,COST_DISADVANTAGE,Medium,BULLISH_WARNING,55.0,Aligned,risk_off,结构:STRUCTURAL_BOTTOM_CANDIDATE(A/A-); 阶段:Stable(B); 触发:Consolidation(C); 置信度:Medium,PASSED,C,fallback
00700,腾讯控股,2019-01-11,STRUCTURAL_BOTTOM_CANDIDATE,Stable,Consolidation,51.83891444196158,COST_DISADVANTAGE,Medium,BULLISH_WARNING,55.0,Aligned,risk_on,结构:STRUCTURAL_BOTTOM_CANDIDATE(A/A-); 阶段:Stable(B); 触发:Consolidation(C); 置信度:Medium,PASSED,C,fallback
00700,腾讯控股,2019-01-18,STRUCTURAL_BOTTOM_CANDIDATE,Stable,Consolidation,51.83891444196158,COST_DISADVANTAGE,Medium,BULLISH_WARNING,55.0,Aligned,risk_on,结构:STRUCTURAL_BOTTOM_CANDIDATE(A/A-); 阶段:Stable(B); 触发:Consolidation(C); 置信度:Medium,PASSED,C,fallback
00700,腾讯控股,2019-01-25,STRUCTURAL_BOTTOM_CANDIDATE,Stable,Consolidation,51.83891444196158,COST_DISADVANTAGE,Medium,BULLISH_WARNING,55.0,Aligned,risk_on,结构:STRUCTURAL_BOTTOM_CANDIDATE(A/A-); 阶段:Stable(B); 触发:Consolidation(C); 置信度:Medium,PASSED,C,fallback
00700,腾讯控股,2019-02-01,STRUCTURAL_BOTTOM_CANDIDATE,Improving,Consolidation,45.67830341700632,COST_NEUTRAL,Medium,BULLISH_WARNING,55.0,Aligned,risk_on,结构:STRUCTURAL_BOTTOM_CANDIDATE(A/A-); 阶段:Improving(B); 触发:Consolidation(C); 置信度:Medium,PASSED,C,fallback
00700,腾讯控股,2019-02-08,STRUCTURAL_BOTTOM_CANDIDATE,Improving,Consolidation,45.67830341700632,COST_NEUTRAL,Medium,BULLISH_WARNING,55.0,Aligned,risk_on,结构:STRUCTURAL_BOTTOM_CANDIDATE(A/A-); 阶段:Improving(B); 触发:Consolidation(C); 置信度:Medium,PASSED,C,fallback
00700,腾讯控股,2019-02-15,STRUCTURAL_BOTTOM_CANDIDATE,Improving,Pullback,45.67830341700632,COST_NEUTRAL,Medium,BULLISH_WARNING,55.0,Aligned,risk_on,结构:STRUCTURAL_BOTTOM_CANDIDATE(A/A-); 阶段:Improving(B); 触发:Pullback(C); 置信度:Medium,PASSED,B,fallback
00700,腾讯控股,2019-02-22,STRUCTURAL_BOTTOM_CANDIDATE,Improving,Consolidation,45.67830341700632,COST_NEUTRAL,Medium,BULLISH_WARNING,55.0,Aligned,risk_on,结构:STRUCTURAL_BOTTOM_CANDIDATE(A/A-); 阶段:Improving(B); 触发:Consolidation(C); 置信度:Medium,PASSED,B,fallback
00700,腾讯控股,2019-03-01,STRUCTURAL_BOTTOM_CANDIDATE,Deteriorating,Pullback,50.05558154904537,COST_NEUTRAL,Medium,BULLISH_WARNING,55.0,Aligned,risk_on,结构:STRUCTURAL_BOTTOM_CANDIDATE(A/A-); 阶段:Deteriorating(B); 触发:Pullback(C); 置信度:Medium,PASSED,B,fallback
00700,腾讯控股,2019-03-08,STRUCTURAL_BOTTOM_CANDIDATE,Deteriorating,Consolidation,50.05558154904537,COST_NEUTRAL,Medium,BULLISH_WARNING,55.0,Aligned,risk_on,结构:STRUCTURAL_BOTTOM_CANDIDATE(A/A-); 阶段:Deteriorating(B); 触发:Consolidation(C); 置信度:Medium,PASSED,B,fallback
00700,腾讯控股,2019-03-15,STRUCTURAL_BOTTOM_CANDIDATE,Deteriorating,Consolidation,50.05558154904537,COST_NEUTRAL,Medium,BULLISH_WARNING,55.0,Aligned,risk_on,结构:STRUCTURAL_BOTTOM_CANDIDATE(A/A-); 阶段:Deteriorating(B); 触发:Consolidation(C); 置信度:Medium,PASSED,B,fallback
00700,腾讯控股,2019-03-22,STRUCTURAL_BOTTOM_CANDIDATE,Deteriorating,Consolidation,50.05558154904537,COST_NEUTRAL,Medium,BULLISH_WARNING,55.0,Aligned,risk_on,结构:STRUCTURAL_BOTTOM_CANDIDATE(A/A-); 阶段:Deteriorating(B); 触发:Consolidation(C); 置信度:Medium,PASSED,B,fallback
00700,腾讯控股,2019-03-29,STRUCTURAL_BOTTOM_CANDIDATE,Deteriorating,Consolidation,50.05558154904537,COST_NEUTRAL,Medium,BULLISH_WARNING,55.0,Aligned,risk_on,结构:STRUCTURAL_BOTTOM_CANDIDATE(A/A-); 阶段:Deteriorating(B); 触发:Consolidation(C); 置信度:Medium,PASSED,B,fallback
00700,腾讯控股,2019-04-05,STRUCTURAL_BOTTOM_CANDIDATE,Improving,Consolidation,46.840345948577976,COST_DISADVANTAGE,Medium,BULLISH_WARNING,55.0,Aligned,risk_on,结构:STRUCTURAL_BOTTOM_CANDIDATE(A/A-); 阶段:Improving(B); 触发:Consolidation(C); 置信度:Medium,PASSED,B,fallback
00700,腾讯控股,2019-04-12,STRUCTURAL_BOTTOM_CANDIDATE,Improving,Consolidation,46.840345948577976,COST_DISADVANTAGE,Medium,BULLISH_WARNING,55.0,Aligned,risk_on,结构:STRUCTURAL_BOTTOM_CANDIDATE(A/A-); 阶段:Improving(B); 触发:Consolidation(C); 置信度:Medium,PASSED,B,fallback
00700,腾讯控股,2019-04-19,STRUCTURAL_BOTTOM_CANDIDATE,Improving,Consolidation,46.840345948577976,COST_DISADVANTAGE,Medium,BULLISH_WARNING,55.0,Aligned,risk_on,结构:STRUCTURAL_BOTTOM_CANDIDATE(A/A-); 阶段:Improving(B); 触发:Consolidation(C); 置信度:Medium,PASSED,B,fallback
00700,腾讯控股,2019-04-26,STRUCTURAL_BOTTOM_CANDIDATE,Improving,Consolidation,46.840345948577976,COST_DISADVANTAGE,Medium,BULLISH_WARNING,55.0,Aligned,risk_on,结构:STRUCTURAL_BOTTOM_CANDIDATE(A/A-); 阶段:Improving(B); 触发:Consolidation(C); 置信度:Medium,PASSED,B,fallback
00700,腾讯控股,2019-05-03,STRUCTURAL_BOTTOM_CANDIDATE,Improving,Consolidation,52.106460793353264,COST_NEUTRAL,Medium,BULLISH_WARNING,55.0,Aligned,risk_on,结构:STRUCTURAL_BOTTOM_CANDIDATE(A/A-); 阶段:Improving(B); 触发:Consolidation(C); 置信度:Medium,PASSED,B,fallback
00700,腾讯控股,2019-05-10,STRUCTURAL_BOTTOM_CANDIDATE,Improving,Pullback,52.106460793353264,COST_NEUTRAL,Medium,BULLISH_WARNING,55.0,Aligned,neutral,结构:STRUCTURAL_BOTTOM_CANDIDATE(A/A-); 阶段:Improving(B); 触发:Pullback(C); 置信度:Medium,PASSED,B,fallback
00700,腾讯控股,2019-05-17,STRUCTURAL_BOTTOM_CANDIDATE,Improving,Consolidation,52.106460793353264,COST_NEUTRAL,Medium,BULLISH_WARNING,55.0,Aligned,neutral,结构:STRUCTURAL_BOTTOM_CANDIDATE(A/A-); 阶段:Improving(B); 触发:Consolidation(C); 置信度:Medium,PASSED,B,fallback
00700,腾讯控股,2019-05-24,STRUCTURAL_BOTTOM_CANDIDATE,Improving,Consolidation,52.106460793353264,COST_NEUTRAL,Medium,BULLISH_WARNING,55.0,Aligned,risk_off,结构:STRUCTURAL_BOTTOM_CANDIDATE(A/A-); 阶段:Improving(B); 触发:Consolidation(C); 置信度:Medium,PASSED,B,fallback
00700,腾讯控股,2019-05-31,STRUCTURAL_BOTTOM_CANDIDATE,Deteriorating,Consolidation,39.17817136497543,COST_DISADVANTAGE,Medium,BULLISH_WARNING,55.0,Aligned,risk_off,结构:STRUCTURAL_BOTTOM_CANDIDATE(A/A-); 阶段:Deteriorating(B); 触发:Consolidation(C); 置信度:Medium,PASSED,B,fallback
00700,腾讯控股,2019-06-07,STRUCTURAL_BOTTOM_CANDIDATE,Deteriorating,Consolidation,39.17817136497543,COST_DISADVANTAGE,Medium,BULLISH_WARNING,55.0,Aligned,risk_off,结构:STRUCTURAL_BOTTOM_CANDIDATE(A/A-); 阶段:Deteriorating(B); 触发:Consolidation(C); 置信度:Medium,PASSED,B,fallback
00700,腾讯控股,2019-06-14,STRUCTURAL_BOTTOM_CANDIDATE,Deteriorating,Consolidation,39.17817136497543,COST_DISADVANTAGE,Medium,BULLISH_WARNING,55.0,Aligned,risk_off,结构:STRUCTURAL_BOTTOM_CANDIDATE(A/A-); 阶段:Deteriorating(B); 触发:Consolidation(C); 置信度:Medium,PASSED,B,fallback
00700,腾讯控股,2019-06-21,STRUCTURAL_BOTTOM_CANDIDATE,Deteriorating,Consolidation,39.17817136497543,COST_DISADVANTAGE,Medium,BULLISH_WARNING,55.0,Aligned,risk_off,结构:STRUCTURAL_BOTTOM_CANDIDATE(A/A-); 阶段:Deteriorating(B); 触发:Consolidation(C); 置信度:Medium,PASSED,B,fallback
00700,腾讯控股,2019-06-28,STRUCTURAL_BOTTOM_CANDIDATE,Deteriorating,Consolidation,39.17817136497543,COST_DISADVANTAGE,Medium,BULLISH_WARNING,55.0,Aligned,neutral,结构:STRUCTURAL_BOTTOM_CANDIDATE(A/A-); 阶段:Deteriorating(B); 触发:Consolidation(C); 置信度:Medium,PASSED,B,fallback
00700,腾讯控股,2019-07-05,STRUCTURAL_BOTTOM_CANDIDATE,Improving,Consolidation,49.23245334421067,COST_DISADVANTAGE,Medium,BULLISH_WARNING,55.0,Aligned,risk_off,结构:STRUCTURAL_BOTTOM_CANDIDATE(A/A-); 阶段:Improving(B); 触发:Consolidation(C); 置信度:Medium,PASSED,B,fallback
00700,腾讯控股,2019-07-12,STRUCTURAL_BOTTOM_CANDIDATE,Improving,Consolidation,49.23245334421067,COST_DISADVANTAGE,Medium,BULLISH_WARNING,55.0,Aligned,risk_off,结构:STRUCTURAL_BOTTOM_CANDIDATE(A/A-); 阶段:Improving(B); 触发:Consolidation(C); 置信度:Medium,PASSED,B,fallback
00700,腾讯控股,2019-07-19,STRUCTURAL_BOTTOM_CANDIDATE,Improving,Consolidation,49.23245334421067,COST_DISADVANTAGE,Medium,BULLISH_WARNING,55.0,Aligned,risk_off,结构:STRUCTURAL_BOTTOM_CANDIDATE(A/A-); 阶段:Improving(B); 触发:Consolidation(C); 置信度:Medium,PASSED,B,fallback
00700,腾讯控股,2019-07-26,STRUCTURAL_BOTTOM_CANDIDATE,Improving,Consolidation,49.23245334421067,COST_DISADVANTAGE,Medium,BULLISH_WARNING,55.0,Aligned,risk_off,结构:STRUCTURAL_BOTTOM_CANDIDATE(A/A-); 阶段:Improving(B); 触发:Consolidation(C); 置信度:Medium,PASSED,B,fallback
00700,腾讯控股,2019-08-02,STRUCTURAL_BOTTOM_CANDIDATE,Improving,Pullback,54.58557986672805,COST_DISADVANTAGE,Medium,BULLISH_WARNING,55.0,Aligned,risk_off,结构:STRUCTURAL_BOTTOM_CANDIDATE(A/A-); 阶段:Improving(B); 触发:Pullback(C); 置信度:Medium,PASSED,B,fallback
00700,腾讯控股,2019-08-09,STRUCTURAL_BOTTOM_CANDIDATE,Improving,Consolidation,54.58557986672805,COST_DISADVANTAGE,Medium,BULLISH_WARNING,55.0,Aligned,risk_off,结构:STRUCTURAL_BOTTOM_CANDIDATE(A/A-); 阶段:Improving(B); 触发:Consolidation(C); 置信度:Medium,PASSED,B,fallback
00700,腾讯控股,2019-08-16,STRUCTURAL_BOTTOM_CANDIDATE,Improving,Consolidation,54.58557986672805,COST_DISADVANTAGE,Medium,BULLISH_WARNING,55.0,Aligned,risk_off,结构:STRUCTURAL_BOTTOM_CANDIDATE(A/A-); 阶段:Improving(B); 触发:Consolidation(C); 置信度:Medium,PASSED,B,fallback
00700,腾讯控股,2019-08-23,STRUCTURAL_BOTTOM_CANDIDATE,Improving,Consolidation,54.58557986672805,COST_DISADVANTAGE,Medium,BULLISH_WARNING,55.0,Aligned,risk_off,结构:STRUCTURAL_BOTTOM_CANDIDATE(A/A-); 阶段:Improving(B); 触发:Consolidation(C); 置信度:Medium,PASSED,B,fallback
00700,腾讯控股,2019-08-30,STRUCTURAL_BOTTOM_CANDIDATE,Improving,Consolidation,54.58557986672805,COST_DISADVANTAGE,Medium,BULLISH_WARNING,55.0,Aligned,risk_off,结构:STRUCTURAL_BOTTOM_CANDIDATE(A/A-); 阶段:Improving(B); 触发:Consolidation(C); 置信度:Medium,PASSED,B,fallback
00700,腾讯控股,2019-09-06,STRUCTURAL_BOTTOM_CANDIDATE,Deteriorating,Consolidation,38.66513191751826,COST_DISADVANTAGE,Medium,BULLISH_WARNING,55.0,Aligned,risk_off,结构:STRUCTURAL_BOTTOM_CANDIDATE(A/A-); 阶段:Deteriorating(B); 触发:Consolidation(C); 置信度:Medium,PASSED,B,fallback
00700,腾讯控股,2019-09-13,STRUCTURAL_BOTTOM_CANDIDATE,Deteriorating,Consolidation,38.66513191751826,COST_DISADVANTAGE,Medium,BULLISH_WARNING,55.0,Aligned,risk_off,结构:STRUCTURAL_BOTTOM_CANDIDATE(A/A-); 阶段:Deteriorating(B); 触发:Consolidation(C); 置信度:Medium,PASSED,B,fallback
00700,腾讯控股,2019-09-20,STRUCTURAL_BOTTOM_CANDIDATE,Deteriorating,Consolidation,38.66513191751826,COST_DISADVANTAGE,Medium,BULLISH_WARNING,55.0,Aligned,risk_off,结构:STRUCTURAL_BOTTOM_CANDIDATE(A/A-); 阶段:Deteriorating(B); 触发:Consolidation(C); 置信度:Medium,PASSED,B,fallback
00700,腾讯控股,2019-09-27,STRUCTURAL_BOTTOM_CANDIDATE,Deteriorating,Consolidation,38.66513191751826,COST_DISADVANTAGE,Medium,BULLISH_WARNING,55.0,Aligned,risk_off,结构:STRUCTURAL_BOTTOM_CANDIDATE(A/A-); 阶段:Deteriorating(B); 触发:Consolidation(C); 置信度:Medium,PASSED,B,fallback
00700,腾讯控股,2019-10-04,STRUCTURAL_BOTTOM_CANDIDATE,Improving,Consolidation,49.68654711595839,COST_DISADVANTAGE,Medium,BULLISH_WARNING,55.0,Aligned,risk_off,结构:STRUCTURAL_BOTTOM_CANDIDATE(A/A-); 阶段:Improving(B); 触发:Consolidation(C); 置信度:Medium,PASSED,B,fallback
00700,腾讯控股,2019-10-11,STRUCTURAL_BOTTOM_CANDIDATE,Improving,Consolidation,49.68654711595839,COST_DISADVANTAGE,Medium,BULLISH_WARNING,55.0,Aligned,risk_off,结构:STRUCTURAL_BOTTOM_CANDIDATE(A/A-); 阶段:Improving(B); 触发:Consolidation(C); 置信度:Medium,PASSED,B,fallback
00700,腾讯控股,2019-10-18,STRUCTURAL_BOTTOM_CANDIDATE,Improving,Consolidation,49.68654711595839,COST_DISADVANTAGE,Medium,BULLISH_WARNING,55.0,Aligned,risk_off,结构:STRUCTURAL_BOTTOM_CANDIDATE(A/A-); 阶段:Improving(B); 触发:Consolidation(C); 置信度:Medium,PASSED,B,fallback
00700,腾讯控股,2019-10-25,STRUCTURAL_BOTTOM_CANDIDATE,Improving,Consolidation,49.68654711595839,COST_DISADVANTAGE,Medium,BULLISH_WARNING,55.0,Aligned,risk_off,结构:STRUCTURAL_BOTTOM_CANDIDATE(A/A-); 阶段:Improving(B); 触发:Consolidation(C); 置信度:Medium,PASSED,B,fallback
00700,腾讯控股,2019-11-01,STRUCTURAL_BOTTOM_CANDIDATE,Stable,Consolidation,44.74595375790022,COST_DISADVANTAGE,Medium,BULLISH_WARNING,55.0,Aligned,risk_on,结构:STRUCTURAL_BOTTOM_CANDIDATE(A/A-); 阶段:Stable(B); 触发:Consolidation(C); 置信度:Medium,PASSED,B,fallback
00700,腾讯控股,2019-11-08,STRUCTURAL_BOTTOM_CANDIDATE,Stable,Consolidation,44.74595375790022,COST_DISADVANTAGE,Medium,BULLISH_WARNING,55.0,Aligned,risk_on,结构:STRUCTURAL_BOTTOM_CANDIDATE(A/A-); 阶段:Stable(B); 触发:Consolidation(C); 置信度:Medium,PASSED,B,fallback
00700,腾讯控股,2019-11-15,STRUCTURAL_BOTTOM_CANDIDATE,Stable,Consolidation,44.74595375790022,COST_DISADVANTAGE,Low,BULLISH_WARNING,55.0,Aligned,neutral,结构:STRUCTURAL_BOTTOM_CANDIDATE(A/A-); 阶段:Stable(B); 触发:Consolidation(C); 置信度:Low,PASSED,B,fallback
00700,腾讯控股,2019-11-22,STRUCTURAL_BOTTOM_CANDIDATE,Stable,Consolidation,44.74595375790022,COST_DISADVANTAGE,Low,BULLISH_WARNING,55.0,Aligned,risk_on,结构:STRUCTURAL_BOTTOM_CANDIDATE(A/A-); 阶段:Stable(B); 触发:Consolidation(C); 置信度:Low,PASSED,B,fallback
00700,腾讯控股,2019-11-29,STRUCTURAL_BOTTOM_CANDIDATE,Stable,Consolidation,44.74595375790022,COST_DISADVANTAGE,Low,BULLISH_WARNING,55.0,Aligned,neutral,结构:STRUCTURAL_BOTTOM_CANDIDATE(A/A-); 阶段:Stable(B); 触发:Consolidation(C); 置信度:Low,PASSED,B,fallback
00700,腾讯控股,2019-12-06,STRUCTURAL_BOTTOM_CANDIDATE,Improving,Consolidation,52.94457070896312,COST_DISADVANTAGE,Medium,BULLISH_WARNING,55.0,Aligned,risk_off,结构:STRUCTURAL_BOTTOM_CANDIDATE(A/A-); 阶段:Improving(B); 触发:Consolidation(C); 置信度:Medium,PASSED,B,fallback
00700,腾讯控股,2019-12-13,STRUCTURAL_BOTTOM_CANDIDATE,Improving,Consolidation,52.94457070896312,COST_DISADVANTAGE,Medium,BULLISH_WARNING,55.0,Aligned,risk_on,结构:STRUCTURAL_BOTTOM_CANDIDATE(A/A-); 阶段:Improving(B); 触发:Consolidation(C); 置信度:Medium,PASSED,B,fallback
00700,腾讯控股,2019-12-20,STRUCTURAL_BOTTOM_CANDIDATE,Improving,Consolidation,52.94457070896312,COST_DISADVANTAGE,Medium,BULLISH_WARNING,55.0,Aligned,risk_on,结构:STRUCTURAL_BOTTOM_CANDIDATE(A/A-); 阶段:Improving(B); 触发:Consolidation(C); 置信度:Medium,PASSED,B,fallback
00700,腾讯控股,2019-12-27,STRUCTURAL_BOTTOM_CANDIDATE,Improving,Consolidation,52.94457070896312,COST_DISADVANTAGE,Medium,BULLISH_WARNING,55.0,Aligned,risk_on,结构:STRUCTURAL_BOTTOM_CANDIDATE(A/A-); 阶段:Improving(B); 触发:Consolidation(C); 置信度:Medium,PASSED,B,fallback
00700,腾讯控股,2020-01-03,STRUCTURAL_BOTTOM_CANDIDATE,Improving,Consolidation,51.69765260908202,COST_NEUTRAL,Medium,BULLISH_WARNING,55.0,Aligned,risk_on,结构:STRUCTURAL_BOTTOM_CANDIDATE(A/A-); 阶段:Improving(B); 触发:Consolidation(C); 置信度:Medium,PASSED,B,fallback
00700,腾讯控股,2020-01-10,STRUCTURAL_BOTTOM_CANDIDATE,Improving,Consolidation,51.69765260908202,COST_NEUTRAL,Medium,BULLISH_WARNING,55.0,Aligned,risk_on,结构:STRUCTURAL_BOTTOM_CANDIDATE(A/A-); 阶段:Improving(B); 触发:Consolidation(C); 置信度:Medium,PASSED,B,fallback
00700,腾讯控股,2020-01-17,STRUCTURAL_BOTTOM_CANDIDATE,Improving,Consolidation,51.69765260908202,COST_NEUTRAL,Medium,BULLISH_WARNING,55.0,Aligned,risk_on,结构:STRUCTURAL_BOTTOM_CANDIDATE(A/A-); 阶段:Improving(B); 触发:Consolidation(C); 置信度:Medium,PASSED,B,fallback
00700,腾讯控股,2020-01-24,STRUCTURAL_BOTTOM_CANDIDATE,Improving,Pullback,51.69765260908202,COST_NEUTRAL,Medium,BULLISH_WARNING,55.0,Aligned,risk_on,结构:STRUCTURAL_BOTTOM_CANDIDATE(A/A-); 阶段:Improving(B); 触发:Pullback(C); 置信度:Medium,PASSED,B,fallback
00700,腾讯控股,2020-01-31,STRUCTURAL_BOTTOM_CANDIDATE,Stable,Pullback,48.09241835722517,COST_NEUTRAL,Low,BULLISH_WARNING,55.0,Aligned,risk_off,结构:STRUCTURAL_BOTTOM_CANDIDATE(A/A-); 阶段:Stable(B); 触发:Pullback(C); 置信度:Low,PASSED,B,fallback
00700,腾讯控股,2020-02-07,STRUCTURAL_BOTTOM_CANDIDATE,Stable,Consolidation,48.09241835722517,COST_NEUTRAL,Low,BULLISH_WARNING,55.0,Aligned,neutral,结构:STRUCTURAL_BOTTOM_CANDIDATE(A/A-); 阶段:Stable(B); 触发:Consolidation(C); 置信度:Low,PASSED,B,fallback
00700,腾讯控股,2020-02-14,STRUCTURAL_BOTTOM_CANDIDATE,Stable,Consolidation,48.09241835722517,COST_NEUTRAL,Low,BULLISH_WARNING,55.0,Aligned,risk_on,结构:STRUCTURAL_BOTTOM_CANDIDATE(A/A-); 阶段:Stable(B); 触发:Consolidation(C); 置信度:Low,PASSED,B,fallback
00700,腾讯控股,2020-02-21,STRUCTURAL_BOTTOM_CANDIDATE,Stable,Consolidation,48.09241835722517,COST_NEUTRAL,Low,BULLISH_WARNING,55.0,Aligned,risk_on,结构:STRUCTURAL_BOTTOM_CANDIDATE(A/A-); 阶段:Stable(B); 触发:Consolidation(C); 置信度:Low,PASSED,B,fallback
00700,腾讯控股,2020-02-28,STRUCTURAL_BOTTOM_CANDIDATE,Stable,Pullback,48.09241835722517,COST_NEUTRAL,Low,BULLISH_WARNING,55.0,Aligned,risk_off,结构:STRUCTURAL_BOTTOM_CANDIDATE(A/A-); 阶段:Stable(B); 触发:Pullback(C); 置信度:Low,PASSED,B,fallback
00700,腾讯控股,2020-03-06,STRUCTURAL_BOTTOM_CANDIDATE,Stable,Consolidation,50.49715676313974,COST_NEUTRAL,Low,BULLISH_WARNING,55.0,Aligned,risk_off,结构:STRUCTURAL_BOTTOM_CANDIDATE(A/A-); 阶段:Stable(B); 触发:Consolidation(C); 置信度:Low,PASSED,B,fallback
00700,腾讯控股,2020-03-13,STRUCTURAL_BOTTOM_CANDIDATE,Stable,Consolidation,50.49715676313974,COST_NEUTRAL,Low,BULLISH_WARNING,55.0,Aligned,risk_off,结构:STRUCTURAL_BOTTOM_CANDIDATE(A/A-); 阶段:Stable(B); 触发:Consolidation(C); 置信度:Low,PASSED,B,fallback
00700,腾讯控股,2020-03-20,STRUCTURAL_BOTTOM_CANDIDATE,Stable,Consolidation,50.49715676313974,COST_NEUTRAL,Low,BULLISH_WARNING,55.0,Aligned,risk_off,结构:STRUCTURAL_BOTTOM_CANDIDATE(A/A-); 阶段:Stable(B); 触发:Consolidation(C); 置信度:Low,PASSED,B,fallback
00700,腾讯控股,2020-03-27,STRUCTURAL_BOTTOM_CANDIDATE,Stable,Consolidation,50.49715676313974,COST_NEUTRAL,Low,BULLISH_WARNING,55.0,Aligned,risk_off,结构:STRUCTURAL_BOTTOM_CANDIDATE(A/A-); 阶段:Stable(B); 触发:Consolidation(C); 置信度:Low,PASSED,B,fallback
00700,腾讯控股,2020-04-03,STRUCTURAL_BOTTOM_CANDIDATE,Deteriorating,Pullback,23.718278134234005,COST_DISADVANTAGE,Low,BULLISH_WARNING,55.0,Aligned,risk_off,结构:STRUCTURAL_BOTTOM_CANDIDATE(A/A-); 阶段:Deteriorating(B); 触发:Pullback(C); 置信度:Low,PASSED,B,fallback
00700,腾讯控股,2020-04-10,STRUCTURAL_BOTTOM_CANDIDATE,Deteriorating,Consolidation,23.718278134234005,COST_DISADVANTAGE,Low,BULLISH_WARNING,55.0,Aligned,risk_off,结构:STRUCTURAL_BOTTOM_CANDIDATE(A/A-); 阶段:Deteriorating(B); 触发:Consolidation(C); 置信度:Low,PASSED,B,fallback
00700,腾讯控股,2020-04-17,STRUCTURAL_BOTTOM_CANDIDATE,Deteriorating,Consolidation,23.718278134234005,COST_DISADVANTAGE,Low,BULLISH_WARNING,55.0,Aligned,risk_off,结构:STRUCTURAL_BOTTOM_CANDIDATE(A/A-); 阶段:Deteriorating(B); 触发:Consolidation(C); 置信度:Low,PASSED,B,fallback
00700,腾讯控股,2020-04-24,STRUCTURAL_BOTTOM_CANDIDATE,Deteriorating,Consolidation,23.718278134234005,COST_DISADVANTAGE,Low,BULLISH_WARNING,55.0,Aligned,risk_off,结构:STRUCTURAL_BOTTOM_CANDIDATE(A/A-); 阶段:Deteriorating(B); 触发:Consolidation(C); 置信度:Low,PASSED,B,fallback
00700,腾讯控股,2020-05-01,STRUCTURAL_BOTTOM_CANDIDATE,Improving,Consolidation,42.282981185858546,COST_NEUTRAL,Low,BULLISH_WARNING,55.0,Aligned,risk_off,结构:STRUCTURAL_BOTTOM_CANDIDATE(A/A-); 阶段:Improving(B); 触发:Consolidation(C); 置信度:Low,PASSED,B,fallback
00700,腾讯控股,2020-05-08,STRUCTURAL_BOTTOM_CANDIDATE,Improving,Consolidation,42.282981185858546,COST_NEUTRAL,Low,BULLISH_WARNING,55.0,Aligned,risk_off,结构:STRUCTURAL_BOTTOM_CANDIDATE(A/A-); 阶段:Improving(B); 触发:Consolidation(C); 置信度:Low,PASSED,B,fallback
00700,腾讯控股,2020-05-15,STRUCTURAL_BOTTOM_CANDIDATE,Improving,Consolidation,42.282981185858546,COST_NEUTRAL,Medium,BULLISH_WARNING,55.0,Aligned,risk_off,结构:STRUCTURAL_BOTTOM_CANDIDATE(A/A-); 阶段:Improving(B); 触发:Consolidation(C); 置信度:Medium,PASSED,B,fallback
00700,腾讯控股,2020-05-22,STRUCTURAL_BOTTOM_CANDIDATE,Improving,Consolidation,42.282981185858546,COST_NEUTRAL,Medium,BULLISH_WARNING,55.0,Aligned,risk_off,结构:STRUCTURAL_BOTTOM_CANDIDATE(A/A-); 阶段:Improving(B); 触发:Consolidation(C); 置信度:Medium,PASSED,B,fallback
00700,腾讯控股,2020-05-29,STRUCTURAL_BOTTOM_CANDIDATE,Improving,Pullback,42.282981185858546,COST_NEUTRAL,Medium,BULLISH_WARNING,55.0,Aligned,risk_off,结构:STRUCTURAL_BOTTOM_CANDIDATE(A/A-); 阶段:Improving(B); 触发:Pullback(C); 置信度:Medium,PASSED,B,fallback
00700,腾讯控股,2020-06-05,STRUCTURAL_BOTTOM_CANDIDATE,Stable,Consolidation,25.512254056893642,COST_NEUTRAL,Low,BULLISH_WARNING,55.0,Aligned,neutral,结构:STRUCTURAL_BOTTOM_CANDIDATE(A/A-); 阶段:Stable(B); 触发:Consolidation(C); 置信度:Low,PASSED,B,fallback
00700,腾讯控股,2020-06-12,STRUCTURAL_BOTTOM_CANDIDATE,Stable,Consolidation,25.512254056893642,COST_NEUTRAL,Low,BULLISH_WARNING,55.0,Aligned,risk_off,结构:STRUCTURAL_BOTTOM_CANDIDATE(A/A-); 阶段:Stable(B); 触发:Consolidation(C); 置信度:Low,PASSED,B,fallback
00700,腾讯控股,2020-06-19,STRUCTURAL_BOTTOM_CANDIDATE,Stable,Consolidation,25.512254056893642,COST_NEUTRAL,Low,BULLISH_WARNING,55.0,Aligned,risk_off,结构:STRUCTURAL_BOTTOM_CANDIDATE(A/A-); 阶段:Stable(B); 触发:Consolidation(C); 置信度:Low,PASSED,B,fallback
00700,腾讯控股,2020-06-26,STRUCTURAL_BOTTOM_CANDIDATE,Stable,Consolidation,25.512254056893642,COST_NEUTRAL,Low,BULLISH_WARNING,55.0,Aligned,risk_off,结构:STRUCTURAL_BOTTOM_CANDIDATE(A/A-); 阶段:Stable(B); 触发:Consolidation(C); 置信度:Low,PASSED,B,fallback
00700,腾讯控股,2020-07-03,STRUCTURAL_BOTTOM_CANDIDATE,Stable,Consolidation,28.122217127994475,COST_ADVANTAGE,Low,BULLISH_WARNING,55.0,Aligned,risk_on,结构:STRUCTURAL_BOTTOM_CANDIDATE(A/A-); 阶段:Stable(B); 触发:Consolidation(C); 置信度:Low,PASSED,B,fallback
00700,腾讯控股,2020-07-10,STRUCTURAL_BOTTOM_CANDIDATE,Stable,Consolidation,28.122217127994475,COST_ADVANTAGE,Low,BULLISH_WARNING,55.0,Aligned,risk_off,结构:STRUCTURAL_BOTTOM_CANDIDATE(A/A-); 阶段:Stable(B); 触发:Consolidation(C); 置信度:Low,PASSED,B,fallback
00700,腾讯控股,2020-07-17,STRUCTURAL_BOTTOM_CANDIDATE,Stable,Consolidation,28.122217127994475,COST_ADVANTAGE,Low,BULLISH_WARNING,55.0,Aligned,risk_on,结构:STRUCTURAL_BOTTOM_CANDIDATE(A/A-); 阶段:Stable(B); 触发:Consolidation(C); 置信度:Low,PASSED,B,fallback
00700,腾讯控股,2020-07-24,STRUCTURAL_BOTTOM_CANDIDATE,Stable,Consolidation,28.122217127994475,COST_ADVANTAGE,Low,BULLISH_WARNING,55.0,Aligned,risk_off,结构:STRUCTURAL_BOTTOM_CANDIDATE(A/A-); 阶段:Stable(B); 触发:Consolidation(C); 置信度:Low,PASSED,B,fallback
00700,腾讯控股,2020-07-31,STRUCTURAL_BOTTOM_CANDIDATE,Stable,Consolidation,26.32898712309151,COST_NEUTRAL,Low,BULLISH_WARNING,55.0,Aligned,neutral,结构:STRUCTURAL_BOTTOM_CANDIDATE(A/A-); 阶段:Stable(B); 触发:Consolidation(C); 置信度:Low,PASSED,B,fallback
00700,腾讯控股,2020-08-07,STRUCTURAL_BOTTOM_CANDIDATE,Stable,Consolidation,26.32898712309151,COST_NEUTRAL,Low,BULLISH_WARNING,55.0,Aligned,neutral,结构:STRUCTURAL_BOTTOM_CANDIDATE(A/A-); 阶段:Stable(B); 触发:Consolidation(C); 置信度:Low,PASSED,B,fallback
00700,腾讯控股,2020-08-14,STRUCTURAL_DIVERGENCE,Stable,Pullback,26.32898712309151,COST_NEUTRAL,Low,BULLISH_WARNING,55.0,Aligned,risk_on,结构:STRUCTURAL_DIVERGENCE(A/A-); 阶段:Stable(B); 触发:Pullback(C); 置信度:Low,PASSED,C,fallback
00700,腾讯控股,2020-08-21,STRUCTURAL_DIVERGENCE,Stable,Consolidation,26.32898712309151,COST_NEUTRAL,Low,BULLISH_WARNING,55.0,Aligned,risk_on,结构:STRUCTURAL_DIVERGENCE(A/A-); 阶段:Stable(B); 触发:Consolidation(C); 置信度:Low,PASSED,C,fallback
00700,腾讯控股,2020-08-28,STRUCTURAL_DIVERGENCE,Stable,Consolidation,26.32898712309151,COST_NEUTRAL,Low,BULLISH_WARNING,55.0,Aligned,risk_on,结构:STRUCTURAL_DIVERGENCE(A/A-); 阶段:Stable(B); 触发:Consolidation(C); 置信度:Low,PASSED,C,fallback
00700,腾讯控股,2020-09-04,STRUCTURAL_DIVERGENCE,Stable,Pullback,29.075522022427315,COST_NEUTRAL,Low,BULLISH_WARNING,55.0,Aligned,risk_off,结构:STRUCTURAL_DIVERGENCE(A/A-); 阶段:Stable(B); 触发:Pullback(C); 置信度:Low,PASSED,C,fallback
00700,腾讯控股,2020-09-11,STRUCTURAL_DIVERGENCE,Stable,Pullback,29.075522022427315,COST_NEUTRAL,Low,BULLISH_WARNING,55.0,Aligned,neutral,结构:STRUCTURAL_DIVERGENCE(A/A-); 阶段:Stable(B); 触发:Pullback(C); 置信度:Low,PASSED,C,fallback
00700,腾讯控股,2020-09-18,STRUCTURAL_DIVERGENCE,Stable,Consolidation,29.075522022427315,COST_NEUTRAL,Low,BULLISH_WARNING,55.0,Aligned,neutral,结构:STRUCTURAL_DIVERGENCE(A/A-); 阶段:Stable(B); 触发:Consolidation(C); 置信度:Low,PASSED,C,fallback
00700,腾讯控股,2020-09-25,STRUCTURAL_DIVERGENCE,Stable,Pullback,29.075522022427315,COST_NEUTRAL,Low,BULLISH_WARNING,55.0,Aligned,risk_off,结构:STRUCTURAL_DIVERGENCE(A/A-); 阶段:Stable(B); 触发:Pullback(C); 置信度:Low,PASSED,C,fallback
00700,腾讯控股,2020-10-02,STRUCTURAL_DIVERGENCE,Deteriorating,Pullback,52.56537427446181,COST_DISADVANTAGE,Low,BULLISH_WARNING,55.0,Aligned,risk_off,结构:STRUCTURAL_DIVERGENCE(A/A-); 阶段:Deteriorating(B); 触发:Pullback(C); 置信度:Low,PASSED,C,fallback
00700,腾讯控股,2020-10-09,STRUCTURAL_DIVERGENCE,Deteriorating,Consolidation,52.56537427446181,COST_DISADVANTAGE,Low,BULLISH_WARNING,55.0,Aligned,risk_off,结构:STRUCTURAL_DIVERGENCE(A/A-); 阶段:Deteriorating(B); 触发:Consolidation(C); 置信度:Low,PASSED,C,fallback
00700,腾讯控股,2020-10-16,STRUCTURAL_DIVERGENCE,Deteriorating,Consolidation,52.56537427446181,COST_DISADVANTAGE,Low,BULLISH_WARNING,55.0,Aligned,risk_off,结构:STRUCTURAL_DIVERGENCE(A/A-); 阶段:Deteriorating(B); 触发:Consolidation(C); 置信度:Low,PASSED,C,fallback
00700,腾讯控股,2020-10-23,STRUCTURAL_DIVERGENCE,Deteriorating,Consolidation,52.56537427446181,COST_DISADVANTAGE,Low,BULLISH_WARNING,55.0,Aligned,neutral,结构:STRUCTURAL_DIVERGENCE(A/A-); 阶段:Deteriorating(B); 触发:Consolidation(C); 置信度:Low,PASSED,C,fallback
00700,腾讯控股,2020-10-30,STRUCTURAL_DIVERGENCE,Deteriorating,Consolidation,52.56537427446181,COST_DISADVANTAGE,Low,BULLISH_WARNING,55.0,Aligned,risk_off,结构:STRUCTURAL_DIVERGENCE(A/A-); 阶段:Deteriorating(B); 触发:Consolidation(C); 置信度:Low,PASSED,C,fallback
00700,腾讯控股,2020-11-06,STRUCTURAL_DIVERGENCE,Improving,Consolidation,54.30209618699416,COST_NEUTRAL,Low,BULLISH_WARNING,55.0,Aligned,risk_on,结构:STRUCTURAL_DIVERGENCE(A/A-); 阶段:Improving(B); 触发:Consolidation(C); 置信度:Low,PASSED,C,fallback
00700,腾讯控股,2020-11-13,STRUCTURAL_DIVERGENCE,Improving,Consolidation,54.30209618699416,COST_NEUTRAL,Low,BULLISH_WARNING,55.0,Aligned,risk_on,结构:STRUCTURAL_DIVERGENCE(A/A-); 阶段:Improving(B); 触发:Consolidation(C); 置信度:Low,PASSED,C,fallback
00700,腾讯控股,2020-11-20,STRUCTURAL_DIVERGENCE,Improving,Consolidation,54.30209618699416,COST_NEUTRAL,Medium,BULLISH_WARNING,55.0,Aligned,risk_on,结构:STRUCTURAL_DIVERGENCE(A/A-); 阶段:Improving(B); 触发:Consolidation(C); 置信度:Medium,PASSED,B,fallback
00700,腾讯控股,2020-11-27,STRUCTURAL_DIVERGENCE,Improving,Pullback,54.30209618699416,COST_NEUTRAL,Medium,BULLISH_WARNING,55.0,Aligned,risk_on,结构:STRUCTURAL_DIVERGENCE(A/A-); 阶段:Improving(B); 触发:Pullback(C); 置信度:Medium,PASSED,B,fallback
00700,腾讯控股,2020-12-04,STRUCTURAL_DIVERGENCE,Deteriorating,Consolidation,26.87965488003841,COST_NEUTRAL,Low,BULLISH_WARNING,55.0,Aligned,risk_on,结构:STRUCTURAL_DIVERGENCE(A/A-); 阶段:Deteriorating(B); 触发:Consolidation(C); 置信度:Low,PASSED,B,fallback
00700,腾讯控股,2020-12-11,STRUCTURAL_DIVERGENCE,Deteriorating,Consolidation,26.87965488003841,COST_NEUTRAL,Low,BULLISH_WARNING,55.0,Aligned,risk_on,结构:STRUCTURAL_DIVERGENCE(A/A-); 阶段:Deteriorating(B); 触发:Consolidation(C); 置信度:Low,PASSED,B,fallback
00700,腾讯控股,2020-12-18,STRUCTURAL_DIVERGENCE,Deteriorating,Pullback,26.87965488003841,COST_NEUTRAL,Low,BULLISH_WARNING,55.0,Aligned,risk_on,结构:STRUCTURAL_DIVERGENCE(A/A-); 阶段:Deteriorating(B); 触发:Pullback(C); 置信度:Low,PASSED,B,fallback
00700,腾讯控股,2020-12-25,STRUCTURAL_DIVERGENCE,Deteriorating,Pullback,26.87965488003841,COST_NEUTRAL,Low,BULLISH_WARNING,55.0,Aligned,risk_on,结构:STRUCTURAL_DIVERGENCE(A/A-); 阶段:Deteriorating(B); 触发:Pullback(C); 置信度:Low,PASSED,B,fallback
00700,腾讯控股,2021-01-01,STRUCTURAL_DIVERGENCE,Stable,Pullback,41.675440923965816,COST_DISADVANTAGE,Medium,BULLISH_WARNING,55.0,Aligned,risk_on,结构:STRUCTURAL_DIVERGENCE(A/A-); 阶段:Stable(B); 触发:Pullback(C); 置信度:Medium,PASSED,B,fallback
00700,腾讯控股,2021-01-08,STRUCTURAL_DIVERGENCE,Stable,Consolidation,41.675440923965816,COST_DISADVANTAGE,Medium,BULLISH_WARNING,55.0,Aligned,risk_on,结构:STRUCTURAL_DIVERGENCE(A/A-); 阶段:Stable(B); 触发:Consolidation(C); 置信度:Medium,PASSED,B,fallback
00700,腾讯控股,2021-01-15,STRUCTURAL_DIVERGENCE,Stable,Consolidation,41.675440923965816,COST_DISADVANTAGE,Medium,BULLISH_WARNING,55.0,Aligned,risk_on,结构:STRUCTURAL_DIVERGENCE(A/A-); 阶段:Stable(B); 触发:Consolidation(C); 置信度:Medium,PASSED,B,fallback
00700,腾讯控股,2021-01-22,STRUCTURAL_DIVERGENCE,Stable,Consolidation,41.675440923965816,COST_DISADVANTAGE,Medium,BULLISH_WARNING,55.0,Aligned,risk_on,结构:STRUCTURAL_DIVERGENCE(A/A-); 阶段:Stable(B); 触发:Consolidation(C); 置信度:Medium,PASSED,B,fallback
00700,腾讯控股,2021-01-29,STRUCTURAL_DIVERGENCE,Stable,Consolidation,41.675440923965816,COST_DISADVANTAGE,Medium,BULLISH_WARNING,55.0,Aligned,risk_off,结构:STRUCTURAL_DIVERGENCE(A/A-); 阶段:Stable(B); 触发:Consolidation(C); 置信度:Medium,PASSED,B,fallback
00700,腾讯控股,2021-02-05,STRUCTURAL_DIVERGENCE,Stable,Consolidation,24.45816563204675,COST_NEUTRAL,Low,BULLISH_WARNING,55.0,Aligned,risk_on,结构:STRUCTURAL_DIVERGENCE(A/A-); 阶段:Stable(B); 触发:Consolidation(C); 置信度:Low,PASSED,B,fallback
00700,腾讯控股,2021-02-12,STRUCTURAL_DIVERGENCE,Stable,Consolidation,24.45816563204675,COST_NEUTRAL,Low,BULLISH_WARNING,55.0,Aligned,risk_on,结构:STRUCTURAL_DIVERGENCE(A/A-); 阶段:Stable(B); 触发:Consolidation(C); 置信度:Low,PASSED,B,fallback
00700,腾讯控股,2021-02-19,STRUCTURAL_ACCUMULATION,Stable,Consolidation,24.45816563204675,COST_NEUTRAL,Medium,BULLISH_STABLE,75.0,Aligned,risk_on,结构:STRUCTURAL_ACCUMULATION(A/A-); 阶段:Stable(B); 触发:Consolidation(C); 置信度:Medium,PASSED,C,fallback
00700,腾讯控股,2021-02-26,STRUCTURAL_ACCUMULATION,Stable,Pullback,24.45816563204675,COST_NEUTRAL,Medium,BULLISH_STABLE,75.0,Aligned,risk_off,结构:STRUCTURAL_ACCUMULATION(A/A-); 阶段:Stable(B); 触发:Pullback(C); 置信度:Medium,PASSED,C,fallback
00700,腾讯控股,2021-03-05,STRUCTURAL_ACCUMULATION,Stable,Pullback,40.672714976005594,COST_NEUTRAL,Medium,BULLISH_STABLE,75.0,Aligned,risk_on,结构:STRUCTURAL_ACCUMULATION(A/A-); 阶段:Stable(B); 触发:Pullback(C); 置信度:Medium,PASSED,C,fallback
00700,腾讯控股,2021-03-12,STRUCTURAL_ACCUMULATION,Stable,Pullback,40.672714976005594,COST_NEUTRAL,Medium,BULLISH_STABLE,75.0,Aligned,risk_on,结构:STRUCTURAL_ACCUMULATION(A/A-); 阶段:Stable(B); 触发:Pullback(C); 置信度:Medium,PASSED,C,fallback
00700,腾讯控股,2021-03-19,STRUCTURAL_ACCUMULATION,Stable,Consolidation,40.672714976005594,COST_NEUTRAL,Medium,BULLISH_STABLE,75.0,Aligned,risk_on,结构:STRUCTURAL_ACCUMULATION(A/A-); 阶段:Stable(B); 触发:Consolidation(C); 置信度:Medium,PASSED,C,fallback
00700,腾讯控股,2021-03-26,STRUCTURAL_ACCUMULATION,Stable,Consolidation,40.672714976005594,COST_NEUTRAL,Medium,BULLISH_STABLE,75.0,Aligned,risk_on,结构:STRUCTURAL_ACCUMULATION(A/A-); 阶段:Stable(B); 触发:Consolidation(C); 置信度:Medium,PASSED,C,fallback
00700,腾讯控股,2021-04-02,STRUCTURAL_ACCUMULATION,Deteriorating,Consolidation,28.786505387542185,COST_DISADVANTAGE,Medium,BULLISH_STABLE,75.0,Divergence,risk_on,结构:STRUCTURAL_ACCUMULATION(A/A-); 阶段:Deteriorating(B); 触发:Consolidation(C); 置信度:Medium,PASSED,C,fallback
00700,腾讯控股,2021-04-09,STRUCTURAL_ACCUMULATION,Deteriorating,Consolidation,28.786505387542185,COST_DISADVANTAGE,Medium,BULLISH_STABLE,75.0,Divergence,risk_on,结构:STRUCTURAL_ACCUMULATION(A/A-); 阶段:Deteriorating(B); 触发:Consolidation(C); 置信度:Medium,PASSED,C,fallback
00700,腾讯控股,2021-04-16,STRUCTURAL_ACCUMULATION,Deteriorating,Consolidation,28.786505387542185,COST_DISADVANTAGE,Medium,BULLISH_STABLE,75.0,Divergence,neutral,结构:STRUCTURAL_ACCUMULATION(A/A-); 阶段:Deteriorating(B); 触发:Consolidation(C); 置信度:Medium,PASSED,C,fallback
00700,腾讯控股,2021-04-23,STRUCTURAL_ACCUMULATION,Deteriorating,Consolidation,28.786505387542185,COST_DISADVANTAGE,Medium,BULLISH_STABLE,75.0,Divergence,neutral,结构:STRUCTURAL_ACCUMULATION(A/A-); 阶段:Deteriorating(B); 触发:Consolidation(C); 置信度:Medium,PASSED,C,fallback
00700,腾讯控股,2021-04-30,STRUCTURAL_ACCUMULATION,Stable,Consolidation,28.984206649527835,COST_NEUTRAL,Medium,BULLISH_STABLE,75.0,Aligned,neutral,结构:STRUCTURAL_ACCUMULATION(A/A-); 阶段:Stable(B); 触发:Consolidation(C); 置信度:Medium,PASSED,C,fallback
00700,腾讯控股,2021-05-07,STRUCTURAL_ACCUMULATION,Stable,Consolidation,28.984206649527835,COST_NEUTRAL,Medium,BULLISH_STABLE,75.0,Aligned,risk_off,结构:STRUCTURAL_ACCUMULATION(A/A-); 阶段:Stable(B); 触发:Consolidation(C); 置信度:Medium,PASSED,C,fallback
00700,腾讯控股,2021-05-14,STRUCTURAL_ACCUMULATION,Stable,Consolidation,28.984206649527835,COST_NEUTRAL,Medium,BULLISH_STABLE,75.0,Aligned,risk_off,结构:STRUCTURAL_ACCUMULATION(A/A-); 阶段:Stable(B); 触发:Consolidation(C); 置信度:Medium,PASSED,C,fallback
00700,腾讯控股,2021-05-21,STRUCTURAL_ACCUMULATION,Stable,Consolidation,28.984206649527835,COST_NEUTRAL,Low,BULLISH_STABLE,75.0,Aligned,risk_off,结构:STRUCTURAL_ACCUMULATION(A/A-); 阶段:Stable(B); 触发:Consolidation(C); 置信度:Low,PASSED,B,fallback
00700,腾讯控股,2021-05-28,STRUCTURAL_ACCUMULATION,Stable,Consolidation,28.984206649527835,COST_NEUTRAL,Low,BULLISH_STABLE,75.0,Aligned,neutral,结构:STRUCTURAL_ACCUMULATION(A/A-); 阶段:Stable(B); 触发:Consolidation(C); 置信度:Low,PASSED,B,fallback
00700,腾讯控股,2021-06-04,STRUCTURAL_ACCUMULATION,Stable,Consolidation,50.53700608265991,COST_NEUTRAL,Medium,BULLISH_STABLE,75.0,Aligned,neutral,结构:STRUCTURAL_ACCUMULATION(A/A-); 阶段:Stable(B); 触发:Consolidation(C); 置信度:Medium,PASSED,B,fallback
00700,腾讯控股,2021-06-11,STRUCTURAL_ACCUMULATION,Stable,Consolidation,50.53700608265991,COST_NEUTRAL,Medium,BULLISH_STABLE,75.0,Aligned,neutral,结构:STRUCTURAL_ACCUMULATION(A/A-); 阶段:Stable(B); 触发:Consolidation(C); 置信度:Medium,PASSED,B,fallback
00700,腾讯控股,2021-06-18,STRUCTURAL_ACCUMULATION,Stable,Consolidation,50.53700608265991,COST_NEUTRAL,Medium,BULLISH_STABLE,75.0,Aligned,neutral,结构:STRUCTURAL_ACCUMULATION(A/A-); 阶段:Stable(B); 触发:Consolidation(C); 置信度:Medium,PASSED,B,fallback
00700,腾讯控股,2021-06-25,STRUCTURAL_ACCUMULATION,Stable,Consolidation,50.53700608265991,COST_NEUTRAL,Medium,BULLISH_STABLE,75.0,Aligned,risk_on,结构:STRUCTURAL_ACCUMULATION(A/A-); 阶段:Stable(B); 触发:Consolidation(C); 置信度:Medium,PASSED,B,fallback
00700,腾讯控股,2021-07-02,STRUCTURAL_ACCUMULATION,Deteriorating,Consolidation,52.10877459927162,COST_DISADVANTAGE,Medium,BULLISH_STABLE,75.0,Divergence,risk_off,结构:STRUCTURAL_ACCUMULATION(A/A-); 阶段:Deteriorating(B); 触发:Consolidation(C); 置信度:Medium,PASSED,B,fallback
00700,腾讯控股,2021-07-09,STRUCTURAL_ACCUMULATION,Deteriorating,Breakdown,52.10877459927162,COST_DISADVANTAGE,Medium,BULLISH_WARNING,55.0,Divergence,risk_off,结构:STRUCTURAL_ACCUMULATION(A/A-); 阶段:Deteriorating(B); 触发:Breakdown(C); 置信度:Medium,PASSED,B,matrix
00700,腾讯控股,2021-07-16,STRUCTURAL_ACCUMULATION,Deteriorating,Consolidation,52.10877459927162,COST_DISADVANTAGE,Medium,BULLISH_STABLE,75.0,Divergence,risk_off,结构:STRUCTURAL_ACCUMULATION(A/A-); 阶段:Deteriorating(B); 触发:Consolidation(C); 置信度:Medium,PASSED,B,fallback
00700,腾讯控股,2021-07-23,STRUCTURAL_ACCUMULATION,Deteriorating,Consolidation,52.10877459927162,COST_DISADVANTAGE,Medium,BULLISH_STABLE,75.0,Divergence,risk_off,结构:STRUCTURAL_ACCUMULATION(A/A-); 阶段:Deteriorating(B); 触发:Consolidation(C); 置信度:Medium,PASSED,B,fallback
00700,腾讯控股,2021-07-30,STRUCTURAL_ACCUMULATION,Deteriorating,Breakdown,52.10877459927162,COST_DISADVANTAGE,Medium,BULLISH_WARNING,55.0,Divergence,risk_off,结构:STRUCTURAL_ACCUMULATION(A/A-); 阶段:Deteriorating(B); 触发:Breakdown(C); 置信度:Medium,PASSED,B,matrix
00700,腾讯控股,2021-08-06,STRUCTURAL_ACCUMULATION,Deteriorating,Consolidation,20.280367430795533,COST_DISADVANTAGE,Low,BULLISH_STABLE,75.0,Divergence,risk_off,结构:STRUCTURAL_ACCUMULATION(A/A-); 阶段:Deteriorating(B); 触发:Consolidation(C); 置信度:Low,PASSED,B,fallback
00700,腾讯控股,2021-08-13,STRUCTURAL_ACCUMULATION,Deteriorating,Consolidation,20.280367430795533,COST_DISADVANTAGE,Low,BULLISH_STABLE,75.0,Divergence,risk_off,结构:STRUCTURAL_ACCUMULATION(A/A-); 阶段:Deteriorating(B); 触发:Consolidation(C); 置信度:Low,PASSED,B,fallback
00700,腾讯控股,2021-08-20,STRUCTURAL_ACCUMULATION,Deteriorating,Consolidation,20.280367430795533,COST_DISADVANTAGE,Low,BULLISH_STABLE,75.0,Divergence,risk_off,结构:STRUCTURAL_ACCUMULATION(A/A-); 阶段:Deteriorating(B); 触发:Consolidation(C); 置信度:Low,PASSED,B,fallback
00700,腾讯控股,2021-08-27,STRUCTURAL_ACCUMULATION,Deteriorating,Consolidation,20.280367430795533,COST_DISADVANTAGE,Low,BULLISH_STABLE,75.0,Divergence,risk_off,结构:STRUCTURAL_ACCUMULATION(A/A-); 阶段:Deteriorating(B); 触发:Consolidation(C); 置信度:Low,PASSED,B,fallback
00700,腾讯控股,2021-09-03,STRUCTURAL_ACCUMULATION,Deteriorating,Consolidation,17.70548497431379,COST_NEUTRAL,Low,BULLISH_STABLE,75.0,Divergence,risk_off,结构:STRUCTURAL_ACCUMULATION(A/A-); 阶段:Deteriorating(B); 触发:Consolidation(C); 置信度:Low,PASSED,B,fallback
00700,腾讯控股,2021-09-10,STRUCTURAL_ACCUMULATION,Deteriorating,Consolidation,17.70548497431379,COST_NEUTRAL,Low,BULLISH_STABLE,75.0,Divergence,risk_off,结构:STRUCTURAL_ACCUMULATION(A/A-); 阶段:Deteriorating(B); 触发:Consolidation(C); 置信度:Low,PASSED,B,fallback
00700,腾讯控股,2021-09-17,STRUCTURAL_ACCUMULATION,Deteriorating,Consolidation,17.70548497431379,COST_NEUTRAL,Low,BULLISH_STABLE,75.0,Divergence,risk_off,结构:STRUCTURAL_ACCUMULATION(A/A-); 阶段:Deteriorating(B); 触发:Consolidation(C); 置信度:Low,PASSED,B,fallback
00700,腾讯控股,2021-09-24,STRUCTURAL_ACCUMULATION,Deteriorating,Consolidation,17.70548497431379,COST_NEUTRAL,Low,BULLISH_STABLE,75.0,Divergence,risk_off,结构:STRUCTURAL_ACCUMULATION(A/A-); 阶段:Deteriorating(B); 触发:Consolidation(C); 置信度:Low,PASSED,B,fallback
00700,腾讯控股,2021-10-01,STRUCTURAL_ACCUMULATION,Stable,Consolidation,31.876438592423153,COST_DISADVANTAGE,Low,BULLISH_STABLE,75.0,Aligned,risk_off,结构:STRUCTURAL_ACCUMULATION(A/A-); 阶段:Stable(B); 触发:Consolidation(C); 置信度:Low,PASSED,B,fallback
00700,腾讯控股,2021-10-08,STRUCTURAL_ACCUMULATION,Stable,Consolidation,31.876438592423153,COST_DISADVANTAGE,Low,BULLISH_STABLE,75.0,Aligned,risk_off,结构:STRUCTURAL_ACCUMULATION(A/A-); 阶段:Stable(B); 触发:Consolidation(C); 置信度:Low,PASSED,B,fallback
00700,腾讯控股,2021-10-15,STRUCTURAL_ACCUMULATION,Stable,Consolidation,31.876438592423153,COST_DISADVANTAGE,Low,BULLISH_STABLE,75.0,Aligned,risk_off,结构:STRUCTURAL_ACCUMULATION(A/A-); 阶段:Stable(B); 触发:Consolidation(C); 置信度:Low,PASSED,B,fallback
00700,腾讯控股,2021-10-22,STRUCTURAL_ACCUMULATION,Stable,Consolidation,31.876438592423153,COST_DISADVANTAGE,Low,BULLISH_STABLE,75.0,Aligned,neutral,结构:STRUCTURAL_ACCUMULATION(A/A-); 阶段:Stable(B); 触发:Consolidation(C); 置信度:Low,PASSED,B,fallback
00700,腾讯控股,2021-10-29,STRUCTURAL_ACCUMULATION,Stable,Consolidation,31.876438592423153,COST_DISADVANTAGE,Low,BULLISH_STABLE,75.0,Aligned,risk_off,结构:STRUCTURAL_ACCUMULATION(A/A-); 阶段:Stable(B); 触发:Consolidation(C); 置信度:Low,PASSED,B,fallback
00700,腾讯控股,2021-11-05,STRUCTURAL_ACCUMULATION,Improving,Consolidation,45.265778976251525,COST_DISADVANTAGE,Low,BULLISH_STABLE,75.0,Aligned,risk_off,结构:STRUCTURAL_ACCUMULATION(A/A-); 阶段:Improving(B); 触发:Consolidation(C); 置信度:Low,PASSED,B,matrix
00700,腾讯控股,2021-11-12,STRUCTURAL_ACCUMULATION,Improving,Consolidation,45.265778976251525,COST_DISADVANTAGE,Low,BULLISH_STABLE,75.0,Aligned,risk_off,结构:STRUCTURAL_ACCUMULATION(A/A-); 阶段:Improving(B); 触发:Consolidation(C); 置信度:Low,PASSED,B,matrix
00700,腾讯控股,2021-11-19,STRUCTURAL_ACCUMULATION,Improving,Consolidation,45.265778976251525,COST_DISADVANTAGE,Low,BULLISH_STABLE,75.0,Aligned,neutral,结构:STRUCTURAL_ACCUMULATION(A/A-); 阶段:Improving(B); 触发:Consolidation(C); 置信度:Low,PASSED,B,matrix
00700,腾讯控股,2021-11-26,STRUCTURAL_ACCUMULATION,Improving,Consolidation,45.265778976251525,COST_DISADVANTAGE,Low,BULLISH_STABLE,75.0,Aligned,risk_off,结构:STRUCTURAL_ACCUMULATION(A/A-); 阶段:Improving(B); 触发:Consolidation(C); 置信度:Low,PASSED,B,matrix
00700,腾讯控股,2021-12-03,STRUCTURAL_ACCUMULATION,Deteriorating,Consolidation,34.15611607037218,COST_DISADVANTAGE,Low,BULLISH_STABLE,75.0,Divergence,risk_off,结构:STRUCTURAL_ACCUMULATION(A/A-); 阶段:Deteriorating(B); 触发:Consolidation(C); 置信度:Low,PASSED,B,fallback
00700,腾讯控股,2021-12-10,STRUCTURAL_ACCUMULATION,Deteriorating,Consolidation,34.15611607037218,COST_DISADVANTAGE,Low,BULLISH_STABLE,75.0,Divergence,risk_off,结构:STRUCTURAL_ACCUMULATION(A/A-); 阶段:Deteriorating(B); 触发:Consolidation(C); 置信度:Low,PASSED,B,fallback
00700,腾讯控股,2021-12-17,STRUCTURAL_ACCUMULATION,Deteriorating,Consolidation,34.15611607037218,COST_DISADVANTAGE,Low,BULLISH_STABLE,75.0,Divergence,risk_off,结构:STRUCTURAL_ACCUMULATION(A/A-); 阶段:Deteriorating(B); 触发:Consolidation(C); 置信度:Low,PASSED,B,fallback
00700,腾讯控股,2021-12-24,STRUCTURAL_ACCUMULATION,Deteriorating,Consolidation,34.15611607037218,COST_DISADVANTAGE,Low,BULLISH_STABLE,75.0,Divergence,risk_off,结构:STRUCTURAL_ACCUMULATION(A/A-); 阶段:Deteriorating(B); 触发:Consolidation(C); 置信度:Low,PASSED,B,fallback
00700,腾讯控股,2021-12-31,STRUCTURAL_ACCUMULATION,Stable,Consolidation,39.56541704910966,COST_DISADVANTAGE,Low,BULLISH_STABLE,75.0,Aligned,risk_off,结构:STRUCTURAL_ACCUMULATION(A/A-); 阶段:Stable(B); 触发:Consolidation(C); 置信度:Low,PASSED,B,fallback
00700,腾讯控股,2022-01-07,STRUCTURAL_ACCUMULATION,Stable,Consolidation,39.56541704910966,COST_DISADVANTAGE,Low,BULLISH_STABLE,75.0,Aligned,risk_off,结构:STRUCTURAL_ACCUMULATION(A/A-); 阶段:Stable(B); 触发:Consolidation(C); 置信度:Low,PASSED,B,fallback
00700,腾讯控股,2022-01-14,STRUCTURAL_ACCUMULATION,Stable,Consolidation,39.56541704910966,COST_DISADVANTAGE,Low,BULLISH_STABLE,75.0,Aligned,risk_off,结构:STRUCTURAL_ACCUMULATION(A/A-); 阶段:Stable(B); 触发:Consolidation(C); 置信度:Low,PASSED,B,fallback
00700,腾讯控股,2022-01-21,STRUCTURAL_ACCUMULATION,Stable,Consolidation,39.56541704910966,COST_DISADVANTAGE,Low,BULLISH_STABLE,75.0,Aligned,risk_off,结构:STRUCTURAL_ACCUMULATION(A/A-); 阶段:Stable(B); 触发:Consolidation(C); 置信度:Low,PASSED,B,fallback
00700,腾讯控股,2022-01-28,STRUCTURAL_ACCUMULATION,Stable,Consolidation,39.56541704910966,COST_DISADVANTAGE,Low,BULLISH_STABLE,75.0,Aligned,risk_off,结构:STRUCTURAL_ACCUMULATION(A/A-); 阶段:Stable(B); 触发:Consolidation(C); 置信度:Low,PASSED,B,fallback
00700,腾讯控股,2022-02-04,STRUCTURAL_ACCUMULATION,Improving,Consolidation,37.92956874284413,COST_NEUTRAL,Low,BULLISH_STABLE,75.0,Aligned,neutral,结构:STRUCTURAL_ACCUMULATION(A/A-); 阶段:Improving(B); 触发:Consolidation(C); 置信度:Low,PASSED,B,matrix
00700,腾讯控股,2022-02-11,STRUCTURAL_ACCUMULATION,Improving,Consolidation,37.92956874284413,COST_NEUTRAL,Low,BULLISH_STABLE,75.0,Aligned,neutral,结构:STRUCTURAL_ACCUMULATION(A/A-); 阶段:Improving(B); 触发:Consolidation(C); 置信度:Low,PASSED,B,matrix
00700,腾讯控股,2022-02-18,STRUCTURAL_ACCUMULATION,Improving,Consolidation,37.92956874284413,COST_NEUTRAL,Low,BULLISH_STABLE,75.0,Aligned,risk_off,结构:STRUCTURAL_ACCUMULATION(A/A-); 阶段:Improving(B); 触发:Consolidation(C); 置信度:Low,PASSED,B,matrix
00700,腾讯控股,2022-02-25,STRUCTURAL_ACCUMULATION,Improving,Consolidation,37.92956874284413,COST_NEUTRAL,Low,BULLISH_STABLE,75.0,Aligned,risk_off,结构:STRUCTURAL_ACCUMULATION(A/A-); 阶段:Improving(B); 触发:Consolidation(C); 置信度:Low,PASSED,B,matrix
00700,腾讯控股,2022-03-04,STRUCTURAL_ACCUMULATION,Deteriorating,Breakdown,43.39854315000035,COST_DISADVANTAGE,Low,BULLISH_WARNING,55.0,Divergence,risk_off,结构:STRUCTURAL_ACCUMULATION(A/A-); 阶段:Deteriorating(B); 触发:Breakdown(C); 置信度:Low,PASSED,B,matrix
00700,腾讯控股,2022-03-11,STRUCTURAL_ACCUMULATION,Deteriorating,Breakdown,43.39854315000035,COST_DISADVANTAGE,Low,BULLISH_WARNING,55.0,Divergence,risk_off,结构:STRUCTURAL_ACCUMULATION(A/A-); 阶段:Deteriorating(B); 触发:Breakdown(C); 置信度:Low,PASSED,B,matrix
00700,腾讯控股,2022-03-18,STRUCTURAL_ACCUMULATION,Deteriorating,Consolidation,43.39854315000035,COST_DISADVANTAGE,Low,BULLISH_STABLE,75.0,Divergence,risk_off,结构:STRUCTURAL_ACCUMULATION(A/A-); 阶段:Deteriorating(B); 触发:Consolidation(C); 置信度:Low,PASSED,B,fallback
00700,腾讯控股,2022-03-25,STRUCTURAL_ACCUMULATION,Deteriorating,Consolidation,43.39854315000035,COST_DISADVANTAGE,Low,BULLISH_STABLE,75.0,Divergence,risk_off,结构:STRUCTURAL_ACCUMULATION(A/A-); 阶段:Deteriorating(B); 触发:Consolidation(C); 置信度:Low,PASSED,B,fallback
00700,腾讯控股,2022-04-01,STRUCTURAL_ACCUMULATION,Deteriorating,Consolidation,15.746221399056664,COST_DISADVANTAGE,Low,BULLISH_STABLE,75.0,Divergence,risk_off,结构:STRUCTURAL_ACCUMULATION(A/A-); 阶段:Deteriorating(B); 触发:Consolidation(C); 置信度:Low,PASSED,B,fallback
00700,腾讯控股,2022-04-08,STRUCTURAL_ACCUMULATION,Deteriorating,Consolidation,15.746221399056664,COST_DISADVANTAGE,Low,BULLISH_STABLE,75.0,Divergence,risk_off,结构:STRUCTURAL_ACCUMULATION(A/A-); 阶段:Deteriorating(B); 触发:Consolidation(C); 置信度:Low,PASSED,B,fallback
00700,腾讯控股,2022-04-15,STRUCTURAL_ACCUMULATION,Deteriorating,Consolidation,15.746221399056664,COST_DISADVANTAGE,Low,BULLISH_STABLE,75.0,Divergence,risk_off,结构:STRUCTURAL_ACCUMULATION(A/A-); 阶段:Deteriorating(B); 触发:Consolidation(C); 置信度:Low,PASSED,B,fallback
00700,腾讯控股,2022-04-22,STRUCTURAL_ACCUMULATION,Deteriorating,Consolidation,15.746221399056664,COST_DISADVANTAGE,Low,BULLISH_STABLE,75.0,Divergence,risk_off,结构:STRUCTURAL_ACCUMULATION(A/A-); 阶段:Deteriorating(B); 触发:Consolidation(C); 置信度:Low,PASSED,B,fallback
00700,腾讯控股,2022-04-29,STRUCTURAL_ACCUMULATION,Deteriorating,Consolidation,15.746221399056664,COST_DISADVANTAGE,Low,BULLISH_STABLE,75.0,Divergence,risk_off,结构:STRUCTURAL_ACCUMULATION(A/A-); 阶段:Deteriorating(B); 触发:Consolidation(C); 置信度:Low,PASSED,B,fallback
00700,腾讯控股,2022-05-06,STRUCTURAL_ACCUMULATION,Stable,Consolidation,34.486258703846936,COST_NEUTRAL,Low,BULLISH_STABLE,75.0,Aligned,risk_off,结构:STRUCTURAL_ACCUMULATION(A/A-); 阶段:Stable(B); 触发:Consolidation(C); 置信度:Low,PASSED,B,fallback
00700,腾讯控股,2022-05-13,STRUCTURAL_ACCUMULATION,Stable,Consolidation,34.486258703846936,COST_NEUTRAL,Low,BULLISH_STABLE,75.0,Aligned,risk_off,结构:STRUCTURAL_ACCUMULATION(A/A-); 阶段:Stable(B); 触发:Consolidation(C); 置信度:Low,PASSED,B,fallback
00700,腾讯控股,2022-05-20,STRUCTURAL_ACCUMULATION,Stable,Consolidation,34.486258703846936,COST_NEUTRAL,Low,BULLISH_STABLE,75.0,Aligned,risk_off,结构:STRUCTURAL_ACCUMULATION(A/A-); 阶段:Stable(B); 触发:Consolidation(C); 置信度:Low,PASSED,B,fallback
00700,腾讯控股,2022-05-27,STRUCTURAL_ACCUMULATION,Stable,Consolidation,34.486258703846936,COST_NEUTRAL,Low,BULLISH_STABLE,75.0,Aligned,risk_off,结构:STRUCTURAL_ACCUMULATION(A/A-); 阶段:Stable(B); 触发:Consolidation(C); 置信度:Low,PASSED,B,fallback
00700,腾讯控股,2022-06-03,STRUCTURAL_ACCUMULATION,Stable,Consolidation,26.345679654997042,COST_NEUTRAL,Low,BULLISH_STABLE,75.0,Aligned,risk_off,结构:STRUCTURAL_ACCUMULATION(A/A-); 阶段:Stable(B); 触发:Consolidation(C); 置信度:Low,PASSED,B,fallback
00700,腾讯控股,2022-06-10,STRUCTURAL_ACCUMULATION,Stable,Consolidation,26.345679654997042,COST_NEUTRAL,Low,BULLISH_STABLE,75.0,Aligned,risk_off,结构:STRUCTURAL_ACCUMULATION(A/A-); 阶段:Stable(B); 触发:Consolidation(C); 置信度:Low,PASSED,B,fallback
00700,腾讯控股,2022-06-17,STRUCTURAL_ACCUMULATION,Stable,Consolidation,26.345679654997042,COST_NEUTRAL,Low,BULLISH_STABLE,75.0,Aligned,risk_off,结构:STRUCTURAL_ACCUMULATION(A/A-); 阶段:Stable(B); 触发:Consolidation(C); 置信度:Low,PASSED,B,fallback
00700,腾讯控股,2022-06-24,STRUCTURAL_ACCUMULATION,Stable,Consolidation,26.345679654997042,COST_NEUTRAL,Low,BULLISH_STABLE,75.0,Aligned,risk_off,结构:STRUCTURAL_ACCUMULATION(A/A-); 阶段:Stable(B); 触发:Consolidation(C); 置信度:Low,PASSED,B,fallback
00700,腾讯控股,2022-07-01,STRUCTURAL_ACCUMULATION,Stable,Consolidation,23.84104065687995,COST_DISADVANTAGE,Low,BULLISH_STABLE,75.0,Aligned,risk_off,结构:STRUCTURAL_ACCUMULATION(A/A-); 阶段:Stable(B); 触发:Consolidation(C); 置信度:Low,PASSED,B,fallback
00700,腾讯控股,2022-07-08,STRUCTURAL_ACCUMULATION,Stable,Consolidation,23.84104065687995,COST_DISADVANTAGE,Low,BULLISH_STABLE,75.0,Aligned,risk_off,结构:STRUCTURAL_ACCUMULATION(A/A-); 阶段:Stable(B); 触发:Consolidation(C); 置信度:Low,PASSED,B,fallback
00700,腾讯控股,2022-07-15,STRUCTURAL_ACCUMULATION,Stable,Consolidation,23.84104065687995,COST_DISADVANTAGE,Low,BULLISH_STABLE,75.0,Aligned,risk_off,结构:STRUCTURAL_ACCUMULATION(A/A-); 阶段:Stable(B); 触发:Consolidation(C); 置信度:Low,PASSED,B,fallback
00700,腾讯控股,2022-07-22,STRUCTURAL_ACCUMULATION,Stable,Consolidation,23.84104065687995,COST_DISADVANTAGE,Low,BULLISH_STABLE,75.0,Aligned,risk_off,结构:STRUCTURAL_ACCUMULATION(A/A-); 阶段:Stable(B); 触发:Consolidation(C); 置信度:Low,PASSED,B,fallback
00700,腾讯控股,2022-07-29,STRUCTURAL_ACCUMULATION,Stable,Consolidation,23.84104065687995,COST_DISADVANTAGE,Low,BULLISH_STABLE,75.0,Aligned,risk_off,结构:STRUCTURAL_ACCUMULATION(A/A-); 阶段:Stable(B); 触发:Consolidation(C); 置信度:Low,PASSED,B,fallback
00700,腾讯控股,2022-08-05,STRUCTURAL_ACCUMULATION,Deteriorating,Consolidation,35.45267817912046,COST_DISADVANTAGE,Low,BULLISH_STABLE,75.0,Divergence,neutral,结构:STRUCTURAL_ACCUMULATION(A/A-); 阶段:Deteriorating(B); 触发:Consolidation(C); 置信度:Low,PASSED,B,fallback
00700,腾讯控股,2022-08-12,STRUCTURAL_ACCUMULATION,Deteriorating,Consolidation,35.45267817912046,COST_DISADVANTAGE,Low,BULLISH_STABLE,75.0,Divergence,risk_off,结构:STRUCTURAL_ACCUMULATION(A/A-); 阶段:Deteriorating(B); 触发:Consolidation(C); 置信度:Low,PASSED,B,fallback
00700,腾讯控股,2022-08-19,STRUCTURAL_ACCUMULATION,Deteriorating,Consolidation,35.45267817912046,COST_DISADVANTAGE,Low,BULLISH_STABLE,75.0,Divergence,neutral,结构:STRUCTURAL_ACCUMULATION(A/A-); 阶段:Deteriorating(B); 触发:Consolidation(C); 置信度:Low,PASSED,B,fallback
00700,腾讯控股,2022-08-26,STRUCTURAL_ACCUMULATION,Deteriorating,Consolidation,35.45267817912046,COST_DISADVANTAGE,Low,BULLISH_STABLE,75.0,Divergence,risk_off,结构:STRUCTURAL_ACCUMULATION(A/A-); 阶段:Deteriorating(B); 触发:Consolidation(C); 置信度:Low,PASSED,B,fallback
00700,腾讯控股,2022-09-02,STRUCTURAL_ACCUMULATION,Improving,Consolidation,32.07177777455259,COST_NEUTRAL,Low,BULLISH_STABLE,75.0,Aligned,risk_off,结构:STRUCTURAL_ACCUMULATION(A/A-); 阶段:Improving(B); 触发:Consolidation(C); 置信度:Low,PASSED,B,matrix
00700,腾讯控股,2022-09-09,STRUCTURAL_ACCUMULATION,Improving,Consolidation,32.07177777455259,COST_NEUTRAL,Low,BULLISH_STABLE,75.0,Aligned,risk_off,结构:STRUCTURAL_ACCUMULATION(A/A-); 阶段:Improving(B); 触发:Consolidation(C); 置信度:Low,PASSED,B,matrix
00700,腾讯控股,2022-09-16,STRUCTURAL_ACCUMULATION,Improving,Consolidation,32.07177777455259,COST_NEUTRAL,Low,BULLISH_STABLE,75.0,Aligned,risk_off,结构:STRUCTURAL_ACCUMULATION(A/A-); 阶段:Improving(B); 触发:Consolidation(C); 置信度:Low,PASSED,B,matrix
00700,腾讯控股,2022-09-23,STRUCTURAL_ACCUMULATION,Improving,Breakdown,32.07177777455259,COST_NEUTRAL,Low,BULLISH_STABLE,75.0,Aligned,risk_off,结构:STRUCTURAL_ACCUMULATION(A/A-); 阶段:Improving(B); 触发:Breakdown(C); 置信度:Low,PASSED,B,fallback
00700,腾讯控股,2022-09-30,STRUCTURAL_ACCUMULATION,Stable,Breakdown,32.89807461380528,COST_DISADVANTAGE,Low,BULLISH_STABLE,75.0,Aligned,risk_off,结构:STRUCTURAL_ACCUMULATION(A/A-); 阶段:Stable(B); 触发:Breakdown(C); 置信度:Low,PASSED,B,fallback
00700,腾讯控股,2022-10-07,STRUCTURAL_ACCUMULATION,Stable,Consolidation,32.89807461380528,COST_DISADVANTAGE,Low,BULLISH_STABLE,75.0,Aligned,risk_off,结构:STRUCTURAL_ACCUMULATION(A/A-); 阶段:Stable(B); 触发:Consolidation(C); 置信度:Low,PASSED,B,fallback
00700,腾讯控股,2022-10-14,STRUCTURAL_ACCUMULATION,Stable,Breakdown,32.89807461380528,COST_DISADVANTAGE,Low,BULLISH_STABLE,75.0,Aligned,risk_off,结构:STRUCTURAL_ACCUMULATION(A/A-); 阶段:Stable(B); 触发:Breakdown(C); 置信度:Low,PASSED,B,fallback
00700,腾讯控股,2022-10-21,STRUCTURAL_ACCUMULATION,Stable,Breakdown,32.89807461380528,COST_DISADVANTAGE,Low,BULLISH_STABLE,75.0,Aligned,risk_off,结构:STRUCTURAL_ACCUMULATION(A/A-); 阶段:Stable(B); 触发:Breakdown(C); 置信度:Low,PASSED,B,fallback
00700,腾讯控股,2022-10-28,STRUCTURAL_ACCUMULATION,Stable,Breakdown,32.89807461380528,COST_DISADVANTAGE,Low,BULLISH_STABLE,75.0,Aligned,risk_off,结构:STRUCTURAL_ACCUMULATION(A/A-); 阶段:Stable(B); 触发:Breakdown(C); 置信度:Low,PASSED,B,fallback
00700,腾讯控股,2022-11-04,STRUCTURAL_ACCUMULATION,Deteriorating,Consolidation,21.038002838721297,COST_DISADVANTAGE,Low,BULLISH_STABLE,75.0,Divergence,risk_off,结构:STRUCTURAL_ACCUMULATION(A/A-); 阶段:Deteriorating(B); 触发:Consolidation(C); 置信度:Low,PASSED,B,fallback
00700,腾讯控股,2022-11-11,STRUCTURAL_ACCUMULATION,Deteriorating,Consolidation,21.038002838721297,COST_DISADVANTAGE,Low,BULLISH_STABLE,75.0,Divergence,risk_off,结构:STRUCTURAL_ACCUMULATION(A/A-); 阶段:Deteriorating(B); 触发:Consolidation(C); 置信度:Low,PASSED,B,fallback
00700,腾讯控股,2022-11-18,STRUCTURAL_ACCUMULATION,Deteriorating,Consolidation,21.038002838721297,COST_DISADVANTAGE,Low,BULLISH_STABLE,75.0,Divergence,risk_off,结构:STRUCTURAL_ACCUMULATION(A/A-); 阶段:Deteriorating(B); 触发:Consolidation(C); 置信度:Low,PASSED,B,fallback
00700,腾讯控股,2022-11-25,STRUCTURAL_ACCUMULATION,Deteriorating,Consolidation,21.038002838721297,COST_DISADVANTAGE,Low,BULLISH_STABLE,75.0,Divergence,risk_off,结构:STRUCTURAL_ACCUMULATION(A/A-); 阶段:Deteriorating(B); 触发:Consolidation(C); 置信度:Low,PASSED,B,fallback
00700,腾讯控股,2022-12-02,STRUCTURAL_ACCUMULATION,Deteriorating,Consolidation,17.333046275659726,COST_NEUTRAL,Low,BULLISH_STABLE,75.0,Divergence,risk_off,结构:STRUCTURAL_ACCUMULATION(A/A-); 阶段:Deteriorating(B); 触发:Consolidation(C); 置信度:Low,PASSED,B,fallback
00700,腾讯控股,2022-12-09,STRUCTURAL_ACCUMULATION,Deteriorating,Consolidation,17.333046275659726,COST_NEUTRAL,Low,BULLISH_STABLE,75.0,Divergence,risk_off,结构:STRUCTURAL_ACCUMULATION(A/A-); 阶段:Deteriorating(B); 触发:Consolidation(C); 置信度:Low,PASSED,B,fallback
00700,腾讯控股,2022-12-16,STRUCTURAL_ACCUMULATION,Deteriorating,Consolidation,17.333046275659726,COST_NEUTRAL,Low,BULLISH_STABLE,75.0,Divergence,risk_off,结构:STRUCTURAL_ACCUMULATION(A/A-); 阶段:Deteriorating(B); 触发:Consolidation(C); 置信度:Low,PASSED,B,fallback
00700,腾讯控股,2022-12-23,STRUCTURAL_ACCUMULATION,Deteriorating,Consolidation,17.333046275659726,COST_NEUTRAL,Low,BULLISH_STABLE,75.0,Divergence,risk_off,结构:STRUCTURAL_ACCUMULATION(A/A-); 阶段:Deteriorating(B); 触发:Consolidation(C); 置信度:Low,PASSED,B,fallback
00700,腾讯控股,2022-12-30,STRUCTURAL_ACCUMULATION,Deteriorating,Consolidation,17.333046275659726,COST_NEUTRAL,Low,BULLISH_STABLE,75.0,Divergence,risk_off,结构:STRUCTURAL_ACCUMULATION(A/A-); 阶段:Deteriorating(B); 触发:Consolidation(C); 置信度:Low,PASSED,B,fallback
00700,腾讯控股,2023-01-06,STRUCTURAL_ACCUMULATION,Improving,Consolidation,22.92182916765406,COST_NEUTRAL,Low,BULLISH_STABLE,75.0,Aligned,risk_off,结构:STRUCTURAL_ACCUMULATION(A/A-); 阶段:Improving(B); 触发:Consolidation(C); 置信度:Low,PASSED,B,matrix
00700,腾讯控股,2023-01-13,STRUCTURAL_ACCUMULATION,Improving,Consolidation,22.92182916765406,COST_NEUTRAL,Low,BULLISH_STABLE,75.0,Aligned,risk_on,结构:STRUCTURAL_ACCUMULATION(A/A-); 阶段:Improving(B); 触发:Consolidation(C); 置信度:Low,PASSED,B,matrix
00700,腾讯控股,2023-01-20,STRUCTURAL_ACCUMULATION,Improving,Consolidation,22.92182916765406,COST_NEUTRAL,Low,BULLISH_STABLE,75.0,Aligned,risk_on,结构:STRUCTURAL_ACCUMULATION(A/A-); 阶段:Improving(B); 触发:Consolidation(C); 置信度:Low,PASSED,B,matrix
00700,腾讯控股,2023-01-27,STRUCTURAL_ACCUMULATION,Improving,Consolidation,22.92182916765406,COST_NEUTRAL,Low,BULLISH_STABLE,75.0,Aligned,risk_on,结构:STRUCTURAL_ACCUMULATION(A/A-); 阶段:Improving(B); 触发:Consolidation(C); 置信度:Low,PASSED,B,matrix
00700,腾讯控股,2023-02-03,STRUCTURAL_ACCUMULATION,Improving,Consolidation,28.107267472052342,COST_NEUTRAL,Low,BULLISH_STABLE,75.0,Aligned,risk_on,结构:STRUCTURAL_ACCUMULATION(A/A-); 阶段:Improving(B); 触发:Consolidation(C); 置信度:Low,PASSED,B,matrix
00700,腾讯控股,2023-02-10,STRUCTURAL_ACCUMULATION,Improving,Consolidation,28.107267472052342,COST_NEUTRAL,Low,BULLISH_STABLE,75.0,Aligned,risk_on,结构:STRUCTURAL_ACCUMULATION(A/A-); 阶段:Improving(B); 触发:Consolidation(C); 置信度:Low,PASSED,B,matrix
00700,腾讯控股,2023-02-17,STRUCTURAL_ACCUMULATION,Improving,Pullback,28.107267472052342,COST_NEUTRAL,Low,BULLISH_STABLE,75.0,Aligned,risk_on,结构:STRUCTURAL_ACCUMULATION(A/A-); 阶段:Improving(B); 触发:Pullback(C); 置信度:Low,PASSED,B,fallback
00700,腾讯控股,2023-02-24,STRUCTURAL_ACCUMULATION,Improving,Pullback,28.107267472052342,COST_NEUTRAL,Low,BULLISH_STABLE,75.0,Aligned,risk_off,结构:STRUCTURAL_ACCUMULATION(A/A-); 阶段:Improving(B); 触发:Pullback(C); 置信度:Low,PASSED,B,fallback
00700,腾讯控股,2023-03-03,STRUCTURAL_ACCUMULATION,Deteriorating,Pullback,33.957833482923135,COST_NEUTRAL,Low,BULLISH_STABLE,75.0,Divergence,risk_off,结构:STRUCTURAL_ACCUMULATION(A/A-); 阶段:Deteriorating(B); 触发:Pullback(C); 置信度:Low,PASSED,B,fallback
00700,腾讯控股,2023-03-10,STRUCTURAL_ACCUMULATION,Deteriorating,Consolidation,33.957833482923135,COST_NEUTRAL,Low,BULLISH_STABLE,75.0,Divergence,risk_off,结构:STRUCTURAL_ACCUMULATION(A/A-); 阶段:Deteriorating(B); 触发:Consolidation(C); 置信度:Low,PASSED,B,fallback
00700,腾讯控股,2023-03-17,STRUCTURAL_ACCUMULATION,Deteriorating,Pullback,33.957833482923135,COST_NEUTRAL,Low,BULLISH_STABLE,75.0,Divergence,risk_off,结构:STRUCTURAL_ACCUMULATION(A/A-); 阶段:Deteriorating(B); 触发:Pullback(C); 置信度:Low,PASSED,B,fallback
00700,腾讯控股,2023-03-24,STRUCTURAL_ACCUMULATION,Deteriorating,Consolidation,33.957833482923135,COST_NEUTRAL,Low,BULLISH_STABLE,75.0,Divergence,risk_off,结构:STRUCTURAL_ACCUMULATION(A/A-); 阶段:Deteriorating(B); 触发:Consolidation(C); 置信度:Low,PASSED,B,fallback
00700,腾讯控股,2023-03-31,STRUCTURAL_ACCUMULATION,Improving,Consolidation,23.444195210952913,COST_ADVANTAGE,Low,BULLISH_STABLE,75.0,Aligned,risk_off,结构:STRUCTURAL_ACCUMULATION(A/A-); 阶段:Improving(B); 触发:Consolidation(C); 置信度:Low,PASSED,B,matrix
00700,腾讯控股,2023-04-07,STRUCTURAL_ACCUMULATION,Improving,Consolidation,23.444195210952913,COST_ADVANTAGE,Low,BULLISH_STABLE,75.0,Aligned,risk_off,结构:STRUCTURAL_ACCUMULATION(A/A-); 阶段:Improving(B); 触发:Consolidation(C); 置信度:Low,PASSED,B,matrix
00700,腾讯控股,2023-04-14,STRUCTURAL_ACCUMULATION,Improving,Pullback,23.444195210952913,COST_ADVANTAGE,Low,BULLISH_STABLE,75.0,Aligned,risk_off,结构:STRUCTURAL_ACCUMULATION(A/A-); 阶段:Improving(B); 触发:Pullback(C); 置信度:Low,PASSED,B,fallback
00700,腾讯控股,2023-04-21,STRUCTURAL_ACCUMULATION,Improving,Consolidation,23.444195210952913,COST_ADVANTAGE,Low,BULLISH_STABLE,75.0,Aligned,risk_off,结构:STRUCTURAL_ACCUMULATION(A/A-); 阶段:Improving(B); 触发:Consolidation(C); 置信度:Low,PASSED,B,matrix
00700,腾讯控股,2023-04-28,STRUCTURAL_ACCUMULATION,Improving,Consolidation,23.444195210952913,COST_ADVANTAGE,Low,BULLISH_STABLE,75.0,Aligned,risk_off,结构:STRUCTURAL_ACCUMULATION(A/A-); 阶段:Improving(B); 触发:Consolidation(C); 置信度:Low,PASSED,B,matrix
00700,腾讯控股,2023-05-05,STRUCTURAL_ACCUMULATION,Deteriorating,Consolidation,47.779376236220855,COST_DISADVANTAGE,Low,BULLISH_STABLE,75.0,Divergence,risk_off,结构:STRUCTURAL_ACCUMULATION(A/A-); 阶段:Deteriorating(B); 触发:Consolidation(C); 置信度:Low,PASSED,B,fallback
00700,腾讯控股,2023-05-12,STRUCTURAL_ACCUMULATION,Deteriorating,Consolidation,47.779376236220855,COST_DISADVANTAGE,Low,BULLISH_STABLE,75.0,Divergence,risk_off,结构:STRUCTURAL_ACCUMULATION(A/A-); 阶段:Deteriorating(B); 触发:Consolidation(C); 置信度:Low,PASSED,B,fallback
00700,腾讯控股,2023-05-19,STRUCTURAL_ACCUMULATION,Deteriorating,Consolidation,47.779376236220855,COST_DISADVANTAGE,Medium,BULLISH_STABLE,75.0,Divergence,risk_off,结构:STRUCTURAL_ACCUMULATION(A/A-); 阶段:Deteriorating(B); 触发:Consolidation(C); 置信度:Medium,PASSED,B,fallback
00700,腾讯控股,2023-05-26,STRUCTURAL_ACCUMULATION,Deteriorating,Consolidation,47.779376236220855,COST_DISADVANTAGE,Medium,BULLISH_STABLE,75.0,Divergence,risk_off,结构:STRUCTURAL_ACCUMULATION(A/A-); 阶段:Deteriorating(B); 触发:Consolidation(C); 置信度:Medium,PASSED,B,fallback
00700,腾讯控股,2023-06-02,STRUCTURAL_ACCUMULATION,Deteriorating,Consolidation,43.51357518203601,COST_DISADVANTAGE,Medium,BULLISH_STABLE,75.0,Divergence,risk_off,结构:STRUCTURAL_ACCUMULATION(A/A-); 阶段:Deteriorating(B); 触发:Consolidation(C); 置信度:Medium,PASSED,B,fallback
00700,腾讯控股,2023-06-09,STRUCTURAL_ACCUMULATION,Deteriorating,Consolidation,43.51357518203601,COST_DISADVANTAGE,Medium,BULLISH_STABLE,75.0,Divergence,neutral,结构:STRUCTURAL_ACCUMULATION(A/A-); 阶段:Deteriorating(B); 触发:Consolidation(C); 置信度:Medium,PASSED,B,fallback
00700,腾讯控股,2023-06-16,STRUCTURAL_ACCUMULATION,Deteriorating,Consolidation,43.51357518203601,COST_DISADVANTAGE,Medium,BULLISH_STABLE,75.0,Divergence,risk_on,结构:STRUCTURAL_ACCUMULATION(A/A-); 阶段:Deteriorating(B); 触发:Consolidation(C); 置信度:Medium,PASSED,B,fallback
00700,腾讯控股,2023-06-23,STRUCTURAL_ACCUMULATION,Deteriorating,Consolidation,43.51357518203601,COST_DISADVANTAGE,Medium,BULLISH_STABLE,75.0,Divergence,risk_off,结构:STRUCTURAL_ACCUMULATION(A/A-); 阶段:Deteriorating(B); 触发:Consolidation(C); 置信度:Medium,PASSED,B,fallback
00700,腾讯控股,2023-06-30,STRUCTURAL_ACCUMULATION,Improving,Consolidation,43.34691938831383,COST_DISADVANTAGE,Medium,BULLISH_STABLE,75.0,Aligned,risk_off,结构:STRUCTURAL_ACCUMULATION(A/A-); 阶段:Improving(B); 触发:Consolidation(C); 置信度:Medium,PASSED,B,matrix
00700,腾讯控股,2023-07-07,STRUCTURAL_ACCUMULATION,Improving,Consolidation,43.34691938831383,COST_DISADVANTAGE,Medium,BULLISH_STABLE,75.0,Aligned,risk_off,结构:STRUCTURAL_ACCUMULATION(A/A-); 阶段:Improving(B); 触发:Consolidation(C); 置信度:Medium,PASSED,B,matrix
00700,腾讯控股,2023-07-14,STRUCTURAL_ACCUMULATION,Improving,Consolidation,43.34691938831383,COST_DISADVANTAGE,Medium,BULLISH_STABLE,75.0,Aligned,risk_off,结构:STRUCTURAL_ACCUMULATION(A/A-); 阶段:Improving(B); 触发:Consolidation(C); 置信度:Medium,PASSED,B,matrix
00700,腾讯控股,2023-07-21,STRUCTURAL_ACCUMULATION,Improving,Consolidation,43.34691938831383,COST_DISADVANTAGE,Medium,BULLISH_STABLE,75.0,Aligned,risk_off,结构:STRUCTURAL_ACCUMULATION(A/A-); 阶段:Improving(B); 触发:Consolidation(C); 置信度:Medium,PASSED,B,matrix
00700,腾讯控股,2023-07-28,STRUCTURAL_ACCUMULATION,Improving,Consolidation,43.34691938831383,COST_DISADVANTAGE,Medium,BULLISH_STABLE,75.0,Aligned,risk_off,结构:STRUCTURAL_ACCUMULATION(A/A-); 阶段:Improving(B); 触发:Consolidation(C); 置信度:Medium,PASSED,B,matrix
00700,腾讯控股,2023-08-04,STRUCTURAL_ACCUMULATION,Improving,Consolidation,47.41265414194865,COST_NEUTRAL,Medium,BULLISH_STABLE,75.0,Aligned,risk_off,结构:STRUCTURAL_ACCUMULATION(A/A-); 阶段:Improving(B); 触发:Consolidation(C); 置信度:Medium,PASSED,B,matrix
00700,腾讯控股,2023-08-11,STRUCTURAL_ACCUMULATION,Improving,Consolidation,47.41265414194865,COST_NEUTRAL,Medium,BULLISH_STABLE,75.0,Aligned,risk_off,结构:STRUCTURAL_ACCUMULATION(A/A-); 阶段:Improving(B); 触发:Consolidation(C); 置信度:Medium,PASSED,B,matrix
00700,腾讯控股,2023-08-18,STRUCTURAL_DECLINE,Improving,Consolidation,47.41265414194865,COST_NEUTRAL,Low,BEARISH_CONFIRMED,20.0,Divergence,risk_off,结构:STRUCTURAL_DECLINE(A/A-); 阶段:Improving(B); 触发:Consolidation(C); 置信度:Low,PASSED,B,fallback
00700,腾讯控股,2023-08-25,STRUCTURAL_DECLINE,Improving,Consolidation,47.41265414194865,COST_NEUTRAL,Low,BEARISH_CONFIRMED,20.0,Divergence,risk_off,结构:STRUCTURAL_DECLINE(A/A-); 阶段:Improving(B); 触发:Consolidation(C); 置信度:Low,PASSED,B,fallback
00700,腾讯控股,2023-09-01,STRUCTURAL_DECLINE,Stable,Consolidation,36.529365540997674,COST_DISADVANTAGE,Low,BEARISH_CONFIRMED,20.0,Aligned,risk_off,结构:STRUCTURAL_DECLINE(A/A-); 阶段:Stable(B); 触发:Consolidation(C); 置信度:Low,PASSED,B,fallback
00700,腾讯控股,2023-09-08,STRUCTURAL_DECLINE,Stable,Consolidation,36.529365540997674,COST_DISADVANTAGE,Low,BEARISH_CONFIRMED,20.0,Aligned,risk_off,结构:STRUCTURAL_DECLINE(A/A-); 阶段:Stable(B); 触发:Consolidation(C); 置信度:Low,PASSED,B,fallback
00700,腾讯控股,2023-09-15,STRUCTURAL_DECLINE,Stable,Consolidation,36.529365540997674,COST_DISADVANTAGE,Low,BEARISH_CONFIRMED,20.0,Aligned,risk_off,结构:STRUCTURAL_DECLINE(A/A-); 阶段:Stable(B); 触发:Consolidation(C); 置信度:Low,PASSED,B,fallback
00700,腾讯控股,2023-09-22,STRUCTURAL_DECLINE,Stable,Consolidation,36.529365540997674,COST_DISADVANTAGE,Low,BEARISH_CONFIRMED,20.0,Aligned,risk_off,结构:STRUCTURAL_DECLINE(A/A-); 阶段:Stable(B); 触发:Consolidation(C); 置信度:Low,PASSED,B,fallback
00700,腾讯控股,2023-09-29,STRUCTURAL_DECLINE,Stable,Consolidation,36.529365540997674,COST_DISADVANTAGE,Low,BEARISH_CONFIRMED,20.0,Aligned,risk_off,结构:STRUCTURAL_DECLINE(A/A-); 阶段:Stable(B); 触发:Consolidation(C); 置信度:Low,PASSED,B,fallback
00700,腾讯控股,2023-10-06,STRUCTURAL_DECLINE,Deteriorating,Consolidation,50.32159645651191,COST_DISADVANTAGE,Low,BEARISH_CONFIRMED,20.0,Aligned,risk_off,结构:STRUCTURAL_DECLINE(A/A-); 阶段:Deteriorating(B); 触发:Consolidation(C); 置信度:Low,PASSED,B,fallback
00700,腾讯控股,2023-10-13,STRUCTURAL_DECLINE,Deteriorating,Consolidation,50.32159645651191,COST_DISADVANTAGE,Low,BEARISH_CONFIRMED,20.0,Aligned,risk_off,结构:STRUCTURAL_DECLINE(A/A-); 阶段:Deteriorating(B); 触发:Consolidation(C); 置信度:Low,PASSED,B,fallback
00700,腾讯控股,2023-10-20,STRUCTURAL_DECLINE,Deteriorating,Breakdown,50.32159645651191,COST_DISADVANTAGE,Low,BEARISH_CONFIRMED,20.0,Aligned,risk_off,结构:STRUCTURAL_DECLINE(A/A-); 阶段:Deteriorating(B); 触发:Breakdown(C); 置信度:Low,PASSED,B,matrix
00700,腾讯控股,2023-10-27,STRUCTURAL_DECLINE,Deteriorating,Consolidation,50.32159645651191,COST_DISADVANTAGE,Low,BEARISH_CONFIRMED,20.0,Aligned,risk_off,结构:STRUCTURAL_DECLINE(A/A-); 阶段:Deteriorating(B); 触发:Consolidation(C); 置信度:Low,PASSED,B,fallback
00700,腾讯控股,2023-11-03,STRUCTURAL_DECLINE,Deteriorating,Consolidation,50.57830307938358,COST_DISADVANTAGE,Low,BEARISH_CONFIRMED,20.0,Aligned,risk_off,结构:STRUCTURAL_DECLINE(A/A-); 阶段:Deteriorating(B); 触发:Consolidation(C); 置信度:Low,PASSED,B,fallback
00700,腾讯控股,2023-11-10,STRUCTURAL_DECLINE,Deteriorating,Consolidation,50.57830307938358,COST_DISADVANTAGE,Low,BEARISH_CONFIRMED,20.0,Aligned,risk_off,结构:STRUCTURAL_DECLINE(A/A-); 阶段:Deteriorating(B); 触发:Consolidation(C); 置信度:Low,PASSED,B,fallback
00700,腾讯控股,2023-11-17,STRUCTURAL_DECLINE,Deteriorating,Consolidation,50.57830307938358,COST_DISADVANTAGE,Medium,BEARISH_CONFIRMED,20.0,Aligned,neutral,结构:STRUCTURAL_DECLINE(A/A-); 阶段:Deteriorating(B); 触发:Consolidation(C); 置信度:Medium,PASSED,B,fallback
00700,腾讯控股,2023-11-24,STRUCTURAL_DECLINE,Deteriorating,Consolidation,50.57830307938358,COST_DISADVANTAGE,Medium,BEARISH_CONFIRMED,20.0,Aligned,risk_off,结构:STRUCTURAL_DECLINE(A/A-); 阶段:Deteriorating(B); 触发:Consolidation(C); 置信度:Medium,PASSED,B,fallback
00700,腾讯控股,2023-12-01,STRUCTURAL_DECLINE,Improving,Consolidation,48.02234410817322,COST_NEUTRAL,Low,BEARISH_CONFIRMED,20.0,Divergence,risk_off,结构:STRUCTURAL_DECLINE(A/A-); 阶段:Improving(B); 触发:Consolidation(C); 置信度:Low,PASSED,B,fallback
00700,腾讯控股,2023-12-08,STRUCTURAL_DECLINE,Improving,Consolidation,48.02234410817322,COST_NEUTRAL,Low,BEARISH_CONFIRMED,20.0,Divergence,risk_off,结构:STRUCTURAL_DECLINE(A/A-); 阶段:Improving(B); 触发:Consolidation(C); 置信度:Low,PASSED,B,fallback
00700,腾讯控股,2023-12-15,STRUCTURAL_DECLINE,Improving,Consolidation,48.02234410817322,COST_NEUTRAL,Low,BEARISH_CONFIRMED,20.0,Divergence,risk_off,结构:STRUCTURAL_DECLINE(A/A-); 阶段:Improving(B); 触发:Consolidation(C); 置信度:Low,PASSED,B,fallback
00700,腾讯控股,2023-12-22,STRUCTURAL_DECLINE,Improving,Breakdown,48.02234410817322,COST_NEUTRAL,Low,BEARISH_CONFIRMED,20.0,Divergence,risk_off,结构:STRUCTURAL_DECLINE(A/A-); 阶段:Improving(B); 触发:Breakdown(C); 置信度:Low,PASSED,B,fallback
00700,腾讯控股,2023-12-29,STRUCTURAL_DECLINE,Improving,Consolidation,48.02234410817322,COST_NEUTRAL,Low,BEARISH_CONFIRMED,20.0,Divergence,neutral,结构:STRUCTURAL_DECLINE(A/A-); 阶段:Improving(B); 触发:Consolidation(C); 置信度:Low,PASSED,B,fallback
00700,腾讯控股,2024-01-05,STRUCTURAL_DECLINE,Deteriorating,Consolidation,35.63309017965879,COST_DISADVANTAGE,Low,BEARISH_CONFIRMED,20.0,Aligned,risk_off,结构:STRUCTURAL_DECLINE(A/A-); 阶段:Deteriorating(B); 触发:Consolidation(C); 置信度:Low,PASSED,B,fallback
00700,腾讯控股,2024-01-12,STRUCTURAL_DECLINE,Deteriorating,Consolidation,35.63309017965879,COST_DISADVANTAGE,Low,BEARISH_CONFIRMED,20.0,Aligned,risk_off,结构:STRUCTURAL_DECLINE(A/A-); 阶段:Deteriorating(B); 触发:Consolidation(C); 置信度:Low,PASSED,B,fallback
00700,腾讯控股,2024-01-19,STRUCTURAL_DECLINE,Deteriorating,Consolidation,35.63309017965879,COST_DISADVANTAGE,Low,BEARISH_CONFIRMED,20.0,Aligned,risk_off,结构:STRUCTURAL_DECLINE(A/A-); 阶段:Deteriorating(B); 触发:Consolidation(C); 置信度:Low,PASSED,B,fallback
00700,腾讯控股,2024-01-26,STRUCTURAL_DECLINE,Deteriorating,Consolidation,35.63309017965879,COST_DISADVANTAGE,Low,BEARISH_CONFIRMED,20.0,Aligned,risk_off,结构:STRUCTURAL_DECLINE(A/A-); 阶段:Deteriorating(B); 触发:Consolidation(C); 置信度:Low,PASSED,B,fallback
00700,腾讯控股,2024-02-02,STRUCTURAL_DECLINE,Deteriorating,Consolidation,32.585833802048654,COST_DISADVANTAGE,Low,BEARISH_CONFIRMED,20.0,Aligned,risk_off,结构:STRUCTURAL_DECLINE(A/A-); 阶段:Deteriorating(B); 触发:Consolidation(C); 置信度:Low,PASSED,B,fallback
00700,腾讯控股,2024-02-09,STRUCTURAL_DECLINE,Deteriorating,Consolidation,32.585833802048654,COST_DISADVANTAGE,Low,BEARISH_CONFIRMED,20.0,Aligned,risk_off,结构:STRUCTURAL_DECLINE(A/A-); 阶段:Deteriorating(B); 触发:Consolidation(C); 置信度:Low,PASSED,B,fallback
00700,腾讯控股,2024-02-16,STRUCTURAL_DECLINE,Deteriorating,Consolidation,32.585833802048654,COST_DISADVANTAGE,Low,BEARISH_CONFIRMED,20.0,Aligned,risk_off,结构:STRUCTURAL_DECLINE(A/A-); 阶段:Deteriorating(B); 触发:Consolidation(C); 置信度:Low,PASSED,B,fallback
00700,腾讯控股,2024-02-23,STRUCTURAL_DECLINE,Deteriorating,Consolidation,32.585833802048654,COST_DISADVANTAGE,Low,BEARISH_CONFIRMED,20.0,Aligned,risk_off,结构:STRUCTURAL_DECLINE(A/A-); 阶段:Deteriorating(B); 触发:Consolidation(C); 置信度:Low,PASSED,B,fallback
00700,腾讯控股,2024-03-01,STRUCTURAL_DECLINE,Improving,Consolidation,51.80034749509086,COST_DISADVANTAGE,Low,BEARISH_CONFIRMED,20.0,Divergence,neutral,结构:STRUCTURAL_DECLINE(A/A-); 阶段:Improving(B); 触发:Consolidation(C); 置信度:Low,PASSED,B,fallback
00700,腾讯控股,2024-03-08,STRUCTURAL_DECLINE,Improving,Consolidation,51.80034749509086,COST_DISADVANTAGE,Low,BEARISH_CONFIRMED,20.0,Divergence,neutral,结构:STRUCTURAL_DECLINE(A/A-); 阶段:Improving(B); 触发:Consolidation(C); 置信度:Low,PASSED,B,fallback
00700,腾讯控股,2024-03-15,STRUCTURAL_DECLINE,Improving,Consolidation,51.80034749509086,COST_DISADVANTAGE,Low,BEARISH_CONFIRMED,20.0,Divergence,neutral,结构:STRUCTURAL_DECLINE(A/A-); 阶段:Improving(B); 触发:Consolidation(C); 置信度:Low,PASSED,B,fallback
00700,腾讯控股,2024-03-22,STRUCTURAL_DECLINE,Improving,Consolidation,51.80034749509086,COST_DISADVANTAGE,Low,BEARISH_CONFIRMED,20.0,Divergence,neutral,结构:STRUCTURAL_DECLINE(A/A-); 阶段:Improving(B); 触发:Consolidation(C); 置信度:Low,PASSED,B,fallback
00700,腾讯控股,2024-03-29,STRUCTURAL_DECLINE,Improving,Consolidation,51.80034749509086,COST_DISADVANTAGE,Low,BEARISH_CONFIRMED,20.0,Divergence,neutral,结构:STRUCTURAL_DECLINE(A/A-); 阶段:Improving(B); 触发:Consolidation(C); 置信度:Low,PASSED,B,fallback
00700,腾讯控股,2024-04-05,STRUCTURAL_DECLINE,Stable,Consolidation,38.17916164228917,COST_NEUTRAL,Low,BEARISH_CONFIRMED,20.0,Aligned,neutral,结构:STRUCTURAL_DECLINE(A/A-); 阶段:Stable(B); 触发:Consolidation(C); 置信度:Low,PASSED,B,fallback
00700,腾讯控股,2024-04-12,STRUCTURAL_DECLINE,Stable,Consolidation,38.17916164228917,COST_NEUTRAL,Low,BEARISH_CONFIRMED,20.0,Aligned,risk_on,结构:STRUCTURAL_DECLINE(A/A-); 阶段:Stable(B); 触发:Consolidation(C); 置信度:Low,PASSED,B,fallback
00700,腾讯控股,2024-04-19,STRUCTURAL_DECLINE,Stable,Consolidation,38.17916164228917,COST_NEUTRAL,Low,BEARISH_CONFIRMED,20.0,Aligned,risk_on,结构:STRUCTURAL_DECLINE(A/A-); 阶段:Stable(B); 触发:Consolidation(C); 置信度:Low,PASSED,B,fallback
00700,腾讯控股,2024-04-26,STRUCTURAL_DECLINE,Stable,Consolidation,38.17916164228917,COST_NEUTRAL,Low,BEARISH_CONFIRMED,20.0,Aligned,risk_on,结构:STRUCTURAL_DECLINE(A/A-); 阶段:Stable(B); 触发:Consolidation(C); 置信度:Low,PASSED,B,fallback
00700,腾讯控股,2024-05-03,STRUCTURAL_DECLINE,Stable,Consolidation,38.19088501091533,COST_ADVANTAGE,Low,BEARISH_CONFIRMED,20.0,Aligned,risk_on,结构:STRUCTURAL_DECLINE(A/A-); 阶段:Stable(B); 触发:Consolidation(C); 置信度:Low,PASSED,B,fallback
00700,腾讯控股,2024-05-10,STRUCTURAL_DECLINE,Stable,Consolidation,38.19088501091533,COST_ADVANTAGE,Low,BEARISH_CONFIRMED,20.0,Aligned,risk_on,结构:STRUCTURAL_DECLINE(A/A-); 阶段:Stable(B); 触发:Consolidation(C); 置信度:Low,PASSED,B,fallback
00700,腾讯控股,2024-05-17,STRUCTURAL_DECLINE,Stable,Consolidation,38.19088501091533,COST_ADVANTAGE,Low,BEARISH_CONFIRMED,20.0,Aligned,risk_on,结构:STRUCTURAL_DECLINE(A/A-); 阶段:Stable(B); 触发:Consolidation(C); 置信度:Low,PASSED,B,fallback
00700,腾讯控股,2024-05-24,STRUCTURAL_DECLINE,Stable,Consolidation,38.19088501091533,COST_ADVANTAGE,Low,BEARISH_CONFIRMED,20.0,Aligned,risk_on,结构:STRUCTURAL_DECLINE(A/A-); 阶段:Stable(B); 触发:Consolidation(C); 置信度:Low,PASSED,B,fallback
00700,腾讯控股,2024-05-31,STRUCTURAL_DECLINE,Stable,Pullback,33.53360822087083,COST_NEUTRAL,Low,BEARISH_CONFIRMED,20.0,Aligned,risk_on,结构:STRUCTURAL_DECLINE(A/A-); 阶段:Stable(B); 触发:Pullback(C); 置信度:Low,PASSED,B,fallback
00700,腾讯控股,2024-06-07,STRUCTURAL_DECLINE,Stable,Consolidation,33.53360822087083,COST_NEUTRAL,Low,BEARISH_CONFIRMED,20.0,Aligned,risk_on,结构:STRUCTURAL_DECLINE(A/A-); 阶段:Stable(B); 触发:Consolidation(C); 置信度:Low,PASSED,B,fallback
00700,腾讯控股,2024-06-14,STRUCTURAL_DECLINE,Stable,Consolidation,33.53360822087083,COST_NEUTRAL,Low,BEARISH_CONFIRMED,20.0,Aligned,risk_on,结构:STRUCTURAL_DECLINE(A/A-); 阶段:Stable(B); 触发:Consolidation(C); 置信度:Low,PASSED,B,fallback
00700,腾讯控股,2024-06-21,STRUCTURAL_DECLINE,Stable,Consolidation,33.53360822087083,COST_NEUTRAL,Low,BEARISH_CONFIRMED,20.0,Aligned,risk_on,结构:STRUCTURAL_DECLINE(A/A-); 阶段:Stable(B); 触发:Consolidation(C); 置信度:Low,PASSED,B,fallback
00700,腾讯控股,2024-06-28,STRUCTURAL_DECLINE,Stable,Pullback,33.53360822087083,COST_NEUTRAL,Low,BEARISH_CONFIRMED,20.0,Aligned,risk_on,结构:STRUCTURAL_DECLINE(A/A-); 阶段:Stable(B); 触发:Pullback(C); 置信度:Low,PASSED,B,fallback
00700,腾讯控股,2024-07-05,STRUCTURAL_DECLINE,Improving,Consolidation,55.851574650365094,COST_NEUTRAL,Medium,BEARISH_CONFIRMED,20.0,Divergence,risk_on,结构:STRUCTURAL_DECLINE(A/A-); 阶段:Improving(B); 触发:Consolidation(C); 置信度:Medium,PASSED,B,fallback
00700,腾讯控股,2024-07-12,STRUCTURAL_DECLINE,Improving,Consolidation,55.851574650365094,COST_NEUTRAL,Medium,BEARISH_CONFIRMED,20.0,Divergence,risk_on,结构:STRUCTURAL_DECLINE(A/A-); 阶段:Improving(B); 触发:Consolidation(C); 置信度:Medium,PASSED,B,fallback
00700,腾讯控股,2024-07-19,STRUCTURAL_DECLINE,Improving,Pullback,55.851574650365094,COST_NEUTRAL,Medium,BEARISH_CONFIRMED,20.0,Divergence,risk_on,结构:STRUCTURAL_DECLINE(A/A-); 阶段:Improving(B); 触发:Pullback(C); 置信度:Medium,PASSED,B,fallback
00700,腾讯控股,2024-07-26,STRUCTURAL_DECLINE,Improving,Pullback,55.851574650365094,COST_NEUTRAL,Medium,BEARISH_CONFIRMED,20.0,Divergence,risk_off,结构:STRUCTURAL_DECLINE(A/A-); 阶段:Improving(B); 触发:Pullback(C); 置信度:Medium,PASSED,B,fallback
00700,腾讯控股,2024-08-02,STRUCTURAL_DECLINE,Deteriorating,Pullback,50.765740783329555,COST_DISADVANTAGE,Medium,BEARISH_CONFIRMED,20.0,Aligned,risk_off,结构:STRUCTURAL_DECLINE(A/A-); 阶段:Deteriorating(B); 触发:Pullback(C); 置信度:Medium,PASSED,B,fallback
00700,腾讯控股,2024-08-09,STRUCTURAL_DECLINE,Deteriorating,Consolidation,50.765740783329555,COST_DISADVANTAGE,Medium,BEARISH_CONFIRMED,20.0,Aligned,risk_off,结构:STRUCTURAL_DECLINE(A/A-); 阶段:Deteriorating(B); 触发:Consolidation(C); 置信度:Medium,PASSED,B,fallback
00700,腾讯控股,2024-08-16,STRUCTURAL_DECLINE,Deteriorating,Consolidation,50.765740783329555,COST_DISADVANTAGE,Medium,BEARISH_CONFIRMED,20.0,Aligned,risk_off,结构:STRUCTURAL_DECLINE(A/A-); 阶段:Deteriorating(B); 触发:Consolidation(C); 置信度:Medium,PASSED,B,fallback
00700,腾讯控股,2024-08-23,STRUCTURAL_DECLINE,Deteriorating,Consolidation,50.765740783329555,COST_DISADVANTAGE,Medium,BEARISH_CONFIRMED,20.0,Aligned,risk_off,结构:STRUCTURAL_DECLINE(A/A-); 阶段:Deteriorating(B); 触发:Consolidation(C); 置信度:Medium,PASSED,B,fallback
00700,腾讯控股,2024-08-30,STRUCTURAL_DECLINE,Deteriorating,Consolidation,50.765740783329555,COST_DISADVANTAGE,Medium,BEARISH_CONFIRMED,20.0,Aligned,risk_off,结构:STRUCTURAL_DECLINE(A/A-); 阶段:Deteriorating(B); 触发:Consolidation(C); 置信度:Medium,PASSED,B,fallback
00700,腾讯控股,2024-09-06,STRUCTURAL_DECLINE,Improving,Pullback,50.50124747170392,COST_NEUTRAL,Medium,BEARISH_CONFIRMED,20.0,Divergence,risk_off,结构:STRUCTURAL_DECLINE(A/A-); 阶段:Improving(B); 触发:Pullback(C); 置信度:Medium,PASSED,B,fallback
00700,腾讯控股,2024-09-13,STRUCTURAL_DECLINE,Improving,Consolidation,50.50124747170392,COST_NEUTRAL,Medium,BEARISH_CONFIRMED,20.0,Divergence,risk_off,结构:STRUCTURAL_DECLINE(A/A-); 阶段:Improving(B); 触发:Consolidation(C); 置信度:Medium,PASSED,B,fallback
00700,腾讯控股,2024-09-20,STRUCTURAL_DECLINE,Improving,Consolidation,50.50124747170392,COST_NEUTRAL,Medium,BEARISH_CONFIRMED,20.0,Divergence,neutral,结构:STRUCTURAL_DECLINE(A/A-); 阶段:Improving(B); 触发:Consolidation(C); 置信度:Medium,PASSED,B,fallback
00700,腾讯控股,2024-09-27,STRUCTURAL_DECLINE,Improving,Breakout,50.50124747170392,COST_NEUTRAL,Medium,BEARISH_RECOVERY_CANDIDATE,40.0,Divergence,risk_off,结构:STRUCTURAL_DECLINE(A/A-); 阶段:Improving(B); 触发:Breakout(C); 置信度:Medium,PASSED,B,fallback
00700,腾讯控股,2024-10-04,STRUCTURAL_DECLINE,Stable,Breakout,45.957695883026986,COST_ADVANTAGE,Medium,BEARISH_CONFIRMED,20.0,Aligned,risk_off,结构:STRUCTURAL_DECLINE(A/A-); 阶段:Stable(B); 触发:Breakout(C); 置信度:Medium,PASSED,B,fallback
00700,腾讯控股,2024-10-11,STRUCTURAL_DECLINE,Stable,Consolidation,45.957695883026986,COST_ADVANTAGE,Medium,BEARISH_CONFIRMED,20.0,Aligned,risk_off,结构:STRUCTURAL_DECLINE(A/A-); 阶段:Stable(B); 触发:Consolidation(C); 置信度:Medium,PASSED,B,fallback
00700,腾讯控股,2024-10-18,STRUCTURAL_DECLINE,Stable,Consolidation,45.957695883026986,COST_ADVANTAGE,Medium,BEARISH_CONFIRMED,20.0,Aligned,risk_off,结构:STRUCTURAL_DECLINE(A/A-); 阶段:Stable(B); 触发:Consolidation(C); 置信度:Medium,PASSED,B,fallback
00700,腾讯控股,2024-10-25,STRUCTURAL_DECLINE,Stable,Pullback,45.957695883026986,COST_ADVANTAGE,Medium,BEARISH_CONFIRMED,20.0,Aligned,risk_off,结构:STRUCTURAL_DECLINE(A/A-); 阶段:Stable(B); 触发:Pullback(C); 置信度:Medium,PASSED,B,fallback
00700,腾讯控股,2024-11-01,STRUCTURAL_DECLINE,Deteriorating,Pullback,34.773904898625766,COST_NEUTRAL,Low,BEARISH_CONFIRMED,20.0,Aligned,risk_off,结构:STRUCTURAL_DECLINE(A/A-); 阶段:Deteriorating(B); 触发:Pullback(C); 置信度:Low,PASSED,B,fallback
00700,腾讯控股,2024-11-08,STRUCTURAL_DECLINE,Deteriorating,Pullback,34.773904898625766,COST_NEUTRAL,Low,BEARISH_CONFIRMED,20.0,Aligned,risk_off,结构:STRUCTURAL_DECLINE(A/A-); 阶段:Deteriorating(B); 触发:Pullback(C); 置信度:Low,PASSED,B,fallback
00700,腾讯控股,2024-11-15,STRUCTURAL_DECLINE,Deteriorating,Pullback,34.773904898625766,COST_NEUTRAL,Low,BEARISH_CONFIRMED,20.0,Aligned,risk_off,结构:STRUCTURAL_DECLINE(A/A-); 阶段:Deteriorating(B); 触发:Pullback(C); 置信度:Low,PASSED,B,fallback
00700,腾讯控股,2024-11-22,STRUCTURAL_DECLINE,Deteriorating,Pullback,34.773904898625766,COST_NEUTRAL,Low,BEARISH_CONFIRMED,20.0,Aligned,risk_on,结构:STRUCTURAL_DECLINE(A/A-); 阶段:Deteriorating(B); 触发:Pullback(C); 置信度:Low,PASSED,B,fallback
00700,腾讯控股,2024-11-29,STRUCTURAL_DECLINE,Deteriorating,Consolidation,34.773904898625766,COST_NEUTRAL,Low,BEARISH_CONFIRMED,20.0,Aligned,risk_on,结构:STRUCTURAL_DECLINE(A/A-); 阶段:Deteriorating(B); 触发:Consolidation(C); 置信度:Low,PASSED,B,fallback
00700,腾讯控股,2024-12-06,STRUCTURAL_DECLINE,Stable,Consolidation,54.981025948513164,COST_NEUTRAL,Medium,BEARISH_CONFIRMED,20.0,Aligned,risk_on,结构:STRUCTURAL_DECLINE(A/A-); 阶段:Stable(B); 触发:Consolidation(C); 置信度:Medium,PASSED,B,fallback
00700,腾讯控股,2024-12-13,STRUCTURAL_DECLINE,Stable,Consolidation,54.981025948513164,COST_NEUTRAL,Medium,BEARISH_CONFIRMED,20.0,Aligned,risk_on,结构:STRUCTURAL_DECLINE(A/A-); 阶段:Stable(B); 触发:Consolidation(C); 置信度:Medium,PASSED,B,fallback
00700,腾讯控股,2024-12-20,STRUCTURAL_DECLINE,Stable,Consolidation,54.981025948513164,COST_NEUTRAL,Medium,BEARISH_CONFIRMED,20.0,Aligned,risk_on,结构:STRUCTURAL_DECLINE(A/A-); 阶段:Stable(B); 触发:Consolidation(C); 置信度:Medium,PASSED,B,fallback
00700,腾讯控股,2024-12-27,STRUCTURAL_DECLINE,Stable,Consolidation,54.981025948513164,COST_NEUTRAL,Medium,BEARISH_CONFIRMED,20.0,Aligned,risk_off,结构:STRUCTURAL_DECLINE(A/A-); 阶段:Stable(B); 触发:Consolidation(C); 置信度:Medium,PASSED,B,fallback
00700,腾讯控股,2025-01-03,STRUCTURAL_DECLINE,Improving,Pullback,54.82321040522835,COST_NEUTRAL,Medium,BEARISH_CONFIRMED,20.0,Divergence,risk_off,结构:STRUCTURAL_DECLINE(A/A-); 阶段:Improving(B); 触发:Pullback(C); 置信度:Medium,PASSED,B,fallback
00700,腾讯控股,2025-01-10,STRUCTURAL_DECLINE,Improving,Consolidation,54.82321040522835,COST_NEUTRAL,Medium,BEARISH_CONFIRMED,20.0,Divergence,risk_off,结构:STRUCTURAL_DECLINE(A/A-); 阶段:Improving(B); 触发:Consolidation(C); 置信度:Medium,PASSED,B,fallback
00700,腾讯控股,2025-01-17,STRUCTURAL_DECLINE,Improving,Consolidation,54.82321040522835,COST_NEUTRAL,Medium,BEARISH_CONFIRMED,20.0,Divergence,risk_off,结构:STRUCTURAL_DECLINE(A/A-); 阶段:Improving(B); 触发:Consolidation(C); 置信度:Medium,PASSED,B,fallback
00700,腾讯控股,2025-01-24,STRUCTURAL_DECLINE,Improving,Consolidation,54.82321040522835,COST_NEUTRAL,Medium,BEARISH_CONFIRMED,20.0,Divergence,risk_off,结构:STRUCTURAL_DECLINE(A/A-); 阶段:Improving(B); 触发:Consolidation(C); 置信度:Medium,PASSED,B,fallback
00700,腾讯控股,2025-01-31,STRUCTURAL_DECLINE,Deteriorating,Consolidation,27.293383643141233,COST_NEUTRAL,Low,BEARISH_CONFIRMED,20.0,Aligned,neutral,结构:STRUCTURAL_DECLINE(A/A-); 阶段:Deteriorating(B); 触发:Consolidation(C); 置信度:Low,PASSED,B,fallback
00700,腾讯控股,2025-02-07,STRUCTURAL_DECLINE,Deteriorating,Consolidation,27.293383643141233,COST_NEUTRAL,Low,BEARISH_CONFIRMED,20.0,Aligned,risk_off,结构:STRUCTURAL_DECLINE(A/A-); 阶段:Deteriorating(B); 触发:Consolidation(C); 置信度:Low,PASSED,B,fallback
00700,腾讯控股,2025-02-14,STRUCTURAL_DECLINE,Deteriorating,Consolidation,27.293383643141233,COST_NEUTRAL,Low,BEARISH_CONFIRMED,20.0,Aligned,risk_off,结构:STRUCTURAL_DECLINE(A/A-); 阶段:Deteriorating(B); 触发:Consolidation(C); 置信度:Low,PASSED,B,fallback
00700,腾讯控股,2025-02-21,STRUCTURAL_DECLINE,Deteriorating,Breakout,27.293383643141233,COST_NEUTRAL,Low,BEARISH_CONFIRMED,20.0,Aligned,risk_off,结构:STRUCTURAL_DECLINE(A/A-); 阶段:Deteriorating(B); 触发:Breakout(C); 置信度:Low,PASSED,B,fallback
00700,腾讯控股,2025-02-28,STRUCTURAL_DECLINE,Deteriorating,Consolidation,17.5649188345868,COST_NEUTRAL,Low,BEARISH_CONFIRMED,20.0,Aligned,risk_off,结构:STRUCTURAL_DECLINE(A/A-); 阶段:Deteriorating(B); 触发:Consolidation(C); 置信度:Low,PASSED,B,fallback
00700,腾讯控股,2025-03-07,STRUCTURAL_DECLINE,Deteriorating,Consolidation,17.5649188345868,COST_NEUTRAL,Low,BEARISH_CONFIRMED,20.0,Aligned,risk_off,结构:STRUCTURAL_DECLINE(A/A-); 阶段:Deteriorating(B); 触发:Consolidation(C); 置信度:Low,PASSED,B,fallback
00700,腾讯控股,2025-03-14,STRUCTURAL_DECLINE,Deteriorating,Consolidation,17.5649188345868,COST_NEUTRAL,Low,BEARISH_CONFIRMED,20.0,Aligned,risk_off,结构:STRUCTURAL_DECLINE(A/A-); 阶段:Deteriorating(B); 触发:Consolidation(C); 置信度:Low,PASSED,B,fallback
00700,腾讯控股,2025-03-21,STRUCTURAL_DECLINE,Deteriorating,Consolidation,17.5649188345868,COST_NEUTRAL,Low,BEARISH_CONFIRMED,20.0,Aligned,risk_on,结构:STRUCTURAL_DECLINE(A/A-); 阶段:Deteriorating(B); 触发:Consolidation(C); 置信度:Low,PASSED,B,fallback
00700,腾讯控股,2025-03-28,STRUCTURAL_DECLINE,Deteriorating,Consolidation,17.5649188345868,COST_NEUTRAL,Low,BEARISH_CONFIRMED,20.0,Aligned,risk_on,结构:STRUCTURAL_DECLINE(A/A-); 阶段:Deteriorating(B); 触发:Consolidation(C); 置信度:Low,PASSED,B,fallback
00700,腾讯控股,2025-04-04,STRUCTURAL_DECLINE,Stable,Pullback,20.453924372671327,COST_NEUTRAL,Low,BEARISH_CONFIRMED,20.0,Aligned,risk_on,结构:STRUCTURAL_DECLINE(A/A-); 阶段:Stable(B); 触发:Pullback(C); 置信度:Low,PASSED,B,fallback
00700,腾讯控股,2025-04-11,STRUCTURAL_DECLINE,Stable,Consolidation,20.453924372671327,COST_NEUTRAL,Low,BEARISH_CONFIRMED,20.0,Aligned,risk_off,结构:STRUCTURAL_DECLINE(A/A-); 阶段:Stable(B); 触发:Consolidation(C); 置信度:Low,PASSED,B,fallback
00700,腾讯控股,2025-04-18,STRUCTURAL_DECLINE,Stable,Consolidation,20.453924372671327,COST_NEUTRAL,Low,BEARISH_CONFIRMED,20.0,Aligned,risk_off,结构:STRUCTURAL_DECLINE(A/A-); 阶段:Stable(B); 触发:Consolidation(C); 置信度:Low,PASSED,B,fallback
00700,腾讯控股,2025-04-25,STRUCTURAL_DECLINE,Stable,Consolidation,20.453924372671327,COST_NEUTRAL,Low,BEARISH_CONFIRMED,20.0,Aligned,risk_off,结构:STRUCTURAL_DECLINE(A/A-); 阶段:Stable(B); 触发:Consolidation(C); 置信度:Low,PASSED,B,fallback
00700,腾讯控股,2025-05-02,STRUCTURAL_DECLINE,Stable,Consolidation,25.60071867782454,COST_ADVANTAGE,Low,BEARISH_CONFIRMED,20.0,Aligned,risk_off,结构:STRUCTURAL_DECLINE(A/A-); 阶段:Stable(B); 触发:Consolidation(C); 置信度:Low,PASSED,B,fallback
00700,腾讯控股,2025-05-09,STRUCTURAL_DECLINE,Stable,Consolidation,25.60071867782454,COST_ADVANTAGE,Low,BEARISH_CONFIRMED,20.0,Aligned,risk_off,结构:STRUCTURAL_DECLINE(A/A-); 阶段:Stable(B); 触发:Consolidation(C); 置信度:Low,PASSED,B,fallback
00700,腾讯控股,2025-05-16,STRUCTURAL_DECLINE,Stable,Consolidation,25.60071867782454,COST_ADVANTAGE,Low,BEARISH_CONFIRMED,20.0,Aligned,risk_on,结构:STRUCTURAL_DECLINE(A/A-); 阶段:Stable(B); 触发:Consolidation(C); 置信度:Low,PASSED,B,fallback
00700,腾讯控股,2025-05-23,STRUCTURAL_DECLINE,Stable,Consolidation,25.60071867782454,COST_ADVANTAGE,Low,BEARISH_CONFIRMED,20.0,Aligned,neutral,结构:STRUCTURAL_DECLINE(A/A-); 阶段:Stable(B); 触发:Consolidation(C); 置信度:Low,PASSED,B,fallback
00700,腾讯控股,2025-05-30,STRUCTURAL_DECLINE,Stable,Pullback,25.60071867782454,COST_ADVANTAGE,Low,BEARISH_CONFIRMED,20.0,Aligned,neutral,结构:STRUCTURAL_DECLINE(A/A-); 阶段:Stable(B); 触发:Pullback(C); 置信度:Low,PASSED,B,fallback
00700,腾讯控股,2025-06-06,STRUCTURAL_DECLINE,Improving,Consolidation,36.31049088217983,COST_NEUTRAL,Low,BEARISH_CONFIRMED,20.0,Divergence,neutral,结构:STRUCTURAL_DECLINE(A/A-); 阶段:Improving(B); 触发:Consolidation(C); 置信度:Low,PASSED,B,fallback
00700,腾讯控股,2025-06-13,STRUCTURAL_DECLINE,Improving,Consolidation,36.31049088217983,COST_NEUTRAL,Low,BEARISH_CONFIRMED,20.0,Divergence,neutral,结构:STRUCTURAL_DECLINE(A/A-); 阶段:Improving(B); 触发:Consolidation(C); 置信度:Low,PASSED,B,fallback
00700,腾讯控股,2025-06-20,STRUCTURAL_DECLINE,Improving,Pullback,36.31049088217983,COST_NEUTRAL,Low,BEARISH_CONFIRMED,20.0,Divergence,neutral,结构:STRUCTURAL_DECLINE(A/A-); 阶段:Improving(B); 触发:Pullback(C); 置信度:Low,PASSED,B,fallback
00700,腾讯控股,2025-06-27,STRUCTURAL_DECLINE,Improving,Consolidation,36.31049088217983,COST_NEUTRAL,Low,BEARISH_CONFIRMED,20.0,Divergence,risk_on,结构:STRUCTURAL_DECLINE(A/A-); 阶段:Improving(B); 触发:Consolidation(C); 置信度:Low,PASSED,B,fallback
00700,腾讯控股,2025-07-04,STRUCTURAL_DECLINE,Stable,Pullback,47.414995042255754,COST_NEUTRAL,Low,BEARISH_CONFIRMED,20.0,Aligned,risk_on,结构:STRUCTURAL_DECLINE(A/A-); 阶段:Stable(B); 触发:Pullback(C); 置信度:Low,PASSED,B,fallback
00700,腾讯控股,2025-07-11,STRUCTURAL_DECLINE,Stable,Pullback,47.414995042255754,COST_NEUTRAL,Low,BEARISH_CONFIRMED,20.0,Aligned,risk_on,结构:STRUCTURAL_DECLINE(A/A-); 阶段:Stable(B); 触发:Pullback(C); 置信度:Low,PASSED,B,fallback
00700,腾讯控股,2025-07-18,STRUCTURAL_DECLINE,Stable,Consolidation,47.414995042255754,COST_NEUTRAL,Low,BEARISH_CONFIRMED,20.0,Aligned,risk_on,结构:STRUCTURAL_DECLINE(A/A-); 阶段:Stable(B); 触发:Consolidation(C); 置信度:Low,PASSED,B,fallback
00700,腾讯控股,2025-07-25,STRUCTURAL_DECLINE,Stable,Consolidation,47.414995042255754,COST_NEUTRAL,Low,BEARISH_CONFIRMED,20.0,Aligned,risk_on,结构:STRUCTURAL_DECLINE(A/A-); 阶段:Stable(B); 触发:Consolidation(C); 置信度:Low,PASSED,B,fallback
00700,腾讯控股,2025-08-01,STRUCTURAL_DECLINE,Improving,Consolidation,39.45157647958004,COST_ADVANTAGE,Low,BEARISH_CONFIRMED,20.0,Divergence,risk_on,结构:STRUCTURAL_DECLINE(A/A-); 阶段:Improving(B); 触发:Consolidation(C); 置信度:Low,PASSED,B,fallback
00700,腾讯控股,2025-08-08,STRUCTURAL_DECLINE,Improving,Consolidation,39.45157647958004,COST_ADVANTAGE,Low,BEARISH_CONFIRMED,20.0,Divergence,risk_on,结构:STRUCTURAL_DECLINE(A/A-); 阶段:Improving(B); 触发:Consolidation(C); 置信度:Low,PASSED,B,fallback
00700,腾讯控股,2025-08-15,STRUCTURAL_DECLINE,Improving,Consolidation,39.45157647958004,COST_ADVANTAGE,Low,BEARISH_CONFIRMED,20.0,Divergence,risk_on,结构:STRUCTURAL_DECLINE(A/A-); 阶段:Improving(B); 触发:Consolidation(C); 置信度:Low,PASSED,B,fallback
00700,腾讯控股,2025-08-22,STRUCTURAL_DECLINE,Improving,Consolidation,39.45157647958004,COST_ADVANTAGE,Low,BEARISH_CONFIRMED,20.0,Divergence,risk_on,结构:STRUCTURAL_DECLINE(A/A-); 阶段:Improving(B); 触发:Consolidation(C); 置信度:Low,PASSED,B,fallback
00700,腾讯控股,2025-08-29,STRUCTURAL_DECLINE,Improving,Consolidation,39.45157647958004,COST_ADVANTAGE,Low,BEARISH_CONFIRMED,20.0,Divergence,risk_on,结构:STRUCTURAL_DECLINE(A/A-); 阶段:Improving(B); 触发:Consolidation(C); 置信度:Low,PASSED,B,fallback
00700,腾讯控股,2025-09-05,STRUCTURAL_DECLINE,Improving,Consolidation,35.7997857991782,COST_NEUTRAL,Low,BEARISH_CONFIRMED,20.0,Divergence,risk_on,结构:STRUCTURAL_DECLINE(A/A-); 阶段:Improving(B); 触发:Consolidation(C); 置信度:Low,PASSED,B,fallback
00700,腾讯控股,2025-09-12,STRUCTURAL_DECLINE,Improving,Consolidation,35.7997857991782,COST_NEUTRAL,Low,BEARISH_CONFIRMED,20.0,Divergence,risk_on,结构:STRUCTURAL_DECLINE(A/A-); 阶段:Improving(B); 触发:Consolidation(C); 置信度:Low,PASSED,B,fallback
00700,腾讯控股,2025-09-19,STRUCTURAL_DECLINE,Improving,Consolidation,35.7997857991782,COST_NEUTRAL,Low,BEARISH_CONFIRMED,20.0,Divergence,risk_on,结构:STRUCTURAL_DECLINE(A/A-); 阶段:Improving(B); 触发:Consolidation(C); 置信度:Low,PASSED,B,fallback
00700,腾讯控股,2025-09-26,STRUCTURAL_DECLINE,Improving,Consolidation,35.7997857991782,COST_NEUTRAL,Low,BEARISH_CONFIRMED,20.0,Divergence,risk_on,结构:STRUCTURAL_DECLINE(A/A-); 阶段:Improving(B); 触发:Consolidation(C); 置信度:Low,PASSED,B,fallback
00700,腾讯控股,2025-10-03,STRUCTURAL_DECLINE,Improving,Consolidation,41.4848663981684,COST_ADVANTAGE,Low,BEARISH_CONFIRMED,20.0,Divergence,risk_on,结构:STRUCTURAL_DECLINE(A/A-); 阶段:Improving(B); 触发:Consolidation(C); 置信度:Low,PASSED,B,fallback
00700,腾讯控股,2025-10-10,STRUCTURAL_DECLINE,Improving,Consolidation,41.4848663981684,COST_ADVANTAGE,Low,BEARISH_CONFIRMED,20.0,Divergence,risk_on,结构:STRUCTURAL_DECLINE(A/A-); 阶段:Improving(B); 触发:Consolidation(C); 置信度:Low,PASSED,B,fallback
00700,腾讯控股,2025-10-17,STRUCTURAL_DECLINE,Improving,Pullback,41.4848663981684,COST_ADVANTAGE,Low,BEARISH_CONFIRMED,20.0,Divergence,risk_off,结构:STRUCTURAL_DECLINE(A/A-); 阶段:Improving(B); 触发:Pullback(C); 置信度:Low,PASSED,B,fallback
00700,腾讯控股,2025-10-24,STRUCTURAL_DECLINE,Improving,Consolidation,41.4848663981684,COST_ADVANTAGE,Low,BEARISH_CONFIRMED,20.0,Divergence,risk_off,结构:STRUCTURAL_DECLINE(A/A-); 阶段:Improving(B); 触发:Consolidation(C); 置信度:Low,PASSED,B,fallback
00700,腾讯控股,2025-10-31,STRUCTURAL_DECLINE,Deteriorating,Pullback,50.146438980460154,COST_NEUTRAL,Medium,BEARISH_CONFIRMED,20.0,Aligned,risk_on,结构:STRUCTURAL_DECLINE(A/A-); 阶段:Deteriorating(B); 触发:Pullback(C); 置信度:Medium,PASSED,B,fallback
00700,腾讯控股,2025-11-07,STRUCTURAL_DECLINE,Deteriorating,Consolidation,50.146438980460154,COST_NEUTRAL,Medium,BEARISH_CONFIRMED,20.0,Aligned,risk_on,结构:STRUCTURAL_DECLINE(A/A-); 阶段:Deteriorating(B); 触发:Consolidation(C); 置信度:Medium,PASSED,B,fallback
00700,腾讯控股,2025-11-14,STRUCTURAL_DECLINE,Deteriorating,Consolidation,50.146438980460154,COST_NEUTRAL,Medium,BEARISH_CONFIRMED,20.0,Aligned,risk_on,结构:STRUCTURAL_DECLINE(A/A-); 阶段:Deteriorating(B); 触发:Consolidation(C); 置信度:Medium,PASSED,B,fallback
00700,腾讯控股,2025-11-21,STRUCTURAL_DECLINE,Deteriorating,Pullback,50.146438980460154,COST_NEUTRAL,Medium,BEARISH_CONFIRMED,20.0,Aligned,neutral,结构:STRUCTURAL_DECLINE(A/A-); 阶段:Deteriorating(B); 触发:Pullback(C); 置信度:Medium,PASSED,B,fallback
00700,腾讯控股,2025-11-28,STRUCTURAL_DECLINE,Deteriorating,Pullback,50.146438980460154,COST_NEUTRAL,Medium,BEARISH_CONFIRMED,20.0,Aligned,neutral,结构:STRUCTURAL_DECLINE(A/A-); 阶段:Deteriorating(B); 触发:Pullback(C); 置信度:Medium,PASSED,B,fallback
00700,腾讯控股,2025-12-05,STRUCTURAL_DECLINE,Deteriorating,Pullback,50.224194147521565,COST_NEUTRAL,Medium,BEARISH_CONFIRMED,20.0,Aligned,neutral,结构:STRUCTURAL_DECLINE(A/A-); 阶段:Deteriorating(B); 触发:Pullback(C); 置信度:Medium,PASSED,B,fallback
00700,腾讯控股,2025-12-12,STRUCTURAL_DECLINE,Deteriorating,Pullback,50.224194147521565,COST_NEUTRAL,Medium,BEARISH_CONFIRMED,20.0,Aligned,neutral,结构:STRUCTURAL_DECLINE(A/A-); 阶段:Deteriorating(B); 触发:Pullback(C); 置信度:Medium,PASSED,B,fallback
00700,腾讯控股,2025-12-19,STRUCTURAL_DECLINE,Deteriorating,Pullback,50.224194147521565,COST_NEUTRAL,Medium,BEARISH_CONFIRMED,20.0,Aligned,neutral,结构:STRUCTURAL_DECLINE(A/A-); 阶段:Deteriorating(B); 触发:Pullback(C); 置信度:Medium,PASSED,B,fallback
00700,腾讯控股,2025-12-26,STRUCTURAL_DECLINE,Deteriorating,Consolidation,50.224194147521565,COST_NEUTRAL,Medium,BEARISH_CONFIRMED,20.0,Aligned,neutral,结构:STRUCTURAL_DECLINE(A/A-); 阶段:Deteriorating(B); 触发:Consolidation(C); 置信度:Medium,PASSED,B,fallback
00700,腾讯控股,2026-01-02,STRUCTURAL_DECLINE,Deteriorating,Consolidation,50.09541643883843,COST_DISADVANTAGE,Medium,BEARISH_CONFIRMED,20.0,Aligned,risk_off,结构:STRUCTURAL_DECLINE(A/A-); 阶段:Deteriorating(B); 触发:Consolidation(C); 置信度:Medium,PASSED,B,fallback
00700,腾讯控股,2026-01-09,STRUCTURAL_DECLINE,Deteriorating,Pullback,50.09541643883843,COST_DISADVANTAGE,Medium,BEARISH_CONFIRMED,20.0,Aligned,neutral,结构:STRUCTURAL_DECLINE(A/A-); 阶段:Deteriorating(B); 触发:Pullback(C); 置信度:Medium,PASSED,B,fallback
00700,腾讯控股,2026-01-16,STRUCTURAL_DECLINE,Deteriorating,Consolidation,50.09541643883843,COST_DISADVANTAGE,Medium,BEARISH_CONFIRMED,20.0,Aligned,risk_on,结构:STRUCTURAL_DECLINE(A/A-); 阶段:Deteriorating(B); 触发:Consolidation(C); 置信度:Medium,PASSED,B,fallback
00700,腾讯控股,2026-01-23,STRUCTURAL_DECLINE,Deteriorating,Consolidation,50.09541643883843,COST_DISADVANTAGE,Medium,BEARISH_CONFIRMED,20.0,Aligned,neutral,结构:STRUCTURAL_DECLINE(A/A-); 阶段:Deteriorating(B); 触发:Consolidation(C); 置信度:Medium,PASSED,B,fallback
00700,腾讯控股,2026-01-30,STRUCTURAL_DECLINE,Deteriorating,Consolidation,50.09541643883843,COST_DISADVANTAGE,Medium,BEARISH_CONFIRMED,20.0,Aligned,risk_on,结构:STRUCTURAL_DECLINE(A/A-); 阶段:Deteriorating(B); 触发:Consolidation(C); 置信度:Medium,PASSED,B,fallback
00700,腾讯控股,2026-02-06,STRUCTURAL_DECLINE,Deteriorating,Breakdown,29.69864811222745,COST_DISADVANTAGE,Low,BEARISH_CONFIRMED,20.0,Aligned,neutral,结构:STRUCTURAL_DECLINE(A/A-); 阶段:Deteriorating(B); 触发:Breakdown(C); 置信度:Low,PASSED,B,matrix
00700,腾讯控股,2026-02-13,STRUCTURAL_DECLINE,Deteriorating,Breakdown,29.69864811222745,COST_DISADVANTAGE,Low,BEARISH_CONFIRMED,20.0,Aligned,risk_on,结构:STRUCTURAL_DECLINE(A/A-); 阶段:Deteriorating(B); 触发:Breakdown(C); 置信度:Low,PASSED,B,matrix
00700,腾讯控股,2026-02-20,STRUCTURAL_DECLINE,Deteriorating,Breakdown,29.69864811222745,COST_DISADVANTAGE,Low,BEARISH_CONFIRMED,20.0,Aligned,risk_on,结构:STRUCTURAL_DECLINE(A/A-); 阶段:Deteriorating(B); 触发:Breakdown(C); 置信度:Low,PASSED,B,matrix
00700,腾讯控股,2026-02-27,STRUCTURAL_DECLINE,Deteriorating,Consolidation,29.69864811222745,COST_DISADVANTAGE,Low,BEARISH_CONFIRMED,20.0,Aligned,risk_on,结构:STRUCTURAL_DECLINE(A/A-); 阶段:Deteriorating(B); 触发:Consolidation(C); 置信度:Low,PASSED,B,fallback
00700,腾讯控股,2026-03-06,STRUCTURAL_DECLINE,Deteriorating,Consolidation,31.594503664476555,COST_DISADVANTAGE,Low,BEARISH_CONFIRMED,20.0,Aligned,risk_off,结构:STRUCTURAL_DECLINE(A/A-); 阶段:Deteriorating(B); 触发:Consolidation(C); 置信度:Low,PASSED,B,fallback
00700,腾讯控股,2026-03-13,STRUCTURAL_DECLINE,Deteriorating,Consolidation,31.594503664476555,COST_DISADVANTAGE,Low,BEARISH_CONFIRMED,20.0,Aligned,risk_off,结构:STRUCTURAL_DECLINE(A/A-); 阶段:Deteriorating(B); 触发:Consolidation(C); 置信度:Low,PASSED,B,fallback
00700,腾讯控股,2026-03-20,STRUCTURAL_DECLINE,Deteriorating,Consolidation,31.594503664476555,COST_DISADVANTAGE,Low,BEARISH_CONFIRMED,20.0,Aligned,neutral,结构:STRUCTURAL_DECLINE(A/A-); 阶段:Deteriorating(B); 触发:Consolidation(C); 置信度:Low,PASSED,B,fallback
00700,腾讯控股,2026-03-27,STRUCTURAL_DECLINE,Deteriorating,Breakdown,31.594503664476555,COST_DISADVANTAGE,Low,BEARISH_CONFIRMED,20.0,Aligned,risk_off,结构:STRUCTURAL_DECLINE(A/A-); 阶段:Deteriorating(B); 触发:Breakdown(C); 置信度:Low,PASSED,B,matrix
00700,腾讯控股,2026-04-03,STRUCTURAL_DECLINE,Deteriorating,Consolidation,25.172409583784678,COST_DISADVANTAGE,Low,BEARISH_CONFIRMED,20.0,Aligned,risk_off,结构:STRUCTURAL_DECLINE(A/A-); 阶段:Deteriorating(B); 触发:Consolidation(C); 置信度:Low,PASSED,B,fallback
00700,腾讯控股,2026-04-10,STRUCTURAL_DECLINE,Deteriorating,Consolidation,25.172409583784678,COST_DISADVANTAGE,Low,BEARISH_CONFIRMED,20.0,Aligned,neutral,结构:STRUCTURAL_DECLINE(A/A-); 阶段:Deteriorating(B); 触发:Consolidation(C); 置信度:Low,PASSED,B,fallback
00700,腾讯控股,2026-04-17,STRUCTURAL_DECLINE,Deteriorating,Consolidation,25.172409583784678,COST_DISADVANTAGE,Low,BEARISH_CONFIRMED,20.0,Aligned,risk_off,结构:STRUCTURAL_DECLINE(A/A-); 阶段:Deteriorating(B); 触发:Consolidation(C); 置信度:Low,PASSED,B,fallback
00700,腾讯控股,2026-04-24,STRUCTURAL_DECLINE,Deteriorating,Consolidation,25.172409583784678,COST_DISADVANTAGE,Low,BEARISH_CONFIRMED,20.0,Aligned,risk_off,结构:STRUCTURAL_DECLINE(A/A-); 阶段:Deteriorating(B); 触发:Consolidation(C); 置信度:Low,PASSED,B,fallback
00700,腾讯控股,2026-05-01,STRUCTURAL_DECLINE,Stable,Breakdown,35.927689494154265,COST_DISADVANTAGE,Low,BEARISH_CONFIRMED,20.0,Aligned,risk_off,结构:STRUCTURAL_DECLINE(A/A-); 阶段:Stable(B); 触发:Breakdown(C); 置信度:Low,PASSED,B,fallback
00700,腾讯控股,2026-05-08,STRUCTURAL_DECLINE,Stable,Consolidation,35.927689494154265,COST_DISADVANTAGE,Low,BEARISH_CONFIRMED,20.0,Aligned,neutral,结构:STRUCTURAL_DECLINE(A/A-); 阶段:Stable(B); 触发:Consolidation(C); 置信度:Low,PASSED,B,fallback
00700,腾讯控股,2026-05-15,STRUCTURAL_DECLINE,Stable,Consolidation,35.927689494154265,COST_DISADVANTAGE,Low,BEARISH_CONFIRMED,20.0,Aligned,risk_off,结构:STRUCTURAL_DECLINE(A/A-); 阶段:Stable(B); 触发:Consolidation(C); 置信度:Low,PASSED,B,fallback
00700,腾讯控股,2026-05-22,STRUCTURAL_DECLINE,Stable,Breakdown,35.927689494154265,COST_DISADVANTAGE,Low,BEARISH_CONFIRMED,20.0,Aligned,risk_off,结构:STRUCTURAL_DECLINE(A/A-); 阶段:Stable(B); 触发:Breakdown(C); 置信度:Low,PASSED,B,fallback
00700,腾讯控股,2026-05-29,STRUCTURAL_DECLINE,Stable,Breakdown,35.927689494154265,COST_DISADVANTAGE,Low,BEARISH_CONFIRMED,20.0,Aligned,risk_off,结构:STRUCTURAL_DECLINE(A/A-); 阶段:Stable(B); 触发:Breakdown(C); 置信度:Low,PASSED,B,fallback
00700,腾讯控股,2026-06-05,STRUCTURAL_DECLINE,Deteriorating,Consolidation,28.57950118082824,COST_DISADVANTAGE,Low,BEARISH_CONFIRMED,20.0,Aligned,risk_off,结构:STRUCTURAL_DECLINE(A/A-); 阶段:Deteriorating(B); 触发:Consolidation(C); 置信度:Low,PASSED,B,fallback
00700,腾讯控股,2026-06-12,STRUCTURAL_DECLINE,Deteriorating,Consolidation,28.57950118082824,COST_DISADVANTAGE,Low,BEARISH_CONFIRMED,20.0,Aligned,risk_off,结构:STRUCTURAL_DECLINE(A/A-); 阶段:Deteriorating(B); 触发:Consolidation(C); 置信度:Low,PASSED,B,fallback
00700,腾讯控股,2026-06-19,STRUCTURAL_DECLINE,Deteriorating,Consolidation,28.57950118082824,COST_DISADVANTAGE,Low,BEARISH_CONFIRMED,20.0,Aligned,risk_off,结构:STRUCTURAL_DECLINE(A/A-); 阶段:Deteriorating(B); 触发:Consolidation(C); 置信度:Low,PASSED,B,fallback
00700,腾讯控股,2026-06-26,STRUCTURAL_DECLINE,Deteriorating,Breakdown,28.57950118082824,COST_DISADVANTAGE,Low,BEARISH_CONFIRMED,20.0,Aligned,risk_off,结构:STRUCTURAL_DECLINE(A/A-); 阶段:Deteriorating(B); 触发:Breakdown(C); 置信度:Low,PASSED,B,matrix
00700,腾讯控股,2026-07-03,STRUCTURAL_DECLINE,Deteriorating,Consolidation,21.92742908486806,COST_DISADVANTAGE,Low,BEARISH_CONFIRMED,20.0,Aligned,risk_off,结构:STRUCTURAL_DECLINE(A/A-); 阶段:Deteriorating(B); 触发:Consolidation(C); 置信度:Low,PASSED,B,fallback
00700,腾讯控股,2026-07-10,STRUCTURAL_DECLINE,Deteriorating,Consolidation,21.92742908486806,COST_DISADVANTAGE,Low,BEARISH_CONFIRMED,20.0,Aligned,risk_off,结构:STRUCTURAL_DECLINE(A/A-); 阶段:Deteriorating(B); 触发:Consolidation(C); 置信度:Low,PASSED,B,fallback
00700,腾讯控股,2026-07-17,STRUCTURAL_DECLINE,Deteriorating,Consolidation,21.92742908486806,COST_DISADVANTAGE,Low,BEARISH_CONFIRMED,20.0,Aligned,risk_off,结构:STRUCTURAL_DECLINE(A/A-); 阶段:Deteriorating(B); 触发:Consolidation(C); 置信度:Low,PASSED,B,fallback
00700,,2026-07-24,STRUCTURAL_DECLINE,Deteriorating,Consolidation,21.92742908486806,COST_DISADVANTAGE,Low,BEARISH_CONFIRMED,20.0,Aligned,risk_off,结构:STRUCTURAL_DECLINE(A/A-); 阶段:Deteriorating(B); 触发:Consolidation(C); 置信度:Low,PASSED,B,fallback
00700,,2026-07-31,STRUCTURAL_DECLINE,Stable,Consolidation,19.516154050396814,COST_ADVANTAGE,Low,BEARISH_CONFIRMED,20.0,Aligned,neutral,结构:STRUCTURAL_DECLINE(A/A-); 阶段:Stable(B); 触发:Consolidation(C); 置信度:Low,PASSED,B,fallback
00700,,2026-08-07,STRUCTURAL_DECLINE,Stable,Consolidation,19.516154050396814,COST_ADVANTAGE,Low,BEARISH_CONFIRMED,20.0,Aligned,risk_off,结构:STRUCTURAL_DECLINE(A/A-); 阶段:Stable(B); 触发:Consolidation(C); 置信度:Low,PASSED,B,fallback
00700,,2026-08-14,STRUCTURAL_DECLINE,Stable,Consolidation,19.516154050396814,COST_ADVANTAGE,Low,BEARISH_CONFIRMED,20.0,Aligned,risk_off,结构:STRUCTURAL_DECLINE(A/A-); 阶段:Stable(B); 触发:Consolidation(C); 置信度:Low,PASSED,B,fallback
