stock_code,stock_name,decision_date,structural_regime,monthly_behavior_state,tactical_signal,cbi_score,cost_position,chip_stability_confidence,mtf_regime,qcfp_score,structure_behavior_alignment,market_context,evidence_summary,ai_check,data_quality,align_method
00700,腾讯控股,2010-01-08,STATE_UNDETERMINED,,Consolidation,,,Low,DATA_INSUFFICIENT,,Unknown,neutral,结构:STATE_UNDETERMINED(A/A-); 阶段:nan(B); 触发:Consolidation(C); 置信度:Low,PASSED,,data_insufficient
00700,腾讯控股,2010-01-15,STATE_UNDETERMINED,,Consolidation,,,Low,DATA_INSUFFICIENT,,Unknown,neutral,结构:STATE_UNDETERMINED(A/A-); 阶段:nan(B); 触发:Consolidation(C); 置信度:Low,PASSED,,data_insufficient
00700,腾讯控股,2010-01-22,STATE_UNDETERMINED,,Consolidation,,,Low,DATA_INSUFFICIENT,,Unknown,neutral,结构:STATE_UNDETERMINED(A/A-); 阶段:nan(B); 触发:Consolidation(C); 置信度:Low,PASSED,,data_insufficient
00700,腾讯控股,2010-01-29,STATE_UNDETERMINED,,Consolidation,,,Low,DATA_INSUFFICIENT,,Unknown,neutral,结构:STATE_UNDETERMINED(A/A-); 阶段:nan(B); 触发:Consolidation(C); 置信度:Low,PASSED,,data_insufficient
00700,腾讯控股,2010-02-05,STATE_UNDETERMINED,Stable,Consolidation,,,Low,DATA_INSUFFICIENT,,Unknown,neutral,结构:STATE_UNDETERMINED(A/A-); 阶段:Stable(B); 触发:Consolidation(C); 置信度:Low,PASSED,C,data_insufficient
00700,腾讯控股,2010-02-12,STATE_UNDETERMINED,Stable,Consolidation,,,Low,DATA_INSUFFICIENT,,Unknown,neutral,结构:STATE_UNDETERMINED(A/A-); 阶段:Stable(B); 触发:Consolidation(C); 置信度:Low,PASSED,C,data_insufficient
00700,腾讯控股,2010-02-19,STATE_UNDETERMINED,Stable,Consolidation,,,Low,DATA_INSUFFICIENT,,Unknown,neutral,结构:STATE_UNDETERMINED(A/A-); 阶段:Stable(B); 触发:Consolidation(C); 置信度:Low,PASSED,C,data_insufficient
00700,腾讯控股,2010-02-26,STATE_UNDETERMINED,Stable,Consolidation,,,Low,DATA_INSUFFICIENT,,Unknown,neutral,结构:STATE_UNDETERMINED(A/A-); 阶段:Stable(B); 触发:Consolidation(C); 置信度:Low,PASSED,C,data_insufficient
00700,腾讯控股,2010-03-05,STATE_UNDETERMINED,Stable,Consolidation,,,Low,DATA_INSUFFICIENT,,Unknown,neutral,结构:STATE_UNDETERMINED(A/A-); 阶段:Stable(B); 触发:Consolidation(C); 置信度:Low,PASSED,C,data_insufficient
00700,腾讯控股,2010-03-12,STATE_UNDETERMINED,Stable,Consolidation,,,Low,DATA_INSUFFICIENT,,Unknown,neutral,结构:STATE_UNDETERMINED(A/A-); 阶段:Stable(B); 触发:Consolidation(C); 置信度:Low,PASSED,C,data_insufficient
00700,腾讯控股,2010-03-19,STATE_UNDETERMINED,Stable,Consolidation,,,Low,DATA_INSUFFICIENT,,Unknown,neutral,结构:STATE_UNDETERMINED(A/A-); 阶段:Stable(B); 触发:Consolidation(C); 置信度:Low,PASSED,C,data_insufficient
00700,腾讯控股,2010-03-26,STATE_UNDETERMINED,Stable,Consolidation,,,Low,DATA_INSUFFICIENT,,Unknown,neutral,结构:STATE_UNDETERMINED(A/A-); 阶段:Stable(B); 触发:Consolidation(C); 置信度:Low,PASSED,C,data_insufficient
00700,腾讯控股,2010-04-02,STATE_UNDETERMINED,Improving,Consolidation,,COST_DISADVANTAGE,Low,DATA_INSUFFICIENT,,Unknown,neutral,结构:STATE_UNDETERMINED(A/A-); 阶段:Improving(B); 触发:Consolidation(C); 置信度:Low,PASSED,C,data_insufficient
00700,腾讯控股,2010-04-09,STATE_UNDETERMINED,Improving,Consolidation,,COST_DISADVANTAGE,Low,DATA_INSUFFICIENT,,Unknown,neutral,结构:STATE_UNDETERMINED(A/A-); 阶段:Improving(B); 触发:Consolidation(C); 置信度:Low,PASSED,C,data_insufficient
00700,腾讯控股,2010-04-16,STATE_UNDETERMINED,Improving,Consolidation,,COST_DISADVANTAGE,Low,DATA_INSUFFICIENT,,Unknown,neutral,结构:STATE_UNDETERMINED(A/A-); 阶段:Improving(B); 触发:Consolidation(C); 置信度:Low,PASSED,C,data_insufficient
00700,腾讯控股,2010-04-23,STATE_UNDETERMINED,Improving,Consolidation,,COST_DISADVANTAGE,Low,DATA_INSUFFICIENT,,Unknown,neutral,结构:STATE_UNDETERMINED(A/A-); 阶段:Improving(B); 触发:Consolidation(C); 置信度:Low,PASSED,C,data_insufficient
00700,腾讯控股,2010-04-30,STATE_UNDETERMINED,Improving,Consolidation,,COST_DISADVANTAGE,Low,DATA_INSUFFICIENT,,Unknown,neutral,结构:STATE_UNDETERMINED(A/A-); 阶段:Improving(B); 触发:Consolidation(C); 置信度:Low,PASSED,C,data_insufficient
00700,腾讯控股,2010-05-07,STATE_UNDETERMINED,Improving,Consolidation,,COST_DISADVANTAGE,Low,DATA_INSUFFICIENT,,Unknown,neutral,结构:STATE_UNDETERMINED(A/A-); 阶段:Improving(B); 触发:Consolidation(C); 置信度:Low,PASSED,C,data_insufficient
00700,腾讯控股,2010-05-14,STATE_UNDETERMINED,Improving,Consolidation,,COST_DISADVANTAGE,Low,DATA_INSUFFICIENT,,Unknown,neutral,结构:STATE_UNDETERMINED(A/A-); 阶段:Improving(B); 触发:Consolidation(C); 置信度:Low,PASSED,C,data_insufficient
00700,腾讯控股,2010-05-21,STATE_UNDETERMINED,Improving,Consolidation,,COST_DISADVANTAGE,Low,DATA_INSUFFICIENT,,Unknown,neutral,结构:STATE_UNDETERMINED(A/A-); 阶段:Improving(B); 触发:Consolidation(C); 置信度:Low,PASSED,C,data_insufficient
00700,腾讯控股,2010-05-28,STATE_UNDETERMINED,Improving,Consolidation,,COST_DISADVANTAGE,Low,DATA_INSUFFICIENT,,Unknown,neutral,结构:STATE_UNDETERMINED(A/A-); 阶段:Improving(B); 触发:Consolidation(C); 置信度:Low,PASSED,C,data_insufficient
00700,腾讯控股,2010-06-04,STATE_UNDETERMINED,Deteriorating,Consolidation,,COST_DISADVANTAGE,Low,DATA_INSUFFICIENT,,Unknown,neutral,结构:STATE_UNDETERMINED(A/A-); 阶段:Deteriorating(B); 触发:Consolidation(C); 置信度:Low,PASSED,C,data_insufficient
00700,腾讯控股,2010-06-11,STATE_UNDETERMINED,Deteriorating,Consolidation,,COST_DISADVANTAGE,Low,DATA_INSUFFICIENT,,Unknown,neutral,结构:STATE_UNDETERMINED(A/A-); 阶段:Deteriorating(B); 触发:Consolidation(C); 置信度:Low,PASSED,C,data_insufficient
00700,腾讯控股,2010-06-18,STATE_UNDETERMINED,Deteriorating,Consolidation,,COST_DISADVANTAGE,Low,DATA_INSUFFICIENT,,Unknown,neutral,结构:STATE_UNDETERMINED(A/A-); 阶段:Deteriorating(B); 触发:Consolidation(C); 置信度:Low,PASSED,C,data_insufficient
00700,腾讯控股,2010-06-25,STATE_UNDETERMINED,Deteriorating,Consolidation,,COST_DISADVANTAGE,Low,DATA_INSUFFICIENT,,Unknown,neutral,结构:STATE_UNDETERMINED(A/A-); 阶段:Deteriorating(B); 触发:Consolidation(C); 置信度:Low,PASSED,C,data_insufficient
00700,腾讯控股,2010-07-02,STATE_UNDETERMINED,Deteriorating,Consolidation,15.94664032935917,COST_DISADVANTAGE,Low,DATA_INSUFFICIENT,,Unknown,neutral,结构:STATE_UNDETERMINED(A/A-); 阶段:Deteriorating(B); 触发:Consolidation(C); 置信度:Low,PASSED,C,data_insufficient
00700,腾讯控股,2010-07-09,STATE_UNDETERMINED,Deteriorating,Consolidation,15.94664032935917,COST_DISADVANTAGE,Low,DATA_INSUFFICIENT,,Unknown,neutral,结构:STATE_UNDETERMINED(A/A-); 阶段:Deteriorating(B); 触发:Consolidation(C); 置信度:Low,PASSED,C,data_insufficient
00700,腾讯控股,2010-07-16,STATE_UNDETERMINED,Deteriorating,Consolidation,15.94664032935917,COST_DISADVANTAGE,Low,DATA_INSUFFICIENT,,Unknown,neutral,结构:STATE_UNDETERMINED(A/A-); 阶段:Deteriorating(B); 触发:Consolidation(C); 置信度:Low,PASSED,C,data_insufficient
00700,腾讯控股,2010-07-23,STATE_UNDETERMINED,Deteriorating,Consolidation,15.94664032935917,COST_DISADVANTAGE,Low,DATA_INSUFFICIENT,,Unknown,neutral,结构:STATE_UNDETERMINED(A/A-); 阶段:Deteriorating(B); 触发:Consolidation(C); 置信度:Low,PASSED,C,data_insufficient
00700,腾讯控股,2010-07-30,STATE_UNDETERMINED,Deteriorating,Consolidation,15.94664032935917,COST_DISADVANTAGE,Low,DATA_INSUFFICIENT,,Unknown,neutral,结构:STATE_UNDETERMINED(A/A-); 阶段:Deteriorating(B); 触发:Consolidation(C); 置信度:Low,PASSED,C,data_insufficient
00700,腾讯控股,2010-08-06,STATE_UNDETERMINED,Improving,Consolidation,32.93695336858328,COST_DISADVANTAGE,Low,DATA_INSUFFICIENT,,Unknown,neutral,结构:STATE_UNDETERMINED(A/A-); 阶段:Improving(B); 触发:Consolidation(C); 置信度:Low,PASSED,C,data_insufficient
00700,腾讯控股,2010-08-13,STATE_UNDETERMINED,Improving,Consolidation,32.93695336858328,COST_DISADVANTAGE,Low,DATA_INSUFFICIENT,,Unknown,neutral,结构:STATE_UNDETERMINED(A/A-); 阶段:Improving(B); 触发:Consolidation(C); 置信度:Low,PASSED,C,data_insufficient
00700,腾讯控股,2010-08-20,STRUCTURAL_BOTTOM_CANDIDATE,Improving,Consolidation,32.93695336858328,COST_DISADVANTAGE,Medium,BULLISH_WARNING,55.0,Aligned,neutral,结构:STRUCTURAL_BOTTOM_CANDIDATE(A/A-); 阶段:Improving(B); 触发:Consolidation(C); 置信度:Medium,PASSED,C,fallback
00700,腾讯控股,2010-08-27,STRUCTURAL_BOTTOM_CANDIDATE,Improving,Consolidation,32.93695336858328,COST_DISADVANTAGE,Medium,BULLISH_WARNING,55.0,Aligned,neutral,结构:STRUCTURAL_BOTTOM_CANDIDATE(A/A-); 阶段:Improving(B); 触发:Consolidation(C); 置信度:Medium,PASSED,C,fallback
00700,腾讯控股,2010-09-03,STRUCTURAL_BOTTOM_CANDIDATE,Deteriorating,Consolidation,42.15851585449134,COST_DISADVANTAGE,Medium,BULLISH_WARNING,55.0,Aligned,neutral,结构:STRUCTURAL_BOTTOM_CANDIDATE(A/A-); 阶段:Deteriorating(B); 触发:Consolidation(C); 置信度:Medium,PASSED,C,fallback
00700,腾讯控股,2010-09-10,STRUCTURAL_BOTTOM_CANDIDATE,Deteriorating,Consolidation,42.15851585449134,COST_DISADVANTAGE,Medium,BULLISH_WARNING,55.0,Aligned,neutral,结构:STRUCTURAL_BOTTOM_CANDIDATE(A/A-); 阶段:Deteriorating(B); 触发:Consolidation(C); 置信度:Medium,PASSED,C,fallback
00700,腾讯控股,2010-09-17,STRUCTURAL_BOTTOM_CANDIDATE,Deteriorating,Consolidation,42.15851585449134,COST_DISADVANTAGE,Medium,BULLISH_WARNING,55.0,Aligned,neutral,结构:STRUCTURAL_BOTTOM_CANDIDATE(A/A-); 阶段:Deteriorating(B); 触发:Consolidation(C); 置信度:Medium,PASSED,C,fallback
00700,腾讯控股,2010-09-24,STRUCTURAL_BOTTOM_CANDIDATE,Deteriorating,Consolidation,42.15851585449134,COST_DISADVANTAGE,Medium,BULLISH_WARNING,55.0,Aligned,neutral,结构:STRUCTURAL_BOTTOM_CANDIDATE(A/A-); 阶段:Deteriorating(B); 触发:Consolidation(C); 置信度:Medium,PASSED,C,fallback
00700,腾讯控股,2010-10-01,STRUCTURAL_BOTTOM_CANDIDATE,Improving,Consolidation,41.738685490974106,COST_DISADVANTAGE,Medium,BULLISH_WARNING,55.0,Aligned,neutral,结构:STRUCTURAL_BOTTOM_CANDIDATE(A/A-); 阶段:Improving(B); 触发:Consolidation(C); 置信度:Medium,PASSED,C,fallback
00700,腾讯控股,2010-10-08,STRUCTURAL_BOTTOM_CANDIDATE,Improving,Consolidation,41.738685490974106,COST_DISADVANTAGE,Medium,BULLISH_WARNING,55.0,Aligned,neutral,结构:STRUCTURAL_BOTTOM_CANDIDATE(A/A-); 阶段:Improving(B); 触发:Consolidation(C); 置信度:Medium,PASSED,C,fallback
00700,腾讯控股,2010-10-15,STRUCTURAL_BOTTOM_CANDIDATE,Improving,Consolidation,41.738685490974106,COST_DISADVANTAGE,Medium,BULLISH_WARNING,55.0,Aligned,neutral,结构:STRUCTURAL_BOTTOM_CANDIDATE(A/A-); 阶段:Improving(B); 触发:Consolidation(C); 置信度:Medium,PASSED,C,fallback
00700,腾讯控股,2010-10-22,STRUCTURAL_BOTTOM_CANDIDATE,Improving,Consolidation,41.738685490974106,COST_DISADVANTAGE,Medium,BULLISH_WARNING,55.0,Aligned,neutral,结构:STRUCTURAL_BOTTOM_CANDIDATE(A/A-); 阶段:Improving(B); 触发:Consolidation(C); 置信度:Medium,PASSED,C,fallback
00700,腾讯控股,2010-10-29,STRUCTURAL_BOTTOM_CANDIDATE,Improving,Consolidation,41.738685490974106,COST_DISADVANTAGE,Medium,BULLISH_WARNING,55.0,Aligned,neutral,结构:STRUCTURAL_BOTTOM_CANDIDATE(A/A-); 阶段:Improving(B); 触发:Consolidation(C); 置信度:Medium,PASSED,C,fallback
00700,腾讯控股,2010-11-05,STRUCTURAL_BOTTOM_CANDIDATE,Improving,Consolidation,41.62129491055463,COST_DISADVANTAGE,Medium,BULLISH_WARNING,55.0,Aligned,neutral,结构:STRUCTURAL_BOTTOM_CANDIDATE(A/A-); 阶段:Improving(B); 触发:Consolidation(C); 置信度:Medium,PASSED,C,fallback
00700,腾讯控股,2010-11-12,STRUCTURAL_BOTTOM_CANDIDATE,Improving,Pullback,41.62129491055463,COST_DISADVANTAGE,Medium,BULLISH_WARNING,55.0,Aligned,neutral,结构:STRUCTURAL_BOTTOM_CANDIDATE(A/A-); 阶段:Improving(B); 触发:Pullback(C); 置信度:Medium,PASSED,C,fallback
00700,腾讯控股,2010-11-19,STRUCTURAL_ACCUMULATION,Improving,Pullback,41.62129491055463,COST_DISADVANTAGE,Medium,BULLISH_STABLE,75.0,Aligned,neutral,结构:STRUCTURAL_ACCUMULATION(A/A-); 阶段:Improving(B); 触发:Pullback(C); 置信度:Medium,PASSED,C,fallback
00700,腾讯控股,2010-11-26,STRUCTURAL_ACCUMULATION,Improving,Pullback,41.62129491055463,COST_DISADVANTAGE,Medium,BULLISH_STABLE,75.0,Aligned,neutral,结构:STRUCTURAL_ACCUMULATION(A/A-); 阶段:Improving(B); 触发:Pullback(C); 置信度:Medium,PASSED,C,fallback
00700,腾讯控股,2010-12-03,STRUCTURAL_ACCUMULATION,Stable,Pullback,26.885721676388265,COST_DISADVANTAGE,Medium,BULLISH_STABLE,75.0,Aligned,neutral,结构:STRUCTURAL_ACCUMULATION(A/A-); 阶段:Stable(B); 触发:Pullback(C); 置信度:Medium,PASSED,C,fallback
00700,腾讯控股,2010-12-10,STRUCTURAL_ACCUMULATION,Stable,Consolidation,26.885721676388265,COST_DISADVANTAGE,Medium,BULLISH_STABLE,75.0,Aligned,neutral,结构:STRUCTURAL_ACCUMULATION(A/A-); 阶段:Stable(B); 触发:Consolidation(C); 置信度:Medium,PASSED,C,fallback
00700,腾讯控股,2010-12-17,STRUCTURAL_ACCUMULATION,Stable,Pullback,26.885721676388265,COST_DISADVANTAGE,Medium,BULLISH_STABLE,75.0,Aligned,neutral,结构:STRUCTURAL_ACCUMULATION(A/A-); 阶段:Stable(B); 触发:Pullback(C); 置信度:Medium,PASSED,C,fallback
00700,腾讯控股,2010-12-24,STRUCTURAL_ACCUMULATION,Stable,Pullback,26.885721676388265,COST_DISADVANTAGE,Medium,BULLISH_STABLE,75.0,Aligned,neutral,结构:STRUCTURAL_ACCUMULATION(A/A-); 阶段:Stable(B); 触发:Pullback(C); 置信度:Medium,PASSED,C,fallback
00700,腾讯控股,2010-12-31,STRUCTURAL_ACCUMULATION,Deteriorating,Pullback,46.74613589068049,COST_DISADVANTAGE,Medium,BULLISH_STABLE,75.0,Divergence,neutral,结构:STRUCTURAL_ACCUMULATION(A/A-); 阶段:Deteriorating(B); 触发:Pullback(C); 置信度:Medium,PASSED,C,fallback
00700,腾讯控股,2011-01-07,STRUCTURAL_ACCUMULATION,Deteriorating,Consolidation,46.74613589068049,COST_DISADVANTAGE,Medium,BULLISH_STABLE,75.0,Divergence,neutral,结构:STRUCTURAL_ACCUMULATION(A/A-); 阶段:Deteriorating(B); 触发:Consolidation(C); 置信度:Medium,PASSED,C,fallback
00700,腾讯控股,2011-01-14,STRUCTURAL_ACCUMULATION,Deteriorating,Consolidation,46.74613589068049,COST_DISADVANTAGE,Medium,BULLISH_STABLE,75.0,Divergence,neutral,结构:STRUCTURAL_ACCUMULATION(A/A-); 阶段:Deteriorating(B); 触发:Consolidation(C); 置信度:Medium,PASSED,C,fallback
00700,腾讯控股,2011-01-21,STRUCTURAL_ACCUMULATION,Deteriorating,Consolidation,46.74613589068049,COST_DISADVANTAGE,Medium,BULLISH_STABLE,75.0,Divergence,neutral,结构:STRUCTURAL_ACCUMULATION(A/A-); 阶段:Deteriorating(B); 触发:Consolidation(C); 置信度:Medium,PASSED,C,fallback
00700,腾讯控股,2011-01-28,STRUCTURAL_ACCUMULATION,Deteriorating,Consolidation,46.74613589068049,COST_DISADVANTAGE,Medium,BULLISH_STABLE,75.0,Divergence,neutral,结构:STRUCTURAL_ACCUMULATION(A/A-); 阶段:Deteriorating(B); 触发:Consolidation(C); 置信度:Medium,PASSED,C,fallback
00700,腾讯控股,2011-02-04,STRUCTURAL_ACCUMULATION,Improving,Consolidation,27.623143456178493,COST_DISADVANTAGE,Medium,BULLISH_STABLE,75.0,Aligned,neutral,结构:STRUCTURAL_ACCUMULATION(A/A-); 阶段:Improving(B); 触发:Consolidation(C); 置信度:Medium,PASSED,C,matrix
00700,腾讯控股,2011-02-11,STRUCTURAL_ACCUMULATION,Improving,Consolidation,27.623143456178493,COST_DISADVANTAGE,Medium,BULLISH_STABLE,75.0,Aligned,neutral,结构:STRUCTURAL_ACCUMULATION(A/A-); 阶段:Improving(B); 触发:Consolidation(C); 置信度:Medium,PASSED,C,matrix
00700,腾讯控股,2011-02-18,STRUCTURAL_ACCUMULATION,Improving,Consolidation,27.623143456178493,COST_DISADVANTAGE,Medium,BULLISH_STABLE,75.0,Aligned,neutral,结构:STRUCTURAL_ACCUMULATION(A/A-); 阶段:Improving(B); 触发:Consolidation(C); 置信度:Medium,PASSED,B,matrix
00700,腾讯控股,2011-02-25,STRUCTURAL_ACCUMULATION,Improving,Pullback,27.623143456178493,COST_DISADVANTAGE,Medium,BULLISH_STABLE,75.0,Aligned,neutral,结构:STRUCTURAL_ACCUMULATION(A/A-); 阶段:Improving(B); 触发:Pullback(C); 置信度:Medium,PASSED,B,fallback
00700,腾讯控股,2011-03-04,STRUCTURAL_ACCUMULATION,Improving,Consolidation,21.302797559476296,COST_DISADVANTAGE,Medium,BULLISH_STABLE,75.0,Aligned,neutral,结构:STRUCTURAL_ACCUMULATION(A/A-); 阶段:Improving(B); 触发:Consolidation(C); 置信度:Medium,PASSED,B,matrix
00700,腾讯控股,2011-03-11,STRUCTURAL_ACCUMULATION,Improving,Consolidation,21.302797559476296,COST_DISADVANTAGE,Medium,BULLISH_STABLE,75.0,Aligned,neutral,结构:STRUCTURAL_ACCUMULATION(A/A-); 阶段:Improving(B); 触发:Consolidation(C); 置信度:Medium,PASSED,B,matrix
00700,腾讯控股,2011-03-18,STRUCTURAL_ACCUMULATION,Improving,Pullback,21.302797559476296,COST_DISADVANTAGE,Medium,BULLISH_STABLE,75.0,Aligned,neutral,结构:STRUCTURAL_ACCUMULATION(A/A-); 阶段:Improving(B); 触发:Pullback(C); 置信度:Medium,PASSED,B,fallback
00700,腾讯控股,2011-03-25,STRUCTURAL_ACCUMULATION,Improving,Pullback,21.302797559476296,COST_DISADVANTAGE,Medium,BULLISH_STABLE,75.0,Aligned,neutral,结构:STRUCTURAL_ACCUMULATION(A/A-); 阶段:Improving(B); 触发:Pullback(C); 置信度:Medium,PASSED,B,fallback
00700,腾讯控股,2011-04-01,STRUCTURAL_ACCUMULATION,Deteriorating,Pullback,17.173790886950286,COST_DISADVANTAGE,Medium,BULLISH_STABLE,75.0,Divergence,neutral,结构:STRUCTURAL_ACCUMULATION(A/A-); 阶段:Deteriorating(B); 触发:Pullback(C); 置信度:Medium,PASSED,B,fallback
00700,腾讯控股,2011-04-08,STRUCTURAL_ACCUMULATION,Deteriorating,Consolidation,17.173790886950286,COST_DISADVANTAGE,Medium,BULLISH_STABLE,75.0,Divergence,neutral,结构:STRUCTURAL_ACCUMULATION(A/A-); 阶段:Deteriorating(B); 触发:Consolidation(C); 置信度:Medium,PASSED,B,fallback
00700,腾讯控股,2011-04-15,STRUCTURAL_ACCUMULATION,Deteriorating,Pullback,17.173790886950286,COST_DISADVANTAGE,Medium,BULLISH_STABLE,75.0,Divergence,neutral,结构:STRUCTURAL_ACCUMULATION(A/A-); 阶段:Deteriorating(B); 触发:Pullback(C); 置信度:Medium,PASSED,B,fallback
00700,腾讯控股,2011-04-22,STRUCTURAL_ACCUMULATION,Deteriorating,Consolidation,17.173790886950286,COST_DISADVANTAGE,Medium,BULLISH_STABLE,75.0,Divergence,neutral,结构:STRUCTURAL_ACCUMULATION(A/A-); 阶段:Deteriorating(B); 触发:Consolidation(C); 置信度:Medium,PASSED,B,fallback
00700,腾讯控股,2011-04-29,STRUCTURAL_ACCUMULATION,Deteriorating,Consolidation,17.173790886950286,COST_DISADVANTAGE,Medium,BULLISH_STABLE,75.0,Divergence,neutral,结构:STRUCTURAL_ACCUMULATION(A/A-); 阶段:Deteriorating(B); 触发:Consolidation(C); 置信度:Medium,PASSED,B,fallback
00700,腾讯控股,2011-05-06,STRUCTURAL_ACCUMULATION,Improving,Consolidation,20.46104035558582,COST_DISADVANTAGE,Medium,BULLISH_STABLE,75.0,Aligned,neutral,结构:STRUCTURAL_ACCUMULATION(A/A-); 阶段:Improving(B); 触发:Consolidation(C); 置信度:Medium,PASSED,B,matrix
00700,腾讯控股,2011-05-13,STRUCTURAL_ACCUMULATION,Improving,Consolidation,20.46104035558582,COST_DISADVANTAGE,Medium,BULLISH_STABLE,75.0,Aligned,neutral,结构:STRUCTURAL_ACCUMULATION(A/A-); 阶段:Improving(B); 触发:Consolidation(C); 置信度:Medium,PASSED,B,matrix
00700,腾讯控股,2011-05-20,STRUCTURAL_DIVERGENCE,Improving,Consolidation,20.46104035558582,COST_DISADVANTAGE,Low,BULLISH_WARNING,55.0,Aligned,neutral,结构:STRUCTURAL_DIVERGENCE(A/A-); 阶段:Improving(B); 触发:Consolidation(C); 置信度:Low,PASSED,C,fallback
00700,腾讯控股,2011-05-27,STRUCTURAL_DIVERGENCE,Improving,Pullback,20.46104035558582,COST_DISADVANTAGE,Low,BULLISH_WARNING,55.0,Aligned,neutral,结构:STRUCTURAL_DIVERGENCE(A/A-); 阶段:Improving(B); 触发:Pullback(C); 置信度:Low,PASSED,C,fallback
00700,腾讯控股,2011-06-03,STRUCTURAL_DIVERGENCE,Improving,Consolidation,27.80854130015153,COST_DISADVANTAGE,Low,BULLISH_WARNING,55.0,Aligned,neutral,结构:STRUCTURAL_DIVERGENCE(A/A-); 阶段:Improving(B); 触发:Consolidation(C); 置信度:Low,PASSED,C,fallback
00700,腾讯控股,2011-06-10,STRUCTURAL_DIVERGENCE,Improving,Consolidation,27.80854130015153,COST_DISADVANTAGE,Low,BULLISH_WARNING,55.0,Aligned,neutral,结构:STRUCTURAL_DIVERGENCE(A/A-); 阶段:Improving(B); 触发:Consolidation(C); 置信度:Low,PASSED,C,fallback
00700,腾讯控股,2011-06-17,STRUCTURAL_DIVERGENCE,Improving,Consolidation,27.80854130015153,COST_DISADVANTAGE,Low,BULLISH_WARNING,55.0,Aligned,neutral,结构:STRUCTURAL_DIVERGENCE(A/A-); 阶段:Improving(B); 触发:Consolidation(C); 置信度:Low,PASSED,C,fallback
00700,腾讯控股,2011-06-24,STRUCTURAL_DIVERGENCE,Improving,Consolidation,27.80854130015153,COST_DISADVANTAGE,Low,BULLISH_WARNING,55.0,Aligned,neutral,结构:STRUCTURAL_DIVERGENCE(A/A-); 阶段:Improving(B); 触发:Consolidation(C); 置信度:Low,PASSED,C,fallback
00700,腾讯控股,2011-07-01,STRUCTURAL_DIVERGENCE,Stable,Consolidation,26.41383756079287,COST_DISADVANTAGE,Low,BULLISH_WARNING,55.0,Aligned,neutral,结构:STRUCTURAL_DIVERGENCE(A/A-); 阶段:Stable(B); 触发:Consolidation(C); 置信度:Low,PASSED,C,fallback
00700,腾讯控股,2011-07-08,STRUCTURAL_DIVERGENCE,Stable,Consolidation,26.41383756079287,COST_DISADVANTAGE,Low,BULLISH_WARNING,55.0,Aligned,neutral,结构:STRUCTURAL_DIVERGENCE(A/A-); 阶段:Stable(B); 触发:Consolidation(C); 置信度:Low,PASSED,C,fallback
00700,腾讯控股,2011-07-15,STRUCTURAL_DIVERGENCE,Stable,Consolidation,26.41383756079287,COST_DISADVANTAGE,Low,BULLISH_WARNING,55.0,Aligned,neutral,结构:STRUCTURAL_DIVERGENCE(A/A-); 阶段:Stable(B); 触发:Consolidation(C); 置信度:Low,PASSED,C,fallback
00700,腾讯控股,2011-07-22,STRUCTURAL_DIVERGENCE,Stable,Consolidation,26.41383756079287,COST_DISADVANTAGE,Low,BULLISH_WARNING,55.0,Aligned,neutral,结构:STRUCTURAL_DIVERGENCE(A/A-); 阶段:Stable(B); 触发:Consolidation(C); 置信度:Low,PASSED,C,fallback
00700,腾讯控股,2011-07-29,STRUCTURAL_DIVERGENCE,Stable,Consolidation,26.41383756079287,COST_DISADVANTAGE,Low,BULLISH_WARNING,55.0,Aligned,neutral,结构:STRUCTURAL_DIVERGENCE(A/A-); 阶段:Stable(B); 触发:Consolidation(C); 置信度:Low,PASSED,C,fallback
00700,腾讯控股,2011-08-05,STRUCTURAL_DIVERGENCE,Deteriorating,Consolidation,48.2424311307187,COST_DISADVANTAGE,Low,BULLISH_WARNING,55.0,Aligned,neutral,结构:STRUCTURAL_DIVERGENCE(A/A-); 阶段:Deteriorating(B); 触发:Consolidation(C); 置信度:Low,PASSED,C,fallback
00700,腾讯控股,2011-08-12,STRUCTURAL_DIVERGENCE,Deteriorating,Breakdown,48.2424311307187,COST_DISADVANTAGE,Low,BULLISH_WARNING,55.0,Aligned,neutral,结构:STRUCTURAL_DIVERGENCE(A/A-); 阶段:Deteriorating(B); 触发:Breakdown(C); 置信度:Low,PASSED,C,matrix
00700,腾讯控股,2011-08-19,STRUCTURAL_DIVERGENCE,Deteriorating,Breakdown,48.2424311307187,COST_DISADVANTAGE,Medium,BULLISH_WARNING,55.0,Aligned,neutral,结构:STRUCTURAL_DIVERGENCE(A/A-); 阶段:Deteriorating(B); 触发:Breakdown(C); 置信度:Medium,PASSED,B,matrix
00700,腾讯控股,2011-08-26,STRUCTURAL_DIVERGENCE,Deteriorating,Consolidation,48.2424311307187,COST_DISADVANTAGE,Medium,BULLISH_WARNING,55.0,Aligned,neutral,结构:STRUCTURAL_DIVERGENCE(A/A-); 阶段:Deteriorating(B); 触发:Consolidation(C); 置信度:Medium,PASSED,B,fallback
00700,腾讯控股,2011-09-02,STRUCTURAL_DIVERGENCE,Deteriorating,Consolidation,22.064593940916346,COST_DISADVANTAGE,Medium,BULLISH_WARNING,55.0,Aligned,neutral,结构:STRUCTURAL_DIVERGENCE(A/A-); 阶段:Deteriorating(B); 触发:Consolidation(C); 置信度:Medium,PASSED,B,fallback
00700,腾讯控股,2011-09-09,STRUCTURAL_DIVERGENCE,Deteriorating,Consolidation,22.064593940916346,COST_DISADVANTAGE,Medium,BULLISH_WARNING,55.0,Aligned,neutral,结构:STRUCTURAL_DIVERGENCE(A/A-); 阶段:Deteriorating(B); 触发:Consolidation(C); 置信度:Medium,PASSED,B,fallback
00700,腾讯控股,2011-09-16,STRUCTURAL_DIVERGENCE,Deteriorating,Consolidation,22.064593940916346,COST_DISADVANTAGE,Medium,BULLISH_WARNING,55.0,Aligned,neutral,结构:STRUCTURAL_DIVERGENCE(A/A-); 阶段:Deteriorating(B); 触发:Consolidation(C); 置信度:Medium,PASSED,B,fallback
00700,腾讯控股,2011-09-23,STRUCTURAL_DIVERGENCE,Deteriorating,Breakdown,22.064593940916346,COST_DISADVANTAGE,Medium,BULLISH_WARNING,55.0,Aligned,neutral,结构:STRUCTURAL_DIVERGENCE(A/A-); 阶段:Deteriorating(B); 触发:Breakdown(C); 置信度:Medium,PASSED,B,matrix
00700,腾讯控股,2011-09-30,STRUCTURAL_DIVERGENCE,Stable,Consolidation,26.5874733624658,COST_DISADVANTAGE,Medium,BULLISH_WARNING,55.0,Aligned,neutral,结构:STRUCTURAL_DIVERGENCE(A/A-); 阶段:Stable(B); 触发:Consolidation(C); 置信度:Medium,PASSED,B,fallback
00700,腾讯控股,2011-10-07,STRUCTURAL_DIVERGENCE,Stable,Consolidation,26.5874733624658,COST_DISADVANTAGE,Medium,BULLISH_WARNING,55.0,Aligned,neutral,结构:STRUCTURAL_DIVERGENCE(A/A-); 阶段:Stable(B); 触发:Consolidation(C); 置信度:Medium,PASSED,B,fallback
00700,腾讯控股,2011-10-14,STRUCTURAL_DIVERGENCE,Stable,Consolidation,26.5874733624658,COST_DISADVANTAGE,Medium,BULLISH_WARNING,55.0,Aligned,neutral,结构:STRUCTURAL_DIVERGENCE(A/A-); 阶段:Stable(B); 触发:Consolidation(C); 置信度:Medium,PASSED,B,fallback
00700,腾讯控股,2011-10-21,STRUCTURAL_DIVERGENCE,Stable,Consolidation,26.5874733624658,COST_DISADVANTAGE,Medium,BULLISH_WARNING,55.0,Aligned,neutral,结构:STRUCTURAL_DIVERGENCE(A/A-); 阶段:Stable(B); 触发:Consolidation(C); 置信度:Medium,PASSED,B,fallback
00700,腾讯控股,2011-10-28,STRUCTURAL_DIVERGENCE,Stable,Consolidation,26.5874733624658,COST_DISADVANTAGE,Medium,BULLISH_WARNING,55.0,Aligned,neutral,结构:STRUCTURAL_DIVERGENCE(A/A-); 阶段:Stable(B); 触发:Consolidation(C); 置信度:Medium,PASSED,B,fallback
00700,腾讯控股,2011-11-04,STRUCTURAL_DIVERGENCE,Improving,Consolidation,32.79340605040148,COST_DISADVANTAGE,Medium,BULLISH_WARNING,55.0,Aligned,neutral,结构:STRUCTURAL_DIVERGENCE(A/A-); 阶段:Improving(B); 触发:Consolidation(C); 置信度:Medium,PASSED,B,fallback
00700,腾讯控股,2011-11-11,STRUCTURAL_DIVERGENCE,Improving,Consolidation,32.79340605040148,COST_DISADVANTAGE,Medium,BULLISH_WARNING,55.0,Aligned,neutral,结构:STRUCTURAL_DIVERGENCE(A/A-); 阶段:Improving(B); 触发:Consolidation(C); 置信度:Medium,PASSED,B,fallback
00700,腾讯控股,2011-11-18,STRUCTURAL_BOTTOM_CANDIDATE,Improving,Consolidation,32.79340605040148,COST_DISADVANTAGE,Medium,BULLISH_WARNING,55.0,Aligned,neutral,结构:STRUCTURAL_BOTTOM_CANDIDATE(A/A-); 阶段:Improving(B); 触发:Consolidation(C); 置信度:Medium,PASSED,C,fallback
00700,腾讯控股,2011-11-25,STRUCTURAL_BOTTOM_CANDIDATE,Improving,Consolidation,32.79340605040148,COST_DISADVANTAGE,Medium,BULLISH_WARNING,55.0,Aligned,neutral,结构:STRUCTURAL_BOTTOM_CANDIDATE(A/A-); 阶段:Improving(B); 触发:Consolidation(C); 置信度:Medium,PASSED,C,fallback
00700,腾讯控股,2011-12-02,STRUCTURAL_BOTTOM_CANDIDATE,Deteriorating,Consolidation,23.867562813423923,COST_DISADVANTAGE,Medium,BULLISH_WARNING,55.0,Aligned,neutral,结构:STRUCTURAL_BOTTOM_CANDIDATE(A/A-); 阶段:Deteriorating(B); 触发:Consolidation(C); 置信度:Medium,PASSED,C,fallback
00700,腾讯控股,2011-12-09,STRUCTURAL_BOTTOM_CANDIDATE,Deteriorating,Consolidation,23.867562813423923,COST_DISADVANTAGE,Medium,BULLISH_WARNING,55.0,Aligned,neutral,结构:STRUCTURAL_BOTTOM_CANDIDATE(A/A-); 阶段:Deteriorating(B); 触发:Consolidation(C); 置信度:Medium,PASSED,C,fallback
00700,腾讯控股,2011-12-16,STRUCTURAL_BOTTOM_CANDIDATE,Deteriorating,Consolidation,23.867562813423923,COST_DISADVANTAGE,Medium,BULLISH_WARNING,55.0,Aligned,neutral,结构:STRUCTURAL_BOTTOM_CANDIDATE(A/A-); 阶段:Deteriorating(B); 触发:Consolidation(C); 置信度:Medium,PASSED,C,fallback
00700,腾讯控股,2011-12-23,STRUCTURAL_BOTTOM_CANDIDATE,Deteriorating,Consolidation,23.867562813423923,COST_DISADVANTAGE,Medium,BULLISH_WARNING,55.0,Aligned,neutral,结构:STRUCTURAL_BOTTOM_CANDIDATE(A/A-); 阶段:Deteriorating(B); 触发:Consolidation(C); 置信度:Medium,PASSED,C,fallback
00700,腾讯控股,2011-12-30,STRUCTURAL_BOTTOM_CANDIDATE,Deteriorating,Consolidation,23.867562813423923,COST_DISADVANTAGE,Medium,BULLISH_WARNING,55.0,Aligned,neutral,结构:STRUCTURAL_BOTTOM_CANDIDATE(A/A-); 阶段:Deteriorating(B); 触发:Consolidation(C); 置信度:Medium,PASSED,C,fallback
00700,腾讯控股,2012-01-06,STRUCTURAL_BOTTOM_CANDIDATE,Improving,Consolidation,48.29787808951039,COST_DISADVANTAGE,Medium,BULLISH_WARNING,55.0,Aligned,neutral,结构:STRUCTURAL_BOTTOM_CANDIDATE(A/A-); 阶段:Improving(B); 触发:Consolidation(C); 置信度:Medium,PASSED,C,fallback
00700,腾讯控股,2012-01-13,STRUCTURAL_BOTTOM_CANDIDATE,Improving,Consolidation,48.29787808951039,COST_DISADVANTAGE,Medium,BULLISH_WARNING,55.0,Aligned,neutral,结构:STRUCTURAL_BOTTOM_CANDIDATE(A/A-); 阶段:Improving(B); 触发:Consolidation(C); 置信度:Medium,PASSED,C,fallback
00700,腾讯控股,2012-01-20,STRUCTURAL_BOTTOM_CANDIDATE,Improving,Consolidation,48.29787808951039,COST_DISADVANTAGE,Medium,BULLISH_WARNING,55.0,Aligned,neutral,结构:STRUCTURAL_BOTTOM_CANDIDATE(A/A-); 阶段:Improving(B); 触发:Consolidation(C); 置信度:Medium,PASSED,C,fallback
00700,腾讯控股,2012-01-27,STRUCTURAL_BOTTOM_CANDIDATE,Improving,Consolidation,48.29787808951039,COST_DISADVANTAGE,Medium,BULLISH_WARNING,55.0,Aligned,neutral,结构:STRUCTURAL_BOTTOM_CANDIDATE(A/A-); 阶段:Improving(B); 触发:Consolidation(C); 置信度:Medium,PASSED,C,fallback
00700,腾讯控股,2012-02-03,STRUCTURAL_BOTTOM_CANDIDATE,Improving,Consolidation,37.265336222503585,COST_DISADVANTAGE,Medium,BULLISH_WARNING,55.0,Aligned,neutral,结构:STRUCTURAL_BOTTOM_CANDIDATE(A/A-); 阶段:Improving(B); 触发:Consolidation(C); 置信度:Medium,PASSED,C,fallback
00700,腾讯控股,2012-02-10,STRUCTURAL_BOTTOM_CANDIDATE,Improving,Consolidation,37.265336222503585,COST_DISADVANTAGE,Medium,BULLISH_WARNING,55.0,Aligned,neutral,结构:STRUCTURAL_BOTTOM_CANDIDATE(A/A-); 阶段:Improving(B); 触发:Consolidation(C); 置信度:Medium,PASSED,C,fallback
00700,腾讯控股,2012-02-17,STRUCTURAL_DECLINE,Improving,Consolidation,37.265336222503585,COST_DISADVANTAGE,Low,BEARISH_CONFIRMED,20.0,Divergence,neutral,结构:STRUCTURAL_DECLINE(A/A-); 阶段:Improving(B); 触发:Consolidation(C); 置信度:Low,PASSED,C,fallback
00700,腾讯控股,2012-02-24,STRUCTURAL_DECLINE,Improving,Consolidation,37.265336222503585,COST_DISADVANTAGE,Low,BEARISH_CONFIRMED,20.0,Divergence,neutral,结构:STRUCTURAL_DECLINE(A/A-); 阶段:Improving(B); 触发:Consolidation(C); 置信度:Low,PASSED,C,fallback
00700,腾讯控股,2012-03-02,STRUCTURAL_DECLINE,Improving,Consolidation,47.06920937571424,COST_DISADVANTAGE,Low,BEARISH_CONFIRMED,20.0,Divergence,neutral,结构:STRUCTURAL_DECLINE(A/A-); 阶段:Improving(B); 触发:Consolidation(C); 置信度:Low,PASSED,C,fallback
00700,腾讯控股,2012-03-09,STRUCTURAL_DECLINE,Improving,Consolidation,47.06920937571424,COST_DISADVANTAGE,Low,BEARISH_CONFIRMED,20.0,Divergence,neutral,结构:STRUCTURAL_DECLINE(A/A-); 阶段:Improving(B); 触发:Consolidation(C); 置信度:Low,PASSED,C,fallback
00700,腾讯控股,2012-03-16,STRUCTURAL_DECLINE,Improving,Consolidation,47.06920937571424,COST_DISADVANTAGE,Low,BEARISH_CONFIRMED,20.0,Divergence,neutral,结构:STRUCTURAL_DECLINE(A/A-); 阶段:Improving(B); 触发:Consolidation(C); 置信度:Low,PASSED,C,fallback
00700,腾讯控股,2012-03-23,STRUCTURAL_DECLINE,Improving,Consolidation,47.06920937571424,COST_DISADVANTAGE,Low,BEARISH_CONFIRMED,20.0,Divergence,neutral,结构:STRUCTURAL_DECLINE(A/A-); 阶段:Improving(B); 触发:Consolidation(C); 置信度:Low,PASSED,C,fallback
00700,腾讯控股,2012-03-30,STRUCTURAL_DECLINE,Improving,Consolidation,47.06920937571424,COST_DISADVANTAGE,Low,BEARISH_CONFIRMED,20.0,Divergence,neutral,结构:STRUCTURAL_DECLINE(A/A-); 阶段:Improving(B); 触发:Consolidation(C); 置信度:Low,PASSED,C,fallback
00700,腾讯控股,2012-04-06,STRUCTURAL_DECLINE,Improving,Consolidation,44.189283434581974,COST_DISADVANTAGE,Low,BEARISH_CONFIRMED,20.0,Divergence,neutral,结构:STRUCTURAL_DECLINE(A/A-); 阶段:Improving(B); 触发:Consolidation(C); 置信度:Low,PASSED,C,fallback
00700,腾讯控股,2012-04-13,STRUCTURAL_DECLINE,Improving,Consolidation,44.189283434581974,COST_DISADVANTAGE,Low,BEARISH_CONFIRMED,20.0,Divergence,neutral,结构:STRUCTURAL_DECLINE(A/A-); 阶段:Improving(B); 触发:Consolidation(C); 置信度:Low,PASSED,C,fallback
00700,腾讯控股,2012-04-20,STRUCTURAL_DECLINE,Improving,Consolidation,44.189283434581974,COST_DISADVANTAGE,Low,BEARISH_CONFIRMED,20.0,Divergence,neutral,结构:STRUCTURAL_DECLINE(A/A-); 阶段:Improving(B); 触发:Consolidation(C); 置信度:Low,PASSED,C,fallback
00700,腾讯控股,2012-04-27,STRUCTURAL_DECLINE,Improving,Consolidation,44.189283434581974,COST_DISADVANTAGE,Low,BEARISH_CONFIRMED,20.0,Divergence,neutral,结构:STRUCTURAL_DECLINE(A/A-); 阶段:Improving(B); 触发:Consolidation(C); 置信度:Low,PASSED,C,fallback
00700,腾讯控股,2012-05-04,STRUCTURAL_DECLINE,Improving,Consolidation,49.31935342626106,COST_DISADVANTAGE,Low,BEARISH_CONFIRMED,20.0,Divergence,neutral,结构:STRUCTURAL_DECLINE(A/A-); 阶段:Improving(B); 触发:Consolidation(C); 置信度:Low,PASSED,C,fallback
00700,腾讯控股,2012-05-11,STRUCTURAL_DECLINE,Improving,Pullback,49.31935342626106,COST_DISADVANTAGE,Low,BEARISH_CONFIRMED,20.0,Divergence,neutral,结构:STRUCTURAL_DECLINE(A/A-); 阶段:Improving(B); 触发:Pullback(C); 置信度:Low,PASSED,C,fallback
00700,腾讯控股,2012-05-18,STRUCTURAL_DECLINE,Improving,Pullback,49.31935342626106,COST_DISADVANTAGE,Medium,BEARISH_CONFIRMED,20.0,Divergence,neutral,结构:STRUCTURAL_DECLINE(A/A-); 阶段:Improving(B); 触发:Pullback(C); 置信度:Medium,PASSED,B,fallback
00700,腾讯控股,2012-05-25,STRUCTURAL_DECLINE,Improving,Pullback,49.31935342626106,COST_DISADVANTAGE,Medium,BEARISH_CONFIRMED,20.0,Divergence,neutral,结构:STRUCTURAL_DECLINE(A/A-); 阶段:Improving(B); 触发:Pullback(C); 置信度:Medium,PASSED,B,fallback
00700,腾讯控股,2012-06-01,STRUCTURAL_DECLINE,Deteriorating,Pullback,35.33310713320485,COST_DISADVANTAGE,Low,BEARISH_CONFIRMED,20.0,Aligned,neutral,结构:STRUCTURAL_DECLINE(A/A-); 阶段:Deteriorating(B); 触发:Pullback(C); 置信度:Low,PASSED,B,fallback
00700,腾讯控股,2012-06-08,STRUCTURAL_DECLINE,Deteriorating,Consolidation,35.33310713320485,COST_DISADVANTAGE,Low,BEARISH_CONFIRMED,20.0,Aligned,neutral,结构:STRUCTURAL_DECLINE(A/A-); 阶段:Deteriorating(B); 触发:Consolidation(C); 置信度:Low,PASSED,B,fallback
00700,腾讯控股,2012-06-15,STRUCTURAL_DECLINE,Deteriorating,Consolidation,35.33310713320485,COST_DISADVANTAGE,Low,BEARISH_CONFIRMED,20.0,Aligned,neutral,结构:STRUCTURAL_DECLINE(A/A-); 阶段:Deteriorating(B); 触发:Consolidation(C); 置信度:Low,PASSED,B,fallback
00700,腾讯控股,2012-06-22,STRUCTURAL_DECLINE,Deteriorating,Pullback,35.33310713320485,COST_DISADVANTAGE,Low,BEARISH_CONFIRMED,20.0,Aligned,neutral,结构:STRUCTURAL_DECLINE(A/A-); 阶段:Deteriorating(B); 触发:Pullback(C); 置信度:Low,PASSED,B,fallback
00700,腾讯控股,2012-06-29,STRUCTURAL_DECLINE,Deteriorating,Consolidation,35.33310713320485,COST_DISADVANTAGE,Low,BEARISH_CONFIRMED,20.0,Aligned,neutral,结构:STRUCTURAL_DECLINE(A/A-); 阶段:Deteriorating(B); 触发:Consolidation(C); 置信度:Low,PASSED,B,fallback
00700,腾讯控股,2012-07-06,STRUCTURAL_DECLINE,Improving,Consolidation,46.17465562593903,COST_DISADVANTAGE,Medium,BEARISH_CONFIRMED,20.0,Divergence,neutral,结构:STRUCTURAL_DECLINE(A/A-); 阶段:Improving(B); 触发:Consolidation(C); 置信度:Medium,PASSED,B,fallback
00700,腾讯控股,2012-07-13,STRUCTURAL_DECLINE,Improving,Pullback,46.17465562593903,COST_DISADVANTAGE,Medium,BEARISH_CONFIRMED,20.0,Divergence,neutral,结构:STRUCTURAL_DECLINE(A/A-); 阶段:Improving(B); 触发:Pullback(C); 置信度:Medium,PASSED,B,fallback
00700,腾讯控股,2012-07-20,STRUCTURAL_DECLINE,Improving,Consolidation,46.17465562593903,COST_DISADVANTAGE,Medium,BEARISH_CONFIRMED,20.0,Divergence,neutral,结构:STRUCTURAL_DECLINE(A/A-); 阶段:Improving(B); 触发:Consolidation(C); 置信度:Medium,PASSED,B,fallback
00700,腾讯控股,2012-07-27,STRUCTURAL_DECLINE,Improving,Consolidation,46.17465562593903,COST_DISADVANTAGE,Medium,BEARISH_CONFIRMED,20.0,Divergence,neutral,结构:STRUCTURAL_DECLINE(A/A-); 阶段:Improving(B); 触发:Consolidation(C); 置信度:Medium,PASSED,B,fallback
00700,腾讯控股,2012-08-03,STRUCTURAL_DECLINE,Improving,Consolidation,54.787880689517614,COST_DISADVANTAGE,Medium,BEARISH_CONFIRMED,20.0,Divergence,neutral,结构:STRUCTURAL_DECLINE(A/A-); 阶段:Improving(B); 触发:Consolidation(C); 置信度:Medium,PASSED,B,fallback
00700,腾讯控股,2012-08-10,STRUCTURAL_DECLINE,Improving,Consolidation,54.787880689517614,COST_DISADVANTAGE,Medium,BEARISH_CONFIRMED,20.0,Divergence,neutral,结构:STRUCTURAL_DECLINE(A/A-); 阶段:Improving(B); 触发:Consolidation(C); 置信度:Medium,PASSED,B,fallback
00700,腾讯控股,2012-08-17,STRUCTURAL_DIVERGENCE,Improving,Consolidation,54.787880689517614,COST_DISADVANTAGE,Low,BULLISH_WARNING,55.0,Aligned,neutral,结构:STRUCTURAL_DIVERGENCE(A/A-); 阶段:Improving(B); 触发:Consolidation(C); 置信度:Low,PASSED,C,fallback
00700,腾讯控股,2012-08-24,STRUCTURAL_DIVERGENCE,Improving,Consolidation,54.787880689517614,COST_DISADVANTAGE,Low,BULLISH_WARNING,55.0,Aligned,neutral,结构:STRUCTURAL_DIVERGENCE(A/A-); 阶段:Improving(B); 触发:Consolidation(C); 置信度:Low,PASSED,C,fallback
00700,腾讯控股,2012-08-31,STRUCTURAL_DIVERGENCE,Improving,Pullback,49.32062529131479,COST_DISADVANTAGE,Low,BULLISH_WARNING,55.0,Aligned,neutral,结构:STRUCTURAL_DIVERGENCE(A/A-); 阶段:Improving(B); 触发:Pullback(C); 置信度:Low,PASSED,C,fallback
00700,腾讯控股,2012-09-07,STRUCTURAL_DIVERGENCE,Improving,Consolidation,49.32062529131479,COST_DISADVANTAGE,Low,BULLISH_WARNING,55.0,Aligned,neutral,结构:STRUCTURAL_DIVERGENCE(A/A-); 阶段:Improving(B); 触发:Consolidation(C); 置信度:Low,PASSED,C,fallback
00700,腾讯控股,2012-09-14,STRUCTURAL_DIVERGENCE,Improving,Consolidation,49.32062529131479,COST_DISADVANTAGE,Low,BULLISH_WARNING,55.0,Aligned,neutral,结构:STRUCTURAL_DIVERGENCE(A/A-); 阶段:Improving(B); 触发:Consolidation(C); 置信度:Low,PASSED,C,fallback
00700,腾讯控股,2012-09-21,STRUCTURAL_DIVERGENCE,Improving,Consolidation,49.32062529131479,COST_DISADVANTAGE,Low,BULLISH_WARNING,55.0,Aligned,neutral,结构:STRUCTURAL_DIVERGENCE(A/A-); 阶段:Improving(B); 触发:Consolidation(C); 置信度:Low,PASSED,C,fallback
00700,腾讯控股,2012-09-28,STRUCTURAL_DIVERGENCE,Improving,Consolidation,49.32062529131479,COST_DISADVANTAGE,Low,BULLISH_WARNING,55.0,Aligned,neutral,结构:STRUCTURAL_DIVERGENCE(A/A-); 阶段:Improving(B); 触发:Consolidation(C); 置信度:Low,PASSED,C,fallback
00700,腾讯控股,2012-10-05,STRUCTURAL_DIVERGENCE,Improving,Consolidation,59.86288080700713,COST_DISADVANTAGE,Low,BULLISH_WARNING,55.0,Aligned,neutral,结构:STRUCTURAL_DIVERGENCE(A/A-); 阶段:Improving(B); 触发:Consolidation(C); 置信度:Low,PASSED,C,fallback
00700,腾讯控股,2012-10-12,STRUCTURAL_DIVERGENCE,Improving,Consolidation,59.86288080700713,COST_DISADVANTAGE,Low,BULLISH_WARNING,55.0,Aligned,neutral,结构:STRUCTURAL_DIVERGENCE(A/A-); 阶段:Improving(B); 触发:Consolidation(C); 置信度:Low,PASSED,C,fallback
00700,腾讯控股,2012-10-19,STRUCTURAL_DIVERGENCE,Improving,Consolidation,59.86288080700713,COST_DISADVANTAGE,Low,BULLISH_WARNING,55.0,Aligned,neutral,结构:STRUCTURAL_DIVERGENCE(A/A-); 阶段:Improving(B); 触发:Consolidation(C); 置信度:Low,PASSED,C,fallback
00700,腾讯控股,2012-10-26,STRUCTURAL_DIVERGENCE,Improving,Consolidation,59.86288080700713,COST_DISADVANTAGE,Low,BULLISH_WARNING,55.0,Aligned,neutral,结构:STRUCTURAL_DIVERGENCE(A/A-); 阶段:Improving(B); 触发:Consolidation(C); 置信度:Low,PASSED,C,fallback
00700,腾讯控股,2012-11-02,STRUCTURAL_DIVERGENCE,Improving,Consolidation,57.64560543549239,COST_DISADVANTAGE,Low,BULLISH_WARNING,55.0,Aligned,neutral,结构:STRUCTURAL_DIVERGENCE(A/A-); 阶段:Improving(B); 触发:Consolidation(C); 置信度:Low,PASSED,C,fallback
00700,腾讯控股,2012-11-09,STRUCTURAL_DIVERGENCE,Improving,Pullback,57.64560543549239,COST_DISADVANTAGE,Low,BULLISH_WARNING,55.0,Aligned,neutral,结构:STRUCTURAL_DIVERGENCE(A/A-); 阶段:Improving(B); 触发:Pullback(C); 置信度:Low,PASSED,C,fallback
00700,腾讯控股,2012-11-16,STRUCTURAL_DIVERGENCE,Improving,Consolidation,57.64560543549239,COST_DISADVANTAGE,Medium,BULLISH_WARNING,55.0,Aligned,neutral,结构:STRUCTURAL_DIVERGENCE(A/A-); 阶段:Improving(B); 触发:Consolidation(C); 置信度:Medium,PASSED,B,fallback
00700,腾讯控股,2012-11-23,STRUCTURAL_DIVERGENCE,Improving,Pullback,57.64560543549239,COST_DISADVANTAGE,Medium,BULLISH_WARNING,55.0,Aligned,neutral,结构:STRUCTURAL_DIVERGENCE(A/A-); 阶段:Improving(B); 触发:Pullback(C); 置信度:Medium,PASSED,B,fallback
00700,腾讯控股,2012-11-30,STRUCTURAL_DIVERGENCE,Deteriorating,Pullback,39.72095745274306,COST_DISADVANTAGE,Low,BULLISH_WARNING,55.0,Aligned,neutral,结构:STRUCTURAL_DIVERGENCE(A/A-); 阶段:Deteriorating(B); 触发:Pullback(C); 置信度:Low,PASSED,B,fallback
00700,腾讯控股,2012-12-07,STRUCTURAL_DIVERGENCE,Deteriorating,Pullback,39.72095745274306,COST_DISADVANTAGE,Low,BULLISH_WARNING,55.0,Aligned,neutral,结构:STRUCTURAL_DIVERGENCE(A/A-); 阶段:Deteriorating(B); 触发:Pullback(C); 置信度:Low,PASSED,B,fallback
00700,腾讯控股,2012-12-14,STRUCTURAL_DIVERGENCE,Deteriorating,Pullback,39.72095745274306,COST_DISADVANTAGE,Low,BULLISH_WARNING,55.0,Aligned,neutral,结构:STRUCTURAL_DIVERGENCE(A/A-); 阶段:Deteriorating(B); 触发:Pullback(C); 置信度:Low,PASSED,B,fallback
00700,腾讯控股,2012-12-21,STRUCTURAL_DIVERGENCE,Deteriorating,Consolidation,39.72095745274306,COST_DISADVANTAGE,Low,BULLISH_WARNING,55.0,Aligned,neutral,结构:STRUCTURAL_DIVERGENCE(A/A-); 阶段:Deteriorating(B); 触发:Consolidation(C); 置信度:Low,PASSED,B,fallback
00700,腾讯控股,2012-12-28,STRUCTURAL_DIVERGENCE,Deteriorating,Consolidation,39.72095745274306,COST_DISADVANTAGE,Low,BULLISH_WARNING,55.0,Aligned,neutral,结构:STRUCTURAL_DIVERGENCE(A/A-); 阶段:Deteriorating(B); 触发:Consolidation(C); 置信度:Low,PASSED,B,fallback
00700,腾讯控股,2013-01-04,STRUCTURAL_DIVERGENCE,Stable,Consolidation,64.09313089901755,COST_DISADVANTAGE,Medium,BULLISH_WARNING,55.0,Aligned,neutral,结构:STRUCTURAL_DIVERGENCE(A/A-); 阶段:Stable(B); 触发:Consolidation(C); 置信度:Medium,PASSED,B,fallback
00700,腾讯控股,2013-01-11,STRUCTURAL_DIVERGENCE,Stable,Consolidation,64.09313089901755,COST_DISADVANTAGE,Medium,BULLISH_WARNING,55.0,Aligned,neutral,结构:STRUCTURAL_DIVERGENCE(A/A-); 阶段:Stable(B); 触发:Consolidation(C); 置信度:Medium,PASSED,B,fallback
00700,腾讯控股,2013-01-18,STRUCTURAL_DIVERGENCE,Stable,Consolidation,64.09313089901755,COST_DISADVANTAGE,Medium,BULLISH_WARNING,55.0,Aligned,neutral,结构:STRUCTURAL_DIVERGENCE(A/A-); 阶段:Stable(B); 触发:Consolidation(C); 置信度:Medium,PASSED,B,fallback
00700,腾讯控股,2013-01-25,STRUCTURAL_DIVERGENCE,Stable,Consolidation,64.09313089901755,COST_DISADVANTAGE,Medium,BULLISH_WARNING,55.0,Aligned,neutral,结构:STRUCTURAL_DIVERGENCE(A/A-); 阶段:Stable(B); 触发:Consolidation(C); 置信度:Medium,PASSED,B,fallback
00700,腾讯控股,2013-02-01,STRUCTURAL_DIVERGENCE,Stable,Consolidation,57.098240894161165,COST_DISADVANTAGE,Low,BULLISH_WARNING,55.0,Aligned,neutral,结构:STRUCTURAL_DIVERGENCE(A/A-); 阶段:Stable(B); 触发:Consolidation(C); 置信度:Low,PASSED,B,fallback
00700,腾讯控股,2013-02-08,STRUCTURAL_DIVERGENCE,Stable,Consolidation,57.098240894161165,COST_DISADVANTAGE,Low,BULLISH_WARNING,55.0,Aligned,neutral,结构:STRUCTURAL_DIVERGENCE(A/A-); 阶段:Stable(B); 触发:Consolidation(C); 置信度:Low,PASSED,B,fallback
00700,腾讯控股,2013-02-15,STRUCTURAL_DECLINE,Stable,Consolidation,57.098240894161165,COST_DISADVANTAGE,Low,BEARISH_CONFIRMED,20.0,Aligned,neutral,结构:STRUCTURAL_DECLINE(A/A-); 阶段:Stable(B); 触发:Consolidation(C); 置信度:Low,PASSED,C,fallback
00700,腾讯控股,2013-02-22,STRUCTURAL_DECLINE,Stable,Pullback,57.098240894161165,COST_DISADVANTAGE,Low,BEARISH_CONFIRMED,20.0,Aligned,neutral,结构:STRUCTURAL_DECLINE(A/A-); 阶段:Stable(B); 触发:Pullback(C); 置信度:Low,PASSED,C,fallback
00700,腾讯控股,2013-03-01,STRUCTURAL_DECLINE,Deteriorating,Consolidation,71.97194428545762,COST_DISADVANTAGE,Low,BEARISH_CONFIRMED,20.0,Aligned,neutral,结构:STRUCTURAL_DECLINE(A/A-); 阶段:Deteriorating(B); 触发:Consolidation(C); 置信度:Low,PASSED,C,fallback
00700,腾讯控股,2013-03-08,STRUCTURAL_DECLINE,Deteriorating,Consolidation,71.97194428545762,COST_DISADVANTAGE,Low,BEARISH_CONFIRMED,20.0,Aligned,neutral,结构:STRUCTURAL_DECLINE(A/A-); 阶段:Deteriorating(B); 触发:Consolidation(C); 置信度:Low,PASSED,C,fallback
00700,腾讯控股,2013-03-15,STRUCTURAL_DECLINE,Deteriorating,Consolidation,71.97194428545762,COST_DISADVANTAGE,Low,BEARISH_CONFIRMED,20.0,Aligned,neutral,结构:STRUCTURAL_DECLINE(A/A-); 阶段:Deteriorating(B); 触发:Consolidation(C); 置信度:Low,PASSED,C,fallback
00700,腾讯控股,2013-03-22,STRUCTURAL_DECLINE,Deteriorating,Consolidation,71.97194428545762,COST_DISADVANTAGE,Low,BEARISH_CONFIRMED,20.0,Aligned,neutral,结构:STRUCTURAL_DECLINE(A/A-); 阶段:Deteriorating(B); 触发:Consolidation(C); 置信度:Low,PASSED,C,fallback
00700,腾讯控股,2013-03-29,STRUCTURAL_DECLINE,Deteriorating,Consolidation,71.97194428545762,COST_DISADVANTAGE,Low,BEARISH_CONFIRMED,20.0,Aligned,neutral,结构:STRUCTURAL_DECLINE(A/A-); 阶段:Deteriorating(B); 触发:Consolidation(C); 置信度:Low,PASSED,C,fallback
00700,腾讯控股,2013-04-05,STRUCTURAL_DECLINE,Deteriorating,Breakdown,36.5631694936396,COST_DISADVANTAGE,Low,BEARISH_CONFIRMED,20.0,Aligned,neutral,结构:STRUCTURAL_DECLINE(A/A-); 阶段:Deteriorating(B); 触发:Breakdown(C); 置信度:Low,PASSED,C,matrix
00700,腾讯控股,2013-04-12,STRUCTURAL_DECLINE,Deteriorating,Consolidation,36.5631694936396,COST_DISADVANTAGE,Low,BEARISH_CONFIRMED,20.0,Aligned,neutral,结构:STRUCTURAL_DECLINE(A/A-); 阶段:Deteriorating(B); 触发:Consolidation(C); 置信度:Low,PASSED,C,fallback
00700,腾讯控股,2013-04-19,STRUCTURAL_DECLINE,Deteriorating,Consolidation,36.5631694936396,COST_DISADVANTAGE,Low,BEARISH_CONFIRMED,20.0,Aligned,neutral,结构:STRUCTURAL_DECLINE(A/A-); 阶段:Deteriorating(B); 触发:Consolidation(C); 置信度:Low,PASSED,C,fallback
00700,腾讯控股,2013-04-26,STRUCTURAL_DECLINE,Deteriorating,Consolidation,36.5631694936396,COST_DISADVANTAGE,Low,BEARISH_CONFIRMED,20.0,Aligned,neutral,结构:STRUCTURAL_DECLINE(A/A-); 阶段:Deteriorating(B); 触发:Consolidation(C); 置信度:Low,PASSED,C,fallback
00700,腾讯控股,2013-05-03,STRUCTURAL_DECLINE,Improving,Consolidation,50.460217247160784,COST_DISADVANTAGE,Low,BEARISH_CONFIRMED,20.0,Divergence,neutral,结构:STRUCTURAL_DECLINE(A/A-); 阶段:Improving(B); 触发:Consolidation(C); 置信度:Low,PASSED,C,fallback
00700,腾讯控股,2013-05-10,STRUCTURAL_DECLINE,Improving,Consolidation,50.460217247160784,COST_DISADVANTAGE,Low,BEARISH_CONFIRMED,20.0,Divergence,neutral,结构:STRUCTURAL_DECLINE(A/A-); 阶段:Improving(B); 触发:Consolidation(C); 置信度:Low,PASSED,C,fallback
00700,腾讯控股,2013-05-17,STRUCTURAL_DECLINE,Improving,Consolidation,50.460217247160784,COST_DISADVANTAGE,Medium,BEARISH_CONFIRMED,20.0,Divergence,neutral,结构:STRUCTURAL_DECLINE(A/A-); 阶段:Improving(B); 触发:Consolidation(C); 置信度:Medium,PASSED,B,fallback
00700,腾讯控股,2013-05-24,STRUCTURAL_DECLINE,Improving,Consolidation,50.460217247160784,COST_DISADVANTAGE,Medium,BEARISH_CONFIRMED,20.0,Divergence,neutral,结构:STRUCTURAL_DECLINE(A/A-); 阶段:Improving(B); 触发:Consolidation(C); 置信度:Medium,PASSED,B,fallback
00700,腾讯控股,2013-05-31,STRUCTURAL_DECLINE,Stable,Consolidation,51.01735281604409,COST_DISADVANTAGE,Medium,BEARISH_CONFIRMED,20.0,Aligned,neutral,结构:STRUCTURAL_DECLINE(A/A-); 阶段:Stable(B); 触发:Consolidation(C); 置信度:Medium,PASSED,B,fallback
00700,腾讯控股,2013-06-07,STRUCTURAL_DECLINE,Stable,Consolidation,51.01735281604409,COST_DISADVANTAGE,Medium,BEARISH_CONFIRMED,20.0,Aligned,neutral,结构:STRUCTURAL_DECLINE(A/A-); 阶段:Stable(B); 触发:Consolidation(C); 置信度:Medium,PASSED,B,fallback
00700,腾讯控股,2013-06-14,STRUCTURAL_DECLINE,Stable,Consolidation,51.01735281604409,COST_DISADVANTAGE,Medium,BEARISH_CONFIRMED,20.0,Aligned,neutral,结构:STRUCTURAL_DECLINE(A/A-); 阶段:Stable(B); 触发:Consolidation(C); 置信度:Medium,PASSED,B,fallback
00700,腾讯控股,2013-06-21,STRUCTURAL_DECLINE,Stable,Pullback,51.01735281604409,COST_DISADVANTAGE,Medium,BEARISH_CONFIRMED,20.0,Aligned,neutral,结构:STRUCTURAL_DECLINE(A/A-); 阶段:Stable(B); 触发:Pullback(C); 置信度:Medium,PASSED,B,fallback
00700,腾讯控股,2013-06-28,STRUCTURAL_DECLINE,Stable,Consolidation,51.01735281604409,COST_DISADVANTAGE,Medium,BEARISH_CONFIRMED,20.0,Aligned,neutral,结构:STRUCTURAL_DECLINE(A/A-); 阶段:Stable(B); 触发:Consolidation(C); 置信度:Medium,PASSED,B,fallback
00700,腾讯控股,2013-07-05,STRUCTURAL_DECLINE,Stable,Consolidation,57.03573569114407,COST_DISADVANTAGE,Medium,BEARISH_CONFIRMED,20.0,Aligned,neutral,结构:STRUCTURAL_DECLINE(A/A-); 阶段:Stable(B); 触发:Consolidation(C); 置信度:Medium,PASSED,B,fallback
00700,腾讯控股,2013-07-12,STRUCTURAL_DECLINE,Stable,Consolidation,57.03573569114407,COST_DISADVANTAGE,Medium,BEARISH_CONFIRMED,20.0,Aligned,neutral,结构:STRUCTURAL_DECLINE(A/A-); 阶段:Stable(B); 触发:Consolidation(C); 置信度:Medium,PASSED,B,fallback
00700,腾讯控股,2013-07-19,STRUCTURAL_DECLINE,Stable,Consolidation,57.03573569114407,COST_DISADVANTAGE,Medium,BEARISH_CONFIRMED,20.0,Aligned,neutral,结构:STRUCTURAL_DECLINE(A/A-); 阶段:Stable(B); 触发:Consolidation(C); 置信度:Medium,PASSED,B,fallback
00700,腾讯控股,2013-07-26,STRUCTURAL_DECLINE,Stable,Consolidation,57.03573569114407,COST_DISADVANTAGE,Medium,BEARISH_CONFIRMED,20.0,Aligned,neutral,结构:STRUCTURAL_DECLINE(A/A-); 阶段:Stable(B); 触发:Consolidation(C); 置信度:Medium,PASSED,B,fallback
00700,腾讯控股,2013-08-02,STRUCTURAL_DECLINE,Improving,Consolidation,45.74804757186705,COST_DISADVANTAGE,Low,BEARISH_CONFIRMED,20.0,Divergence,neutral,结构:STRUCTURAL_DECLINE(A/A-); 阶段:Improving(B); 触发:Consolidation(C); 置信度:Low,PASSED,B,fallback
00700,腾讯控股,2013-08-09,STRUCTURAL_DECLINE,Improving,Consolidation,45.74804757186705,COST_DISADVANTAGE,Low,BEARISH_CONFIRMED,20.0,Divergence,neutral,结构:STRUCTURAL_DECLINE(A/A-); 阶段:Improving(B); 触发:Consolidation(C); 置信度:Low,PASSED,B,fallback
00700,腾讯控股,2013-08-16,STRUCTURAL_DECLINE,Improving,Consolidation,45.74804757186705,COST_DISADVANTAGE,Medium,BEARISH_CONFIRMED,20.0,Divergence,neutral,结构:STRUCTURAL_DECLINE(A/A-); 阶段:Improving(B); 触发:Consolidation(C); 置信度:Medium,PASSED,B,fallback
00700,腾讯控股,2013-08-23,STRUCTURAL_DECLINE,Improving,Consolidation,45.74804757186705,COST_DISADVANTAGE,Medium,BEARISH_CONFIRMED,20.0,Divergence,neutral,结构:STRUCTURAL_DECLINE(A/A-); 阶段:Improving(B); 触发:Consolidation(C); 置信度:Medium,PASSED,B,fallback
00700,腾讯控股,2013-08-30,STRUCTURAL_DECLINE,Improving,Consolidation,45.74804757186705,COST_DISADVANTAGE,Medium,BEARISH_CONFIRMED,20.0,Divergence,neutral,结构:STRUCTURAL_DECLINE(A/A-); 阶段:Improving(B); 触发:Consolidation(C); 置信度:Medium,PASSED,B,fallback
00700,腾讯控股,2013-09-06,STRUCTURAL_DECLINE,Improving,Consolidation,66.87570601011225,COST_DISADVANTAGE,Medium,BEARISH_CONFIRMED,20.0,Divergence,neutral,结构:STRUCTURAL_DECLINE(A/A-); 阶段:Improving(B); 触发:Consolidation(C); 置信度:Medium,PASSED,B,fallback
00700,腾讯控股,2013-09-13,STRUCTURAL_DECLINE,Improving,Consolidation,66.87570601011225,COST_DISADVANTAGE,Medium,BEARISH_CONFIRMED,20.0,Divergence,neutral,结构:STRUCTURAL_DECLINE(A/A-); 阶段:Improving(B); 触发:Consolidation(C); 置信度:Medium,PASSED,B,fallback
00700,腾讯控股,2013-09-20,STRUCTURAL_DECLINE,Improving,Consolidation,66.87570601011225,COST_DISADVANTAGE,Medium,BEARISH_CONFIRMED,20.0,Divergence,neutral,结构:STRUCTURAL_DECLINE(A/A-); 阶段:Improving(B); 触发:Consolidation(C); 置信度:Medium,PASSED,B,fallback
00700,腾讯控股,2013-09-27,STRUCTURAL_DECLINE,Improving,Consolidation,66.87570601011225,COST_DISADVANTAGE,Medium,BEARISH_CONFIRMED,20.0,Divergence,neutral,结构:STRUCTURAL_DECLINE(A/A-); 阶段:Improving(B); 触发:Consolidation(C); 置信度:Medium,PASSED,B,fallback
00700,腾讯控股,2013-10-04,STRUCTURAL_DECLINE,Improving,Consolidation,63.246312193182014,COST_DISADVANTAGE,Medium,BEARISH_CONFIRMED,20.0,Divergence,neutral,结构:STRUCTURAL_DECLINE(A/A-); 阶段:Improving(B); 触发:Consolidation(C); 置信度:Medium,PASSED,B,fallback
00700,腾讯控股,2013-10-11,STRUCTURAL_DECLINE,Improving,Consolidation,63.246312193182014,COST_DISADVANTAGE,Medium,BEARISH_CONFIRMED,20.0,Divergence,neutral,结构:STRUCTURAL_DECLINE(A/A-); 阶段:Improving(B); 触发:Consolidation(C); 置信度:Medium,PASSED,B,fallback
00700,腾讯控股,2013-10-18,STRUCTURAL_DECLINE,Improving,Consolidation,63.246312193182014,COST_DISADVANTAGE,Medium,BEARISH_CONFIRMED,20.0,Divergence,neutral,结构:STRUCTURAL_DECLINE(A/A-); 阶段:Improving(B); 触发:Consolidation(C); 置信度:Medium,PASSED,B,fallback
00700,腾讯控股,2013-10-25,STRUCTURAL_DECLINE,Improving,Consolidation,63.246312193182014,COST_DISADVANTAGE,Medium,BEARISH_CONFIRMED,20.0,Divergence,neutral,结构:STRUCTURAL_DECLINE(A/A-); 阶段:Improving(B); 触发:Consolidation(C); 置信度:Medium,PASSED,B,fallback
00700,腾讯控股,2013-11-01,STRUCTURAL_DECLINE,Improving,Consolidation,69.82606905604543,COST_DISADVANTAGE,Medium,BEARISH_CONFIRMED,20.0,Divergence,neutral,结构:STRUCTURAL_DECLINE(A/A-); 阶段:Improving(B); 触发:Consolidation(C); 置信度:Medium,PASSED,B,fallback
00700,腾讯控股,2013-11-08,STRUCTURAL_DECLINE,Improving,Pullback,69.82606905604543,COST_DISADVANTAGE,Medium,BEARISH_CONFIRMED,20.0,Divergence,neutral,结构:STRUCTURAL_DECLINE(A/A-); 阶段:Improving(B); 触发:Pullback(C); 置信度:Medium,PASSED,B,fallback
00700,腾讯控股,2013-11-15,STRUCTURAL_DIVERGENCE,Improving,Consolidation,69.82606905604543,COST_DISADVANTAGE,Low,BULLISH_WARNING,55.0,Aligned,neutral,结构:STRUCTURAL_DIVERGENCE(A/A-); 阶段:Improving(B); 触发:Consolidation(C); 置信度:Low,PASSED,C,fallback
00700,腾讯控股,2013-11-22,STRUCTURAL_DIVERGENCE,Improving,Consolidation,69.82606905604543,COST_DISADVANTAGE,Low,BULLISH_WARNING,55.0,Aligned,neutral,结构:STRUCTURAL_DIVERGENCE(A/A-); 阶段:Improving(B); 触发:Consolidation(C); 置信度:Low,PASSED,C,fallback
00700,腾讯控股,2013-11-29,STRUCTURAL_DIVERGENCE,Improving,Consolidation,69.82606905604543,COST_DISADVANTAGE,Low,BULLISH_WARNING,55.0,Aligned,neutral,结构:STRUCTURAL_DIVERGENCE(A/A-); 阶段:Improving(B); 触发:Consolidation(C); 置信度:Low,PASSED,C,fallback
00700,腾讯控股,2013-12-06,STRUCTURAL_DIVERGENCE,Improving,Consolidation,39.56302667040849,COST_DISADVANTAGE,Low,BULLISH_WARNING,55.0,Aligned,neutral,结构:STRUCTURAL_DIVERGENCE(A/A-); 阶段:Improving(B); 触发:Consolidation(C); 置信度:Low,PASSED,C,fallback
00700,腾讯控股,2013-12-13,STRUCTURAL_DIVERGENCE,Improving,Consolidation,39.56302667040849,COST_DISADVANTAGE,Low,BULLISH_WARNING,55.0,Aligned,neutral,结构:STRUCTURAL_DIVERGENCE(A/A-); 阶段:Improving(B); 触发:Consolidation(C); 置信度:Low,PASSED,C,fallback
00700,腾讯控股,2013-12-20,STRUCTURAL_DIVERGENCE,Improving,Consolidation,39.56302667040849,COST_DISADVANTAGE,Low,BULLISH_WARNING,55.0,Aligned,neutral,结构:STRUCTURAL_DIVERGENCE(A/A-); 阶段:Improving(B); 触发:Consolidation(C); 置信度:Low,PASSED,C,fallback
00700,腾讯控股,2013-12-27,STRUCTURAL_DIVERGENCE,Improving,Consolidation,39.56302667040849,COST_DISADVANTAGE,Low,BULLISH_WARNING,55.0,Aligned,neutral,结构:STRUCTURAL_DIVERGENCE(A/A-); 阶段:Improving(B); 触发:Consolidation(C); 置信度:Low,PASSED,C,fallback
00700,腾讯控股,2014-01-03,STRUCTURAL_DIVERGENCE,Improving,Consolidation,64.52821681292846,COST_DISADVANTAGE,Low,BULLISH_WARNING,55.0,Aligned,neutral,结构:STRUCTURAL_DIVERGENCE(A/A-); 阶段:Improving(B); 触发:Consolidation(C); 置信度:Low,PASSED,C,fallback
00700,腾讯控股,2014-01-10,STRUCTURAL_DIVERGENCE,Improving,Consolidation,64.52821681292846,COST_DISADVANTAGE,Low,BULLISH_WARNING,55.0,Aligned,neutral,结构:STRUCTURAL_DIVERGENCE(A/A-); 阶段:Improving(B); 触发:Consolidation(C); 置信度:Low,PASSED,C,fallback
00700,腾讯控股,2014-01-17,STRUCTURAL_DIVERGENCE,Improving,Consolidation,64.52821681292846,COST_DISADVANTAGE,Low,BULLISH_WARNING,55.0,Aligned,neutral,结构:STRUCTURAL_DIVERGENCE(A/A-); 阶段:Improving(B); 触发:Consolidation(C); 置信度:Low,PASSED,C,fallback
00700,腾讯控股,2014-01-24,STRUCTURAL_DIVERGENCE,Improving,Consolidation,64.52821681292846,COST_DISADVANTAGE,Low,BULLISH_WARNING,55.0,Aligned,neutral,结构:STRUCTURAL_DIVERGENCE(A/A-); 阶段:Improving(B); 触发:Consolidation(C); 置信度:Low,PASSED,C,fallback
00700,腾讯控股,2014-01-31,STRUCTURAL_DIVERGENCE,Stable,Consolidation,46.71543067337949,COST_DISADVANTAGE,Low,BULLISH_WARNING,55.0,Aligned,neutral,结构:STRUCTURAL_DIVERGENCE(A/A-); 阶段:Stable(B); 触发:Consolidation(C); 置信度:Low,PASSED,C,fallback
00700,腾讯控股,2014-02-07,STRUCTURAL_DIVERGENCE,Stable,Consolidation,46.71543067337949,COST_DISADVANTAGE,Low,BULLISH_WARNING,55.0,Aligned,neutral,结构:STRUCTURAL_DIVERGENCE(A/A-); 阶段:Stable(B); 触发:Consolidation(C); 置信度:Low,PASSED,C,fallback
00700,腾讯控股,2014-02-14,STRUCTURAL_DIVERGENCE,Stable,Consolidation,46.71543067337949,COST_DISADVANTAGE,Low,BULLISH_WARNING,55.0,Aligned,neutral,结构:STRUCTURAL_DIVERGENCE(A/A-); 阶段:Stable(B); 触发:Consolidation(C); 置信度:Low,PASSED,C,fallback
00700,腾讯控股,2014-02-21,STRUCTURAL_DIVERGENCE,Stable,Consolidation,46.71543067337949,COST_DISADVANTAGE,Low,BULLISH_WARNING,55.0,Aligned,neutral,结构:STRUCTURAL_DIVERGENCE(A/A-); 阶段:Stable(B); 触发:Consolidation(C); 置信度:Low,PASSED,C,fallback
00700,腾讯控股,2014-02-28,STRUCTURAL_DIVERGENCE,Stable,Consolidation,39.29590987399071,COST_NEUTRAL,Low,BULLISH_WARNING,55.0,Aligned,neutral,结构:STRUCTURAL_DIVERGENCE(A/A-); 阶段:Stable(B); 触发:Consolidation(C); 置信度:Low,PASSED,C,fallback
00700,腾讯控股,2014-03-07,STRUCTURAL_DIVERGENCE,Stable,Consolidation,39.29590987399071,COST_NEUTRAL,Low,BULLISH_WARNING,55.0,Aligned,neutral,结构:STRUCTURAL_DIVERGENCE(A/A-); 阶段:Stable(B); 触发:Consolidation(C); 置信度:Low,PASSED,C,fallback
00700,腾讯控股,2014-03-14,STRUCTURAL_DIVERGENCE,Stable,Pullback,39.29590987399071,COST_NEUTRAL,Low,BULLISH_WARNING,55.0,Aligned,neutral,结构:STRUCTURAL_DIVERGENCE(A/A-); 阶段:Stable(B); 触发:Pullback(C); 置信度:Low,PASSED,C,fallback
00700,腾讯控股,2014-03-21,STRUCTURAL_DIVERGENCE,Stable,Pullback,39.29590987399071,COST_NEUTRAL,Low,BULLISH_WARNING,55.0,Aligned,neutral,结构:STRUCTURAL_DIVERGENCE(A/A-); 阶段:Stable(B); 触发:Pullback(C); 置信度:Low,PASSED,C,fallback
00700,腾讯控股,2014-03-28,STRUCTURAL_DIVERGENCE,Stable,Pullback,39.29590987399071,COST_NEUTRAL,Low,BULLISH_WARNING,55.0,Aligned,neutral,结构:STRUCTURAL_DIVERGENCE(A/A-); 阶段:Stable(B); 触发:Pullback(C); 置信度:Low,PASSED,C,fallback
00700,腾讯控股,2014-04-04,STRUCTURAL_DIVERGENCE,Deteriorating,Pullback,38.42978167628825,COST_DISADVANTAGE,Low,BULLISH_WARNING,55.0,Aligned,neutral,结构:STRUCTURAL_DIVERGENCE(A/A-); 阶段:Deteriorating(B); 触发:Pullback(C); 置信度:Low,PASSED,C,fallback
00700,腾讯控股,2014-04-11,STRUCTURAL_DIVERGENCE,Deteriorating,Pullback,38.42978167628825,COST_DISADVANTAGE,Low,BULLISH_WARNING,55.0,Aligned,neutral,结构:STRUCTURAL_DIVERGENCE(A/A-); 阶段:Deteriorating(B); 触发:Pullback(C); 置信度:Low,PASSED,C,fallback
00700,腾讯控股,2014-04-18,STRUCTURAL_DIVERGENCE,Deteriorating,Pullback,38.42978167628825,COST_DISADVANTAGE,Low,BULLISH_WARNING,55.0,Aligned,neutral,结构:STRUCTURAL_DIVERGENCE(A/A-); 阶段:Deteriorating(B); 触发:Pullback(C); 置信度:Low,PASSED,C,fallback
00700,腾讯控股,2014-04-25,STRUCTURAL_DIVERGENCE,Deteriorating,Pullback,38.42978167628825,COST_DISADVANTAGE,Low,BULLISH_WARNING,55.0,Aligned,neutral,结构:STRUCTURAL_DIVERGENCE(A/A-); 阶段:Deteriorating(B); 触发:Pullback(C); 置信度:Low,PASSED,C,fallback
00700,腾讯控股,2014-05-02,STRUCTURAL_DIVERGENCE,Deteriorating,Consolidation,35.51959519060161,COST_DISADVANTAGE,Low,BULLISH_WARNING,55.0,Aligned,neutral,结构:STRUCTURAL_DIVERGENCE(A/A-); 阶段:Deteriorating(B); 触发:Consolidation(C); 置信度:Low,PASSED,C,fallback
00700,腾讯控股,2014-05-09,STRUCTURAL_DIVERGENCE,Deteriorating,Consolidation,35.51959519060161,COST_DISADVANTAGE,Low,BULLISH_WARNING,55.0,Aligned,neutral,结构:STRUCTURAL_DIVERGENCE(A/A-); 阶段:Deteriorating(B); 触发:Consolidation(C); 置信度:Low,PASSED,C,fallback
00700,腾讯控股,2014-05-16,STRUCTURAL_DIVERGENCE,Deteriorating,Consolidation,35.51959519060161,COST_DISADVANTAGE,Low,BULLISH_WARNING,55.0,Aligned,neutral,结构:STRUCTURAL_DIVERGENCE(A/A-); 阶段:Deteriorating(B); 触发:Consolidation(C); 置信度:Low,PASSED,C,fallback
00700,腾讯控股,2014-05-23,STRUCTURAL_DIVERGENCE,Deteriorating,Consolidation,35.51959519060161,COST_DISADVANTAGE,Low,BULLISH_WARNING,55.0,Aligned,neutral,结构:STRUCTURAL_DIVERGENCE(A/A-); 阶段:Deteriorating(B); 触发:Consolidation(C); 置信度:Low,PASSED,C,fallback
00700,腾讯控股,2014-05-30,STRUCTURAL_DIVERGENCE,Deteriorating,Consolidation,35.51959519060161,COST_DISADVANTAGE,Low,BULLISH_WARNING,55.0,Aligned,neutral,结构:STRUCTURAL_DIVERGENCE(A/A-); 阶段:Deteriorating(B); 触发:Consolidation(C); 置信度:Low,PASSED,C,fallback
00700,腾讯控股,2014-06-06,STRUCTURAL_DIVERGENCE,Improving,Consolidation,47.76521530271075,COST_DISADVANTAGE,Low,BULLISH_WARNING,55.0,Aligned,neutral,结构:STRUCTURAL_DIVERGENCE(A/A-); 阶段:Improving(B); 触发:Consolidation(C); 置信度:Low,PASSED,C,fallback
00700,腾讯控股,2014-06-13,STRUCTURAL_DIVERGENCE,Improving,Consolidation,47.76521530271075,COST_DISADVANTAGE,Low,BULLISH_WARNING,55.0,Aligned,neutral,结构:STRUCTURAL_DIVERGENCE(A/A-); 阶段:Improving(B); 触发:Consolidation(C); 置信度:Low,PASSED,C,fallback
00700,腾讯控股,2014-06-20,STRUCTURAL_DIVERGENCE,Improving,Consolidation,47.76521530271075,COST_DISADVANTAGE,Low,BULLISH_WARNING,55.0,Aligned,neutral,结构:STRUCTURAL_DIVERGENCE(A/A-); 阶段:Improving(B); 触发:Consolidation(C); 置信度:Low,PASSED,C,fallback
00700,腾讯控股,2014-06-27,STRUCTURAL_DIVERGENCE,Improving,Consolidation,47.76521530271075,COST_DISADVANTAGE,Low,BULLISH_WARNING,55.0,Aligned,neutral,结构:STRUCTURAL_DIVERGENCE(A/A-); 阶段:Improving(B); 触发:Consolidation(C); 置信度:Low,PASSED,C,fallback
00700,腾讯控股,2014-07-04,STRUCTURAL_DIVERGENCE,Improving,Consolidation,36.66808627353937,COST_DISADVANTAGE,Low,BULLISH_WARNING,55.0,Aligned,neutral,结构:STRUCTURAL_DIVERGENCE(A/A-); 阶段:Improving(B); 触发:Consolidation(C); 置信度:Low,PASSED,C,fallback
00700,腾讯控股,2014-07-11,STRUCTURAL_DIVERGENCE,Improving,Consolidation,36.66808627353937,COST_DISADVANTAGE,Low,BULLISH_WARNING,55.0,Aligned,neutral,结构:STRUCTURAL_DIVERGENCE(A/A-); 阶段:Improving(B); 触发:Consolidation(C); 置信度:Low,PASSED,C,fallback
00700,腾讯控股,2014-07-18,STRUCTURAL_DIVERGENCE,Improving,Consolidation,36.66808627353937,COST_DISADVANTAGE,Low,BULLISH_WARNING,55.0,Aligned,neutral,结构:STRUCTURAL_DIVERGENCE(A/A-); 阶段:Improving(B); 触发:Consolidation(C); 置信度:Low,PASSED,C,fallback
00700,腾讯控股,2014-07-25,STRUCTURAL_DIVERGENCE,Improving,Consolidation,36.66808627353937,COST_DISADVANTAGE,Low,BULLISH_WARNING,55.0,Aligned,neutral,结构:STRUCTURAL_DIVERGENCE(A/A-); 阶段:Improving(B); 触发:Consolidation(C); 置信度:Low,PASSED,C,fallback
00700,腾讯控股,2014-08-01,STRUCTURAL_DIVERGENCE,Improving,Consolidation,29.922789959339564,COST_DISADVANTAGE,Low,BULLISH_WARNING,55.0,Aligned,neutral,结构:STRUCTURAL_DIVERGENCE(A/A-); 阶段:Improving(B); 触发:Consolidation(C); 置信度:Low,PASSED,C,fallback
00700,腾讯控股,2014-08-08,STRUCTURAL_DIVERGENCE,Improving,Consolidation,29.922789959339564,COST_DISADVANTAGE,Low,BULLISH_WARNING,55.0,Aligned,neutral,结构:STRUCTURAL_DIVERGENCE(A/A-); 阶段:Improving(B); 触发:Consolidation(C); 置信度:Low,PASSED,C,fallback
00700,腾讯控股,2014-08-15,STRUCTURAL_DIVERGENCE,Improving,Consolidation,29.922789959339564,COST_DISADVANTAGE,Low,BULLISH_WARNING,55.0,Aligned,neutral,结构:STRUCTURAL_DIVERGENCE(A/A-); 阶段:Improving(B); 触发:Consolidation(C); 置信度:Low,PASSED,C,fallback
00700,腾讯控股,2014-08-22,STRUCTURAL_DIVERGENCE,Improving,Consolidation,29.922789959339564,COST_DISADVANTAGE,Low,BULLISH_WARNING,55.0,Aligned,neutral,结构:STRUCTURAL_DIVERGENCE(A/A-); 阶段:Improving(B); 触发:Consolidation(C); 置信度:Low,PASSED,C,fallback
00700,腾讯控股,2014-08-29,STRUCTURAL_DIVERGENCE,Improving,Pullback,29.922789959339564,COST_DISADVANTAGE,Low,BULLISH_WARNING,55.0,Aligned,neutral,结构:STRUCTURAL_DIVERGENCE(A/A-); 阶段:Improving(B); 触发:Pullback(C); 置信度:Low,PASSED,C,fallback
00700,腾讯控股,2014-09-05,STRUCTURAL_DIVERGENCE,Deteriorating,Consolidation,39.59083740970527,COST_DISADVANTAGE,Low,BULLISH_WARNING,55.0,Aligned,neutral,结构:STRUCTURAL_DIVERGENCE(A/A-); 阶段:Deteriorating(B); 触发:Consolidation(C); 置信度:Low,PASSED,C,fallback
00700,腾讯控股,2014-09-12,STRUCTURAL_DIVERGENCE,Deteriorating,Pullback,39.59083740970527,COST_DISADVANTAGE,Low,BULLISH_WARNING,55.0,Aligned,neutral,结构:STRUCTURAL_DIVERGENCE(A/A-); 阶段:Deteriorating(B); 触发:Pullback(C); 置信度:Low,PASSED,C,fallback
00700,腾讯控股,2014-09-19,STRUCTURAL_DIVERGENCE,Deteriorating,Pullback,39.59083740970527,COST_DISADVANTAGE,Low,BULLISH_WARNING,55.0,Aligned,neutral,结构:STRUCTURAL_DIVERGENCE(A/A-); 阶段:Deteriorating(B); 触发:Pullback(C); 置信度:Low,PASSED,C,fallback
00700,腾讯控股,2014-09-26,STRUCTURAL_DIVERGENCE,Deteriorating,Consolidation,39.59083740970527,COST_DISADVANTAGE,Low,BULLISH_WARNING,55.0,Aligned,neutral,结构:STRUCTURAL_DIVERGENCE(A/A-); 阶段:Deteriorating(B); 触发:Consolidation(C); 置信度:Low,PASSED,C,fallback
00700,腾讯控股,2014-10-03,STRUCTURAL_DIVERGENCE,Stable,Consolidation,34.20295838333502,COST_DISADVANTAGE,Low,BULLISH_WARNING,55.0,Aligned,neutral,结构:STRUCTURAL_DIVERGENCE(A/A-); 阶段:Stable(B); 触发:Consolidation(C); 置信度:Low,PASSED,C,fallback
00700,腾讯控股,2014-10-10,STRUCTURAL_DIVERGENCE,Stable,Consolidation,34.20295838333502,COST_DISADVANTAGE,Low,BULLISH_WARNING,55.0,Aligned,neutral,结构:STRUCTURAL_DIVERGENCE(A/A-); 阶段:Stable(B); 触发:Consolidation(C); 置信度:Low,PASSED,C,fallback
00700,腾讯控股,2014-10-17,STRUCTURAL_DIVERGENCE,Stable,Consolidation,34.20295838333502,COST_DISADVANTAGE,Low,BULLISH_WARNING,55.0,Aligned,neutral,结构:STRUCTURAL_DIVERGENCE(A/A-); 阶段:Stable(B); 触发:Consolidation(C); 置信度:Low,PASSED,C,fallback
00700,腾讯控股,2014-10-24,STRUCTURAL_DIVERGENCE,Stable,Consolidation,34.20295838333502,COST_DISADVANTAGE,Low,BULLISH_WARNING,55.0,Aligned,neutral,结构:STRUCTURAL_DIVERGENCE(A/A-); 阶段:Stable(B); 触发:Consolidation(C); 置信度:Low,PASSED,C,fallback
00700,腾讯控股,2014-10-31,STRUCTURAL_DIVERGENCE,Improving,Consolidation,51.43947536004011,COST_DISADVANTAGE,Low,BULLISH_WARNING,55.0,Aligned,neutral,结构:STRUCTURAL_DIVERGENCE(A/A-); 阶段:Improving(B); 触发:Consolidation(C); 置信度:Low,PASSED,C,fallback
00700,腾讯控股,2014-11-07,STRUCTURAL_DIVERGENCE,Improving,Consolidation,51.43947536004011,COST_DISADVANTAGE,Low,BULLISH_WARNING,55.0,Aligned,neutral,结构:STRUCTURAL_DIVERGENCE(A/A-); 阶段:Improving(B); 触发:Consolidation(C); 置信度:Low,PASSED,C,fallback
00700,腾讯控股,2014-11-14,STRUCTURAL_DIVERGENCE,Improving,Consolidation,51.43947536004011,COST_DISADVANTAGE,Medium,BULLISH_WARNING,55.0,Aligned,neutral,结构:STRUCTURAL_DIVERGENCE(A/A-); 阶段:Improving(B); 触发:Consolidation(C); 置信度:Medium,PASSED,B,fallback
00700,腾讯控股,2014-11-21,STRUCTURAL_DIVERGENCE,Improving,Pullback,51.43947536004011,COST_DISADVANTAGE,Medium,BULLISH_WARNING,55.0,Aligned,neutral,结构:STRUCTURAL_DIVERGENCE(A/A-); 阶段:Improving(B); 触发:Pullback(C); 置信度:Medium,PASSED,B,fallback
00700,腾讯控股,2014-11-28,STRUCTURAL_DIVERGENCE,Improving,Pullback,51.43947536004011,COST_DISADVANTAGE,Medium,BULLISH_WARNING,55.0,Aligned,neutral,结构:STRUCTURAL_DIVERGENCE(A/A-); 阶段:Improving(B); 触发:Pullback(C); 置信度:Medium,PASSED,B,fallback
00700,腾讯控股,2014-12-05,STRUCTURAL_DIVERGENCE,Stable,Consolidation,50.043076606270134,COST_DISADVANTAGE,Medium,BULLISH_WARNING,55.0,Aligned,neutral,结构:STRUCTURAL_DIVERGENCE(A/A-); 阶段:Stable(B); 触发:Consolidation(C); 置信度:Medium,PASSED,B,fallback
00700,腾讯控股,2014-12-12,STRUCTURAL_DIVERGENCE,Stable,Consolidation,50.043076606270134,COST_DISADVANTAGE,Medium,BULLISH_WARNING,55.0,Aligned,neutral,结构:STRUCTURAL_DIVERGENCE(A/A-); 阶段:Stable(B); 触发:Consolidation(C); 置信度:Medium,PASSED,B,fallback
00700,腾讯控股,2014-12-19,STRUCTURAL_DIVERGENCE,Stable,Consolidation,50.043076606270134,COST_DISADVANTAGE,Medium,BULLISH_WARNING,55.0,Aligned,neutral,结构:STRUCTURAL_DIVERGENCE(A/A-); 阶段:Stable(B); 触发:Consolidation(C); 置信度:Medium,PASSED,B,fallback
00700,腾讯控股,2014-12-26,STRUCTURAL_DIVERGENCE,Stable,Consolidation,50.043076606270134,COST_DISADVANTAGE,Medium,BULLISH_WARNING,55.0,Aligned,neutral,结构:STRUCTURAL_DIVERGENCE(A/A-); 阶段:Stable(B); 触发:Consolidation(C); 置信度:Medium,PASSED,B,fallback
00700,腾讯控股,2015-01-02,STRUCTURAL_DIVERGENCE,Deteriorating,Consolidation,44.810282874103365,COST_DISADVANTAGE,Low,BULLISH_WARNING,55.0,Aligned,neutral,结构:STRUCTURAL_DIVERGENCE(A/A-); 阶段:Deteriorating(B); 触发:Consolidation(C); 置信度:Low,PASSED,B,fallback
00700,腾讯控股,2015-01-09,STRUCTURAL_DIVERGENCE,Deteriorating,Consolidation,44.810282874103365,COST_DISADVANTAGE,Low,BULLISH_WARNING,55.0,Aligned,neutral,结构:STRUCTURAL_DIVERGENCE(A/A-); 阶段:Deteriorating(B); 触发:Consolidation(C); 置信度:Low,PASSED,B,fallback
00700,腾讯控股,2015-01-16,STRUCTURAL_DIVERGENCE,Deteriorating,Consolidation,44.810282874103365,COST_DISADVANTAGE,Low,BULLISH_WARNING,55.0,Aligned,neutral,结构:STRUCTURAL_DIVERGENCE(A/A-); 阶段:Deteriorating(B); 触发:Consolidation(C); 置信度:Low,PASSED,B,fallback
00700,腾讯控股,2015-01-23,STRUCTURAL_DIVERGENCE,Deteriorating,Consolidation,44.810282874103365,COST_DISADVANTAGE,Low,BULLISH_WARNING,55.0,Aligned,neutral,结构:STRUCTURAL_DIVERGENCE(A/A-); 阶段:Deteriorating(B); 触发:Consolidation(C); 置信度:Low,PASSED,B,fallback
00700,腾讯控股,2015-01-30,STRUCTURAL_DIVERGENCE,Deteriorating,Consolidation,44.810282874103365,COST_DISADVANTAGE,Low,BULLISH_WARNING,55.0,Aligned,neutral,结构:STRUCTURAL_DIVERGENCE(A/A-); 阶段:Deteriorating(B); 触发:Consolidation(C); 置信度:Low,PASSED,B,fallback
00700,腾讯控股,2015-02-06,STRUCTURAL_DIVERGENCE,Improving,Consolidation,37.408241648476036,COST_DISADVANTAGE,Low,BULLISH_WARNING,55.0,Aligned,neutral,结构:STRUCTURAL_DIVERGENCE(A/A-); 阶段:Improving(B); 触发:Consolidation(C); 置信度:Low,PASSED,B,fallback
00700,腾讯控股,2015-02-13,STRUCTURAL_DIVERGENCE,Improving,Consolidation,37.408241648476036,COST_DISADVANTAGE,Low,BULLISH_WARNING,55.0,Aligned,neutral,结构:STRUCTURAL_DIVERGENCE(A/A-); 阶段:Improving(B); 触发:Consolidation(C); 置信度:Low,PASSED,B,fallback
00700,腾讯控股,2015-02-20,STRUCTURAL_DIVERGENCE,Improving,Consolidation,37.408241648476036,COST_DISADVANTAGE,Low,BULLISH_WARNING,55.0,Aligned,neutral,结构:STRUCTURAL_DIVERGENCE(A/A-); 阶段:Improving(B); 触发:Consolidation(C); 置信度:Low,PASSED,B,fallback
00700,腾讯控股,2015-02-27,STRUCTURAL_DIVERGENCE,Improving,Consolidation,37.408241648476036,COST_DISADVANTAGE,Low,BULLISH_WARNING,55.0,Aligned,neutral,结构:STRUCTURAL_DIVERGENCE(A/A-); 阶段:Improving(B); 触发:Consolidation(C); 置信度:Low,PASSED,B,fallback
00700,腾讯控股,2015-03-06,STRUCTURAL_DIVERGENCE,Improving,Pullback,57.54030631500124,COST_DISADVANTAGE,Medium,BULLISH_WARNING,55.0,Aligned,neutral,结构:STRUCTURAL_DIVERGENCE(A/A-); 阶段:Improving(B); 触发:Pullback(C); 置信度:Medium,PASSED,B,fallback
00700,腾讯控股,2015-03-13,STRUCTURAL_DIVERGENCE,Improving,Consolidation,57.54030631500124,COST_DISADVANTAGE,Medium,BULLISH_WARNING,55.0,Aligned,neutral,结构:STRUCTURAL_DIVERGENCE(A/A-); 阶段:Improving(B); 触发:Consolidation(C); 置信度:Medium,PASSED,B,fallback
00700,腾讯控股,2015-03-20,STRUCTURAL_DIVERGENCE,Improving,Consolidation,57.54030631500124,COST_DISADVANTAGE,Medium,BULLISH_WARNING,55.0,Aligned,neutral,结构:STRUCTURAL_DIVERGENCE(A/A-); 阶段:Improving(B); 触发:Consolidation(C); 置信度:Medium,PASSED,B,fallback
00700,腾讯控股,2015-03-27,STRUCTURAL_DIVERGENCE,Improving,Consolidation,57.54030631500124,COST_DISADVANTAGE,Medium,BULLISH_WARNING,55.0,Aligned,neutral,结构:STRUCTURAL_DIVERGENCE(A/A-); 阶段:Improving(B); 触发:Consolidation(C); 置信度:Medium,PASSED,B,fallback
00700,腾讯控股,2015-04-03,STRUCTURAL_DIVERGENCE,Improving,Consolidation,54.80451249101475,COST_DISADVANTAGE,Medium,BULLISH_WARNING,55.0,Aligned,risk_on,结构:STRUCTURAL_DIVERGENCE(A/A-); 阶段:Improving(B); 触发:Consolidation(C); 置信度:Medium,PASSED,B,fallback
00700,腾讯控股,2015-04-10,STRUCTURAL_DIVERGENCE,Improving,Consolidation,54.80451249101475,COST_DISADVANTAGE,Medium,BULLISH_WARNING,55.0,Aligned,risk_off,结构:STRUCTURAL_DIVERGENCE(A/A-); 阶段:Improving(B); 触发:Consolidation(C); 置信度:Medium,PASSED,B,fallback
00700,腾讯控股,2015-04-17,STRUCTURAL_DIVERGENCE,Improving,Consolidation,54.80451249101475,COST_DISADVANTAGE,Medium,BULLISH_WARNING,55.0,Aligned,risk_on,结构:STRUCTURAL_DIVERGENCE(A/A-); 阶段:Improving(B); 触发:Consolidation(C); 置信度:Medium,PASSED,B,fallback
00700,腾讯控股,2015-04-24,STRUCTURAL_DIVERGENCE,Improving,Consolidation,54.80451249101475,COST_DISADVANTAGE,Medium,BULLISH_WARNING,55.0,Aligned,risk_on,结构:STRUCTURAL_DIVERGENCE(A/A-); 阶段:Improving(B); 触发:Consolidation(C); 置信度:Medium,PASSED,B,fallback
00700,腾讯控股,2015-05-01,STRUCTURAL_DIVERGENCE,Stable,Consolidation,60.63059724460722,COST_NEUTRAL,Medium,BULLISH_WARNING,55.0,Aligned,risk_on,结构:STRUCTURAL_DIVERGENCE(A/A-); 阶段:Stable(B); 触发:Consolidation(C); 置信度:Medium,PASSED,B,fallback
00700,腾讯控股,2015-05-08,STRUCTURAL_DIVERGENCE,Stable,Pullback,60.63059724460722,COST_NEUTRAL,Medium,BULLISH_WARNING,55.0,Aligned,risk_on,结构:STRUCTURAL_DIVERGENCE(A/A-); 阶段:Stable(B); 触发:Pullback(C); 置信度:Medium,PASSED,B,fallback
00700,腾讯控股,2015-05-15,STRUCTURAL_ACCUMULATION,Stable,Consolidation,60.63059724460722,COST_NEUTRAL,Medium,BULLISH_STABLE,75.0,Aligned,risk_on,结构:STRUCTURAL_ACCUMULATION(A/A-); 阶段:Stable(B); 触发:Consolidation(C); 置信度:Medium,PASSED,C,fallback
00700,腾讯控股,2015-05-22,STRUCTURAL_ACCUMULATION,Stable,Consolidation,60.63059724460722,COST_NEUTRAL,Medium,BULLISH_STABLE,75.0,Aligned,risk_on,结构:STRUCTURAL_ACCUMULATION(A/A-); 阶段:Stable(B); 触发:Consolidation(C); 置信度:Medium,PASSED,C,fallback
00700,腾讯控股,2015-05-29,STRUCTURAL_ACCUMULATION,Stable,Pullback,60.63059724460722,COST_NEUTRAL,Medium,BULLISH_STABLE,75.0,Aligned,risk_on,结构:STRUCTURAL_ACCUMULATION(A/A-); 阶段:Stable(B); 触发:Pullback(C); 置信度:Medium,PASSED,C,fallback
00700,腾讯控股,2015-06-05,STRUCTURAL_ACCUMULATION,Deteriorating,Pullback,75.62294190500421,COST_DISADVANTAGE,High,BULLISH_STABLE,75.0,Divergence,risk_on,结构:STRUCTURAL_ACCUMULATION(A/A-); 阶段:Deteriorating(B); 触发:Pullback(C); 置信度:High,PASSED,C,fallback
00700,腾讯控股,2015-06-12,STRUCTURAL_ACCUMULATION,Deteriorating,Consolidation,75.62294190500421,COST_DISADVANTAGE,High,BULLISH_STABLE,75.0,Divergence,risk_on,结构:STRUCTURAL_ACCUMULATION(A/A-); 阶段:Deteriorating(B); 触发:Consolidation(C); 置信度:High,PASSED,C,fallback
00700,腾讯控股,2015-06-19,STRUCTURAL_ACCUMULATION,Deteriorating,Pullback,75.62294190500421,COST_DISADVANTAGE,High,BULLISH_STABLE,75.0,Divergence,risk_on,结构:STRUCTURAL_ACCUMULATION(A/A-); 阶段:Deteriorating(B); 触发:Pullback(C); 置信度:High,PASSED,C,fallback
00700,腾讯控股,2015-06-26,STRUCTURAL_ACCUMULATION,Deteriorating,Consolidation,75.62294190500421,COST_DISADVANTAGE,High,BULLISH_STABLE,75.0,Divergence,risk_on,结构:STRUCTURAL_ACCUMULATION(A/A-); 阶段:Deteriorating(B); 触发:Consolidation(C); 置信度:High,PASSED,C,fallback
00700,腾讯控股,2015-07-03,STRUCTURAL_ACCUMULATION,Stable,Pullback,75.65944554224099,COST_DISADVANTAGE,High,BULLISH_STABLE,75.0,Aligned,risk_on,结构:STRUCTURAL_ACCUMULATION(A/A-); 阶段:Stable(B); 触发:Pullback(C); 置信度:High,PASSED,C,fallback
00700,腾讯控股,2015-07-10,STRUCTURAL_ACCUMULATION,Stable,Consolidation,75.65944554224099,COST_DISADVANTAGE,High,BULLISH_STABLE,75.0,Aligned,risk_off,结构:STRUCTURAL_ACCUMULATION(A/A-); 阶段:Stable(B); 触发:Consolidation(C); 置信度:High,PASSED,C,fallback
00700,腾讯控股,2015-07-17,STRUCTURAL_ACCUMULATION,Stable,Pullback,75.65944554224099,COST_DISADVANTAGE,High,BULLISH_STABLE,75.0,Aligned,risk_off,结构:STRUCTURAL_ACCUMULATION(A/A-); 阶段:Stable(B); 触发:Pullback(C); 置信度:High,PASSED,C,fallback
00700,腾讯控股,2015-07-24,STRUCTURAL_ACCUMULATION,Stable,Pullback,75.65944554224099,COST_DISADVANTAGE,High,BULLISH_STABLE,75.0,Aligned,risk_off,结构:STRUCTURAL_ACCUMULATION(A/A-); 阶段:Stable(B); 触发:Pullback(C); 置信度:High,PASSED,C,fallback
00700,腾讯控股,2015-07-31,STRUCTURAL_ACCUMULATION,Deteriorating,Consolidation,55.509200991525155,COST_DISADVANTAGE,Medium,BULLISH_STABLE,75.0,Divergence,risk_off,结构:STRUCTURAL_ACCUMULATION(A/A-); 阶段:Deteriorating(B); 触发:Consolidation(C); 置信度:Medium,PASSED,C,fallback
00700,腾讯控股,2015-08-07,STRUCTURAL_ACCUMULATION,Deteriorating,Consolidation,55.509200991525155,COST_DISADVANTAGE,Medium,BULLISH_STABLE,75.0,Divergence,risk_off,结构:STRUCTURAL_ACCUMULATION(A/A-); 阶段:Deteriorating(B); 触发:Consolidation(C); 置信度:Medium,PASSED,C,fallback
00700,腾讯控股,2015-08-14,STRUCTURAL_ACCUMULATION,Deteriorating,Consolidation,55.509200991525155,COST_DISADVANTAGE,Medium,BULLISH_STABLE,75.0,Divergence,risk_off,结构:STRUCTURAL_ACCUMULATION(A/A-); 阶段:Deteriorating(B); 触发:Consolidation(C); 置信度:Medium,PASSED,B,fallback
00700,腾讯控股,2015-08-21,STRUCTURAL_ACCUMULATION,Deteriorating,Consolidation,55.509200991525155,COST_DISADVANTAGE,Medium,BULLISH_STABLE,75.0,Divergence,risk_off,结构:STRUCTURAL_ACCUMULATION(A/A-); 阶段:Deteriorating(B); 触发:Consolidation(C); 置信度:Medium,PASSED,B,fallback
00700,腾讯控股,2015-08-28,STRUCTURAL_ACCUMULATION,Deteriorating,Consolidation,55.509200991525155,COST_DISADVANTAGE,Medium,BULLISH_STABLE,75.0,Divergence,risk_off,结构:STRUCTURAL_ACCUMULATION(A/A-); 阶段:Deteriorating(B); 触发:Consolidation(C); 置信度:Medium,PASSED,B,fallback
00700,腾讯控股,2015-09-04,STRUCTURAL_ACCUMULATION,Deteriorating,Consolidation,43.8693865068734,COST_DISADVANTAGE,Medium,BULLISH_STABLE,75.0,Divergence,risk_off,结构:STRUCTURAL_ACCUMULATION(A/A-); 阶段:Deteriorating(B); 触发:Consolidation(C); 置信度:Medium,PASSED,B,fallback
00700,腾讯控股,2015-09-11,STRUCTURAL_ACCUMULATION,Deteriorating,Consolidation,43.8693865068734,COST_DISADVANTAGE,Medium,BULLISH_STABLE,75.0,Divergence,risk_off,结构:STRUCTURAL_ACCUMULATION(A/A-); 阶段:Deteriorating(B); 触发:Consolidation(C); 置信度:Medium,PASSED,B,fallback
00700,腾讯控股,2015-09-18,STRUCTURAL_ACCUMULATION,Deteriorating,Consolidation,43.8693865068734,COST_DISADVANTAGE,Medium,BULLISH_STABLE,75.0,Divergence,risk_off,结构:STRUCTURAL_ACCUMULATION(A/A-); 阶段:Deteriorating(B); 触发:Consolidation(C); 置信度:Medium,PASSED,B,fallback
00700,腾讯控股,2015-09-25,STRUCTURAL_ACCUMULATION,Deteriorating,Consolidation,43.8693865068734,COST_DISADVANTAGE,Medium,BULLISH_STABLE,75.0,Divergence,risk_off,结构:STRUCTURAL_ACCUMULATION(A/A-); 阶段:Deteriorating(B); 触发:Consolidation(C); 置信度:Medium,PASSED,B,fallback
00700,腾讯控股,2015-10-02,STRUCTURAL_ACCUMULATION,Stable,Consolidation,45.419497367028555,COST_DISADVANTAGE,Medium,BULLISH_STABLE,75.0,Aligned,risk_off,结构:STRUCTURAL_ACCUMULATION(A/A-); 阶段:Stable(B); 触发:Consolidation(C); 置信度:Medium,PASSED,B,fallback
00700,腾讯控股,2015-10-09,STRUCTURAL_ACCUMULATION,Stable,Consolidation,45.419497367028555,COST_DISADVANTAGE,Medium,BULLISH_STABLE,75.0,Aligned,risk_off,结构:STRUCTURAL_ACCUMULATION(A/A-); 阶段:Stable(B); 触发:Consolidation(C); 置信度:Medium,PASSED,B,fallback
00700,腾讯控股,2015-10-16,STRUCTURAL_ACCUMULATION,Stable,Consolidation,45.419497367028555,COST_DISADVANTAGE,Medium,BULLISH_STABLE,75.0,Aligned,risk_off,结构:STRUCTURAL_ACCUMULATION(A/A-); 阶段:Stable(B); 触发:Consolidation(C); 置信度:Medium,PASSED,B,fallback
00700,腾讯控股,2015-10-23,STRUCTURAL_ACCUMULATION,Stable,Consolidation,45.419497367028555,COST_DISADVANTAGE,Medium,BULLISH_STABLE,75.0,Aligned,risk_off,结构:STRUCTURAL_ACCUMULATION(A/A-); 阶段:Stable(B); 触发:Consolidation(C); 置信度:Medium,PASSED,B,fallback
00700,腾讯控股,2015-10-30,STRUCTURAL_ACCUMULATION,Stable,Consolidation,45.419497367028555,COST_DISADVANTAGE,Medium,BULLISH_STABLE,75.0,Aligned,risk_off,结构:STRUCTURAL_ACCUMULATION(A/A-); 阶段:Stable(B); 触发:Consolidation(C); 置信度:Medium,PASSED,B,fallback
00700,腾讯控股,2015-11-06,STRUCTURAL_ACCUMULATION,Improving,Consolidation,70.62684054332223,COST_DISADVANTAGE,Medium,BULLISH_STABLE,75.0,Aligned,risk_off,结构:STRUCTURAL_ACCUMULATION(A/A-); 阶段:Improving(B); 触发:Consolidation(C); 置信度:Medium,PASSED,B,matrix
00700,腾讯控股,2015-11-13,STRUCTURAL_ACCUMULATION,Improving,Consolidation,70.62684054332223,COST_DISADVANTAGE,Medium,BULLISH_STABLE,75.0,Aligned,risk_off,结构:STRUCTURAL_ACCUMULATION(A/A-); 阶段:Improving(B); 触发:Consolidation(C); 置信度:Medium,PASSED,B,matrix
00700,腾讯控股,2015-11-20,STRUCTURAL_ACCUMULATION,Improving,Consolidation,70.62684054332223,COST_DISADVANTAGE,Medium,BULLISH_STABLE,75.0,Aligned,risk_on,结构:STRUCTURAL_ACCUMULATION(A/A-); 阶段:Improving(B); 触发:Consolidation(C); 置信度:Medium,PASSED,B,matrix
00700,腾讯控股,2015-11-27,STRUCTURAL_ACCUMULATION,Improving,Consolidation,70.62684054332223,COST_DISADVANTAGE,Medium,BULLISH_STABLE,75.0,Aligned,neutral,结构:STRUCTURAL_ACCUMULATION(A/A-); 阶段:Improving(B); 触发:Consolidation(C); 置信度:Medium,PASSED,B,matrix
00700,腾讯控股,2015-12-04,STRUCTURAL_ACCUMULATION,Improving,Pullback,63.4305176756922,COST_DISADVANTAGE,Medium,BULLISH_STABLE,75.0,Aligned,risk_on,结构:STRUCTURAL_ACCUMULATION(A/A-); 阶段:Improving(B); 触发:Pullback(C); 置信度:Medium,PASSED,B,fallback
00700,腾讯控股,2015-12-11,STRUCTURAL_ACCUMULATION,Improving,Pullback,63.4305176756922,COST_DISADVANTAGE,Medium,BULLISH_STABLE,75.0,Aligned,neutral,结构:STRUCTURAL_ACCUMULATION(A/A-); 阶段:Improving(B); 触发:Pullback(C); 置信度:Medium,PASSED,B,fallback
00700,腾讯控股,2015-12-18,STRUCTURAL_ACCUMULATION,Improving,Consolidation,63.4305176756922,COST_DISADVANTAGE,Medium,BULLISH_STABLE,75.0,Aligned,neutral,结构:STRUCTURAL_ACCUMULATION(A/A-); 阶段:Improving(B); 触发:Consolidation(C); 置信度:Medium,PASSED,B,matrix
00700,腾讯控股,2015-12-25,STRUCTURAL_ACCUMULATION,Improving,Consolidation,63.4305176756922,COST_DISADVANTAGE,Medium,BULLISH_STABLE,75.0,Aligned,risk_on,结构:STRUCTURAL_ACCUMULATION(A/A-); 阶段:Improving(B); 触发:Consolidation(C); 置信度:Medium,PASSED,B,matrix
00700,腾讯控股,2016-01-01,STRUCTURAL_ACCUMULATION,Stable,Consolidation,66.67035226689458,COST_DISADVANTAGE,Medium,BULLISH_STABLE,75.0,Aligned,neutral,结构:STRUCTURAL_ACCUMULATION(A/A-); 阶段:Stable(B); 触发:Consolidation(C); 置信度:Medium,PASSED,B,fallback
00700,腾讯控股,2016-01-08,STRUCTURAL_ACCUMULATION,Stable,Consolidation,66.67035226689458,COST_DISADVANTAGE,Medium,BULLISH_STABLE,75.0,Aligned,risk_off,结构:STRUCTURAL_ACCUMULATION(A/A-); 阶段:Stable(B); 触发:Consolidation(C); 置信度:Medium,PASSED,B,fallback
00700,腾讯控股,2016-01-15,STRUCTURAL_ACCUMULATION,Stable,Consolidation,66.67035226689458,COST_DISADVANTAGE,Medium,BULLISH_STABLE,75.0,Aligned,risk_off,结构:STRUCTURAL_ACCUMULATION(A/A-); 阶段:Stable(B); 触发:Consolidation(C); 置信度:Medium,PASSED,B,fallback
00700,腾讯控股,2016-01-22,STRUCTURAL_ACCUMULATION,Stable,Consolidation,66.67035226689458,COST_DISADVANTAGE,Medium,BULLISH_STABLE,75.0,Aligned,risk_off,结构:STRUCTURAL_ACCUMULATION(A/A-); 阶段:Stable(B); 触发:Consolidation(C); 置信度:Medium,PASSED,B,fallback
00700,腾讯控股,2016-01-29,STRUCTURAL_ACCUMULATION,Stable,Consolidation,66.67035226689458,COST_DISADVANTAGE,Medium,BULLISH_STABLE,75.0,Aligned,risk_off,结构:STRUCTURAL_ACCUMULATION(A/A-); 阶段:Stable(B); 触发:Consolidation(C); 置信度:Medium,PASSED,B,fallback
00700,腾讯控股,2016-02-05,STRUCTURAL_ACCUMULATION,Deteriorating,Consolidation,57.547961323963364,COST_DISADVANTAGE,Medium,BULLISH_STABLE,75.0,Divergence,risk_off,结构:STRUCTURAL_ACCUMULATION(A/A-); 阶段:Deteriorating(B); 触发:Consolidation(C); 置信度:Medium,PASSED,B,fallback
00700,腾讯控股,2016-02-12,STRUCTURAL_ACCUMULATION,Deteriorating,Consolidation,57.547961323963364,COST_DISADVANTAGE,Medium,BULLISH_STABLE,75.0,Divergence,risk_off,结构:STRUCTURAL_ACCUMULATION(A/A-); 阶段:Deteriorating(B); 触发:Consolidation(C); 置信度:Medium,PASSED,B,fallback
00700,腾讯控股,2016-02-19,STRUCTURAL_ACCUMULATION,Deteriorating,Consolidation,57.547961323963364,COST_DISADVANTAGE,Medium,BULLISH_STABLE,75.0,Divergence,risk_off,结构:STRUCTURAL_ACCUMULATION(A/A-); 阶段:Deteriorating(B); 触发:Consolidation(C); 置信度:Medium,PASSED,B,fallback
00700,腾讯控股,2016-02-26,STRUCTURAL_ACCUMULATION,Deteriorating,Consolidation,57.547961323963364,COST_DISADVANTAGE,Medium,BULLISH_STABLE,75.0,Divergence,risk_off,结构:STRUCTURAL_ACCUMULATION(A/A-); 阶段:Deteriorating(B); 触发:Consolidation(C); 置信度:Medium,PASSED,B,fallback
00700,腾讯控股,2016-03-04,STRUCTURAL_ACCUMULATION,Deteriorating,Consolidation,72.41795093911327,COST_DISADVANTAGE,Medium,BULLISH_STABLE,75.0,Divergence,risk_off,结构:STRUCTURAL_ACCUMULATION(A/A-); 阶段:Deteriorating(B); 触发:Consolidation(C); 置信度:Medium,PASSED,B,fallback
00700,腾讯控股,2016-03-11,STRUCTURAL_ACCUMULATION,Deteriorating,Consolidation,72.41795093911327,COST_DISADVANTAGE,Medium,BULLISH_STABLE,75.0,Divergence,risk_off,结构:STRUCTURAL_ACCUMULATION(A/A-); 阶段:Deteriorating(B); 触发:Consolidation(C); 置信度:Medium,PASSED,B,fallback
00700,腾讯控股,2016-03-18,STRUCTURAL_ACCUMULATION,Deteriorating,Consolidation,72.41795093911327,COST_DISADVANTAGE,Medium,BULLISH_STABLE,75.0,Divergence,risk_off,结构:STRUCTURAL_ACCUMULATION(A/A-); 阶段:Deteriorating(B); 触发:Consolidation(C); 置信度:Medium,PASSED,B,fallback
00700,腾讯控股,2016-03-25,STRUCTURAL_ACCUMULATION,Deteriorating,Consolidation,72.41795093911327,COST_DISADVANTAGE,Medium,BULLISH_STABLE,75.0,Divergence,risk_off,结构:STRUCTURAL_ACCUMULATION(A/A-); 阶段:Deteriorating(B); 触发:Consolidation(C); 置信度:Medium,PASSED,B,fallback
00700,腾讯控股,2016-04-01,STRUCTURAL_ACCUMULATION,Improving,Consolidation,57.483588591868084,COST_DISADVANTAGE,Medium,BULLISH_STABLE,75.0,Aligned,risk_off,结构:STRUCTURAL_ACCUMULATION(A/A-); 阶段:Improving(B); 触发:Consolidation(C); 置信度:Medium,PASSED,B,matrix
00700,腾讯控股,2016-04-08,STRUCTURAL_ACCUMULATION,Improving,Consolidation,57.483588591868084,COST_DISADVANTAGE,Medium,BULLISH_STABLE,75.0,Aligned,neutral,结构:STRUCTURAL_ACCUMULATION(A/A-); 阶段:Improving(B); 触发:Consolidation(C); 置信度:Medium,PASSED,B,matrix
00700,腾讯控股,2016-04-15,STRUCTURAL_ACCUMULATION,Improving,Consolidation,57.483588591868084,COST_DISADVANTAGE,Medium,BULLISH_STABLE,75.0,Aligned,risk_on,结构:STRUCTURAL_ACCUMULATION(A/A-); 阶段:Improving(B); 触发:Consolidation(C); 置信度:Medium,PASSED,B,matrix
00700,腾讯控股,2016-04-22,STRUCTURAL_ACCUMULATION,Improving,Consolidation,57.483588591868084,COST_DISADVANTAGE,Medium,BULLISH_STABLE,75.0,Aligned,risk_on,结构:STRUCTURAL_ACCUMULATION(A/A-); 阶段:Improving(B); 触发:Consolidation(C); 置信度:Medium,PASSED,B,matrix
00700,腾讯控股,2016-04-29,STRUCTURAL_ACCUMULATION,Improving,Pullback,57.483588591868084,COST_DISADVANTAGE,Medium,BULLISH_STABLE,75.0,Aligned,risk_on,结构:STRUCTURAL_ACCUMULATION(A/A-); 阶段:Improving(B); 触发:Pullback(C); 置信度:Medium,PASSED,B,fallback
00700,腾讯控股,2016-05-06,STRUCTURAL_ACCUMULATION,Stable,Pullback,75.75485746665674,COST_DISADVANTAGE,Medium,BULLISH_STABLE,75.0,Aligned,risk_on,结构:STRUCTURAL_ACCUMULATION(A/A-); 阶段:Stable(B); 触发:Pullback(C); 置信度:Medium,PASSED,B,fallback
00700,腾讯控股,2016-05-13,STRUCTURAL_ACCUMULATION,Stable,Pullback,75.75485746665674,COST_DISADVANTAGE,Medium,BULLISH_STABLE,75.0,Aligned,risk_on,结构:STRUCTURAL_ACCUMULATION(A/A-); 阶段:Stable(B); 触发:Pullback(C); 置信度:Medium,PASSED,B,fallback
00700,腾讯控股,2016-05-20,STRUCTURAL_ACCUMULATION,Stable,Consolidation,75.75485746665674,COST_DISADVANTAGE,Medium,BULLISH_STABLE,75.0,Aligned,neutral,结构:STRUCTURAL_ACCUMULATION(A/A-); 阶段:Stable(B); 触发:Consolidation(C); 置信度:Medium,PASSED,C,fallback
00700,腾讯控股,2016-05-27,STRUCTURAL_ACCUMULATION,Stable,Consolidation,75.75485746665674,COST_DISADVANTAGE,Medium,BULLISH_STABLE,75.0,Aligned,risk_on,结构:STRUCTURAL_ACCUMULATION(A/A-); 阶段:Stable(B); 触发:Consolidation(C); 置信度:Medium,PASSED,C,fallback
00700,腾讯控股,2016-06-03,STRUCTURAL_ACCUMULATION,Improving,Consolidation,43.67060814486947,COST_NEUTRAL,Medium,BULLISH_STABLE,75.0,Aligned,risk_on,结构:STRUCTURAL_ACCUMULATION(A/A-); 阶段:Improving(B); 触发:Consolidation(C); 置信度:Medium,PASSED,C,matrix
00700,腾讯控股,2016-06-10,STRUCTURAL_ACCUMULATION,Improving,Consolidation,43.67060814486947,COST_NEUTRAL,Medium,BULLISH_STABLE,75.0,Aligned,risk_on,结构:STRUCTURAL_ACCUMULATION(A/A-); 阶段:Improving(B); 触发:Consolidation(C); 置信度:Medium,PASSED,C,matrix
00700,腾讯控股,2016-06-17,STRUCTURAL_ACCUMULATION,Improving,Consolidation,43.67060814486947,COST_NEUTRAL,Medium,BULLISH_STABLE,75.0,Aligned,risk_off,结构:STRUCTURAL_ACCUMULATION(A/A-); 阶段:Improving(B); 触发:Consolidation(C); 置信度:Medium,PASSED,C,matrix
00700,腾讯控股,2016-06-24,STRUCTURAL_ACCUMULATION,Improving,Consolidation,43.67060814486947,COST_NEUTRAL,Medium,BULLISH_STABLE,75.0,Aligned,risk_off,结构:STRUCTURAL_ACCUMULATION(A/A-); 阶段:Improving(B); 触发:Consolidation(C); 置信度:Medium,PASSED,C,matrix
00700,腾讯控股,2016-07-01,STRUCTURAL_ACCUMULATION,Improving,Consolidation,57.48412600748534,COST_DISADVANTAGE,Medium,BULLISH_STABLE,75.0,Aligned,risk_on,结构:STRUCTURAL_ACCUMULATION(A/A-); 阶段:Improving(B); 触发:Consolidation(C); 置信度:Medium,PASSED,C,matrix
00700,腾讯控股,2016-07-08,STRUCTURAL_ACCUMULATION,Improving,Consolidation,57.48412600748534,COST_DISADVANTAGE,Medium,BULLISH_STABLE,75.0,Aligned,neutral,结构:STRUCTURAL_ACCUMULATION(A/A-); 阶段:Improving(B); 触发:Consolidation(C); 置信度:Medium,PASSED,C,matrix
00700,腾讯控股,2016-07-15,STRUCTURAL_ACCUMULATION,Improving,Consolidation,57.48412600748534,COST_DISADVANTAGE,Medium,BULLISH_STABLE,75.0,Aligned,neutral,结构:STRUCTURAL_ACCUMULATION(A/A-); 阶段:Improving(B); 触发:Consolidation(C); 置信度:Medium,PASSED,C,matrix
00700,腾讯控股,2016-07-22,STRUCTURAL_ACCUMULATION,Improving,Consolidation,57.48412600748534,COST_DISADVANTAGE,Medium,BULLISH_STABLE,75.0,Aligned,risk_on,结构:STRUCTURAL_ACCUMULATION(A/A-); 阶段:Improving(B); 触发:Consolidation(C); 置信度:Medium,PASSED,C,matrix
00700,腾讯控股,2016-07-29,STRUCTURAL_ACCUMULATION,Improving,Consolidation,57.48412600748534,COST_DISADVANTAGE,Medium,BULLISH_STABLE,75.0,Aligned,risk_on,结构:STRUCTURAL_ACCUMULATION(A/A-); 阶段:Improving(B); 触发:Consolidation(C); 置信度:Medium,PASSED,C,matrix
00700,腾讯控股,2016-08-05,STRUCTURAL_ACCUMULATION,Improving,Consolidation,69.4246015676895,COST_DISADVANTAGE,Medium,BULLISH_STABLE,75.0,Aligned,risk_on,结构:STRUCTURAL_ACCUMULATION(A/A-); 阶段:Improving(B); 触发:Consolidation(C); 置信度:Medium,PASSED,C,matrix
00700,腾讯控股,2016-08-12,STRUCTURAL_ACCUMULATION,Improving,Consolidation,69.4246015676895,COST_DISADVANTAGE,Medium,BULLISH_STABLE,75.0,Aligned,risk_on,结构:STRUCTURAL_ACCUMULATION(A/A-); 阶段:Improving(B); 触发:Consolidation(C); 置信度:Medium,PASSED,C,matrix
00700,腾讯控股,2016-08-19,STRUCTURAL_ACCUMULATION,Improving,Consolidation,69.4246015676895,COST_DISADVANTAGE,Medium,BULLISH_STABLE,75.0,Aligned,risk_on,结构:STRUCTURAL_ACCUMULATION(A/A-); 阶段:Improving(B); 触发:Consolidation(C); 置信度:Medium,PASSED,B,matrix
00700,腾讯控股,2016-08-26,STRUCTURAL_ACCUMULATION,Improving,Consolidation,69.4246015676895,COST_DISADVANTAGE,Medium,BULLISH_STABLE,75.0,Aligned,risk_on,结构:STRUCTURAL_ACCUMULATION(A/A-); 阶段:Improving(B); 触发:Consolidation(C); 置信度:Medium,PASSED,B,matrix
00700,腾讯控股,2016-09-02,STRUCTURAL_ACCUMULATION,Improving,Consolidation,64.99651688325116,COST_NEUTRAL,Medium,BULLISH_STABLE,75.0,Aligned,risk_on,结构:STRUCTURAL_ACCUMULATION(A/A-); 阶段:Improving(B); 触发:Consolidation(C); 置信度:Medium,PASSED,B,matrix
00700,腾讯控股,2016-09-09,STRUCTURAL_ACCUMULATION,Improving,Consolidation,64.99651688325116,COST_NEUTRAL,Medium,BULLISH_STABLE,75.0,Aligned,risk_on,结构:STRUCTURAL_ACCUMULATION(A/A-); 阶段:Improving(B); 触发:Consolidation(C); 置信度:Medium,PASSED,B,matrix
00700,腾讯控股,2016-09-16,STRUCTURAL_ACCUMULATION,Improving,Consolidation,64.99651688325116,COST_NEUTRAL,Medium,BULLISH_STABLE,75.0,Aligned,risk_on,结构:STRUCTURAL_ACCUMULATION(A/A-); 阶段:Improving(B); 触发:Consolidation(C); 置信度:Medium,PASSED,B,matrix
00700,腾讯控股,2016-09-23,STRUCTURAL_ACCUMULATION,Improving,Consolidation,64.99651688325116,COST_NEUTRAL,Medium,BULLISH_STABLE,75.0,Aligned,risk_on,结构:STRUCTURAL_ACCUMULATION(A/A-); 阶段:Improving(B); 触发:Consolidation(C); 置信度:Medium,PASSED,B,matrix
00700,腾讯控股,2016-09-30,STRUCTURAL_ACCUMULATION,Improving,Consolidation,57.02915342594171,COST_DISADVANTAGE,Medium,BULLISH_STABLE,75.0,Aligned,risk_on,结构:STRUCTURAL_ACCUMULATION(A/A-); 阶段:Improving(B); 触发:Consolidation(C); 置信度:Medium,PASSED,B,matrix
00700,腾讯控股,2016-10-07,STRUCTURAL_ACCUMULATION,Improving,Consolidation,57.02915342594171,COST_DISADVANTAGE,Medium,BULLISH_STABLE,75.0,Aligned,risk_on,结构:STRUCTURAL_ACCUMULATION(A/A-); 阶段:Improving(B); 触发:Consolidation(C); 置信度:Medium,PASSED,B,matrix
00700,腾讯控股,2016-10-14,STRUCTURAL_ACCUMULATION,Improving,Pullback,57.02915342594171,COST_DISADVANTAGE,Medium,BULLISH_STABLE,75.0,Aligned,risk_on,结构:STRUCTURAL_ACCUMULATION(A/A-); 阶段:Improving(B); 触发:Pullback(C); 置信度:Medium,PASSED,B,fallback
00700,腾讯控股,2016-10-21,STRUCTURAL_ACCUMULATION,Improving,Consolidation,57.02915342594171,COST_DISADVANTAGE,Medium,BULLISH_STABLE,75.0,Aligned,risk_on,结构:STRUCTURAL_ACCUMULATION(A/A-); 阶段:Improving(B); 触发:Consolidation(C); 置信度:Medium,PASSED,B,matrix
00700,腾讯控股,2016-10-28,STRUCTURAL_ACCUMULATION,Improving,Pullback,57.02915342594171,COST_DISADVANTAGE,Medium,BULLISH_STABLE,75.0,Aligned,risk_on,结构:STRUCTURAL_ACCUMULATION(A/A-); 阶段:Improving(B); 触发:Pullback(C); 置信度:Medium,PASSED,B,fallback
00700,腾讯控股,2016-11-04,STRUCTURAL_ACCUMULATION,Deteriorating,Pullback,62.622488711360845,COST_DISADVANTAGE,Medium,BULLISH_STABLE,75.0,Divergence,neutral,结构:STRUCTURAL_ACCUMULATION(A/A-); 阶段:Deteriorating(B); 触发:Pullback(C); 置信度:Medium,PASSED,B,fallback
00700,腾讯控股,2016-11-11,STRUCTURAL_ACCUMULATION,Deteriorating,Pullback,62.622488711360845,COST_DISADVANTAGE,Medium,BULLISH_STABLE,75.0,Divergence,neutral,结构:STRUCTURAL_ACCUMULATION(A/A-); 阶段:Deteriorating(B); 触发:Pullback(C); 置信度:Medium,PASSED,B,fallback
00700,腾讯控股,2016-11-18,STRUCTURAL_ACCUMULATION,Deteriorating,Consolidation,62.622488711360845,COST_DISADVANTAGE,Medium,BULLISH_STABLE,75.0,Divergence,risk_off,结构:STRUCTURAL_ACCUMULATION(A/A-); 阶段:Deteriorating(B); 触发:Consolidation(C); 置信度:Medium,PASSED,B,fallback
00700,腾讯控股,2016-11-25,STRUCTURAL_ACCUMULATION,Deteriorating,Consolidation,62.622488711360845,COST_DISADVANTAGE,Medium,BULLISH_STABLE,75.0,Divergence,neutral,结构:STRUCTURAL_ACCUMULATION(A/A-); 阶段:Deteriorating(B); 触发:Consolidation(C); 置信度:Medium,PASSED,B,fallback
00700,腾讯控股,2016-12-02,STRUCTURAL_ACCUMULATION,Deteriorating,Consolidation,27.712398402660888,COST_DISADVANTAGE,Low,BULLISH_STABLE,75.0,Divergence,risk_off,结构:STRUCTURAL_ACCUMULATION(A/A-); 阶段:Deteriorating(B); 触发:Consolidation(C); 置信度:Low,PASSED,B,fallback
00700,腾讯控股,2016-12-09,STRUCTURAL_ACCUMULATION,Deteriorating,Consolidation,27.712398402660888,COST_DISADVANTAGE,Low,BULLISH_STABLE,75.0,Divergence,neutral,结构:STRUCTURAL_ACCUMULATION(A/A-); 阶段:Deteriorating(B); 触发:Consolidation(C); 置信度:Low,PASSED,B,fallback
00700,腾讯控股,2016-12-16,STRUCTURAL_ACCUMULATION,Deteriorating,Consolidation,27.712398402660888,COST_DISADVANTAGE,Low,BULLISH_STABLE,75.0,Divergence,risk_off,结构:STRUCTURAL_ACCUMULATION(A/A-); 阶段:Deteriorating(B); 触发:Consolidation(C); 置信度:Low,PASSED,B,fallback
00700,腾讯控股,2016-12-23,STRUCTURAL_ACCUMULATION,Deteriorating,Breakdown,27.712398402660888,COST_DISADVANTAGE,Low,BULLISH_WARNING,55.0,Divergence,risk_off,结构:STRUCTURAL_ACCUMULATION(A/A-); 阶段:Deteriorating(B); 触发:Breakdown(C); 置信度:Low,PASSED,B,matrix
00700,腾讯控股,2016-12-30,STRUCTURAL_ACCUMULATION,Deteriorating,Consolidation,27.712398402660888,COST_DISADVANTAGE,Low,BULLISH_STABLE,75.0,Divergence,risk_off,结构:STRUCTURAL_ACCUMULATION(A/A-); 阶段:Deteriorating(B); 触发:Consolidation(C); 置信度:Low,PASSED,B,fallback
00700,腾讯控股,2017-01-06,STRUCTURAL_ACCUMULATION,Stable,Consolidation,28.594346000117813,COST_DISADVANTAGE,Low,BULLISH_STABLE,75.0,Aligned,risk_off,结构:STRUCTURAL_ACCUMULATION(A/A-); 阶段:Stable(B); 触发:Consolidation(C); 置信度:Low,PASSED,B,fallback
00700,腾讯控股,2017-01-13,STRUCTURAL_ACCUMULATION,Stable,Consolidation,28.594346000117813,COST_DISADVANTAGE,Low,BULLISH_STABLE,75.0,Aligned,neutral,结构:STRUCTURAL_ACCUMULATION(A/A-); 阶段:Stable(B); 触发:Consolidation(C); 置信度:Low,PASSED,B,fallback
00700,腾讯控股,2017-01-20,STRUCTURAL_ACCUMULATION,Stable,Consolidation,28.594346000117813,COST_DISADVANTAGE,Low,BULLISH_STABLE,75.0,Aligned,risk_off,结构:STRUCTURAL_ACCUMULATION(A/A-); 阶段:Stable(B); 触发:Consolidation(C); 置信度:Low,PASSED,B,fallback
00700,腾讯控股,2017-01-27,STRUCTURAL_ACCUMULATION,Stable,Consolidation,28.594346000117813,COST_DISADVANTAGE,Low,BULLISH_STABLE,75.0,Aligned,neutral,结构:STRUCTURAL_ACCUMULATION(A/A-); 阶段:Stable(B); 触发:Consolidation(C); 置信度:Low,PASSED,B,fallback
00700,腾讯控股,2017-02-03,STRUCTURAL_ACCUMULATION,Improving,Consolidation,40.730706099144655,COST_DISADVANTAGE,Medium,BULLISH_STABLE,75.0,Aligned,risk_on,结构:STRUCTURAL_ACCUMULATION(A/A-); 阶段:Improving(B); 触发:Consolidation(C); 置信度:Medium,PASSED,B,matrix
00700,腾讯控股,2017-02-10,STRUCTURAL_ACCUMULATION,Improving,Consolidation,40.730706099144655,COST_DISADVANTAGE,Medium,BULLISH_STABLE,75.0,Aligned,risk_on,结构:STRUCTURAL_ACCUMULATION(A/A-); 阶段:Improving(B); 触发:Consolidation(C); 置信度:Medium,PASSED,B,matrix
00700,腾讯控股,2017-02-17,STRUCTURAL_DECLINE,Improving,Consolidation,40.730706099144655,COST_DISADVANTAGE,Low,BEARISH_CONFIRMED,20.0,Divergence,risk_on,结构:STRUCTURAL_DECLINE(A/A-); 阶段:Improving(B); 触发:Consolidation(C); 置信度:Low,PASSED,C,fallback
00700,腾讯控股,2017-02-24,STRUCTURAL_DECLINE,Improving,Consolidation,40.730706099144655,COST_DISADVANTAGE,Low,BEARISH_CONFIRMED,20.0,Divergence,risk_on,结构:STRUCTURAL_DECLINE(A/A-); 阶段:Improving(B); 触发:Consolidation(C); 置信度:Low,PASSED,C,fallback
00700,腾讯控股,2017-03-03,STRUCTURAL_DECLINE,Stable,Consolidation,45.1784380824382,COST_DISADVANTAGE,Low,BEARISH_CONFIRMED,20.0,Aligned,risk_on,结构:STRUCTURAL_DECLINE(A/A-); 阶段:Stable(B); 触发:Consolidation(C); 置信度:Low,PASSED,C,fallback
00700,腾讯控股,2017-03-10,STRUCTURAL_DECLINE,Stable,Consolidation,45.1784380824382,COST_DISADVANTAGE,Low,BEARISH_CONFIRMED,20.0,Aligned,risk_on,结构:STRUCTURAL_DECLINE(A/A-); 阶段:Stable(B); 触发:Consolidation(C); 置信度:Low,PASSED,C,fallback
00700,腾讯控股,2017-03-17,STRUCTURAL_DECLINE,Stable,Consolidation,45.1784380824382,COST_DISADVANTAGE,Low,BEARISH_CONFIRMED,20.0,Aligned,risk_on,结构:STRUCTURAL_DECLINE(A/A-); 阶段:Stable(B); 触发:Consolidation(C); 置信度:Low,PASSED,C,fallback
00700,腾讯控股,2017-03-24,STRUCTURAL_DECLINE,Stable,Consolidation,45.1784380824382,COST_DISADVANTAGE,Low,BEARISH_CONFIRMED,20.0,Aligned,risk_on,结构:STRUCTURAL_DECLINE(A/A-); 阶段:Stable(B); 触发:Consolidation(C); 置信度:Low,PASSED,C,fallback
00700,腾讯控股,2017-03-31,STRUCTURAL_DECLINE,Stable,Consolidation,48.302741235018985,COST_DISADVANTAGE,Low,BEARISH_CONFIRMED,20.0,Aligned,risk_on,结构:STRUCTURAL_DECLINE(A/A-); 阶段:Stable(B); 触发:Consolidation(C); 置信度:Low,PASSED,C,fallback
00700,腾讯控股,2017-04-07,STRUCTURAL_DECLINE,Stable,Consolidation,48.302741235018985,COST_DISADVANTAGE,Low,BEARISH_CONFIRMED,20.0,Aligned,risk_on,结构:STRUCTURAL_DECLINE(A/A-); 阶段:Stable(B); 触发:Consolidation(C); 置信度:Low,PASSED,C,fallback
00700,腾讯控股,2017-04-14,STRUCTURAL_DECLINE,Stable,Consolidation,48.302741235018985,COST_DISADVANTAGE,Low,BEARISH_CONFIRMED,20.0,Aligned,risk_on,结构:STRUCTURAL_DECLINE(A/A-); 阶段:Stable(B); 触发:Consolidation(C); 置信度:Low,PASSED,C,fallback
00700,腾讯控股,2017-04-21,STRUCTURAL_DECLINE,Stable,Consolidation,48.302741235018985,COST_DISADVANTAGE,Low,BEARISH_CONFIRMED,20.0,Aligned,risk_on,结构:STRUCTURAL_DECLINE(A/A-); 阶段:Stable(B); 触发:Consolidation(C); 置信度:Low,PASSED,C,fallback
00700,腾讯控股,2017-04-28,STRUCTURAL_DECLINE,Stable,Consolidation,48.302741235018985,COST_DISADVANTAGE,Low,BEARISH_CONFIRMED,20.0,Aligned,risk_on,结构:STRUCTURAL_DECLINE(A/A-); 阶段:Stable(B); 触发:Consolidation(C); 置信度:Low,PASSED,C,fallback
00700,腾讯控股,2017-05-05,STRUCTURAL_DECLINE,Improving,Consolidation,56.51994157786855,COST_NEUTRAL,Low,BEARISH_CONFIRMED,20.0,Divergence,risk_on,结构:STRUCTURAL_DECLINE(A/A-); 阶段:Improving(B); 触发:Consolidation(C); 置信度:Low,PASSED,C,fallback
00700,腾讯控股,2017-05-12,STRUCTURAL_DECLINE,Improving,Consolidation,56.51994157786855,COST_NEUTRAL,Low,BEARISH_CONFIRMED,20.0,Divergence,risk_on,结构:STRUCTURAL_DECLINE(A/A-); 阶段:Improving(B); 触发:Consolidation(C); 置信度:Low,PASSED,C,fallback
00700,腾讯控股,2017-05-19,STRUCTURAL_DECLINE,Improving,Consolidation,56.51994157786855,COST_NEUTRAL,Medium,BEARISH_CONFIRMED,20.0,Divergence,risk_on,结构:STRUCTURAL_DECLINE(A/A-); 阶段:Improving(B); 触发:Consolidation(C); 置信度:Medium,PASSED,B,fallback
00700,腾讯控股,2017-05-26,STRUCTURAL_DECLINE,Improving,Consolidation,56.51994157786855,COST_NEUTRAL,Medium,BEARISH_CONFIRMED,20.0,Divergence,risk_on,结构:STRUCTURAL_DECLINE(A/A-); 阶段:Improving(B); 触发:Consolidation(C); 置信度:Medium,PASSED,B,fallback
00700,腾讯控股,2017-06-02,STRUCTURAL_DECLINE,Stable,Consolidation,25.70472441868102,COST_NEUTRAL,Low,BEARISH_CONFIRMED,20.0,Aligned,risk_on,结构:STRUCTURAL_DECLINE(A/A-); 阶段:Stable(B); 触发:Consolidation(C); 置信度:Low,PASSED,B,fallback
00700,腾讯控股,2017-06-09,STRUCTURAL_DECLINE,Stable,Consolidation,25.70472441868102,COST_NEUTRAL,Low,BEARISH_CONFIRMED,20.0,Aligned,risk_on,结构:STRUCTURAL_DECLINE(A/A-); 阶段:Stable(B); 触发:Consolidation(C); 置信度:Low,PASSED,B,fallback
00700,腾讯控股,2017-06-16,STRUCTURAL_DECLINE,Stable,Consolidation,25.70472441868102,COST_NEUTRAL,Low,BEARISH_CONFIRMED,20.0,Aligned,risk_on,结构:STRUCTURAL_DECLINE(A/A-); 阶段:Stable(B); 触发:Consolidation(C); 置信度:Low,PASSED,B,fallback
00700,腾讯控股,2017-06-23,STRUCTURAL_DECLINE,Stable,Consolidation,25.70472441868102,COST_NEUTRAL,Low,BEARISH_CONFIRMED,20.0,Aligned,risk_on,结构:STRUCTURAL_DECLINE(A/A-); 阶段:Stable(B); 触发:Consolidation(C); 置信度:Low,PASSED,B,fallback
00700,腾讯控股,2017-06-30,STRUCTURAL_DECLINE,Stable,Consolidation,27.687122499211874,COST_DISADVANTAGE,Low,BEARISH_CONFIRMED,20.0,Aligned,risk_on,结构:STRUCTURAL_DECLINE(A/A-); 阶段:Stable(B); 触发:Consolidation(C); 置信度:Low,PASSED,B,fallback
00700,腾讯控股,2017-07-07,STRUCTURAL_DECLINE,Stable,Pullback,27.687122499211874,COST_DISADVANTAGE,Low,BEARISH_CONFIRMED,20.0,Aligned,risk_on,结构:STRUCTURAL_DECLINE(A/A-); 阶段:Stable(B); 触发:Pullback(C); 置信度:Low,PASSED,B,fallback
00700,腾讯控股,2017-07-14,STRUCTURAL_DECLINE,Stable,Consolidation,27.687122499211874,COST_DISADVANTAGE,Low,BEARISH_CONFIRMED,20.0,Aligned,risk_on,结构:STRUCTURAL_DECLINE(A/A-); 阶段:Stable(B); 触发:Consolidation(C); 置信度:Low,PASSED,B,fallback
00700,腾讯控股,2017-07-21,STRUCTURAL_DECLINE,Stable,Consolidation,27.687122499211874,COST_DISADVANTAGE,Low,BEARISH_CONFIRMED,20.0,Aligned,risk_on,结构:STRUCTURAL_DECLINE(A/A-); 阶段:Stable(B); 触发:Consolidation(C); 置信度:Low,PASSED,B,fallback
00700,腾讯控股,2017-07-28,STRUCTURAL_DECLINE,Stable,Consolidation,27.687122499211874,COST_DISADVANTAGE,Low,BEARISH_CONFIRMED,20.0,Aligned,risk_on,结构:STRUCTURAL_DECLINE(A/A-); 阶段:Stable(B); 触发:Consolidation(C); 置信度:Low,PASSED,B,fallback
00700,腾讯控股,2017-08-04,STRUCTURAL_DECLINE,Stable,Consolidation,34.72813977969352,COST_NEUTRAL,Low,BEARISH_CONFIRMED,20.0,Aligned,risk_on,结构:STRUCTURAL_DECLINE(A/A-); 阶段:Stable(B); 触发:Consolidation(C); 置信度:Low,PASSED,B,fallback
00700,腾讯控股,2017-08-11,STRUCTURAL_DECLINE,Stable,Consolidation,34.72813977969352,COST_NEUTRAL,Low,BEARISH_CONFIRMED,20.0,Aligned,risk_on,结构:STRUCTURAL_DECLINE(A/A-); 阶段:Stable(B); 触发:Consolidation(C); 置信度:Low,PASSED,B,fallback
00700,腾讯控股,2017-08-18,STRUCTURAL_DECLINE,Stable,Consolidation,34.72813977969352,COST_NEUTRAL,Low,BEARISH_CONFIRMED,20.0,Aligned,risk_on,结构:STRUCTURAL_DECLINE(A/A-); 阶段:Stable(B); 触发:Consolidation(C); 置信度:Low,PASSED,B,fallback
00700,腾讯控股,2017-08-25,STRUCTURAL_DECLINE,Stable,Consolidation,34.72813977969352,COST_NEUTRAL,Low,BEARISH_CONFIRMED,20.0,Aligned,risk_on,结构:STRUCTURAL_DECLINE(A/A-); 阶段:Stable(B); 触发:Consolidation(C); 置信度:Low,PASSED,B,fallback
00700,腾讯控股,2017-09-01,STRUCTURAL_DECLINE,Stable,Consolidation,21.661808845701074,COST_NEUTRAL,Low,BEARISH_CONFIRMED,20.0,Aligned,risk_on,结构:STRUCTURAL_DECLINE(A/A-); 阶段:Stable(B); 触发:Consolidation(C); 置信度:Low,PASSED,B,fallback
00700,腾讯控股,2017-09-08,STRUCTURAL_DECLINE,Stable,Consolidation,21.661808845701074,COST_NEUTRAL,Low,BEARISH_CONFIRMED,20.0,Aligned,risk_on,结构:STRUCTURAL_DECLINE(A/A-); 阶段:Stable(B); 触发:Consolidation(C); 置信度:Low,PASSED,B,fallback
00700,腾讯控股,2017-09-15,STRUCTURAL_DECLINE,Stable,Consolidation,21.661808845701074,COST_NEUTRAL,Low,BEARISH_CONFIRMED,20.0,Aligned,risk_on,结构:STRUCTURAL_DECLINE(A/A-); 阶段:Stable(B); 触发:Consolidation(C); 置信度:Low,PASSED,B,fallback
00700,腾讯控股,2017-09-22,STRUCTURAL_DECLINE,Stable,Consolidation,21.661808845701074,COST_NEUTRAL,Low,BEARISH_CONFIRMED,20.0,Aligned,risk_on,结构:STRUCTURAL_DECLINE(A/A-); 阶段:Stable(B); 触发:Consolidation(C); 置信度:Low,PASSED,B,fallback
00700,腾讯控股,2017-09-29,STRUCTURAL_DECLINE,Stable,Consolidation,21.661808845701074,COST_NEUTRAL,Low,BEARISH_CONFIRMED,20.0,Aligned,risk_on,结构:STRUCTURAL_DECLINE(A/A-); 阶段:Stable(B); 触发:Consolidation(C); 置信度:Low,PASSED,B,fallback
00700,腾讯控股,2017-10-06,STRUCTURAL_DECLINE,Improving,Consolidation,41.45558864902746,COST_DISADVANTAGE,Medium,BEARISH_CONFIRMED,20.0,Divergence,risk_on,结构:STRUCTURAL_DECLINE(A/A-); 阶段:Improving(B); 触发:Consolidation(C); 置信度:Medium,PASSED,B,fallback
00700,腾讯控股,2017-10-13,STRUCTURAL_DECLINE,Improving,Consolidation,41.45558864902746,COST_DISADVANTAGE,Medium,BEARISH_CONFIRMED,20.0,Divergence,risk_on,结构:STRUCTURAL_DECLINE(A/A-); 阶段:Improving(B); 触发:Consolidation(C); 置信度:Medium,PASSED,B,fallback
00700,腾讯控股,2017-10-20,STRUCTURAL_DECLINE,Improving,Consolidation,41.45558864902746,COST_DISADVANTAGE,Medium,BEARISH_CONFIRMED,20.0,Divergence,risk_on,结构:STRUCTURAL_DECLINE(A/A-); 阶段:Improving(B); 触发:Consolidation(C); 置信度:Medium,PASSED,B,fallback
00700,腾讯控股,2017-10-27,STRUCTURAL_DECLINE,Improving,Consolidation,41.45558864902746,COST_DISADVANTAGE,Medium,BEARISH_CONFIRMED,20.0,Divergence,risk_on,结构:STRUCTURAL_DECLINE(A/A-); 阶段:Improving(B); 触发:Consolidation(C); 置信度:Medium,PASSED,B,fallback
00700,腾讯控股,2017-11-03,STRUCTURAL_DECLINE,Improving,Consolidation,55.91075932956582,COST_NEUTRAL,Medium,BEARISH_CONFIRMED,20.0,Divergence,risk_on,结构:STRUCTURAL_DECLINE(A/A-); 阶段:Improving(B); 触发:Consolidation(C); 置信度:Medium,PASSED,B,fallback
00700,腾讯控股,2017-11-10,STRUCTURAL_DECLINE,Improving,Consolidation,55.91075932956582,COST_NEUTRAL,Medium,BEARISH_CONFIRMED,20.0,Divergence,risk_on,结构:STRUCTURAL_DECLINE(A/A-); 阶段:Improving(B); 触发:Consolidation(C); 置信度:Medium,PASSED,B,fallback
00700,腾讯控股,2017-11-17,STRUCTURAL_DECLINE,Improving,Consolidation,55.91075932956582,COST_NEUTRAL,Medium,BEARISH_CONFIRMED,20.0,Divergence,risk_on,结构:STRUCTURAL_DECLINE(A/A-); 阶段:Improving(B); 触发:Consolidation(C); 置信度:Medium,PASSED,B,fallback
00700,腾讯控股,2017-11-24,STRUCTURAL_DECLINE,Improving,Consolidation,55.91075932956582,COST_NEUTRAL,Medium,BEARISH_CONFIRMED,20.0,Divergence,risk_on,结构:STRUCTURAL_DECLINE(A/A-); 阶段:Improving(B); 触发:Consolidation(C); 置信度:Medium,PASSED,B,fallback
00700,腾讯控股,2017-12-01,STRUCTURAL_DECLINE,Stable,Pullback,24.143566248782413,COST_NEUTRAL,Low,BEARISH_CONFIRMED,20.0,Aligned,risk_on,结构:STRUCTURAL_DECLINE(A/A-); 阶段:Stable(B); 触发:Pullback(C); 置信度:Low,PASSED,B,fallback
00700,腾讯控股,2017-12-08,STRUCTURAL_DECLINE,Stable,Consolidation,24.143566248782413,COST_NEUTRAL,Low,BEARISH_CONFIRMED,20.0,Aligned,risk_on,结构:STRUCTURAL_DECLINE(A/A-); 阶段:Stable(B); 触发:Consolidation(C); 置信度:Low,PASSED,B,fallback
00700,腾讯控股,2017-12-15,STRUCTURAL_DECLINE,Stable,Pullback,24.143566248782413,COST_NEUTRAL,Low,BEARISH_CONFIRMED,20.0,Aligned,risk_on,结构:STRUCTURAL_DECLINE(A/A-); 阶段:Stable(B); 触发:Pullback(C); 置信度:Low,PASSED,B,fallback
00700,腾讯控股,2017-12-22,STRUCTURAL_DECLINE,Stable,Consolidation,24.143566248782413,COST_NEUTRAL,Low,BEARISH_CONFIRMED,20.0,Aligned,risk_on,结构:STRUCTURAL_DECLINE(A/A-); 阶段:Stable(B); 触发:Consolidation(C); 置信度:Low,PASSED,B,fallback
00700,腾讯控股,2017-12-29,STRUCTURAL_DECLINE,Stable,Consolidation,24.143566248782413,COST_NEUTRAL,Low,BEARISH_CONFIRMED,20.0,Aligned,risk_on,结构:STRUCTURAL_DECLINE(A/A-); 阶段:Stable(B); 触发:Consolidation(C); 置信度:Low,PASSED,B,fallback
00700,腾讯控股,2018-01-05,STRUCTURAL_DECLINE,Stable,Consolidation,22.687907519559943,COST_NEUTRAL,Low,BEARISH_CONFIRMED,20.0,Aligned,risk_on,结构:STRUCTURAL_DECLINE(A/A-); 阶段:Stable(B); 触发:Consolidation(C); 置信度:Low,PASSED,B,fallback
00700,腾讯控股,2018-01-12,STRUCTURAL_DECLINE,Stable,Consolidation,22.687907519559943,COST_NEUTRAL,Low,BEARISH_CONFIRMED,20.0,Aligned,risk_on,结构:STRUCTURAL_DECLINE(A/A-); 阶段:Stable(B); 触发:Consolidation(C); 置信度:Low,PASSED,B,fallback
00700,腾讯控股,2018-01-19,STRUCTURAL_DECLINE,Stable,Consolidation,22.687907519559943,COST_NEUTRAL,Low,BEARISH_CONFIRMED,20.0,Aligned,risk_on,结构:STRUCTURAL_DECLINE(A/A-); 阶段:Stable(B); 触发:Consolidation(C); 置信度:Low,PASSED,B,fallback
00700,腾讯控股,2018-01-26,STRUCTURAL_DECLINE,Stable,Consolidation,22.687907519559943,COST_NEUTRAL,Low,BEARISH_CONFIRMED,20.0,Aligned,risk_on,结构:STRUCTURAL_DECLINE(A/A-); 阶段:Stable(B); 触发:Consolidation(C); 置信度:Low,PASSED,B,fallback
00700,腾讯控股,2018-02-02,STRUCTURAL_DECLINE,Stable,Consolidation,38.899341966322496,COST_NEUTRAL,Low,BEARISH_CONFIRMED,20.0,Aligned,risk_on,结构:STRUCTURAL_DECLINE(A/A-); 阶段:Stable(B); 触发:Consolidation(C); 置信度:Low,PASSED,B,fallback
00700,腾讯控股,2018-02-09,STRUCTURAL_DECLINE,Stable,Pullback,38.899341966322496,COST_NEUTRAL,Low,BEARISH_CONFIRMED,20.0,Aligned,risk_off,结构:STRUCTURAL_DECLINE(A/A-); 阶段:Stable(B); 触发:Pullback(C); 置信度:Low,PASSED,B,fallback
00700,腾讯控股,2018-02-16,STRUCTURAL_DIVERGENCE,Stable,Consolidation,38.899341966322496,COST_NEUTRAL,Low,BULLISH_WARNING,55.0,Aligned,risk_on,结构:STRUCTURAL_DIVERGENCE(A/A-); 阶段:Stable(B); 触发:Consolidation(C); 置信度:Low,PASSED,C,fallback
00700,腾讯控股,2018-02-23,STRUCTURAL_DIVERGENCE,Stable,Consolidation,38.899341966322496,COST_NEUTRAL,Low,BULLISH_WARNING,55.0,Aligned,risk_on,结构:STRUCTURAL_DIVERGENCE(A/A-); 阶段:Stable(B); 触发:Consolidation(C); 置信度:Low,PASSED,C,fallback
00700,腾讯控股,2018-03-02,STRUCTURAL_DIVERGENCE,Deteriorating,Pullback,44.63596878761456,COST_NEUTRAL,Low,BULLISH_WARNING,55.0,Aligned,risk_off,结构:STRUCTURAL_DIVERGENCE(A/A-); 阶段:Deteriorating(B); 触发:Pullback(C); 置信度:Low,PASSED,C,fallback
00700,腾讯控股,2018-03-09,STRUCTURAL_DIVERGENCE,Deteriorating,Consolidation,44.63596878761456,COST_NEUTRAL,Low,BULLISH_WARNING,55.0,Aligned,risk_on,结构:STRUCTURAL_DIVERGENCE(A/A-); 阶段:Deteriorating(B); 触发:Consolidation(C); 置信度:Low,PASSED,C,fallback
00700,腾讯控股,2018-03-16,STRUCTURAL_DIVERGENCE,Deteriorating,Consolidation,44.63596878761456,COST_NEUTRAL,Low,BULLISH_WARNING,55.0,Aligned,risk_on,结构:STRUCTURAL_DIVERGENCE(A/A-); 阶段:Deteriorating(B); 触发:Consolidation(C); 置信度:Low,PASSED,C,fallback
00700,腾讯控股,2018-03-23,STRUCTURAL_DIVERGENCE,Deteriorating,Pullback,44.63596878761456,COST_NEUTRAL,Low,BULLISH_WARNING,55.0,Aligned,risk_off,结构:STRUCTURAL_DIVERGENCE(A/A-); 阶段:Deteriorating(B); 触发:Pullback(C); 置信度:Low,PASSED,C,fallback
00700,腾讯控股,2018-03-30,STRUCTURAL_DIVERGENCE,Deteriorating,Consolidation,44.63596878761456,COST_NEUTRAL,Low,BULLISH_WARNING,55.0,Aligned,risk_off,结构:STRUCTURAL_DIVERGENCE(A/A-); 阶段:Deteriorating(B); 触发:Consolidation(C); 置信度:Low,PASSED,C,fallback
00700,腾讯控股,2018-04-06,STRUCTURAL_DIVERGENCE,Deteriorating,Consolidation,34.99397903545077,COST_DISADVANTAGE,Low,BULLISH_WARNING,55.0,Aligned,risk_off,结构:STRUCTURAL_DIVERGENCE(A/A-); 阶段:Deteriorating(B); 触发:Consolidation(C); 置信度:Low,PASSED,C,fallback
00700,腾讯控股,2018-04-13,STRUCTURAL_DIVERGENCE,Deteriorating,Consolidation,34.99397903545077,COST_DISADVANTAGE,Low,BULLISH_WARNING,55.0,Aligned,neutral,结构:STRUCTURAL_DIVERGENCE(A/A-); 阶段:Deteriorating(B); 触发:Consolidation(C); 置信度:Low,PASSED,C,fallback
00700,腾讯控股,2018-04-20,STRUCTURAL_DIVERGENCE,Deteriorating,Consolidation,34.99397903545077,COST_DISADVANTAGE,Low,BULLISH_WARNING,55.0,Aligned,risk_off,结构:STRUCTURAL_DIVERGENCE(A/A-); 阶段:Deteriorating(B); 触发:Consolidation(C); 置信度:Low,PASSED,C,fallback
00700,腾讯控股,2018-04-27,STRUCTURAL_DIVERGENCE,Deteriorating,Consolidation,34.99397903545077,COST_DISADVANTAGE,Low,BULLISH_WARNING,55.0,Aligned,risk_off,结构:STRUCTURAL_DIVERGENCE(A/A-); 阶段:Deteriorating(B); 触发:Consolidation(C); 置信度:Low,PASSED,C,fallback
00700,腾讯控股,2018-05-04,STRUCTURAL_DIVERGENCE,Deteriorating,Consolidation,51.291222279232954,COST_DISADVANTAGE,Low,BULLISH_WARNING,55.0,Aligned,risk_off,结构:STRUCTURAL_DIVERGENCE(A/A-); 阶段:Deteriorating(B); 触发:Consolidation(C); 置信度:Low,PASSED,C,fallback
00700,腾讯控股,2018-05-11,STRUCTURAL_DIVERGENCE,Deteriorating,Consolidation,51.291222279232954,COST_DISADVANTAGE,Low,BULLISH_WARNING,55.0,Aligned,risk_on,结构:STRUCTURAL_DIVERGENCE(A/A-); 阶段:Deteriorating(B); 触发:Consolidation(C); 置信度:Low,PASSED,C,fallback
00700,腾讯控股,2018-05-18,STRUCTURAL_DIVERGENCE,Deteriorating,Consolidation,51.291222279232954,COST_DISADVANTAGE,Low,BULLISH_WARNING,55.0,Aligned,neutral,结构:STRUCTURAL_DIVERGENCE(A/A-); 阶段:Deteriorating(B); 触发:Consolidation(C); 置信度:Low,PASSED,B,fallback
00700,腾讯控股,2018-05-25,STRUCTURAL_DIVERGENCE,Deteriorating,Consolidation,51.291222279232954,COST_DISADVANTAGE,Low,BULLISH_WARNING,55.0,Aligned,risk_off,结构:STRUCTURAL_DIVERGENCE(A/A-); 阶段:Deteriorating(B); 触发:Consolidation(C); 置信度:Low,PASSED,B,fallback
00700,腾讯控股,2018-06-01,STRUCTURAL_DIVERGENCE,Improving,Consolidation,57.393397039264265,COST_DISADVANTAGE,Low,BULLISH_WARNING,55.0,Aligned,neutral,结构:STRUCTURAL_DIVERGENCE(A/A-); 阶段:Improving(B); 触发:Consolidation(C); 置信度:Low,PASSED,B,fallback
00700,腾讯控股,2018-06-08,STRUCTURAL_DIVERGENCE,Improving,Consolidation,57.393397039264265,COST_DISADVANTAGE,Low,BULLISH_WARNING,55.0,Aligned,neutral,结构:STRUCTURAL_DIVERGENCE(A/A-); 阶段:Improving(B); 触发:Consolidation(C); 置信度:Low,PASSED,B,fallback
00700,腾讯控股,2018-06-15,STRUCTURAL_DIVERGENCE,Improving,Consolidation,57.393397039264265,COST_DISADVANTAGE,Low,BULLISH_WARNING,55.0,Aligned,risk_off,结构:STRUCTURAL_DIVERGENCE(A/A-); 阶段:Improving(B); 触发:Consolidation(C); 置信度:Low,PASSED,B,fallback
00700,腾讯控股,2018-06-22,STRUCTURAL_DIVERGENCE,Improving,Consolidation,57.393397039264265,COST_DISADVANTAGE,Low,BULLISH_WARNING,55.0,Aligned,risk_off,结构:STRUCTURAL_DIVERGENCE(A/A-); 阶段:Improving(B); 触发:Consolidation(C); 置信度:Low,PASSED,B,fallback
00700,腾讯控股,2018-06-29,STRUCTURAL_DIVERGENCE,Improving,Consolidation,57.393397039264265,COST_DISADVANTAGE,Low,BULLISH_WARNING,55.0,Aligned,risk_off,结构:STRUCTURAL_DIVERGENCE(A/A-); 阶段:Improving(B); 触发:Consolidation(C); 置信度:Low,PASSED,B,fallback
00700,腾讯控股,2018-07-06,STRUCTURAL_DIVERGENCE,Stable,Consolidation,70.34605300540679,COST_DISADVANTAGE,Low,BULLISH_WARNING,55.0,Aligned,risk_off,结构:STRUCTURAL_DIVERGENCE(A/A-); 阶段:Stable(B); 触发:Consolidation(C); 置信度:Low,PASSED,B,fallback
00700,腾讯控股,2018-07-13,STRUCTURAL_DIVERGENCE,Stable,Consolidation,70.34605300540679,COST_DISADVANTAGE,Low,BULLISH_WARNING,55.0,Aligned,risk_off,结构:STRUCTURAL_DIVERGENCE(A/A-); 阶段:Stable(B); 触发:Consolidation(C); 置信度:Low,PASSED,B,fallback
00700,腾讯控股,2018-07-20,STRUCTURAL_DIVERGENCE,Stable,Consolidation,70.34605300540679,COST_DISADVANTAGE,Low,BULLISH_WARNING,55.0,Aligned,risk_off,结构:STRUCTURAL_DIVERGENCE(A/A-); 阶段:Stable(B); 触发:Consolidation(C); 置信度:Low,PASSED,B,fallback
00700,腾讯控股,2018-07-27,STRUCTURAL_DIVERGENCE,Stable,Consolidation,70.34605300540679,COST_DISADVANTAGE,Low,BULLISH_WARNING,55.0,Aligned,risk_off,结构:STRUCTURAL_DIVERGENCE(A/A-); 阶段:Stable(B); 触发:Consolidation(C); 置信度:Low,PASSED,B,fallback
00700,腾讯控股,2018-08-03,STRUCTURAL_DIVERGENCE,Deteriorating,Breakdown,68.59623969132802,COST_DISADVANTAGE,Low,BULLISH_WARNING,55.0,Aligned,risk_off,结构:STRUCTURAL_DIVERGENCE(A/A-); 阶段:Deteriorating(B); 触发:Breakdown(C); 置信度:Low,PASSED,B,matrix
00700,腾讯控股,2018-08-10,STRUCTURAL_DIVERGENCE,Deteriorating,Consolidation,68.59623969132802,COST_DISADVANTAGE,Low,BULLISH_WARNING,55.0,Aligned,risk_off,结构:STRUCTURAL_DIVERGENCE(A/A-); 阶段:Deteriorating(B); 触发:Consolidation(C); 置信度:Low,PASSED,B,fallback
00700,腾讯控股,2018-08-17,STRUCTURAL_BOTTOM_CANDIDATE,Deteriorating,Breakdown,68.59623969132802,COST_DISADVANTAGE,Medium,BULLISH_WARNING,55.0,Aligned,risk_off,结构:STRUCTURAL_BOTTOM_CANDIDATE(A/A-); 阶段:Deteriorating(B); 触发:Breakdown(C); 置信度:Medium,PASSED,C,fallback
00700,腾讯控股,2018-08-24,STRUCTURAL_BOTTOM_CANDIDATE,Deteriorating,Consolidation,68.59623969132802,COST_DISADVANTAGE,Medium,BULLISH_WARNING,55.0,Aligned,risk_off,结构:STRUCTURAL_BOTTOM_CANDIDATE(A/A-); 阶段:Deteriorating(B); 触发:Consolidation(C); 置信度:Medium,PASSED,C,fallback
00700,腾讯控股,2018-08-31,STRUCTURAL_BOTTOM_CANDIDATE,Deteriorating,Consolidation,24.954860601956756,COST_DISADVANTAGE,Low,BULLISH_WARNING,55.0,Aligned,risk_off,结构:STRUCTURAL_BOTTOM_CANDIDATE(A/A-); 阶段:Deteriorating(B); 触发:Consolidation(C); 置信度:Low,PASSED,C,fallback
00700,腾讯控股,2018-09-07,STRUCTURAL_BOTTOM_CANDIDATE,Deteriorating,Breakdown,24.954860601956756,COST_DISADVANTAGE,Low,BULLISH_WARNING,55.0,Aligned,risk_off,结构:STRUCTURAL_BOTTOM_CANDIDATE(A/A-); 阶段:Deteriorating(B); 触发:Breakdown(C); 置信度:Low,PASSED,C,fallback
00700,腾讯控股,2018-09-14,STRUCTURAL_BOTTOM_CANDIDATE,Deteriorating,Consolidation,24.954860601956756,COST_DISADVANTAGE,Low,BULLISH_WARNING,55.0,Aligned,risk_off,结构:STRUCTURAL_BOTTOM_CANDIDATE(A/A-); 阶段:Deteriorating(B); 触发:Consolidation(C); 置信度:Low,PASSED,C,fallback
00700,腾讯控股,2018-09-21,STRUCTURAL_BOTTOM_CANDIDATE,Deteriorating,Consolidation,24.954860601956756,COST_DISADVANTAGE,Low,BULLISH_WARNING,55.0,Aligned,neutral,结构:STRUCTURAL_BOTTOM_CANDIDATE(A/A-); 阶段:Deteriorating(B); 触发:Consolidation(C); 置信度:Low,PASSED,C,fallback
00700,腾讯控股,2018-09-28,STRUCTURAL_BOTTOM_CANDIDATE,Deteriorating,Consolidation,24.954860601956756,COST_DISADVANTAGE,Low,BULLISH_WARNING,55.0,Aligned,neutral,结构:STRUCTURAL_BOTTOM_CANDIDATE(A/A-); 阶段:Deteriorating(B); 触发:Consolidation(C); 置信度:Low,PASSED,C,fallback
00700,腾讯控股,2018-10-05,STRUCTURAL_BOTTOM_CANDIDATE,Stable,Breakdown,45.755236623052795,COST_DISADVANTAGE,Medium,BULLISH_WARNING,55.0,Aligned,risk_off,结构:STRUCTURAL_BOTTOM_CANDIDATE(A/A-); 阶段:Stable(B); 触发:Breakdown(C); 置信度:Medium,PASSED,C,fallback
00700,腾讯控股,2018-10-12,STRUCTURAL_BOTTOM_CANDIDATE,Stable,Breakdown,45.755236623052795,COST_DISADVANTAGE,Medium,BULLISH_WARNING,55.0,Aligned,risk_off,结构:STRUCTURAL_BOTTOM_CANDIDATE(A/A-); 阶段:Stable(B); 触发:Breakdown(C); 置信度:Medium,PASSED,C,fallback
00700,腾讯控股,2018-10-19,STRUCTURAL_BOTTOM_CANDIDATE,Stable,Consolidation,45.755236623052795,COST_DISADVANTAGE,Medium,BULLISH_WARNING,55.0,Aligned,risk_off,结构:STRUCTURAL_BOTTOM_CANDIDATE(A/A-); 阶段:Stable(B); 触发:Consolidation(C); 置信度:Medium,PASSED,C,fallback
00700,腾讯控股,2018-10-26,STRUCTURAL_BOTTOM_CANDIDATE,Stable,Breakdown,45.755236623052795,COST_DISADVANTAGE,Medium,BULLISH_WARNING,55.0,Aligned,risk_off,结构:STRUCTURAL_BOTTOM_CANDIDATE(A/A-); 阶段:Stable(B); 触发:Breakdown(C); 置信度:Medium,PASSED,C,fallback
00700,腾讯控股,2018-11-02,STRUCTURAL_BOTTOM_CANDIDATE,Deteriorating,Consolidation,31.805934317771843,COST_DISADVANTAGE,Low,BULLISH_WARNING,55.0,Aligned,risk_off,结构:STRUCTURAL_BOTTOM_CANDIDATE(A/A-); 阶段:Deteriorating(B); 触发:Consolidation(C); 置信度:Low,PASSED,C,fallback
00700,腾讯控股,2018-11-09,STRUCTURAL_BOTTOM_CANDIDATE,Deteriorating,Consolidation,31.805934317771843,COST_DISADVANTAGE,Low,BULLISH_WARNING,55.0,Aligned,risk_off,结构:STRUCTURAL_BOTTOM_CANDIDATE(A/A-); 阶段:Deteriorating(B); 触发:Consolidation(C); 置信度:Low,PASSED,C,fallback
00700,腾讯控股,2018-11-16,STRUCTURAL_BOTTOM_CANDIDATE,Deteriorating,Consolidation,31.805934317771843,COST_DISADVANTAGE,Low,BULLISH_WARNING,55.0,Aligned,risk_off,结构:STRUCTURAL_BOTTOM_CANDIDATE(A/A-); 阶段:Deteriorating(B); 触发:Consolidation(C); 置信度:Low,PASSED,C,fallback
00700,腾讯控股,2018-11-23,STRUCTURAL_BOTTOM_CANDIDATE,Deteriorating,Consolidation,31.805934317771843,COST_DISADVANTAGE,Low,BULLISH_WARNING,55.0,Aligned,risk_off,结构:STRUCTURAL_BOTTOM_CANDIDATE(A/A-); 阶段:Deteriorating(B); 触发:Consolidation(C); 置信度:Low,PASSED,C,fallback
00700,腾讯控股,2018-11-30,STRUCTURAL_BOTTOM_CANDIDATE,Improving,Consolidation,23.975642524588338,COST_NEUTRAL,Low,BULLISH_WARNING,55.0,Aligned,risk_off,结构:STRUCTURAL_BOTTOM_CANDIDATE(A/A-); 阶段:Improving(B); 触发:Consolidation(C); 置信度:Low,PASSED,C,fallback
00700,腾讯控股,2018-12-07,STRUCTURAL_BOTTOM_CANDIDATE,Improving,Consolidation,23.975642524588338,COST_NEUTRAL,Low,BULLISH_WARNING,55.0,Aligned,neutral,结构:STRUCTURAL_BOTTOM_CANDIDATE(A/A-); 阶段:Improving(B); 触发:Consolidation(C); 置信度:Low,PASSED,C,fallback
00700,腾讯控股,2018-12-14,STRUCTURAL_BOTTOM_CANDIDATE,Improving,Consolidation,23.975642524588338,COST_NEUTRAL,Low,BULLISH_WARNING,55.0,Aligned,risk_off,结构:STRUCTURAL_BOTTOM_CANDIDATE(A/A-); 阶段:Improving(B); 触发:Consolidation(C); 置信度:Low,PASSED,C,fallback
00700,腾讯控股,2018-12-21,STRUCTURAL_BOTTOM_CANDIDATE,Improving,Consolidation,23.975642524588338,COST_NEUTRAL,Low,BULLISH_WARNING,55.0,Aligned,risk_off,结构:STRUCTURAL_BOTTOM_CANDIDATE(A/A-); 阶段:Improving(B); 触发:Consolidation(C); 置信度:Low,PASSED,C,fallback
00700,腾讯控股,2018-12-28,STRUCTURAL_BOTTOM_CANDIDATE,Improving,Consolidation,23.975642524588338,COST_NEUTRAL,Low,BULLISH_WARNING,55.0,Aligned,risk_off,结构:STRUCTURAL_BOTTOM_CANDIDATE(A/A-); 阶段:Improving(B); 触发:Consolidation(C); 置信度:Low,PASSED,C,fallback
00700,腾讯控股,2019-01-04,STRUCTURAL_BOTTOM_CANDIDATE,Stable,Consolidation,51.5895801361746,COST_DISADVANTAGE,Medium,BULLISH_WARNING,55.0,Aligned,risk_off,结构:STRUCTURAL_BOTTOM_CANDIDATE(A/A-); 阶段:Stable(B); 触发:Consolidation(C); 置信度:Medium,PASSED,C,fallback
00700,腾讯控股,2019-01-11,STRUCTURAL_BOTTOM_CANDIDATE,Stable,Consolidation,51.5895801361746,COST_DISADVANTAGE,Medium,BULLISH_WARNING,55.0,Aligned,risk_on,结构:STRUCTURAL_BOTTOM_CANDIDATE(A/A-); 阶段:Stable(B); 触发:Consolidation(C); 置信度:Medium,PASSED,C,fallback
00700,腾讯控股,2019-01-18,STRUCTURAL_BOTTOM_CANDIDATE,Stable,Consolidation,51.5895801361746,COST_DISADVANTAGE,Medium,BULLISH_WARNING,55.0,Aligned,risk_on,结构:STRUCTURAL_BOTTOM_CANDIDATE(A/A-); 阶段:Stable(B); 触发:Consolidation(C); 置信度:Medium,PASSED,C,fallback
00700,腾讯控股,2019-01-25,STRUCTURAL_BOTTOM_CANDIDATE,Stable,Consolidation,51.5895801361746,COST_DISADVANTAGE,Medium,BULLISH_WARNING,55.0,Aligned,risk_on,结构:STRUCTURAL_BOTTOM_CANDIDATE(A/A-); 阶段:Stable(B); 触发:Consolidation(C); 置信度:Medium,PASSED,C,fallback
00700,腾讯控股,2019-02-01,STRUCTURAL_BOTTOM_CANDIDATE,Improving,Consolidation,65.44277367802957,COST_NEUTRAL,Medium,BULLISH_WARNING,55.0,Aligned,risk_on,结构:STRUCTURAL_BOTTOM_CANDIDATE(A/A-); 阶段:Improving(B); 触发:Consolidation(C); 置信度:Medium,PASSED,C,fallback
00700,腾讯控股,2019-02-08,STRUCTURAL_BOTTOM_CANDIDATE,Improving,Consolidation,65.44277367802957,COST_NEUTRAL,Medium,BULLISH_WARNING,55.0,Aligned,risk_on,结构:STRUCTURAL_BOTTOM_CANDIDATE(A/A-); 阶段:Improving(B); 触发:Consolidation(C); 置信度:Medium,PASSED,C,fallback
00700,腾讯控股,2019-02-15,STRUCTURAL_BOTTOM_CANDIDATE,Improving,Pullback,65.44277367802957,COST_NEUTRAL,Medium,BULLISH_WARNING,55.0,Aligned,risk_on,结构:STRUCTURAL_BOTTOM_CANDIDATE(A/A-); 阶段:Improving(B); 触发:Pullback(C); 置信度:Medium,PASSED,B,fallback
00700,腾讯控股,2019-02-22,STRUCTURAL_BOTTOM_CANDIDATE,Improving,Consolidation,65.44277367802957,COST_NEUTRAL,Medium,BULLISH_WARNING,55.0,Aligned,risk_on,结构:STRUCTURAL_BOTTOM_CANDIDATE(A/A-); 阶段:Improving(B); 触发:Consolidation(C); 置信度:Medium,PASSED,B,fallback
00700,腾讯控股,2019-03-01,STRUCTURAL_BOTTOM_CANDIDATE,Deteriorating,Pullback,61.78190043317802,COST_NEUTRAL,Medium,BULLISH_WARNING,55.0,Aligned,risk_on,结构:STRUCTURAL_BOTTOM_CANDIDATE(A/A-); 阶段:Deteriorating(B); 触发:Pullback(C); 置信度:Medium,PASSED,B,fallback
00700,腾讯控股,2019-03-08,STRUCTURAL_BOTTOM_CANDIDATE,Deteriorating,Consolidation,61.78190043317802,COST_NEUTRAL,Medium,BULLISH_WARNING,55.0,Aligned,risk_on,结构:STRUCTURAL_BOTTOM_CANDIDATE(A/A-); 阶段:Deteriorating(B); 触发:Consolidation(C); 置信度:Medium,PASSED,B,fallback
00700,腾讯控股,2019-03-15,STRUCTURAL_BOTTOM_CANDIDATE,Deteriorating,Consolidation,61.78190043317802,COST_NEUTRAL,Medium,BULLISH_WARNING,55.0,Aligned,risk_on,结构:STRUCTURAL_BOTTOM_CANDIDATE(A/A-); 阶段:Deteriorating(B); 触发:Consolidation(C); 置信度:Medium,PASSED,B,fallback
00700,腾讯控股,2019-03-22,STRUCTURAL_BOTTOM_CANDIDATE,Deteriorating,Consolidation,61.78190043317802,COST_NEUTRAL,Medium,BULLISH_WARNING,55.0,Aligned,risk_on,结构:STRUCTURAL_BOTTOM_CANDIDATE(A/A-); 阶段:Deteriorating(B); 触发:Consolidation(C); 置信度:Medium,PASSED,B,fallback
00700,腾讯控股,2019-03-29,STRUCTURAL_BOTTOM_CANDIDATE,Deteriorating,Consolidation,61.78190043317802,COST_NEUTRAL,Medium,BULLISH_WARNING,55.0,Aligned,risk_on,结构:STRUCTURAL_BOTTOM_CANDIDATE(A/A-); 阶段:Deteriorating(B); 触发:Consolidation(C); 置信度:Medium,PASSED,B,fallback
00700,腾讯控股,2019-04-05,STRUCTURAL_BOTTOM_CANDIDATE,Improving,Consolidation,69.99264516259596,COST_DISADVANTAGE,Medium,BULLISH_WARNING,55.0,Aligned,risk_on,结构:STRUCTURAL_BOTTOM_CANDIDATE(A/A-); 阶段:Improving(B); 触发:Consolidation(C); 置信度:Medium,PASSED,B,fallback
00700,腾讯控股,2019-04-12,STRUCTURAL_BOTTOM_CANDIDATE,Improving,Consolidation,69.99264516259596,COST_DISADVANTAGE,Medium,BULLISH_WARNING,55.0,Aligned,risk_on,结构:STRUCTURAL_BOTTOM_CANDIDATE(A/A-); 阶段:Improving(B); 触发:Consolidation(C); 置信度:Medium,PASSED,B,fallback
00700,腾讯控股,2019-04-19,STRUCTURAL_BOTTOM_CANDIDATE,Improving,Consolidation,69.99264516259596,COST_DISADVANTAGE,Medium,BULLISH_WARNING,55.0,Aligned,risk_on,结构:STRUCTURAL_BOTTOM_CANDIDATE(A/A-); 阶段:Improving(B); 触发:Consolidation(C); 置信度:Medium,PASSED,B,fallback
00700,腾讯控股,2019-04-26,STRUCTURAL_BOTTOM_CANDIDATE,Improving,Consolidation,69.99264516259596,COST_DISADVANTAGE,Medium,BULLISH_WARNING,55.0,Aligned,risk_on,结构:STRUCTURAL_BOTTOM_CANDIDATE(A/A-); 阶段:Improving(B); 触发:Consolidation(C); 置信度:Medium,PASSED,B,fallback
00700,腾讯控股,2019-05-03,STRUCTURAL_BOTTOM_CANDIDATE,Improving,Consolidation,62.74959257740812,COST_NEUTRAL,Medium,BULLISH_WARNING,55.0,Aligned,risk_on,结构:STRUCTURAL_BOTTOM_CANDIDATE(A/A-); 阶段:Improving(B); 触发:Consolidation(C); 置信度:Medium,PASSED,B,fallback
00700,腾讯控股,2019-05-10,STRUCTURAL_BOTTOM_CANDIDATE,Improving,Pullback,62.74959257740812,COST_NEUTRAL,Medium,BULLISH_WARNING,55.0,Aligned,neutral,结构:STRUCTURAL_BOTTOM_CANDIDATE(A/A-); 阶段:Improving(B); 触发:Pullback(C); 置信度:Medium,PASSED,B,fallback
00700,腾讯控股,2019-05-17,STRUCTURAL_BOTTOM_CANDIDATE,Improving,Consolidation,62.74959257740812,COST_NEUTRAL,Medium,BULLISH_WARNING,55.0,Aligned,neutral,结构:STRUCTURAL_BOTTOM_CANDIDATE(A/A-); 阶段:Improving(B); 触发:Consolidation(C); 置信度:Medium,PASSED,B,fallback
00700,腾讯控股,2019-05-24,STRUCTURAL_BOTTOM_CANDIDATE,Improving,Consolidation,62.74959257740812,COST_NEUTRAL,Medium,BULLISH_WARNING,55.0,Aligned,risk_off,结构:STRUCTURAL_BOTTOM_CANDIDATE(A/A-); 阶段:Improving(B); 触发:Consolidation(C); 置信度:Medium,PASSED,B,fallback
00700,腾讯控股,2019-05-31,STRUCTURAL_BOTTOM_CANDIDATE,Deteriorating,Consolidation,39.145448954771936,COST_DISADVANTAGE,Medium,BULLISH_WARNING,55.0,Aligned,risk_off,结构:STRUCTURAL_BOTTOM_CANDIDATE(A/A-); 阶段:Deteriorating(B); 触发:Consolidation(C); 置信度:Medium,PASSED,B,fallback
00700,腾讯控股,2019-06-07,STRUCTURAL_BOTTOM_CANDIDATE,Deteriorating,Consolidation,39.145448954771936,COST_DISADVANTAGE,Medium,BULLISH_WARNING,55.0,Aligned,risk_off,结构:STRUCTURAL_BOTTOM_CANDIDATE(A/A-); 阶段:Deteriorating(B); 触发:Consolidation(C); 置信度:Medium,PASSED,B,fallback
00700,腾讯控股,2019-06-14,STRUCTURAL_BOTTOM_CANDIDATE,Deteriorating,Consolidation,39.145448954771936,COST_DISADVANTAGE,Medium,BULLISH_WARNING,55.0,Aligned,risk_off,结构:STRUCTURAL_BOTTOM_CANDIDATE(A/A-); 阶段:Deteriorating(B); 触发:Consolidation(C); 置信度:Medium,PASSED,B,fallback
00700,腾讯控股,2019-06-21,STRUCTURAL_BOTTOM_CANDIDATE,Deteriorating,Consolidation,39.145448954771936,COST_DISADVANTAGE,Medium,BULLISH_WARNING,55.0,Aligned,risk_off,结构:STRUCTURAL_BOTTOM_CANDIDATE(A/A-); 阶段:Deteriorating(B); 触发:Consolidation(C); 置信度:Medium,PASSED,B,fallback
00700,腾讯控股,2019-06-28,STRUCTURAL_BOTTOM_CANDIDATE,Deteriorating,Consolidation,39.145448954771936,COST_DISADVANTAGE,Medium,BULLISH_WARNING,55.0,Aligned,neutral,结构:STRUCTURAL_BOTTOM_CANDIDATE(A/A-); 阶段:Deteriorating(B); 触发:Consolidation(C); 置信度:Medium,PASSED,B,fallback
00700,腾讯控股,2019-07-05,STRUCTURAL_BOTTOM_CANDIDATE,Improving,Consolidation,44.58215385710987,COST_DISADVANTAGE,Medium,BULLISH_WARNING,55.0,Aligned,risk_off,结构:STRUCTURAL_BOTTOM_CANDIDATE(A/A-); 阶段:Improving(B); 触发:Consolidation(C); 置信度:Medium,PASSED,B,fallback
00700,腾讯控股,2019-07-12,STRUCTURAL_BOTTOM_CANDIDATE,Improving,Consolidation,44.58215385710987,COST_DISADVANTAGE,Medium,BULLISH_WARNING,55.0,Aligned,risk_off,结构:STRUCTURAL_BOTTOM_CANDIDATE(A/A-); 阶段:Improving(B); 触发:Consolidation(C); 置信度:Medium,PASSED,B,fallback
00700,腾讯控股,2019-07-19,STRUCTURAL_BOTTOM_CANDIDATE,Improving,Consolidation,44.58215385710987,COST_DISADVANTAGE,Medium,BULLISH_WARNING,55.0,Aligned,risk_off,结构:STRUCTURAL_BOTTOM_CANDIDATE(A/A-); 阶段:Improving(B); 触发:Consolidation(C); 置信度:Medium,PASSED,B,fallback
00700,腾讯控股,2019-07-26,STRUCTURAL_BOTTOM_CANDIDATE,Improving,Consolidation,44.58215385710987,COST_DISADVANTAGE,Medium,BULLISH_WARNING,55.0,Aligned,risk_off,结构:STRUCTURAL_BOTTOM_CANDIDATE(A/A-); 阶段:Improving(B); 触发:Consolidation(C); 置信度:Medium,PASSED,B,fallback
00700,腾讯控股,2019-08-02,STRUCTURAL_BOTTOM_CANDIDATE,Improving,Pullback,53.15060016250921,COST_DISADVANTAGE,Medium,BULLISH_WARNING,55.0,Aligned,risk_off,结构:STRUCTURAL_BOTTOM_CANDIDATE(A/A-); 阶段:Improving(B); 触发:Pullback(C); 置信度:Medium,PASSED,B,fallback
00700,腾讯控股,2019-08-09,STRUCTURAL_BOTTOM_CANDIDATE,Improving,Consolidation,53.15060016250921,COST_DISADVANTAGE,Medium,BULLISH_WARNING,55.0,Aligned,risk_off,结构:STRUCTURAL_BOTTOM_CANDIDATE(A/A-); 阶段:Improving(B); 触发:Consolidation(C); 置信度:Medium,PASSED,B,fallback
00700,腾讯控股,2019-08-16,STRUCTURAL_BOTTOM_CANDIDATE,Improving,Consolidation,53.15060016250921,COST_DISADVANTAGE,Medium,BULLISH_WARNING,55.0,Aligned,risk_off,结构:STRUCTURAL_BOTTOM_CANDIDATE(A/A-); 阶段:Improving(B); 触发:Consolidation(C); 置信度:Medium,PASSED,B,fallback
00700,腾讯控股,2019-08-23,STRUCTURAL_BOTTOM_CANDIDATE,Improving,Consolidation,53.15060016250921,COST_DISADVANTAGE,Medium,BULLISH_WARNING,55.0,Aligned,risk_off,结构:STRUCTURAL_BOTTOM_CANDIDATE(A/A-); 阶段:Improving(B); 触发:Consolidation(C); 置信度:Medium,PASSED,B,fallback
00700,腾讯控股,2019-08-30,STRUCTURAL_BOTTOM_CANDIDATE,Improving,Consolidation,53.15060016250921,COST_DISADVANTAGE,Medium,BULLISH_WARNING,55.0,Aligned,risk_off,结构:STRUCTURAL_BOTTOM_CANDIDATE(A/A-); 阶段:Improving(B); 触发:Consolidation(C); 置信度:Medium,PASSED,B,fallback
00700,腾讯控股,2019-09-06,STRUCTURAL_BOTTOM_CANDIDATE,Deteriorating,Consolidation,40.57546919278785,COST_DISADVANTAGE,Medium,BULLISH_WARNING,55.0,Aligned,risk_off,结构:STRUCTURAL_BOTTOM_CANDIDATE(A/A-); 阶段:Deteriorating(B); 触发:Consolidation(C); 置信度:Medium,PASSED,B,fallback
00700,腾讯控股,2019-09-13,STRUCTURAL_BOTTOM_CANDIDATE,Deteriorating,Consolidation,40.57546919278785,COST_DISADVANTAGE,Medium,BULLISH_WARNING,55.0,Aligned,risk_off,结构:STRUCTURAL_BOTTOM_CANDIDATE(A/A-); 阶段:Deteriorating(B); 触发:Consolidation(C); 置信度:Medium,PASSED,B,fallback
00700,腾讯控股,2019-09-20,STRUCTURAL_BOTTOM_CANDIDATE,Deteriorating,Consolidation,40.57546919278785,COST_DISADVANTAGE,Medium,BULLISH_WARNING,55.0,Aligned,risk_off,结构:STRUCTURAL_BOTTOM_CANDIDATE(A/A-); 阶段:Deteriorating(B); 触发:Consolidation(C); 置信度:Medium,PASSED,B,fallback
00700,腾讯控股,2019-09-27,STRUCTURAL_BOTTOM_CANDIDATE,Deteriorating,Consolidation,40.57546919278785,COST_DISADVANTAGE,Medium,BULLISH_WARNING,55.0,Aligned,risk_off,结构:STRUCTURAL_BOTTOM_CANDIDATE(A/A-); 阶段:Deteriorating(B); 触发:Consolidation(C); 置信度:Medium,PASSED,B,fallback
00700,腾讯控股,2019-10-04,STRUCTURAL_BOTTOM_CANDIDATE,Improving,Consolidation,52.30497742795302,COST_DISADVANTAGE,Medium,BULLISH_WARNING,55.0,Aligned,risk_off,结构:STRUCTURAL_BOTTOM_CANDIDATE(A/A-); 阶段:Improving(B); 触发:Consolidation(C); 置信度:Medium,PASSED,B,fallback
00700,腾讯控股,2019-10-11,STRUCTURAL_BOTTOM_CANDIDATE,Improving,Consolidation,52.30497742795302,COST_DISADVANTAGE,Medium,BULLISH_WARNING,55.0,Aligned,risk_off,结构:STRUCTURAL_BOTTOM_CANDIDATE(A/A-); 阶段:Improving(B); 触发:Consolidation(C); 置信度:Medium,PASSED,B,fallback
00700,腾讯控股,2019-10-18,STRUCTURAL_BOTTOM_CANDIDATE,Improving,Consolidation,52.30497742795302,COST_DISADVANTAGE,Medium,BULLISH_WARNING,55.0,Aligned,risk_off,结构:STRUCTURAL_BOTTOM_CANDIDATE(A/A-); 阶段:Improving(B); 触发:Consolidation(C); 置信度:Medium,PASSED,B,fallback
00700,腾讯控股,2019-10-25,STRUCTURAL_BOTTOM_CANDIDATE,Improving,Consolidation,52.30497742795302,COST_DISADVANTAGE,Medium,BULLISH_WARNING,55.0,Aligned,risk_off,结构:STRUCTURAL_BOTTOM_CANDIDATE(A/A-); 阶段:Improving(B); 触发:Consolidation(C); 置信度:Medium,PASSED,B,fallback
00700,腾讯控股,2019-11-01,STRUCTURAL_BOTTOM_CANDIDATE,Stable,Consolidation,47.74965652255526,COST_DISADVANTAGE,Medium,BULLISH_WARNING,55.0,Aligned,risk_on,结构:STRUCTURAL_BOTTOM_CANDIDATE(A/A-); 阶段:Stable(B); 触发:Consolidation(C); 置信度:Medium,PASSED,B,fallback
00700,腾讯控股,2019-11-08,STRUCTURAL_BOTTOM_CANDIDATE,Stable,Consolidation,47.74965652255526,COST_DISADVANTAGE,Medium,BULLISH_WARNING,55.0,Aligned,risk_on,结构:STRUCTURAL_BOTTOM_CANDIDATE(A/A-); 阶段:Stable(B); 触发:Consolidation(C); 置信度:Medium,PASSED,B,fallback
00700,腾讯控股,2019-11-15,STRUCTURAL_BOTTOM_CANDIDATE,Stable,Consolidation,47.74965652255526,COST_DISADVANTAGE,Low,BULLISH_WARNING,55.0,Aligned,neutral,结构:STRUCTURAL_BOTTOM_CANDIDATE(A/A-); 阶段:Stable(B); 触发:Consolidation(C); 置信度:Low,PASSED,B,fallback
00700,腾讯控股,2019-11-22,STRUCTURAL_BOTTOM_CANDIDATE,Stable,Consolidation,47.74965652255526,COST_DISADVANTAGE,Low,BULLISH_WARNING,55.0,Aligned,risk_on,结构:STRUCTURAL_BOTTOM_CANDIDATE(A/A-); 阶段:Stable(B); 触发:Consolidation(C); 置信度:Low,PASSED,B,fallback
00700,腾讯控股,2019-11-29,STRUCTURAL_BOTTOM_CANDIDATE,Stable,Consolidation,47.74965652255526,COST_DISADVANTAGE,Low,BULLISH_WARNING,55.0,Aligned,neutral,结构:STRUCTURAL_BOTTOM_CANDIDATE(A/A-); 阶段:Stable(B); 触发:Consolidation(C); 置信度:Low,PASSED,B,fallback
00700,腾讯控股,2019-12-06,STRUCTURAL_BOTTOM_CANDIDATE,Improving,Consolidation,56.1020809701494,COST_DISADVANTAGE,Medium,BULLISH_WARNING,55.0,Aligned,risk_off,结构:STRUCTURAL_BOTTOM_CANDIDATE(A/A-); 阶段:Improving(B); 触发:Consolidation(C); 置信度:Medium,PASSED,B,fallback
00700,腾讯控股,2019-12-13,STRUCTURAL_BOTTOM_CANDIDATE,Improving,Consolidation,56.1020809701494,COST_DISADVANTAGE,Medium,BULLISH_WARNING,55.0,Aligned,risk_on,结构:STRUCTURAL_BOTTOM_CANDIDATE(A/A-); 阶段:Improving(B); 触发:Consolidation(C); 置信度:Medium,PASSED,B,fallback
00700,腾讯控股,2019-12-20,STRUCTURAL_BOTTOM_CANDIDATE,Improving,Consolidation,56.1020809701494,COST_DISADVANTAGE,Medium,BULLISH_WARNING,55.0,Aligned,risk_on,结构:STRUCTURAL_BOTTOM_CANDIDATE(A/A-); 阶段:Improving(B); 触发:Consolidation(C); 置信度:Medium,PASSED,B,fallback
00700,腾讯控股,2019-12-27,STRUCTURAL_BOTTOM_CANDIDATE,Improving,Consolidation,56.1020809701494,COST_DISADVANTAGE,Medium,BULLISH_WARNING,55.0,Aligned,risk_on,结构:STRUCTURAL_BOTTOM_CANDIDATE(A/A-); 阶段:Improving(B); 触发:Consolidation(C); 置信度:Medium,PASSED,B,fallback
00700,腾讯控股,2020-01-03,STRUCTURAL_BOTTOM_CANDIDATE,Improving,Consolidation,54.80767985162947,COST_NEUTRAL,Medium,BULLISH_WARNING,55.0,Aligned,risk_on,结构:STRUCTURAL_BOTTOM_CANDIDATE(A/A-); 阶段:Improving(B); 触发:Consolidation(C); 置信度:Medium,PASSED,B,fallback
00700,腾讯控股,2020-01-10,STRUCTURAL_BOTTOM_CANDIDATE,Improving,Consolidation,54.80767985162947,COST_NEUTRAL,Medium,BULLISH_WARNING,55.0,Aligned,risk_on,结构:STRUCTURAL_BOTTOM_CANDIDATE(A/A-); 阶段:Improving(B); 触发:Consolidation(C); 置信度:Medium,PASSED,B,fallback
00700,腾讯控股,2020-01-17,STRUCTURAL_BOTTOM_CANDIDATE,Improving,Consolidation,54.80767985162947,COST_NEUTRAL,Medium,BULLISH_WARNING,55.0,Aligned,risk_on,结构:STRUCTURAL_BOTTOM_CANDIDATE(A/A-); 阶段:Improving(B); 触发:Consolidation(C); 置信度:Medium,PASSED,B,fallback
00700,腾讯控股,2020-01-24,STRUCTURAL_BOTTOM_CANDIDATE,Improving,Pullback,54.80767985162947,COST_NEUTRAL,Medium,BULLISH_WARNING,55.0,Aligned,risk_on,结构:STRUCTURAL_BOTTOM_CANDIDATE(A/A-); 阶段:Improving(B); 触发:Pullback(C); 置信度:Medium,PASSED,B,fallback
00700,腾讯控股,2020-01-31,STRUCTURAL_BOTTOM_CANDIDATE,Stable,Pullback,48.05576888720479,COST_NEUTRAL,Low,BULLISH_WARNING,55.0,Aligned,risk_off,结构:STRUCTURAL_BOTTOM_CANDIDATE(A/A-); 阶段:Stable(B); 触发:Pullback(C); 置信度:Low,PASSED,B,fallback
00700,腾讯控股,2020-02-07,STRUCTURAL_BOTTOM_CANDIDATE,Stable,Consolidation,48.05576888720479,COST_NEUTRAL,Low,BULLISH_WARNING,55.0,Aligned,neutral,结构:STRUCTURAL_BOTTOM_CANDIDATE(A/A-); 阶段:Stable(B); 触发:Consolidation(C); 置信度:Low,PASSED,B,fallback
00700,腾讯控股,2020-02-14,STRUCTURAL_BOTTOM_CANDIDATE,Stable,Consolidation,48.05576888720479,COST_NEUTRAL,Low,BULLISH_WARNING,55.0,Aligned,risk_on,结构:STRUCTURAL_BOTTOM_CANDIDATE(A/A-); 阶段:Stable(B); 触发:Consolidation(C); 置信度:Low,PASSED,B,fallback
00700,腾讯控股,2020-02-21,STRUCTURAL_BOTTOM_CANDIDATE,Stable,Consolidation,48.05576888720479,COST_NEUTRAL,Low,BULLISH_WARNING,55.0,Aligned,risk_on,结构:STRUCTURAL_BOTTOM_CANDIDATE(A/A-); 阶段:Stable(B); 触发:Consolidation(C); 置信度:Low,PASSED,B,fallback
00700,腾讯控股,2020-02-28,STRUCTURAL_BOTTOM_CANDIDATE,Stable,Pullback,48.05576888720479,COST_NEUTRAL,Low,BULLISH_WARNING,55.0,Aligned,risk_off,结构:STRUCTURAL_BOTTOM_CANDIDATE(A/A-); 阶段:Stable(B); 触发:Pullback(C); 置信度:Low,PASSED,B,fallback
00700,腾讯控股,2020-03-06,STRUCTURAL_BOTTOM_CANDIDATE,Stable,Consolidation,53.541944751233096,COST_NEUTRAL,Medium,BULLISH_WARNING,55.0,Aligned,risk_off,结构:STRUCTURAL_BOTTOM_CANDIDATE(A/A-); 阶段:Stable(B); 触发:Consolidation(C); 置信度:Medium,PASSED,B,fallback
00700,腾讯控股,2020-03-13,STRUCTURAL_BOTTOM_CANDIDATE,Stable,Consolidation,53.541944751233096,COST_NEUTRAL,Medium,BULLISH_WARNING,55.0,Aligned,risk_off,结构:STRUCTURAL_BOTTOM_CANDIDATE(A/A-); 阶段:Stable(B); 触发:Consolidation(C); 置信度:Medium,PASSED,B,fallback
00700,腾讯控股,2020-03-20,STRUCTURAL_BOTTOM_CANDIDATE,Stable,Consolidation,53.541944751233096,COST_NEUTRAL,Medium,BULLISH_WARNING,55.0,Aligned,risk_off,结构:STRUCTURAL_BOTTOM_CANDIDATE(A/A-); 阶段:Stable(B); 触发:Consolidation(C); 置信度:Medium,PASSED,B,fallback
00700,腾讯控股,2020-03-27,STRUCTURAL_BOTTOM_CANDIDATE,Stable,Consolidation,53.541944751233096,COST_NEUTRAL,Medium,BULLISH_WARNING,55.0,Aligned,risk_off,结构:STRUCTURAL_BOTTOM_CANDIDATE(A/A-); 阶段:Stable(B); 触发:Consolidation(C); 置信度:Medium,PASSED,B,fallback
00700,腾讯控股,2020-04-03,STRUCTURAL_BOTTOM_CANDIDATE,Deteriorating,Pullback,32.45534583119013,COST_DISADVANTAGE,Low,BULLISH_WARNING,55.0,Aligned,risk_off,结构:STRUCTURAL_BOTTOM_CANDIDATE(A/A-); 阶段:Deteriorating(B); 触发:Pullback(C); 置信度:Low,PASSED,B,fallback
00700,腾讯控股,2020-04-10,STRUCTURAL_BOTTOM_CANDIDATE,Deteriorating,Consolidation,32.45534583119013,COST_DISADVANTAGE,Low,BULLISH_WARNING,55.0,Aligned,risk_off,结构:STRUCTURAL_BOTTOM_CANDIDATE(A/A-); 阶段:Deteriorating(B); 触发:Consolidation(C); 置信度:Low,PASSED,B,fallback
00700,腾讯控股,2020-04-17,STRUCTURAL_BOTTOM_CANDIDATE,Deteriorating,Consolidation,32.45534583119013,COST_DISADVANTAGE,Low,BULLISH_WARNING,55.0,Aligned,risk_off,结构:STRUCTURAL_BOTTOM_CANDIDATE(A/A-); 阶段:Deteriorating(B); 触发:Consolidation(C); 置信度:Low,PASSED,B,fallback
00700,腾讯控股,2020-04-24,STRUCTURAL_BOTTOM_CANDIDATE,Deteriorating,Consolidation,32.45534583119013,COST_DISADVANTAGE,Low,BULLISH_WARNING,55.0,Aligned,risk_off,结构:STRUCTURAL_BOTTOM_CANDIDATE(A/A-); 阶段:Deteriorating(B); 触发:Consolidation(C); 置信度:Low,PASSED,B,fallback
00700,腾讯控股,2020-05-01,STRUCTURAL_BOTTOM_CANDIDATE,Improving,Consolidation,48.216555636130586,COST_NEUTRAL,Low,BULLISH_WARNING,55.0,Aligned,risk_off,结构:STRUCTURAL_BOTTOM_CANDIDATE(A/A-); 阶段:Improving(B); 触发:Consolidation(C); 置信度:Low,PASSED,B,fallback
00700,腾讯控股,2020-05-08,STRUCTURAL_BOTTOM_CANDIDATE,Improving,Consolidation,48.216555636130586,COST_NEUTRAL,Low,BULLISH_WARNING,55.0,Aligned,risk_off,结构:STRUCTURAL_BOTTOM_CANDIDATE(A/A-); 阶段:Improving(B); 触发:Consolidation(C); 置信度:Low,PASSED,B,fallback
00700,腾讯控股,2020-05-15,STRUCTURAL_BOTTOM_CANDIDATE,Improving,Consolidation,48.216555636130586,COST_NEUTRAL,Medium,BULLISH_WARNING,55.0,Aligned,risk_off,结构:STRUCTURAL_BOTTOM_CANDIDATE(A/A-); 阶段:Improving(B); 触发:Consolidation(C); 置信度:Medium,PASSED,B,fallback
00700,腾讯控股,2020-05-22,STRUCTURAL_BOTTOM_CANDIDATE,Improving,Consolidation,48.216555636130586,COST_NEUTRAL,Medium,BULLISH_WARNING,55.0,Aligned,risk_off,结构:STRUCTURAL_BOTTOM_CANDIDATE(A/A-); 阶段:Improving(B); 触发:Consolidation(C); 置信度:Medium,PASSED,B,fallback
00700,腾讯控股,2020-05-29,STRUCTURAL_BOTTOM_CANDIDATE,Improving,Pullback,48.216555636130586,COST_NEUTRAL,Medium,BULLISH_WARNING,55.0,Aligned,risk_off,结构:STRUCTURAL_BOTTOM_CANDIDATE(A/A-); 阶段:Improving(B); 触发:Pullback(C); 置信度:Medium,PASSED,B,fallback
00700,腾讯控股,2020-06-05,STRUCTURAL_BOTTOM_CANDIDATE,Stable,Consolidation,32.862474101572474,COST_NEUTRAL,Low,BULLISH_WARNING,55.0,Aligned,neutral,结构:STRUCTURAL_BOTTOM_CANDIDATE(A/A-); 阶段:Stable(B); 触发:Consolidation(C); 置信度:Low,PASSED,B,fallback
00700,腾讯控股,2020-06-12,STRUCTURAL_BOTTOM_CANDIDATE,Stable,Consolidation,32.862474101572474,COST_NEUTRAL,Low,BULLISH_WARNING,55.0,Aligned,risk_off,结构:STRUCTURAL_BOTTOM_CANDIDATE(A/A-); 阶段:Stable(B); 触发:Consolidation(C); 置信度:Low,PASSED,B,fallback
00700,腾讯控股,2020-06-19,STRUCTURAL_BOTTOM_CANDIDATE,Stable,Consolidation,32.862474101572474,COST_NEUTRAL,Low,BULLISH_WARNING,55.0,Aligned,risk_off,结构:STRUCTURAL_BOTTOM_CANDIDATE(A/A-); 阶段:Stable(B); 触发:Consolidation(C); 置信度:Low,PASSED,B,fallback
00700,腾讯控股,2020-06-26,STRUCTURAL_BOTTOM_CANDIDATE,Stable,Consolidation,32.862474101572474,COST_NEUTRAL,Low,BULLISH_WARNING,55.0,Aligned,risk_off,结构:STRUCTURAL_BOTTOM_CANDIDATE(A/A-); 阶段:Stable(B); 触发:Consolidation(C); 置信度:Low,PASSED,B,fallback
00700,腾讯控股,2020-07-03,STRUCTURAL_BOTTOM_CANDIDATE,Stable,Consolidation,38.622650576924514,COST_ADVANTAGE,Medium,BULLISH_WARNING,55.0,Aligned,risk_on,结构:STRUCTURAL_BOTTOM_CANDIDATE(A/A-); 阶段:Stable(B); 触发:Consolidation(C); 置信度:Medium,PASSED,B,fallback
00700,腾讯控股,2020-07-10,STRUCTURAL_BOTTOM_CANDIDATE,Stable,Consolidation,38.622650576924514,COST_ADVANTAGE,Medium,BULLISH_WARNING,55.0,Aligned,risk_off,结构:STRUCTURAL_BOTTOM_CANDIDATE(A/A-); 阶段:Stable(B); 触发:Consolidation(C); 置信度:Medium,PASSED,B,fallback
00700,腾讯控股,2020-07-17,STRUCTURAL_BOTTOM_CANDIDATE,Stable,Consolidation,38.622650576924514,COST_ADVANTAGE,Medium,BULLISH_WARNING,55.0,Aligned,risk_on,结构:STRUCTURAL_BOTTOM_CANDIDATE(A/A-); 阶段:Stable(B); 触发:Consolidation(C); 置信度:Medium,PASSED,B,fallback
00700,腾讯控股,2020-07-24,STRUCTURAL_BOTTOM_CANDIDATE,Stable,Consolidation,38.622650576924514,COST_ADVANTAGE,Medium,BULLISH_WARNING,55.0,Aligned,risk_off,结构:STRUCTURAL_BOTTOM_CANDIDATE(A/A-); 阶段:Stable(B); 触发:Consolidation(C); 置信度:Medium,PASSED,B,fallback
00700,腾讯控股,2020-07-31,STRUCTURAL_BOTTOM_CANDIDATE,Stable,Consolidation,38.745076272948594,COST_NEUTRAL,Medium,BULLISH_WARNING,55.0,Aligned,neutral,结构:STRUCTURAL_BOTTOM_CANDIDATE(A/A-); 阶段:Stable(B); 触发:Consolidation(C); 置信度:Medium,PASSED,B,fallback
00700,腾讯控股,2020-08-07,STRUCTURAL_BOTTOM_CANDIDATE,Stable,Consolidation,38.745076272948594,COST_NEUTRAL,Medium,BULLISH_WARNING,55.0,Aligned,neutral,结构:STRUCTURAL_BOTTOM_CANDIDATE(A/A-); 阶段:Stable(B); 触发:Consolidation(C); 置信度:Medium,PASSED,B,fallback
00700,腾讯控股,2020-08-14,STRUCTURAL_DIVERGENCE,Stable,Pullback,38.745076272948594,COST_NEUTRAL,Low,BULLISH_WARNING,55.0,Aligned,risk_on,结构:STRUCTURAL_DIVERGENCE(A/A-); 阶段:Stable(B); 触发:Pullback(C); 置信度:Low,PASSED,C,fallback
00700,腾讯控股,2020-08-21,STRUCTURAL_DIVERGENCE,Stable,Consolidation,38.745076272948594,COST_NEUTRAL,Low,BULLISH_WARNING,55.0,Aligned,risk_on,结构:STRUCTURAL_DIVERGENCE(A/A-); 阶段:Stable(B); 触发:Consolidation(C); 置信度:Low,PASSED,C,fallback
00700,腾讯控股,2020-08-28,STRUCTURAL_DIVERGENCE,Stable,Consolidation,38.745076272948594,COST_NEUTRAL,Low,BULLISH_WARNING,55.0,Aligned,risk_on,结构:STRUCTURAL_DIVERGENCE(A/A-); 阶段:Stable(B); 触发:Consolidation(C); 置信度:Low,PASSED,C,fallback
00700,腾讯控股,2020-09-04,STRUCTURAL_DIVERGENCE,Stable,Pullback,26.250040013014953,COST_NEUTRAL,Low,BULLISH_WARNING,55.0,Aligned,risk_off,结构:STRUCTURAL_DIVERGENCE(A/A-); 阶段:Stable(B); 触发:Pullback(C); 置信度:Low,PASSED,C,fallback
00700,腾讯控股,2020-09-11,STRUCTURAL_DIVERGENCE,Stable,Pullback,26.250040013014953,COST_NEUTRAL,Low,BULLISH_WARNING,55.0,Aligned,neutral,结构:STRUCTURAL_DIVERGENCE(A/A-); 阶段:Stable(B); 触发:Pullback(C); 置信度:Low,PASSED,C,fallback
00700,腾讯控股,2020-09-18,STRUCTURAL_DIVERGENCE,Stable,Consolidation,26.250040013014953,COST_NEUTRAL,Low,BULLISH_WARNING,55.0,Aligned,neutral,结构:STRUCTURAL_DIVERGENCE(A/A-); 阶段:Stable(B); 触发:Consolidation(C); 置信度:Low,PASSED,C,fallback
00700,腾讯控股,2020-09-25,STRUCTURAL_DIVERGENCE,Stable,Pullback,26.250040013014953,COST_NEUTRAL,Low,BULLISH_WARNING,55.0,Aligned,risk_off,结构:STRUCTURAL_DIVERGENCE(A/A-); 阶段:Stable(B); 触发:Pullback(C); 置信度:Low,PASSED,C,fallback
00700,腾讯控股,2020-10-02,STRUCTURAL_DIVERGENCE,Deteriorating,Pullback,56.8800933060725,COST_DISADVANTAGE,Low,BULLISH_WARNING,55.0,Aligned,risk_off,结构:STRUCTURAL_DIVERGENCE(A/A-); 阶段:Deteriorating(B); 触发:Pullback(C); 置信度:Low,PASSED,C,fallback
00700,腾讯控股,2020-10-09,STRUCTURAL_DIVERGENCE,Deteriorating,Consolidation,56.8800933060725,COST_DISADVANTAGE,Low,BULLISH_WARNING,55.0,Aligned,risk_off,结构:STRUCTURAL_DIVERGENCE(A/A-); 阶段:Deteriorating(B); 触发:Consolidation(C); 置信度:Low,PASSED,C,fallback
00700,腾讯控股,2020-10-16,STRUCTURAL_DIVERGENCE,Deteriorating,Consolidation,56.8800933060725,COST_DISADVANTAGE,Low,BULLISH_WARNING,55.0,Aligned,risk_off,结构:STRUCTURAL_DIVERGENCE(A/A-); 阶段:Deteriorating(B); 触发:Consolidation(C); 置信度:Low,PASSED,C,fallback
00700,腾讯控股,2020-10-23,STRUCTURAL_DIVERGENCE,Deteriorating,Consolidation,56.8800933060725,COST_DISADVANTAGE,Low,BULLISH_WARNING,55.0,Aligned,neutral,结构:STRUCTURAL_DIVERGENCE(A/A-); 阶段:Deteriorating(B); 触发:Consolidation(C); 置信度:Low,PASSED,C,fallback
00700,腾讯控股,2020-10-30,STRUCTURAL_DIVERGENCE,Deteriorating,Consolidation,56.8800933060725,COST_DISADVANTAGE,Low,BULLISH_WARNING,55.0,Aligned,risk_off,结构:STRUCTURAL_DIVERGENCE(A/A-); 阶段:Deteriorating(B); 触发:Consolidation(C); 置信度:Low,PASSED,C,fallback
00700,腾讯控股,2020-11-06,STRUCTURAL_DIVERGENCE,Improving,Consolidation,58.85740415595372,COST_NEUTRAL,Low,BULLISH_WARNING,55.0,Aligned,risk_on,结构:STRUCTURAL_DIVERGENCE(A/A-); 阶段:Improving(B); 触发:Consolidation(C); 置信度:Low,PASSED,C,fallback
00700,腾讯控股,2020-11-13,STRUCTURAL_DIVERGENCE,Improving,Consolidation,58.85740415595372,COST_NEUTRAL,Low,BULLISH_WARNING,55.0,Aligned,risk_on,结构:STRUCTURAL_DIVERGENCE(A/A-); 阶段:Improving(B); 触发:Consolidation(C); 置信度:Low,PASSED,C,fallback
00700,腾讯控股,2020-11-20,STRUCTURAL_DIVERGENCE,Improving,Consolidation,58.85740415595372,COST_NEUTRAL,Medium,BULLISH_WARNING,55.0,Aligned,risk_on,结构:STRUCTURAL_DIVERGENCE(A/A-); 阶段:Improving(B); 触发:Consolidation(C); 置信度:Medium,PASSED,B,fallback
00700,腾讯控股,2020-11-27,STRUCTURAL_DIVERGENCE,Improving,Pullback,58.85740415595372,COST_NEUTRAL,Medium,BULLISH_WARNING,55.0,Aligned,risk_on,结构:STRUCTURAL_DIVERGENCE(A/A-); 阶段:Improving(B); 触发:Pullback(C); 置信度:Medium,PASSED,B,fallback
00700,腾讯控股,2020-12-04,STRUCTURAL_DIVERGENCE,Deteriorating,Consolidation,33.633536424755334,COST_NEUTRAL,Low,BULLISH_WARNING,55.0,Aligned,risk_on,结构:STRUCTURAL_DIVERGENCE(A/A-); 阶段:Deteriorating(B); 触发:Consolidation(C); 置信度:Low,PASSED,B,fallback
00700,腾讯控股,2020-12-11,STRUCTURAL_DIVERGENCE,Deteriorating,Consolidation,33.633536424755334,COST_NEUTRAL,Low,BULLISH_WARNING,55.0,Aligned,risk_on,结构:STRUCTURAL_DIVERGENCE(A/A-); 阶段:Deteriorating(B); 触发:Consolidation(C); 置信度:Low,PASSED,B,fallback
00700,腾讯控股,2020-12-18,STRUCTURAL_DIVERGENCE,Deteriorating,Pullback,33.633536424755334,COST_NEUTRAL,Low,BULLISH_WARNING,55.0,Aligned,risk_on,结构:STRUCTURAL_DIVERGENCE(A/A-); 阶段:Deteriorating(B); 触发:Pullback(C); 置信度:Low,PASSED,B,fallback
00700,腾讯控股,2020-12-25,STRUCTURAL_DIVERGENCE,Deteriorating,Pullback,33.633536424755334,COST_NEUTRAL,Low,BULLISH_WARNING,55.0,Aligned,risk_on,结构:STRUCTURAL_DIVERGENCE(A/A-); 阶段:Deteriorating(B); 触发:Pullback(C); 置信度:Low,PASSED,B,fallback
00700,腾讯控股,2021-01-01,STRUCTURAL_DIVERGENCE,Stable,Pullback,47.187406069620714,COST_DISADVANTAGE,Medium,BULLISH_WARNING,55.0,Aligned,risk_on,结构:STRUCTURAL_DIVERGENCE(A/A-); 阶段:Stable(B); 触发:Pullback(C); 置信度:Medium,PASSED,B,fallback
00700,腾讯控股,2021-01-08,STRUCTURAL_DIVERGENCE,Stable,Consolidation,47.187406069620714,COST_DISADVANTAGE,Medium,BULLISH_WARNING,55.0,Aligned,risk_on,结构:STRUCTURAL_DIVERGENCE(A/A-); 阶段:Stable(B); 触发:Consolidation(C); 置信度:Medium,PASSED,B,fallback
00700,腾讯控股,2021-01-15,STRUCTURAL_DIVERGENCE,Stable,Consolidation,47.187406069620714,COST_DISADVANTAGE,Medium,BULLISH_WARNING,55.0,Aligned,risk_on,结构:STRUCTURAL_DIVERGENCE(A/A-); 阶段:Stable(B); 触发:Consolidation(C); 置信度:Medium,PASSED,B,fallback
00700,腾讯控股,2021-01-22,STRUCTURAL_DIVERGENCE,Stable,Consolidation,47.187406069620714,COST_DISADVANTAGE,Medium,BULLISH_WARNING,55.0,Aligned,risk_on,结构:STRUCTURAL_DIVERGENCE(A/A-); 阶段:Stable(B); 触发:Consolidation(C); 置信度:Medium,PASSED,B,fallback
00700,腾讯控股,2021-01-29,STRUCTURAL_DIVERGENCE,Stable,Consolidation,47.187406069620714,COST_DISADVANTAGE,Medium,BULLISH_WARNING,55.0,Aligned,risk_off,结构:STRUCTURAL_DIVERGENCE(A/A-); 阶段:Stable(B); 触发:Consolidation(C); 置信度:Medium,PASSED,B,fallback
00700,腾讯控股,2021-02-05,STRUCTURAL_DIVERGENCE,Stable,Consolidation,37.388754705040114,COST_NEUTRAL,Low,BULLISH_WARNING,55.0,Aligned,risk_on,结构:STRUCTURAL_DIVERGENCE(A/A-); 阶段:Stable(B); 触发:Consolidation(C); 置信度:Low,PASSED,B,fallback
00700,腾讯控股,2021-02-12,STRUCTURAL_DIVERGENCE,Stable,Consolidation,37.388754705040114,COST_NEUTRAL,Low,BULLISH_WARNING,55.0,Aligned,risk_on,结构:STRUCTURAL_DIVERGENCE(A/A-); 阶段:Stable(B); 触发:Consolidation(C); 置信度:Low,PASSED,B,fallback
00700,腾讯控股,2021-02-19,STRUCTURAL_ACCUMULATION,Stable,Consolidation,37.388754705040114,COST_NEUTRAL,Medium,BULLISH_STABLE,75.0,Aligned,risk_on,结构:STRUCTURAL_ACCUMULATION(A/A-); 阶段:Stable(B); 触发:Consolidation(C); 置信度:Medium,PASSED,C,fallback
00700,腾讯控股,2021-02-26,STRUCTURAL_ACCUMULATION,Stable,Pullback,37.388754705040114,COST_NEUTRAL,Medium,BULLISH_STABLE,75.0,Aligned,risk_off,结构:STRUCTURAL_ACCUMULATION(A/A-); 阶段:Stable(B); 触发:Pullback(C); 置信度:Medium,PASSED,C,fallback
00700,腾讯控股,2021-03-05,STRUCTURAL_ACCUMULATION,Stable,Pullback,51.486303429926245,COST_NEUTRAL,Medium,BULLISH_STABLE,75.0,Aligned,risk_on,结构:STRUCTURAL_ACCUMULATION(A/A-); 阶段:Stable(B); 触发:Pullback(C); 置信度:Medium,PASSED,C,fallback
00700,腾讯控股,2021-03-12,STRUCTURAL_ACCUMULATION,Stable,Pullback,51.486303429926245,COST_NEUTRAL,Medium,BULLISH_STABLE,75.0,Aligned,risk_on,结构:STRUCTURAL_ACCUMULATION(A/A-); 阶段:Stable(B); 触发:Pullback(C); 置信度:Medium,PASSED,C,fallback
00700,腾讯控股,2021-03-19,STRUCTURAL_ACCUMULATION,Stable,Consolidation,51.486303429926245,COST_NEUTRAL,Medium,BULLISH_STABLE,75.0,Aligned,risk_on,结构:STRUCTURAL_ACCUMULATION(A/A-); 阶段:Stable(B); 触发:Consolidation(C); 置信度:Medium,PASSED,C,fallback
00700,腾讯控股,2021-03-26,STRUCTURAL_ACCUMULATION,Stable,Consolidation,51.486303429926245,COST_NEUTRAL,Medium,BULLISH_STABLE,75.0,Aligned,risk_on,结构:STRUCTURAL_ACCUMULATION(A/A-); 阶段:Stable(B); 触发:Consolidation(C); 置信度:Medium,PASSED,C,fallback
00700,腾讯控股,2021-04-02,STRUCTURAL_ACCUMULATION,Deteriorating,Consolidation,42.41845364860764,COST_DISADVANTAGE,Medium,BULLISH_STABLE,75.0,Divergence,risk_on,结构:STRUCTURAL_ACCUMULATION(A/A-); 阶段:Deteriorating(B); 触发:Consolidation(C); 置信度:Medium,PASSED,C,fallback
00700,腾讯控股,2021-04-09,STRUCTURAL_ACCUMULATION,Deteriorating,Consolidation,42.41845364860764,COST_DISADVANTAGE,Medium,BULLISH_STABLE,75.0,Divergence,risk_on,结构:STRUCTURAL_ACCUMULATION(A/A-); 阶段:Deteriorating(B); 触发:Consolidation(C); 置信度:Medium,PASSED,C,fallback
00700,腾讯控股,2021-04-16,STRUCTURAL_ACCUMULATION,Deteriorating,Consolidation,42.41845364860764,COST_DISADVANTAGE,Medium,BULLISH_STABLE,75.0,Divergence,neutral,结构:STRUCTURAL_ACCUMULATION(A/A-); 阶段:Deteriorating(B); 触发:Consolidation(C); 置信度:Medium,PASSED,C,fallback
00700,腾讯控股,2021-04-23,STRUCTURAL_ACCUMULATION,Deteriorating,Consolidation,42.41845364860764,COST_DISADVANTAGE,Medium,BULLISH_STABLE,75.0,Divergence,neutral,结构:STRUCTURAL_ACCUMULATION(A/A-); 阶段:Deteriorating(B); 触发:Consolidation(C); 置信度:Medium,PASSED,C,fallback
00700,腾讯控股,2021-04-30,STRUCTURAL_ACCUMULATION,Stable,Consolidation,39.778681285552466,COST_NEUTRAL,Medium,BULLISH_STABLE,75.0,Aligned,neutral,结构:STRUCTURAL_ACCUMULATION(A/A-); 阶段:Stable(B); 触发:Consolidation(C); 置信度:Medium,PASSED,C,fallback
00700,腾讯控股,2021-05-07,STRUCTURAL_ACCUMULATION,Stable,Consolidation,39.778681285552466,COST_NEUTRAL,Medium,BULLISH_STABLE,75.0,Aligned,risk_off,结构:STRUCTURAL_ACCUMULATION(A/A-); 阶段:Stable(B); 触发:Consolidation(C); 置信度:Medium,PASSED,C,fallback
00700,腾讯控股,2021-05-14,STRUCTURAL_ACCUMULATION,Stable,Consolidation,39.778681285552466,COST_NEUTRAL,Medium,BULLISH_STABLE,75.0,Aligned,risk_off,结构:STRUCTURAL_ACCUMULATION(A/A-); 阶段:Stable(B); 触发:Consolidation(C); 置信度:Medium,PASSED,C,fallback
00700,腾讯控股,2021-05-21,STRUCTURAL_ACCUMULATION,Stable,Consolidation,39.778681285552466,COST_NEUTRAL,Low,BULLISH_STABLE,75.0,Aligned,risk_off,结构:STRUCTURAL_ACCUMULATION(A/A-); 阶段:Stable(B); 触发:Consolidation(C); 置信度:Low,PASSED,B,fallback
00700,腾讯控股,2021-05-28,STRUCTURAL_ACCUMULATION,Stable,Consolidation,39.778681285552466,COST_NEUTRAL,Low,BULLISH_STABLE,75.0,Aligned,neutral,结构:STRUCTURAL_ACCUMULATION(A/A-); 阶段:Stable(B); 触发:Consolidation(C); 置信度:Low,PASSED,B,fallback
00700,腾讯控股,2021-06-04,STRUCTURAL_ACCUMULATION,Stable,Consolidation,56.95793037840252,COST_NEUTRAL,Medium,BULLISH_STABLE,75.0,Aligned,neutral,结构:STRUCTURAL_ACCUMULATION(A/A-); 阶段:Stable(B); 触发:Consolidation(C); 置信度:Medium,PASSED,B,fallback
00700,腾讯控股,2021-06-11,STRUCTURAL_ACCUMULATION,Stable,Consolidation,56.95793037840252,COST_NEUTRAL,Medium,BULLISH_STABLE,75.0,Aligned,neutral,结构:STRUCTURAL_ACCUMULATION(A/A-); 阶段:Stable(B); 触发:Consolidation(C); 置信度:Medium,PASSED,B,fallback
00700,腾讯控股,2021-06-18,STRUCTURAL_ACCUMULATION,Stable,Consolidation,56.95793037840252,COST_NEUTRAL,Medium,BULLISH_STABLE,75.0,Aligned,neutral,结构:STRUCTURAL_ACCUMULATION(A/A-); 阶段:Stable(B); 触发:Consolidation(C); 置信度:Medium,PASSED,B,fallback
00700,腾讯控股,2021-06-25,STRUCTURAL_ACCUMULATION,Stable,Consolidation,56.95793037840252,COST_NEUTRAL,Medium,BULLISH_STABLE,75.0,Aligned,risk_on,结构:STRUCTURAL_ACCUMULATION(A/A-); 阶段:Stable(B); 触发:Consolidation(C); 置信度:Medium,PASSED,B,fallback
00700,腾讯控股,2021-07-02,STRUCTURAL_ACCUMULATION,Deteriorating,Consolidation,61.06589447572595,COST_DISADVANTAGE,Medium,BULLISH_STABLE,75.0,Divergence,risk_off,结构:STRUCTURAL_ACCUMULATION(A/A-); 阶段:Deteriorating(B); 触发:Consolidation(C); 置信度:Medium,PASSED,B,fallback
00700,腾讯控股,2021-07-09,STRUCTURAL_ACCUMULATION,Deteriorating,Breakdown,61.06589447572595,COST_DISADVANTAGE,Medium,BULLISH_WARNING,55.0,Divergence,risk_off,结构:STRUCTURAL_ACCUMULATION(A/A-); 阶段:Deteriorating(B); 触发:Breakdown(C); 置信度:Medium,PASSED,B,matrix
00700,腾讯控股,2021-07-16,STRUCTURAL_ACCUMULATION,Deteriorating,Consolidation,61.06589447572595,COST_DISADVANTAGE,Medium,BULLISH_STABLE,75.0,Divergence,risk_off,结构:STRUCTURAL_ACCUMULATION(A/A-); 阶段:Deteriorating(B); 触发:Consolidation(C); 置信度:Medium,PASSED,B,fallback
00700,腾讯控股,2021-07-23,STRUCTURAL_ACCUMULATION,Deteriorating,Consolidation,61.06589447572595,COST_DISADVANTAGE,Medium,BULLISH_STABLE,75.0,Divergence,risk_off,结构:STRUCTURAL_ACCUMULATION(A/A-); 阶段:Deteriorating(B); 触发:Consolidation(C); 置信度:Medium,PASSED,B,fallback
00700,腾讯控股,2021-07-30,STRUCTURAL_ACCUMULATION,Deteriorating,Breakdown,61.06589447572595,COST_DISADVANTAGE,Medium,BULLISH_WARNING,55.0,Divergence,risk_off,结构:STRUCTURAL_ACCUMULATION(A/A-); 阶段:Deteriorating(B); 触发:Breakdown(C); 置信度:Medium,PASSED,B,matrix
00700,腾讯控股,2021-08-06,STRUCTURAL_ACCUMULATION,Deteriorating,Consolidation,24.339377736864925,COST_DISADVANTAGE,Low,BULLISH_STABLE,75.0,Divergence,risk_off,结构:STRUCTURAL_ACCUMULATION(A/A-); 阶段:Deteriorating(B); 触发:Consolidation(C); 置信度:Low,PASSED,B,fallback
00700,腾讯控股,2021-08-13,STRUCTURAL_ACCUMULATION,Deteriorating,Consolidation,24.339377736864925,COST_DISADVANTAGE,Low,BULLISH_STABLE,75.0,Divergence,risk_off,结构:STRUCTURAL_ACCUMULATION(A/A-); 阶段:Deteriorating(B); 触发:Consolidation(C); 置信度:Low,PASSED,B,fallback
00700,腾讯控股,2021-08-20,STRUCTURAL_ACCUMULATION,Deteriorating,Consolidation,24.339377736864925,COST_DISADVANTAGE,Low,BULLISH_STABLE,75.0,Divergence,risk_off,结构:STRUCTURAL_ACCUMULATION(A/A-); 阶段:Deteriorating(B); 触发:Consolidation(C); 置信度:Low,PASSED,B,fallback
00700,腾讯控股,2021-08-27,STRUCTURAL_ACCUMULATION,Deteriorating,Consolidation,24.339377736864925,COST_DISADVANTAGE,Low,BULLISH_STABLE,75.0,Divergence,risk_off,结构:STRUCTURAL_ACCUMULATION(A/A-); 阶段:Deteriorating(B); 触发:Consolidation(C); 置信度:Low,PASSED,B,fallback
00700,腾讯控股,2021-09-03,STRUCTURAL_ACCUMULATION,Deteriorating,Consolidation,17.52723742792709,COST_NEUTRAL,Low,BULLISH_STABLE,75.0,Divergence,risk_off,结构:STRUCTURAL_ACCUMULATION(A/A-); 阶段:Deteriorating(B); 触发:Consolidation(C); 置信度:Low,PASSED,B,fallback
00700,腾讯控股,2021-09-10,STRUCTURAL_ACCUMULATION,Deteriorating,Consolidation,17.52723742792709,COST_NEUTRAL,Low,BULLISH_STABLE,75.0,Divergence,risk_off,结构:STRUCTURAL_ACCUMULATION(A/A-); 阶段:Deteriorating(B); 触发:Consolidation(C); 置信度:Low,PASSED,B,fallback
00700,腾讯控股,2021-09-17,STRUCTURAL_ACCUMULATION,Deteriorating,Consolidation,17.52723742792709,COST_NEUTRAL,Low,BULLISH_STABLE,75.0,Divergence,risk_off,结构:STRUCTURAL_ACCUMULATION(A/A-); 阶段:Deteriorating(B); 触发:Consolidation(C); 置信度:Low,PASSED,B,fallback
00700,腾讯控股,2021-09-24,STRUCTURAL_ACCUMULATION,Deteriorating,Consolidation,17.52723742792709,COST_NEUTRAL,Low,BULLISH_STABLE,75.0,Divergence,risk_off,结构:STRUCTURAL_ACCUMULATION(A/A-); 阶段:Deteriorating(B); 触发:Consolidation(C); 置信度:Low,PASSED,B,fallback
00700,腾讯控股,2021-10-01,STRUCTURAL_ACCUMULATION,Stable,Consolidation,28.7695884554423,COST_DISADVANTAGE,Low,BULLISH_STABLE,75.0,Aligned,risk_off,结构:STRUCTURAL_ACCUMULATION(A/A-); 阶段:Stable(B); 触发:Consolidation(C); 置信度:Low,PASSED,B,fallback
00700,腾讯控股,2021-10-08,STRUCTURAL_ACCUMULATION,Stable,Consolidation,28.7695884554423,COST_DISADVANTAGE,Low,BULLISH_STABLE,75.0,Aligned,risk_off,结构:STRUCTURAL_ACCUMULATION(A/A-); 阶段:Stable(B); 触发:Consolidation(C); 置信度:Low,PASSED,B,fallback
00700,腾讯控股,2021-10-15,STRUCTURAL_ACCUMULATION,Stable,Consolidation,28.7695884554423,COST_DISADVANTAGE,Low,BULLISH_STABLE,75.0,Aligned,risk_off,结构:STRUCTURAL_ACCUMULATION(A/A-); 阶段:Stable(B); 触发:Consolidation(C); 置信度:Low,PASSED,B,fallback
00700,腾讯控股,2021-10-22,STRUCTURAL_ACCUMULATION,Stable,Consolidation,28.7695884554423,COST_DISADVANTAGE,Low,BULLISH_STABLE,75.0,Aligned,neutral,结构:STRUCTURAL_ACCUMULATION(A/A-); 阶段:Stable(B); 触发:Consolidation(C); 置信度:Low,PASSED,B,fallback
00700,腾讯控股,2021-10-29,STRUCTURAL_ACCUMULATION,Stable,Consolidation,28.7695884554423,COST_DISADVANTAGE,Low,BULLISH_STABLE,75.0,Aligned,risk_off,结构:STRUCTURAL_ACCUMULATION(A/A-); 阶段:Stable(B); 触发:Consolidation(C); 置信度:Low,PASSED,B,fallback
00700,腾讯控股,2021-11-05,STRUCTURAL_ACCUMULATION,Improving,Consolidation,40.429015041585636,COST_DISADVANTAGE,Low,BULLISH_STABLE,75.0,Aligned,risk_off,结构:STRUCTURAL_ACCUMULATION(A/A-); 阶段:Improving(B); 触发:Consolidation(C); 置信度:Low,PASSED,B,matrix
00700,腾讯控股,2021-11-12,STRUCTURAL_ACCUMULATION,Improving,Consolidation,40.429015041585636,COST_DISADVANTAGE,Low,BULLISH_STABLE,75.0,Aligned,risk_off,结构:STRUCTURAL_ACCUMULATION(A/A-); 阶段:Improving(B); 触发:Consolidation(C); 置信度:Low,PASSED,B,matrix
00700,腾讯控股,2021-11-19,STRUCTURAL_ACCUMULATION,Improving,Consolidation,40.429015041585636,COST_DISADVANTAGE,Low,BULLISH_STABLE,75.0,Aligned,neutral,结构:STRUCTURAL_ACCUMULATION(A/A-); 阶段:Improving(B); 触发:Consolidation(C); 置信度:Low,PASSED,B,matrix
00700,腾讯控股,2021-11-26,STRUCTURAL_ACCUMULATION,Improving,Consolidation,40.429015041585636,COST_DISADVANTAGE,Low,BULLISH_STABLE,75.0,Aligned,risk_off,结构:STRUCTURAL_ACCUMULATION(A/A-); 阶段:Improving(B); 触发:Consolidation(C); 置信度:Low,PASSED,B,matrix
00700,腾讯控股,2021-12-03,STRUCTURAL_ACCUMULATION,Deteriorating,Consolidation,25.57599120611942,COST_DISADVANTAGE,Low,BULLISH_STABLE,75.0,Divergence,risk_off,结构:STRUCTURAL_ACCUMULATION(A/A-); 阶段:Deteriorating(B); 触发:Consolidation(C); 置信度:Low,PASSED,B,fallback
00700,腾讯控股,2021-12-10,STRUCTURAL_ACCUMULATION,Deteriorating,Consolidation,25.57599120611942,COST_DISADVANTAGE,Low,BULLISH_STABLE,75.0,Divergence,risk_off,结构:STRUCTURAL_ACCUMULATION(A/A-); 阶段:Deteriorating(B); 触发:Consolidation(C); 置信度:Low,PASSED,B,fallback
00700,腾讯控股,2021-12-17,STRUCTURAL_ACCUMULATION,Deteriorating,Consolidation,25.57599120611942,COST_DISADVANTAGE,Low,BULLISH_STABLE,75.0,Divergence,risk_off,结构:STRUCTURAL_ACCUMULATION(A/A-); 阶段:Deteriorating(B); 触发:Consolidation(C); 置信度:Low,PASSED,B,fallback
00700,腾讯控股,2021-12-24,STRUCTURAL_ACCUMULATION,Deteriorating,Consolidation,25.57599120611942,COST_DISADVANTAGE,Low,BULLISH_STABLE,75.0,Divergence,risk_off,结构:STRUCTURAL_ACCUMULATION(A/A-); 阶段:Deteriorating(B); 触发:Consolidation(C); 置信度:Low,PASSED,B,fallback
00700,腾讯控股,2021-12-31,STRUCTURAL_ACCUMULATION,Stable,Consolidation,25.438986880229923,COST_DISADVANTAGE,Low,BULLISH_STABLE,75.0,Aligned,risk_off,结构:STRUCTURAL_ACCUMULATION(A/A-); 阶段:Stable(B); 触发:Consolidation(C); 置信度:Low,PASSED,B,fallback
00700,腾讯控股,2022-01-07,STRUCTURAL_ACCUMULATION,Stable,Consolidation,25.438986880229923,COST_DISADVANTAGE,Low,BULLISH_STABLE,75.0,Aligned,risk_off,结构:STRUCTURAL_ACCUMULATION(A/A-); 阶段:Stable(B); 触发:Consolidation(C); 置信度:Low,PASSED,B,fallback
00700,腾讯控股,2022-01-14,STRUCTURAL_ACCUMULATION,Stable,Consolidation,25.438986880229923,COST_DISADVANTAGE,Low,BULLISH_STABLE,75.0,Aligned,risk_off,结构:STRUCTURAL_ACCUMULATION(A/A-); 阶段:Stable(B); 触发:Consolidation(C); 置信度:Low,PASSED,B,fallback
00700,腾讯控股,2022-01-21,STRUCTURAL_ACCUMULATION,Stable,Consolidation,25.438986880229923,COST_DISADVANTAGE,Low,BULLISH_STABLE,75.0,Aligned,risk_off,结构:STRUCTURAL_ACCUMULATION(A/A-); 阶段:Stable(B); 触发:Consolidation(C); 置信度:Low,PASSED,B,fallback
00700,腾讯控股,2022-01-28,STRUCTURAL_ACCUMULATION,Stable,Consolidation,25.438986880229923,COST_DISADVANTAGE,Low,BULLISH_STABLE,75.0,Aligned,risk_off,结构:STRUCTURAL_ACCUMULATION(A/A-); 阶段:Stable(B); 触发:Consolidation(C); 置信度:Low,PASSED,B,fallback
00700,腾讯控股,2022-02-04,STRUCTURAL_ACCUMULATION,Improving,Consolidation,36.37478120262302,COST_NEUTRAL,Low,BULLISH_STABLE,75.0,Aligned,neutral,结构:STRUCTURAL_ACCUMULATION(A/A-); 阶段:Improving(B); 触发:Consolidation(C); 置信度:Low,PASSED,B,matrix
00700,腾讯控股,2022-02-11,STRUCTURAL_ACCUMULATION,Improving,Consolidation,36.37478120262302,COST_NEUTRAL,Low,BULLISH_STABLE,75.0,Aligned,neutral,结构:STRUCTURAL_ACCUMULATION(A/A-); 阶段:Improving(B); 触发:Consolidation(C); 置信度:Low,PASSED,B,matrix
00700,腾讯控股,2022-02-18,STRUCTURAL_ACCUMULATION,Improving,Consolidation,36.37478120262302,COST_NEUTRAL,Low,BULLISH_STABLE,75.0,Aligned,risk_off,结构:STRUCTURAL_ACCUMULATION(A/A-); 阶段:Improving(B); 触发:Consolidation(C); 置信度:Low,PASSED,B,matrix
00700,腾讯控股,2022-02-25,STRUCTURAL_ACCUMULATION,Improving,Consolidation,36.37478120262302,COST_NEUTRAL,Low,BULLISH_STABLE,75.0,Aligned,risk_off,结构:STRUCTURAL_ACCUMULATION(A/A-); 阶段:Improving(B); 触发:Consolidation(C); 置信度:Low,PASSED,B,matrix
00700,腾讯控股,2022-03-04,STRUCTURAL_ACCUMULATION,Deteriorating,Breakdown,39.032345358440196,COST_DISADVANTAGE,Low,BULLISH_WARNING,55.0,Divergence,risk_off,结构:STRUCTURAL_ACCUMULATION(A/A-); 阶段:Deteriorating(B); 触发:Breakdown(C); 置信度:Low,PASSED,B,matrix
00700,腾讯控股,2022-03-11,STRUCTURAL_ACCUMULATION,Deteriorating,Breakdown,39.032345358440196,COST_DISADVANTAGE,Low,BULLISH_WARNING,55.0,Divergence,risk_off,结构:STRUCTURAL_ACCUMULATION(A/A-); 阶段:Deteriorating(B); 触发:Breakdown(C); 置信度:Low,PASSED,B,matrix
00700,腾讯控股,2022-03-18,STRUCTURAL_ACCUMULATION,Deteriorating,Consolidation,39.032345358440196,COST_DISADVANTAGE,Low,BULLISH_STABLE,75.0,Divergence,risk_off,结构:STRUCTURAL_ACCUMULATION(A/A-); 阶段:Deteriorating(B); 触发:Consolidation(C); 置信度:Low,PASSED,B,fallback
00700,腾讯控股,2022-03-25,STRUCTURAL_ACCUMULATION,Deteriorating,Consolidation,39.032345358440196,COST_DISADVANTAGE,Low,BULLISH_STABLE,75.0,Divergence,risk_off,结构:STRUCTURAL_ACCUMULATION(A/A-); 阶段:Deteriorating(B); 触发:Consolidation(C); 置信度:Low,PASSED,B,fallback
00700,腾讯控股,2022-04-01,STRUCTURAL_ACCUMULATION,Deteriorating,Consolidation,17.051114578742613,COST_DISADVANTAGE,Low,BULLISH_STABLE,75.0,Divergence,risk_off,结构:STRUCTURAL_ACCUMULATION(A/A-); 阶段:Deteriorating(B); 触发:Consolidation(C); 置信度:Low,PASSED,B,fallback
00700,腾讯控股,2022-04-08,STRUCTURAL_ACCUMULATION,Deteriorating,Consolidation,17.051114578742613,COST_DISADVANTAGE,Low,BULLISH_STABLE,75.0,Divergence,risk_off,结构:STRUCTURAL_ACCUMULATION(A/A-); 阶段:Deteriorating(B); 触发:Consolidation(C); 置信度:Low,PASSED,B,fallback
00700,腾讯控股,2022-04-15,STRUCTURAL_ACCUMULATION,Deteriorating,Consolidation,17.051114578742613,COST_DISADVANTAGE,Low,BULLISH_STABLE,75.0,Divergence,risk_off,结构:STRUCTURAL_ACCUMULATION(A/A-); 阶段:Deteriorating(B); 触发:Consolidation(C); 置信度:Low,PASSED,B,fallback
00700,腾讯控股,2022-04-22,STRUCTURAL_ACCUMULATION,Deteriorating,Consolidation,17.051114578742613,COST_DISADVANTAGE,Low,BULLISH_STABLE,75.0,Divergence,risk_off,结构:STRUCTURAL_ACCUMULATION(A/A-); 阶段:Deteriorating(B); 触发:Consolidation(C); 置信度:Low,PASSED,B,fallback
00700,腾讯控股,2022-04-29,STRUCTURAL_ACCUMULATION,Deteriorating,Consolidation,17.051114578742613,COST_DISADVANTAGE,Low,BULLISH_STABLE,75.0,Divergence,risk_off,结构:STRUCTURAL_ACCUMULATION(A/A-); 阶段:Deteriorating(B); 触发:Consolidation(C); 置信度:Low,PASSED,B,fallback
00700,腾讯控股,2022-05-06,STRUCTURAL_ACCUMULATION,Stable,Consolidation,32.819187414865,COST_NEUTRAL,Low,BULLISH_STABLE,75.0,Aligned,risk_off,结构:STRUCTURAL_ACCUMULATION(A/A-); 阶段:Stable(B); 触发:Consolidation(C); 置信度:Low,PASSED,B,fallback
00700,腾讯控股,2022-05-13,STRUCTURAL_ACCUMULATION,Stable,Consolidation,32.819187414865,COST_NEUTRAL,Low,BULLISH_STABLE,75.0,Aligned,risk_off,结构:STRUCTURAL_ACCUMULATION(A/A-); 阶段:Stable(B); 触发:Consolidation(C); 置信度:Low,PASSED,B,fallback
00700,腾讯控股,2022-05-20,STRUCTURAL_ACCUMULATION,Stable,Consolidation,32.819187414865,COST_NEUTRAL,Low,BULLISH_STABLE,75.0,Aligned,risk_off,结构:STRUCTURAL_ACCUMULATION(A/A-); 阶段:Stable(B); 触发:Consolidation(C); 置信度:Low,PASSED,B,fallback
00700,腾讯控股,2022-05-27,STRUCTURAL_ACCUMULATION,Stable,Consolidation,32.819187414865,COST_NEUTRAL,Low,BULLISH_STABLE,75.0,Aligned,risk_off,结构:STRUCTURAL_ACCUMULATION(A/A-); 阶段:Stable(B); 触发:Consolidation(C); 置信度:Low,PASSED,B,fallback
00700,腾讯控股,2022-06-03,STRUCTURAL_ACCUMULATION,Stable,Consolidation,26.573902520854745,COST_NEUTRAL,Low,BULLISH_STABLE,75.0,Aligned,risk_off,结构:STRUCTURAL_ACCUMULATION(A/A-); 阶段:Stable(B); 触发:Consolidation(C); 置信度:Low,PASSED,B,fallback
00700,腾讯控股,2022-06-10,STRUCTURAL_ACCUMULATION,Stable,Consolidation,26.573902520854745,COST_NEUTRAL,Low,BULLISH_STABLE,75.0,Aligned,risk_off,结构:STRUCTURAL_ACCUMULATION(A/A-); 阶段:Stable(B); 触发:Consolidation(C); 置信度:Low,PASSED,B,fallback
00700,腾讯控股,2022-06-17,STRUCTURAL_ACCUMULATION,Stable,Consolidation,26.573902520854745,COST_NEUTRAL,Low,BULLISH_STABLE,75.0,Aligned,risk_off,结构:STRUCTURAL_ACCUMULATION(A/A-); 阶段:Stable(B); 触发:Consolidation(C); 置信度:Low,PASSED,B,fallback
00700,腾讯控股,2022-06-24,STRUCTURAL_ACCUMULATION,Stable,Consolidation,26.573902520854745,COST_NEUTRAL,Low,BULLISH_STABLE,75.0,Aligned,risk_off,结构:STRUCTURAL_ACCUMULATION(A/A-); 阶段:Stable(B); 触发:Consolidation(C); 置信度:Low,PASSED,B,fallback
00700,腾讯控股,2022-07-01,STRUCTURAL_ACCUMULATION,Stable,Consolidation,31.53006926564891,COST_DISADVANTAGE,Low,BULLISH_STABLE,75.0,Aligned,risk_off,结构:STRUCTURAL_ACCUMULATION(A/A-); 阶段:Stable(B); 触发:Consolidation(C); 置信度:Low,PASSED,B,fallback
00700,腾讯控股,2022-07-08,STRUCTURAL_ACCUMULATION,Stable,Consolidation,31.53006926564891,COST_DISADVANTAGE,Low,BULLISH_STABLE,75.0,Aligned,risk_off,结构:STRUCTURAL_ACCUMULATION(A/A-); 阶段:Stable(B); 触发:Consolidation(C); 置信度:Low,PASSED,B,fallback
00700,腾讯控股,2022-07-15,STRUCTURAL_ACCUMULATION,Stable,Consolidation,31.53006926564891,COST_DISADVANTAGE,Low,BULLISH_STABLE,75.0,Aligned,risk_off,结构:STRUCTURAL_ACCUMULATION(A/A-); 阶段:Stable(B); 触发:Consolidation(C); 置信度:Low,PASSED,B,fallback
00700,腾讯控股,2022-07-22,STRUCTURAL_ACCUMULATION,Stable,Consolidation,31.53006926564891,COST_DISADVANTAGE,Low,BULLISH_STABLE,75.0,Aligned,risk_off,结构:STRUCTURAL_ACCUMULATION(A/A-); 阶段:Stable(B); 触发:Consolidation(C); 置信度:Low,PASSED,B,fallback
00700,腾讯控股,2022-07-29,STRUCTURAL_ACCUMULATION,Stable,Consolidation,31.53006926564891,COST_DISADVANTAGE,Low,BULLISH_STABLE,75.0,Aligned,risk_off,结构:STRUCTURAL_ACCUMULATION(A/A-); 阶段:Stable(B); 触发:Consolidation(C); 置信度:Low,PASSED,B,fallback
00700,腾讯控股,2022-08-05,STRUCTURAL_ACCUMULATION,Deteriorating,Consolidation,37.06872411582641,COST_DISADVANTAGE,Low,BULLISH_STABLE,75.0,Divergence,neutral,结构:STRUCTURAL_ACCUMULATION(A/A-); 阶段:Deteriorating(B); 触发:Consolidation(C); 置信度:Low,PASSED,B,fallback
00700,腾讯控股,2022-08-12,STRUCTURAL_ACCUMULATION,Deteriorating,Consolidation,37.06872411582641,COST_DISADVANTAGE,Low,BULLISH_STABLE,75.0,Divergence,risk_off,结构:STRUCTURAL_ACCUMULATION(A/A-); 阶段:Deteriorating(B); 触发:Consolidation(C); 置信度:Low,PASSED,B,fallback
00700,腾讯控股,2022-08-19,STRUCTURAL_ACCUMULATION,Deteriorating,Consolidation,37.06872411582641,COST_DISADVANTAGE,Low,BULLISH_STABLE,75.0,Divergence,neutral,结构:STRUCTURAL_ACCUMULATION(A/A-); 阶段:Deteriorating(B); 触发:Consolidation(C); 置信度:Low,PASSED,B,fallback
00700,腾讯控股,2022-08-26,STRUCTURAL_ACCUMULATION,Deteriorating,Consolidation,37.06872411582641,COST_DISADVANTAGE,Low,BULLISH_STABLE,75.0,Divergence,risk_off,结构:STRUCTURAL_ACCUMULATION(A/A-); 阶段:Deteriorating(B); 触发:Consolidation(C); 置信度:Low,PASSED,B,fallback
00700,腾讯控股,2022-09-02,STRUCTURAL_ACCUMULATION,Improving,Consolidation,23.573509401025497,COST_NEUTRAL,Low,BULLISH_STABLE,75.0,Aligned,risk_off,结构:STRUCTURAL_ACCUMULATION(A/A-); 阶段:Improving(B); 触发:Consolidation(C); 置信度:Low,PASSED,B,matrix
00700,腾讯控股,2022-09-09,STRUCTURAL_ACCUMULATION,Improving,Consolidation,23.573509401025497,COST_NEUTRAL,Low,BULLISH_STABLE,75.0,Aligned,risk_off,结构:STRUCTURAL_ACCUMULATION(A/A-); 阶段:Improving(B); 触发:Consolidation(C); 置信度:Low,PASSED,B,matrix
00700,腾讯控股,2022-09-16,STRUCTURAL_ACCUMULATION,Improving,Consolidation,23.573509401025497,COST_NEUTRAL,Low,BULLISH_STABLE,75.0,Aligned,risk_off,结构:STRUCTURAL_ACCUMULATION(A/A-); 阶段:Improving(B); 触发:Consolidation(C); 置信度:Low,PASSED,B,matrix
00700,腾讯控股,2022-09-23,STRUCTURAL_ACCUMULATION,Improving,Breakdown,23.573509401025497,COST_NEUTRAL,Low,BULLISH_STABLE,75.0,Aligned,risk_off,结构:STRUCTURAL_ACCUMULATION(A/A-); 阶段:Improving(B); 触发:Breakdown(C); 置信度:Low,PASSED,B,fallback
00700,腾讯控股,2022-09-30,STRUCTURAL_ACCUMULATION,Stable,Breakdown,34.12080760684092,COST_DISADVANTAGE,Low,BULLISH_STABLE,75.0,Aligned,risk_off,结构:STRUCTURAL_ACCUMULATION(A/A-); 阶段:Stable(B); 触发:Breakdown(C); 置信度:Low,PASSED,B,fallback
00700,腾讯控股,2022-10-07,STRUCTURAL_ACCUMULATION,Stable,Consolidation,34.12080760684092,COST_DISADVANTAGE,Low,BULLISH_STABLE,75.0,Aligned,risk_off,结构:STRUCTURAL_ACCUMULATION(A/A-); 阶段:Stable(B); 触发:Consolidation(C); 置信度:Low,PASSED,B,fallback
00700,腾讯控股,2022-10-14,STRUCTURAL_ACCUMULATION,Stable,Breakdown,34.12080760684092,COST_DISADVANTAGE,Low,BULLISH_STABLE,75.0,Aligned,risk_off,结构:STRUCTURAL_ACCUMULATION(A/A-); 阶段:Stable(B); 触发:Breakdown(C); 置信度:Low,PASSED,B,fallback
00700,腾讯控股,2022-10-21,STRUCTURAL_ACCUMULATION,Stable,Breakdown,34.12080760684092,COST_DISADVANTAGE,Low,BULLISH_STABLE,75.0,Aligned,risk_off,结构:STRUCTURAL_ACCUMULATION(A/A-); 阶段:Stable(B); 触发:Breakdown(C); 置信度:Low,PASSED,B,fallback
00700,腾讯控股,2022-10-28,STRUCTURAL_ACCUMULATION,Stable,Breakdown,34.12080760684092,COST_DISADVANTAGE,Low,BULLISH_STABLE,75.0,Aligned,risk_off,结构:STRUCTURAL_ACCUMULATION(A/A-); 阶段:Stable(B); 触发:Breakdown(C); 置信度:Low,PASSED,B,fallback
00700,腾讯控股,2022-11-04,STRUCTURAL_ACCUMULATION,Deteriorating,Consolidation,21.149565916489486,COST_DISADVANTAGE,Low,BULLISH_STABLE,75.0,Divergence,risk_off,结构:STRUCTURAL_ACCUMULATION(A/A-); 阶段:Deteriorating(B); 触发:Consolidation(C); 置信度:Low,PASSED,B,fallback
00700,腾讯控股,2022-11-11,STRUCTURAL_ACCUMULATION,Deteriorating,Consolidation,21.149565916489486,COST_DISADVANTAGE,Low,BULLISH_STABLE,75.0,Divergence,risk_off,结构:STRUCTURAL_ACCUMULATION(A/A-); 阶段:Deteriorating(B); 触发:Consolidation(C); 置信度:Low,PASSED,B,fallback
00700,腾讯控股,2022-11-18,STRUCTURAL_ACCUMULATION,Deteriorating,Consolidation,21.149565916489486,COST_DISADVANTAGE,Low,BULLISH_STABLE,75.0,Divergence,risk_off,结构:STRUCTURAL_ACCUMULATION(A/A-); 阶段:Deteriorating(B); 触发:Consolidation(C); 置信度:Low,PASSED,B,fallback
00700,腾讯控股,2022-11-25,STRUCTURAL_ACCUMULATION,Deteriorating,Consolidation,21.149565916489486,COST_DISADVANTAGE,Low,BULLISH_STABLE,75.0,Divergence,risk_off,结构:STRUCTURAL_ACCUMULATION(A/A-); 阶段:Deteriorating(B); 触发:Consolidation(C); 置信度:Low,PASSED,B,fallback
00700,腾讯控股,2022-12-02,STRUCTURAL_ACCUMULATION,Deteriorating,Consolidation,20.547076741383815,COST_NEUTRAL,Low,BULLISH_STABLE,75.0,Divergence,risk_off,结构:STRUCTURAL_ACCUMULATION(A/A-); 阶段:Deteriorating(B); 触发:Consolidation(C); 置信度:Low,PASSED,B,fallback
00700,腾讯控股,2022-12-09,STRUCTURAL_ACCUMULATION,Deteriorating,Consolidation,20.547076741383815,COST_NEUTRAL,Low,BULLISH_STABLE,75.0,Divergence,risk_off,结构:STRUCTURAL_ACCUMULATION(A/A-); 阶段:Deteriorating(B); 触发:Consolidation(C); 置信度:Low,PASSED,B,fallback
00700,腾讯控股,2022-12-16,STRUCTURAL_ACCUMULATION,Deteriorating,Consolidation,20.547076741383815,COST_NEUTRAL,Low,BULLISH_STABLE,75.0,Divergence,risk_off,结构:STRUCTURAL_ACCUMULATION(A/A-); 阶段:Deteriorating(B); 触发:Consolidation(C); 置信度:Low,PASSED,B,fallback
00700,腾讯控股,2022-12-23,STRUCTURAL_ACCUMULATION,Deteriorating,Consolidation,20.547076741383815,COST_NEUTRAL,Low,BULLISH_STABLE,75.0,Divergence,risk_off,结构:STRUCTURAL_ACCUMULATION(A/A-); 阶段:Deteriorating(B); 触发:Consolidation(C); 置信度:Low,PASSED,B,fallback
00700,腾讯控股,2022-12-30,STRUCTURAL_ACCUMULATION,Deteriorating,Consolidation,20.547076741383815,COST_NEUTRAL,Low,BULLISH_STABLE,75.0,Divergence,risk_off,结构:STRUCTURAL_ACCUMULATION(A/A-); 阶段:Deteriorating(B); 触发:Consolidation(C); 置信度:Low,PASSED,B,fallback
00700,腾讯控股,2023-01-06,STRUCTURAL_ACCUMULATION,Improving,Consolidation,25.0470135133658,COST_NEUTRAL,Low,BULLISH_STABLE,75.0,Aligned,risk_off,结构:STRUCTURAL_ACCUMULATION(A/A-); 阶段:Improving(B); 触发:Consolidation(C); 置信度:Low,PASSED,B,matrix
00700,腾讯控股,2023-01-13,STRUCTURAL_ACCUMULATION,Improving,Consolidation,25.0470135133658,COST_NEUTRAL,Low,BULLISH_STABLE,75.0,Aligned,risk_on,结构:STRUCTURAL_ACCUMULATION(A/A-); 阶段:Improving(B); 触发:Consolidation(C); 置信度:Low,PASSED,B,matrix
00700,腾讯控股,2023-01-20,STRUCTURAL_ACCUMULATION,Improving,Consolidation,25.0470135133658,COST_NEUTRAL,Low,BULLISH_STABLE,75.0,Aligned,risk_on,结构:STRUCTURAL_ACCUMULATION(A/A-); 阶段:Improving(B); 触发:Consolidation(C); 置信度:Low,PASSED,B,matrix
00700,腾讯控股,2023-01-27,STRUCTURAL_ACCUMULATION,Improving,Consolidation,25.0470135133658,COST_NEUTRAL,Low,BULLISH_STABLE,75.0,Aligned,risk_on,结构:STRUCTURAL_ACCUMULATION(A/A-); 阶段:Improving(B); 触发:Consolidation(C); 置信度:Low,PASSED,B,matrix
00700,腾讯控股,2023-02-03,STRUCTURAL_ACCUMULATION,Improving,Consolidation,25.9438567877539,COST_NEUTRAL,Low,BULLISH_STABLE,75.0,Aligned,risk_on,结构:STRUCTURAL_ACCUMULATION(A/A-); 阶段:Improving(B); 触发:Consolidation(C); 置信度:Low,PASSED,B,matrix
00700,腾讯控股,2023-02-10,STRUCTURAL_ACCUMULATION,Improving,Consolidation,25.9438567877539,COST_NEUTRAL,Low,BULLISH_STABLE,75.0,Aligned,risk_on,结构:STRUCTURAL_ACCUMULATION(A/A-); 阶段:Improving(B); 触发:Consolidation(C); 置信度:Low,PASSED,B,matrix
00700,腾讯控股,2023-02-17,STRUCTURAL_ACCUMULATION,Improving,Pullback,25.9438567877539,COST_NEUTRAL,Low,BULLISH_STABLE,75.0,Aligned,risk_on,结构:STRUCTURAL_ACCUMULATION(A/A-); 阶段:Improving(B); 触发:Pullback(C); 置信度:Low,PASSED,B,fallback
00700,腾讯控股,2023-02-24,STRUCTURAL_ACCUMULATION,Improving,Pullback,25.9438567877539,COST_NEUTRAL,Low,BULLISH_STABLE,75.0,Aligned,risk_off,结构:STRUCTURAL_ACCUMULATION(A/A-); 阶段:Improving(B); 触发:Pullback(C); 置信度:Low,PASSED,B,fallback
00700,腾讯控股,2023-03-03,STRUCTURAL_ACCUMULATION,Deteriorating,Pullback,33.70222448828682,COST_NEUTRAL,Low,BULLISH_STABLE,75.0,Divergence,risk_off,结构:STRUCTURAL_ACCUMULATION(A/A-); 阶段:Deteriorating(B); 触发:Pullback(C); 置信度:Low,PASSED,B,fallback
00700,腾讯控股,2023-03-10,STRUCTURAL_ACCUMULATION,Deteriorating,Consolidation,33.70222448828682,COST_NEUTRAL,Low,BULLISH_STABLE,75.0,Divergence,risk_off,结构:STRUCTURAL_ACCUMULATION(A/A-); 阶段:Deteriorating(B); 触发:Consolidation(C); 置信度:Low,PASSED,B,fallback
00700,腾讯控股,2023-03-17,STRUCTURAL_ACCUMULATION,Deteriorating,Pullback,33.70222448828682,COST_NEUTRAL,Low,BULLISH_STABLE,75.0,Divergence,risk_off,结构:STRUCTURAL_ACCUMULATION(A/A-); 阶段:Deteriorating(B); 触发:Pullback(C); 置信度:Low,PASSED,B,fallback
00700,腾讯控股,2023-03-24,STRUCTURAL_ACCUMULATION,Deteriorating,Consolidation,33.70222448828682,COST_NEUTRAL,Low,BULLISH_STABLE,75.0,Divergence,risk_off,结构:STRUCTURAL_ACCUMULATION(A/A-); 阶段:Deteriorating(B); 触发:Consolidation(C); 置信度:Low,PASSED,B,fallback
00700,腾讯控股,2023-03-31,STRUCTURAL_ACCUMULATION,Improving,Consolidation,26.838165902884015,COST_ADVANTAGE,Low,BULLISH_STABLE,75.0,Aligned,risk_off,结构:STRUCTURAL_ACCUMULATION(A/A-); 阶段:Improving(B); 触发:Consolidation(C); 置信度:Low,PASSED,B,matrix
00700,腾讯控股,2023-04-07,STRUCTURAL_ACCUMULATION,Improving,Consolidation,26.838165902884015,COST_ADVANTAGE,Low,BULLISH_STABLE,75.0,Aligned,risk_off,结构:STRUCTURAL_ACCUMULATION(A/A-); 阶段:Improving(B); 触发:Consolidation(C); 置信度:Low,PASSED,B,matrix
00700,腾讯控股,2023-04-14,STRUCTURAL_ACCUMULATION,Improving,Pullback,26.838165902884015,COST_ADVANTAGE,Low,BULLISH_STABLE,75.0,Aligned,risk_off,结构:STRUCTURAL_ACCUMULATION(A/A-); 阶段:Improving(B); 触发:Pullback(C); 置信度:Low,PASSED,B,fallback
00700,腾讯控股,2023-04-21,STRUCTURAL_ACCUMULATION,Improving,Consolidation,26.838165902884015,COST_ADVANTAGE,Low,BULLISH_STABLE,75.0,Aligned,risk_off,结构:STRUCTURAL_ACCUMULATION(A/A-); 阶段:Improving(B); 触发:Consolidation(C); 置信度:Low,PASSED,B,matrix
00700,腾讯控股,2023-04-28,STRUCTURAL_ACCUMULATION,Improving,Consolidation,26.838165902884015,COST_ADVANTAGE,Low,BULLISH_STABLE,75.0,Aligned,risk_off,结构:STRUCTURAL_ACCUMULATION(A/A-); 阶段:Improving(B); 触发:Consolidation(C); 置信度:Low,PASSED,B,matrix
00700,腾讯控股,2023-05-05,STRUCTURAL_ACCUMULATION,Deteriorating,Consolidation,48.21844635298268,COST_DISADVANTAGE,Low,BULLISH_STABLE,75.0,Divergence,risk_off,结构:STRUCTURAL_ACCUMULATION(A/A-); 阶段:Deteriorating(B); 触发:Consolidation(C); 置信度:Low,PASSED,B,fallback
00700,腾讯控股,2023-05-12,STRUCTURAL_ACCUMULATION,Deteriorating,Consolidation,48.21844635298268,COST_DISADVANTAGE,Low,BULLISH_STABLE,75.0,Divergence,risk_off,结构:STRUCTURAL_ACCUMULATION(A/A-); 阶段:Deteriorating(B); 触发:Consolidation(C); 置信度:Low,PASSED,B,fallback
00700,腾讯控股,2023-05-19,STRUCTURAL_ACCUMULATION,Deteriorating,Consolidation,48.21844635298268,COST_DISADVANTAGE,Medium,BULLISH_STABLE,75.0,Divergence,risk_off,结构:STRUCTURAL_ACCUMULATION(A/A-); 阶段:Deteriorating(B); 触发:Consolidation(C); 置信度:Medium,PASSED,B,fallback
00700,腾讯控股,2023-05-26,STRUCTURAL_ACCUMULATION,Deteriorating,Consolidation,48.21844635298268,COST_DISADVANTAGE,Medium,BULLISH_STABLE,75.0,Divergence,risk_off,结构:STRUCTURAL_ACCUMULATION(A/A-); 阶段:Deteriorating(B); 触发:Consolidation(C); 置信度:Medium,PASSED,B,fallback
00700,腾讯控股,2023-06-02,STRUCTURAL_ACCUMULATION,Deteriorating,Consolidation,43.62075723579686,COST_DISADVANTAGE,Medium,BULLISH_STABLE,75.0,Divergence,risk_off,结构:STRUCTURAL_ACCUMULATION(A/A-); 阶段:Deteriorating(B); 触发:Consolidation(C); 置信度:Medium,PASSED,B,fallback
00700,腾讯控股,2023-06-09,STRUCTURAL_ACCUMULATION,Deteriorating,Consolidation,43.62075723579686,COST_DISADVANTAGE,Medium,BULLISH_STABLE,75.0,Divergence,neutral,结构:STRUCTURAL_ACCUMULATION(A/A-); 阶段:Deteriorating(B); 触发:Consolidation(C); 置信度:Medium,PASSED,B,fallback
00700,腾讯控股,2023-06-16,STRUCTURAL_ACCUMULATION,Deteriorating,Consolidation,43.62075723579686,COST_DISADVANTAGE,Medium,BULLISH_STABLE,75.0,Divergence,risk_on,结构:STRUCTURAL_ACCUMULATION(A/A-); 阶段:Deteriorating(B); 触发:Consolidation(C); 置信度:Medium,PASSED,B,fallback
00700,腾讯控股,2023-06-23,STRUCTURAL_ACCUMULATION,Deteriorating,Consolidation,43.62075723579686,COST_DISADVANTAGE,Medium,BULLISH_STABLE,75.0,Divergence,risk_off,结构:STRUCTURAL_ACCUMULATION(A/A-); 阶段:Deteriorating(B); 触发:Consolidation(C); 置信度:Medium,PASSED,B,fallback
00700,腾讯控股,2023-06-30,STRUCTURAL_ACCUMULATION,Improving,Consolidation,40.893906224682866,COST_DISADVANTAGE,Low,BULLISH_STABLE,75.0,Aligned,risk_off,结构:STRUCTURAL_ACCUMULATION(A/A-); 阶段:Improving(B); 触发:Consolidation(C); 置信度:Low,PASSED,B,matrix
00700,腾讯控股,2023-07-07,STRUCTURAL_ACCUMULATION,Improving,Consolidation,40.893906224682866,COST_DISADVANTAGE,Low,BULLISH_STABLE,75.0,Aligned,risk_off,结构:STRUCTURAL_ACCUMULATION(A/A-); 阶段:Improving(B); 触发:Consolidation(C); 置信度:Low,PASSED,B,matrix
00700,腾讯控股,2023-07-14,STRUCTURAL_ACCUMULATION,Improving,Consolidation,40.893906224682866,COST_DISADVANTAGE,Low,BULLISH_STABLE,75.0,Aligned,risk_off,结构:STRUCTURAL_ACCUMULATION(A/A-); 阶段:Improving(B); 触发:Consolidation(C); 置信度:Low,PASSED,B,matrix
00700,腾讯控股,2023-07-21,STRUCTURAL_ACCUMULATION,Improving,Consolidation,40.893906224682866,COST_DISADVANTAGE,Low,BULLISH_STABLE,75.0,Aligned,risk_off,结构:STRUCTURAL_ACCUMULATION(A/A-); 阶段:Improving(B); 触发:Consolidation(C); 置信度:Low,PASSED,B,matrix
00700,腾讯控股,2023-07-28,STRUCTURAL_ACCUMULATION,Improving,Consolidation,40.893906224682866,COST_DISADVANTAGE,Low,BULLISH_STABLE,75.0,Aligned,risk_off,结构:STRUCTURAL_ACCUMULATION(A/A-); 阶段:Improving(B); 触发:Consolidation(C); 置信度:Low,PASSED,B,matrix
00700,腾讯控股,2023-08-04,STRUCTURAL_ACCUMULATION,Improving,Consolidation,47.142910065498334,COST_NEUTRAL,Medium,BULLISH_STABLE,75.0,Aligned,risk_off,结构:STRUCTURAL_ACCUMULATION(A/A-); 阶段:Improving(B); 触发:Consolidation(C); 置信度:Medium,PASSED,B,matrix
00700,腾讯控股,2023-08-11,STRUCTURAL_ACCUMULATION,Improving,Consolidation,47.142910065498334,COST_NEUTRAL,Medium,BULLISH_STABLE,75.0,Aligned,risk_off,结构:STRUCTURAL_ACCUMULATION(A/A-); 阶段:Improving(B); 触发:Consolidation(C); 置信度:Medium,PASSED,B,matrix
00700,腾讯控股,2023-08-18,STRUCTURAL_DECLINE,Improving,Consolidation,47.142910065498334,COST_NEUTRAL,Low,BEARISH_CONFIRMED,20.0,Divergence,risk_off,结构:STRUCTURAL_DECLINE(A/A-); 阶段:Improving(B); 触发:Consolidation(C); 置信度:Low,PASSED,B,fallback
00700,腾讯控股,2023-08-25,STRUCTURAL_DECLINE,Improving,Consolidation,47.142910065498334,COST_NEUTRAL,Low,BEARISH_CONFIRMED,20.0,Divergence,risk_off,结构:STRUCTURAL_DECLINE(A/A-); 阶段:Improving(B); 触发:Consolidation(C); 置信度:Low,PASSED,B,fallback
00700,腾讯控股,2023-09-01,STRUCTURAL_DECLINE,Stable,Consolidation,38.06578164266183,COST_DISADVANTAGE,Low,BEARISH_CONFIRMED,20.0,Aligned,risk_off,结构:STRUCTURAL_DECLINE(A/A-); 阶段:Stable(B); 触发:Consolidation(C); 置信度:Low,PASSED,B,fallback
00700,腾讯控股,2023-09-08,STRUCTURAL_DECLINE,Stable,Consolidation,38.06578164266183,COST_DISADVANTAGE,Low,BEARISH_CONFIRMED,20.0,Aligned,risk_off,结构:STRUCTURAL_DECLINE(A/A-); 阶段:Stable(B); 触发:Consolidation(C); 置信度:Low,PASSED,B,fallback
00700,腾讯控股,2023-09-15,STRUCTURAL_DECLINE,Stable,Consolidation,38.06578164266183,COST_DISADVANTAGE,Low,BEARISH_CONFIRMED,20.0,Aligned,risk_off,结构:STRUCTURAL_DECLINE(A/A-); 阶段:Stable(B); 触发:Consolidation(C); 置信度:Low,PASSED,B,fallback
00700,腾讯控股,2023-09-22,STRUCTURAL_DECLINE,Stable,Consolidation,38.06578164266183,COST_DISADVANTAGE,Low,BEARISH_CONFIRMED,20.0,Aligned,risk_off,结构:STRUCTURAL_DECLINE(A/A-); 阶段:Stable(B); 触发:Consolidation(C); 置信度:Low,PASSED,B,fallback
00700,腾讯控股,2023-09-29,STRUCTURAL_DECLINE,Stable,Consolidation,38.06578164266183,COST_DISADVANTAGE,Low,BEARISH_CONFIRMED,20.0,Aligned,risk_off,结构:STRUCTURAL_DECLINE(A/A-); 阶段:Stable(B); 触发:Consolidation(C); 置信度:Low,PASSED,B,fallback
00700,腾讯控股,2023-10-06,STRUCTURAL_DECLINE,Deteriorating,Consolidation,51.07144964889843,COST_DISADVANTAGE,Low,BEARISH_CONFIRMED,20.0,Aligned,risk_off,结构:STRUCTURAL_DECLINE(A/A-); 阶段:Deteriorating(B); 触发:Consolidation(C); 置信度:Low,PASSED,B,fallback
00700,腾讯控股,2023-10-13,STRUCTURAL_DECLINE,Deteriorating,Consolidation,51.07144964889843,COST_DISADVANTAGE,Low,BEARISH_CONFIRMED,20.0,Aligned,risk_off,结构:STRUCTURAL_DECLINE(A/A-); 阶段:Deteriorating(B); 触发:Consolidation(C); 置信度:Low,PASSED,B,fallback
00700,腾讯控股,2023-10-20,STRUCTURAL_DECLINE,Deteriorating,Breakdown,51.07144964889843,COST_DISADVANTAGE,Low,BEARISH_CONFIRMED,20.0,Aligned,risk_off,结构:STRUCTURAL_DECLINE(A/A-); 阶段:Deteriorating(B); 触发:Breakdown(C); 置信度:Low,PASSED,B,matrix
00700,腾讯控股,2023-10-27,STRUCTURAL_DECLINE,Deteriorating,Consolidation,51.07144964889843,COST_DISADVANTAGE,Low,BEARISH_CONFIRMED,20.0,Aligned,risk_off,结构:STRUCTURAL_DECLINE(A/A-); 阶段:Deteriorating(B); 触发:Consolidation(C); 置信度:Low,PASSED,B,fallback
00700,腾讯控股,2023-11-03,STRUCTURAL_DECLINE,Deteriorating,Consolidation,51.240174664867595,COST_DISADVANTAGE,Low,BEARISH_CONFIRMED,20.0,Aligned,risk_off,结构:STRUCTURAL_DECLINE(A/A-); 阶段:Deteriorating(B); 触发:Consolidation(C); 置信度:Low,PASSED,B,fallback
00700,腾讯控股,2023-11-10,STRUCTURAL_DECLINE,Deteriorating,Consolidation,51.240174664867595,COST_DISADVANTAGE,Low,BEARISH_CONFIRMED,20.0,Aligned,risk_off,结构:STRUCTURAL_DECLINE(A/A-); 阶段:Deteriorating(B); 触发:Consolidation(C); 置信度:Low,PASSED,B,fallback
00700,腾讯控股,2023-11-17,STRUCTURAL_DECLINE,Deteriorating,Consolidation,51.240174664867595,COST_DISADVANTAGE,Medium,BEARISH_CONFIRMED,20.0,Aligned,neutral,结构:STRUCTURAL_DECLINE(A/A-); 阶段:Deteriorating(B); 触发:Consolidation(C); 置信度:Medium,PASSED,B,fallback
00700,腾讯控股,2023-11-24,STRUCTURAL_DECLINE,Deteriorating,Consolidation,51.240174664867595,COST_DISADVANTAGE,Medium,BEARISH_CONFIRMED,20.0,Aligned,risk_off,结构:STRUCTURAL_DECLINE(A/A-); 阶段:Deteriorating(B); 触发:Consolidation(C); 置信度:Medium,PASSED,B,fallback
00700,腾讯控股,2023-12-01,STRUCTURAL_DECLINE,Improving,Consolidation,49.01599444576594,COST_NEUTRAL,Medium,BEARISH_CONFIRMED,20.0,Divergence,risk_off,结构:STRUCTURAL_DECLINE(A/A-); 阶段:Improving(B); 触发:Consolidation(C); 置信度:Medium,PASSED,B,fallback
00700,腾讯控股,2023-12-08,STRUCTURAL_DECLINE,Improving,Consolidation,49.01599444576594,COST_NEUTRAL,Medium,BEARISH_CONFIRMED,20.0,Divergence,risk_off,结构:STRUCTURAL_DECLINE(A/A-); 阶段:Improving(B); 触发:Consolidation(C); 置信度:Medium,PASSED,B,fallback
00700,腾讯控股,2023-12-15,STRUCTURAL_DECLINE,Improving,Consolidation,49.01599444576594,COST_NEUTRAL,Medium,BEARISH_CONFIRMED,20.0,Divergence,risk_off,结构:STRUCTURAL_DECLINE(A/A-); 阶段:Improving(B); 触发:Consolidation(C); 置信度:Medium,PASSED,B,fallback
00700,腾讯控股,2023-12-22,STRUCTURAL_DECLINE,Improving,Breakdown,49.01599444576594,COST_NEUTRAL,Medium,BEARISH_CONFIRMED,20.0,Divergence,risk_off,结构:STRUCTURAL_DECLINE(A/A-); 阶段:Improving(B); 触发:Breakdown(C); 置信度:Medium,PASSED,B,fallback
00700,腾讯控股,2023-12-29,STRUCTURAL_DECLINE,Improving,Consolidation,49.01599444576594,COST_NEUTRAL,Medium,BEARISH_CONFIRMED,20.0,Divergence,neutral,结构:STRUCTURAL_DECLINE(A/A-); 阶段:Improving(B); 触发:Consolidation(C); 置信度:Medium,PASSED,B,fallback
00700,腾讯控股,2024-01-05,STRUCTURAL_DECLINE,Deteriorating,Consolidation,31.053962961279552,COST_DISADVANTAGE,Low,BEARISH_CONFIRMED,20.0,Aligned,risk_off,结构:STRUCTURAL_DECLINE(A/A-); 阶段:Deteriorating(B); 触发:Consolidation(C); 置信度:Low,PASSED,B,fallback
00700,腾讯控股,2024-01-12,STRUCTURAL_DECLINE,Deteriorating,Consolidation,31.053962961279552,COST_DISADVANTAGE,Low,BEARISH_CONFIRMED,20.0,Aligned,risk_off,结构:STRUCTURAL_DECLINE(A/A-); 阶段:Deteriorating(B); 触发:Consolidation(C); 置信度:Low,PASSED,B,fallback
00700,腾讯控股,2024-01-19,STRUCTURAL_DECLINE,Deteriorating,Consolidation,31.053962961279552,COST_DISADVANTAGE,Low,BEARISH_CONFIRMED,20.0,Aligned,risk_off,结构:STRUCTURAL_DECLINE(A/A-); 阶段:Deteriorating(B); 触发:Consolidation(C); 置信度:Low,PASSED,B,fallback
00700,腾讯控股,2024-01-26,STRUCTURAL_DECLINE,Deteriorating,Consolidation,31.053962961279552,COST_DISADVANTAGE,Low,BEARISH_CONFIRMED,20.0,Aligned,risk_off,结构:STRUCTURAL_DECLINE(A/A-); 阶段:Deteriorating(B); 触发:Consolidation(C); 置信度:Low,PASSED,B,fallback
00700,腾讯控股,2024-02-02,STRUCTURAL_DECLINE,Deteriorating,Consolidation,34.86262337873184,COST_DISADVANTAGE,Low,BEARISH_CONFIRMED,20.0,Aligned,risk_off,结构:STRUCTURAL_DECLINE(A/A-); 阶段:Deteriorating(B); 触发:Consolidation(C); 置信度:Low,PASSED,B,fallback
00700,腾讯控股,2024-02-09,STRUCTURAL_DECLINE,Deteriorating,Consolidation,34.86262337873184,COST_DISADVANTAGE,Low,BEARISH_CONFIRMED,20.0,Aligned,risk_off,结构:STRUCTURAL_DECLINE(A/A-); 阶段:Deteriorating(B); 触发:Consolidation(C); 置信度:Low,PASSED,B,fallback
00700,腾讯控股,2024-02-16,STRUCTURAL_DECLINE,Deteriorating,Consolidation,34.86262337873184,COST_DISADVANTAGE,Low,BEARISH_CONFIRMED,20.0,Aligned,risk_off,结构:STRUCTURAL_DECLINE(A/A-); 阶段:Deteriorating(B); 触发:Consolidation(C); 置信度:Low,PASSED,B,fallback
00700,腾讯控股,2024-02-23,STRUCTURAL_DECLINE,Deteriorating,Consolidation,34.86262337873184,COST_DISADVANTAGE,Low,BEARISH_CONFIRMED,20.0,Aligned,risk_off,结构:STRUCTURAL_DECLINE(A/A-); 阶段:Deteriorating(B); 触发:Consolidation(C); 置信度:Low,PASSED,B,fallback
00700,腾讯控股,2024-03-01,STRUCTURAL_DECLINE,Improving,Consolidation,51.550719601370034,COST_DISADVANTAGE,Low,BEARISH_CONFIRMED,20.0,Divergence,neutral,结构:STRUCTURAL_DECLINE(A/A-); 阶段:Improving(B); 触发:Consolidation(C); 置信度:Low,PASSED,B,fallback
00700,腾讯控股,2024-03-08,STRUCTURAL_DECLINE,Improving,Consolidation,51.550719601370034,COST_DISADVANTAGE,Low,BEARISH_CONFIRMED,20.0,Divergence,neutral,结构:STRUCTURAL_DECLINE(A/A-); 阶段:Improving(B); 触发:Consolidation(C); 置信度:Low,PASSED,B,fallback
00700,腾讯控股,2024-03-15,STRUCTURAL_DECLINE,Improving,Consolidation,51.550719601370034,COST_DISADVANTAGE,Low,BEARISH_CONFIRMED,20.0,Divergence,neutral,结构:STRUCTURAL_DECLINE(A/A-); 阶段:Improving(B); 触发:Consolidation(C); 置信度:Low,PASSED,B,fallback
00700,腾讯控股,2024-03-22,STRUCTURAL_DECLINE,Improving,Consolidation,51.550719601370034,COST_DISADVANTAGE,Low,BEARISH_CONFIRMED,20.0,Divergence,neutral,结构:STRUCTURAL_DECLINE(A/A-); 阶段:Improving(B); 触发:Consolidation(C); 置信度:Low,PASSED,B,fallback
00700,腾讯控股,2024-03-29,STRUCTURAL_DECLINE,Improving,Consolidation,51.550719601370034,COST_DISADVANTAGE,Low,BEARISH_CONFIRMED,20.0,Divergence,neutral,结构:STRUCTURAL_DECLINE(A/A-); 阶段:Improving(B); 触发:Consolidation(C); 置信度:Low,PASSED,B,fallback
00700,腾讯控股,2024-04-05,STRUCTURAL_DECLINE,Stable,Consolidation,42.743111008418545,COST_NEUTRAL,Low,BEARISH_CONFIRMED,20.0,Aligned,neutral,结构:STRUCTURAL_DECLINE(A/A-); 阶段:Stable(B); 触发:Consolidation(C); 置信度:Low,PASSED,B,fallback
00700,腾讯控股,2024-04-12,STRUCTURAL_DECLINE,Stable,Consolidation,42.743111008418545,COST_NEUTRAL,Low,BEARISH_CONFIRMED,20.0,Aligned,risk_on,结构:STRUCTURAL_DECLINE(A/A-); 阶段:Stable(B); 触发:Consolidation(C); 置信度:Low,PASSED,B,fallback
00700,腾讯控股,2024-04-19,STRUCTURAL_DECLINE,Stable,Consolidation,42.743111008418545,COST_NEUTRAL,Low,BEARISH_CONFIRMED,20.0,Aligned,risk_on,结构:STRUCTURAL_DECLINE(A/A-); 阶段:Stable(B); 触发:Consolidation(C); 置信度:Low,PASSED,B,fallback
00700,腾讯控股,2024-04-26,STRUCTURAL_DECLINE,Stable,Consolidation,42.743111008418545,COST_NEUTRAL,Low,BEARISH_CONFIRMED,20.0,Aligned,risk_on,结构:STRUCTURAL_DECLINE(A/A-); 阶段:Stable(B); 触发:Consolidation(C); 置信度:Low,PASSED,B,fallback
00700,腾讯控股,2024-05-03,STRUCTURAL_DECLINE,Stable,Consolidation,46.002455422414585,COST_ADVANTAGE,Low,BEARISH_CONFIRMED,20.0,Aligned,risk_on,结构:STRUCTURAL_DECLINE(A/A-); 阶段:Stable(B); 触发:Consolidation(C); 置信度:Low,PASSED,B,fallback
00700,腾讯控股,2024-05-10,STRUCTURAL_DECLINE,Stable,Consolidation,46.002455422414585,COST_ADVANTAGE,Low,BEARISH_CONFIRMED,20.0,Aligned,risk_on,结构:STRUCTURAL_DECLINE(A/A-); 阶段:Stable(B); 触发:Consolidation(C); 置信度:Low,PASSED,B,fallback
00700,腾讯控股,2024-05-17,STRUCTURAL_DECLINE,Stable,Consolidation,46.002455422414585,COST_ADVANTAGE,Medium,BEARISH_CONFIRMED,20.0,Aligned,risk_on,结构:STRUCTURAL_DECLINE(A/A-); 阶段:Stable(B); 触发:Consolidation(C); 置信度:Medium,PASSED,B,fallback
00700,腾讯控股,2024-05-24,STRUCTURAL_DECLINE,Stable,Consolidation,46.002455422414585,COST_ADVANTAGE,Medium,BEARISH_CONFIRMED,20.0,Aligned,risk_on,结构:STRUCTURAL_DECLINE(A/A-); 阶段:Stable(B); 触发:Consolidation(C); 置信度:Medium,PASSED,B,fallback
00700,腾讯控股,2024-05-31,STRUCTURAL_DECLINE,Stable,Pullback,39.43108267832915,COST_NEUTRAL,Low,BEARISH_CONFIRMED,20.0,Aligned,risk_on,结构:STRUCTURAL_DECLINE(A/A-); 阶段:Stable(B); 触发:Pullback(C); 置信度:Low,PASSED,B,fallback
00700,腾讯控股,2024-06-07,STRUCTURAL_DECLINE,Stable,Consolidation,39.43108267832915,COST_NEUTRAL,Low,BEARISH_CONFIRMED,20.0,Aligned,risk_on,结构:STRUCTURAL_DECLINE(A/A-); 阶段:Stable(B); 触发:Consolidation(C); 置信度:Low,PASSED,B,fallback
00700,腾讯控股,2024-06-14,STRUCTURAL_DECLINE,Stable,Consolidation,39.43108267832915,COST_NEUTRAL,Low,BEARISH_CONFIRMED,20.0,Aligned,risk_on,结构:STRUCTURAL_DECLINE(A/A-); 阶段:Stable(B); 触发:Consolidation(C); 置信度:Low,PASSED,B,fallback
00700,腾讯控股,2024-06-21,STRUCTURAL_DECLINE,Stable,Consolidation,39.43108267832915,COST_NEUTRAL,Low,BEARISH_CONFIRMED,20.0,Aligned,risk_on,结构:STRUCTURAL_DECLINE(A/A-); 阶段:Stable(B); 触发:Consolidation(C); 置信度:Low,PASSED,B,fallback
00700,腾讯控股,2024-06-28,STRUCTURAL_DECLINE,Stable,Pullback,39.43108267832915,COST_NEUTRAL,Low,BEARISH_CONFIRMED,20.0,Aligned,risk_on,结构:STRUCTURAL_DECLINE(A/A-); 阶段:Stable(B); 触发:Pullback(C); 置信度:Low,PASSED,B,fallback
00700,腾讯控股,2024-07-05,STRUCTURAL_DECLINE,Improving,Consolidation,64.46597858756044,COST_NEUTRAL,Medium,BEARISH_CONFIRMED,20.0,Divergence,risk_on,结构:STRUCTURAL_DECLINE(A/A-); 阶段:Improving(B); 触发:Consolidation(C); 置信度:Medium,PASSED,B,fallback
00700,腾讯控股,2024-07-12,STRUCTURAL_DECLINE,Improving,Consolidation,64.46597858756044,COST_NEUTRAL,Medium,BEARISH_CONFIRMED,20.0,Divergence,risk_on,结构:STRUCTURAL_DECLINE(A/A-); 阶段:Improving(B); 触发:Consolidation(C); 置信度:Medium,PASSED,B,fallback
00700,腾讯控股,2024-07-19,STRUCTURAL_DECLINE,Improving,Pullback,64.46597858756044,COST_NEUTRAL,Medium,BEARISH_CONFIRMED,20.0,Divergence,risk_on,结构:STRUCTURAL_DECLINE(A/A-); 阶段:Improving(B); 触发:Pullback(C); 置信度:Medium,PASSED,B,fallback
00700,腾讯控股,2024-07-26,STRUCTURAL_DECLINE,Improving,Pullback,64.46597858756044,COST_NEUTRAL,Medium,BEARISH_CONFIRMED,20.0,Divergence,risk_off,结构:STRUCTURAL_DECLINE(A/A-); 阶段:Improving(B); 触发:Pullback(C); 置信度:Medium,PASSED,B,fallback
00700,腾讯控股,2024-08-02,STRUCTURAL_DECLINE,Deteriorating,Pullback,60.328360360835546,COST_DISADVANTAGE,Medium,BEARISH_CONFIRMED,20.0,Aligned,risk_off,结构:STRUCTURAL_DECLINE(A/A-); 阶段:Deteriorating(B); 触发:Pullback(C); 置信度:Medium,PASSED,B,fallback
00700,腾讯控股,2024-08-09,STRUCTURAL_DECLINE,Deteriorating,Consolidation,60.328360360835546,COST_DISADVANTAGE,Medium,BEARISH_CONFIRMED,20.0,Aligned,risk_off,结构:STRUCTURAL_DECLINE(A/A-); 阶段:Deteriorating(B); 触发:Consolidation(C); 置信度:Medium,PASSED,B,fallback
00700,腾讯控股,2024-08-16,STRUCTURAL_DECLINE,Deteriorating,Consolidation,60.328360360835546,COST_DISADVANTAGE,Medium,BEARISH_CONFIRMED,20.0,Aligned,risk_off,结构:STRUCTURAL_DECLINE(A/A-); 阶段:Deteriorating(B); 触发:Consolidation(C); 置信度:Medium,PASSED,B,fallback
00700,腾讯控股,2024-08-23,STRUCTURAL_DECLINE,Deteriorating,Consolidation,60.328360360835546,COST_DISADVANTAGE,Medium,BEARISH_CONFIRMED,20.0,Aligned,risk_off,结构:STRUCTURAL_DECLINE(A/A-); 阶段:Deteriorating(B); 触发:Consolidation(C); 置信度:Medium,PASSED,B,fallback
00700,腾讯控股,2024-08-30,STRUCTURAL_DECLINE,Deteriorating,Consolidation,60.328360360835546,COST_DISADVANTAGE,Medium,BEARISH_CONFIRMED,20.0,Aligned,risk_off,结构:STRUCTURAL_DECLINE(A/A-); 阶段:Deteriorating(B); 触发:Consolidation(C); 置信度:Medium,PASSED,B,fallback
00700,腾讯控股,2024-09-06,STRUCTURAL_DECLINE,Improving,Pullback,56.437942282055914,COST_NEUTRAL,Medium,BEARISH_CONFIRMED,20.0,Divergence,risk_off,结构:STRUCTURAL_DECLINE(A/A-); 阶段:Improving(B); 触发:Pullback(C); 置信度:Medium,PASSED,B,fallback
00700,腾讯控股,2024-09-13,STRUCTURAL_DECLINE,Improving,Consolidation,56.437942282055914,COST_NEUTRAL,Medium,BEARISH_CONFIRMED,20.0,Divergence,risk_off,结构:STRUCTURAL_DECLINE(A/A-); 阶段:Improving(B); 触发:Consolidation(C); 置信度:Medium,PASSED,B,fallback
00700,腾讯控股,2024-09-20,STRUCTURAL_DECLINE,Improving,Consolidation,56.437942282055914,COST_NEUTRAL,Medium,BEARISH_CONFIRMED,20.0,Divergence,neutral,结构:STRUCTURAL_DECLINE(A/A-); 阶段:Improving(B); 触发:Consolidation(C); 置信度:Medium,PASSED,B,fallback
00700,腾讯控股,2024-09-27,STRUCTURAL_DECLINE,Improving,Breakout,56.437942282055914,COST_NEUTRAL,Medium,BEARISH_RECOVERY_CANDIDATE,40.0,Divergence,risk_off,结构:STRUCTURAL_DECLINE(A/A-); 阶段:Improving(B); 触发:Breakout(C); 置信度:Medium,PASSED,B,fallback
00700,腾讯控股,2024-10-04,STRUCTURAL_DECLINE,Stable,Breakout,50.02772693196799,COST_ADVANTAGE,Medium,BEARISH_CONFIRMED,20.0,Aligned,risk_off,结构:STRUCTURAL_DECLINE(A/A-); 阶段:Stable(B); 触发:Breakout(C); 置信度:Medium,PASSED,B,fallback
00700,腾讯控股,2024-10-11,STRUCTURAL_DECLINE,Stable,Consolidation,50.02772693196799,COST_ADVANTAGE,Medium,BEARISH_CONFIRMED,20.0,Aligned,risk_off,结构:STRUCTURAL_DECLINE(A/A-); 阶段:Stable(B); 触发:Consolidation(C); 置信度:Medium,PASSED,B,fallback
00700,腾讯控股,2024-10-18,STRUCTURAL_DECLINE,Stable,Consolidation,50.02772693196799,COST_ADVANTAGE,Medium,BEARISH_CONFIRMED,20.0,Aligned,risk_off,结构:STRUCTURAL_DECLINE(A/A-); 阶段:Stable(B); 触发:Consolidation(C); 置信度:Medium,PASSED,B,fallback
00700,腾讯控股,2024-10-25,STRUCTURAL_DECLINE,Stable,Pullback,50.02772693196799,COST_ADVANTAGE,Medium,BEARISH_CONFIRMED,20.0,Aligned,risk_off,结构:STRUCTURAL_DECLINE(A/A-); 阶段:Stable(B); 触发:Pullback(C); 置信度:Medium,PASSED,B,fallback
00700,腾讯控股,2024-11-01,STRUCTURAL_DECLINE,Deteriorating,Pullback,43.126916957246145,COST_NEUTRAL,Low,BEARISH_CONFIRMED,20.0,Aligned,risk_off,结构:STRUCTURAL_DECLINE(A/A-); 阶段:Deteriorating(B); 触发:Pullback(C); 置信度:Low,PASSED,B,fallback
00700,腾讯控股,2024-11-08,STRUCTURAL_DECLINE,Deteriorating,Pullback,43.126916957246145,COST_NEUTRAL,Low,BEARISH_CONFIRMED,20.0,Aligned,risk_off,结构:STRUCTURAL_DECLINE(A/A-); 阶段:Deteriorating(B); 触发:Pullback(C); 置信度:Low,PASSED,B,fallback
00700,腾讯控股,2024-11-15,STRUCTURAL_DECLINE,Deteriorating,Pullback,43.126916957246145,COST_NEUTRAL,Low,BEARISH_CONFIRMED,20.0,Aligned,risk_off,结构:STRUCTURAL_DECLINE(A/A-); 阶段:Deteriorating(B); 触发:Pullback(C); 置信度:Low,PASSED,B,fallback
00700,腾讯控股,2024-11-22,STRUCTURAL_DECLINE,Deteriorating,Pullback,43.126916957246145,COST_NEUTRAL,Low,BEARISH_CONFIRMED,20.0,Aligned,risk_on,结构:STRUCTURAL_DECLINE(A/A-); 阶段:Deteriorating(B); 触发:Pullback(C); 置信度:Low,PASSED,B,fallback
00700,腾讯控股,2024-11-29,STRUCTURAL_DECLINE,Deteriorating,Consolidation,43.126916957246145,COST_NEUTRAL,Low,BEARISH_CONFIRMED,20.0,Aligned,risk_on,结构:STRUCTURAL_DECLINE(A/A-); 阶段:Deteriorating(B); 触发:Consolidation(C); 置信度:Low,PASSED,B,fallback
00700,腾讯控股,2024-12-06,STRUCTURAL_DECLINE,Stable,Consolidation,65.31579454946694,COST_NEUTRAL,Medium,BEARISH_CONFIRMED,20.0,Aligned,risk_on,结构:STRUCTURAL_DECLINE(A/A-); 阶段:Stable(B); 触发:Consolidation(C); 置信度:Medium,PASSED,B,fallback
00700,腾讯控股,2024-12-13,STRUCTURAL_DECLINE,Stable,Consolidation,65.31579454946694,COST_NEUTRAL,Medium,BEARISH_CONFIRMED,20.0,Aligned,risk_on,结构:STRUCTURAL_DECLINE(A/A-); 阶段:Stable(B); 触发:Consolidation(C); 置信度:Medium,PASSED,B,fallback
00700,腾讯控股,2024-12-20,STRUCTURAL_DECLINE,Stable,Consolidation,65.31579454946694,COST_NEUTRAL,Medium,BEARISH_CONFIRMED,20.0,Aligned,risk_on,结构:STRUCTURAL_DECLINE(A/A-); 阶段:Stable(B); 触发:Consolidation(C); 置信度:Medium,PASSED,B,fallback
00700,腾讯控股,2024-12-27,STRUCTURAL_DECLINE,Stable,Consolidation,65.31579454946694,COST_NEUTRAL,Medium,BEARISH_CONFIRMED,20.0,Aligned,risk_off,结构:STRUCTURAL_DECLINE(A/A-); 阶段:Stable(B); 触发:Consolidation(C); 置信度:Medium,PASSED,B,fallback
00700,腾讯控股,2025-01-03,STRUCTURAL_DECLINE,Improving,Pullback,61.973276262948815,COST_NEUTRAL,Medium,BEARISH_CONFIRMED,20.0,Divergence,risk_off,结构:STRUCTURAL_DECLINE(A/A-); 阶段:Improving(B); 触发:Pullback(C); 置信度:Medium,PASSED,B,fallback
00700,腾讯控股,2025-01-10,STRUCTURAL_DECLINE,Improving,Consolidation,61.973276262948815,COST_NEUTRAL,Medium,BEARISH_CONFIRMED,20.0,Divergence,risk_off,结构:STRUCTURAL_DECLINE(A/A-); 阶段:Improving(B); 触发:Consolidation(C); 置信度:Medium,PASSED,B,fallback
00700,腾讯控股,2025-01-17,STRUCTURAL_DECLINE,Improving,Consolidation,61.973276262948815,COST_NEUTRAL,Medium,BEARISH_CONFIRMED,20.0,Divergence,risk_off,结构:STRUCTURAL_DECLINE(A/A-); 阶段:Improving(B); 触发:Consolidation(C); 置信度:Medium,PASSED,B,fallback
00700,腾讯控股,2025-01-24,STRUCTURAL_DECLINE,Improving,Consolidation,61.973276262948815,COST_NEUTRAL,Medium,BEARISH_CONFIRMED,20.0,Divergence,risk_off,结构:STRUCTURAL_DECLINE(A/A-); 阶段:Improving(B); 触发:Consolidation(C); 置信度:Medium,PASSED,B,fallback
00700,腾讯控股,2025-01-31,STRUCTURAL_DECLINE,Deteriorating,Consolidation,34.020822245531114,COST_NEUTRAL,Low,BEARISH_CONFIRMED,20.0,Aligned,neutral,结构:STRUCTURAL_DECLINE(A/A-); 阶段:Deteriorating(B); 触发:Consolidation(C); 置信度:Low,PASSED,B,fallback
00700,腾讯控股,2025-02-07,STRUCTURAL_DECLINE,Deteriorating,Consolidation,34.020822245531114,COST_NEUTRAL,Low,BEARISH_CONFIRMED,20.0,Aligned,risk_off,结构:STRUCTURAL_DECLINE(A/A-); 阶段:Deteriorating(B); 触发:Consolidation(C); 置信度:Low,PASSED,B,fallback
00700,腾讯控股,2025-02-14,STRUCTURAL_DECLINE,Deteriorating,Consolidation,34.020822245531114,COST_NEUTRAL,Low,BEARISH_CONFIRMED,20.0,Aligned,risk_off,结构:STRUCTURAL_DECLINE(A/A-); 阶段:Deteriorating(B); 触发:Consolidation(C); 置信度:Low,PASSED,B,fallback
00700,腾讯控股,2025-02-21,STRUCTURAL_DECLINE,Deteriorating,Breakout,34.020822245531114,COST_NEUTRAL,Low,BEARISH_CONFIRMED,20.0,Aligned,risk_off,结构:STRUCTURAL_DECLINE(A/A-); 阶段:Deteriorating(B); 触发:Breakout(C); 置信度:Low,PASSED,B,fallback
00700,腾讯控股,2025-02-28,STRUCTURAL_DECLINE,Deteriorating,Consolidation,22.18539615190577,COST_NEUTRAL,Low,BEARISH_CONFIRMED,20.0,Aligned,risk_off,结构:STRUCTURAL_DECLINE(A/A-); 阶段:Deteriorating(B); 触发:Consolidation(C); 置信度:Low,PASSED,B,fallback
00700,腾讯控股,2025-03-07,STRUCTURAL_DECLINE,Deteriorating,Consolidation,22.18539615190577,COST_NEUTRAL,Low,BEARISH_CONFIRMED,20.0,Aligned,risk_off,结构:STRUCTURAL_DECLINE(A/A-); 阶段:Deteriorating(B); 触发:Consolidation(C); 置信度:Low,PASSED,B,fallback
00700,腾讯控股,2025-03-14,STRUCTURAL_DECLINE,Deteriorating,Consolidation,22.18539615190577,COST_NEUTRAL,Low,BEARISH_CONFIRMED,20.0,Aligned,risk_off,结构:STRUCTURAL_DECLINE(A/A-); 阶段:Deteriorating(B); 触发:Consolidation(C); 置信度:Low,PASSED,B,fallback
00700,腾讯控股,2025-03-21,STRUCTURAL_DECLINE,Deteriorating,Consolidation,22.18539615190577,COST_NEUTRAL,Low,BEARISH_CONFIRMED,20.0,Aligned,risk_on,结构:STRUCTURAL_DECLINE(A/A-); 阶段:Deteriorating(B); 触发:Consolidation(C); 置信度:Low,PASSED,B,fallback
00700,腾讯控股,2025-03-28,STRUCTURAL_DECLINE,Deteriorating,Consolidation,22.18539615190577,COST_NEUTRAL,Low,BEARISH_CONFIRMED,20.0,Aligned,risk_on,结构:STRUCTURAL_DECLINE(A/A-); 阶段:Deteriorating(B); 触发:Consolidation(C); 置信度:Low,PASSED,B,fallback
00700,腾讯控股,2025-04-04,STRUCTURAL_DECLINE,Stable,Pullback,27.075142862158174,COST_NEUTRAL,Low,BEARISH_CONFIRMED,20.0,Aligned,risk_on,结构:STRUCTURAL_DECLINE(A/A-); 阶段:Stable(B); 触发:Pullback(C); 置信度:Low,PASSED,B,fallback
00700,腾讯控股,2025-04-11,STRUCTURAL_DECLINE,Stable,Consolidation,27.075142862158174,COST_NEUTRAL,Low,BEARISH_CONFIRMED,20.0,Aligned,risk_off,结构:STRUCTURAL_DECLINE(A/A-); 阶段:Stable(B); 触发:Consolidation(C); 置信度:Low,PASSED,B,fallback
00700,腾讯控股,2025-04-18,STRUCTURAL_DECLINE,Stable,Consolidation,27.075142862158174,COST_NEUTRAL,Low,BEARISH_CONFIRMED,20.0,Aligned,risk_off,结构:STRUCTURAL_DECLINE(A/A-); 阶段:Stable(B); 触发:Consolidation(C); 置信度:Low,PASSED,B,fallback
00700,腾讯控股,2025-04-25,STRUCTURAL_DECLINE,Stable,Consolidation,27.075142862158174,COST_NEUTRAL,Low,BEARISH_CONFIRMED,20.0,Aligned,risk_off,结构:STRUCTURAL_DECLINE(A/A-); 阶段:Stable(B); 触发:Consolidation(C); 置信度:Low,PASSED,B,fallback
00700,腾讯控股,2025-05-02,STRUCTURAL_DECLINE,Stable,Consolidation,30.843206487438415,COST_ADVANTAGE,Low,BEARISH_CONFIRMED,20.0,Aligned,risk_off,结构:STRUCTURAL_DECLINE(A/A-); 阶段:Stable(B); 触发:Consolidation(C); 置信度:Low,PASSED,B,fallback
00700,腾讯控股,2025-05-09,STRUCTURAL_DECLINE,Stable,Consolidation,30.843206487438415,COST_ADVANTAGE,Low,BEARISH_CONFIRMED,20.0,Aligned,risk_off,结构:STRUCTURAL_DECLINE(A/A-); 阶段:Stable(B); 触发:Consolidation(C); 置信度:Low,PASSED,B,fallback
00700,腾讯控股,2025-05-16,STRUCTURAL_DECLINE,Stable,Consolidation,30.843206487438415,COST_ADVANTAGE,Low,BEARISH_CONFIRMED,20.0,Aligned,risk_on,结构:STRUCTURAL_DECLINE(A/A-); 阶段:Stable(B); 触发:Consolidation(C); 置信度:Low,PASSED,B,fallback
00700,腾讯控股,2025-05-23,STRUCTURAL_DECLINE,Stable,Consolidation,30.843206487438415,COST_ADVANTAGE,Low,BEARISH_CONFIRMED,20.0,Aligned,neutral,结构:STRUCTURAL_DECLINE(A/A-); 阶段:Stable(B); 触发:Consolidation(C); 置信度:Low,PASSED,B,fallback
00700,腾讯控股,2025-05-30,STRUCTURAL_DECLINE,Stable,Pullback,30.843206487438415,COST_ADVANTAGE,Low,BEARISH_CONFIRMED,20.0,Aligned,neutral,结构:STRUCTURAL_DECLINE(A/A-); 阶段:Stable(B); 触发:Pullback(C); 置信度:Low,PASSED,B,fallback
00700,腾讯控股,2025-06-06,STRUCTURAL_DECLINE,Improving,Consolidation,40.55500829712523,COST_NEUTRAL,Low,BEARISH_CONFIRMED,20.0,Divergence,neutral,结构:STRUCTURAL_DECLINE(A/A-); 阶段:Improving(B); 触发:Consolidation(C); 置信度:Low,PASSED,B,fallback
00700,腾讯控股,2025-06-13,STRUCTURAL_DECLINE,Improving,Consolidation,40.55500829712523,COST_NEUTRAL,Low,BEARISH_CONFIRMED,20.0,Divergence,neutral,结构:STRUCTURAL_DECLINE(A/A-); 阶段:Improving(B); 触发:Consolidation(C); 置信度:Low,PASSED,B,fallback
00700,腾讯控股,2025-06-20,STRUCTURAL_DECLINE,Improving,Pullback,40.55500829712523,COST_NEUTRAL,Low,BEARISH_CONFIRMED,20.0,Divergence,neutral,结构:STRUCTURAL_DECLINE(A/A-); 阶段:Improving(B); 触发:Pullback(C); 置信度:Low,PASSED,B,fallback
00700,腾讯控股,2025-06-27,STRUCTURAL_DECLINE,Improving,Consolidation,40.55500829712523,COST_NEUTRAL,Low,BEARISH_CONFIRMED,20.0,Divergence,risk_on,结构:STRUCTURAL_DECLINE(A/A-); 阶段:Improving(B); 触发:Consolidation(C); 置信度:Low,PASSED,B,fallback
00700,腾讯控股,2025-07-04,STRUCTURAL_DECLINE,Stable,Pullback,50.01220460228724,COST_NEUTRAL,Low,BEARISH_CONFIRMED,20.0,Aligned,risk_on,结构:STRUCTURAL_DECLINE(A/A-); 阶段:Stable(B); 触发:Pullback(C); 置信度:Low,PASSED,B,fallback
00700,腾讯控股,2025-07-11,STRUCTURAL_DECLINE,Stable,Pullback,50.01220460228724,COST_NEUTRAL,Low,BEARISH_CONFIRMED,20.0,Aligned,risk_on,结构:STRUCTURAL_DECLINE(A/A-); 阶段:Stable(B); 触发:Pullback(C); 置信度:Low,PASSED,B,fallback
00700,腾讯控股,2025-07-18,STRUCTURAL_DECLINE,Stable,Consolidation,50.01220460228724,COST_NEUTRAL,Low,BEARISH_CONFIRMED,20.0,Aligned,risk_on,结构:STRUCTURAL_DECLINE(A/A-); 阶段:Stable(B); 触发:Consolidation(C); 置信度:Low,PASSED,B,fallback
00700,腾讯控股,2025-07-25,STRUCTURAL_DECLINE,Stable,Consolidation,50.01220460228724,COST_NEUTRAL,Low,BEARISH_CONFIRMED,20.0,Aligned,risk_on,结构:STRUCTURAL_DECLINE(A/A-); 阶段:Stable(B); 触发:Consolidation(C); 置信度:Low,PASSED,B,fallback
00700,腾讯控股,2025-08-01,STRUCTURAL_DECLINE,Improving,Consolidation,51.65594782695115,COST_ADVANTAGE,Low,BEARISH_CONFIRMED,20.0,Divergence,risk_on,结构:STRUCTURAL_DECLINE(A/A-); 阶段:Improving(B); 触发:Consolidation(C); 置信度:Low,PASSED,B,fallback
00700,腾讯控股,2025-08-08,STRUCTURAL_DECLINE,Improving,Consolidation,51.65594782695115,COST_ADVANTAGE,Low,BEARISH_CONFIRMED,20.0,Divergence,risk_on,结构:STRUCTURAL_DECLINE(A/A-); 阶段:Improving(B); 触发:Consolidation(C); 置信度:Low,PASSED,B,fallback
00700,腾讯控股,2025-08-15,STRUCTURAL_DECLINE,Improving,Consolidation,51.65594782695115,COST_ADVANTAGE,Medium,BEARISH_CONFIRMED,20.0,Divergence,risk_on,结构:STRUCTURAL_DECLINE(A/A-); 阶段:Improving(B); 触发:Consolidation(C); 置信度:Medium,PASSED,B,fallback
00700,腾讯控股,2025-08-22,STRUCTURAL_DECLINE,Improving,Consolidation,51.65594782695115,COST_ADVANTAGE,Medium,BEARISH_CONFIRMED,20.0,Divergence,risk_on,结构:STRUCTURAL_DECLINE(A/A-); 阶段:Improving(B); 触发:Consolidation(C); 置信度:Medium,PASSED,B,fallback
00700,腾讯控股,2025-08-29,STRUCTURAL_DECLINE,Improving,Consolidation,51.65594782695115,COST_ADVANTAGE,Medium,BEARISH_CONFIRMED,20.0,Divergence,risk_on,结构:STRUCTURAL_DECLINE(A/A-); 阶段:Improving(B); 触发:Consolidation(C); 置信度:Medium,PASSED,B,fallback
00700,腾讯控股,2025-09-05,STRUCTURAL_DECLINE,Improving,Consolidation,43.52486163948135,COST_NEUTRAL,Low,BEARISH_CONFIRMED,20.0,Divergence,risk_on,结构:STRUCTURAL_DECLINE(A/A-); 阶段:Improving(B); 触发:Consolidation(C); 置信度:Low,PASSED,B,fallback
00700,腾讯控股,2025-09-12,STRUCTURAL_DECLINE,Improving,Consolidation,43.52486163948135,COST_NEUTRAL,Low,BEARISH_CONFIRMED,20.0,Divergence,risk_on,结构:STRUCTURAL_DECLINE(A/A-); 阶段:Improving(B); 触发:Consolidation(C); 置信度:Low,PASSED,B,fallback
00700,腾讯控股,2025-09-19,STRUCTURAL_DECLINE,Improving,Consolidation,43.52486163948135,COST_NEUTRAL,Low,BEARISH_CONFIRMED,20.0,Divergence,risk_on,结构:STRUCTURAL_DECLINE(A/A-); 阶段:Improving(B); 触发:Consolidation(C); 置信度:Low,PASSED,B,fallback
00700,腾讯控股,2025-09-26,STRUCTURAL_DECLINE,Improving,Consolidation,43.52486163948135,COST_NEUTRAL,Low,BEARISH_CONFIRMED,20.0,Divergence,risk_on,结构:STRUCTURAL_DECLINE(A/A-); 阶段:Improving(B); 触发:Consolidation(C); 置信度:Low,PASSED,B,fallback
00700,腾讯控股,2025-10-03,STRUCTURAL_DECLINE,Improving,Consolidation,47.17089051000967,COST_ADVANTAGE,Medium,BEARISH_CONFIRMED,20.0,Divergence,risk_on,结构:STRUCTURAL_DECLINE(A/A-); 阶段:Improving(B); 触发:Consolidation(C); 置信度:Medium,PASSED,B,fallback
00700,腾讯控股,2025-10-10,STRUCTURAL_DECLINE,Improving,Consolidation,47.17089051000967,COST_ADVANTAGE,Medium,BEARISH_CONFIRMED,20.0,Divergence,risk_on,结构:STRUCTURAL_DECLINE(A/A-); 阶段:Improving(B); 触发:Consolidation(C); 置信度:Medium,PASSED,B,fallback
00700,腾讯控股,2025-10-17,STRUCTURAL_DECLINE,Improving,Pullback,47.17089051000967,COST_ADVANTAGE,Medium,BEARISH_CONFIRMED,20.0,Divergence,risk_off,结构:STRUCTURAL_DECLINE(A/A-); 阶段:Improving(B); 触发:Pullback(C); 置信度:Medium,PASSED,B,fallback
00700,腾讯控股,2025-10-24,STRUCTURAL_DECLINE,Improving,Consolidation,47.17089051000967,COST_ADVANTAGE,Medium,BEARISH_CONFIRMED,20.0,Divergence,risk_off,结构:STRUCTURAL_DECLINE(A/A-); 阶段:Improving(B); 触发:Consolidation(C); 置信度:Medium,PASSED,B,fallback
00700,腾讯控股,2025-10-31,STRUCTURAL_DECLINE,Deteriorating,Pullback,48.88470866315022,COST_NEUTRAL,Medium,BEARISH_CONFIRMED,20.0,Aligned,risk_on,结构:STRUCTURAL_DECLINE(A/A-); 阶段:Deteriorating(B); 触发:Pullback(C); 置信度:Medium,PASSED,B,fallback
00700,腾讯控股,2025-11-07,STRUCTURAL_DECLINE,Deteriorating,Consolidation,48.88470866315022,COST_NEUTRAL,Medium,BEARISH_CONFIRMED,20.0,Aligned,risk_on,结构:STRUCTURAL_DECLINE(A/A-); 阶段:Deteriorating(B); 触发:Consolidation(C); 置信度:Medium,PASSED,B,fallback
00700,腾讯控股,2025-11-14,STRUCTURAL_DECLINE,Deteriorating,Consolidation,48.88470866315022,COST_NEUTRAL,Medium,BEARISH_CONFIRMED,20.0,Aligned,risk_on,结构:STRUCTURAL_DECLINE(A/A-); 阶段:Deteriorating(B); 触发:Consolidation(C); 置信度:Medium,PASSED,B,fallback
00700,腾讯控股,2025-11-21,STRUCTURAL_DECLINE,Deteriorating,Pullback,48.88470866315022,COST_NEUTRAL,Medium,BEARISH_CONFIRMED,20.0,Aligned,neutral,结构:STRUCTURAL_DECLINE(A/A-); 阶段:Deteriorating(B); 触发:Pullback(C); 置信度:Medium,PASSED,B,fallback
00700,腾讯控股,2025-11-28,STRUCTURAL_DECLINE,Deteriorating,Pullback,48.88470866315022,COST_NEUTRAL,Medium,BEARISH_CONFIRMED,20.0,Aligned,neutral,结构:STRUCTURAL_DECLINE(A/A-); 阶段:Deteriorating(B); 触发:Pullback(C); 置信度:Medium,PASSED,B,fallback
00700,腾讯控股,2025-12-05,STRUCTURAL_DECLINE,Deteriorating,Pullback,48.92093945944551,COST_NEUTRAL,Medium,BEARISH_CONFIRMED,20.0,Aligned,neutral,结构:STRUCTURAL_DECLINE(A/A-); 阶段:Deteriorating(B); 触发:Pullback(C); 置信度:Medium,PASSED,B,fallback
00700,腾讯控股,2025-12-12,STRUCTURAL_DECLINE,Deteriorating,Pullback,48.92093945944551,COST_NEUTRAL,Medium,BEARISH_CONFIRMED,20.0,Aligned,neutral,结构:STRUCTURAL_DECLINE(A/A-); 阶段:Deteriorating(B); 触发:Pullback(C); 置信度:Medium,PASSED,B,fallback
00700,腾讯控股,2025-12-19,STRUCTURAL_DECLINE,Deteriorating,Pullback,48.92093945944551,COST_NEUTRAL,Medium,BEARISH_CONFIRMED,20.0,Aligned,neutral,结构:STRUCTURAL_DECLINE(A/A-); 阶段:Deteriorating(B); 触发:Pullback(C); 置信度:Medium,PASSED,B,fallback
00700,腾讯控股,2025-12-26,STRUCTURAL_DECLINE,Deteriorating,Consolidation,48.92093945944551,COST_NEUTRAL,Medium,BEARISH_CONFIRMED,20.0,Aligned,neutral,结构:STRUCTURAL_DECLINE(A/A-); 阶段:Deteriorating(B); 触发:Consolidation(C); 置信度:Medium,PASSED,B,fallback
00700,腾讯控股,2026-01-02,STRUCTURAL_DECLINE,Deteriorating,Consolidation,49.654273275630864,COST_DISADVANTAGE,Medium,BEARISH_CONFIRMED,20.0,Aligned,risk_off,结构:STRUCTURAL_DECLINE(A/A-); 阶段:Deteriorating(B); 触发:Consolidation(C); 置信度:Medium,PASSED,B,fallback
00700,腾讯控股,2026-01-09,STRUCTURAL_DECLINE,Deteriorating,Pullback,49.654273275630864,COST_DISADVANTAGE,Medium,BEARISH_CONFIRMED,20.0,Aligned,neutral,结构:STRUCTURAL_DECLINE(A/A-); 阶段:Deteriorating(B); 触发:Pullback(C); 置信度:Medium,PASSED,B,fallback
00700,腾讯控股,2026-01-16,STRUCTURAL_DECLINE,Deteriorating,Consolidation,49.654273275630864,COST_DISADVANTAGE,Medium,BEARISH_CONFIRMED,20.0,Aligned,risk_on,结构:STRUCTURAL_DECLINE(A/A-); 阶段:Deteriorating(B); 触发:Consolidation(C); 置信度:Medium,PASSED,B,fallback
00700,腾讯控股,2026-01-23,STRUCTURAL_DECLINE,Deteriorating,Consolidation,49.654273275630864,COST_DISADVANTAGE,Medium,BEARISH_CONFIRMED,20.0,Aligned,neutral,结构:STRUCTURAL_DECLINE(A/A-); 阶段:Deteriorating(B); 触发:Consolidation(C); 置信度:Medium,PASSED,B,fallback
00700,腾讯控股,2026-01-30,STRUCTURAL_DECLINE,Deteriorating,Consolidation,49.654273275630864,COST_DISADVANTAGE,Medium,BEARISH_CONFIRMED,20.0,Aligned,risk_on,结构:STRUCTURAL_DECLINE(A/A-); 阶段:Deteriorating(B); 触发:Consolidation(C); 置信度:Medium,PASSED,B,fallback
00700,腾讯控股,2026-02-06,STRUCTURAL_DECLINE,Deteriorating,Breakdown,22.170383297643973,COST_DISADVANTAGE,Low,BEARISH_CONFIRMED,20.0,Aligned,neutral,结构:STRUCTURAL_DECLINE(A/A-); 阶段:Deteriorating(B); 触发:Breakdown(C); 置信度:Low,PASSED,B,matrix
00700,腾讯控股,2026-02-13,STRUCTURAL_DECLINE,Deteriorating,Breakdown,22.170383297643973,COST_DISADVANTAGE,Low,BEARISH_CONFIRMED,20.0,Aligned,risk_on,结构:STRUCTURAL_DECLINE(A/A-); 阶段:Deteriorating(B); 触发:Breakdown(C); 置信度:Low,PASSED,B,matrix
00700,腾讯控股,2026-02-20,STRUCTURAL_DECLINE,Deteriorating,Breakdown,22.170383297643973,COST_DISADVANTAGE,Low,BEARISH_CONFIRMED,20.0,Aligned,risk_on,结构:STRUCTURAL_DECLINE(A/A-); 阶段:Deteriorating(B); 触发:Breakdown(C); 置信度:Low,PASSED,B,matrix
00700,腾讯控股,2026-02-27,STRUCTURAL_DECLINE,Deteriorating,Consolidation,22.170383297643973,COST_DISADVANTAGE,Low,BEARISH_CONFIRMED,20.0,Aligned,risk_on,结构:STRUCTURAL_DECLINE(A/A-); 阶段:Deteriorating(B); 触发:Consolidation(C); 置信度:Low,PASSED,B,fallback
00700,腾讯控股,2026-03-06,STRUCTURAL_DECLINE,Deteriorating,Consolidation,27.97547063882957,COST_DISADVANTAGE,Low,BEARISH_CONFIRMED,20.0,Aligned,risk_off,结构:STRUCTURAL_DECLINE(A/A-); 阶段:Deteriorating(B); 触发:Consolidation(C); 置信度:Low,PASSED,B,fallback
00700,腾讯控股,2026-03-13,STRUCTURAL_DECLINE,Deteriorating,Consolidation,27.97547063882957,COST_DISADVANTAGE,Low,BEARISH_CONFIRMED,20.0,Aligned,risk_off,结构:STRUCTURAL_DECLINE(A/A-); 阶段:Deteriorating(B); 触发:Consolidation(C); 置信度:Low,PASSED,B,fallback
00700,腾讯控股,2026-03-20,STRUCTURAL_DECLINE,Deteriorating,Consolidation,27.97547063882957,COST_DISADVANTAGE,Low,BEARISH_CONFIRMED,20.0,Aligned,neutral,结构:STRUCTURAL_DECLINE(A/A-); 阶段:Deteriorating(B); 触发:Consolidation(C); 置信度:Low,PASSED,B,fallback
00700,腾讯控股,2026-03-27,STRUCTURAL_DECLINE,Deteriorating,Breakdown,27.97547063882957,COST_DISADVANTAGE,Low,BEARISH_CONFIRMED,20.0,Aligned,risk_off,结构:STRUCTURAL_DECLINE(A/A-); 阶段:Deteriorating(B); 触发:Breakdown(C); 置信度:Low,PASSED,B,matrix
00700,腾讯控股,2026-04-03,STRUCTURAL_DECLINE,Deteriorating,Consolidation,27.144146598434574,COST_DISADVANTAGE,Low,BEARISH_CONFIRMED,20.0,Aligned,risk_off,结构:STRUCTURAL_DECLINE(A/A-); 阶段:Deteriorating(B); 触发:Consolidation(C); 置信度:Low,PASSED,B,fallback
00700,腾讯控股,2026-04-10,STRUCTURAL_DECLINE,Deteriorating,Consolidation,27.144146598434574,COST_DISADVANTAGE,Low,BEARISH_CONFIRMED,20.0,Aligned,neutral,结构:STRUCTURAL_DECLINE(A/A-); 阶段:Deteriorating(B); 触发:Consolidation(C); 置信度:Low,PASSED,B,fallback
00700,腾讯控股,2026-04-17,STRUCTURAL_DECLINE,Deteriorating,Consolidation,27.144146598434574,COST_DISADVANTAGE,Low,BEARISH_CONFIRMED,20.0,Aligned,risk_off,结构:STRUCTURAL_DECLINE(A/A-); 阶段:Deteriorating(B); 触发:Consolidation(C); 置信度:Low,PASSED,B,fallback
00700,腾讯控股,2026-04-24,STRUCTURAL_DECLINE,Deteriorating,Consolidation,27.144146598434574,COST_DISADVANTAGE,Low,BEARISH_CONFIRMED,20.0,Aligned,risk_off,结构:STRUCTURAL_DECLINE(A/A-); 阶段:Deteriorating(B); 触发:Consolidation(C); 置信度:Low,PASSED,B,fallback
00700,腾讯控股,2026-05-01,STRUCTURAL_DECLINE,Stable,Breakdown,30.845689909531835,COST_DISADVANTAGE,Low,BEARISH_CONFIRMED,20.0,Aligned,risk_off,结构:STRUCTURAL_DECLINE(A/A-); 阶段:Stable(B); 触发:Breakdown(C); 置信度:Low,PASSED,B,fallback
00700,腾讯控股,2026-05-08,STRUCTURAL_DECLINE,Stable,Consolidation,30.845689909531835,COST_DISADVANTAGE,Low,BEARISH_CONFIRMED,20.0,Aligned,neutral,结构:STRUCTURAL_DECLINE(A/A-); 阶段:Stable(B); 触发:Consolidation(C); 置信度:Low,PASSED,B,fallback
00700,腾讯控股,2026-05-15,STRUCTURAL_DECLINE,Stable,Consolidation,30.845689909531835,COST_DISADVANTAGE,Low,BEARISH_CONFIRMED,20.0,Aligned,risk_off,结构:STRUCTURAL_DECLINE(A/A-); 阶段:Stable(B); 触发:Consolidation(C); 置信度:Low,PASSED,B,fallback
00700,腾讯控股,2026-05-22,STRUCTURAL_DECLINE,Stable,Breakdown,30.845689909531835,COST_DISADVANTAGE,Low,BEARISH_CONFIRMED,20.0,Aligned,risk_off,结构:STRUCTURAL_DECLINE(A/A-); 阶段:Stable(B); 触发:Breakdown(C); 置信度:Low,PASSED,B,fallback
00700,腾讯控股,2026-05-29,STRUCTURAL_DECLINE,Stable,Breakdown,30.845689909531835,COST_DISADVANTAGE,Low,BEARISH_CONFIRMED,20.0,Aligned,risk_off,结构:STRUCTURAL_DECLINE(A/A-); 阶段:Stable(B); 触发:Breakdown(C); 置信度:Low,PASSED,B,fallback
00700,腾讯控股,2026-06-05,STRUCTURAL_DECLINE,Deteriorating,Consolidation,27.892744846150183,COST_DISADVANTAGE,Low,BEARISH_CONFIRMED,20.0,Aligned,risk_off,结构:STRUCTURAL_DECLINE(A/A-); 阶段:Deteriorating(B); 触发:Consolidation(C); 置信度:Low,PASSED,B,fallback
00700,腾讯控股,2026-06-12,STRUCTURAL_DECLINE,Deteriorating,Consolidation,27.892744846150183,COST_DISADVANTAGE,Low,BEARISH_CONFIRMED,20.0,Aligned,risk_off,结构:STRUCTURAL_DECLINE(A/A-); 阶段:Deteriorating(B); 触发:Consolidation(C); 置信度:Low,PASSED,B,fallback
00700,腾讯控股,2026-06-19,STRUCTURAL_DECLINE,Deteriorating,Consolidation,27.892744846150183,COST_DISADVANTAGE,Low,BEARISH_CONFIRMED,20.0,Aligned,risk_off,结构:STRUCTURAL_DECLINE(A/A-); 阶段:Deteriorating(B); 触发:Consolidation(C); 置信度:Low,PASSED,B,fallback
00700,腾讯控股,2026-06-26,STRUCTURAL_DECLINE,Deteriorating,Breakdown,27.892744846150183,COST_DISADVANTAGE,Low,BEARISH_CONFIRMED,20.0,Aligned,risk_off,结构:STRUCTURAL_DECLINE(A/A-); 阶段:Deteriorating(B); 触发:Breakdown(C); 置信度:Low,PASSED,B,matrix
00700,腾讯控股,2026-07-03,STRUCTURAL_DECLINE,Deteriorating,Consolidation,24.334798737796977,COST_DISADVANTAGE,Low,BEARISH_CONFIRMED,20.0,Aligned,risk_off,结构:STRUCTURAL_DECLINE(A/A-); 阶段:Deteriorating(B); 触发:Consolidation(C); 置信度:Low,PASSED,B,fallback
00700,腾讯控股,2026-07-10,STRUCTURAL_DECLINE,Deteriorating,Consolidation,24.334798737796977,COST_DISADVANTAGE,Low,BEARISH_CONFIRMED,20.0,Aligned,risk_off,结构:STRUCTURAL_DECLINE(A/A-); 阶段:Deteriorating(B); 触发:Consolidation(C); 置信度:Low,PASSED,B,fallback
00700,腾讯控股,2026-07-17,STRUCTURAL_DECLINE,Deteriorating,Consolidation,24.334798737796977,COST_DISADVANTAGE,Low,BEARISH_CONFIRMED,20.0,Aligned,risk_off,结构:STRUCTURAL_DECLINE(A/A-); 阶段:Deteriorating(B); 触发:Consolidation(C); 置信度:Low,PASSED,B,fallback
00700,,2026-07-24,STRUCTURAL_DECLINE,Deteriorating,Consolidation,24.334798737796977,COST_DISADVANTAGE,Low,BEARISH_CONFIRMED,20.0,Aligned,risk_off,结构:STRUCTURAL_DECLINE(A/A-); 阶段:Deteriorating(B); 触发:Consolidation(C); 置信度:Low,PASSED,B,fallback
00700,,2026-07-31,STRUCTURAL_DECLINE,Stable,Consolidation,20.81570523341336,COST_ADVANTAGE,Low,BEARISH_CONFIRMED,20.0,Aligned,neutral,结构:STRUCTURAL_DECLINE(A/A-); 阶段:Stable(B); 触发:Consolidation(C); 置信度:Low,PASSED,B,fallback
00700,,2026-08-07,STRUCTURAL_DECLINE,Stable,Consolidation,20.81570523341336,COST_ADVANTAGE,Low,BEARISH_CONFIRMED,20.0,Aligned,risk_off,结构:STRUCTURAL_DECLINE(A/A-); 阶段:Stable(B); 触发:Consolidation(C); 置信度:Low,PASSED,B,fallback
00700,,2026-08-14,STRUCTURAL_DECLINE,Stable,Consolidation,20.81570523341336,COST_ADVANTAGE,Low,BEARISH_CONFIRMED,20.0,Aligned,risk_off,结构:STRUCTURAL_DECLINE(A/A-); 阶段:Stable(B); 触发:Consolidation(C); 置信度:Low,PASSED,B,fallback
