stock_code,trade_date,daily_state,d_breakout,d_distribution,d_pullback,d_accumulation,d_decline,d_trend_score,d_vol_ratio,d_near_high,d_inst_flow,d_flow_z,d_flow_slope,stock_name,data_quality
00371,2010-01-04,DAILY_NEUTRAL,0,0,0,0,0,0.0,,,,,,北控水务,C
00371,2010-01-05,DAILY_NEUTRAL,0,0,0,0,0,0.0,,,,,,北控水务,C
00371,2010-01-06,DAILY_NEUTRAL,0,0,0,0,0,0.0,,,,,,北控水务,C
00371,2010-01-07,DAILY_NEUTRAL,0,0,0,0,0,0.0,1.2325245207728799,,,,,北控水务,C
00371,2010-01-08,DAILY_NEUTRAL,0,0,0,0,0,0.0,0.5454118612606097,,,,,北控水务,C
00371,2010-01-11,DAILY_NEUTRAL,0,0,0,0,0,33.33333333333333,1.4166895877096943,,,,,北控水务,C
00371,2010-01-12,DAILY_NEUTRAL,0,0,0,0,0,33.33333333333333,0.4757786696208844,,,,,北控水务,C
00371,2010-01-13,DAILY_NEUTRAL,0,0,0,0,0,66.66666666666666,0.41304168632774996,,,,,北控水务,C
00371,2010-01-14,DAILY_NEUTRAL,0,0,0,0,0,33.33333333333333,0.7490411411117911,,,,,北控水务,C
00371,2010-01-15,DAILY_NEUTRAL,0,0,0,0,0,66.66666666666666,1.2409606514448148,,,,,北控水务,C
00371,2010-01-18,DAILY_NEUTRAL,0,0,0,0,0,100.0,2.5340005579578744,1.1063829787234043,,,,北控水务,C
00371,2010-01-19,DAILY_NEUTRAL,0,0,0,0,0,100.0,0.7715891670924885,0.9038461538461537,,,,北控水务,C
00371,2010-01-20,DAILY_PULLBACK,0,0,1,0,0,100.0,0.3928363424577752,0.7719298245614036,,,,北控水务,C
00371,2010-01-21,DAILY_PULLBACK,0,0,1,0,0,100.0,0.5106989375671481,0.8070175438596492,,,,北控水务,C
00371,2010-01-22,DAILY_PULLBACK,0,0,1,0,0,100.0,0.4745332776514624,0.736842105263158,,,,北控水务,C
00371,2010-01-25,DAILY_NEUTRAL,0,0,0,0,0,66.66666666666666,0.06705827311950928,0.7017543859649124,,,,北控水务,C
00371,2010-01-26,DAILY_NEUTRAL,0,0,0,0,0,33.33333333333333,1.5637513171759747,0.6666666666666667,,,,北控水务,C
00371,2010-01-27,DAILY_NEUTRAL,0,0,0,0,0,33.33333333333333,3.0436339138961195,0.456140350877193,,,,北控水务,C
00371,2010-01-28,DAILY_NEUTRAL,0,0,0,0,0,33.33333333333333,1.0658646302434707,0.3859649122807018,,,,北控水务,C
00371,2010-01-29,DAILY_NEUTRAL,0,0,0,0,0,0.0,1.2896411464430557,0.5087719298245614,,,,北控水务,C
00371,2010-02-01,DAILY_NEUTRAL,0,0,0,0,0,0.0,0.6454736733735273,0.5614035087719299,,,,北控水务,C
00371,2010-02-02,DAILY_NEUTRAL,0,0,0,0,0,0.0,0.2624892035289037,0.6315789473684211,,,,北控水务,C
00371,2010-02-03,DAILY_NEUTRAL,0,0,0,0,0,33.33333333333333,0.27692714414751823,0.7192982456140351,,,,北控水务,C
00371,2010-02-04,DAILY_NEUTRAL,0,0,0,0,0,66.66666666666666,0.5858744065390827,0.7017543859649124,,,,北控水务,C
00371,2010-02-05,DAILY_NEUTRAL,0,0,0,0,0,33.33333333333333,0.8755148081621202,0.5964912280701755,,,,北控水务,C
00371,2010-02-08,DAILY_NEUTRAL,0,0,0,0,0,33.33333333333333,1.3406821812842216,0.5087719298245614,,,,北控水务,C
00371,2010-02-09,DAILY_NEUTRAL,0,0,0,0,0,33.33333333333333,2.251566889993516,0.5087719298245614,,,,北控水务,C
00371,2010-02-10,DAILY_NEUTRAL,0,0,0,0,0,33.33333333333333,0.7010953837989337,0.5263157894736842,,,,北控水务,C
00371,2010-02-11,DAILY_NEUTRAL,0,0,0,0,0,0.0,0.18769459807743102,0.5964912280701755,,,,北控水务,C
00371,2010-02-12,DAILY_NEUTRAL,0,0,0,0,0,0.0,0.41371158392434987,0.6315789473684211,,,,北控水务,C
00371,2010-02-17,DAILY_NEUTRAL,0,0,0,0,0,0.0,0.5480384388777148,0.5263157894736842,,,,北控水务,C
00371,2010-02-18,DAILY_NEUTRAL,0,0,0,0,0,0.0,1.681832368970733,0.5087719298245614,,,,北控水务,C
00371,2010-02-19,DAILY_NEUTRAL,0,0,0,0,0,0.0,0.7480258435032304,0.6,,,,北控水务,C
00371,2010-02-22,DAILY_NEUTRAL,0,0,0,0,0,66.66666666666666,0.8169727675744142,0.68,,,,北控水务,C
00371,2010-02-23,DAILY_NEUTRAL,0,0,0,0,0,0.0,0.4877162378252653,0.6666666666666667,,,,北控水务,C
00371,2010-02-24,DAILY_NEUTRAL,0,0,0,0,0,0.0,0.23920917597343797,0.6666666666666667,,,,北控水务,C
00371,2010-02-25,DAILY_NEUTRAL,0,0,0,0,0,100.0,0.44615450204638474,0.6666666666666667,,,,北控水务,C
00371,2010-02-26,DAILY_NEUTRAL,0,0,0,0,0,100.0,1.7913674081305349,0.8571428571428571,,,,北控水务,C
00371,2010-03-01,DAILY_NEUTRAL,0,0,0,0,0,66.66666666666666,2.8721180850369015,0.7857142857142858,,,,北控水务,C
00371,2010-03-02,DAILY_NEUTRAL,0,0,0,0,0,33.33333333333333,1.3765141655821405,0.761904761904762,,,,北控水务,C
00371,2010-03-03,DAILY_NEUTRAL,0,0,0,0,0,33.33333333333333,2.752478722470826,0.7142857142857143,,,,北控水务,C
00371,2010-03-04,DAILY_NEUTRAL,0,0,0,0,0,33.33333333333333,1.739155954686858,0.7142857142857143,,,,北控水务,C
00371,2010-03-05,DAILY_PULLBACK,0,0,1,0,0,66.66666666666666,2.8667898615198593,0.9523809523809524,,,,北控水务,C
00371,2010-03-08,DAILY_NEUTRAL,0,0,0,0,0,100.0,1.5187929872937784,1.0,,,,北控水务,C
00371,2010-03-09,DAILY_NEUTRAL,0,0,0,0,0,100.0,0.5701519304846367,0.8636363636363636,,,,北控水务,C
00371,2010-03-10,DAILY_NEUTRAL,0,0,0,0,0,100.0,0.7172557505600848,1.0227272727272727,,,,北控水务,C
00371,2010-03-11,DAILY_PULLBACK,0,0,1,0,0,100.0,0.4747101564944475,0.8478260869565217,,,,北控水务,C
00371,2010-03-12,DAILY_PULLBACK,0,0,1,0,0,100.0,0.2532172991777439,0.8043478260869564,,,,北控水务,C
00371,2010-03-15,DAILY_NEUTRAL,0,0,0,0,0,100.0,0.5827058681225112,0.8695652173913043,,,,北控水务,C
00371,2010-03-16,DAILY_PULLBACK,0,0,1,0,0,100.0,0.7515570649935064,0.8260869565217391,,,,北控水务,C
00371,2010-03-17,DAILY_NEUTRAL,0,0,0,0,0,66.66666666666666,0.917530745116952,0.8913043478260869,,,,北控水务,C
00371,2010-03-18,DAILY_PULLBACK,0,0,1,0,0,66.66666666666666,1.4153764204545454,0.8260869565217391,,,,北控水务,C
00371,2010-03-19,DAILY_PULLBACK,0,0,1,0,0,66.66666666666666,4.234527687296417,0.8695652173913043,,,,北控水务,C
00371,2010-03-22,DAILY_PULLBACK,0,0,1,0,0,66.66666666666666,0.5532195167010044,0.8695652173913043,,,,北控水务,C
00371,2010-03-23,DAILY_NEUTRAL,0,0,0,0,0,100.0,2.1467355076415906,0.9565217391304347,,,,北控水务,C
00371,2010-03-24,DAILY_NEUTRAL,0,0,0,0,0,100.0,2.0546141550973416,1.1304347826086956,,,,北控水务,C
00371,2010-03-25,DAILY_NEUTRAL,0,0,0,0,0,100.0,1.0656640532413755,1.0,,,,北控水务,C
00371,2010-03-26,DAILY_NEUTRAL,0,0,0,0,0,100.0,0.3571095281052664,0.9259259259259258,,,,北控水务,C
00371,2010-03-29,DAILY_NEUTRAL,0,0,0,0,0,100.0,0.28616005175234976,0.9814814814814815,,,,北控水务,C
00371,2010-03-30,DAILY_NEUTRAL,0,0,0,0,0,100.0,1.6062128239057543,1.0714285714285714,,,,北控水务,C
00371,2010-03-31,DAILY_PULLBACK,0,0,1,0,0,100.0,1.0038093277051374,0.8387096774193549,,,,北控水务,C
00371,2010-04-01,DAILY_NEUTRAL,0,0,0,0,0,100.0,2.6103625515259554,0.9677419354838709,,,,北控水务,C
00371,2010-04-07,DAILY_NEUTRAL,0,0,0,0,0,100.0,0.6225547654687844,0.9354838709677419,,,,北控水务,C
00371,2010-04-08,DAILY_PULLBACK,0,0,1,0,0,100.0,0.8237484054599598,0.903225806451613,,,,北控水务,C
00371,2010-04-09,DAILY_PULLBACK,0,0,1,0,0,100.0,0.3791341298634167,0.8387096774193549,,,,北控水务,C
00371,2010-04-12,DAILY_PULLBACK,0,0,1,0,0,100.0,1.0136530687663947,0.7903225806451613,,,,北控水务,C
00371,2010-04-13,DAILY_NEUTRAL,0,0,0,0,0,33.33333333333333,0.3103042408246246,0.7096774193548387,,,,北控水务,C
00371,2010-04-14,DAILY_NEUTRAL,0,0,0,0,0,33.33333333333333,0.395172634381051,0.7419354838709677,,,,北控水务,C
00371,2010-04-15,DAILY_NEUTRAL,0,0,0,0,0,33.33333333333333,0.6808685632703417,0.7741935483870968,,,,北控水务,C
00371,2010-04-16,DAILY_NEUTRAL,0,0,0,0,0,33.33333333333333,0.5572874804287327,0.7096774193548387,,,,北控水务,C
00371,2010-04-19,DAILY_PULLBACK,0,0,1,0,0,66.66666666666666,0.8087132328963673,0.8064516129032259,,,,北控水务,C
00371,2010-04-20,DAILY_PULLBACK,0,0,1,0,0,66.66666666666666,3.7955680619064367,0.9677419354838709,,,,北控水务,C
00371,2010-04-21,DAILY_NEUTRAL,0,0,0,0,0,66.66666666666666,1.4218020142382706,1.0,,,,北控水务,C
00371,2010-04-22,DAILY_NEUTRAL,0,0,0,0,0,66.66666666666666,0.5471977075616931,1.0,,,,北控水务,C
00371,2010-04-23,DAILY_NEUTRAL,0,0,0,0,0,66.66666666666666,2.6084952821345997,1.08955223880597,,,,北控水务,C
00371,2010-04-26,DAILY_NEUTRAL,0,0,0,0,0,100.0,0.8131676685683654,0.9487179487179487,,,,北控水务,C
00371,2010-04-27,DAILY_PULLBACK,0,0,1,0,0,100.0,0.7672585608723652,0.858974358974359,,,,北控水务,C
00371,2010-04-28,DAILY_PULLBACK,0,0,1,0,0,100.0,0.32093569555136203,0.8461538461538461,,,,北控水务,C
00371,2010-04-29,DAILY_PULLBACK,0,0,1,0,0,100.0,0.4588927732606205,0.8333333333333334,,,,北控水务,C
00371,2010-04-30,DAILY_PULLBACK,0,0,1,0,0,100.0,0.7768353435362323,0.858974358974359,,,,北控水务,C
00371,2010-05-03,DAILY_NEUTRAL,0,0,0,0,0,100.0,0.1594686835307104,0.858974358974359,,,,北控水务,C
00371,2010-05-04,DAILY_PULLBACK,0,0,1,0,0,66.66666666666666,0.9739973422613889,0.8333333333333334,,,,北控水务,C
00371,2010-05-05,DAILY_NEUTRAL,0,0,0,0,0,33.33333333333333,1.2080487625761915,0.7435897435897435,,,,北控水务,C
00371,2010-05-06,DAILY_NEUTRAL,0,0,0,0,0,33.33333333333333,2.6506024096385543,0.641025641025641,,,,北控水务,C
00371,2010-05-07,DAILY_NEUTRAL,0,0,0,0,0,33.33333333333333,2.5915578808350688,0.5128205128205129,,,,北控水务,C
00371,2010-05-10,DAILY_NEUTRAL,0,0,0,0,0,33.33333333333333,1.07769604533238,0.6794871794871795,,,,北控水务,C
00371,2010-05-11,DAILY_NEUTRAL,0,0,0,0,0,0.0,1.1854418903184283,0.5897435897435898,,,,北控水务,C
00371,2010-05-12,DAILY_NEUTRAL,0,0,0,0,0,0.0,0.5331308790351874,0.5384615384615384,,,,北控水务,C
00371,2010-05-13,DAILY_NEUTRAL,0,0,0,0,0,0.0,0.30075337254161966,0.5769230769230769,,,,北控水务,C
00371,2010-05-14,DAILY_NEUTRAL,0,0,0,0,0,0.0,0.4795031871266283,0.641025641025641,,,,北控水务,C
00371,2010-05-17,DAILY_NEUTRAL,0,0,0,0,0,0.0,0.9044866558068713,0.5641025641025641,,,,北控水务,C
00371,2010-05-18,DAILY_NEUTRAL,0,0,0,0,0,0.0,0.4566423539679571,0.5641025641025641,,,,北控水务,C
00371,2010-05-19,DAILY_NEUTRAL,0,0,0,0,0,0.0,2.7789155977147786,0.4230769230769231,,,,北控水务,C
00371,2010-05-20,DAILY_NEUTRAL,0,0,0,0,0,0.0,6.241999390429747,0.358974358974359,,,,北控水务,C
00371,2010-05-24,DAILY_NEUTRAL,0,0,0,0,0,0.0,1.1671404280726347,0.28205128205128205,,,,北控水务,C
00371,2010-05-25,DAILY_NEUTRAL,0,0,0,0,0,0.0,0.7639757099482051,0.24358974358974358,,,,北控水务,C
00371,2010-05-26,DAILY_NEUTRAL,0,0,0,0,0,0.0,1.0668463724506854,0.43243243243243246,,,,北控水务,C
00371,2010-05-27,DAILY_NEUTRAL,0,0,0,0,0,0.0,1.1263741142623738,0.6285714285714287,,,,北控水务,C
00371,2010-05-28,DAILY_NEUTRAL,0,0,0,0,0,0.0,0.3845875503319186,0.5571428571428572,,,,北控水务,C
00371,2010-05-31,DAILY_NEUTRAL,0,0,0,0,0,33.33333333333333,0.10174024931731986,0.5441176470588235,,,,北控水务,C
00371,2010-06-01,DAILY_NEUTRAL,0,0,0,0,0,33.33333333333333,0.27903580770867076,0.5294117647058822,,,,北控水务,C
00371,2010-06-02,DAILY_NEUTRAL,0,0,0,0,0,33.33333333333333,0.6522459867887636,0.47058823529411764,,,,北控水务,C
00371,2010-06-03,DAILY_NEUTRAL,0,0,0,0,0,33.33333333333333,0.6282255723305573,0.546875,,,,北控水务,C
00371,2010-06-04,DAILY_NEUTRAL,0,0,0,0,0,66.66666666666666,12.006464661238313,0.6610169491525424,,,,北控水务,C
00371,2010-06-07,DAILY_NEUTRAL,0,0,0,0,0,33.33333333333333,0.2783013046355948,0.5925925925925926,,,,北控水务,C
00371,2010-06-08,DAILY_NEUTRAL,0,0,0,0,0,0.0,0.47748778733434943,0.6296296296296297,,,,北控水务,C
00371,2010-06-09,DAILY_PULLBACK,0,0,1,0,0,66.66666666666666,0.606158155396198,0.7037037037037037,,,,北控水务,C
00371,2010-06-10,DAILY_NEUTRAL,0,0,0,0,0,0.0,0.3140903081063831,0.6296296296296297,,,,北控水务,C
00371,2010-06-11,DAILY_NEUTRAL,0,0,0,0,0,0.0,0.22698267211672063,0.660377358490566,,,,北控水务,C
00371,2010-06-14,DAILY_NEUTRAL,0,0,0,0,0,100.0,0.3254747651690398,0.6792452830188679,,,,北控水务,C
00371,2010-06-15,DAILY_NEUTRAL,0,0,0,0,0,100.0,0.4093879918548165,0.75,,,,北控水务,C
00371,2010-06-17,DAILY_NEUTRAL,0,0,0,0,0,33.33333333333333,1.789183146478112,0.5957446808510639,,,,北控水务,C
00371,2010-06-18,DAILY_NEUTRAL,0,0,0,0,0,33.33333333333333,1.9287737911889415,0.6739130434782609,,,,北控水务,C
00371,2010-06-21,DAILY_PULLBACK,0,0,1,0,0,66.66666666666666,7.007440203731753,0.8043478260869564,,,,北控水务,C
00371,2010-06-22,DAILY_NEUTRAL,0,0,0,0,0,0.0,0.18192727353535953,0.717391304347826,,,,北控水务,C
00371,2010-06-23,DAILY_NEUTRAL,0,0,0,0,0,0.0,0.9621077560686797,0.6521739130434782,,,,北控水务,C
00371,2010-06-24,DAILY_NEUTRAL,0,0,0,0,0,0.0,0.4493312757201646,0.6521739130434782,,,,北控水务,C
00371,2010-06-25,DAILY_NEUTRAL,0,0,0,0,0,0.0,0.34195586975149955,0.6521739130434782,,,,北控水务,C
00371,2010-06-28,DAILY_NEUTRAL,0,0,0,0,0,0.0,0.5627979096077643,0.6739130434782609,,,,北控水务,C
00371,2010-06-29,DAILY_NEUTRAL,0,0,0,0,0,0.0,1.004746835443038,0.6666666666666667,,,,北控水务,C
00371,2010-06-30,DAILY_NEUTRAL,0,0,0,0,0,0.0,1.1181149287521641,0.5609756097560976,,,,北控水务,C
00371,2010-07-02,DAILY_NEUTRAL,0,0,0,0,0,0.0,2.0842329333986105,0.43902439024390244,,,,北控水务,C
00371,2010-07-05,DAILY_NEUTRAL,0,0,0,0,0,0.0,0.7645889755022603,0.43902439024390244,,,,北控水务,C
00371,2010-07-06,DAILY_NEUTRAL,0,0,0,0,0,0.0,0.5126221895597992,0.41463414634146345,,,,北控水务,C
00371,2010-07-07,DAILY_NEUTRAL,0,0,0,0,0,0.0,1.1433909898216705,0.27499999999999997,,,,北控水务,C
00371,2010-07-08,DAILY_NEUTRAL,0,0,0,0,0,0.0,2.2039555583679347,0.39999999999999997,,,,北控水务,C
00371,2010-07-09,DAILY_NEUTRAL,0,0,0,0,0,0.0,1.6039420124259087,0.5249999999999999,,,,北控水务,C
00371,2010-07-12,DAILY_NEUTRAL,0,0,0,0,0,0.0,0.9106016414569627,0.5499999999999999,,,,北控水务,C
00371,2010-07-13,DAILY_NEUTRAL,0,0,0,0,0,0.0,0.4934899968243887,0.5263157894736842,,,,北控水务,C
00371,2010-07-14,DAILY_NEUTRAL,0,0,0,0,0,33.33333333333333,0.680761361522723,0.6052631578947368,,,,北控水务,C
00371,2010-07-15,DAILY_NEUTRAL,0,0,0,0,0,33.33333333333333,0.7674886763965778,0.47368421052631576,,,,北控水务,C
00371,2010-07-16,DAILY_NEUTRAL,0,0,0,0,0,33.33333333333333,1.6499588538939178,0.368421052631579,,,,北控水务,C
00371,2010-07-19,DAILY_NEUTRAL,0,0,0,0,0,0.0,1.6056281047719403,0.3157894736842105,,,,北控水务,C
00371,2010-07-20,DAILY_NEUTRAL,0,0,0,0,0,0.0,0.6677327521990116,0.3157894736842105,,,,北控水务,C
00371,2010-07-21,DAILY_NEUTRAL,0,0,0,0,0,0.0,0.5794505841077588,0.2702702702702703,,,,北控水务,C
00371,2010-07-22,DAILY_NEUTRAL,0,0,0,0,0,0.0,0.3391374346891548,0.30303030303030304,,,,北控水务,C
00371,2010-07-23,DAILY_NEUTRAL,0,0,0,0,0,0.0,1.7265744265050698,0.46875,,,,北控水务,C
00371,2010-07-26,DAILY_NEUTRAL,0,0,0,0,0,0.0,0.7668319718353627,0.3125,,,,北控水务,C
00371,2010-07-27,DAILY_NEUTRAL,0,0,0,0,0,0.0,0.4080927718590869,0.375,,,,北控水务,C
00371,2010-07-28,DAILY_NEUTRAL,0,0,0,0,0,66.66666666666666,2.9945371383781563,0.7096774193548387,,,,北控水务,C
00371,2010-07-29,DAILY_NEUTRAL,0,0,0,0,0,66.66666666666666,1.1809509798348943,0.7777777777777777,,,,北控水务,C
00371,2010-07-30,DAILY_NEUTRAL,0,0,0,0,0,66.66666666666666,1.3137228536852614,1.1538461538461537,,,,北控水务,C
00371,2010-08-02,DAILY_NEUTRAL,0,0,0,0,0,66.66666666666666,0.8916838342046217,0.8750000000000001,,,,北控水务,C
00371,2010-08-03,DAILY_PULLBACK,0,0,1,0,0,100.0,1.2757302090960865,0.6875,,,,北控水务,C
00371,2010-08-04,DAILY_PULLBACK,0,0,1,0,0,100.0,0.813017285062778,0.625,,,,北控水务,C
00371,2010-08-05,DAILY_NEUTRAL,0,0,0,0,0,100.0,4.959418884753292,0.9062499999999999,,,,北控水务,C
00371,2010-08-06,DAILY_NEUTRAL,0,0,0,0,0,100.0,0.8239912272570159,0.84375,,,,北控水务,C
00371,2010-08-09,DAILY_NEUTRAL,0,0,0,0,0,100.0,0.4624365816691522,0.8125,,,,北控水务,C
00371,2010-08-10,DAILY_NEUTRAL,0,0,0,0,0,100.0,0.44374797292576756,0.84375,,,,北控水务,C
00371,2010-08-11,DAILY_PULLBACK,0,0,1,0,0,100.0,0.16106943985499966,0.78125,,,,北控水务,C
00371,2010-08-12,DAILY_PULLBACK,0,0,1,0,0,66.66666666666666,0.16658788957560652,0.75,,,,北控水务,C
00371,2010-08-13,DAILY_NEUTRAL,0,0,0,0,0,100.0,1.3123982637004883,0.8750000000000001,,,,北控水务,C
00371,2010-08-16,DAILY_NEUTRAL,0,0,0,0,0,100.0,1.3141627543035994,0.8125,,,,北控水务,C
00371,2010-08-17,DAILY_NEUTRAL,0,0,0,0,0,100.0,0.816078431372549,0.8750000000000001,,,,北控水务,C
00371,2010-08-18,DAILY_NEUTRAL,0,0,0,0,0,66.66666666666666,1.34022849229704,0.8750000000000001,,,,北控水务,C
00371,2010-08-19,DAILY_PULLBACK,0,0,1,0,0,100.0,1.2468073292615214,0.84375,,,,北控水务,C
00371,2010-08-20,DAILY_PULLBACK,0,0,1,0,0,100.0,0.38541386031917085,0.8125,,,,北控水务,C
00371,2010-08-23,DAILY_PULLBACK,0,0,1,0,0,100.0,0.34828998761550917,0.8125,,,,北控水务,C
00371,2010-08-24,DAILY_NEUTRAL,0,0,0,0,0,100.0,1.3431682472778363,0.9375,,,,北控水务,C
00371,2010-08-25,DAILY_NEUTRAL,0,0,0,0,0,100.0,0.7253614812553159,0.9062499999999999,,,,北控水务,C
00371,2010-08-26,DAILY_NEUTRAL,0,0,0,0,0,100.0,1.1089587955230948,0.9375,,,,北控水务,C
00371,2010-08-27,DAILY_NEUTRAL,0,0,0,0,0,100.0,2.7680223917761766,1.0625,,,,北控水务,C
00371,2010-08-30,DAILY_PULLBACK,0,0,1,0,0,100.0,0.6954812782080018,0.8000000000000002,,,,北控水务,C
00371,2010-08-31,DAILY_PULLBACK,0,0,1,0,0,100.0,0.9943834096625018,0.7777777777777779,,,,北控水务,C
00371,2010-09-01,DAILY_PULLBACK,0,0,1,0,0,100.0,2.5362495515938313,0.8333333333333334,,,,北控水务,C
00371,2010-09-02,DAILY_NEUTRAL,0,0,0,0,0,100.0,1.2173029393392418,0.8333333333333334,,,,北控水务,C
00371,2010-09-03,DAILY_NEUTRAL,0,0,0,0,0,33.33333333333333,2.78521338042598,0.7500000000000001,,,,北控水务,C
00371,2010-09-06,DAILY_PULLBACK,0,0,1,0,0,66.66666666666666,0.6124483507138162,0.8333333333333334,,,,北控水务,C
00371,2010-09-07,DAILY_NEUTRAL,0,0,0,0,0,33.33333333333333,0.3281479306280566,0.7777777777777779,,,,北控水务,C
00371,2010-09-08,DAILY_NEUTRAL,0,0,0,0,0,33.33333333333333,0.15526946186522575,0.7500000000000001,,,,北控水务,C
00371,2010-09-09,DAILY_NEUTRAL,0,0,0,0,0,33.33333333333333,0.3185673415076131,0.7777777777777779,,,,北控水务,C
00371,2010-09-10,DAILY_NEUTRAL,0,0,0,0,0,0.0,0.2640845770629818,0.7500000000000001,,,,北控水务,C
00371,2010-09-13,DAILY_NEUTRAL,0,0,0,0,0,0.0,1.3558091286307055,0.7222222222222223,,,,北控水务,C
00371,2010-09-14,DAILY_NEUTRAL,0,0,0,0,0,0.0,3.7294764168436667,0.7222222222222223,,,,北控水务,C
00371,2010-09-15,DAILY_NEUTRAL,0,0,0,0,0,0.0,0.6818848924112082,0.7222222222222223,,,,北控水务,C
00371,2010-09-16,DAILY_NEUTRAL,0,0,0,0,0,0.0,0.25170111559053776,0.6666666666666666,,,,北控水务,C
00371,2010-09-17,DAILY_NEUTRAL,0,0,0,0,0,0.0,0.857594429301143,0.7777777777777779,,,,北控水务,C
00371,2010-09-20,DAILY_NEUTRAL,0,0,0,0,0,0.0,1.0105807764890482,0.7222222222222223,,,,北控水务,C
00371,2010-09-21,DAILY_NEUTRAL,0,0,0,0,0,66.66666666666666,3.446912333838129,1.0,,,,北控水务,C
00371,2010-09-22,DAILY_NEUTRAL,0,0,0,0,0,66.66666666666666,0.755120626847206,0.9166666666666667,,,,北控水务,C
00371,2010-09-24,DAILY_NEUTRAL,0,0,0,0,0,66.66666666666666,1.0524243170071377,0.7999999999999999,,,,北控水务,C
00371,2010-09-27,DAILY_NEUTRAL,0,0,0,0,0,100.0,0.8852029742483861,0.8749999999999999,,,,北控水务,C
00371,2010-09-28,DAILY_NEUTRAL,0,0,0,0,0,100.0,0.9523560756451781,0.85,,,,北控水务,C
00371,2010-09-29,DAILY_NEUTRAL,0,0,0,0,0,100.0,1.0225434942416074,0.8999999999999999,,,,北控水务,C
00371,2010-09-30,DAILY_NEUTRAL,0,0,0,0,0,100.0,0.32788238525390623,0.8999999999999999,,,,北控水务,C
00371,2010-10-04,DAILY_PULLBACK,0,0,1,0,0,100.0,0.6031653567505212,0.8749999999999999,,,,北控水务,C
00371,2010-10-05,DAILY_NEUTRAL,0,0,0,0,0,66.66666666666666,2.5300185568279017,0.7249999999999999,,,,北控水务,C
00371,2010-10-06,DAILY_NEUTRAL,0,0,0,0,0,33.33333333333333,2.024408487544566,0.7249999999999999,,,,北控水务,C
00371,2010-10-07,DAILY_PULLBACK,0,0,1,0,0,66.66666666666666,0.3246952459063648,0.7749999999999999,,,,北控水务,C
00371,2010-10-08,DAILY_NEUTRAL,0,0,0,0,0,33.33333333333333,0.3498298187703385,0.7499999999999999,,,,北控水务,C
00371,2010-10-11,DAILY_NEUTRAL,0,0,0,0,0,33.33333333333333,0.6916552641500717,0.7249999999999999,,,,北控水务,C
00371,2010-10-12,DAILY_NEUTRAL,0,0,0,0,0,33.33333333333333,0.43853153858986926,0.7249999999999999,,,,北控水务,C
00371,2010-10-13,DAILY_PULLBACK,0,0,1,0,0,66.66666666666666,1.8256352771050521,0.8749999999999999,,,,北控水务,C
00371,2010-10-14,DAILY_PULLBACK,0,0,1,0,0,66.66666666666666,1.2772263344025,0.7999999999999999,,,,北控水务,C
00371,2010-10-15,DAILY_NEUTRAL,0,0,0,0,0,100.0,12.034471105346539,1.2249999999999999,,,,北控水务,C
00371,2010-10-18,DAILY_NEUTRAL,0,0,0,0,0,100.0,1.1176496537370542,0.96,,,,北控水务,C
00371,2010-10-19,DAILY_NEUTRAL,0,0,0,0,0,100.0,0.49019899313396115,0.9411764705882353,,,,北控水务,C
00371,2010-10-20,DAILY_PULLBACK,0,0,1,0,0,100.0,0.25573805434662966,0.7843137254901961,,,,北控水务,C
00371,2010-10-21,DAILY_PULLBACK,0,0,1,0,0,100.0,0.2746063672305493,0.7843137254901961,,,,北控水务,C
00371,2010-10-22,DAILY_PULLBACK,0,0,1,0,0,100.0,0.19088613075834743,0.8627450980392157,,,,北控水务,C
00371,2010-10-25,DAILY_PULLBACK,0,0,1,0,0,100.0,0.7663058268028855,0.7450980392156863,,,,北控水务,C
00371,2010-10-26,DAILY_PULLBACK,0,0,1,0,0,66.66666666666666,1.8793925500707938,0.7254901960784313,,,,北控水务,C
00371,2010-10-27,DAILY_NEUTRAL,0,0,0,0,0,33.33333333333333,0.42288460577942294,0.6862745098039215,,,,北控水务,C
00371,2010-10-28,DAILY_NEUTRAL,0,0,0,0,0,33.33333333333333,0.22129815755474774,0.6666666666666667,,,,北控水务,C
00371,2010-10-29,DAILY_PULLBACK,0,0,1,0,0,66.66666666666666,1.6008739422493443,0.8039215686274509,,,,北控水务,C
00371,2010-11-01,DAILY_PULLBACK,0,0,1,0,0,66.66666666666666,0.6883259366364473,0.7450980392156863,,,,北控水务,C
00371,2010-11-02,DAILY_NEUTRAL,0,0,0,0,0,33.33333333333333,0.80800612784547,0.7058823529411764,,,,北控水务,C
00371,2010-11-03,DAILY_NEUTRAL,0,0,0,0,0,33.33333333333333,2.112430144664448,0.6862745098039215,,,,北控水务,C
00371,2010-11-04,DAILY_NEUTRAL,0,0,0,0,0,0.0,2.5212904550918913,0.6666666666666667,,,,北控水务,C
00371,2010-11-05,DAILY_NEUTRAL,0,0,0,0,0,0.0,1.6142020622877886,0.7058823529411764,,,,北控水务,C
00371,2010-11-08,DAILY_NEUTRAL,0,0,0,0,0,66.66666666666666,6.36343648375023,0.9019607843137255,,,,北控水务,C
00371,2010-11-09,DAILY_NEUTRAL,0,0,0,0,0,66.66666666666666,1.112347574575181,0.7592592592592592,,,,北控水务,C
00371,2010-11-10,DAILY_NEUTRAL,0,0,0,0,0,66.66666666666666,0.6285604710807853,0.8148148148148148,,,,北控水务,C
00371,2010-11-11,DAILY_NEUTRAL,0,0,0,0,0,66.66666666666666,0.6382507822636038,0.8518518518518519,,,,北控水务,C
00371,2010-11-12,DAILY_NEUTRAL,0,0,0,0,0,66.66666666666666,0.3387766901173793,0.7777777777777777,,,,北控水务,C
00371,2010-11-15,DAILY_PULLBACK,0,0,1,0,0,100.0,0.30308669298607294,0.7407407407407407,,,,北控水务,C
00371,2010-11-16,DAILY_NEUTRAL,0,0,0,0,0,100.0,0.7390447257587222,0.8148148148148148,,,,北控水务,C
00371,2010-11-17,DAILY_NEUTRAL,0,0,0,0,0,66.66666666666666,0.3973047972782725,0.7037037037037037,,,,北控水务,C
00371,2010-11-18,DAILY_PULLBACK,0,0,1,0,0,66.66666666666666,0.7692496136832253,0.7407407407407407,,,,北控水务,C
00371,2010-11-19,DAILY_NEUTRAL,0,0,0,0,0,33.33333333333333,0.5437242758939801,0.7222222222222222,,,,北控水务,C
00371,2010-11-22,DAILY_PULLBACK,0,0,1,0,0,66.66666666666666,0.9575286275850282,0.7407407407407407,,,,北控水务,C
00371,2010-11-23,DAILY_NEUTRAL,0,0,0,0,0,33.33333333333333,1.484065789087924,0.7037037037037037,,,,北控水务,C
00371,2010-11-24,DAILY_NEUTRAL,0,0,0,0,0,33.33333333333333,1.5464365755266696,0.7037037037037037,,,,北控水务,C
00371,2010-11-25,DAILY_PULLBACK,0,0,1,0,0,66.66666666666666,0.844230833245846,0.7592592592592592,,,,北控水务,C
00371,2010-11-26,DAILY_NEUTRAL,0,0,0,0,0,0.0,0.5585683439458695,0.7222222222222222,,,,北控水务,C
00371,2010-11-29,DAILY_NEUTRAL,0,0,0,0,0,33.33333333333333,0.631023435385145,0.7407407407407407,,,,北控水务,C
00371,2010-11-30,DAILY_NEUTRAL,0,0,0,0,0,33.33333333333333,1.216221078766507,0.7407407407407407,,,,北控水务,C
00371,2010-12-01,DAILY_NEUTRAL,0,0,0,0,0,33.33333333333333,0.8747625192930619,0.7222222222222222,,,,北控水务,C
00371,2010-12-02,DAILY_NEUTRAL,0,0,0,0,0,66.66666666666666,6.218267876445347,0.8518518518518519,,,,北控水务,C
00371,2010-12-03,DAILY_NEUTRAL,0,0,0,0,0,33.33333333333333,2.0162964877562835,0.7407407407407407,,,,北控水务,C
00371,2010-12-06,DAILY_NEUTRAL,0,0,0,0,0,33.33333333333333,0.7105913081665591,0.7222222222222222,,,,北控水务,C
00371,2010-12-07,DAILY_NEUTRAL,0,0,0,0,0,33.33333333333333,0.5065874025654721,0.78,,,,北控水务,C
00371,2010-12-08,DAILY_NEUTRAL,0,0,0,0,0,100.0,1.2503651536768385,0.88,,,,北控水务,C
00371,2010-12-09,DAILY_NEUTRAL,0,0,0,0,0,66.66666666666666,0.571997495853026,0.84,,,,北控水务,C
00371,2010-12-10,DAILY_NEUTRAL,0,0,0,0,0,66.66666666666666,0.6080987785034763,0.82,,,,北控水务,C
00371,2010-12-13,DAILY_NEUTRAL,0,0,0,0,0,100.0,0.8482223525016831,0.86,,,,北控水务,C
00371,2010-12-14,DAILY_PULLBACK,0,0,1,0,0,100.0,0.6426984021745925,0.84,,,,北控水务,C
00371,2010-12-15,DAILY_PULLBACK,0,0,1,0,0,100.0,1.067669441383614,0.84,,,,北控水务,C
00371,2010-12-16,DAILY_NEUTRAL,0,0,0,0,0,100.0,1.2453929206011507,0.88,,,,北控水务,C
00371,2010-12-17,DAILY_NEUTRAL,0,0,0,0,0,100.0,1.725888371660037,0.96,,,,北控水务,C
00371,2010-12-20,DAILY_NEUTRAL,0,0,0,0,0,100.0,1.0994579093208137,0.92,,,,北控水务,C
00371,2010-12-21,DAILY_PULLBACK,0,0,1,0,0,100.0,0.5143360971006787,0.88,,,,北控水务,C
00371,2010-12-23,DAILY_NEUTRAL,0,0,0,0,0,100.0,3.0977655902461945,1.02,,,,北控水务,C
00371,2010-12-24,DAILY_NEUTRAL,0,0,0,0,0,100.0,1.4319647965188613,1.1538461538461537,,,,北控水务,C
00371,2010-12-28,DAILY_NEUTRAL,0,0,0,0,0,100.0,0.787314074616932,0.9166666666666667,,,,北控水务,C
00371,2010-12-29,DAILY_PULLBACK,0,0,1,0,0,100.0,0.5824644282881289,0.8666666666666667,,,,北控水务,C
00371,2010-12-30,DAILY_PULLBACK,0,0,1,0,0,100.0,0.34902771954632583,0.8666666666666667,,,,北控水务,C
00371,2010-12-31,DAILY_PULLBACK,0,0,1,0,0,100.0,0.20596414685917344,0.9000000000000001,,,,北控水务,C
00371,2011-01-03,DAILY_NEUTRAL,0,0,0,0,0,100.0,2.5052522608078163,1.1833333333333333,,,,北控水务,C
00371,2011-01-04,DAILY_NEUTRAL,0,0,0,0,0,100.0,2.2775112720949884,1.0540540540540542,,,,北控水务,C
00371,2011-01-05,DAILY_NEUTRAL,0,0,0,0,0,100.0,1.0829956596814705,0.9873417721518988,,,,北控水务,C
00371,2011-01-06,DAILY_NEUTRAL,0,0,0,0,0,100.0,0.8139664826603188,0.8902439024390244,,,,北控水务,C
00371,2011-01-07,DAILY_PULLBACK,0,0,1,0,0,100.0,0.6576839494979994,0.8292682926829269,,,,北控水务,C
00371,2011-01-10,DAILY_PULLBACK,0,0,1,0,0,100.0,0.7271344721389346,0.8048780487804879,,,,北控水务,C
00371,2011-01-11,DAILY_NEUTRAL,0,0,0,0,0,100.0,1.2455651039058868,0.9390243902439025,,,,北控水务,C
00371,2011-01-12,DAILY_NEUTRAL,0,0,0,0,0,100.0,0.9577472258634128,0.9024390243902439,,,,北控水务,C
00371,2011-01-13,DAILY_PULLBACK,0,0,1,0,0,100.0,0.6752608146013612,0.8536585365853658,,,,北控水务,C
00371,2011-01-14,DAILY_PULLBACK,0,0,1,0,0,66.66666666666666,0.7906391774747318,0.8902439024390244,,,,北控水务,C
00371,2011-01-17,DAILY_NEUTRAL,0,0,0,0,0,100.0,1.0477132712205415,0.951219512195122,,,,北控水务,C
00371,2011-01-18,DAILY_NEUTRAL,0,0,0,0,0,100.0,0.4452642463638027,0.9024390243902439,,,,北控水务,C
00371,2011-01-19,DAILY_PULLBACK,0,0,1,0,0,100.0,1.0060479585084783,0.8292682926829269,,,,北控水务,C
00371,2011-01-20,DAILY_NEUTRAL,0,0,0,0,0,66.66666666666666,1.4040218532121336,0.8048780487804879,,,,北控水务,C
00371,2011-01-21,DAILY_PULLBACK,0,0,1,0,0,66.66666666666666,0.8269157397204608,0.8292682926829269,,,,北控水务,C
00371,2011-01-24,DAILY_NEUTRAL,0,0,0,0,0,33.33333333333333,0.46747405938198855,0.8292682926829269,,,,北控水务,C
00371,2011-01-25,DAILY_NEUTRAL,0,0,0,0,0,33.33333333333333,0.8403076078361749,0.7804878048780488,,,,北控水务,C
00371,2011-01-26,DAILY_NEUTRAL,0,0,0,0,0,0.0,0.8270915323092548,0.6829268292682927,,,,北控水务,C
00371,2011-01-27,DAILY_NEUTRAL,0,0,0,0,0,0.0,0.947908712988886,0.8048780487804879,,,,北控水务,C
00371,2011-01-28,DAILY_NEUTRAL,0,0,0,0,0,0.0,0.3420531627040889,0.7682926829268293,,,,北控水务,C
00371,2011-01-31,DAILY_NEUTRAL,0,0,0,0,0,0.0,1.5505072573903793,0.8048780487804879,,,,北控水务,C
00371,2011-02-01,DAILY_NEUTRAL,0,0,0,0,0,0.0,0.9965925631864496,0.8292682926829269,,,,北控水务,C
00371,2011-02-02,DAILY_NEUTRAL,0,0,0,0,0,33.33333333333333,0.988039303914695,0.8048780487804879,,,,北控水务,C
00371,2011-02-07,DAILY_NEUTRAL,0,0,0,0,0,66.66666666666666,2.420720306840885,0.8780487804878049,,,,北控水务,C
00371,2011-02-08,DAILY_NEUTRAL,0,0,0,0,0,66.66666666666666,1.3438272007393657,0.9024390243902439,,,,北控水务,C
00371,2011-02-09,DAILY_NEUTRAL,0,0,0,0,0,33.33333333333333,0.6298387573043839,0.8414634146341463,,,,北控水务,C
00371,2011-02-10,DAILY_NEUTRAL,0,0,0,0,0,33.33333333333333,0.7526197909775706,0.8048780487804879,,,,北控水务,C
00371,2011-02-11,DAILY_NEUTRAL,0,0,0,0,0,100.0,1.6479758534717688,1.048780487804878,,,,北控水务,C
00371,2011-02-14,DAILY_NEUTRAL,0,0,0,0,0,100.0,0.9729143076340162,1.1839080459770115,,,,北控水务,C
00371,2011-02-15,DAILY_NEUTRAL,0,0,0,0,0,100.0,1.0263471190300897,0.9142857142857143,,,,北控水务,C
00371,2011-02-16,DAILY_PULLBACK,0,0,1,0,0,100.0,1.0217717675398297,0.7909090909090909,,,,北控水务,C
00371,2011-02-17,DAILY_PULLBACK,0,0,1,0,0,100.0,0.8367993231091713,0.7454545454545454,,,,北控水务,C
00371,2011-02-18,DAILY_PULLBACK,0,0,1,0,0,100.0,0.4155524219609028,0.8090909090909091,,,,北控水务,C
00371,2011-02-21,DAILY_NEUTRAL,0,0,0,0,0,100.0,0.27896397296307396,0.8090909090909091,,,,北控水务,C
00371,2011-02-22,DAILY_PULLBACK,0,0,1,0,0,100.0,1.2091207206747394,0.7,,,,北控水务,C
00371,2011-02-23,DAILY_NEUTRAL,0,0,0,0,0,33.33333333333333,1.0431780491080986,0.6636363636363636,,,,北控水务,C
00371,2011-02-24,DAILY_NEUTRAL,0,0,0,0,0,33.33333333333333,0.7502438170569234,0.6818181818181818,,,,北控水务,C
00371,2011-02-25,DAILY_PULLBACK,0,0,1,0,0,66.66666666666666,0.6875520662886245,0.7454545454545454,,,,北控水务,C
00371,2011-02-28,DAILY_PULLBACK,0,0,1,0,0,66.66666666666666,0.76243947767432,0.8181818181818181,,,,北控水务,C
00371,2011-03-01,DAILY_PULLBACK,0,0,1,0,0,66.66666666666666,0.5931094193761731,0.7909090909090909,,,,北控水务,C
00371,2011-03-02,DAILY_NEUTRAL,0,0,0,0,0,100.0,0.6611739552770749,0.7727272727272726,,,,北控水务,C
00371,2011-03-03,DAILY_NEUTRAL,0,0,0,0,0,100.0,1.567435863930353,0.8363636363636363,,,,北控水务,C
00371,2011-03-04,DAILY_PULLBACK,0,0,1,0,0,100.0,1.8690806625985847,0.7909090909090909,,,,北控水务,C
00371,2011-03-07,DAILY_NEUTRAL,0,0,0,0,0,66.66666666666666,0.6774212097243119,0.7636363636363636,,,,北控水务,C
00371,2011-03-08,DAILY_NEUTRAL,0,0,0,0,0,66.66666666666666,0.4306507808308819,0.7727272727272726,,,,北控水务,C
00371,2011-03-09,DAILY_NEUTRAL,0,0,0,0,0,100.0,1.5989642336947727,0.9090909090909091,,,,北控水务,C
00371,2011-03-10,DAILY_NEUTRAL,0,0,0,0,0,100.0,1.2063770193673424,0.8727272727272726,,,,北控水务,C
00371,2011-03-11,DAILY_NEUTRAL,0,0,0,0,0,66.66666666666666,1.2680560971228538,0.7818181818181817,,,,北控水务,C
00371,2011-03-14,DAILY_NEUTRAL,0,0,0,0,0,66.66666666666666,0.6597226962263206,0.7818181818181817,,,,北控水务,C
00371,2011-03-15,DAILY_NEUTRAL,0,0,0,0,0,66.66666666666666,1.9729617889354127,0.6636363636363636,,,,北控水务,C
00371,2011-03-16,DAILY_NEUTRAL,0,0,0,0,0,33.33333333333333,1.3131450842019183,0.7058823529411764,,,,北控水务,C
00371,2011-03-17,DAILY_NEUTRAL,0,0,0,0,0,0.0,1.0590692143709768,0.5784313725490196,,,,北控水务,C
00371,2011-03-18,DAILY_NEUTRAL,0,0,0,0,0,0.0,1.1207837004296626,0.5980392156862745,,,,北控水务,C
00371,2011-03-21,DAILY_NEUTRAL,0,0,0,0,0,0.0,0.5985459253338267,0.6862745098039215,,,,北控水务,C
00371,2011-03-22,DAILY_NEUTRAL,0,0,0,0,0,0.0,0.5940907485488829,0.6666666666666667,,,,北控水务,C
00371,2011-03-23,DAILY_NEUTRAL,0,0,0,0,0,0.0,0.8429383717279804,0.6568627450980392,,,,北控水务,C
00371,2011-03-24,DAILY_NEUTRAL,0,0,0,0,0,0.0,1.425731186454238,0.6176470588235294,,,,北控水务,C
00371,2011-03-25,DAILY_NEUTRAL,0,0,0,0,0,0.0,1.0945273249857184,0.5980392156862745,,,,北控水务,C
00371,2011-03-28,DAILY_NEUTRAL,0,0,0,0,0,0.0,1.1234549167125898,0.5686274509803921,,,,北控水务,C
00371,2011-03-29,DAILY_NEUTRAL,0,0,0,0,0,0.0,2.7164874056577597,0.7450980392156863,,,,北控水务,C
00371,2011-03-30,DAILY_NEUTRAL,0,0,0,0,0,66.66666666666666,1.0385084333733872,0.7941176470588236,,,,北控水务,C
00371,2011-03-31,DAILY_NEUTRAL,0,0,0,0,0,66.66666666666666,0.6742402660449649,0.8137254901960784,,,,北控水务,C
00371,2011-04-01,DAILY_NEUTRAL,0,0,0,0,0,33.33333333333333,1.4642217114868987,0.7156862745098039,,,,北控水务,C
00371,2011-04-04,DAILY_NEUTRAL,0,0,0,0,0,33.33333333333333,1.0056152281951112,0.6862745098039215,,,,北控水务,C
00371,2011-04-06,DAILY_NEUTRAL,0,0,0,0,0,33.33333333333333,0.8854335004134547,0.6274509803921569,,,,北控水务,C
00371,2011-04-07,DAILY_NEUTRAL,0,0,0,0,0,33.33333333333333,0.7627082100127325,0.6176470588235294,,,,北控水务,C
00371,2011-04-08,DAILY_NEUTRAL,0,0,0,0,0,0.0,0.6722632944028705,0.6372549019607843,,,,北控水务,C
00371,2011-04-11,DAILY_NEUTRAL,0,0,0,0,0,33.33333333333333,0.7032487097646899,0.6770833333333334,,,,北控水务,C
00371,2011-04-12,DAILY_NEUTRAL,0,0,0,0,0,33.33333333333333,0.9029751704830098,0.735632183908046,,,,北控水务,C
00371,2011-04-13,DAILY_NEUTRAL,0,0,0,0,0,33.33333333333333,1.6032258634079621,0.6551724137931034,,,,北控水务,C
00371,2011-04-14,DAILY_NEUTRAL,0,0,0,0,0,0.0,2.662503558835768,0.5747126436781609,,,,北控水务,C
00371,2011-04-15,DAILY_NEUTRAL,0,0,0,0,0,0.0,0.8704791860771368,0.5862068965517242,,,,北控水务,C
00371,2011-04-18,DAILY_NEUTRAL,0,0,0,0,0,0.0,0.6283712842897121,0.6436781609195403,,,,北控水务,C
00371,2011-04-19,DAILY_NEUTRAL,0,0,0,0,0,0.0,0.4112920417321166,0.6091954022988506,,,,北控水务,C
00371,2011-04-20,DAILY_NEUTRAL,0,0,0,0,0,0.0,0.7685610745939504,0.632183908045977,,,,北控水务,C
00371,2011-04-21,DAILY_NEUTRAL,0,0,0,0,0,0.0,0.8615676824951722,0.7241379310344828,,,,北控水务,C
00371,2011-04-26,DAILY_NEUTRAL,0,0,0,0,0,66.66666666666666,1.8862505813981338,0.8275862068965517,,,,北控水务,C
00371,2011-04-27,DAILY_NEUTRAL,0,0,0,0,0,33.33333333333333,1.6660377633850165,0.7241379310344828,,,,北控水务,C
00371,2011-04-28,DAILY_NEUTRAL,0,0,0,0,0,33.33333333333333,0.9300503397171794,0.6781609195402298,,,,北控水务,C
00371,2011-04-29,DAILY_NEUTRAL,0,0,0,0,0,33.33333333333333,0.6634697754280795,0.6436781609195403,,,,北控水务,C
00371,2011-05-03,DAILY_NEUTRAL,0,0,0,0,0,33.33333333333333,0.21167033779818717,0.632183908045977,,,,北控水务,C
00371,2011-05-04,DAILY_NEUTRAL,0,0,0,0,0,0.0,0.30631924781238973,0.6091954022988506,,,,北控水务,C
00371,2011-05-05,DAILY_NEUTRAL,0,0,0,0,0,33.33333333333333,0.5381836099532064,0.7058823529411765,,,,北控水务,C
00371,2011-05-06,DAILY_NEUTRAL,0,0,0,0,0,33.33333333333333,0.748177352960263,0.7402597402597402,,,,北控水务,C
00371,2011-05-09,DAILY_NEUTRAL,0,0,0,0,0,33.33333333333333,1.0686930529840135,0.7272727272727273,,,,北控水务,C
00371,2011-05-11,DAILY_NEUTRAL,0,0,0,0,0,33.33333333333333,1.1672918580772598,0.7272727272727273,,,,北控水务,C
00371,2011-05-12,DAILY_NEUTRAL,0,0,0,0,0,0.0,1.1540944023843933,0.6623376623376623,,,,北控水务,C
00371,2011-05-13,DAILY_NEUTRAL,0,0,0,0,0,0.0,0.6043990662747285,0.6623376623376623,,,,北控水务,C
00371,2011-05-16,DAILY_NEUTRAL,0,0,0,0,0,0.0,0.7369808743479376,0.6233766233766234,,,,北控水务,C
00371,2011-05-17,DAILY_NEUTRAL,0,0,0,0,0,0.0,1.1947088397988936,0.5974025974025974,,,,北控水务,C
00371,2011-05-18,DAILY_NEUTRAL,0,0,0,0,0,0.0,0.5860864423697839,0.6233766233766234,,,,北控水务,C
00371,2011-05-19,DAILY_NEUTRAL,0,0,0,0,0,0.0,1.0576097846809713,0.6103896103896104,,,,北控水务,C
00371,2011-05-20,DAILY_NEUTRAL,0,0,0,0,0,0.0,2.41570280988343,0.5194805194805195,,,,北控水务,C
00371,2011-05-23,DAILY_NEUTRAL,0,0,0,0,0,0.0,1.1784409912630196,0.41558441558441556,,,,北控水务,C
00371,2011-05-24,DAILY_NEUTRAL,0,0,0,0,0,0.0,1.5659268280341903,0.5194805194805195,,,,北控水务,C
00371,2011-05-25,DAILY_NEUTRAL,0,0,0,0,0,0.0,1.1068661596417655,0.5194805194805195,,,,北控水务,C
00371,2011-05-26,DAILY_NEUTRAL,0,0,0,0,0,0.0,1.4613806496069157,0.5844155844155844,,,,北控水务,C
00371,2011-05-27,DAILY_NEUTRAL,0,0,0,0,0,0.0,0.6234343393749414,0.5844155844155844,,,,北控水务,C
00371,2011-05-30,DAILY_NEUTRAL,0,0,0,0,0,33.33333333333333,0.30670616952689733,0.6285714285714287,,,,北控水务,C
00371,2011-05-31,DAILY_NEUTRAL,0,0,0,0,0,66.66666666666666,0.5929756089476672,0.8064516129032259,,,,北控水务,C
00371,2011-06-01,DAILY_NEUTRAL,0,0,0,0,0,66.66666666666666,0.9085150315040208,0.8360655737704918,,,,北控水务,C
00371,2011-06-02,DAILY_NEUTRAL,0,0,0,0,0,33.33333333333333,0.5850634564080949,0.7540983606557378,,,,北控水务,C
00371,2011-06-03,DAILY_NEUTRAL,0,0,0,0,0,33.33333333333333,0.4475132312221794,0.7540983606557378,,,,北控水务,C
00371,2011-06-07,DAILY_NEUTRAL,0,0,0,0,0,33.33333333333333,2.2634357655340462,0.7333333333333334,,,,北控水务,C
00371,2011-06-08,DAILY_NEUTRAL,0,0,0,0,0,33.33333333333333,1.6091628230565076,0.6610169491525424,,,,北控水务,C
00371,2011-06-09,DAILY_NEUTRAL,0,0,0,0,0,33.33333333333333,1.7172598146931564,0.6440677966101696,,,,北控水务,C
00371,2011-06-10,DAILY_NEUTRAL,0,0,0,0,0,33.33333333333333,0.6829292726908435,0.7090909090909091,,,,北控水务,C
00371,2011-06-13,DAILY_NEUTRAL,0,0,0,0,0,0.0,1.0396582804295007,0.5740740740740741,,,,北控水务,C
00371,2011-06-14,DAILY_NEUTRAL,0,0,0,0,0,0.0,0.657588613658136,0.537037037037037,,,,北控水务,C
00371,2011-06-15,DAILY_NEUTRAL,0,0,0,0,0,0.0,0.5148953911461491,0.5185185185185185,,,,北控水务,C
00371,2011-06-16,DAILY_NEUTRAL,0,0,0,0,0,0.0,2.503609555477774,0.27777777777777773,,,,北控水务,C
00371,2011-06-17,DAILY_NEUTRAL,0,0,0,0,0,0.0,3.6016911489520957,0.1111111111111111,,,,北控水务,C
00371,2011-06-20,DAILY_NEUTRAL,0,0,0,0,0,0.0,1.3811435024664325,0.05555555555555555,,,,北控水务,C
00371,2011-06-21,DAILY_NEUTRAL,0,0,0,0,0,0.0,0.6021723588682166,0.16666666666666666,,,,北控水务,C
00371,2011-06-22,DAILY_NEUTRAL,0,0,0,0,0,0.0,0.4373640017762442,0.2222222222222222,,,,北控水务,C
00371,2011-06-23,DAILY_NEUTRAL,0,0,0,0,0,0.0,0.8364683066077797,0.2222222222222222,,,,北控水务,C
00371,2011-06-24,DAILY_NEUTRAL,0,0,0,0,0,0.0,0.978613252341427,0.2962962962962963,,,,北控水务,C
00371,2011-06-27,DAILY_NEUTRAL,0,0,0,0,0,0.0,1.0732839981048028,0.2962962962962963,,,,北控水务,C
00371,2011-06-28,DAILY_NEUTRAL,0,0,0,0,0,33.33333333333333,1.125628543374592,0.42592592592592593,,,,北控水务,C
00371,2011-06-29,DAILY_NEUTRAL,0,0,0,0,0,33.33333333333333,1.4226643942987465,0.38888888888888884,,,,北控水务,C
00371,2011-06-30,DAILY_NEUTRAL,0,0,0,0,0,66.66666666666666,0.3051550322532209,0.4629629629629629,,,,北控水务,C
00371,2011-07-04,DAILY_NEUTRAL,0,0,0,0,0,66.66666666666666,0.5916600524827059,0.7551020408163265,,,,北控水务,C
00371,2011-07-05,DAILY_NEUTRAL,0,0,0,0,0,66.66666666666666,1.304382791830518,0.8979591836734694,,,,北控水务,C
00371,2011-07-06,DAILY_NEUTRAL,0,0,0,0,0,100.0,0.9082991465764233,0.7142857142857143,,,,北控水务,C
00371,2011-07-07,DAILY_PULLBACK,0,0,1,0,0,100.0,0.2995928681735224,0.7777777777777777,,,,北控水务,C
00371,2011-07-08,DAILY_NEUTRAL,0,0,0,0,0,100.0,1.3053158325716028,0.911111111111111,,,,北控水务,C
00371,2011-07-11,DAILY_NEUTRAL,0,0,0,0,0,100.0,0.9283015462310138,0.911111111111111,,,,北控水务,C
00371,2011-07-12,DAILY_PULLBACK,0,0,1,0,0,100.0,1.3728038231640438,0.6734693877551021,,,,北控水务,C
00371,2011-07-13,DAILY_PULLBACK,0,0,1,0,0,100.0,0.604861499605572,0.7346938775510204,,,,北控水务,C
00371,2011-07-14,DAILY_PULLBACK,0,0,1,0,0,100.0,0.7675082233421855,0.7346938775510204,,,,北控水务,C
00371,2011-07-15,DAILY_PULLBACK,0,0,1,0,0,66.66666666666666,0.2765508142890902,0.7346938775510204,,,,北控水务,C
00371,2011-07-18,DAILY_PULLBACK,0,0,1,0,0,66.66666666666666,1.1610639791130724,0.6122448979591837,,,,北控水务,C
00371,2011-07-19,DAILY_PULLBACK,0,0,1,0,0,66.66666666666666,0.9633007500739621,0.6326530612244898,,,,北控水务,C
00371,2011-07-20,DAILY_PULLBACK,0,0,1,0,0,66.66666666666666,1.0992419422402253,0.6938775510204083,,,,北控水务,C
00371,2011-07-21,DAILY_NEUTRAL,0,0,0,0,0,33.33333333333333,0.23936735145918311,0.6122448979591837,,,,北控水务,C
00371,2011-07-22,DAILY_NEUTRAL,0,0,0,0,0,33.33333333333333,1.0885221305326331,0.6122448979591837,,,,北控水务,C
00371,2011-07-25,DAILY_PULLBACK,0,0,1,0,0,66.66666666666666,0.34844556122858134,0.6734693877551021,,,,北控水务,C
00371,2011-07-26,DAILY_NEUTRAL,0,0,0,0,0,33.33333333333333,0.5591766723842195,0.6938775510204083,,,,北控水务,C
00371,2011-07-27,DAILY_NEUTRAL,0,0,0,0,0,33.33333333333333,1.2956569918595235,0.6938775510204083,,,,北控水务,C
00371,2011-07-28,DAILY_NEUTRAL,0,0,0,0,0,33.33333333333333,0.5483672211953173,0.6326530612244898,,,,北控水务,C
00371,2011-07-29,DAILY_NEUTRAL,0,0,0,0,0,0.0,1.019659788064696,0.4489795918367347,,,,北控水务,C
00371,2011-08-01,DAILY_NEUTRAL,0,0,0,0,0,0.0,1.439502809832268,0.40816326530612246,,,,北控水务,C
00371,2011-08-02,DAILY_NEUTRAL,0,0,0,0,0,0.0,1.5786425542249707,0.4489795918367347,,,,北控水务,C
00371,2011-08-03,DAILY_NEUTRAL,0,0,0,0,0,0.0,2.202257655314161,0.326530612244898,,,,北控水务,C
00371,2011-08-04,DAILY_NEUTRAL,0,0,0,0,0,0.0,1.1356315513978552,0.2653061224489796,,,,北控水务,C
00371,2011-08-05,DAILY_NEUTRAL,0,0,0,0,0,0.0,3.1280304047545378,0.04081632653061225,,,,北控水务,C
00371,2011-08-08,DAILY_NEUTRAL,0,0,0,0,0,0.0,2.4040050923661913,-0.163265306122449,,,,北控水务,C
00371,2011-08-09,DAILY_NEUTRAL,0,0,0,0,0,0.0,1.4328129360904382,-0.17073170731707318,,,,北控水务,C
00371,2011-08-10,DAILY_NEUTRAL,0,0,0,0,0,0.0,1.6656201564108184,-0.21951219512195122,,,,北控水务,C
00371,2011-08-11,DAILY_NEUTRAL,0,0,0,0,0,0.0,0.35922869522691914,-0.21951219512195122,,,,北控水务,C
00371,2011-08-12,DAILY_NEUTRAL,0,0,0,0,0,0.0,0.6322438974216634,-0.1951219512195122,,,,北控水务,C
00371,2011-08-15,DAILY_NEUTRAL,0,0,0,0,0,0.0,0.10509220150068009,-0.02702702702702703,,,,北控水务,C
00371,2011-08-16,DAILY_NEUTRAL,0,0,0,0,0,0.0,0.3011270058692882,0.08333333333333333,,,,北控水务,C
00371,2011-08-17,DAILY_NEUTRAL,0,0,0,0,0,0.0,0.27759587498606497,-0.02777777777777778,,,,北控水务,C
00371,2011-08-18,DAILY_NEUTRAL,0,0,0,0,0,33.33333333333333,0.6609275527205278,-0.05555555555555556,,,,北控水务,C
00371,2011-08-19,DAILY_NEUTRAL,0,0,0,0,0,33.33333333333333,1.0364113245390727,-0.22222222222222224,,,,北控水务,C
00371,2011-08-22,DAILY_NEUTRAL,0,0,0,0,0,33.33333333333333,3.0093209776188155,-0.37142857142857144,,,,北控水务,C
00371,2011-08-23,DAILY_NEUTRAL,0,0,0,0,0,0.0,0.7093123510190478,-0.2571428571428572,,,,北控水务,C
00371,2011-08-24,DAILY_NEUTRAL,0,0,0,0,0,0.0,0.613313689703953,-0.1764705882352941,,,,北控水务,C
00371,2011-08-25,DAILY_NEUTRAL,0,0,0,0,0,33.33333333333333,1.0476787046223142,0.09375,,,,北控水务,C
00371,2011-08-26,DAILY_NEUTRAL,0,0,0,0,0,33.33333333333333,1.3898679995394545,0.22580645161290325,,,,北控水务,C
00371,2011-08-29,DAILY_NEUTRAL,0,0,0,0,0,66.66666666666666,0.7030010613995148,0.34615384615384615,,,,北控水务,C
00371,2011-08-30,DAILY_NEUTRAL,0,0,0,0,0,66.66666666666666,1.1195656604433875,0.3913043478260869,,,,北控水务,C
00371,2011-08-31,DAILY_NEUTRAL,0,0,0,0,0,100.0,1.1652524151026253,0.5,,,,北控水务,C
00371,2011-09-01,DAILY_NEUTRAL,0,0,0,0,0,100.0,1.6128814228164994,0.6363636363636365,,,,北控水务,C
00371,2011-09-02,DAILY_PULLBACK,0,0,1,0,0,100.0,1.047626409902516,0.3125,,,,北控水务,C
00371,2011-09-05,DAILY_NEUTRAL,0,0,0,0,0,66.66666666666666,0.5836120101502341,-0.125,,,,北控水务,C
00371,2011-09-06,DAILY_NEUTRAL,0,0,0,0,0,66.66666666666666,0.9355173334601223,-0.25,,,,北控水务,C
00371,2011-09-07,DAILY_PULLBACK,0,0,1,0,0,66.66666666666666,0.2818446911928546,0.1875,,,,北控水务,C
00371,2011-09-08,DAILY_PULLBACK,0,0,1,0,0,66.66666666666666,0.39292242734508664,0.0625,,,,北控水务,C
00371,2011-09-09,DAILY_PULLBACK,0,0,1,0,0,33.33333333333333,0.42546563446069474,0.0625,,,,北控水务,C
00371,2011-09-12,DAILY_NEUTRAL,0,0,0,0,0,33.33333333333333,1.026624133488743,-0.43750000000000006,,,,北控水务,C
00371,2011-09-14,DAILY_NEUTRAL,0,0,0,0,0,33.33333333333333,2.6076417681954456,-0.625,,,,北控水务,C
00371,2011-09-15,DAILY_NEUTRAL,0,0,0,0,0,0.0,1.7646058763355308,-0.75,,,,北控水务,C
00371,2011-09-16,DAILY_NEUTRAL,0,0,0,0,0,0.0,0.6927004799168502,-0.5625,,,,北控水务,C
00371,2011-09-19,DAILY_NEUTRAL,0,0,0,0,0,0.0,0.812399157527934,-0.8750000000000001,,,,北控水务,C
00371,2011-09-20,DAILY_NEUTRAL,0,0,0,0,0,0.0,2.3309003784961613,-1.6875,,,,北控水务,C
00371,2011-09-21,DAILY_NEUTRAL,0,0,0,0,0,0.0,1.1562660029261702,-1.6875,,,,北控水务,C
00371,2011-09-22,DAILY_NEUTRAL,0,0,0,0,0,0.0,1.944056971961118,-2.9374999999999996,,,,北控水务,C
00371,2011-09-23,DAILY_NEUTRAL,0,0,0,0,0,0.0,2.839491373310908,-3.5000000000000004,,,,北控水务,C
00371,2011-09-26,DAILY_NEUTRAL,0,0,0,0,0,0.0,1.0076065627524047,-3.25,,,,北控水务,C
00371,2011-09-27,DAILY_NEUTRAL,0,0,0,0,0,0.0,1.5028717294192726,-3.0625,,,,北控水务,C
00371,2011-09-28,DAILY_NEUTRAL,0,0,0,0,0,0.0,0.2647441937808325,-3.0625,,,,北控水务,C
00371,2011-09-30,DAILY_NEUTRAL,0,0,0,0,0,0.0,0.46245180511742023,-2.9374999999999996,,,,北控水务,C
00371,2011-10-03,DAILY_NEUTRAL,0,0,0,0,0,0.0,0.8583876599766141,-3.125,,,,北控水务,C
00371,2011-10-04,DAILY_NEUTRAL,0,0,0,0,0,0.0,0.8237518177411537,-3.714285714285714,,,,北控水务,C
00371,2011-10-06,DAILY_NEUTRAL,0,0,0,0,0,0.0,1.0944946589975348,-8.6,,,,北控水务,C
00371,2011-10-07,DAILY_NEUTRAL,0,0,0,0,0,33.33333333333333,1.2743910056214867,-7.75,,,,北控水务,C
00371,2011-10-10,DAILY_NEUTRAL,0,0,0,0,0,33.33333333333333,1.4071607891305988,-8.75,,,,北控水务,C
00371,2011-10-11,DAILY_NEUTRAL,0,0,0,0,0,33.33333333333333,0.8331059144591352,-8.25,,,,北控水务,C
00371,2011-10-12,DAILY_NEUTRAL,0,0,0,0,0,66.66666666666666,0.6737912907787584,-7.75,,,,北控水务,C
00371,2011-10-13,DAILY_NEUTRAL,0,0,0,0,0,66.66666666666666,3.0379905932096074,-14.499999999999998,,,,北控水务,C
00371,2011-10-14,DAILY_NEUTRAL,0,0,0,0,0,33.33333333333333,0.8106531393330609,6.500000000000001,,,,北控水务,C
00371,2011-10-17,DAILY_NEUTRAL,0,0,0,0,0,100.0,0.5618882212380334,5.166666666666667,,,,北控水务,C
00371,2011-10-18,DAILY_PULLBACK,0,0,1,0,0,100.0,0.6159746930697629,4.75,,,,北控水务,C
00371,2011-10-19,DAILY_NEUTRAL,0,0,0,0,0,100.0,0.655699507194562,2.8888888888888893,,,,北控水务,C
00371,2011-10-20,DAILY_NEUTRAL,0,0,0,0,0,100.0,0.8727496613207999,1.5333333333333334,,,,北控水务,C
00371,2011-10-21,DAILY_NEUTRAL,0,0,0,0,0,100.0,2.9341229793305392,0.5238095238095238,,,,北控水务,C
00371,2011-10-24,DAILY_NEUTRAL,0,0,0,0,0,100.0,0.8907853858308376,0.625,,,,北控水务,C
00371,2011-10-25,DAILY_NEUTRAL,0,0,0,0,0,100.0,0.9566107602618761,,,,,北控水务,C
00371,2011-10-26,DAILY_PULLBACK,0,0,1,0,0,100.0,0.726953016691771,-5.0,,,,北控水务,C
00371,2011-10-27,DAILY_NEUTRAL,0,0,0,0,0,100.0,0.9480771471299483,4.0,,,,北控水务,C
00371,2011-10-28,DAILY_NEUTRAL,0,0,0,0,0,100.0,0.5854971372531176,0.857142857142857,,,,北控水务,C
00371,2011-10-31,DAILY_NEUTRAL,0,0,0,0,0,100.0,0.24708624440264185,0.19999999999999998,,,,北控水务,C
00371,2011-11-01,DAILY_NEUTRAL,0,0,0,0,0,100.0,0.6890213402412549,0.3,,,,北控水务,C
00371,2011-11-02,DAILY_NEUTRAL,0,0,0,0,0,100.0,1.3442315418746806,0.5,,,,北控水务,C
00371,2011-11-03,DAILY_NEUTRAL,0,0,0,0,0,100.0,0.3800623762150841,0.39999999999999997,,,,北控水务,C
00371,2011-11-04,DAILY_NEUTRAL,0,0,0,0,0,100.0,1.1131452581032413,0.5499999999999999,,,,北控水务,C
00371,2011-11-07,DAILY_PULLBACK,0,0,1,0,0,100.0,2.61103781882146,0.09999999999999999,,,,北控水务,C
00371,2011-11-08,DAILY_PULLBACK,0,0,1,0,0,100.0,0.7568817392828965,0.25,,,,北控水务,C
00371,2011-11-09,DAILY_PULLBACK,0,0,1,0,0,66.66666666666666,0.9906993297089584,0.5,,,,北控水务,C
00371,2011-11-10,DAILY_PULLBACK,0,0,1,0,0,66.66666666666666,2.5744860875854543,0.44999999999999996,,,,北控水务,C
00371,2011-11-11,DAILY_NEUTRAL,0,0,0,0,0,100.0,0.4272047239933521,0.5,,,,北控水务,C
00371,2011-11-14,DAILY_NEUTRAL,0,0,0,0,0,100.0,0.5799625767324091,0.8076923076923076,,,,北控水务,C
00371,2011-11-15,DAILY_NEUTRAL,0,0,0,0,0,100.0,0.21500169008907785,0.6538461538461539,,,,北控水务,C
00371,2011-11-16,DAILY_PULLBACK,0,0,1,0,0,100.0,0.2731085035573499,0.4615384615384615,,,,北控水务,C
00371,2011-11-17,DAILY_PULLBACK,0,0,1,0,0,100.0,0.3180818065215924,0.5,,,,北控水务,C
00371,2011-11-18,DAILY_PULLBACK,0,0,1,0,0,100.0,1.4820416848258005,0.5,,,,北控水务,C
00371,2011-11-21,DAILY_NEUTRAL,0,0,0,0,0,100.0,1.9484391441599438,0.6153846153846154,,,,北控水务,C
00371,2011-11-22,DAILY_PULLBACK,0,0,1,0,0,66.66666666666666,0.7250289240262244,0.5384615384615385,,,,北控水务,C
00371,2011-11-23,DAILY_NEUTRAL,0,0,0,0,0,33.33333333333333,1.0509849362688297,0.38461538461538464,,,,北控水务,C
00371,2011-11-24,DAILY_PULLBACK,0,0,1,0,0,66.66666666666666,0.3487586323772402,0.4230769230769231,,,,北控水务,C
00371,2011-11-25,DAILY_PULLBACK,0,0,1,0,0,66.66666666666666,0.4433483460710808,0.4230769230769231,,,,北控水务,C
00371,2011-11-28,DAILY_PULLBACK,0,0,1,0,0,66.66666666666666,0.5899907023786634,0.6538461538461539,,,,北控水务,C
00371,2011-11-29,DAILY_NEUTRAL,0,0,0,0,0,100.0,2.1832132883645006,0.8076923076923076,,,,北控水务,C
00371,2011-11-30,DAILY_NEUTRAL,0,0,0,0,0,100.0,2.654883626821013,1.0,,,,北控水务,C
00371,2011-12-01,DAILY_NEUTRAL,0,0,0,0,0,100.0,6.842656907019255,1.6785714285714284,,,,北控水务,C
00371,2011-12-02,DAILY_NEUTRAL,0,0,0,0,0,100.0,0.5709713698710887,0.875,,,,北控水务,C
00371,2011-12-05,DAILY_NEUTRAL,0,0,0,0,0,100.0,0.8309421696001894,0.7708333333333334,,,,北控水务,C
00371,2011-12-06,DAILY_PULLBACK,0,0,1,0,0,100.0,0.16809809136191808,0.6875000000000001,,,,北控水务,C
00371,2011-12-07,DAILY_PULLBACK,0,0,1,0,0,100.0,0.47944935179655124,0.7708333333333334,,,,北控水务,C
00371,2011-12-08,DAILY_PULLBACK,0,0,1,0,0,100.0,0.15066753653981468,0.7708333333333334,,,,北控水务,C
00371,2011-12-09,DAILY_PULLBACK,0,0,1,0,0,100.0,0.9248658683293539,0.6458333333333334,,,,北控水务,C
00371,2011-12-12,DAILY_PULLBACK,0,0,1,0,0,66.66666666666666,0.41789174338458573,0.5625000000000001,,,,北控水务,C
00371,2011-12-13,DAILY_NEUTRAL,0,0,0,0,0,33.33333333333333,2.208502012854015,0.4791666666666667,,,,北控水务,C
00371,2011-12-14,DAILY_PULLBACK,0,0,1,0,0,66.66666666666666,2.1346787126351603,0.6458333333333334,,,,北控水务,C
00371,2011-12-15,DAILY_PULLBACK,0,0,1,0,0,66.66666666666666,4.333434930537189,0.625,,,,北控水务,C
00371,2011-12-16,DAILY_NEUTRAL,0,0,0,0,0,33.33333333333333,1.2125407038511444,0.4375,,,,北控水务,C
00371,2011-12-19,DAILY_NEUTRAL,0,0,0,0,0,33.33333333333333,0.38477306468048916,0.3541666666666667,,,,北控水务,C
00371,2011-12-20,DAILY_NEUTRAL,0,0,0,0,0,33.33333333333333,0.5575729260686084,0.39583333333333337,,,,北控水务,C
00371,2011-12-21,DAILY_NEUTRAL,0,0,0,0,0,0.0,0.4089596011258925,0.3541666666666667,,,,北控水务,C
00371,2011-12-22,DAILY_NEUTRAL,0,0,0,0,0,0.0,0.40812260263869,0.4166666666666667,,,,北控水务,C
00371,2011-12-23,DAILY_NEUTRAL,0,0,0,0,0,0.0,1.1139880297254239,0.5,,,,北控水务,C
00371,2011-12-28,DAILY_NEUTRAL,0,0,0,0,0,0.0,0.8265051410204587,0.5,,,,北控水务,C
00371,2011-12-29,DAILY_NEUTRAL,0,0,0,0,0,0.0,0.4835440194016863,0.4166666666666667,,,,北控水务,C
00371,2011-12-30,DAILY_NEUTRAL,0,0,0,0,0,33.33333333333333,2.0333044423744173,0.4791666666666667,,,,北控水务,C
00371,2012-01-03,DAILY_NEUTRAL,0,0,0,0,0,33.33333333333333,0.5686913556796578,0.45833333333333337,,,,北控水务,C
00371,2012-01-04,DAILY_NEUTRAL,0,0,0,0,0,66.66666666666666,0.7275261226894633,0.6136363636363636,,,,北控水务,C
00371,2012-01-05,DAILY_NEUTRAL,0,0,0,0,0,66.66666666666666,1.497683956430772,0.6818181818181818,,,,北控水务,C
00371,2012-01-06,DAILY_NEUTRAL,0,0,0,0,0,66.66666666666666,0.9978653367216626,0.6818181818181818,,,,北控水务,C
00371,2012-01-09,DAILY_NEUTRAL,0,0,0,0,0,100.0,1.604461227557387,0.8636363636363636,,,,北控水务,C
00371,2012-01-10,DAILY_NEUTRAL,0,0,0,0,0,100.0,1.0423923469473904,0.8717948717948718,,,,北控水务,C
00371,2012-01-11,DAILY_PULLBACK,0,0,1,0,0,100.0,1.1151317149828377,0.7948717948717948,,,,北控水务,C
00371,2012-01-12,DAILY_NEUTRAL,0,0,0,0,0,100.0,1.119357497741644,0.9487179487179487,,,,北控水务,C
00371,2012-01-13,DAILY_NEUTRAL,0,0,0,0,0,100.0,0.8698440685388371,1.0256410256410258,,,,北控水务,C
00371,2012-01-16,DAILY_PULLBACK,0,0,1,0,0,100.0,0.8685528324729102,0.7804878048780488,,,,北控水务,C
00371,2012-01-17,DAILY_NEUTRAL,0,0,0,0,0,100.0,0.8161921207478983,0.926829268292683,,,,北控水务,C
00371,2012-01-18,DAILY_NEUTRAL,0,0,0,0,0,100.0,1.1224612180560003,1.0,,,,北控水务,C
00371,2012-01-19,DAILY_PULLBACK,0,0,1,0,0,100.0,0.6851886563325726,0.8536585365853658,,,,北控水务,C
00371,2012-01-20,DAILY_PULLBACK,0,0,1,0,0,66.66666666666666,2.38916070095305,0.8048780487804879,,,,北控水务,C
00371,2012-01-26,DAILY_PULLBACK,0,0,1,0,0,100.0,1.205131111353769,0.8292682926829269,,,,北控水务,C
00371,2012-01-27,DAILY_PULLBACK,0,0,1,0,0,66.66666666666666,0.9779118325884414,0.8292682926829269,,,,北控水务,C
00371,2012-01-30,DAILY_NEUTRAL,0,0,0,0,0,33.33333333333333,1.7982321170253237,0.5121951219512195,,,,北控水务,C
00371,2012-01-31,DAILY_NEUTRAL,0,0,0,0,0,33.33333333333333,1.0656517724637873,0.5853658536585366,,,,北控水务,C
00371,2012-02-01,DAILY_NEUTRAL,0,0,0,0,0,0.0,1.4878295164203912,0.41463414634146345,,,,北控水务,C
00371,2012-02-02,DAILY_NEUTRAL,0,0,0,0,0,0.0,1.6872878011615997,0.5365853658536586,,,,北控水务,C
00371,2012-02-03,DAILY_NEUTRAL,0,0,0,0,0,0.0,2.081432539144777,0.5609756097560976,,,,北控水务,C
00371,2012-02-06,DAILY_NEUTRAL,0,0,0,0,0,0.0,0.5922683974039163,0.6585365853658537,,,,北控水务,C
00371,2012-02-07,DAILY_NEUTRAL,0,0,0,0,0,0.0,0.7466891288172164,0.6829268292682927,,,,北控水务,C
00371,2012-02-08,DAILY_NEUTRAL,0,0,0,0,0,33.33333333333333,0.47087889023011836,0.7560975609756098,,,,北控水务,C
00371,2012-02-09,DAILY_NEUTRAL,0,0,0,0,0,33.33333333333333,0.6466453579165391,0.6829268292682927,,,,北控水务,C
00371,2012-02-10,DAILY_NEUTRAL,0,0,0,0,0,33.33333333333333,0.7110916749974379,0.6341463414634146,,,,北控水务,C
00371,2012-02-13,DAILY_NEUTRAL,0,0,0,0,0,33.33333333333333,0.6951122692485779,0.6097560975609756,,,,北控水务,C
00371,2012-02-14,DAILY_NEUTRAL,0,0,0,0,0,33.33333333333333,0.41736628864376546,0.6097560975609756,,,,北控水务,C
00371,2012-02-15,DAILY_NEUTRAL,0,0,0,0,0,0.0,2.712143119588059,0.5365853658536586,,,,北控水务,C
00371,2012-02-16,DAILY_NEUTRAL,0,0,0,0,0,0.0,1.9206892818455161,0.41463414634146345,,,,北控水务,C
00371,2012-02-17,DAILY_NEUTRAL,0,0,0,0,0,0.0,0.7536386391717522,0.4634146341463415,,,,北控水务,C
00371,2012-02-20,DAILY_NEUTRAL,0,0,0,0,0,0.0,1.3731593772738535,0.24390243902439027,,,,北控水务,C
00371,2012-02-21,DAILY_NEUTRAL,0,0,0,0,0,0.0,0.45505346805802516,0.36585365853658536,,,,北控水务,C
00371,2012-02-22,DAILY_NEUTRAL,0,0,0,0,0,0.0,0.6128335057224245,0.34146341463414637,,,,北控水务,C
00371,2012-02-23,DAILY_NEUTRAL,0,0,0,0,0,0.0,0.933311489973453,0.4054054054054054,,,,北控水务,C
00371,2012-02-24,DAILY_NEUTRAL,0,0,0,0,0,0.0,0.657088540374031,0.4054054054054054,,,,北控水务,C
00371,2012-02-27,DAILY_NEUTRAL,0,0,0,0,0,0.0,0.762914802121657,0.47058823529411764,,,,北控水务,C
00371,2012-02-28,DAILY_NEUTRAL,0,0,0,0,0,0.0,0.75748376530001,0.5757575757575757,,,,北控水务,C
00371,2012-02-29,DAILY_NEUTRAL,0,0,0,0,0,33.33333333333333,1.2252584464118383,0.5757575757575757,,,,北控水务,C
00371,2012-03-01,DAILY_NEUTRAL,0,0,0,0,0,33.33333333333333,0.5037543053947939,0.5454545454545454,,,,北控水务,C
00371,2012-03-02,DAILY_NEUTRAL,0,0,0,0,0,66.66666666666666,0.5497864067024231,0.6363636363636364,,,,北控水务,C
00371,2012-03-05,DAILY_NEUTRAL,0,0,0,0,0,33.33333333333333,0.743091451529686,0.6060606060606061,,,,北控水务,C
00371,2012-03-06,DAILY_NEUTRAL,0,0,0,0,0,33.33333333333333,1.2106496810103187,0.42424242424242425,,,,北控水务,C
00371,2012-03-07,DAILY_NEUTRAL,0,0,0,0,0,0.0,0.888003385423149,0.30303030303030304,,,,北控水务,C
00371,2012-03-08,DAILY_NEUTRAL,0,0,0,0,0,0.0,0.8747584586822263,0.3125,,,,北控水务,C
00371,2012-03-09,DAILY_NEUTRAL,0,0,0,0,0,0.0,0.957847196085811,0.3548387096774194,,,,北控水务,C
00371,2012-03-12,DAILY_NEUTRAL,0,0,0,0,0,0.0,1.1922015111070896,0.29032258064516125,,,,北控水务,C
00371,2012-03-13,DAILY_NEUTRAL,0,0,0,0,0,0.0,0.8447818470208898,0.32258064516129037,,,,北控水务,C
00371,2012-03-14,DAILY_NEUTRAL,0,0,0,0,0,0.0,2.2903081881234564,0.5185185185185185,,,,北控水务,C
00371,2012-03-15,DAILY_NEUTRAL,0,0,0,0,0,0.0,0.5473755309062742,0.5,,,,北控水务,C
00371,2012-03-16,DAILY_NEUTRAL,0,0,0,0,0,0.0,1.5763648344652588,0.5416666666666667,,,,北控水务,C
00371,2012-03-19,DAILY_NEUTRAL,0,0,0,0,0,33.33333333333333,0.583781570148551,0.375,,,,北控水务,C
00371,2012-03-20,DAILY_NEUTRAL,0,0,0,0,0,33.33333333333333,1.1196640712490233,0.45833333333333337,,,,北控水务,C
00371,2012-03-21,DAILY_NEUTRAL,0,0,0,0,0,0.0,1.5628274453170774,0.25,,,,北控水务,C
00371,2012-03-22,DAILY_NEUTRAL,0,0,0,0,0,0.0,1.6210527934698584,0.2916666666666667,,,,北控水务,C
00371,2012-03-23,DAILY_NEUTRAL,0,0,0,0,0,0.0,1.1523014893312755,0.4166666666666667,,,,北控水务,C
00371,2012-03-26,DAILY_NEUTRAL,0,0,0,0,0,0.0,0.28731176757761345,0.20833333333333334,,,,北控水务,C
00371,2012-03-27,DAILY_NEUTRAL,0,0,0,0,0,0.0,1.8324039022537009,0.20833333333333334,,,,北控水务,C
00371,2012-03-28,DAILY_NEUTRAL,0,0,0,0,0,0.0,0.40240533812279045,-0.04166666666666667,,,,北控水务,C
00371,2012-03-29,DAILY_NEUTRAL,0,0,0,0,0,0.0,0.5394881001095608,-0.125,,,,北控水务,C
00371,2012-03-30,DAILY_NEUTRAL,0,0,0,0,0,0.0,3.6786106729552874,-0.5,,,,北控水务,C
00371,2012-04-02,DAILY_NEUTRAL,0,0,0,0,0,0.0,0.9664049744166616,-0.75,,,,北控水务,C
00371,2012-04-03,DAILY_NEUTRAL,0,0,0,0,0,0.0,0.8000725762314628,-0.7916666666666667,,,,北控水务,C
00371,2012-04-05,DAILY_NEUTRAL,0,0,0,0,0,0.0,0.7465753963145279,-1.0555555555555556,,,,北控水务,C
00371,2012-04-10,DAILY_NEUTRAL,0,0,0,0,0,0.0,0.38852746739943683,-1.1666666666666667,,,,北控水务,C
00371,2012-04-11,DAILY_NEUTRAL,0,0,0,0,0,0.0,0.5240890452099572,-1.0,,,,北控水务,C
00371,2012-04-12,DAILY_NEUTRAL,0,0,0,0,0,0.0,1.1869651060330413,-0.5555555555555556,,,,北控水务,C
00371,2012-04-13,DAILY_NEUTRAL,0,0,0,0,0,0.0,0.9097410999394594,-0.3333333333333333,,,,北控水务,C
00371,2012-04-16,DAILY_NEUTRAL,0,0,0,0,0,33.33333333333333,0.40253626669228554,-0.5,,,,北控水务,C
00371,2012-04-17,DAILY_NEUTRAL,0,0,0,0,0,33.33333333333333,0.4626058681185723,-0.4285714285714285,,,,北控水务,C
00371,2012-04-18,DAILY_NEUTRAL,0,0,0,0,0,66.66666666666666,0.7797891809093841,-0.21428571428571425,,,,北控水务,C
00371,2012-04-19,DAILY_NEUTRAL,0,0,0,0,0,33.33333333333333,0.5497754662601048,-0.4615384615384615,,,,北控水务,C
00371,2012-04-20,DAILY_NEUTRAL,0,0,0,0,0,33.33333333333333,2.79771672404424,-1.0909090909090908,,,,北控水务,C
00371,2012-04-23,DAILY_NEUTRAL,0,0,0,0,0,33.33333333333333,1.3724710827049376,-1.4545454545454546,,,,北控水务,C
00371,2012-04-24,DAILY_NEUTRAL,0,0,0,0,0,0.0,0.5655561280131393,-1.272727272727273,,,,北控水务,C
00371,2012-04-25,DAILY_NEUTRAL,0,0,0,0,0,33.33333333333333,0.5354444459144238,-1.4545454545454546,,,,北控水务,C
00371,2012-04-26,DAILY_NEUTRAL,0,0,0,0,0,33.33333333333333,0.613058870701028,-1.3,,,,北控水务,C
00371,2012-04-27,DAILY_NEUTRAL,0,0,0,0,0,33.33333333333333,0.42428700762955823,-2.166666666666667,,,,北控水务,C
00371,2012-04-30,DAILY_PULLBACK,0,0,1,0,0,66.66666666666666,0.8869769744986383,-3.0,,,,北控水务,C
00371,2012-05-02,DAILY_PULLBACK,0,0,1,0,0,66.66666666666666,0.8292959878879637,11.0,,,,北控水务,C
00371,2012-05-03,DAILY_NEUTRAL,0,0,0,0,0,100.0,1.0892107971186575,5.5,,,,北控水务,C
00371,2012-05-04,DAILY_NEUTRAL,0,0,0,0,0,66.66666666666666,0.6410380989787903,4.5,,,,北控水务,C
00371,2012-05-07,DAILY_NEUTRAL,0,0,0,0,0,33.33333333333333,1.9841195465153552,8.0,,,,北控水务,C
00371,2012-05-08,DAILY_NEUTRAL,0,0,0,0,0,33.33333333333333,1.7930734063394036,6.5,,,,北控水务,C
00371,2012-05-09,DAILY_NEUTRAL,0,0,0,0,0,33.33333333333333,0.5887195754926168,8.0,,,,北控水务,C
00371,2012-05-10,DAILY_NEUTRAL,0,0,0,0,0,0.0,1.123290214798822,8.5,,,,北控水务,C
00371,2012-05-11,DAILY_NEUTRAL,0,0,0,0,0,0.0,0.8730764116475473,8.5,,,,北控水务,C
00371,2012-05-14,DAILY_NEUTRAL,0,0,0,0,0,0.0,0.800863840607475,10.0,,,,北控水务,C
00371,2012-05-15,DAILY_NEUTRAL,0,0,0,0,0,0.0,0.3267727730343296,10.5,,,,北控水务,C
00371,2012-05-16,DAILY_NEUTRAL,0,0,0,0,0,0.0,2.136068237205524,14.499999999999998,,,,北控水务,C
00371,2012-05-17,DAILY_NEUTRAL,0,0,0,0,0,0.0,0.7157901455195302,12.5,,,,北控水务,C
00371,2012-05-18,DAILY_NEUTRAL,0,0,0,0,0,0.0,0.9045926545403861,9.666666666666666,,,,北控水务,C
00371,2012-05-21,DAILY_NEUTRAL,0,0,0,0,0,0.0,2.795119344495903,5.799999999999999,,,,北控水务,C
00371,2012-05-22,DAILY_NEUTRAL,0,0,0,0,0,0.0,1.1558960167097212,5.2,,,,北控水务,C
00371,2012-05-23,DAILY_NEUTRAL,0,0,0,0,0,0.0,1.2275101956764065,6.8,,,,北控水务,C
00371,2012-05-24,DAILY_NEUTRAL,0,0,0,0,0,0.0,0.9347202708871644,6.8,,,,北控水务,C
00371,2012-05-25,DAILY_NEUTRAL,0,0,0,0,0,0.0,0.8766031322973848,7.199999999999999,,,,北控水务,C
00371,2012-05-28,DAILY_NEUTRAL,0,0,0,0,0,0.0,0.98194247044075,6.8,,,,北控水务,C
00371,2012-05-29,DAILY_NEUTRAL,0,0,0,0,0,0.0,1.449983016304348,5.799999999999999,,,,北控水务,C
00371,2012-05-30,DAILY_NEUTRAL,0,0,0,0,0,0.0,1.2578988379251963,5.999999999999999,,,,北控水务,C
00371,2012-05-31,DAILY_NEUTRAL,0,0,0,0,0,0.0,1.0198929038492082,3.5000000000000004,,,,北控水务,C
00371,2012-06-01,DAILY_NEUTRAL,0,0,0,0,0,33.33333333333333,1.3467807313711988,3.875,,,,北控水务,C
00371,2012-06-04,DAILY_NEUTRAL,0,0,0,0,0,33.33333333333333,0.39562228939135835,3.1818181818181817,,,,北控水务,C
00371,2012-06-05,DAILY_NEUTRAL,0,0,0,0,0,33.33333333333333,0.6760069202938586,3.2500000000000004,,,,北控水务,C
00371,2012-06-06,DAILY_NEUTRAL,0,0,0,0,0,0.0,1.1693238792438387,2.857142857142857,,,,北控水务,C
00371,2012-06-07,DAILY_NEUTRAL,0,0,0,0,0,0.0,0.46423173326961387,2.7857142857142856,,,,北控水务,C
00371,2012-06-11,DAILY_NEUTRAL,0,0,0,0,0,0.0,1.3614639297177826,2.642857142857143,,,,北控水务,C
00371,2012-06-12,DAILY_NEUTRAL,0,0,0,0,0,0.0,1.5274950422581801,2.642857142857143,,,,北控水务,C
00371,2012-06-13,DAILY_NEUTRAL,0,0,0,0,0,0.0,1.157460150743481,2.0,,,,北控水务,C
00371,2012-06-14,DAILY_NEUTRAL,0,0,0,0,0,0.0,1.4730223734449066,2.2105263157894735,,,,北控水务,C
00371,2012-06-15,DAILY_NEUTRAL,0,0,0,0,0,0.0,2.570101471555805,1.8636363636363635,,,,北控水务,C
00371,2012-06-18,DAILY_NEUTRAL,0,0,0,0,0,0.0,1.4246227633306783,1.5,,,,北控水务,C
00371,2012-06-19,DAILY_NEUTRAL,0,0,0,0,0,66.66666666666666,0.5710296000500286,1.3333333333333335,,,,北控水务,C
00371,2012-06-20,DAILY_DISTRIBUTION,0,1,0,0,0,66.66666666666666,2.0662461814231947,1.25,,,,北控水务,C
00371,2012-06-21,DAILY_NEUTRAL,0,0,0,0,0,66.66666666666666,0.5900557276565693,1.4583333333333333,,,,北控水务,C
00371,2012-06-22,DAILY_NEUTRAL,0,0,0,0,0,66.66666666666666,0.2168981573952751,1.4583333333333333,,,,北控水务,C
00371,2012-06-25,DAILY_NEUTRAL,0,0,0,0,0,33.33333333333333,0.2109250962133996,1.5416666666666667,,,,北控水务,C
00371,2012-06-26,DAILY_NEUTRAL,0,0,0,0,0,33.33333333333333,0.37420534901131625,1.5416666666666667,,,,北控水务,C
00371,2012-06-27,DAILY_NEUTRAL,0,0,0,0,0,0.0,0.21155080866519452,1.6250000000000002,,,,北控水务,C
00371,2012-06-28,DAILY_NEUTRAL,0,0,0,0,0,0.0,2.534133621324919,1.7916666666666667,,,,北控水务,C
00371,2012-06-29,DAILY_NEUTRAL,0,0,0,0,0,33.33333333333333,1.3156864164357578,1.7083333333333333,,,,北控水务,C
00371,2012-07-03,DAILY_DISTRIBUTION,0,1,1,0,0,66.66666666666666,1.6830757697332481,1.4166666666666667,,,,北控水务,C
00371,2012-07-04,DAILY_PULLBACK,0,0,1,0,0,66.66666666666666,1.0990694643284102,1.5416666666666667,,,,北控水务,C
00371,2012-07-05,DAILY_NEUTRAL,0,0,0,0,0,33.33333333333333,0.837188347590933,1.4583333333333333,,,,北控水务,C
00371,2012-07-06,DAILY_NEUTRAL,0,0,0,0,0,33.33333333333333,1.3232307094405344,1.5416666666666667,,,,北控水务,C
00371,2012-07-09,DAILY_NEUTRAL,0,0,0,0,0,33.33333333333333,1.3595827691778684,1.9166666666666667,,,,北控水务,C
00371,2012-07-10,DAILY_NEUTRAL,0,0,0,0,0,0.0,0.7309028818979028,1.9166666666666667,,,,北控水务,C
00371,2012-07-11,DAILY_NEUTRAL,0,0,0,0,0,0.0,1.4043632726288107,1.9166666666666667,,,,北控水务,C
00371,2012-07-12,DAILY_NEUTRAL,0,0,0,0,0,0.0,0.9640893727785492,1.8333333333333335,,,,北控水务,C
00371,2012-07-13,DAILY_NEUTRAL,0,0,0,0,0,0.0,0.2183317485388466,1.8333333333333335,,,,北控水务,C
00371,2012-07-16,DAILY_NEUTRAL,0,0,0,0,0,0.0,1.3386897553232664,1.9166666666666667,,,,北控水务,C
00371,2012-07-17,DAILY_NEUTRAL,0,0,0,0,0,0.0,1.9303183883836244,2.0833333333333335,,,,北控水务,C
00371,2012-07-18,DAILY_NEUTRAL,0,0,0,0,0,0.0,2.159751434778112,2.125,,,,北控水务,C
00371,2012-07-19,DAILY_DISTRIBUTION,0,1,0,0,0,33.33333333333333,8.69921493862497,1.2083333333333333,,,,北控水务,C
00371,2012-07-20,DAILY_NEUTRAL,0,0,0,0,0,66.66666666666666,0.9928895956438234,1.1481481481481481,,,,北控水务,C
00371,2012-07-23,DAILY_NEUTRAL,0,0,0,0,0,66.66666666666666,0.5811339895631022,1.346153846153846,,,,北控水务,C
00371,2012-07-24,DAILY_NEUTRAL,0,0,0,0,0,66.66666666666666,0.2801332198012924,1.5,,,,北控水务,C
00371,2012-07-25,DAILY_NEUTRAL,0,0,0,0,0,66.66666666666666,0.7224393091260131,1.3846153846153846,,,,北控水务,C
00371,2012-07-26,DAILY_PULLBACK,0,0,1,0,0,100.0,0.3571056609001021,1.5,,,,北控水务,C
00371,2012-07-27,DAILY_NEUTRAL,0,0,0,0,0,66.66666666666666,0.9474463413585187,1.5769230769230769,,,,北控水务,C
00371,2012-07-30,DAILY_NEUTRAL,0,0,0,0,0,33.33333333333333,0.7072962490608468,1.6153846153846152,,,,北控水务,C
00371,2012-07-31,DAILY_NEUTRAL,0,0,0,0,0,33.33333333333333,1.0165490482853925,1.5769230769230769,,,,北控水务,C
00371,2012-08-01,DAILY_DISTRIBUTION,0,1,1,0,0,66.66666666666666,2.0202267775417466,1.2692307692307692,,,,北控水务,C
00371,2012-08-02,DAILY_PULLBACK,0,0,1,0,0,66.66666666666666,0.6975148305159223,1.2692307692307692,,,,北控水务,C
00371,2012-08-03,DAILY_NEUTRAL,0,0,0,0,0,100.0,0.4876447230747328,1.2307692307692308,,,,北控水务,C
00371,2012-08-06,DAILY_NEUTRAL,0,0,0,0,0,100.0,0.40930751477343513,1.3076923076923077,,,,北控水务,C
00371,2012-08-07,DAILY_NEUTRAL,0,0,0,0,0,100.0,0.3069714005220987,1.1923076923076923,,,,北控水务,C
00371,2012-08-08,DAILY_PULLBACK,0,0,1,0,0,100.0,0.3531701201535731,1.2692307692307692,,,,北控水务,C
00371,2012-08-09,DAILY_NEUTRAL,0,0,0,0,0,100.0,0.6233737268604564,1.1923076923076923,,,,北控水务,C
00371,2012-08-10,DAILY_PULLBACK,0,0,1,0,0,100.0,0.8440211241041117,1.2692307692307692,,,,北控水务,C
00371,2012-08-13,DAILY_NEUTRAL,0,0,0,0,0,100.0,0.8582655826558265,1.2307692307692308,,,,北控水务,C
00371,2012-08-14,DAILY_NEUTRAL,0,0,0,0,0,100.0,9.161512844909609,0.8461538461538461,,,,北控水务,C
00371,2012-08-15,DAILY_NEUTRAL,0,0,0,0,0,100.0,1.2114706679924072,1.2272727272727273,,,,北控水务,C
00371,2012-08-16,DAILY_PULLBACK,0,0,1,0,0,100.0,0.5339401568703399,1.3636363636363635,,,,北控水务,C
00371,2012-08-17,DAILY_PULLBACK,0,0,1,0,0,100.0,0.43321870062273443,1.4545454545454546,,,,北控水务,C
00371,2012-08-20,DAILY_PULLBACK,0,0,1,0,0,100.0,0.2655988045775931,1.4545454545454546,,,,北控水务,C
00371,2012-08-21,DAILY_DISTRIBUTION,0,1,0,0,0,100.0,1.4920181605155243,1.0454545454545454,,,,北控水务,C
00371,2012-08-22,DAILY_NEUTRAL,0,0,0,0,0,100.0,2.24945153570004,0.9545454545454545,,,,北控水务,C
00371,2012-08-23,DAILY_NEUTRAL,0,0,0,0,0,100.0,0.6256851336537651,1.1052631578947367,,,,北控水务,C
00371,2012-08-24,DAILY_PULLBACK,0,0,1,0,0,100.0,0.7672698399431652,1.3157894736842106,,,,北控水务,C
00371,2012-08-27,DAILY_PULLBACK,0,0,1,0,0,100.0,0.40185196177360955,1.526315789473684,,,,北控水务,C
00371,2012-08-28,DAILY_PULLBACK,0,0,1,0,0,100.0,0.32560749110044884,1.473684210526316,,,,北控水务,C
00371,2012-08-29,DAILY_NEUTRAL,0,0,0,0,0,66.66666666666666,0.18604531145172112,1.526315789473684,,,,北控水务,C
00371,2012-08-30,DAILY_NEUTRAL,0,0,0,0,0,33.33333333333333,1.6173250564334085,1.9473684210526316,,,,北控水务,C
00371,2012-08-31,DAILY_NEUTRAL,0,0,0,0,0,33.33333333333333,6.850816232689943,1.631578947368421,,,,北控水务,C
00371,2012-09-03,DAILY_DISTRIBUTION,0,1,1,0,0,66.66666666666666,1.8462596333893615,1.473684210526316,,,,北控水务,C
00371,2012-09-04,DAILY_NEUTRAL,0,0,0,0,0,33.33333333333333,0.27665008583834294,1.526315789473684,,,,北控水务,C
00371,2012-09-05,DAILY_NEUTRAL,0,0,0,0,0,0.0,0.4641994543868539,1.5789473684210527,,,,北控水务,C
00371,2012-09-06,DAILY_NEUTRAL,0,0,0,0,0,0.0,0.18448948280601135,1.631578947368421,,,,北控水务,C
00371,2012-09-07,DAILY_DISTRIBUTION,0,1,0,0,0,66.66666666666666,1.3361177415531997,1.368421052631579,,,,北控水务,C
00371,2012-09-10,DAILY_NEUTRAL,0,0,0,0,0,66.66666666666666,1.0002432019587322,1.1578947368421053,,,,北控水务,C
00371,2012-09-11,DAILY_NEUTRAL,0,0,0,0,0,66.66666666666666,3.05269427628236,0.8421052631578947,,,,北控水务,C
00371,2012-09-12,DAILY_NEUTRAL,0,0,0,0,0,100.0,2.5970607006098425,0.8,,,,北控水务,C
00371,2012-09-13,DAILY_NEUTRAL,0,0,0,0,0,100.0,0.811689529692756,1.5555555555555558,,,,北控水务,C
00371,2012-09-14,DAILY_NEUTRAL,0,0,0,0,0,100.0,0.3616095103411702,1.1111111111111112,,,,北控水务,C
00371,2012-09-17,DAILY_NEUTRAL,0,0,0,0,0,100.0,0.3360836629182836,1.0,,,,北控水务,C
00371,2012-09-18,DAILY_PULLBACK,0,0,1,0,0,100.0,0.4515940333430828,2.0,,,,北控水务,C
00371,2012-09-19,DAILY_NEUTRAL,0,0,0,0,0,100.0,0.5540022713717287,1.6666666666666667,,,,北控水务,C
00371,2012-09-20,DAILY_NEUTRAL,0,0,0,0,0,100.0,2.193213342951179,0.6666666666666667,,,,北控水务,C
00371,2012-09-21,DAILY_DISTRIBUTION,0,1,0,0,0,100.0,2.323536316247974,4.0,,,,北控水务,C
00371,2012-09-24,DAILY_NEUTRAL,0,0,0,0,0,100.0,0.33839048044834147,3.0,,,,北控水务,C
00371,2012-09-25,DAILY_PULLBACK,0,0,1,0,0,100.0,0.9006406130911639,6.0,,,,北控水务,C
00371,2012-09-26,DAILY_NEUTRAL,0,0,0,0,0,100.0,0.8363698921539614,4.0,,,,北控水务,C
00371,2012-09-27,DAILY_PULLBACK,0,0,1,0,0,100.0,0.48934204023920347,5.0,,,,北控水务,C
00371,2012-09-28,DAILY_NEUTRAL,0,0,0,0,0,100.0,0.7155539781820566,-1.0,,,,北控水务,C
00371,2012-10-03,DAILY_NEUTRAL,0,0,0,0,0,100.0,0.7621747831887925,-1.5,,,,北控水务,C
00371,2012-10-04,DAILY_NEUTRAL,0,0,0,0,0,100.0,1.0985029463290332,0.19999999999999998,,,,北控水务,C
00371,2012-10-05,DAILY_NEUTRAL,0,0,0,0,0,100.0,0.8373192512925434,0.7999999999999999,,,,北控水务,C
00371,2012-10-08,DAILY_PULLBACK,0,0,1,0,0,100.0,0.5356924207175218,0.0,,,,北控水务,C
00371,2012-10-09,DAILY_NEUTRAL,0,0,0,0,0,100.0,0.723336853220697,0.19999999999999998,,,,北控水务,C
00371,2012-10-10,DAILY_PULLBACK,0,0,1,0,0,100.0,1.2587538805862393,-0.39999999999999997,,,,北控水务,C
00371,2012-10-11,DAILY_PULLBACK,0,0,1,0,0,100.0,1.3438613318717456,-0.7999999999999999,,,,北控水务,C
00371,2012-10-12,DAILY_NEUTRAL,0,0,0,0,0,33.33333333333333,1.0260422099370676,-1.0,,,,北控水务,C
00371,2012-10-15,DAILY_NEUTRAL,0,0,0,0,0,33.33333333333333,1.032126127385863,-1.5999999999999999,,,,北控水务,C
00371,2012-10-16,DAILY_NEUTRAL,0,0,0,0,0,33.33333333333333,0.6573473928605978,-1.4000000000000001,,,,北控水务,C
00371,2012-10-17,DAILY_PULLBACK,0,0,1,0,0,66.66666666666666,1.3170922355393435,-0.6,,,,北控水务,C
00371,2012-10-18,DAILY_NEUTRAL,0,0,0,0,0,33.33333333333333,2.6923203846879127,-1.0,,,,北控水务,C
00371,2012-10-19,DAILY_NEUTRAL,0,0,0,0,0,0.0,0.8505808925224152,-1.7999999999999998,,,,北控水务,C
00371,2012-10-22,DAILY_NEUTRAL,0,0,0,0,0,0.0,0.5166433821656127,-1.5999999999999999,,,,北控水务,C
00371,2012-10-24,DAILY_NEUTRAL,0,0,0,0,0,0.0,1.596661291572418,-2.0,,,,北控水务,C
00371,2012-10-25,DAILY_NEUTRAL,0,0,0,0,0,0.0,2.0196975246420856,-1.5999999999999999,,,,北控水务,C
00371,2012-10-26,DAILY_NEUTRAL,0,0,0,0,0,0.0,0.25479417631899315,-2.0,,,,北控水务,C
00371,2012-10-29,DAILY_NEUTRAL,0,0,0,0,0,0.0,0.328007122440373,-2.1999999999999997,,,,北控水务,C
00371,2012-11-01,DAILY_NEUTRAL,0,0,0,0,0,0.0,1.0951443174554034,-1.2,,,,北控水务,C
00371,2012-11-02,DAILY_NEUTRAL,0,0,0,0,0,33.33333333333333,1.3670887372975356,-0.39999999999999997,,,,北控水务,C
00371,2012-11-05,DAILY_NEUTRAL,0,0,0,0,0,66.66666666666666,0.958335982098585,-0.39999999999999997,,,,北控水务,C
00371,2012-11-06,DAILY_NEUTRAL,0,0,0,0,0,66.66666666666666,0.7234890844556814,-0.39999999999999997,,,,北控水务,C
00371,2012-11-07,DAILY_NEUTRAL,0,0,0,0,0,66.66666666666666,0.7643257742014143,-0.6,,,,北控水务,C
00371,2012-11-08,DAILY_NEUTRAL,0,0,0,0,0,66.66666666666666,0.727968481115841,-0.6,,,,北控水务,C
00371,2012-11-09,DAILY_NEUTRAL,0,0,0,0,0,66.66666666666666,0.3950734595424311,-1.2,,,,北控水务,C
00371,2012-11-12,DAILY_NEUTRAL,0,0,0,0,0,66.66666666666666,0.7608906411582212,-inf,,,,北控水务,C
00371,2012-11-13,DAILY_NEUTRAL,0,0,0,0,0,33.33333333333333,0.6637185010102551,-inf,,,,北控水务,C
00371,2012-11-14,DAILY_NEUTRAL,0,0,0,0,0,33.33333333333333,0.40276799403306673,-inf,,,,北控水务,C
00371,2012-11-15,DAILY_NEUTRAL,0,0,0,0,0,33.33333333333333,0.42407108239095315,-inf,,,,北控水务,C
00371,2012-11-16,DAILY_NEUTRAL,0,0,0,0,0,33.33333333333333,2.0570460884579624,-inf,,,,北控水务,C
00371,2012-11-19,DAILY_NEUTRAL,0,0,0,0,0,33.33333333333333,1.7476252082176569,-inf,,,,北控水务,C
00371,2012-11-20,DAILY_NEUTRAL,0,0,0,0,0,0.0,1.4472381175167557,-inf,,,,北控水务,C
00371,2012-11-21,DAILY_NEUTRAL,0,0,0,0,0,33.33333333333333,1.248511310915762,-inf,,,,北控水务,C
00371,2012-11-22,DAILY_NEUTRAL,0,0,0,0,0,66.66666666666666,1.8701092075744485,-inf,,,,北控水务,C
00371,2012-11-23,DAILY_NEUTRAL,0,0,0,0,0,66.66666666666666,0.8259738823458662,-inf,,,,北控水务,C
00371,2012-11-26,DAILY_NEUTRAL,0,0,0,0,0,66.66666666666666,0.5927494124634411,-inf,,,,北控水务,C
00371,2012-11-27,DAILY_NEUTRAL,0,0,0,0,0,66.66666666666666,3.246374870232075,-inf,,,,北控水务,C
00371,2012-11-28,DAILY_NEUTRAL,0,0,0,0,0,66.66666666666666,0.8542350322417789,-1.0,,,,北控水务,C
00371,2012-11-29,DAILY_PULLBACK,0,0,1,0,0,100.0,0.46509587117721907,-1.0,,,,北控水务,C
00371,2012-11-30,DAILY_NEUTRAL,0,0,0,0,0,100.0,1.1040231878313431,-0.6666666666666667,,,,北控水务,C
00371,2012-12-03,DAILY_NEUTRAL,0,0,0,0,0,100.0,1.4248856634259892,0.0,,,,北控水务,C
00371,2012-12-04,DAILY_NEUTRAL,0,0,0,0,0,100.0,3.679025957819782,2.666666666666667,,,,北控水务,C
00371,2012-12-05,DAILY_NEUTRAL,0,0,0,0,0,100.0,0.9098139834550543,1.0,,,,北控水务,C
00371,2012-12-06,DAILY_NEUTRAL,0,0,0,0,0,100.0,1.2905588071119978,1.0,,,,北控水务,C
00371,2012-12-07,DAILY_NEUTRAL,0,0,0,0,0,100.0,0.5725981903249534,0.9333333333333335,,,,北控水务,C
00371,2012-12-10,DAILY_NEUTRAL,0,0,0,0,0,100.0,0.5561765258169185,0.7333333333333334,,,,北控水务,C
00371,2012-12-11,DAILY_PULLBACK,0,0,1,0,0,100.0,0.4254449210416577,0.43750000000000006,,,,北控水务,C
00371,2012-12-12,DAILY_PULLBACK,0,0,1,0,0,100.0,1.0179119810487163,0.625,,,,北控水务,C
00371,2012-12-13,DAILY_NEUTRAL,0,0,0,0,0,100.0,1.6800666384277547,0.9375,,,,北控水务,C
00371,2012-12-14,DAILY_NEUTRAL,0,0,0,0,0,100.0,0.8427660115333881,0.8125,,,,北控水务,C
00371,2012-12-17,DAILY_NEUTRAL,0,0,0,0,0,100.0,0.40947307618253,0.6666666666666666,,,,北控水务,C
00371,2012-12-18,DAILY_PULLBACK,0,0,1,0,0,100.0,0.9771660602225386,0.4444444444444445,,,,北控水务,C
00371,2012-12-19,DAILY_NEUTRAL,0,0,0,0,0,100.0,0.5656202691687046,0.7777777777777779,,,,北控水务,C
00371,2012-12-20,DAILY_NEUTRAL,0,0,0,0,0,100.0,0.5996646521226415,0.7777777777777779,,,,北控水务,C
00371,2012-12-21,DAILY_NEUTRAL,0,0,0,0,0,100.0,1.099807773922161,0.7222222222222223,,,,北控水务,C
00371,2012-12-24,DAILY_NEUTRAL,0,0,0,0,0,100.0,0.22488393928329248,0.7222222222222223,,,,北控水务,C
00371,2012-12-27,DAILY_NEUTRAL,0,0,0,0,0,100.0,0.4971040400429031,0.8333333333333334,,,,北控水务,C
00371,2012-12-28,DAILY_NEUTRAL,0,0,0,0,0,100.0,0.9392214637360224,0.8333333333333334,,,,北控水务,C
00371,2012-12-31,DAILY_NEUTRAL,0,0,0,0,0,100.0,0.7106519832375012,0.888888888888889,,,,北控水务,C
00371,2013-01-02,DAILY_NEUTRAL,0,0,0,0,0,100.0,2.380381535356195,1.0,,,,北控水务,C
00371,2013-01-03,DAILY_PULLBACK,0,0,1,0,0,100.0,2.1524050165697726,0.65,,,,北控水务,C
00371,2013-01-04,DAILY_PULLBACK,0,0,1,0,0,100.0,0.9684376335485854,0.65,,,,北控水务,C
00371,2013-01-07,DAILY_NEUTRAL,0,0,0,0,0,100.0,1.9347247236550327,1.0,,,,北控水务,C
00371,2013-01-08,DAILY_NEUTRAL,0,0,0,0,0,100.0,1.6184063064988408,0.8999999999999999,,,,北控水务,C
00371,2013-01-09,DAILY_NEUTRAL,0,0,0,0,0,100.0,0.7300237990397739,0.7391304347826088,,,,北控水务,C
00371,2013-01-10,DAILY_NEUTRAL,0,0,0,0,0,100.0,1.2676573905165744,0.8260869565217391,,,,北控水务,C
00371,2013-01-11,DAILY_PULLBACK,0,0,1,0,0,100.0,0.8326605961649622,0.6521739130434782,,,,北控水务,C
00371,2013-01-14,DAILY_PULLBACK,0,0,1,0,0,100.0,0.7562988928616575,0.6956521739130435,,,,北控水务,C
00371,2013-01-15,DAILY_PULLBACK,0,0,1,0,0,66.66666666666666,1.5223414093024257,0.6521739130434782,,,,北控水务,C
00371,2013-01-16,DAILY_NEUTRAL,0,0,0,0,0,100.0,0.8351577425140337,0.7826086956521738,,,,北控水务,C
00371,2013-01-17,DAILY_PULLBACK,0,0,1,0,0,66.66666666666666,1.3575766739749502,0.7826086956521738,,,,北控水务,C
00371,2013-01-18,DAILY_PULLBACK,0,0,1,0,0,66.66666666666666,0.43208827836160796,0.7826086956521738,,,,北控水务,C
00371,2013-01-21,DAILY_PULLBACK,0,0,1,0,0,100.0,0.467533935667887,0.7391304347826088,,,,北控水务,C
00371,2013-01-22,DAILY_PULLBACK,0,0,1,0,0,100.0,0.6111644467642865,0.7391304347826088,,,,北控水务,C
00371,2013-01-23,DAILY_PULLBACK,0,0,1,0,0,100.0,1.4224632391281677,0.7391304347826088,,,,北控水务,C
00371,2013-01-24,DAILY_NEUTRAL,0,0,0,0,0,66.66666666666666,1.0307034334904783,0.6956521739130435,,,,北控水务,C
00371,2013-01-25,DAILY_NEUTRAL,0,0,0,0,0,0.0,4.599022412665016,0.5217391304347826,,,,北控水务,C
00371,2013-01-28,DAILY_NEUTRAL,0,0,0,0,0,0.0,0.43429451428818155,0.6086956521739131,,,,北控水务,C
00371,2013-01-29,DAILY_NEUTRAL,0,0,0,0,0,0.0,2.019347082222444,0.47826086956521735,,,,北控水务,C
00371,2013-01-30,DAILY_NEUTRAL,0,0,0,0,0,0.0,0.23457986381899046,0.47826086956521735,,,,北控水务,C
00371,2013-01-31,DAILY_NEUTRAL,0,0,0,0,0,0.0,0.5499434349851725,0.43478260869565216,,,,北控水务,C
00371,2013-02-01,DAILY_NEUTRAL,0,0,0,0,0,0.0,0.40069251032269754,0.5652173913043478,,,,北控水务,C
00371,2013-02-04,DAILY_NEUTRAL,0,0,0,0,0,33.33333333333333,3.1424277161296095,0.9565217391304347,,,,北控水务,C
00371,2013-02-05,DAILY_NEUTRAL,0,0,0,0,0,66.66666666666666,1.693280526826475,1.0869565217391304,,,,北控水务,C
00371,2013-02-06,DAILY_NEUTRAL,0,0,0,0,0,66.66666666666666,1.1755006644476071,1.0357142857142856,,,,北控水务,C
00371,2013-02-07,DAILY_NEUTRAL,0,0,0,0,0,100.0,1.6388436221840545,1.1,,,,北控水务,C
00371,2013-02-08,DAILY_NEUTRAL,0,0,0,0,0,100.0,0.5840783433828846,0.9142857142857144,,,,北控水务,C
00371,2013-02-14,DAILY_NEUTRAL,0,0,0,0,0,100.0,0.8118834665000764,1.0571428571428572,,,,北控水务,C
00371,2013-02-15,DAILY_NEUTRAL,0,0,0,0,0,100.0,0.41456880780445005,0.813953488372093,,,,北控水务,C
00371,2013-02-18,DAILY_NEUTRAL,0,0,0,0,0,100.0,0.7131417153797797,0.813953488372093,,,,北控水务,C
00371,2013-02-19,DAILY_PULLBACK,0,0,1,0,0,100.0,0.8928977824650995,0.6744186046511628,,,,北控水务,C
00371,2013-02-20,DAILY_NEUTRAL,0,0,0,0,0,100.0,1.65126783178333,0.8604651162790697,,,,北控水务,C
00371,2013-02-21,DAILY_NEUTRAL,0,0,0,0,0,100.0,1.0883367554038141,0.8636363636363636,,,,北控水务,C
00371,2013-02-22,DAILY_NEUTRAL,0,0,0,0,0,100.0,0.7992485941586416,0.8863636363636364,,,,北控水务,C
00371,2013-02-25,DAILY_NEUTRAL,0,0,0,0,0,100.0,1.0965540122529969,0.9090909090909092,,,,北控水务,C
00371,2013-02-26,DAILY_PULLBACK,0,0,1,0,0,100.0,0.8269086676048311,0.7954545454545454,,,,北控水务,C
00371,2013-02-27,DAILY_PULLBACK,0,0,1,0,0,100.0,0.9287645675190384,0.8409090909090909,,,,北控水务,C
00371,2013-02-28,DAILY_NEUTRAL,0,0,0,0,0,100.0,2.2283044579496893,1.272727272727273,,,,北控水务,C
00371,2013-03-01,DAILY_NEUTRAL,0,0,0,0,0,100.0,2.826654938221095,1.0892857142857142,,,,北控水务,C
00371,2013-03-04,DAILY_NEUTRAL,0,0,0,0,0,100.0,1.6322042570298079,1.032258064516129,,,,北控水务,C
00371,2013-03-05,DAILY_NEUTRAL,0,0,0,0,0,100.0,0.8471626078031003,0.9090909090909091,,,,北控水务,C
00371,2013-03-06,DAILY_NEUTRAL,0,0,0,0,0,100.0,0.8486201528815598,1.0,,,,北控水务,C
00371,2013-03-07,DAILY_NEUTRAL,0,0,0,0,0,100.0,0.7106395214150946,1.0,,,,北控水务,C
00371,2013-03-08,DAILY_NEUTRAL,0,0,0,0,0,100.0,0.32864640192646644,0.943661971830986,,,,北控水务,C
00371,2013-03-11,DAILY_PULLBACK,0,0,1,0,0,100.0,0.4828033798917807,0.8873239436619719,,,,北控水务,C
00371,2013-03-12,DAILY_PULLBACK,0,0,1,0,0,100.0,1.116997973218729,0.7183098591549296,,,,北控水务,C
00371,2013-03-13,DAILY_PULLBACK,0,0,1,0,0,66.66666666666666,0.9136744792568222,0.7183098591549296,,,,北控水务,C
00371,2013-03-14,DAILY_PULLBACK,0,0,1,0,0,66.66666666666666,0.5032492617021765,0.7746478873239437,,,,北控水务,C
00371,2013-03-15,DAILY_NEUTRAL,0,0,0,0,0,33.33333333333333,0.875666346572455,0.6338028169014085,,,,北控水务,C
00371,2013-03-18,DAILY_PULLBACK,0,0,1,0,0,66.66666666666666,0.5944872912335697,0.7183098591549296,,,,北控水务,C
00371,2013-03-19,DAILY_NEUTRAL,0,0,0,0,0,33.33333333333333,0.5242838392084008,0.6901408450704225,,,,北控水务,C
00371,2013-03-20,DAILY_PULLBACK,0,0,1,0,0,66.66666666666666,0.5574979708206074,0.7464788732394367,,,,北控水务,C
00371,2013-03-21,DAILY_PULLBACK,0,0,1,0,0,66.66666666666666,2.0300620824910953,0.9014084507042254,,,,北控水务,C
00371,2013-03-22,DAILY_NEUTRAL,0,0,0,0,0,66.66666666666666,1.7107515062693373,0.8028169014084506,,,,北控水务,C
00371,2013-03-25,DAILY_NEUTRAL,0,0,0,0,0,33.33333333333333,0.6556897701320019,0.7464788732394367,,,,北控水务,C
00371,2013-03-26,DAILY_NEUTRAL,0,0,0,0,0,33.33333333333333,0.92159157908935,0.647887323943662,,,,北控水务,C
00371,2013-03-27,DAILY_NEUTRAL,0,0,0,0,0,33.33333333333333,0.7478804092309052,0.6056338028169014,,,,北控水务,C
00371,2013-03-28,DAILY_NEUTRAL,0,0,0,0,0,0.0,0.5740084097980626,0.6619718309859155,,,,北控水务,C
00371,2013-04-02,DAILY_NEUTRAL,0,0,0,0,0,0.0,1.0020876169751676,0.7605633802816902,,,,北控水务,C
00371,2013-04-03,DAILY_NEUTRAL,0,0,0,0,0,0.0,0.7218187366108129,0.6619718309859155,,,,北控水务,C
00371,2013-04-05,DAILY_NEUTRAL,0,0,0,0,0,0.0,2.1324769259885286,0.5070422535211268,,,,北控水务,C
00371,2013-04-08,DAILY_NEUTRAL,0,0,0,0,0,0.0,1.3012883874979893,0.5352112676056339,,,,北控水务,C
00371,2013-04-09,DAILY_NEUTRAL,0,0,0,0,0,0.0,0.6869281610803547,0.5774647887323944,,,,北控水务,C
00371,2013-04-10,DAILY_NEUTRAL,0,0,0,0,0,0.0,0.5461286053552329,0.5492957746478874,,,,北控水务,C
00371,2013-04-11,DAILY_NEUTRAL,0,0,0,0,0,33.33333333333333,1.0116806546918713,0.7101449275362319,,,,北控水务,C
00371,2013-04-12,DAILY_NEUTRAL,0,0,0,0,0,0.0,0.35885622043333154,0.696969696969697,,,,北控水务,C
00371,2013-04-15,DAILY_NEUTRAL,0,0,0,0,0,0.0,1.044061664174993,0.6818181818181818,,,,北控水务,C
00371,2013-04-16,DAILY_NEUTRAL,0,0,0,0,0,33.33333333333333,0.6004278045240956,0.6363636363636364,,,,北控水务,C
00371,2013-04-17,DAILY_NEUTRAL,0,0,0,0,0,33.33333333333333,0.7256077558017743,0.6363636363636364,,,,北控水务,C
00371,2013-04-18,DAILY_NEUTRAL,0,0,0,0,0,33.33333333333333,1.4161469015779788,0.5757575757575757,,,,北控水务,C
00371,2013-04-19,DAILY_NEUTRAL,0,0,0,0,0,0.0,1.172960424388498,0.6363636363636364,,,,北控水务,C
00371,2013-04-22,DAILY_NEUTRAL,0,0,0,0,0,0.0,0.662201241756042,0.6363636363636364,,,,北控水务,C
00371,2013-04-23,DAILY_NEUTRAL,0,0,0,0,0,0.0,1.3435084600830671,0.5757575757575757,,,,北控水务,C
00371,2013-04-24,DAILY_NEUTRAL,0,0,0,0,0,0.0,2.0405455774491283,0.6060606060606061,,,,北控水务,C
00371,2013-04-25,DAILY_NEUTRAL,0,0,0,0,0,66.66666666666666,5.352630498095188,0.9333333333333335,,,,北控水务,C
00371,2013-04-26,DAILY_NEUTRAL,0,0,0,0,0,66.66666666666666,0.560253476871817,0.8813559322033899,,,,北控水务,C
00371,2013-04-29,DAILY_NEUTRAL,0,0,0,0,0,100.0,0.2528455746408172,0.864406779661017,,,,北控水务,C
00371,2013-04-30,DAILY_NEUTRAL,0,0,0,0,0,100.0,0.5066921258693845,0.864406779661017,,,,北控水务,C
00371,2013-05-02,DAILY_NEUTRAL,0,0,0,0,0,100.0,1.6991428018746444,1.0677966101694916,,,,北控水务,C
00371,2013-05-03,DAILY_NEUTRAL,0,0,0,0,0,100.0,2.0064092945062804,1.0151515151515151,,,,北控水务,C
00371,2013-05-06,DAILY_NEUTRAL,0,0,0,0,0,100.0,1.6302934642321778,0.9583333333333333,,,,北控水务,C
00371,2013-05-07,DAILY_NEUTRAL,0,0,0,0,0,100.0,0.6478999021096032,0.9166666666666667,,,,北控水务,C
00371,2013-05-08,DAILY_PULLBACK,0,0,1,0,0,100.0,0.5560221751934395,0.875,,,,北控水务,C
00371,2013-05-09,DAILY_PULLBACK,0,0,1,0,0,100.0,0.6186770847916233,0.875,,,,北控水务,C
00371,2013-05-10,DAILY_NEUTRAL,0,0,0,0,0,100.0,1.6245040955199992,0.9166666666666667,,,,北控水务,C
00371,2013-05-13,DAILY_NEUTRAL,0,0,0,0,0,100.0,2.993726349126132,1.0972222222222223,,,,北控水务,C
00371,2013-05-14,DAILY_NEUTRAL,0,0,0,0,0,100.0,2.6131146438430894,1.075,,,,北控水务,C
00371,2013-05-15,DAILY_NEUTRAL,0,0,0,0,0,100.0,0.4932188529870418,0.9545454545454545,,,,北控水务,C
00371,2013-05-16,DAILY_NEUTRAL,0,0,0,0,0,100.0,0.617489966112632,1.0,,,,北控水务,C
00371,2013-05-20,DAILY_NEUTRAL,0,0,0,0,0,100.0,0.8635543114090188,1.0561797752808988,,,,北控水务,C
00371,2013-05-21,DAILY_NEUTRAL,0,0,0,0,0,100.0,0.6633934702031969,0.9375000000000001,,,,北控水务,C
00371,2013-05-22,DAILY_NEUTRAL,0,0,0,0,0,100.0,0.5348604707066466,0.9587628865979382,,,,北控水务,C
00371,2013-05-23,DAILY_PULLBACK,0,0,1,0,0,100.0,1.4043139108902534,0.8556701030927835,,,,北控水务,C
00371,2013-05-24,DAILY_NEUTRAL,0,0,0,0,0,100.0,0.6100763005200501,0.9278350515463918,,,,北控水务,C
00371,2013-05-27,DAILY_NEUTRAL,0,0,0,0,0,100.0,1.8752592584939205,1.0824742268041239,,,,北控水务,C
00371,2013-05-28,DAILY_NEUTRAL,0,0,0,0,0,100.0,1.5872150396787352,1.0280373831775702,,,,北控水务,C
00371,2013-05-29,DAILY_NEUTRAL,0,0,0,0,0,100.0,0.7791776923514301,0.9734513274336285,,,,北控水务,C
00371,2013-05-30,DAILY_NEUTRAL,0,0,0,0,0,100.0,0.5215524355617934,0.9736842105263159,,,,北控水务,C
00371,2013-05-31,DAILY_NEUTRAL,0,0,0,0,0,100.0,0.6646477975291666,0.9824561403508774,,,,北控水务,C
00371,2013-06-03,DAILY_PULLBACK,0,0,1,0,0,100.0,0.8236084993029834,0.8508771929824562,,,,北控水务,C
00371,2013-06-04,DAILY_PULLBACK,0,0,1,0,0,100.0,0.4400802058091878,0.8771929824561404,,,,北控水务,C
00371,2013-06-05,DAILY_PULLBACK,0,0,1,0,0,100.0,0.4150916335523732,0.8508771929824562,,,,北控水务,C
00371,2013-06-06,DAILY_NEUTRAL,0,0,0,0,0,33.33333333333333,1.1945154749575475,0.7631578947368421,,,,北控水务,C
00371,2013-06-07,DAILY_NEUTRAL,0,0,0,0,0,33.33333333333333,0.9235649478229627,0.8157894736842106,,,,北控水务,C
00371,2013-06-10,DAILY_PULLBACK,0,0,1,0,0,66.66666666666666,1.2411170554841884,0.9298245614035089,,,,北控水务,C
00371,2013-06-11,DAILY_PULLBACK,0,0,1,0,0,66.66666666666666,1.3124515171618019,0.9210526315789475,,,,北控水务,C
00371,2013-06-13,DAILY_NEUTRAL,0,0,0,0,0,33.33333333333333,2.286606700410482,0.8157894736842106,,,,北控水务,C
00371,2013-06-14,DAILY_NEUTRAL,0,0,0,0,0,33.33333333333333,0.6186972410421521,0.8157894736842106,,,,北控水务,C
00371,2013-06-17,DAILY_NEUTRAL,0,0,0,0,0,33.33333333333333,0.5757714165271876,0.8508771929824562,,,,北控水务,C
00371,2013-06-18,DAILY_NEUTRAL,0,0,0,0,0,66.66666666666666,0.9653718619588404,0.9473684210526317,,,,北控水务,C
00371,2013-06-19,DAILY_NEUTRAL,0,0,0,0,0,66.66666666666666,0.3014985516920335,0.9561403508771932,,,,北控水务,C
00371,2013-06-20,DAILY_NEUTRAL,0,0,0,0,0,66.66666666666666,0.7494222172728988,0.8947368421052633,,,,北控水务,C
00371,2013-06-21,DAILY_NEUTRAL,0,0,0,0,0,33.33333333333333,2.1782000309335565,0.8771929824561404,,,,北控水务,C
00371,2013-06-24,DAILY_NEUTRAL,0,0,0,0,0,33.33333333333333,0.930449687867648,0.7017543859649124,,,,北控水务,C
00371,2013-06-25,DAILY_NEUTRAL,0,0,0,0,0,0.0,2.1401200834144607,0.6052631578947368,,,,北控水务,C
00371,2013-06-26,DAILY_NEUTRAL,0,0,0,0,0,0.0,0.9311246136777932,0.8070175438596492,,,,北控水务,C
00371,2013-06-27,DAILY_NEUTRAL,0,0,0,0,0,0.0,0.36861224685103355,0.7894736842105264,,,,北控水务,C
00371,2013-06-28,DAILY_NEUTRAL,0,0,0,0,0,0.0,0.5602844559105661,0.8421052631578948,,,,北控水务,C
00371,2013-07-02,DAILY_NEUTRAL,0,0,0,0,0,33.33333333333333,1.0441336895544302,0.9035087719298247,,,,北控水务,C
00371,2013-07-03,DAILY_NEUTRAL,0,0,0,0,0,66.66666666666666,2.63765346220094,1.009009009009009,,,,北控水务,C
00371,2013-07-04,DAILY_NEUTRAL,0,0,0,0,0,66.66666666666666,0.7018157305363143,0.912280701754386,,,,北控水务,C
00371,2013-07-05,DAILY_NEUTRAL,0,0,0,0,0,66.66666666666666,0.6181580194521904,0.9473684210526317,,,,北控水务,C
00371,2013-07-08,DAILY_NEUTRAL,0,0,0,0,0,66.66666666666666,0.5022890405905738,0.9035087719298247,,,,北控水务,C
00371,2013-07-09,DAILY_NEUTRAL,0,0,0,0,0,66.66666666666666,0.23112327075376857,0.8947368421052633,,,,北控水务,C
00371,2013-07-10,DAILY_PULLBACK,0,0,1,0,0,100.0,0.44038112372929866,0.912280701754386,,,,北控水务,C
00371,2013-07-11,DAILY_NEUTRAL,0,0,0,0,0,100.0,2.5077227775416655,1.0,,,,北控水务,C
00371,2013-07-12,DAILY_NEUTRAL,0,0,0,0,0,100.0,0.9575170896678029,0.9661016949152542,,,,北控水务,C
00371,2013-07-15,DAILY_NEUTRAL,0,0,0,0,0,100.0,4.248612988631631,1.0423728813559323,,,,北控水务,C
00371,2013-07-16,DAILY_NEUTRAL,0,0,0,0,0,100.0,1.0795060971450172,0.9692307692307692,,,,北控水务,C
00371,2013-07-17,DAILY_NEUTRAL,0,0,0,0,0,100.0,1.359917668314588,0.9846153846153846,,,,北控水务,C
00371,2013-07-18,DAILY_PULLBACK,0,0,1,0,0,100.0,1.4851792628189016,0.8872180451127819,,,,北控水务,C
00371,2013-07-19,DAILY_NEUTRAL,0,0,0,0,0,100.0,0.7009238720429426,0.9323308270676691,,,,北控水务,C
00371,2013-07-22,DAILY_PULLBACK,0,0,1,0,0,100.0,0.2245439400766261,0.9248120300751879,,,,北控水务,C
00371,2013-07-23,DAILY_NEUTRAL,0,0,0,0,0,100.0,1.2553948660343284,0.9624060150375939,,,,北控水务,C
00371,2013-07-24,DAILY_NEUTRAL,0,0,0,0,0,100.0,0.6144241835905171,0.9624060150375939,,,,北控水务,C
00371,2013-07-25,DAILY_NEUTRAL,0,0,0,0,0,100.0,0.649771628176321,0.9924812030075187,,,,北控水务,C
00371,2013-07-26,DAILY_NEUTRAL,0,0,0,0,0,100.0,0.6116008068390166,0.9703703703703703,,,,北控水务,C
00371,2013-07-29,DAILY_NEUTRAL,0,0,0,0,0,100.0,0.921783131804538,1.0,,,,北控水务,C
00371,2013-07-30,DAILY_NEUTRAL,0,0,0,0,0,100.0,0.568212117917138,0.9925925925925926,,,,北控水务,C
00371,2013-07-31,DAILY_PULLBACK,0,0,1,0,0,100.0,1.165916701538806,0.9777777777777777,,,,北控水务,C
00371,2013-08-01,DAILY_NEUTRAL,0,0,0,0,0,100.0,1.9523857053767377,1.074074074074074,,,,北控水务,C
00371,2013-08-02,DAILY_NEUTRAL,0,0,0,0,0,100.0,1.1841791642608774,1.0,,,,北控水务,C
00371,2013-08-05,DAILY_NEUTRAL,0,0,0,0,0,100.0,0.8072007810185589,0.9794520547945206,,,,北控水务,C
00371,2013-08-06,DAILY_PULLBACK,0,0,1,0,0,100.0,1.2077936013530877,0.9315068493150686,,,,北控水务,C
00371,2013-08-07,DAILY_PULLBACK,0,0,1,0,0,100.0,1.0768545843642738,0.9726027397260274,,,,北控水务,C
00371,2013-08-08,DAILY_NEUTRAL,0,0,0,0,0,100.0,0.5607708413867534,0.9726027397260274,,,,北控水务,C
00371,2013-08-09,DAILY_NEUTRAL,0,0,0,0,0,100.0,0.5697325986767432,0.9726027397260274,,,,北控水务,C
00371,2013-08-12,DAILY_NEUTRAL,0,0,0,0,0,100.0,1.6836590035083987,1.0410958904109588,,,,北控水务,C
00371,2013-08-13,DAILY_NEUTRAL,0,0,0,0,0,100.0,0.4668902127000175,1.0065359477124183,,,,北控水务,C
00371,2013-08-15,DAILY_NEUTRAL,0,0,0,0,0,100.0,0.766555248681992,0.9487179487179487,,,,北控水务,C
00371,2013-08-16,DAILY_NEUTRAL,0,0,0,0,0,100.0,0.4339030165241096,0.9554140127388535,,,,北控水务,C
00371,2013-08-19,DAILY_NEUTRAL,0,0,0,0,0,100.0,0.7751006282040562,0.9872611464968153,,,,北控水务,C
00371,2013-08-20,DAILY_PULLBACK,0,0,1,0,0,100.0,1.1411022841155114,0.8937499999999999,,,,北控水务,C
00371,2013-08-21,DAILY_PULLBACK,0,0,1,0,0,100.0,0.6127350784581834,0.9062499999999999,,,,北控水务,C
00371,2013-08-22,DAILY_NEUTRAL,0,0,0,0,0,33.33333333333333,2.232941494245741,0.8687499999999999,,,,北控水务,C
00371,2013-08-23,DAILY_PULLBACK,0,0,1,0,0,66.66666666666666,0.8863661831727956,0.9312499999999999,,,,北控水务,C
00371,2013-08-26,DAILY_PULLBACK,0,0,1,0,0,66.66666666666666,0.6384202453062224,0.9375,,,,北控水务,C
00371,2013-08-27,DAILY_PULLBACK,0,0,1,0,0,66.66666666666666,0.36380215617071215,0.9062499999999999,,,,北控水务,C
00371,2013-08-28,DAILY_NEUTRAL,0,0,0,0,0,33.33333333333333,1.3119136614357487,0.8999999999999999,,,,北控水务,C
00371,2013-08-29,DAILY_NEUTRAL,0,0,0,0,0,100.0,1.014522222607125,0.9249999999999999,,,,北控水务,C
00371,2013-08-30,DAILY_NEUTRAL,0,0,0,0,0,100.0,1.706635121358866,0.9375,,,,北控水务,C
00371,2013-09-02,DAILY_NEUTRAL,0,0,0,0,0,66.66666666666666,0.7815656482772128,0.94375,,,,北控水务,C
00371,2013-09-03,DAILY_NEUTRAL,0,0,0,0,0,100.0,1.1682984364192377,0.94375,,,,北控水务,C
00371,2013-09-04,DAILY_NEUTRAL,0,0,0,0,0,100.0,0.8399403913469876,0.94375,,,,北控水务,C
00371,2013-09-05,DAILY_NEUTRAL,0,0,0,0,0,100.0,1.4980689450290656,0.94375,,,,北控水务,C
00371,2013-09-06,DAILY_NEUTRAL,0,0,0,0,0,66.66666666666666,0.42744439364209336,0.8999999999999999,,,,北控水务,C
00371,2013-09-09,DAILY_NEUTRAL,0,0,0,0,0,0.0,2.551043466514037,0.84375,,,,北控水务,C
00371,2013-09-10,DAILY_NEUTRAL,0,0,0,0,0,0.0,1.066935850576609,0.8624999999999999,,,,北控水务,C
00371,2013-09-11,DAILY_NEUTRAL,0,0,0,0,0,0.0,1.0393958638509968,0.7999999999999999,,,,北控水务,C
00371,2013-09-12,DAILY_NEUTRAL,0,0,0,0,0,0.0,1.1413885298116735,0.7187499999999999,,,,北控水务,C
00371,2013-09-13,DAILY_NEUTRAL,0,0,0,0,0,0.0,1.7359206632335447,0.8687499999999999,,,,北控水务,C
00371,2013-09-16,DAILY_NEUTRAL,0,0,0,0,0,33.33333333333333,0.9757486124016228,0.8937499999999999,,,,北控水务,C
00371,2013-09-17,DAILY_NEUTRAL,0,0,0,0,0,0.0,0.5217208269633802,0.8717948717948718,,,,北控水务,C
00371,2013-09-18,DAILY_NEUTRAL,0,0,0,0,0,0.0,0.6996079565564113,0.8525641025641025,,,,北控水务,C
00371,2013-09-19,DAILY_NEUTRAL,0,0,0,0,0,33.33333333333333,0.7132715565089822,0.8717948717948718,,,,北控水务,C
00371,2013-09-23,DAILY_NEUTRAL,0,0,0,0,0,33.33333333333333,0.37276980832638673,0.8461538461538461,,,,北控水务,C
00371,2013-09-24,DAILY_NEUTRAL,0,0,0,0,0,0.0,1.141686416466285,0.8012820512820512,,,,北控水务,C
00371,2013-09-25,DAILY_NEUTRAL,0,0,0,0,0,0.0,0.783703533067472,0.8387096774193549,,,,北控水务,C
00371,2013-09-26,DAILY_NEUTRAL,0,0,0,0,0,0.0,1.1040110211359577,0.8451612903225807,,,,北控水务,C
00371,2013-09-27,DAILY_NEUTRAL,0,0,0,0,0,33.33333333333333,3.6134553979404536,0.9483870967741935,,,,北控水务,C
00371,2013-09-30,DAILY_NEUTRAL,0,0,0,0,0,33.33333333333333,0.9593246988322509,0.9225806451612902,,,,北控水务,C
00371,2013-10-02,DAILY_NEUTRAL,0,0,0,0,0,66.66666666666666,1.5202498616286573,1.0,,,,北控水务,C
00371,2013-10-03,DAILY_NEUTRAL,0,0,0,0,0,100.0,1.0168841740748849,1.0192307692307692,,,,北控水务,C
00371,2013-10-04,DAILY_NEUTRAL,0,0,0,0,0,100.0,0.25292499750109854,0.96875,,,,北控水务,C
00371,2013-10-07,DAILY_NEUTRAL,0,0,0,0,0,100.0,0.2630863789683975,0.96875,,,,北控水务,C
00371,2013-10-08,DAILY_PULLBACK,0,0,1,0,0,100.0,0.6181439525984739,0.9562499999999999,,,,北控水务,C
00371,2013-10-09,DAILY_PULLBACK,0,0,1,0,0,100.0,0.670486588658519,0.96875,,,,北控水务,C
00371,2013-10-10,DAILY_NEUTRAL,0,0,0,0,0,100.0,2.663089165357301,1.04375,,,,北控水务,C
00371,2013-10-11,DAILY_NEUTRAL,0,0,0,0,0,100.0,0.6435279794139998,0.9881656804733727,,,,北控水务,C
00371,2013-10-15,DAILY_NEUTRAL,0,0,0,0,0,100.0,1.1458576164068928,0.9763313609467456,,,,北控水务,C
00371,2013-10-16,DAILY_PULLBACK,0,0,1,0,0,100.0,1.1344358235724432,0.9352941176470589,,,,北控水务,C
00371,2013-10-17,DAILY_PULLBACK,0,0,1,0,0,100.0,0.0,0.9352941176470589,,,,北控水务,C
00371,2013-10-18,DAILY_NEUTRAL,0,0,0,0,0,100.0,25.00077351878333,0.9764705882352941,,,,北控水务,C
00371,2013-10-21,DAILY_NEUTRAL,0,0,0,0,0,100.0,0.37148609116261866,1.0,,,,北控水务,C
00371,2013-10-22,DAILY_NEUTRAL,0,0,0,0,0,100.0,0.1964784633126046,0.983050847457627,,,,北控水务,C
00371,2013-10-23,DAILY_NEUTRAL,0,0,0,0,0,100.0,0.36842539400766317,0.9661016949152542,,,,北控水务,C
00371,2013-10-24,DAILY_PULLBACK,0,0,1,0,0,100.0,0.1638318155867516,0.9337016574585635,,,,北控水务,C
00371,2013-10-25,DAILY_PULLBACK,0,0,1,0,0,100.0,0.19902588226561177,0.9060773480662982,,,,北控水务,C
00371,2013-10-28,DAILY_PULLBACK,0,0,1,0,0,100.0,0.8104400871273663,0.9226519337016574,,,,北控水务,C
00371,2013-10-29,DAILY_NEUTRAL,0,0,0,0,0,33.33333333333333,1.7548124493711128,0.8674033149171271,,,,北控水务,C
00371,2013-10-30,DAILY_NEUTRAL,0,0,0,0,0,33.33333333333333,0.5178200496208294,0.8895027624309393,,,,北控水务,C
00371,2013-10-31,DAILY_PULLBACK,0,0,1,0,0,66.66666666666666,0.8221208504108243,0.9116022099447513,,,,北控水务,C
00371,2013-11-01,DAILY_NEUTRAL,0,0,0,0,0,33.33333333333333,0.4500116218828106,0.8895027624309393,,,,北控水务,C
00371,2013-11-04,DAILY_PULLBACK,0,0,1,0,0,66.66666666666666,0.5665915707338074,0.9171270718232043,,,,北控水务,C
00371,2013-11-05,DAILY_NEUTRAL,0,0,0,0,0,100.0,3.090351822596477,0.994475138121547,,,,北控水务,C
00371,2013-11-06,DAILY_NEUTRAL,0,0,0,0,0,100.0,1.6201739987899455,0.9837837837837837,,,,北控水务,C
00371,2013-11-07,DAILY_NEUTRAL,0,0,0,0,0,100.0,0.9492489465435553,1.0,,,,北控水务,C
00371,2013-11-08,DAILY_NEUTRAL,0,0,0,0,0,100.0,1.6780744947069295,1.0213903743315507,,,,北控水务,C
00371,2013-11-11,DAILY_NEUTRAL,0,0,0,0,0,100.0,0.6277643510954416,1.0103626943005182,,,,北控水务,C
00371,2013-11-12,DAILY_NEUTRAL,0,0,0,0,0,100.0,0.6933515087087433,0.9698492462311558,,,,北控水务,C
00371,2013-11-13,DAILY_PULLBACK,0,0,1,0,0,100.0,0.9906868728129252,0.93,,,,北控水务,C
00371,2013-11-14,DAILY_NEUTRAL,0,0,0,0,0,100.0,1.5291608002010775,0.97,,,,北控水务,C
00371,2013-11-15,DAILY_NEUTRAL,0,0,0,0,0,100.0,0.9292068883145665,0.995,,,,北控水务,C
00371,2013-11-18,DAILY_NEUTRAL,0,0,0,0,0,100.0,1.2667981221633984,1.085,,,,北控水务,C
00371,2013-11-19,DAILY_NEUTRAL,0,0,0,0,0,100.0,0.6817249595107151,1.0136363636363634,,,,北控水务,C
00371,2013-11-20,DAILY_NEUTRAL,0,0,0,0,0,100.0,1.2145103121301168,1.0538116591928253,,,,北控水务,C
00371,2013-11-21,DAILY_NEUTRAL,0,0,0,0,0,100.0,0.8371843934056465,0.9791666666666667,,,,北控水务,C
00371,2013-11-22,DAILY_NEUTRAL,0,0,0,0,0,100.0,0.5384287952610505,0.9753086419753086,,,,北控水务,C
00371,2013-11-25,DAILY_NEUTRAL,0,0,0,0,0,100.0,0.864576641737005,0.9876543209876543,,,,北控水务,C
00371,2013-11-26,DAILY_NEUTRAL,0,0,0,0,0,100.0,6.936217495254371,0.9753086419753086,,,,北控水务,C
00371,2013-11-27,DAILY_PULLBACK,0,0,1,0,0,100.0,1.003068510360381,0.9753086419753086,,,,北控水务,C
00371,2013-11-28,DAILY_PULLBACK,0,0,1,0,0,100.0,0.1209651465916362,0.9588477366255144,,,,北控水务,C
00371,2013-11-29,DAILY_NEUTRAL,0,0,0,0,0,100.0,0.6419264631766846,1.0534979423868311,,,,北控水务,C
00371,2013-12-02,DAILY_NEUTRAL,0,0,0,0,0,100.0,0.2467458329826111,1.0,,,,北控水务,C
00371,2013-12-03,DAILY_NEUTRAL,0,0,0,0,0,100.0,0.23894258296577903,0.9391634980988595,,,,北控水务,C
00371,2013-12-04,DAILY_NEUTRAL,0,0,0,0,0,100.0,0.613236391136608,0.9809885931558936,,,,北控水务,C
00371,2013-12-05,DAILY_NEUTRAL,0,0,0,0,0,100.0,0.930507852777201,0.9624060150375939,,,,北控水务,C
00371,2013-12-06,DAILY_NEUTRAL,0,0,0,0,0,100.0,0.6297162858188015,0.9849624060150376,,,,北控水务,C
00371,2013-12-09,DAILY_NEUTRAL,0,0,0,0,0,100.0,0.8735176550616296,0.9812030075187969,,,,北控水务,C
00371,2013-12-10,DAILY_BREAKOUT,1,0,0,0,0,100.0,2.591111661536927,1.0037593984962405,,,,北控水务,C
00371,2013-12-11,DAILY_BREAKOUT,1,0,0,0,0,100.0,2.4201583595167913,1.0069444444444444,,,,北控水务,C
00371,2013-12-12,DAILY_NEUTRAL,0,0,0,0,0,100.0,0.9789653862469282,0.986254295532646,,,,北控水务,C
00371,2013-12-13,DAILY_NEUTRAL,0,0,0,0,0,100.0,0.5231108917807453,0.9695945945945946,,,,北控水务,C
00371,2013-12-16,DAILY_PULLBACK,0,0,1,0,0,100.0,0.5908224649194219,0.9493243243243243,,,,北控水务,C
00371,2013-12-17,DAILY_PULLBACK,0,0,1,0,0,100.0,0.5050572873895325,0.9527027027027026,,,,北控水务,C
00371,2013-12-18,DAILY_PULLBACK,0,0,1,0,0,100.0,0.701574385626366,0.9560810810810811,,,,北控水务,C
00371,2013-12-19,DAILY_NEUTRAL,0,0,0,0,0,100.0,0.7855869479766249,0.9628378378378378,,,,北控水务,C
00371,2013-12-20,DAILY_NEUTRAL,0,0,0,0,0,33.33333333333333,4.1491252996856085,0.8817567567567567,,,,北控水务,C
00371,2013-12-23,DAILY_PULLBACK,0,0,1,0,0,66.66666666666666,0.9803162973116853,0.9527027027027026,,,,北控水务,C
00371,2013-12-24,DAILY_PULLBACK,0,0,1,0,0,66.66666666666666,0.458811593105738,0.9695945945945946,,,,北控水务,C
00371,2013-12-27,DAILY_NEUTRAL,0,0,0,0,0,100.0,0.7606978464406745,1.037162162162162,,,,北控水务,C
00371,2013-12-30,DAILY_NEUTRAL,0,0,0,0,0,100.0,0.795484680648359,0.9837662337662337,,,,北控水务,C
00371,2013-12-31,DAILY_NEUTRAL,0,0,0,0,0,100.0,0.3701815806309269,0.9746031746031746,,,,北控水务,C
00371,2014-01-02,DAILY_BREAKOUT,1,0,0,0,0,100.0,1.558542663599349,1.0095238095238097,,,,北控水务,C
00371,2014-01-03,DAILY_NEUTRAL,0,0,0,0,0,100.0,0.7776346870715909,0.95679012345679,,,,北控水务,C
00371,2014-01-06,DAILY_PULLBACK,0,0,1,0,0,100.0,0.9139923666743879,0.9259259259259258,,,,北控水务,C
00371,2014-01-07,DAILY_PULLBACK,0,0,1,0,0,100.0,1.8422573929985138,0.9012345679012345,,,,北控水务,C
00371,2014-01-08,DAILY_NEUTRAL,0,0,0,0,0,66.66666666666666,1.360819177611158,0.8703703703703702,,,,北控水务,C
00371,2014-01-09,DAILY_NEUTRAL,0,0,0,0,0,33.33333333333333,1.1712843806036168,0.8333333333333334,,,,北控水务,C
00371,2014-01-10,DAILY_NEUTRAL,0,0,0,0,0,33.33333333333333,0.8885818717935766,0.8672839506172839,,,,北控水务,C
00371,2014-01-13,DAILY_NEUTRAL,0,0,0,0,0,33.33333333333333,0.5834260912414068,0.861111111111111,,,,北控水务,C
00371,2014-01-14,DAILY_NEUTRAL,0,0,0,0,0,33.33333333333333,1.0598616392078313,0.8302469135802468,,,,北控水务,C
00371,2014-01-15,DAILY_NEUTRAL,0,0,0,0,0,0.0,0.8453515843227863,0.8333333333333334,,,,北控水务,C
00371,2014-01-16,DAILY_NEUTRAL,0,0,0,0,0,0.0,1.0152298856205864,0.8179012345679012,,,,北控水务,C
00371,2014-01-17,DAILY_NEUTRAL,0,0,0,0,0,0.0,0.9107919643515604,0.8580246913580246,,,,北控水务,C
00371,2014-01-20,DAILY_NEUTRAL,0,0,0,0,0,33.33333333333333,1.1037627571112973,0.9012345679012345,,,,北控水务,C
00371,2014-01-21,DAILY_NEUTRAL,0,0,0,0,0,66.66666666666666,0.7147061073504876,0.9074074074074073,,,,北控水务,C
00371,2014-01-22,DAILY_NEUTRAL,0,0,0,0,0,33.33333333333333,1.1967255466308255,0.8796296296296297,,,,北控水务,C
00371,2014-01-23,DAILY_NEUTRAL,0,0,0,0,0,33.33333333333333,0.908218752461214,0.8364197530864197,,,,北控水务,C
00371,2014-01-24,DAILY_NEUTRAL,0,0,0,0,0,33.33333333333333,0.7420674200391616,0.8209876543209876,,,,北控水务,C
00371,2014-01-27,DAILY_NEUTRAL,0,0,0,0,0,0.0,1.2933895271915348,0.7685185185185185,,,,北控水务,C
00371,2014-01-28,DAILY_NEUTRAL,0,0,0,0,0,0.0,0.7099510807789343,0.7993827160493826,,,,北控水务,C
00371,2014-01-29,DAILY_NEUTRAL,0,0,0,0,0,0.0,1.1363949517844458,0.8518518518518517,,,,北控水务,C
00371,2014-01-30,DAILY_NEUTRAL,0,0,0,0,0,0.0,0.7217118160474937,0.8024691358024691,,,,北控水务,C
00371,2014-02-04,DAILY_NEUTRAL,0,0,0,0,0,0.0,2.3032797866696173,0.75,,,,北控水务,C
00371,2014-02-05,DAILY_NEUTRAL,0,0,0,0,0,0.0,1.040849672978029,0.7101910828025477,,,,北控水务,C
00371,2014-02-06,DAILY_NEUTRAL,0,0,0,0,0,0.0,1.4145930308413457,0.7980132450331127,,,,北控水务,C
00371,2014-02-07,DAILY_NEUTRAL,0,0,0,0,0,0.0,1.4489776300837824,0.857615894039735,,,,北控水务,C
00371,2014-02-10,DAILY_NEUTRAL,0,0,0,0,0,0.0,0.7283908512533822,0.8333333333333334,,,,北控水务,C
00371,2014-02-11,DAILY_NEUTRAL,0,0,0,0,0,0.0,0.6041631907677923,0.8333333333333334,,,,北控水务,C
00371,2014-02-12,DAILY_NEUTRAL,0,0,0,0,0,0.0,0.6664482372166912,0.85,,,,北控水务,C
00371,2014-02-13,DAILY_NEUTRAL,0,0,0,0,0,66.66666666666666,1.0177870223567205,0.9199999999999999,,,,北控水务,C
00371,2014-02-14,DAILY_NEUTRAL,0,0,0,0,0,66.66666666666666,0.9453765305016795,0.9633333333333334,,,,北控水务,C
00371,2014-02-17,DAILY_NEUTRAL,0,0,0,0,0,66.66666666666666,1.225189499428937,0.9866666666666667,,,,北控水务,C
00371,2014-02-18,DAILY_NEUTRAL,0,0,0,0,0,66.66666666666666,0.7877382253990346,1.0,,,,北控水务,C
00371,2014-02-19,DAILY_NEUTRAL,0,0,0,0,0,100.0,0.6331500767413268,1.0,,,,北控水务,C
00371,2014-02-20,DAILY_NEUTRAL,0,0,0,0,0,100.0,0.7235519989323131,0.9710610932475885,,,,北控水务,C
00371,2014-02-21,DAILY_NEUTRAL,0,0,0,0,0,100.0,0.5191626280790257,0.9839228295819936,,,,北控水务,C
00371,2014-02-24,DAILY_NEUTRAL,0,0,0,0,0,100.0,0.8959457052637967,1.009646302250804,,,,北控水务,C
00371,2014-02-25,DAILY_PULLBACK,0,0,1,0,0,100.0,1.486448298591078,0.946031746031746,,,,北控水务,C
00371,2014-02-26,DAILY_BREAKOUT,1,0,0,0,0,100.0,2.783960442182788,1.0444444444444445,,,,北控水务,C
00371,2014-02-27,DAILY_NEUTRAL,0,0,0,0,0,100.0,1.4687372496623017,1.0210843373493976,,,,北控水务,C
00371,2014-02-28,DAILY_BREAKOUT,1,0,0,0,0,100.0,2.1376453587023843,1.096209912536443,,,,北控水务,C
00371,2014-03-03,DAILY_DISTRIBUTION,0,1,0,0,0,100.0,1.4746609342086272,0.9946949602122016,,,,北控水务,C
00371,2014-03-04,DAILY_NEUTRAL,0,0,0,0,0,100.0,0.9996411373218963,0.9667519181585676,,,,北控水务,C
00371,2014-03-05,DAILY_NEUTRAL,0,0,0,0,0,100.0,0.7327934659314762,0.9718670076726342,,,,北控水务,C
00371,2014-03-06,DAILY_NEUTRAL,0,0,0,0,0,100.0,0.9263163120981419,0.9974424552429667,,,,北控水务,C
00371,2014-03-07,DAILY_NEUTRAL,0,0,0,0,0,100.0,0.5135203388300366,0.9825,,,,北控水务,C
00371,2014-03-10,DAILY_PULLBACK,0,0,1,0,0,100.0,0.3920438432068527,0.9625,,,,北控水务,C
00371,2014-03-11,DAILY_PULLBACK,0,0,1,0,0,100.0,0.5099827633699222,0.9625,,,,北控水务,C
00371,2014-03-12,DAILY_NEUTRAL,0,0,0,0,0,100.0,1.130890258145538,0.9825,,,,北控水务,C
00371,2014-03-13,DAILY_PULLBACK,0,0,1,0,0,100.0,1.2776644017067267,0.935,,,,北控水务,C
00371,2014-03-14,DAILY_NEUTRAL,0,0,0,0,0,33.33333333333333,2.0341164033404557,0.8475,,,,北控水务,C
00371,2014-03-17,DAILY_NEUTRAL,0,0,0,0,0,33.33333333333333,1.1531073309020219,0.8425,,,,北控水务,C
00371,2014-03-18,DAILY_PULLBACK,0,0,1,0,0,66.66666666666666,1.2054438136421588,0.8925,,,,北控水务,C
00371,2014-03-19,DAILY_NEUTRAL,0,0,0,0,0,33.33333333333333,0.627486014333687,0.8825,,,,北控水务,C
00371,2014-03-20,DAILY_NEUTRAL,0,0,0,0,0,33.33333333333333,0.8501660807614027,0.855,,,,北控水务,C
00371,2014-03-21,DAILY_NEUTRAL,0,0,0,0,0,33.33333333333333,2.6563091717404177,0.7975,,,,北控水务,C
00371,2014-03-24,DAILY_NEUTRAL,0,0,0,0,0,0.0,0.929880811753642,0.8275,,,,北控水务,C
00371,2014-03-25,DAILY_NEUTRAL,0,0,0,0,0,0.0,0.7930890643005332,0.8225,,,,北控水务,C
00371,2014-03-26,DAILY_NEUTRAL,0,0,0,0,0,0.0,0.9049032234718035,0.79,,,,北控水务,C
00371,2014-03-27,DAILY_NEUTRAL,0,0,0,0,0,0.0,0.8213586717679231,0.755,,,,北控水务,C
00371,2014-03-28,DAILY_NEUTRAL,0,0,0,0,0,0.0,1.11287693016059,0.845,,,,北控水务,C
00371,2014-03-31,DAILY_NEUTRAL,0,0,0,0,0,33.33333333333333,1.0348380301289517,0.9075,,,,北控水务,C
00371,2014-04-01,DAILY_NEUTRAL,0,0,0,0,0,66.66666666666666,0.6255955354314997,0.9175,,,,北控水务,C
00371,2014-04-02,DAILY_NEUTRAL,0,0,0,0,0,66.66666666666666,0.2629597726057435,0.905,,,,北控水务,C
00371,2014-04-03,DAILY_NEUTRAL,0,0,0,0,0,33.33333333333333,0.45902095150731453,0.84,,,,北控水务,C
00371,2014-04-04,DAILY_NEUTRAL,0,0,0,0,0,66.66666666666666,0.8739988125352112,0.8835443037974684,,,,北控水务,C
00371,2014-04-07,DAILY_NEUTRAL,0,0,0,0,0,33.33333333333333,0.5187835876808893,0.8556962025316455,,,,北控水务,C
00371,2014-04-08,DAILY_NEUTRAL,0,0,0,0,0,33.33333333333333,2.1372112958417566,0.8177215189873417,,,,北控水务,C
00371,2014-04-09,DAILY_NEUTRAL,0,0,0,0,0,33.33333333333333,0.7940940770553213,0.860759493670886,,,,北控水务,C
00371,2014-04-10,DAILY_PULLBACK,0,0,1,0,0,66.66666666666666,1.3037098677941616,0.9205128205128205,,,,北控水务,C
00371,2014-04-11,DAILY_PULLBACK,0,0,1,0,0,66.66666666666666,0.8119871400015102,0.9472295514511873,,,,北控水务,C
00371,2014-04-14,DAILY_NEUTRAL,0,0,0,0,0,33.33333333333333,1.105202922863206,0.8891820580474934,,,,北控水务,C
00371,2014-04-15,DAILY_NEUTRAL,0,0,0,0,0,66.66666666666666,0.6416422942235085,0.8680738786279684,,,,北控水务,C
00371,2014-04-16,DAILY_NEUTRAL,0,0,0,0,0,66.66666666666666,0.5989158551660886,0.8839050131926122,,,,北控水务,C
00371,2014-04-17,DAILY_NEUTRAL,0,0,0,0,0,100.0,0.7722300602159057,0.9261213720316622,,,,北控水务,C
00371,2014-04-22,DAILY_PULLBACK,0,0,1,0,0,66.66666666666666,0.31432144016551594,0.9155672823218998,,,,北控水务,C
00371,2014-04-23,DAILY_NEUTRAL,0,0,0,0,0,100.0,1.7242154564776988,0.9472295514511873,,,,北控水务,C
00371,2014-04-24,DAILY_NEUTRAL,0,0,0,0,0,100.0,0.7281727677109336,0.9445910290237467,,,,北控水务,C
00371,2014-04-25,DAILY_NEUTRAL,0,0,0,0,0,100.0,0.5856149677471653,0.9340369393139841,,,,北控水务,C
00371,2014-04-28,DAILY_NEUTRAL,0,0,0,0,0,33.33333333333333,0.6210052678556554,0.8891820580474934,,,,北控水务,C
00371,2014-04-29,DAILY_NEUTRAL,0,0,0,0,0,33.33333333333333,1.2640598539282961,0.9023746701846965,,,,北控水务,C
00371,2014-04-30,DAILY_NEUTRAL,0,0,0,0,0,0.0,3.004740655577951,0.8232189973614776,,,,北控水务,C
00371,2014-05-02,DAILY_NEUTRAL,0,0,0,0,0,0.0,1.3492843459237696,0.7889182058047494,,,,北控水务,C
00371,2014-05-05,DAILY_NEUTRAL,0,0,0,0,0,0.0,0.5741876487099673,0.8432432432432432,,,,北控水务,C
00371,2014-05-07,DAILY_NEUTRAL,0,0,0,0,0,0.0,1.0686679354010393,0.7702702702702703,,,,北控水务,C
00371,2014-05-08,DAILY_NEUTRAL,0,0,0,0,0,0.0,1.5073214959668084,0.7220708446866485,,,,北控水务,C
00371,2014-05-09,DAILY_NEUTRAL,0,0,0,0,0,0.0,2.2953896099627897,0.662125340599455,,,,北控水务,C
00371,2014-05-12,DAILY_NEUTRAL,0,0,0,0,0,0.0,1.1154411909084239,0.7193460490463216,,,,北控水务,C
00371,2014-05-13,DAILY_NEUTRAL,0,0,0,0,0,0.0,1.024881667993848,0.8010899182561307,,,,北控水务,C
00371,2014-05-14,DAILY_NEUTRAL,0,0,0,0,0,0.0,0.49384403091601614,0.7929155313351499,,,,北控水务,C
00371,2014-05-15,DAILY_NEUTRAL,0,0,0,0,0,0.0,0.6908796904929664,0.8273972602739726,,,,北控水务,C
00371,2014-05-16,DAILY_NEUTRAL,0,0,0,0,0,33.33333333333333,0.4212135930186941,0.810958904109589,,,,北控水务,C
00371,2014-05-19,DAILY_NEUTRAL,0,0,0,0,0,33.33333333333333,0.7999273753828182,0.7671232876712328,,,,北控水务,C
00371,2014-05-20,DAILY_NEUTRAL,0,0,0,0,0,33.33333333333333,0.6443844473601293,0.8082191780821919,,,,北控水务,C
00371,2014-05-21,DAILY_NEUTRAL,0,0,0,0,0,33.33333333333333,0.4193879012077344,0.8136986301369864,,,,北控水务,C
00371,2014-05-22,DAILY_NEUTRAL,0,0,0,0,0,66.66666666666666,1.4231742818556306,0.8712328767123289,,,,北控水务,C
00371,2014-05-23,DAILY_NEUTRAL,0,0,0,0,0,66.66666666666666,1.2220064603063985,0.8931506849315068,,,,北控水务,C
00371,2014-05-26,DAILY_NEUTRAL,0,0,0,0,0,100.0,0.7853088809163143,0.9138888888888889,,,,北控水务,C
00371,2014-05-27,DAILY_PULLBACK,0,0,1,0,0,100.0,0.7863609171768398,0.8792134831460674,,,,北控水务,C
00371,2014-05-28,DAILY_PULLBACK,0,0,1,0,0,100.0,0.9801392366565,0.8971428571428571,,,,北控水务,C
00371,2014-05-29,DAILY_PULLBACK,0,0,1,0,0,100.0,0.5811191696074766,0.8775510204081631,,,,北控水务,C
00371,2014-05-30,DAILY_NEUTRAL,0,0,0,0,0,100.0,4.272690509818298,0.9327485380116959,,,,北控水务,C
00371,2014-06-03,DAILY_NEUTRAL,0,0,0,0,0,100.0,1.0577002200610646,0.9758308157099698,,,,北控水务,C
00371,2014-06-04,DAILY_PULLBACK,0,0,1,0,0,66.66666666666666,0.757713688281151,0.9365558912386707,,,,北控水务,C
00371,2014-06-05,DAILY_PULLBACK,0,0,1,0,0,66.66666666666666,0.2463527169322386,0.9607250755287009,,,,北控水务,C
00371,2014-06-06,DAILY_PULLBACK,0,0,1,0,0,66.66666666666666,0.536902139825058,0.9425981873111783,,,,北控水务,C
00371,2014-06-09,DAILY_PULLBACK,0,0,1,0,0,66.66666666666666,0.2635928650452753,0.9425981873111783,,,,北控水务,C
00371,2014-06-10,DAILY_NEUTRAL,0,0,0,0,0,100.0,0.6937596954694121,0.972809667673716,,,,北控水务,C
00371,2014-06-11,DAILY_BREAKOUT,1,0,0,0,0,100.0,3.7899009797999095,1.0271903323262839,,,,北控水务,C
00371,2014-06-12,DAILY_NEUTRAL,0,0,0,0,0,100.0,1.8531118630673284,0.9707602339181286,,,,北控水务,C
00371,2014-06-13,DAILY_NEUTRAL,0,0,0,0,0,100.0,0.7689987652850753,0.9479768786127167,,,,北控水务,C
00371,2014-06-16,DAILY_PULLBACK,0,0,1,0,0,100.0,0.7167606132871038,0.9277456647398844,,,,北控水务,C
00371,2014-06-17,DAILY_NEUTRAL,0,0,0,0,0,66.66666666666666,0.8895586557419435,0.9046242774566474,,,,北控水务,C
00371,2014-06-18,DAILY_NEUTRAL,0,0,0,0,0,66.66666666666666,0.4399650574811363,0.9046242774566474,,,,北控水务,C
00371,2014-06-19,DAILY_NEUTRAL,0,0,0,0,0,33.33333333333333,0.3439696745784941,0.9075144508670521,,,,北控水务,C
00371,2014-06-20,DAILY_NEUTRAL,0,0,0,0,0,33.33333333333333,1.0215976598191447,0.9161849710982659,,,,北控水务,C
00371,2014-06-23,DAILY_PULLBACK,0,0,1,0,0,66.66666666666666,1.2702912068124574,0.9277456647398844,,,,北控水务,C
00371,2014-06-24,DAILY_PULLBACK,0,0,1,0,0,66.66666666666666,2.282960748381624,0.9797687861271677,,,,北控水务,C
00371,2014-06-25,DAILY_NEUTRAL,0,0,0,0,0,100.0,1.2547636148850234,1.0057803468208093,,,,北控水务,C
00371,2014-06-26,DAILY_NEUTRAL,0,0,0,0,0,100.0,0.5244246925392252,0.9774011299435028,,,,北控水务,C
00371,2014-06-27,DAILY_NEUTRAL,0,0,0,0,0,100.0,0.5849037690222488,0.9632768361581922,,,,北控水务,C
00371,2014-06-30,DAILY_PULLBACK,0,0,1,0,0,100.0,0.7607674825867057,0.9632768361581922,,,,北控水务,C
00371,2014-07-02,DAILY_NEUTRAL,0,0,0,0,0,100.0,1.171937927928492,0.9745762711864407,,,,北控水务,C
00371,2014-07-03,DAILY_NEUTRAL,0,0,0,0,0,100.0,0.9872656863068172,0.9971751412429378,,,,北控水务,C
00371,2014-07-04,DAILY_NEUTRAL,0,0,0,0,0,100.0,0.9764993302845028,1.0028169014084507,,,,北控水务,C
00371,2014-07-07,DAILY_NEUTRAL,0,0,0,0,0,100.0,1.3837095844074074,1.002770083102493,,,,北控水务,C
00371,2014-07-08,DAILY_NEUTRAL,0,0,0,0,0,100.0,0.9567913432869659,0.977961432506887,,,,北控水务,C
00371,2014-07-09,DAILY_PULLBACK,0,0,1,0,0,100.0,1.0104727327351963,0.9594594594594593,,,,北控水务,C
00371,2014-07-10,DAILY_PULLBACK,0,0,1,0,0,100.0,1.0190500025246865,0.954054054054054,,,,北控水务,C
00371,2014-07-11,DAILY_PULLBACK,0,0,1,0,0,100.0,0.4383556498792565,0.9486486486486485,,,,北控水务,C
00371,2014-07-14,DAILY_NEUTRAL,0,0,0,0,0,100.0,0.22009367971576926,0.9594594594594593,,,,北控水务,C
00371,2014-07-15,DAILY_PULLBACK,0,0,1,0,0,66.66666666666666,0.751269558281136,0.9243243243243242,,,,北控水务,C
00371,2014-07-16,DAILY_PULLBACK,0,0,1,0,0,66.66666666666666,0.784183554535556,0.9324324324324325,,,,北控水务,C
00371,2014-07-17,DAILY_PULLBACK,0,0,1,0,0,66.66666666666666,1.3016209507006837,0.9432432432432433,,,,北控水务,C
00371,2014-07-18,DAILY_PULLBACK,0,0,1,0,0,66.66666666666666,0.6194326218060676,0.9378378378378378,,,,北控水务,C
00371,2014-07-21,DAILY_NEUTRAL,0,0,0,0,0,33.33333333333333,0.4896893077603037,0.9351351351351351,,,,北控水务,C
00371,2014-07-22,DAILY_NEUTRAL,0,0,0,0,0,33.33333333333333,1.6984445008940219,0.9324324324324325,,,,北控水务,C
00371,2014-07-23,DAILY_NEUTRAL,0,0,0,0,0,0.0,1.6807445142733506,0.908108108108108,,,,北控水务,C
00371,2014-07-24,DAILY_NEUTRAL,0,0,0,0,0,0.0,1.3810371837975408,0.9108108108108108,,,,北控水务,C
00371,2014-07-25,DAILY_NEUTRAL,0,0,0,0,0,0.0,1.8070508195433517,0.9,,,,北控水务,C
00371,2014-07-28,DAILY_NEUTRAL,0,0,0,0,0,0.0,1.304187938478593,0.9,,,,北控水务,C
00371,2014-07-29,DAILY_NEUTRAL,0,0,0,0,0,0.0,1.5478904475406297,0.9189189189189189,,,,北控水务,C
00371,2014-07-30,DAILY_NEUTRAL,0,0,0,0,0,0.0,1.6715945266393566,0.9135135135135134,,,,北控水务,C
00371,2014-07-31,DAILY_NEUTRAL,0,0,0,0,0,0.0,1.139774663724406,0.8891891891891892,,,,北控水务,C
00371,2014-08-01,DAILY_NEUTRAL,0,0,0,0,0,0.0,0.3820184100955653,0.8864864864864864,,,,北控水务,C
00371,2014-08-04,DAILY_NEUTRAL,0,0,0,0,0,0.0,0.6500825251674849,0.8783783783783783,,,,北控水务,C
00371,2014-08-05,DAILY_NEUTRAL,0,0,0,0,0,0.0,0.8127223415397834,0.8729729729729729,,,,北控水务,C
00371,2014-08-06,DAILY_NEUTRAL,0,0,0,0,0,0.0,1.0774995211491742,0.8812154696132596,,,,北控水务,C
00371,2014-08-07,DAILY_NEUTRAL,0,0,0,0,0,0.0,0.8366117443064229,0.8729281767955801,,,,北控水务,C
00371,2014-08-08,DAILY_NEUTRAL,0,0,0,0,0,0.0,0.6857799639909792,0.8867403314917127,,,,北控水务,C
00371,2014-08-11,DAILY_NEUTRAL,0,0,0,0,0,33.33333333333333,1.6682024170317042,0.9497206703910615,,,,北控水务,C
00371,2014-08-12,DAILY_NEUTRAL,0,0,0,0,0,66.66666666666666,0.9037814991699034,0.9804469273743016,,,,北控水务,C
00371,2014-08-13,DAILY_NEUTRAL,0,0,0,0,0,66.66666666666666,0.9626230475650573,0.994413407821229,,,,北控水务,C
00371,2014-08-14,DAILY_NEUTRAL,0,0,0,0,0,66.66666666666666,0.5721557029962394,0.9664804469273742,,,,北控水务,C
00371,2014-08-15,DAILY_NEUTRAL,0,0,0,0,0,66.66666666666666,0.5688324679477909,0.9664804469273742,,,,北控水务,C
00371,2014-08-18,DAILY_PULLBACK,0,0,1,0,0,100.0,0.4119069093112984,0.9608938547486033,,,,北控水务,C
00371,2014-08-19,DAILY_NEUTRAL,0,0,0,0,0,100.0,0.549128695274955,0.9804469273743016,,,,北控水务,C
00371,2014-08-20,DAILY_NEUTRAL,0,0,0,0,0,100.0,0.794734592616119,0.994413407821229,,,,北控水务,C
00371,2014-08-21,DAILY_PULLBACK,0,0,1,0,0,100.0,4.559677492900608,0.9636871508379888,,,,北控水务,C
00371,2014-08-22,DAILY_PULLBACK,0,0,1,0,0,66.66666666666666,1.2923724774844796,0.958100558659218,,,,北控水务,C
00371,2014-08-25,DAILY_NEUTRAL,0,0,0,0,0,100.0,1.5420325108824302,0.9860335195530725,,,,北控水务,C
00371,2014-08-26,DAILY_NEUTRAL,0,0,0,0,0,100.0,1.4376613280932626,1.0083798882681563,,,,北控水务,C
00371,2014-08-27,DAILY_NEUTRAL,0,0,0,0,0,100.0,0.8417805148010779,0.9862258953168045,,,,北控水务,C
00371,2014-08-28,DAILY_NEUTRAL,0,0,0,0,0,100.0,0.8244719621774165,0.9672131147540983,,,,北控水务,C
00371,2014-08-29,DAILY_PULLBACK,0,0,1,0,0,100.0,0.9194086844135786,0.9590163934426229,,,,北控水务,C
00371,2014-09-01,DAILY_PULLBACK,0,0,1,0,0,100.0,0.4864488356628124,0.9617486338797814,,,,北控水务,C
00371,2014-09-02,DAILY_NEUTRAL,0,0,0,0,0,100.0,0.5932990674914652,0.9754098360655737,,,,北控水务,C
00371,2014-09-03,DAILY_NEUTRAL,0,0,0,0,0,100.0,1.351122247596452,0.9918032786885245,,,,北控水务,C
00371,2014-09-04,DAILY_DISTRIBUTION,0,1,0,0,0,100.0,2.565418967241752,0.9890710382513661,,,,北控水务,C
00371,2014-09-05,DAILY_NEUTRAL,0,0,0,0,0,100.0,1.0449334512794508,0.9765013054830287,,,,北控水务,C
00371,2014-09-08,DAILY_NEUTRAL,0,0,0,0,0,100.0,0.6731094391617887,0.9843342036553525,,,,北控水务,C
00371,2014-09-10,DAILY_NEUTRAL,0,0,0,0,0,100.0,0.5616733207281297,0.97911227154047,,,,北控水务,C
00371,2014-09-11,DAILY_NEUTRAL,0,0,0,0,0,100.0,0.9288515372053086,0.9973890339425587,,,,北控水务,C
00371,2014-09-12,DAILY_NEUTRAL,0,0,0,0,0,100.0,0.9776373280332948,0.9922077922077921,,,,北控水务,C
00371,2014-09-15,DAILY_PULLBACK,0,0,1,0,0,100.0,0.44687621153906243,0.9714285714285714,,,,北控水务,C
00371,2014-09-16,DAILY_PULLBACK,0,0,1,0,0,100.0,0.7730886527435565,0.9428571428571428,,,,北控水务,C
00371,2014-09-17,DAILY_PULLBACK,0,0,1,0,0,100.0,0.7528905119404546,0.9584415584415584,,,,北控水务,C
00371,2014-09-18,DAILY_PULLBACK,0,0,1,0,0,66.66666666666666,1.2475048614204387,0.9714285714285714,,,,北控水务,C
00371,2014-09-19,DAILY_PULLBACK,0,0,1,0,0,66.66666666666666,2.034050881153889,0.9714285714285714,,,,北控水务,C
00371,2014-09-22,DAILY_NEUTRAL,0,0,0,0,0,33.33333333333333,1.3180936983383866,0.9376623376623376,,,,北控水务,C
00371,2014-09-23,DAILY_NEUTRAL,0,0,0,0,0,33.33333333333333,0.749564492526282,0.9194805194805195,,,,北控水务,C
00371,2014-09-24,DAILY_NEUTRAL,0,0,0,0,0,33.33333333333333,0.9830113128001077,0.9402597402597402,,,,北控水务,C
00371,2014-09-25,DAILY_PULLBACK,0,0,1,0,0,66.66666666666666,0.4079113958364754,0.9532467532467532,,,,北控水务,C
00371,2014-09-26,DAILY_NEUTRAL,0,0,0,0,0,0.0,0.7145115065986097,0.9142857142857143,,,,北控水务,C
00371,2014-09-29,DAILY_NEUTRAL,0,0,0,0,0,0.0,1.365325318775523,0.9142857142857143,,,,北控水务,C
00371,2014-09-30,DAILY_NEUTRAL,0,0,0,0,0,0.0,1.9378318882442618,0.9116883116883117,,,,北控水务,C
00371,2014-10-03,DAILY_NEUTRAL,0,0,0,0,0,0.0,1.044889310343625,0.8727272727272727,,,,北控水务,C
00371,2014-10-06,DAILY_NEUTRAL,0,0,0,0,0,0.0,0.8080770080321169,0.8961038961038962,,,,北控水务,C
00371,2014-10-07,DAILY_NEUTRAL,0,0,0,0,0,0.0,1.0461421407532905,0.9272727272727272,,,,北控水务,C
00371,2014-10-08,DAILY_NEUTRAL,0,0,0,0,0,0.0,0.7598763451033139,0.9428571428571428,,,,北控水务,C
00371,2014-10-09,DAILY_NEUTRAL,0,0,0,0,0,33.33333333333333,0.930680867884681,0.948051948051948,,,,北控水务,C
00371,2014-10-10,DAILY_NEUTRAL,0,0,0,0,0,33.33333333333333,1.1561951890641784,0.9064935064935066,,,,北控水务,C
00371,2014-10-13,DAILY_NEUTRAL,0,0,0,0,0,33.33333333333333,0.7476203546080549,0.8883116883116883,,,,北控水务,C
00371,2014-10-14,DAILY_NEUTRAL,0,0,0,0,0,33.33333333333333,0.8228872877184802,0.8935064935064935,,,,北控水务,C
00371,2014-10-15,DAILY_NEUTRAL,0,0,0,0,0,33.33333333333333,0.8683778985383028,0.9240837696335078,,,,北控水务,C
00371,2014-10-16,DAILY_NEUTRAL,0,0,0,0,0,0.0,0.7494908572936642,0.9136125654450262,,,,北控水务,C
00371,2014-10-17,DAILY_NEUTRAL,0,0,0,0,0,0.0,0.5704833461739435,0.9081364829396326,,,,北控水务,C
00371,2014-10-20,DAILY_NEUTRAL,0,0,0,0,0,0.0,0.8670332327992847,0.9081364829396326,,,,北控水务,C
00371,2014-10-21,DAILY_NEUTRAL,0,0,0,0,0,33.33333333333333,0.7961410197493707,0.9442970822281167,,,,北控水务,C
00371,2014-10-22,DAILY_NEUTRAL,0,0,0,0,0,66.66666666666666,1.4619715413514272,0.9627659574468086,,,,北控水务,C
00371,2014-10-23,DAILY_NEUTRAL,0,0,0,0,0,66.66666666666666,0.7482551660631274,0.9652406417112298,,,,北控水务,C
00371,2014-10-24,DAILY_NEUTRAL,0,0,0,0,0,66.66666666666666,1.0553109050296294,0.9893048128342246,,,,北控水务,C
00371,2014-10-27,DAILY_NEUTRAL,0,0,0,0,0,100.0,0.8863212420656242,0.9893048128342246,,,,北控水务,C
00371,2014-10-28,DAILY_NEUTRAL,0,0,0,0,0,100.0,0.8582555843058711,0.9973333333333334,,,,北控水务,C
00371,2014-10-29,DAILY_DISTRIBUTION,0,1,0,0,0,100.0,1.4944679433026304,0.9946949602122016,,,,北控水务,C
00371,2014-10-30,DAILY_NEUTRAL,0,0,0,0,0,100.0,0.8641978114904326,0.9765625,,,,北控水务,C
00371,2014-10-31,DAILY_NEUTRAL,0,0,0,0,0,100.0,1.2389149475896668,0.9921875,,,,北控水务,C
00371,2014-11-03,DAILY_NEUTRAL,0,0,0,0,0,100.0,0.6214469065423265,0.9947916666666666,,,,北控水务,C
00371,2014-11-04,DAILY_PULLBACK,0,0,1,0,0,100.0,1.0232132147637951,0.9635416666666667,,,,北控水务,C
00371,2014-11-05,DAILY_PULLBACK,0,0,1,0,0,100.0,0.8281264413984397,0.9687500000000001,,,,北控水务,C
00371,2014-11-06,DAILY_PULLBACK,0,0,1,0,0,100.0,0.7093317123089872,0.9687500000000001,,,,北控水务,C
00371,2014-11-07,DAILY_PULLBACK,0,0,1,0,0,66.66666666666666,1.083805822006415,0.9713541666666667,,,,北控水务,C
00371,2014-11-10,DAILY_PULLBACK,0,0,1,0,0,66.66666666666666,1.5921031987223133,0.9557291666666666,,,,北控水务,C
00371,2014-11-11,DAILY_PULLBACK,0,0,1,0,0,33.33333333333333,1.0228131948216639,0.9531250000000001,,,,北控水务,C
00371,2014-11-12,DAILY_NEUTRAL,0,0,0,0,0,33.33333333333333,1.518853326914568,0.9531250000000001,,,,北控水务,C
00371,2014-11-13,DAILY_NEUTRAL,0,0,0,0,0,33.33333333333333,1.1064108103146195,0.9531250000000001,,,,北控水务,C
00371,2014-11-14,DAILY_PULLBACK,0,0,1,0,0,66.66666666666666,1.55644051323009,0.9609375,,,,北控水务,C
00371,2014-11-17,DAILY_NEUTRAL,0,0,0,0,0,0.0,0.45023980232287375,0.9583333333333334,,,,北控水务,C
00371,2014-11-18,DAILY_NEUTRAL,0,0,0,0,0,0.0,0.8845839669461643,0.9635416666666667,,,,北控水务,C
00371,2014-11-19,DAILY_NEUTRAL,0,0,0,0,0,0.0,1.0447913875272163,0.9635416666666667,,,,北控水务,C
00371,2014-11-20,DAILY_NEUTRAL,0,0,0,0,0,33.33333333333333,0.8339471966975527,0.9609375,,,,北控水务,C
00371,2014-11-21,DAILY_NEUTRAL,0,0,0,0,0,66.66666666666666,1.5184371388637197,0.9713541666666667,,,,北控水务,C
00371,2014-11-24,DAILY_NEUTRAL,0,0,0,0,0,66.66666666666666,1.9370252441785873,0.9869791666666667,,,,北控水务,C
00371,2014-11-25,DAILY_NEUTRAL,0,0,0,0,0,66.66666666666666,2.893872894355625,0.9689119170984457,,,,北控水务,C
00371,2014-11-26,DAILY_NEUTRAL,0,0,0,0,0,66.66666666666666,0.9830471832420217,0.9766839378238342,,,,北控水务,C
00371,2014-11-27,DAILY_NEUTRAL,0,0,0,0,0,66.66666666666666,0.9647626846779942,0.9507772020725389,,,,北控水务,C
00371,2014-11-28,DAILY_NEUTRAL,0,0,0,0,0,66.66666666666666,1.1873217687359978,0.9300518134715026,,,,北控水务,C
00371,2014-12-01,DAILY_NEUTRAL,0,0,0,0,0,0.0,0.8098022659214862,0.8911917098445596,,,,北控水务,C
00371,2014-12-02,DAILY_NEUTRAL,0,0,0,0,0,0.0,0.7129226963842996,0.9093264248704663,,,,北控水务,C
00371,2014-12-03,DAILY_NEUTRAL,0,0,0,0,0,0.0,0.973399277826156,0.9300518134715026,,,,北控水务,C
00371,2014-12-04,DAILY_NEUTRAL,0,0,0,0,0,0.0,1.2294751296342181,0.8989637305699483,,,,北控水务,C
00371,2014-12-05,DAILY_NEUTRAL,0,0,0,0,0,0.0,1.5406575748686948,0.844559585492228,,,,北控水务,C
00371,2014-12-08,DAILY_NEUTRAL,0,0,0,0,0,0.0,2.5641767754631424,0.7642487046632125,,,,北控水务,C
00371,2014-12-09,DAILY_NEUTRAL,0,0,0,0,0,0.0,2.145401955872125,0.7435233160621763,,,,北控水务,C
00371,2014-12-10,DAILY_NEUTRAL,0,0,0,0,0,0.0,1.3157791015401878,0.854922279792746,,,,北控水务,C
00371,2014-12-11,DAILY_NEUTRAL,0,0,0,0,0,0.0,1.19096734784428,0.9145077720207254,,,,北控水务,C
00371,2014-12-12,DAILY_NEUTRAL,0,0,0,0,0,33.33333333333333,0.6510427882226687,0.9196891191709844,,,,北控水务,C
00371,2014-12-15,DAILY_NEUTRAL,0,0,0,0,0,66.66666666666666,0.3631227220531213,0.9378238341968913,,,,北控水务,C
00371,2014-12-16,DAILY_NEUTRAL,0,0,0,0,0,33.33333333333333,0.41938599630673024,0.9093264248704663,,,,北控水务,C
00371,2014-12-17,DAILY_NEUTRAL,0,0,0,0,0,33.33333333333333,0.5076311998179256,0.8601036269430051,,,,北控水务,C
00371,2014-12-18,DAILY_NEUTRAL,0,0,0,0,0,33.33333333333333,0.3273269817451263,0.8782383419689119,,,,北控水务,C
00371,2014-12-19,DAILY_NEUTRAL,0,0,0,0,0,33.33333333333333,0.8212350802535836,0.8678756476683939,,,,北控水务,C
00371,2014-12-22,DAILY_NEUTRAL,0,0,0,0,0,66.66666666666666,0.9493218543024288,0.8989637305699483,,,,北控水务,C
00371,2014-12-23,DAILY_PULLBACK,0,0,1,0,0,66.66666666666666,0.5730320322771744,0.890909090909091,,,,北控水务,C
00371,2014-12-24,DAILY_PULLBACK,0,0,1,0,0,66.66666666666666,0.7928072658874079,0.9090909090909091,,,,北控水务,C
00371,2014-12-29,DAILY_PULLBACK,0,0,1,0,0,66.66666666666666,0.734895337890922,0.9388297872340425,,,,北控水务,C
00371,2014-12-30,DAILY_NEUTRAL,0,0,0,0,0,100.0,0.8230649383857793,0.9414893617021277,,,,北控水务,C
00371,2014-12-31,DAILY_NEUTRAL,0,0,0,0,0,100.0,0.5018461389984256,0.9441489361702128,,,,北控水务,C
00371,2015-01-02,DAILY_NEUTRAL,0,0,0,0,0,100.0,1.1865412140544436,0.946808510638298,,,,北控水务,C
00371,2015-01-05,DAILY_PULLBACK,0,0,1,0,0,100.0,1.2073261106680746,0.9361702127659575,,,,北控水务,C
00371,2015-01-06,DAILY_PULLBACK,0,0,1,0,0,100.0,0.781735517537237,0.922872340425532,,,,北控水务,C
00371,2015-01-07,DAILY_PULLBACK,0,0,1,0,0,100.0,0.5957772205279463,0.9380053908355795,,,,北控水务,C
00371,2015-01-08,DAILY_NEUTRAL,0,0,0,0,0,100.0,1.268071324870089,0.9514824797843665,,,,北控水务,C
00371,2015-01-09,DAILY_PULLBACK,0,0,1,0,0,66.66666666666666,1.9877127154477787,0.9784366576819407,,,,北控水务,C
00371,2015-01-12,DAILY_PULLBACK,0,0,1,0,0,66.66666666666666,0.5798883057652002,0.9487870619946092,,,,北控水务,C
00371,2015-01-13,DAILY_NEUTRAL,0,0,0,0,0,100.0,1.1922097789168224,0.9730458221024259,,,,北控水务,C
00371,2015-01-14,DAILY_PULLBACK,0,0,1,0,0,100.0,0.863319384498997,0.9595687331536389,,,,北控水务,C
00371,2015-01-15,DAILY_NEUTRAL,0,0,0,0,0,100.0,1.2465214529459114,0.9784366576819407,,,,北控水务,C
00371,2015-01-16,DAILY_NEUTRAL,0,0,0,0,0,100.0,0.8631834949706042,0.967654986522911,,,,北控水务,C
00371,2015-01-19,DAILY_NEUTRAL,0,0,0,0,0,66.66666666666666,1.5010337125147353,0.921832884097035,,,,北控水务,C
00371,2015-01-20,DAILY_NEUTRAL,0,0,0,0,0,33.33333333333333,2.1458438340034,0.9029649595687332,,,,北控水务,C
00371,2015-01-21,DAILY_NEUTRAL,0,0,0,0,0,33.33333333333333,1.118470332394543,0.9164420485175202,,,,北控水务,C
00371,2015-01-22,DAILY_NEUTRAL,0,0,0,0,0,0.0,1.3099981151512652,0.9180327868852458,,,,北控水务,C
00371,2015-01-23,DAILY_NEUTRAL,0,0,0,0,0,0.0,0.8469119154659479,0.9316939890710383,,,,北控水务,C
00371,2015-01-26,DAILY_NEUTRAL,0,0,0,0,0,0.0,0.4875608926358961,0.9316939890710383,,,,北控水务,C
00371,2015-01-27,DAILY_NEUTRAL,0,0,0,0,0,0.0,1.232694316943308,0.9426229508196722,,,,北控水务,C
00371,2015-01-28,DAILY_NEUTRAL,0,0,0,0,0,0.0,1.3594780371575828,0.9480874316939891,,,,北控水务,C
00371,2015-01-29,DAILY_NEUTRAL,0,0,0,0,0,0.0,0.8565087761030129,0.9207650273224044,,,,北控水务,C
00371,2015-01-30,DAILY_NEUTRAL,0,0,0,0,0,33.33333333333333,0.9973799759083141,0.9262295081967213,,,,北控水务,C
00371,2015-02-02,DAILY_NEUTRAL,0,0,0,0,0,33.33333333333333,0.9700368214343678,0.8989071038251366,,,,北控水务,C
00371,2015-02-03,DAILY_NEUTRAL,0,0,0,0,0,0.0,2.101025617533454,0.8579234972677595,,,,北控水务,C
00371,2015-02-04,DAILY_NEUTRAL,0,0,0,0,0,0.0,7.457682513410808,0.7595628415300546,,,,北控水务,C
00371,2015-02-05,DAILY_NEUTRAL,0,0,0,0,0,0.0,3.093296401483424,0.7131147540983606,,,,北控水务,C
00371,2015-02-06,DAILY_NEUTRAL,0,0,0,0,0,0.0,0.6832463465703484,0.7486338797814208,,,,北控水务,C
00371,2015-02-09,DAILY_NEUTRAL,0,0,0,0,0,0.0,0.3384942926341585,0.7431693989071039,,,,北控水务,C
00371,2015-02-10,DAILY_NEUTRAL,0,0,0,0,0,0.0,0.3561291910885119,0.7424657534246576,,,,北控水务,C
00371,2015-02-11,DAILY_NEUTRAL,0,0,0,0,0,0.0,0.487388167154615,0.6958904109589041,,,,北控水务,C
00371,2015-02-12,DAILY_NEUTRAL,0,0,0,0,0,0.0,0.596942412819947,0.7287671232876712,,,,北控水务,C
00371,2015-02-13,DAILY_NEUTRAL,0,0,0,0,0,0.0,0.6617845886022881,0.7452054794520548,,,,北控水务,C
00371,2015-02-16,DAILY_NEUTRAL,0,0,0,0,0,0.0,0.7162946833995297,0.7883008356545962,,,,北控水务,C
00371,2015-02-17,DAILY_NEUTRAL,0,0,0,0,0,0.0,0.49299778795822374,0.7903682719546743,,,,北控水务,C
00371,2015-02-18,DAILY_NEUTRAL,0,0,0,0,0,33.33333333333333,0.10919256346989213,0.7847025495750709,,,,北控水务,C
00371,2015-02-23,DAILY_NEUTRAL,0,0,0,0,0,33.33333333333333,0.8482011507927987,0.7847025495750709,,,,北控水务,C
00371,2015-02-24,DAILY_NEUTRAL,0,0,0,0,0,33.33333333333333,0.5551791706549901,0.7818696883852692,,,,北控水务,C
00371,2015-02-25,DAILY_NEUTRAL,0,0,0,0,0,66.66666666666666,2.910132409458024,0.8498583569405099,,,,北控水务,C
00371,2015-02-26,DAILY_NEUTRAL,0,0,0,0,0,66.66666666666666,3.0529326063559785,0.8838526912181304,,,,北控水务,C
00371,2015-02-27,DAILY_NEUTRAL,0,0,0,0,0,66.66666666666666,0.6861177463912214,0.8725212464589236,,,,北控水务,C
00371,2015-03-02,DAILY_NEUTRAL,0,0,0,0,0,100.0,1.5179112702386222,0.9534883720930232,,,,北控水务,C
00371,2015-03-03,DAILY_NEUTRAL,0,0,0,0,0,100.0,1.4279356042891294,0.9416909620991253,,,,北控水务,C
00371,2015-03-04,DAILY_PULLBACK,0,0,1,0,0,100.0,0.5302910297012555,0.9237536656891495,,,,北控水务,C
00371,2015-03-05,DAILY_PULLBACK,0,0,1,0,0,100.0,0.5516718335223443,0.9325513196480939,,,,北控水务,C
00371,2015-03-06,DAILY_NEUTRAL,0,0,0,0,0,100.0,0.9364496905145404,0.9736070381231671,,,,北控水务,C
00371,2015-03-09,DAILY_NEUTRAL,0,0,0,0,0,100.0,0.523705963442327,0.9589442815249266,,,,北控水务,C
00371,2015-03-10,DAILY_PULLBACK,0,0,1,0,0,100.0,0.7465154842506591,0.906158357771261,,,,北控水务,C
00371,2015-03-11,DAILY_PULLBACK,0,0,1,0,0,66.66666666666666,0.8883124308155435,0.873900293255132,,,,北控水务,C
00371,2015-03-12,DAILY_NEUTRAL,0,0,0,0,0,33.33333333333333,0.8096009905676965,0.8563049853372433,,,,北控水务,C
00371,2015-03-13,DAILY_NEUTRAL,0,0,0,0,0,33.33333333333333,0.929874546379129,0.8651026392961877,,,,北控水务,C
00371,2015-03-16,DAILY_NEUTRAL,0,0,0,0,0,33.33333333333333,1.0163898096313342,0.8768328445747801,,,,北控水务,C
00371,2015-03-17,DAILY_NEUTRAL,0,0,0,0,0,33.33333333333333,0.823837676409867,0.8856304985337243,,,,北控水务,C
00371,2015-03-18,DAILY_NEUTRAL,0,0,0,0,0,33.33333333333333,0.7895140382854707,0.8885630498533723,,,,北控水务,C
00371,2015-03-19,DAILY_PULLBACK,0,0,1,0,0,66.66666666666666,1.128131467789983,0.8973607038123167,,,,北控水务,C
00371,2015-03-20,DAILY_NEUTRAL,0,0,0,0,0,66.66666666666666,1.1575399668337831,0.9208211143695014,,,,北控水务,C
00371,2015-03-23,DAILY_NEUTRAL,0,0,0,0,0,66.66666666666666,0.8699144156640296,0.9266862170087976,,,,北控水务,C
00371,2015-03-24,DAILY_NEUTRAL,0,0,0,0,0,66.66666666666666,0.45708275267817244,0.9237536656891495,,,,北控水务,C
00371,2015-03-25,DAILY_NEUTRAL,0,0,0,0,0,66.66666666666666,1.0193412123258432,0.9442815249266863,,,,北控水务,C
00371,2015-03-26,DAILY_NEUTRAL,0,0,0,0,0,66.66666666666666,0.9894481363057832,0.9501466275659824,,,,北控水务,C
00371,2015-03-27,DAILY_NEUTRAL,0,0,0,0,0,66.66666666666666,0.6050154003142337,0.9384164222873901,,,,北控水务,C
00371,2015-03-30,DAILY_NEUTRAL,0,0,0,0,0,100.0,2.913499425206315,0.9853372434017594,,,,北控水务,C
00371,2015-03-31,DAILY_BREAKOUT,1,0,0,0,0,100.0,5.184193462731111,1.0381231671554252,,,,北控水务,C
00371,2015-04-01,DAILY_NEUTRAL,0,0,0,0,0,100.0,1.3725923572584422,0.9680851063829788,,,,北控水务,C
00371,2015-04-02,DAILY_NEUTRAL,0,0,0,0,0,100.0,1.539898451916716,0.9946808510638299,,,,北控水务,C
00371,2015-04-08,DAILY_BREAKOUT,1,0,0,0,0,100.0,2.3874675903205715,1.1811023622047243,,,,北控水务,C
00371,2015-04-09,DAILY_NEUTRAL,0,0,0,0,0,100.0,1.4780920728772617,1.0376940133037693,,,,北控水务,C
00371,2015-04-10,DAILY_NEUTRAL,0,0,0,0,0,100.0,0.7093925807432719,0.8988326848249028,,,,北控水务,C
00371,2015-04-13,DAILY_NEUTRAL,0,0,0,0,0,100.0,0.5695758763276272,0.933852140077821,,,,北控水务,C
00371,2015-04-14,DAILY_PULLBACK,0,0,1,0,0,100.0,0.5507734495087253,0.8424124513618678,,,,北控水务,C
00371,2015-04-15,DAILY_PULLBACK,0,0,1,0,0,100.0,0.6263192261505178,0.8287937743190662,,,,北控水务,C
00371,2015-04-16,DAILY_NEUTRAL,0,0,0,0,0,100.0,1.4532047344447965,0.9494163424124514,,,,北控水务,C
00371,2015-04-17,DAILY_BREAKOUT,1,0,0,0,0,100.0,2.365267866100716,1.046692607003891,,,,北控水务,C
00371,2015-04-20,DAILY_NEUTRAL,0,0,0,0,0,100.0,1.241565135442183,0.911190053285968,,,,北控水务,C
00371,2015-04-21,DAILY_NEUTRAL,0,0,0,0,0,100.0,0.6130974898230201,0.9431616341030195,,,,北控水务,C
00371,2015-04-22,DAILY_NEUTRAL,0,0,0,0,0,100.0,0.6371143127910044,0.9484902309058615,,,,北控水务,C
00371,2015-04-23,DAILY_NEUTRAL,0,0,0,0,0,100.0,0.489178256586039,0.9520426287744228,,,,北控水务,C
00371,2015-04-24,DAILY_PULLBACK,0,0,1,0,0,100.0,0.4050288755943515,0.9236234458259326,,,,北控水务,C
00371,2015-04-27,DAILY_PULLBACK,0,0,1,0,0,100.0,0.5478923943384595,0.9325044404973357,,,,北控水务,C
00371,2015-04-28,DAILY_PULLBACK,0,0,1,0,0,100.0,0.6713784895353555,0.9076376554174068,,,,北控水务,C
00371,2015-04-29,DAILY_PULLBACK,0,0,1,0,0,100.0,0.8322004609677353,0.9200710479573712,,,,北控水务,C
00371,2015-04-30,DAILY_PULLBACK,0,0,1,0,0,66.66666666666666,0.9340123328416893,0.8827708703374778,,,,北控水务,C
00371,2015-05-04,DAILY_PULLBACK,0,0,1,0,0,66.66666666666666,0.6966229844572873,0.8969804618117229,,,,北控水务,C
00371,2015-05-05,DAILY_NEUTRAL,0,0,0,0,0,33.33333333333333,0.9415520267832533,0.8525754884547069,,,,北控水务,C
00371,2015-05-06,DAILY_NEUTRAL,0,0,0,0,0,33.33333333333333,1.0394683965940572,0.8134991119005329,,,,北控水务,C
00371,2015-05-07,DAILY_NEUTRAL,0,0,0,0,0,33.33333333333333,0.9865629389208104,0.7975133214920072,,,,北控水务,C
00371,2015-05-08,DAILY_NEUTRAL,0,0,0,0,0,33.33333333333333,1.2107405061576322,0.8543516873889875,,,,北控水务,C
00371,2015-05-11,DAILY_NEUTRAL,0,0,0,0,0,33.33333333333333,0.8070043333799288,0.9005328596802843,,,,北控水务,C
00371,2015-05-12,DAILY_NEUTRAL,0,0,0,0,0,0.0,0.5344165861683355,0.8614564831261101,,,,北控水务,C
00371,2015-05-13,DAILY_NEUTRAL,0,0,0,0,0,0.0,0.526566711418456,0.8561278863232683,,,,北控水务,C
00371,2015-05-14,DAILY_NEUTRAL,0,0,0,0,0,33.33333333333333,0.5611689597302592,0.8401420959147425,,,,北控水务,C
00371,2015-05-15,DAILY_NEUTRAL,0,0,0,0,0,33.33333333333333,0.7264936701189748,0.847246891651865,,,,北控水务,C
00371,2015-05-18,DAILY_NEUTRAL,0,0,0,0,0,33.33333333333333,0.8229449768620495,0.866785079928952,,,,北控水务,C
00371,2015-05-19,DAILY_NEUTRAL,0,0,0,0,0,33.33333333333333,1.5012853989255113,0.8553571428571429,,,,北控水务,C
00371,2015-05-20,DAILY_NEUTRAL,0,0,0,0,0,0.0,0.9444362150213899,0.867857142857143,,,,北控水务,C
00371,2015-05-21,DAILY_NEUTRAL,0,0,0,0,0,0.0,1.2644013745931773,0.8571428571428572,,,,北控水务,C
00371,2015-05-22,DAILY_NEUTRAL,0,0,0,0,0,0.0,0.9032992999862137,0.8517857142857143,,,,北控水务,C
00371,2015-05-26,DAILY_NEUTRAL,0,0,0,0,0,66.66666666666666,1.9884484536982048,0.9440298507462686,,,,北控水务,C
00371,2015-05-27,DAILY_NEUTRAL,0,0,0,0,0,66.66666666666666,1.447294000976263,0.9435028248587571,,,,北控水务,C
00371,2015-05-28,DAILY_NEUTRAL,0,0,0,0,0,66.66666666666666,1.154653405153109,0.9356060606060607,,,,北控水务,C
00371,2015-05-29,DAILY_PULLBACK,0,0,1,0,0,100.0,1.321663373077607,0.9204545454545455,,,,北控水务,C
00371,2015-06-01,DAILY_PULLBACK,0,0,1,0,0,100.0,0.45796239903915037,0.9418604651162791,,,,北控水务,C
00371,2015-06-02,DAILY_NEUTRAL,0,0,0,0,0,66.66666666666666,0.48901687830766166,0.9321705426356588,,,,北控水务,C
00371,2015-06-03,DAILY_PULLBACK,0,0,1,0,0,66.66666666666666,0.5623985815366258,0.9437984496124031,,,,北控水务,C
00371,2015-06-04,DAILY_NEUTRAL,0,0,0,0,0,33.33333333333333,0.9574210414308124,0.9341085271317829,,,,北控水务,C
00371,2015-06-05,DAILY_PULLBACK,0,0,1,0,0,66.66666666666666,1.0862219423108175,0.9515503875968992,,,,北控水务,C
00371,2015-06-08,DAILY_NEUTRAL,0,0,0,0,0,33.33333333333333,0.6530614196528602,0.9166666666666667,,,,北控水务,C
00371,2015-06-09,DAILY_NEUTRAL,0,0,0,0,0,33.33333333333333,1.5589160359514838,0.8953488372093024,,,,北控水务,C
00371,2015-06-10,DAILY_NEUTRAL,0,0,0,0,0,0.0,0.7895155317530527,0.8798449612403101,,,,北控水务,C
00371,2015-06-11,DAILY_NEUTRAL,0,0,0,0,0,0.0,0.537202639166904,0.883720930232558,,,,北控水务,C
00371,2015-06-12,DAILY_NEUTRAL,0,0,0,0,0,0.0,0.9825073262833734,0.9205426356589147,,,,北控水务,C
00371,2015-06-15,DAILY_NEUTRAL,0,0,0,0,0,0.0,1.1350605228207524,0.9224806201550387,,,,北控水务,C
00371,2015-06-16,DAILY_NEUTRAL,0,0,0,0,0,0.0,0.683440267842358,0.8740310077519379,,,,北控水务,C
00371,2015-06-17,DAILY_NEUTRAL,0,0,0,0,0,0.0,1.3276633012454253,0.8953488372093024,,,,北控水务,C
00371,2015-06-18,DAILY_NEUTRAL,0,0,0,0,0,0.0,0.7637730059628988,0.9108527131782946,,,,北控水务,C
00371,2015-06-19,DAILY_NEUTRAL,0,0,0,0,0,0.0,1.5291313001166345,0.8565891472868217,,,,北控水务,C
00371,2015-06-22,DAILY_NEUTRAL,0,0,0,0,0,0.0,0.8699405831483022,0.8856589147286822,,,,北控水务,C
00371,2015-06-23,DAILY_NEUTRAL,0,0,0,0,0,33.33333333333333,1.143167228898986,0.9244186046511627,,,,北控水务,C
00371,2015-06-24,DAILY_NEUTRAL,0,0,0,0,0,66.66666666666666,2.136214247696613,0.9766536964980544,,,,北控水务,C
00371,2015-06-25,DAILY_NEUTRAL,0,0,0,0,0,66.66666666666666,1.0505250884865864,0.9844357976653696,,,,北控水务,C
00371,2015-06-26,DAILY_NEUTRAL,0,0,0,0,0,66.66666666666666,1.213384493933234,0.9513618677042801,,,,北控水务,C
00371,2015-06-29,DAILY_NEUTRAL,0,0,0,0,0,33.33333333333333,2.199841406653377,0.8852140077821012,,,,北控水务,C
00371,2015-06-30,DAILY_NEUTRAL,0,0,0,0,0,66.66666666666666,1.0017491699765757,0.9085603112840467,,,,北控水务,C
00371,2015-07-02,DAILY_NEUTRAL,0,0,0,0,0,66.66666666666666,0.6888476738682106,0.9124513618677044,,,,北控水务,C
00371,2015-07-03,DAILY_NEUTRAL,0,0,0,0,0,33.33333333333333,0.7518392984694701,0.8813229571984437,,,,北控水务,C
00371,2015-07-06,DAILY_NEUTRAL,0,0,0,0,0,33.33333333333333,2.0757638166449848,0.7801556420233463,,,,北控水务,C
00371,2015-07-07,DAILY_NEUTRAL,0,0,0,0,0,0.0,1.4875301445049458,0.6926070038910507,,,,北控水务,C
00371,2015-07-08,DAILY_NEUTRAL,0,0,0,0,0,0.0,2.632278030286968,0.6848249027237354,,,,北控水务,C
00371,2015-07-09,DAILY_NEUTRAL,0,0,0,0,0,0.0,1.0219028685258122,0.8054474708171206,,,,北控水务,C
00371,2015-07-10,DAILY_NEUTRAL,0,0,0,0,0,0.0,0.48840191201856503,0.82295719844358,,,,北控水务,C
00371,2015-07-13,DAILY_NEUTRAL,0,0,0,0,0,0.0,0.24490712571157397,0.8210116731517509,,,,北控水务,C
00371,2015-07-14,DAILY_NEUTRAL,0,0,0,0,0,0.0,0.5128539321701487,0.8424124513618678,,,,北控水务,C
00371,2015-07-15,DAILY_NEUTRAL,0,0,0,0,0,33.33333333333333,0.33335551624755466,0.8054474708171206,,,,北控水务,C
00371,2015-07-16,DAILY_NEUTRAL,0,0,0,0,0,33.33333333333333,0.7439912604009847,0.8307392996108949,,,,北控水务,C
00371,2015-07-17,DAILY_NEUTRAL,0,0,0,0,0,66.66666666666666,1.3297705263373465,0.867704280155642,,,,北控水务,C
00371,2015-07-20,DAILY_NEUTRAL,0,0,0,0,0,66.66666666666666,1.8104276140904467,0.8715953307392997,,,,北控水务,C
00371,2015-07-21,DAILY_NEUTRAL,0,0,0,0,0,66.66666666666666,0.85031584246979,0.8560311284046693,,,,北控水务,C
00371,2015-07-22,DAILY_NEUTRAL,0,0,0,0,0,33.33333333333333,0.637770395360966,0.82295719844358,,,,北控水务,C
00371,2015-07-23,DAILY_NEUTRAL,0,0,0,0,0,33.33333333333333,0.38863420725761466,0.8385214007782101,,,,北控水务,C
00371,2015-07-24,DAILY_PULLBACK,0,0,1,0,0,100.0,0.5280133122354602,0.8424124513618678,,,,北控水务,C
00371,2015-07-27,DAILY_NEUTRAL,0,0,0,0,0,33.33333333333333,1.1384335545095563,0.7944664031620553,,,,北控水务,C
00371,2015-07-28,DAILY_NEUTRAL,0,0,0,0,0,33.33333333333333,1.5759395136351573,0.8116232464929859,,,,北控水务,C
00371,2015-07-29,DAILY_NEUTRAL,0,0,0,0,0,33.33333333333333,0.6664731963709025,0.8514644351464435,,,,北控水务,C
00371,2015-07-30,DAILY_NEUTRAL,0,0,0,0,0,33.33333333333333,0.6606373673186731,0.8284518828451882,,,,北控水务,C
00371,2015-07-31,DAILY_NEUTRAL,0,0,0,0,0,33.33333333333333,0.3831198667920347,0.870488322717622,,,,北控水务,C
00371,2015-08-03,DAILY_NEUTRAL,0,0,0,0,0,33.33333333333333,0.6346378362973912,0.8486140724946695,,,,北控水务,C
00371,2015-08-04,DAILY_NEUTRAL,0,0,0,0,0,0.0,0.7791615971170612,0.8908685968819599,,,,北控水务,C
00371,2015-08-05,DAILY_NEUTRAL,0,0,0,0,0,0.0,0.8339083823091334,0.9064587973273942,,,,北控水务,C
00371,2015-08-06,DAILY_NEUTRAL,0,0,0,0,0,0.0,1.1586696375879888,0.9287305122494431,,,,北控水务,C
00371,2015-08-07,DAILY_NEUTRAL,0,0,0,0,0,0.0,1.6481051094256378,0.8841870824053452,,,,北控水务,C
00371,2015-08-10,DAILY_NEUTRAL,0,0,0,0,0,33.33333333333333,0.9299016702009365,0.9042316258351892,,,,北控水务,C
00371,2015-08-11,DAILY_NEUTRAL,0,0,0,0,0,33.33333333333333,3.098499922281678,0.9198218262806236,,,,北控水务,C
00371,2015-08-12,DAILY_NEUTRAL,0,0,0,0,0,33.33333333333333,2.614802777220807,0.8552338530066814,,,,北控水务,C
00371,2015-08-13,DAILY_NEUTRAL,0,0,0,0,0,0.0,1.1345433496945407,0.8596881959910913,,,,北控水务,C
00371,2015-08-14,DAILY_NEUTRAL,0,0,0,0,0,0.0,0.429095188077838,0.8552338530066814,,,,北控水务,C
00371,2015-08-17,DAILY_NEUTRAL,0,0,0,0,0,0.0,1.3553202113288811,0.8169642857142857,,,,北控水务,C
00371,2015-08-18,DAILY_NEUTRAL,0,0,0,0,0,0.0,0.5148949686970046,0.8143176733780761,,,,北控水务,C
00371,2015-08-19,DAILY_NEUTRAL,0,0,0,0,0,0.0,1.5054137248490798,0.8013698630136986,,,,北控水务,C
00371,2015-08-20,DAILY_NEUTRAL,0,0,0,0,0,0.0,1.3768902834193903,0.7831050228310503,,,,北控水务,C
00371,2015-08-21,DAILY_NEUTRAL,0,0,0,0,0,0.0,0.9031873303036313,0.7922374429223745,,,,北控水务,C
00371,2015-08-24,DAILY_NEUTRAL,0,0,0,0,0,0.0,1.3924480164987847,0.772093023255814,,,,北控水务,C
00371,2015-08-25,DAILY_NEUTRAL,0,0,0,0,0,0.0,1.186324985729979,0.7930232558139536,,,,北控水务,C
00371,2015-08-26,DAILY_NEUTRAL,0,0,0,0,0,0.0,0.9211815568511574,0.7837209302325582,,,,北控水务,C
00371,2015-08-27,DAILY_NEUTRAL,0,0,0,0,0,0.0,0.8466792987138945,0.8511627906976745,,,,北控水务,C
00371,2015-08-28,DAILY_NEUTRAL,0,0,0,0,0,33.33333333333333,2.74202299534508,0.9093023255813955,,,,北控水务,C
00371,2015-08-31,DAILY_NEUTRAL,0,0,0,0,0,66.66666666666666,0.8950850642949344,0.8976744186046511,,,,北控水务,C
00371,2015-09-01,DAILY_NEUTRAL,0,0,0,0,0,33.33333333333333,0.7188919991063734,0.8093023255813954,,,,北控水务,C
00371,2015-09-02,DAILY_NEUTRAL,0,0,0,0,0,33.33333333333333,0.8267291144349418,0.813953488372093,,,,北控水务,C
00371,2015-09-04,DAILY_NEUTRAL,0,0,0,0,0,33.33333333333333,0.38258738846505974,0.8116279069767443,,,,北控水务,C
00371,2015-09-07,DAILY_NEUTRAL,0,0,0,0,0,66.66666666666666,0.31750535194772606,0.8511627906976745,,,,北控水务,C
00371,2015-09-08,DAILY_NEUTRAL,0,0,0,0,0,33.33333333333333,0.8042675021334905,0.8837209302325582,,,,北控水务,C
00371,2015-09-09,DAILY_NEUTRAL,0,0,0,0,0,100.0,0.8305915385482621,0.9209302325581395,,,,北控水务,C
00371,2015-09-10,DAILY_NEUTRAL,0,0,0,0,0,100.0,0.4733558853785563,0.9472422062350121,,,,北控水务,C
00371,2015-09-11,DAILY_PULLBACK,0,0,1,0,0,100.0,0.8298842276063809,0.9088729016786571,,,,北控水务,C
00371,2015-09-14,DAILY_PULLBACK,0,0,1,0,0,100.0,0.972071809018819,0.9016786570743405,,,,北控水务,C
00371,2015-09-15,DAILY_PULLBACK,0,0,1,0,0,100.0,0.6567830850825231,0.894484412470024,,,,北控水务,C
00371,2015-09-16,DAILY_NEUTRAL,0,0,0,0,0,100.0,1.397726954891514,0.9424460431654677,,,,北控水务,C
00371,2015-09-17,DAILY_NEUTRAL,0,0,0,0,0,100.0,0.8609938301240874,0.935251798561151,,,,北控水务,C
00371,2015-09-18,DAILY_NEUTRAL,0,0,0,0,0,100.0,1.6136312484108806,0.9616306954436451,,,,北控水务,C
00371,2015-09-21,DAILY_NEUTRAL,0,0,0,0,0,100.0,1.0779935990462517,0.935251798561151,,,,北控水务,C
00371,2015-09-22,DAILY_NEUTRAL,0,0,0,0,0,100.0,0.8906971135918522,0.9496402877697842,,,,北控水务,C
00371,2015-09-23,DAILY_PULLBACK,0,0,1,0,0,100.0,0.7329992742081758,0.9136690647482014,,,,北控水务,C
00371,2015-09-24,DAILY_PULLBACK,0,0,1,0,0,100.0,0.8604040048339359,0.9256594724220624,,,,北控水务,C
00371,2015-09-25,DAILY_NEUTRAL,0,0,0,0,0,33.33333333333333,0.5158382435700097,0.9016786570743405,,,,北控水务,C
00371,2015-09-29,DAILY_NEUTRAL,0,0,0,0,0,33.33333333333333,1.3430208790899216,0.86810551558753,,,,北控水务,C
00371,2015-09-30,DAILY_NEUTRAL,0,0,0,0,0,33.33333333333333,1.3029240053467324,0.9124087591240875,,,,北控水务,C
00371,2015-10-02,DAILY_PULLBACK,0,0,1,0,0,66.66666666666666,1.5334812908936457,0.9384236453201972,,,,北控水务,C
00371,2015-10-05,DAILY_NEUTRAL,0,0,0,0,0,33.33333333333333,1.4727139661135353,0.9261083743842365,,,,北控水务,C
00371,2015-10-06,DAILY_NEUTRAL,0,0,0,0,0,0.0,1.1400099525717822,0.935960591133005,,,,北控水务,C
00371,2015-10-07,DAILY_NEUTRAL,0,0,0,0,0,0.0,1.4733844211718705,0.9384236453201972,,,,北控水务,C
00371,2015-10-08,DAILY_NEUTRAL,0,0,0,0,0,33.33333333333333,0.8715087060394843,0.9113300492610839,,,,北控水务,C
00371,2015-10-09,DAILY_NEUTRAL,0,0,0,0,0,66.66666666666666,2.1589566446963926,0.9950738916256159,,,,北控水务,C
00371,2015-10-12,DAILY_NEUTRAL,0,0,0,0,0,66.66666666666666,1.3056947460677901,1.0387409200968523,,,,北控水务,C
00371,2015-10-13,DAILY_NEUTRAL,0,0,0,0,0,100.0,1.4330072363871513,1.0069124423963134,,,,北控水务,C
00371,2015-10-14,DAILY_NEUTRAL,0,0,0,0,0,100.0,1.0345190408068208,0.9749430523917997,,,,北控水务,C
00371,2015-10-15,DAILY_NEUTRAL,0,0,0,0,0,100.0,1.437206923077054,1.0109170305676856,,,,北控水务,C
00371,2015-10-16,DAILY_BREAKOUT,1,0,0,0,0,100.0,1.5692947440294036,1.0382978723404255,,,,北控水务,C
00371,2015-10-19,DAILY_NEUTRAL,0,0,0,0,0,100.0,0.7117864836541021,0.9817073170731707,,,,北控水务,C
00371,2015-10-20,DAILY_NEUTRAL,0,0,0,0,0,100.0,0.5639878701047472,0.9979674796747968,,,,北控水务,C
00371,2015-10-22,DAILY_NEUTRAL,0,0,0,0,0,100.0,0.48473904928571054,0.9796747967479675,,,,北控水务,C
00371,2015-10-23,DAILY_NEUTRAL,0,0,0,0,0,100.0,0.6338680813127042,1.0040650406504066,,,,北控水务,C
00371,2015-10-26,DAILY_NEUTRAL,0,0,0,0,0,100.0,0.866658752725611,0.9959595959595958,,,,北控水务,C
00371,2015-10-27,DAILY_PULLBACK,0,0,1,0,0,100.0,1.1023892494437217,0.9618473895582329,,,,北控水务,C
00371,2015-10-28,DAILY_PULLBACK,0,0,1,0,0,100.0,0.5553560224524029,0.9417670682730924,,,,北控水务,C
00371,2015-10-29,DAILY_PULLBACK,0,0,1,0,0,66.66666666666666,1.1190831446152802,0.9156626506024095,,,,北控水务,C
00371,2015-10-30,DAILY_PULLBACK,0,0,1,0,0,66.66666666666666,0.6644958498260646,0.9116465863453814,,,,北控水务,C
00371,2015-11-02,DAILY_NEUTRAL,0,0,0,0,0,33.33333333333333,0.43486279798039035,0.893574297188755,,,,北控水务,C
00371,2015-11-03,DAILY_PULLBACK,0,0,1,0,0,66.66666666666666,0.7841868310883389,0.9136546184738955,,,,北控水务,C
00371,2015-11-04,DAILY_NEUTRAL,0,0,0,0,0,33.33333333333333,1.2419285871213541,0.9016064257028112,,,,北控水务,C
00371,2015-11-05,DAILY_PULLBACK,0,0,1,0,0,66.66666666666666,1.3597929450386324,0.9297188755020079,,,,北控水务,C
00371,2015-11-06,DAILY_NEUTRAL,0,0,0,0,0,33.33333333333333,0.7175428629316428,0.9176706827309237,,,,北控水务,C
00371,2015-11-09,DAILY_NEUTRAL,0,0,0,0,0,0.0,0.6175197358585814,0.9096385542168675,,,,北控水务,C
00371,2015-11-10,DAILY_NEUTRAL,0,0,0,0,0,0.0,0.7356321787698509,0.9156626506024095,,,,北控水务,C
00371,2015-11-11,DAILY_NEUTRAL,0,0,0,0,0,33.33333333333333,0.8553607806186062,0.9116465863453814,,,,北控水务,C
00371,2015-11-12,DAILY_NEUTRAL,0,0,0,0,0,33.33333333333333,1.4001082289129625,0.9036144578313252,,,,北控水务,C
00371,2015-11-13,DAILY_NEUTRAL,0,0,0,0,0,0.0,0.9289063022835341,0.9016064257028112,,,,北控水务,C
00371,2015-11-16,DAILY_NEUTRAL,0,0,0,0,0,0.0,1.3293656860958492,0.8875502008032128,,,,北控水务,C
00371,2015-11-17,DAILY_NEUTRAL,0,0,0,0,0,0.0,1.1988857552391845,0.8855421686746987,,,,北控水务,C
00371,2015-11-18,DAILY_NEUTRAL,0,0,0,0,0,0.0,0.6753261160471945,0.8895582329317268,,,,北控水务,C
00371,2015-11-19,DAILY_NEUTRAL,0,0,0,0,0,0.0,0.8720878179760018,0.8855421686746987,,,,北控水务,C
00371,2015-11-20,DAILY_NEUTRAL,0,0,0,0,0,0.0,0.8466762573675632,0.9076305220883533,,,,北控水务,C
00371,2015-11-23,DAILY_NEUTRAL,0,0,0,0,0,33.33333333333333,1.5353446459490325,0.9317269076305219,,,,北控水务,C
00371,2015-11-24,DAILY_NEUTRAL,0,0,0,0,0,66.66666666666666,1.099002824852683,0.9252525252525252,,,,北控水务,C
00371,2015-11-25,DAILY_NEUTRAL,0,0,0,0,0,66.66666666666666,1.166179645264242,0.937888198757764,,,,北控水务,C
00371,2015-11-26,DAILY_NEUTRAL,0,0,0,0,0,33.33333333333333,0.5262169730526742,0.9451476793248945,,,,北控水务,C
00371,2015-11-27,DAILY_NEUTRAL,0,0,0,0,0,33.33333333333333,1.7864627518939116,0.9616204690831556,,,,北控水务,C
00371,2015-11-30,DAILY_NEUTRAL,0,0,0,0,0,33.33333333333333,1.7229101328636194,0.9402985074626865,,,,北控水务,C
00371,2015-12-01,DAILY_NEUTRAL,0,0,0,0,0,0.0,0.589427301319531,0.9488272921108741,,,,北控水务,C
00371,2015-12-02,DAILY_NEUTRAL,0,0,0,0,0,0.0,1.1450812600437008,0.9147121535181236,,,,北控水务,C
00371,2015-12-03,DAILY_NEUTRAL,0,0,0,0,0,0.0,0.9298444151311429,0.9019189765458422,,,,北控水务,C
00371,2015-12-04,DAILY_NEUTRAL,0,0,0,0,0,0.0,1.5510692305798386,0.8715203426124197,,,,北控水务,C
00371,2015-12-07,DAILY_NEUTRAL,0,0,0,0,0,0.0,0.7286196948737613,0.9143468950749464,,,,北控水务,C
00371,2015-12-08,DAILY_NEUTRAL,0,0,0,0,0,0.0,0.7871635550496595,0.9122055674518201,,,,北控水务,C
00371,2015-12-09,DAILY_NEUTRAL,0,0,0,0,0,0.0,0.5738036999454775,0.9100642398286938,,,,北控水务,C
00371,2015-12-10,DAILY_NEUTRAL,0,0,0,0,0,0.0,0.6414808274109937,0.8843683083511777,,,,北控水务,C
00371,2015-12-11,DAILY_NEUTRAL,0,0,0,0,0,0.0,0.9492679210735152,0.860813704496788,,,,北控水务,C
00371,2015-12-14,DAILY_NEUTRAL,0,0,0,0,0,0.0,1.7216628073280924,0.9079229122055675,,,,北控水务,C
00371,2015-12-15,DAILY_NEUTRAL,0,0,0,0,0,0.0,0.8842461363070508,0.8907922912205568,,,,北控水务,C
00371,2015-12-16,DAILY_NEUTRAL,0,0,0,0,0,0.0,5.850386384576992,0.8094218415417559,,,,北控水务,C
00371,2015-12-17,DAILY_NEUTRAL,0,0,0,0,0,0.0,3.20063399157073,0.8394004282655246,,,,北控水务,C
00371,2015-12-18,DAILY_NEUTRAL,0,0,0,0,0,0.0,1.606947446181334,0.8072805139186295,,,,北控水务,C
00371,2015-12-21,DAILY_NEUTRAL,0,0,0,0,0,0.0,0.8084183002924289,0.7773019271948608,,,,北控水务,C
00371,2015-12-22,DAILY_NEUTRAL,0,0,0,0,0,0.0,0.6877885680185725,0.7558886509635974,,,,北控水务,C
00371,2015-12-23,DAILY_NEUTRAL,0,0,0,0,0,0.0,0.8829005607912753,0.8185745140388769,,,,北控水务,C
00371,2015-12-24,DAILY_NEUTRAL,0,0,0,0,0,0.0,0.19022514459972203,0.8318777292576419,,,,北控水务,C
00371,2015-12-28,DAILY_NEUTRAL,0,0,0,0,0,0.0,0.2235957287002982,0.8505494505494506,,,,北控水务,C
00371,2015-12-29,DAILY_NEUTRAL,0,0,0,0,0,0.0,0.30293052687056315,0.853658536585366,,,,北控水务,C
00371,2015-12-30,DAILY_NEUTRAL,0,0,0,0,0,33.33333333333333,0.25939414501964736,0.8411633109619687,,,,北控水务,C
00371,2015-12-31,DAILY_NEUTRAL,0,0,0,0,0,33.33333333333333,0.42243442094212247,0.8475336322869955,,,,北控水务,C
00371,2016-01-04,DAILY_NEUTRAL,0,0,0,0,0,33.33333333333333,2.1906417701715637,0.8558352402745996,,,,北控水务,C
00371,2016-01-05,DAILY_NEUTRAL,0,0,0,0,0,33.33333333333333,0.9603479810167126,0.8398169336384439,,,,北控水务,C
00371,2016-01-06,DAILY_NEUTRAL,0,0,0,0,0,0.0,2.129505913430226,0.7940503432494279,,,,北控水务,C
00371,2016-01-07,DAILY_NEUTRAL,0,0,0,0,0,0.0,5.194803245831859,0.7299771167048055,,,,北控水务,C
00371,2016-01-08,DAILY_NEUTRAL,0,0,0,0,0,0.0,1.9593601517292982,0.711670480549199,,,,北控水务,C
00371,2016-01-11,DAILY_NEUTRAL,0,0,0,0,0,0.0,1.8753608133958293,0.6407322654462242,,,,北控水务,C
00371,2016-01-12,DAILY_NEUTRAL,0,0,0,0,0,0.0,1.365487070862578,0.6401869158878505,,,,北控水务,C
00371,2016-01-13,DAILY_NEUTRAL,0,0,0,0,0,0.0,0.5676870350215895,0.6752336448598131,,,,北控水务,C
00371,2016-01-14,DAILY_NEUTRAL,0,0,0,0,0,0.0,0.629336606105766,0.6682242990654205,,,,北控水务,C
00371,2016-01-15,DAILY_NEUTRAL,0,0,0,0,0,0.0,0.6397882229097219,0.6515513126491647,,,,北控水务,C
00371,2016-01-18,DAILY_NEUTRAL,0,0,0,0,0,0.0,0.3885570824711522,0.6856435643564357,,,,北控水务,C
00371,2016-01-19,DAILY_NEUTRAL,0,0,0,0,0,0.0,0.7587699381966131,0.7645569620253164,,,,北控水务,C
00371,2016-01-20,DAILY_NEUTRAL,0,0,0,0,0,0.0,1.196171623135615,0.670886075949367,,,,北控水务,C
00371,2016-01-21,DAILY_NEUTRAL,0,0,0,0,0,0.0,1.6217954302584783,0.610126582278481,,,,北控水务,C
00371,2016-01-22,DAILY_NEUTRAL,0,0,0,0,0,0.0,1.0998022556877638,0.6632911392405063,,,,北控水务,C
00371,2016-01-25,DAILY_NEUTRAL,0,0,0,0,0,0.0,0.9877974096596989,0.7417721518987341,,,,北控水务,C
00371,2016-01-26,DAILY_NEUTRAL,0,0,0,0,0,0.0,0.973836256172906,0.6751269035532995,,,,北控水务,C
00371,2016-01-27,DAILY_NEUTRAL,0,0,0,0,0,0.0,0.8216697577189936,0.6878172588832487,,,,北控水务,C
00371,2016-01-28,DAILY_NEUTRAL,0,0,0,0,0,0.0,1.4567851111076104,0.6116751269035533,,,,北控水务,C
00371,2016-01-29,DAILY_NEUTRAL,0,0,0,0,0,0.0,3.476520996507102,0.5532994923857868,,,,北控水务,C
00371,2016-02-01,DAILY_NEUTRAL,0,0,0,0,0,0.0,1.1520653274208654,0.6192893401015228,,,,北控水务,C
00371,2016-02-02,DAILY_NEUTRAL,0,0,0,0,0,0.0,0.6584118641716802,0.6587301587301588,,,,北控水务,C
00371,2016-02-03,DAILY_NEUTRAL,0,0,0,0,0,0.0,0.5345246719702835,0.6273458445040214,,,,北控水务,C
00371,2016-02-04,DAILY_NEUTRAL,0,0,0,0,0,0.0,0.4315391888560439,0.6685878962536023,,,,北控水务,C
00371,2016-02-05,DAILY_NEUTRAL,0,0,0,0,0,0.0,0.4564823135319676,0.6927899686520376,,,,北控水务,C
00371,2016-02-11,DAILY_NEUTRAL,0,0,0,0,0,0.0,0.9587156589218853,0.6754098360655738,,,,北控水务,C
00371,2016-02-12,DAILY_NEUTRAL,0,0,0,0,0,0.0,0.6581043697793653,0.6291390728476821,,,,北控水务,C
00371,2016-02-15,DAILY_NEUTRAL,0,0,0,0,0,0.0,0.6510054381625325,0.7152317880794702,,,,北控水务,C
00371,2016-02-16,DAILY_NEUTRAL,0,0,0,0,0,0.0,0.8018390397622441,0.7317880794701986,,,,北控水务,C
00371,2016-02-17,DAILY_NEUTRAL,0,0,0,0,0,0.0,1.3923855525406654,0.7615894039735098,,,,北控水务,C
00371,2016-02-18,DAILY_NEUTRAL,0,0,0,0,0,33.33333333333333,1.9353509779717484,0.857615894039735,,,,北控水务,C
00371,2016-02-19,DAILY_NEUTRAL,0,0,0,0,0,66.66666666666666,1.3961329264965492,0.8443708609271523,,,,北控水务,C
00371,2016-02-22,DAILY_NEUTRAL,0,0,0,0,0,66.66666666666666,0.46031858931408126,0.8837209302325583,,,,北控水务,C
00371,2016-02-23,DAILY_NEUTRAL,0,0,0,0,0,66.66666666666666,0.5831055355422641,0.8795986622073577,,,,北控水务,C
00371,2016-02-24,DAILY_NEUTRAL,0,0,0,0,0,66.66666666666666,0.6733235522723631,0.8294314381270902,,,,北控水务,C
00371,2016-02-25,DAILY_PULLBACK,0,0,1,0,0,100.0,0.6613279104135419,0.8494983277591973,,,,北控水务,C
00371,2016-02-26,DAILY_NEUTRAL,0,0,0,0,0,100.0,0.45953657883304777,0.8931034482758621,,,,北控水务,C
00371,2016-02-29,DAILY_PULLBACK,0,0,1,0,0,100.0,0.8861470276806614,0.8379310344827587,,,,北控水务,C
00371,2016-03-01,DAILY_PULLBACK,0,0,1,0,0,66.66666666666666,0.8157419434821207,0.946236559139785,,,,北控水务,C
00371,2016-03-02,DAILY_NEUTRAL,0,0,0,0,0,100.0,1.5929860310999993,1.007168458781362,,,,北控水务,C
00371,2016-03-03,DAILY_NEUTRAL,0,0,0,0,0,100.0,1.1418045402017132,1.0035335689045937,,,,北控水务,C
00371,2016-03-04,DAILY_NEUTRAL,0,0,0,0,0,100.0,1.840816582911347,1.0313588850174216,,,,北控水务,C
00371,2016-03-07,DAILY_NEUTRAL,0,0,0,0,0,100.0,1.7696770947329101,1.0707070707070707,,,,北控水务,C
00371,2016-03-08,DAILY_NEUTRAL,0,0,0,0,0,100.0,1.175040800854969,0.9341692789968652,,,,北控水务,C
00371,2016-03-09,DAILY_PULLBACK,0,0,1,0,0,100.0,0.7217649534232179,0.8934169278996865,,,,北控水务,C
00371,2016-03-10,DAILY_PULLBACK,0,0,1,0,0,100.0,0.30521839538143963,0.8840125391849529,,,,北控水务,C
00371,2016-03-11,DAILY_NEUTRAL,0,0,0,0,0,100.0,0.8047491950596988,0.9373040752351098,,,,北控水务,C
00371,2016-03-14,DAILY_PULLBACK,0,0,1,0,0,100.0,0.9337476458551467,0.8996865203761756,,,,北控水务,C
00371,2016-03-15,DAILY_PULLBACK,0,0,1,0,0,66.66666666666666,1.1331294878947096,0.9090909090909091,,,,北控水务,C
00371,2016-03-16,DAILY_PULLBACK,0,0,1,0,0,66.66666666666666,1.0060600819705505,0.8714733542319749,,,,北控水务,C
00371,2016-03-17,DAILY_PULLBACK,0,0,1,0,0,66.66666666666666,1.2771466511982048,0.9310344827586208,,,,北控水务,C
00371,2016-03-18,DAILY_PULLBACK,0,0,1,0,0,66.66666666666666,1.1298944909081414,0.9373040752351098,,,,北控水务,C
00371,2016-03-21,DAILY_NEUTRAL,0,0,0,0,0,100.0,0.42306130373149414,0.9341692789968652,,,,北控水务,C
00371,2016-03-22,DAILY_NEUTRAL,0,0,0,0,0,100.0,1.0752092374165256,0.9184952978056427,,,,北控水务,C
00371,2016-03-23,DAILY_PULLBACK,0,0,1,0,0,100.0,0.6006601631206566,0.896551724137931,,,,北控水务,C
00371,2016-03-24,DAILY_NEUTRAL,0,0,0,0,0,66.66666666666666,0.7837126012003737,0.890282131661442,,,,北控水务,C
00371,2016-03-29,DAILY_NEUTRAL,0,0,0,0,0,33.33333333333333,0.6325626705676339,0.8840125391849529,,,,北控水务,C
00371,2016-03-30,DAILY_PULLBACK,0,0,1,0,0,66.66666666666666,1.0026214231768444,0.9247648902821317,,,,北控水务,C
00371,2016-03-31,DAILY_NEUTRAL,0,0,0,0,0,100.0,3.713367873745256,1.006269592476489,,,,北控水务,C
00371,2016-04-01,DAILY_NEUTRAL,0,0,0,0,0,100.0,1.351537722056843,0.960843373493976,,,,北控水务,C
00371,2016-04-05,DAILY_NEUTRAL,0,0,0,0,0,100.0,0.6075367785872022,0.9253731343283582,,,,北控水务,C
00371,2016-04-06,DAILY_NEUTRAL,0,0,0,0,0,100.0,0.8996394068824695,0.9582089552238806,,,,北控水务,C
00371,2016-04-07,DAILY_NEUTRAL,0,0,0,0,0,100.0,0.5688073221305924,0.982089552238806,,,,北控水务,C
00371,2016-04-08,DAILY_NEUTRAL,0,0,0,0,0,100.0,0.638731748138084,0.9940298507462687,,,,北控水务,C
00371,2016-04-11,DAILY_DISTRIBUTION,0,1,0,0,0,100.0,1.2913371256008674,0.982089552238806,,,,北控水务,C
00371,2016-04-12,DAILY_NEUTRAL,0,0,0,0,0,100.0,0.6331338239796639,1.0,,,,北控水务,C
00371,2016-04-13,DAILY_NEUTRAL,0,0,0,0,0,100.0,0.7686083931415119,0.9766763848396501,,,,北控水务,C
00371,2016-04-14,DAILY_PULLBACK,0,0,1,0,0,100.0,1.2251715118902926,0.9652173913043478,,,,北控水务,C
00371,2016-04-15,DAILY_NEUTRAL,0,0,0,0,0,100.0,1.5750070483773009,1.0289855072463767,,,,北控水务,C
00371,2016-04-18,DAILY_NEUTRAL,0,0,0,0,0,100.0,0.7389358753180238,0.9859943977591037,,,,北控水务,C
00371,2016-04-19,DAILY_NEUTRAL,0,0,0,0,0,100.0,1.0634910448844974,1.0140056022408965,,,,北控水务,C
00371,2016-04-20,DAILY_NEUTRAL,0,0,0,0,0,100.0,1.0643076937872036,0.9917127071823204,,,,北控水务,C
00371,2016-04-21,DAILY_NEUTRAL,0,0,0,0,0,100.0,0.9423191219675672,1.0192307692307692,,,,北控水务,C
00371,2016-04-22,DAILY_PULLBACK,0,0,1,0,0,100.0,1.5124175320958018,0.9549071618037136,,,,北控水务,C
00371,2016-04-25,DAILY_PULLBACK,0,0,1,0,0,100.0,0.9649239967153403,0.9391534391534392,,,,北控水务,C
00371,2016-04-26,DAILY_PULLBACK,0,0,1,0,0,100.0,1.1414393009249053,0.8862433862433863,,,,北控水务,C
00371,2016-04-27,DAILY_NEUTRAL,0,0,0,0,0,33.33333333333333,2.3418511550498855,0.8068783068783069,,,,北控水务,C
00371,2016-04-28,DAILY_NEUTRAL,0,0,0,0,0,33.33333333333333,1.1220097240478666,0.8174603174603174,,,,北控水务,C
00371,2016-04-29,DAILY_NEUTRAL,0,0,0,0,0,33.33333333333333,0.8951323721167193,0.7936507936507937,,,,北控水务,C
00371,2016-05-03,DAILY_NEUTRAL,0,0,0,0,0,33.33333333333333,0.975610432328639,0.8174603174603174,,,,北控水务,C
00371,2016-05-04,DAILY_NEUTRAL,0,0,0,0,0,0.0,0.3177375575235346,0.8121693121693122,,,,北控水务,C
00371,2016-05-05,DAILY_NEUTRAL,0,0,0,0,0,0.0,0.6042219268304851,0.835978835978836,,,,北控水务,C
00371,2016-05-06,DAILY_NEUTRAL,0,0,0,0,0,0.0,0.46728151083120584,0.8253968253968255,,,,北控水务,C
00371,2016-05-09,DAILY_NEUTRAL,0,0,0,0,0,0.0,0.7412180355022239,0.8306878306878308,,,,北控水务,C
00371,2016-05-10,DAILY_NEUTRAL,0,0,0,0,0,33.33333333333333,0.5618496948805127,0.8306878306878308,,,,北控水务,C
00371,2016-05-11,DAILY_NEUTRAL,0,0,0,0,0,33.33333333333333,1.1721077103379696,0.8227513227513228,,,,北控水务,C
00371,2016-05-12,DAILY_NEUTRAL,0,0,0,0,0,33.33333333333333,0.39808806607703473,0.7962962962962963,,,,北控水务,C
00371,2016-05-13,DAILY_NEUTRAL,0,0,0,0,0,0.0,2.6396294008977903,0.7645502645502646,,,,北控水务,C
00371,2016-05-16,DAILY_NEUTRAL,0,0,0,0,0,0.0,0.6878241109919548,0.7804232804232805,,,,北控水务,C
00371,2016-05-17,DAILY_NEUTRAL,0,0,0,0,0,0.0,0.6532677983458253,0.8042328042328043,,,,北控水务,C
00371,2016-05-18,DAILY_NEUTRAL,0,0,0,0,0,0.0,0.8283776840097055,0.8068783068783069,,,,北控水务,C
00371,2016-05-19,DAILY_NEUTRAL,0,0,0,0,0,0.0,1.2670900205049336,0.7645502645502646,,,,北控水务,C
00371,2016-05-20,DAILY_NEUTRAL,0,0,0,0,0,0.0,0.6092552812288626,0.7539682539682541,,,,北控水务,C
00371,2016-05-23,DAILY_NEUTRAL,0,0,0,0,0,0.0,0.7457622652176918,0.7486772486772487,,,,北控水务,C
00371,2016-05-24,DAILY_NEUTRAL,0,0,0,0,0,0.0,1.5148646473035867,0.8241758241758241,,,,北控水务,C
00371,2016-05-25,DAILY_NEUTRAL,0,0,0,0,0,0.0,0.5904895945490964,0.8328690807799444,,,,北控水务,C
00371,2016-05-26,DAILY_NEUTRAL,0,0,0,0,0,66.66666666666666,1.2285672132048262,0.9520958083832336,,,,北控水务,C
00371,2016-05-27,DAILY_NEUTRAL,0,0,0,0,0,66.66666666666666,1.4858574254930064,1.0218068535825544,,,,北控水务,C
00371,2016-05-30,DAILY_NEUTRAL,0,0,0,0,0,66.66666666666666,1.3546341097954797,1.0,,,,北控水务,C
00371,2016-05-31,DAILY_NEUTRAL,0,0,0,0,0,100.0,3.0647899301815222,0.9970588235294118,,,,北控水务,C
00371,2016-06-01,DAILY_NEUTRAL,0,0,0,0,0,66.66666666666666,3.1232708873595127,0.8492753623188406,,,,北控水务,C
00371,2016-06-02,DAILY_NEUTRAL,0,0,0,0,0,66.66666666666666,1.6638068976782103,0.8202898550724638,,,,北控水务,C
00371,2016-06-03,DAILY_NEUTRAL,0,0,0,0,0,66.66666666666666,0.5649896018622951,0.8434782608695652,,,,北控水务,C
00371,2016-06-06,DAILY_NEUTRAL,0,0,0,0,0,33.33333333333333,0.24538792316548289,0.8579710144927536,,,,北控水务,C
00371,2016-06-07,DAILY_PULLBACK,0,0,1,0,0,66.66666666666666,0.28246430900179575,0.881159420289855,,,,北控水务,C
00371,2016-06-08,DAILY_PULLBACK,0,0,1,0,0,66.66666666666666,0.2318972765234943,0.8753623188405797,,,,北控水务,C
00371,2016-06-10,DAILY_NEUTRAL,0,0,0,0,0,33.33333333333333,0.8356688081621362,0.8260869565217391,,,,北控水务,C
00371,2016-06-13,DAILY_NEUTRAL,0,0,0,0,0,0.0,2.199379786084129,0.782608695652174,,,,北控水务,C
00371,2016-06-14,DAILY_NEUTRAL,0,0,0,0,0,0.0,0.8322832094967119,0.7999999999999999,,,,北控水务,C
00371,2016-06-15,DAILY_NEUTRAL,0,0,0,0,0,0.0,1.195760207048032,0.8492753623188406,,,,北控水务,C
00371,2016-06-16,DAILY_NEUTRAL,0,0,0,0,0,0.0,1.5610368583049334,0.7884057971014493,,,,北控水务,C
00371,2016-06-17,DAILY_NEUTRAL,0,0,0,0,0,0.0,1.769955422085198,0.7971014492753623,,,,北控水务,C
00371,2016-06-20,DAILY_NEUTRAL,0,0,0,0,0,0.0,0.746442897115282,0.817391304347826,,,,北控水务,C
00371,2016-06-21,DAILY_NEUTRAL,0,0,0,0,0,0.0,0.7317943491578077,0.8434782608695652,,,,北控水务,C
00371,2016-06-22,DAILY_NEUTRAL,0,0,0,0,0,0.0,0.25422846728861986,0.8463768115942029,,,,北控水务,C
00371,2016-06-23,DAILY_NEUTRAL,0,0,0,0,0,33.33333333333333,0.18139122310000202,0.8492753623188406,,,,北控水务,C
00371,2016-06-24,DAILY_NEUTRAL,0,0,0,0,0,33.33333333333333,0.7163676221132643,0.8289855072463768,,,,北控水务,C
00371,2016-06-27,DAILY_NEUTRAL,0,0,0,0,0,33.33333333333333,0.6344871378907553,0.8231884057971014,,,,北控水务,C
00371,2016-06-28,DAILY_NEUTRAL,0,0,0,0,0,33.33333333333333,0.8072604936992983,0.8260869565217391,,,,北控水务,C
00371,2016-06-29,DAILY_NEUTRAL,0,0,0,0,0,66.66666666666666,1.48271528906163,0.8579710144927536,,,,北控水务,C
00371,2016-06-30,DAILY_NEUTRAL,0,0,0,0,0,100.0,1.3274953589226066,0.918918918918919,,,,北控水务,C
00371,2016-07-04,DAILY_NEUTRAL,0,0,0,0,0,100.0,0.9869528262477693,0.993485342019544,,,,北控水务,C
00371,2016-07-05,DAILY_PULLBACK,0,0,1,0,0,100.0,0.9804576798204215,0.9415584415584415,,,,北控水务,C
00371,2016-07-06,DAILY_NEUTRAL,0,0,0,0,0,66.66666666666666,1.6887921188316477,0.9155844155844155,,,,北控水务,C
00371,2016-07-07,DAILY_NEUTRAL,0,0,0,0,0,66.66666666666666,1.417146629549816,0.9090909090909091,,,,北控水务,C
00371,2016-07-08,DAILY_NEUTRAL,0,0,0,0,0,33.33333333333333,1.9705293865448337,0.8603896103896104,,,,北控水务,C
00371,2016-07-11,DAILY_NEUTRAL,0,0,0,0,0,33.33333333333333,0.9113134495829238,0.9090909090909091,,,,北控水务,C
00371,2016-07-12,DAILY_NEUTRAL,0,0,0,0,0,33.33333333333333,0.6981678732666096,0.922077922077922,,,,北控水务,C
00371,2016-07-13,DAILY_PULLBACK,0,0,1,0,0,66.66666666666666,0.9473479340140378,0.9448051948051949,,,,北控水务,C
00371,2016-07-14,DAILY_PULLBACK,0,0,1,0,0,66.66666666666666,0.45033309563477,0.9383116883116883,,,,北控水务,C
00371,2016-07-15,DAILY_NEUTRAL,0,0,0,0,0,33.33333333333333,0.5459461766676114,0.922077922077922,,,,北控水务,C
00371,2016-07-18,DAILY_NEUTRAL,0,0,0,0,0,66.66666666666666,0.5854704830105468,0.9383116883116883,,,,北控水务,C
00371,2016-07-19,DAILY_NEUTRAL,0,0,0,0,0,66.66666666666666,0.578417193151458,0.9383116883116883,,,,北控水务,C
00371,2016-07-20,DAILY_NEUTRAL,0,0,0,0,0,66.66666666666666,0.756596800281628,0.9383116883116883,,,,北控水务,C
00371,2016-07-21,DAILY_NEUTRAL,0,0,0,0,0,66.66666666666666,3.0992892944626287,0.9707792207792209,,,,北控水务,C
00371,2016-07-22,DAILY_NEUTRAL,0,0,0,0,0,100.0,1.2911328543549174,0.9675324675324675,,,,北控水务,C
00371,2016-07-25,DAILY_PULLBACK,0,0,1,0,0,100.0,0.6925316854032233,0.948051948051948,,,,北控水务,C
00371,2016-07-26,DAILY_NEUTRAL,0,0,0,0,0,100.0,0.942737636977205,0.961038961038961,,,,北控水务,C
00371,2016-07-27,DAILY_NEUTRAL,0,0,0,0,0,100.0,2.364813718641596,1.0,,,,北控水务,C
00371,2016-07-28,DAILY_NEUTRAL,0,0,0,0,0,100.0,1.6378240121943248,1.0385852090032155,,,,北控水务,C
00371,2016-07-29,DAILY_NEUTRAL,0,0,0,0,0,100.0,0.6896694030996958,0.9598765432098765,,,,北控水务,C
00371,2016-08-01,DAILY_NEUTRAL,0,0,0,0,0,100.0,0.6391482966052409,0.9598765432098765,,,,北控水务,C
00371,2016-08-03,DAILY_PULLBACK,0,0,1,0,0,100.0,0.6770161431953686,0.9320987654320987,,,,北控水务,C
00371,2016-08-04,DAILY_PULLBACK,0,0,1,0,0,100.0,0.66183770916413,0.9228395061728395,,,,北控水务,C
00371,2016-08-05,DAILY_NEUTRAL,0,0,0,0,0,100.0,0.8187635873436165,0.9475308641975307,,,,北控水务,C
00371,2016-08-08,DAILY_PULLBACK,0,0,1,0,0,66.66666666666666,1.1918439395108469,0.9475308641975307,,,,北控水务,C
00371,2016-08-09,DAILY_PULLBACK,0,0,1,0,0,66.66666666666666,1.163018936343846,0.978395061728395,,,,北控水务,C
00371,2016-08-10,DAILY_NEUTRAL,0,0,0,0,0,100.0,3.3931607872821647,1.0493827160493827,,,,北控水务,C
00371,2016-08-11,DAILY_NEUTRAL,0,0,0,0,0,100.0,1.9693570083169119,1.0176470588235293,,,,北控水务,C
00371,2016-08-12,DAILY_NEUTRAL,0,0,0,0,0,100.0,1.0406597257070815,0.9916201117318435,,,,北控水务,C
00371,2016-08-15,DAILY_NEUTRAL,0,0,0,0,0,100.0,1.092709398278103,0.9498607242339834,,,,北控水务,C
00371,2016-08-16,DAILY_PULLBACK,0,0,1,0,0,100.0,1.094227614887186,0.9498607242339834,,,,北控水务,C
00371,2016-08-17,DAILY_PULLBACK,0,0,1,0,0,100.0,0.7471956202667858,0.9331476323119777,,,,北控水务,C
00371,2016-08-18,DAILY_PULLBACK,0,0,1,0,0,100.0,0.5254743125133234,0.947075208913649,,,,北控水务,C
00371,2016-08-19,DAILY_NEUTRAL,0,0,0,0,0,100.0,0.4806016412934124,0.9749303621169917,,,,北控水务,C
00371,2016-08-22,DAILY_NEUTRAL,0,0,0,0,0,100.0,1.0569648230073607,1.0027855153203342,,,,北控水务,C
00371,2016-08-23,DAILY_NEUTRAL,0,0,0,0,0,100.0,1.3789894982088644,0.9777777777777777,,,,北控水务,C
00371,2016-08-24,DAILY_PULLBACK,0,0,1,0,0,100.0,0.599617962470323,0.9381720430107527,,,,北控水务,C
00371,2016-08-25,DAILY_PULLBACK,0,0,1,0,0,100.0,0.4854359161931852,0.9220430107526881,,,,北控水务,C
00371,2016-08-26,DAILY_PULLBACK,0,0,1,0,0,100.0,0.4810585598961169,0.9274193548387096,,,,北控水务,C
00371,2016-08-29,DAILY_NEUTRAL,0,0,0,0,0,100.0,0.6690568596796541,0.9516129032258064,,,,北控水务,C
00371,2016-08-30,DAILY_NEUTRAL,0,0,0,0,0,100.0,1.159914947589016,0.978494623655914,,,,北控水务,C
00371,2016-08-31,DAILY_NEUTRAL,0,0,0,0,0,100.0,4.952711130639588,1.0241935483870968,,,,北控水务,C
00371,2016-09-01,DAILY_PULLBACK,0,0,1,0,0,100.0,2.6888744253822106,0.9010152284263959,,,,北控水务,C
00371,2016-09-02,DAILY_NEUTRAL,0,0,0,0,0,100.0,0.6845017430990522,0.9238578680203046,,,,北控水务,C
00371,2016-09-05,DAILY_BREAKOUT,1,0,0,0,0,100.0,1.9462927612896945,1.015228426395939,,,,北控水务,C
00371,2016-09-06,DAILY_NEUTRAL,0,0,0,0,0,100.0,0.8687995254550646,1.015,,,,北控水务,C
00371,2016-09-07,DAILY_NEUTRAL,0,0,0,0,0,100.0,0.42027778240388836,0.9685230024213075,,,,北控水务,C
00371,2016-09-08,DAILY_NEUTRAL,0,0,0,0,0,100.0,0.560445792533374,0.9975786924939468,,,,北控水务,C
00371,2016-09-09,DAILY_NEUTRAL,0,0,0,0,0,100.0,1.1300808346267412,1.0024096385542167,,,,北控水务,C
00371,2016-09-12,DAILY_PULLBACK,0,0,1,0,0,100.0,0.8126807690293436,0.9212410501193317,,,,北控水务,C
00371,2016-09-13,DAILY_PULLBACK,0,0,1,0,0,100.0,0.5530413348610229,0.9140811455847254,,,,北控水务,C
00371,2016-09-14,DAILY_PULLBACK,0,0,1,0,0,100.0,0.30147294525116664,0.9212410501193317,,,,北控水务,C
00371,2016-09-15,DAILY_NEUTRAL,0,0,0,0,0,33.33333333333333,0.949597421892399,0.8926014319809069,,,,北控水务,C
00371,2016-09-19,DAILY_PULLBACK,0,0,1,0,0,66.66666666666666,1.6468315757720662,0.935560859188544,,,,北控水务,C
00371,2016-09-20,DAILY_PULLBACK,0,0,1,0,0,66.66666666666666,0.9663603870453751,0.9570405727923627,,,,北控水务,C
00371,2016-09-21,DAILY_PULLBACK,0,0,1,0,0,66.66666666666666,0.7055870736936083,0.9498806682577565,,,,北控水务,C
00371,2016-09-22,DAILY_PULLBACK,0,0,1,0,0,66.66666666666666,2.171252378711017,0.9498806682577565,,,,北控水务,C
00371,2016-09-23,DAILY_PULLBACK,0,0,1,0,0,100.0,0.8459070467689707,0.9263657957244655,,,,北控水务,C
00371,2016-09-26,DAILY_NEUTRAL,0,0,0,0,0,66.66666666666666,1.3117839015671582,0.8717339667458432,,,,北控水务,C
00371,2016-09-27,DAILY_NEUTRAL,0,0,0,0,0,0.0,0.798387127807407,0.9002375296912114,,,,北控水务,C
00371,2016-09-28,DAILY_NEUTRAL,0,0,0,0,0,0.0,0.31894545663539386,0.9168646080760094,,,,北控水务,C
00371,2016-09-29,DAILY_NEUTRAL,0,0,0,0,0,0.0,0.2565457524534803,0.9144893111638955,,,,北控水务,C
00371,2016-09-30,DAILY_NEUTRAL,0,0,0,0,0,0.0,0.7373991371532381,0.8788598574821853,,,,北控水务,C
00371,2016-10-03,DAILY_NEUTRAL,0,0,0,0,0,0.0,0.8088304348880124,0.8931116389548693,,,,北控水务,C
00371,2016-10-04,DAILY_NEUTRAL,0,0,0,0,0,0.0,1.0029125559292162,0.9168646080760094,,,,北控水务,C
00371,2016-10-05,DAILY_NEUTRAL,0,0,0,0,0,0.0,1.1059140648038226,0.9144893111638955,,,,北控水务,C
00371,2016-10-06,DAILY_NEUTRAL,0,0,0,0,0,66.66666666666666,0.7574541888784648,0.9358669833729216,,,,北控水务,C
00371,2016-10-07,DAILY_NEUTRAL,0,0,0,0,0,66.66666666666666,0.6766346216551441,0.9358669833729216,,,,北控水务,C
00371,2016-10-11,DAILY_NEUTRAL,0,0,0,0,0,66.66666666666666,1.7027174102305025,0.9453681710213777,,,,北控水务,C
00371,2016-10-12,DAILY_NEUTRAL,0,0,0,0,0,66.66666666666666,1.4657787584471833,0.9192399049881236,,,,北控水务,C
00371,2016-10-13,DAILY_NEUTRAL,0,0,0,0,0,33.33333333333333,1.4006969738318331,0.9049881235154394,,,,北控水务,C
00371,2016-10-14,DAILY_NEUTRAL,0,0,0,0,0,33.33333333333333,0.6835682732058794,0.8954869358669834,,,,北控水务,C
00371,2016-10-17,DAILY_NEUTRAL,0,0,0,0,0,33.33333333333333,1.5553666531779506,0.9216152019002375,,,,北控水务,C
00371,2016-10-18,DAILY_PULLBACK,0,0,1,0,0,66.66666666666666,0.6184655824110296,0.9406175771971497,,,,北控水务,C
00371,2016-10-19,DAILY_NEUTRAL,0,0,0,0,0,100.0,2.1265028029116553,0.9976247030878861,,,,北控水务,C
00371,2016-10-20,DAILY_BREAKOUT,1,0,0,0,0,100.0,2.9459238512998986,1.0546318289786225,,,,北控水务,C
00371,2016-10-24,DAILY_BREAKOUT,1,0,0,0,0,100.0,1.9139080432750772,1.0022321428571428,,,,北控水务,C
00371,2016-10-25,DAILY_NEUTRAL,0,0,0,0,0,100.0,0.604907264794242,0.9693654266958424,,,,北控水务,C
00371,2016-10-26,DAILY_NEUTRAL,0,0,0,0,0,100.0,0.5546167341975923,0.962800875273523,,,,北控水务,C
00371,2016-10-27,DAILY_PULLBACK,0,0,1,0,0,100.0,0.7097857904367361,0.925601750547046,,,,北控水务,C
00371,2016-10-28,DAILY_PULLBACK,0,0,1,0,0,100.0,0.580898420091677,0.9299781181619255,,,,北控水务,C
00371,2016-10-31,DAILY_PULLBACK,0,0,1,0,0,100.0,0.9335564046743751,0.8949671772428883,,,,北控水务,C
00371,2016-11-01,DAILY_PULLBACK,0,0,1,0,0,66.66666666666666,1.0592323292517463,0.9299781181619255,,,,北控水务,C
00371,2016-11-02,DAILY_PULLBACK,0,0,1,0,0,66.66666666666666,0.6388889821734671,0.9015317286652078,,,,北控水务,C
00371,2016-11-03,DAILY_PULLBACK,0,0,1,0,0,33.33333333333333,0.8820880544340193,0.8971553610503281,,,,北控水务,C
00371,2016-11-04,DAILY_NEUTRAL,0,0,0,0,0,33.33333333333333,0.43000623147014355,0.8927789934354485,,,,北控水务,C
00371,2016-11-07,DAILY_PULLBACK,0,0,1,0,0,66.66666666666666,1.6432475412994936,0.9474835886214441,,,,北控水务,C
00371,2016-11-08,DAILY_PULLBACK,0,0,1,0,0,66.66666666666666,1.5636789751755908,0.9715536105032823,,,,北控水务,C
00371,2016-11-09,DAILY_NEUTRAL,0,0,0,0,0,100.0,1.4774042608417906,0.9562363238512035,,,,北控水务,C
00371,2016-11-10,DAILY_NEUTRAL,0,0,0,0,0,100.0,0.8595649712669065,0.9518599562363237,,,,北控水务,C
00371,2016-11-11,DAILY_NEUTRAL,0,0,0,0,0,66.66666666666666,1.276324704984286,0.9037199124726476,,,,北控水务,C
00371,2016-11-14,DAILY_NEUTRAL,0,0,0,0,0,33.33333333333333,0.9531714938561642,0.8687089715536105,,,,北控水务,C
00371,2016-11-15,DAILY_NEUTRAL,0,0,0,0,0,0.0,0.6557434257707536,0.8533916849015316,,,,北控水务,C
00371,2016-11-16,DAILY_NEUTRAL,0,0,0,0,0,0.0,0.6627363639359165,0.8905908096280087,,,,北控水务,C
00371,2016-11-17,DAILY_NEUTRAL,0,0,0,0,0,33.33333333333333,0.926181304264055,0.9299781181619255,,,,北控水务,C
00371,2016-11-18,DAILY_NEUTRAL,0,0,0,0,0,0.0,0.889551219435873,0.9102844638949672,,,,北控水务,C
00371,2016-11-21,DAILY_NEUTRAL,0,0,0,0,0,0.0,0.5128833353087758,0.8905908096280087,,,,北控水务,C
00371,2016-11-22,DAILY_NEUTRAL,0,0,0,0,0,33.33333333333333,1.0543238447315242,0.9186813186813186,,,,北控水务,C
00371,2016-11-23,DAILY_NEUTRAL,0,0,0,0,0,33.33333333333333,0.9435076984486087,0.9006622516556291,,,,北控水务,C
00371,2016-11-24,DAILY_NEUTRAL,0,0,0,0,0,66.66666666666666,1.4358633199043505,0.924944812362031,,,,北控水务,C
00371,2016-11-25,DAILY_NEUTRAL,0,0,0,0,0,33.33333333333333,0.3795052000833809,0.9094922737306843,,,,北控水务,C
00371,2016-11-28,DAILY_NEUTRAL,0,0,0,0,0,33.33333333333333,1.3141603464547948,0.9006622516556291,,,,北控水务,C
00371,2016-11-29,DAILY_NEUTRAL,0,0,0,0,0,0.0,0.7547165956250225,0.891832229580574,,,,北控水务,C
00371,2016-11-30,DAILY_NEUTRAL,0,0,0,0,0,0.0,1.6671597463260508,0.8984547461368654,,,,北控水务,C
00371,2016-12-01,DAILY_NEUTRAL,0,0,0,0,0,0.0,0.9204343229294298,0.9050772626931566,,,,北控水务,C
00371,2016-12-02,DAILY_NEUTRAL,0,0,0,0,0,0.0,1.125001499158453,0.8741721854304635,,,,北控水务,C
00371,2016-12-05,DAILY_NEUTRAL,0,0,0,0,0,0.0,0.6335694716649911,0.8631346578366446,,,,北控水务,C
00371,2016-12-06,DAILY_NEUTRAL,0,0,0,0,0,0.0,0.709903934406796,0.8675496688741722,,,,北控水务,C
00371,2016-12-07,DAILY_NEUTRAL,0,0,0,0,0,0.0,1.223041275762405,0.8520971302428255,,,,北控水务,C
00371,2016-12-08,DAILY_NEUTRAL,0,0,0,0,0,0.0,1.2132076600940525,0.8702460850111857,,,,北控水务,C
00371,2016-12-09,DAILY_NEUTRAL,0,0,0,0,0,0.0,1.321921355494426,0.8820861678004536,,,,北控水务,C
00371,2016-12-12,DAILY_NEUTRAL,0,0,0,0,0,0.0,1.0824103066008637,0.8594104308390023,,,,北控水务,C
00371,2016-12-13,DAILY_NEUTRAL,0,0,0,0,0,0.0,1.714532029310581,0.836734693877551,,,,北控水务,C
00371,2016-12-14,DAILY_NEUTRAL,0,0,0,0,0,0.0,0.6984247292226924,0.8231292517006802,,,,北控水务,C
00371,2016-12-15,DAILY_NEUTRAL,0,0,0,0,0,0.0,1.64810335570154,0.7868480725623583,,,,北控水务,C
00371,2016-12-16,DAILY_NEUTRAL,0,0,0,0,0,0.0,1.4215793369961331,0.7800453514739228,,,,北控水务,C
00371,2016-12-19,DAILY_NEUTRAL,0,0,0,0,0,0.0,0.375929100953029,0.8117647058823529,,,,北控水务,C
00371,2016-12-20,DAILY_NEUTRAL,0,0,0,0,0,0.0,0.5764076085731245,0.8094117647058824,,,,北控水务,C
00371,2016-12-21,DAILY_NEUTRAL,0,0,0,0,0,0.0,0.5163439306034006,0.8282352941176471,,,,北控水务,C
00371,2016-12-22,DAILY_NEUTRAL,0,0,0,0,0,0.0,0.5966776498440884,0.8235294117647058,,,,北控水务,C
00371,2016-12-23,DAILY_NEUTRAL,0,0,0,0,0,0.0,0.7342493761245361,0.8023809523809524,,,,北控水务,C
00371,2016-12-28,DAILY_NEUTRAL,0,0,0,0,0,0.0,1.1205578245033494,0.85,,,,北控水务,C
00371,2016-12-29,DAILY_NEUTRAL,0,0,0,0,0,33.33333333333333,0.6902701164260976,0.8571428571428571,,,,北控水务,C
00371,2016-12-30,DAILY_NEUTRAL,0,0,0,0,0,33.33333333333333,0.8703621101017026,0.8619047619047618,,,,北控水务,C
00371,2017-01-03,DAILY_NEUTRAL,0,0,0,0,0,33.33333333333333,0.8998230474362369,0.8380952380952381,,,,北控水务,C
00371,2017-01-04,DAILY_NEUTRAL,0,0,0,0,0,33.33333333333333,1.7789361261718402,0.8463414634146342,,,,北控水务,C
00371,2017-01-05,DAILY_NEUTRAL,0,0,0,0,0,33.33333333333333,1.5651480246975307,0.8575,,,,北控水务,C
00371,2017-01-06,DAILY_NEUTRAL,0,0,0,0,0,0.0,1.9085651883218187,0.8718592964824121,,,,北控水务,C
00371,2017-01-09,DAILY_NEUTRAL,0,0,0,0,0,0.0,1.1551571744976177,0.8944723618090452,,,,北控水务,C
00371,2017-01-10,DAILY_NEUTRAL,0,0,0,0,0,0.0,1.0321331895516277,0.8905852417302799,,,,北控水务,C
00371,2017-01-11,DAILY_PULLBACK,0,0,1,0,0,66.66666666666666,0.7764227753012983,0.9258312020460358,,,,北控水务,C
00371,2017-01-12,DAILY_NEUTRAL,0,0,0,0,0,100.0,1.421637000660928,0.9539641943734015,,,,北控水务,C
00371,2017-01-13,DAILY_NEUTRAL,0,0,0,0,0,100.0,0.7466181490783416,0.952755905511811,,,,北控水务,C
00371,2017-01-16,DAILY_NEUTRAL,0,0,0,0,0,100.0,0.46494789091918176,0.9501312335958005,,,,北控水务,C
00371,2017-01-17,DAILY_NEUTRAL,0,0,0,0,0,100.0,1.3912488208989926,1.005249343832021,,,,北控水务,C
00371,2017-01-18,DAILY_NEUTRAL,0,0,0,0,0,100.0,1.0851888556343208,1.0234375,,,,北控水务,C
00371,2017-01-19,DAILY_NEUTRAL,0,0,0,0,0,100.0,0.7350857264606429,1.0,,,,北控水务,C
00371,2017-01-20,DAILY_NEUTRAL,0,0,0,0,0,100.0,1.0665536999011318,0.9848866498740554,,,,北控水务,C
00371,2017-01-23,DAILY_NEUTRAL,0,0,0,0,0,100.0,1.1430715312532105,0.9848866498740554,,,,北控水务,C
00371,2017-01-24,DAILY_PULLBACK,0,0,1,0,0,100.0,0.4402813792946299,0.9672544080604533,,,,北控水务,C
00371,2017-01-25,DAILY_PULLBACK,0,0,1,0,0,100.0,0.38992716775025793,0.9672544080604533,,,,北控水务,C
00371,2017-01-26,DAILY_NEUTRAL,0,0,0,0,0,100.0,0.8594721810489535,0.9974811083123425,,,,北控水务,C
00371,2017-01-27,DAILY_PULLBACK,0,0,1,0,0,100.0,0.3838268500784691,0.9675,,,,北控水务,C
00371,2017-02-01,DAILY_PULLBACK,0,0,1,0,0,66.66666666666666,0.9536994319007428,0.985,,,,北控水务,C
00371,2017-02-02,DAILY_PULLBACK,0,0,1,0,0,66.66666666666666,0.7662997863277294,0.9775,,,,北控水务,C
00371,2017-02-03,DAILY_NEUTRAL,0,0,0,0,0,100.0,2.03400069898999,0.995,,,,北控水务,C
00371,2017-02-06,DAILY_NEUTRAL,0,0,0,0,0,100.0,0.9910272706296843,0.9925,,,,北控水务,C
00371,2017-02-07,DAILY_DISTRIBUTION,0,1,1,0,0,100.0,1.4641067264084184,0.9825436408977557,,,,北控水务,C
00371,2017-02-08,DAILY_NEUTRAL,0,0,0,0,0,100.0,0.8970859960844902,0.9709443099273607,,,,北控水务,C
00371,2017-02-09,DAILY_NEUTRAL,0,0,0,0,0,100.0,2.5429099911069373,0.9975786924939468,,,,北控水务,C
00371,2017-02-10,DAILY_DISTRIBUTION,0,1,0,0,0,100.0,1.4545373439406508,0.9879807692307693,,,,北控水务,C
00371,2017-02-13,DAILY_NEUTRAL,0,0,0,0,0,100.0,0.7640754507198593,0.9764705882352942,,,,北控水务,C
00371,2017-02-14,DAILY_NEUTRAL,0,0,0,0,0,100.0,0.8526133137610292,0.9694117647058824,,,,北控水务,C
00371,2017-02-15,DAILY_PULLBACK,0,0,1,0,0,100.0,0.8918950426909331,0.9482352941176471,,,,北控水务,C
00371,2017-02-16,DAILY_PULLBACK,0,0,1,0,0,100.0,0.9999733290480246,0.9482352941176471,,,,北控水务,C
00371,2017-02-17,DAILY_NEUTRAL,0,0,0,0,0,66.66666666666666,0.6362465757763167,0.9247058823529413,,,,北控水务,C
00371,2017-02-20,DAILY_PULLBACK,0,0,1,0,0,66.66666666666666,1.1205612995390832,0.9647058823529411,,,,北控水务,C
00371,2017-02-21,DAILY_NEUTRAL,0,0,0,0,0,33.33333333333333,0.543615135548314,0.9341176470588236,,,,北控水务,C
00371,2017-02-22,DAILY_PULLBACK,0,0,1,0,0,66.66666666666666,1.6106128118397653,0.9835294117647058,,,,北控水务,C
00371,2017-02-23,DAILY_PULLBACK,0,0,1,0,0,66.66666666666666,0.7561456809901016,0.9694117647058824,,,,北控水务,C
00371,2017-02-24,DAILY_NEUTRAL,0,0,0,0,0,100.0,0.6700294482188834,0.9741176470588234,,,,北控水务,C
00371,2017-02-27,DAILY_NEUTRAL,0,0,0,0,0,100.0,0.710043308903702,0.9717647058823529,,,,北控水务,C
00371,2017-02-28,DAILY_NEUTRAL,0,0,0,0,0,66.66666666666666,0.8772971985127704,0.9435294117647058,,,,北控水务,C
00371,2017-03-01,DAILY_PULLBACK,0,0,1,0,0,100.0,1.2543336570423955,0.9623529411764705,,,,北控水务,C
00371,2017-03-02,DAILY_PULLBACK,0,0,1,0,0,100.0,1.008846556254389,0.9623529411764705,,,,北控水务,C
00371,2017-03-03,DAILY_NEUTRAL,0,0,0,0,0,33.33333333333333,0.9554196884475431,0.9529411764705882,,,,北控水务,C
00371,2017-03-06,DAILY_PULLBACK,0,0,1,0,0,66.66666666666666,1.0692607439929256,0.9670588235294119,,,,北控水务,C
00371,2017-03-07,DAILY_NEUTRAL,0,0,0,0,0,33.33333333333333,1.53378365563552,0.9388235294117647,,,,北控水务,C
00371,2017-03-08,DAILY_NEUTRAL,0,0,0,0,0,0.0,1.6083669347861536,0.9388235294117647,,,,北控水务,C
00371,2017-03-09,DAILY_NEUTRAL,0,0,0,0,0,0.0,0.8132768900210123,0.9270588235294117,,,,北控水务,C
00371,2017-03-10,DAILY_NEUTRAL,0,0,0,0,0,0.0,0.42686352853408815,0.9341176470588236,,,,北控水务,C
00371,2017-03-13,DAILY_NEUTRAL,0,0,0,0,0,33.33333333333333,1.11938205365791,0.9645390070921985,,,,北控水务,C
00371,2017-03-14,DAILY_NEUTRAL,0,0,0,0,0,33.33333333333333,0.5313799487348402,0.9669030732860519,,,,北控水务,C
00371,2017-03-15,DAILY_NEUTRAL,0,0,0,0,0,0.0,0.8026815398229464,0.9503546099290778,,,,北控水务,C
00371,2017-03-16,DAILY_NEUTRAL,0,0,0,0,0,66.66666666666666,1.1512283506599994,0.9669030732860519,,,,北控水务,C
00371,2017-03-17,DAILY_BREAKOUT,1,0,0,0,0,66.66666666666666,4.103272938668733,1.0330969267139478,,,,北控水务,C
00371,2017-03-20,DAILY_DISTRIBUTION,0,1,0,0,0,66.66666666666666,1.4154476119975403,0.981859410430839,,,,北控水务,C
00371,2017-03-21,DAILY_NEUTRAL,0,0,0,0,0,100.0,0.9956516050071662,0.9752252252252251,,,,北控水务,C
00371,2017-03-22,DAILY_PULLBACK,0,0,1,0,0,100.0,0.8806610740025963,0.9594594594594593,,,,北控水务,C
00371,2017-03-23,DAILY_PULLBACK,0,0,1,0,0,100.0,0.5168448025511867,0.954954954954955,,,,北控水务,C
00371,2017-03-24,DAILY_PULLBACK,0,0,1,0,0,100.0,0.7134111360656464,0.9662162162162161,,,,北控水务,C
00371,2017-03-27,DAILY_PULLBACK,0,0,1,0,0,100.0,0.7761383822625196,0.9481981981981981,,,,北控水务,C
00371,2017-03-28,DAILY_PULLBACK,0,0,1,0,0,100.0,0.4457999428977269,0.954954954954955,,,,北控水务,C
00371,2017-03-29,DAILY_PULLBACK,0,0,1,0,0,66.66666666666666,1.2691546571766228,0.9662162162162161,,,,北控水务,C
00371,2017-03-30,DAILY_PULLBACK,0,0,1,0,0,66.66666666666666,1.7579376381635796,0.9369369369369369,,,,北控水务,C
00371,2017-03-31,DAILY_PULLBACK,0,0,1,0,0,66.66666666666666,1.4103868339697596,0.9504504504504503,,,,北控水务,C
00371,2017-04-03,DAILY_BREAKOUT,1,0,0,0,0,100.0,3.271021691239795,1.0292792792792793,,,,北控水务,C
00371,2017-04-05,DAILY_DISTRIBUTION,0,1,0,0,0,100.0,3.502363952950976,0.9827213822894169,,,,北控水务,C
00371,2017-04-06,DAILY_NEUTRAL,0,0,0,0,0,100.0,0.5553270769578266,0.9285714285714285,,,,北控水务,C
00371,2017-04-07,DAILY_NEUTRAL,0,0,0,0,0,100.0,1.5219108806570871,0.9632653061224489,,,,北控水务,C
00371,2017-04-10,DAILY_NEUTRAL,0,0,0,0,0,100.0,0.8214541358281857,0.9734693877551018,,,,北控水务,C
00371,2017-04-11,DAILY_NEUTRAL,0,0,0,0,0,100.0,0.5500098058038985,0.9673469387755101,,,,北控水务,C
00371,2017-04-12,DAILY_NEUTRAL,0,0,0,0,0,100.0,0.7859143779596147,0.9918367346938776,,,,北控水务,C
00371,2017-04-13,DAILY_PULLBACK,0,0,1,0,0,100.0,0.5683037930191668,0.9693877551020408,,,,北控水务,C
00371,2017-04-18,DAILY_PULLBACK,0,0,1,0,0,100.0,0.5981352625128135,0.930612244897959,,,,北控水务,C
00371,2017-04-19,DAILY_PULLBACK,0,0,1,0,0,100.0,0.6996026876380476,0.910204081632653,,,,北控水务,C
00371,2017-04-20,DAILY_NEUTRAL,0,0,0,0,0,33.33333333333333,0.4497533425028588,0.910204081632653,,,,北控水务,C
00371,2017-04-21,DAILY_NEUTRAL,0,0,0,0,0,33.33333333333333,0.37207900919557785,0.9040816326530611,,,,北控水务,C
00371,2017-04-24,DAILY_NEUTRAL,0,0,0,0,0,33.33333333333333,0.5738192547421476,0.889795918367347,,,,北控水务,C
00371,2017-04-25,DAILY_PULLBACK,0,0,1,0,0,66.66666666666666,1.0762746650670472,0.9265306122448979,,,,北控水务,C
00371,2017-04-26,DAILY_PULLBACK,0,0,1,0,0,66.66666666666666,0.8410640906037732,0.9224489795918366,,,,北控水务,C
00371,2017-04-27,DAILY_NEUTRAL,0,0,0,0,0,33.33333333333333,0.8214932609946008,0.910204081632653,,,,北控水务,C
00371,2017-04-28,DAILY_NEUTRAL,0,0,0,0,0,0.0,1.3635151091667923,0.9020408163265305,,,,北控水务,C
00371,2017-05-02,DAILY_NEUTRAL,0,0,0,0,0,33.33333333333333,0.8641558385147858,0.889795918367347,,,,北控水务,C
00371,2017-05-04,DAILY_NEUTRAL,0,0,0,0,0,0.0,1.1603672623329329,0.8918367346938775,,,,北控水务,C
00371,2017-05-05,DAILY_NEUTRAL,0,0,0,0,0,0.0,1.6630083466856393,0.8551020408163266,,,,北控水务,C
00371,2017-05-08,DAILY_NEUTRAL,0,0,0,0,0,0.0,0.5529398384219776,0.8551020408163266,,,,北控水务,C
00371,2017-05-09,DAILY_NEUTRAL,0,0,0,0,0,0.0,1.198685912380457,0.889795918367347,,,,北控水务,C
00371,2017-05-10,DAILY_NEUTRAL,0,0,0,0,0,0.0,1.8756257373430785,0.9081632653061225,,,,北控水务,C
00371,2017-05-11,DAILY_NEUTRAL,0,0,0,0,0,0.0,0.9454166052164699,0.8877551020408162,,,,北控水务,C
00371,2017-05-12,DAILY_NEUTRAL,0,0,0,0,0,0.0,0.3370526464692672,0.883673469387755,,,,北控水务,C
00371,2017-05-15,DAILY_NEUTRAL,0,0,0,0,0,33.33333333333333,0.8573651904888311,0.8999999999999999,,,,北控水务,C
00371,2017-05-16,DAILY_NEUTRAL,0,0,0,0,0,66.66666666666666,1.4329518445143963,0.930612244897959,,,,北控水务,C
00371,2017-05-17,DAILY_NEUTRAL,0,0,0,0,0,66.66666666666666,0.9611381766159415,0.9461697722567288,,,,北控水务,C
00371,2017-05-18,DAILY_NEUTRAL,0,0,0,0,0,66.66666666666666,1.7411810717663367,0.9578947368421052,,,,北控水务,C
00371,2017-05-19,DAILY_PULLBACK,0,0,1,0,0,100.0,0.5137275082886008,0.9470338983050848,,,,北控水务,C
00371,2017-05-22,DAILY_NEUTRAL,0,0,0,0,0,100.0,0.628240324671978,0.9639830508474576,,,,北控水务,C
00371,2017-05-23,DAILY_NEUTRAL,0,0,0,0,0,100.0,0.6808563993908944,0.9618644067796611,,,,北控水务,C
00371,2017-05-24,DAILY_NEUTRAL,0,0,0,0,0,100.0,0.9030237834757762,0.9682203389830509,,,,北控水务,C
00371,2017-05-25,DAILY_NEUTRAL,0,0,0,0,0,100.0,0.648631340800563,0.9682203389830509,,,,北控水务,C
00371,2017-05-26,DAILY_NEUTRAL,0,0,0,0,0,100.0,0.5762773836475216,0.9682203389830509,,,,北控水务,C
00371,2017-05-29,DAILY_NEUTRAL,0,0,0,0,0,100.0,0.6382323910026756,0.9724576271186441,,,,北控水务,C
00371,2017-05-31,DAILY_NEUTRAL,0,0,0,0,0,100.0,4.563147532571191,0.9957627118644069,,,,北控水务,C
00371,2017-06-01,DAILY_DISTRIBUTION,0,1,0,0,0,100.0,1.3302445799952418,0.9873150105708244,,,,北控水务,C
00371,2017-06-02,DAILY_NEUTRAL,0,0,0,0,0,100.0,0.5508472283855453,0.9873150105708244,,,,北控水务,C
00371,2017-06-05,DAILY_NEUTRAL,0,0,0,0,0,100.0,0.5633487360381246,0.989429175475687,,,,北控水务,C
00371,2017-06-06,DAILY_PULLBACK,0,0,1,0,0,100.0,0.43505755027491233,0.974630021141649,,,,北控水务,C
00371,2017-06-07,DAILY_PULLBACK,0,0,1,0,0,100.0,1.0657505797603124,0.9619450317124735,,,,北控水务,C
00371,2017-06-08,DAILY_PULLBACK,0,0,1,0,0,100.0,0.9671984478643002,0.9767441860465116,,,,北控水务,C
00371,2017-06-09,DAILY_NEUTRAL,0,0,0,0,0,33.33333333333333,1.7042898192388947,0.9513742071881606,,,,北控水务,C
00371,2017-06-12,DAILY_NEUTRAL,0,0,0,0,0,33.33333333333333,1.2260581651666569,0.9281183932346722,,,,北控水务,C
00371,2017-06-13,DAILY_NEUTRAL,0,0,0,0,0,33.33333333333333,1.6796314786543272,0.9154334038054968,,,,北控水务,C
00371,2017-06-14,DAILY_NEUTRAL,0,0,0,0,0,0.0,0.5245049021256074,0.9154334038054968,,,,北控水务,C
00371,2017-06-15,DAILY_NEUTRAL,0,0,0,0,0,0.0,2.8206718049517017,0.9513742071881606,,,,北控水务,C
00371,2017-06-16,DAILY_NEUTRAL,0,0,0,0,0,33.33333333333333,2.1691742160157212,0.9978858350951373,,,,北控水务,C
00371,2017-06-19,DAILY_NEUTRAL,0,0,0,0,0,33.33333333333333,0.4908016987574853,0.9936575052854122,,,,北控水务,C
00371,2017-06-20,DAILY_NEUTRAL,0,0,0,0,0,66.66666666666666,0.4081955240857501,0.9812889812889813,,,,北控水务,C
00371,2017-06-21,DAILY_NEUTRAL,0,0,0,0,0,66.66666666666666,0.4246097351368065,0.9771309771309773,,,,北控水务,C
00371,2017-06-22,DAILY_NEUTRAL,0,0,0,0,0,66.66666666666666,0.35326995880297263,0.970893970893971,,,,北控水务,C
00371,2017-06-23,DAILY_NEUTRAL,0,0,0,0,0,66.66666666666666,0.4756283781451362,0.9771309771309773,,,,北控水务,C
00371,2017-06-26,DAILY_NEUTRAL,0,0,0,0,0,100.0,1.7966903426556562,0.9792099792099793,,,,北控水务,C
00371,2017-06-27,DAILY_DISTRIBUTION,0,1,0,0,0,100.0,1.3622571126881315,0.9812889812889813,,,,北控水务,C
00371,2017-06-28,DAILY_PULLBACK,0,0,1,0,0,100.0,0.759763043778585,0.970893970893971,,,,北控水务,C
00371,2017-06-29,DAILY_PULLBACK,0,0,1,0,0,66.66666666666666,0.730124582990871,0.9604989604989606,,,,北控水务,C
00371,2017-06-30,DAILY_NEUTRAL,0,0,0,0,0,33.33333333333333,1.4987108517371728,0.9521829521829522,,,,北控水务,C
00371,2017-07-03,DAILY_PULLBACK,0,0,1,0,0,66.66666666666666,0.5563506038810535,0.9563409563409564,,,,北控水务,C
00371,2017-07-04,DAILY_NEUTRAL,0,0,0,0,0,33.33333333333333,1.293418692114964,0.9251559251559253,,,,北控水务,C
00371,2017-07-05,DAILY_NEUTRAL,0,0,0,0,0,33.33333333333333,0.7890545302136914,0.9293139293139293,,,,北控水务,C
00371,2017-07-06,DAILY_NEUTRAL,0,0,0,0,0,33.33333333333333,1.3767224110849823,0.9251559251559253,,,,北控水务,C
00371,2017-07-07,DAILY_NEUTRAL,0,0,0,0,0,0.0,0.4030585249585962,0.9272349272349273,,,,北控水务,C
00371,2017-07-10,DAILY_NEUTRAL,0,0,0,0,0,0.0,1.1968001785931963,0.9376299376299376,,,,北控水务,C
00371,2017-07-11,DAILY_NEUTRAL,0,0,0,0,0,0.0,1.240392801973521,0.9542619542619543,,,,北控水务,C
00371,2017-07-12,DAILY_NEUTRAL,0,0,0,0,0,0.0,0.6893276231092546,0.9542619542619543,,,,北控水务,C
00371,2017-07-13,DAILY_NEUTRAL,0,0,0,0,0,66.66666666666666,2.168975303347528,0.9875259875259876,,,,北控水务,C
00371,2017-07-14,DAILY_NEUTRAL,0,0,0,0,0,66.66666666666666,0.9585082311158678,0.9896049896049897,,,,北控水务,C
00371,2017-07-17,DAILY_NEUTRAL,0,0,0,0,0,66.66666666666666,1.1757648117180308,0.995841995841996,,,,北控水务,C
00371,2017-07-18,DAILY_NEUTRAL,0,0,0,0,0,66.66666666666666,0.8192057831995727,0.9937759336099584,,,,北控水务,C
00371,2017-07-19,DAILY_NEUTRAL,0,0,0,0,0,100.0,1.2768092243057216,1.0062240663900415,,,,北控水务,C
00371,2017-07-20,DAILY_BREAKOUT,1,0,0,0,0,100.0,2.8672411180234745,1.0265848670756645,,,,北控水务,C
00371,2017-07-21,DAILY_NEUTRAL,0,0,0,0,0,100.0,0.6213278350944664,0.9822834645669292,,,,北控水务,C
00371,2017-07-24,DAILY_NEUTRAL,0,0,0,0,0,100.0,0.5096196382356567,0.9704724409448818,,,,北控水务,C
00371,2017-07-25,DAILY_NEUTRAL,0,0,0,0,0,100.0,1.7893703006220485,0.9940944881889763,,,,北控水务,C
00371,2017-07-26,DAILY_NEUTRAL,0,0,0,0,0,100.0,0.3794372639148684,0.9767891682785299,,,,北控水务,C
00371,2017-07-27,DAILY_NEUTRAL,0,0,0,0,0,100.0,0.8270051735623535,0.9961315280464218,,,,北控水务,C
00371,2017-07-28,DAILY_NEUTRAL,0,0,0,0,0,100.0,0.7087791163425655,0.9807692307692306,,,,北控水务,C
00371,2017-07-31,DAILY_PULLBACK,0,0,1,0,0,100.0,0.8490878251264247,0.9634615384615384,,,,北控水务,C
00371,2017-08-01,DAILY_PULLBACK,0,0,1,0,0,100.0,0.7380441683796418,0.948076923076923,,,,北控水务,C
00371,2017-08-02,DAILY_NEUTRAL,0,0,0,0,0,100.0,1.4304824047257427,0.9788461538461538,,,,北控水务,C
00371,2017-08-03,DAILY_NEUTRAL,0,0,0,0,0,100.0,0.768394088795692,0.9826923076923078,,,,北控水务,C
00371,2017-08-04,DAILY_PULLBACK,0,0,1,0,0,66.66666666666666,0.5972219239237071,0.9788461538461538,,,,北控水务,C
00371,2017-08-07,DAILY_PULLBACK,0,0,1,0,0,66.66666666666666,0.2905671688617727,0.9788461538461538,,,,北控水务,C
00371,2017-08-08,DAILY_PULLBACK,0,0,1,0,0,100.0,0.9503611994286687,0.973076923076923,,,,北控水务,C
00371,2017-08-09,DAILY_NEUTRAL,0,0,0,0,0,66.66666666666666,1.3099338248391408,0.9500000000000001,,,,北控水务,C
00371,2017-08-10,DAILY_NEUTRAL,0,0,0,0,0,33.33333333333333,1.323659309790023,0.9326923076923076,,,,北控水务,C
00371,2017-08-11,DAILY_NEUTRAL,0,0,0,0,0,33.33333333333333,1.395785741337123,0.9153846153846154,,,,北控水务,C
00371,2017-08-14,DAILY_NEUTRAL,0,0,0,0,0,0.0,1.0060170867402298,0.9500000000000001,,,,北控水务,C
00371,2017-08-15,DAILY_NEUTRAL,0,0,0,0,0,0.0,0.7137297743002987,0.9576923076923077,,,,北控水务,C
00371,2017-08-16,DAILY_NEUTRAL,0,0,0,0,0,33.33333333333333,0.6247833626834036,0.9807692307692306,,,,北控水务,C
00371,2017-08-17,DAILY_NEUTRAL,0,0,0,0,0,33.33333333333333,0.7363221005020879,0.9788461538461538,,,,北控水务,C
00371,2017-08-18,DAILY_NEUTRAL,0,0,0,0,0,66.66666666666666,0.6229926139098455,0.975,,,,北控水务,C
00371,2017-08-21,DAILY_NEUTRAL,0,0,0,0,0,33.33333333333333,0.43330269778384806,0.9653846153846153,,,,北控水务,C
00371,2017-08-22,DAILY_NEUTRAL,0,0,0,0,0,66.66666666666666,0.5808380226601143,0.9673076923076923,,,,北控水务,C
00371,2017-08-24,DAILY_NEUTRAL,0,0,0,0,0,33.33333333333333,2.891035303781818,0.9634615384615384,,,,北控水务,C
00371,2017-08-25,DAILY_NEUTRAL,0,0,0,0,0,33.33333333333333,1.3980299195473975,0.9557692307692307,,,,北控水务,C
00371,2017-08-28,DAILY_NEUTRAL,0,0,0,0,0,33.33333333333333,1.1614887256271216,0.9499036608863197,,,,北控水务,C
00371,2017-08-29,DAILY_NEUTRAL,0,0,0,0,0,33.33333333333333,0.7372261798552873,0.9499036608863197,,,,北控水务,C
00371,2017-08-30,DAILY_NEUTRAL,0,0,0,0,0,33.33333333333333,1.2909254171791473,0.9614643545279383,,,,北控水务,C
00371,2017-08-31,DAILY_PULLBACK,0,0,1,0,0,66.66666666666666,2.3495346076252015,0.9961464354527938,,,,北控水务,C
00371,2017-09-01,DAILY_NEUTRAL,0,0,0,0,0,100.0,1.185082107894648,0.9714828897338404,,,,北控水务,C
00371,2017-09-04,DAILY_PULLBACK,0,0,1,0,0,100.0,0.5512296170099733,0.9600760456273765,,,,北控水务,C
00371,2017-09-05,DAILY_PULLBACK,0,0,1,0,0,100.0,0.6840250975889539,0.9543726235741444,,,,北控水务,C
00371,2017-09-06,DAILY_NEUTRAL,0,0,0,0,0,66.66666666666666,1.082123171460742,0.9372623574144486,,,,北控水务,C
00371,2017-09-07,DAILY_NEUTRAL,0,0,0,0,0,33.33333333333333,0.9317116092569173,0.9201520912547528,,,,北控水务,C
00371,2017-09-08,DAILY_NEUTRAL,0,0,0,0,0,0.0,0.685703756901989,0.935361216730038,,,,北控水务,C
00371,2017-09-11,DAILY_NEUTRAL,0,0,0,0,0,0.0,0.5699988668326108,0.9277566539923955,,,,北控水务,C
00371,2017-09-12,DAILY_NEUTRAL,0,0,0,0,0,0.0,0.913211279979059,0.9277566539923955,,,,北控水务,C
00371,2017-09-13,DAILY_NEUTRAL,0,0,0,0,0,0.0,0.8179033016078817,0.9277566539923955,,,,北控水务,C
00371,2017-09-14,DAILY_NEUTRAL,0,0,0,0,0,0.0,1.0547645582281397,0.9163498098859316,,,,北控水务,C
00371,2017-09-15,DAILY_NEUTRAL,0,0,0,0,0,0.0,1.5457763539438016,0.9239543726235743,,,,北控水务,C
00371,2017-09-18,DAILY_NEUTRAL,0,0,0,0,0,0.0,1.1248470883222672,0.9277566539923955,,,,北控水务,C
00371,2017-09-19,DAILY_NEUTRAL,0,0,0,0,0,33.33333333333333,0.9530790514272494,0.9524714828897338,,,,北控水务,C
00371,2017-09-20,DAILY_NEUTRAL,0,0,0,0,0,33.33333333333333,0.9216492268415801,0.9372623574144486,,,,北控水务,C
00371,2017-09-21,DAILY_NEUTRAL,0,0,0,0,0,66.66666666666666,0.9360163293868254,0.9505703422053232,,,,北控水务,C
00371,2017-09-22,DAILY_NEUTRAL,0,0,0,0,0,66.66666666666666,0.6612513115368716,0.9410646387832701,,,,北控水务,C
00371,2017-09-25,DAILY_NEUTRAL,0,0,0,0,0,33.33333333333333,1.2338956805851866,0.9068441064638783,,,,北控水务,C
00371,2017-09-26,DAILY_NEUTRAL,0,0,0,0,0,0.0,0.9918147566799418,0.903041825095057,,,,北控水务,C
00371,2017-09-27,DAILY_NEUTRAL,0,0,0,0,0,0.0,0.9254628433025257,0.9144486692015209,,,,北控水务,C
00371,2017-09-28,DAILY_NEUTRAL,0,0,0,0,0,0.0,0.9731245131272378,0.9068441064638783,,,,北控水务,C
00371,2017-09-29,DAILY_NEUTRAL,0,0,0,0,0,0.0,1.1177808960114157,0.9421965317919074,,,,北控水务,C
00371,2017-10-03,DAILY_NEUTRAL,0,0,0,0,0,33.33333333333333,0.622212591119155,0.9765166340508806,,,,北控水务,C
00371,2017-10-04,DAILY_NEUTRAL,0,0,0,0,0,66.66666666666666,0.5274499238016778,0.9744597249508841,,,,北控水务,C
00371,2017-10-06,DAILY_NEUTRAL,0,0,0,0,0,66.66666666666666,0.6219335354494431,0.9803149606299213,,,,北控水务,C
00371,2017-10-09,DAILY_NEUTRAL,0,0,0,0,0,66.66666666666666,0.9102622397409317,0.9763779527559054,,,,北控水务,C
00371,2017-10-10,DAILY_NEUTRAL,0,0,0,0,0,66.66666666666666,0.9965097643913284,0.9803149606299213,,,,北控水务,C
00371,2017-10-11,DAILY_PULLBACK,0,0,1,0,0,100.0,1.5935521011015805,0.9645669291338583,,,,北控水务,C
00371,2017-10-12,DAILY_NEUTRAL,0,0,0,0,0,66.66666666666666,0.9456812099402054,0.9625984251968503,,,,北控水务,C
00371,2017-10-13,DAILY_PULLBACK,0,0,1,0,0,100.0,0.8389825651405559,0.968503937007874,,,,北控水务,C
00371,2017-10-16,DAILY_PULLBACK,0,0,1,0,0,66.66666666666666,1.2399480561434635,0.9822834645669292,,,,北控水务,C
00371,2017-10-17,DAILY_PULLBACK,0,0,1,0,0,66.66666666666666,1.0705320364659063,0.9783464566929133,,,,北控水务,C
00371,2017-10-18,DAILY_BREAKOUT,1,0,0,0,0,100.0,2.2917475706254224,1.0059055118110236,,,,北控水务,C
00371,2017-10-19,DAILY_NEUTRAL,0,0,0,0,0,100.0,2.715124154045184,0.9748062015503877,,,,北控水务,C
00371,2017-10-20,DAILY_NEUTRAL,0,0,0,0,0,100.0,1.0935473192749567,0.9547169811320755,,,,北控水务,C
00371,2017-10-23,DAILY_NEUTRAL,0,0,0,0,0,100.0,1.5169646232053569,0.9905660377358491,,,,北控水务,C
00371,2017-10-24,DAILY_NEUTRAL,0,0,0,0,0,100.0,1.011223066859872,0.9943396226415094,,,,北控水务,C
00371,2017-10-25,DAILY_NEUTRAL,0,0,0,0,0,100.0,0.3296737149194047,0.9887218045112781,,,,北控水务,C
00371,2017-10-26,DAILY_NEUTRAL,0,0,0,0,0,100.0,0.3437112217173557,0.9906015037593984,,,,北控水务,C
00371,2017-10-27,DAILY_PULLBACK,0,0,1,0,0,100.0,0.8061404860137038,0.9793233082706766,,,,北控水务,C
00371,2017-10-30,DAILY_PULLBACK,0,0,1,0,0,100.0,0.712279940418347,0.9738317757009346,,,,北控水务,C
00371,2017-10-31,DAILY_PULLBACK,0,0,1,0,0,100.0,1.6637324533758442,0.9626168224299066,,,,北控水务,C
00371,2017-11-01,DAILY_PULLBACK,0,0,1,0,0,100.0,0.7929880118034637,0.97196261682243,,,,北控水务,C
00371,2017-11-02,DAILY_PULLBACK,0,0,1,0,0,66.66666666666666,1.0165146922072228,0.9869158878504674,,,,北控水务,C
00371,2017-11-03,DAILY_PULLBACK,0,0,1,0,0,66.66666666666666,0.7012349790959002,0.9869158878504674,,,,北控水务,C
00371,2017-11-06,DAILY_PULLBACK,0,0,1,0,0,66.66666666666666,0.7255686899820034,0.9757009345794393,,,,北控水务,C
00371,2017-11-07,DAILY_NEUTRAL,0,0,0,0,0,100.0,1.070295705608471,0.9906542056074766,,,,北控水务,C
00371,2017-11-08,DAILY_PULLBACK,0,0,1,0,0,100.0,0.7246389561908999,0.9644859813084113,,,,北控水务,C
00371,2017-11-09,DAILY_NEUTRAL,0,0,0,0,0,66.66666666666666,1.2997463872917627,0.9607476635514018,,,,北控水务,C
00371,2017-11-10,DAILY_NEUTRAL,0,0,0,0,0,33.33333333333333,1.271816235775026,0.9476635514018693,,,,北控水务,C
00371,2017-11-13,DAILY_NEUTRAL,0,0,0,0,0,33.33333333333333,1.6574257958384575,0.9271028037383178,,,,北控水务,C
00371,2017-11-14,DAILY_NEUTRAL,0,0,0,0,0,0.0,0.9525843473572424,0.9158878504672898,,,,北控水务,C
00371,2017-11-15,DAILY_NEUTRAL,0,0,0,0,0,0.0,1.1541444596174215,0.9158878504672898,,,,北控水务,C
00371,2017-11-16,DAILY_NEUTRAL,0,0,0,0,0,0.0,0.6321728929077457,0.9196261682242991,,,,北控水务,C
00371,2017-11-17,DAILY_NEUTRAL,0,0,0,0,0,0.0,1.2425544198962337,0.8990654205607477,,,,北控水务,C
00371,2017-11-20,DAILY_NEUTRAL,0,0,0,0,0,0.0,1.218912641387101,0.8803738317757009,,,,北控水务,C
00371,2017-11-21,DAILY_NEUTRAL,0,0,0,0,0,0.0,0.7884615115558372,0.8990654205607477,,,,北控水务,C
00371,2017-11-22,DAILY_NEUTRAL,0,0,0,0,0,0.0,1.1131789293562409,0.9046728971962618,,,,北控水务,C
00371,2017-11-23,DAILY_NEUTRAL,0,0,0,0,0,0.0,0.9011874347599534,0.9121495327102804,,,,北控水务,C
00371,2017-11-24,DAILY_NEUTRAL,0,0,0,0,0,0.0,0.5892416303275664,0.9084112149532712,,,,北控水务,C
00371,2017-11-27,DAILY_NEUTRAL,0,0,0,0,0,0.0,1.2866961029104487,0.891588785046729,,,,北控水务,C
00371,2017-11-28,DAILY_NEUTRAL,0,0,0,0,0,33.33333333333333,1.773688528076401,0.9009345794392525,,,,北控水务,C
00371,2017-11-29,DAILY_NEUTRAL,0,0,0,0,0,33.33333333333333,0.9373829162808925,0.8934579439252337,,,,北控水务,C
00371,2017-11-30,DAILY_NEUTRAL,0,0,0,0,0,0.0,1.7024765181633095,0.8785046728971964,,,,北控水务,C
00371,2017-12-01,DAILY_NEUTRAL,0,0,0,0,0,0.0,0.7714168089952418,0.8780487804878048,,,,北控水务,C
00371,2017-12-04,DAILY_NEUTRAL,0,0,0,0,0,0.0,0.9172357795361074,0.8761726078799249,,,,北控水务,C
00371,2017-12-05,DAILY_NEUTRAL,0,0,0,0,0,0.0,0.8707461103726781,0.8855534709193246,,,,北控水务,C
00371,2017-12-06,DAILY_NEUTRAL,0,0,0,0,0,0.0,1.1691357104016216,0.8684210526315789,,,,北控水务,C
00371,2017-12-07,DAILY_NEUTRAL,0,0,0,0,0,0.0,0.5994827754116877,0.8711538461538462,,,,北控水务,C
00371,2017-12-08,DAILY_NEUTRAL,0,0,0,0,0,0.0,0.7388651101380792,0.8824662813102119,,,,北控水务,C
00371,2017-12-11,DAILY_NEUTRAL,0,0,0,0,0,0.0,0.6767785667082554,0.9019607843137255,,,,北控水务,C
00371,2017-12-12,DAILY_NEUTRAL,0,0,0,0,0,0.0,0.7543965743153919,0.9107142857142857,,,,北控水务,C
00371,2017-12-13,DAILY_NEUTRAL,0,0,0,0,0,0.0,0.7359837682833887,0.9181636726546906,,,,北控水务,C
00371,2017-12-14,DAILY_NEUTRAL,0,0,0,0,0,0.0,1.2676506577513513,0.93158953722334,,,,北控水务,C
00371,2017-12-15,DAILY_NEUTRAL,0,0,0,0,0,0.0,1.3829083843676324,0.9134808853118713,,,,北控水务,C
00371,2017-12-18,DAILY_NEUTRAL,0,0,0,0,0,0.0,0.9630417683086929,0.9134808853118713,,,,北控水务,C
00371,2017-12-19,DAILY_NEUTRAL,0,0,0,0,0,0.0,0.8906837254954343,0.9255533199195171,,,,北控水务,C
00371,2017-12-20,DAILY_NEUTRAL,0,0,0,0,0,33.33333333333333,0.7164189702505722,0.9275653923541248,,,,北控水务,C
00371,2017-12-21,DAILY_NEUTRAL,0,0,0,0,0,66.66666666666666,0.9506412560841822,0.9496981891348089,,,,北控水务,C
00371,2017-12-22,DAILY_NEUTRAL,0,0,0,0,0,66.66666666666666,0.6163713687263049,0.9495967741935484,,,,北控水务,C
00371,2017-12-27,DAILY_NEUTRAL,0,0,0,0,0,66.66666666666666,0.6410278369346791,0.9530612244897958,,,,北控水务,C
00371,2017-12-28,DAILY_NEUTRAL,0,0,0,0,0,66.66666666666666,0.7230468139855025,0.9569672131147541,,,,北控水务,C
00371,2017-12-29,DAILY_PULLBACK,0,0,1,0,0,100.0,0.7760938375847146,0.9528688524590165,,,,北控水务,C
00371,2018-01-02,DAILY_NEUTRAL,0,0,0,0,0,100.0,1.505644203997896,0.993801652892562,,,,北控水务,C
00371,2018-01-03,DAILY_NEUTRAL,0,0,0,0,0,100.0,1.5553339750008799,0.9753593429158111,,,,北控水务,C
00371,2018-01-04,DAILY_NEUTRAL,0,0,0,0,0,100.0,2.2985896420169403,0.9856262833675564,,,,北控水务,C
00371,2018-01-05,DAILY_PULLBACK,0,0,1,0,0,100.0,2.122923927764817,0.9589322381930184,,,,北控水务,C
00371,2018-01-08,DAILY_PULLBACK,0,0,1,0,0,100.0,0.5470647766132198,0.9671457905544147,,,,北控水务,C
00371,2018-01-09,DAILY_PULLBACK,0,0,1,0,0,100.0,0.7043477812076702,0.9691991786447638,,,,北控水务,C
00371,2018-01-10,DAILY_NEUTRAL,0,0,0,0,0,66.66666666666666,0.9133196177138381,0.9568788501026694,,,,北控水务,C
00371,2018-01-11,DAILY_NEUTRAL,0,0,0,0,0,33.33333333333333,0.8985165258834081,0.9486652977412731,,,,北控水务,C
00371,2018-01-12,DAILY_NEUTRAL,0,0,0,0,0,33.33333333333333,0.7605267318058423,0.9445585215605748,,,,北控水务,C
00371,2018-01-15,DAILY_NEUTRAL,0,0,0,0,0,33.33333333333333,1.352407615926978,0.9383983572895278,,,,北控水务,C
00371,2018-01-16,DAILY_NEUTRAL,0,0,0,0,0,33.33333333333333,0.896362721260357,0.9466119096509241,,,,北控水务,C
00371,2018-01-17,DAILY_NEUTRAL,0,0,0,0,0,0.0,1.3328971676066088,0.9568788501026694,,,,北控水务,C
00371,2018-01-18,DAILY_NEUTRAL,0,0,0,0,0,0.0,1.3337102622340709,0.9527720739219712,,,,北控水务,C
00371,2018-01-19,DAILY_NEUTRAL,0,0,0,0,0,0.0,1.668076131199318,0.9486652977412731,,,,北控水务,C
00371,2018-01-22,DAILY_NEUTRAL,0,0,0,0,0,33.33333333333333,1.5246659715696653,0.9548254620123203,,,,北控水务,C
00371,2018-01-23,DAILY_NEUTRAL,0,0,0,0,0,33.33333333333333,1.3282471960612194,0.9425051334702258,,,,北控水务,C
00371,2018-01-24,DAILY_NEUTRAL,0,0,0,0,0,66.66666666666666,1.8755435611548716,0.997946611909651,,,,北控水务,C
00371,2018-01-25,DAILY_NEUTRAL,0,0,0,0,0,33.33333333333333,4.124750590589966,0.9346938775510204,,,,北控水务,C
00371,2018-01-26,DAILY_NEUTRAL,0,0,0,0,0,33.33333333333333,0.8670045349556863,0.9265306122448979,,,,北控水务,C
00371,2018-01-29,DAILY_NEUTRAL,0,0,0,0,0,0.0,0.6276130441834722,0.9183673469387754,,,,北控水务,C
00371,2018-01-30,DAILY_NEUTRAL,0,0,0,0,0,0.0,0.9746299779054064,0.8877551020408162,,,,北控水务,C
00371,2018-01-31,DAILY_NEUTRAL,0,0,0,0,0,0.0,0.9709032550684826,0.863265306122449,,,,北控水务,C
00371,2018-02-01,DAILY_NEUTRAL,0,0,0,0,0,0.0,0.538788807561775,0.8653061224489795,,,,北控水务,C
00371,2018-02-02,DAILY_NEUTRAL,0,0,0,0,0,0.0,0.7263048427673439,0.8571428571428571,,,,北控水务,C
00371,2018-02-05,DAILY_NEUTRAL,0,0,0,0,0,0.0,1.0500235485551868,0.8489795918367347,,,,北控水务,C
00371,2018-02-06,DAILY_NEUTRAL,0,0,0,0,0,0.0,2.1216596169488775,0.7510204081632653,,,,北控水务,C
00371,2018-02-07,DAILY_NEUTRAL,0,0,0,0,0,0.0,1.4075516735321583,0.773469387755102,,,,北控水务,C
00371,2018-02-08,DAILY_NEUTRAL,0,0,0,0,0,0.0,0.3999629315276868,0.773469387755102,,,,北控水务,C
00371,2018-02-09,DAILY_NEUTRAL,0,0,0,0,0,0.0,0.9826421856092421,0.720408163265306,,,,北控水务,C
00371,2018-02-12,DAILY_NEUTRAL,0,0,0,0,0,0.0,0.613230823938747,0.7,,,,北控水务,C
00371,2018-02-13,DAILY_NEUTRAL,0,0,0,0,0,0.0,0.6646185661798935,0.7346938775510203,,,,北控水务,C
00371,2018-02-14,DAILY_NEUTRAL,0,0,0,0,0,0.0,0.44101142163260393,0.746938775510204,,,,北控水务,C
00371,2018-02-15,DAILY_NEUTRAL,0,0,0,0,0,0.0,0.32987358462682204,0.7591836734693878,,,,北控水务,C
00371,2018-02-20,DAILY_NEUTRAL,0,0,0,0,0,0.0,0.9810323044099643,0.7632653061224489,,,,北控水务,C
00371,2018-02-21,DAILY_NEUTRAL,0,0,0,0,0,33.33333333333333,0.8095896324399058,0.7816326530612244,,,,北控水务,C
00371,2018-02-22,DAILY_NEUTRAL,0,0,0,0,0,33.33333333333333,1.155163996399528,0.7551020408163265,,,,北控水务,C
00371,2018-02-23,DAILY_NEUTRAL,0,0,0,0,0,33.33333333333333,1.373224847644832,0.7653061224489796,,,,北控水务,C
00371,2018-02-26,DAILY_NEUTRAL,0,0,0,0,0,33.33333333333333,0.8283044660355675,0.810234541577825,,,,北控水务,C
00371,2018-02-27,DAILY_NEUTRAL,0,0,0,0,0,33.33333333333333,0.750302348778263,0.8095238095238095,,,,北控水务,C
00371,2018-02-28,DAILY_NEUTRAL,0,0,0,0,0,33.33333333333333,1.852334571790919,0.8061002178649238,,,,北控水务,C
00371,2018-03-01,DAILY_NEUTRAL,0,0,0,0,0,33.33333333333333,0.8110236068855741,0.8226164079822617,,,,北控水务,C
00371,2018-03-02,DAILY_NEUTRAL,0,0,0,0,0,0.0,0.6898973535165956,0.8502304147465438,,,,北控水务,C
00371,2018-03-05,DAILY_NEUTRAL,0,0,0,0,0,0.0,1.1192958661102932,0.8433179723502304,,,,北控水务,C
00371,2018-03-06,DAILY_PULLBACK,0,0,1,0,0,66.66666666666666,0.8147790417928857,0.8764568764568764,,,,北控水务,C
00371,2018-03-07,DAILY_PULLBACK,0,0,1,0,0,66.66666666666666,0.6920812146279589,0.8923444976076556,,,,北控水务,C
00371,2018-03-08,DAILY_PULLBACK,0,0,1,0,0,66.66666666666666,1.0746175487840262,0.955334987593052,,,,北控水务,C
00371,2018-03-09,DAILY_NEUTRAL,0,0,0,0,0,100.0,0.795384368336211,0.9673366834170855,,,,北控水务,C
00371,2018-03-12,DAILY_NEUTRAL,0,0,0,0,0,100.0,0.8320418598441607,0.9847715736040609,,,,北控水务,C
00371,2018-03-13,DAILY_NEUTRAL,0,0,0,0,0,100.0,0.7295419418664195,0.9673366834170855,,,,北控水务,C
00371,2018-03-14,DAILY_PULLBACK,0,0,1,0,0,100.0,0.6688505310994098,0.9547738693467336,,,,北控水务,C
00371,2018-03-15,DAILY_PULLBACK,0,0,1,0,0,100.0,0.43712263180667477,0.957286432160804,,,,北控水务,C
00371,2018-03-16,DAILY_NEUTRAL,0,0,0,0,0,66.66666666666666,1.3965608427579106,0.9447236180904522,,,,北控水务,C
00371,2018-03-19,DAILY_NEUTRAL,0,0,0,0,0,33.33333333333333,0.7616780569434297,0.9447236180904522,,,,北控水务,C
00371,2018-03-20,DAILY_NEUTRAL,0,0,0,0,0,33.33333333333333,0.8042265007938998,0.9472361809045227,,,,北控水务,C
00371,2018-03-21,DAILY_PULLBACK,0,0,1,0,0,66.66666666666666,1.4842709347655867,0.957286432160804,,,,北控水务,C
00371,2018-03-22,DAILY_PULLBACK,0,0,1,0,0,66.66666666666666,0.991074352827894,0.949748743718593,,,,北控水务,C
00371,2018-03-23,DAILY_NEUTRAL,0,0,0,0,0,33.33333333333333,1.6171546335447249,0.9170854271356784,,,,北控水务,C
00371,2018-03-26,DAILY_NEUTRAL,0,0,0,0,0,0.0,1.411369855521444,0.8944723618090452,,,,北控水务,C
00371,2018-03-27,DAILY_NEUTRAL,0,0,0,0,0,0.0,1.0028680614141938,0.9246231155778895,,,,北控水务,C
00371,2018-03-28,DAILY_NEUTRAL,0,0,0,0,0,0.0,1.7898752824158775,0.8844221105527639,,,,北控水务,C
00371,2018-03-29,DAILY_NEUTRAL,0,0,0,0,0,0.0,6.755225409836066,0.7487437185929648,,,,北控水务,C
00371,2018-04-03,DAILY_NEUTRAL,0,0,0,0,0,0.0,2.408960180045114,0.6959798994974874,,,,北控水务,C
00371,2018-04-04,DAILY_NEUTRAL,0,0,0,0,0,0.0,0.5748197388115412,0.6909547738693468,,,,北控水务,C
00371,2018-04-06,DAILY_NEUTRAL,0,0,0,0,0,0.0,0.4308694455217713,0.7160804020100503,,,,北控水务,C
00371,2018-04-09,DAILY_NEUTRAL,0,0,0,0,0,0.0,0.4316375378796848,0.7336683417085427,,,,北控水务,C
00371,2018-04-10,DAILY_NEUTRAL,0,0,0,0,0,0.0,0.4501425408124779,0.7487437185929648,,,,北控水务,C
00371,2018-04-11,DAILY_NEUTRAL,0,0,0,0,0,0.0,0.675177830617385,0.7914572864321607,,,,北控水务,C
00371,2018-04-12,DAILY_NEUTRAL,0,0,0,0,0,0.0,1.0293054838594693,0.7738693467336684,,,,北控水务,C
00371,2018-04-13,DAILY_NEUTRAL,0,0,0,0,0,33.33333333333333,0.5764896820853221,0.7933673469387755,,,,北控水务,C
00371,2018-04-16,DAILY_NEUTRAL,0,0,0,0,0,33.33333333333333,0.654421206404179,0.7666666666666667,,,,北控水务,C
00371,2018-04-17,DAILY_NEUTRAL,0,0,0,0,0,33.33333333333333,1.2033796233968348,0.7384615384615385,,,,北控水务,C
00371,2018-04-18,DAILY_NEUTRAL,0,0,0,0,0,33.33333333333333,0.9490814866687599,0.7333333333333333,,,,北控水务,C
00371,2018-04-19,DAILY_NEUTRAL,0,0,0,0,0,0.0,0.9865394996175295,0.7666666666666667,,,,北控水务,C
00371,2018-04-20,DAILY_NEUTRAL,0,0,0,0,0,0.0,1.4096743265426317,0.7538461538461538,,,,北控水务,C
00371,2018-04-23,DAILY_NEUTRAL,0,0,0,0,0,0.0,0.5856758728724558,0.7564102564102565,,,,北控水务,C
00371,2018-04-24,DAILY_NEUTRAL,0,0,0,0,0,0.0,1.0644547909946374,0.8,,,,北控水务,C
00371,2018-04-25,DAILY_NEUTRAL,0,0,0,0,0,66.66666666666666,0.8866810556440454,0.8288770053475936,,,,北控水务,C
00371,2018-04-26,DAILY_NEUTRAL,0,0,0,0,0,33.33333333333333,0.6432063805177175,0.8048128342245988,,,,北控水务,C
00371,2018-04-27,DAILY_NEUTRAL,0,0,0,0,0,66.66666666666666,0.4817638521682661,0.8288770053475936,,,,北控水务,C
00371,2018-04-30,DAILY_NEUTRAL,0,0,0,0,0,100.0,0.732791964956513,0.8556149732620321,,,,北控水务,C
00371,2018-05-02,DAILY_NEUTRAL,0,0,0,0,0,100.0,1.7248430604197522,0.8848314606741573,,,,北控水务,C
00371,2018-05-03,DAILY_PULLBACK,0,0,1,0,0,100.0,0.7647796985086938,0.9539877300613497,,,,北控水务,C
00371,2018-05-04,DAILY_PULLBACK,0,0,1,0,0,100.0,1.0620414877208832,0.941717791411043,,,,北控水务,C
00371,2018-05-07,DAILY_PULLBACK,0,0,1,0,0,100.0,0.7000579868859106,0.9355828220858896,,,,北控水务,C
00371,2018-05-08,DAILY_PULLBACK,0,0,1,0,0,66.66666666666666,0.8119595932569728,0.9447852760736197,,,,北控水务,C
00371,2018-05-09,DAILY_PULLBACK,0,0,1,0,0,66.66666666666666,0.665261756644746,0.9447852760736197,,,,北控水务,C
00371,2018-05-10,DAILY_PULLBACK,0,0,1,0,0,66.66666666666666,0.6317307853441262,0.9355828220858896,,,,北控水务,C
00371,2018-05-11,DAILY_PULLBACK,0,0,1,0,0,66.66666666666666,1.8081328822257736,0.98159509202454,,,,北控水务,C
00371,2018-05-14,DAILY_NEUTRAL,0,0,0,0,0,100.0,1.0978042043805691,0.98159509202454,,,,北控水务,C
00371,2018-05-15,DAILY_NEUTRAL,0,0,0,0,0,100.0,0.9030491525096709,0.9631901840490799,,,,北控水务,C
00371,2018-05-16,DAILY_PULLBACK,0,0,1,0,0,100.0,0.9623886993411542,0.9539877300613497,,,,北控水务,C
00371,2018-05-17,DAILY_NEUTRAL,0,0,0,0,0,66.66666666666666,0.7001412939695717,0.941717791411043,,,,北控水务,C
00371,2018-05-18,DAILY_PULLBACK,0,0,1,0,0,100.0,0.6524446545436483,0.9539877300613497,,,,北控水务,C
00371,2018-05-21,DAILY_NEUTRAL,0,0,0,0,0,100.0,7.058609201487453,1.0920245398773007,,,,北控水务,C
00371,2018-05-23,DAILY_NEUTRAL,0,0,0,0,0,100.0,2.5638614244482416,0.994475138121547,,,,北控水务,C
00371,2018-05-24,DAILY_NEUTRAL,0,0,0,0,0,100.0,0.6407955607242523,0.9462365591397849,,,,北控水务,C
00371,2018-05-25,DAILY_PULLBACK,0,0,1,0,0,100.0,0.42805073180050573,0.9193548387096774,,,,北控水务,C
00371,2018-05-28,DAILY_PULLBACK,0,0,1,0,0,100.0,0.677641009552283,0.9005376344086021,,,,北控水务,C
00371,2018-05-29,DAILY_PULLBACK,0,0,1,0,0,100.0,0.6150722209728166,0.8655913978494624,,,,北控水务,C
00371,2018-05-30,DAILY_PULLBACK,0,0,1,0,0,100.0,0.6638839381939817,0.8655913978494624,,,,北控水务,C
00371,2018-05-31,DAILY_PULLBACK,0,0,1,0,0,66.66666666666666,1.1779044961808918,0.8951612903225806,,,,北控水务,C
00371,2018-06-01,DAILY_PULLBACK,0,0,1,0,0,66.66666666666666,0.9791470542682809,0.9166666666666666,,,,北控水务,C
00371,2018-06-04,DAILY_PULLBACK,0,0,1,0,0,66.66666666666666,0.942334040936742,0.9220430107526881,,,,北控水务,C
00371,2018-06-05,DAILY_PULLBACK,0,0,1,0,0,66.66666666666666,0.6103359891271336,0.9112903225806451,,,,北控水务,C
00371,2018-06-06,DAILY_NEUTRAL,0,0,0,0,0,100.0,0.4175701707839793,0.9301075268817204,,,,北控水务,C
00371,2018-06-07,DAILY_NEUTRAL,0,0,0,0,0,100.0,0.5333674620891938,0.9247311827956989,,,,北控水务,C
00371,2018-06-08,DAILY_PULLBACK,0,0,1,0,0,100.0,0.7366008375957874,0.9032258064516128,,,,北控水务,C
00371,2018-06-11,DAILY_PULLBACK,0,0,1,0,0,100.0,0.552143049713959,0.9086021505376344,,,,北控水务,C
00371,2018-06-12,DAILY_PULLBACK,0,0,1,0,0,100.0,0.7031541081185044,0.9112903225806451,,,,北控水务,C
00371,2018-06-13,DAILY_NEUTRAL,0,0,0,0,0,33.33333333333333,1.0954857256810975,0.8924731182795698,,,,北控水务,C
00371,2018-06-14,DAILY_NEUTRAL,0,0,0,0,0,33.33333333333333,1.3764032763520868,0.8763440860215053,,,,北控水务,C
00371,2018-06-15,DAILY_NEUTRAL,0,0,0,0,0,0.0,1.5564289998955076,0.8736559139784946,,,,北控水务,C
00371,2018-06-19,DAILY_NEUTRAL,0,0,0,0,0,0.0,2.763520067154331,0.8548387096774194,,,,北控水务,C
00371,2018-06-20,DAILY_NEUTRAL,0,0,0,0,0,0.0,1.091967891817528,0.8279569892473118,,,,北控水务,C
00371,2018-06-21,DAILY_NEUTRAL,0,0,0,0,0,0.0,0.9170200925282888,0.7983870967741935,,,,北控水务,C
00371,2018-06-22,DAILY_NEUTRAL,0,0,0,0,0,0.0,1.0269167651267324,0.8611111111111112,,,,北控水务,C
00371,2018-06-25,DAILY_NEUTRAL,0,0,0,0,0,0.0,0.9492495472366974,0.8647887323943662,,,,北控水务,C
00371,2018-06-26,DAILY_NEUTRAL,0,0,0,0,0,0.0,0.6274980533098274,0.8579545454545454,,,,北控水务,C
00371,2018-06-27,DAILY_NEUTRAL,0,0,0,0,0,0.0,1.1554404787834924,0.8210227272727273,,,,北控水务,C
00371,2018-06-28,DAILY_NEUTRAL,0,0,0,0,0,0.0,0.5582289292245862,0.8125,,,,北控水务,C
00371,2018-06-29,DAILY_NEUTRAL,0,0,0,0,0,0.0,0.7034820963399534,0.8409090909090909,,,,北控水务,C
00371,2018-07-03,DAILY_NEUTRAL,0,0,0,0,0,0.0,1.1244236245175836,0.8352272727272727,,,,北控水务,C
00371,2018-07-04,DAILY_NEUTRAL,0,0,0,0,0,0.0,1.6230012545982742,0.8579545454545454,,,,北控水务,C
00371,2018-07-05,DAILY_NEUTRAL,0,0,0,0,0,0.0,0.7487995132390559,0.8409090909090909,,,,北控水务,C
00371,2018-07-06,DAILY_NEUTRAL,0,0,0,0,0,0.0,0.7946691284305251,0.8636363636363636,,,,北控水务,C
00371,2018-07-09,DAILY_NEUTRAL,0,0,0,0,0,33.33333333333333,0.5036058873897585,0.8693181818181819,,,,北控水务,C
00371,2018-07-10,DAILY_NEUTRAL,0,0,0,0,0,33.33333333333333,0.6710668674438645,0.8670520231213873,,,,北控水务,C
00371,2018-07-11,DAILY_NEUTRAL,0,0,0,0,0,33.33333333333333,1.2360974115890293,0.8680351906158358,,,,北控水务,C
00371,2018-07-12,DAILY_NEUTRAL,0,0,0,0,0,66.66666666666666,2.241205543425331,0.9032258064516129,,,,北控水务,C
00371,2018-07-13,DAILY_NEUTRAL,0,0,0,0,0,66.66666666666666,1.0239272782226276,0.8970588235294117,,,,北控水务,C
00371,2018-07-16,DAILY_NEUTRAL,0,0,0,0,0,33.33333333333333,0.8619541725341178,0.897897897897898,,,,北控水务,C
00371,2018-07-17,DAILY_NEUTRAL,0,0,0,0,0,0.0,0.7883343725708755,0.8750000000000001,,,,北控水务,C
00371,2018-07-18,DAILY_NEUTRAL,0,0,0,0,0,0.0,0.6988979483283604,0.8719512195121951,,,,北控水务,C
00371,2018-07-19,DAILY_NEUTRAL,0,0,0,0,0,0.0,1.160703317148309,0.8687499999999999,,,,北控水务,C
00371,2018-07-20,DAILY_NEUTRAL,0,0,0,0,0,0.0,1.1614094140862632,0.8562500000000001,,,,北控水务,C
00371,2018-07-23,DAILY_NEUTRAL,0,0,0,0,0,0.0,2.3275563975774642,0.915625,,,,北控水务,C
00371,2018-07-24,DAILY_NEUTRAL,0,0,0,0,0,33.33333333333333,3.212300358987708,0.975,,,,北控水务,C
00371,2018-07-25,DAILY_NEUTRAL,0,0,0,0,0,33.33333333333333,1.0598503668502173,0.9327217125382262,,,,北控水务,C
00371,2018-07-26,DAILY_NEUTRAL,0,0,0,0,0,66.66666666666666,0.2877611562140712,0.9418960244648318,,,,北控水务,C
00371,2018-07-27,DAILY_NEUTRAL,0,0,0,0,0,66.66666666666666,0.2528936325903929,0.944954128440367,,,,北控水务,C
00371,2018-07-30,DAILY_NEUTRAL,0,0,0,0,0,66.66666666666666,0.5865412348037438,0.9204892966360856,,,,北控水务,C
00371,2018-07-31,DAILY_NEUTRAL,0,0,0,0,0,33.33333333333333,0.468980095838745,0.9051987767584098,,,,北控水务,C
00371,2018-08-01,DAILY_NEUTRAL,0,0,0,0,0,33.33333333333333,1.3158588394621669,0.9021406727828747,,,,北控水务,C
00371,2018-08-02,DAILY_NEUTRAL,0,0,0,0,0,66.66666666666666,0.5690373279197259,0.8899082568807339,,,,北控水务,C
00371,2018-08-03,DAILY_NEUTRAL,0,0,0,0,0,33.33333333333333,0.9940211431682993,0.8623853211009174,,,,北控水务,C
00371,2018-08-06,DAILY_NEUTRAL,0,0,0,0,0,33.33333333333333,1.0587498316862016,0.8440366972477064,,,,北控水务,C
00371,2018-08-07,DAILY_NEUTRAL,0,0,0,0,0,33.33333333333333,1.2625838632420454,0.8685015290519877,,,,北控水务,C
00371,2018-08-08,DAILY_NEUTRAL,0,0,0,0,0,0.0,0.8666929063483945,0.8532110091743119,,,,北控水务,C
00371,2018-08-09,DAILY_NEUTRAL,0,0,0,0,0,0.0,0.6016481680987464,0.8715596330275229,,,,北控水务,C
00371,2018-08-10,DAILY_NEUTRAL,0,0,0,0,0,0.0,0.5009191576141919,0.8532110091743119,,,,北控水务,C
00371,2018-08-13,DAILY_NEUTRAL,0,0,0,0,0,0.0,0.6482814345519963,0.8379204892966361,,,,北控水务,C
00371,2018-08-14,DAILY_NEUTRAL,0,0,0,0,0,0.0,2.5764129291430335,0.7981651376146789,,,,北控水务,C
00371,2018-08-15,DAILY_NEUTRAL,0,0,0,0,0,0.0,2.8439841802779977,0.7553516819571866,,,,北控水务,C
00371,2018-08-16,DAILY_NEUTRAL,0,0,0,0,0,0.0,1.6311914981677906,0.7308868501529052,,,,北控水务,C
00371,2018-08-17,DAILY_NEUTRAL,0,0,0,0,0,0.0,0.5587963890594901,0.7339449541284403,,,,北控水务,C
00371,2018-08-20,DAILY_NEUTRAL,0,0,0,0,0,0.0,0.6074769425694825,0.72782874617737,,,,北控水务,C
00371,2018-08-21,DAILY_NEUTRAL,0,0,0,0,0,0.0,0.5104371848933704,0.7675840978593271,,,,北控水务,C
00371,2018-08-22,DAILY_NEUTRAL,0,0,0,0,0,0.0,1.3123129173013597,0.7981366459627328,,,,北控水务,C
00371,2018-08-23,DAILY_NEUTRAL,0,0,0,0,0,0.0,0.5134071154648152,0.8075709779179812,,,,北控水务,C
00371,2018-08-24,DAILY_NEUTRAL,0,0,0,0,0,0.0,0.7538963014837551,0.8138801261829653,,,,北控水务,C
00371,2018-08-27,DAILY_NEUTRAL,0,0,0,0,0,33.33333333333333,1.1636508945156743,0.8296529968454258,,,,北控水务,C
00371,2018-08-28,DAILY_NEUTRAL,0,0,0,0,0,33.33333333333333,0.835531769103396,0.8603896103896104,,,,北控水务,C
00371,2018-08-29,DAILY_NEUTRAL,0,0,0,0,0,66.66666666666666,3.1329288843835945,0.9601328903654486,,,,北控水务,C
00371,2018-08-30,DAILY_NEUTRAL,0,0,0,0,0,66.66666666666666,1.377928471871572,0.9731543624161073,,,,北控水务,C
00371,2018-08-31,DAILY_NEUTRAL,0,0,0,0,0,66.66666666666666,0.9110345266779596,0.9899665551839464,,,,北控水务,C
00371,2018-09-03,DAILY_NEUTRAL,0,0,0,0,0,100.0,0.3974146515595285,0.963210702341137,,,,北控水务,C
00371,2018-09-04,DAILY_PULLBACK,0,0,1,0,0,100.0,0.37689537694193453,0.9698996655518394,,,,北控水务,C
00371,2018-09-05,DAILY_NEUTRAL,0,0,0,0,0,100.0,0.898563068618322,0.979933110367893,,,,北控水务,C
00371,2018-09-06,DAILY_PULLBACK,0,0,1,0,0,100.0,1.4909130728531643,0.9130434782608695,,,,北控水务,C
00371,2018-09-07,DAILY_PULLBACK,0,0,1,0,0,100.0,1.1682820737267496,0.9163879598662208,,,,北控水务,C
00371,2018-09-10,DAILY_PULLBACK,0,0,1,0,0,66.66666666666666,1.3326647785741532,0.8963210702341137,,,,北控水务,C
00371,2018-09-11,DAILY_NEUTRAL,0,0,0,0,0,33.33333333333333,0.7646882827013719,0.8695652173913043,,,,北控水务,C
00371,2018-09-12,DAILY_NEUTRAL,0,0,0,0,0,33.33333333333333,0.5658987805639222,0.8528428093645484,,,,北控水务,C
00371,2018-09-13,DAILY_NEUTRAL,0,0,0,0,0,33.33333333333333,1.0062354881154187,0.88628762541806,,,,北控水务,C
00371,2018-09-14,DAILY_NEUTRAL,0,0,0,0,0,33.33333333333333,0.5534700835681408,0.88628762541806,,,,北控水务,C
00371,2018-09-17,DAILY_NEUTRAL,0,0,0,0,0,0.0,1.097034745102636,0.846153846153846,,,,北控水务,C
00371,2018-09-18,DAILY_NEUTRAL,0,0,0,0,0,0.0,1.118159331039455,0.8762541806020067,,,,北控水务,C
00371,2018-09-19,DAILY_NEUTRAL,0,0,0,0,0,33.33333333333333,1.2759952624531896,0.9264214046822742,,,,北控水务,C
00371,2018-09-20,DAILY_NEUTRAL,0,0,0,0,0,66.66666666666666,0.753774253011956,0.9531772575250835,,,,北控水务,C
00371,2018-09-21,DAILY_NEUTRAL,0,0,0,0,0,66.66666666666666,1.578759291901759,0.9899665551839464,,,,北控水务,C
00371,2018-09-24,DAILY_NEUTRAL,0,0,0,0,0,66.66666666666666,0.498365554019038,0.9598662207357859,,,,北控水务,C
00371,2018-09-26,DAILY_NEUTRAL,0,0,0,0,0,66.66666666666666,1.0999655722987118,0.9933110367892977,,,,北控水务,C
00371,2018-09-27,DAILY_NEUTRAL,0,0,0,0,0,66.66666666666666,0.9766722565440034,0.9866220735785953,,,,北控水务,C
00371,2018-09-28,DAILY_NEUTRAL,0,0,0,0,0,100.0,0.9827577567958861,0.983277591973244,,,,北控水务,C
00371,2018-10-02,DAILY_PULLBACK,0,0,1,0,0,100.0,0.6346064146163249,0.9598662207357859,,,,北控水务,C
00371,2018-10-03,DAILY_PULLBACK,0,0,1,0,0,100.0,0.38393477501394313,0.9732441471571907,,,,北控水务,C
00371,2018-10-04,DAILY_PULLBACK,0,0,1,0,0,100.0,0.6866565201668456,0.9598662207357859,,,,北控水务,C
00371,2018-10-05,DAILY_PULLBACK,0,0,1,0,0,66.66666666666666,0.5543563888698241,0.9531772575250835,,,,北控水务,C
00371,2018-10-08,DAILY_NEUTRAL,0,0,0,0,0,33.33333333333333,1.624891116600103,0.903010033444816,,,,北控水务,C
00371,2018-10-09,DAILY_PULLBACK,0,0,1,0,0,66.66666666666666,1.0737478188361698,0.9364548494983276,,,,北控水务,C
00371,2018-10-10,DAILY_NEUTRAL,0,0,0,0,0,33.33333333333333,0.7098113535480722,0.9063545150501672,,,,北控水务,C
00371,2018-10-11,DAILY_NEUTRAL,0,0,0,0,0,33.33333333333333,2.092343171260908,0.862876254180602,,,,北控水务,C
00371,2018-10-12,DAILY_NEUTRAL,0,0,0,0,0,33.33333333333333,0.9619447870030556,0.8795986622073577,,,,北控水务,C
00371,2018-10-15,DAILY_NEUTRAL,0,0,0,0,0,0.0,0.7071166080442188,0.8729096989966554,,,,北控水务,C
00371,2018-10-16,DAILY_NEUTRAL,0,0,0,0,0,0.0,0.8452465187071215,0.88628762541806,,,,北控水务,C
00371,2018-10-18,DAILY_NEUTRAL,0,0,0,0,0,0.0,2.0338244683985742,0.8896321070234113,,,,北控水务,C
00371,2018-10-19,DAILY_NEUTRAL,0,0,0,0,0,33.33333333333333,1.7706574580109118,0.94314381270903,,,,北控水务,C
00371,2018-10-22,DAILY_NEUTRAL,0,0,0,0,0,66.66666666666666,1.0687233604821436,0.9665551839464883,,,,北控水务,C
00371,2018-10-23,DAILY_NEUTRAL,0,0,0,0,0,33.33333333333333,0.5918628600924437,0.9130434782608695,,,,北控水务,C
00371,2018-10-24,DAILY_NEUTRAL,0,0,0,0,0,33.33333333333333,0.6870642580873494,0.9130434782608695,,,,北控水务,C
00371,2018-10-25,DAILY_NEUTRAL,0,0,0,0,0,33.33333333333333,0.7245337036391999,0.9096989966555183,,,,北控水务,C
00371,2018-10-26,DAILY_NEUTRAL,0,0,0,0,0,33.33333333333333,1.2503908335409695,0.8929765886287625,,,,北控水务,C
00371,2018-10-29,DAILY_NEUTRAL,0,0,0,0,0,0.0,1.2346940988255695,0.882943143812709,,,,北控水务,C
00371,2018-10-30,DAILY_NEUTRAL,0,0,0,0,0,0.0,0.8113792706674294,0.8929765886287625,,,,北控水务,C
00371,2018-10-31,DAILY_NEUTRAL,0,0,0,0,0,33.33333333333333,1.4082645239223224,0.9230769230769229,,,,北控水务,C
00371,2018-11-01,DAILY_PULLBACK,0,0,1,0,0,66.66666666666666,1.259447839539609,0.9864406779661017,,,,北控水务,C
00371,2018-11-02,DAILY_NEUTRAL,0,0,0,0,0,100.0,1.8517995841118626,1.0375426621160408,,,,北控水务,C
00371,2018-11-05,DAILY_NEUTRAL,0,0,0,0,0,100.0,0.6707268013292202,0.9836065573770493,,,,北控水务,C
00371,2018-11-06,DAILY_NEUTRAL,0,0,0,0,0,100.0,0.7809524094011113,0.9967213114754099,,,,北控水务,C
00371,2018-11-07,DAILY_NEUTRAL,0,0,0,0,0,100.0,0.5680002030227862,0.9836065573770493,,,,北控水务,C
00371,2018-11-08,DAILY_NEUTRAL,0,0,0,0,0,100.0,1.0982717433329767,1.0131147540983607,,,,北控水务,C
00371,2018-11-09,DAILY_PULLBACK,0,0,1,0,0,100.0,0.5843097440477784,0.9523809523809524,,,,北控水务,C
00371,2018-11-12,DAILY_NEUTRAL,0,0,0,0,0,100.0,0.35049267146566576,0.9650793650793651,,,,北控水务,C
00371,2018-11-13,DAILY_NEUTRAL,0,0,0,0,0,100.0,0.8808005488763608,0.9746031746031746,,,,北控水务,C
00371,2018-11-14,DAILY_NEUTRAL,0,0,0,0,0,100.0,1.096276353080455,0.9746031746031746,,,,北控水务,C
00371,2018-11-15,DAILY_NEUTRAL,0,0,0,0,0,100.0,0.780740528641967,0.9936507936507937,,,,北控水务,C
00371,2018-11-16,DAILY_DISTRIBUTION,0,1,0,0,0,100.0,1.9815535996665954,0.996825396825397,,,,北控水务,C
00371,2018-11-19,DAILY_DISTRIBUTION,0,1,0,0,0,100.0,1.4560381979911798,0.9842271293375395,,,,北控水务,C
00371,2018-11-20,DAILY_PULLBACK,0,0,1,0,0,100.0,1.0872369898327323,0.9534161490683228,,,,北控水务,C
00371,2018-11-21,DAILY_PULLBACK,0,0,1,0,0,100.0,1.0863248952067484,0.9440993788819876,,,,北控水务,C
00371,2018-11-22,DAILY_NEUTRAL,0,0,0,0,0,100.0,0.7086797152926406,0.9627329192546583,,,,北控水务,C
00371,2018-11-23,DAILY_NEUTRAL,0,0,0,0,0,100.0,0.5819956025014505,0.9720496894409937,,,,北控水务,C
00371,2018-11-26,DAILY_PULLBACK,0,0,1,0,0,66.66666666666666,0.7417063465607757,0.9751552795031055,,,,北控水务,C
00371,2018-11-27,DAILY_NEUTRAL,0,0,0,0,0,100.0,1.1165285359276902,0.9751552795031055,,,,北控水务,C
00371,2018-11-28,DAILY_NEUTRAL,0,0,0,0,0,100.0,1.56082967711006,1.0278637770897832,,,,北控水务,C
00371,2018-11-29,DAILY_NEUTRAL,0,0,0,0,0,100.0,0.9723882946224127,0.9849397590361446,,,,北控水务,C
00371,2018-11-30,DAILY_NEUTRAL,0,0,0,0,0,100.0,1.7153701409360418,0.9649122807017544,,,,北控水务,C
00371,2018-12-03,DAILY_NEUTRAL,0,0,0,0,0,100.0,1.6820520009164412,1.0087719298245614,,,,北控水务,C
00371,2018-12-04,DAILY_DISTRIBUTION,0,1,0,0,0,100.0,2.6827377055336408,0.9884726224783862,,,,北控水务,C
00371,2018-12-05,DAILY_NEUTRAL,0,0,0,0,0,100.0,0.5769716385864873,0.9769452449567723,,,,北控水务,C
00371,2018-12-06,DAILY_PULLBACK,0,0,1,0,0,100.0,1.6300406713752382,0.9510086455331411,,,,北控水务,C
00371,2018-12-07,DAILY_NEUTRAL,0,0,0,0,0,66.66666666666666,0.45124944283271123,0.9048991354466859,,,,北控水务,C
00371,2018-12-10,DAILY_NEUTRAL,0,0,0,0,0,33.33333333333333,0.5948570291676696,0.8760806916426512,,,,北控水务,C
00371,2018-12-11,DAILY_NEUTRAL,0,0,0,0,0,33.33333333333333,0.9906309752277523,0.8559077809798271,,,,北控水务,C
00371,2018-12-12,DAILY_NEUTRAL,0,0,0,0,0,33.33333333333333,2.320721781426564,0.8818443804034581,,,,北控水务,C
00371,2018-12-13,DAILY_NEUTRAL,0,0,0,0,0,33.33333333333333,0.8449585467536405,0.8703170028818443,,,,北控水务,C
00371,2018-12-14,DAILY_NEUTRAL,0,0,0,0,0,33.33333333333333,0.7605808429765565,0.8760806916426512,,,,北控水务,C
00371,2018-12-17,DAILY_NEUTRAL,0,0,0,0,0,0.0,0.5242756511153607,0.8789625360230546,,,,北控水务,C
00371,2018-12-18,DAILY_NEUTRAL,0,0,0,0,0,0.0,0.5888895239723553,0.8559077809798271,,,,北控水务,C
00371,2018-12-19,DAILY_NEUTRAL,0,0,0,0,0,0.0,0.845209445194957,0.8674351585014408,,,,北控水务,C
00371,2018-12-20,DAILY_NEUTRAL,0,0,0,0,0,0.0,0.5333902166631285,0.8328530259365994,,,,北控水务,C
00371,2018-12-21,DAILY_NEUTRAL,0,0,0,0,0,0.0,0.9826745645521464,0.8155619596541787,,,,北控水务,C
00371,2018-12-24,DAILY_NEUTRAL,0,0,0,0,0,0.0,0.3093644700814415,0.8213256484149856,,,,北控水务,C
00371,2018-12-27,DAILY_NEUTRAL,0,0,0,0,0,0.0,1.0981181925922092,0.7838616714697406,,,,北控水务,C
00371,2018-12-28,DAILY_NEUTRAL,0,0,0,0,0,0.0,1.876651495504541,0.7636887608069164,,,,北控水务,C
00371,2018-12-31,DAILY_NEUTRAL,0,0,0,0,0,0.0,0.42458270850245694,0.7953890489913543,,,,北控水务,C
00371,2019-01-02,DAILY_NEUTRAL,0,0,0,0,0,0.0,0.5640943806703207,0.7694524495677233,,,,北控水务,C
00371,2019-01-03,DAILY_NEUTRAL,0,0,0,0,0,0.0,1.3511120197192883,0.7492795389048991,,,,北控水务,C
00371,2019-01-04,DAILY_NEUTRAL,0,0,0,0,0,0.0,1.2512623277941564,0.7774566473988439,,,,北控水务,C
00371,2019-01-07,DAILY_NEUTRAL,0,0,0,0,0,0.0,0.7906609306099549,0.7994186046511628,,,,北控水务,C
00371,2019-01-08,DAILY_NEUTRAL,0,0,0,0,0,0.0,0.5342037900781457,0.8141592920353982,,,,北控水务,C
00371,2019-01-09,DAILY_NEUTRAL,0,0,0,0,0,66.66666666666666,1.7918576848351688,0.8837920489296637,,,,北控水务,C
00371,2019-01-10,DAILY_NEUTRAL,0,0,0,0,0,66.66666666666666,1.2081173801266731,0.9267515923566879,,,,北控水务,C
00371,2019-01-11,DAILY_NEUTRAL,0,0,0,0,0,66.66666666666666,0.9294475294094097,0.9483870967741935,,,,北控水务,C
00371,2019-01-14,DAILY_NEUTRAL,0,0,0,0,0,66.66666666666666,1.0438924910501837,0.9709677419354837,,,,北控水务,C
00371,2019-01-15,DAILY_NEUTRAL,0,0,0,0,0,66.66666666666666,0.7676462153000109,0.970873786407767,,,,北控水务,C
00371,2019-01-16,DAILY_NEUTRAL,0,0,0,0,0,100.0,0.4700435479966969,0.9837662337662337,,,,北控水务,C
00371,2019-01-17,DAILY_NEUTRAL,0,0,0,0,0,100.0,0.8466102076085975,0.9902597402597402,,,,北控水务,C
00371,2019-01-18,DAILY_NEUTRAL,0,0,0,0,0,100.0,1.1982041169297688,0.9967426710097721,,,,北控水务,C
00371,2019-01-21,DAILY_NEUTRAL,0,0,0,0,0,100.0,3.8252632029635087,1.0553745928338762,,,,北控水务,C
00371,2019-01-22,DAILY_NEUTRAL,0,0,0,0,0,100.0,1.5244789657980289,0.9694189602446482,,,,北控水务,C
00371,2019-01-23,DAILY_NEUTRAL,0,0,0,0,0,100.0,0.7633015615433293,0.9755351681957186,,,,北控水务,C
00371,2019-01-24,DAILY_NEUTRAL,0,0,0,0,0,100.0,0.5570864428547392,0.9785932721712539,,,,北控水务,C
00371,2019-01-25,DAILY_NEUTRAL,0,0,0,0,0,100.0,1.008303989669901,1.0336391437308867,,,,北控水务,C
00371,2019-01-28,DAILY_NEUTRAL,0,0,0,0,0,100.0,0.5209843414648434,0.9705014749262537,,,,北控水务,C
00371,2019-01-29,DAILY_NEUTRAL,0,0,0,0,0,100.0,0.7083666216360891,0.9736842105263158,,,,北控水务,C
00371,2019-01-30,DAILY_PULLBACK,0,0,1,0,0,100.0,0.8005521139654869,0.9532163742690059,,,,北控水务,C
00371,2019-01-31,DAILY_PULLBACK,0,0,1,0,0,100.0,1.2096095540986664,0.9649122807017544,,,,北控水务,C
00371,2019-02-01,DAILY_NEUTRAL,0,0,0,0,0,100.0,0.9906254440627851,0.9970760233918129,,,,北控水务,C
00371,2019-02-04,DAILY_NEUTRAL,0,0,0,0,0,100.0,0.3743111376953476,0.9883040935672515,,,,北控水务,C
00371,2019-02-08,DAILY_PULLBACK,0,0,1,0,0,100.0,1.3324859818997354,0.9619883040935673,,,,北控水务,C
00371,2019-02-11,DAILY_NEUTRAL,0,0,0,0,0,100.0,1.2450323994227743,0.9912280701754387,,,,北控水务,C
00371,2019-02-12,DAILY_NEUTRAL,0,0,0,0,0,100.0,0.951286412219981,0.9970760233918129,,,,北控水务,C
00371,2019-02-13,DAILY_NEUTRAL,0,0,0,0,0,100.0,2.114167760353859,1.04093567251462,,,,北控水务,C
00371,2019-02-14,DAILY_NEUTRAL,0,0,0,0,0,100.0,0.9880145822045913,1.0,,,,北控水务,C
00371,2019-02-15,DAILY_PULLBACK,0,0,1,0,0,100.0,1.0209519497350694,0.9258241758241759,,,,北控水务,C
00371,2019-02-18,DAILY_PULLBACK,0,0,1,0,0,100.0,0.9171300419623224,0.9423076923076923,,,,北控水务,C
00371,2019-02-19,DAILY_PULLBACK,0,0,1,0,0,100.0,0.4897426084324801,0.9395604395604396,,,,北控水务,C
00371,2019-02-20,DAILY_PULLBACK,0,0,1,0,0,100.0,0.6234686516111393,0.9395604395604396,,,,北控水务,C
00371,2019-02-21,DAILY_PULLBACK,0,0,1,0,0,66.66666666666666,0.9725654188025775,0.945054945054945,,,,北控水务,C
00371,2019-02-22,DAILY_PULLBACK,0,0,1,0,0,66.66666666666666,0.8512068731568113,0.9532967032967034,,,,北控水务,C
00371,2019-02-25,DAILY_PULLBACK,0,0,1,0,0,66.66666666666666,1.5819955736263038,0.967032967032967,,,,北控水务,C
00371,2019-02-26,DAILY_NEUTRAL,0,0,0,0,0,66.66666666666666,0.9488402006544024,0.967032967032967,,,,北控水务,C
00371,2019-02-27,DAILY_NEUTRAL,0,0,0,0,0,100.0,1.283150540729888,0.9835164835164835,,,,北控水务,C
00371,2019-02-28,DAILY_PULLBACK,0,0,1,0,0,100.0,1.0497916787142192,0.9480874316939891,,,,北控水务,C
00371,2019-03-01,DAILY_PULLBACK,0,0,1,0,0,100.0,0.8724213917845048,0.9590163934426229,,,,北控水务,C
00371,2019-03-04,DAILY_NEUTRAL,0,0,0,0,0,100.0,1.8340891820831273,1.0081967213114753,,,,北控水务,C
00371,2019-03-05,DAILY_NEUTRAL,0,0,0,0,0,100.0,1.278741007712624,0.9815303430079156,,,,北控水务,C
00371,2019-03-06,DAILY_NEUTRAL,0,0,0,0,0,100.0,1.0013333790718744,0.9736147757255936,,,,北控水务,C
00371,2019-03-07,DAILY_PULLBACK,0,0,1,0,0,100.0,0.7138568964846853,0.9404145077720207,,,,北控水务,C
00371,2019-03-08,DAILY_NEUTRAL,0,0,0,0,0,66.66666666666666,0.6777070390659881,0.8937823834196892,,,,北控水务,C
00371,2019-03-11,DAILY_PULLBACK,0,0,1,0,0,100.0,0.6150610846986785,0.9326424870466322,,,,北控水务,C
00371,2019-03-12,DAILY_NEUTRAL,0,0,0,0,0,100.0,0.43328303955929487,0.9507772020725389,,,,北控水务,C
00371,2019-03-13,DAILY_PULLBACK,0,0,1,0,0,66.66666666666666,0.9448184043294381,0.9455958549222798,,,,北控水务,C
00371,2019-03-14,DAILY_PULLBACK,0,0,1,0,0,66.66666666666666,1.3465308586045026,0.961139896373057,,,,北控水务,C
00371,2019-03-15,DAILY_PULLBACK,0,0,1,0,0,100.0,1.634747299725947,0.9455958549222798,,,,北控水务,C
00371,2019-03-18,DAILY_PULLBACK,0,0,1,0,0,100.0,0.7819146788556486,0.9507772020725389,,,,北控水务,C
00371,2019-03-19,DAILY_PULLBACK,0,0,1,0,0,100.0,0.7278937776217885,0.9352331606217616,,,,北控水务,C
00371,2019-03-20,DAILY_NEUTRAL,0,0,0,0,0,66.66666666666666,1.5121514768328457,0.9067357512953368,,,,北控水务,C
00371,2019-03-21,DAILY_NEUTRAL,0,0,0,0,0,33.33333333333333,1.1455848206218187,0.9145077720207254,,,,北控水务,C
00371,2019-03-22,DAILY_NEUTRAL,0,0,0,0,0,33.33333333333333,0.7254708962537242,0.8911917098445596,,,,北控水务,C
00371,2019-03-25,DAILY_NEUTRAL,0,0,0,0,0,0.0,1.2842294122670146,0.8652849740932642,,,,北控水务,C
00371,2019-03-26,DAILY_NEUTRAL,0,0,0,0,0,0.0,0.6852152441351917,0.8626943005181348,,,,北控水务,C
00371,2019-03-27,DAILY_NEUTRAL,0,0,0,0,0,0.0,0.7177836618671867,0.883419689119171,,,,北控水务,C
00371,2019-03-28,DAILY_NEUTRAL,0,0,0,0,0,0.0,0.8643358517437784,0.9041450777202074,,,,北控水务,C
00371,2019-03-29,DAILY_NEUTRAL,0,0,0,0,0,33.33333333333333,1.2714787018871465,0.9378238341968913,,,,北控水务,C
00371,2019-04-01,DAILY_NEUTRAL,0,0,0,0,0,66.66666666666666,0.6457000137046627,0.9404145077720207,,,,北控水务,C
00371,2019-04-02,DAILY_NEUTRAL,0,0,0,0,0,66.66666666666666,0.9144223032964368,0.9326424870466322,,,,北控水务,C
00371,2019-04-03,DAILY_NEUTRAL,0,0,0,0,0,66.66666666666666,1.1579915673082932,0.9248704663212435,,,,北控水务,C
00371,2019-04-04,DAILY_NEUTRAL,0,0,0,0,0,66.66666666666666,0.9165294043213873,0.9546666666666667,,,,北控水务,C
00371,2019-04-08,DAILY_NEUTRAL,0,0,0,0,0,66.66666666666666,0.9494616801231253,0.952,,,,北控水务,C
00371,2019-04-09,DAILY_NEUTRAL,0,0,0,0,0,66.66666666666666,0.8212580030064973,0.952,,,,北控水务,C
00371,2019-04-10,DAILY_PULLBACK,0,0,1,0,0,100.0,0.8790998019024734,0.952,,,,北控水务,C
00371,2019-04-11,DAILY_PULLBACK,0,0,1,0,0,66.66666666666666,0.942345464859179,0.9466666666666667,,,,北控水务,C
00371,2019-04-12,DAILY_PULLBACK,0,0,1,0,0,66.66666666666666,0.7288177277400945,0.9600000000000001,,,,北控水务,C
00371,2019-04-15,DAILY_PULLBACK,0,0,1,0,0,66.66666666666666,0.6414264863977671,0.9546666666666667,,,,北控水务,C
00371,2019-04-16,DAILY_NEUTRAL,0,0,0,0,0,100.0,0.6927914000732754,0.968,,,,北控水务,C
00371,2019-04-17,DAILY_NEUTRAL,0,0,0,0,0,100.0,0.7200801469142185,0.9626666666666667,,,,北控水务,C
00371,2019-04-18,DAILY_PULLBACK,0,0,1,0,0,100.0,1.0647101572995477,0.952,,,,北控水务,C
00371,2019-04-23,DAILY_NEUTRAL,0,0,0,0,0,100.0,1.4077747155143236,0.968,,,,北控水务,C
00371,2019-04-24,DAILY_NEUTRAL,0,0,0,0,0,100.0,2.356463386533416,0.9893333333333333,,,,北控水务,C
00371,2019-04-25,DAILY_NEUTRAL,0,0,0,0,0,100.0,1.704842884916606,0.9733333333333333,,,,北控水务,C
00371,2019-04-26,DAILY_PULLBACK,0,0,1,0,0,100.0,0.9784210164653881,0.9653333333333334,,,,北控水务,C
00371,2019-04-29,DAILY_PULLBACK,0,0,1,0,0,100.0,0.3317444916861147,0.9706666666666667,,,,北控水务,C
00371,2019-04-30,DAILY_PULLBACK,0,0,1,0,0,100.0,0.474469558990535,0.9706666666666667,,,,北控水务,C
00371,2019-05-02,DAILY_NEUTRAL,0,0,0,0,0,100.0,0.7698651387188347,0.9866666666666667,,,,北控水务,C
00371,2019-05-03,DAILY_NEUTRAL,0,0,0,0,0,100.0,0.727426962016416,0.9866666666666667,,,,北控水务,C
00371,2019-05-06,DAILY_NEUTRAL,0,0,0,0,0,66.66666666666666,1.6292364719656187,0.9386666666666666,,,,北控水务,C
00371,2019-05-07,DAILY_NEUTRAL,0,0,0,0,0,33.33333333333333,1.5131172848232612,0.9146666666666667,,,,北控水务,C
00371,2019-05-08,DAILY_NEUTRAL,0,0,0,0,0,0.0,2.2213076111922088,0.8693333333333333,,,,北控水务,C
00371,2019-05-09,DAILY_NEUTRAL,0,0,0,0,0,0.0,2.203603658152294,0.8133333333333332,,,,北控水务,C
00371,2019-05-10,DAILY_NEUTRAL,0,0,0,0,0,0.0,1.6954569995836872,0.8346666666666667,,,,北控水务,C
00371,2019-05-14,DAILY_NEUTRAL,0,0,0,0,0,0.0,1.5262180781981352,0.784,,,,北控水务,C
00371,2019-05-15,DAILY_NEUTRAL,0,0,0,0,0,0.0,0.5082982006927548,0.7813333333333333,,,,北控水务,C
00371,2019-05-16,DAILY_NEUTRAL,0,0,0,0,0,0.0,0.41884693023152375,0.776,,,,北控水务,C
00371,2019-05-17,DAILY_NEUTRAL,0,0,0,0,0,0.0,0.6926393289530889,0.7626666666666666,,,,北控水务,C
00371,2019-05-20,DAILY_NEUTRAL,0,0,0,0,0,0.0,1.4270877948547476,0.752,,,,北控水务,C
00371,2019-05-21,DAILY_NEUTRAL,0,0,0,0,0,0.0,0.6128531965792829,0.76,,,,北控水务,C
00371,2019-05-22,DAILY_NEUTRAL,0,0,0,0,0,0.0,1.1842946871610696,0.7706666666666667,,,,北控水务,C
00371,2019-05-23,DAILY_NEUTRAL,0,0,0,0,0,0.0,1.6861286717152362,0.776,,,,北控水务,C
00371,2019-05-24,DAILY_NEUTRAL,0,0,0,0,0,0.0,0.7993890690910994,0.792,,,,北控水务,C
00371,2019-05-27,DAILY_NEUTRAL,0,0,0,0,0,33.33333333333333,1.1085313759409785,0.776,,,,北控水务,C
00371,2019-05-28,DAILY_NEUTRAL,0,0,0,0,0,33.33333333333333,1.1999683371448002,0.7733333333333333,,,,北控水务,C
00371,2019-05-29,DAILY_NEUTRAL,0,0,0,0,0,33.33333333333333,0.9883889926986352,0.771505376344086,,,,北控水务,C
00371,2019-05-30,DAILY_NEUTRAL,0,0,0,0,0,33.33333333333333,1.1279797780910197,0.782258064516129,,,,北控水务,C
00371,2019-05-31,DAILY_NEUTRAL,0,0,0,0,0,33.33333333333333,0.9103852958323221,0.7903225806451613,,,,北控水务,C
00371,2019-06-03,DAILY_NEUTRAL,0,0,0,0,0,33.33333333333333,0.9045347948497873,0.8086253369272237,,,,北控水务,C
00371,2019-06-04,DAILY_NEUTRAL,0,0,0,0,0,33.33333333333333,0.9751294209951966,0.8055555555555555,,,,北控水务,C
00371,2019-06-05,DAILY_NEUTRAL,0,0,0,0,0,66.66666666666666,0.8079950991468821,0.8441926345609065,,,,北控水务,C
00371,2019-06-06,DAILY_PULLBACK,0,0,1,0,0,100.0,0.4710268480493987,0.8727810650887575,,,,北控水务,C
00371,2019-06-10,DAILY_NEUTRAL,0,0,0,0,0,100.0,1.0188888682967292,0.9544072948328268,,,,北控水务,C
00371,2019-06-11,DAILY_NEUTRAL,0,0,0,0,0,100.0,1.1250219765252694,0.9843260188087775,,,,北控水务,C
00371,2019-06-12,DAILY_DISTRIBUTION,0,1,0,0,0,100.0,1.4747070912924327,0.9811320754716981,,,,北控水务,C
00371,2019-06-13,DAILY_NEUTRAL,0,0,0,0,0,100.0,0.9412346103197753,0.9748427672955975,,,,北控水务,C
00371,2019-06-14,DAILY_PULLBACK,0,0,1,0,0,100.0,1.0194090337752195,0.9811320754716981,,,,北控水务,C
00371,2019-06-17,DAILY_NEUTRAL,0,0,0,0,0,100.0,1.0686132246154378,0.9874213836477987,,,,北控水务,C
00371,2019-06-18,DAILY_NEUTRAL,0,0,0,0,0,100.0,1.316121101417854,0.9814814814814815,,,,北控水务,C
00371,2019-06-19,DAILY_NEUTRAL,0,0,0,0,0,100.0,0.997908441851075,1.0061728395061726,,,,北控水务,C
00371,2019-06-20,DAILY_NEUTRAL,0,0,0,0,0,100.0,0.6673991580840688,1.0182926829268293,,,,北控水务,C
00371,2019-06-21,DAILY_NEUTRAL,0,0,0,0,0,100.0,2.139220287980309,1.0357142857142858,,,,北控水务,C
00371,2019-06-24,DAILY_NEUTRAL,0,0,0,0,0,100.0,0.6072615351234669,1.0,,,,北控水务,C
00371,2019-06-25,DAILY_NEUTRAL,0,0,0,0,0,100.0,0.7310464510317775,0.9942857142857143,,,,北控水务,C
00371,2019-06-26,DAILY_NEUTRAL,0,0,0,0,0,100.0,0.9217697779000934,1.0170454545454546,,,,北控水务,C
00371,2019-06-27,DAILY_NEUTRAL,0,0,0,0,0,100.0,0.9589168457869275,0.9888268156424581,,,,北控水务,C
00371,2019-06-28,DAILY_PULLBACK,0,0,1,0,0,100.0,0.49807025732895094,0.9615384615384615,,,,北控水务,C
00371,2019-07-02,DAILY_NEUTRAL,0,0,0,0,0,100.0,1.3960788837146616,0.978021978021978,,,,北控水务,C
00371,2019-07-03,DAILY_NEUTRAL,0,0,0,0,0,100.0,0.7784927962325637,1.0,,,,北控水务,C
00371,2019-07-04,DAILY_NEUTRAL,0,0,0,0,0,100.0,0.4344149296547694,0.9890710382513661,,,,北控水务,C
00371,2019-07-05,DAILY_NEUTRAL,0,0,0,0,0,100.0,0.5348405603945479,0.9891304347826086,,,,北控水务,C
00371,2019-07-08,DAILY_PULLBACK,0,0,1,0,0,100.0,1.0067133322740869,0.9782608695652174,,,,北控水务,C
00371,2019-07-09,DAILY_PULLBACK,0,0,1,0,0,100.0,2.369267736029237,0.9565217391304347,,,,北控水务,C
00371,2019-07-10,DAILY_PULLBACK,0,0,1,0,0,100.0,1.0906698227653775,0.9565217391304347,,,,北控水务,C
00371,2019-07-11,DAILY_PULLBACK,0,0,1,0,0,66.66666666666666,0.7197730325363573,0.9565217391304347,,,,北控水务,C
00371,2019-07-12,DAILY_PULLBACK,0,0,1,0,0,66.66666666666666,0.9755310939459507,0.9402173913043478,,,,北控水务,C
00371,2019-07-15,DAILY_NEUTRAL,0,0,0,0,0,33.33333333333333,0.8033905958366581,0.9347826086956521,,,,北控水务,C
00371,2019-07-16,DAILY_NEUTRAL,0,0,0,0,0,33.33333333333333,1.0386892926312232,0.9293478260869564,,,,北控水务,C
00371,2019-07-17,DAILY_NEUTRAL,0,0,0,0,0,33.33333333333333,0.9127987492963655,0.9184782608695652,,,,北控水务,C
00371,2019-07-18,DAILY_NEUTRAL,0,0,0,0,0,0.0,1.0098997776343852,0.8967391304347825,,,,北控水务,C
00371,2019-07-19,DAILY_NEUTRAL,0,0,0,0,0,0.0,1.3129067772874128,0.8804347826086957,,,,北控水务,C
00371,2019-07-22,DAILY_NEUTRAL,0,0,0,0,0,0.0,0.846786571283785,0.8586956521739131,,,,北控水务,C
00371,2019-07-23,DAILY_NEUTRAL,0,0,0,0,0,0.0,0.40501135894901014,0.8586956521739131,,,,北控水务,C
00371,2019-07-24,DAILY_NEUTRAL,0,0,0,0,0,0.0,0.7730166861127216,0.8586956521739131,,,,北控水务,C
00371,2019-07-25,DAILY_NEUTRAL,0,0,0,0,0,0.0,0.9092395426772562,0.8586956521739131,,,,北控水务,C
00371,2019-07-26,DAILY_NEUTRAL,0,0,0,0,0,0.0,0.990343783948439,0.842391304347826,,,,北控水务,C
00371,2019-07-29,DAILY_NEUTRAL,0,0,0,0,0,0.0,1.361710524722997,0.8369565217391304,,,,北控水务,C
00371,2019-07-30,DAILY_NEUTRAL,0,0,0,0,0,0.0,0.4185532144834371,0.8478260869565217,,,,北控水务,C
00371,2019-07-31,DAILY_NEUTRAL,0,0,0,0,0,0.0,1.4970015469371272,0.8152173913043478,,,,北控水务,C
00371,2019-08-01,DAILY_NEUTRAL,0,0,0,0,0,0.0,1.3533388391178836,0.842391304347826,,,,北控水务,C
00371,2019-08-02,DAILY_NEUTRAL,0,0,0,0,0,0.0,0.8851869825785353,0.8097826086956521,,,,北控水务,C
00371,2019-08-05,DAILY_NEUTRAL,0,0,0,0,0,0.0,1.3349384544126583,0.7934782608695652,,,,北控水务,C
00371,2019-08-06,DAILY_NEUTRAL,0,0,0,0,0,0.0,1.3379315329657258,0.7841530054644809,,,,北控水务,C
00371,2019-08-07,DAILY_NEUTRAL,0,0,0,0,0,0.0,0.7301680918486445,0.8128491620111732,,,,北控水务,C
00371,2019-08-08,DAILY_NEUTRAL,0,0,0,0,0,0.0,0.8215410788688741,0.8324022346368715,,,,北控水务,C
00371,2019-08-09,DAILY_NEUTRAL,0,0,0,0,0,0.0,0.4860312288067415,0.8426966292134831,,,,北控水务,C
00371,2019-08-12,DAILY_NEUTRAL,0,0,0,0,0,0.0,0.4880212727564975,0.867816091954023,,,,北控水务,C
00371,2019-08-13,DAILY_NEUTRAL,0,0,0,0,0,0.0,0.7863448149929791,0.8477011494252874,,,,北控水务,C
00371,2019-08-14,DAILY_NEUTRAL,0,0,0,0,0,33.33333333333333,1.2070135620668214,0.8625730994152048,,,,北控水务,C
00371,2019-08-15,DAILY_NEUTRAL,0,0,0,0,0,33.33333333333333,0.8380777290244866,0.8596491228070176,,,,北控水务,C
00371,2019-08-16,DAILY_NEUTRAL,0,0,0,0,0,33.33333333333333,1.9776849121508955,0.8832335329341319,,,,北控水务,C
00371,2019-08-19,DAILY_NEUTRAL,0,0,0,0,0,0.0,1.6105464951630968,0.9085365853658537,,,,北控水务,C
00371,2019-08-20,DAILY_NEUTRAL,0,0,0,0,0,0.0,0.9207770058351186,0.9202453987730062,,,,北控水务,C
00371,2019-08-21,DAILY_NEUTRAL,0,0,0,0,0,0.0,0.842143915931417,0.901840490797546,,,,北控水务,C
00371,2019-08-22,DAILY_NEUTRAL,0,0,0,0,0,0.0,0.8772727884352018,0.9130434782608695,,,,北控水务,C
00371,2019-08-23,DAILY_NEUTRAL,0,0,0,0,0,0.0,0.9161679583203923,0.9177215189873417,,,,北控水务,C
00371,2019-08-26,DAILY_NEUTRAL,0,0,0,0,0,0.0,1.4838724469074664,0.8860759493670886,,,,北控水务,C
00371,2019-08-27,DAILY_NEUTRAL,0,0,0,0,0,0.0,1.5400141599708643,0.8980891719745222,,,,北控水务,C
00371,2019-08-28,DAILY_NEUTRAL,0,0,0,0,0,0.0,1.4449118002405539,0.8980891719745222,,,,北控水务,C
00371,2019-08-29,DAILY_NEUTRAL,0,0,0,0,0,0.0,1.6985152666857528,0.9044585987261146,,,,北控水务,C
00371,2019-08-30,DAILY_NEUTRAL,0,0,0,0,0,33.33333333333333,1.566909345279523,0.9490445859872612,,,,北控水务,C
00371,2019-09-02,DAILY_NEUTRAL,0,0,0,0,0,33.33333333333333,0.8359711836687366,0.9617834394904459,,,,北控水务,C
00371,2019-09-03,DAILY_NEUTRAL,0,0,0,0,0,66.66666666666666,0.6336996134308952,0.9522292993630573,,,,北控水务,C
00371,2019-09-04,DAILY_NEUTRAL,0,0,0,0,0,66.66666666666666,0.818308842755484,0.9936305732484076,,,,北控水务,C
00371,2019-09-05,DAILY_NEUTRAL,0,0,0,0,0,66.66666666666666,0.688801630145333,1.0,,,,北控水务,C
00371,2019-09-06,DAILY_NEUTRAL,0,0,0,0,0,100.0,0.7051174594224793,0.9936305732484076,,,,北控水务,C
00371,2019-09-09,DAILY_NEUTRAL,0,0,0,0,0,100.0,0.3696063020130844,0.9689440993788819,,,,北控水务,C
00371,2019-09-10,DAILY_NEUTRAL,0,0,0,0,0,100.0,0.9307451315411178,0.9875776397515528,,,,北控水务,C
00371,2019-09-11,DAILY_NEUTRAL,0,0,0,0,0,100.0,0.6084055173526413,1.0062111801242235,,,,北控水务,C
00371,2019-09-12,DAILY_NEUTRAL,0,0,0,0,0,100.0,0.7657151477013233,1.0,,,,北控水务,C
00371,2019-09-13,DAILY_NEUTRAL,0,0,0,0,0,100.0,1.423270556371806,1.0122699386503067,,,,北控水务,C
00371,2019-09-16,DAILY_PULLBACK,0,0,1,0,0,100.0,0.6582123149506376,0.9759036144578315,,,,北控水务,C
00371,2019-09-17,DAILY_PULLBACK,0,0,1,0,0,100.0,1.2210923593753666,0.957831325301205,,,,北控水务,C
00371,2019-09-18,DAILY_PULLBACK,0,0,1,0,0,100.0,0.5447207759397286,0.9759036144578315,,,,北控水务,C
00371,2019-09-19,DAILY_PULLBACK,0,0,1,0,0,100.0,1.364669001854477,0.957831325301205,,,,北控水务,C
00371,2019-09-20,DAILY_PULLBACK,0,0,1,0,0,66.66666666666666,1.3576565322813254,0.9698795180722892,,,,北控水务,C
00371,2019-09-23,DAILY_PULLBACK,0,0,1,0,0,66.66666666666666,1.4401133767810748,0.9457831325301206,,,,北控水务,C
00371,2019-09-24,DAILY_NEUTRAL,0,0,0,0,0,33.33333333333333,0.6682160657323496,0.9397590361445783,,,,北控水务,C
00371,2019-09-25,DAILY_NEUTRAL,0,0,0,0,0,33.33333333333333,0.8598896513064387,0.9246987951807228,,,,北控水务,C
00371,2019-09-26,DAILY_NEUTRAL,0,0,0,0,0,33.33333333333333,1.1777970284834167,0.9096385542168676,,,,北控水务,C
00371,2019-09-27,DAILY_NEUTRAL,0,0,0,0,0,0.0,1.1558261572508626,0.9006024096385543,,,,北控水务,C
00371,2019-09-30,DAILY_NEUTRAL,0,0,0,0,0,0.0,1.4446127184317041,0.8945783132530122,,,,北控水务,C
00371,2019-10-02,DAILY_NEUTRAL,0,0,0,0,0,0.0,1.2674162347032165,0.8765060240963857,,,,北控水务,C
00371,2019-10-03,DAILY_NEUTRAL,0,0,0,0,0,0.0,1.2258986470428648,0.8945783132530122,,,,北控水务,C
00371,2019-10-04,DAILY_NEUTRAL,0,0,0,0,0,0.0,0.5259296157408279,0.8855421686746988,,,,北控水务,C
00371,2019-10-08,DAILY_NEUTRAL,0,0,0,0,0,0.0,1.2157871255677146,0.8795180722891567,,,,北控水务,C
00371,2019-10-09,DAILY_NEUTRAL,0,0,0,0,0,0.0,0.5406859038328907,0.8825301204819278,,,,北控水务,C
00371,2019-10-10,DAILY_NEUTRAL,0,0,0,0,0,0.0,0.6392568009441266,0.8855421686746988,,,,北控水务,C
00371,2019-10-11,DAILY_NEUTRAL,0,0,0,0,0,0.0,1.1866760708230375,0.9186746987951807,,,,北控水务,C
00371,2019-10-14,DAILY_NEUTRAL,0,0,0,0,0,66.66666666666666,1.078528777639817,0.9367469879518072,,,,北控水务,C
00371,2019-10-15,DAILY_NEUTRAL,0,0,0,0,0,66.66666666666666,1.3647315317975732,0.9307228915662651,,,,北控水务,C
00371,2019-10-16,DAILY_NEUTRAL,0,0,0,0,0,33.33333333333333,1.883842380699097,0.9212121212121213,,,,北控水务,C
00371,2019-10-17,DAILY_NEUTRAL,0,0,0,0,0,66.66666666666666,0.33702426444902056,0.9359756097560976,,,,北控水务,C
00371,2019-10-18,DAILY_NEUTRAL,0,0,0,0,0,66.66666666666666,0.6435336166719331,0.9420731707317074,,,,北控水务,C
00371,2019-10-21,DAILY_NEUTRAL,0,0,0,0,0,66.66666666666666,0.38198577258438554,0.9481707317073171,,,,北控水务,C
00371,2019-10-22,DAILY_NEUTRAL,0,0,0,0,0,100.0,1.1969035736457259,0.9542682926829269,,,,北控水务,C
00371,2019-10-23,DAILY_NEUTRAL,0,0,0,0,0,100.0,1.066308605595553,0.9658385093167701,,,,北控水务,C
00371,2019-10-24,DAILY_NEUTRAL,0,0,0,0,0,100.0,0.9629279475672667,0.9873817034700315,,,,北控水务,C
00371,2019-10-25,DAILY_NEUTRAL,0,0,0,0,0,100.0,0.60894422342986,0.9873817034700315,,,,北控水务,C
00371,2019-10-28,DAILY_NEUTRAL,0,0,0,0,0,100.0,0.6918140595817914,0.9905362776025237,,,,北控水务,C
00371,2019-10-29,DAILY_PULLBACK,0,0,1,0,0,100.0,0.7137867912504291,0.9842271293375395,,,,北控水务,C
00371,2019-10-30,DAILY_DISTRIBUTION,0,1,1,0,0,100.0,1.3594105638528797,0.9842271293375395,,,,北控水务,C
00371,2019-10-31,DAILY_PULLBACK,0,0,1,0,0,66.66666666666666,2.4259544711964365,0.9652996845425867,,,,北控水务,C
00371,2019-11-01,DAILY_PULLBACK,0,0,1,0,0,66.66666666666666,1.1244314664820465,0.974763406940063,,,,北控水务,C
00371,2019-11-04,DAILY_PULLBACK,0,0,1,0,0,66.66666666666666,1.8163933497135605,0.974763406940063,,,,北控水务,C
00371,2019-11-05,DAILY_PULLBACK,0,0,1,0,0,66.66666666666666,1.3508257760012126,0.9842271293375395,,,,北控水务,C
00371,2019-11-06,DAILY_PULLBACK,0,0,1,0,0,66.66666666666666,0.8242206408294286,0.9810725552050473,,,,北控水务,C
00371,2019-11-07,DAILY_NEUTRAL,0,0,0,0,0,100.0,0.598707434210725,0.9968454258675079,,,,北控水务,C
00371,2019-11-08,DAILY_NEUTRAL,0,0,0,0,0,66.66666666666666,0.8096999914313776,0.971608832807571,,,,北控水务,C
00371,2019-11-11,DAILY_NEUTRAL,0,0,0,0,0,0.0,1.5519521118494708,0.9242902208201893,,,,北控水务,C
00371,2019-11-12,DAILY_NEUTRAL,0,0,0,0,0,0.0,0.6877721513649353,0.9274447949526814,,,,北控水务,C
00371,2019-11-13,DAILY_NEUTRAL,0,0,0,0,0,0.0,1.258495604275097,0.8958990536277602,,,,北控水务,C
00371,2019-11-14,DAILY_NEUTRAL,0,0,0,0,0,0.0,1.0543762178663976,0.886435331230284,,,,北控水务,C
00371,2019-11-15,DAILY_NEUTRAL,0,0,0,0,0,0.0,1.3980676347216663,0.8769716088328076,,,,北控水务,C
00371,2019-11-18,DAILY_NEUTRAL,0,0,0,0,0,0.0,0.6940886455567433,0.889589905362776,,,,北控水务,C
00371,2019-11-19,DAILY_NEUTRAL,0,0,0,0,0,0.0,0.8743655530177235,0.9053627760252366,,,,北控水务,C
00371,2019-11-20,DAILY_NEUTRAL,0,0,0,0,0,0.0,0.7401792998194144,0.9022082018927444,,,,北控水务,C
00371,2019-11-21,DAILY_NEUTRAL,0,0,0,0,0,0.0,1.188102233138328,0.889589905362776,,,,北控水务,C
00371,2019-11-22,DAILY_NEUTRAL,0,0,0,0,0,0.0,1.518453101328254,0.8738170347003155,,,,北控水务,C
00371,2019-11-25,DAILY_NEUTRAL,0,0,0,0,0,0.0,1.3014489089541654,0.886435331230284,,,,北控水务,C
00371,2019-11-26,DAILY_NEUTRAL,0,0,0,0,0,0.0,4.081809194806156,0.8797468354430379,,,,北控水务,C
00371,2019-11-27,DAILY_NEUTRAL,0,0,0,0,0,0.0,0.6303968845906135,0.8829113924050632,,,,北控水务,C
00371,2019-11-28,DAILY_NEUTRAL,0,0,0,0,0,0.0,0.4684699121350271,0.8924050632911391,,,,北控水务,C
00371,2019-11-29,DAILY_NEUTRAL,0,0,0,0,0,0.0,0.5052989578957013,0.8860759493670886,,,,北控水务,C
00371,2019-12-02,DAILY_NEUTRAL,0,0,0,0,0,0.0,0.5807222036394514,0.8797468354430379,,,,北控水务,C
00371,2019-12-03,DAILY_NEUTRAL,0,0,0,0,0,0.0,0.31744124405521906,0.8860759493670886,,,,北控水务,C
00371,2019-12-04,DAILY_NEUTRAL,0,0,0,0,0,33.33333333333333,0.9258038262912471,0.8829113924050632,,,,北控水务,C
00371,2019-12-05,DAILY_NEUTRAL,0,0,0,0,0,33.33333333333333,0.6652596352041271,0.8924050632911391,,,,北控水务,C
00371,2019-12-06,DAILY_NEUTRAL,0,0,0,0,0,0.0,1.0319451471073122,0.8892405063291139,,,,北控水务,C
00371,2019-12-09,DAILY_NEUTRAL,0,0,0,0,0,33.33333333333333,0.6152925257631484,0.9123376623376623,,,,北控水务,C
00371,2019-12-10,DAILY_NEUTRAL,0,0,0,0,0,33.33333333333333,1.9130134418668248,0.9331103678929765,,,,北控水务,C
00371,2019-12-11,DAILY_NEUTRAL,0,0,0,0,0,66.66666666666666,1.0690496570406876,0.9726962457337883,,,,北控水务,C
00371,2019-12-12,DAILY_DISTRIBUTION,0,1,0,0,0,66.66666666666666,1.7991754995292835,0.9896193771626297,,,,北控水务,C
00371,2019-12-13,DAILY_NEUTRAL,0,0,0,0,0,100.0,1.6434617078627831,1.0034364261168385,,,,北控水务,C
00371,2019-12-16,DAILY_NEUTRAL,0,0,0,0,0,100.0,1.3898361964898254,1.0102389078498293,,,,北控水务,C
00371,2019-12-17,DAILY_NEUTRAL,0,0,0,0,0,100.0,1.9003463036270976,0.9966555183946487,,,,北控水务,C
00371,2019-12-18,DAILY_NEUTRAL,0,0,0,0,0,100.0,0.6038179820901217,1.0033444816053512,,,,北控水务,C
00371,2019-12-19,DAILY_PULLBACK,0,0,1,0,0,100.0,1.1593436688215577,0.9634551495016612,,,,北控水务,C
00371,2019-12-20,DAILY_PULLBACK,0,0,1,0,0,100.0,1.9290088773266802,0.9700996677740864,,,,北控水务,C
00371,2019-12-23,DAILY_NEUTRAL,0,0,0,0,0,66.66666666666666,0.7723534570432985,0.9468438538205981,,,,北控水务,C
00371,2019-12-24,DAILY_PULLBACK,0,0,1,0,0,66.66666666666666,0.1513952397194803,0.9501661129568106,,,,北控水务,C
00371,2019-12-27,DAILY_PULLBACK,0,0,1,0,0,66.66666666666666,0.4104051656713292,0.9700996677740864,,,,北控水务,C
00371,2019-12-30,DAILY_PULLBACK,0,0,1,0,0,66.66666666666666,0.5437569053483922,0.9700996677740864,,,,北控水务,C
00371,2019-12-31,DAILY_PULLBACK,0,0,1,0,0,66.66666666666666,0.1819366492862623,0.9634551495016612,,,,北控水务,C
00371,2020-01-02,DAILY_PULLBACK,0,0,1,0,0,66.66666666666666,0.5282842125603342,0.9734219269102992,,,,北控水务,C
00371,2020-01-03,DAILY_NEUTRAL,0,0,0,0,0,100.0,1.5485369773405695,0.9767441860465117,,,,北控水务,C
00371,2020-01-06,DAILY_PULLBACK,0,0,1,0,0,100.0,1.1800311109415835,0.9700996677740864,,,,北控水务,C
00371,2020-01-07,DAILY_NEUTRAL,0,0,0,0,0,100.0,1.4140186877615342,0.983388704318937,,,,北控水务,C
00371,2020-01-08,DAILY_NEUTRAL,0,0,0,0,0,66.66666666666666,1.443366392303795,0.9634551495016612,,,,北控水务,C
00371,2020-01-09,DAILY_NEUTRAL,0,0,0,0,0,66.66666666666666,1.6675981096497945,0.9634551495016612,,,,北控水务,C
00371,2020-01-10,DAILY_NEUTRAL,0,0,0,0,0,33.33333333333333,1.6224410357140724,0.9468438538205981,,,,北控水务,C
00371,2020-01-13,DAILY_NEUTRAL,0,0,0,0,0,0.0,1.2373358428196664,0.9667774086378739,,,,北控水务,C
00371,2020-01-14,DAILY_NEUTRAL,0,0,0,0,0,33.33333333333333,1.8431681324894071,1.0033222591362128,,,,北控水务,C
00371,2020-01-15,DAILY_NEUTRAL,0,0,0,0,0,100.0,1.0314041125625404,1.0033003300330035,,,,北控水务,C
00371,2020-01-16,DAILY_NEUTRAL,0,0,0,0,0,100.0,1.3008644469333348,0.974025974025974,,,,北控水务,C
00371,2020-01-17,DAILY_NEUTRAL,0,0,0,0,0,100.0,0.6375221806053728,0.987012987012987,,,,北控水务,C
00371,2020-01-20,DAILY_PULLBACK,0,0,1,0,0,100.0,0.5286109800168394,0.974025974025974,,,,北控水务,C
00371,2020-01-21,DAILY_NEUTRAL,0,0,0,0,0,66.66666666666666,0.8480547477202862,0.935064935064935,,,,北控水务,C
00371,2020-01-22,DAILY_NEUTRAL,0,0,0,0,0,66.66666666666666,0.7649390784373712,0.9285714285714285,,,,北控水务,C
00371,2020-01-23,DAILY_NEUTRAL,0,0,0,0,0,33.33333333333333,0.7664355866491566,0.9155844155844155,,,,北控水务,C
00371,2020-01-24,DAILY_NEUTRAL,0,0,0,0,0,33.33333333333333,0.5102985192327529,0.922077922077922,,,,北控水务,C
00371,2020-01-29,DAILY_NEUTRAL,0,0,0,0,0,33.33333333333333,1.6917105113096553,0.8733766233766234,,,,北控水务,C
00371,2020-01-30,DAILY_NEUTRAL,0,0,0,0,0,0.0,2.2706400317570665,0.8051948051948051,,,,北控水务,C
00371,2020-01-31,DAILY_NEUTRAL,0,0,0,0,0,0.0,1.4832432689710495,0.7954545454545455,,,,北控水务,C
00371,2020-02-03,DAILY_NEUTRAL,0,0,0,0,0,0.0,1.4648946977181092,0.8181818181818181,,,,北控水务,C
00371,2020-02-04,DAILY_NEUTRAL,0,0,0,0,0,0.0,1.0694859606913323,0.8506493506493507,,,,北控水务,C
00371,2020-02-05,DAILY_NEUTRAL,0,0,0,0,0,0.0,0.6079750093331157,0.8701298701298702,,,,北控水务,C
00371,2020-02-06,DAILY_NEUTRAL,0,0,0,0,0,0.0,0.8998043827719758,0.8896103896103896,,,,北控水务,C
00371,2020-02-07,DAILY_NEUTRAL,0,0,0,0,0,33.33333333333333,0.7134592619680368,0.8993506493506493,,,,北控水务,C
00371,2020-02-10,DAILY_NEUTRAL,0,0,0,0,0,33.33333333333333,0.5856832836678582,0.9025974025974025,,,,北控水务,C
00371,2020-02-11,DAILY_NEUTRAL,0,0,0,0,0,33.33333333333333,0.6661867500703406,0.9058441558441558,,,,北控水务,C
00371,2020-02-12,DAILY_NEUTRAL,0,0,0,0,0,66.66666666666666,1.1908181530789448,0.9155844155844155,,,,北控水务,C
00371,2020-02-13,DAILY_NEUTRAL,0,0,0,0,0,66.66666666666666,0.3388218696202685,0.9123376623376623,,,,北控水务,C
00371,2020-02-14,DAILY_NEUTRAL,0,0,0,0,0,66.66666666666666,0.5864108201350229,0.9155844155844155,,,,北控水务,C
00371,2020-02-17,DAILY_NEUTRAL,0,0,0,0,0,100.0,0.8762590264399159,0.9183006535947712,,,,北控水务,C
00371,2020-02-18,DAILY_PULLBACK,0,0,1,0,0,100.0,0.7719525915820722,0.8986928104575164,,,,北控水务,C
00371,2020-02-19,DAILY_PULLBACK,0,0,1,0,0,100.0,1.0768780112824756,0.9117647058823529,,,,北控水务,C
00371,2020-02-20,DAILY_PULLBACK,0,0,1,0,0,66.66666666666666,2.9007949509152193,0.9197324414715718,,,,北控水务,C
00371,2020-02-21,DAILY_PULLBACK,0,0,1,0,0,66.66666666666666,1.2259016351006593,0.9453924914675768,,,,北控水务,C
00371,2020-02-24,DAILY_PULLBACK,0,0,1,0,0,66.66666666666666,0.818639724848156,0.9413793103448276,,,,北控水务,C
00371,2020-02-25,DAILY_NEUTRAL,0,0,0,0,0,33.33333333333333,1.0152735881120636,0.9275862068965517,,,,北控水务,C
00371,2020-02-26,DAILY_NEUTRAL,0,0,0,0,0,33.33333333333333,1.0400939598460894,0.9241379310344828,,,,北控水务,C
00371,2020-02-27,DAILY_NEUTRAL,0,0,0,0,0,33.33333333333333,0.6321077590059466,0.9241379310344828,,,,北控水务,C
00371,2020-02-28,DAILY_NEUTRAL,0,0,0,0,0,0.0,1.7906558274378217,0.8896551724137931,,,,北控水务,C
00371,2020-03-02,DAILY_NEUTRAL,0,0,0,0,0,0.0,1.2105253404762408,0.8862068965517241,,,,北控水务,C
00371,2020-03-03,DAILY_NEUTRAL,0,0,0,0,0,0.0,0.7289237389505793,0.8862068965517241,,,,北控水务,C
00371,2020-03-04,DAILY_NEUTRAL,0,0,0,0,0,0.0,0.6230621258184776,0.903448275862069,,,,北控水务,C
00371,2020-03-05,DAILY_NEUTRAL,0,0,0,0,0,0.0,0.6696740958571992,0.9206896551724137,,,,北控水务,C
00371,2020-03-06,DAILY_NEUTRAL,0,0,0,0,0,0.0,0.717810487591732,0.906896551724138,,,,北控水务,C
00371,2020-03-09,DAILY_NEUTRAL,0,0,0,0,0,0.0,1.3242394503857366,0.8689655172413794,,,,北控水务,C
00371,2020-03-10,DAILY_NEUTRAL,0,0,0,0,0,0.0,1.5440391147723225,0.8689655172413794,,,,北控水务,C
00371,2020-03-11,DAILY_NEUTRAL,0,0,0,0,0,0.0,1.6718399242068387,0.8793103448275862,,,,北控水务,C
00371,2020-03-12,DAILY_NEUTRAL,0,0,0,0,0,0.0,2.1176625178944573,0.7965517241379311,,,,北控水务,C
00371,2020-03-13,DAILY_NEUTRAL,0,0,0,0,0,0.0,1.7461689413572294,0.7586206896551725,,,,北控水务,C
00371,2020-03-16,DAILY_NEUTRAL,0,0,0,0,0,0.0,0.9163058491267456,0.703448275862069,,,,北控水务,C
00371,2020-03-17,DAILY_NEUTRAL,0,0,0,0,0,0.0,0.9421031598298988,0.6724137931034483,,,,北控水务,C
00371,2020-03-18,DAILY_NEUTRAL,0,0,0,0,0,0.0,1.1886684694678276,0.6413793103448276,,,,北控水务,C
00371,2020-03-19,DAILY_NEUTRAL,0,0,0,0,0,0.0,0.8985759600115667,0.5793103448275863,,,,北控水务,C
00371,2020-03-20,DAILY_NEUTRAL,0,0,0,0,0,0.0,1.2191800453835033,0.6583629893238434,,,,北控水务,C
00371,2020-03-23,DAILY_NEUTRAL,0,0,0,0,0,0.0,0.6862744076555234,0.6223021582733813,,,,北控水务,C
00371,2020-03-24,DAILY_NEUTRAL,0,0,0,0,0,0.0,0.8745101343625401,0.6752767527675277,,,,北控水务,C
00371,2020-03-25,DAILY_NEUTRAL,0,0,0,0,0,0.0,0.9823551261827732,0.7564575645756457,,,,北控水务,C
00371,2020-03-26,DAILY_NEUTRAL,0,0,0,0,0,0.0,1.0165621277495915,0.7601476014760148,,,,北控水务,C
00371,2020-03-27,DAILY_NEUTRAL,0,0,0,0,0,33.33333333333333,0.6176889317237308,0.7666666666666666,,,,北控水务,C
00371,2020-03-30,DAILY_NEUTRAL,0,0,0,0,0,33.33333333333333,1.3491058179508357,0.7555555555555555,,,,北控水务,C
00371,2020-03-31,DAILY_NEUTRAL,0,0,0,0,0,33.33333333333333,1.2108376671952688,0.7370370370370369,,,,北控水务,C
00371,2020-04-01,DAILY_NEUTRAL,0,0,0,0,0,33.33333333333333,0.8103858730327669,0.7333333333333333,,,,北控水务,C
00371,2020-04-02,DAILY_NEUTRAL,0,0,0,0,0,33.33333333333333,0.4425525676017674,0.7296296296296295,,,,北控水务,C
00371,2020-04-03,DAILY_NEUTRAL,0,0,0,0,0,33.33333333333333,0.44357377607374354,0.7259259259259259,,,,北控水务,C
00371,2020-04-06,DAILY_NEUTRAL,0,0,0,0,0,0.0,0.5093625394236573,0.7201492537313432,,,,北控水务,C
00371,2020-04-07,DAILY_NEUTRAL,0,0,0,0,0,33.33333333333333,1.848902641891343,0.7425373134328358,,,,北控水务,C
00371,2020-04-08,DAILY_NEUTRAL,0,0,0,0,0,33.33333333333333,1.1664155783921315,0.7164179104477612,,,,北控水务,C
00371,2020-04-09,DAILY_PULLBACK,0,0,1,0,0,66.66666666666666,1.0228470502738478,0.8039999999999999,,,,北控水务,C
00371,2020-04-14,DAILY_NEUTRAL,0,0,0,0,0,33.33333333333333,1.2578772237141538,0.8539823008849559,,,,北控水务,C
00371,2020-04-15,DAILY_NEUTRAL,0,0,0,0,0,33.33333333333333,0.8799480956358334,0.8807339449541284,,,,北控水务,C
00371,2020-04-16,DAILY_NEUTRAL,0,0,0,0,0,33.33333333333333,0.501436816092296,0.8669724770642201,,,,北控水务,C
00371,2020-04-17,DAILY_PULLBACK,0,0,1,0,0,66.66666666666666,1.8417492552049028,0.922018348623853,,,,北控水务,C
00371,2020-04-20,DAILY_PULLBACK,0,0,1,0,0,66.66666666666666,0.838293636588969,0.9266055045871558,,,,北控水务,C
00371,2020-04-21,DAILY_NEUTRAL,0,0,0,0,0,0.0,0.6467927264641236,0.8853211009174311,,,,北控水务,C
00371,2020-04-22,DAILY_NEUTRAL,0,0,0,0,0,33.33333333333333,0.8292304423539542,0.8899082568807338,,,,北控水务,C
00371,2020-04-23,DAILY_NEUTRAL,0,0,0,0,0,33.33333333333333,0.5851124536508941,0.8807339449541284,,,,北控水务,C
00371,2020-04-24,DAILY_NEUTRAL,0,0,0,0,0,0.0,0.6200055850400117,0.8715596330275228,,,,北控水务,C
00371,2020-04-27,DAILY_NEUTRAL,0,0,0,0,0,0.0,1.020009174264626,0.8990825688073394,,,,北控水务,C
00371,2020-04-28,DAILY_NEUTRAL,0,0,0,0,0,33.33333333333333,1.2830090318372376,0.9128440366972477,,,,北控水务,C
00371,2020-04-29,DAILY_NEUTRAL,0,0,0,0,0,33.33333333333333,1.0422443563541104,0.8990825688073394,,,,北控水务,C
00371,2020-05-04,DAILY_NEUTRAL,0,0,0,0,0,0.0,2.338262269808268,0.8660287081339714,,,,北控水务,C
00371,2020-05-05,DAILY_NEUTRAL,0,0,0,0,0,0.0,0.5547027352745214,0.8731707317073172,,,,北控水务,C
00371,2020-05-06,DAILY_NEUTRAL,0,0,0,0,0,0.0,1.0341424534291406,0.8926829268292684,,,,北控水务,C
00371,2020-05-07,DAILY_NEUTRAL,0,0,0,0,0,0.0,0.8696487474259015,0.8829268292682928,,,,北控水务,C
00371,2020-05-08,DAILY_NEUTRAL,0,0,0,0,0,0.0,0.8963085750308456,0.9170731707317074,,,,北控水务,C
00371,2020-05-11,DAILY_NEUTRAL,0,0,0,0,0,0.0,0.5451805693009013,0.9317073170731708,,,,北控水务,C
00371,2020-05-12,DAILY_NEUTRAL,0,0,0,0,0,0.0,1.450168740200695,0.926829268292683,,,,北控水务,C
00371,2020-05-13,DAILY_NEUTRAL,0,0,0,0,0,0.0,0.9400034208002385,0.9170731707317074,,,,北控水务,C
00371,2020-05-14,DAILY_NEUTRAL,0,0,0,0,0,66.66666666666666,1.2997421824000122,0.9365853658536586,,,,北控水务,C
00371,2020-05-15,DAILY_NEUTRAL,0,0,0,0,0,66.66666666666666,0.7617938312818564,0.9317073170731708,,,,北控水务,C
00371,2020-05-18,DAILY_NEUTRAL,0,0,0,0,0,66.66666666666666,0.661185609502677,0.9463414634146342,,,,北控水务,C
00371,2020-05-19,DAILY_NEUTRAL,0,0,0,0,0,66.66666666666666,0.9004437624394246,0.9609756097560976,,,,北控水务,C
00371,2020-05-20,DAILY_NEUTRAL,0,0,0,0,0,100.0,0.8377902695337552,0.9756097560975611,,,,北控水务,C
00371,2020-05-21,DAILY_NEUTRAL,0,0,0,0,0,100.0,0.8884860980505512,0.9705882352941176,,,,北控水务,C
00371,2020-05-22,DAILY_NEUTRAL,0,0,0,0,0,66.66666666666666,1.5885046641908487,0.9108910891089109,,,,北控水务,C
00371,2020-05-25,DAILY_PULLBACK,0,0,1,0,0,100.0,0.8602002649943349,0.9455445544554455,,,,北控水务,C
00371,2020-05-26,DAILY_NEUTRAL,0,0,0,0,0,100.0,1.1558932395506003,0.9603960396039604,,,,北控水务,C
00371,2020-05-27,DAILY_PULLBACK,0,0,1,0,0,66.66666666666666,0.765251925740042,0.9653465346534653,,,,北控水务,C
00371,2020-05-28,DAILY_PULLBACK,0,0,1,0,0,66.66666666666666,0.8815064846762326,0.9603960396039604,,,,北控水务,C
00371,2020-05-29,DAILY_NEUTRAL,0,0,0,0,0,33.33333333333333,2.4223751009037433,0.9356435643564356,,,,北控水务,C
00371,2020-06-01,DAILY_NEUTRAL,0,0,0,0,0,100.0,0.7606914625983888,0.9801980198019802,,,,北控水务,C
00371,2020-06-02,DAILY_NEUTRAL,0,0,0,0,0,100.0,1.2935328934114727,1.0148514851485149,,,,北控水务,C
00371,2020-06-03,DAILY_NEUTRAL,0,0,0,0,0,100.0,0.9538295336899008,0.9905660377358491,,,,北控水务,C
00371,2020-06-04,DAILY_NEUTRAL,0,0,0,0,0,100.0,0.933032916104619,1.009433962264151,,,,北控水务,C
00371,2020-06-05,DAILY_NEUTRAL,0,0,0,0,0,100.0,0.5840608963512776,0.986111111111111,,,,北控水务,C
00371,2020-06-08,DAILY_NEUTRAL,0,0,0,0,0,100.0,0.9140813474322569,0.986111111111111,,,,北控水务,C
00371,2020-06-09,DAILY_NEUTRAL,0,0,0,0,0,100.0,0.5973267510229646,0.9861751152073733,,,,北控水务,C
00371,2020-06-10,DAILY_NEUTRAL,0,0,0,0,0,100.0,0.98446862081973,0.9907834101382489,,,,北控水务,C
00371,2020-06-11,DAILY_PULLBACK,0,0,1,0,0,100.0,1.8495695118220357,0.9400921658986175,,,,北控水务,C
00371,2020-06-12,DAILY_NEUTRAL,0,0,0,0,0,66.66666666666666,0.8606495006710035,0.9170506912442397,,,,北控水务,C
00371,2020-06-15,DAILY_NEUTRAL,0,0,0,0,0,33.33333333333333,1.757833106578328,0.8894009216589862,,,,北控水务,C
00371,2020-06-16,DAILY_PULLBACK,0,0,1,0,0,66.66666666666666,0.9162128736342184,0.9585253456221199,,,,北控水务,C
00371,2020-06-17,DAILY_PULLBACK,0,0,1,0,0,66.66666666666666,0.6987105862349217,0.9723502304147466,,,,北控水务,C
00371,2020-06-18,DAILY_PULLBACK,0,0,1,0,0,66.66666666666666,0.8709466261061419,1.0184331797235022,,,,北控水务,C
00371,2020-06-19,DAILY_DISTRIBUTION,0,1,0,0,0,100.0,1.7317929844119884,0.9909502262443439,,,,北控水务,C
00371,2020-06-22,DAILY_PULLBACK,0,0,1,0,0,100.0,0.5067146609576044,0.9461883408071748,,,,北控水务,C
00371,2020-06-23,DAILY_NEUTRAL,0,0,0,0,0,66.66666666666666,1.0951290360177612,0.9103139013452914,,,,北控水务,C
00371,2020-06-24,DAILY_NEUTRAL,0,0,0,0,0,66.66666666666666,0.696988693999765,0.9192825112107622,,,,北控水务,C
00371,2020-06-26,DAILY_NEUTRAL,0,0,0,0,0,66.66666666666666,1.3183287190205302,0.9237668161434978,,,,北控水务,C
00371,2020-06-29,DAILY_NEUTRAL,0,0,0,0,0,0.0,0.72908396097892,0.9237668161434978,,,,北控水务,C
00371,2020-06-30,DAILY_NEUTRAL,0,0,0,0,0,33.33333333333333,0.6847454676733151,0.9237668161434978,,,,北控水务,C
00371,2020-07-02,DAILY_PULLBACK,0,0,1,0,0,66.66666666666666,1.6625952090269887,0.9820627802690582,,,,北控水务,C
00371,2020-07-03,DAILY_NEUTRAL,0,0,0,0,0,100.0,0.6606343457127724,1.0,,,,北控水务,C
00371,2020-07-06,DAILY_NEUTRAL,0,0,0,0,0,100.0,1.557113398027259,1.1031390134529149,,,,北控水务,C
00371,2020-07-07,DAILY_NEUTRAL,0,0,0,0,0,100.0,1.9692308103548324,0.9920318725099603,,,,北控水务,C
00371,2020-07-08,DAILY_NEUTRAL,0,0,0,0,0,100.0,0.7601728329922781,0.9960474308300397,,,,北控水务,C
00371,2020-07-09,DAILY_NEUTRAL,0,0,0,0,0,100.0,0.726742383085607,0.9920948616600791,,,,北控水务,C
00371,2020-07-10,DAILY_PULLBACK,0,0,1,0,0,100.0,0.9493378526828914,0.932806324110672,,,,北控水务,C
00371,2020-07-13,DAILY_PULLBACK,0,0,1,0,0,100.0,0.5098129012744547,0.9644268774703558,,,,北控水务,C
00371,2020-07-14,DAILY_PULLBACK,0,0,1,0,0,100.0,0.4711930571378137,0.9090909090909091,,,,北控水务,C
00371,2020-07-15,DAILY_PULLBACK,0,0,1,0,0,66.66666666666666,0.5874116279411196,0.8853754940711464,,,,北控水务,C
00371,2020-07-16,DAILY_NEUTRAL,0,0,0,0,0,33.33333333333333,0.785069469002897,0.8814229249011858,,,,北控水务,C
00371,2020-07-17,DAILY_NEUTRAL,0,0,0,0,0,33.33333333333333,0.4859246835512239,0.8853754940711464,,,,北控水务,C
00371,2020-07-20,DAILY_PULLBACK,0,0,1,0,0,66.66666666666666,1.4242206278238982,0.9288537549407115,,,,北控水务,C
00371,2020-07-21,DAILY_PULLBACK,0,0,1,0,0,66.66666666666666,0.8931174592653456,0.9051383399209487,,,,北控水务,C
00371,2020-07-22,DAILY_PULLBACK,0,0,1,0,0,66.66666666666666,1.541517124701913,0.9090909090909091,,,,北控水务,C
00371,2020-07-23,DAILY_NEUTRAL,0,0,0,0,0,33.33333333333333,1.1621685344913784,0.8893280632411068,,,,北控水务,C
00371,2020-07-24,DAILY_NEUTRAL,0,0,0,0,0,0.0,1.0691254817088336,0.857707509881423,,,,北控水务,C
00371,2020-07-27,DAILY_NEUTRAL,0,0,0,0,0,0.0,0.5947993374491473,0.841897233201581,,,,北控水务,C
00371,2020-07-28,DAILY_NEUTRAL,0,0,0,0,0,0.0,0.4136686471992747,0.8735177865612649,,,,北控水务,C
00371,2020-07-29,DAILY_NEUTRAL,0,0,0,0,0,0.0,0.47985690152320276,0.8893280632411068,,,,北控水务,C
00371,2020-07-30,DAILY_NEUTRAL,0,0,0,0,0,0.0,0.6635793865994645,0.9051383399209487,,,,北控水务,C
00371,2020-07-31,DAILY_NEUTRAL,0,0,0,0,0,33.33333333333333,1.734990833473299,0.9209486166007906,,,,北控水务,C
00371,2020-08-03,DAILY_NEUTRAL,0,0,0,0,0,33.33333333333333,1.2797062378404123,0.9090909090909091,,,,北控水务,C
00371,2020-08-04,DAILY_NEUTRAL,0,0,0,0,0,66.66666666666666,0.8670683397481634,0.9209486166007906,,,,北控水务,C
00371,2020-08-05,DAILY_NEUTRAL,0,0,0,0,0,66.66666666666666,1.3447274123977813,0.9090909090909091,,,,北控水务,C
00371,2020-08-06,DAILY_NEUTRAL,0,0,0,0,0,66.66666666666666,1.311564331655721,0.9246031746031746,,,,北控水务,C
00371,2020-08-07,DAILY_NEUTRAL,0,0,0,0,0,66.66666666666666,0.7435990387817597,0.9163346613545816,,,,北控水务,C
00371,2020-08-10,DAILY_NEUTRAL,0,0,0,0,0,66.66666666666666,0.4227256352075721,0.9149797570850201,,,,北控水务,C
00371,2020-08-11,DAILY_PULLBACK,0,0,1,0,0,66.66666666666666,0.7398421463424351,0.9344262295081966,,,,北控水务,C
00371,2020-08-12,DAILY_NEUTRAL,0,0,0,0,0,33.33333333333333,1.1290709154621221,0.9456066945606694,,,,北控水务,C
00371,2020-08-13,DAILY_PULLBACK,0,0,1,0,0,66.66666666666666,3.217851207200197,1.00418410041841,,,,北控水务,C
00371,2020-08-14,DAILY_PULLBACK,0,0,1,0,0,66.66666666666666,0.8690015198600846,0.9551020408163264,,,,北控水务,C
00371,2020-08-17,DAILY_NEUTRAL,0,0,0,0,0,100.0,0.8518148469107251,0.9551020408163264,,,,北控水务,C
00371,2020-08-18,DAILY_PULLBACK,0,0,1,0,0,100.0,0.9846650850809586,0.9428571428571428,,,,北控水务,C
00371,2020-08-19,DAILY_PULLBACK,0,0,1,0,0,100.0,0.5408106378533479,0.9346938775510204,,,,北控水务,C
00371,2020-08-20,DAILY_NEUTRAL,0,0,0,0,0,66.66666666666666,0.9263031148559565,0.9265306122448979,,,,北控水务,C
00371,2020-08-21,DAILY_NEUTRAL,0,0,0,0,0,33.33333333333333,0.6201024098865623,0.930612244897959,,,,北控水务,C
00371,2020-08-24,DAILY_NEUTRAL,0,0,0,0,0,33.33333333333333,0.7888750374969041,0.9346938775510204,,,,北控水务,C
00371,2020-08-25,DAILY_NEUTRAL,0,0,0,0,0,33.33333333333333,1.29846220668858,0.9346938775510204,,,,北控水务,C
00371,2020-08-26,DAILY_NEUTRAL,0,0,0,0,0,33.33333333333333,0.9579119159979927,0.9265306122448979,,,,北控水务,C
00371,2020-08-27,DAILY_NEUTRAL,0,0,0,0,0,0.0,1.2000907562486975,0.9183673469387754,,,,北控水务,C
00371,2020-08-28,DAILY_NEUTRAL,0,0,0,0,0,0.0,1.477866699088625,0.9183673469387754,,,,北控水务,C
00371,2020-08-31,DAILY_NEUTRAL,0,0,0,0,0,0.0,4.927263243942451,0.8530612244897958,,,,北控水务,C
00371,2020-09-01,DAILY_NEUTRAL,0,0,0,0,0,0.0,0.8497235469544859,0.8571428571428571,,,,北控水务,C
00371,2020-09-02,DAILY_NEUTRAL,0,0,0,0,0,0.0,0.834876306670412,0.8693877551020407,,,,北控水务,C
00371,2020-09-03,DAILY_NEUTRAL,0,0,0,0,0,0.0,0.8006725579533105,0.8571428571428571,,,,北控水务,C
00371,2020-09-04,DAILY_NEUTRAL,0,0,0,0,0,0.0,0.742165936838435,0.8448979591836734,,,,北控水务,C
00371,2020-09-07,DAILY_NEUTRAL,0,0,0,0,0,0.0,0.3998916349068112,0.8408163265306122,,,,北控水务,C
00371,2020-09-08,DAILY_NEUTRAL,0,0,0,0,0,0.0,0.5088218044827899,0.8857142857142857,,,,北控水务,C
00371,2020-09-09,DAILY_NEUTRAL,0,0,0,0,0,0.0,0.6653477133925644,0.8857142857142857,,,,北控水务,C
00371,2020-09-10,DAILY_NEUTRAL,0,0,0,0,0,0.0,0.7662315529778855,0.8775510204081631,,,,北控水务,C
00371,2020-09-11,DAILY_NEUTRAL,0,0,0,0,0,33.33333333333333,1.3715592187879542,0.8884297520661157,,,,北控水务,C
00371,2020-09-14,DAILY_NEUTRAL,0,0,0,0,0,33.33333333333333,2.3629806162347498,0.8991596638655464,,,,北控水务,C
00371,2020-09-15,DAILY_NEUTRAL,0,0,0,0,0,33.33333333333333,1.1638184830263412,0.9159663865546219,,,,北控水务,C
00371,2020-09-16,DAILY_NEUTRAL,0,0,0,0,0,33.33333333333333,0.8804987716879681,0.8991596638655464,,,,北控水务,C
00371,2020-09-17,DAILY_NEUTRAL,0,0,0,0,0,33.33333333333333,1.3120732649125149,0.9110169491525424,,,,北控水务,C
00371,2020-09-18,DAILY_NEUTRAL,0,0,0,0,0,66.66666666666666,2.0158995783112195,0.9406779661016951,,,,北控水务,C
00371,2020-09-21,DAILY_NEUTRAL,0,0,0,0,0,100.0,0.5615118920602904,0.9364406779661018,,,,北控水务,C
00371,2020-09-22,DAILY_PULLBACK,0,0,1,0,0,100.0,0.761913029502192,0.9237288135593221,,,,北控水务,C
00371,2020-09-23,DAILY_NEUTRAL,0,0,0,0,0,100.0,1.002485266454195,0.9406779661016951,,,,北控水务,C
00371,2020-09-24,DAILY_NEUTRAL,0,0,0,0,0,66.66666666666666,0.9039479303119002,0.9110169491525424,,,,北控水务,C
00371,2020-09-25,DAILY_NEUTRAL,0,0,0,0,0,66.66666666666666,1.0010100387061311,0.8983050847457628,,,,北控水务,C
00371,2020-09-28,DAILY_PULLBACK,0,0,1,0,0,66.66666666666666,0.6430476507096691,0.9601769911504425,,,,北控水务,C
00371,2020-09-29,DAILY_NEUTRAL,0,0,0,0,0,33.33333333333333,0.644848321312545,0.9513274336283186,,,,北控水务,C
00371,2020-09-30,DAILY_NEUTRAL,0,0,0,0,0,33.33333333333333,0.834503515809621,0.9380530973451329,,,,北控水务,C
00371,2020-10-05,DAILY_NEUTRAL,0,0,0,0,0,33.33333333333333,0.5322940771725886,0.9247787610619469,,,,北控水务,C
00371,2020-10-06,DAILY_PULLBACK,0,0,1,0,0,66.66666666666666,0.5205813615328263,0.9690265486725664,,,,北控水务,C
00371,2020-10-07,DAILY_NEUTRAL,0,0,0,0,0,0.0,1.0360742387053137,0.9557522123893807,,,,北控水务,C
00371,2020-10-08,DAILY_NEUTRAL,0,0,0,0,0,33.33333333333333,0.5864223756701535,0.9867256637168142,,,,北控水务,C
00371,2020-10-09,DAILY_NEUTRAL,0,0,0,0,0,66.66666666666666,1.0721285213709002,0.9955752212389382,,,,北控水务,C
00371,2020-10-12,DAILY_DISTRIBUTION,0,1,0,0,0,66.66666666666666,1.3526783692658255,0.9955752212389382,,,,北控水务,C
00371,2020-10-14,DAILY_PULLBACK,0,0,1,0,0,100.0,1.8412665893366098,0.973568281938326,,,,北控水务,C
00371,2020-10-15,DAILY_PULLBACK,0,0,1,0,0,100.0,1.1919813938245076,0.9779735682819384,,,,北控水务,C
00371,2020-10-16,DAILY_NEUTRAL,0,0,0,0,0,66.66666666666666,2.9478507189324112,0.9383259911894273,,,,北控水务,C
00371,2020-10-19,DAILY_NEUTRAL,0,0,0,0,0,33.33333333333333,0.9669228508478477,0.9295154185022025,,,,北控水务,C
00371,2020-10-20,DAILY_NEUTRAL,0,0,0,0,0,33.33333333333333,0.8643594927059007,0.9295154185022025,,,,北控水务,C
00371,2020-10-21,DAILY_NEUTRAL,0,0,0,0,0,33.33333333333333,1.2019253590045016,0.9207048458149779,,,,北控水务,C
00371,2020-10-22,DAILY_NEUTRAL,0,0,0,0,0,33.33333333333333,1.543985510581567,0.9162995594713657,,,,北控水务,C
00371,2020-10-23,DAILY_NEUTRAL,0,0,0,0,0,0.0,0.5956580848319096,0.9162995594713657,,,,北控水务,C
00371,2020-10-27,DAILY_NEUTRAL,0,0,0,0,0,0.0,0.48347721064059934,0.9118942731277532,,,,北控水务,C
00371,2020-10-28,DAILY_NEUTRAL,0,0,0,0,0,0.0,0.7302278794260714,0.9030837004405285,,,,北控水务,C
00371,2020-10-29,DAILY_NEUTRAL,0,0,0,0,0,0.0,0.5405650542727558,0.9030837004405285,,,,北控水务,C
00371,2020-10-30,DAILY_NEUTRAL,0,0,0,0,0,0.0,0.7117820523356715,0.907488986784141,,,,北控水务,C
00371,2020-11-02,DAILY_NEUTRAL,0,0,0,0,0,0.0,0.7849610503098399,0.8986784140969163,,,,北控水务,C
00371,2020-11-03,DAILY_NEUTRAL,0,0,0,0,0,0.0,1.6395285061744764,0.9295154185022025,,,,北控水务,C
00371,2020-11-04,DAILY_NEUTRAL,0,0,0,0,0,33.33333333333333,1.394254395892971,0.933920704845815,,,,北控水务,C
00371,2020-11-05,DAILY_NEUTRAL,0,0,0,0,0,66.66666666666666,1.861985134371182,0.9955947136563875,,,,北控水务,C
00371,2020-11-06,DAILY_NEUTRAL,0,0,0,0,0,66.66666666666666,0.5959219612421618,0.9779735682819384,,,,北控水务,C
00371,2020-11-09,DAILY_NEUTRAL,0,0,0,0,0,66.66666666666666,0.858648794670122,0.973568281938326,,,,北控水务,C
00371,2020-11-10,DAILY_NEUTRAL,0,0,0,0,0,66.66666666666666,1.0186604688565155,0.973568281938326,,,,北控水务,C
00371,2020-11-11,DAILY_NEUTRAL,0,0,0,0,0,100.0,1.5180765668890546,1.0396475770925109,,,,北控水务,C
00371,2020-11-12,DAILY_PULLBACK,0,0,1,0,0,100.0,1.054452679573374,0.9211618257261411,,,,北控水务,C
00371,2020-11-13,DAILY_PULLBACK,0,0,1,0,0,100.0,0.9088149017653703,0.925311203319502,,,,北控水务,C
00371,2020-11-16,DAILY_PULLBACK,0,0,1,0,0,100.0,0.5191926062778973,0.933609958506224,,,,北控水务,C
00371,2020-11-17,DAILY_PULLBACK,0,0,1,0,0,100.0,0.6868718578744252,0.925311203319502,,,,北控水务,C
00371,2020-11-18,DAILY_PULLBACK,0,0,1,0,0,66.66666666666666,0.5924967119301368,0.925311203319502,,,,北控水务,C
00371,2020-11-19,DAILY_PULLBACK,0,0,1,0,0,66.66666666666666,1.822797664381823,0.925311203319502,,,,北控水务,C
00371,2020-11-20,DAILY_PULLBACK,0,0,1,0,0,66.66666666666666,0.75778215983811,0.9128630705394191,,,,北控水务,C
00371,2020-11-23,DAILY_PULLBACK,0,0,1,0,0,66.66666666666666,0.7929374085737377,0.9211618257261411,,,,北控水务,C
00371,2020-11-24,DAILY_PULLBACK,0,0,1,0,0,66.66666666666666,0.7945579985799487,0.925311203319502,,,,北控水务,C
00371,2020-11-25,DAILY_NEUTRAL,0,0,0,0,0,33.33333333333333,1.2967640242636793,0.908713692946058,,,,北控水务,C
00371,2020-11-26,DAILY_NEUTRAL,0,0,0,0,0,33.33333333333333,0.7614793637097711,0.8962655601659751,,,,北控水务,C
00371,2020-11-27,DAILY_NEUTRAL,0,0,0,0,0,33.33333333333333,1.8900029635754405,0.8962655601659751,,,,北控水务,C
00371,2020-11-30,DAILY_NEUTRAL,0,0,0,0,0,33.33333333333333,3.410335996720484,0.937759336099585,,,,北控水务,C
00371,2020-12-01,DAILY_NEUTRAL,0,0,0,0,0,33.33333333333333,0.49594398698044817,0.937759336099585,,,,北控水务,C
00371,2020-12-02,DAILY_NEUTRAL,0,0,0,0,0,66.66666666666666,0.6134581116798121,0.933609958506224,,,,北控水务,C
00371,2020-12-03,DAILY_NEUTRAL,0,0,0,0,0,66.66666666666666,0.3298196924214561,0.925311203319502,,,,北控水务,C
00371,2020-12-04,DAILY_NEUTRAL,0,0,0,0,0,33.33333333333333,0.48582537787471186,0.91701244813278,,,,北控水务,C
00371,2020-12-07,DAILY_NEUTRAL,0,0,0,0,0,33.33333333333333,0.5653958424839283,0.9211618257261411,,,,北控水务,C
00371,2020-12-08,DAILY_NEUTRAL,0,0,0,0,0,33.33333333333333,0.6212535044078118,0.9128630705394191,,,,北控水务,C
00371,2020-12-09,DAILY_NEUTRAL,0,0,0,0,0,33.33333333333333,1.4144984303044905,0.9211618257261411,,,,北控水务,C
00371,2020-12-10,DAILY_NEUTRAL,0,0,0,0,0,33.33333333333333,0.6679546402150506,0.9208333333333334,,,,北控水务,C
00371,2020-12-11,DAILY_NEUTRAL,0,0,0,0,0,33.33333333333333,1.288793289339505,0.9113924050632911,,,,北控水务,C
00371,2020-12-14,DAILY_NEUTRAL,0,0,0,0,0,33.33333333333333,0.7593900322825653,0.919831223628692,,,,北控水务,C
00371,2020-12-15,DAILY_NEUTRAL,0,0,0,0,0,0.0,1.211682316720407,0.9156118143459915,,,,北控水务,C
00371,2020-12-16,DAILY_NEUTRAL,0,0,0,0,0,0.0,1.2305903782964396,0.9113924050632911,,,,北控水务,C
00371,2020-12-17,DAILY_NEUTRAL,0,0,0,0,0,0.0,1.199385839727906,0.9156118143459915,,,,北控水务,C
00371,2020-12-18,DAILY_NEUTRAL,0,0,0,0,0,0.0,1.651013928102935,0.9282700421940928,,,,北控水务,C
00371,2020-12-21,DAILY_NEUTRAL,0,0,0,0,0,0.0,0.6558804274832494,0.9282700421940928,,,,北控水务,C
00371,2020-12-22,DAILY_NEUTRAL,0,0,0,0,0,0.0,0.7700851819762278,0.9029535864978903,,,,北控水务,C
00371,2020-12-23,DAILY_NEUTRAL,0,0,0,0,0,33.33333333333333,0.5999274969668782,0.9156118143459915,,,,北控水务,C
00371,2020-12-24,DAILY_NEUTRAL,0,0,0,0,0,66.66666666666666,0.4307763497975963,0.9324894514767932,,,,北控水务,C
00371,2020-12-28,DAILY_NEUTRAL,0,0,0,0,0,66.66666666666666,1.0161791239366098,0.9367088607594937,,,,北控水务,C
00371,2020-12-29,DAILY_NEUTRAL,0,0,0,0,0,66.66666666666666,2.0534181730533545,0.9282700421940928,,,,北控水务,C
00371,2020-12-30,DAILY_NEUTRAL,0,0,0,0,0,66.66666666666666,1.4395528661947066,0.9282700421940928,,,,北控水务,C
00371,2020-12-31,DAILY_NEUTRAL,0,0,0,0,0,66.66666666666666,0.9512279335490333,0.9696969696969697,,,,北控水务,C
00371,2021-01-04,DAILY_NEUTRAL,0,0,0,0,0,100.0,1.406141710970528,0.9736842105263159,,,,北控水务,C
00371,2021-01-05,DAILY_NEUTRAL,0,0,0,0,0,100.0,0.9746474402442251,0.9955947136563875,,,,北控水务,C
00371,2021-01-06,DAILY_NEUTRAL,0,0,0,0,0,100.0,1.3548963735446506,1.0220264317180616,,,,北控水务,C
00371,2021-01-07,DAILY_NEUTRAL,0,0,0,0,0,100.0,1.146906029580205,0.9742489270386265,,,,北控水务,C
00371,2021-01-08,DAILY_NEUTRAL,0,0,0,0,0,100.0,1.200152104895367,0.9871794871794872,,,,北控水务,C
00371,2021-01-11,DAILY_NEUTRAL,0,0,0,0,0,66.66666666666666,2.45869491349637,0.9444444444444445,,,,北控水务,C
00371,2021-01-12,DAILY_PULLBACK,0,0,1,0,0,100.0,0.5512349515180643,0.9574468085106382,,,,北控水务,C
00371,2021-01-13,DAILY_NEUTRAL,0,0,0,0,0,100.0,0.46321180461859496,0.9659574468085106,,,,北控水务,C
00371,2021-01-14,DAILY_NEUTRAL,0,0,0,0,0,100.0,1.240314371821113,1.0170212765957447,,,,北控水务,C
00371,2021-01-15,DAILY_NEUTRAL,0,0,0,0,0,100.0,1.736493532605125,1.01255230125523,,,,北控水务,C
00371,2021-01-18,DAILY_NEUTRAL,0,0,0,0,0,100.0,0.6038502560516705,0.9720000000000001,,,,北控水务,C
00371,2021-01-19,DAILY_NEUTRAL,0,0,0,0,0,100.0,1.3829799575429966,0.9960000000000001,,,,北控水务,C
00371,2021-01-20,DAILY_NEUTRAL,0,0,0,0,0,100.0,1.1166836458052105,0.9801587301587302,,,,北控水务,C
00371,2021-01-21,DAILY_PULLBACK,0,0,1,0,0,100.0,0.877436973147635,0.9384615384615385,,,,北控水务,C
00371,2021-01-22,DAILY_PULLBACK,0,0,1,0,0,100.0,0.6291747670129024,0.923076923076923,,,,北控水务,C
00371,2021-01-25,DAILY_PULLBACK,0,0,1,0,0,100.0,0.8614759832504612,0.9038461538461539,,,,北控水务,C
00371,2021-01-26,DAILY_PULLBACK,0,0,1,0,0,100.0,0.6096639269108161,0.8999999999999999,,,,北控水务,C
00371,2021-01-27,DAILY_PULLBACK,0,0,1,0,0,66.66666666666666,0.940012087202502,0.9192307692307693,,,,北控水务,C
00371,2021-01-28,DAILY_NEUTRAL,0,0,0,0,0,33.33333333333333,1.2488106913312746,0.8846153846153845,,,,北控水务,C
00371,2021-01-29,DAILY_NEUTRAL,0,0,0,0,0,33.33333333333333,1.947350761190979,0.8769230769230768,,,,北控水务,C
00371,2021-02-01,DAILY_NEUTRAL,0,0,0,0,0,33.33333333333333,0.811632547353844,0.8884615384615384,,,,北控水务,C
00371,2021-02-02,DAILY_NEUTRAL,0,0,0,0,0,33.33333333333333,0.8488602791887883,0.8884615384615384,,,,北控水务,C
00371,2021-02-03,DAILY_NEUTRAL,0,0,0,0,0,0.0,0.9284926872473271,0.8730769230769231,4570000.0,,,北控水务,C
00371,2021-02-04,DAILY_NEUTRAL,0,0,0,0,0,0.0,1.094905693630691,0.8615384615384616,1104120.0,,,北控水务,C
00371,2021-02-05,DAILY_NEUTRAL,0,0,0,0,0,0.0,0.3853774717572306,0.8730769230769231,625120.0,,,北控水务,C
00371,2021-02-08,DAILY_NEUTRAL,0,0,0,0,0,0.0,0.9411186965889831,0.8461538461538461,-5430000.0,,,北控水务,C
00371,2021-02-09,DAILY_NEUTRAL,0,0,0,0,0,0.0,0.5463639298791284,0.8538461538461539,1741360.0,,,北控水务,C
00371,2021-02-10,DAILY_NEUTRAL,0,0,0,0,0,0.0,0.6776623436398798,0.8615384615384616,1979560.0,,,北控水务,C
00371,2021-02-11,DAILY_NEUTRAL,0,0,0,0,0,0.0,0.3275791814563304,0.8730769230769231,-1000.0,,,北控水务,C
00371,2021-02-16,DAILY_NEUTRAL,0,0,0,0,0,0.0,1.700206579518851,0.8846153846153845,4750000.0,,,北控水务,C
00371,2021-02-17,DAILY_NEUTRAL,0,0,0,0,0,33.33333333333333,1.987878346281297,0.8923076923076922,2276740.0,,,北控水务,C
00371,2021-02-18,DAILY_NEUTRAL,0,0,0,0,0,33.33333333333333,1.2207795213251948,0.8807692307692307,-700920.0,,,北控水务,C
00371,2021-02-19,DAILY_NEUTRAL,0,0,0,0,0,33.33333333333333,1.7236472347081064,0.8692307692307691,4310000.0,,569378.0,北控水务,C
00371,2021-02-22,DAILY_NEUTRAL,0,0,0,0,0,33.33333333333333,2.4570648732691995,0.888888888888889,-10320000.0,,742874.9090909092,北控水务,C
00371,2021-02-23,DAILY_NEUTRAL,0,0,0,0,0,33.33333333333333,0.8072061837815621,0.9142857142857143,-1055940.0,,-345584.3333333333,北控水务,C
00371,2021-02-24,DAILY_NEUTRAL,0,0,0,0,0,0.0,1.8561384340214946,0.8857142857142857,-7780000.0,,-1394104.0,北控水务,C
00371,2021-02-25,DAILY_NEUTRAL,0,0,0,0,0,33.33333333333333,1.4423716167619844,0.9265306122448979,15210000.0,,-2828589.1428571427,北控水务,C
00371,2021-02-26,DAILY_NEUTRAL,0,0,0,0,0,0.0,1.0742489717984156,0.8938775510204081,-110000.0,,-679124.0,北控水务,C
00371,2021-03-01,DAILY_NEUTRAL,0,0,0,0,0,0.0,0.3627412947364406,0.9285714285714286,3786820.0,,-1509253.0,北控水务,C
00371,2021-03-02,DAILY_NEUTRAL,0,0,0,0,0,0.0,0.4774143302999428,0.9243697478991598,900000.0,,1130419.5294117648,北控水务,C
00371,2021-03-03,DAILY_NEUTRAL,0,0,0,0,0,0.0,0.7168350096786267,0.9327731092436976,7740000.0,,1520482.888888889,北控水务,C
00371,2021-03-04,DAILY_NEUTRAL,0,0,0,0,0,0.0,1.5865912692246353,0.9075630252100841,-19020000.0,,4263476.631578947,北控水务,C
00371,2021-03-05,DAILY_DECLINE,0,0,0,0,1,0.0,1.8040860938923682,0.9117647058823529,-4050000.0,-0.6079940125659752,-1569429.0,北控水务,C
00371,2021-03-08,DAILY_DECLINE,0,0,0,0,1,0.0,1.8270877857219927,0.9285714285714286,-25010000.0,-3.6164111199269238,-1926429.0,北控水务,C
00371,2021-03-09,DAILY_NEUTRAL,0,0,0,0,0,0.0,0.6416888068771678,0.9201680672268908,4930000.0,0.7018611490368307,-6380087.0,北控水务,C
00371,2021-03-10,DAILY_DECLINE,0,0,0,0,1,0.0,0.5229306057461941,0.9243697478991598,-3220000.0,-0.27861424362955456,-5789331.0,北控水务,C
00371,2021-03-11,DAILY_NEUTRAL,0,0,0,0,0,0.0,0.6273332152042788,0.9243697478991598,3070000.0,0.48229985796381464,-8091831.0,北控水务,C
00371,2021-03-12,DAILY_NEUTRAL,0,0,0,0,0,33.33333333333333,3.3660225523759233,0.9285714285714286,-5160000.0,-0.5333530458334338,-3740263.0,北控水务,C
00371,2021-03-15,DAILY_NEUTRAL,0,0,0,0,0,33.33333333333333,0.5251646841183645,0.9327731092436976,-4090000.0,-0.3879808285454658,-3605285.0,北控水务,C
00371,2021-03-16,DAILY_NEUTRAL,0,0,0,0,0,66.66666666666666,0.9964589257159101,0.9537815126050421,-778320.0,0.0370207575376064,783165.0,北控水务,C
00371,2021-03-17,DAILY_NEUTRAL,0,0,0,0,0,66.66666666666666,0.5935068884694475,0.9533898305084746,-141600.0,0.11806387498730815,-82083.0,北控水务,C
00371,2021-03-18,DAILY_NEUTRAL,0,0,0,0,0,100.0,0.31335750465611295,0.9615384615384616,-2732320.0,-0.2223281672036885,654514.0,北控水务,C
00371,2021-03-19,DAILY_NEUTRAL,0,0,0,0,0,100.0,0.9780363926842549,0.9700854700854702,4940000.0,0.8004445222665161,-404380.0,北控水务,C
00371,2021-03-22,DAILY_NEUTRAL,0,0,0,0,0,100.0,0.41580336927459377,0.9743589743589743,-765600.0,0.01695682280939455,1584120.0,北控水务,C
00371,2021-03-23,DAILY_PULLBACK,0,0,1,0,0,100.0,0.7739482416605924,0.974025974025974,-1480000.0,-0.08036740295074737,1771280.0,北控水务,C
00371,2021-03-24,DAILY_PULLBACK,0,0,1,0,0,100.0,0.9126982981754548,0.9696969696969697,-2750000.0,-0.25446973210056,1652147.0,北控水务,C
00371,2021-03-25,DAILY_ACCUMULATION,0,0,0,1,0,66.66666666666666,1.3729033668194202,0.948051948051948,4510000.0,0.7660719447201123,878967.0,北控水务,C
00371,2021-03-26,DAILY_NEUTRAL,0,0,0,0,0,33.33333333333333,0.5430612799351566,0.9523809523809524,964160.0,0.2492296358585566,2862431.0,北控水务,C
00371,2021-03-29,DAILY_PULLBACK,0,0,1,1,0,66.66666666666666,1.0339841989499574,0.9653679653679653,8610000.0,1.3378922150306114,2013555.0,北控水务,C
00371,2021-03-30,DAILY_DECLINE,0,0,0,0,1,33.33333333333333,1.6664416746558237,0.948051948051948,-11170000.0,-1.5085316318567425,3647516.0,北控水务,C
00371,2021-03-31,DAILY_DECLINE,0,0,0,0,1,33.33333333333333,3.3080107398598355,0.8961038961038961,-27770000.0,-3.7550206683177634,2313016.0,北控水务,C
00371,2021-04-01,DAILY_NEUTRAL,0,0,0,0,0,0.0,0.883900492455767,0.8961038961038961,4760000.0,0.7507600232778567,-915484.0,北控水务,C
00371,2021-04-07,DAILY_NEUTRAL,0,0,0,0,0,0.0,0.7812668095846128,0.8917748917748918,4220000.0,0.6708528148337214,-2054484.0,北控水务,C
00371,2021-04-08,DAILY_NEUTRAL,0,0,0,0,0,0.0,0.7932396490449664,0.8961038961038961,5690000.0,0.8384300577524012,-1816816.0,北控水务,C
00371,2021-04-09,DAILY_NEUTRAL,0,0,0,0,0,0.0,0.5885703116110783,0.9090909090909091,14190000.0,1.8623854965612459,-3935816.0,北控水务,C
00371,2021-04-12,DAILY_ACCUMULATION,0,0,0,1,0,0.0,0.7126646588678494,0.922077922077922,12992600.0,1.626854236404915,673184.0,北控水务,C
00371,2021-04-13,DAILY_ACCUMULATION,0,0,0,1,0,0.0,0.7771466443508346,0.922077922077922,12620000.0,1.517756442626833,8015074.0,北控水务,C
00371,2021-04-14,DAILY_NEUTRAL,0,0,0,0,0,0.0,0.62087781231041,0.9307359307359306,10240000.0,1.1888483270526955,9109574.0,北控水务,C
00371,2021-04-15,DAILY_ACCUMULATION,0,0,0,1,0,66.66666666666666,0.8436194881861995,0.9523809523809524,10710000.0,1.2120696344995947,9543574.0,北控水务,C
00371,2021-04-16,DAILY_ACCUMULATION,0,0,0,1,0,66.66666666666666,1.4007853770578564,0.9610389610389611,4148600.0,0.4306657695610622,9807574.0,北控水务,C
00371,2021-04-19,DAILY_NEUTRAL,0,0,0,0,0,66.66666666666666,0.41659194994720217,0.9567099567099566,2768000.0,0.2662101853926347,7552948.0,北控水务,C
00371,2021-04-20,DAILY_NEUTRAL,0,0,0,0,0,66.66666666666666,0.5728022429130625,0.9781659388646289,2810000.0,0.2682333931775852,5362548.0,北控水务,C
00371,2021-04-21,DAILY_NEUTRAL,0,0,0,0,0,66.66666666666666,0.6765443075939493,0.965065502183406,6550000.0,0.7051076060308363,3123432.0,北控水务,C
00371,2021-04-22,DAILY_PULLBACK,0,0,1,1,0,100.0,0.8585120692133844,0.9694323144104804,8790000.0,0.9595686205785068,2304932.0,北控水务,C
00371,2021-04-23,DAILY_PULLBACK,0,0,1,0,0,100.0,0.6480794752676589,0.9694323144104804,-1249820.0,-0.24559115594884762,1443152.0,北控水务,C
00371,2021-04-26,DAILY_PULLBACK,0,0,1,0,0,100.0,0.6419318120657753,0.9733333333333333,-605880.0,-0.16629747449426688,351959.0,北控水务,C
00371,2021-04-27,DAILY_PULLBACK,0,0,1,0,0,66.66666666666666,0.5841568408896084,0.9687499999999999,0.0,-0.09173741458553439,-430023.0,北控水务,C
00371,2021-04-28,DAILY_NEUTRAL,0,0,0,0,0,33.33333333333333,2.6231279365965823,0.9464285714285714,6960000.0,0.755475236040548,-766523.0,北控水务,C
00371,2021-04-29,DAILY_NEUTRAL,0,0,0,0,0,33.33333333333333,0.5747025337169722,0.9598214285714285,3990000.0,0.3823429200899749,-984315.0,北控水务,C
00371,2021-04-30,DAILY_DECLINE,0,0,0,0,1,33.33333333333333,1.562376513767499,0.9330357142857141,-124000.0,-0.1276457227642998,-1713315.0,北控水务,C
00371,2021-05-03,DAILY_DECLINE,0,0,0,0,1,33.33333333333333,0.4246242076389291,0.9375,-578120.0,-0.18290546124286353,-2040451.0,北控水务,C
00371,2021-05-04,DAILY_NEUTRAL,0,0,0,0,0,33.33333333333333,0.4660859391687593,0.9464285714285714,3740000.0,0.3591490149943459,-3394493.0,北控水务,C
00371,2021-05-05,DAILY_NEUTRAL,0,0,0,0,0,0.0,0.7201909262431947,0.9419642857142856,3885900.0,0.3742039108548734,-2595493.0,北控水务,C
00371,2021-05-06,DAILY_NEUTRAL,0,0,0,0,0,0.0,2.7696357187938268,0.950892857142857,18260000.0,2.1895604386731935,-3193608.0,北控水务,C
00371,2021-05-07,DAILY_DECLINE,0,0,0,0,1,0.0,1.6262614656335785,0.9419642857142856,-410000.0,-0.19462482063012831,-968108.0,北控水务,C
00371,2021-05-10,DAILY_DECLINE,0,0,0,0,1,0.0,0.715236387601319,0.950892857142857,-1530000.0,-0.32842764744284964,-295308.0,北控水务,C
00371,2021-05-11,DAILY_ACCUMULATION,0,0,0,1,0,33.33333333333333,0.9623204967676026,0.9553571428571428,5390000.0,0.5059818213960198,240446.0,北控水务,C
00371,2021-05-12,DAILY_ACCUMULATION,0,0,0,1,0,33.33333333333333,0.8053061751256102,0.9419642857142856,5326340.0,0.4897711189125415,931946.0,北控水务,C
00371,2021-05-13,DAILY_NEUTRAL,0,0,0,0,0,33.33333333333333,0.4735354250612167,0.9419642857142856,6727500.0,0.6522140812037867,1465717.0,北控水务,C
00371,2021-05-14,DAILY_NEUTRAL,0,0,0,0,0,33.33333333333333,1.073429836254437,0.9419642857142856,7300000.0,0.7058131802876939,-641658.0,北控水务,C
00371,2021-05-17,DAILY_ACCUMULATION,0,0,0,1,0,0.0,1.2749240388764422,0.950892857142857,9960000.0,1.0197459063382537,742772.0,北控水务,C
00371,2021-05-18,DAILY_ACCUMULATION,0,0,0,1,0,66.66666666666666,1.2269987317926958,0.9732142857142857,6430000.0,0.5732727087084817,2681172.0,北控水务,C
00371,2021-05-20,DAILY_ACCUMULATION,0,0,0,1,0,66.66666666666666,1.9440975728556662,0.9955156950672647,4050800.0,0.2737544481357955,2708172.0,北控水务,C
00371,2021-05-21,DAILY_NEUTRAL,0,0,0,0,0,100.0,0.6072372636830001,0.9865470852017938,4829120.0,0.36728828993049517,2578024.0,北控水务,C
00371,2021-05-24,DAILY_ACCUMULATION,0,0,0,1,0,100.0,0.8728704793087093,0.9865470852017938,9852320.0,0.9534876173368761,2396392.0,北控水务,C
00371,2021-05-25,DAILY_NEUTRAL,0,0,0,0,0,100.0,0.7628031402416292,0.9910313901345291,2464000.0,0.033241408508280695,2351749.0,北控水务,C
00371,2021-05-26,DAILY_PULLBACK,0,0,1,0,0,100.0,0.5813064933418278,0.9820627802690582,861140.0,-0.18327545470265005,699055.0,北控水务,C
00371,2021-05-27,DAILY_NEUTRAL,0,0,0,0,0,100.0,5.454538083260714,0.9955156950672647,0.0,-0.2650041386425483,-457774.0,北控水务,C
00371,2021-05-28,DAILY_DISTRIBUTION,0,1,0,0,0,100.0,1.3249897278889182,0.9955156950672647,2860000.0,0.09221734754910532,-919934.0,北控水务,C
00371,2021-05-31,DAILY_NEUTRAL,0,0,0,0,0,100.0,1.1025707978817705,1.0178571428571426,8490000.0,0.7980707368496976,-1257258.0,北控水务,C
00371,2021-06-01,DAILY_NEUTRAL,0,0,0,0,0,100.0,0.2988061370935559,0.9737991266375545,-780000.0,-0.37483492623467407,-1960422.0,北控水务,C
00371,2021-06-02,DAILY_NEUTRAL,0,0,0,0,0,100.0,0.33993077194617477,0.9781659388646289,1470000.0,-0.0775090196507967,-2599128.0,北控水务,C
00371,2021-06-03,DAILY_PULLBACK,0,0,1,0,0,100.0,0.4109547738044472,0.965065502183406,270000.0,-0.28753244695808483,-2363856.0,北控水务,C
00371,2021-06-04,DAILY_NEUTRAL,0,0,0,0,0,66.66666666666666,0.45255630340134695,0.9519650655021835,-1810000.0,-0.5768996224372551,-2129061.0,北控水务,C
00371,2021-06-07,DAILY_PULLBACK,0,0,1,0,0,66.66666666666666,0.6536052120985152,0.9563318777292577,2901700.0,0.0015637427505846952,-2059561.0,北控水务,C
00371,2021-06-08,DAILY_DECLINE,0,0,0,0,1,33.33333333333333,0.92560234596842,0.9519650655021835,0.0,-0.4347775138485826,-3342806.0,北控水务,C
00371,2021-06-09,DAILY_DECLINE,0,0,0,0,1,33.33333333333333,1.117807593299633,0.943231441048035,914600.0,-0.3055286068484067,-3263306.0,北控水务,C
00371,2021-06-10,DAILY_DECLINE,0,0,0,0,1,33.33333333333333,1.7808299809495363,0.9388646288209607,2543100.0,-0.05080162092985196,-3150616.0,北控水务,C
00371,2021-06-11,DAILY_DECLINE,0,0,0,0,1,33.33333333333333,1.2262056367163008,0.9563318777292577,1420000.0,-0.24535705045994766,-2556834.0,北控水务,C
00371,2021-06-15,DAILY_DECLINE,0,0,0,0,1,0.0,1.6297772917250182,0.9475982532751092,-336840.0,-0.5370632544928973,-1645459.0,北控水务,C
00371,2021-06-16,DAILY_DECLINE,0,0,0,0,1,0.0,0.5572168484084115,0.943231441048035,1470000.0,-0.25567278152798306,-1911325.0,北控水务,C
00371,2021-06-17,DAILY_DECLINE,0,0,0,0,1,0.0,0.5209546334902938,0.943231441048035,2700000.0,-0.0674040984517842,-1192825.0,北控水务,C
00371,2021-06-18,DAILY_DECLINE,0,0,0,0,1,0.0,1.8948470170978753,0.943231441048035,2210000.0,-0.15960818360626117,-649245.0,北控水务,C
00371,2021-06-21,DAILY_DECLINE,0,0,0,0,1,0.0,0.49654923928295164,0.9344978165938865,1410000.0,-0.2789232391710136,-623825.0,北控水务,C
00371,2021-06-22,DAILY_DECLINE,0,0,0,0,1,0.0,1.5073576748039232,0.9170305676855895,570000.0,-0.4185204289376793,-454869.0,北控水务,C
00371,2021-06-23,DAILY_NEUTRAL,0,0,0,0,0,0.0,1.1768820729538954,0.9170305676855895,3715600.0,0.07477421618384161,190615.0,北控水务,C
00371,2021-06-24,DAILY_DECLINE,0,0,0,0,1,0.0,0.3843189288125393,0.9170305676855895,-1320000.0,-0.748764887332061,577155.0,北控水务,C
00371,2021-06-25,DAILY_DECLINE,0,0,0,0,1,0.0,0.776779968332021,0.9170305676855895,1440000.0,-0.28970258123012127,-117788.0,北控水务,C
00371,2021-06-28,DAILY_DECLINE,0,0,0,0,1,0.0,0.33825449112709693,0.925764192139738,0.0,-0.5209274107592663,-343788.0,北控水务,C
00371,2021-06-29,DAILY_DECLINE,0,0,0,0,1,0.0,0.8430795994051851,0.9213973799126637,-677440.0,-0.6086725736180634,-482788.0,北控水务,C
00371,2021-06-30,DAILY_DECLINE,0,0,0,0,1,0.0,1.3127266140263874,0.9344978165938865,884860.0,-0.40350426085254965,-273904.0,北控水务,C
00371,2021-07-02,DAILY_NEUTRAL,0,0,0,0,0,66.66666666666666,1.5172523693172693,0.9515418502202644,-2635100.0,-1.4627095263795815,-923295.0,北控水务,C
00371,2021-07-05,DAILY_NEUTRAL,0,0,0,0,0,66.66666666666666,0.6726337528356765,0.9555555555555555,-15200.0,-0.822427350840056,-981060.0,北控水务,C
00371,2021-07-06,DAILY_NEUTRAL,0,0,0,0,0,66.66666666666666,0.583037322031451,0.9774774774774774,384800.0,-0.7129324028542098,-1257840.0,北控水务,C
00371,2021-07-07,DAILY_DISTRIBUTION,0,1,0,0,0,66.66666666666666,1.2121459466520645,0.9864253393665159,0.0,-0.7773555647259424,-1290620.0,北控水务,C
00371,2021-07-08,DAILY_NEUTRAL,0,0,0,0,0,66.66666666666666,0.9995435632567072,0.9728506787330317,-2910000.0,-1.4381136827412886,-1010047.0,北控水务,C
00371,2021-07-09,DAILY_NEUTRAL,0,0,0,0,0,66.66666666666666,0.5603033158020918,0.9684684684684683,0.0,-0.7178595285797037,-1623519.0,北控水务,C
00371,2021-07-12,DAILY_NEUTRAL,0,0,0,0,0,66.66666666666666,0.8423549065279858,0.9594594594594593,-1924160.0,-1.1804787468232616,-1050769.0,北控水务,C
00371,2021-07-13,DAILY_NEUTRAL,0,0,0,0,0,66.66666666666666,0.6250947641839026,0.9594594594594593,46720.0,-0.6474372985178934,-1209198.0,北控水务,C
00371,2021-07-14,DAILY_PULLBACK,0,0,1,0,0,66.66666666666666,1.22999630432812,0.9684684684684683,0.0,-0.6360702859153746,-1208150.0,北控水务,C
00371,2021-07-15,DAILY_PULLBACK,0,0,1,0,0,66.66666666666666,1.688563672471198,0.9819819819819819,6770000.0,1.1762251786279738,-1224992.0,北控水务,C
00371,2021-07-16,DAILY_PULLBACK,0,0,1,1,0,66.66666666666666,1.338491982872991,0.990990990990991,3310000.0,0.23943168687146654,446008.0,北控水务,C
00371,2021-07-19,DAILY_NEUTRAL,0,0,0,0,0,100.0,1.1210858882985464,0.9864864864864864,1725920.0,-0.17751191966943936,1077508.0,北控水务,C
00371,2021-07-20,DAILY_NEUTRAL,0,0,0,0,0,66.66666666666666,0.8010865472198702,0.9639639639639639,582120.0,-0.46048194257468095,1831728.0,北控水务,C
00371,2021-07-21,DAILY_NEUTRAL,0,0,0,0,0,66.66666666666666,1.0725779597242553,0.9594594594594593,0.0,-0.5924078600511741,1980202.0,北控水务,C
00371,2021-07-22,DAILY_NEUTRAL,0,0,0,0,0,100.0,0.5881085733141048,0.9774774774774774,3270000.0,0.28905541436136684,2008702.0,北控水务,C
00371,2021-07-23,DAILY_PULLBACK,0,0,1,0,0,33.33333333333333,0.4393655287996464,0.9684684684684683,31600.0,-0.6123805244422564,1330982.0,北控水务,C
00371,2021-07-26,DAILY_DECLINE,0,0,0,0,1,33.33333333333333,1.3505388020532845,0.9594594594594593,-1750000.0,-1.0995412058429048,607722.0,北控水务,C
00371,2021-07-27,DAILY_DECLINE,0,0,0,0,1,33.33333333333333,2.190648422305615,0.9189189189189189,-7480000.0,-2.637836334092794,72038.0,北控水务,C
00371,2021-07-28,DAILY_DECLINE,0,0,0,0,1,0.0,1.2379415290681233,0.9009009009009008,1180000.0,-0.19706796714194838,-1166386.0,北控水务,C
00371,2021-07-29,DAILY_DECLINE,0,0,0,0,1,0.0,0.8984407390666211,0.9009009009009008,-563040.0,-0.658221148958984,-1023258.0,北控水务,C
00371,2021-07-30,DAILY_DECLINE,0,0,0,0,1,0.0,1.2769137887874171,0.9234234234234233,-49780.0,-0.5243122302139026,-1717471.0,北控水务,C
00371,2021-08-02,DAILY_DECLINE,0,0,0,0,1,0.0,0.6897756754464092,0.9414414414414413,971280.0,-0.2411535734274768,-1863013.0,北控水务,C
00371,2021-08-03,DAILY_DECLINE,0,0,0,0,1,0.0,1.0375406537553857,0.954954954954955,-3850000.0,-1.489577658545717,-1368081.0,北控水务,C
00371,2021-08-04,DAILY_DECLINE,0,0,0,0,1,0.0,0.7103395546464809,0.9459459459459459,-2580000.0,-1.2540770061673756,-430341.0,北控水务,C
00371,2021-08-05,DAILY_NEUTRAL,0,0,0,0,0,33.33333333333333,0.6348290313451677,0.9324324324324322,1150000.0,-0.0893224820263784,-1053341.0,北控水务,C
00371,2021-08-06,DAILY_NEUTRAL,0,0,0,0,0,33.33333333333333,1.5127705095973432,0.9547511312217194,7460000.0,1.8400033220285923,-913733.0,北控水务,C
00371,2021-08-09,DAILY_NEUTRAL,0,0,0,0,0,66.66666666666666,0.47794919518035217,0.9592760180995475,-226200.0,-0.5296580421141797,215223.0,北控水务,C
00371,2021-08-10,DAILY_NEUTRAL,0,0,0,0,0,66.66666666666666,0.8022601597578463,0.9638009049773756,1580000.0,0.04630640860399451,-109171.0,北控水务,C
00371,2021-08-11,DAILY_NEUTRAL,0,0,0,0,0,66.66666666666666,1.2123109002647467,0.9592760180995475,-3850000.0,-1.6260479603864748,900165.0,北控水务,C
00371,2021-08-12,DAILY_ACCUMULATION,0,0,0,1,0,66.66666666666666,1.2476838658479035,1.0,7040000.0,1.858573729880539,838665.0,北控水务,C
00371,2021-08-13,DAILY_NEUTRAL,0,0,0,0,0,100.0,2.452924630620823,1.0315315315315314,1994320.0,0.2906727693720644,2003165.0,北控水务,C
00371,2021-08-16,DAILY_NEUTRAL,0,0,0,0,0,100.0,0.7980547029074849,0.965217391304348,-2420000.0,-1.163319993124738,975813.0,北控水务,C
00371,2021-08-17,DAILY_PULLBACK,0,0,1,0,0,100.0,0.851132473995565,0.9565217391304349,189440.0,-0.2477353942488968,744349.0,北控水务,C
00371,2021-08-18,DAILY_ACCUMULATION,0,0,0,1,0,100.0,0.8348386930898262,0.9782608695652175,4140000.0,1.12220163524014,485871.0,北控水务,C
00371,2021-08-19,DAILY_PULLBACK,0,0,1,1,0,100.0,1.0278746124989482,0.973913043478261,2306180.0,0.5705930705106823,1876871.0,北控水务,C
00371,2021-08-20,DAILY_PULLBACK,0,0,1,1,0,100.0,1.1079999293631988,0.9608695652173913,4270000.0,1.2942657093916854,978298.0,北控水务,C
00371,2021-08-23,DAILY_NEUTRAL,0,0,0,0,0,100.0,1.766500811457562,0.9956521739130436,260000.0,-0.1989064926305664,1221514.0,北控水务,C
00371,2021-08-24,DAILY_NEUTRAL,0,0,0,0,0,100.0,1.977764729679515,1.0217391304347827,12540000.0,4.256487241685192,1657014.0,北控水务,C
00371,2021-08-25,DAILY_ACCUMULATION,0,0,0,1,0,100.0,1.3022879376605287,0.9747899159663865,5060000.0,1.3036187768741208,3126126.0,北控水务,C
00371,2021-08-26,DAILY_ACCUMULATION,0,0,0,1,0,100.0,1.3141135247370475,0.9957983193277312,12397620.0,3.7961292108552644,3116126.0,北控水务,C
00371,2021-08-27,DAILY_PULLBACK,0,0,1,0,0,100.0,1.378898645829453,0.9537815126050421,-4460000.0,-1.6660721810189616,4486381.0,北控水务,C
00371,2021-08-30,DAILY_NEUTRAL,0,0,0,0,0,100.0,2.321717966247347,1.0084033613445378,5440000.0,1.2814971247042821,2960892.0,北控水务,C
00371,2021-08-31,DAILY_NEUTRAL,0,0,0,0,0,100.0,1.1311547733892207,0.9796747967479675,-5910000.0,-2.0209622529279225,3773456.0,北控水务,C
00371,2021-09-01,DAILY_NEUTRAL,0,0,0,0,0,100.0,0.5813102872733189,0.9715447154471545,815620.0,-0.06700935377772435,186456.0,北控水务,C
00371,2021-09-02,DAILY_NEUTRAL,0,0,0,0,0,100.0,1.6749721135924889,1.0365853658536586,15210000.0,3.974939698342845,-832201.0,北控水务,C
00371,2021-09-03,DAILY_NEUTRAL,0,0,0,0,0,100.0,0.789199212451472,0.9767441860465116,-5260000.0,-1.6298426604515681,-972725.0,北控水务,C
00371,2021-09-06,DAILY_NEUTRAL,0,0,0,0,0,100.0,0.6346884281933792,0.9884169884169884,-3494420.0,-1.1388668194749842,-496725.0,北控水务,C
00371,2021-09-07,DAILY_NEUTRAL,0,0,0,0,0,100.0,0.5688814895763933,0.9806949806949807,-4240000.0,-1.283861521036707,-2120198.0,北控水务,C
00371,2021-09-08,DAILY_NEUTRAL,0,0,0,0,0,100.0,0.7646846931162461,0.9884169884169884,5750000.0,1.1386567039994782,-1495198.0,北控水务,C
00371,2021-09-09,DAILY_PULLBACK,0,0,1,0,0,100.0,0.4412703278318028,0.9692307692307692,-4060000.0,-1.2135524849756931,-988322.0,北控水务,C
00371,2021-09-10,DAILY_PULLBACK,0,0,1,0,0,100.0,0.6737783565278835,0.9423076923076923,-4240000.0,-1.2195504063199272,-4287322.0,北控水务,C
00371,2021-09-13,DAILY_PULLBACK,0,0,1,0,0,100.0,2.1710501086199514,0.9576923076923077,37236100.0,8.396461920529449,-3771606.0,北控水务,C
00371,2021-09-14,DAILY_PULLBACK,0,0,1,0,0,66.66666666666666,0.7992093554549562,0.9423076923076923,-2000000.0,-0.5407034390031561,2391693.0,北控水务,C
00371,2021-09-15,DAILY_ACCUMULATION,0,0,0,1,0,33.33333333333333,0.980496483519956,0.9192307692307693,7370000.0,0.9329062512652918,2949165.0,北控水务,C
00371,2021-09-16,DAILY_DECLINE,0,0,0,0,1,33.33333333333333,0.503678217980202,0.8961538461538462,-1710000.0,-0.49940136108591837,3111665.0,北控水务,C
00371,2021-09-17,DAILY_DECLINE,0,0,0,0,1,33.33333333333333,1.2734746006763744,0.8769230769230768,-1220000.0,-0.4089663052044588,3782474.0,北控水务,C
00371,2021-09-20,DAILY_DECLINE,0,0,0,0,1,33.33333333333333,0.4564207873265216,0.8730769230769231,-417840.0,-0.28497720578792035,4660974.0,北控水务,C
00371,2021-09-21,DAILY_DECLINE,0,0,0,0,1,0.0,3.0645797415400917,0.8923076923076922,-1260000.0,-0.410391900952987,-2835922.0,北控水务,C
00371,2021-09-23,DAILY_DECLINE,0,0,0,0,1,0.0,1.1418715751210986,0.926923076923077,-742140.0,-0.3266177393828196,-1997922.0,北控水务,C
00371,2021-09-24,DAILY_DECLINE,0,0,0,0,1,0.0,0.49572564890529947,0.8999999999999999,419880.0,-0.1466982297850086,-3330243.0,北控水务,C
00371,2021-09-27,DAILY_DECLINE,0,0,0,0,1,0.0,0.426851291503001,0.8999999999999999,-2010000.0,-0.5212701397920129,-2305380.0,北控水务,C
00371,2021-09-28,DAILY_NEUTRAL,0,0,0,0,0,33.33333333333333,0.27218004930147416,0.9192307692307693,-597120.0,-0.30465902927567645,-2585880.0,北控水务,C
00371,2021-09-29,DAILY_NEUTRAL,0,0,0,0,0,33.33333333333333,0.5192439451893541,0.8846153846153845,-699860.0,-0.318935660437809,-2319880.0,北控水务,C
00371,2021-09-30,DAILY_NEUTRAL,0,0,0,0,0,33.33333333333333,0.6337252095150168,0.9038461538461539,-614000.0,-0.3026515505353621,-2468359.0,北控水务,C
00371,2021-10-04,DAILY_NEUTRAL,0,0,0,0,0,33.33333333333333,2.573176760406997,0.9038461538461539,-14000000.0,-2.3700384827906804,-2371250.0,北控水务,C
00371,2021-10-05,DAILY_NEUTRAL,0,0,0,0,0,33.33333333333333,0.6165712765337134,0.9115384615384615,355680.0,-0.11748254625380175,-3794726.0,北控水务,C
00371,2021-10-06,DAILY_NEUTRAL,0,0,0,0,0,66.66666666666666,6.401850961913939,1.0461538461538462,45970000.0,6.644861466985431,-3602374.0,北控水务,C
00371,2021-10-07,DAILY_NEUTRAL,0,0,0,0,0,100.0,1.591882028922763,0.9929824561403509,190000.0,-0.1986256248290894,3237829.0,北控水务,C
00371,2021-10-08,DAILY_NEUTRAL,0,0,0,0,0,100.0,2.1434120149049285,0.903114186851211,-31800000.0,-3.8046421039806093,3194301.0,北控水务,C
00371,2021-10-11,DAILY_PULLBACK,0,0,1,0,0,100.0,0.8605640065114397,0.8581314878892733,-855360.0,-0.23070495295934795,-1165399.0,北控水务,C
00371,2021-10-12,DAILY_PULLBACK,0,0,1,0,0,100.0,0.38021887327428733,0.8650519031141868,1740000.0,0.04485873356709857,1303297.0,北控水务,C
00371,2021-10-15,DAILY_NEUTRAL,0,0,0,0,0,66.66666666666666,0.9089222487361791,0.8373702422145328,-2280000.0,-0.3602325922408806,1281161.0,北控水务,C
00371,2021-10-18,DAILY_PULLBACK,0,0,1,0,0,66.66666666666666,0.35087902118685566,0.8477508650519031,-420000.0,-0.16462083270749953,-6393034.0,北控水务,C
00371,2021-10-19,DAILY_PULLBACK,0,0,1,0,0,66.66666666666666,0.6748708538876727,0.8615916955017301,576160.0,-0.06197969755900679,-6594034.0,北控水务,C
00371,2021-10-20,DAILY_PULLBACK,0,0,1,0,0,66.66666666666666,0.6492060559974963,0.8477508650519031,-1650000.0,-0.2885023182181187,220890.0,北控水务,C
00371,2021-10-21,DAILY_NEUTRAL,0,0,0,0,0,33.33333333333333,0.9241527854185813,0.8408304498269896,2010000.0,0.09059272198309708,58962.0,北控水务,C
00371,2021-10-22,DAILY_DECLINE,0,0,0,0,1,33.33333333333333,0.6408098385181004,0.8304498269896193,-2270000.0,-0.3462612127131602,-48538.0,北控水务,C
00371,2021-10-25,DAILY_DECLINE,0,0,0,0,1,33.33333333333333,1.0418011084184484,0.8304498269896193,392800.0,-0.0756490524128692,46070.0,北控水务,C
00371,2021-10-26,DAILY_DECLINE,0,0,0,0,1,0.0,0.9959740765158897,0.8131487889273357,-4904820.0,-0.6294777837683017,125990.0,北控水务,C
00371,2021-10-27,DAILY_DECLINE,0,0,0,0,1,0.0,0.5945288912958199,0.7993079584775087,-2188380.0,-0.3411439088664935,-762072.0,北控水务,C
00371,2021-10-28,DAILY_DECLINE,0,0,0,0,1,0.0,0.9308444304600697,0.7750865051903114,-4500000.0,-0.5728166212117919,-739335.0,北控水务,C
00371,2021-10-29,DAILY_DECLINE,0,0,0,0,1,0.0,1.0731971314516766,0.7820069204152248,-2380000.0,-0.349155460379602,-1916835.0,北控水务,C
00371,2021-11-01,DAILY_DECLINE,0,0,0,0,1,0.0,0.7581687944931285,0.7716262975778546,-5698140.0,-0.6787757227048274,-1849691.0,北控水务,C
00371,2021-11-02,DAILY_DECLINE,0,0,0,0,1,0.0,2.0254881573507393,0.7681660899653979,-7750000.0,-0.8815731710178494,-2817965.0,北控水务,C
00371,2021-11-03,DAILY_DECLINE,0,0,0,0,1,0.0,0.9705555767429341,0.7577854671280276,-9400000.0,-1.0338393901436447,-3030201.0,北控水务,C
00371,2021-11-04,DAILY_DECLINE,0,0,0,0,1,0.0,0.8887572804524605,0.7508650519031141,-6620000.0,-0.7305584388405812,-4702525.0,北控水务,C
00371,2021-11-05,DAILY_DECLINE,0,0,0,0,1,0.0,1.0904480868343864,0.740484429065744,-4440000.0,-0.4900047580721633,-4777741.0,北控水务,C
00371,2021-11-08,DAILY_DECLINE,0,0,0,0,1,0.0,1.4992300907062446,0.7301038062283737,-12710000.0,-1.3032504676413212,-2669241.0,北控水务,C
00371,2021-11-09,DAILY_NEUTRAL,0,0,0,0,0,0.0,1.3272682669603313,0.7535714285714286,1170000.0,0.0972793770357081,-3426613.0,北控水务,C
00371,2021-11-10,DAILY_NEUTRAL,0,0,0,0,0,0.0,0.5235801006511148,0.8075471698113208,1800000.0,0.15097672372150023,-3291113.0,北控水务,C
00371,2021-11-11,DAILY_DECLINE,0,0,0,0,1,0.0,0.48070768511730055,0.857707509881423,-1741220.0,-0.18838847028116454,-1183881.0,北控水务,C
00371,2021-11-12,DAILY_DECLINE,0,0,0,0,1,0.0,0.4617089245186747,0.8537549407114625,-191380.0,-0.02973541459517634,-34064.0,北控水务,C
00371,2021-11-15,DAILY_DECLINE,0,0,0,0,1,0.0,0.49879369781062183,0.8645418326693227,-1390000.0,-0.15142997824385762,711229.0,北控水务,C
00371,2021-11-16,DAILY_NEUTRAL,0,0,0,0,0,33.33333333333333,0.686035872287935,0.8725099601593626,-821880.0,-0.09288058674487203,3023729.0,北控水务,C
00371,2021-11-17,DAILY_NEUTRAL,0,0,0,0,0,33.33333333333333,1.6892415559490914,0.8804780876494025,-7820000.0,-0.7746723034622649,2695255.0,北控水务,C
00371,2021-11-18,DAILY_NEUTRAL,0,0,0,0,0,33.33333333333333,0.7462562094529311,0.8979591836734694,807840.0,0.09201830349369004,1079755.0,北控水务,C
00371,2021-11-19,DAILY_NEUTRAL,0,0,0,0,0,33.33333333333333,0.47984808108448457,0.9012345679012345,121380.0,0.03036466573306782,1649675.0,北控水务,C
00371,2021-11-22,DAILY_ACCUMULATION,0,0,0,1,0,33.33333333333333,0.9672866392700755,0.8962655601659751,4000000.0,0.4117857764662323,1592658.0,北控水务,C
00371,2021-11-23,DAILY_NEUTRAL,0,0,0,0,0,33.33333333333333,0.5774311399472142,0.900414937759336,300480.0,0.06293792344806455,2490298.0,北控水务,C
00371,2021-11-24,DAILY_NEUTRAL,0,0,0,0,0,0.0,0.26047525630460355,0.9234042553191488,774900.0,0.11831000828465461,2454505.0,北控水务,C
00371,2021-11-25,DAILY_NEUTRAL,0,0,0,0,0,33.33333333333333,0.34063232392257203,0.9393939393939393,0.0,0.061211984248686936,4025321.0,北控水务,C
00371,2021-11-26,DAILY_DECLINE,0,0,0,0,1,33.33333333333333,2.4346295525496813,0.9383259911894273,-2472180.0,-0.19657739104924268,3638753.0,北控水务,C
00371,2021-11-29,DAILY_NEUTRAL,0,0,0,0,0,33.33333333333333,0.6494325190723133,0.9427312775330396,574000.0,0.12560210951806106,3124650.0,北控水务,C
00371,2021-11-30,DAILY_PULLBACK,0,0,1,0,0,66.66666666666666,12.256776443284851,0.9777777777777779,6010000.0,0.6682377703586163,2125843.0,北控水务,C
00371,2021-12-01,DAILY_NEUTRAL,0,0,0,0,0,33.33333333333333,1.0062474495097464,0.968609865470852,769520.0,0.12553729539774752,2579747.0,北控水务,C
00371,2021-12-02,DAILY_PULLBACK,0,0,1,1,0,66.66666666666666,0.8431307999111339,0.9866666666666668,1349340.0,0.21342059679394434,2070195.0,北控水务,C
00371,2021-12-03,DAILY_NEUTRAL,0,0,0,0,0,100.0,0.6127915389365035,0.991111111111111,-290000.0,0.032058377433479245,1941596.0,北控水务,C
00371,2021-12-06,DAILY_NEUTRAL,0,0,0,0,0,66.66666666666666,0.6423306045114142,0.9469026548672568,2490000.0,0.3154786042265418,2170532.0,北控水务,C
00371,2021-12-07,DAILY_NEUTRAL,0,0,0,0,0,100.0,0.44404510445657563,0.9778761061946903,642400.0,0.1118384371886409,1793732.0,北控水务,C
00371,2021-12-08,DAILY_NEUTRAL,0,0,0,0,0,100.0,0.6085878674439127,0.9911504424778763,-1480000.0,-0.10035705637940077,746592.0,北控水务,C
00371,2021-12-09,DAILY_PULLBACK,0,0,1,1,0,100.0,1.1839065644780247,0.9734513274336285,5360000.0,0.6095447442038426,460688.0,北控水务,C
00371,2021-12-10,DAILY_NEUTRAL,0,0,0,0,0,100.0,0.8722637019186961,0.9691629955947137,36480.0,0.036677336582892,907759.0,北控水务,C
00371,2021-12-13,DAILY_PULLBACK,0,0,1,0,0,100.0,0.5635782990308635,0.9647577092511013,-621160.0,0.03817972445487761,961662.0,北控水务,C
00371,2021-12-14,DAILY_NEUTRAL,0,0,0,0,0,66.66666666666666,1.0865521888500924,0.9559471365638766,0.0,0.1109131553048936,300988.0,北控水务,C
00371,2021-12-15,DAILY_PULLBACK,0,0,1,1,0,66.66666666666666,1.2837121282834867,0.9867841409691631,2101980.0,0.38473625334142886,131414.0,北控水务,C
00371,2021-12-16,DAILY_NEUTRAL,0,0,0,0,0,100.0,1.5822459694843114,1.0175438596491229,2370000.0,0.40933823196523506,351711.0,北控水务,C
00371,2021-12-17,DAILY_NEUTRAL,0,0,0,0,0,100.0,2.344144583499926,0.9615384615384616,838580.0,0.2141138281518551,-324397.0,北控水务,C
00371,2021-12-20,DAILY_NEUTRAL,0,0,0,0,0,66.66666666666666,0.6276906990430835,0.9319148936170212,-1130000.0,-0.029254708970721487,-199837.0,北控水务,C
00371,2021-12-21,DAILY_PULLBACK,0,0,1,0,0,100.0,0.35016923610155964,0.9446808510638298,0.0,0.10866588388920563,-45105.0,北控水务,C
00371,2021-12-22,DAILY_NEUTRAL,0,0,0,0,0,66.66666666666666,0.2820518910183024,0.9361702127659575,0.0,0.10714299378931331,-30081.0,北控水务,C
00371,2021-12-23,DAILY_NEUTRAL,0,0,0,0,0,100.0,0.792794769772546,0.9659574468085106,490000.0,0.16793369066523678,-411732.0,北控水务,C
00371,2021-12-24,DAILY_PULLBACK,0,0,1,0,0,66.66666666666666,0.25776675108095504,0.9702127659574467,-596000.0,0.03002850863477199,-812232.0,北控水务,C
00371,2021-12-28,DAILY_NEUTRAL,0,0,0,0,0,100.0,1.4795051598326634,0.9829787234042553,-100000.0,0.09067850986506978,-1192957.0,北控水务,C
00371,2021-12-29,DAILY_NEUTRAL,0,0,0,0,0,100.0,1.207702857847303,0.978723404255319,-1725940.0,-0.1093613260847703,-953257.0,北控水务,C
00371,2021-12-30,DAILY_NEUTRAL,0,0,0,0,0,100.0,0.46042703925459505,0.9623430962343095,-568100.0,0.03447607220395122,-911648.0,北控水务,C
00371,2021-12-31,DAILY_NEUTRAL,0,0,0,0,0,100.0,0.5623069483166839,0.9707112970711296,0.0,0.07832816699122257,-958387.0,北控水务,C
00371,2022-01-03,DAILY_NEUTRAL,0,0,0,0,0,100.0,1.063893651476559,1.00418410041841,1300000.0,0.24169400877655978,-988920.0,北控水务,C
00371,2022-01-04,DAILY_NEUTRAL,0,0,0,0,0,100.0,3.0413886363622025,1.004149377593361,7570000.0,1.734778020076277,-689220.0,北控水务,C
00371,2022-01-05,DAILY_ACCUMULATION,0,0,0,1,0,100.0,1.1895868570361905,0.9558232931726907,5200000.0,1.2218810959096535,590780.0,北控水务,C
00371,2022-01-06,DAILY_PULLBACK,0,0,1,1,0,100.0,1.4198031025593576,0.9558232931726907,1970000.0,0.7403036803129733,1748088.0,北控水务,C
00371,2022-01-07,DAILY_PULLBACK,0,0,1,0,0,100.0,0.6307968912977812,0.9598393574297188,0.0,0.16675857395803173,2083208.0,北控水务,C
00371,2022-01-10,DAILY_ACCUMULATION,0,0,0,1,0,100.0,0.8627709289197966,0.9799196787148593,3102680.0,1.0557433593715542,2351208.0,北控水务,C
00371,2022-01-11,DAILY_NEUTRAL,0,0,0,0,0,100.0,1.0716571526181455,0.967871485943775,-152380.0,0.1061258234874633,2558434.0,北控水务,C
00371,2022-01-12,DAILY_PULLBACK,0,0,1,0,0,100.0,0.9251899512319339,0.9638554216867469,-12900.0,0.1441418985976856,990519.0,北控水务,C
00371,2022-01-13,DAILY_NEUTRAL,0,0,0,0,0,100.0,0.7808686719357483,0.9759036144578314,1190000.0,0.48598899871190504,-51416.0,北控水务,C
00371,2022-01-14,DAILY_PULLBACK,0,0,1,0,0,100.0,0.7866923294003509,0.967871485943775,-2065920.0,-0.4444196786838667,-161817.0,北控水务,C
00371,2022-01-17,DAILY_PULLBACK,0,0,1,0,0,66.66666666666666,1.2201420942770043,0.9397590361445782,-1660000.0,-0.3118704217038344,-353205.0,北控水务,C
00371,2022-01-18,DAILY_PULLBACK,0,0,1,0,0,66.66666666666666,0.6295185924662902,0.9518072289156626,1280000.0,0.5157345961654058,-1180812.0,北控水务,C
00371,2022-01-19,DAILY_NEUTRAL,0,0,0,0,0,33.33333333333333,1.2741808946265734,0.9437751004016064,3178960.0,1.0464755788762412,-1014836.0,北控水务,C
00371,2022-01-20,DAILY_DECLINE,0,0,0,0,1,33.33333333333333,2.5209637190851177,0.927710843373494,-2163960.0,-0.501148752627221,-535412.0,北控水务,C
00371,2022-01-21,DAILY_NEUTRAL,0,0,0,0,0,33.33333333333333,1.6590490389180435,0.9357429718875502,3789840.0,1.1859555048350996,-1098006.0,北控水务,C
00371,2022-01-24,DAILY_NEUTRAL,0,0,0,0,0,33.33333333333333,0.9089466579706358,0.9357429718875502,2400000.0,0.7531814834627139,-91846.0,北控水务,C
00371,2022-01-25,DAILY_DECLINE,0,0,0,0,1,0.0,1.3251467622815787,0.8995983935742972,-4920000.0,-1.3425186408027605,570354.0,北控水务,C
00371,2022-01-26,DAILY_DECLINE,0,0,0,0,1,0.0,1.0260187976881925,0.9236947791164657,-1826000.0,-0.472960737311978,-428646.0,北控水务,C
00371,2022-01-27,DAILY_NEUTRAL,0,0,0,0,0,0.0,0.800385585351453,0.9236947791164657,3372160.0,1.0178653347453535,-1424635.0,北控水务,C
00371,2022-01-28,DAILY_DECLINE,0,0,0,0,1,0.0,0.6351948494746449,0.9236947791164657,-1180000.0,-0.41800046599089874,-514424.0,北控水务,C
00371,2022-01-31,DAILY_NEUTRAL,0,0,0,0,0,0.0,0.15448270137131917,0.9317269076305219,563580.0,0.10658722497596056,-1449392.0,北控水务,C
00371,2022-02-04,DAILY_NEUTRAL,0,0,0,0,0,0.0,1.3966897993217406,0.9397590361445782,780000.0,0.15326243640435486,-1779855.0,北控水务,C
00371,2022-02-07,DAILY_NEUTRAL,0,0,0,0,0,33.33333333333333,1.163077545223187,0.9282868525896415,4140000.0,1.4638818337435995,-300355.0,北控水务,C
00371,2022-02-08,DAILY_ACCUMULATION,0,0,0,1,0,66.66666666666666,0.8297868642321332,0.9402390438247012,4092360.0,1.400149120973117,945845.0,北控水务,C
00371,2022-02-09,DAILY_NEUTRAL,0,0,0,0,0,66.66666666666666,1.5727144851954067,0.9521912350597611,-2122360.0,-1.088024630604733,983767.0,北控水务,C
00371,2022-02-10,DAILY_ACCUMULATION,0,0,0,1,0,66.66666666666666,1.069835071062742,0.9681274900398408,3950000.0,1.3081071431636964,901413.0,北控水务,C
00371,2022-02-11,DAILY_NEUTRAL,0,0,0,0,0,66.66666666666666,0.4430954423853709,0.9641434262948207,-931500.0,-0.6327083486016593,1536331.0,北控水务,C
00371,2022-02-14,DAILY_PULLBACK,0,0,1,0,0,100.0,0.8287885694039498,0.9482071713147411,-2264480.0,-1.1562167602515485,1232987.0,北控水务,C
00371,2022-02-15,DAILY_PULLBACK,0,0,1,1,0,100.0,0.7413610332457248,0.9521912350597611,4050000.0,1.3016531869058292,64670.0,北控水务,C
00371,2022-02-16,DAILY_NEUTRAL,0,0,0,0,0,100.0,0.946467304609643,0.9601593625498009,1848700.0,0.4090716469391498,-86802.0,北控水务,C
00371,2022-02-17,DAILY_ACCUMULATION,0,0,0,1,0,100.0,0.9861598264757394,0.9760956175298806,1547680.0,0.2745175551500781,511679.0,北控水务,C
00371,2022-02-18,DAILY_NEUTRAL,0,0,0,0,0,100.0,0.7102171428820574,0.9800796812749004,439080.0,-0.20211922410890146,-129169.0,北控水务,C
00371,2022-02-21,DAILY_NEUTRAL,0,0,0,0,0,100.0,0.6791486244574728,0.9800796812749004,280000.0,-0.24765449024084682,186993.0,北控水务,C
00371,2022-02-22,DAILY_PULLBACK,0,0,1,0,0,100.0,1.638811265275442,0.9601593625498009,-4870000.0,-2.447063738981855,840837.0,北控水务,C
00371,2022-02-23,DAILY_PULLBACK,0,0,1,0,0,100.0,0.5374372331099551,0.9721115537848606,71080.0,-0.28276858626712104,-807861.0,北控水务,C
00371,2022-02-24,DAILY_PULLBACK,0,0,1,0,0,100.0,1.416673270138462,0.9482071713147411,-5150000.0,-2.4099150494929513,-977447.0,北控水务,C
00371,2022-02-25,DAILY_PULLBACK,0,0,1,0,0,66.66666666666666,0.5324997025078214,0.9521912350597611,1740000.0,0.40113068734663626,-1939483.0,北控水务,C
00371,2022-02-28,DAILY_DECLINE,0,0,0,0,1,33.33333333333333,2.0829945275501776,0.9442231075697213,-3560000.0,-1.692642519202562,-2012299.0,北控水务,C
00371,2022-03-01,DAILY_PULLBACK,0,0,1,0,0,66.66666666666666,0.7388544453521946,0.9561752988047809,4110000.0,1.4084168247352291,-2693599.0,北控水务,C
00371,2022-03-02,DAILY_NEUTRAL,0,0,0,0,0,33.33333333333333,1.2316947973848655,0.9442231075697213,2590000.0,0.7668494353682458,-934491.0,北控水务,C
00371,2022-03-03,DAILY_PULLBACK,0,0,1,0,0,66.66666666666666,0.7129829952484736,0.9561752988047809,-998920.0,-0.6481072823189016,-619207.0,北控水务,C
00371,2022-03-04,DAILY_NEUTRAL,0,0,0,0,0,0.0,0.9813608114334686,0.9402390438247012,1100000.0,0.17696604371978789,289134.0,北控水务,C
00371,2022-03-07,DAILY_DECLINE,0,0,0,0,1,0.0,1.3368560511862444,0.9196787148594376,-3726480.0,-1.7042224240160597,145134.0,北控水务,C
00371,2022-03-08,DAILY_DECLINE,0,0,0,0,1,0.0,1.2036132335180658,0.9076305220883533,-840300.0,-0.532167919249025,505162.0,北控水务,C
00371,2022-03-09,DAILY_DECLINE,0,0,0,0,1,0.0,1.4802124769742522,0.8795180722891566,-10640000.0,-4.297805636123842,-238265.0,北控水务,C
00371,2022-03-10,DAILY_DECLINE,0,0,0,0,1,0.0,2.4611940678940094,0.927710843373494,-4290060.0,-1.5765241820828693,-2458383.0,北控水务,C
00371,2022-03-11,DAILY_DECLINE,0,0,0,0,1,0.0,0.6367745904500968,0.891566265060241,-687720.0,-0.3066724301210093,-2704608.0,北控水务,C
00371,2022-03-14,DAILY_DECLINE,0,0,0,0,1,0.0,1.2145418495843165,0.8353413654618473,-9400000.0,-3.2418124610943546,-3074341.0,北控水务,C
00371,2022-03-15,DAILY_DECLINE,0,0,0,0,1,0.0,1.5177925198410678,0.7429718875502008,-5294120.0,-1.6655590743382425,-3852269.0,北控水务,C
00371,2022-03-16,DAILY_NEUTRAL,0,0,0,0,0,0.0,0.978042108320703,0.7791164658634537,675420.0,0.22388369726646548,-4275827.0,北控水务,C
00371,2022-03-17,DAILY_DECLINE,0,0,0,0,1,0.0,1.6709658810197567,0.8473895582329316,-13860000.0,-4.218325741444386,-1954079.0,北控水务,C
00371,2022-03-18,DAILY_DECLINE,0,0,0,0,1,0.0,1.6196529701250544,0.8387096774193549,-1147420.0,-0.2195217407953578,-3097683.0,北控水务,C
00371,2022-03-21,DAILY_DECLINE,0,0,0,0,1,0.0,0.6434202115559302,0.846153846153846,-6670000.0,-1.7060312942355549,-3110298.0,北控水务,C
00371,2022-03-22,DAILY_NEUTRAL,0,0,0,0,0,0.0,0.7445423143775579,0.8739837398373983,180000.0,0.16389486702395045,-2216798.0,北控水务,C
00371,2022-03-23,DAILY_NEUTRAL,0,0,0,0,0,33.33333333333333,0.31362155256526886,0.8617886178861789,-743000.0,-0.07955245577619033,-1374474.0,北控水务,C
00371,2022-03-24,DAILY_NEUTRAL,0,0,0,0,0,33.33333333333333,0.3592292177847103,0.8577235772357723,-631220.0,-0.044786222490818414,-1617454.0,北控水务,C
00371,2022-03-25,DAILY_NEUTRAL,0,0,0,0,0,33.33333333333333,0.46976800738145896,0.8448979591836734,-2900000.0,-0.6413291581156986,802363.0,北控水务,C
00371,2022-03-28,DAILY_NEUTRAL,0,0,0,0,0,33.33333333333333,1.0639800431337152,0.8367346938775508,-1824480.0,-0.3450419683913426,683847.0,北控水务,C
00371,2022-03-29,DAILY_NEUTRAL,0,0,0,0,0,33.33333333333333,1.1177178211203682,0.8408163265306122,-3398840.0,-0.7571910239394534,1566175.0,北控水务,C
00371,2022-03-30,DAILY_DECLINE,0,0,0,0,1,0.0,2.674206874849684,0.8285714285714284,-11930000.0,-2.9666437702439326,1225849.0,北控水务,C
00371,2022-03-31,DAILY_DECLINE,0,0,0,0,1,0.0,5.8690094439835665,0.693877551020408,-28940000.0,-6.867349009126725,-285551.0,北控水务,C
00371,2022-04-01,DAILY_DECLINE,0,0,0,0,1,0.0,0.9397466858416018,0.7531380753138075,-1490000.0,-0.04203700552458007,-4550253.0,北控水务,C
00371,2022-04-04,DAILY_NEUTRAL,0,0,0,0,0,0.0,0.5170456214416262,0.7702127659574468,543680.0,0.3652624301893181,-4138753.0,北控水务,C
00371,2022-04-06,DAILY_NEUTRAL,0,0,0,0,0,0.0,0.6779209747258176,0.810344827586207,2212720.0,0.700065551762599,-3878629.0,北控水务,C
00371,2022-04-07,DAILY_DECLINE,0,0,0,0,1,0.0,0.48611442640524244,0.7835497835497836,-4330000.0,-0.5379537782704036,-2908968.0,北控水务,C
00371,2022-04-08,DAILY_NEUTRAL,0,0,0,0,0,0.0,0.3848465861604427,0.8051948051948052,-269740.0,0.24286180134836702,-1704468.0,北控水务,C
00371,2022-04-11,DAILY_DECLINE,0,0,0,0,1,0.0,0.6931939940481839,0.7894736842105264,-5741540.0,-0.784022522873691,3828568.0,北控水务,C
00371,2022-04-12,DAILY_NEUTRAL,0,0,0,0,0,0.0,0.48221032289064897,0.828054298642534,-1274320.0,0.08160117574954155,3230951.0,北控水务,C
00371,2022-04-13,DAILY_ACCUMULATION,0,0,0,1,0,0.0,0.7559906767115024,0.8577981651376146,3235100.0,0.938910658320246,2461067.0,北控水务,C
00371,2022-04-14,DAILY_ACCUMULATION,0,0,0,1,0,33.33333333333333,0.7347246592846854,0.8761467889908255,3000000.0,0.8836846302011964,2239082.0,北控水务,C
00371,2022-04-19,DAILY_NEUTRAL,0,0,0,0,0,33.33333333333333,0.8825261641231928,0.8669724770642201,-2770000.0,-0.21733035367927483,3588853.0,北控水务,C
00371,2022-04-20,DAILY_NEUTRAL,0,0,0,0,0,33.33333333333333,0.9419911214345579,0.8669724770642201,-664300.0,0.18003947397781775,2534301.0,北控水务,C
00371,2022-04-21,DAILY_ACCUMULATION,0,0,0,1,0,33.33333333333333,0.7665754223346039,0.8532110091743119,2009200.0,0.6876671076227173,3525593.0,北控水务,C
00371,2022-04-22,DAILY_ACCUMULATION,0,0,0,1,0,33.33333333333333,1.3962847496057424,0.8394495412844036,750640.0,0.4567633812094295,3748337.0,北控水务,C
00371,2022-04-25,DAILY_NEUTRAL,0,0,0,0,0,0.0,0.7376503767963457,0.8119266055045871,-1110000.0,0.09765194649030765,3222913.0,北控水务,C
00371,2022-04-29,DAILY_ACCUMULATION,0,0,0,1,0,0.0,1.6197616215229809,0.8644859813084113,111160.0,0.3452452285669786,2419263.0,北控水务,C
00371,2022-05-03,DAILY_NEUTRAL,0,0,0,0,0,33.33333333333333,1.3100731633010165,0.891509433962264,-780000.0,0.18447461185816486,2958376.0,北控水务,C
00371,2022-05-04,DAILY_PULLBACK,0,0,1,0,0,66.66666666666666,0.31850891210159576,0.8904761904761905,1542160.0,0.6147215291348022,2829236.0,北控水务,C
00371,2022-05-05,DAILY_NEUTRAL,0,0,0,0,0,33.33333333333333,0.5153529389850171,0.8809523809523809,-517740.0,0.21050025224127333,2567496.0,北控水务,C
00371,2022-05-06,DAILY_NEUTRAL,0,0,0,0,0,66.66666666666666,0.7918258575841657,0.8564593301435407,-1962880.0,-0.05231041883592196,2169765.0,北控水务,C
00371,2022-05-10,DAILY_ACCUMULATION,0,0,0,1,0,0.0,1.4478209235878108,0.8423645320197045,3653180.0,1.0259147384505338,1500833.0,北控水务,C
00371,2022-05-11,DAILY_DECLINE,0,0,0,0,1,0.0,1.526956745539487,0.9329896907216495,-3073240.0,-0.2704021703812774,579578.0,北控水务,C
00371,2022-05-12,DAILY_NEUTRAL,0,0,0,0,0,0.0,1.189759452006111,0.8865979381443299,-1078660.0,0.12126776704356661,200092.0,北控水务,C
00371,2022-05-13,DAILY_NEUTRAL,0,0,0,0,0,0.0,1.5975150873098758,0.8762886597938144,6060000.0,1.5131396958579786,-242955.0,北控水务,C
00371,2022-05-16,DAILY_ACCUMULATION,0,0,0,1,0,0.0,0.8002629197151426,0.8814432989690721,4843220.0,1.2620075240812088,880229.0,北控水务,C
00371,2022-05-17,DAILY_ACCUMULATION,0,0,0,1,0,0.0,1.1255898764246737,0.9020618556701031,5560000.0,1.358810232059304,1782788.0,北控水务,C
00371,2022-05-18,DAILY_ACCUMULATION,0,0,0,1,0,0.0,0.9034837198141075,0.9226804123711341,5420300.0,1.3192967550234207,1872665.0,北控水务,C
00371,2022-05-19,DAILY_ACCUMULATION,0,0,0,1,0,0.0,1.0734972135539662,0.9278350515463918,2740000.0,0.7864455156939483,3013281.0,北控水务,C
00371,2022-05-20,DAILY_ACCUMULATION,0,0,0,1,0,33.33333333333333,1.5836473935029733,0.9072164948453608,3410380.0,0.8903769803120469,3576297.0,北控水务,C
00371,2022-05-23,DAILY_NEUTRAL,0,0,0,0,0,33.33333333333333,0.6886349365926464,0.9175257731958764,4480000.0,1.0908490832380628,3037609.0,北控水务,C
00371,2022-05-24,DAILY_NEUTRAL,0,0,0,0,0,33.33333333333333,0.644120942024863,0.9020618556701031,-1685800.0,-0.0514375445879104,2890965.0,北控水务,C
00371,2022-05-25,DAILY_ACCUMULATION,0,0,0,1,0,33.33333333333333,0.707688209430373,0.9119170984455959,3420000.0,0.8937170392001736,1387595.0,北控水务,C
00371,2022-05-26,DAILY_ACCUMULATION,0,0,0,1,0,33.33333333333333,1.1120168982006802,0.917098445595855,2190000.0,0.6555445155095991,783320.0,北控水务,C
00371,2022-05-27,DAILY_NEUTRAL,0,0,0,0,0,33.33333333333333,0.8149837198369959,0.917098445595855,-1104960.0,0.04936521164604456,664280.0,北控水务,C
00371,2022-05-30,DAILY_NEUTRAL,0,0,0,0,0,0.0,1.5219873870362224,0.917098445595855,-1067240.0,0.044974000003070114,-146008.0,北控水务,C
00371,2022-05-31,DAILY_NEUTRAL,0,0,0,0,0,100.0,7.6294458665646365,0.9792746113989637,7020000.0,1.5234523693052286,-1257594.0,北控水务,C
00371,2022-06-01,DAILY_NEUTRAL,0,0,0,0,0,100.0,0.8477761367483758,0.9740932642487047,-896040.0,0.04206779552730523,138124.0,北控水务,C
00371,2022-06-02,DAILY_NEUTRAL,0,0,0,0,0,100.0,0.474064626262234,0.9740932642487047,440000.0,0.29075612831294534,-719282.0,北控水务,C
00371,2022-06-06,DAILY_PULLBACK,0,0,1,0,0,100.0,0.7843640566826502,0.9274611398963731,-6860000.0,-1.037253441369732,-1014174.0,北控水务,C
00371,2022-06-07,DAILY_NEUTRAL,0,0,0,0,0,66.66666666666666,1.087324345910336,0.9267015706806283,-8990000.0,-1.3868690605429956,-1848069.0,北控水务,C
00371,2022-06-08,DAILY_NEUTRAL,0,0,0,0,0,66.66666666666666,0.40366871623712963,0.9319371727748692,-1540320.0,-0.010171954278750627,-3081265.0,北控水务,C
00371,2022-06-09,DAILY_NEUTRAL,0,0,0,0,0,33.33333333333333,0.6632964199137489,0.9267015706806283,1436140.0,0.5214955854796544,-4533654.0,北控水务,C
00371,2022-06-10,DAILY_PULLBACK,0,0,1,0,0,66.66666666666666,1.9243628235495907,0.9633507853403143,16060000.0,3.1232243868101337,-4292687.0,北控水务,C
00371,2022-06-13,DAILY_DECLINE,0,0,0,0,1,33.33333333333333,1.3667694372086328,0.8795811518324608,-20500000.0,-3.1979409581513942,-2025620.0,北控水务,C
00371,2022-06-14,DAILY_NEUTRAL,0,0,0,0,0,33.33333333333333,0.9707927936675796,0.8900523560209425,1341340.0,0.43185897448635413,-3425620.0,北控水务,C
00371,2022-06-15,DAILY_DECLINE,0,0,0,0,1,0.0,1.061588175027426,0.8743455497382199,-6473440.0,-0.8055203876950053,-1184258.0,北控水务,C
00371,2022-06-16,DAILY_DECLINE,0,0,0,0,1,0.0,1.030463815480453,0.8376963350785341,-4252460.0,-0.4534230473925758,-1569210.0,北控水务,C
00371,2022-06-17,DAILY_NEUTRAL,0,0,0,0,0,0.0,3.5343692350542284,0.8272251308900525,7552460.0,1.37958923859479,-2223292.0,北控水务,C
00371,2022-06-20,DAILY_NEUTRAL,0,0,0,0,0,0.0,0.30503237848237613,0.8481675392670158,2890000.0,0.6145752241361001,-4165423.0,北控水务,C
00371,2022-06-21,DAILY_NEUTRAL,0,0,0,0,0,0.0,0.28742353302949986,0.8638743455497382,2140340.0,0.47830167083852226,538596.0,北控水务,C
00371,2022-06-22,DAILY_DECLINE,0,0,0,0,1,0.0,0.40264027417187387,0.8376963350785341,-3633240.0,-0.4151174757268323,815379.0,北控水务,C
00371,2022-06-23,DAILY_NEUTRAL,0,0,0,0,0,0.0,0.21919493099139511,0.8638743455497382,11260.0,0.12389201583507237,1480791.0,北控水务,C
00371,2022-06-24,DAILY_NEUTRAL,0,0,0,0,0,0.0,0.423272467701159,0.8848167539267016,490000.0,0.19702784515164834,2503972.0,北控水务,C
00371,2022-06-27,DAILY_NEUTRAL,0,0,0,0,0,33.33333333333333,0.6144812714443483,0.8691099476439791,-668680.0,-0.006498010639369988,1176480.0,北控水务,C
00371,2022-06-28,DAILY_NEUTRAL,0,0,0,0,0,33.33333333333333,2.2271873811364395,0.8952879581151832,6030000.0,1.0704193201389587,442930.0,北控水务,C
00371,2022-06-29,DAILY_NEUTRAL,0,0,0,0,0,66.66666666666666,0.7800894613233305,0.9005235602094241,-2056200.0,-0.24263091297847306,866000.0,北控水务,C
00371,2022-06-30,DAILY_NEUTRAL,0,0,0,0,0,66.66666666666666,1.4145675653633663,0.9057591623036649,-840000.0,-0.045558431737208985,1635218.0,北控水务,C
00371,2022-07-04,DAILY_NEUTRAL,0,0,0,0,0,33.33333333333333,0.8307584450037937,0.8743455497382199,365140.0,0.14057799359801154,1462164.0,北控水务,C
00371,2022-07-05,DAILY_NEUTRAL,0,0,0,0,0,66.66666666666666,0.42780295588547607,0.8952879581151832,244400.0,0.1155984260534159,1440935.0,北控水务,C
00371,2022-07-06,DAILY_NEUTRAL,0,0,0,0,0,66.66666666666666,2.124069438377742,0.9304812834224598,12720000.0,2.0940104030703264,1268331.0,北控水务,C
00371,2022-07-07,DAILY_PULLBACK,0,0,1,0,0,100.0,0.6060783745819485,0.9090909090909091,-3031980.0,-0.4783088765684565,1520831.0,北控水务,C
00371,2022-07-08,DAILY_NEUTRAL,0,0,0,0,0,100.0,0.5830643960882609,0.9304812834224598,1220000.0,0.15767909609885494,1400258.0,北控水务,C
00371,2022-07-11,DAILY_PULLBACK,0,0,1,0,0,100.0,0.8045520473881274,0.8983957219251336,-594100.0,-0.20945611557880375,1823065.0,北控水务,C
00371,2022-07-12,DAILY_DECLINE,0,0,0,0,1,33.33333333333333,0.6217077950527017,0.8877005347593582,-1493000.0,-0.3831489896605708,2463922.0,北控水务,C
00371,2022-07-13,DAILY_PULLBACK,0,0,1,0,0,66.66666666666666,0.8119053369591084,0.9602272727272727,-2840000.0,-0.6368680188706685,1166092.0,北控水务,C
00371,2022-07-14,DAILY_PULLBACK,0,0,1,0,0,66.66666666666666,0.9343781917125132,0.9772727272727273,838480.0,0.0848830558174918,-1736841.0,北控水务,C
00371,2022-07-15,DAILY_PULLBACK,0,0,1,0,0,66.66666666666666,1.9963711823381094,0.9659090909090908,-4910000.0,-1.0584065795638253,-1328345.0,北控水务,C
00371,2022-07-18,DAILY_NEUTRAL,0,0,0,0,0,100.0,1.5028871767267735,1.0227272727272727,8830000.0,1.6681336505303934,-2521468.0,北控水务,C
00371,2022-07-19,DAILY_NEUTRAL,0,0,0,0,0,100.0,0.5305719471796221,0.9723756906077348,-112960.0,-0.1409173749424638,-700525.0,北控水务,C
00371,2022-07-20,DAILY_PULLBACK,0,0,1,0,0,100.0,0.6255110929490056,0.9558011049723757,-1200000.0,-0.3423637326015713,-274369.0,北控水务,C
00371,2022-07-21,DAILY_PULLBACK,0,0,1,0,0,100.0,0.7262820086247512,0.9447513812154695,-4892000.0,-1.0499363344148978,220648.0,北控水务,C
00371,2022-07-22,DAILY_NEUTRAL,0,0,0,0,0,100.0,1.2326876390765953,0.9723756906077348,-1790000.0,-0.434789138292931,-862510.0,北控水务,C
00371,2022-07-25,DAILY_NEUTRAL,0,0,0,0,0,100.0,0.4291564050208035,0.9668508287292817,-38080.0,-0.09096263193597315,-148447.0,北控水务,C
00371,2022-07-26,DAILY_NEUTRAL,0,0,0,0,0,100.0,0.9721501750925793,0.9779005524861878,-247660.0,-0.12507447210710132,-1895659.0,北控水务,C
00371,2022-07-27,DAILY_NEUTRAL,0,0,0,0,0,100.0,0.7473491316830755,0.9834254143646408,342220.0,-0.0073920919833322515,-1943650.0,北控水务,C
00371,2022-07-28,DAILY_NEUTRAL,0,0,0,0,0,100.0,0.4874917864354551,0.9779005524861878,0.0,-0.07853895897511526,-1350817.0,北控水务,C
00371,2022-07-29,DAILY_PULLBACK,0,0,1,0,0,100.0,1.4740487119754828,0.9613259668508287,2833100.0,0.4718584539990457,-475227.0,北控水务,C
00371,2022-08-01,DAILY_NEUTRAL,0,0,0,0,0,66.66666666666666,1.6308664015359409,0.9558011049723757,0.0,-0.08974557509052548,265738.0,北控水务,C
00371,2022-08-02,DAILY_DECLINE,0,0,0,0,1,33.33333333333333,1.2442428759151896,0.9005524861878452,-199720.0,-0.1235231501153142,291611.0,北控水务,C
00371,2022-08-03,DAILY_DECLINE,0,0,0,0,1,33.33333333333333,0.9475740760720576,0.8839779005524863,-740000.0,-0.2293711778109434,323405.0,北控水务,C
00371,2022-08-04,DAILY_DECLINE,0,0,0,0,1,0.0,0.5149209094613076,0.9060773480662982,-97660.0,-0.10888109461828112,779961.0,北控水务,C
00371,2022-08-05,DAILY_DECLINE,0,0,0,0,1,0.0,0.8107179100931674,0.9281767955801105,0.0,-0.07802014776375162,613713.0,北控水务,C
00371,2022-08-08,DAILY_DECLINE,0,0,0,0,1,0.0,0.3324468177903095,0.9171270718232043,0.0,-0.0883455390369519,108093.0,北控水务,C
00371,2022-08-09,DAILY_NEUTRAL,0,0,0,0,0,0.0,2.2387573772545455,0.8839779005524863,518140.0,0.009511930621419858,78388.0,北控水务,C
00371,2022-08-10,DAILY_NEUTRAL,0,0,0,0,0,0.0,1.4993766543055767,0.861878453038674,938700.0,0.11108175262349418,121403.0,北控水务,C
00371,2022-08-11,DAILY_DECLINE,0,0,0,0,1,0.0,0.5705224060517107,0.8839779005524863,156100.0,-0.03106937929458593,268208.0,北控水务,C
00371,2022-08-12,DAILY_DECLINE,0,0,0,0,1,0.0,0.8853810904275823,0.8895027624309393,-4284540.0,-0.9060294847879476,353079.0,北控水务,C
00371,2022-08-15,DAILY_NEUTRAL,0,0,0,0,0,0.0,0.757039860901755,0.8895027624309393,1220000.0,0.23381632833323154,-535102.0,北控水务,C
00371,2022-08-16,DAILY_NEUTRAL,0,0,0,0,0,0.0,0.5426728057971101,0.9055555555555554,944180.0,0.18368573168586802,89398.0,北控水务,C
00371,2022-08-17,DAILY_ACCUMULATION,0,0,0,1,0,66.66666666666666,1.8486117719652477,0.9388888888888889,6630000.0,1.3456566506635435,121749.0,北控水务,C
00371,2022-08-18,DAILY_ACCUMULATION,0,0,0,1,0,33.33333333333333,1.587614480711794,0.9222222222222222,2895120.0,0.5762752788926568,868509.0,北控水务,C
00371,2022-08-19,DAILY_ACCUMULATION,0,0,0,1,0,66.66666666666666,1.410798625410933,0.95,1620000.0,0.30396454453173694,1026957.0,北控水务,C
00371,2022-08-22,DAILY_NEUTRAL,0,0,0,0,0,33.33333333333333,0.6997299504133322,0.911111111111111,1620000.0,0.31091796639608427,2037365.0,北控水务,C
00371,2022-08-23,DAILY_NEUTRAL,0,0,0,0,0,33.33333333333333,3.8811456103155146,0.7944444444444444,-6624220.0,-1.348341781865902,2034461.0,北控水务,C
00371,2022-08-24,DAILY_NEUTRAL,0,0,0,0,0,0.0,0.9585145477337447,0.7765363128491619,40000.0,0.012997271972648265,839609.0,北控水务,C
00371,2022-08-25,DAILY_NEUTRAL,0,0,0,0,0,0.0,0.9361250240867923,0.770949720670391,3047920.0,0.6069663021506305,-463280.0,北控水务,C
00371,2022-08-26,DAILY_NEUTRAL,0,0,0,0,0,0.0,0.5149860883814724,0.7921348314606741,492280.0,0.11389676347630696,-585116.0,北控水务,C
00371,2022-08-29,DAILY_NEUTRAL,0,0,0,0,0,0.0,0.4461543920050172,0.7897727272727272,628760.0,0.13674433959213655,-693619.0,北控水务,C
00371,2022-08-30,DAILY_DECLINE,0,0,0,0,1,0.0,0.7068239546203037,0.7965116279069768,-3270000.0,-0.6492355319600251,-923305.0,北控水务,C
00371,2022-08-31,DAILY_DECLINE,0,0,0,0,1,0.0,2.1454515528207962,0.8023255813953488,-637940.0,-0.13277141071004972,-98947.0,北控水务,C
00371,2022-09-01,DAILY_NEUTRAL,0,0,0,0,0,0.0,1.0578158445851413,0.7732558139534884,3501160.0,0.7037709819454949,-239638.0,北控水务,C
00371,2022-09-02,DAILY_NEUTRAL,0,0,0,0,0,0.0,1.1310987923627713,0.7965116279069768,1578540.0,0.2812577821444109,-328931.0,北控水务,C
00371,2022-09-05,DAILY_NEUTRAL,0,0,0,0,0,0.0,0.816802261603342,0.7616279069767442,2747080.0,0.5255236037185074,-190606.0,北控水务,C
00371,2022-09-06,DAILY_NEUTRAL,0,0,0,0,0,0.0,0.5979297130382921,0.7674418604651163,3257580.0,0.7514825236048459,95704.0,北控水务,C
00371,2022-09-07,DAILY_NEUTRAL,0,0,0,0,0,0.0,0.6210790193547426,0.7732558139534884,2713200.0,0.6788899367223434,1264248.0,北控水务,C
00371,2022-09-08,DAILY_ACCUMULATION,0,0,0,1,0,0.0,0.9182121917638094,0.7616279069767442,1485660.0,0.30890266967939933,1845751.0,北控水务,C
00371,2022-09-09,DAILY_DECLINE,0,0,0,0,1,0.0,1.1562935461849009,0.7906976744186047,-341840.0,-0.27753619615473546,1376173.0,北控水务,C
00371,2022-09-13,DAILY_DECLINE,0,0,0,0,1,0.0,0.917502487840776,0.7848837209302326,360760.0,-0.08465018927655615,794962.0,北控水务,C
00371,2022-09-14,DAILY_ACCUMULATION,0,0,0,1,0,0.0,1.7216596697204065,0.7558139534883721,2158180.0,0.5324753349001976,360660.0,北控水务,C
00371,2022-09-15,DAILY_ACCUMULATION,0,0,0,1,0,0.0,0.8692908043479508,0.7674418604651163,4680000.0,1.3564092482234817,80080.0,北控水务,C
00371,2022-09-16,DAILY_DECLINE,0,0,0,0,1,0.0,3.084857655359018,0.7267441860465116,-2405380.0,-0.944922025438718,570940.0,北控水务,C
00371,2022-09-19,DAILY_ACCUMULATION,0,0,0,1,0,0.0,1.3748156864903727,0.7151162790697675,1693800.0,0.36480335083785814,57757.0,北控水务,C
00371,2022-09-20,DAILY_NEUTRAL,0,0,0,0,0,0.0,0.534111166817688,0.736842105263158,1660000.0,0.3445532845036164,461195.0,北控水务,C
00371,2022-09-21,DAILY_ACCUMULATION,0,0,0,1,0,0.0,0.8610158232622246,0.7594936708860759,2072700.0,0.47095487713833833,719043.0,北控水务,C
00371,2022-09-22,DAILY_ACCUMULATION,0,0,0,1,0,0.0,0.9877413722401827,0.8402777777777778,2205760.0,0.4989536304353419,267101.0,北控水务,C
00371,2022-09-23,DAILY_DECLINE,0,0,0,0,1,0.0,1.00820037005002,0.8041958041958042,-5780000.0,-2.1037077850683548,-336035.0,北控水务,C
00371,2022-09-26,DAILY_DECLINE,0,0,0,0,1,0.0,2.643773779911322,0.7202797202797203,-3972460.0,-1.4428207950622494,-569563.0,北控水务,C
00371,2022-09-27,DAILY_NEUTRAL,0,0,0,0,0,0.0,1.5824689710092485,0.7816901408450705,3736660.0,1.0273306738981638,-1479578.0,北控水务,C
00371,2022-09-28,DAILY_DECLINE,0,0,0,0,1,0.0,1.74455884647449,0.8226950354609929,-572300.0,-0.34634020221403417,-1219641.0,北控水务,C
00371,2022-09-29,DAILY_NEUTRAL,0,0,0,0,0,0.0,0.9387091036103998,0.851063829787234,12110000.0,3.6196743624194845,-1883526.0,北控水务,C
00371,2022-09-30,DAILY_NEUTRAL,0,0,0,0,0,0.0,0.3546248016753179,0.8794326241134752,4650000.0,1.308447067554032,-540075.0,北控水务,C
00371,2022-10-03,DAILY_NEUTRAL,0,0,0,0,0,66.66666666666666,0.20785329771400987,0.8865248226950355,2792720.0,0.6786775495268781,1488483.0,北控水务,C
00371,2022-10-05,DAILY_NEUTRAL,0,0,0,0,0,66.66666666666666,0.45716511154508543,0.9148936170212767,4090000.0,1.0754968931595057,2780810.0,北控水务,C
00371,2022-10-06,DAILY_NEUTRAL,0,0,0,0,0,66.66666666666666,0.24043696406380444,0.9148936170212767,2881880.0,0.6660886713213989,2784332.0,北控水务,C
00371,2022-10-07,DAILY_NEUTRAL,0,0,0,0,0,66.66666666666666,0.4495414603183592,0.8936170212765958,4030000.0,1.001702832813164,3493953.0,北控水务,C
00371,2022-10-10,DAILY_NEUTRAL,0,0,0,0,0,33.33333333333333,0.7488103638218504,0.8368794326241135,752940.0,-0.05581211422815489,1812113.0,北控水务,C
00371,2022-10-11,DAILY_ACCUMULATION,0,0,0,1,0,33.33333333333333,1.787164621434961,0.8368794326241135,8500000.0,2.367445262711431,1069337.0,北控水务,C
00371,2022-10-12,DAILY_ACCUMULATION,0,0,0,1,0,33.33333333333333,1.988456872466027,0.8226950354609929,9415520.0,2.541656498365147,1768701.0,北控水务,C
00371,2022-10-13,DAILY_DECLINE,0,0,0,0,1,33.33333333333333,0.5768844305357164,0.8592592592592592,470000.0,-0.2116816071785234,2381067.0,北控水务,C
00371,2022-10-14,DAILY_PULLBACK,0,0,1,1,0,66.66666666666666,1.7427570127255332,0.9248120300751879,4033980.0,0.8744274777513704,1983100.0,北控水务,C
00371,2022-10-17,DAILY_PULLBACK,0,0,1,1,0,66.66666666666666,1.847211461743147,0.9473684210526315,5090000.0,1.1685820363244874,2016197.0,北控水务,C
00371,2022-10-18,DAILY_PULLBACK,0,0,1,1,0,66.66666666666666,1.600472160719778,0.9774436090225563,12900000.0,3.571568077206669,2508840.0,北控水务,C
00371,2022-10-19,DAILY_ACCUMULATION,0,0,0,1,0,100.0,0.806768816752821,0.9849624060150376,8510000.0,1.948755755211917,2828530.0,北控水务,C
00371,2022-10-20,DAILY_PULLBACK,0,0,1,1,0,100.0,1.8334983331097354,0.9477611940298507,26120000.0,6.731705814217193,2304926.0,北控水务,C
00371,2022-10-21,DAILY_NEUTRAL,0,0,0,0,0,100.0,2.2859965419163397,1.0,10950000.0,1.8220376603599602,6232561.0,北控水务,C
00371,2022-10-24,DAILY_ACCUMULATION,0,0,0,1,0,66.66666666666666,0.8072742960069058,0.875912408759124,5250880.0,0.5761447669278731,7178553.0,北控水务,C
00371,2022-10-25,DAILY_NEUTRAL,0,0,0,0,0,66.66666666666666,0.4963846850047805,0.8905109489051094,550000.0,-0.4016617074184498,6659185.0,北控水务,C
00371,2022-10-26,DAILY_DECLINE,0,0,0,0,1,33.33333333333333,0.5790106169340785,0.8686131386861313,2224600.0,-0.051980682974340095,3963062.0,北控水务,C
00371,2022-10-27,DAILY_DECLINE,0,0,0,0,1,33.33333333333333,0.5006639266850241,0.8540145985401458,-3390000.0,-1.2068151611763676,2781585.0,北控水务,C
00371,2022-10-28,DAILY_DECLINE,0,0,0,0,1,33.33333333333333,0.6793126702162884,0.8248175182481751,1212320.0,-0.2531921929103699,-2979530.0,北控水务,C
00371,2022-10-31,DAILY_DECLINE,0,0,0,0,1,0.0,0.8558836438416577,0.7883211678832117,10000.0,-0.5046232410747153,-4382182.0,北控水务,C
00371,2022-11-01,DAILY_NEUTRAL,0,0,0,0,0,0.0,0.5656671656085863,0.8175182481751825,2690000.0,0.039019674562124476,-5198358.0,北控水务,C
00371,2022-11-02,DAILY_NEUTRAL,0,0,0,0,0,0.0,0.5198031858187542,0.8467153284671531,2570000.0,0.005566902857669453,-4765222.0,北控水务,C
00371,2022-11-03,DAILY_DECLINE,0,0,0,0,1,0.0,0.6974155067801113,0.8175182481751825,443560.0,-0.43683181206419414,-4620142.0,北控水务,C
00371,2022-11-04,DAILY_DECLINE,0,0,0,0,1,0.0,0.9174006446015921,0.8686131386861313,1991000.0,-0.12097288250671433,-3731514.0,北控水务,C
00371,2022-11-07,DAILY_NEUTRAL,0,0,0,0,0,66.66666666666666,1.479559426606392,0.927007299270073,2134400.0,-0.09538675916502193,-3473828.0,北控水务,C
00371,2022-11-08,DAILY_NEUTRAL,0,0,0,0,0,66.66666666666666,0.8916009951619656,0.927007299270073,1710000.0,-0.18912255078396645,-3118021.0,北控水务,C
00371,2022-11-09,DAILY_NEUTRAL,0,0,0,0,0,66.66666666666666,1.0073144239845342,0.9343065693430657,2410000.0,-0.06754540539160742,-2974521.0,北控水务,C
00371,2022-11-10,DAILY_NEUTRAL,0,0,0,0,0,66.66666666666666,0.6985056547274759,0.9051094890510948,1801420.0,-0.1984517449668584,-2656245.0,北控水务,C
00371,2022-11-11,DAILY_NEUTRAL,0,0,0,0,0,66.66666666666666,1.0643856126808897,0.9343065693430657,-2160880.0,-1.027376453422443,-2451244.0,北控水务,C
00371,2022-11-14,DAILY_NEUTRAL,0,0,0,0,0,100.0,1.39434654386569,0.9927007299270073,5700000.0,0.6395202088311133,-2971877.0,北控水务,C
00371,2022-11-15,DAILY_NEUTRAL,0,0,0,0,0,100.0,1.2153207423175476,0.9856115107913671,-2344640.0,-1.0382636595266466,-2289257.0,北控水务,C
00371,2022-11-16,DAILY_DISTRIBUTION,0,1,0,0,0,100.0,1.5759267519206543,0.9856115107913671,-5140000.0,-1.589786810241026,-2337953.0,北控水务,C
00371,2022-11-17,DAILY_NEUTRAL,0,0,0,0,0,100.0,0.4464260294244705,0.9645390070921988,-28740.0,-0.5067698540161208,-3165453.0,北控水务,C
00371,2022-11-18,DAILY_PULLBACK,0,0,1,0,0,100.0,0.5758445504830659,0.9432624113475179,-357120.0,-0.6114118935175085,-2224048.0,北控水务,C
00371,2022-11-21,DAILY_PULLBACK,0,0,1,0,0,100.0,0.5813826630439238,0.9432624113475179,797100.0,-0.3711186693560509,-1297940.0,北控水务,C
00371,2022-11-22,DAILY_PULLBACK,0,0,1,0,0,100.0,0.6561307161986004,0.921985815602837,908680.0,-0.3399576652924493,-2055831.0,北控水务,C
00371,2022-11-23,DAILY_PULLBACK,0,0,1,0,0,100.0,0.6359879114998089,0.9290780141843973,398560.0,-0.4469098007381325,-1423101.0,北控水务,C
00371,2022-11-24,DAILY_PULLBACK,0,0,1,0,0,66.66666666666666,1.160691936054315,0.9574468085106385,-173520.0,-0.5640480428675777,-224087.0,北控水务,C
00371,2022-11-25,DAILY_PULLBACK,0,0,1,0,0,66.66666666666666,0.8019122912629683,0.9503546099290782,-703000.0,-0.6906730686637179,-413867.0,北控水务,C
00371,2022-11-28,DAILY_PULLBACK,0,0,1,0,0,66.66666666666666,1.0525207394055107,0.9290780141843973,57980.0,-0.5317558167110323,-387277.0,北控水务,C
00371,2022-11-29,DAILY_PULLBACK,0,0,1,0,0,66.66666666666666,1.7053825610557807,0.971631205673759,788560.0,-0.36680502878172727,-537500.0,北控水务,C
00371,2022-11-30,DAILY_NEUTRAL,0,0,0,0,0,100.0,6.113843133032634,1.0638297872340425,3739680.0,0.24948335339591513,-466452.0,北控水务,C
00371,2022-12-01,DAILY_NEUTRAL,0,0,0,0,0,100.0,0.8974542621349099,0.9333333333333332,-4840820.0,-1.5362655942148975,143288.0,北控水务,C
00371,2022-12-02,DAILY_PULLBACK,0,0,1,0,0,100.0,0.5885395432371383,0.9266666666666666,802380.0,-0.32978378583571905,-525953.0,北控水务,C
00371,2022-12-05,DAILY_PULLBACK,0,0,1,0,0,100.0,1.2798468400495233,0.9266666666666666,4138160.0,0.3561681517873066,-165446.0,北控水务,C
00371,2022-12-06,DAILY_PULLBACK,0,0,1,0,0,100.0,0.4953626979071982,0.9466666666666667,-728340.0,-0.6431956565099141,550402.0,北控水务,C
00371,2022-12-07,DAILY_PULLBACK,0,0,1,0,0,100.0,0.6976320274999808,0.9133333333333334,-429760.0,-0.5806714531474707,368939.0,北控水务,C
00371,2022-12-08,DAILY_NEUTRAL,0,0,0,0,0,100.0,0.40513582347203053,0.9466666666666667,2210000.0,-0.041301333357887944,-322961.0,北控水务,C
00371,2022-12-09,DAILY_NEUTRAL,0,0,0,0,0,100.0,0.8818905696620105,0.9666666666666667,-1553400.0,-0.8055055578216874,1066774.0,北控水务,C
00371,2022-12-12,DAILY_NEUTRAL,0,0,0,0,0,100.0,0.7947919103732375,0.9733333333333333,-857800.0,-0.6409703357929409,565244.0,北控水务,C
00371,2022-12-13,DAILY_NEUTRAL,0,0,0,0,0,100.0,0.6487547597207569,0.9733333333333333,-854840.0,-0.6483485224547789,-106058.0,北控水务,C
00371,2022-12-14,DAILY_NEUTRAL,0,0,0,0,0,100.0,0.7105008010279759,0.98,-451180.0,-0.5558279495619808,-205848.0,北控水务,C
00371,2022-12-15,DAILY_NEUTRAL,0,0,0,0,0,100.0,2.508945538198879,1.02,-880000.0,-0.6339832810712313,-444573.0,北控水务,C
00371,2022-12-16,DAILY_DISTRIBUTION,0,1,0,0,0,100.0,2.3167982998964094,1.0,1730800.0,-0.09634150111956125,-1020010.0,北控水务,C
00371,2022-12-19,DAILY_PULLBACK,0,0,1,0,0,100.0,0.6607970855376896,0.935064935064935,-2404380.0,-0.9271996428965732,-467566.0,北控水务,C
00371,2022-12-20,DAILY_NEUTRAL,0,0,0,0,0,66.66666666666666,0.3905813627088736,0.9025974025974025,-568400.0,-0.5774488672645336,-616808.0,北控水务,C
00371,2022-12-21,DAILY_NEUTRAL,0,0,0,0,0,66.66666666666666,0.3608108176909054,0.9025974025974025,-473820.0,-0.5760738209229691,-485666.0,北控水务,C
00371,2022-12-22,DAILY_DECLINE,0,0,0,0,1,33.33333333333333,0.2800562411610474,0.9090909090909091,-518760.0,-0.5697367082029852,-446575.0,北控水务,C
00371,2022-12-23,DAILY_DECLINE,0,0,0,0,1,33.33333333333333,0.38192745992122484,0.9025974025974025,-2040000.0,-0.8836993204002983,-357065.0,北控水务,C
00371,2022-12-28,DAILY_PULLBACK,0,0,1,0,0,33.33333333333333,0.6969427753341022,0.9285714285714285,318400.0,-0.35953047605517796,-1044375.0,北控水务,C
00371,2022-12-29,DAILY_PULLBACK,0,0,1,0,0,66.66666666666666,0.5303495592872991,0.935064935064935,1130000.0,-0.17190372007657717,-512840.0,北控水务,C
00371,2022-12-30,DAILY_PULLBACK,0,0,1,0,0,33.33333333333333,0.947439160503377,0.9285714285714285,-844000.0,-0.5864699240527469,-190232.0,北控水务,C
00371,2023-01-03,DAILY_NEUTRAL,0,0,0,0,0,33.33333333333333,3.426851831298362,0.9415584415584415,542320.0,-0.27341489259245216,-35084.0,北控水务,C
00371,2023-01-04,DAILY_NEUTRAL,0,0,0,0,0,66.66666666666666,2.381270141961674,0.987012987012987,39720.0,-0.3720072988091011,-92025.0,北控水务,C
00371,2023-01-05,DAILY_NEUTRAL,0,0,0,0,0,66.66666666666666,2.283115959928819,0.9935064935064934,-610300.0,-0.49658461143224797,362052.0,北控水务,C
00371,2023-01-06,DAILY_NEUTRAL,0,0,0,0,0,66.66666666666666,0.8838184914142598,0.961038961038961,-510780.0,-0.4697477909817834,413735.0,北控水务,C
00371,2023-01-09,DAILY_NEUTRAL,0,0,0,0,0,100.0,0.7538377868363929,0.9806451612903225,830000.0,-0.155358902520806,74701.0,北控水务,C
00371,2023-01-10,DAILY_PULLBACK,0,0,1,0,0,100.0,0.8612649462539821,0.9677419354838709,826940.0,-0.128311732965433,346513.0,北控水务,C
00371,2023-01-11,DAILY_PULLBACK,0,0,1,0,0,100.0,0.6416284360477372,0.9548387096774194,-1000000.0,-0.5348093423371916,472590.0,北控水务,C
00371,2023-01-12,DAILY_NEUTRAL,0,0,0,0,0,66.66666666666666,0.9235715967630505,0.9354838709677419,605700.0,-0.16021622273474287,236976.0,北控水务,C
00371,2023-01-13,DAILY_DECLINE,0,0,0,0,1,33.33333333333333,1.5649708222878562,0.9354838709677419,-110000.0,-0.30422483567747505,407001.0,北控水务,C
00371,2023-01-16,DAILY_PULLBACK,0,0,1,0,0,66.66666666666666,0.8252846757967681,0.9612903225806452,-893420.0,-0.4579123370227437,449915.0,北控水务,C
00371,2023-01-17,DAILY_PULLBACK,0,0,1,0,0,66.66666666666666,0.899044342060635,0.9419354838709677,-515060.0,-0.33973621988615726,127343.0,北控水务,C
00371,2023-01-18,DAILY_PULLBACK,0,0,1,0,0,66.66666666666666,0.8042999527970912,0.9612903225806452,0.0,-0.17956483119274042,-159304.0,北控水务,C
00371,2023-01-19,DAILY_PULLBACK,0,0,1,0,0,66.66666666666666,0.7250745160346891,0.9741935483870967,426620.0,0.08705083825563387,127236.0,北控水务,C
00371,2023-01-20,DAILY_NEUTRAL,0,0,0,0,0,100.0,1.2051987877611938,0.9741935483870967,349440.0,0.09387977682028419,-50130.0,北控水务,C
00371,2023-01-26,DAILY_NEUTRAL,0,0,0,0,0,100.0,2.5506533917327316,0.9935483870967742,-2058600.0,-1.1830205607653668,-4134.0,北控水务,C
00371,2023-01-27,DAILY_NEUTRAL,0,0,0,0,0,100.0,0.8217246988247081,0.9935483870967742,877800.0,0.4137251031793878,-157931.0,北控水务,C
00371,2023-01-30,DAILY_NEUTRAL,0,0,0,0,0,66.66666666666666,1.0733132833904637,0.9483870967741935,-1509500.0,-0.9166885387026011,50813.0,北控水务,C
00371,2023-01-31,DAILY_NEUTRAL,0,0,0,0,0,66.66666666666666,2.303139833856778,0.9225806451612902,-1485840.0,-0.875447008029947,-277612.0,北控水务,C
00371,2023-02-01,DAILY_NEUTRAL,0,0,0,0,0,33.33333333333333,1.030668364022962,0.9419354838709677,5210000.0,2.762661539735,-569892.0,北控水务,C
00371,2023-02-02,DAILY_ACCUMULATION,0,0,0,1,0,33.33333333333333,0.782062662694036,0.9483870967741935,2780000.0,1.3628905245231548,198220.0,北控水务,C
00371,2023-02-03,DAILY_NEUTRAL,0,0,0,0,0,0.0,0.5902606807195399,0.9290322580645161,530000.0,0.19874120663105319,984740.0,北控水务,C
00371,2023-02-06,DAILY_DECLINE,0,0,0,0,1,0.0,0.9470876762995557,0.9161290322580644,-2974280.0,-1.6070088939149316,915796.0,北控水务,C
00371,2023-02-07,DAILY_NEUTRAL,0,0,0,0,0,0.0,0.6251581695734257,0.9225806451612902,2936260.0,1.4607050635484837,773540.0,北控水务,C
00371,2023-02-08,DAILY_DECLINE,0,0,0,0,1,0.0,0.9317768235947902,0.9483870967741935,-1030000.0,-0.5575678446731428,1480632.0,北控水务,C
00371,2023-02-09,DAILY_NEUTRAL,0,0,0,0,0,33.33333333333333,0.4050537956784123,0.9548387096774194,308560.0,0.1405772262413043,258593.0,北控水务,C
00371,2023-02-10,DAILY_DECLINE,0,0,0,0,1,0.0,0.779559251649484,0.9225806451612902,-2330000.0,-1.1907929005644338,-209623.0,北控水务,C
00371,2023-02-13,DAILY_NEUTRAL,0,0,0,0,0,33.33333333333333,1.5516618122369066,0.9354838709677419,410260.0,0.24658173596012448,-623776.0,北控水务,C
00371,2023-02-14,DAILY_NEUTRAL,0,0,0,0,0,33.33333333333333,1.1281838828760182,0.9161290322580644,756200.0,0.4049341455884072,-17381.0,北控水务,C
00371,2023-02-15,DAILY_DECLINE,0,0,0,0,1,0.0,0.736223746222358,0.896774193548387,-1660000.0,-0.8620877016768005,-460918.0,北控水务,C
00371,2023-02-16,DAILY_NEUTRAL,0,0,0,0,0,0.0,1.0224126450099373,0.9032258064516128,1059200.0,0.6511681591700061,-509418.0,北控水务,C
00371,2023-02-17,DAILY_NEUTRAL,0,0,0,0,0,0.0,0.8770598436427814,0.9032258064516128,1920000.0,1.1548687962754294,-456921.0,北控水务,C
00371,2023-02-20,DAILY_ACCUMULATION,0,0,0,1,0,33.33333333333333,1.2218650092738539,0.9419354838709677,2905560.0,1.7098236281120727,271326.0,北控水务,C
00371,2023-02-21,DAILY_ACCUMULATION,0,0,0,1,0,33.33333333333333,1.2445253686117672,0.9548387096774194,3240000.0,1.8335065163795328,625108.0,北控水务,C
00371,2023-02-22,DAILY_NEUTRAL,0,0,0,0,0,66.66666666666666,0.8698360569808188,0.9612903225806452,130400.0,0.0005292591557458922,981199.0,北控水务,C
00371,2023-02-23,DAILY_NEUTRAL,0,0,0,0,0,66.66666666666666,1.6168276538367248,0.9548387096774194,-5820000.0,-3.3708379349908864,1350231.0,北控水务,C
00371,2023-02-24,DAILY_ACCUMULATION,0,0,0,1,0,66.66666666666666,0.821707171646783,0.9419354838709677,1140000.0,0.5870369842461496,162461.0,北控水务,C
00371,2023-02-27,DAILY_NEUTRAL,0,0,0,0,0,66.66666666666666,0.8276114465528361,0.961038961038961,393400.0,0.18627763943968398,-6649.0,北控水务,C
00371,2023-02-28,DAILY_NEUTRAL,0,0,0,0,0,33.33333333333333,10.011823657544875,0.9271523178807947,-9850000.0,-5.1485336014012875,-604226.0,北控水务,C
00371,2023-03-01,DAILY_DECLINE,0,0,0,0,1,33.33333333333333,1.5072451974313013,0.8947368421052632,-321120.0,-0.09049448820705931,-2804018.0,北控水务,C
00371,2023-03-02,DAILY_DECLINE,0,0,0,0,1,33.33333333333333,0.41099787966516516,0.9013157894736843,-798960.0,-0.2897440457897774,-2617766.0,北控水务,C
00371,2023-03-03,DAILY_PULLBACK,0,0,1,0,0,66.66666666666666,0.5107891727413864,0.9473684210526315,7631180.0,3.481175757925356,-1434610.0,北控水务,C
00371,2023-03-06,DAILY_PULLBACK,0,0,1,0,0,66.66666666666666,0.8772072804225868,1.0263157894736843,2952760.0,1.2359039567898356,-491433.0,北控水务,C
00371,2023-03-07,DAILY_PULLBACK,0,0,1,0,0,66.66666666666666,0.5379621929009021,1.0,2286660.0,0.9309483717457521,-275913.0,北控水务,C
00371,2023-03-08,DAILY_NEUTRAL,0,0,0,0,0,100.0,0.6848506865325507,0.926829268292683,1873000.0,0.7861072679157631,2183899.0,北控水务,C
00371,2023-03-09,DAILY_NEUTRAL,0,0,0,0,0,66.66666666666666,0.8548539659002775,0.8719512195121951,-6390000.0,-2.700958304492984,2477573.0,北控水务,C
00371,2023-03-10,DAILY_NEUTRAL,0,0,0,0,0,66.66666666666666,0.36521768128462134,0.8475609756097561,-2323000.0,-0.9005567791693446,1694293.0,北控水务,C
00371,2023-03-13,DAILY_NEUTRAL,0,0,0,0,0,66.66666666666666,0.7910559187760322,0.8719512195121951,-1403320.0,-0.5065426506531115,-296893.0,北控水务,C
00371,2023-03-14,DAILY_DECLINE,0,0,0,0,1,0.0,0.865246787741745,0.8170731707317074,-2278600.0,-0.8548148780077133,-1077430.0,北控水务,C
00371,2023-03-15,DAILY_DECLINE,0,0,0,0,1,0.0,1.779968522263623,0.8292682926829269,-1330000.0,-0.4668259732900595,-1838742.0,北控水务,C
00371,2023-03-16,DAILY_DECLINE,0,0,0,0,1,0.0,0.41469748954368296,0.8170731707317074,-307260.0,-0.06034785672458041,-2495842.0,北控水务,C
00371,2023-03-17,DAILY_DECLINE,0,0,0,0,1,0.0,1.633672330611806,0.8353658536585367,-2313200.0,-0.8514109144019325,-1210971.0,北控水务,C
00371,2023-03-20,DAILY_DECLINE,0,0,0,0,1,0.0,0.5436924822742268,0.8170731707317074,-4190000.0,-1.5727775541846303,-997351.0,北控水务,C
00371,2023-03-21,DAILY_DECLINE,0,0,0,0,1,0.0,0.44155618593644375,0.8292682926829269,-1370000.0,-0.42281369160514626,-1199909.0,北控水务,C
00371,2023-03-22,DAILY_NEUTRAL,0,0,0,0,0,0.0,0.4325296262396334,0.8353658536585367,321000.0,0.22395771441892348,-787689.0,北控水务,C
00371,2023-03-23,DAILY_DECLINE,0,0,0,0,1,0.0,0.6718949143306312,0.8414634146341463,-629900.0,-0.150211720057367,-467019.0,北控水务,C
00371,2023-03-24,DAILY_NEUTRAL,0,0,0,0,0,0.0,0.8769832119825679,0.8353658536585367,763720.0,0.39061411201741936,-791052.0,北控水务,C
00371,2023-03-27,DAILY_NEUTRAL,0,0,0,0,0,33.33333333333333,1.0437014246873881,0.8109756097560976,-1627200.0,-0.543124452848135,-156854.0,北控水务,C
00371,2023-03-28,DAILY_NEUTRAL,0,0,0,0,0,33.33333333333333,0.42041292993158874,0.8231707317073171,1030000.0,0.48306665071434635,456736.0,北控水务,C
00371,2023-03-29,DAILY_DECLINE,0,0,0,0,1,0.0,1.8064417046405197,0.7804878048780488,-4210000.0,-1.5497698051982194,392736.0,北控水务,C
00371,2023-03-30,DAILY_NEUTRAL,0,0,0,0,0,0.0,0.9848743803410493,0.774390243902439,2030200.0,0.8838154964504938,-319020.0,北控水务,C
00371,2023-03-31,DAILY_NEUTRAL,0,0,0,0,0,33.33333333333333,4.871166123847291,0.8475609756097561,12870000.0,4.958217703637161,71542.0,北控水务,C
00371,2023-04-03,DAILY_NEUTRAL,0,0,0,0,0,33.33333333333333,0.8381652219020407,0.8536585365853658,-542860.0,-0.16006348332095932,2230857.0,北控水务,C
00371,2023-04-04,DAILY_DECLINE,0,0,0,0,1,0.0,0.7538570359833188,0.8292682926829269,-1095620.0,-0.33294130699380753,2622506.0,北控水务,C
00371,2023-04-06,DAILY_NEUTRAL,0,0,0,0,0,33.33333333333333,0.6376275906916803,0.8607594936708861,1067100.0,0.3580204290284549,2366496.0,北控水务,C
00371,2023-04-11,DAILY_ACCUMULATION,0,0,0,1,0,66.66666666666666,0.7262201098427284,0.9084967320261437,1130000.0,0.36934403665702503,3462211.0,北控水务,C
00371,2023-04-12,DAILY_NEUTRAL,0,0,0,0,0,66.66666666666666,0.3164980077947547,0.972027972027972,85800.0,0.03576712776538111,2906171.0,北控水务,C
00371,2023-04-13,DAILY_NEUTRAL,0,0,0,0,0,100.0,0.5754125821064916,0.979020979020979,403760.0,0.14081197422667957,228891.0,北控水务,C
00371,2023-04-14,DAILY_NEUTRAL,0,0,0,0,0,100.0,0.7757843312591222,0.986013986013986,573120.0,0.1873431689858814,327861.0,北控水务,C
00371,2023-04-17,DAILY_ACCUMULATION,0,0,0,1,0,100.0,1.0252955381756197,0.986013986013986,1141260.0,0.3682859286509351,519023.0,北控水务,C
00371,2023-04-18,DAILY_DISTRIBUTION,0,1,0,0,0,100.0,1.5327630012048137,0.986013986013986,2853140.0,0.9053023137178988,410292.0,北控水务,C
00371,2023-04-19,DAILY_NEUTRAL,0,0,0,0,0,66.66666666666666,2.161953997386312,0.9440559440559442,-6733980.0,-2.148473200406371,596900.0,北控水务,C
00371,2023-04-20,DAILY_NEUTRAL,0,0,0,0,0,66.66666666666666,1.034518300514635,0.9370629370629372,-698160.0,-0.2014162808094924,-546017.0,北控水务,C
00371,2023-04-21,DAILY_NEUTRAL,0,0,0,0,0,33.33333333333333,2.578658063409023,0.9230769230769231,630000.0,0.20643260554403617,-940993.0,北控水务,C
00371,2023-04-24,DAILY_DECLINE,0,0,0,0,1,33.33333333333333,0.7399112125346374,0.9300699300699301,-578340.0,-0.16234041600126212,-1029617.0,北控水务,C
00371,2023-04-25,DAILY_NEUTRAL,0,0,0,0,0,33.33333333333333,0.7585648451354868,0.9230769230769231,-27020.0,0.010133450999126702,-1328570.0,北控水务,C
00371,2023-04-26,DAILY_PULLBACK,0,0,1,0,0,66.66666666666666,1.1594551482241997,0.986013986013986,-1030520.0,-0.30648971644755113,-1934746.0,北控水务,C
00371,2023-04-27,DAILY_PULLBACK,0,0,1,0,0,66.66666666666666,1.0905659205937717,1.013986013986014,4601580.0,1.4222802593939043,-704342.0,北控水务,C
00371,2023-04-28,DAILY_NEUTRAL,0,0,0,0,0,100.0,0.5439397735402627,0.9659863945578231,-290000.0,-0.10032344259122129,44167.0,北控水务,C
00371,2023-05-02,DAILY_NEUTRAL,0,0,0,0,0,100.0,1.183661028078085,1.0476190476190477,2771620.0,0.8158607987926785,-73833.0,北控水务,C
00371,2023-05-03,DAILY_NEUTRAL,0,0,0,0,0,100.0,1.079453645210544,0.9808917197452229,-1806080.0,-0.5593464436272146,247078.0,北控水务,C
00371,2023-05-04,DAILY_NEUTRAL,0,0,0,0,0,100.0,1.1449688467089678,0.9683544303797468,-155080.0,-0.031161328146293733,83080.0,北控水务,C
00371,2023-05-05,DAILY_ACCUMULATION,0,0,0,1,0,100.0,1.5026832723501713,0.9936708860759493,1546720.0,0.4948474558976288,909422.0,北控水务,C
00371,2023-05-08,DAILY_ACCUMULATION,0,0,0,1,0,100.0,1.2222613851055846,0.9691358024691358,1760000.0,0.5398806039212193,193971.0,北控水务,C
00371,2023-05-09,DAILY_ACCUMULATION,0,0,0,1,0,100.0,0.9931698828971683,0.9753086419753086,3150380.0,0.9793313733048639,461190.0,北控水务,C
00371,2023-05-10,DAILY_NEUTRAL,0,0,0,0,0,100.0,0.37189684217883445,0.9631901840490799,-823960.0,-0.2722117974697946,432778.0,北控水务,C
00371,2023-05-11,DAILY_PULLBACK,0,0,1,0,0,100.0,0.4759936325249719,0.9631901840490799,-1686340.0,-0.5315382022671452,726900.0,北控水务,C
00371,2023-05-12,DAILY_PULLBACK,0,0,1,0,0,100.0,0.7162264026007634,0.9447852760736197,-5350760.0,-1.665625496687678,509255.0,北控水务,C
00371,2023-05-15,DAILY_PULLBACK,0,0,1,0,0,100.0,0.8042062052997038,0.9509202453987731,-1161000.0,-0.33678129626722025,-582515.0,北控水务,C
00371,2023-05-16,DAILY_NEUTRAL,0,0,0,0,0,100.0,0.9684717161762549,0.9631901840490799,-1735600.0,-0.5001411868889096,-1080009.0,北控水务,C
00371,2023-05-17,DAILY_PULLBACK,0,0,1,0,0,66.66666666666666,1.6400079127751899,0.9386503067484664,8597320.0,2.613097293190029,-1913362.0,北控水务,C
00371,2023-05-18,DAILY_PULLBACK,0,0,1,0,0,66.66666666666666,0.3775332161337518,0.9325153374233129,-1591840.0,-0.4685973923892421,-316315.0,北控水务,C
00371,2023-05-19,DAILY_PULLBACK,0,0,1,0,0,66.66666666666666,1.1698907440943407,0.9202453987730062,505960.0,0.14743327177797783,-554522.0,北控水务,C
00371,2023-05-22,DAILY_DECLINE,0,0,0,0,1,33.33333333333333,1.4731172443850795,0.8895705521472393,-412700.0,-0.10432604364486663,556616.0,北控水务,C
00371,2023-05-23,DAILY_DECLINE,0,0,0,0,1,33.33333333333333,0.6288531559734796,0.8650306748466258,-3190800.0,-0.8923767167898686,758411.0,北控水务,C
00371,2023-05-24,DAILY_DECLINE,0,0,0,0,1,0.0,1.1230826550043398,0.852760736196319,-2640000.0,-0.7120918909505278,597994.0,北控水务,C
00371,2023-05-25,DAILY_NEUTRAL,0,0,0,0,0,0.0,2.4579063377811114,0.8036809815950922,1809000.0,0.5636307492002415,-1518821.0,北控水务,C
00371,2023-05-29,DAILY_DECLINE,0,0,0,0,1,0.0,1.7691076265243357,0.8220858895705523,-4449260.0,-1.2728692380174793,-980629.0,北控水务,C
00371,2023-05-30,DAILY_NEUTRAL,0,0,0,0,0,0.0,0.7793988808269922,0.8220858895705523,625920.0,0.23365408710182714,-1519131.0,北控水务,C
00371,2023-05-31,DAILY_DECLINE,0,0,0,0,1,0.0,2.955981924686604,0.8282208588957056,-1646000.0,-0.5086372802985614,-1357203.0,北控水务,C
00371,2023-06-01,DAILY_NEUTRAL,0,0,0,0,0,0.0,1.0075281569821615,0.8895705521472393,-20560.0,0.0029570902834759128,-827362.0,北控水务,C
00371,2023-06-02,DAILY_NEUTRAL,0,0,0,0,0,0.0,0.7580155421185646,0.8834355828220859,267740.0,0.08831878627993943,-392750.0,北控水务,C
00371,2023-06-05,DAILY_NEUTRAL,0,0,0,0,0,33.33333333333333,0.4577873039416208,0.901840490797546,457360.0,0.19480787252654952,-722143.0,北控水务,C
00371,2023-06-06,DAILY_NEUTRAL,0,0,0,0,0,33.33333333333333,0.691623182956981,0.8588957055214724,-3136480.0,-0.9721142196487655,313649.0,北控水务,C
00371,2023-06-07,DAILY_NEUTRAL,0,0,0,0,0,66.66666666666666,1.062905777586358,0.8957055214723927,-640000.0,-0.1208785174141168,-194007.0,北控水务,C
00371,2023-06-08,DAILY_ACCUMULATION,0,0,0,1,0,33.33333333333333,0.948614572985007,0.8742138364779873,4840000.0,1.6991840129953628,196712.0,北控水务,C
00371,2023-06-09,DAILY_NEUTRAL,0,0,0,0,0,33.33333333333333,1.5703184256910958,0.8490566037735849,-2934420.0,-0.9365736830730971,885626.0,北控水务,C
00371,2023-06-12,DAILY_DECLINE,0,0,0,0,1,0.0,0.6691884464116348,0.8553459119496856,-4837240.0,-1.563370624717005,307598.0,北控水务,C
00371,2023-06-13,DAILY_NEUTRAL,0,0,0,0,0,0.0,0.5485532888395186,0.8616352201257862,5950000.0,2.005660461159383,-776998.0,北控水务,C
00371,2023-06-14,DAILY_NEUTRAL,0,0,0,0,0,0.0,0.6243241691674163,0.8616352201257862,3628600.0,1.169480409296368,684748.0,北控水务,C
00371,2023-06-15,DAILY_NEUTRAL,0,0,0,0,0,0.0,0.5500715300146006,0.8917197452229298,2623200.0,0.8162095826889411,1270258.0,北控水务,C
00371,2023-06-16,DAILY_NEUTRAL,0,0,0,0,0,0.0,1.1552916405089542,0.891025641025641,339900.0,0.08290079384330257,1125604.0,北控水务,C
00371,2023-06-19,DAILY_DECLINE,0,0,0,0,1,0.0,0.25124885755084314,0.8961038961038961,0.0,-0.03733338930673439,1683881.0,北控水务,C
00371,2023-06-20,DAILY_DECLINE,0,0,0,0,1,0.0,0.4109079471002812,0.9139072847682118,0.0,-0.060220516446298916,2676627.0,北控水务,C
00371,2023-06-21,DAILY_ACCUMULATION,0,0,0,1,0,33.33333333333333,1.1971664665185122,0.9127516778523491,976940.0,0.2447615446500209,1465992.0,北控水务,C
00371,2023-06-23,DAILY_DECLINE,0,0,0,0,1,0.0,0.6189099216500639,0.8724832214765101,-1950000.0,-0.6943834886277802,727273.0,北控水务,C
00371,2023-06-26,DAILY_DECLINE,0,0,0,0,1,0.0,0.7085582431022877,0.8926174496644296,-1490000.0,-0.5384775852518121,-221867.0,北控水务,C
00371,2023-06-27,DAILY_DECLINE,0,0,0,0,1,0.0,0.7373153939053461,0.9127516778523491,-316600.0,-0.15242082773073712,-422897.0,北控水务,C
00371,2023-06-28,DAILY_NEUTRAL,0,0,0,0,0,0.0,1.6831527751341926,0.9127516778523491,5000000.0,1.5345517705005873,-692850.0,北控水务,C
00371,2023-06-29,DAILY_DECLINE,0,0,0,0,1,0.0,0.46422489763629676,0.9127516778523491,-164080.0,-0.12979798626205855,88446.0,北控水务,C
00371,2023-06-30,DAILY_DECLINE,0,0,0,0,1,0.0,0.6953635275588936,0.9261744966442952,241800.0,-0.02435087733724748,-213854.0,北控水务,C
00371,2023-07-03,DAILY_ACCUMULATION,0,0,0,1,0,66.66666666666666,0.9329500736251446,0.9395973154362416,1681480.0,0.4442020821801509,211388.0,北控水务,C
00371,2023-07-04,DAILY_ACCUMULATION,0,0,0,1,0,66.66666666666666,1.21933989513272,0.9463087248322147,2391060.0,0.8561600945954495,774997.0,北控水务,C
00371,2023-07-05,DAILY_NEUTRAL,0,0,0,0,0,66.66666666666666,0.6651827357698664,0.9328859060402684,0.0,-0.05615799882280008,1219844.0,北控水务,C
00371,2023-07-06,DAILY_NEUTRAL,0,0,0,0,0,33.33333333333333,0.8322447647244258,0.9251700680272109,-964100.0,-0.4223416273279327,63020.0,北控水务,C
00371,2023-07-07,DAILY_NEUTRAL,0,0,0,0,0,66.66666666666666,0.7879933552468312,0.9379310344827587,440680.0,0.11371706201475613,-80779.0,北控水务,C
00371,2023-07-10,DAILY_NEUTRAL,0,0,0,0,0,100.0,2.7247921262001684,0.986013986013986,2772280.0,0.9875097000659665,178963.0,北控水务,C
00371,2023-07-11,DAILY_NEUTRAL,0,0,0,0,0,100.0,0.6629037495495592,0.986013986013986,1120000.0,0.35187992635528437,111788.0,北控水务,C
00371,2023-07-12,DAILY_NEUTRAL,0,0,0,0,0,100.0,1.47214161761091,0.979020979020979,1114840.0,0.34521942549499834,-440286.0,北控水务,C
00371,2023-07-13,DAILY_NEUTRAL,0,0,0,0,0,100.0,0.6047902046809114,0.993006993006993,57240.0,-0.048880751269118616,24440.0,北控水务,C
00371,2023-07-14,DAILY_PULLBACK,0,0,1,0,0,100.0,0.7232390297868151,0.979020979020979,-54240.0,-0.08345779519543745,407276.0,北控水务,C
00371,2023-07-18,DAILY_NEUTRAL,0,0,0,0,0,100.0,2.1714758255651603,0.986013986013986,-2619920.0,-1.0224856895224934,442164.0,北控水务,C
00371,2023-07-19,DAILY_NEUTRAL,0,0,0,0,0,100.0,1.308478831319601,0.993006993006993,-496960.0,-0.26963434909792283,-488285.0,北控水务,C
00371,2023-07-20,DAILY_PULLBACK,0,0,1,0,0,100.0,1.1152611135038393,0.986013986013986,-1425760.0,-0.6348804602941744,-786829.0,北控水务,C
00371,2023-07-21,DAILY_NEUTRAL,0,0,0,0,0,100.0,2.7857842928430707,0.9930555555555556,-1914080.0,-0.8102492958559941,-1223661.0,北控水务,C
00371,2023-07-24,DAILY_DISTRIBUTION,0,1,0,0,0,100.0,1.476451595254262,0.986111111111111,-5590000.0,-2.2263378551712996,-1473374.0,北控水务,C
00371,2023-07-25,DAILY_NEUTRAL,0,0,0,0,0,100.0,0.5241608742287293,1.0069444444444444,155180.0,0.040860173550871876,-2398526.0,北控水务,C
00371,2023-07-26,DAILY_PULLBACK,0,0,1,0,0,100.0,0.30734856992773624,0.9657534246575342,-1736800.0,-0.6741436455473211,-1925765.0,北控水务,C
00371,2023-07-27,DAILY_PULLBACK,0,0,1,0,0,100.0,0.9164194860766501,0.9657534246575342,-3879260.0,-1.4676449312610838,-2102723.0,北控水务,C
00371,2023-07-28,DAILY_PULLBACK,0,0,1,0,0,100.0,0.43958871934785637,0.9657534246575342,-328860.0,-0.08599609454447565,-2149460.0,北控水务,C
00371,2023-07-31,DAILY_PULLBACK,0,0,1,0,0,100.0,1.2184839962897887,0.9726027397260274,-20000.0,0.049926781517855866,-1824177.0,北控水务,C
00371,2023-08-01,DAILY_PULLBACK,0,0,1,0,0,66.66666666666666,0.7927231398081827,0.9863013698630136,310860.0,0.16472605258171377,-697087.0,北控水务,C
00371,2023-08-02,DAILY_PULLBACK,0,0,1,0,0,66.66666666666666,1.3416558981046585,0.9657534246575342,-4216000.0,-1.5613127175505914,-597420.0,北控水务,C
00371,2023-08-03,DAILY_NEUTRAL,0,0,0,0,0,33.33333333333333,0.3905497551703358,0.9657534246575342,303040.0,0.19215201645323338,-762907.0,北控水务,C
00371,2023-08-04,DAILY_PULLBACK,0,0,1,0,0,100.0,0.5710335245568438,0.9726027397260274,-1761840.0,-0.5744789390314097,58401.0,北控水务,C
00371,2023-08-07,DAILY_NEUTRAL,0,0,0,0,0,33.33333333333333,0.5261974220136274,0.9520547945205479,0.0,0.12032420327490558,-188308.0,北控水务,C
00371,2023-08-08,DAILY_DECLINE,0,0,0,0,1,0.0,1.2302043968170056,0.9315068493150686,-720460.0,-0.15904750183044308,-162274.0,北控水务,C
00371,2023-08-09,DAILY_DECLINE,0,0,0,0,1,0.0,1.2395583841613396,0.9178082191780823,-381920.0,-0.036420920254155414,-193901.0,北控水务,C
00371,2023-08-10,DAILY_DECLINE,0,0,0,0,1,0.0,4.59077849166058,0.9452054794520548,-1785980.0,-0.6238362506726196,648011.0,北控水务,C
00371,2023-08-11,DAILY_DECLINE,0,0,0,0,1,0.0,0.4839898706117095,0.9178082191780823,-647720.0,-0.17062627709080527,375248.0,北控水务,C
00371,2023-08-14,DAILY_DECLINE,0,0,0,0,1,0.0,0.5759349815213818,0.9109589041095891,-1034080.0,-0.3306948113090351,633320.0,北控水务,C
00371,2023-08-15,DAILY_NEUTRAL,0,0,0,0,0,0.0,0.20279113800143606,0.904109589041096,546000.0,0.39961436270444606,475496.0,北控水务,C
00371,2023-08-16,DAILY_DECLINE,0,0,0,0,1,0.0,0.8975142324415407,0.8904109589041096,-4726000.0,-1.9533123112064854,570492.0,北控水务,C
00371,2023-08-17,DAILY_DECLINE,0,0,0,0,1,0.0,1.0271151338754128,0.8835616438356165,-2118540.0,-0.7363949620321812,-86872.0,北控水务,C
00371,2023-08-18,DAILY_DECLINE,0,0,0,0,1,0.0,2.4071005139533344,0.8561643835616438,-5920000.0,-2.350087773700331,-118745.0,北控水务,C
00371,2023-08-21,DAILY_NEUTRAL,0,0,0,0,0,0.0,2.971906666672901,0.8424657534246576,91480.0,0.2376024096025613,-972905.0,北控水务,C
00371,2023-08-22,DAILY_NEUTRAL,0,0,0,0,0,0.0,1.4152028834452095,0.8493150684931507,-380000.0,0.02351444521635717,-1031867.0,北控水务,C
00371,2023-08-23,DAILY_DECLINE,0,0,0,0,1,0.0,0.5666800685395461,0.8551724137931035,-4040000.0,-1.4992118454347763,-1190308.0,北控水务,C
00371,2023-08-24,DAILY_DECLINE,0,0,0,0,1,0.0,1.535924840160201,0.8896551724137931,-983920.0,-0.21867117608085435,-937948.0,北控水务,C
00371,2023-08-25,DAILY_NEUTRAL,0,0,0,0,0,0.0,0.48477257867914847,0.8827586206896553,-184180.0,0.1305322591352918,-855791.0,北控水务,C
00371,2023-08-28,DAILY_NEUTRAL,0,0,0,0,0,0.0,0.25308791647073026,0.8758620689655173,0.0,0.19849458861336147,284139.0,北控水务,C
00371,2023-08-29,DAILY_NEUTRAL,0,0,0,0,0,33.33333333333333,1.1811277959224795,0.9103448275862069,-610000.0,-0.0600913895591235,264843.0,北控水务,C
00371,2023-08-30,DAILY_NEUTRAL,0,0,0,0,0,66.66666666666666,0.5592958146511715,0.9166666666666667,-1920000.0,-0.6093890569918391,264886.0,北控水务,C
00371,2023-08-31,DAILY_NEUTRAL,0,0,0,0,0,66.66666666666666,2.3921193080602166,0.9236111111111112,-1516600.0,-0.42084680799324686,574086.0,北控水务,C
00371,2023-09-04,DAILY_ACCUMULATION,0,0,0,1,0,66.66666666666666,1.1676989039281822,0.9305555555555557,2334440.0,1.208758822770488,558532.0,北控水务,C
00371,2023-09-05,DAILY_NEUTRAL,0,0,0,0,0,66.66666666666666,0.7325324457356259,0.9440559440559442,-1160940.0,-0.30181371601615675,857442.0,北控水务,C
00371,2023-09-06,DAILY_PULLBACK,0,0,1,1,0,100.0,0.733392088876843,0.9300699300699301,2431080.0,1.3132397955967925,683301.0,北控水务,C
00371,2023-09-07,DAILY_NEUTRAL,0,0,0,0,0,100.0,0.4844334932129576,0.9370629370629372,1731600.0,0.9609905158843264,1133940.0,北控水务,C
00371,2023-09-11,DAILY_PULLBACK,0,0,1,0,0,100.0,0.439699633765334,0.9230769230769231,-1180000.0,-0.3752722161287283,1758584.0,北控水务,C
00371,2023-09-12,DAILY_PULLBACK,0,0,1,0,0,100.0,0.5357137123358898,0.9492753623188407,-747520.0,-0.1366118924849258,1795605.0,北控水务,C
00371,2023-09-13,DAILY_PULLBACK,0,0,1,0,0,66.66666666666666,0.42310033761135785,0.9635036496350364,-637240.0,-0.049477245151285404,1184203.0,北控水务,C
00371,2023-09-14,DAILY_PULLBACK,0,0,1,0,0,66.66666666666666,1.9850876346543396,0.9708029197080291,-275800.0,0.16291096539881553,1269101.0,北控水务,C
00371,2023-09-15,DAILY_PULLBACK,0,0,1,0,0,66.66666666666666,2.418084640161659,0.9708029197080291,351100.0,0.4909397659860491,768815.0,北控水务,C
00371,2023-09-18,DAILY_ACCUMULATION,0,0,0,1,0,33.33333333333333,1.7808076231413577,0.948905109489051,258500.0,0.43976088357450666,238860.0,北控水务,C
00371,2023-09-19,DAILY_PULLBACK,0,0,1,0,0,66.66666666666666,0.39190152770801256,0.9562043795620437,914400.0,0.773872072969625,407708.0,北控水务,C
00371,2023-09-20,DAILY_NEUTRAL,0,0,0,0,0,33.33333333333333,0.4741269753355158,0.948905109489051,-302600.0,0.14975329217357183,398372.0,北控水务,C
00371,2023-09-21,DAILY_NEUTRAL,0,0,0,0,0,33.33333333333333,0.35581685233892435,0.9416058394160584,519760.0,0.560230046976811,485004.0,北控水务,C
00371,2023-09-22,DAILY_NEUTRAL,0,0,0,0,0,0.0,0.5697609045487065,0.948905109489051,644360.0,0.6068489751417098,599128.0,北控水务,C
00371,2023-09-25,DAILY_DECLINE,0,0,0,0,1,0.0,0.8291467733384157,0.9343065693430657,-633660.0,-0.0598172153411488,423562.0,北控水务,C
00371,2023-09-26,DAILY_DECLINE,0,0,0,0,1,0.0,1.2397467111157712,0.9343065693430657,-1560000.0,-0.5252505765315795,227617.0,北控水务,C
00371,2023-09-27,DAILY_NEUTRAL,0,0,0,0,0,0.0,1.752046403010756,0.9197080291970803,36900.0,0.37095638342513365,-198472.0,北控水务,C
00371,2023-09-28,DAILY_NEUTRAL,0,0,0,0,0,0.0,1.0385036350775256,0.927007299270073,-446360.0,0.10588268620473076,-132417.0,北控水务,C
00371,2023-09-29,DAILY_NEUTRAL,0,0,0,0,0,0.0,0.5745803659709082,0.948905109489051,0.0,0.37769838073680245,-333823.0,北控水务,C
00371,2023-10-03,DAILY_NEUTRAL,0,0,0,0,0,0.0,0.796593384323807,0.8978102189781021,173260.0,0.5096797792815847,-558695.0,北控水务,C
00371,2023-10-04,DAILY_NEUTRAL,0,0,0,0,0,0.0,0.8061986773862388,0.8832116788321167,164660.0,0.502684785344808,-481804.0,北控水务,C
00371,2023-10-05,DAILY_NEUTRAL,0,0,0,0,0,0.0,0.6182141754073905,0.875912408759124,579600.0,0.7289001080703277,-28383.0,北控水务,C
00371,2023-10-06,DAILY_NEUTRAL,0,0,0,0,0,0.0,0.6071328959691848,0.9051094890510948,323400.0,0.5801093913944703,-6870.0,北控水务,C
00371,2023-10-09,DAILY_DECLINE,0,0,0,0,1,0.0,2.1138821504743093,0.9051094890510948,-1560620.0,-0.4912892293722204,252466.0,北控水务,C
00371,2023-10-10,DAILY_ACCUMULATION,0,0,0,1,0,0.0,1.0922004996756636,0.9191176470588235,332300.0,0.6602497385486181,104953.0,北控水务,C
00371,2023-10-11,DAILY_NEUTRAL,0,0,0,0,0,33.33333333333333,2.8180135779833475,0.9558823529411764,-1133700.0,-0.2078977685387859,61146.0,北控水务,C
00371,2023-10-12,DAILY_NEUTRAL,0,0,0,0,0,66.66666666666666,1.8200851576883637,0.9632352941176471,811400.0,0.9744177981669139,-179217.0,北控水务,C
00371,2023-10-13,DAILY_NEUTRAL,0,0,0,0,0,33.33333333333333,0.8384316067016443,0.926470588235294,-1180000.0,-0.23145069713448171,-205289.0,北控水务,C
00371,2023-10-16,DAILY_NEUTRAL,0,0,0,0,0,66.66666666666666,1.5968982220855794,0.9411764705882353,-950000.0,-0.10930072443951097,-460759.0,北控水务,C
00371,2023-10-17,DAILY_NEUTRAL,0,0,0,0,0,66.66666666666666,1.4383937722854314,0.9850746268656716,138400.0,0.5528377529554271,-273580.0,北控水务,C
00371,2023-10-18,DAILY_NEUTRAL,0,0,0,0,0,66.66666666666666,0.9418843006580968,0.9626865671641791,2394820.0,1.8981740281175443,-306355.0,北控水务,C
00371,2023-10-19,DAILY_PULLBACK,0,0,1,0,0,100.0,1.0726522739502986,0.9552238805970149,-1366200.0,-0.40472023658758444,325328.0,北控水务,C
00371,2023-10-20,DAILY_NEUTRAL,0,0,0,0,0,66.66666666666666,4.402450203754958,0.9328358208955223,-4916460.0,-2.7359604342771515,-57012.0,北控水务,C
00371,2023-10-24,DAILY_PULLBACK,0,0,1,0,0,100.0,0.5850406249280392,0.9477611940298507,2438740.0,1.8792652322381302,-532493.0,北控水务,C
00371,2023-10-25,DAILY_DECLINE,0,0,0,0,1,33.33333333333333,0.7915364572411722,0.9402985074626865,-1230000.0,-0.3550781005068323,55536.0,北控水务,C
00371,2023-10-26,DAILY_NEUTRAL,0,0,0,0,0,33.33333333333333,0.599384719339192,0.9328358208955223,3130000.0,2.2390129146436344,-188327.0,北控水务,C
00371,2023-10-27,DAILY_NEUTRAL,0,0,0,0,0,33.33333333333333,0.7980252319615245,0.9402985074626865,3729820.0,2.465597324331596,-275791.0,北控水务,C
00371,2023-10-30,DAILY_NEUTRAL,0,0,0,0,0,33.33333333333333,0.44358522213873175,0.9328358208955223,-63080.0,0.21889248040376755,558767.0,北控水务,C
00371,2023-10-31,DAILY_NEUTRAL,0,0,0,0,0,33.33333333333333,0.5048470294467763,0.9253731343283581,-210520.0,0.14097789002023767,1510279.0,北控水务,C
00371,2023-11-01,DAILY_NEUTRAL,0,0,0,0,0,0.0,0.4299383770664133,0.9253731343283581,1299380.0,0.9766987070234433,990953.0,北控水务,C
00371,2023-11-02,DAILY_NEUTRAL,0,0,0,0,0,0.0,0.5810570334056793,0.9402985074626865,1425400.0,1.0327874420948508,1440523.0,北控水务,C
00371,2023-11-03,DAILY_ACCUMULATION,0,0,0,1,0,33.33333333333333,0.9906138520290465,0.9477611940298507,1955620.0,1.3011491395732246,1036566.0,北控水务,C
00371,2023-11-06,DAILY_NEUTRAL,0,0,0,0,0,66.66666666666666,1.0515796822759798,0.9626865671641791,30420.0,0.18347179053892995,612925.0,北控水务,C
00371,2023-11-07,DAILY_NEUTRAL,0,0,0,0,0,33.33333333333333,1.3748634686436239,0.9402985074626865,-1510000.0,-0.6892010614261432,646274.0,北控水务,C
00371,2023-11-08,DAILY_ACCUMULATION,0,0,0,1,0,33.33333333333333,0.9334984119906775,0.917910447761194,120000.0,0.2364568480624364,383847.0,北控水务,C
00371,2023-11-09,DAILY_NEUTRAL,0,0,0,0,0,33.33333333333333,0.9029721210641609,0.9253731343283581,-396220.0,-0.07068386499667251,158586.0,北控水务,C
00371,2023-11-10,DAILY_DECLINE,0,0,0,0,1,0.0,0.7580865337208901,0.9104477611940298,-831300.0,-0.3180572782067681,-242612.0,北控水务,C
00371,2023-11-13,DAILY_NEUTRAL,0,0,0,0,0,0.0,0.5293099331158323,0.9253731343283581,1080000.0,0.7568234556318375,-717861.0,北控水务,C
00371,2023-11-14,DAILY_NEUTRAL,0,0,0,0,0,0.0,1.4126120874480537,0.917910447761194,2263280.0,1.4142373474267684,-620945.0,北控水务,C
00371,2023-11-15,DAILY_NEUTRAL,0,0,0,0,0,0.0,1.5502956587077692,0.9328358208955223,1640000.0,1.0397139991966533,-26953.0,北控水务,C
00371,2023-11-16,DAILY_DECLINE,0,0,0,0,1,0.0,2.0201596289259416,0.9248120300751879,-5778840.0,-3.345671602809394,201967.0,北控水务,C
00371,2023-11-17,DAILY_DECLINE,0,0,0,0,1,0.0,0.6107543689211403,0.9242424242424242,-777440.0,-0.4153620555682678,-465874.0,北控水务,C
00371,2023-11-20,DAILY_DECLINE,0,0,0,0,1,0.0,0.9615014178555987,0.9389312977099236,-2032800.0,-1.1451687097179224,-484540.0,北控水务,C
00371,2023-11-21,DAILY_NEUTRAL,0,0,0,0,0,33.33333333333333,1.5099851931374504,0.9389312977099236,-3470000.0,-1.954020177946516,-1251283.0,北控水务,C
00371,2023-11-22,DAILY_DECLINE,0,0,0,0,1,0.0,0.5702036218520876,0.9389312977099236,-487000.0,-0.22504047218855053,-2102502.0,北控水务,C
00371,2023-11-23,DAILY_NEUTRAL,0,0,0,0,0,0.0,0.48060401544172937,0.9612403100775193,2388000.0,1.4674869950521119,-2565052.0,北控水务,C
00371,2023-11-24,DAILY_DECLINE,0,0,0,0,1,0.0,0.9952882464090755,0.945736434108527,-3549680.0,-2.0283476626161216,-894584.0,北控水务,C
00371,2023-11-27,DAILY_DECLINE,0,0,0,0,1,0.0,2.0366086034781268,0.9302325581395349,-8144400.0,-4.5082451533836885,-1085057.0,北控水务,C
00371,2023-11-28,DAILY_DECLINE,0,0,0,0,1,0.0,1.7291662314783869,0.9147286821705426,-3545920.0,-1.6048425260733032,-1903311.0,北控水务,C
00371,2023-11-29,DAILY_DECLINE,0,0,0,0,1,0.0,1.663955691132167,0.8914728682170542,-6140000.0,-2.8057124224389978,-1751725.0,北控水务,C
00371,2023-11-30,DAILY_NEUTRAL,0,0,0,0,0,0.0,3.5406190597604583,0.8992248062015503,5100000.0,2.450014041530192,-2510356.0,北控水务,C
00371,2023-12-01,DAILY_DECLINE,0,0,0,0,1,0.0,0.8411971841927809,0.9069767441860465,-662960.0,-0.15881049447876897,-2151686.0,北控水务,C
00371,2023-12-04,DAILY_DECLINE,0,0,0,0,1,0.0,0.4254496031607518,0.8914728682170542,-1091400.0,-0.34861111920293275,-1443413.0,北控水务,C
00371,2023-12-05,DAILY_DECLINE,0,0,0,0,1,0.0,0.7925076003086376,0.8527131782945737,-5730000.0,-2.3637557479340594,23278.0,北控水务,C
00371,2023-12-06,DAILY_NEUTRAL,0,0,0,0,0,0.0,0.42475372689741014,0.8828124999999999,463020.0,0.39539894567713735,-202538.0,北控水务,C
00371,2023-12-07,DAILY_NEUTRAL,0,0,0,0,0,0.0,0.5967973352228292,0.859375,1003280.0,0.6120638314665529,1100915.0,北控水务,C
00371,2023-12-08,DAILY_ACCUMULATION,0,0,0,1,0,0.0,0.884452870027248,0.859375,5730000.0,2.590683911825144,211596.0,北控水务,C
00371,2023-12-11,DAILY_NEUTRAL,0,0,0,0,0,0.0,0.698957974589687,0.859375,1157520.0,0.5863978462343874,1162123.0,北控水务,C
00371,2023-12-12,DAILY_ACCUMULATION,0,0,0,1,0,0.0,0.8001656918747931,0.8750000000000001,1770000.0,0.8194124383228982,1608031.0,北控水务,C
00371,2023-12-13,DAILY_DECLINE,0,0,0,0,1,0.0,0.8549644287287572,0.8515625,-939360.0,-0.26894779106716304,3132695.0,北控水务,C
00371,2023-12-14,DAILY_ACCUMULATION,0,0,0,1,0,0.0,1.5442271663040945,0.8906249999999999,4440000.0,1.8726080472235713,2981187.0,北控水务,C
00371,2023-12-15,DAILY_NEUTRAL,0,0,0,0,0,66.66666666666666,2.9171887751350707,0.9140624999999999,2480000.0,1.0435715567724895,3157589.0,北控水务,C
00371,2023-12-18,DAILY_NEUTRAL,0,0,0,0,0,66.66666666666666,0.6757923916284331,0.9296874999999999,424300.0,0.22981732645955688,2344717.0,北控水务,C
00371,2023-12-19,DAILY_NEUTRAL,0,0,0,0,0,66.66666666666666,0.47651729733408005,0.9140624999999999,-1265640.0,-0.41634841018513297,2075218.0,北控水务,C
00371,2023-12-20,DAILY_NEUTRAL,0,0,0,0,0,66.66666666666666,0.4266448269845947,0.9285714285714285,-2429100.0,-0.8489983108979994,1357872.0,北控水务,C
00371,2023-12-21,DAILY_NEUTRAL,0,0,0,0,0,66.66666666666666,0.5837081069688526,0.952,2375880.0,0.9947232980928327,1157029.0,北控水务,C
00371,2023-12-22,DAILY_PULLBACK,0,0,1,1,0,100.0,1.0920002487275398,0.944,1030360.0,0.45534994967584425,744811.0,北控水务,C
00371,2023-12-27,DAILY_NEUTRAL,0,0,0,0,0,100.0,4.477589763569697,1.032520325203252,14030000.0,5.355073561398468,225881.0,北控水务,C
00371,2023-12-28,DAILY_NEUTRAL,0,0,0,0,0,100.0,1.3663320131944556,1.0236220472440944,7340000.0,2.2532934501430173,1838301.0,北控水务,C
00371,2023-12-29,DAILY_NEUTRAL,0,0,0,0,0,100.0,1.488670946911552,1.0075757575757576,8313840.0,2.4175557692487044,3015133.0,北控水务,C
00371,2024-01-02,DAILY_NEUTRAL,0,0,0,0,0,100.0,1.400050505783557,1.007462686567164,-310000.0,-0.18554297165515776,4441029.0,北控水务,C
00371,2024-01-03,DAILY_NEUTRAL,0,0,0,0,0,100.0,1.589539714825738,1.0291970802919708,-2660000.0,-0.8519720185314968,4174353.0,北控水务,C
00371,2024-01-04,DAILY_NEUTRAL,0,0,0,0,0,100.0,1.9925101199073971,1.0704225352112677,240000.0,-0.011298749738007216,3536133.0,北控水务,C
00371,2024-01-05,DAILY_NEUTRAL,0,0,0,0,0,100.0,0.9264124525807492,0.9738562091503268,-1186580.0,-0.41445170520699115,711563.0,北控水务,C
00371,2024-01-08,DAILY_NEUTRAL,0,0,0,0,0,100.0,0.769517102087664,0.9673202614379085,-4553800.0,-1.3698738020480095,-1220924.0,北控水务,C
00371,2024-01-09,DAILY_NEUTRAL,0,0,0,0,0,100.0,1.1465006399639293,0.9803921568627451,8620000.0,2.3464790342479676,-3543611.0,北控水务,C
00371,2024-01-10,DAILY_NEUTRAL,0,0,0,0,0,100.0,1.0556014542768795,0.9869281045751633,6210000.0,1.5613656418967687,-2138447.0,北控水务,C
00371,2024-01-11,DAILY_NEUTRAL,0,0,0,0,0,100.0,1.043803430778767,0.9807692307692307,20680000.0,5.297098063339933,-388447.0,北控水务,C
00371,2024-01-12,DAILY_NEUTRAL,0,0,0,0,0,100.0,1.1406490784210224,1.0379746835443038,20680000.0,4.300212083437652,2723429.0,北控水务,C
00371,2024-01-15,DAILY_NEUTRAL,0,0,0,0,0,100.0,0.7197300893439649,0.9634146341463415,-3750000.0,-0.9346846332536012,6151245.0,北控水务,C
00371,2024-01-16,DAILY_PULLBACK,0,0,1,0,0,100.0,0.6265828637505062,0.9337349397590362,-1790000.0,-0.5470415277967146,6452537.0,北控水务,C
00371,2024-01-17,DAILY_PULLBACK,0,0,1,0,0,100.0,1.2350539588335827,0.8614457831325302,-1300000.0,-0.440806722276018,4682037.0,北控水务,C
00371,2024-01-18,DAILY_PULLBACK,0,0,1,1,0,100.0,1.251877545017102,0.8614457831325302,19410000.0,3.4503804227277417,3369037.0,北控水务,C
00371,2024-01-19,DAILY_ACCUMULATION,0,0,0,1,0,33.33333333333333,1.510557911310062,0.8373493975903614,4689040.0,0.5610968586562962,2165752.0,北控水务,C
00371,2024-01-22,DAILY_DECLINE,0,0,0,0,1,33.33333333333333,1.1745318947719983,0.8132530120481929,920000.0,-0.09862513938021686,-1330174.0,北控水务,C
00371,2024-01-23,DAILY_NEUTRAL,0,0,0,0,0,33.33333333333333,1.0593685771551749,0.819277108433735,10950000.0,1.6329312612828422,-563629.0,北控水务,C
00371,2024-01-24,DAILY_PULLBACK,0,0,1,0,0,66.66666666666666,0.5894560518715788,0.8734939759036144,1493720.0,-0.02759380493951402,1555665.0,北控水务,C
00371,2024-01-25,DAILY_PULLBACK,0,0,1,0,0,66.66666666666666,0.6999267261928269,0.9337349397590362,8170000.0,1.1124442594320905,2091241.0,北控水务,C
00371,2024-01-26,DAILY_NEUTRAL,0,0,0,0,0,33.33333333333333,0.5336375038476822,0.9216867469879518,1802460.0,0.007759240550565986,136241.0,北控水务,C
00371,2024-01-29,DAILY_NEUTRAL,0,0,0,0,0,66.66666666666666,0.5781923948411092,0.9216867469879518,1953800.0,0.027600219227797845,-164198.0,北控水务,C
00371,2024-01-30,DAILY_NEUTRAL,0,0,0,0,0,33.33333333333333,1.276897095218556,0.891566265060241,1950000.0,0.025125173992994514,360564.0,北控水务,C
00371,2024-01-31,DAILY_NEUTRAL,0,0,0,0,0,66.66666666666666,1.074906211308336,0.8975903614457832,-270000.0,-0.3501830289336281,-1552436.0,北控水务,C
00371,2024-02-01,DAILY_NEUTRAL,0,0,0,0,0,33.33333333333333,0.8889606330868193,0.8734939759036144,4050000.0,0.38314079365582826,-2024680.0,北控水务,C
00371,2024-02-02,DAILY_NEUTRAL,0,0,0,0,0,33.33333333333333,0.6348828912512036,0.8734939759036144,-3260000.0,-0.8574617455775537,-3039180.0,北控水务,C
00371,2024-02-05,DAILY_DECLINE,0,0,0,0,1,0.0,0.5647878112251858,0.8554216867469879,-1620000.0,-0.5747683744144126,-3948001.0,北控水务,C
00371,2024-02-06,DAILY_NEUTRAL,0,0,0,0,0,33.33333333333333,1.4824537772523787,0.8855421686746988,1890000.0,0.018180676780325984,-4809451.0,北控水务,C
00371,2024-02-07,DAILY_DECLINE,0,0,0,0,1,33.33333333333333,1.3546484928884093,0.8795180722891567,-6680000.0,-1.4227688209469214,-4484951.0,北控水务,C
00371,2024-02-08,DAILY_DECLINE,0,0,0,0,1,0.0,1.1309232086038665,0.8674698795180723,-7320000.0,-1.4908719973957418,-5122451.0,北控水务,C
00371,2024-02-09,DAILY_DECLINE,0,0,0,0,1,0.0,0.5037684414861568,0.819277108433735,1418580.0,-0.026443851178912937,-5996451.0,北控水务,C
00371,2024-02-14,DAILY_NEUTRAL,0,0,0,0,0,0.0,1.1691068669925866,0.783132530120482,8720000.0,1.158206739261488,-4097664.0,北控水务,C
00371,2024-02-15,DAILY_DECLINE,0,0,0,0,1,0.0,0.27181874889477203,0.8260869565217391,-949280.0,-0.42202779716807703,-2653164.0,北控水务,C
00371,2024-02-16,DAILY_DECLINE,0,0,0,0,1,0.0,0.5102936079667212,0.8653846153846154,1518040.0,-0.04019353750378075,-3263056.0,北控水务,C
00371,2024-02-19,DAILY_NEUTRAL,0,0,0,0,0,33.33333333333333,1.6194926700723304,0.9423076923076923,7320000.0,0.8942192765382517,-1764350.0,北控水务,C
00371,2024-02-20,DAILY_ACCUMULATION,0,0,0,1,0,33.33333333333333,1.7585942454310735,0.967948717948718,8390000.0,1.0391355099373223,1768150.0,北控水务,C
00371,2024-02-21,DAILY_NEUTRAL,0,0,0,0,0,66.66666666666666,1.456843958379728,0.9487179487179487,-7200000.0,-1.509272531009319,2977386.0,北控水务,C
00371,2024-02-22,DAILY_ACCUMULATION,0,0,0,1,0,66.66666666666666,0.8603580994651162,0.9807692307692307,4562660.0,0.3988906749062991,199386.0,北控水务,C
00371,2024-02-23,DAILY_NEUTRAL,0,0,0,0,0,66.66666666666666,0.9275547083472927,0.9871794871794871,150000.0,-0.30592534165200536,1621141.0,北控水务,C
00371,2024-02-26,DAILY_NEUTRAL,0,0,0,0,0,66.66666666666666,1.4048704290340894,0.9433962264150942,-2921860.0,-0.8068353111948487,1414719.0,北控水务,C
00371,2024-02-27,DAILY_NEUTRAL,0,0,0,0,0,66.66666666666666,0.9992381244811682,0.930817610062893,-3103880.0,-0.8648115323634191,-79060.0,北控水务,C
00371,2024-02-28,DAILY_PULLBACK,0,0,1,0,0,100.0,0.533729837562648,0.9245283018867924,-1980640.0,-0.6846786310830789,-2132519.0,北控水务,C
00371,2024-02-29,DAILY_NEUTRAL,0,0,0,0,0,66.66666666666666,1.9954425885029348,0.8993710691823898,-4324000.0,-1.0890844738159602,-891925.0,北控水务,C
00371,2024-03-01,DAILY_PULLBACK,0,0,1,0,0,66.66666666666666,0.4643317611041967,0.9119496855345911,1885400.0,-0.04324232482251198,-2355557.0,北控水务,C
00371,2024-03-04,DAILY_DECLINE,0,0,0,0,1,33.33333333333333,0.7169979721763131,0.9056603773584905,-1450000.0,-0.5946732960070027,-2116247.0,北控水务,C
00371,2024-03-05,DAILY_DECLINE,0,0,0,0,1,33.33333333333333,0.6748607528443626,0.880503144654088,-7576540.0,-1.5928100100975442,-1546875.0,北控水务,C
00371,2024-03-06,DAILY_DECLINE,0,0,0,0,1,33.33333333333333,0.46379989757889406,0.8930817610062892,-2552560.0,-0.7626241484882528,-2225580.0,北控水务,C
00371,2024-03-07,DAILY_NEUTRAL,0,0,0,0,0,33.33333333333333,0.7236120854328224,0.8993710691823898,2301300.0,0.03145251738474748,-2293336.0,北控水务,C
00371,2024-03-08,DAILY_PULLBACK,0,0,1,0,0,66.66666666666666,1.3416716448039663,0.930817610062893,3167160.0,0.16763909416775952,-988841.0,北控水务,C
00371,2024-03-11,DAILY_PULLBACK,0,0,1,0,0,66.66666666666666,1.2919911720764379,0.9371069182389936,0.0,-0.3372445946065787,-1224847.0,北控水务,C
00371,2024-03-12,DAILY_NEUTRAL,0,0,0,0,0,100.0,1.4329992898777406,0.9433962264150942,5040000.0,0.48064597369332274,-1300847.0,北控水务,C
00371,2024-03-13,DAILY_ACCUMULATION,0,0,0,1,0,66.66666666666666,1.0964422129898075,0.9685534591194969,8247980.0,0.9884044716545032,1041390.0,北控水务,C
00371,2024-03-14,DAILY_NEUTRAL,0,0,0,0,0,66.66666666666666,0.6894176881601322,0.9622641509433962,-4188780.0,-1.0362917416110162,3225099.0,北控水务,C
00371,2024-03-15,DAILY_NEUTRAL,0,0,0,0,0,66.66666666666666,2.6863090775310488,0.9748427672955975,-2550000.0,-0.7446441326244474,2089058.0,北控水务,C
00371,2024-03-18,DAILY_NEUTRAL,0,0,0,0,0,100.0,0.9270444252678552,1.0,2554740.0,0.08060493979465325,1149028.0,北控水务,C
00371,2024-03-19,DAILY_ACCUMULATION,0,0,0,1,0,100.0,0.844436392748746,1.0,6320000.0,0.6717401595996176,1898239.0,北控水务,C
00371,2024-03-20,DAILY_NEUTRAL,0,0,0,0,0,100.0,0.632453268671057,0.9638554216867471,6510000.0,0.6809743887488828,2257739.0,北控水务,C
00371,2024-03-21,DAILY_ACCUMULATION,0,0,0,1,0,100.0,0.8788034248547052,0.9819277108433735,3676660.0,0.20910878163691637,1224643.0,北控水务,C
00371,2024-03-22,DAILY_PULLBACK,0,0,1,0,0,100.0,0.6550004184610111,0.9457831325301206,-9220000.0,-1.8368824674424769,2842031.0,北控水务,C
00371,2024-03-25,DAILY_PULLBACK,0,0,1,0,0,100.0,0.5038350616984332,0.9457831325301206,-2360000.0,-0.7040554077556064,1976531.0,北控水务,C
00371,2024-03-26,DAILY_DECLINE,0,0,0,0,1,33.33333333333333,4.148438407791393,0.8253012048192773,-16960000.0,-2.987564885262442,965490.0,北控水务,C
00371,2024-03-27,DAILY_DECLINE,0,0,0,0,1,33.33333333333333,1.1819359661759319,0.819277108433735,-2350000.0,-0.5758482476484439,-2997704.0,北控水务,C
00371,2024-03-28,DAILY_DECLINE,0,0,0,0,1,33.33333333333333,1.0616180835506333,0.8012048192771085,70000.0,-0.19143210969625457,-4751236.0,北控水务,C
00371,2024-04-02,DAILY_NEUTRAL,0,0,0,0,0,33.33333333333333,1.487891721459274,0.7951807228915664,9390000.0,1.1998632081165324,-5692268.0,北控水务,C
00371,2024-04-03,DAILY_NEUTRAL,0,0,0,0,0,0.0,1.1297981582297807,0.8253012048192773,10140000.0,1.2709051991155942,-2345498.0,北控水务,C
00371,2024-04-05,DAILY_DECLINE,0,0,0,0,1,0.0,0.23903303291155706,0.8072289156626506,-1311280.0,-0.443765835494953,-424998.0,北控水务,C
00371,2024-04-08,DAILY_ACCUMULATION,0,0,0,1,0,0.0,0.7480282237492097,0.8493975903614458,9610000.0,1.1531587092703397,2391483.0,北控水务,C
00371,2024-04-09,DAILY_NEUTRAL,0,0,0,0,0,0.0,0.9471105266243047,0.8614457831325302,3030000.0,0.15618087079529291,4175355.0,北控水务,C
00371,2024-04-10,DAILY_ACCUMULATION,0,0,0,1,0,66.66666666666666,1.930817414752893,0.891566265060241,4570000.0,0.3972299795441892,4730920.0,北控水务,C
00371,2024-04-11,DAILY_NEUTRAL,0,0,0,0,0,66.66666666666666,0.5802939765097991,0.9156626506024097,10390000.0,1.2584930398023197,3696778.0,北控水务,C
00371,2024-04-12,DAILY_NEUTRAL,0,0,0,0,0,33.33333333333333,1.295727563230325,0.891566265060241,-3270000.0,-0.7673373759969577,3227278.0,北控水务,C
00371,2024-04-15,DAILY_NEUTRAL,0,0,0,0,0,66.66666666666666,0.648197369791462,0.8975903614457832,6150000.0,0.8195941101103941,3251034.0,北控水务,C
00371,2024-04-16,DAILY_NEUTRAL,0,0,0,0,0,66.66666666666666,0.6041201962384732,0.9036144578313253,5150000.0,0.6245051580789868,2663933.0,北控水务,C
00371,2024-04-17,DAILY_ACCUMULATION,0,0,0,1,0,66.66666666666666,0.9319472539586227,0.9036144578313253,6890000.0,0.8967535779090391,2620994.0,北控水务,C
00371,2024-04-18,DAILY_NEUTRAL,0,0,0,0,0,66.66666666666666,0.7379595027533361,0.9156626506024097,-2216940.0,-0.6517492822544021,2612994.0,北控水务,C
00371,2024-04-19,DAILY_PULLBACK,0,0,1,1,0,100.0,1.5365897362845837,0.891566265060241,7150000.0,1.0529195991261853,330190.0,北控水务,C
00371,2024-04-22,DAILY_PULLBACK,0,0,1,0,0,100.0,0.6746420753170279,0.890909090909091,-1128200.0,-0.44766459457046043,2372690.0,北控水务,C
00371,2024-04-23,DAILY_PULLBACK,0,0,1,0,0,66.66666666666666,0.9110384615429192,0.9030303030303031,2340000.0,0.181040608868716,1298960.0,北控水务,C
00371,2024-04-24,DAILY_NEUTRAL,0,0,0,0,0,100.0,0.44781340433039524,0.9506172839506173,7390000.0,1.1414711549971517,803793.0,北控水务,C
00371,2024-04-25,DAILY_ACCUMULATION,0,0,0,1,0,100.0,0.9471113958675935,0.9751552795031055,4120000.0,0.5160947014059533,73293.0,北控水务,C
00371,2024-04-26,DAILY_NEUTRAL,0,0,0,0,0,100.0,0.8666722474238899,0.9874213836477987,-2287240.0,-0.6452738650684104,1016681.0,北控水务,C
00371,2024-04-29,DAILY_DISTRIBUTION,0,1,0,0,0,100.0,1.7567800302772278,0.9811320754716981,3264640.0,0.38813604477770497,-1604405.0,北控水务,C
00371,2024-04-30,DAILY_NEUTRAL,0,0,0,0,0,100.0,0.957840754659294,0.9751552795031055,-1875960.0,-0.5585507055147738,-1006569.0,北控水务,C
00371,2024-05-02,DAILY_NEUTRAL,0,0,0,0,0,100.0,0.7110202589990701,0.9751552795031055,4850000.0,0.6843514255338832,-1752463.0,北控水务,C
00371,2024-05-03,DAILY_NEUTRAL,0,0,0,0,0,100.0,0.2551229172869166,0.9813664596273292,2570000.0,0.2509991148002347,-2033463.0,北控水务,C
00371,2024-05-06,DAILY_NEUTRAL,0,0,0,0,0,100.0,2.478637048381092,1.0745341614906831,21640000.0,3.7377858898033116,-1964963.0,北控水务,C
00371,2024-05-07,DAILY_NEUTRAL,0,0,0,0,0,100.0,1.0291743950720493,1.0171428571428571,-1310000.0,-0.4782694924446117,1672921.0,北控水务,C
00371,2024-05-08,DAILY_NEUTRAL,0,0,0,0,0,100.0,0.6514749324588613,0.9553072625698323,-1913440.0,-0.579132022967374,1303993.0,北控水务,C
00371,2024-05-09,DAILY_NEUTRAL,0,0,0,0,0,100.0,0.7557919202776269,0.9664804469273742,-1190000.0,-0.44776747854219207,1543669.0,北控水务,C
00371,2024-05-10,DAILY_NEUTRAL,0,0,0,0,0,100.0,1.686443707833486,1.0223463687150838,9930000.0,1.3906464723364018,623669.0,北控水务,C
00371,2024-05-13,DAILY_NEUTRAL,0,0,0,0,0,100.0,2.010608193607258,1.081081081081081,7603420.0,0.956947632870118,2118669.0,北控水务,C
00371,2024-05-14,DAILY_NEUTRAL,0,0,0,0,0,100.0,0.7666097488707885,0.9852941176470587,1690000.0,-0.05283103313819146,-1232318.0,北控水务,C
00371,2024-05-16,DAILY_NEUTRAL,0,0,0,0,0,100.0,1.7158207054678078,1.0048780487804878,15400000.0,2.276087551389626,-409318.0,北控水务,C
00371,2024-05-17,DAILY_NEUTRAL,0,0,0,0,0,100.0,1.0060060346450337,0.949074074074074,-15470000.0,-2.8560677360439315,2540870.0,北控水务,C
00371,2024-05-20,DAILY_NEUTRAL,0,0,0,0,0,100.0,0.8586260468285853,0.9444444444444444,390000.0,-0.22632798730358664,802870.0,北控水务,C
00371,2024-05-21,DAILY_NEUTRAL,0,0,0,0,0,100.0,0.7402283442262421,0.9444444444444444,9460000.0,1.1761773211133262,-1235477.0,北控水务,C
00371,2024-05-22,DAILY_NEUTRAL,0,0,0,0,0,100.0,0.8215162679309632,0.9583333333333331,4676040.0,0.4410142902628436,-979661.0,北控水务,C
00371,2024-05-23,DAILY_NEUTRAL,0,0,0,0,0,100.0,0.8484345462570787,0.9768518518518517,-2150000.0,-0.6386276159018325,-672665.0,北控水务,C
00371,2024-05-24,DAILY_PULLBACK,0,0,1,0,0,100.0,0.6174364523812641,0.9537037037037037,-3040000.0,-0.7574880756346005,-3958165.0,北控水务,C
00371,2024-05-27,DAILY_NEUTRAL,0,0,0,0,0,100.0,1.0781904648793117,1.0138888888888888,2820000.0,0.15455633794323498,-950665.0,北控水务,C
00371,2024-05-28,DAILY_NEUTRAL,0,0,0,0,0,100.0,1.000685548766395,0.9954954954954954,5816580.0,0.603082828189724,-399665.0,北控水务,C
00371,2024-05-29,DAILY_PULLBACK,0,0,1,0,0,100.0,0.9415983516007811,0.950892857142857,2770560.0,0.11013115312725345,-1533540.0,北控水务,C
00371,2024-05-30,DAILY_NEUTRAL,0,0,0,0,0,100.0,0.9292880716632745,0.9598214285714285,0.0,-0.3319076426841912,-1889932.0,北控水务,C
00371,2024-05-31,DAILY_PULLBACK,0,0,1,0,0,100.0,1.8031016830322735,0.9285714285714285,4360260.0,0.3363891503941864,-1553730.0,北控水务,C
00371,2024-06-03,DAILY_NEUTRAL,0,0,0,0,0,100.0,1.5985151192717728,1.0044642857142856,23300000.0,3.289960191350735,-49191.0,北控水务,C
00371,2024-06-04,DAILY_NEUTRAL,0,0,0,0,0,100.0,0.604844458467868,1.0043668122270741,52660.0,-0.37674291351713635,3010309.0,北控水务,C
00371,2024-06-05,DAILY_NEUTRAL,0,0,0,0,0,100.0,0.49321310808594576,0.9612068965517242,4920000.0,0.31269417096402213,2936892.0,北控水务,C
00371,2024-06-06,DAILY_NEUTRAL,0,0,0,0,0,100.0,0.5453021755760121,0.9741379310344828,14250000.0,1.6723540330720976,3055280.0,北控水务,C
00371,2024-06-07,DAILY_NEUTRAL,0,0,0,0,0,100.0,1.5998824092658803,1.021551724137931,7430000.0,0.6224383277877331,5097108.0,北控水务,C
00371,2024-06-11,DAILY_NEUTRAL,0,0,0,0,0,66.66666666666666,2.400894549335537,0.8902953586497889,-17300000.0,-2.9453218674035315,5280056.0,北控水务,C
00371,2024-06-12,DAILY_PULLBACK,0,0,1,0,0,100.0,0.901523047267897,0.9113924050632911,1960000.0,-0.1261268892401101,-1478444.0,北控水务,C
00371,2024-06-13,DAILY_PULLBACK,0,0,1,0,0,100.0,0.8129257492115343,0.9113924050632911,50000.0,-0.3764437738585385,-814805.0,北控水务,C
00371,2024-06-14,DAILY_PULLBACK,0,0,1,0,0,66.66666666666666,1.0311023136084205,0.9240506329113923,2800000.0,0.012240926478915466,-1706805.0,北控水务,C
00371,2024-06-17,DAILY_DECLINE,0,0,0,0,1,33.33333333333333,0.5606818394186048,0.8987341772151898,-5550000.0,-1.1401691785349926,-3366805.0,北控水务,C
00371,2024-06-18,DAILY_DECLINE,0,0,0,0,1,33.33333333333333,0.4009451247823873,0.8945147679324894,-818300.0,-0.4861305524402325,-6458805.0,北控水务,C
00371,2024-06-19,DAILY_DECLINE,0,0,0,0,1,33.33333333333333,0.5905259158568442,0.8945147679324894,-2592020.0,-0.7170234613838236,-3102050.0,北控水务,C
00371,2024-06-20,DAILY_DECLINE,0,0,0,0,1,33.33333333333333,0.6940040338329663,0.8987341772151898,-2040000.0,-0.6211212316804451,-3409853.0,北控水务,C
00371,2024-06-21,DAILY_DECLINE,0,0,0,0,1,0.0,1.1555196815335673,0.8860759493670886,-2310000.0,-0.6378514801257014,-3492051.0,北控水务,C
00371,2024-06-24,DAILY_NEUTRAL,0,0,0,0,0,0.0,1.0764901258510813,0.8734177215189872,4090000.0,0.23632793664965634,-4506051.0,北控水务,C
00371,2024-06-25,DAILY_DECLINE,0,0,0,0,1,0.0,0.7160585321849218,0.8860759493670886,-1630000.0,-0.5727677978154905,-2934551.0,北控水务,C
00371,2024-06-26,DAILY_DECLINE,0,0,0,0,1,0.0,0.9119516143237875,0.8776371308016877,-1640000.0,-0.5764143559560814,-2874391.0,北控水务,C
00371,2024-06-27,DAILY_DECLINE,0,0,0,0,1,0.0,0.9469579189590199,0.8523206751054851,-4390000.0,-1.0521260311195946,-2311158.0,北控水务,C
00371,2024-06-28,DAILY_DECLINE,0,0,0,0,1,0.0,1.5102014128865022,0.8734177215189872,1961700.0,-0.11950936689629603,-2423130.0,北控水务,C
00371,2024-07-02,DAILY_DECLINE,0,0,0,0,1,0.0,0.9267228392363723,0.8691983122362869,-1680000.0,-0.6540335368947895,-1666875.0,北控水务,C
00371,2024-07-03,DAILY_DECLINE,0,0,0,0,1,0.0,0.4249633216562365,0.8902953586497889,1610000.0,-0.14923695831515893,-2518862.0,北控水务,C
00371,2024-07-04,DAILY_DECLINE,0,0,0,0,1,0.0,0.5167090550541551,0.8776371308016877,1390000.0,-0.162280875953565,-786362.0,北控水务,C
00371,2024-07-05,DAILY_NEUTRAL,0,0,0,0,0,33.33333333333333,0.22872558858092262,0.8691983122362869,-97200.0,-0.3894860594467915,-247229.0,北控水务,C
00371,2024-07-08,DAILY_NEUTRAL,0,0,0,0,0,33.33333333333333,0.47140438922864125,0.8734177215189872,-1830000.0,-0.6272613207183542,862191.0,北控水务,C
00371,2024-07-09,DAILY_NEUTRAL,0,0,0,0,0,33.33333333333333,1.517706834710131,0.8860759493670886,1550000.0,-0.11029806581566945,907851.0,北控水务,C
00371,2024-07-10,DAILY_DECLINE,0,0,0,0,1,0.0,3.187370065162022,0.7974683544303797,-10571540.0,-1.9081491990134183,1847851.0,北控水务,C
00371,2024-07-11,DAILY_DECLINE,0,0,0,0,1,0.0,1.8838915884360319,0.8237885462555067,-887840.0,-0.4070751143202095,-924880.0,北控水务,C
00371,2024-07-12,DAILY_DECLINE,0,0,0,0,1,0.0,1.6938831463753623,0.8237885462555067,-4376180.0,-0.9270024107565658,-1238056.0,北控水务,C
00371,2024-07-15,DAILY_NEUTRAL,0,0,0,0,0,0.0,0.9152199701829092,0.8458149779735682,2040240.0,0.041643290852207734,-1872543.0,北控水务,C
00371,2024-07-16,DAILY_DECLINE,0,0,0,0,1,0.0,0.6846138884706361,0.8133333333333334,-481800.0,-0.32074703506031754,-1060507.0,北控水务,C
00371,2024-07-17,DAILY_DECLINE,0,0,0,0,1,0.0,0.4095237827752677,0.8348623853211009,937400.0,-0.09486424047035028,-1720277.0,北控水务,C
00371,2024-07-18,DAILY_DECLINE,0,0,0,0,1,0.0,0.6658484020550662,0.8623853211009174,1520000.0,-0.016803127342394156,493726.0,北控水务,C
00371,2024-07-19,DAILY_DECLINE,0,0,0,0,1,0.0,0.8173649986962548,0.8532110091743119,-1670000.0,-0.4769883880179617,769693.0,北控水务,C
00371,2024-07-22,DAILY_DECLINE,0,0,0,0,1,0.0,1.3351088267184015,0.8990825688073394,-1660000.0,-0.4738786464470214,1292429.0,北控水务,C
00371,2024-07-23,DAILY_NEUTRAL,0,0,0,0,0,66.66666666666666,1.3981299504015003,0.9441860465116279,-1210000.0,-0.39646235746152464,519881.0,北控水务,C
00371,2024-07-24,DAILY_NEUTRAL,0,0,0,0,0,66.66666666666666,2.029181762701789,1.0,8400000.0,1.0552685815026193,639241.0,北控水务,C
00371,2024-07-25,DAILY_DISTRIBUTION,0,1,0,0,0,66.66666666666666,1.4237371525357607,0.986111111111111,-980000.0,-0.3508554391822574,1630261.0,北控水务,C
00371,2024-07-26,DAILY_NEUTRAL,0,0,0,0,0,66.66666666666666,0.5295861840886731,0.9723502304147466,3595600.0,0.3231430659971454,1097261.0,北控水务,C
00371,2024-07-29,DAILY_NEUTRAL,0,0,0,0,0,66.66666666666666,0.6256521030602152,0.944954128440367,-5440000.0,-1.0157859276087464,1751101.0,北控水务,C
00371,2024-07-30,DAILY_PULLBACK,0,0,1,1,0,100.0,1.0523979879214922,0.9311926605504586,4685400.0,0.4891649479016657,1365186.0,北控水务,C
00371,2024-07-31,DAILY_PULLBACK,0,0,1,0,0,100.0,0.7633799109187178,0.9541284403669724,521120.0,-0.12303951681286915,2225996.0,北控水务,C
00371,2024-08-01,DAILY_PULLBACK,0,0,1,1,0,100.0,0.729804164555055,0.9311926605504586,5715260.0,0.6463212086881561,704664.0,北控水务,C
00371,2024-08-02,DAILY_PULLBACK,0,0,1,0,0,66.66666666666666,0.9115234232864946,0.9266055045871558,1810020.0,0.11978193075724822,1827453.0,北控水务,C
00371,2024-08-05,DAILY_DECLINE,0,0,0,0,1,33.33333333333333,1.9375648892135686,0.8807339449541284,-629500.0,-0.27727199520728674,1374976.0,北控水务,C
00371,2024-08-06,DAILY_PULLBACK,0,0,1,0,0,66.66666666666666,0.8768826591714792,0.9128440366972477,-1390000.0,-0.40245190129128333,2277051.0,北控水务,C
00371,2024-08-07,DAILY_PULLBACK,0,0,1,0,0,66.66666666666666,0.6368416853884605,0.9541284403669724,-904840.0,-0.32440726381961427,1208971.0,北控水务,C
00371,2024-08-08,DAILY_PULLBACK,0,0,1,0,0,66.66666666666666,0.39630892545813423,0.922018348623853,0.0,-0.15369961096373125,440444.0,北控水务,C
00371,2024-08-09,DAILY_PULLBACK,0,0,1,0,0,66.66666666666666,0.7190893634194955,0.940366972477064,280920.0,-0.08843806286955652,-747000.0,北控水务,C
00371,2024-08-12,DAILY_NEUTRAL,0,0,0,0,0,100.0,1.0242852080877864,0.9541284403669724,-8310000.0,-1.4926671580342215,-1285675.0,北控水务,C
00371,2024-08-13,DAILY_NEUTRAL,0,0,0,0,0,100.0,1.2793723011744278,0.981651376146789,5830000.0,0.9193900357074398,-2304263.0,北控水务,C
00371,2024-08-14,DAILY_PULLBACK,0,0,1,0,0,100.0,0.8382344093605543,0.9495412844036696,-733280.0,-0.26782380549650364,-1175853.0,北控水务,C
00371,2024-08-15,DAILY_NEUTRAL,0,0,0,0,0,100.0,1.089544122694108,0.9724770642201834,-1140000.0,-0.337366109282005,-1058007.0,北控水务,C
00371,2024-08-16,DAILY_NEUTRAL,0,0,0,0,0,66.66666666666666,0.556812922014451,0.9678899082568806,200880.0,-0.06613921890074387,-1153007.0,北控水务,C
00371,2024-08-19,DAILY_NEUTRAL,0,0,0,0,0,100.0,0.49107789041982347,0.9724770642201834,0.0,-0.08974002733217819,-1262559.0,北控水务,C
00371,2024-08-20,DAILY_NEUTRAL,0,0,0,0,0,100.0,1.518274364446047,0.9862385321100916,-5390000.0,-1.0918348401438642,316441.0,北控水务,C
00371,2024-08-21,DAILY_NEUTRAL,0,0,0,0,0,100.0,1.1550945046698415,1.0091743119266054,-1070000.0,-0.28506275869412606,-1718559.0,北控水务,C
00371,2024-08-22,DAILY_NEUTRAL,0,0,0,0,0,100.0,0.8330147276400989,0.9819004524886877,750000.0,0.06083333187919313,-1312403.0,北控水务,C
00371,2024-08-23,DAILY_PULLBACK,0,0,1,0,0,100.0,1.1717058383268204,0.9411764705882354,0.0,-0.06192510368595557,-1020903.0,北控水务,C
00371,2024-08-26,DAILY_NEUTRAL,0,0,0,0,0,66.66666666666666,2.319284779161124,0.9049773755656109,2660000.0,0.44008602693807,-881299.0,北控水务,C
00371,2024-08-27,DAILY_NEUTRAL,0,0,0,0,0,33.33333333333333,1.7027511921632772,0.927601809954751,3770000.0,0.6368085218416283,-754299.0,北控水务,C
00371,2024-08-28,DAILY_DECLINE,0,0,0,0,1,33.33333333333333,1.3811607167667832,0.8597285067873303,-2210000.0,-0.46978193214183317,1123471.0,北控水务,C
00371,2024-08-29,DAILY_ACCUMULATION,0,0,0,1,0,33.33333333333333,1.6764277034565331,0.8914027149321267,6550000.0,1.4860461815328696,1032027.0,北控水务,C
00371,2024-08-30,DAILY_ACCUMULATION,0,0,0,1,0,33.33333333333333,1.5625070629235105,0.8823529411764706,3400000.0,0.7446242934684737,2150290.0,北控水务,C
00371,2024-09-02,DAILY_NEUTRAL,0,0,0,0,0,0.0,0.6101278323737923,0.8461538461538463,1455760.0,0.325341182068945,2750791.0,北控水务,C
00371,2024-09-03,DAILY_NEUTRAL,0,0,0,0,0,0.0,0.48028160668919273,0.8506787330316742,620000.0,0.20621145279715866,2405680.0,北控水务,C
00371,2024-09-04,DAILY_DECLINE,0,0,0,0,1,0.0,0.8638602316707038,0.8597285067873303,-2646020.0,-0.573016458098504,1675180.0,北控水务,C
00371,2024-09-05,DAILY_DECLINE,0,0,0,0,1,0.0,0.5009173549125343,0.8642533936651583,-2190000.0,-0.6221047358272734,1675035.0,北控水务,C
00371,2024-09-09,DAILY_ACCUMULATION,0,0,0,1,0,0.0,1.1054379119269444,0.8733031674208145,5610000.0,1.7227693901224068,36535.0,北控水务,C
00371,2024-09-10,DAILY_DECLINE,0,0,0,0,1,0.0,1.104193014197486,0.8506787330316742,-2144980.0,-0.6010919605719977,212081.0,北控水务,C
00371,2024-09-11,DAILY_NEUTRAL,0,0,0,0,0,0.0,1.3103317712191196,0.823529411764706,3440000.0,1.0508192731746666,-816318.0,北控水务,C
00371,2024-09-12,DAILY_NEUTRAL,0,0,0,0,0,0.0,0.8977169471239952,0.828054298642534,3250000.0,0.9638459205274205,-132818.0,北控水务,C
00371,2024-09-13,DAILY_NEUTRAL,0,0,0,0,0,0.0,0.44968244869462587,0.8552036199095022,2730000.0,0.7845003664110033,847222.0,北控水务,C
00371,2024-09-16,DAILY_NEUTRAL,0,0,0,0,0,0.0,0.19622011911597947,0.8552036199095022,469300.0,0.09508695126767909,1637722.0,北控水务,C
00371,2024-09-17,DAILY_NEUTRAL,0,0,0,0,0,0.0,0.3619110852362663,0.8506787330316742,550400.0,0.10698986447601579,596161.0,北控水务,C
00371,2024-09-19,DAILY_ACCUMULATION,0,0,0,1,0,0.0,1.2256763213104194,0.8461538461538463,4030000.0,1.1230432592238107,1107717.0,北控水务,C
00371,2024-09-20,DAILY_NEUTRAL,0,0,0,0,0,33.33333333333333,2.955365242537302,0.8642533936651583,-2630000.0,-0.8477445608886666,754717.0,北控水务,C
00371,2024-09-23,DAILY_NEUTRAL,0,0,0,0,0,66.66666666666666,2.778340684539643,0.9090909090909091,9230000.0,2.658654205579531,-343283.0,北控水务,C
00371,2024-09-24,DAILY_ACCUMULATION,0,0,0,1,0,66.66666666666666,1.2611233410749014,0.9769585253456222,1171280.0,0.21623560304374562,532717.0,北控水务,C
00371,2024-09-25,DAILY_NEUTRAL,0,0,0,0,0,100.0,0.6466693815275045,1.0093896713615023,-213740.0,-0.20022512927726413,614549.0,北控水务,C
00371,2024-09-26,DAILY_NEUTRAL,0,0,0,0,0,100.0,0.8766011909150323,0.9909502262443439,140680.0,-0.0893412022151482,605408.0,北控水务,C
00371,2024-09-27,DAILY_NEUTRAL,0,0,0,0,0,100.0,2.09356165038028,1.0,-22890000.0,-6.669437876227801,9010.0,北控水务,C
00371,2024-09-30,DAILY_PULLBACK,0,0,1,0,0,100.0,2.0496247115331925,0.9642857142857143,-2610000.0,-0.5814300923321373,-3008990.0,北控水务,C
00371,2024-10-02,DAILY_NEUTRAL,0,0,0,0,0,100.0,1.1816222592505714,1.0476190476190477,-8690000.0,-1.8788414953450085,-4918990.0,北控水务,C
00371,2024-10-03,DAILY_NEUTRAL,0,0,0,0,0,100.0,0.4306598183948926,0.9752066115702479,-1410000.0,-0.26798323613357644,-6286746.0,北控水务,C
00371,2024-10-04,DAILY_NEUTRAL,0,0,0,0,0,100.0,0.42635189967995496,1.0,2660000.0,0.5849867352660586,-6382710.0,北控水务,C
00371,2024-10-07,DAILY_NEUTRAL,0,0,0,0,0,100.0,0.8134986086255283,1.0368852459016393,2154140.0,0.47401579343118555,-5980846.0,北控水务,C
00371,2024-10-08,DAILY_PULLBACK,0,0,1,0,0,100.0,1.276463331495733,0.8700787401574803,-16580000.0,-3.6450582324604386,-1212026.0,北控水务,C
00371,2024-10-09,DAILY_NEUTRAL,0,0,0,0,0,66.66666666666666,0.9352722323557467,0.8149606299212597,-2326200.0,-0.428857201843809,-3286526.0,北控水务,C
00371,2024-10-10,DAILY_PULLBACK,0,0,1,0,0,100.0,1.3458074621811928,0.8503937007874016,480000.0,0.11971339484002075,-1616956.0,北控水务,C
00371,2024-10-14,DAILY_PULLBACK,0,0,1,0,0,66.66666666666666,0.9818040000109162,0.8700787401574803,1900000.0,0.4074454507714817,-1370205.0,北控水务,C
00371,2024-10-15,DAILY_DECLINE,0,0,0,0,1,33.33333333333333,0.6550619058089677,0.8346456692913387,-8034560.0,-1.5739654702135366,-1445205.0,北控水务,C
00371,2024-10-16,DAILY_DECLINE,0,0,0,0,1,33.33333333333333,0.44843531174747775,0.8307086614173228,-2370000.0,-0.41108495896756747,-2918717.0,北控水务,C
00371,2024-10-17,DAILY_ACCUMULATION,0,0,0,1,0,33.33333333333333,0.8478494308876477,0.8267716535433071,5700000.0,1.1724365335146552,178283.0,北控水务,C
00371,2024-10-18,DAILY_PULLBACK,0,0,1,0,0,66.66666666666666,1.033452456139095,0.8622047244094487,766160.0,0.18619732424878058,1521988.0,北控水务,C
00371,2024-10-21,DAILY_DECLINE,0,0,0,0,1,0.0,0.5952572774244546,0.8464566929133858,-3810000.0,-0.703144232440014,1568432.0,北控水务,C
00371,2024-10-22,DAILY_DECLINE,0,0,0,0,1,0.0,0.367716739032395,0.8622047244094487,-1080000.0,-0.16820423331339907,818432.0,北控水务,C
00371,2024-10-23,DAILY_NEUTRAL,0,0,0,0,0,33.33333333333333,0.41345835555326443,0.8622047244094487,0.0,0.07107994748624413,2131844.0,北控水务,C
00371,2024-10-24,DAILY_NEUTRAL,0,0,0,0,0,33.33333333333333,0.22871729230316268,0.8582677165354331,1130000.0,0.2900175317227697,3067344.0,北控水务,C
00371,2024-10-25,DAILY_NEUTRAL,0,0,0,0,0,33.33333333333333,1.2889781340122868,0.8346456692913387,-2230000.0,-0.36404107627879473,2155408.0,北控水务,C
00371,2024-10-28,DAILY_NEUTRAL,0,0,0,0,0,33.33333333333333,1.0335893628487076,0.8543307086614172,198440.0,0.10569226521623928,1656989.0,北控水务,C
00371,2024-10-29,DAILY_NEUTRAL,0,0,0,0,0,33.33333333333333,1.0427418567924205,0.8267716535433071,-1280000.0,-0.17502516048111158,2455789.0,北控水务,C
00371,2024-10-30,DAILY_NEUTRAL,0,0,0,0,0,0.0,1.3309906261502265,0.8228346456692913,-40000.0,0.07978987732780074,1335289.0,北控水务,C
00371,2024-10-31,DAILY_NEUTRAL,0,0,0,0,0,0.0,0.6363508133048908,0.8110236220472441,549880.0,0.2202871350069876,1198789.0,北控水务,C
00371,2024-11-01,DAILY_NEUTRAL,0,0,0,0,0,0.0,0.4630506568095185,0.8149606299212597,0.0,0.11292927099264628,620771.0,北控水务,C
00371,2024-11-04,DAILY_ACCUMULATION,0,0,0,1,0,0.0,1.334134634438727,0.8070866141732282,4340000.0,0.9944322715130642,996271.0,北控水务,C
00371,2024-11-05,DAILY_ACCUMULATION,0,0,0,1,0,0.0,1.2117093381365682,0.8070866141732282,1610000.0,0.4158553852286404,1740583.0,北控水务,C
00371,2024-11-06,DAILY_ACCUMULATION,0,0,0,1,0,0.0,1.3582439927118615,0.8152610441767066,3520000.0,0.7921516176279937,2345790.0,北控水务,C
00371,2024-11-07,DAILY_ACCUMULATION,0,0,0,1,0,0.0,1.6733798509560585,0.8869565217391305,8460000.0,1.7677402016128754,2052790.0,北控水务,C
00371,2024-11-08,DAILY_ACCUMULATION,0,0,0,1,0,0.0,0.8865468204043004,0.8826086956521739,3015160.0,0.6314312531850456,3095504.0,北控水务,C
00371,2024-11-11,DAILY_DECLINE,0,0,0,0,1,0.0,1.4445465314115096,0.9039301310043667,-1400000.0,-0.27461721558839697,3571778.0,北控水务,C
00371,2024-11-12,DAILY_DECLINE,0,0,0,0,1,0.0,0.9832428335730973,0.8883928571428571,-592760.0,-0.09062476356179973,2588778.0,北控水务,C
00371,2024-11-13,DAILY_NEUTRAL,0,0,0,0,0,0.0,0.7458590282082076,0.8834080717488789,346520.0,0.09835627319977858,1776136.0,北控水务,C
00371,2024-11-14,DAILY_DECLINE,0,0,0,0,1,0.0,1.0299849005312725,0.8565022421524663,-1790000.0,-0.3376818142865342,1005614.0,北控水务,C
00371,2024-11-15,DAILY_NEUTRAL,0,0,0,0,0,0.0,1.0819817853218294,0.8609865470852017,9200000.0,1.8846542616068571,-669886.0,北控水务,C
00371,2024-11-18,DAILY_ACCUMULATION,0,0,0,1,0,0.0,1.335971786861795,0.8789237668161435,9160000.0,1.7933494113678012,145390.0,北控水务,C
00371,2024-11-19,DAILY_ACCUMULATION,0,0,0,1,0,0.0,1.314537435319532,0.8699551569506726,6970000.0,1.295521001827886,1608890.0,北控水务,C
00371,2024-11-20,DAILY_ACCUMULATION,0,0,0,1,0,0.0,0.725781229808674,0.8834080717488789,2740000.0,0.4487172036464336,2718942.0,北控水务,C
00371,2024-11-21,DAILY_ACCUMULATION,0,0,0,1,0,0.0,0.9897193927402907,0.8909090909090909,6420000.0,1.14032758939008,3060638.0,北控水务,C
00371,2024-11-22,DAILY_DECLINE,0,0,0,0,1,0.0,0.9580709438386765,0.867579908675799,-4340000.0,-0.9129881119557893,4438138.0,北控水务,C
00371,2024-11-25,DAILY_DECLINE,0,0,0,0,1,0.0,3.799950378831881,0.863013698630137,-2120320.0,-0.4715683161666286,1835638.0,北控水务,C
00371,2024-11-26,DAILY_NEUTRAL,0,0,0,0,0,0.0,0.7083353876375967,0.8715596330275228,2460000.0,0.403142707464661,-304488.0,北控水务,C
00371,2024-11-27,DAILY_NEUTRAL,0,0,0,0,0,0.0,0.5381142389795843,0.9014084507042254,2216280.0,0.3431794053910519,-1393488.0,北控水务,C
00371,2024-11-28,DAILY_DECLINE,0,0,0,0,1,0.0,0.5885615606290653,0.8857142857142857,-2066200.0,-0.4498642116311039,-1611046.0,北控水务,C
00371,2024-11-29,DAILY_NEUTRAL,0,0,0,0,0,0.0,1.0779369513345132,0.8904761904761905,3170000.0,0.558916478828912,-3177482.0,北控水务,C
00371,2024-12-02,DAILY_NEUTRAL,0,0,0,0,0,0.0,0.4435189526257233,0.923076923076923,1404800.0,0.21857187688145047,-1833982.0,北控水务,C
00371,2024-12-03,DAILY_NEUTRAL,0,0,0,0,0,33.33333333333333,1.2211441843967126,0.9519230769230769,-500000.0,-0.14397768040342562,-982198.0,北控水务,C
00371,2024-12-04,DAILY_NEUTRAL,0,0,0,0,0,66.66666666666666,0.6853455889887614,0.9423076923076923,852680.0,0.10516655454444747,-1468698.0,北控水务,C
00371,2024-12-05,DAILY_NEUTRAL,0,0,0,0,0,66.66666666666666,0.789657558333184,0.9423076923076923,3442380.0,0.5872623881923031,-1608052.0,北控水务,C
00371,2024-12-06,DAILY_NEUTRAL,0,0,0,0,0,66.66666666666666,1.0504190506777706,0.9423076923076923,2540000.0,0.42521479611491214,-255455.0,北控水务,C
00371,2024-12-09,DAILY_NEUTRAL,0,0,0,0,0,66.66666666666666,1.5291791132775525,0.9806763285024155,2910000.0,0.48114512926277014,-357697.0,北控水务,C
00371,2024-12-10,DAILY_NEUTRAL,0,0,0,0,0,100.0,1.0650845636028103,0.9758454106280194,-3600160.0,-0.7609701941395353,-272157.0,北控水务,C
00371,2024-12-11,DAILY_NEUTRAL,0,0,0,0,0,100.0,0.9044623518357706,0.9760765550239235,719200.0,0.0861985086206057,-741819.0,北控水务,C
00371,2024-12-12,DAILY_NEUTRAL,0,0,0,0,0,100.0,0.6415152016363443,0.9808612440191388,-1007600.0,-0.23717870440220723,-787149.0,北控水务,C
00371,2024-12-13,DAILY_NEUTRAL,0,0,0,0,0,100.0,1.1461706478204792,1.0,1220000.0,0.19306399936623367,-1716265.0,北控水务,C
00371,2024-12-16,DAILY_NEUTRAL,0,0,0,0,0,100.0,1.7055444834463436,1.0333333333333332,-1230000.0,-0.276900697165136,-1581265.0,北控水务,C
00371,2024-12-17,DAILY_NEUTRAL,0,0,0,0,0,100.0,0.963408049448046,0.959090909090909,4041200.0,0.7492571989599728,-1889765.0,北控水务,C
00371,2024-12-18,DAILY_NEUTRAL,0,0,0,0,0,100.0,0.62534977045291,0.9636363636363636,-1560000.0,-0.34503532919281443,-215053.0,北控水务,C
00371,2024-12-19,DAILY_PULLBACK,0,0,1,0,0,100.0,1.046124032371073,0.9499999999999998,-778800.0,-0.16532912287681464,-455893.0,北控水务,C
00371,2024-12-20,DAILY_PULLBACK,0,0,1,0,0,100.0,1.368322603054915,0.9636363636363636,4050000.0,0.7884959949380375,-50193.0,北控水务,C
00371,2024-12-23,DAILY_NEUTRAL,0,0,0,0,0,100.0,0.7220367421189264,0.9863636363636362,20000.0,-0.016107930732695112,96307.0,北控水务,C
00371,2024-12-24,DAILY_NEUTRAL,0,0,0,0,0,100.0,1.0294042655826394,1.0363636363636362,5554980.0,1.0647739403680085,239291.0,北控水务,C
00371,2024-12-27,DAILY_NEUTRAL,0,0,0,0,0,100.0,1.039264675505521,1.0043668122270741,937600.0,0.08663165091073374,387298.0,北控水务,C
00371,2024-12-30,DAILY_NEUTRAL,0,0,0,0,0,100.0,0.4614662253711264,0.9741379310344828,-601900.0,-0.2963397241611781,950752.0,北控水务,C
00371,2024-12-31,DAILY_PULLBACK,0,0,1,0,0,100.0,0.19318892952788302,0.9698275862068966,586960.0,-0.045503563147697594,912917.0,北控水务,C
00371,2025-01-02,DAILY_PULLBACK,0,0,1,0,0,100.0,0.5761613770864482,0.935344827586207,489060.0,-0.07858231912303393,349461.0,北控水务,C
00371,2025-01-03,DAILY_PULLBACK,0,0,1,1,0,100.0,1.4681184623432233,0.9181034482758621,4650000.0,0.9778353857438545,489060.0,北控水务,C
00371,2025-01-06,DAILY_PULLBACK,0,0,1,0,0,66.66666666666666,0.6045573364652561,0.9224137931034484,-267100.0,-0.26856563839924025,50564.0,北控水务,C
00371,2025-01-07,DAILY_NEUTRAL,0,0,0,0,0,33.33333333333333,1.4956566992944842,0.9051724137931035,3632320.0,0.7761345446098274,-134387.0,北控水务,C
00371,2025-01-08,DAILY_NEUTRAL,0,0,0,0,0,33.33333333333333,2.1682302822287354,0.8965517241379312,4224320.0,0.9300417163314203,702960.0,北控水务,C
00371,2025-01-09,DAILY_ACCUMULATION,0,0,0,1,0,33.33333333333333,1.5581920263369895,0.9094827586206896,5950000.0,1.4282836708247473,1346216.0,北控水务,C
00371,2025-01-10,DAILY_DECLINE,0,0,0,0,1,33.33333333333333,0.5434288144637243,0.8922413793103449,54260.0,-0.37413920609156537,2286404.0,北控水务,C
00371,2025-01-13,DAILY_NEUTRAL,0,0,0,0,0,0.0,0.6297129515156475,0.8922413793103449,2410000.0,0.30943564493816317,1184535.0,北控水务,C
00371,2025-01-14,DAILY_DECLINE,0,0,0,0,1,0.0,1.8988766493256306,0.8793103448275863,-960660.0,-0.8046212388987908,1635415.0,北控水务,C
00371,2025-01-15,DAILY_DECLINE,0,0,0,0,1,0.0,0.9780479700015443,0.8965517241379312,1080000.0,-0.10866228420219742,714472.0,北控水务,C
00371,2025-01-16,DAILY_ACCUMULATION,0,0,0,1,0,0.0,0.7581207793750467,0.9051724137931035,4460000.0,0.9969038168544898,92608.0,北控水务,C
00371,2025-01-17,DAILY_NEUTRAL,0,0,0,0,0,0.0,1.6978394462924131,0.9094827586206896,6410000.0,1.6191102475024222,-489892.0,北控水务,C
00371,2025-01-20,DAILY_NEUTRAL,0,0,0,0,0,0.0,2.4594999957006864,0.8620689655172414,5125680.0,1.1325515197588212,662816.0,北控水务,C
00371,2025-01-21,DAILY_DECLINE,0,0,0,0,1,0.0,0.9907900648066993,0.8663793103448275,-3770000.0,-1.8049679107332912,871668.0,北控水务,C
00371,2025-01-22,DAILY_ACCUMULATION,0,0,0,1,0,0.0,1.2144170134381782,0.8577586206896552,7910000.0,1.977967164487514,459360.0,北控水务,C
00371,2025-01-23,DAILY_NEUTRAL,0,0,0,0,0,0.0,0.6185149285282453,0.8448275862068966,5990160.0,1.290636117917873,1632360.0,北控水务,C
00371,2025-01-24,DAILY_DECLINE,0,0,0,0,1,0.0,1.0394343885575057,0.8232758620689655,-2539580.0,-1.3843718455174945,1639884.0,北控水务,C
00371,2025-01-27,DAILY_DECLINE,0,0,0,0,1,0.0,0.4111422476713121,0.831896551724138,772800.0,-0.3535299637587437,254696.0,北控水务,C
00371,2025-01-28,DAILY_DECLINE,0,0,0,0,1,0.0,0.23875790971630553,0.8260869565217391,-296720.0,-0.6863829467048843,-607640.0,北控水务,C
00371,2025-02-03,DAILY_NEUTRAL,0,0,0,0,0,0.0,0.6382592389880491,0.8201754385964913,4228960.0,0.7040825441908782,71757.0,北控水务,C
00371,2025-02-04,DAILY_DECLINE,0,0,0,0,1,0.0,0.9098181914635953,0.8348214285714285,1587380.0,-0.12545472799691168,-846551.0,北控水务,C
00371,2025-02-05,DAILY_DECLINE,0,0,0,0,1,0.0,1.6020311487613665,0.8894009216589862,-762960.0,-0.8333091523142806,-1782023.0,北控水务,C
00371,2025-02-06,DAILY_DECLINE,0,0,0,0,1,0.0,0.8564717129407009,0.8894009216589862,-3438740.0,-1.6331399917842089,-1156051.0,北控水务,C
00371,2025-02-07,DAILY_DECLINE,0,0,0,0,1,0.0,2.1390906942566694,0.8709677419354839,780000.0,-0.30421991755934286,-1839777.0,北控水务,C
00371,2025-02-10,DAILY_NEUTRAL,0,0,0,0,0,0.0,1.5972772569080265,0.8709677419354839,13660000.0,3.7161814021781043,-1481817.0,北控水务,C
00371,2025-02-11,DAILY_DECLINE,0,0,0,0,1,0.0,1.564349772349819,0.8387096774193549,-18320000.0,-5.63941391121221,-67393.0,北控水务,C
00371,2025-02-12,DAILY_NEUTRAL,0,0,0,0,0,0.0,0.9814108627702357,0.8525345622119817,16055220.0,3.288380097328668,-2835369.0,北控水务,C
00371,2025-02-13,DAILY_NEUTRAL,0,0,0,0,0,0.0,1.3363441886536749,0.8433179723502304,14090000.0,2.5639412348954917,-271781.0,北控水务,C
00371,2025-02-14,DAILY_ACCUMULATION,0,0,0,1,0,0.0,1.0055235120497958,0.8663594470046083,13310000.0,2.235700396227783,2649967.0,北控水务,C
00371,2025-02-17,DAILY_ACCUMULATION,0,0,0,1,0,33.33333333333333,1.405599973707755,0.9078341013824885,11120000.0,1.6900916207833,4442434.0,北控水务,C
00371,2025-02-18,DAILY_ACCUMULATION,0,0,0,1,0,66.66666666666666,1.3658799057802697,0.9493087557603688,10360000.0,1.523701052183239,3432434.0,北控水务,C
00371,2025-02-19,DAILY_NEUTRAL,0,0,0,0,0,66.66666666666666,0.7234955295073161,0.9308755760368664,1570540.0,-0.1521070653621194,8873434.0,北控水务,C
00371,2025-02-20,DAILY_NEUTRAL,0,0,0,0,0,66.66666666666666,0.6722782409140385,0.9668246445497631,5993420.0,0.7066625285730239,6218471.0,北控水务,C
00371,2025-02-21,DAILY_PULLBACK,0,0,1,0,0,100.0,0.8178895650627795,0.9569377990430623,711380.0,-0.30868196231654216,4555768.0,北控水务,C
00371,2025-02-24,DAILY_PULLBACK,0,0,1,0,0,100.0,0.6118063698382302,0.9473684210526316,11080000.0,1.6841148037104396,1811975.0,北控水务,C
00371,2025-02-25,DAILY_PULLBACK,0,0,1,1,0,100.0,0.8763752940766463,0.9569377990430623,12970000.0,1.976686423490215,1645475.0,北控水务,C
00371,2025-02-26,DAILY_NEUTRAL,0,0,0,0,0,100.0,2.022753699342733,0.9617224880382774,23162420.0,3.758796148579974,1818483.0,北控水务,C
00371,2025-02-27,DAILY_ACCUMULATION,0,0,0,1,0,100.0,0.8233066505389434,0.9569377990430623,5945040.0,0.4719430895545426,4851759.0,北控水务,C
00371,2025-02-28,DAILY_PULLBACK,0,0,1,1,0,66.66666666666666,1.0305107121084351,0.9617224880382774,4498820.0,0.2216526000418019,4583471.0,北控水务,C
00371,2025-03-03,DAILY_PULLBACK,0,0,1,0,0,66.66666666666666,1.1417008661400774,0.9425837320574163,-6440000.0,-1.6157900834474193,5101182.0,北控水务,C
00371,2025-03-04,DAILY_PULLBACK,0,0,1,0,0,66.66666666666666,0.4487793169652918,0.9473684210526316,170000.0,-0.47869741197146587,2130630.0,北控水务,C
00371,2025-03-05,DAILY_PULLBACK,0,0,1,0,0,66.66666666666666,0.8172077799276959,0.9617224880382774,7876080.0,0.7791791085176505,-358501.0,北控水务,C
00371,2025-03-06,DAILY_PULLBACK,0,0,1,0,0,66.66666666666666,1.0159032729840618,0.9569377990430623,-870000.0,-0.665351336785176,-3847721.0,北控水务,C
00371,2025-03-07,DAILY_PULLBACK,0,0,1,0,0,66.66666666666666,0.5615791438640204,0.9473684210526316,-1151560.0,-0.7046666469704309,-5339166.0,北控水务,C
00371,2025-03-10,DAILY_PULLBACK,0,0,1,0,0,66.66666666666666,0.7533996458469363,0.9569377990430623,3550000.0,0.06907062438439511,-6372664.0,北控水务,C
00371,2025-03-11,DAILY_NEUTRAL,0,0,0,0,0,100.0,1.0700631716769575,0.9712918660287081,652860.0,-0.40105543972118435,-3869164.0,北控水务,C
00371,2025-03-12,DAILY_NEUTRAL,0,0,0,0,0,100.0,0.9761905560476691,0.9712918660287081,5160000.0,0.3317357693710309,-4721235.0,北控水务,C
00371,2025-03-13,DAILY_NEUTRAL,0,0,0,0,0,100.0,2.245426258384521,1.0095693779904307,17620000.0,2.337454832825767,-4719690.0,北控水务,C
00371,2025-03-14,DAILY_NEUTRAL,0,0,0,0,0,100.0,3.0177955087097184,1.009478672985782,50600000.0,7.340372026239409,-1198190.0,北控水务,C
00371,2025-03-17,DAILY_NEUTRAL,0,0,0,0,0,100.0,1.4333988254112566,1.0046082949308757,18010000.0,1.5465040211290504,7287622.0,北控水务,C
00371,2025-03-18,DAILY_ACCUMULATION,0,0,0,1,0,100.0,1.010782969418649,0.9909502262443439,22650000.0,2.004488087439904,9835122.0,北控水务,C
00371,2025-03-19,DAILY_DISTRIBUTION,0,1,0,0,0,100.0,1.8431868619993563,0.9954751131221721,40860000.0,3.877782796194693,13620050.0,北控水务,C
00371,2025-03-20,DAILY_DISTRIBUTION,0,1,0,0,0,100.0,1.3036161582112418,1.0,24990000.0,1.8709944323434977,18795577.0,北控水务,C
00371,2025-03-21,DAILY_NEUTRAL,0,0,0,0,0,66.66666666666666,1.435346971949204,0.8973214285714284,1520000.0,-0.4354261569335873,19319748.0,北控水务,C
00371,2025-03-24,DAILY_NEUTRAL,0,0,0,0,0,66.66666666666666,0.48718655600811717,0.9017857142857142,3510000.0,-0.2513051155474804,9463317.0,北控水务,C
00371,2025-03-25,DAILY_DECLINE,0,0,0,0,1,33.33333333333333,0.3059153552252688,0.8839285714285713,540000.0,-0.5318736731151419,6941817.0,北控水务,C
00371,2025-03-26,DAILY_NEUTRAL,0,0,0,0,0,33.33333333333333,0.6024844703215927,0.8973214285714284,7190000.0,0.09757916793313977,3141317.0,北控水务,C
00371,2025-03-27,DAILY_PULLBACK,0,0,1,0,0,66.66666666666666,0.5075182858741794,0.9241071428571427,-727160.0,-0.6556406410804628,-2794062.0,北控水务,C
00371,2025-03-28,DAILY_NEUTRAL,0,0,0,0,0,33.33333333333333,0.9083543202565088,0.9017857142857142,7890000.0,0.16373697778456772,-7603884.0,北控水务,C
00371,2025-03-31,DAILY_DECLINE,0,0,0,0,1,33.33333333333333,1.0203426749372742,0.8839285714285713,-6050000.0,-1.1732137359178731,-6499443.0,北控水务,C
00371,2025-04-01,DAILY_NEUTRAL,0,0,0,0,0,33.33333333333333,1.039264920715736,0.9285714285714285,19380000.0,1.241438902624258,-8430943.0,北控水务,C
00371,2025-04-02,DAILY_NEUTRAL,0,0,0,0,0,66.66666666666666,0.8013140353973921,0.9464285714285714,1670000.0,-0.45065669193761243,-5623443.0,北控水务,C
00371,2025-04-03,DAILY_NEUTRAL,0,0,0,0,0,66.66666666666666,2.7898738427896577,1.0,55310000.0,4.545829814351117,-6417139.0,北控水务,C
00371,2025-04-07,DAILY_NEUTRAL,0,0,0,0,0,33.33333333333333,1.3736521837935258,0.9030837004405285,-9070000.0,-1.324471406030686,1981293.0,北控水务,C
00371,2025-04-08,DAILY_NEUTRAL,0,0,0,0,0,33.33333333333333,1.0749407461662877,0.9162995594713657,-3601240.0,-0.8553383381891745,-1014785.0,北控水务,C
00371,2025-04-09,DAILY_NEUTRAL,0,0,0,0,0,66.66666666666666,0.9394577865318869,0.9471365638766519,11230000.0,0.3307715735227501,-167471.0,北控水务,C
00371,2025-04-10,DAILY_NEUTRAL,0,0,0,0,0,66.66666666666666,0.6020917677475408,0.9515418502202644,4610000.0,-0.1986886081842735,-2326328.0,北控水务,C
00371,2025-04-11,DAILY_NEUTRAL,0,0,0,0,0,100.0,0.37961821923044486,0.9471365638766519,-9730000.0,-1.3390512437440345,-1710828.0,北控水务,C
00371,2025-04-14,DAILY_NEUTRAL,0,0,0,0,0,100.0,0.4129762539396305,0.9559471365638766,-22700.0,-0.5479389708542811,-13351328.0,北控水务,C
00371,2025-04-15,DAILY_NEUTRAL,0,0,0,0,0,100.0,0.715015813620083,0.9647577092511013,-2216120.0,-0.72076715873822,-9010733.0,北控水务,C
00371,2025-04-16,DAILY_PULLBACK,0,0,1,0,0,100.0,0.446192889856111,0.9471365638766519,-5320000.0,-0.9562989435801932,-7722403.0,北控水务,C
00371,2025-04-17,DAILY_PULLBACK,0,0,1,0,0,100.0,0.4402981263914829,0.9471365638766519,-3580000.0,-0.8022664853383212,-9633903.0,北控水务,C
00371,2025-04-22,DAILY_NEUTRAL,0,0,0,0,0,100.0,0.5399414117409518,0.960352422907489,2310000.0,-0.33237957766594994,-9049903.0,北控水务,C
00371,2025-04-23,DAILY_NEUTRAL,0,0,0,0,0,100.0,0.7318448716026799,0.9647577092511013,3125420.0,-0.26586614504937295,-5507903.0,北控水务,C
00371,2025-04-24,DAILY_NEUTRAL,0,0,0,0,0,100.0,1.7082585785481925,0.973568281938326,640000.0,-0.46786878126239057,-4958550.0,北控水务,C
00371,2025-04-25,DAILY_PULLBACK,0,0,1,0,0,100.0,2.067557926125448,0.9427312775330396,-512140.0,-0.5464994849702162,-4243826.0,北控水务,C
00371,2025-04-28,DAILY_PULLBACK,0,0,1,0,0,100.0,1.592470196746333,0.9559471365638766,1449160.0,-0.3860662939456573,-3229647.0,北控水务,C
00371,2025-04-29,DAILY_PULLBACK,0,0,1,0,0,100.0,0.5660200036011332,0.9559471365638766,1210000.0,-0.41071727081441184,-1936773.0,北控水务,C
00371,2025-04-30,DAILY_NEUTRAL,0,0,0,0,0,100.0,0.566440565527519,0.9647577092511013,-2389080.0,-0.6888705623574835,-2253631.0,北控水务,C
00371,2025-05-02,DAILY_DECLINE,0,0,0,0,1,33.33333333333333,0.35497037670592646,0.9383259911894273,-776580.0,-0.5609272149981304,-2842577.0,北控水务,C
00371,2025-05-06,DAILY_PULLBACK,0,0,1,0,0,66.66666666666666,0.9237422364217197,0.9515418502202644,1482680.0,-0.3796996675836802,-3389564.0,北控水务,C
00371,2025-05-07,DAILY_DECLINE,0,0,0,0,1,33.33333333333333,2.563706466423936,0.9471365638766519,2420000.0,-0.3075730420878543,-2095734.0,北控水务,C
00371,2025-05-08,DAILY_DECLINE,0,0,0,0,1,33.33333333333333,1.1549194421476743,0.933920704845815,-4349660.0,-0.8329539804527765,-1939066.0,北控水务,C
00371,2025-05-09,DAILY_DECLINE,0,0,0,0,1,33.33333333333333,0.5657345379369735,0.9641255605381166,2101840.0,-0.3351944445369187,-68015.0,北控水务,C
00371,2025-05-12,DAILY_DECLINE,0,0,0,0,1,0.0,0.7388514506597622,0.968609865470852,3900000.0,-0.1988293531991767,271577.0,北控水务,C
00371,2025-05-13,DAILY_NEUTRAL,0,0,0,0,0,33.33333333333333,0.8179544178783134,0.9730941704035874,2277160.0,-0.3118458300889654,831831.0,北控水务,C
00371,2025-05-14,DAILY_NEUTRAL,0,0,0,0,0,33.33333333333333,0.9555487422283687,0.9730941704035874,3547880.0,-0.2479387792600778,1438369.0,北控水务,C
00371,2025-05-15,DAILY_NEUTRAL,0,0,0,0,0,33.33333333333333,1.0218476206073166,0.9641255605381166,3550000.0,-0.23220571480024985,1717051.0,北控水务,C
00371,2025-05-16,DAILY_NEUTRAL,0,0,0,0,0,66.66666666666666,2.1177647881984214,0.9775784753363229,-4183180.0,-0.8380955415604844,2632983.0,北控水务,C
00371,2025-05-19,DAILY_NEUTRAL,0,0,0,0,0,66.66666666666666,1.0046481720768263,1.0044843049327354,7930000.0,0.15486749972978717,1584003.0,北控水务,C
00371,2025-05-20,DAILY_NEUTRAL,0,0,0,0,0,100.0,3.264104886669701,1.0491071428571428,33940000.0,2.238655513204646,1882697.0,北控水务,C
00371,2025-05-21,DAILY_NEUTRAL,0,0,0,0,0,100.0,0.8696131698976279,0.9915966386554622,-667560.0,-0.537863074277068,6252265.0,北控水务,C
00371,2025-05-22,DAILY_DISTRIBUTION,0,1,0,0,0,100.0,1.238038707426739,0.9915966386554622,19360000.0,1.0030374561877704,5263555.0,北控水务,C
00371,2025-05-23,DAILY_PULLBACK,0,0,1,0,0,100.0,0.6333207906766382,0.9666666666666667,5440000.0,-0.08189105909381066,7573055.0,北控水务,C
00371,2025-05-26,DAILY_PULLBACK,0,0,1,0,0,100.0,1.020752593937788,0.9708333333333334,3340000.0,-0.2481567148613492,9381962.0,北控水务,C
00371,2025-05-27,DAILY_NEUTRAL,0,0,0,0,0,100.0,0.6045884763374024,0.9833333333333333,-5280000.0,-0.8960552458878778,8328962.0,北控水务,C
00371,2025-05-28,DAILY_NEUTRAL,0,0,0,0,0,100.0,0.7334684807718411,0.9833333333333333,4939440.0,-0.09280850747491934,723355.0,北控水务,C
00371,2025-05-29,DAILY_NEUTRAL,0,0,0,0,0,100.0,0.7555852399237958,0.9875,7560000.0,0.13119006454157098,1670241.0,北控水务,C
00371,2025-05-30,DAILY_PULLBACK,0,0,1,0,0,100.0,2.4455490166348333,0.9666666666666667,11500000.0,0.43268753608131305,-1007259.0,北控水务,C
00371,2025-06-02,DAILY_PULLBACK,0,0,1,0,0,66.66666666666666,0.5470588504878495,0.95,-1270000.0,-0.5594649209063474,-489713.0,北控水务,C
00371,2025-06-03,DAILY_PULLBACK,0,0,1,0,0,66.66666666666666,1.0673058536874138,0.9791666666666667,3634720.0,-0.1896926371533288,-1387042.0,北控水务,C
00371,2025-06-04,DAILY_PULLBACK,0,0,1,0,0,66.66666666666666,1.22662698167446,0.9666666666666667,-1513800.0,-0.593224736459483,288300.0,北控水务,C
00371,2025-06-05,DAILY_PULLBACK,0,0,1,0,0,66.66666666666666,0.6164292560456738,0.9708333333333334,70860.0,-0.4571058054180537,-805658.0,北控水务,C
00371,2025-06-06,DAILY_PULLBACK,0,0,1,0,0,66.66666666666666,0.9208535567986719,0.975,8090000.0,0.16119833374683493,-2524512.0,北控水务,C
00371,2025-06-09,DAILY_NEUTRAL,0,0,0,0,0,66.66666666666666,1.2578425772225974,0.9791666666666667,-1800000.0,-0.6166073746945677,-3505920.0,北控水务,C
00371,2025-06-10,DAILY_PULLBACK,0,0,1,0,0,66.66666666666666,0.9123073073009701,0.9708333333333334,-3295500.0,-0.7235084001220621,-3326920.0,北控水务,C
00371,2025-06-11,DAILY_PULLBACK,0,0,1,0,0,100.0,0.8747875005980689,0.9666666666666667,4580000.0,-0.1096492411953667,-4434331.0,北控水务,C
00371,2025-06-12,DAILY_NEUTRAL,0,0,0,0,0,33.33333333333333,1.3299337556728155,0.95,1394140.0,-0.35429740370924634,-3267177.0,北控水务,C
00371,2025-06-13,DAILY_DECLINE,0,0,0,0,1,0.0,0.8867300334003276,0.9458333333333334,-4450000.0,-0.7883356867337246,-2894728.0,北控水务,C
00371,2025-06-16,DAILY_NEUTRAL,0,0,0,0,0,33.33333333333333,1.263774383454307,0.9833333333333333,336460.0,-0.3871088875815191,-5389387.0,北控水务,C
00371,2025-06-17,DAILY_NEUTRAL,0,0,0,0,0,33.33333333333333,1.1447450999034534,1.0125000000000002,1148460.0,-0.29426603707713367,-4582418.0,北控水务,C
00371,2025-06-18,DAILY_NEUTRAL,0,0,0,0,0,100.0,1.028350075806059,1.0,18620000.0,1.2935770633009114,-2054049.0,北控水务,C
00371,2025-06-19,DAILY_PULLBACK,0,0,1,0,0,100.0,0.7894091207029742,0.9629629629629628,6290000.0,0.24398253838234255,-210427.0,北控水务,C
00371,2025-06-20,DAILY_NEUTRAL,0,0,0,0,0,66.66666666666666,0.9021645441498795,0.9465020576131686,-2310240.0,-0.5838529137041336,1422245.0,北控水务,C
00371,2025-06-23,DAILY_NEUTRAL,0,0,0,0,0,33.33333333333333,0.5769669224738062,0.934156378600823,-1110000.0,-0.45502902142585977,2237709.0,北控水务,C
00371,2025-06-24,DAILY_ACCUMULATION,0,0,0,1,0,100.0,1.3643321465148994,0.9753086419753086,12000900.0,0.8720610945841439,2170917.0,北控水务,C
00371,2025-06-25,DAILY_DECLINE,0,0,0,0,1,33.33333333333333,0.5748708123471797,0.9506172839506173,-1710000.0,-0.5231392180584923,3477360.0,北控水务,C
00371,2025-06-26,DAILY_NEUTRAL,0,0,0,0,0,33.33333333333333,0.3873417880524136,0.9547325102880657,4340000.0,0.09666886685918906,-256168.0,北控水务,C
00371,2025-06-27,DAILY_DECLINE,0,0,0,0,1,33.33333333333333,2.164935526284952,0.9053497942386831,-30830000.0,-3.430197818712548,-485168.0,北控水务,C
00371,2025-06-30,DAILY_DECLINE,0,0,0,0,1,0.0,0.8131282812080548,0.9053497942386831,2205700.0,-0.05551684618388755,-4072620.0,北控水务,C
00371,2025-07-02,DAILY_DECLINE,0,0,0,0,1,0.0,1.4566688341269802,0.934156378600823,1900000.0,-0.09668707450978839,-3583265.0,北控水务,C
00371,2025-07-03,DAILY_DECLINE,0,0,0,0,1,0.0,0.627880938495618,0.9423868312757201,-3652640.0,-0.5933906380361923,-5516709.0,北控水务,C
00371,2025-07-04,DAILY_DECLINE,0,0,0,0,1,0.0,0.6404488867226927,0.934156378600823,-340000.0,-0.2727668275179217,-5798295.0,北控水务,C
00371,2025-07-07,DAILY_DECLINE,0,0,0,0,1,0.0,0.5179621626221852,0.9382716049382714,-1220000.0,-0.35259306733496926,-6713752.0,北控水务,C
00371,2025-07-08,DAILY_DECLINE,0,0,0,0,1,0.0,1.3632757646704132,0.9259259259259258,762360.0,-0.1262135960662383,-326252.0,北控水务,C
00371,2025-07-09,DAILY_NEUTRAL,0,0,0,0,0,33.33333333333333,0.5349005848817325,0.9259259259259258,1590000.0,-0.032000489945560893,-743038.0,北控水务,C
00371,2025-07-10,DAILY_NEUTRAL,0,0,0,0,0,66.66666666666666,1.7267611482909109,0.9547325102880657,3210000.0,0.19366906035166342,-1049313.0,北控水务,C
00371,2025-07-11,DAILY_NEUTRAL,0,0,0,0,0,66.66666666666666,1.9661242223145927,0.9917695473251029,-1730000.0,-0.43087883480884376,391715.0,北控水务,C
00371,2025-07-14,DAILY_NEUTRAL,0,0,0,0,0,66.66666666666666,0.9369880057360358,0.9876543209876543,-1600000.0,-0.438520902430985,269922.0,北控水务,C
00371,2025-07-15,DAILY_NEUTRAL,0,0,0,0,0,66.66666666666666,0.707363332684198,0.9958847736625513,-2770000.0,-0.5855965649299089,51422.0,北控水务,C
00371,2025-07-16,DAILY_NEUTRAL,0,0,0,0,0,100.0,0.6527518658190622,0.9877551020408162,6700000.0,0.6371589118729996,-499727.0,北控水务,C
00371,2025-07-17,DAILY_ACCUMULATION,0,0,0,1,0,100.0,1.036438513643028,0.9959183673469387,7660000.0,0.7380484359071068,244696.0,北控水务,C
00371,2025-07-18,DAILY_NEUTRAL,0,0,0,0,0,100.0,0.491611947369972,0.9838056680161943,3310000.0,0.15062504541167085,1682696.0,北控水务,C
00371,2025-07-21,DAILY_ACCUMULATION,0,0,0,1,0,100.0,1.1761647688742247,0.9919028340080972,16410000.0,1.8441964679447078,2839696.0,北控水务,C
00371,2025-07-22,DAILY_NEUTRAL,0,0,0,0,0,100.0,2.7026360229682402,1.0161943319838056,29470000.0,3.4110001604310787,5505684.0,北控水务,C
00371,2025-07-23,DAILY_NEUTRAL,0,0,0,0,0,100.0,0.9658095151822751,0.9920948616600791,-5620000.0,-0.9784781652835522,10424684.0,北控水务,C
00371,2025-07-24,DAILY_NEUTRAL,0,0,0,0,0,100.0,0.7099824339700612,1.007905138339921,4010000.0,0.14088006639558068,8841729.0,北控水务,C
00371,2025-07-25,DAILY_NEUTRAL,0,0,0,0,0,100.0,0.8871294586950282,0.9921875,3090000.0,0.030613850767640144,7825729.0,北控水务,C
00371,2025-07-28,DAILY_PULLBACK,0,0,1,0,0,100.0,0.6555412042812301,0.9767441860465116,-1430000.0,-0.4908680614639345,7844229.0,北控水务,C
00371,2025-07-29,DAILY_NEUTRAL,0,0,0,0,0,100.0,0.7459877519376474,1.0,-1126000.0,-0.4583342984827124,2806229.0,北控水务,C
00371,2025-07-30,DAILY_PULLBACK,0,0,1,0,0,100.0,1.113550033562717,0.9844961240310077,629860.0,-0.2561989165523857,-3146386.0,北控水务,C
00371,2025-07-31,DAILY_PULLBACK,0,0,1,0,0,100.0,1.0611260184239966,0.972972972972973,-1247720.0,-0.46969647688504745,-1832907.0,北控水务,C
00371,2025-08-01,DAILY_PULLBACK,0,0,1,0,0,100.0,0.8527204244019982,0.9652509652509653,4210000.0,0.1625958482495693,-3004697.0,北控水务,C
00371,2025-08-04,DAILY_PULLBACK,0,0,1,0,0,100.0,1.4095204644190977,0.9691119691119691,11340000.0,0.9674494239950946,-3008197.0,北控水务,C
00371,2025-08-05,DAILY_PULLBACK,0,0,1,0,0,66.66666666666666,0.989901481230665,0.9884169884169884,8860000.0,0.6593389634482856,-1082197.0,北控水务,C
00371,2025-08-06,DAILY_PULLBACK,0,0,1,0,0,66.66666666666666,0.5303715448107517,0.972972972972973,-5550000.0,-0.9919259066268231,510121.0,北控水务,C
00371,2025-08-07,DAILY_PULLBACK,0,0,1,0,0,66.66666666666666,1.630180409973697,0.9807692307692306,38250000.0,3.9741166174517932,-368851.0,北控水务,C
00371,2025-08-08,DAILY_DECLINE,0,0,0,0,1,33.33333333333333,1.1234432510208892,0.9576923076923077,1548520.0,-0.20761409440053333,5778693.0,北控水务,C
00371,2025-08-11,DAILY_ACCUMULATION,0,0,0,1,0,33.33333333333333,1.323713584671244,0.9538461538461538,25300000.0,2.1799300562762234,5082471.0,北控水务,C
00371,2025-08-12,DAILY_PULLBACK,0,0,1,1,0,66.66666666666666,1.1639673290591062,0.973076923076923,15650000.0,1.1244812912623892,6529471.0,北控水务,C
00371,2025-08-13,DAILY_DECLINE,0,0,0,0,1,33.33333333333333,1.3591311832237958,0.9538461538461538,-24350000.0,-2.7477848451550746,6966471.0,北控水务,C
00371,2025-08-14,DAILY_NEUTRAL,0,0,0,0,0,0.0,0.9819076738951206,0.9461538461538461,4154320.0,0.08971637416322992,4758971.0,北控水务,C
00371,2025-08-15,DAILY_DECLINE,0,0,0,0,1,0.0,0.5066795825190484,0.9307692307692307,-6690000.0,-0.9732974132921364,-1884881.0,北控水务,C
00371,2025-08-18,DAILY_DECLINE,0,0,0,0,1,0.0,0.9434250399717213,0.926923076923077,-2626280.0,-0.5429996683485306,-3032585.0,北控水务,C
00371,2025-08-19,DAILY_NEUTRAL,0,0,0,0,0,0.0,0.6204969930681749,0.9153846153846154,3790000.0,0.10309822720722958,-7666027.0,北控水务,C
00371,2025-08-20,DAILY_NEUTRAL,0,0,0,0,0,0.0,0.5369125206223846,0.9192307692307693,5050000.0,0.22642535401229252,-8754027.0,北控水务,C
00371,2025-08-21,DAILY_NEUTRAL,0,0,0,0,0,0.0,1.2303634721046095,0.923076923076923,16680000.0,1.3615149971677094,-3407527.0,北控水务,C
00371,2025-08-22,DAILY_DECLINE,0,0,0,0,1,0.0,1.4257105758475066,0.9153846153846154,-6070000.0,-0.8958494091265401,-1535891.0,北控水务,C
00371,2025-08-25,DAILY_NEUTRAL,0,0,0,0,0,0.0,1.8873441289899515,0.9384615384615385,33940000.0,3.0122759459825925,-953891.0,北控水务,C
00371,2025-08-26,DAILY_DECLINE,0,0,0,0,1,0.0,0.8304372297168308,0.926923076923077,-1005980.0,-0.38799777942525576,4590865.0,北控水务,C
00371,2025-08-27,DAILY_DECLINE,0,0,0,0,1,0.0,0.7268382704196995,0.926923076923077,2530000.0,-0.06719953690568052,3625668.0,北控水务,C
00371,2025-08-28,DAILY_ACCUMULATION,0,0,0,1,0,66.66666666666666,1.795861956651703,0.9461538461538461,38930000.0,3.2415030399371463,3026661.0,北控水务,C
00371,2025-08-29,DAILY_NEUTRAL,0,0,0,0,0,33.33333333333333,0.8666877023198291,0.9346153846153846,-7960000.0,-0.9978129791106136,5467775.0,北控水务,C
00371,2025-09-01,DAILY_ACCUMULATION,0,0,0,1,0,66.66666666666666,0.7494304746835028,0.9461538461538461,7520000.0,0.31070889049674383,5698275.0,北控水务,C
00371,2025-09-02,DAILY_NEUTRAL,0,0,0,0,0,66.66666666666666,1.0024994489106045,0.9423076923076923,-2840820.0,-0.5520374605218779,605275.0,北控水务,C
00371,2025-09-03,DAILY_NEUTRAL,0,0,0,0,0,66.66666666666666,1.2141950020656298,0.9423076923076923,-14470000.0,-1.5188031950760188,823348.0,北控水务,C
00371,2025-09-04,DAILY_NEUTRAL,0,0,0,0,0,66.66666666666666,1.3152388179247594,0.9610894941634243,8130000.0,0.3730145656623326,-2130652.0,北控水务,C
00371,2025-09-05,DAILY_NEUTRAL,0,0,0,0,0,100.0,4.094451342331745,0.9882352941176471,75400000.0,5.874526629594949,-6784652.0,北控水务,C
00371,2025-09-08,DAILY_NEUTRAL,0,0,0,0,0,100.0,1.0750254954303076,0.9653846153846153,5120000.0,0.016250460538400496,6194774.0,北控水务,C
00371,2025-09-09,DAILY_PULLBACK,0,0,1,0,0,100.0,0.9447257763488662,0.9423076923076923,2550000.0,-0.16236602180923107,6723774.0,北控水务,C
00371,2025-09-10,DAILY_PULLBACK,0,0,1,0,0,100.0,0.42765524268541655,0.9384615384615385,-5000000.0,-0.6593736769413223,8456938.0,北控水务,C
00371,2025-09-11,DAILY_PULLBACK,0,0,1,0,0,100.0,0.4272387156752108,0.9538461538461538,6242720.0,0.0834361738560525,9383438.0,北控水务,C
00371,2025-09-12,DAILY_NEUTRAL,0,0,0,0,0,100.0,0.533136267080559,0.9615384615384615,1330000.0,-0.22539674265927193,8901562.0,北控水务,C
00371,2025-09-15,DAILY_PULLBACK,0,0,1,0,0,66.66666666666666,0.5969841728398442,0.9423076923076923,-4350000.0,-0.5931732129803114,-6313438.0,北控水务,C
00371,2025-09-16,DAILY_DECLINE,0,0,0,0,1,33.33333333333333,1.024394297316733,0.9346153846153846,-11560000.0,-1.063504589019507,-8121252.0,北控水务,C
00371,2025-09-17,DAILY_PULLBACK,0,0,1,0,0,66.66666666666666,1.3671114705116894,0.9423076923076923,-364620.0,-0.3145962322433253,-10175752.0,北控水务,C
00371,2025-09-18,DAILY_DECLINE,0,0,0,0,1,33.33333333333333,0.9733538230041752,0.926923076923077,-15970000.0,-1.3188223618878931,-8977945.0,北控水务,C
00371,2025-09-19,DAILY_DECLINE,0,0,0,0,1,0.0,0.9969844004360437,0.9115384615384615,-4342840.0,-0.5382709984920186,-11787989.0,北控水务,C
00371,2025-09-22,DAILY_DECLINE,0,0,0,0,1,0.0,0.8270316028201004,0.9115384615384615,2670000.0,-0.0776108397923968,-13008915.0,北控水务,C
00371,2025-09-23,DAILY_DECLINE,0,0,0,0,1,0.0,0.9284279825317238,0.9115384615384615,1668820.0,-0.18580184761560328,-10041415.0,北控水务,C
00371,2025-09-24,DAILY_DECLINE,0,0,0,0,1,0.0,0.47939559332251036,0.9038461538461539,-2781980.0,-0.48382640209104577,-7529391.0,北控水务,C
00371,2025-09-25,DAILY_DECLINE,0,0,0,0,1,0.0,1.2669270901303131,0.8999999999999999,-20080000.0,-1.6364473567358162,-7747264.0,北控水务,C
00371,2025-09-26,DAILY_DECLINE,0,0,0,0,1,0.0,0.7348723257103393,0.8999999999999999,2157460.0,-0.12605926475462764,-5618764.0,北控水务,C
00371,2025-09-29,DAILY_DECLINE,0,0,0,0,1,0.0,1.3144106622584368,0.8961538461538462,-2429100.0,-0.4302755872125982,-4824577.0,北控水务,C
00371,2025-09-30,DAILY_DECLINE,0,0,0,0,1,0.0,1.0161508044087917,0.8846153846153845,-11840000.0,-1.0468425973970614,-5346942.0,北控水务,C
00371,2025-10-02,DAILY_NEUTRAL,0,0,0,0,0,0.0,0.5279119633556317,0.8846153846153845,7090000.0,0.20846920139738664,-7598747.0,北控水务,C
00371,2025-10-03,DAILY_DECLINE,0,0,0,0,1,0.0,0.35485573357919936,0.8807692307692307,-2830000.0,-0.4433341098862797,-6702351.0,北控水务,C
00371,2025-10-06,DAILY_DECLINE,0,0,0,0,1,0.0,0.7850442593603798,0.8846153846153845,-56600.0,-0.25581466567050887,-2704351.0,北控水务,C
00371,2025-10-08,DAILY_DECLINE,0,0,0,0,1,0.0,0.8136698553085949,0.8803088803088803,1179980.0,-0.17735679796912254,625667.0,北控水务,C
00371,2025-10-09,DAILY_DECLINE,0,0,0,0,1,0.0,1.7627383591292718,0.9169960474308301,3290000.0,-0.043184741388226824,1544484.0,北控水务,C
00371,2025-10-10,DAILY_ACCUMULATION,0,0,0,1,0,0.0,1.649280006659172,0.9285714285714285,10360000.0,0.4110746665002501,4533484.0,北控水务,C
00371,2025-10-13,DAILY_NEUTRAL,0,0,0,0,0,33.33333333333333,1.4774953272736722,0.9285714285714285,1720000.0,-0.1559868203395224,4419484.0,北控水务,C
00371,2025-10-14,DAILY_NEUTRAL,0,0,0,0,0,33.33333333333333,1.0330130973407752,0.9285714285714285,-5972640.0,-0.6506330901246741,5555620.0,北控水务,C
00371,2025-10-15,DAILY_NEUTRAL,0,0,0,0,0,66.66666666666666,0.49370897703778044,0.9365079365079364,-5910000.0,-0.6342488375951993,4737544.0,北控水务,C
00371,2025-10-16,DAILY_NEUTRAL,0,0,0,0,0,66.66666666666666,1.2288791992496286,0.9796747967479675,2290000.0,-0.07806952467545174,3397548.0,北控水务,C
00371,2025-10-17,DAILY_NEUTRAL,0,0,0,0,0,66.66666666666666,1.0722369448457332,0.9755102040816326,-1886560.0,-0.3285474162421757,2505048.0,北控水务,C
00371,2025-10-20,DAILY_NEUTRAL,0,0,0,0,0,100.0,0.5827506924485948,0.9836734693877551,-450980.0,-0.23735653360890513,131833.0,北控水务,C
00371,2025-10-21,DAILY_NEUTRAL,0,0,0,0,0,100.0,0.5467843993799637,0.9958677685950414,1629720.0,-0.09322692222014684,-1078314.0,北控水务,C
00371,2025-10-22,DAILY_NEUTRAL,0,0,0,0,0,100.0,0.7646840271645664,1.0,3180000.0,0.012007461738109298,143530.0,北控水务,C
00371,2025-10-23,DAILY_NEUTRAL,0,0,0,0,0,100.0,0.8067137864230142,1.0,-330000.0,-0.22786346447424402,1936030.0,北控水务,C
00371,2025-10-24,DAILY_PULLBACK,0,0,1,0,0,100.0,1.238577782807146,0.9795081967213115,-5000000.0,-0.5411951600249206,1511971.0,北控水务,C
00371,2025-10-27,DAILY_NEUTRAL,0,0,0,0,0,100.0,1.2635007548161241,0.9918032786885246,-1266420.0,-0.2845324076875063,1000184.0,北控水务,C
00371,2025-10-28,DAILY_NEUTRAL,0,0,0,0,0,100.0,1.0335176278826077,1.0,220000.0,-0.1853001629189289,-103583.0,北控水务,C
00371,2025-10-30,DAILY_NEUTRAL,0,0,0,0,0,100.0,1.1139824272629533,1.0081967213114753,3650000.0,0.048059680433381956,-288654.0,北控水务,C
00371,2025-10-31,DAILY_PULLBACK,0,0,1,0,0,100.0,1.034467975824992,0.9796747967479675,-6160000.0,-0.599612946583199,-498609.0,北控水务,C
00371,2025-11-03,DAILY_PULLBACK,0,0,1,0,0,100.0,0.9850816389236793,0.9878048780487806,2830000.0,0.018620851031790647,-1948609.0,北控水务,C
00371,2025-11-04,DAILY_NEUTRAL,0,0,0,0,0,100.0,0.8646753960200663,0.991869918699187,758400.0,-0.12943682559261724,-169609.0,北控水务,C
00371,2025-11-05,DAILY_NEUTRAL,0,0,0,0,0,100.0,0.6825952845570512,0.9959349593495935,3360000.0,0.09123117251849264,55935.0,北控水务,C
00371,2025-11-06,DAILY_NEUTRAL,0,0,0,0,0,100.0,3.375859926129953,1.0121951219512195,13410000.0,0.7976611595785253,513105.0,北控水务,C
00371,2025-11-07,DAILY_NEUTRAL,0,0,0,0,0,100.0,0.6767356908675399,0.9960159362549802,-2378520.0,-0.3069025723571217,1853604.0,北控水务,C
00371,2025-11-10,DAILY_ACCUMULATION,0,0,0,1,0,100.0,0.7785883309090392,1.0,6070000.0,0.32344658382118446,2893326.0,北控水务,C
00371,2025-11-11,DAILY_NEUTRAL,0,0,0,0,0,100.0,1.0194804760537874,1.003968253968254,5490000.0,0.25242985444292243,3755826.0,北控水务,C
00371,2025-11-12,DAILY_NEUTRAL,0,0,0,0,0,100.0,0.980805952822429,1.0118577075098816,2539460.0,0.030752371332615488,4513646.0,北控水务,C
00371,2025-11-13,DAILY_NEUTRAL,0,0,0,0,0,100.0,1.1083971345093824,0.9883720930232557,-673360.0,-0.22101962917756904,3923933.0,北控水务,C
00371,2025-11-14,DAILY_PULLBACK,0,0,1,0,0,100.0,2.0768875796301787,0.9612403100775193,-480000.0,-0.20914097997548492,845429.0,北控水务,C
00371,2025-11-17,DAILY_PULLBACK,0,0,1,0,0,100.0,1.0545812294328278,0.9573643410852714,-1512300.0,-0.281033114855224,1363633.0,北控水务,C
00371,2025-11-18,DAILY_NEUTRAL,0,0,0,0,0,33.33333333333333,0.8270565030667474,0.9418604651162791,-314200.0,-0.18311549303928473,-171540.0,北控水务,C
00371,2025-11-19,DAILY_DECLINE,0,0,0,0,1,33.33333333333333,0.5264537749230144,0.9496124031007752,1600000.0,-0.018860148439413683,-1339219.0,北控水务,C
00371,2025-11-20,DAILY_DECLINE,0,0,0,0,1,33.33333333333333,0.5426612924737855,0.9496124031007752,-2847160.0,-0.3658294740148554,-1525625.0,北控水务,C
00371,2025-11-21,DAILY_NEUTRAL,0,0,0,0,0,33.33333333333333,1.846298358361351,0.9224806201550387,4910000.0,0.28333269237319597,-1659027.0,北控水务,C
00371,2025-11-24,DAILY_NEUTRAL,0,0,0,0,0,33.33333333333333,13.239914382928246,0.9031007751937985,34560000.0,2.6437775261164416,-843027.0,北控水务,C
00371,2025-11-25,DAILY_NEUTRAL,0,0,0,0,0,0.0,1.1610216560024786,0.9418604651162791,4410000.0,0.18244305547842604,4393433.0,北控水务,C
00371,2025-11-26,DAILY_DECLINE,0,0,0,0,1,0.0,0.280520260913704,0.9534883720930232,-3497220.0,-0.3994415615459122,5054452.0,北控水务,C
00371,2025-11-27,DAILY_NEUTRAL,0,0,0,0,0,33.33333333333333,0.21380916079796933,0.9651162790697675,-9670000.0,-0.9100522889862459,4220869.0,北控水务,C
00371,2025-11-28,DAILY_DECLINE,0,0,0,0,1,0.0,0.15941384050307805,0.945736434108527,-4250000.0,-0.44287176770627246,3522301.0,北控水务,C
00371,2025-12-01,DAILY_NEUTRAL,0,0,0,0,0,66.66666666666666,0.11835283729280612,0.9651162790697675,-2620000.0,-0.30850423644725494,1594801.0,北控水务,C
00371,2025-12-02,DAILY_NEUTRAL,0,0,0,0,0,66.66666666666666,0.6086202638001345,0.9728682170542634,3040000.0,0.13608331578547087,-5568699.0,北控水务,C
00371,2025-12-03,DAILY_NEUTRAL,0,0,0,0,0,66.66666666666666,0.7648537761876373,0.9689922480620154,-1870000.0,-0.26088318480293116,-5956779.0,北控水务,C
00371,2025-12-04,DAILY_NEUTRAL,0,0,0,0,0,66.66666666666666,0.9213245363750666,0.9767441860465116,-5360000.0,-0.7383239036432174,-5369835.0,北控水务,C
00371,2025-12-05,DAILY_NEUTRAL,0,0,0,0,0,33.33333333333333,0.7926226492374123,0.9496124031007752,-1120000.0,-0.13139057886170563,-3569335.0,北控水务,C
00371,2025-12-08,DAILY_NEUTRAL,0,0,0,0,0,66.66666666666666,1.407986564380965,0.9341085271317829,2670780.0,0.3985122696013914,-3006261.0,北控水务,C
00371,2025-12-09,DAILY_NEUTRAL,0,0,0,0,0,33.33333333333333,1.2333236570336474,0.9186046511627907,1510000.0,0.22174035647511442,-1778144.0,北控水务,C
00371,2025-12-10,DAILY_DECLINE,0,0,0,0,1,33.33333333333333,0.7406885026209034,0.9224806201550387,-1700000.0,-0.21148226411873053,-1885144.0,北控水务,C
00371,2025-12-11,DAILY_DECLINE,0,0,0,0,1,33.33333333333333,0.4569721247460897,0.9218749999999999,-2270000.0,-0.2835925117726992,-1639171.0,北控水务,C
00371,2025-12-12,DAILY_DECLINE,0,0,0,0,1,33.33333333333333,1.3235753495790576,0.9333333333333333,-347900.0,-0.021661781964673405,-941339.0,北控水务,C
00371,2025-12-15,DAILY_NEUTRAL,0,0,0,0,0,33.33333333333333,1.364386064439874,0.9761904761904762,3437380.0,0.4895078904439671,-793524.0,北控水务,C
00371,2025-12-16,DAILY_NEUTRAL,0,0,0,0,0,33.33333333333333,0.7111936291376879,0.9682539682539683,1330000.0,0.1804986280809048,-887688.0,北控水务,C
00371,2025-12-17,DAILY_DECLINE,0,0,0,0,1,0.0,1.110499388439089,0.9444444444444444,-8020000.0,-1.2438027946693124,-1005898.0,北控水务,C
00371,2025-12-18,DAILY_NEUTRAL,0,0,0,0,0,33.33333333333333,1.039188960860305,0.9603174603174602,-1500000.0,-0.26304321935586517,-1788898.0,北控水务,C
00371,2025-12-19,DAILY_NEUTRAL,0,0,0,0,0,33.33333333333333,1.8044872579305886,0.9523809523809523,2374000.0,0.31820850410211315,-1702256.0,北控水务,C
00371,2025-12-22,DAILY_NEUTRAL,0,0,0,0,0,33.33333333333333,1.1937042679889123,0.9523809523809523,7453120.0,1.0647884170994064,-1031076.0,北控水务,C
00371,2025-12-23,DAILY_NEUTRAL,0,0,0,0,0,66.66666666666666,0.650727035370469,0.9722222222222223,2866520.0,0.36102755684285087,1127416.0,北控水务,C
00371,2025-12-24,DAILY_NEUTRAL,0,0,0,0,0,66.66666666666666,0.24946257578563263,0.9682539682539683,2040000.0,0.2001643682529846,1511894.0,北控水务,C
00371,2025-12-29,DAILY_NEUTRAL,0,0,0,0,0,33.33333333333333,0.9263459605742903,0.9563492063492064,-1165520.0,-0.3089366590298001,3247033.0,北控水务,C
00371,2025-12-30,DAILY_DECLINE,0,0,0,0,1,0.0,0.3688989742565697,0.9404761904761905,-1950000.0,-0.43756661972932953,2888705.0,北控水务,C
00371,2025-12-31,DAILY_NEUTRAL,0,0,0,0,0,0.0,0.5677536412271094,0.9404761904761905,-4820000.0,-0.9525287524903255,1908905.0,北控水务,C
00371,2026-01-02,DAILY_DECLINE,0,0,0,0,1,0.0,0.488821857901225,0.9365079365079364,-722240.0,-0.24540967577041645,-435719.0,北控水务,C
00371,2026-01-05,DAILY_DECLINE,0,0,0,0,1,0.0,1.4122133483346544,0.9444444444444444,-2650000.0,-0.5705456721506534,-965359.0,北控水务,C
00371,2026-01-06,DAILY_NEUTRAL,0,0,0,0,0,33.33333333333333,1.2841993899277062,0.9563492063492064,8880000.0,1.3394211942298464,-1864359.0,北控水务,C
00371,2026-01-07,DAILY_PULLBACK,0,0,1,0,0,66.66666666666666,1.1390380562367821,0.9603174603174602,1960000.0,0.17451144941658212,-567255.0,北控水务,C
00371,2026-01-08,DAILY_PULLBACK,0,0,1,1,0,66.66666666666666,1.3022858373675243,0.9718875502008031,2540000.0,0.2726467172124684,60745.0,北控水务,C
00371,2026-01-09,DAILY_NEUTRAL,0,0,0,0,0,66.66666666666666,1.1126580550318377,0.9759036144578314,780540.0,0.007796160615626241,1539284.0,北控水务,C
00371,2026-01-12,DAILY_ACCUMULATION,0,0,0,1,0,66.66666666666666,1.500026765233794,0.9759036144578314,8380000.0,1.2721309105497671,1876313.0,北控水务,C
00371,2026-01-13,DAILY_NEUTRAL,0,0,0,0,0,66.66666666666666,1.1787853160611284,0.9799196787148593,1420000.0,0.07666271365841869,3578313.0,北控水务,C
00371,2026-01-14,DAILY_ACCUMULATION,0,0,0,1,0,66.66666666666666,0.891216372018496,0.9919678714859438,4510000.0,0.5746310084442211,1901813.0,北控水务,C
00371,2026-01-15,DAILY_DISTRIBUTION,0,1,0,0,0,100.0,1.5403238907251227,0.9919678714859438,-810000.0,-0.32186565765641356,2168918.0,北控水务,C
00371,2026-01-16,DAILY_PULLBACK,0,0,1,0,0,100.0,2.573267442702708,0.9798387096774194,-23190000.0,-4.069486271607582,1711287.0,北控水务,C
00371,2026-01-19,DAILY_PULLBACK,0,0,1,0,0,100.0,1.0514978856011234,0.9759036144578314,-6740000.0,-1.1103546999040195,-1856821.0,北控水务,C
00371,2026-01-20,DAILY_NEUTRAL,0,0,0,0,0,100.0,0.8818386926165955,0.9959839357429718,4740000.0,0.6048977610103051,-4944821.0,北控水务,C
00371,2026-01-21,DAILY_NEUTRAL,0,0,0,0,0,100.0,0.5603897389984196,1.0,4187760.0,0.5191053659743513,-4592821.0,北控水务,C
00371,2026-01-22,DAILY_NEUTRAL,0,0,0,0,0,100.0,1.4369371941495046,1.0240963855421685,4650000.0,0.5745738533199528,-4747957.0,北控水务,C
00371,2026-01-23,DAILY_NEUTRAL,0,0,0,0,0,100.0,0.7075236292984332,0.9922178988326849,-1170000.0,-0.30020134510975055,-3515801.0,北控水务,C
00371,2026-01-26,DAILY_NEUTRAL,0,0,0,0,0,100.0,0.6845322363508077,0.9769230769230769,-550000.0,-0.20956599415643437,1090025.0,北控水务,C
00371,2026-01-27,DAILY_PULLBACK,0,0,1,0,0,100.0,0.9876924487242252,0.9653846153846153,1660000.0,0.11627128288478042,2457525.0,北控水务,C
00371,2026-01-28,DAILY_NEUTRAL,0,0,0,0,0,100.0,0.6655849538640531,0.9807692307692306,4330000.0,0.5131161578668272,1700249.0,北控水务,C
00371,2026-01-29,DAILY_ACCUMULATION,0,0,0,1,0,100.0,0.8380172725148689,0.9923076923076923,3590000.0,0.3815551232155474,1414697.0,北控水务,C
00371,2026-01-30,DAILY_NEUTRAL,0,0,0,0,0,100.0,1.5949587339976148,0.996168582375479,-3740540.0,-0.7032900502484293,782197.0,北控水务,C
00371,2026-02-02,DAILY_NEUTRAL,0,0,0,0,0,100.0,3.1022467937719203,1.0268199233716475,3000000.0,0.30213816273139316,419004.0,北控水务,C
00371,2026-02-03,DAILY_NEUTRAL,0,0,0,0,0,100.0,1.6441707724620565,1.0148698884758365,9359600.0,1.2388721988177092,846504.0,北控水务,C
00371,2026-02-04,DAILY_NEUTRAL,0,0,0,0,0,100.0,1.5642092257891995,1.018181818181818,-901180.0,-0.26514486113749963,2362444.0,北控水务,C
00371,2026-02-05,DAILY_NEUTRAL,0,0,0,0,0,100.0,0.9126753238950809,1.0,-5980000.0,-1.0295050484983623,1459267.0,北控水务,C
00371,2026-02-06,DAILY_NEUTRAL,0,0,0,0,0,100.0,1.2693700327045012,1.0105633802816902,-11550000.0,-1.8269936941526166,-28733.0,北控水务,C
00371,2026-02-09,DAILY_PULLBACK,0,0,1,0,0,100.0,1.7448203779264568,0.9618055555555556,-9027700.0,-1.3769606954744555,-974098.0,北控水务,C
00371,2026-02-10,DAILY_PULLBACK,0,0,1,0,0,100.0,0.36563735190272195,0.9550173010380621,4300000.0,0.5865529827298409,-2509253.0,北控水务,C
00371,2026-02-11,DAILY_PULLBACK,0,0,1,0,0,100.0,0.24921397640545323,0.9653979238754326,-1490000.0,-0.2569551480167376,-3665173.0,北控水务,C
00371,2026-02-12,DAILY_PULLBACK,0,0,1,0,0,100.0,0.42359088943497675,0.944636678200692,1965100.0,0.2406677268822759,-3482937.0,北控水务,C
00371,2026-02-13,DAILY_PULLBACK,0,0,1,0,0,66.66666666666666,0.3838117532373318,0.9377162629757785,-4630000.0,-0.7127516308491034,-2032672.0,北控水务,C
00371,2026-02-16,DAILY_PULLBACK,0,0,1,0,0,66.66666666666666,0.08332729546886787,0.944636678200692,1250000.0,0.13963353437564438,-1576672.0,北控水务,C
00371,2026-02-20,DAILY_PULLBACK,0,0,1,1,0,66.66666666666666,1.0369254593310984,0.9619377162629756,2460000.0,0.31319446214038016,79368.0,北控水务,C
00371,2026-02-23,DAILY_PULLBACK,0,0,1,0,0,66.66666666666666,0.33954357579986494,0.972318339100346,1510000.0,0.16512384681284215,-174632.0,北控水务,C
00371,2026-02-24,DAILY_PULLBACK,0,0,1,1,0,66.66666666666666,1.9596294169049846,0.9757785467128026,13880000.0,1.9470940177269618,559256.0,北控水务,C
00371,2026-02-25,DAILY_PULLBACK,0,0,1,0,0,100.0,1.7284755969017676,0.9480968858131488,-6520000.0,-1.1483815108181294,2480736.0,北控水务,C
00371,2026-02-26,DAILY_PULLBACK,0,0,1,0,0,100.0,3.1380814678826368,0.9480968858131488,-29690000.0,-5.199035781185475,2370236.0,北控水务,C
00371,2026-02-27,DAILY_PULLBACK,0,0,1,0,0,100.0,1.2301999084477369,0.9480968858131488,8890000.0,1.4021510808177937,-2360764.0,北控水务,C
00371,2026-03-02,DAILY_DECLINE,0,0,0,0,1,33.33333333333333,1.146587895794077,0.930795847750865,-1244320.0,-0.1301644974604034,-1436264.0,北控水务,C
00371,2026-03-03,DAILY_DECLINE,0,0,0,0,1,0.0,0.9784112510911456,0.9204152249134948,-3060000.0,-0.4047818835367054,-1708412.0,北控水务,C
00371,2026-03-04,DAILY_DECLINE,0,0,0,0,1,0.0,1.2711405232182509,0.9204152249134948,-680760.0,-0.05393002027039564,-4763912.0,北控水务,C
00371,2026-03-05,DAILY_NEUTRAL,0,0,0,0,0,0.0,0.9880073039667634,0.944636678200692,9130000.0,1.3996994444837778,-3749053.0,北控水务,C
00371,2026-03-06,DAILY_NEUTRAL,0,0,0,0,0,33.33333333333333,0.9592498523336728,0.958477508650519,-3214720.0,-0.43814745271515715,3708447.0,北控水务,C
00371,2026-03-09,DAILY_DECLINE,0,0,0,0,1,0.0,0.9447080122992397,0.916955017301038,-5610000.0,-0.7930751007656215,1916219.0,北控水务,C
00371,2026-03-10,DAILY_DECLINE,0,0,0,0,1,0.0,0.7413841938903241,0.9204152249134948,-6170000.0,-0.8592583759991881,1278524.0,北控水务,C
00371,2026-03-11,DAILY_NEUTRAL,0,0,0,0,0,33.33333333333333,0.8425451852829745,0.9377162629757785,103600.0,0.06949254707170388,666024.0,北控水务,C
00371,2026-03-12,DAILY_NEUTRAL,0,0,0,0,0,33.33333333333333,0.7735219572620808,0.9411764705882353,-2880000.0,-0.35710525336805266,240216.0,北控水务,C
00371,2026-03-13,DAILY_NEUTRAL,0,0,0,0,0,33.33333333333333,1.0375432494776282,0.9717314487632509,2529660.0,0.425075827000396,-2469169.0,北控水务,C
00371,2026-03-16,DAILY_NEUTRAL,0,0,0,0,0,66.66666666666666,0.9075459301228327,0.9823321554770317,3080000.0,0.4923875206423304,-1231776.0,北控水务,C
00371,2026-03-17,DAILY_NEUTRAL,0,0,0,0,0,33.33333333333333,1.0563118958143567,0.9540636042402827,-16190000.0,-2.283993440486876,277724.0,北控水务,C
00371,2026-03-18,DAILY_NEUTRAL,0,0,0,0,0,66.66666666666666,0.7220710560104964,0.9681978798586572,-1730000.0,-0.15439665610521736,-818521.0,北控水务,C
00371,2026-03-19,DAILY_NEUTRAL,0,0,0,0,0,33.33333333333333,0.9946987383959119,0.950530035335689,-446360.0,0.029923076518654116,-1330241.0,北控水务,C
00371,2026-03-20,DAILY_NEUTRAL,0,0,0,0,0,33.33333333333333,2.008938616126331,0.9540636042402827,2070000.0,0.3633801114452061,-758695.0,北控水务,C
00371,2026-03-23,DAILY_DECLINE,0,0,0,0,1,0.0,1.6575004810183396,0.9257950530035336,-1990000.0,-0.21068648374708485,-831127.0,北控水务,C
00371,2026-03-24,DAILY_PULLBACK,0,0,1,0,0,66.66666666666666,1.1057473484449483,0.96113074204947,-18920000.0,-2.561016028396183,-1670127.0,北控水务,C
00371,2026-03-25,DAILY_PULLBACK,0,0,1,0,0,66.66666666666666,0.5730545502094265,0.9609929078014184,615960.0,0.21475318714260516,-576127.0,北控水务,C
00371,2026-03-26,DAILY_DECLINE,0,0,0,0,1,33.33333333333333,1.1204224491507724,0.9397163120567376,-1640000.0,-0.08214882889839926,-463733.0,北控水务,C
00371,2026-03-27,DAILY_NEUTRAL,0,0,0,0,0,0.0,0.8428113388125681,0.921985815602837,4834780.0,0.7949105733574162,-2104961.0,北控水务,C
00371,2026-03-30,DAILY_DECLINE,0,0,0,0,1,0.0,0.6012826646731089,0.9326241134751774,-2655700.0,-0.22259782276071421,-1349244.0,北控水务,C
00371,2026-03-31,DAILY_NEUTRAL,0,0,0,0,0,0.0,0.7184746531872392,0.9290780141843973,2890000.0,0.5191991412052731,-1411815.0,北控水务,C
00371,2026-04-01,DAILY_ACCUMULATION,0,0,0,1,0,0.0,0.7540252188004031,0.9539007092198581,834000.0,0.22765704216029045,2652685.0,北控水务,C
00371,2026-04-02,DAILY_NEUTRAL,0,0,0,0,0,0.0,0.6167731883107674,0.9539007092198581,2360000.0,0.4276949557907636,2620555.0,北控水务,C
00371,2026-04-08,DAILY_ACCUMULATION,0,0,0,1,0,33.33333333333333,1.1135399064637432,0.9468085106382979,5030000.0,0.7720126510962628,3759055.0,北控水务,C
00371,2026-04-09,DAILY_NEUTRAL,0,0,0,0,0,33.33333333333333,0.5684935550471487,0.9468085106382979,0.0,0.11114184487866084,3385863.0,北控水务,C
00371,2026-04-10,DAILY_NEUTRAL,0,0,0,0,0,33.33333333333333,0.3613838340592371,0.9397163120567376,-2100000.0,-0.16709607576781862,3636503.0,北控水务,C
00371,2026-04-13,DAILY_NEUTRAL,0,0,0,0,0,33.33333333333333,0.6343387666345006,0.9290780141843973,-2830000.0,-0.25538286354307554,2435003.0,北控水务,C
00371,2026-04-14,DAILY_ACCUMULATION,0,0,0,1,0,33.33333333333333,1.489851878237317,0.9326241134751774,20119000.0,2.847493608120014,1848883.0,北控水务,C
00371,2026-04-15,DAILY_DECLINE,0,0,0,0,1,0.0,1.0968606339045337,0.9326241134751774,-2208040.0,-0.18014507041495167,4250733.0,北控水务,C
00371,2026-04-16,DAILY_NEUTRAL,0,0,0,0,0,0.0,0.911373348755243,0.9255319148936171,669240.0,0.1960282770335293,3040010.0,北控水务,C
00371,2026-04-17,DAILY_NEUTRAL,0,0,0,0,0,0.0,4.101755690400824,0.921985815602837,1300000.0,0.28607741716185336,3294396.0,北控水务,C
00371,2026-04-20,DAILY_NEUTRAL,0,0,0,0,0,0.0,1.0598070208888315,0.9530685920577617,-850940.0,0.00504065059742226,3099896.0,北控水务,C
00371,2026-04-21,DAILY_NEUTRAL,0,0,0,0,0,66.66666666666666,1.3737267919755058,0.9963898916967509,,,,北控水务,C
00371,2026-04-22,DAILY_NEUTRAL,0,0,0,0,0,66.66666666666666,0.6091044161730863,0.9855595667870036,-616200.0,-0.013634384420399112,3451755.0,北控水务,C
00371,2026-04-23,DAILY_NEUTRAL,0,0,0,0,0,66.66666666666666,0.6839725326459771,0.9820143884892087,1280000.0,0.2366336346542542,-686793.0,北控水务,C
00371,2026-04-24,DAILY_PULLBACK,0,0,1,0,0,100.0,3.724119329352768,0.9568345323741009,-1051880.0,-0.08103342412986873,50315.0,北控水务,C
00371,2026-04-27,DAILY_PULLBACK,0,0,1,0,0,100.0,0.8647650382644089,0.960431654676259,-628460.0,-0.009514876773417039,-340815.0,北控水务,C
00371,2026-04-28,DAILY_NEUTRAL,0,0,0,0,0,100.0,0.22765233955762204,0.971223021582734,4280000.0,0.696247365032528,-1641084.0,北控水务,C
00371,2026-04-29,DAILY_NEUTRAL,0,0,0,0,0,100.0,0.264201180574053,0.9856115107913671,-50360.0,0.07141695336629218,-798098.0,北控水务,C
00371,2026-04-30,DAILY_PULLBACK,0,0,1,0,0,66.66666666666666,0.49874130238032843,0.960431654676259,2580000.0,0.44032708200858195,-764412.0,北控水务,C
00371,2026-05-04,DAILY_DECLINE,0,0,0,0,1,33.33333333333333,0.25298410386533954,0.9568345323741009,-2400000.0,-0.2622878734061009,-391673.0,北控水务,C
00371,2026-05-05,DAILY_PULLBACK,0,0,1,0,0,66.66666666666666,0.30709526739176923,0.971223021582734,0.0,0.09119769030665512,-674082.0,北控水务,C
00371,2026-05-06,DAILY_PULLBACK,0,0,1,0,0,66.66666666666666,1.1393875946045067,0.9676258992805756,-3893900.0,-0.45105468728841513,-403890.0,北控水务,C
00371,2026-05-07,DAILY_PULLBACK,0,0,1,0,0,66.66666666666666,2.6719272496620365,0.971223021582734,-1730000.0,-0.14447432381821226,-1802275.0,北控水务,C
00371,2026-05-08,DAILY_NEUTRAL,0,0,0,0,0,100.0,1.9896285385155286,0.9856115107913671,3422880.0,0.5970283664352201,-1933703.0,北控水务,C
00371,2026-05-11,DAILY_NEUTRAL,0,0,0,0,0,100.0,1.2329230203323653,1.0,-1770000.0,-0.1271328378067576,-1684771.0,北控水务,C
00371,2026-05-12,DAILY_NEUTRAL,0,0,0,0,0,100.0,1.2445253066400326,1.0035587188612098,-650980.0,0.03598879072186768,-1470271.0,北控水务,C
00371,2026-05-13,DAILY_NEUTRAL,0,0,0,0,0,100.0,0.9752344520356707,0.9824561403508771,-41280.0,0.11145470834593242,-1672918.0,北控水务,C
00371,2026-05-14,DAILY_NEUTRAL,0,0,0,0,0,100.0,1.5708550740505864,0.9965156794425086,-1010000.0,-0.057516225549237326,-1041830.0,北控水务,C
00371,2026-05-15,DAILY_NEUTRAL,0,0,0,0,0,100.0,0.8783254849585486,0.986159169550173,114900.0,0.09004442841199047,158620.0,北控水务,C
00371,2026-05-18,DAILY_NEUTRAL,0,0,0,0,0,100.0,0.9541741081867288,0.9826989619377162,-2190000.0,-0.24549660121265054,-619123.0,北控水务,C
00371,2026-05-19,DAILY_PULLBACK,0,0,1,0,0,100.0,1.0041578582437212,0.9757785467128026,-2804440.0,-0.33597602589244246,-560161.0,北控水务,C
00371,2026-05-20,DAILY_PULLBACK,0,0,1,0,0,100.0,0.8249852392004876,0.9688581314878891,-2613720.0,-0.2954796425291417,-785631.0,北控水务,C
00371,2026-05-21,DAILY_PULLBACK,0,0,1,0,0,66.66666666666666,0.8348692067196853,0.9515570934256055,1589980.0,0.3320376124004669,-1211980.0,北控水务,C
00371,2026-05-22,DAILY_NEUTRAL,0,0,0,0,0,33.33333333333333,1.8020422599265409,0.9377162629757785,15370000.0,2.406428850215248,-802293.0,北控水务,C
00371,2026-05-26,DAILY_NEUTRAL,0,0,0,0,0,33.33333333333333,0.8260312799952204,0.944636678200692,637060.0,0.1483970277796024,1544227.0,北控水务,C
00371,2026-05-27,DAILY_DECLINE,0,0,0,0,1,33.33333333333333,0.7485723341384153,0.9411764705882353,-670000.0,-0.037773064566071324,2025192.0,北控水务,C
00371,2026-05-28,DAILY_DECLINE,0,0,0,0,1,33.33333333333333,1.3943794396602631,0.9204152249134948,-1350000.0,-0.10470948294257071,2454157.0,北控水务,C
00371,2026-05-29,DAILY_NEUTRAL,0,0,0,0,0,33.33333333333333,0.62424279884847,0.9100346020761245,3480000.0,0.6092439054560062,2988401.0,北控水务,C
00371,2026-06-01,DAILY_DECLINE,0,0,0,0,1,0.0,1.0058490021566682,0.903114186851211,-2840000.0,-0.5194623558820214,3189887.0,北控水务,C
00371,2026-06-02,DAILY_DECLINE,0,0,0,0,1,0.0,1.3342847677419936,0.8858131487889274,-9680000.0,-1.7774314901740487,-181113.0,北控水务,C
00371,2026-06-03,DAILY_DECLINE,0,0,0,0,1,0.0,1.033587679257427,0.8788927335640138,-3380000.0,-0.554700654705438,-1880525.0,北控水务,C
00371,2026-06-04,DAILY_DECLINE,0,0,0,0,1,0.0,0.9542989772578055,0.8650519031141868,-2600000.0,-0.41083729752098935,-2253525.0,北控水务,C
00371,2026-06-05,DAILY_NEUTRAL,0,0,0,0,0,0.0,3.6032664352171886,0.8719723183391003,9237380.0,1.75669431655038,-2568220.0,北控水务,C
00371,2026-06-08,DAILY_NEUTRAL,0,0,0,0,0,0.0,0.9248748941695059,0.8615916955017301,999980.0,0.2523368210280685,-1965113.0,北控水务,C
00371,2026-06-09,DAILY_NEUTRAL,0,0,0,0,0,0.0,0.513770750392704,0.875432525951557,-224560.0,0.016116932717531753,-1075972.0,北控水务,C
00371,2026-06-10,DAILY_NEUTRAL,0,0,0,0,0,0.0,0.4464024654472366,0.8719723183391003,4850000.0,0.934886368381232,737844.0,北控水务,C
00371,2026-06-11,DAILY_DECLINE,0,0,0,0,1,0.0,0.2166002714436826,0.8615916955017301,-758980.0,-0.13307409662935954,2108795.0,北控水务,C
00371,2026-06-12,DAILY_NEUTRAL,0,0,0,0,0,0.0,0.5369532288283653,0.8581314878892733,1330000.0,0.2558195224849272,2512884.0,北控水务,C
00371,2026-06-15,DAILY_DECLINE,0,0,0,0,1,0.0,1.020180443258057,0.8402777777777778,-3930000.0,-0.7309877616498257,814408.0,北控水务,C
00371,2026-06-16,DAILY_DECLINE,0,0,0,0,1,0.0,1.1965565565985972,0.8397212543554007,-4330000.0,-0.7831887578415593,30657.0,北控水务,C
00371,2026-06-17,DAILY_DECLINE,0,0,0,0,1,0.0,0.618588507501505,0.8356643356643357,-363280.0,-0.027401260911717493,-683431.0,北控水务,C
00371,2026-06-18,DAILY_NEUTRAL,0,0,0,0,0,0.0,1.8564959241727832,0.8368794326241135,690000.0,0.12814087729347204,-1848145.0,北控水务,C
00371,2026-06-22,DAILY_DECLINE,0,0,0,0,1,0.0,0.46149022124269395,0.8297872340425532,-923940.0,-0.20280954700434378,-1723535.0,北控水务,C
00371,2026-06-23,DAILY_NEUTRAL,0,0,0,0,0,0.0,0.36440798045046635,0.8351254480286738,937280.0,0.17123190729193916,-2048627.0,北控水务,C
00371,2026-06-24,DAILY_NEUTRAL,0,0,0,0,0,0.0,0.737919359025633,0.8375451263537905,2230000.0,0.4341382603060284,-353535.0,北控水务,C
00371,2026-06-25,DAILY_DECLINE,0,0,0,0,1,0.0,0.9528417201236618,0.8303249097472923,-82380.0,-0.04312450015680299,878818.0,北控水务,C
00371,2026-06-26,DAILY_ACCUMULATION,0,0,0,1,0,0.0,1.199725018944663,0.8248175182481751,4310000.0,0.893930178961216,905617.0,北控水务,C
00371,2026-06-29,DAILY_ACCUMULATION,0,0,0,1,0,0.0,0.8392244350107331,0.8513011152416358,1460000.0,0.21873748735750523,1346617.0,北控水务,C
00371,2026-06-30,DAILY_DECLINE,0,0,0,0,1,0.0,0.8793809420082561,0.8496240601503758,542560.0,-0.00404457109115515,1924405.0,北控水务,C
00371,2026-07-02,DAILY_ACCUMULATION,0,0,0,1,0,0.0,1.6274579444749395,0.8533834586466165,1720000.0,0.28596273122458554,1676333.0,北控水务,C
00371,2026-07-03,DAILY_DECLINE,0,0,0,0,1,0.0,1.6405695443939632,0.89453125,-16180000.0,-3.9033005040925883,1004333.0,北控水务,C
00371,2026-07-06,DAILY_NEUTRAL,0,0,0,0,0,0.0,0.4445964352733518,0.9140624999999999,1820000.0,0.32902892689385993,-1575191.0,北控水务,C
00371,2026-07-07,DAILY_NEUTRAL,0,0,0,0,0,0.0,1.125629989576253,0.9090909090909091,4600000.0,0.905167039854233,-2294191.0,北控水务,C
00371,2026-07-08,DAILY_NEUTRAL,0,0,0,0,0,33.33333333333333,0.8178585859391397,0.9090909090909091,3900000.0,0.7474405320574641,-1434322.0,北控水务,C
00371,2026-07-09,DAILY_NEUTRAL,0,0,0,0,0,33.33333333333333,0.3737082161169899,0.9051383399209487,635180.0,0.07423445245977858,-907835.0,北控水务,C
00371,2026-07-10,DAILY_NEUTRAL,0,0,0,0,0,33.33333333333333,0.4097775500889322,0.9090909090909091,529000.0,0.04992367405649482,-1167786.0,北控水务,C
00371,2026-07-13,DAILY_NEUTRAL,0,0,0,0,0,33.33333333333333,0.7905995143558494,0.9166666666666666,1230300.0,0.18720219292898582,2390064.0,北控水务,C
00371,2026-07-14,DAILY_NEUTRAL,0,0,0,0,0,66.66666666666666,1.4648962388663829,0.9246031746031746,-1793200.0,-0.4593250369600874,2172660.0,北控水务,C
00371,2026-07-15,DAILY_ACCUMULATION,0,0,0,1,0,66.66666666666666,0.7752293449337689,0.9365079365079364,1319760.0,0.3193831820310814,1050180.0,北控水务,C
00371,2026-07-16,DAILY_ACCUMULATION,0,0,0,1,0,100.0,1.3345135907500922,0.9551020408163264,3066300.0,0.7404996467408712,271644.0,北控水务,C
00371,2026-07-17,DAILY_NEUTRAL,0,0,0,0,0,100.0,3.2523602706587114,0.987603305785124,-2568360.0,-0.6704126324576151,388053.0,北控水务,C
00371,2026-07-20,DAILY_NEUTRAL,0,0,0,0,0,100.0,1.2507305337822894,1.0333333333333334,-1673540.0,-0.4311692328443041,-121165.0,北控水务,C
00371,2026-07-21,DAILY_NEUTRAL,0,0,0,0,0,100.0,0.8900265905362552,0.967871485943775,2802520.0,0.6785151245269221,-583756.0,北控水务,C
00371,2026-07-22,DAILY_NEUTRAL,0,0,0,0,0,100.0,0.6236825649193432,0.9839357429718876,704700.0,0.14565338880772025,149065.0,北控水务,C
00371,2026-07-23,DAILY_PULLBACK,0,0,1,0,0,100.0,3.308938078219507,0.9598393574297188,5874320.0,1.4213799716896964,37682.0,北控水务,C
00371,2026-07-24,DAILY_PULLBACK,0,0,1,1,0,100.0,0.9018204993790055,0.9437751004016064,7745760.0,1.824876074136084,417070.0,北控水务,C
00371,2026-07-27,DAILY_PULLBACK,0,0,1,0,0,100.0,0.5999649789249588,0.9437751004016064,-2113320.0,-0.583565693210334,2088487.0,北控水务,C
00371,2026-07-28,DAILY_PULLBACK,0,0,1,0,0,66.66666666666666,0.49634103625158266,0.9638554216867469,-199800.0,-0.10714620106959283,2321697.0,北控水务,C
00371,2026-07-29,DAILY_PULLBACK,0,0,1,0,0,66.66666666666666,0.9957119776697865,0.9558232931726907,-4942640.0,-1.231537957601086,1804223.0,北控水务,C
00371,2026-07-30,DAILY_PULLBACK,0,0,1,0,0,66.66666666666666,0.9608469830482628,0.9518072289156626,-3163980.0,-0.7723627410661857,949015.0,北控水务,C
00371,2026-07-31,DAILY_DECLINE,0,0,0,0,1,33.33333333333333,1.4732229464337414,0.927710843373494,-1031820.0,-0.26796611020720057,-614446.0,北控水务,C
00371,2026-08-03,DAILY_DECLINE,0,0,0,0,1,33.33333333333333,0.8738348615388567,0.9196787148594376,-1043750.0,-0.2665730023517856,-3127371.0,北控水务,C
00371,2026-08-04,DAILY_DECLINE,0,0,0,0,1,33.33333333333333,0.9871596126728811,0.9196787148594376,-3175690.0,-0.782555564932586,-2770269.5,北控水务,C
00371,2026-08-05,DAILY_DECLINE,0,0,0,0,1,0.0,0.8391062588360227,0.9156626506024095,-3069990.0,-0.7493027463064925,-2976663.0,北控水务,C
00371,2026-08-06,DAILY_DECLINE,0,0,0,0,1,0.0,0.9168481235158025,0.9076305220883533,-3809890.0,-0.8984146250574708,-2253633.5,北控水务,C
00371,2026-08-07,DAILY_DECLINE,0,0,0,0,1,0.0,0.7419865161379477,0.8995983935742972,-477180.0,-0.10587603947278254,-2160562.0,北控水务,C
00371,2026-08-10,DAILY_NEUTRAL,0,0,0,0,0,0.0,0.6793225921271218,0.9076305220883533,5466640.0,1.2843845345240748,-1999325.0,北控水务,C
00371,2026-08-11,DAILY_DECLINE,0,0,0,0,1,0.0,0.35667762628856886,0.9116465863453814,-1374080.0,-0.3333828856332181,-909064.0,北控水务,C
00371,2026-08-12,DAILY_DECLINE,0,0,0,0,1,0.0,0.508305333915184,0.9076305220883533,0.0,-0.014750260127301422,-569698.0,北控水务,C
00371,2026-08-13,DAILY_DECLINE,0,0,0,0,1,0.0,1.0905884936520545,0.8995983935742972,-816220.0,-0.20266607679583187,110288.0,北控水务,C
00371,2026-08-14,DAILY_DECLINE,0,0,0,0,1,0.0,1.4400482387255094,0.8995983935742972,-1394530.0,-0.34207485636760404,903148.0,北控水务,C
00371,2026-08-17,DAILY_DECLINE,0,0,0,0,1,0.0,0.7165776347215861,0.8995983935742972,0.0,-0.025134456082785476,660986.5,北控水务,C
00371,2026-08-18,DAILY_NEUTRAL,0,0,0,0,0,0.0,0.4571925858028873,0.903225806451613,985600.0,0.19396309610426518,-516018.5,北控水务,C
00371,2026-08-19,DAILY_ACCUMULATION,0,0,0,1,0,0.0,1.3606817938459355,0.9068825910931174,1241120.0,0.2559205949819729,46763.5,北控水务,C
00371,2026-08-20,DAILY_ACCUMULATION,0,0,0,1,0,0.0,1.9080648156966609,0.9068825910931174,2387470.0,0.6519529475593323,268166.5,北控水务,C
00371,2026-08-21,DAILY_DECLINE,0,0,0,0,1,0.0,3.0922066373194403,0.908713692946058,-3884430.0,-1.0005331291994741,1083247.0,北控水务,C
00371,2026-08-24,DAILY_NEUTRAL,0,0,0,0,0,0.0,4.387753658437247,0.8464730290456431,6885760.0,1.8196103040600136,1166776.5,北控水务,C
