stock_code,trade_date,daily_state,d_breakout,d_distribution,d_pullback,d_accumulation,d_decline,d_trend_score,d_vol_ratio,d_near_high,d_inst_flow,d_flow_z,d_flow_slope,stock_name,data_quality
00700,2010-01-04,DAILY_NEUTRAL,0,0,0,0,0,0.0,,,,,,腾讯控股,B
00700,2010-01-05,DAILY_NEUTRAL,0,0,0,0,0,0.0,,,,,,腾讯控股,B
00700,2010-01-06,DAILY_NEUTRAL,0,0,0,0,0,0.0,,,,,,腾讯控股,B
00700,2010-01-07,DAILY_NEUTRAL,0,0,0,0,0,0.0,1.421055877378222,,,,,腾讯控股,B
00700,2010-01-08,DAILY_NEUTRAL,0,0,0,0,0,0.0,0.9195379147119269,,,,,腾讯控股,B
00700,2010-01-11,DAILY_NEUTRAL,0,0,0,0,0,33.33333333333333,0.8313448392234158,,,,,腾讯控股,B
00700,2010-01-12,DAILY_NEUTRAL,0,0,0,0,0,0.0,0.693458780946039,,,,,腾讯控股,B
00700,2010-01-13,DAILY_NEUTRAL,0,0,0,0,0,33.33333333333333,1.4593991211416146,,,,,腾讯控股,B
00700,2010-01-14,DAILY_NEUTRAL,0,0,0,0,0,66.66666666666666,0.8460264189102739,,,,,腾讯控股,B
00700,2010-01-15,DAILY_NEUTRAL,0,0,0,0,0,66.66666666666666,0.9916941112136185,,,,,腾讯控股,B
00700,2010-01-18,DAILY_NEUTRAL,0,0,0,0,0,66.66666666666666,1.3449796538853283,0.8609271523178808,,,,腾讯控股,B
00700,2010-01-19,DAILY_NEUTRAL,0,0,0,0,0,33.33333333333333,2.689760020294312,0.6887417218543046,,,,腾讯控股,B
00700,2010-01-20,DAILY_NEUTRAL,0,0,0,0,0,0.0,1.3873087981993553,0.5706401766004414,,,,腾讯控股,B
00700,2010-01-21,DAILY_NEUTRAL,0,0,0,0,0,0.0,1.666256966759957,0.522075055187638,,,,腾讯控股,B
00700,2010-01-22,DAILY_NEUTRAL,0,0,0,0,0,0.0,1.6437185319171992,0.47130242825607055,,,,腾讯控股,B
00700,2010-01-25,DAILY_NEUTRAL,0,0,0,0,0,0.0,0.8396177414356305,0.4448123620309051,,,,腾讯控股,B
00700,2010-01-26,DAILY_NEUTRAL,0,0,0,0,0,0.0,0.7454416222586201,0.3200883002207505,,,,腾讯控股,B
00700,2010-01-27,DAILY_NEUTRAL,0,0,0,0,0,0.0,1.0027947251991305,0.28587196467991166,,,,腾讯控股,B
00700,2010-01-28,DAILY_NEUTRAL,0,0,0,0,0,0.0,0.9781383277408545,0.3896247240618101,,,,腾讯控股,B
00700,2010-01-29,DAILY_NEUTRAL,0,0,0,0,0,0.0,0.6593018714769365,0.36313465783664456,,,,腾讯控股,B
00700,2010-02-01,DAILY_NEUTRAL,0,0,0,0,0,0.0,0.8938597672557823,0.2770419426048565,,,,腾讯控股,B
00700,2010-02-02,DAILY_NEUTRAL,0,0,0,0,0,0.0,0.7478814210123931,0.2958057395143488,,,,腾讯控股,B
00700,2010-02-03,DAILY_NEUTRAL,0,0,0,0,0,0.0,1.1734986857031113,0.4690949227373068,,,,腾讯控股,B
00700,2010-02-04,DAILY_NEUTRAL,0,0,0,0,0,0.0,0.46816719831503695,0.3852097130242826,,,,腾讯控股,B
00700,2010-02-05,DAILY_NEUTRAL,0,0,0,0,0,0.0,1.6029403482763862,0.22406181015452536,,,,腾讯控股,B
00700,2010-02-08,DAILY_NEUTRAL,0,0,0,0,0,0.0,0.8829977773349276,0.21081677704194257,,,,腾讯控股,B
00700,2010-02-09,DAILY_NEUTRAL,0,0,0,0,0,0.0,0.9312353134443174,0.15562913907284767,,,,腾讯控股,B
00700,2010-02-10,DAILY_NEUTRAL,0,0,0,0,0,0.0,0.8199607715771623,0.23289183222958054,,,,腾讯控股,B
00700,2010-02-11,DAILY_NEUTRAL,0,0,0,0,0,0.0,1.1606716321440982,0.358719646799117,,,,腾讯控股,B
00700,2010-02-12,DAILY_NEUTRAL,0,0,0,0,0,33.33333333333333,0.8293821588423023,0.42384105960264895,,,,腾讯控股,B
00700,2010-02-17,DAILY_NEUTRAL,0,0,0,0,0,66.66666666666666,0.7373432520505834,0.502267573696145,,,,腾讯控股,B
00700,2010-02-18,DAILY_NEUTRAL,0,0,0,0,0,66.66666666666666,0.4317056128858702,0.536813922356091,,,,腾讯控股,B
00700,2010-02-19,DAILY_NEUTRAL,0,0,0,0,0,33.33333333333333,0.6421289740723461,0.46776859504132234,,,,腾讯控股,B
00700,2010-02-22,DAILY_NEUTRAL,0,0,0,0,0,66.66666666666666,0.887732482249186,0.6789297658862875,,,,腾讯控股,B
00700,2010-02-23,DAILY_NEUTRAL,0,0,0,0,0,100.0,0.9447878702664306,0.8939999999999999,,,,腾讯控股,B
00700,2010-02-24,DAILY_NEUTRAL,0,0,0,0,0,100.0,0.8026190339527458,0.834,,,,腾讯控股,B
00700,2010-02-25,DAILY_NEUTRAL,0,0,0,0,0,100.0,0.7765698573880822,0.8119999999999999,,,,腾讯控股,B
00700,2010-02-26,DAILY_NEUTRAL,0,0,0,0,0,100.0,0.7790336630190016,0.916,,,,腾讯控股,B
00700,2010-03-01,DAILY_NEUTRAL,0,0,0,0,0,100.0,0.9976433125188672,1.018,,,,腾讯控股,B
00700,2010-03-02,DAILY_NEUTRAL,0,0,0,0,0,100.0,1.4710133229566278,1.106090373280943,,,,腾讯控股,B
00700,2010-03-03,DAILY_NEUTRAL,0,0,0,0,0,100.0,0.8097450120501322,1.0156794425087108,,,,腾讯控股,B
00700,2010-03-04,DAILY_PULLBACK,0,0,1,0,0,100.0,1.2145586020134076,0.8109028960817717,,,,腾讯控股,B
00700,2010-03-05,DAILY_NEUTRAL,0,0,0,0,0,100.0,1.5386652165657244,0.9710391822827938,,,,腾讯控股,B
00700,2010-03-08,DAILY_NEUTRAL,0,0,0,0,0,100.0,1.1384485573748366,1.049403747870528,,,,腾讯控股,B
00700,2010-03-09,DAILY_NEUTRAL,0,0,0,0,0,100.0,0.6415601567342173,0.9475357710651828,,,,腾讯控股,B
00700,2010-03-10,DAILY_NEUTRAL,0,0,0,0,0,100.0,1.188608727555531,1.0588235294117647,,,,腾讯控股,B
00700,2010-03-11,DAILY_NEUTRAL,0,0,0,0,0,100.0,0.7424924348109597,0.9734904270986746,,,,腾讯控股,B
00700,2010-03-12,DAILY_PULLBACK,0,0,1,0,0,100.0,0.7730848024765546,0.91899852724595,,,,腾讯控股,B
00700,2010-03-15,DAILY_NEUTRAL,0,0,0,0,0,100.0,1.2880010124690222,1.089837997054492,,,,腾讯控股,B
00700,2010-03-16,DAILY_NEUTRAL,0,0,0,0,0,100.0,2.2373954453628024,0.9464524765729586,,,,腾讯控股,B
00700,2010-03-17,DAILY_NEUTRAL,0,0,0,0,0,100.0,1.2960480640478416,0.9491298527443106,,,,腾讯控股,B
00700,2010-03-18,DAILY_NEUTRAL,0,0,0,0,0,66.66666666666666,2.5312596224810178,0.7222963951935915,,,,腾讯控股,B
00700,2010-03-19,DAILY_NEUTRAL,0,0,0,0,0,66.66666666666666,2.1515704462732046,0.7049399198931909,,,,腾讯控股,B
00700,2010-03-22,DAILY_NEUTRAL,0,0,0,0,0,33.33333333333333,0.46269825628819516,0.6995994659546062,,,,腾讯控股,B
00700,2010-03-23,DAILY_NEUTRAL,0,0,0,0,0,33.33333333333333,0.4475637672745112,0.7583444592790387,,,,腾讯控股,B
00700,2010-03-24,DAILY_NEUTRAL,0,0,0,0,0,33.33333333333333,0.6172828152349428,0.7610146862483311,,,,腾讯控股,B
00700,2010-03-25,DAILY_NEUTRAL,0,0,0,0,0,33.33333333333333,0.5435514148322473,0.7516688918558077,,,,腾讯控股,B
00700,2010-03-26,DAILY_NEUTRAL,0,0,0,0,0,33.33333333333333,0.6162051333740941,0.7570093457943925,,,,腾讯控股,B
00700,2010-03-29,DAILY_NEUTRAL,0,0,0,0,0,0.0,0.6268311042106521,0.7903871829105473,,,,腾讯控股,B
00700,2010-03-30,DAILY_NEUTRAL,0,0,0,0,0,0.0,1.1233028479029008,0.7423230974632843,,,,腾讯控股,B
00700,2010-03-31,DAILY_NEUTRAL,0,0,0,0,0,33.33333333333333,0.759934873736888,0.6995994659546062,,,,腾讯控股,B
00700,2010-04-01,DAILY_NEUTRAL,0,0,0,0,0,0.0,1.3874105302038393,0.658210947930574,,,,腾讯控股,B
00700,2010-04-07,DAILY_NEUTRAL,0,0,0,0,0,0.0,2.4046573939895457,0.7049399198931909,,,,腾讯控股,B
00700,2010-04-08,DAILY_NEUTRAL,0,0,0,0,0,0.0,0.7778291705714946,0.7489986648865153,,,,腾讯控股,B
00700,2010-04-09,DAILY_NEUTRAL,0,0,0,0,0,33.33333333333333,1.2347102183983156,0.8371161548731642,,,,腾讯控股,B
00700,2010-04-12,DAILY_NEUTRAL,0,0,0,0,0,66.66666666666666,0.9988014356384151,0.8424566088117489,,,,腾讯控股,B
00700,2010-04-13,DAILY_NEUTRAL,0,0,0,0,0,66.66666666666666,0.8194715012096928,0.82109479305741,,,,腾讯控股,B
00700,2010-04-14,DAILY_NEUTRAL,0,0,0,0,0,66.66666666666666,0.364783369765727,0.8251001335113484,,,,腾讯控股,B
00700,2010-04-15,DAILY_NEUTRAL,0,0,0,0,0,66.66666666666666,0.5271108146788936,0.7890520694259012,,,,腾讯控股,B
00700,2010-04-16,DAILY_PULLBACK,0,0,1,0,0,66.66666666666666,0.7066334174926764,0.7663551401869159,,,,腾讯控股,B
00700,2010-04-19,DAILY_NEUTRAL,0,0,0,0,0,66.66666666666666,1.0216970274628794,0.6955941255006676,,,,腾讯控股,B
00700,2010-04-20,DAILY_NEUTRAL,0,0,0,0,0,33.33333333333333,0.9245982156943411,0.7795389048991355,,,,腾讯控股,B
00700,2010-04-21,DAILY_NEUTRAL,0,0,0,0,0,33.33333333333333,1.3549170538144806,0.7925072046109509,,,,腾讯控股,B
00700,2010-04-22,DAILY_NEUTRAL,0,0,0,0,0,33.33333333333333,0.9011206196707469,0.8112391930835734,,,,腾讯控股,B
00700,2010-04-23,DAILY_PULLBACK,0,0,1,0,0,66.66666666666666,1.902506547201313,0.9178674351585014,,,,腾讯控股,B
00700,2010-04-26,DAILY_NEUTRAL,0,0,0,0,0,100.0,1.0735538411127303,0.9841498559077809,,,,腾讯控股,B
00700,2010-04-27,DAILY_NEUTRAL,0,0,0,0,0,100.0,0.6776785895056079,0.8748221906116643,,,,腾讯控股,B
00700,2010-04-28,DAILY_PULLBACK,0,0,1,0,0,100.0,0.7376752977323725,0.8321479374110953,,,,腾讯控股,B
00700,2010-04-29,DAILY_PULLBACK,0,0,1,0,0,100.0,0.7220656269964424,0.856330014224751,,,,腾讯控股,B
00700,2010-04-30,DAILY_NEUTRAL,0,0,0,0,0,100.0,0.9945745926314072,0.9445234708392602,,,,腾讯控股,B
00700,2010-05-03,DAILY_NEUTRAL,0,0,0,0,0,100.0,1.2451885010406714,0.9715504978662873,,,,腾讯控股,B
00700,2010-05-04,DAILY_NEUTRAL,0,0,0,0,0,100.0,1.3595583513730025,0.997163120567376,,,,腾讯控股,B
00700,2010-05-05,DAILY_PULLBACK,0,0,1,0,0,100.0,1.1816913168742136,0.8528198074277855,,,,腾讯控股,B
00700,2010-05-06,DAILY_NEUTRAL,0,0,0,0,0,66.66666666666666,1.6798267284862405,0.7138927097661624,,,,腾讯控股,B
00700,2010-05-07,DAILY_NEUTRAL,0,0,0,0,0,33.33333333333333,1.6505022475615228,0.6354883081155434,,,,腾讯控股,B
00700,2010-05-10,DAILY_NEUTRAL,0,0,0,0,0,33.33333333333333,0.6423135562343317,0.6905089408528198,,,,腾讯控股,B
00700,2010-05-11,DAILY_NEUTRAL,0,0,0,0,0,0.0,1.1649061628383486,0.6905089408528198,,,,腾讯控股,B
00700,2010-05-12,DAILY_NEUTRAL,0,0,0,0,0,0.0,1.393020984918013,0.6176066024759286,,,,腾讯控股,B
00700,2010-05-13,DAILY_NEUTRAL,0,0,0,0,0,33.33333333333333,1.5865386457276505,0.8101788170563962,,,,腾讯控股,B
00700,2010-05-14,DAILY_NEUTRAL,0,0,0,0,0,33.33333333333333,1.0759839248236511,0.8734525447042641,,,,腾讯控股,B
00700,2010-05-17,DAILY_NEUTRAL,0,0,0,0,0,0.0,1.190662087837416,0.6905089408528198,,,,腾讯控股,B
00700,2010-05-18,DAILY_NEUTRAL,0,0,0,0,0,33.33333333333333,0.5289910478895096,0.7083906464924348,,,,腾讯控股,B
00700,2010-05-19,DAILY_NEUTRAL,0,0,0,0,0,33.33333333333333,0.519703603760938,0.624484181568088,,,,腾讯控股,B
00700,2010-05-20,DAILY_NEUTRAL,0,0,0,0,0,33.33333333333333,0.9427282807073211,0.5639614855570839,,,,腾讯控股,B
00700,2010-05-24,DAILY_NEUTRAL,0,0,0,0,0,0.0,1.0174141410975002,0.5281980742778543,,,,腾讯控股,B
00700,2010-05-25,DAILY_NEUTRAL,0,0,0,0,0,0.0,1.1492142022298906,0.39202200825309497,,,,腾讯控股,B
00700,2010-05-26,DAILY_NEUTRAL,0,0,0,0,0,0.0,1.4410618939038085,0.5488308115543329,,,,腾讯控股,B
00700,2010-05-27,DAILY_NEUTRAL,0,0,0,0,0,0.0,0.7975583880093592,0.5997248968363137,,,,腾讯控股,B
00700,2010-05-28,DAILY_NEUTRAL,0,0,0,0,0,0.0,0.7490508531653028,0.5887207702888584,,,,腾讯控股,B
00700,2010-05-31,DAILY_NEUTRAL,0,0,0,0,0,0.0,0.41496730703721696,0.5887207702888584,,,,腾讯控股,B
00700,2010-06-01,DAILY_NEUTRAL,0,0,0,0,0,33.33333333333333,0.5477591589814945,0.5735900962861074,,,,腾讯控股,B
00700,2010-06-02,DAILY_NEUTRAL,0,0,0,0,0,33.33333333333333,0.7162379664401205,0.6299862448418158,,,,腾讯控股,B
00700,2010-06-03,DAILY_NEUTRAL,0,0,0,0,0,33.33333333333333,1.0296960980797523,0.6856287425149701,,,,腾讯控股,B
00700,2010-06-04,DAILY_NEUTRAL,0,0,0,0,0,33.33333333333333,0.9093965963881354,0.6601796407185629,,,,腾讯控股,B
00700,2010-06-07,DAILY_NEUTRAL,0,0,0,0,0,33.33333333333333,1.2984834694442244,0.5508982035928144,,,,腾讯控股,B
00700,2010-06-08,DAILY_NEUTRAL,0,0,0,0,0,0.0,3.0170991881552225,0.4625748502994012,,,,腾讯控股,B
00700,2010-06-09,DAILY_NEUTRAL,0,0,0,0,0,0.0,3.8188948157590286,0.2874251497005988,,,,腾讯控股,B
00700,2010-06-10,DAILY_NEUTRAL,0,0,0,0,0,0.0,3.2093079480147964,0.011976047904191617,,,,腾讯控股,B
00700,2010-06-11,DAILY_NEUTRAL,0,0,0,0,0,0.0,1.0804106156216637,0.1631736526946108,,,,腾讯控股,B
00700,2010-06-14,DAILY_NEUTRAL,0,0,0,0,0,0.0,0.4956493617111246,0.12574850299401197,,,,腾讯控股,B
00700,2010-06-15,DAILY_NEUTRAL,0,0,0,0,0,0.0,0.7181928122292438,0.013468013468013467,,,,腾讯控股,B
00700,2010-06-17,DAILY_NEUTRAL,0,0,0,0,0,0.0,0.8385255738116112,-0.06766917293233082,,,,腾讯控股,B
00700,2010-06-18,DAILY_NEUTRAL,0,0,0,0,0,0.0,1.6010091283612347,0.09881422924901187,,,,腾讯控股,B
00700,2010-06-21,DAILY_NEUTRAL,0,0,0,0,0,0.0,0.6600252540305565,0.19517102615694165,,,,腾讯控股,B
00700,2010-06-22,DAILY_NEUTRAL,0,0,0,0,0,0.0,0.9262393444422156,-0.03621730382293763,,,,腾讯控股,B
00700,2010-06-23,DAILY_NEUTRAL,0,0,0,0,0,0.0,1.3849122206504194,-0.07645875251509054,,,,腾讯控股,B
00700,2010-06-24,DAILY_NEUTRAL,0,0,0,0,0,0.0,0.42538665734115194,-0.024144869215291753,,,,腾讯控股,B
00700,2010-06-25,DAILY_NEUTRAL,0,0,0,0,0,0.0,0.3982182100453073,0.1006036217303823,,,,腾讯控股,B
00700,2010-06-28,DAILY_NEUTRAL,0,0,0,0,0,0.0,0.4317855671203364,0.12072434607645875,,,,腾讯控股,B
00700,2010-06-29,DAILY_NEUTRAL,0,0,0,0,0,0.0,0.5769118231244501,0.03420523138832998,,,,腾讯控股,B
00700,2010-06-30,DAILY_NEUTRAL,0,0,0,0,0,33.33333333333333,0.6128034226602105,0.130784708249497,,,,腾讯控股,B
00700,2010-07-02,DAILY_NEUTRAL,0,0,0,0,0,33.33333333333333,1.0008247786024596,0.09859154929577466,,,,腾讯控股,B
00700,2010-07-05,DAILY_NEUTRAL,0,0,0,0,0,33.33333333333333,0.5598104993987897,0.1267605633802817,,,,腾讯控股,B
00700,2010-07-06,DAILY_NEUTRAL,0,0,0,0,0,66.66666666666666,1.2329848900426272,0.28370221327967804,,,,腾讯控股,B
00700,2010-07-07,DAILY_NEUTRAL,0,0,0,0,0,66.66666666666666,1.387726626421476,0.4394736842105263,,,,腾讯控股,B
00700,2010-07-08,DAILY_NEUTRAL,0,0,0,0,0,100.0,0.8415784963410367,0.5247252747252746,,,,腾讯控股,B
00700,2010-07-09,DAILY_NEUTRAL,0,0,0,0,0,100.0,0.8534818757661784,0.723127035830619,,,,腾讯控股,B
00700,2010-07-12,DAILY_NEUTRAL,0,0,0,0,0,100.0,0.4274490914419077,0.9437229437229437,,,,腾讯控股,B
00700,2010-07-13,DAILY_NEUTRAL,0,0,0,0,0,100.0,0.5737662723444741,1.0086580086580086,,,,腾讯控股,B
00700,2010-07-14,DAILY_PULLBACK,0,0,1,0,0,100.0,0.9130335233788217,0.8791666666666667,,,,腾讯控股,B
00700,2010-07-15,DAILY_PULLBACK,0,0,1,0,0,100.0,1.1804737198478625,0.6293436293436293,,,,腾讯控股,B
00700,2010-07-16,DAILY_NEUTRAL,0,0,0,0,0,100.0,0.9028347559303963,0.8146718146718147,,,,腾讯控股,B
00700,2010-07-19,DAILY_NEUTRAL,0,0,0,0,0,100.0,0.9971427311788971,0.8996138996138997,,,,腾讯控股,B
00700,2010-07-20,DAILY_PULLBACK,0,0,1,0,0,66.66666666666666,0.7062276123845406,0.7567567567567568,,,,腾讯控股,B
00700,2010-07-21,DAILY_PULLBACK,0,0,1,0,0,66.66666666666666,0.9299085556183992,0.8339768339768341,,,,腾讯控股,B
00700,2010-07-22,DAILY_PULLBACK,0,0,1,0,0,66.66666666666666,1.1091677008052732,0.7220077220077221,,,,腾讯控股,B
00700,2010-07-23,DAILY_PULLBACK,0,0,1,0,0,66.66666666666666,1.5660915056640266,0.7837837837837838,,,,腾讯控股,B
00700,2010-07-26,DAILY_PULLBACK,0,0,1,0,0,66.66666666666666,1.4106967178767862,0.8069498069498069,,,,腾讯控股,B
00700,2010-07-27,DAILY_NEUTRAL,0,0,0,0,0,100.0,2.2708414844211235,1.142857142857143,,,,腾讯控股,B
00700,2010-07-28,DAILY_NEUTRAL,0,0,0,0,0,100.0,1.6164434609725564,1.1320754716981132,,,,腾讯控股,B
00700,2010-07-29,DAILY_NEUTRAL,0,0,0,0,0,100.0,1.0529315528710592,1.0580474934036939,,,,腾讯控股,B
00700,2010-07-30,DAILY_NEUTRAL,0,0,0,0,0,100.0,0.8861920233833652,1.0096385542168675,,,,腾讯控股,B
00700,2010-08-02,DAILY_NEUTRAL,0,0,0,0,0,100.0,0.4895054673539306,1.0393518518518519,,,,腾讯控股,B
00700,2010-08-03,DAILY_NEUTRAL,0,0,0,0,0,100.0,0.7258671692453306,0.9405520169851379,,,,腾讯控股,B
00700,2010-08-04,DAILY_NEUTRAL,0,0,0,0,0,100.0,0.602644497371233,1.0125000000000002,,,,腾讯控股,B
00700,2010-08-05,DAILY_NEUTRAL,0,0,0,0,0,100.0,0.44166513276795927,0.9656565656565657,,,,腾讯控股,B
00700,2010-08-06,DAILY_NEUTRAL,0,0,0,0,0,100.0,0.6074752188362404,0.9616161616161616,,,,腾讯控股,B
00700,2010-08-09,DAILY_NEUTRAL,0,0,0,0,0,100.0,0.6626560182210481,0.9959595959595958,,,,腾讯控股,B
00700,2010-08-10,DAILY_NEUTRAL,0,0,0,0,0,100.0,1.7689358142033837,1.0381526104417669,,,,腾讯控股,B
00700,2010-08-11,DAILY_PULLBACK,0,0,1,0,0,100.0,1.4827078156275253,0.7537593984962405,,,,腾讯控股,B
00700,2010-08-12,DAILY_NEUTRAL,0,0,0,0,0,33.33333333333333,2.583439422881396,0.5657894736842105,,,,腾讯控股,B
00700,2010-08-13,DAILY_NEUTRAL,0,0,0,0,0,33.33333333333333,1.265678773989174,0.6184210526315789,,,,腾讯控股,B
00700,2010-08-16,DAILY_NEUTRAL,0,0,0,0,0,33.33333333333333,0.53116994952227,0.6522556390977443,,,,腾讯控股,B
00700,2010-08-17,DAILY_NEUTRAL,0,0,0,0,0,33.33333333333333,0.30311316339103705,0.6917293233082706,,,,腾讯控股,B
00700,2010-08-18,DAILY_NEUTRAL,0,0,0,0,0,33.33333333333333,0.6013536665141211,0.6936090225563909,,,,腾讯控股,B
00700,2010-08-19,DAILY_PULLBACK,0,0,1,0,0,66.66666666666666,1.272046277686064,0.7593984962406015,,,,腾讯控股,B
00700,2010-08-20,DAILY_NEUTRAL,0,0,0,0,0,33.33333333333333,0.6885898521750755,0.75,,,,腾讯控股,B
00700,2010-08-23,DAILY_NEUTRAL,0,0,0,0,0,33.33333333333333,0.4684550934445841,0.7330827067669172,,,,腾讯控股,B
00700,2010-08-24,DAILY_NEUTRAL,0,0,0,0,0,33.33333333333333,1.523136675796803,0.5037593984962406,,,,腾讯控股,B
00700,2010-08-25,DAILY_NEUTRAL,0,0,0,0,0,0.0,2.276228087894631,0.400375939849624,,,,腾讯控股,B
00700,2010-08-26,DAILY_NEUTRAL,0,0,0,0,0,0.0,0.9588750586787993,0.4699248120300752,,,,腾讯控股,B
00700,2010-08-27,DAILY_NEUTRAL,0,0,0,0,0,0.0,0.41404641246792295,0.48684210526315785,,,,腾讯控股,B
00700,2010-08-30,DAILY_NEUTRAL,0,0,0,0,0,0.0,0.7645977732626958,0.5733082706766917,,,,腾讯控股,B
00700,2010-08-31,DAILY_NEUTRAL,0,0,0,0,0,0.0,0.7134372745052936,0.5319548872180451,,,,腾讯控股,B
00700,2010-09-01,DAILY_NEUTRAL,0,0,0,0,0,0.0,0.7726058533588852,0.537593984962406,,,,腾讯控股,B
00700,2010-09-02,DAILY_NEUTRAL,0,0,0,0,0,0.0,0.8606722503561463,0.5169172932330827,,,,腾讯控股,B
00700,2010-09-03,DAILY_NEUTRAL,0,0,0,0,0,33.33333333333333,1.530543585992152,0.631578947368421,,,,腾讯控股,B
00700,2010-09-06,DAILY_NEUTRAL,0,0,0,0,0,66.66666666666666,2.1477732821757614,0.8364661654135338,,,,腾讯控股,B
00700,2010-09-07,DAILY_NEUTRAL,0,0,0,0,0,66.66666666666666,1.124160776460616,0.8251879699248119,,,,腾讯控股,B
00700,2010-09-08,DAILY_NEUTRAL,0,0,0,0,0,66.66666666666666,1.0326099849950225,0.7930367504835589,,,,腾讯控股,B
00700,2010-09-09,DAILY_NEUTRAL,0,0,0,0,0,100.0,0.4684872855330025,0.9175475687103593,,,,腾讯控股,B
00700,2010-09-10,DAILY_PULLBACK,0,0,1,0,0,100.0,0.532767534657337,0.8900634249471457,,,,腾讯控股,B
00700,2010-09-13,DAILY_NEUTRAL,0,0,0,0,0,100.0,1.035691935525311,1.014799154334038,,,,腾讯控股,B
00700,2010-09-14,DAILY_NEUTRAL,0,0,0,0,0,100.0,1.0196980244666125,1.0020120724346078,,,,腾讯控股,B
00700,2010-09-15,DAILY_NEUTRAL,0,0,0,0,0,100.0,0.975693962193372,0.9608610567514677,,,,腾讯控股,B
00700,2010-09-16,DAILY_NEUTRAL,0,0,0,0,0,100.0,1.0174254789687198,0.9960861056751467,,,,腾讯控股,B
00700,2010-09-17,DAILY_NEUTRAL,0,0,0,0,0,100.0,1.0393042420081047,0.9757009345794393,,,,腾讯控股,B
00700,2010-09-20,DAILY_NEUTRAL,0,0,0,0,0,100.0,1.165849202894696,1.0598130841121496,,,,腾讯控股,B
00700,2010-09-21,DAILY_NEUTRAL,0,0,0,0,0,100.0,1.261428776330928,1.0576923076923077,,,,腾讯控股,B
00700,2010-09-22,DAILY_NEUTRAL,0,0,0,0,0,100.0,1.007286174750776,0.9154471544715447,,,,腾讯控股,B
00700,2010-09-24,DAILY_NEUTRAL,0,0,0,0,0,100.0,0.9280933972507285,0.9935897435897436,,,,腾讯控股,B
00700,2010-09-27,DAILY_NEUTRAL,0,0,0,0,0,100.0,2.711264647409395,1.232371794871795,,,,腾讯控股,B
00700,2010-09-28,DAILY_NEUTRAL,0,0,0,0,0,100.0,1.374895128285607,1.0167741935483872,,,,腾讯控股,B
00700,2010-09-29,DAILY_NEUTRAL,0,0,0,0,0,100.0,0.8384314772595511,0.941031941031941,,,,腾讯控股,B
00700,2010-09-30,DAILY_NEUTRAL,0,0,0,0,0,100.0,0.7730514210507493,0.9656019656019655,,,,腾讯控股,B
00700,2010-10-04,DAILY_NEUTRAL,0,0,0,0,0,100.0,0.6970376325297039,1.0294840294840295,,,,腾讯控股,B
00700,2010-10-05,DAILY_PULLBACK,0,0,1,0,0,100.0,0.6080954634272314,0.8600451467268624,,,,腾讯控股,B
00700,2010-10-06,DAILY_NEUTRAL,0,0,0,0,0,100.0,0.5473408646071356,0.9018058690744922,,,,腾讯控股,B
00700,2010-10-07,DAILY_PULLBACK,0,0,1,0,0,100.0,1.2370895285678059,0.8498871331828444,,,,腾讯控股,B
00700,2010-10-08,DAILY_NEUTRAL,0,0,0,0,0,100.0,1.237679343389876,0.9458239277652372,,,,腾讯控股,B
00700,2010-10-11,DAILY_NEUTRAL,0,0,0,0,0,100.0,1.732503163319153,1.0225733634311513,,,,腾讯控股,B
00700,2010-10-12,DAILY_NEUTRAL,0,0,0,0,0,100.0,1.8509544540768421,1.083953241232731,,,,腾讯控股,B
00700,2010-10-13,DAILY_NEUTRAL,0,0,0,0,0,100.0,1.3097738363508136,1.02007299270073,,,,腾讯控股,B
00700,2010-10-14,DAILY_NEUTRAL,0,0,0,0,0,100.0,0.9693546978279658,0.8825042881646654,,,,腾讯控股,B
00700,2010-10-15,DAILY_NEUTRAL,0,0,0,0,0,100.0,0.7506564521934732,0.8635990139687757,,,,腾讯控股,B
00700,2010-10-18,DAILY_NEUTRAL,0,0,0,0,0,100.0,0.5195501402394667,0.8931799506984387,,,,腾讯控股,B
00700,2010-10-19,DAILY_PULLBACK,0,0,1,0,0,100.0,0.6501851396699322,0.8685291700903862,,,,腾讯控股,B
00700,2010-10-20,DAILY_PULLBACK,0,0,1,0,0,100.0,0.7161016715630644,0.8290879211175021,,,,腾讯控股,B
00700,2010-10-21,DAILY_NEUTRAL,0,0,0,0,0,100.0,0.9808034635873237,0.8956450287592441,,,,腾讯控股,B
00700,2010-10-22,DAILY_NEUTRAL,0,0,0,0,0,100.0,0.5242273327685724,0.8775677896466721,,,,腾讯控股,B
00700,2010-10-25,DAILY_PULLBACK,0,0,1,0,0,66.66666666666666,0.5550298350247451,0.8866064092029581,,,,腾讯控股,B
00700,2010-10-26,DAILY_PULLBACK,0,0,1,0,0,66.66666666666666,0.834969098777383,0.8340180772391126,,,,腾讯控股,B
00700,2010-10-27,DAILY_PULLBACK,0,0,1,0,0,66.66666666666666,0.9431657120544372,0.7838948233360722,,,,腾讯控股,B
00700,2010-10-28,DAILY_NEUTRAL,0,0,0,0,0,33.33333333333333,1.0568226892010453,0.7502054231717339,,,,腾讯控股,B
00700,2010-10-29,DAILY_NEUTRAL,0,0,0,0,0,33.33333333333333,1.8684163745546527,0.7658175842235004,,,,腾讯控股,B
00700,2010-11-01,DAILY_PULLBACK,0,0,1,0,0,66.66666666666666,1.031761116159488,0.8792111750205422,,,,腾讯控股,B
00700,2010-11-02,DAILY_PULLBACK,0,0,1,0,0,66.66666666666666,1.14184736303968,0.8833196384552178,,,,腾讯控股,B
00700,2010-11-03,DAILY_PULLBACK,0,0,1,0,0,66.66666666666666,1.1820181056428403,0.9112571898110107,,,,腾讯控股,B
00700,2010-11-04,DAILY_NEUTRAL,0,0,0,0,0,66.66666666666666,3.141426177859686,0.8233360723089564,,,,腾讯控股,B
00700,2010-11-05,DAILY_NEUTRAL,0,0,0,0,0,33.33333333333333,1.0600722739128174,0.8455217748562037,,,,腾讯控股,B
00700,2010-11-08,DAILY_NEUTRAL,0,0,0,0,0,33.33333333333333,1.3767557592984436,0.7863599013968776,,,,腾讯控股,B
00700,2010-11-09,DAILY_NEUTRAL,0,0,0,0,0,33.33333333333333,0.9316502247686167,0.8258011503697618,,,,腾讯控股,B
00700,2010-11-10,DAILY_NEUTRAL,0,0,0,0,0,0.0,0.847283321276262,0.7732128184059162,,,,腾讯控股,B
00700,2010-11-11,DAILY_NEUTRAL,0,0,0,0,0,0.0,1.1186308522528476,0.7592440427280197,,,,腾讯控股,B
00700,2010-11-12,DAILY_NEUTRAL,0,0,0,0,0,0.0,0.9825023073814609,0.7768090671316478,,,,腾讯控股,B
00700,2010-11-15,DAILY_NEUTRAL,0,0,0,0,0,0.0,0.5913073025600809,0.8413251961639058,,,,腾讯控股,B
00700,2010-11-16,DAILY_NEUTRAL,0,0,0,0,0,0.0,1.0232810177435085,0.7480383609415867,,,,腾讯控股,B
00700,2010-11-17,DAILY_NEUTRAL,0,0,0,0,0,0.0,1.0073877334766166,0.6390584132519616,,,,腾讯控股,B
00700,2010-11-18,DAILY_NEUTRAL,0,0,0,0,0,0.0,0.6621635937534998,0.7707061900610287,,,,腾讯控股,B
00700,2010-11-19,DAILY_NEUTRAL,0,0,0,0,0,0.0,0.5117644894573457,0.7916303400174367,,,,腾讯控股,B
00700,2010-11-22,DAILY_NEUTRAL,0,0,0,0,0,0.0,0.6996651395758947,0.7768090671316478,,,,腾讯控股,B
00700,2010-11-23,DAILY_NEUTRAL,0,0,0,0,0,0.0,1.0737967617244475,0.6800348735832606,,,,腾讯控股,B
00700,2010-11-24,DAILY_NEUTRAL,0,0,0,0,0,0.0,1.2121639649527831,0.6608544027898866,,,,腾讯控股,B
00700,2010-11-25,DAILY_NEUTRAL,0,0,0,0,0,0.0,1.0159037498891133,0.6285963382737576,,,,腾讯控股,B
00700,2010-11-26,DAILY_NEUTRAL,0,0,0,0,0,0.0,0.8572279213915512,0.6285963382737576,,,,腾讯控股,B
00700,2010-11-29,DAILY_NEUTRAL,0,0,0,0,0,0.0,1.0820947496354085,0.7218831734960767,,,,腾讯控股,B
00700,2010-11-30,DAILY_NEUTRAL,0,0,0,0,0,0.0,1.3298141280428377,0.7349607672188316,,,,腾讯控股,B
00700,2010-12-01,DAILY_NEUTRAL,0,0,0,0,0,0.0,0.7897771128742095,0.7558849171752398,,,,腾讯控股,B
00700,2010-12-02,DAILY_NEUTRAL,0,0,0,0,0,66.66666666666666,0.6932653034096359,0.8616822429906543,,,,腾讯控股,B
00700,2010-12-03,DAILY_NEUTRAL,0,0,0,0,0,33.33333333333333,0.6688059473709328,0.769158878504673,,,,腾讯控股,B
00700,2010-12-06,DAILY_NEUTRAL,0,0,0,0,0,66.66666666666666,0.9978569332704785,0.8477640342530923,,,,腾讯控股,B
00700,2010-12-07,DAILY_NEUTRAL,0,0,0,0,0,66.66666666666666,0.900207214852595,0.9321047526673132,,,,腾讯控股,B
00700,2010-12-08,DAILY_NEUTRAL,0,0,0,0,0,66.66666666666666,0.8796040684811832,0.8715686274509805,,,,腾讯控股,B
00700,2010-12-09,DAILY_NEUTRAL,0,0,0,0,0,100.0,0.6519988785500944,0.9279999999999999,,,,腾讯控股,B
00700,2010-12-10,DAILY_NEUTRAL,0,0,0,0,0,100.0,1.234255028382483,1.0388548057259714,,,,腾讯控股,B
00700,2010-12-13,DAILY_NEUTRAL,0,0,0,0,0,100.0,0.9946650166995392,0.951171875,,,,腾讯控股,B
00700,2010-12-14,DAILY_NEUTRAL,0,0,0,0,0,100.0,0.9506790515219732,0.9584513692162417,,,,腾讯控股,B
00700,2010-12-15,DAILY_PULLBACK,0,0,1,0,0,100.0,1.2125471900832974,0.8923512747875354,,,,腾讯控股,B
00700,2010-12-16,DAILY_NEUTRAL,0,0,0,0,0,66.66666666666666,1.429903025810715,0.8149197355996224,,,,腾讯控股,B
00700,2010-12-17,DAILY_NEUTRAL,0,0,0,0,0,33.33333333333333,0.9751425876218618,0.8101983002832861,,,,腾讯控股,B
00700,2010-12-20,DAILY_NEUTRAL,0,0,0,0,0,33.33333333333333,0.8922970677280576,0.7705382436260624,,,,腾讯控股,B
00700,2010-12-21,DAILY_NEUTRAL,0,0,0,0,0,33.33333333333333,0.65969675657463,0.8101983002832861,,,,腾讯控股,B
00700,2010-12-22,DAILY_NEUTRAL,0,0,0,0,0,33.33333333333333,0.6722293743476419,0.8186968838526912,,,,腾讯控股,B
00700,2010-12-23,DAILY_NEUTRAL,0,0,0,0,0,33.33333333333333,0.5510309194099204,0.797922568460812,,,,腾讯控股,B
00700,2010-12-24,DAILY_NEUTRAL,0,0,0,0,0,0.0,0.31060179419393374,0.813975448536355,,,,腾讯控股,B
00700,2010-12-28,DAILY_NEUTRAL,0,0,0,0,0,0.0,0.7752361457812116,0.7913125590179415,,,,腾讯控股,B
00700,2010-12-29,DAILY_NEUTRAL,0,0,0,0,0,0.0,0.9409485671528636,0.7960339943342776,,,,腾讯控股,B
00700,2010-12-30,DAILY_NEUTRAL,0,0,0,0,0,0.0,1.7730296185406458,0.7790368271954674,,,,腾讯控股,B
00700,2010-12-31,DAILY_NEUTRAL,0,0,0,0,0,0.0,0.8899916218742775,0.7299338999055713,,,,腾讯控股,B
00700,2011-01-03,DAILY_NEUTRAL,0,0,0,0,0,0.0,1.3645808719976225,0.826251180358829,,,,腾讯控股,B
00700,2011-01-04,DAILY_NEUTRAL,0,0,0,0,0,33.33333333333333,1.5572405412474835,0.8866855524079321,,,,腾讯控股,B
00700,2011-01-05,DAILY_NEUTRAL,0,0,0,0,0,66.66666666666666,0.7699792274083074,0.9074598677998111,,,,腾讯控股,B
00700,2011-01-06,DAILY_NEUTRAL,0,0,0,0,0,66.66666666666666,1.1497849214794411,0.9235127478753541,,,,腾讯控股,B
00700,2011-01-07,DAILY_NEUTRAL,0,0,0,0,0,66.66666666666666,0.6558360142610347,0.8885741265344665,,,,腾讯控股,B
00700,2011-01-10,DAILY_PULLBACK,0,0,1,0,0,100.0,0.8732629805729357,0.898961284230406,,,,腾讯控股,B
00700,2011-01-11,DAILY_NEUTRAL,0,0,0,0,0,100.0,0.9225228802933281,0.9178470254957508,,,,腾讯控股,B
00700,2011-01-12,DAILY_NEUTRAL,0,0,0,0,0,100.0,3.6306086290018764,1.0608695652173914,,,,腾讯控股,B
00700,2011-01-13,DAILY_NEUTRAL,0,0,0,0,0,100.0,2.504382986200454,1.1024042742653606,,,,腾讯控股,B
00700,2011-01-14,DAILY_NEUTRAL,0,0,0,0,0,100.0,2.4778266362599837,1.0348749052312358,,,,腾讯控股,B
00700,2011-01-17,DAILY_NEUTRAL,0,0,0,0,0,100.0,1.0330475022499703,0.9942028985507246,,,,腾讯控股,B
00700,2011-01-18,DAILY_NEUTRAL,0,0,0,0,0,100.0,0.6829800505203031,0.9413793103448276,,,,腾讯控股,B
00700,2011-01-19,DAILY_NEUTRAL,0,0,0,0,0,100.0,0.46548470600051567,0.9366827253957329,,,,腾讯控股,B
00700,2011-01-20,DAILY_PULLBACK,0,0,1,0,0,100.0,0.8043927787257528,0.8692360633172747,,,,腾讯控股,B
00700,2011-01-21,DAILY_PULLBACK,0,0,1,0,0,100.0,0.7741727389127964,0.8011011699931178,,,,腾讯控股,B
00700,2011-01-24,DAILY_PULLBACK,0,0,1,0,0,100.0,0.7170646325288159,0.8011011699931178,,,,腾讯控股,B
00700,2011-01-25,DAILY_PULLBACK,0,0,1,0,0,66.66666666666666,1.5182472060873988,0.9153475567790779,,,,腾讯控股,B
00700,2011-01-26,DAILY_PULLBACK,0,0,1,0,0,66.66666666666666,1.4160455608703566,0.9621472814865796,,,,腾讯控股,B
00700,2011-01-27,DAILY_PULLBACK,0,0,1,0,0,66.66666666666666,0.7833753485653598,0.925671025464556,,,,腾讯控股,B
00700,2011-01-28,DAILY_NEUTRAL,0,0,0,0,0,100.0,0.7775962288141884,0.9697178251892636,,,,腾讯控股,B
00700,2011-01-31,DAILY_NEUTRAL,0,0,0,0,0,100.0,0.7008802399274603,0.9518238128011012,,,,腾讯控股,B
00700,2011-02-01,DAILY_PULLBACK,0,0,1,0,0,100.0,0.9184607574267808,0.9318651066758431,,,,腾讯控股,B
00700,2011-02-02,DAILY_NEUTRAL,0,0,0,0,0,100.0,0.6759023732662777,1.0020026702269693,,,,腾讯控股,B
00700,2011-02-07,DAILY_PULLBACK,0,0,1,0,0,100.0,1.497918045663322,0.9310801855533466,,,,腾讯控股,B
00700,2011-02-08,DAILY_NEUTRAL,0,0,0,0,0,66.66666666666666,2.10318399495819,0.7857142857142857,,,,腾讯控股,B
00700,2011-02-09,DAILY_NEUTRAL,0,0,0,0,0,33.33333333333333,1.5925739045840217,0.7506377551020408,,,,腾讯控股,B
00700,2011-02-10,DAILY_NEUTRAL,0,0,0,0,0,33.33333333333333,1.2566108039558228,0.7104591836734694,,,,腾讯控股,B
00700,2011-02-11,DAILY_NEUTRAL,0,0,0,0,0,33.33333333333333,1.3183967335330928,0.8271683673469389,,,,腾讯控股,B
00700,2011-02-14,DAILY_PULLBACK,0,0,1,0,0,66.66666666666666,0.8782905323913405,0.889030612244898,,,,腾讯控股,B
00700,2011-02-15,DAILY_PULLBACK,0,0,1,0,0,66.66666666666666,0.38929827079644075,0.8871173469387755,,,,腾讯控股,B
00700,2011-02-16,DAILY_PULLBACK,0,0,1,0,0,66.66666666666666,0.40526912907521284,0.8845663265306122,,,,腾讯控股,B
00700,2011-02-17,DAILY_NEUTRAL,0,0,0,0,0,100.0,0.617689389215644,0.9011479591836735,,,,腾讯控股,B
00700,2011-02-18,DAILY_NEUTRAL,0,0,0,0,0,66.66666666666666,1.031131527265653,0.9553571428571429,,,,腾讯控股,B
00700,2011-02-21,DAILY_NEUTRAL,0,0,0,0,0,66.66666666666666,0.6276768734719141,0.9107142857142857,,,,腾讯控股,B
00700,2011-02-22,DAILY_NEUTRAL,0,0,0,0,0,33.33333333333333,1.6057239730661694,0.8137755102040817,,,,腾讯控股,B
00700,2011-02-23,DAILY_NEUTRAL,0,0,0,0,0,33.33333333333333,1.6894151900732317,0.78125,,,,腾讯控股,B
00700,2011-02-24,DAILY_NEUTRAL,0,0,0,0,0,33.33333333333333,1.0369798005733188,0.8054846938775511,,,,腾讯控股,B
00700,2011-02-25,DAILY_NEUTRAL,0,0,0,0,0,33.33333333333333,0.6478722718694999,0.8539540816326531,,,,腾讯控股,B
00700,2011-02-28,DAILY_PULLBACK,0,0,1,0,0,66.66666666666666,1.091868115525804,0.9292091836734694,,,,腾讯控股,B
00700,2011-03-01,DAILY_PULLBACK,0,0,1,0,0,66.66666666666666,1.1237894023680675,0.9904336734693877,,,,腾讯控股,B
00700,2011-03-02,DAILY_NEUTRAL,0,0,0,0,0,100.0,0.6087494893874664,0.9627054361567636,,,,腾讯控股,B
00700,2011-03-03,DAILY_NEUTRAL,0,0,0,0,0,100.0,0.7647324206957181,0.9860935524652339,,,,腾讯控股,B
00700,2011-03-04,DAILY_NEUTRAL,0,0,0,0,0,100.0,1.6732061624442045,1.0933165195460277,,,,腾讯控股,B
00700,2011-03-07,DAILY_NEUTRAL,0,0,0,0,0,100.0,0.7057117216048174,0.9450800915331807,,,,腾讯控股,B
00700,2011-03-08,DAILY_NEUTRAL,0,0,0,0,0,100.0,0.8339880695418417,1.0045766590389016,,,,腾讯控股,B
00700,2011-03-09,DAILY_NEUTRAL,0,0,0,0,0,100.0,1.3958699303803317,1.01701644923426,,,,腾讯控股,B
00700,2011-03-10,DAILY_PULLBACK,0,0,1,0,0,100.0,0.6295915800086365,0.8961108151305275,,,,腾讯控股,B
00700,2011-03-11,DAILY_PULLBACK,0,0,1,0,0,100.0,1.1698345531828203,0.880127863612147,,,,腾讯控股,B
00700,2011-03-14,DAILY_NEUTRAL,0,0,0,0,0,100.0,0.7378042200965315,0.9531166755460843,,,,腾讯控股,B
00700,2011-03-15,DAILY_PULLBACK,0,0,1,0,0,100.0,1.8966828880197106,0.8550879062333512,,,,腾讯控股,B
00700,2011-03-16,DAILY_PULLBACK,0,0,1,0,0,66.66666666666666,1.108582631463408,0.8822589238145977,,,,腾讯控股,B
00700,2011-03-17,DAILY_NEUTRAL,0,0,0,0,0,33.33333333333333,3.670186111567779,0.6505061267980821,,,,腾讯控股,B
00700,2011-03-18,DAILY_NEUTRAL,0,0,0,0,0,33.33333333333333,1.1809882473076847,0.6366542354821524,,,,腾讯控股,B
00700,2011-03-21,DAILY_NEUTRAL,0,0,0,0,0,33.33333333333333,0.9450819797181093,0.6409163558870538,,,,腾讯控股,B
00700,2011-03-22,DAILY_NEUTRAL,0,0,0,0,0,0.0,0.8071194695845453,0.6281299946723494,,,,腾讯控股,B
00700,2011-03-23,DAILY_NEUTRAL,0,0,0,0,0,0.0,0.5957207908725699,0.6094832179009056,,,,腾讯控股,B
00700,2011-03-24,DAILY_NEUTRAL,0,0,0,0,0,0.0,0.7979182976142881,0.662226957911561,,,,腾讯控股,B
00700,2011-03-25,DAILY_NEUTRAL,0,0,0,0,0,0.0,0.9552400895388425,0.6851358550879062,,,,腾讯控股,B
00700,2011-03-28,DAILY_NEUTRAL,0,0,0,0,0,0.0,0.8128475031827472,0.6435801811401173,,,,腾讯控股,B
00700,2011-03-29,DAILY_NEUTRAL,0,0,0,0,0,0.0,0.7346146016929476,0.6212040490143846,,,,腾讯控股,B
00700,2011-03-30,DAILY_NEUTRAL,0,0,0,0,0,33.33333333333333,1.360222053910994,0.6702184336707512,,,,腾讯控股,B
00700,2011-03-31,DAILY_NEUTRAL,0,0,0,0,0,33.33333333333333,1.6861581680876099,0.6142781033564197,,,,腾讯控股,B
00700,2011-04-01,DAILY_NEUTRAL,0,0,0,0,0,0.0,0.8465301113157716,0.6478423015450187,,,,腾讯控股,B
00700,2011-04-04,DAILY_NEUTRAL,0,0,0,0,0,33.33333333333333,0.6945305157744711,0.6819392647842302,,,,腾讯控股,B
00700,2011-04-06,DAILY_NEUTRAL,0,0,0,0,0,66.66666666666666,1.3116531039136337,0.7645178476291955,,,,腾讯控股,B
00700,2011-04-07,DAILY_NEUTRAL,0,0,0,0,0,66.66666666666666,0.5884095602585385,0.7682472029834843,,,,腾讯控股,B
00700,2011-04-08,DAILY_NEUTRAL,0,0,0,0,0,66.66666666666666,0.500166664605306,0.7892449755567625,,,,腾讯控股,B
00700,2011-04-11,DAILY_NEUTRAL,0,0,0,0,0,66.66666666666666,0.7269104796181716,0.7529280535415505,,,,腾讯控股,B
00700,2011-04-12,DAILY_NEUTRAL,0,0,0,0,0,66.66666666666666,1.7355709576780156,0.6848856664807584,,,,腾讯控股,B
00700,2011-04-13,DAILY_PULLBACK,0,0,1,0,0,100.0,0.8585230308534294,0.7698961937716263,,,,腾讯控股,B
00700,2011-04-14,DAILY_NEUTRAL,0,0,0,0,0,100.0,1.0061342186413629,0.7899941826643396,,,,腾讯控股,B
00700,2011-04-15,DAILY_PULLBACK,0,0,1,0,0,66.66666666666666,1.0172520342495521,0.9109772423025435,,,,腾讯控股,B
00700,2011-04-18,DAILY_PULLBACK,0,0,1,0,0,66.66666666666666,0.5391419288013306,0.9009370816599733,,,,腾讯控股,B
00700,2011-04-19,DAILY_PULLBACK,0,0,1,0,0,66.66666666666666,0.7572177426421972,0.9062918340026773,,,,腾讯控股,B
00700,2011-04-20,DAILY_NEUTRAL,0,0,0,0,0,100.0,2.615344267570209,1.0816599732262384,,,,腾讯控股,B
00700,2011-04-21,DAILY_NEUTRAL,0,0,0,0,0,100.0,1.1441021061502294,1.0523721503388785,,,,腾讯控股,B
00700,2011-04-26,DAILY_NEUTRAL,0,0,0,0,0,100.0,0.5985855613050827,1.0272882319499717,,,,腾讯控股,B
00700,2011-04-27,DAILY_NEUTRAL,0,0,0,0,0,100.0,1.0078166034735585,0.9346983951300498,,,,腾讯控股,B
00700,2011-04-28,DAILY_NEUTRAL,0,0,0,0,0,100.0,0.6303814239129854,0.91901776384535,,,,腾讯控股,B
00700,2011-04-29,DAILY_PULLBACK,0,0,1,0,0,100.0,0.5184742166081817,0.9059561128526645,,,,腾讯控股,B
00700,2011-05-03,DAILY_PULLBACK,0,0,1,0,0,100.0,0.609706054250253,0.8819226750261232,,,,腾讯控股,B
00700,2011-05-04,DAILY_PULLBACK,0,0,1,0,0,100.0,1.4801243266111852,0.8108672936259143,,,,腾讯控股,B
00700,2011-05-05,DAILY_PULLBACK,0,0,1,0,0,100.0,0.8765575200696316,0.8223615464994776,,,,腾讯控股,B
00700,2011-05-06,DAILY_PULLBACK,0,0,1,0,0,66.66666666666666,0.5781828979098287,0.8202716823406478,,,,腾讯控股,B
00700,2011-05-09,DAILY_PULLBACK,0,0,1,0,0,66.66666666666666,1.015172781468068,0.803030303030303,,,,腾讯控股,B
00700,2011-05-11,DAILY_PULLBACK,0,0,1,0,0,66.66666666666666,1.5208464015859897,0.803030303030303,,,,腾讯控股,B
00700,2011-05-12,DAILY_PULLBACK,0,0,1,0,0,66.66666666666666,2.170765137561157,0.8876698014629048,,,,腾讯控股,B
00700,2011-05-13,DAILY_PULLBACK,0,0,1,0,0,66.66666666666666,0.8618312441497789,0.8918495297805642,,,,腾讯控股,B
00700,2011-05-16,DAILY_NEUTRAL,0,0,0,0,0,100.0,0.7573713914252879,0.8939393939393939,,,,腾讯控股,B
00700,2011-05-17,DAILY_PULLBACK,0,0,1,0,0,100.0,0.8930237574474341,0.8359456635318704,,,,腾讯控股,B
00700,2011-05-18,DAILY_NEUTRAL,0,0,0,0,0,100.0,0.6439558098641809,0.8861024033437827,,,,腾讯控股,B
00700,2011-05-19,DAILY_NEUTRAL,0,0,0,0,0,100.0,0.730030393362112,0.9070010449320793,,,,腾讯控股,B
00700,2011-05-20,DAILY_NEUTRAL,0,0,0,0,0,100.0,0.4928115946616769,0.9033437826541274,,,,腾讯控股,B
00700,2011-05-23,DAILY_NEUTRAL,0,0,0,0,0,33.33333333333333,0.573955077020543,0.8688610240334378,,,,腾讯控股,B
00700,2011-05-24,DAILY_NEUTRAL,0,0,0,0,0,66.66666666666666,1.0373724008817868,0.8338557993730408,,,,腾讯控股,B
00700,2011-05-25,DAILY_NEUTRAL,0,0,0,0,0,33.33333333333333,1.0277305343470045,0.8474399164054336,,,,腾讯控股,B
00700,2011-05-26,DAILY_PULLBACK,0,0,1,0,0,66.66666666666666,0.8509940484445642,0.8803552769070011,,,,腾讯控股,B
00700,2011-05-27,DAILY_NEUTRAL,0,0,0,0,0,33.33333333333333,1.3919747862400385,0.855276907001045,,,,腾讯控股,B
00700,2011-05-30,DAILY_PULLBACK,0,0,1,0,0,66.66666666666666,1.0732298762081927,0.9087003222341569,,,,腾讯控股,B
00700,2011-05-31,DAILY_NEUTRAL,0,0,0,0,0,100.0,1.2825817395021175,0.964017185821697,,,,腾讯控股,B
00700,2011-06-01,DAILY_NEUTRAL,0,0,0,0,0,100.0,1.0130813196700723,0.9720730397422127,,,,腾讯控股,B
00700,2011-06-02,DAILY_NEUTRAL,0,0,0,0,0,100.0,0.9585912366749689,0.9419424850786761,,,,腾讯控股,B
00700,2011-06-03,DAILY_PULLBACK,0,0,1,0,0,100.0,1.1893728296653514,0.9462832338578405,,,,腾讯控股,B
00700,2011-06-07,DAILY_NEUTRAL,0,0,0,0,0,66.66666666666666,1.2720570813166074,0.9061313076505697,,,,腾讯控股,B
00700,2011-06-08,DAILY_NEUTRAL,0,0,0,0,0,66.66666666666666,0.6060714675289198,0.9083016820401518,,,,腾讯控股,B
00700,2011-06-09,DAILY_NEUTRAL,0,0,0,0,0,33.33333333333333,2.2157935134972635,0.844275637547477,,,,腾讯控股,B
00700,2011-06-10,DAILY_NEUTRAL,0,0,0,0,0,33.33333333333333,1.4020613771263077,0.7840477482365708,,,,腾讯控股,B
00700,2011-06-13,DAILY_NEUTRAL,0,0,0,0,0,0.0,0.5318570175038069,0.801953336950624,,,,腾讯控股,B
00700,2011-06-14,DAILY_NEUTRAL,0,0,0,0,0,0.0,1.0344619865322402,0.7498643516006511,,,,腾讯控股,B
00700,2011-06-15,DAILY_NEUTRAL,0,0,0,0,0,0.0,0.8559379742766114,0.7683125339120999,,,,腾讯控股,B
00700,2011-06-16,DAILY_NEUTRAL,0,0,0,0,0,0.0,1.1121129885384635,0.7069994574064026,,,,腾讯控股,B
00700,2011-06-17,DAILY_NEUTRAL,0,0,0,0,0,0.0,1.978837305911336,0.6239826370048833,,,,腾讯控股,B
00700,2011-06-20,DAILY_NEUTRAL,0,0,0,0,0,0.0,1.827954068793832,0.7048290830168205,,,,腾讯控股,B
00700,2011-06-21,DAILY_NEUTRAL,0,0,0,0,0,0.0,0.76214769344345,0.7683125339120999,,,,腾讯控股,B
00700,2011-06-22,DAILY_NEUTRAL,0,0,0,0,0,0.0,1.110020850802056,0.8220293000542593,,,,腾讯控股,B
00700,2011-06-23,DAILY_NEUTRAL,0,0,0,0,0,0.0,0.4224579286067023,0.7921866521975041,,,,腾讯控股,B
00700,2011-06-24,DAILY_NEUTRAL,0,0,0,0,0,66.66666666666666,0.5715288408507078,0.8339663591969615,,,,腾讯控股,B
00700,2011-06-27,DAILY_NEUTRAL,0,0,0,0,0,33.33333333333333,0.472915501852265,0.8079218665219751,,,,腾讯控股,B
00700,2011-06-28,DAILY_NEUTRAL,0,0,0,0,0,33.33333333333333,0.5385937693443172,0.8079218665219751,,,,腾讯控股,B
00700,2011-06-29,DAILY_NEUTRAL,0,0,0,0,0,33.33333333333333,0.6892410030225268,0.780249593054802,,,,腾讯控股,B
00700,2011-06-30,DAILY_NEUTRAL,0,0,0,0,0,66.66666666666666,2.6758965231502,0.8480737927292459,,,,腾讯控股,B
00700,2011-07-04,DAILY_NEUTRAL,0,0,0,0,0,100.0,0.8858237367573429,0.9088412959912137,,,,腾讯控股,B
00700,2011-07-05,DAILY_NEUTRAL,0,0,0,0,0,100.0,0.47973415494749905,0.8967600219659526,,,,腾讯控股,B
00700,2011-07-06,DAILY_NEUTRAL,0,0,0,0,0,100.0,0.7022180058974636,0.942608695652174,,,,腾讯控股,B
00700,2011-07-07,DAILY_NEUTRAL,0,0,0,0,0,100.0,0.6050033336352286,0.954305799648506,,,,腾讯控股,B
00700,2011-07-08,DAILY_PULLBACK,0,0,1,0,0,100.0,1.0810295482182697,0.9352560329605651,,,,腾讯控股,B
00700,2011-07-11,DAILY_PULLBACK,0,0,1,0,0,100.0,1.3059225731872255,0.8746321365509123,,,,腾讯控股,B
00700,2011-07-12,DAILY_NEUTRAL,0,0,0,0,0,33.33333333333333,1.188961785603637,0.8028251912889937,,,,腾讯控股,B
00700,2011-07-13,DAILY_PULLBACK,0,0,1,0,0,66.66666666666666,0.9025137922879028,0.8763978811065334,,,,腾讯控股,B
00700,2011-07-14,DAILY_PULLBACK,0,0,1,0,0,66.66666666666666,1.0553755963573426,0.898175397292525,,,,腾讯控股,B
00700,2011-07-15,DAILY_PULLBACK,0,0,1,0,0,66.66666666666666,1.1904917247196019,0.9311359623307829,,,,腾讯控股,B
00700,2011-07-18,DAILY_PULLBACK,0,0,1,0,0,66.66666666666666,0.5377714904227343,0.9111241907004121,,,,腾讯控股,B
00700,2011-07-19,DAILY_NEUTRAL,0,0,0,0,0,33.33333333333333,1.0633949053476766,0.8787522071806946,,,,腾讯控股,B
00700,2011-07-20,DAILY_NEUTRAL,0,0,0,0,0,33.33333333333333,0.7087902419616207,0.8811065332548559,,,,腾讯控股,B
00700,2011-07-21,DAILY_NEUTRAL,0,0,0,0,0,33.33333333333333,1.1802017113878045,0.8375515008828723,,,,腾讯控股,B
00700,2011-07-22,DAILY_NEUTRAL,0,0,0,0,0,0.0,0.858921357306459,0.8658034137728077,,,,腾讯控股,B
00700,2011-07-25,DAILY_NEUTRAL,0,0,0,0,0,0.0,1.0400425775340043,0.8440258975868159,,,,腾讯控股,B
00700,2011-07-26,DAILY_NEUTRAL,0,0,0,0,0,0.0,0.9776271969803847,0.885226603884638,,,,腾讯控股,B
00700,2011-07-27,DAILY_NEUTRAL,0,0,0,0,0,0.0,1.2177686577646316,0.8634490876986464,,,,腾讯控股,B
00700,2011-07-28,DAILY_NEUTRAL,0,0,0,0,0,0.0,1.2143445324239681,0.8528546203649207,,,,腾讯控股,B
00700,2011-07-29,DAILY_NEUTRAL,0,0,0,0,0,0.0,0.9049313460237014,0.8287227781047676,,,,腾讯控股,B
00700,2011-08-01,DAILY_NEUTRAL,0,0,0,0,0,66.66666666666666,1.1726434022205732,0.8875809299587993,,,,腾讯控股,B
00700,2011-08-02,DAILY_NEUTRAL,0,0,0,0,0,0.0,0.6194396562480596,0.877962085308057,,,,腾讯控股,B
00700,2011-08-03,DAILY_NEUTRAL,0,0,0,0,0,33.33333333333333,1.2636912118974963,0.8601895734597157,,,,腾讯控股,B
00700,2011-08-04,DAILY_NEUTRAL,0,0,0,0,0,0.0,0.6860958443249532,0.8406398104265403,,,,腾讯控股,B
00700,2011-08-05,DAILY_NEUTRAL,0,0,0,0,0,0.0,2.86052479333379,0.7766587677725119,,,,腾讯控股,B
00700,2011-08-08,DAILY_NEUTRAL,0,0,0,0,0,0.0,1.4297677648193785,0.7560672059738643,,,,腾讯控股,B
00700,2011-08-09,DAILY_NEUTRAL,0,0,0,0,0,0.0,2.455119175296235,0.6614810205351587,,,,腾讯控股,B
00700,2011-08-10,DAILY_NEUTRAL,0,0,0,0,0,0.0,1.525954918637877,0.7361543248288737,,,,腾讯控股,B
00700,2011-08-11,DAILY_NEUTRAL,0,0,0,0,0,0.0,2.036064458110129,0.6328562538892346,,,,腾讯控股,B
00700,2011-08-12,DAILY_NEUTRAL,0,0,0,0,0,0.0,0.6747988373207384,0.65588052271313,,,,腾讯控股,B
00700,2011-08-15,DAILY_NEUTRAL,0,0,0,0,0,0.0,0.5162284968073169,0.7262429200755192,,,,腾讯控股,B
00700,2011-08-16,DAILY_NEUTRAL,0,0,0,0,0,0.0,0.6832235673527967,0.6461932181701855,,,,腾讯控股,B
00700,2011-08-17,DAILY_NEUTRAL,0,0,0,0,0,0.0,0.7884778625951445,0.6295585412667946,,,,腾讯控股,B
00700,2011-08-18,DAILY_NEUTRAL,0,0,0,0,0,0.0,0.6058737264906154,0.6428106701366298,,,,腾讯控股,B
00700,2011-08-19,DAILY_NEUTRAL,0,0,0,0,0,0.0,1.1520974711985603,0.5465191932335719,,,,腾讯控股,B
00700,2011-08-22,DAILY_NEUTRAL,0,0,0,0,0,0.0,1.0250514787612177,0.5133376707872479,,,,腾讯控股,B
00700,2011-08-23,DAILY_NEUTRAL,0,0,0,0,0,0.0,0.6986032071290511,0.5842550422901758,,,,腾讯控股,B
00700,2011-08-24,DAILY_NEUTRAL,0,0,0,0,0,0.0,0.8579566770827998,0.5803513337670787,,,,腾讯控股,B
00700,2011-08-25,DAILY_NEUTRAL,0,0,0,0,0,0.0,0.45849440430529503,0.5933993399339934,,,,腾讯控股,B
00700,2011-08-26,DAILY_NEUTRAL,0,0,0,0,0,0.0,0.3158339418929035,0.596039603960396,,,,腾讯控股,B
00700,2011-08-29,DAILY_NEUTRAL,0,0,0,0,0,0.0,0.7409732441657098,0.6475247524752475,,,,腾讯控股,B
00700,2011-08-30,DAILY_NEUTRAL,0,0,0,0,0,33.33333333333333,0.8395054217277785,0.6775265957446809,,,,腾讯控股,B
00700,2011-08-31,DAILY_NEUTRAL,0,0,0,0,0,66.66666666666666,0.9285742885476674,0.7253190060443251,,,,腾讯控股,B
00700,2011-09-01,DAILY_NEUTRAL,0,0,0,0,0,66.66666666666666,2.3887318128767654,0.7575554063129617,,,,腾讯控股,B
00700,2011-09-02,DAILY_NEUTRAL,0,0,0,0,0,66.66666666666666,1.0921657551281039,0.8480725623582767,,,,腾讯控股,B
00700,2011-09-05,DAILY_NEUTRAL,0,0,0,0,0,66.66666666666666,0.8157711439431788,0.8191235059760955,,,,腾讯控股,B
00700,2011-09-06,DAILY_PULLBACK,0,0,1,0,0,100.0,1.1681910307103673,0.8294820717131474,,,,腾讯控股,B
00700,2011-09-07,DAILY_NEUTRAL,0,0,0,0,0,100.0,1.1344140007135308,0.900398406374502,,,,腾讯控股,B
00700,2011-09-08,DAILY_NEUTRAL,0,0,0,0,0,100.0,0.6365255844897413,0.913151364764268,,,,腾讯控股,B
00700,2011-09-09,DAILY_PULLBACK,0,0,1,0,0,100.0,0.5347367947832056,0.8858560794044665,,,,腾讯控股,B
00700,2011-09-12,DAILY_NEUTRAL,0,0,0,0,0,33.33333333333333,0.7600001370152057,0.7626137303556659,,,,腾讯控股,B
00700,2011-09-14,DAILY_NEUTRAL,0,0,0,0,0,33.33333333333333,1.460936326041698,0.7940446650124069,,,,腾讯控股,B
00700,2011-09-15,DAILY_NEUTRAL,0,0,0,0,0,33.33333333333333,1.1441098028333432,0.7344913151364765,,,,腾讯控股,B
00700,2011-09-16,DAILY_NEUTRAL,0,0,0,0,0,33.33333333333333,1.065501867981806,0.7915632754342432,,,,腾讯控股,B
00700,2011-09-19,DAILY_NEUTRAL,0,0,0,0,0,33.33333333333333,0.9115534096091198,0.7162944582299421,,,,腾讯控股,B
00700,2011-09-20,DAILY_NEUTRAL,0,0,0,0,0,0.0,1.1493045094582945,0.6939619520264683,,,,腾讯控股,B
00700,2011-09-21,DAILY_NEUTRAL,0,0,0,0,0,0.0,1.3385056121632366,0.6401985111662531,,,,腾讯控股,B
00700,2011-09-22,DAILY_NEUTRAL,0,0,0,0,0,0.0,2.112729989674208,0.45988420181968565,,,,腾讯控股,B
00700,2011-09-23,DAILY_NEUTRAL,0,0,0,0,0,0.0,1.5291245069863666,0.49710504549214224,,,,腾讯控股,B
00700,2011-09-26,DAILY_NEUTRAL,0,0,0,0,0,0.0,0.830935593724122,0.44995864350703063,,,,腾讯控股,B
00700,2011-09-27,DAILY_NEUTRAL,0,0,0,0,0,0.0,1.4632269981478987,0.511993382961125,,,,腾讯控股,B
00700,2011-09-28,DAILY_NEUTRAL,0,0,0,0,0,0.0,1.5412817865299864,0.5947063688999173,,,,腾讯控股,B
00700,2011-09-30,DAILY_NEUTRAL,0,0,0,0,0,0.0,1.7621355323407701,0.576509511993383,,,,腾讯控股,B
00700,2011-10-03,DAILY_NEUTRAL,0,0,0,0,0,0.0,1.0036181556703203,0.34408602150537637,,,,腾讯控股,B
00700,2011-10-04,DAILY_NEUTRAL,0,0,0,0,0,0.0,0.9315969957987569,0.30282292557741664,,,,腾讯控股,B
00700,2011-10-06,DAILY_NEUTRAL,0,0,0,0,0,0.0,0.8310573730147249,0.5765611633875107,,,,腾讯控股,B
00700,2011-10-07,DAILY_NEUTRAL,0,0,0,0,0,33.33333333333333,0.8793397736620757,0.7014542343883661,,,,腾讯控股,B
00700,2011-10-10,DAILY_NEUTRAL,0,0,0,0,0,33.33333333333333,0.3074778827148082,0.6655260906757913,,,,腾讯控股,B
00700,2011-10-11,DAILY_NEUTRAL,0,0,0,0,0,66.66666666666666,0.466205350506942,0.6886227544910181,,,,腾讯控股,B
00700,2011-10-12,DAILY_NEUTRAL,0,0,0,0,0,66.66666666666666,0.5329943349151934,0.7545851528384281,,,,腾讯控股,B
00700,2011-10-13,DAILY_NEUTRAL,0,0,0,0,0,66.66666666666666,0.8113102861694628,0.8618951612903226,,,,腾讯控股,B
00700,2011-10-14,DAILY_NEUTRAL,0,0,0,0,0,66.66666666666666,0.7729477619671594,0.8595959595959596,,,,腾讯控股,B
00700,2011-10-17,DAILY_NEUTRAL,0,0,0,0,0,100.0,0.9206570032405206,0.9793601651186791,,,,腾讯控股,B
00700,2011-10-18,DAILY_PULLBACK,0,0,1,0,0,100.0,1.0965606616862849,0.7801857585139319,,,,腾讯控股,B
00700,2011-10-19,DAILY_PULLBACK,0,0,1,0,0,100.0,0.670236107518047,0.7956431535269709,,,,腾讯控股,B
00700,2011-10-20,DAILY_NEUTRAL,0,0,0,0,0,33.33333333333333,1.1191002527557978,0.6991701244813278,,,,腾讯控股,B
00700,2011-10-21,DAILY_NEUTRAL,0,0,0,0,0,33.33333333333333,0.6457283996521718,0.7053941908713692,,,,腾讯控股,B
00700,2011-10-24,DAILY_PULLBACK,0,0,1,0,0,66.66666666666666,1.196529821339069,0.8817427385892116,,,,腾讯控股,B
00700,2011-10-25,DAILY_PULLBACK,0,0,1,0,0,66.66666666666666,0.8063390727319671,0.9657676348547718,,,,腾讯控股,B
00700,2011-10-26,DAILY_PULLBACK,0,0,1,0,0,66.66666666666666,0.9164604206830678,0.9688796680497924,,,,腾讯控股,B
00700,2011-10-27,DAILY_NEUTRAL,0,0,0,0,0,100.0,1.796410246942258,1.120331950207469,,,,腾讯控股,B
00700,2011-10-28,DAILY_NEUTRAL,0,0,0,0,0,100.0,1.8663089025795858,1.0342592592592592,,,,腾讯控股,B
00700,2011-10-31,DAILY_NEUTRAL,0,0,0,0,0,100.0,0.7281342832625256,0.8916382252559726,,,,腾讯控股,B
00700,2011-11-01,DAILY_PULLBACK,0,0,1,0,0,100.0,0.8834795035302765,0.8037542662116041,,,,腾讯控股,B
00700,2011-11-02,DAILY_NEUTRAL,0,0,0,0,0,100.0,0.8167154853245556,0.9044368600682593,,,,腾讯控股,B
00700,2011-11-03,DAILY_PULLBACK,0,0,1,0,0,100.0,0.8220163753609111,0.833617747440273,,,,腾讯控股,B
00700,2011-11-04,DAILY_NEUTRAL,0,0,0,0,0,100.0,0.7250999148777629,0.8745733788395904,,,,腾讯控股,B
00700,2011-11-07,DAILY_NEUTRAL,0,0,0,0,0,33.33333333333333,1.6183462441843672,0.7551194539249146,,,,腾讯控股,B
00700,2011-11-08,DAILY_NEUTRAL,0,0,0,0,0,33.33333333333333,3.3122001304015227,0.6058020477815699,,,,腾讯控股,B
00700,2011-11-09,DAILY_NEUTRAL,0,0,0,0,0,33.33333333333333,0.933633948329399,0.6305460750853241,,,,腾讯控股,B
00700,2011-11-10,DAILY_NEUTRAL,0,0,0,0,0,33.33333333333333,1.6019808399804125,0.5187713310580204,,,,腾讯控股,B
00700,2011-11-11,DAILY_NEUTRAL,0,0,0,0,0,0.0,0.6496125295824009,0.4923208191126279,,,,腾讯控股,B
00700,2011-11-14,DAILY_NEUTRAL,0,0,0,0,0,0.0,0.8738293698340099,0.5281569965870307,,,,腾讯控股,B
00700,2011-11-15,DAILY_NEUTRAL,0,0,0,0,0,0.0,0.6051438897861161,0.4854948805460751,,,,腾讯控股,B
00700,2011-11-16,DAILY_NEUTRAL,0,0,0,0,0,0.0,0.41696479661170094,0.46501706484641636,,,,腾讯控股,B
00700,2011-11-17,DAILY_NEUTRAL,0,0,0,0,0,0.0,0.7204308071411855,0.4325938566552901,,,,腾讯控股,B
00700,2011-11-18,DAILY_NEUTRAL,0,0,0,0,0,0.0,1.139473277003855,0.3745733788395904,,,,腾讯控股,B
00700,2011-11-21,DAILY_NEUTRAL,0,0,0,0,0,0.0,1.0664288729645552,0.4274744027303754,,,,腾讯控股,B
00700,2011-11-22,DAILY_NEUTRAL,0,0,0,0,0,0.0,1.4452613242672032,0.5093856655290102,,,,腾讯控股,B
00700,2011-11-23,DAILY_NEUTRAL,0,0,0,0,0,0.0,0.6144151232873708,0.4402730375426621,,,,腾讯控股,B
00700,2011-11-24,DAILY_NEUTRAL,0,0,0,0,0,0.0,0.5757263905567958,0.477815699658703,,,,腾讯控股,B
00700,2011-11-25,DAILY_NEUTRAL,0,0,0,0,0,0.0,0.6469661169747397,0.386518771331058,,,,腾讯控股,B
00700,2011-11-28,DAILY_NEUTRAL,0,0,0,0,0,0.0,1.5851199933814626,0.32062391681109187,,,,腾讯控股,B
00700,2011-11-29,DAILY_NEUTRAL,0,0,0,0,0,0.0,2.5447754752240024,0.3312775330396476,,,,腾讯控股,B
00700,2011-11-30,DAILY_NEUTRAL,0,0,0,0,0,0.0,1.2094467964157685,0.3048458149779736,,,,腾讯控股,B
00700,2011-12-01,DAILY_NEUTRAL,0,0,0,0,0,0.0,1.2171597467672508,0.48370044052863437,,,,腾讯控股,B
00700,2011-12-02,DAILY_NEUTRAL,0,0,0,0,0,0.0,0.6265472999622008,0.4158590308370044,,,,腾讯控股,B
00700,2011-12-05,DAILY_NEUTRAL,0,0,0,0,0,0.0,0.42429269979638046,0.46139359698681737,,,,腾讯控股,B
00700,2011-12-06,DAILY_NEUTRAL,0,0,0,0,0,33.33333333333333,0.503634616283784,0.5902211874272411,,,,腾讯控股,B
00700,2011-12-07,DAILY_NEUTRAL,0,0,0,0,0,66.66666666666666,0.7819994220221971,0.6695979899497487,,,,腾讯控股,B
00700,2011-12-08,DAILY_NEUTRAL,0,0,0,0,0,66.66666666666666,0.732036538098404,0.7660208643815201,,,,腾讯控股,B
00700,2011-12-09,DAILY_NEUTRAL,0,0,0,0,0,33.33333333333333,1.2273081365886587,0.6154992548435171,,,,腾讯控股,B
00700,2011-12-12,DAILY_NEUTRAL,0,0,0,0,0,33.33333333333333,0.7506486449656228,0.5320417287630402,,,,腾讯控股,B
00700,2011-12-13,DAILY_NEUTRAL,0,0,0,0,0,0.0,1.0987544361730859,0.6474258970358815,,,,腾讯控股,B
00700,2011-12-14,DAILY_NEUTRAL,0,0,0,0,0,33.33333333333333,1.4634630991642386,0.672386895475819,,,,腾讯控股,B
00700,2011-12-15,DAILY_NEUTRAL,0,0,0,0,0,0.0,1.034952537483611,0.7001594896331739,,,,腾讯控股,B
00700,2011-12-16,DAILY_NEUTRAL,0,0,0,0,0,33.33333333333333,1.3406185306437761,0.773524720893142,,,,腾讯控股,B
00700,2011-12-19,DAILY_NEUTRAL,0,0,0,0,0,33.33333333333333,0.7793622819004091,0.8054226475279107,,,,腾讯控股,B
00700,2011-12-20,DAILY_NEUTRAL,0,0,0,0,0,66.66666666666666,0.5198285209980844,0.7814992025518342,,,,腾讯控股,B
00700,2011-12-21,DAILY_NEUTRAL,0,0,0,0,0,66.66666666666666,0.6583991933332447,0.9432989690721649,,,,腾讯控股,B
00700,2011-12-22,DAILY_NEUTRAL,0,0,0,0,0,100.0,0.5821269779535135,0.9398625429553263,,,,腾讯控股,B
00700,2011-12-23,DAILY_NEUTRAL,0,0,0,0,0,100.0,0.6539049888501327,1.0326460481099655,,,,腾讯控股,B
00700,2011-12-28,DAILY_NEUTRAL,0,0,0,0,0,100.0,0.7038780969572626,0.9455445544554457,,,,腾讯控股,B
00700,2011-12-29,DAILY_PULLBACK,0,0,1,0,0,100.0,0.6392900396514223,0.8993399339933994,,,,腾讯控股,B
00700,2011-12-30,DAILY_PULLBACK,0,0,1,0,0,100.0,0.6317358207112537,0.9026402640264026,,,,腾讯控股,B
00700,2012-01-03,DAILY_NEUTRAL,0,0,0,0,0,100.0,1.3324256391844012,0.9917491749174918,,,,腾讯控股,B
00700,2012-01-04,DAILY_NEUTRAL,0,0,0,0,0,100.0,1.0287251970199345,0.9644588045234248,,,,腾讯控股,B
00700,2012-01-05,DAILY_PULLBACK,0,0,1,0,0,100.0,1.8103358107971044,0.9224555735056542,,,,腾讯控股,B
00700,2012-01-06,DAILY_PULLBACK,0,0,1,0,0,100.0,1.5037626945930602,0.8368336025848141,,,,腾讯控股,B
00700,2012-01-09,DAILY_PULLBACK,0,0,1,0,0,100.0,1.2049400540724555,0.8578352180936994,,,,腾讯控股,B
00700,2012-01-10,DAILY_PULLBACK,0,0,1,0,0,66.66666666666666,2.1533720915178427,1.035541195476575,,,,腾讯控股,B
00700,2012-01-11,DAILY_NEUTRAL,0,0,0,0,0,100.0,1.9445405383249006,1.1359516616314198,,,,腾讯控股,B
00700,2012-01-12,DAILY_NEUTRAL,0,0,0,0,0,100.0,1.2813991491678371,0.9756410256410257,,,,腾讯控股,B
00700,2012-01-13,DAILY_NEUTRAL,0,0,0,0,0,100.0,0.9436708288873448,1.020278833967047,,,,腾讯控股,B
00700,2012-01-16,DAILY_NEUTRAL,0,0,0,0,0,100.0,0.48443892891449636,0.9687123947051746,,,,腾讯控股,B
00700,2012-01-17,DAILY_NEUTRAL,0,0,0,0,0,100.0,0.9105878443196715,1.1311672683513838,,,,腾讯控股,B
00700,2012-01-18,DAILY_NEUTRAL,0,0,0,0,0,100.0,1.5024341069327518,1.0645502645502647,,,,腾讯控股,B
00700,2012-01-19,DAILY_NEUTRAL,0,0,0,0,0,100.0,1.1483552139399225,0.9504854368932038,,,,腾讯控股,B
00700,2012-01-20,DAILY_NEUTRAL,0,0,0,0,0,100.0,0.9070776550590647,0.9550140581068416,,,,腾讯控股,B
00700,2012-01-26,DAILY_NEUTRAL,0,0,0,0,0,100.0,0.5577855163844102,0.9756326148078726,,,,腾讯控股,B
00700,2012-01-27,DAILY_NEUTRAL,0,0,0,0,0,100.0,0.47548276542170265,0.9484536082474226,,,,腾讯控股,B
00700,2012-01-30,DAILY_NEUTRAL,0,0,0,0,0,100.0,1.358546053321899,1.0018744142455482,,,,腾讯控股,B
00700,2012-01-31,DAILY_NEUTRAL,0,0,0,0,0,100.0,2.044933934452341,1.0628415300546448,,,,腾讯控股,B
00700,2012-02-01,DAILY_PULLBACK,0,0,1,0,0,100.0,1.2051336304191682,0.9010238907849829,,,,腾讯控股,B
00700,2012-02-02,DAILY_NEUTRAL,0,0,0,0,0,100.0,0.823198010868728,0.943744752308984,,,,腾讯控股,B
00700,2012-02-03,DAILY_PULLBACK,0,0,1,0,0,100.0,0.5037130677979784,0.9210747271200672,,,,腾讯控股,B
00700,2012-02-06,DAILY_PULLBACK,0,0,1,0,0,100.0,0.5854523731062711,0.9193954659949621,,,,腾讯控股,B
00700,2012-02-07,DAILY_PULLBACK,0,0,1,0,0,100.0,1.3906457841535302,0.8849706129303105,,,,腾讯控股,B
00700,2012-02-08,DAILY_NEUTRAL,0,0,0,0,0,100.0,0.9304508666418253,0.9219143576826196,,,,腾讯控股,B
00700,2012-02-09,DAILY_NEUTRAL,0,0,0,0,0,100.0,1.0689812796195794,0.9781696053736356,,,,腾讯控股,B
00700,2012-02-10,DAILY_PULLBACK,0,0,1,0,0,66.66666666666666,0.7719713084105561,0.9219143576826196,,,,腾讯控股,B
00700,2012-02-13,DAILY_NEUTRAL,0,0,0,0,0,100.0,0.4604864608498795,0.94314381270903,,,,腾讯控股,B
00700,2012-02-14,DAILY_PULLBACK,0,0,1,0,0,100.0,0.4690919063256612,0.9214046822742474,,,,腾讯控股,B
00700,2012-02-15,DAILY_NEUTRAL,0,0,0,0,0,100.0,1.5052324677134674,1.0367892976588629,,,,腾讯控股,B
00700,2012-02-16,DAILY_NEUTRAL,0,0,0,0,0,100.0,2.5491604069990426,1.0631911532385467,,,,腾讯控股,B
00700,2012-02-17,DAILY_NEUTRAL,0,0,0,0,0,100.0,1.4583380497198364,0.9523809523809523,,,,腾讯控股,B
00700,2012-02-20,DAILY_NEUTRAL,0,0,0,0,0,100.0,0.7995528160213035,0.8709229701596114,,,,腾讯控股,B
00700,2012-02-21,DAILY_PULLBACK,0,0,1,0,0,100.0,0.6156376848972961,0.8598195697432339,,,,腾讯控股,B
00700,2012-02-22,DAILY_NEUTRAL,0,0,0,0,0,100.0,0.6675956776108428,0.9056210964607911,,,,腾讯控股,B
00700,2012-02-23,DAILY_NEUTRAL,0,0,0,0,0,100.0,0.7388756813380328,0.9403192227619709,,,,腾讯控股,B
00700,2012-02-24,DAILY_NEUTRAL,0,0,0,0,0,100.0,0.597305366884014,0.9403192227619709,,,,腾讯控股,B
00700,2012-02-27,DAILY_PULLBACK,0,0,1,0,0,100.0,0.8996696240407188,0.9056210964607911,,,,腾讯控股,B
00700,2012-02-28,DAILY_NEUTRAL,0,0,0,0,0,100.0,1.1889110493423831,0.9514226231783485,,,,腾讯控股,B
00700,2012-02-29,DAILY_NEUTRAL,0,0,0,0,0,100.0,1.3581044722229394,0.9666897987508675,,,,腾讯控股,B
00700,2012-03-01,DAILY_PULLBACK,0,0,1,0,0,100.0,1.4133127994254857,0.9326856349757112,,,,腾讯控股,B
00700,2012-03-02,DAILY_NEUTRAL,0,0,0,0,0,100.0,0.6773824766697069,0.9417071478140181,,,,腾讯控股,B
00700,2012-03-05,DAILY_PULLBACK,0,0,1,0,0,100.0,0.5284889753387905,0.916030534351145,,,,腾讯控股,B
00700,2012-03-06,DAILY_PULLBACK,0,0,1,0,0,100.0,0.8982623907121043,0.8889659958362248,,,,腾讯控股,B
00700,2012-03-07,DAILY_NEUTRAL,0,0,0,0,0,33.33333333333333,0.613276419433908,0.8764746703678001,,,,腾讯控股,B
00700,2012-03-08,DAILY_PULLBACK,0,0,1,0,0,66.66666666666666,1.0136232243605467,0.9083969465648855,,,,腾讯控股,B
00700,2012-03-09,DAILY_PULLBACK,0,0,1,0,0,66.66666666666666,1.0202787379219467,0.9257460097154754,,,,腾讯控股,B
00700,2012-03-12,DAILY_PULLBACK,0,0,1,0,0,66.66666666666666,0.6592200044947076,0.9389312977099236,,,,腾讯控股,B
00700,2012-03-13,DAILY_PULLBACK,0,0,1,0,0,66.66666666666666,3.153505867596635,0.9465648854961832,,,,腾讯控股,B
00700,2012-03-14,DAILY_NEUTRAL,0,0,0,0,0,100.0,1.3875908284456033,0.9095744680851064,,,,腾讯控股,B
00700,2012-03-15,DAILY_NEUTRAL,0,0,0,0,0,100.0,2.5026004522580334,1.0099734042553192,,,,腾讯控股,B
00700,2012-03-16,DAILY_NEUTRAL,0,0,0,0,0,100.0,1.5746337755991513,1.0463659147869673,,,,腾讯控股,B
00700,2012-03-19,DAILY_NEUTRAL,0,0,0,0,0,100.0,1.2185626641913812,1.0046376811594202,,,,腾讯控股,B
00700,2012-03-20,DAILY_NEUTRAL,0,0,0,0,0,100.0,0.9915034515890243,0.9240155296727676,,,,腾讯控股,B
00700,2012-03-21,DAILY_NEUTRAL,0,0,0,0,0,100.0,0.42286961864463973,0.9240155296727676,,,,腾讯控股,B
00700,2012-03-22,DAILY_NEUTRAL,0,0,0,0,0,100.0,0.8234673759110207,0.9916805324459234,,,,腾讯控股,B
00700,2012-03-23,DAILY_NEUTRAL,0,0,0,0,0,100.0,0.5973472454483554,0.9654794520547946,,,,腾讯控股,B
00700,2012-03-26,DAILY_NEUTRAL,0,0,0,0,0,100.0,0.47000484186974567,0.9435616438356164,,,,腾讯控股,B
00700,2012-03-27,DAILY_NEUTRAL,0,0,0,0,0,100.0,0.543928637385058,0.9632876712328766,,,,腾讯控股,B
00700,2012-03-28,DAILY_PULLBACK,0,0,1,0,0,100.0,0.533425831251519,0.9512328767123287,,,,腾讯控股,B
00700,2012-03-29,DAILY_PULLBACK,0,0,1,0,0,100.0,0.9013253721656771,0.9052054794520548,,,,腾讯控股,B
00700,2012-03-30,DAILY_PULLBACK,0,0,1,0,0,66.66666666666666,1.5774530507313422,0.9112328767123287,,,,腾讯控股,B
00700,2012-04-02,DAILY_PULLBACK,0,0,1,0,0,66.66666666666666,0.8353466782612118,0.9112328767123287,,,,腾讯控股,B
00700,2012-04-03,DAILY_PULLBACK,0,0,1,0,0,66.66666666666666,1.4145841844327838,0.9736986301369863,,,,腾讯控股,B
00700,2012-04-05,DAILY_PULLBACK,0,0,1,0,0,66.66666666666666,0.9636562122635322,0.9736986301369863,,,,腾讯控股,B
00700,2012-04-10,DAILY_PULLBACK,0,0,1,0,0,66.66666666666666,0.7833572565048437,0.9556164383561645,,,,腾讯控股,B
00700,2012-04-11,DAILY_PULLBACK,0,0,1,0,0,100.0,0.8845144345264774,0.9391780821917809,,,,腾讯控股,B
00700,2012-04-12,DAILY_NEUTRAL,0,0,0,0,0,100.0,1.3125800978917208,0.9715068493150685,,,,腾讯控股,B
00700,2012-04-13,DAILY_NEUTRAL,0,0,0,0,0,100.0,1.542224993346102,1.0082191780821916,,,,腾讯控股,B
00700,2012-04-16,DAILY_NEUTRAL,0,0,0,0,0,100.0,0.8720484436022717,1.0,,,,腾讯控股,B
00700,2012-04-17,DAILY_NEUTRAL,0,0,0,0,0,100.0,0.8730962160883646,0.9900523560209423,,,,腾讯控股,B
00700,2012-04-18,DAILY_NEUTRAL,0,0,0,0,0,100.0,1.0672941446168662,1.0435897435897437,,,,腾讯控股,B
00700,2012-04-19,DAILY_NEUTRAL,0,0,0,0,0,100.0,0.8881399065328034,1.0014713094654242,,,,腾讯控股,B
00700,2012-04-20,DAILY_NEUTRAL,0,0,0,0,0,100.0,0.7443906314865956,0.9451858913250714,,,,腾讯控股,B
00700,2012-04-23,DAILY_NEUTRAL,0,0,0,0,0,100.0,0.9082776252071,0.9680648236415633,,,,腾讯控股,B
00700,2012-04-24,DAILY_NEUTRAL,0,0,0,0,0,100.0,1.0603661008877927,0.9876072449952334,,,,腾讯控股,B
00700,2012-04-25,DAILY_PULLBACK,0,0,1,0,0,100.0,1.9470624711842803,0.8830492424242423,,,,腾讯控股,B
00700,2012-04-26,DAILY_PULLBACK,0,0,1,0,0,100.0,1.0002374525709095,0.9337121212121211,,,,腾讯控股,B
00700,2012-04-27,DAILY_PULLBACK,0,0,1,0,0,100.0,0.999323154385515,0.9389204545454545,,,,腾讯控股,B
00700,2012-04-30,DAILY_NEUTRAL,0,0,0,0,0,100.0,0.8738796647156662,1.0246212121212122,,,,腾讯控股,B
00700,2012-05-02,DAILY_PULLBACK,0,0,1,0,0,66.66666666666666,0.8951970469829094,0.9845031905195989,,,,腾讯控股,B
00700,2012-05-03,DAILY_NEUTRAL,0,0,0,0,0,100.0,0.6682884437478163,0.9915102770330654,,,,腾讯控股,B
00700,2012-05-04,DAILY_NEUTRAL,0,0,0,0,0,100.0,0.7966262933018131,0.9494680851063831,,,,腾讯控股,B
00700,2012-05-07,DAILY_NEUTRAL,0,0,0,0,0,66.66666666666666,1.6616175709142942,0.8528368794326241,,,,腾讯控股,B
00700,2012-05-08,DAILY_NEUTRAL,0,0,0,0,0,66.66666666666666,0.7357194420391256,0.8563829787234043,,,,腾讯控股,B
00700,2012-05-09,DAILY_NEUTRAL,0,0,0,0,0,33.33333333333333,1.4564226964873055,0.8040780141843973,,,,腾讯控股,B
00700,2012-05-10,DAILY_NEUTRAL,0,0,0,0,0,33.33333333333333,1.2624812872582132,0.7907801418439717,,,,腾讯控股,B
00700,2012-05-11,DAILY_NEUTRAL,0,0,0,0,0,33.33333333333333,1.1731397587308827,0.7943262411347519,,,,腾讯控股,B
00700,2012-05-14,DAILY_NEUTRAL,0,0,0,0,0,0.0,1.2171638802239475,0.8071808510638299,,,,腾讯控股,B
00700,2012-05-15,DAILY_NEUTRAL,0,0,0,0,0,0.0,0.8778638906577878,0.8466312056737589,,,,腾讯控股,B
00700,2012-05-16,DAILY_NEUTRAL,0,0,0,0,0,0.0,1.2049552048910905,0.7615248226950355,,,,腾讯控股,B
00700,2012-05-17,DAILY_NEUTRAL,0,0,0,0,0,0.0,1.6109540609191597,0.8054078014184398,,,,腾讯控股,B
00700,2012-05-18,DAILY_NEUTRAL,0,0,0,0,0,0.0,1.019780007823032,0.8036347517730497,,,,腾讯控股,B
00700,2012-05-21,DAILY_NEUTRAL,0,0,0,0,0,0.0,0.9760085241726967,0.7415780141843972,,,,腾讯控股,B
00700,2012-05-22,DAILY_NEUTRAL,0,0,0,0,0,0.0,1.263231282423021,0.6941489361702128,,,,腾讯控股,B
00700,2012-05-23,DAILY_NEUTRAL,0,0,0,0,0,0.0,1.2061913294139608,0.6892730496453902,,,,腾讯控股,B
00700,2012-05-24,DAILY_NEUTRAL,0,0,0,0,0,0.0,0.6338862850521408,0.725177304964539,,,,腾讯控股,B
00700,2012-05-25,DAILY_NEUTRAL,0,0,0,0,0,0.0,0.6214463170136234,0.7464539007092199,,,,腾讯控股,B
00700,2012-05-28,DAILY_NEUTRAL,0,0,0,0,0,0.0,0.3456299415145374,0.7185283687943264,,,,腾讯控股,B
00700,2012-05-29,DAILY_NEUTRAL,0,0,0,0,0,0.0,0.5535400870146083,0.7367021276595745,,,,腾讯控股,B
00700,2012-05-30,DAILY_NEUTRAL,0,0,0,0,0,0.0,1.2529501943914674,0.7331560283687943,,,,腾讯控股,B
00700,2012-05-31,DAILY_NEUTRAL,0,0,0,0,0,0.0,0.9711148150179264,0.7167553191489363,,,,腾讯控股,B
00700,2012-06-01,DAILY_NEUTRAL,0,0,0,0,0,33.33333333333333,0.8385607064952377,0.7269076305220883,,,,腾讯控股,B
00700,2012-06-04,DAILY_NEUTRAL,0,0,0,0,0,33.33333333333333,0.9518161686566159,0.7637362637362637,,,,腾讯控股,B
00700,2012-06-05,DAILY_NEUTRAL,0,0,0,0,0,0.0,0.7790815929615331,0.7617382617382618,,,,腾讯控股,B
00700,2012-06-06,DAILY_NEUTRAL,0,0,0,0,0,0.0,0.9950442377307189,0.8510963793982663,,,,腾讯控股,B
00700,2012-06-07,DAILY_NEUTRAL,0,0,0,0,0,33.33333333333333,0.970804276394484,0.877613462519123,,,,腾讯控股,B
00700,2012-06-08,DAILY_NEUTRAL,0,0,0,0,0,66.66666666666666,0.849676319670552,0.8924018357980622,,,,腾讯控股,B
00700,2012-06-11,DAILY_NEUTRAL,0,0,0,0,0,66.66666666666666,1.14803589985073,0.9938806731259561,,,,腾讯控股,B
00700,2012-06-12,DAILY_NEUTRAL,0,0,0,0,0,100.0,0.8844871888277582,0.9418367346938775,,,,腾讯控股,B
00700,2012-06-13,DAILY_NEUTRAL,0,0,0,0,0,100.0,0.6930283206549893,0.9530612244897958,,,,腾讯控股,B
00700,2012-06-14,DAILY_PULLBACK,0,0,1,0,0,100.0,0.7933391701025152,0.9341836734693876,,,,腾讯控股,B
00700,2012-06-15,DAILY_NEUTRAL,0,0,0,0,0,100.0,0.9729409877543846,0.9831632653061223,,,,腾讯控股,B
00700,2012-06-18,DAILY_NEUTRAL,0,0,0,0,0,100.0,0.9581005325527382,1.0301020408163266,,,,腾讯控股,B
00700,2012-06-19,DAILY_NEUTRAL,0,0,0,0,0,100.0,1.8083510768769162,1.0053217223028543,,,,腾讯控股,B
00700,2012-06-20,DAILY_NEUTRAL,0,0,0,0,0,100.0,0.7626778807947427,0.9863593603010347,,,,腾讯控股,B
00700,2012-06-21,DAILY_PULLBACK,0,0,1,0,0,100.0,1.6130420088533812,0.894167450611477,,,,腾讯控股,B
00700,2012-06-22,DAILY_PULLBACK,0,0,1,0,0,100.0,1.041515449926712,0.8424270931326434,,,,腾讯控股,B
00700,2012-06-25,DAILY_NEUTRAL,0,0,0,0,0,66.66666666666666,0.7484852370622614,0.8301975540921918,,,,腾讯控股,B
00700,2012-06-26,DAILY_NEUTRAL,0,0,0,0,0,33.33333333333333,1.0970476441427455,0.8057384760112887,,,,腾讯控股,B
00700,2012-06-27,DAILY_PULLBACK,0,0,1,0,0,66.66666666666666,1.0106068962187391,0.8664158043273754,,,,腾讯控股,B
00700,2012-06-28,DAILY_NEUTRAL,0,0,0,0,0,33.33333333333333,1.1502362156105805,0.810912511759172,,,,腾讯控股,B
00700,2012-06-29,DAILY_PULLBACK,0,0,1,0,0,66.66666666666666,1.3339470435860028,0.870178739416745,,,,腾讯控股,B
00700,2012-07-03,DAILY_PULLBACK,0,0,1,0,0,66.66666666666666,0.9681352039457303,0.9219190968955786,,,,腾讯控股,B
00700,2012-07-04,DAILY_NEUTRAL,0,0,0,0,0,66.66666666666666,0.7412696932277589,0.9379115710253998,,,,腾讯控股,B
00700,2012-07-05,DAILY_NEUTRAL,0,0,0,0,0,66.66666666666666,0.40744147701733774,0.9600188146754468,,,,腾讯控股,B
00700,2012-07-06,DAILY_NEUTRAL,0,0,0,0,0,66.66666666666666,0.49155546547882223,0.9534336782690498,,,,腾讯控股,B
00700,2012-07-09,DAILY_NEUTRAL,0,0,0,0,0,33.33333333333333,0.7170943861303721,0.8960489181561617,,,,腾讯控股,B
00700,2012-07-10,DAILY_NEUTRAL,0,0,0,0,0,66.66666666666666,0.6245340922319554,0.9082784571966133,,,,腾讯控股,B
00700,2012-07-11,DAILY_NEUTRAL,0,0,0,0,0,66.66666666666666,1.8069829701134634,0.8805268109125116,,,,腾讯控股,B
00700,2012-07-12,DAILY_NEUTRAL,0,0,0,0,0,33.33333333333333,2.14412372089365,0.82173095014111,,,,腾讯控股,B
00700,2012-07-13,DAILY_NEUTRAL,0,0,0,0,0,33.33333333333333,0.5330690169639024,0.8457196613358419,,,,腾讯控股,B
00700,2012-07-16,DAILY_NEUTRAL,0,0,0,0,0,33.33333333333333,0.8564448293327593,0.8598306679209784,,,,腾讯控股,B
00700,2012-07-17,DAILY_PULLBACK,0,0,1,0,0,66.66666666666666,1.290240669436741,0.8908748824082785,,,,腾讯控股,B
00700,2012-07-18,DAILY_NEUTRAL,0,0,0,0,0,33.33333333333333,1.462690526101927,0.8353715898400753,,,,腾讯控股,B
00700,2012-07-19,DAILY_PULLBACK,0,0,1,0,0,66.66666666666666,1.5635111371789543,0.8850682995760716,,,,腾讯控股,B
00700,2012-07-20,DAILY_NEUTRAL,0,0,0,0,0,66.66666666666666,1.0120053612560496,0.924964605946201,,,,腾讯控股,B
00700,2012-07-23,DAILY_NEUTRAL,0,0,0,0,0,66.66666666666666,0.9801040129749143,0.8853232656913639,,,,腾讯控股,B
00700,2012-07-24,DAILY_NEUTRAL,0,0,0,0,0,33.33333333333333,0.49676001451258234,0.8796602170835299,,,,腾讯控股,B
00700,2012-07-25,DAILY_NEUTRAL,0,0,0,0,0,33.33333333333333,0.6694592534128408,0.8626710712600283,,,,腾讯控股,B
00700,2012-07-26,DAILY_NEUTRAL,0,0,0,0,0,33.33333333333333,0.9491669617432017,0.8452100047192072,,,,腾讯控股,B
00700,2012-07-27,DAILY_NEUTRAL,0,0,0,0,0,33.33333333333333,1.4089896241287398,0.899008966493629,,,,腾讯控股,B
00700,2012-07-30,DAILY_NEUTRAL,0,0,0,0,0,33.33333333333333,1.2814039124731567,0.9112789051439357,,,,腾讯控股,B
00700,2012-07-31,DAILY_NEUTRAL,0,0,0,0,0,66.66666666666666,1.0597825149665443,0.924964605946201,,,,腾讯控股,B
00700,2012-08-01,DAILY_NEUTRAL,0,0,0,0,0,100.0,0.7300422497425192,0.9093912222746577,,,,腾讯控股,B
00700,2012-08-02,DAILY_PULLBACK,0,0,1,0,0,100.0,0.5857334937475412,0.9218600191754555,,,,腾讯控股,B
00700,2012-08-03,DAILY_PULLBACK,0,0,1,0,0,100.0,0.6085554395284657,0.9256951102588686,,,,腾讯控股,B
00700,2012-08-06,DAILY_NEUTRAL,0,0,0,0,0,100.0,0.7875742324721547,0.9964947421131697,,,,腾讯控股,B
00700,2012-08-07,DAILY_NEUTRAL,0,0,0,0,0,100.0,1.0033565262691801,0.973391388485728,,,,腾讯控股,B
00700,2012-08-08,DAILY_NEUTRAL,0,0,0,0,0,100.0,1.4391227880666697,0.9806482825350749,,,,腾讯控股,B
00700,2012-08-09,DAILY_NEUTRAL,0,0,0,0,0,100.0,1.3836612918300564,1.015965166908563,,,,腾讯控股,B
00700,2012-08-10,DAILY_PULLBACK,0,0,1,0,0,100.0,2.495225856888173,0.9207459207459208,,,,腾讯控股,B
00700,2012-08-13,DAILY_NEUTRAL,0,0,0,0,0,66.66666666666666,1.650477006236544,0.8829836829836831,,,,腾讯控股,B
00700,2012-08-14,DAILY_PULLBACK,0,0,1,0,0,100.0,0.9159860617278546,0.9002331002331002,,,,腾讯控股,B
00700,2012-08-15,DAILY_NEUTRAL,0,0,0,0,0,33.33333333333333,1.3590396301003016,0.8965034965034966,,,,腾讯控股,B
00700,2012-08-16,DAILY_PULLBACK,0,0,1,0,0,66.66666666666666,2.728960226469015,1.0223776223776224,,,,腾讯控股,B
00700,2012-08-17,DAILY_NEUTRAL,0,0,0,0,0,100.0,0.8369674098536488,1.0116435288849082,,,,腾讯控股,B
00700,2012-08-20,DAILY_NEUTRAL,0,0,0,0,0,100.0,0.44633192431366786,0.9778156996587031,,,,腾讯控股,B
00700,2012-08-21,DAILY_NEUTRAL,0,0,0,0,0,100.0,0.3234731343284367,0.9654436860068258,,,,腾讯控股,B
00700,2012-08-22,DAILY_PULLBACK,0,0,1,0,0,100.0,0.3545929445961255,0.9415529010238908,,,,腾讯控股,B
00700,2012-08-23,DAILY_PULLBACK,0,0,1,0,0,100.0,0.46778510528771944,0.9620307167235495,,,,腾讯控股,B
00700,2012-08-24,DAILY_PULLBACK,0,0,1,0,0,100.0,0.6300138010330538,0.9385665529010239,,,,腾讯控股,B
00700,2012-08-27,DAILY_PULLBACK,0,0,1,0,0,100.0,0.6358576706807879,0.9385665529010239,,,,腾讯控股,B
00700,2012-08-28,DAILY_PULLBACK,0,0,1,0,0,100.0,1.0415702445881612,0.9197952218430033,,,,腾讯控股,B
00700,2012-08-29,DAILY_PULLBACK,0,0,1,0,0,66.66666666666666,1.015701704229899,0.9197952218430033,,,,腾讯控股,B
00700,2012-08-30,DAILY_NEUTRAL,0,0,0,0,0,33.33333333333333,1.605213319084707,0.8835324232081911,,,,腾讯控股,B
00700,2012-08-31,DAILY_NEUTRAL,0,0,0,0,0,33.33333333333333,1.1929528895841703,0.8758532423208191,,,,腾讯控股,B
00700,2012-09-03,DAILY_PULLBACK,0,0,1,0,0,66.66666666666666,0.8724762986234647,0.9069965870307167,,,,腾讯控股,B
00700,2012-09-04,DAILY_NEUTRAL,0,0,0,0,0,33.33333333333333,0.8246100903195872,0.8805460750853242,,,,腾讯控股,B
00700,2012-09-05,DAILY_NEUTRAL,0,0,0,0,0,33.33333333333333,1.131509159421541,0.8536689419795223,,,,腾讯控股,B
00700,2012-09-06,DAILY_NEUTRAL,0,0,0,0,0,0.0,0.7989924342382881,0.8929180887372014,,,,腾讯控股,B
00700,2012-09-07,DAILY_NEUTRAL,0,0,0,0,0,33.33333333333333,1.3727114583065188,0.9244880546075086,,,,腾讯控股,B
00700,2012-09-10,DAILY_NEUTRAL,0,0,0,0,0,33.33333333333333,1.2384861604403414,0.9415529010238908,,,,腾讯控股,B
00700,2012-09-11,DAILY_NEUTRAL,0,0,0,0,0,66.66666666666666,1.427736939122067,0.9560580204778156,,,,腾讯控股,B
00700,2012-09-12,DAILY_NEUTRAL,0,0,0,0,0,66.66666666666666,1.095138232349034,0.9812286689419795,,,,腾讯控股,B
00700,2012-09-13,DAILY_NEUTRAL,0,0,0,0,0,66.66666666666666,0.8727677660609905,0.9684300341296928,,,,腾讯控股,B
00700,2012-09-14,DAILY_NEUTRAL,0,0,0,0,0,100.0,1.640281025636645,1.0217576791808873,,,,腾讯控股,B
00700,2012-09-17,DAILY_NEUTRAL,0,0,0,0,0,100.0,0.7440624511667339,0.9598070739549839,,,,腾讯控股,B
00700,2012-09-18,DAILY_NEUTRAL,0,0,0,0,0,100.0,0.9132279103102328,0.9581993569131834,,,,腾讯控股,B
00700,2012-09-19,DAILY_NEUTRAL,0,0,0,0,0,100.0,0.8762638416703048,0.962620578778135,,,,腾讯控股,B
00700,2012-09-20,DAILY_PULLBACK,0,0,1,0,0,100.0,0.9084716398741236,0.9344855305466239,,,,腾讯控股,B
00700,2012-09-21,DAILY_PULLBACK,0,0,1,0,0,100.0,0.8386351458498038,0.9509646302250804,,,,腾讯控股,B
00700,2012-09-24,DAILY_NEUTRAL,0,0,0,0,0,100.0,0.8036134653677344,0.9598070739549839,,,,腾讯控股,B
00700,2012-09-25,DAILY_NEUTRAL,0,0,0,0,0,100.0,0.6626583924488882,0.9670418006430868,,,,腾讯控股,B
00700,2012-09-26,DAILY_NEUTRAL,0,0,0,0,0,100.0,0.9805392337141333,0.9658360128617364,,,,腾讯控股,B
00700,2012-09-27,DAILY_NEUTRAL,0,0,0,0,0,100.0,2.062603826146555,1.0116559485530547,,,,腾讯控股,B
00700,2012-09-28,DAILY_NEUTRAL,0,0,0,0,0,100.0,1.183416816942558,1.0086887835703,,,,腾讯控股,B
00700,2012-10-03,DAILY_NEUTRAL,0,0,0,0,0,100.0,0.9343198054759505,0.9914363565589722,,,,腾讯控股,B
00700,2012-10-04,DAILY_NEUTRAL,0,0,0,0,0,100.0,0.7501626151299999,0.9704433497536945,,,,腾讯控股,B
00700,2012-10-05,DAILY_NEUTRAL,0,0,0,0,0,100.0,0.836917939856471,0.9662751042061387,,,,腾讯控股,B
00700,2012-10-08,DAILY_PULLBACK,0,0,1,0,0,100.0,0.8091243994625316,0.9427813565744599,,,,腾讯控股,B
00700,2012-10-09,DAILY_PULLBACK,0,0,1,0,0,100.0,0.8677495463287731,0.9355816597195907,,,,腾讯控股,B
00700,2012-10-10,DAILY_PULLBACK,0,0,1,0,0,100.0,0.5941994802231928,0.9370973853732475,,,,腾讯控股,B
00700,2012-10-11,DAILY_NEUTRAL,0,0,0,0,0,33.33333333333333,1.0256681788363604,0.9204244031830239,,,,腾讯控股,B
00700,2012-10-12,DAILY_PULLBACK,0,0,1,0,0,66.66666666666666,0.5606900278662915,0.9298976885183782,,,,腾讯控股,B
00700,2012-10-15,DAILY_PULLBACK,0,0,1,0,0,66.66666666666666,0.7072007393718536,0.9287608942781357,,,,腾讯控股,B
00700,2012-10-16,DAILY_PULLBACK,0,0,1,0,0,66.66666666666666,0.7724628537149582,0.9386131110269041,,,,腾讯控股,B
00700,2012-10-17,DAILY_PULLBACK,0,0,1,0,0,66.66666666666666,1.3066787262513415,0.9564228874573701,,,,腾讯控股,B
00700,2012-10-18,DAILY_PULLBACK,0,0,1,0,0,66.66666666666666,1.4698559217963632,0.9386131110269041,,,,腾讯控股,B
00700,2012-10-19,DAILY_NEUTRAL,0,0,0,0,0,100.0,1.232573324549276,0.9511178476695719,,,,腾讯控股,B
00700,2012-10-22,DAILY_NEUTRAL,0,0,0,0,0,100.0,1.0604576057546868,0.9776430466085638,,,,腾讯控股,B
00700,2012-10-24,DAILY_NEUTRAL,0,0,0,0,0,100.0,1.6417555475566599,1.010989010989011,,,,腾讯控股,B
00700,2012-10-25,DAILY_NEUTRAL,0,0,0,0,0,100.0,1.5203597284547343,1.0055991041433372,,,,腾讯控股,B
00700,2012-10-26,DAILY_PULLBACK,0,0,1,0,0,100.0,1.1513895284080296,0.9580265095729013,,,,腾讯控股,B
00700,2012-10-29,DAILY_NEUTRAL,0,0,0,0,0,100.0,0.7408908455163008,0.9690458849235251,,,,腾讯控股,B
00700,2012-11-01,DAILY_NEUTRAL,0,0,0,0,0,100.0,0.9228225073657772,1.0080116533139112,,,,腾讯控股,B
00700,2012-11-02,DAILY_NEUTRAL,0,0,0,0,0,100.0,0.970377712940667,1.0144300144300145,,,,腾讯控股,B
00700,2012-11-05,DAILY_NEUTRAL,0,0,0,0,0,100.0,0.8688536302117421,0.9650837988826816,,,,腾讯控股,B
00700,2012-11-06,DAILY_NEUTRAL,0,0,0,0,0,100.0,0.8476540342086287,0.9664804469273742,,,,腾讯控股,B
00700,2012-11-07,DAILY_PULLBACK,0,0,1,0,0,100.0,0.9859451561085999,0.9650837988826816,,,,腾讯控股,B
00700,2012-11-08,DAILY_PULLBACK,0,0,1,0,0,100.0,1.165335458810853,0.9329608938547486,,,,腾讯控股,B
00700,2012-11-09,DAILY_NEUTRAL,0,0,0,0,0,66.66666666666666,1.0334749248731105,0.9099162011173184,,,,腾讯控股,B
00700,2012-11-12,DAILY_PULLBACK,0,0,1,0,0,66.66666666666666,1.054601622672747,0.9381983240223464,,,,腾讯控股,B
00700,2012-11-13,DAILY_PULLBACK,0,0,1,0,0,66.66666666666666,1.3164575104821257,0.9305167597765363,,,,腾讯控股,B
00700,2012-11-14,DAILY_NEUTRAL,0,0,0,0,0,33.33333333333333,1.0137053960266396,0.9148044692737429,,,,腾讯控股,B
00700,2012-11-15,DAILY_NEUTRAL,0,0,0,0,0,33.33333333333333,3.806276732548842,0.7950418994413407,,,,腾讯控股,B
00700,2012-11-16,DAILY_NEUTRAL,0,0,0,0,0,0.0,1.900282780929706,0.7887569832402235,,,,腾讯控股,B
00700,2012-11-19,DAILY_NEUTRAL,0,0,0,0,0,0.0,0.9265757227945363,0.7744413407821229,,,,腾讯控股,B
00700,2012-11-20,DAILY_NEUTRAL,0,0,0,0,0,0.0,0.7448626311537709,0.8107541899441341,,,,腾讯控股,B
00700,2012-11-21,DAILY_NEUTRAL,0,0,0,0,0,0.0,0.6450805497594532,0.8519553072625697,,,,腾讯控股,B
00700,2012-11-22,DAILY_NEUTRAL,0,0,0,0,0,0.0,0.4184773223218938,0.8620810055865922,,,,腾讯控股,B
00700,2012-11-23,DAILY_NEUTRAL,0,0,0,0,0,0.0,0.7101159651908954,0.8414804469273743,,,,腾讯控股,B
00700,2012-11-26,DAILY_NEUTRAL,0,0,0,0,0,0.0,0.7948393965011726,0.8156424581005586,,,,腾讯控股,B
00700,2012-11-27,DAILY_NEUTRAL,0,0,0,0,0,33.33333333333333,0.8766822773562892,0.8107541899441341,,,,腾讯控股,B
00700,2012-11-28,DAILY_NEUTRAL,0,0,0,0,0,33.33333333333333,0.9135708641291757,0.8236731843575419,,,,腾讯控股,B
00700,2012-11-29,DAILY_NEUTRAL,0,0,0,0,0,33.33333333333333,0.9020682456058038,0.8351955307262571,,,,腾讯控股,B
00700,2012-11-30,DAILY_NEUTRAL,0,0,0,0,0,0.0,1.2371783349965488,0.8208798882681565,,,,腾讯控股,B
00700,2012-12-03,DAILY_NEUTRAL,0,0,0,0,0,0.0,1.5748894602120251,0.7868092691622103,,,,腾讯控股,B
00700,2012-12-04,DAILY_NEUTRAL,0,0,0,0,0,0.0,1.1951527692720525,0.7859699355762347,,,,腾讯控股,B
00700,2012-12-05,DAILY_NEUTRAL,0,0,0,0,0,0.0,1.3437731778277735,0.8282828282828284,,,,腾讯控股,B
00700,2012-12-06,DAILY_NEUTRAL,0,0,0,0,0,0.0,0.8894642063958471,0.8548504741064916,,,,腾讯控股,B
00700,2012-12-07,DAILY_NEUTRAL,0,0,0,0,0,0.0,0.6244911838054262,0.8428154631655725,,,,腾讯控股,B
00700,2012-12-10,DAILY_NEUTRAL,0,0,0,0,0,0.0,0.5663769430729026,0.8588621444201313,,,,腾讯控股,B
00700,2012-12-11,DAILY_NEUTRAL,0,0,0,0,0,33.33333333333333,0.769122522386514,0.8533916849015316,,,,腾讯控股,B
00700,2012-12-12,DAILY_NEUTRAL,0,0,0,0,0,66.66666666666666,0.9158070945703845,0.8837034249153181,,,,腾讯控股,B
00700,2012-12-13,DAILY_NEUTRAL,0,0,0,0,0,66.66666666666666,0.9315146904038577,0.9338645418326693,,,,腾讯控股,B
00700,2012-12-14,DAILY_NEUTRAL,0,0,0,0,0,33.33333333333333,0.7701498347463362,0.9250996015936254,,,,腾讯控股,B
00700,2012-12-17,DAILY_NEUTRAL,0,0,0,0,0,33.33333333333333,1.1849534458294657,0.9087649402390438,,,,腾讯控股,B
00700,2012-12-18,DAILY_NEUTRAL,0,0,0,0,0,0.0,0.8238478522601567,0.9175298804780876,,,,腾讯控股,B
00700,2012-12-19,DAILY_NEUTRAL,0,0,0,0,0,0.0,0.9601437680687651,0.9087649402390438,,,,腾讯控股,B
00700,2012-12-20,DAILY_NEUTRAL,0,0,0,0,0,0.0,1.2225467928524099,0.9059760956175298,,,,腾讯控股,B
00700,2012-12-21,DAILY_NEUTRAL,0,0,0,0,0,0.0,1.0103347109633196,0.897211155378486,,,,腾讯控股,B
00700,2012-12-24,DAILY_NEUTRAL,0,0,0,0,0,0.0,0.3266034475219729,0.917938144329897,,,,腾讯控股,B
00700,2012-12-27,DAILY_NEUTRAL,0,0,0,0,0,0.0,1.1280949933708366,0.9270103092783505,,,,腾讯控股,B
00700,2012-12-28,DAILY_NEUTRAL,0,0,0,0,0,0.0,0.8785867355731634,0.9451546391752578,,,,腾讯控股,B
00700,2012-12-31,DAILY_NEUTRAL,0,0,0,0,0,0.0,0.5420265233391682,0.9377319587628865,,,,腾讯控股,B
00700,2013-01-02,DAILY_NEUTRAL,0,0,0,0,0,66.66666666666666,2.63554876043252,1.0188758389261745,,,,腾讯控股,B
00700,2013-01-03,DAILY_NEUTRAL,0,0,0,0,0,66.66666666666666,1.7856701113888436,1.0089906007355947,,,,腾讯控股,B
00700,2013-01-04,DAILY_NEUTRAL,0,0,0,0,0,66.66666666666666,0.8137646255277158,0.9824421388667199,,,,腾讯控股,B
00700,2013-01-07,DAILY_PULLBACK,0,0,1,0,0,100.0,1.2350892714203128,0.9557063048683161,,,,腾讯控股,B
00700,2013-01-08,DAILY_PULLBACK,0,0,1,0,0,100.0,0.8368695246012059,0.9557063048683161,,,,腾讯控股,B
00700,2013-01-09,DAILY_PULLBACK,0,0,1,0,0,100.0,0.8740743987324532,0.938148443735036,,,,腾讯控股,B
00700,2013-01-10,DAILY_PULLBACK,0,0,1,0,0,100.0,0.8895581683183086,0.9397446129289706,,,,腾讯控股,B
00700,2013-01-11,DAILY_PULLBACK,0,0,1,0,0,66.66666666666666,0.9582126352551765,0.9529130087789306,,,,腾讯控股,B
00700,2013-01-14,DAILY_PULLBACK,0,0,1,0,0,66.66666666666666,1.2829827177670516,0.9501197126895451,,,,腾讯控股,B
00700,2013-01-15,DAILY_PULLBACK,0,0,1,0,0,66.66666666666666,1.0205970564471534,0.9748603351955307,,,,腾讯控股,B
00700,2013-01-16,DAILY_NEUTRAL,0,0,0,0,0,100.0,2.1198947535470265,1.041101356743815,,,,腾讯控股,B
00700,2013-01-17,DAILY_DISTRIBUTION,0,1,0,0,0,100.0,1.8815880538198868,0.9901477832512314,,,,腾讯控股,B
00700,2013-01-18,DAILY_NEUTRAL,0,0,0,0,0,100.0,0.9602981219753917,1.0083144368858654,,,,腾讯控股,B
00700,2013-01-21,DAILY_NEUTRAL,0,0,0,0,0,100.0,0.7278324574830852,0.9766146993318484,,,,腾讯控股,B
00700,2013-01-22,DAILY_NEUTRAL,0,0,0,0,0,100.0,0.44680390473001924,0.9727540500736378,,,,腾讯控股,B
00700,2013-01-23,DAILY_NEUTRAL,0,0,0,0,0,100.0,0.6099833538414742,0.9727540500736378,,,,腾讯控股,B
00700,2013-01-24,DAILY_NEUTRAL,0,0,0,0,0,100.0,0.6354781488269856,0.9852724594992637,,,,腾讯控股,B
00700,2013-01-25,DAILY_PULLBACK,0,0,1,0,0,100.0,1.4579226026561818,0.9606038291605302,,,,腾讯控股,B
00700,2013-01-28,DAILY_PULLBACK,0,0,1,0,0,100.0,0.8408320293165834,0.9646539027982327,,,,腾讯控股,B
00700,2013-01-29,DAILY_PULLBACK,0,0,1,0,0,66.66666666666666,0.7843264977684801,0.9606038291605302,,,,腾讯控股,B
00700,2013-01-30,DAILY_PULLBACK,0,0,1,0,0,66.66666666666666,0.9495085593918987,0.9852724594992637,,,,腾讯控股,B
00700,2013-01-31,DAILY_PULLBACK,0,0,1,0,0,66.66666666666666,0.8736290639792972,0.9893225331369662,,,,腾讯控股,B
00700,2013-02-01,DAILY_PULLBACK,0,0,1,0,0,100.0,0.5023249688099641,0.9701767304860088,,,,腾讯控股,B
00700,2013-02-04,DAILY_PULLBACK,0,0,1,0,0,100.0,0.7612616317727398,0.9716494845360825,,,,腾讯控股,B
00700,2013-02-05,DAILY_PULLBACK,0,0,1,0,0,100.0,1.0565285280624221,0.9446277961129447,,,,腾讯控股,B
00700,2013-02-06,DAILY_PULLBACK,0,0,1,0,0,66.66666666666666,0.7532458215584921,0.9556288962229555,,,,腾讯控股,B
00700,2013-02-07,DAILY_PULLBACK,0,0,1,0,0,66.66666666666666,1.3001722681958414,0.9893656032269894,,,,腾讯控股,B
00700,2013-02-08,DAILY_PULLBACK,0,0,1,0,0,66.66666666666666,1.4768814109787929,0.9798313164649798,,,,腾讯控股,B
00700,2013-02-14,DAILY_NEUTRAL,0,0,0,0,0,66.66666666666666,0.9119306781229151,0.9878987898789879,,,,腾讯控股,B
00700,2013-02-15,DAILY_NEUTRAL,0,0,0,0,0,100.0,1.0157494856305351,1.0055005500550056,,,,腾讯控股,B
00700,2013-02-18,DAILY_NEUTRAL,0,0,0,0,0,100.0,0.9155487096807273,0.9892202659001079,,,,腾讯控股,B
00700,2013-02-19,DAILY_DISTRIBUTION,0,1,0,0,0,100.0,1.4808950212868623,0.9892202659001079,,,,腾讯控股,B
00700,2013-02-20,DAILY_NEUTRAL,0,0,0,0,0,100.0,1.2044350832107753,0.9872295140120609,,,,腾讯控股,B
00700,2013-02-21,DAILY_PULLBACK,0,0,1,0,0,100.0,1.2715685462913837,0.9543039319872476,,,,腾讯控股,B
00700,2013-02-22,DAILY_NEUTRAL,0,0,0,0,0,66.66666666666666,1.8557550791780584,0.9061282323769039,,,,腾讯控股,B
00700,2013-02-25,DAILY_NEUTRAL,0,0,0,0,0,33.33333333333333,0.5882829663390448,0.9086078639744951,,,,腾讯控股,B
00700,2013-02-26,DAILY_NEUTRAL,0,0,0,0,0,33.33333333333333,0.8897204706218823,0.9231314204746722,,,,腾讯控股,B
00700,2013-02-27,DAILY_NEUTRAL,0,0,0,0,0,33.33333333333333,0.8949884589352907,0.9047113000354232,,,,腾讯控股,B
00700,2013-02-28,DAILY_NEUTRAL,0,0,0,0,0,33.33333333333333,1.092619005606763,0.9309245483528161,,,,腾讯控股,B
00700,2013-03-01,DAILY_NEUTRAL,0,0,0,0,0,0.0,0.8078692469752713,0.9334041799504074,,,,腾讯控股,B
00700,2013-03-04,DAILY_NEUTRAL,0,0,0,0,0,33.33333333333333,1.5837828478177536,0.9698901877435352,,,,腾讯控股,B
00700,2013-03-05,DAILY_NEUTRAL,0,0,0,0,0,66.66666666666666,1.1826862203079929,0.9776833156216791,,,,腾讯控股,B
00700,2013-03-06,DAILY_NEUTRAL,0,0,0,0,0,66.66666666666666,1.5651461071058388,0.9985850725150336,,,,腾讯控股,B
00700,2013-03-07,DAILY_NEUTRAL,0,0,0,0,0,66.66666666666666,0.6371878173958115,0.9809885931558935,,,,腾讯控股,B
00700,2013-03-08,DAILY_NEUTRAL,0,0,0,0,0,100.0,1.0539765920926871,1.0114068441064639,,,,腾讯控股,B
00700,2013-03-11,DAILY_NEUTRAL,0,0,0,0,0,100.0,0.6941625971174833,0.979890933878664,,,,腾讯控股,B
00700,2013-03-12,DAILY_PULLBACK,0,0,1,0,0,100.0,0.657211676081929,0.952638700947226,,,,腾讯控股,B
00700,2013-03-13,DAILY_PULLBACK,0,0,1,0,0,100.0,0.9415137006683967,0.9512855209742896,,,,腾讯控股,B
00700,2013-03-14,DAILY_PULLBACK,0,0,1,0,0,100.0,1.6075902758274503,0.9364005412719892,,,,腾讯控股,B
00700,2013-03-15,DAILY_PULLBACK,0,0,1,0,0,66.66666666666666,4.200443480374428,0.9262516914749662,,,,腾讯控股,B
00700,2013-03-18,DAILY_NEUTRAL,0,0,0,0,0,33.33333333333333,1.3552490923567277,0.857916102841678,,,,腾讯控股,B
00700,2013-03-19,DAILY_NEUTRAL,0,0,0,0,0,33.33333333333333,1.0407621992746179,0.8328822733423547,,,,腾讯控股,B
00700,2013-03-20,DAILY_NEUTRAL,0,0,0,0,0,33.33333333333333,0.7094422793870794,0.8552097428958052,,,,腾讯控股,B
00700,2013-03-21,DAILY_NEUTRAL,0,0,0,0,0,33.33333333333333,1.8287820689368786,0.790257104194858,,,,腾讯控股,B
00700,2013-03-22,DAILY_NEUTRAL,0,0,0,0,0,0.0,1.0604310205869474,0.746617050067659,,,,腾讯控股,B
00700,2013-03-25,DAILY_NEUTRAL,0,0,0,0,0,0.0,0.941334765331549,0.7182002706359947,,,,腾讯控股,B
00700,2013-03-26,DAILY_NEUTRAL,0,0,0,0,0,0.0,0.6970707196508001,0.7655615696887687,,,,腾讯控股,B
00700,2013-03-27,DAILY_NEUTRAL,0,0,0,0,0,0.0,0.5339055800480184,0.7790933694181327,,,,腾讯控股,B
00700,2013-03-28,DAILY_NEUTRAL,0,0,0,0,0,0.0,0.5146868778014823,0.7554127198917456,,,,腾讯控股,B
00700,2013-04-02,DAILY_NEUTRAL,0,0,0,0,0,0.0,0.7137700106663672,0.7303788903924222,,,,腾讯控股,B
00700,2013-04-03,DAILY_NEUTRAL,0,0,0,0,0,0.0,0.6321159583356026,0.7303788903924222,,,,腾讯控股,B
00700,2013-04-05,DAILY_NEUTRAL,0,0,0,0,0,0.0,0.8623578318144991,0.6955345060893099,,,,腾讯控股,B
00700,2013-04-08,DAILY_NEUTRAL,0,0,0,0,0,0.0,0.8318403260816138,0.7205683355886333,,,,腾讯控股,B
00700,2013-04-09,DAILY_NEUTRAL,0,0,0,0,0,0.0,1.0507369608750161,0.7604871447902571,,,,腾讯控股,B
00700,2013-04-10,DAILY_NEUTRAL,0,0,0,0,0,0.0,0.8246103501173679,0.7716508795669824,,,,腾讯控股,B
00700,2013-04-11,DAILY_NEUTRAL,0,0,0,0,0,0.0,1.021556109704663,0.7780784844384303,,,,腾讯控股,B
00700,2013-04-12,DAILY_NEUTRAL,0,0,0,0,0,33.33333333333333,0.9438497704133088,0.7941787941787942,,,,腾讯控股,B
00700,2013-04-15,DAILY_NEUTRAL,0,0,0,0,0,33.33333333333333,0.5850922172269991,0.7696044413601665,,,,腾讯控股,B
00700,2013-04-16,DAILY_NEUTRAL,0,0,0,0,0,33.33333333333333,1.0895016023624766,0.7798719772403983,,,,腾讯控股,B
00700,2013-04-17,DAILY_NEUTRAL,0,0,0,0,0,66.66666666666666,1.7301671655502011,0.8162393162393163,,,,腾讯控股,B
00700,2013-04-18,DAILY_NEUTRAL,0,0,0,0,0,33.33333333333333,0.6634751570432073,0.8217821782178218,,,,腾讯控股,B
00700,2013-04-19,DAILY_NEUTRAL,0,0,0,0,0,100.0,1.0884434852385867,0.8910815939278937,,,,腾讯控股,B
00700,2013-04-22,DAILY_NEUTRAL,0,0,0,0,0,100.0,0.6903925778517271,0.9279875437913585,,,,腾讯控股,B
00700,2013-04-23,DAILY_NEUTRAL,0,0,0,0,0,100.0,0.527540663700028,0.9374243035930561,,,,腾讯控股,B
00700,2013-04-24,DAILY_NEUTRAL,0,0,0,0,0,100.0,0.7663063696517806,0.9830157415078707,,,,腾讯控股,B
00700,2013-04-25,DAILY_NEUTRAL,0,0,0,0,0,100.0,1.051919904696583,0.9921292460646229,,,,腾讯控股,B
00700,2013-04-26,DAILY_NEUTRAL,0,0,0,0,0,100.0,1.0037200997637283,1.0182270091135044,,,,腾讯控股,B
00700,2013-04-29,DAILY_NEUTRAL,0,0,0,0,0,100.0,1.1046098350397098,1.0145337101332257,,,,腾讯控股,B
00700,2013-04-30,DAILY_NEUTRAL,0,0,0,0,0,100.0,1.5620327307751354,1.0310385992837248,,,,腾讯控股,B
00700,2013-05-02,DAILY_NEUTRAL,0,0,0,0,0,100.0,1.868249882267855,1.0337760910815939,,,,腾讯控股,B
00700,2013-05-03,DAILY_NEUTRAL,0,0,0,0,0,100.0,0.9020015615017032,0.9692474674384949,,,,腾讯控股,B
00700,2013-05-06,DAILY_NEUTRAL,0,0,0,0,0,100.0,0.5361106173153555,0.9538514920194309,,,,腾讯控股,B
00700,2013-05-07,DAILY_NEUTRAL,0,0,0,0,0,100.0,0.3287240327749497,0.9566273421235253,,,,腾讯控股,B
00700,2013-05-08,DAILY_NEUTRAL,0,0,0,0,0,100.0,0.43636069880117717,0.9528105482303956,,,,腾讯控股,B
00700,2013-05-09,DAILY_PULLBACK,0,0,1,0,0,100.0,0.5044757023832352,0.9476058292852185,,,,腾讯控股,B
00700,2013-05-10,DAILY_NEUTRAL,0,0,0,0,0,100.0,0.7653177436524826,0.9666897987508675,,,,腾讯控股,B
00700,2013-05-13,DAILY_PULLBACK,0,0,1,0,0,100.0,1.4388525291174767,0.9156835530881332,,,,腾讯控股,B
00700,2013-05-14,DAILY_PULLBACK,0,0,1,0,0,100.0,1.694305666550998,0.9219292158223455,,,,腾讯控股,B
00700,2013-05-15,DAILY_PULLBACK,0,0,1,0,0,66.66666666666666,1.3511107973692007,0.9514226231783485,,,,腾讯控股,B
00700,2013-05-16,DAILY_NEUTRAL,0,0,0,0,0,100.0,5.347236850485871,1.0652324774462179,,,,腾讯控股,B
00700,2013-05-20,DAILY_NEUTRAL,0,0,0,0,0,100.0,2.7163508289702487,1.088526685842122,,,,腾讯控股,B
00700,2013-05-21,DAILY_NEUTRAL,0,0,0,0,0,100.0,0.9862065457011671,0.9675153643546971,,,,腾讯控股,B
00700,2013-05-22,DAILY_NEUTRAL,0,0,0,0,0,100.0,0.41709535420829996,0.9622475856014048,,,,腾讯控股,B
00700,2013-05-23,DAILY_PULLBACK,0,0,1,0,0,100.0,0.7193179244711082,0.9072285630670178,,,,腾讯控股,B
00700,2013-05-24,DAILY_PULLBACK,0,0,1,0,0,100.0,0.5562216612296875,0.9426397424641498,,,,腾讯控股,B
00700,2013-05-27,DAILY_NEUTRAL,0,0,0,0,0,100.0,0.3499877865898013,0.948200175592625,,,,腾讯控股,B
00700,2013-05-28,DAILY_NEUTRAL,0,0,0,0,0,100.0,0.6305057422588327,0.9686859818554288,,,,腾讯控股,B
00700,2013-05-29,DAILY_NEUTRAL,0,0,0,0,0,100.0,1.1143451604845844,0.9654667837284168,,,,腾讯控股,B
00700,2013-05-30,DAILY_NEUTRAL,0,0,0,0,0,100.0,0.952248747738412,0.9880011706175006,,,,腾讯控股,B
00700,2013-05-31,DAILY_NEUTRAL,0,0,0,0,0,100.0,1.1440280811035344,0.9880011706175006,,,,腾讯控股,B
00700,2013-06-03,DAILY_PULLBACK,0,0,1,0,0,100.0,1.0534011037215703,0.9631255487269533,,,,腾讯控股,B
00700,2013-06-04,DAILY_PULLBACK,0,0,1,0,0,100.0,0.8182541993170482,0.939013964092334,,,,腾讯控股,B
00700,2013-06-05,DAILY_PULLBACK,0,0,1,0,0,100.0,0.6819590353188072,0.9233399829011113,,,,腾讯控股,B
00700,2013-06-06,DAILY_PULLBACK,0,0,1,0,0,66.66666666666666,1.0536018247082877,0.9222000569962951,,,,腾讯控股,B
00700,2013-06-07,DAILY_PULLBACK,0,0,1,0,0,66.66666666666666,1.0084279885862881,0.9202051866628668,,,,腾讯控股,B
00700,2013-06-10,DAILY_PULLBACK,0,0,1,0,0,66.66666666666666,1.2205993132435211,0.9484183528070674,,,,腾讯控股,B
00700,2013-06-11,DAILY_PULLBACK,0,0,1,0,0,66.66666666666666,1.0965543498166448,0.9464234824736392,,,,腾讯控股,B
00700,2013-06-13,DAILY_NEUTRAL,0,0,0,0,0,33.33333333333333,2.0636906675344044,0.9096608720433171,,,,腾讯控股,B
00700,2013-06-14,DAILY_NEUTRAL,0,0,0,0,0,33.33333333333333,0.7084540298743766,0.9253348532345397,,,,腾讯控股,B
00700,2013-06-17,DAILY_NEUTRAL,0,0,0,0,0,33.33333333333333,0.801327908364793,0.9264747791393558,,,,腾讯控股,B
00700,2013-06-18,DAILY_NEUTRAL,0,0,0,0,0,0.0,0.7983752414234407,0.9241949273297234,,,,腾讯控股,B
00700,2013-06-19,DAILY_NEUTRAL,0,0,0,0,0,0.0,1.1697991138319428,0.9190652607580506,,,,腾讯控股,B
00700,2013-06-20,DAILY_NEUTRAL,0,0,0,0,0,0.0,1.4818488472811349,0.8697634653747506,,,,腾讯控股,B
00700,2013-06-21,DAILY_NEUTRAL,0,0,0,0,0,0.0,2.1610998902652,0.8466799658022228,,,,腾讯控股,B
00700,2013-06-24,DAILY_NEUTRAL,0,0,0,0,0,0.0,1.0756151520544848,0.8087774294670845,,,,腾讯控股,B
00700,2013-06-25,DAILY_NEUTRAL,0,0,0,0,0,0.0,1.2016103430308327,0.8338557993730407,,,,腾讯控股,B
00700,2013-06-26,DAILY_NEUTRAL,0,0,0,0,0,0.0,0.8023429896046981,0.8706184098033627,,,,腾讯控股,B
00700,2013-06-27,DAILY_NEUTRAL,0,0,0,0,0,0.0,0.7858137750084389,0.9096608720433171,,,,腾讯控股,B
00700,2013-06-28,DAILY_NEUTRAL,0,0,0,0,0,33.33333333333333,0.8046109385011054,0.9432886862353946,,,,腾讯控股,B
00700,2013-07-02,DAILY_NEUTRAL,0,0,0,0,0,66.66666666666666,0.732245406117412,0.9307495012824164,,,,腾讯控股,B
00700,2013-07-03,DAILY_NEUTRAL,0,0,0,0,0,66.66666666666666,0.9075015096560572,0.9147905386149899,,,,腾讯控股,B
00700,2013-07-04,DAILY_NEUTRAL,0,0,0,0,0,66.66666666666666,0.6027782265352339,0.9596104268118019,,,,腾讯控股,B
00700,2013-07-05,DAILY_NEUTRAL,0,0,0,0,0,66.66666666666666,0.5518846566924178,0.9702091091377829,,,,腾讯控股,B
00700,2013-07-08,DAILY_NEUTRAL,0,0,0,0,0,66.66666666666666,1.0090091853882484,0.938699513033515,,,,腾讯控股,B
00700,2013-07-09,DAILY_PULLBACK,0,0,1,0,0,100.0,0.764170869030243,0.9332569464336866,,,,腾讯控股,B
00700,2013-07-10,DAILY_PULLBACK,0,0,1,0,0,100.0,0.9050790065561459,0.949298195359496,,,,腾讯控股,B
00700,2013-07-11,DAILY_NEUTRAL,0,0,0,0,0,100.0,1.0457808490663112,0.9853574504737296,,,,腾讯控股,B
00700,2013-07-12,DAILY_NEUTRAL,0,0,0,0,0,100.0,0.6149144368731277,0.9799023830031584,,,,腾讯控股,B
00700,2013-07-15,DAILY_BREAKOUT,1,0,0,0,0,100.0,1.7849095691812977,1.0413436692506461,,,,腾讯控股,B
00700,2013-07-16,DAILY_BREAKOUT,1,0,0,0,0,100.0,1.8354173566242957,1.039582188015393,,,,腾讯控股,B
00700,2013-07-17,DAILY_DISTRIBUTION,0,1,0,0,0,100.0,1.2341313997542969,0.9921363040629096,,,,腾讯控股,B
00700,2013-07-18,DAILY_NEUTRAL,0,0,0,0,0,100.0,0.7691623862892557,0.9704586680487173,,,,腾讯控股,B
00700,2013-07-19,DAILY_NEUTRAL,0,0,0,0,0,100.0,1.1945040050668283,0.9953536396489416,,,,腾讯控股,B
00700,2013-07-22,DAILY_PULLBACK,0,0,1,0,0,100.0,0.6148309861127764,0.963926822983767,,,,腾讯控股,B
00700,2013-07-23,DAILY_NEUTRAL,0,0,0,0,0,100.0,0.8026317836471107,0.9790549169859515,,,,腾讯控股,B
00700,2013-07-24,DAILY_NEUTRAL,0,0,0,0,0,100.0,0.6414399184525654,0.9706257982120051,,,,腾讯控股,B
00700,2013-07-25,DAILY_NEUTRAL,0,0,0,0,0,100.0,0.9393128842712902,0.9877394636015326,,,,腾讯控股,B
00700,2013-07-26,DAILY_BREAKOUT,1,0,0,0,0,100.0,1.8213416220068528,1.0487867177522352,,,,腾讯控股,B
00700,2013-07-29,DAILY_NEUTRAL,0,0,0,0,0,100.0,1.3392209072303942,0.9963959634790966,,,,腾讯控股,B
00700,2013-07-30,DAILY_BREAKOUT,1,0,0,0,0,100.0,1.6179282934295467,1.0337948838300868,,,,腾讯控股,B
00700,2013-07-31,DAILY_NEUTRAL,0,0,0,0,0,100.0,1.510648272811766,0.9490027198549411,,,,腾讯控股,B
00700,2013-08-01,DAILY_NEUTRAL,0,0,0,0,0,100.0,0.7898502778711678,0.985947416137806,,,,腾讯控股,B
00700,2013-08-02,DAILY_NEUTRAL,0,0,0,0,0,100.0,0.5747547933103389,0.9841341795104263,,,,腾讯控股,B
00700,2013-08-05,DAILY_NEUTRAL,0,0,0,0,0,100.0,0.755890642427609,1.0292384406165005,,,,腾讯控股,B
00700,2013-08-06,DAILY_NEUTRAL,0,0,0,0,0,100.0,0.7712477315201113,1.008062758770974,,,,腾讯控股,B
00700,2013-08-07,DAILY_PULLBACK,0,0,1,0,0,100.0,1.0662860236037026,0.9259970142887609,,,,腾讯控股,B
00700,2013-08-08,DAILY_PULLBACK,0,0,1,0,0,100.0,0.9739111468698204,0.9075844486934352,,,,腾讯控股,B
00700,2013-08-09,DAILY_PULLBACK,0,0,1,0,0,100.0,0.5745284365108134,0.9116209900148714,,,,腾讯控股,B
00700,2013-08-12,DAILY_NEUTRAL,0,0,0,0,0,100.0,0.8420436356661734,0.9507117059698321,,,,腾讯控股,B
00700,2013-08-13,DAILY_PULLBACK,0,0,1,0,0,66.66666666666666,0.8306476953663259,0.9609092840450393,,,,腾讯控股,B
00700,2013-08-15,DAILY_PULLBACK,0,0,1,0,0,66.66666666666666,3.380389433128386,0.9530486509454005,,,,腾讯控股,B
00700,2013-08-16,DAILY_NEUTRAL,0,0,0,0,0,100.0,0.9948391850059713,0.9475249628213299,,,,腾讯控股,B
00700,2013-08-19,DAILY_NEUTRAL,0,0,0,0,0,100.0,0.43264267086086494,0.9617590822179732,,,,腾讯控股,B
00700,2013-08-20,DAILY_PULLBACK,0,0,1,0,0,100.0,0.8890897481547412,0.9373273847461228,,,,腾讯控股,B
00700,2013-08-21,DAILY_PULLBACK,0,0,1,0,0,100.0,0.6771195031730245,0.9218185680900786,,,,腾讯控股,B
00700,2013-08-22,DAILY_NEUTRAL,0,0,0,0,0,66.66666666666666,0.8341573887811798,0.9218185680900786,,,,腾讯控股,B
00700,2013-08-23,DAILY_NEUTRAL,0,0,0,0,0,33.33333333333333,0.8518627909185146,0.905247503717867,,,,腾讯控股,B
00700,2013-08-26,DAILY_NEUTRAL,0,0,0,0,0,33.33333333333333,0.588160691616886,0.909284045039303,,,,腾讯控股,B
00700,2013-08-27,DAILY_NEUTRAL,0,0,0,0,0,33.33333333333333,0.7960162776893145,0.929466751646484,,,,腾讯控股,B
00700,2013-08-28,DAILY_NEUTRAL,0,0,0,0,0,0.0,0.834241695304605,0.9067346505205014,,,,腾讯控股,B
00700,2013-08-29,DAILY_NEUTRAL,0,0,0,0,0,0.0,0.795717651143274,0.9288294030167835,,,,腾讯控股,B
00700,2013-08-30,DAILY_NEUTRAL,0,0,0,0,0,33.33333333333333,0.87848438477209,0.9358402379434884,,,,腾讯控股,B
00700,2013-09-02,DAILY_NEUTRAL,0,0,0,0,0,66.66666666666666,1.592668253669438,0.9859783301465901,,,,腾讯控股,B
00700,2013-09-03,DAILY_NEUTRAL,0,0,0,0,0,66.66666666666666,1.3353586878705441,0.9993626513702996,,,,腾讯控股,B
00700,2013-09-04,DAILY_NEUTRAL,0,0,0,0,0,100.0,1.1488814011454407,0.9776897414512093,,,,腾讯控股,B
00700,2013-09-05,DAILY_NEUTRAL,0,0,0,0,0,100.0,1.4145168698630168,1.0100020837674515,,,,腾讯控股,B
00700,2013-09-06,DAILY_NEUTRAL,0,0,0,0,0,100.0,0.9816488941200218,0.9938347718865599,,,,腾讯控股,B
00700,2013-09-09,DAILY_NEUTRAL,0,0,0,0,0,100.0,0.7441710610015222,1.0022504091653028,,,,腾讯控股,B
00700,2013-09-10,DAILY_NEUTRAL,0,0,0,0,0,100.0,0.9846116378396701,1.0247163695299837,,,,腾讯控股,B
00700,2013-09-11,DAILY_NEUTRAL,0,0,0,0,0,100.0,1.058587193307363,1.0116646896006327,,,,腾讯控股,B
00700,2013-09-12,DAILY_NEUTRAL,0,0,0,0,0,100.0,1.0751667796807463,1.0248890603897356,,,,腾讯控股,B
00700,2013-09-13,DAILY_NEUTRAL,0,0,0,0,0,100.0,0.9488940193522274,0.9917277683775146,,,,腾讯控股,B
00700,2013-09-16,DAILY_NEUTRAL,0,0,0,0,0,100.0,1.0415585025125715,1.0241663544398651,,,,腾讯控股,B
00700,2013-09-17,DAILY_DISTRIBUTION,0,1,0,0,0,100.0,1.295833168038271,0.9879759519038076,,,,腾讯控股,B
00700,2013-09-18,DAILY_PULLBACK,0,0,1,0,0,100.0,1.6188262767336996,0.9327746401894699,,,,腾讯控股,B
00700,2013-09-19,DAILY_PULLBACK,0,0,1,0,0,100.0,1.4463285436176572,0.9590089269447987,,,,腾讯控股,B
00700,2013-09-23,DAILY_PULLBACK,0,0,1,0,0,100.0,0.7260204564669217,0.9557296411003826,,,,腾讯控股,B
00700,2013-09-24,DAILY_PULLBACK,0,0,1,0,0,66.66666666666666,0.8355369859953891,0.933503370377118,,,,腾讯控股,B
00700,2013-09-25,DAILY_PULLBACK,0,0,1,0,0,66.66666666666666,0.5239978999492169,0.9570049189287666,,,,腾讯控股,B
00700,2013-09-26,DAILY_PULLBACK,0,0,1,0,0,66.66666666666666,0.5691964317208863,0.9550009109127345,,,,腾讯控股,B
00700,2013-09-27,DAILY_PULLBACK,0,0,1,0,0,66.66666666666666,0.8407322977655859,0.9845144835124795,,,,腾讯控股,B
00700,2013-09-30,DAILY_PULLBACK,0,0,1,0,0,66.66666666666666,1.1158923844770403,0.9475314264893423,,,,腾讯控股,B
00700,2013-10-02,DAILY_NEUTRAL,0,0,0,0,0,100.0,1.1078547649526085,0.9750409910730552,,,,腾讯控股,B
00700,2013-10-03,DAILY_NEUTRAL,0,0,0,0,0,100.0,0.7130554634292595,0.9912552377482237,,,,腾讯控股,B
00700,2013-10-04,DAILY_NEUTRAL,0,0,0,0,0,100.0,0.7898214638788281,0.9892512297321916,,,,腾讯控股,B
00700,2013-10-07,DAILY_NEUTRAL,0,0,0,0,0,100.0,0.656534518714717,0.9825104754964474,,,,腾讯控股,B
00700,2013-10-08,DAILY_NEUTRAL,0,0,0,0,0,100.0,1.2232483399908725,1.0079840319361277,,,,腾讯控股,B
00700,2013-10-09,DAILY_PULLBACK,0,0,1,0,0,100.0,1.8488447576519131,0.9550259810069879,,,,腾讯控股,B
00700,2013-10-10,DAILY_NEUTRAL,0,0,0,0,0,66.66666666666666,1.226854419982595,0.9419458878337216,,,,腾讯控股,B
00700,2013-10-11,DAILY_NEUTRAL,0,0,0,0,0,100.0,0.9805808305345194,0.9722271994266259,,,,腾讯控股,B
00700,2013-10-15,DAILY_NEUTRAL,0,0,0,0,0,100.0,0.9574325033565658,0.9815445260705966,,,,腾讯控股,B
00700,2013-10-16,DAILY_PULLBACK,0,0,1,0,0,66.66666666666666,0.47424236952651727,0.9801110912022936,,,,腾讯控股,B
00700,2013-10-17,DAILY_PULLBACK,0,0,1,0,0,66.66666666666666,0.46404707526730016,0.9761691453144596,,,,腾讯控股,B
00700,2013-10-18,DAILY_NEUTRAL,0,0,0,0,0,100.0,1.177747777367615,1.0078838917756674,,,,腾讯控股,B
00700,2013-10-21,DAILY_BREAKOUT,1,0,0,0,0,100.0,1.8412502931933452,1.051358983409813,,,,腾讯控股,B
00700,2013-10-22,DAILY_NEUTRAL,0,0,0,0,0,100.0,1.3129437107708877,0.952216748768473,,,,腾讯控股,B
00700,2013-10-23,DAILY_PULLBACK,0,0,1,0,0,100.0,0.9897333180152292,0.9249589490968801,,,,腾讯控股,B
00700,2013-10-24,DAILY_PULLBACK,0,0,1,0,0,100.0,1.0420088422803626,0.9206896551724139,,,,腾讯控股,B
00700,2013-10-25,DAILY_PULLBACK,0,0,1,0,0,100.0,0.7251130733865945,0.9128078817733991,,,,腾讯控股,B
00700,2013-10-28,DAILY_NEUTRAL,0,0,0,0,0,100.0,0.7639236328668436,0.9333333333333335,,,,腾讯控股,B
00700,2013-10-29,DAILY_NEUTRAL,0,0,0,0,0,33.33333333333333,2.072993888089031,0.8891625615763546,,,,腾讯控股,B
00700,2013-10-30,DAILY_PULLBACK,0,0,1,0,0,66.66666666666666,0.9437503056168098,0.9200328407224959,,,,腾讯控股,B
00700,2013-10-31,DAILY_NEUTRAL,0,0,0,0,0,33.33333333333333,0.8075535108142883,0.903776683087028,,,,腾讯控股,B
00700,2013-11-01,DAILY_NEUTRAL,0,0,0,0,0,33.33333333333333,0.6657819457487205,0.9019704433497537,,,,腾讯控股,B
00700,2013-11-04,DAILY_NEUTRAL,0,0,0,0,0,33.33333333333333,0.9349605349051234,0.8844006568144499,,,,腾讯控股,B
00700,2013-11-05,DAILY_NEUTRAL,0,0,0,0,0,0.0,1.2044867646529098,0.8691297208538588,,,,腾讯控股,B
00700,2013-11-06,DAILY_NEUTRAL,0,0,0,0,0,0.0,0.6652129881796076,0.8697865353037767,,,,腾讯控股,B
00700,2013-11-07,DAILY_NEUTRAL,0,0,0,0,0,0.0,0.9147287845608169,0.8558292282430213,,,,腾讯控股,B
00700,2013-11-08,DAILY_NEUTRAL,0,0,0,0,0,0.0,1.4555199581749498,0.8377668308702793,,,,腾讯控股,B
00700,2013-11-11,DAILY_NEUTRAL,0,0,0,0,0,0.0,1.1031717643547643,0.8673234811165846,,,,腾讯控股,B
00700,2013-11-12,DAILY_NEUTRAL,0,0,0,0,0,0.0,1.1343203888893958,0.8607553366174057,,,,腾讯控股,B
00700,2013-11-13,DAILY_NEUTRAL,0,0,0,0,0,0.0,2.019200970426038,0.8111658456486043,,,,腾讯控股,B
00700,2013-11-14,DAILY_NEUTRAL,0,0,0,0,0,0.0,2.1386925419945015,0.8661740558292282,,,,腾讯控股,B
00700,2013-11-15,DAILY_NEUTRAL,0,0,0,0,0,33.33333333333333,0.8018924360335025,0.8927750410509031,,,,腾讯控股,B
00700,2013-11-18,DAILY_NEUTRAL,0,0,0,0,0,66.66666666666666,1.1346486228815678,0.9121510673234811,,,,腾讯控股,B
00700,2013-11-19,DAILY_NEUTRAL,0,0,0,0,0,66.66666666666666,0.6023428937981806,0.9075096169928082,,,,腾讯控股,B
00700,2013-11-20,DAILY_NEUTRAL,0,0,0,0,0,66.66666666666666,0.6421407482884116,0.9075096169928082,,,,腾讯控股,B
00700,2013-11-21,DAILY_NEUTRAL,0,0,0,0,0,66.66666666666666,0.5193220377196839,0.9435067171891147,,,,腾讯控股,B
00700,2013-11-22,DAILY_NEUTRAL,0,0,0,0,0,66.66666666666666,0.5908211740222071,0.952290733723734,,,,腾讯控股,B
00700,2013-11-25,DAILY_NEUTRAL,0,0,0,0,0,100.0,1.5433600864912398,0.9950051670685498,,,,腾讯控股,B
00700,2013-11-26,DAILY_NEUTRAL,0,0,0,0,0,100.0,0.9121725040867339,0.9886675824175823,,,,腾讯控股,B
00700,2013-11-27,DAILY_NEUTRAL,0,0,0,0,0,100.0,1.3035615051005462,1.0012002743484225,,,,腾讯控股,B
00700,2013-11-28,DAILY_NEUTRAL,0,0,0,0,0,100.0,1.081430983945441,0.9967626512182655,,,,腾讯控股,B
00700,2013-11-29,DAILY_NEUTRAL,0,0,0,0,0,100.0,0.6513559882992676,0.9968264573242025,,,,腾讯控股,B
00700,2013-12-02,DAILY_NEUTRAL,0,0,0,0,0,100.0,0.6192806188858703,1.0146985134457993,,,,腾讯控股,B
00700,2013-12-03,DAILY_NEUTRAL,0,0,0,0,0,100.0,0.8336809694806179,0.9788038120276044,,,,腾讯控股,B
00700,2013-12-04,DAILY_PULLBACK,0,0,1,0,0,100.0,0.9333070433871762,0.9661518238580348,,,,腾讯控股,B
00700,2013-12-05,DAILY_NEUTRAL,0,0,0,0,0,100.0,1.0334965983127895,0.9848833388103845,,,,腾讯控股,B
00700,2013-12-06,DAILY_BREAKOUT,1,0,0,0,0,100.0,1.6741229791781758,1.0157739073282945,,,,腾讯控股,B
00700,2013-12-09,DAILY_NEUTRAL,0,0,0,0,0,100.0,1.0096845514968134,1.00112558289114,,,,腾讯控股,B
00700,2013-12-10,DAILY_NEUTRAL,0,0,0,0,0,100.0,0.6176295525473066,0.9610746450923523,,,,腾讯控股,B
00700,2013-12-11,DAILY_NEUTRAL,0,0,0,0,0,100.0,1.4675935605029418,0.9847351549381774,,,,腾讯控股,B
00700,2013-12-12,DAILY_NEUTRAL,0,0,0,0,0,100.0,0.7937596198456974,0.9645855594565714,,,,腾讯控股,B
00700,2013-12-13,DAILY_PULLBACK,0,0,1,0,0,100.0,0.8502852525725444,0.9610746450923523,,,,腾讯控股,B
00700,2013-12-16,DAILY_NEUTRAL,0,0,0,0,0,100.0,0.755891695247059,0.9803083498702487,,,,腾讯控股,B
00700,2013-12-17,DAILY_PULLBACK,0,0,1,0,0,100.0,0.9112760544210262,0.9600061059380247,,,,腾讯控股,B
00700,2013-12-18,DAILY_PULLBACK,0,0,1,0,0,100.0,0.8219707121354651,0.9639749656540985,,,,腾讯控股,B
00700,2013-12-19,DAILY_PULLBACK,0,0,1,0,0,100.0,1.0156435028868298,0.9543581132651503,,,,腾讯控股,B
00700,2013-12-20,DAILY_PULLBACK,0,0,1,0,0,66.66666666666666,1.4446489016776096,0.9537475194626773,,,,腾讯控股,B
00700,2013-12-23,DAILY_PULLBACK,0,0,1,0,0,66.66666666666666,0.8907392614768443,0.9639749656540985,,,,腾讯控股,B
00700,2013-12-24,DAILY_PULLBACK,0,0,1,0,0,66.66666666666666,0.6864981495587286,0.969622958326973,,,,腾讯控股,B
00700,2013-12-27,DAILY_NEUTRAL,0,0,0,0,0,100.0,1.109446232239315,1.0090062585864752,,,,腾讯控股,B
00700,2013-12-30,DAILY_NEUTRAL,0,0,0,0,0,100.0,1.186087012408669,1.0316646562123042,,,,腾讯控股,B
00700,2013-12-31,DAILY_NEUTRAL,0,0,0,0,0,100.0,0.8675858409983668,0.9951845906902087,,,,腾讯控股,B
00700,2014-01-02,DAILY_NEUTRAL,0,0,0,0,0,100.0,1.0332536836499202,1.006612995974698,,,,腾讯控股,B
00700,2014-01-03,DAILY_PULLBACK,0,0,1,0,0,100.0,1.173082774548533,0.9710496292070736,,,,腾讯控股,B
00700,2014-01-06,DAILY_PULLBACK,0,0,1,0,0,100.0,1.178392095562827,0.9751853964632058,,,,腾讯控股,B
00700,2014-01-07,DAILY_PULLBACK,0,0,1,0,0,100.0,0.8409977206283138,0.9710496292070736,,,,腾讯控股,B
00700,2014-01-08,DAILY_NEUTRAL,0,0,0,0,0,100.0,1.1114329989693352,0.9907301768397033,,,,腾讯控股,B
00700,2014-01-09,DAILY_PULLBACK,0,0,1,0,0,100.0,1.26361406934513,0.9670987038883352,,,,腾讯控股,B
00700,2014-01-10,DAILY_NEUTRAL,0,0,0,0,0,100.0,0.9662144336486915,0.9787779518587096,,,,腾讯控股,B
00700,2014-01-13,DAILY_PULLBACK,0,0,1,0,0,66.66666666666666,0.7000046873072175,0.9766415040592508,,,,腾讯控股,B
00700,2014-01-14,DAILY_PULLBACK,0,0,1,0,0,66.66666666666666,0.7683113213781301,0.9670987038883352,,,,腾讯控股,B
00700,2014-01-15,DAILY_PULLBACK,0,0,1,0,0,66.66666666666666,1.1485276002752944,1.007833641931349,,,,腾讯控股,B
00700,2014-01-16,DAILY_NEUTRAL,0,0,0,0,0,100.0,1.4990119231614398,1.0091743119266057,,,,腾讯控股,B
00700,2014-01-17,DAILY_NEUTRAL,0,0,0,0,0,100.0,1.8440576099390193,0.9829882632203615,,,,腾讯控股,B
00700,2014-01-20,DAILY_NEUTRAL,0,0,0,0,0,100.0,1.106495646465999,0.9622840564420414,,,,腾讯控股,B
00700,2014-01-21,DAILY_NEUTRAL,0,0,0,0,0,100.0,0.8591483595657748,0.9610971910853224,,,,腾讯控股,B
00700,2014-01-22,DAILY_NEUTRAL,0,0,0,0,0,100.0,1.1321110009482434,0.9781089278649612,,,,腾讯控股,B
00700,2014-01-23,DAILY_PULLBACK,0,0,1,0,0,100.0,0.7840115708993747,0.9659765264407227,,,,腾讯控股,B
00700,2014-01-24,DAILY_NEUTRAL,0,0,0,0,0,66.66666666666666,1.635684286850092,0.9149413161018066,,,,腾讯控股,B
00700,2014-01-27,DAILY_NEUTRAL,0,0,0,0,0,33.33333333333333,1.6339713363144301,0.8867202953975999,,,,腾讯控股,B
00700,2014-01-28,DAILY_NEUTRAL,0,0,0,0,0,33.33333333333333,1.4654590696964955,0.9198206514572069,,,,腾讯控股,B
00700,2014-01-29,DAILY_PULLBACK,0,0,1,0,0,66.66666666666666,1.6465394660509218,0.9902413292891996,,,,腾讯控股,B
00700,2014-01-30,DAILY_PULLBACK,0,0,1,0,0,66.66666666666666,0.9698107774499108,1.0181986021363576,,,,腾讯控股,B
00700,2014-02-04,DAILY_PULLBACK,0,0,1,0,0,66.66666666666666,1.0609653785017519,0.9179248935346497,,,,腾讯控股,B
00700,2014-02-05,DAILY_PULLBACK,0,0,1,0,0,100.0,0.718903862806208,0.9179248935346497,,,,腾讯控股,B
00700,2014-02-06,DAILY_NEUTRAL,0,0,0,0,0,66.66666666666666,0.651782650983757,0.9131500838817913,,,,腾讯控股,B
00700,2014-02-07,DAILY_NEUTRAL,0,0,0,0,0,100.0,0.804412105686829,0.9512195121951219,,,,腾讯控股,B
00700,2014-02-10,DAILY_NEUTRAL,0,0,0,0,0,100.0,0.8754972794910648,0.9726416311782167,,,,腾讯控股,B
00700,2014-02-11,DAILY_NEUTRAL,0,0,0,0,0,100.0,0.7017874518439055,0.9643825009678669,,,,腾讯控股,B
00700,2014-02-12,DAILY_NEUTRAL,0,0,0,0,0,100.0,0.8839950391669357,0.9833526906697639,,,,腾讯控股,B
00700,2014-02-13,DAILY_NEUTRAL,0,0,0,0,0,100.0,0.882451032982182,0.9881275003226222,,,,腾讯控股,B
00700,2014-02-14,DAILY_NEUTRAL,0,0,0,0,0,100.0,0.9724574737240456,1.0012813941568426,,,,腾讯控股,B
00700,2014-02-17,DAILY_NEUTRAL,0,0,0,0,0,100.0,1.1515243754335767,1.0605180037902715,,,,腾讯控股,B
00700,2014-02-18,DAILY_NEUTRAL,0,0,0,0,0,100.0,1.0596303459885905,1.0086863398381722,,,,腾讯控股,B
00700,2014-02-19,DAILY_NEUTRAL,0,0,0,0,0,100.0,0.8564652183810406,0.9934086629001885,,,,腾讯控股,B
00700,2014-02-20,DAILY_PULLBACK,0,0,1,0,0,100.0,1.5129243818564184,0.9432360125625219,,,,腾讯控股,B
00700,2014-02-21,DAILY_NEUTRAL,0,0,0,0,0,100.0,0.9523341754801057,0.977550308247063,,,,腾讯控股,B
00700,2014-02-24,DAILY_PULLBACK,0,0,1,0,0,100.0,0.49770548620062555,0.972083284866814,,,,腾讯控股,B
00700,2014-02-25,DAILY_PULLBACK,0,0,1,0,0,100.0,0.9088324278866813,0.9667325811329534,,,,腾讯控股,B
00700,2014-02-26,DAILY_NEUTRAL,0,0,0,0,0,100.0,0.8979753144233719,0.9892985925322787,,,,腾讯控股,B
00700,2014-02-27,DAILY_BREAKOUT,1,0,0,0,0,100.0,1.7144323260471614,1.0546702338024894,,,,腾讯控股,B
00700,2014-02-28,DAILY_NEUTRAL,0,0,0,0,0,100.0,1.0933060509546293,1.0091258933479934,,,,腾讯控股,B
00700,2014-03-03,DAILY_NEUTRAL,0,0,0,0,0,100.0,1.1534110930701151,0.9426888055704339,,,,腾讯控股,B
00700,2014-03-04,DAILY_NEUTRAL,0,0,0,0,0,100.0,0.8339223177408858,0.96336368505624,,,,腾讯控股,B
00700,2014-03-05,DAILY_NEUTRAL,0,0,0,0,0,100.0,0.6756087228994728,0.9831815747188003,,,,腾讯控股,B
00700,2014-03-06,DAILY_NEUTRAL,0,0,0,0,0,100.0,0.6574738810300212,1.0078200321371185,,,,腾讯控股,B
00700,2014-03-07,DAILY_NEUTRAL,0,0,0,0,0,100.0,0.9270435343761559,0.9891800148509601,,,,腾讯控股,B
00700,2014-03-10,DAILY_PULLBACK,0,0,1,0,0,100.0,1.186980121932398,0.943398189574446,,,,腾讯控股,B
00700,2014-03-11,DAILY_PULLBACK,0,0,1,0,0,100.0,0.7393249640972257,0.945375091041515,,,,腾讯控股,B
00700,2014-03-12,DAILY_PULLBACK,0,0,1,0,0,100.0,1.9535853541087025,0.915617521589845,,,,腾讯控股,B
00700,2014-03-13,DAILY_NEUTRAL,0,0,0,0,0,33.33333333333333,1.22125595932659,0.888773280615961,,,,腾讯控股,B
00700,2014-03-14,DAILY_NEUTRAL,0,0,0,0,0,33.33333333333333,2.183611796172967,0.8426802621995629,,,,腾讯控股,B
00700,2014-03-17,DAILY_NEUTRAL,0,0,0,0,0,33.33333333333333,1.291307562499997,0.8091769847050254,,,,腾讯控股,B
00700,2014-03-18,DAILY_NEUTRAL,0,0,0,0,0,33.33333333333333,1.0905801001475048,0.869524503173447,,,,腾讯控股,B
00700,2014-03-19,DAILY_NEUTRAL,0,0,0,0,0,0.0,0.71302734361459,0.8494433461658516,,,,腾讯控股,B
00700,2014-03-20,DAILY_NEUTRAL,0,0,0,0,0,0.0,0.9518264523377618,0.83123504317969,,,,腾讯控股,B
00700,2014-03-21,DAILY_NEUTRAL,0,0,0,0,0,0.0,0.7567788524756804,0.859015711164291,,,,腾讯控股,B
00700,2014-03-24,DAILY_NEUTRAL,0,0,0,0,0,0.0,0.6986896639130612,0.886796379148892,,,,腾讯控股,B
00700,2014-03-25,DAILY_NEUTRAL,0,0,0,0,0,0.0,1.0176686740910126,0.8321714701904068,,,,腾讯控股,B
00700,2014-03-26,DAILY_NEUTRAL,0,0,0,0,0,0.0,0.8521722222902913,0.8235355322026845,,,,腾讯控股,B
00700,2014-03-27,DAILY_NEUTRAL,0,0,0,0,0,0.0,2.2764463333108558,0.7612111122671938,,,,腾讯控股,B
00700,2014-03-28,DAILY_NEUTRAL,0,0,0,0,0,0.0,0.7760881244589936,0.7871189262303611,,,,腾讯控股,B
00700,2014-03-31,DAILY_NEUTRAL,0,0,0,0,0,0.0,0.6612218992990787,0.7957548642180835,,,,腾讯控股,B
00700,2014-04-01,DAILY_NEUTRAL,0,0,0,0,0,0.0,0.7054802321747906,0.8417438351888462,,,,腾讯控股,B
00700,2014-04-02,DAILY_NEUTRAL,0,0,0,0,0,0.0,0.6111794125735227,0.8378940797003434,,,,腾讯控股,B
00700,2014-04-03,DAILY_NEUTRAL,0,0,0,0,0,0.0,0.6756104701616705,0.8091769847050254,,,,腾讯控股,B
00700,2014-04-04,DAILY_NEUTRAL,0,0,0,0,0,0.0,1.6024821397240856,0.7678701487878472,,,,腾讯控股,B
00700,2014-04-07,DAILY_NEUTRAL,0,0,0,0,0,0.0,1.7599341418449659,0.7441885377611142,,,,腾讯控股,B
00700,2014-04-08,DAILY_NEUTRAL,0,0,0,0,0,0.0,1.1068786514417213,0.7676909759792253,,,,腾讯控股,B
00700,2014-04-09,DAILY_NEUTRAL,0,0,0,0,0,0.0,0.918141836000567,0.8209221837668863,,,,腾讯控股,B
00700,2014-04-10,DAILY_NEUTRAL,0,0,0,0,0,33.33333333333333,1.5159881671276236,0.9192355818450689,,,,腾讯控股,B
00700,2014-04-11,DAILY_NEUTRAL,0,0,0,0,0,0.0,1.1348844878620679,0.8565459610027855,,,,腾讯控股,B
00700,2014-04-14,DAILY_NEUTRAL,0,0,0,0,0,0.0,0.6170056406071579,0.8587511606313835,,,,腾讯控股,B
00700,2014-04-15,DAILY_NEUTRAL,0,0,0,0,0,33.33333333333333,0.4511280124538192,0.8372794800371403,,,,腾讯控股,B
00700,2014-04-16,DAILY_NEUTRAL,0,0,0,0,0,33.33333333333333,0.4911218975852146,0.8491179201485608,,,,腾讯控股,B
00700,2014-04-17,DAILY_NEUTRAL,0,0,0,0,0,0.0,0.5185849377601573,0.8577065923862582,,,,腾讯控股,B
00700,2014-04-22,DAILY_NEUTRAL,0,0,0,0,0,0.0,0.561585596597595,0.8555013927576601,,,,腾讯控股,B
00700,2014-04-23,DAILY_NEUTRAL,0,0,0,0,0,0.0,1.2198698308834282,0.8651346332404829,,,,腾讯控股,B
00700,2014-04-24,DAILY_NEUTRAL,0,0,0,0,0,33.33333333333333,0.7483076890380818,0.8927808121586321,,,,腾讯控股,B
00700,2014-04-25,DAILY_NEUTRAL,0,0,0,0,0,0.0,0.8215561120321441,0.8827130852340936,,,,腾讯控股,B
00700,2014-04-28,DAILY_NEUTRAL,0,0,0,0,0,33.33333333333333,1.2754799032808863,0.8494597839135655,,,,腾讯控股,B
00700,2014-04-29,DAILY_NEUTRAL,0,0,0,0,0,0.0,1.8179017149822512,0.8517406962785115,,,,腾讯控股,B
00700,2014-04-30,DAILY_NEUTRAL,0,0,0,0,0,0.0,2.242621484135675,0.793517406962785,,,,腾讯控股,B
00700,2014-05-02,DAILY_NEUTRAL,0,0,0,0,0,0.0,1.0008507842464582,0.8205282112845138,,,,腾讯控股,B
00700,2014-05-05,DAILY_NEUTRAL,0,0,0,0,0,0.0,0.5977904411859354,0.8142857142857143,,,,腾讯控股,B
00700,2014-05-07,DAILY_NEUTRAL,0,0,0,0,0,0.0,1.2456863726718654,0.784782343616632,,,,腾讯控股,B
00700,2014-05-08,DAILY_NEUTRAL,0,0,0,0,0,0.0,0.8880392178207418,0.7915590008613265,,,,腾讯控股,B
00700,2014-05-09,DAILY_NEUTRAL,0,0,0,0,0,0.0,0.605541899127182,0.8033714777900826,,,,腾讯控股,B
00700,2014-05-12,DAILY_NEUTRAL,0,0,0,0,0,0.0,1.513777006876961,0.8604651162790699,,,,腾讯控股,B
00700,2014-05-13,DAILY_NEUTRAL,0,0,0,0,0,0.0,0.8709792296727197,0.868463147532915,,,,腾讯控股,B
00700,2014-05-14,DAILY_NEUTRAL,0,0,0,0,0,66.66666666666666,0.6104494772651422,0.8832287436938601,,,,腾讯控股,B
00700,2014-05-15,DAILY_NEUTRAL,0,0,0,0,0,66.66666666666666,1.8001971484062742,0.9988372093023256,,,,腾讯控股,B
00700,2014-05-16,DAILY_NEUTRAL,0,0,0,0,0,66.66666666666666,0.6674594855778367,0.9395713929728382,,,,腾讯控股,B
00700,2014-05-19,DAILY_NEUTRAL,0,0,0,0,0,66.66666666666666,0.47672495869014186,0.9521554946424121,,,,腾讯控股,B
00700,2014-05-20,DAILY_NEUTRAL,0,0,0,0,0,100.0,1.1697399316948098,1.00161973585846,,,,腾讯控股,B
00700,2014-05-21,DAILY_NEUTRAL,0,0,0,0,0,100.0,0.8389612911007237,0.9965208747514911,,,,腾讯控股,B
00700,2014-05-22,DAILY_NEUTRAL,0,0,0,0,0,100.0,0.9270418672230352,0.9830776722668615,,,,腾讯控股,B
00700,2014-05-23,DAILY_NEUTRAL,0,0,0,0,0,100.0,0.7915279779676049,0.9696859021183346,,,,腾讯控股,B
00700,2014-05-26,DAILY_PULLBACK,0,0,1,0,0,100.0,0.5141875550883336,0.972972972972973,,,,腾讯控股,B
00700,2014-05-27,DAILY_PULLBACK,0,0,1,0,0,100.0,0.3468712118777797,0.972972972972973,,,,腾讯控股,B
00700,2014-05-28,DAILY_NEUTRAL,0,0,0,0,0,100.0,1.3340932016542666,0.9943998052106161,,,,腾讯控股,B
00700,2014-05-29,DAILY_PULLBACK,0,0,1,0,0,100.0,0.8995875166335766,0.9529883381924199,,,,腾讯控股,B
00700,2014-05-30,DAILY_PULLBACK,0,0,1,0,0,100.0,1.4073568177688773,0.9421357815897559,,,,腾讯控股,B
00700,2014-06-03,DAILY_PULLBACK,0,0,1,0,0,66.66666666666666,1.2755339539578212,0.9722155109929935,,,,腾讯控股,B
00700,2014-06-04,DAILY_PULLBACK,0,0,1,0,0,66.66666666666666,0.7081600739025836,0.9410485624546993,,,,腾讯控股,B
00700,2014-06-05,DAILY_PULLBACK,0,0,1,0,0,66.66666666666666,0.7985821723812623,0.9321092051220101,,,,腾讯控股,B
00700,2014-06-06,DAILY_PULLBACK,0,0,1,0,0,66.66666666666666,0.9436890204479359,0.9298139647257792,,,,腾讯控股,B
00700,2014-06-09,DAILY_PULLBACK,0,0,1,0,0,66.66666666666666,1.0021990104510687,0.9566320367238463,,,,腾讯控股,B
00700,2014-06-10,DAILY_PULLBACK,0,0,1,0,0,66.66666666666666,1.4887033031966,0.9888862043971973,,,,腾讯控股,B
00700,2014-06-11,DAILY_BREAKOUT,1,0,0,0,0,100.0,1.5492362016152856,1.0211403720705485,,,,腾讯控股,B
00700,2014-06-12,DAILY_DISTRIBUTION,0,1,0,0,0,100.0,1.4129858268022875,0.9901926030958289,,,,腾讯控股,B
00700,2014-06-13,DAILY_NEUTRAL,0,0,0,0,0,100.0,0.4927965438269355,0.9641835450280353,,,,腾讯控股,B
00700,2014-06-16,DAILY_NEUTRAL,0,0,0,0,0,100.0,0.5380911181653554,0.9694473051836594,,,,腾讯控股,B
00700,2014-06-17,DAILY_PULLBACK,0,0,1,0,0,100.0,0.527370767424465,0.958919784872411,,,,腾讯控股,B
00700,2014-06-18,DAILY_NEUTRAL,0,0,0,0,0,100.0,1.0672425049474763,0.9652134111454399,,,,腾讯控股,B
00700,2014-06-19,DAILY_PULLBACK,0,0,1,0,0,100.0,0.8714731008297313,0.9609795171072205,,,,腾讯控股,B
00700,2014-06-20,DAILY_PULLBACK,0,0,1,0,0,100.0,1.0779908992955938,0.9609795171072205,,,,腾讯控股,B
00700,2014-06-23,DAILY_PULLBACK,0,0,1,0,0,66.66666666666666,1.497262207025934,0.9441583705229432,,,,腾讯控股,B
00700,2014-06-24,DAILY_PULLBACK,0,0,1,0,0,66.66666666666666,0.8372064962773824,0.9514818629133769,,,,腾讯控股,B
00700,2014-06-25,DAILY_PULLBACK,0,0,1,0,0,66.66666666666666,0.948392102917054,0.9536560247167869,,,,腾讯控股,B
00700,2014-06-26,DAILY_PULLBACK,0,0,1,0,0,66.66666666666666,1.7259505904085697,0.9884426135713468,,,,腾讯控股,B
00700,2014-06-27,DAILY_NEUTRAL,0,0,0,0,0,100.0,0.8531160863753764,0.9884426135713468,,,,腾讯控股,B
00700,2014-06-30,DAILY_NEUTRAL,0,0,0,0,0,100.0,1.0385371917540953,0.9862684517679368,,,,腾讯控股,B
00700,2014-07-02,DAILY_BREAKOUT,1,0,0,0,0,100.0,1.9486043287033294,1.03478658885456,,,,腾讯控股,B
00700,2014-07-03,DAILY_NEUTRAL,0,0,0,0,0,100.0,0.9897965461261807,1.017214742882366,,,,腾讯控股,B
00700,2014-07-04,DAILY_NEUTRAL,0,0,0,0,0,100.0,0.8173238268720512,0.9990284974093264,,,,腾讯控股,B
00700,2014-07-07,DAILY_NEUTRAL,0,0,0,0,0,100.0,0.5425753104456669,0.9960300429184549,,,,腾讯控股,B
00700,2014-07-08,DAILY_NEUTRAL,0,0,0,0,0,100.0,0.7143090765685504,0.9941044056168934,,,,腾讯控股,B
00700,2014-07-09,DAILY_PULLBACK,0,0,1,0,0,100.0,1.689648666660286,0.9535855933111801,,,,腾讯控股,B
00700,2014-07-10,DAILY_PULLBACK,0,0,1,0,0,100.0,0.6679474098603153,0.96344731482474,,,,腾讯控股,B
00700,2014-07-11,DAILY_PULLBACK,0,0,1,0,0,100.0,0.6832255140671294,0.9575517204416335,,,,腾讯控股,B
00700,2014-07-14,DAILY_PULLBACK,0,0,1,0,0,66.66666666666666,0.5660511512313223,0.9693429092078465,,,,腾讯控股,B
00700,2014-07-15,DAILY_PULLBACK,0,0,1,0,0,66.66666666666666,0.698699701724901,0.9792046307214063,,,,腾讯控股,B
00700,2014-07-16,DAILY_PULLBACK,0,0,1,0,0,66.66666666666666,0.751241732802455,0.9842426841033336,,,,腾讯控股,B
00700,2014-07-17,DAILY_PULLBACK,0,0,1,0,0,66.66666666666666,1.1619205398444308,0.9763104298424268,,,,腾讯控股,B
00700,2014-07-18,DAILY_PULLBACK,0,0,1,0,0,100.0,0.8285507526373843,0.9703076428341729,,,,腾讯控股,B
00700,2014-07-21,DAILY_PULLBACK,0,0,1,0,0,100.0,0.9580999819801023,0.9564797941901597,,,,腾讯控股,B
00700,2014-07-22,DAILY_NEUTRAL,0,0,0,0,0,100.0,1.8782880712316967,0.9822060242255332,,,,腾讯控股,B
00700,2014-07-23,DAILY_NEUTRAL,0,0,0,0,0,100.0,0.9221130761478525,0.9842426841033336,,,,腾讯控股,B
00700,2014-07-24,DAILY_NEUTRAL,0,0,0,0,0,100.0,1.0778460312683726,0.9861721513559867,,,,腾讯控股,B
00700,2014-07-25,DAILY_DISTRIBUTION,0,1,0,0,0,100.0,1.3330743156328295,0.9901382784864401,,,,腾讯控股,B
00700,2014-07-28,DAILY_BREAKOUT,1,0,0,0,0,100.0,1.6988941058826832,1.029692357165827,,,,腾讯控股,B
00700,2014-07-29,DAILY_NEUTRAL,0,0,0,0,0,100.0,1.064404269657161,1.0095317032739328,,,,腾讯控股,B
00700,2014-07-30,DAILY_NEUTRAL,0,0,0,0,0,100.0,1.112343502743251,0.9774259448416751,,,,腾讯控股,B
00700,2014-07-31,DAILY_NEUTRAL,0,0,0,0,0,100.0,0.9310162263844124,0.9764044943820225,,,,腾讯控股,B
00700,2014-08-01,DAILY_PULLBACK,0,0,1,0,0,100.0,0.8097050614068649,0.9745658835546475,,,,腾讯控股,B
00700,2014-08-04,DAILY_NEUTRAL,0,0,0,0,0,100.0,0.6004809739417775,0.9839632277834525,,,,腾讯控股,B
00700,2014-08-05,DAILY_NEUTRAL,0,0,0,0,0,100.0,1.0341397620651154,1.0245148110316649,,,,腾讯控股,B
00700,2014-08-06,DAILY_NEUTRAL,0,0,0,0,0,100.0,1.0472506140868496,0.9898769352917823,,,,腾讯控股,B
00700,2014-08-07,DAILY_PULLBACK,0,0,1,0,0,100.0,1.625047919245507,0.9477967447399761,,,,腾讯控股,B
00700,2014-08-08,DAILY_PULLBACK,0,0,1,0,0,100.0,0.9922154514336083,0.9615919015482334,,,,腾讯控股,B
00700,2014-08-11,DAILY_NEUTRAL,0,0,0,0,0,100.0,0.8592818892690998,0.9844184200079396,,,,腾讯控股,B
00700,2014-08-12,DAILY_NEUTRAL,0,0,0,0,0,100.0,0.701816671680114,0.993549027391822,,,,腾讯控股,B
00700,2014-08-13,DAILY_NEUTRAL,0,0,0,0,0,100.0,1.1209923677645,0.9926558157999205,,,,腾讯控股,B
00700,2014-08-14,DAILY_PULLBACK,0,0,1,0,0,100.0,2.0776683794079718,0.964271536323938,,,,腾讯控股,B
00700,2014-08-15,DAILY_PULLBACK,0,0,1,0,0,100.0,0.862277614080019,0.9661572052401746,,,,腾讯控股,B
00700,2014-08-18,DAILY_NEUTRAL,0,0,0,0,0,33.33333333333333,0.9251548572371381,0.9523620484319173,,,,腾讯控股,B
00700,2014-08-19,DAILY_PULLBACK,0,0,1,0,0,66.66666666666666,0.688892994348147,0.9615919015482334,,,,腾讯控股,B
00700,2014-08-20,DAILY_PULLBACK,0,0,1,0,0,66.66666666666666,0.684253238013454,0.9807463279078998,,,,腾讯控股,B
00700,2014-08-21,DAILY_PULLBACK,0,0,1,0,0,66.66666666666666,0.7201712492803146,0.9697300516077808,,,,腾讯控股,B
00700,2014-08-22,DAILY_PULLBACK,0,0,1,0,0,66.66666666666666,0.6665345054664606,0.9697300516077808,,,,腾讯控股,B
00700,2014-08-25,DAILY_NEUTRAL,0,0,0,0,0,33.33333333333333,0.5733777083707996,0.9615919015482334,,,,腾讯控股,B
00700,2014-08-26,DAILY_NEUTRAL,0,0,0,0,0,66.66666666666666,0.8348564893924342,0.9579198094481937,,,,腾讯控股,B
00700,2014-08-27,DAILY_NEUTRAL,0,0,0,0,0,0.0,0.9987798491104187,0.9486899563318777,,,,腾讯控股,B
00700,2014-08-28,DAILY_NEUTRAL,0,0,0,0,0,0.0,1.4063625358113414,0.9432314410480349,,,,腾讯控股,B
00700,2014-08-29,DAILY_NEUTRAL,0,0,0,0,0,0.0,1.216420891248449,0.9313219531560143,,,,腾讯控股,B
00700,2014-09-01,DAILY_NEUTRAL,0,0,0,0,0,0.0,0.685984043515804,0.9323144104803492,,,,腾讯控股,B
00700,2014-09-02,DAILY_NEUTRAL,0,0,0,0,0,0.0,0.9086710657617909,0.9240770146883683,,,,腾讯控股,B
00700,2014-09-03,DAILY_NEUTRAL,0,0,0,0,0,0.0,1.6687300486272418,0.9569273521238586,,,,腾讯控股,B
00700,2014-09-04,DAILY_NEUTRAL,0,0,0,0,0,0.0,0.7660967191752082,0.9579198094481937,,,,腾讯控股,B
00700,2014-09-05,DAILY_NEUTRAL,0,0,0,0,0,0.0,0.6757149088115925,0.9477967447399761,,,,腾讯控股,B
00700,2014-09-08,DAILY_NEUTRAL,0,0,0,0,0,33.33333333333333,1.459936668367691,0.9276498610559746,,,,腾讯控股,B
00700,2014-09-10,DAILY_NEUTRAL,0,0,0,0,0,33.33333333333333,1.9072242950014229,0.890234219928543,,,,腾讯控股,B
00700,2014-09-11,DAILY_NEUTRAL,0,0,0,0,0,0.0,1.278377654573476,0.895308297639207,,,,腾讯控股,B
00700,2014-09-12,DAILY_NEUTRAL,0,0,0,0,0,0.0,0.9499500460810547,0.9083793276467635,,,,腾讯控股,B
00700,2014-09-15,DAILY_NEUTRAL,0,0,0,0,0,0.0,0.6962842425759613,0.9164987912973408,,,,腾讯控股,B
00700,2014-09-16,DAILY_NEUTRAL,0,0,0,0,0,0.0,0.7450519647351738,0.8941377921031426,,,,腾讯控股,B
00700,2014-09-17,DAILY_NEUTRAL,0,0,0,0,0,0.0,0.9742634547209241,0.9220386784850927,,,,腾讯控股,B
00700,2014-09-18,DAILY_NEUTRAL,0,0,0,0,0,0.0,0.9256859347352357,0.9117647058823529,,,,腾讯控股,B
00700,2014-09-19,DAILY_NEUTRAL,0,0,0,0,0,0.0,2.2956749190520513,0.933965117451356,,,,腾讯控股,B
00700,2014-09-22,DAILY_NEUTRAL,0,0,0,0,0,0.0,1.252842216594122,0.8984935800222426,,,,腾讯控股,B
00700,2014-09-23,DAILY_NEUTRAL,0,0,0,0,0,33.33333333333333,1.0975586000342652,0.8887524306621636,,,,腾讯控股,B
00700,2014-09-24,DAILY_NEUTRAL,0,0,0,0,0,0.0,0.6852813359890404,0.8899752984767394,,,,腾讯控股,B
00700,2014-09-25,DAILY_NEUTRAL,0,0,0,0,0,0.0,0.827365442422084,0.8843145327295183,,,,腾讯控股,B
00700,2014-09-26,DAILY_NEUTRAL,0,0,0,0,0,0.0,1.0563457747636713,0.8718450602657876,,,,腾讯控股,B
00700,2014-09-29,DAILY_NEUTRAL,0,0,0,0,0,0.0,1.346614356491607,0.8640956898329551,,,,腾讯控股,B
00700,2014-09-30,DAILY_NEUTRAL,0,0,0,0,0,0.0,0.9900239410715571,0.8630645493916271,,,,腾讯控股,B
00700,2014-10-03,DAILY_NEUTRAL,0,0,0,0,0,0.0,1.1518426232474426,0.8678077954217364,,,,腾讯控股,B
00700,2014-10-06,DAILY_NEUTRAL,0,0,0,0,0,0.0,0.800294726778096,0.9030727985151578,,,,腾讯控股,B
00700,2014-10-07,DAILY_NEUTRAL,0,0,0,0,0,0.0,0.6170638336312659,0.9020416580738296,,,,腾讯控股,B
00700,2014-10-08,DAILY_NEUTRAL,0,0,0,0,0,33.33333333333333,0.42297119998839433,0.8916271396164157,,,,腾讯控股,B
00700,2014-10-09,DAILY_NEUTRAL,0,0,0,0,0,33.33333333333333,0.7069264201213077,0.8996858638743456,,,,腾讯控股,B
00700,2014-10-10,DAILY_NEUTRAL,0,0,0,0,0,33.33333333333333,0.7340159356950506,0.8913089672758181,,,,腾讯控股,B
00700,2014-10-13,DAILY_NEUTRAL,0,0,0,0,0,33.33333333333333,1.0352959387547878,0.8785592860178495,,,,腾讯控股,B
00700,2014-10-14,DAILY_NEUTRAL,0,0,0,0,0,0.0,1.29416252060334,0.8687845303867402,,,,腾讯控股,B
00700,2014-10-15,DAILY_NEUTRAL,0,0,0,0,0,0.0,1.0173141461313424,0.8785592860178495,,,,腾讯控股,B
00700,2014-10-16,DAILY_NEUTRAL,0,0,0,0,0,0.0,1.1885593494700508,0.8648533786655334,,,,腾讯控股,B
00700,2014-10-17,DAILY_NEUTRAL,0,0,0,0,0,0.0,0.9240434406990775,0.861878453038674,,,,腾讯控股,B
00700,2014-10-20,DAILY_NEUTRAL,0,0,0,0,0,0.0,0.6960582442840368,0.8776030599235018,,,,腾讯控股,B
00700,2014-10-21,DAILY_NEUTRAL,0,0,0,0,0,0.0,0.7652179244188373,0.8883340416489587,,,,腾讯控股,B
00700,2014-10-22,DAILY_NEUTRAL,0,0,0,0,0,33.33333333333333,1.2159578327642309,0.9460837491863744,,,,腾讯控股,B
00700,2014-10-23,DAILY_NEUTRAL,0,0,0,0,0,66.66666666666666,0.8738420549492493,0.9763392857142859,,,,腾讯控股,B
00700,2014-10-24,DAILY_NEUTRAL,0,0,0,0,0,66.66666666666666,0.7901137223651764,0.9753348214285715,,,,腾讯控股,B
00700,2014-10-27,DAILY_NEUTRAL,0,0,0,0,0,66.66666666666666,0.9781727905370708,0.9609375,,,,腾讯控股,B
00700,2014-10-28,DAILY_NEUTRAL,0,0,0,0,0,100.0,0.9239885074778663,0.9814732142857143,,,,腾讯控股,B
00700,2014-10-29,DAILY_NEUTRAL,0,0,0,0,0,100.0,1.43123022473546,0.9979910714285715,,,,腾讯控股,B
00700,2014-10-30,DAILY_NEUTRAL,0,0,0,0,0,100.0,1.1115400767858425,0.9988851727982162,,,,腾讯控股,B
00700,2014-10-31,DAILY_NEUTRAL,0,0,0,0,0,100.0,1.3158191150897793,1.0101939058171745,,,,腾讯控股,B
00700,2014-11-03,DAILY_NEUTRAL,0,0,0,0,0,100.0,0.8688689199418536,0.9979244046318548,,,,腾讯控股,B
00700,2014-11-04,DAILY_PULLBACK,0,0,1,0,0,100.0,0.8443113085721208,0.9770711659095827,,,,腾讯控股,B
00700,2014-11-05,DAILY_NEUTRAL,0,0,0,0,0,100.0,0.7591018813215717,0.9900497512437813,,,,腾讯控股,B
00700,2014-11-06,DAILY_NEUTRAL,0,0,0,0,0,100.0,0.6965741802220757,0.9860480207657366,,,,腾讯控股,B
00700,2014-11-07,DAILY_PULLBACK,0,0,1,0,0,100.0,1.1497200469009174,0.9810728963876271,,,,腾讯控股,B
00700,2014-11-10,DAILY_BREAKOUT,1,0,0,0,0,100.0,1.656816702527755,1.0070300670560244,,,,腾讯控股,B
00700,2014-11-11,DAILY_NEUTRAL,0,0,0,0,0,100.0,1.4290397654776037,1.007862303442414,,,,腾讯控股,B
00700,2014-11-12,DAILY_NEUTRAL,0,0,0,0,0,100.0,1.3819050493067462,1.0066882641864354,,,,腾讯控股,B
00700,2014-11-13,DAILY_DISTRIBUTION,0,1,0,0,0,100.0,2.9625477626811842,0.9952611517461626,,,,腾讯控股,B
00700,2014-11-14,DAILY_NEUTRAL,0,0,0,0,0,100.0,1.1712966218783172,1.013226699477084,,,,腾讯控股,B
00700,2014-11-17,DAILY_PULLBACK,0,0,1,0,0,100.0,1.1489418654273351,0.9711402623612513,,,,腾讯控股,B
00700,2014-11-18,DAILY_PULLBACK,0,0,1,0,0,100.0,0.7393235591963643,0.9174131312137022,,,,腾讯控股,B
00700,2014-11-19,DAILY_PULLBACK,0,0,1,0,0,100.0,0.6734200005097223,0.9047150310069888,,,,腾讯控股,B
00700,2014-11-20,DAILY_PULLBACK,0,0,1,0,0,100.0,0.47867892927141636,0.9165272172457919,,,,腾讯控股,B
00700,2014-11-21,DAILY_NEUTRAL,0,0,0,0,0,33.33333333333333,0.7085829514600271,0.902844768185845,,,,腾讯控股,B
00700,2014-11-24,DAILY_PULLBACK,0,0,1,0,0,66.66666666666666,1.1196374889491287,0.9146569544246481,,,,腾讯控股,B
00700,2014-11-25,DAILY_NEUTRAL,0,0,0,0,0,33.33333333333333,1.1137399644909138,0.9073727729107196,,,,腾讯控股,B
00700,2014-11-26,DAILY_PULLBACK,0,0,1,0,0,66.66666666666666,0.8945728490785004,0.9165272172457919,,,,腾讯控股,B
00700,2014-11-27,DAILY_NEUTRAL,0,0,0,0,0,33.33333333333333,0.5633283361218099,0.9110148636676838,,,,腾讯控股,B
00700,2014-11-28,DAILY_NEUTRAL,0,0,0,0,0,0.0,0.6743755322130701,0.9010729402500246,,,,腾讯控股,B
00700,2014-12-01,DAILY_NEUTRAL,0,0,0,0,0,0.0,1.5302548639766747,0.8675066443547592,,,,腾讯控股,B
00700,2014-12-02,DAILY_NEUTRAL,0,0,0,0,0,0.0,1.571738639315809,0.8611083768087411,,,,腾讯控股,B
00700,2014-12-03,DAILY_NEUTRAL,0,0,0,0,0,0.0,1.5291813895025077,0.8438822718771533,,,,腾讯控股,B
00700,2014-12-04,DAILY_NEUTRAL,0,0,0,0,0,0.0,1.2217389379352068,0.8484102766020277,,,,腾讯控股,B
00700,2014-12-05,DAILY_NEUTRAL,0,0,0,0,0,0.0,1.1161683987032813,0.8548085441480461,,,,腾讯控股,B
00700,2014-12-08,DAILY_NEUTRAL,0,0,0,0,0,0.0,0.7822093790491483,0.852052367358992,,,,腾讯控股,B
00700,2014-12-09,DAILY_NEUTRAL,0,0,0,0,0,0.0,0.9356669621323107,0.8266561669455655,,,,腾讯控股,B
00700,2014-12-10,DAILY_NEUTRAL,0,0,0,0,0,0.0,0.9997482535939273,0.8238999901565115,,,,腾讯控股,B
00700,2014-12-11,DAILY_NEUTRAL,0,0,0,0,0,0.0,0.722270122444345,0.8049020572891032,,,,腾讯控股,B
00700,2014-12-12,DAILY_NEUTRAL,0,0,0,0,0,0.0,0.7859923796903754,0.8075597991928339,,,,腾讯控股,B
00700,2014-12-15,DAILY_NEUTRAL,0,0,0,0,0,0.0,0.7308063532828113,0.7913180431144797,,,,腾讯控股,B
00700,2014-12-16,DAILY_NEUTRAL,0,0,0,0,0,0.0,1.8973430636579673,0.7903458213256485,,,,腾讯控股,B
00700,2014-12-17,DAILY_NEUTRAL,0,0,0,0,0,0.0,1.7839456524203348,0.7879109225874867,,,,腾讯控股,B
00700,2014-12-18,DAILY_NEUTRAL,0,0,0,0,0,0.0,1.7259456826204762,0.8524920466595971,,,,腾讯控股,B
00700,2014-12-19,DAILY_NEUTRAL,0,0,0,0,0,0.0,1.292046877441218,0.8896076352067869,,,,腾讯控股,B
00700,2014-12-22,DAILY_NEUTRAL,0,0,0,0,0,0.0,0.7129447689535826,0.863202545068929,,,,腾讯控股,B
00700,2014-12-23,DAILY_NEUTRAL,0,0,0,0,0,0.0,0.5023060909639977,0.8688349202952819,,,,腾讯控股,B
00700,2014-12-24,DAILY_NEUTRAL,0,0,0,0,0,33.33333333333333,0.1751214875124717,0.8687085028914115,,,,腾讯控股,B
00700,2014-12-29,DAILY_NEUTRAL,0,0,0,0,0,33.33333333333333,0.37261589712701876,0.8773605150214592,,,,腾讯控股,B
00700,2014-12-30,DAILY_NEUTRAL,0,0,0,0,0,33.33333333333333,0.579618597848564,0.8763948497854078,,,,腾讯控股,B
00700,2014-12-31,DAILY_NEUTRAL,0,0,0,0,0,33.33333333333333,0.5977402918019291,0.89773735581189,,,,腾讯控股,B
00700,2015-01-02,DAILY_NEUTRAL,0,0,0,0,0,33.33333333333333,0.8998387657468057,0.9063616071428572,,,,腾讯控股,B
00700,2015-01-05,DAILY_NEUTRAL,0,0,0,0,0,0.0,2.1581089673460045,0.9249717514124294,,,,腾讯控股,B
00700,2015-01-06,DAILY_NEUTRAL,0,0,0,0,0,100.0,3.316801784776152,0.9926553672316384,,,,腾讯控股,B
00700,2015-01-07,DAILY_BREAKOUT,1,0,0,0,0,100.0,2.0739105389246624,1.0385310734463276,,,,腾讯控股,B
00700,2015-01-08,DAILY_NEUTRAL,0,0,0,0,0,100.0,1.407246227899041,1.0280434782608696,,,,腾讯控股,B
00700,2015-01-09,DAILY_NEUTRAL,0,0,0,0,0,100.0,1.0415986702995186,0.9942129629629628,,,,腾讯控股,B
00700,2015-01-12,DAILY_NEUTRAL,0,0,0,0,0,100.0,0.5143182948749846,0.9817992719708788,,,,腾讯控股,B
00700,2015-01-13,DAILY_NEUTRAL,0,0,0,0,0,100.0,0.49566665609642147,0.9884555382215289,,,,腾讯控股,B
00700,2015-01-14,DAILY_PULLBACK,0,0,1,0,0,100.0,0.5886594387118375,0.9711908476339053,,,,腾讯控股,B
00700,2015-01-15,DAILY_PULLBACK,0,0,1,0,0,100.0,0.6720923631173243,0.979823192927717,,,,腾讯控股,B
00700,2015-01-16,DAILY_PULLBACK,0,0,1,0,0,100.0,1.2688180374064804,0.9318772750910035,,,,腾讯控股,B
00700,2015-01-19,DAILY_PULLBACK,0,0,1,0,0,66.66666666666666,1.1635842902430398,0.9424856994279771,,,,腾讯控股,B
00700,2015-01-20,DAILY_PULLBACK,0,0,1,0,0,66.66666666666666,0.5281212553085587,0.9529901196047841,,,,腾讯控股,B
00700,2015-01-21,DAILY_PULLBACK,0,0,1,0,0,66.66666666666666,1.8800063276883168,0.9970878835153406,,,,腾讯控股,B
00700,2015-01-22,DAILY_BREAKOUT,1,0,1,0,0,66.66666666666666,1.828697905270723,1.0248569942797712,,,,腾讯控股,B
00700,2015-01-23,DAILY_NEUTRAL,0,0,0,0,0,100.0,1.153681806162799,1.0065716307754524,,,,腾讯控股,B
00700,2015-01-26,DAILY_NEUTRAL,0,0,0,0,0,100.0,1.298316957820313,1.0189979328674081,,,,腾讯控股,B
00700,2015-01-27,DAILY_NEUTRAL,0,0,0,0,0,100.0,0.8264061300597788,0.9902519061866615,,,,腾讯控股,B
00700,2015-01-28,DAILY_NEUTRAL,0,0,0,0,0,100.0,0.49982363261982926,0.9903293757181157,,,,腾讯控股,B
00700,2015-01-29,DAILY_PULLBACK,0,0,1,0,0,100.0,0.5058980634475078,0.9700306396016852,,,,腾讯控股,B
00700,2015-01-30,DAILY_PULLBACK,0,0,1,0,0,100.0,1.2216771100846249,0.9470509383378016,,,,腾讯控股,B
00700,2015-02-02,DAILY_NEUTRAL,0,0,0,0,0,100.0,0.7378158494817785,0.9806587514362314,,,,腾讯控股,B
00700,2015-02-03,DAILY_NEUTRAL,0,0,0,0,0,100.0,0.7024552273137199,0.9744350823439295,,,,腾讯控股,B
00700,2015-02-04,DAILY_PULLBACK,0,0,1,0,0,66.66666666666666,0.5148144310488589,0.9638069705093834,,,,腾讯控股,B
00700,2015-02-05,DAILY_PULLBACK,0,0,1,0,0,66.66666666666666,1.0527335982526218,0.9752968211413252,,,,腾讯控股,B
00700,2015-02-06,DAILY_PULLBACK,0,0,1,0,0,66.66666666666666,0.613762675544672,0.9664879356568364,,,,腾讯控股,B
00700,2015-02-09,DAILY_PULLBACK,0,0,1,0,0,66.66666666666666,0.8830474792429689,0.9524128686327078,,,,腾讯控股,B
00700,2015-02-10,DAILY_PULLBACK,0,0,1,0,0,66.66666666666666,1.0729287702676849,0.9558598238222903,,,,腾讯控股,B
00700,2015-02-11,DAILY_NEUTRAL,0,0,0,0,0,33.33333333333333,0.9350475666962107,0.943508234392953,,,,腾讯控股,B
00700,2015-02-12,DAILY_NEUTRAL,0,0,0,0,0,33.33333333333333,1.7798288666833695,0.9258904634239755,,,,腾讯控股,B
00700,2015-02-13,DAILY_NEUTRAL,0,0,0,0,0,33.33333333333333,1.052100104405557,0.9311566449636155,,,,腾讯控股,B
00700,2015-02-16,DAILY_NEUTRAL,0,0,0,0,0,0.0,0.6512404809130177,0.9338376101110686,,,,腾讯控股,B
00700,2015-02-17,DAILY_NEUTRAL,0,0,0,0,0,0.0,0.5527752838938587,0.9365185752585217,,,,腾讯控股,B
00700,2015-02-18,DAILY_NEUTRAL,0,0,0,0,0,0.0,0.5191623835386869,0.9285714285714286,,,,腾讯控股,B
00700,2015-02-23,DAILY_NEUTRAL,0,0,0,0,0,33.33333333333333,1.854556281907175,0.9717541171964764,,,,腾讯控股,B
00700,2015-02-24,DAILY_NEUTRAL,0,0,0,0,0,66.66666666666666,1.3136336362303285,0.9744350823439295,,,,腾讯控股,B
00700,2015-02-25,DAILY_NEUTRAL,0,0,0,0,0,66.66666666666666,1.4075478735346572,0.9806587514362314,,,,腾讯控股,B
00700,2015-02-26,DAILY_NEUTRAL,0,0,0,0,0,66.66666666666666,1.4237308818083325,0.9788395250861739,,,,腾讯控股,B
00700,2015-02-27,DAILY_NEUTRAL,0,0,0,0,0,66.66666666666666,1.005258265224604,0.9875722543352602,,,,腾讯控股,B
00700,2015-03-02,DAILY_NEUTRAL,0,0,0,0,0,100.0,0.6341979790345864,0.9947013487475915,,,,腾讯控股,B
00700,2015-03-03,DAILY_PULLBACK,0,0,1,0,0,100.0,0.9956221396681404,0.9821772639691715,,,,腾讯控股,B
00700,2015-03-04,DAILY_NEUTRAL,0,0,0,0,0,66.66666666666666,0.6963580696739123,0.9585407889697434,,,,腾讯控股,B
00700,2015-03-05,DAILY_NEUTRAL,0,0,0,0,0,66.66666666666666,0.748247299556378,0.9480084258904635,,,,腾讯控股,B
00700,2015-03-06,DAILY_NEUTRAL,0,0,0,0,0,33.33333333333333,0.9506730650729512,0.9444657219456147,,,,腾讯控股,B
00700,2015-03-09,DAILY_NEUTRAL,0,0,0,0,0,33.33333333333333,0.9557818676544051,0.948870164687859,,,,腾讯控股,B
00700,2015-03-10,DAILY_NEUTRAL,0,0,0,0,0,33.33333333333333,0.938912818437184,0.9391037916507086,,,,腾讯控股,B
00700,2015-03-11,DAILY_NEUTRAL,0,0,0,0,0,33.33333333333333,1.0941647435099378,0.9444657219456147,,,,腾讯控股,B
00700,2015-03-12,DAILY_NEUTRAL,0,0,0,0,0,33.33333333333333,1.2834465622447973,0.9453274607430104,,,,腾讯控股,B
00700,2015-03-13,DAILY_PULLBACK,0,0,1,0,0,66.66666666666666,1.0836696594471469,0.9612217541171965,,,,腾讯控股,B
00700,2015-03-16,DAILY_NEUTRAL,0,0,0,0,0,33.33333333333333,1.558113247838901,0.9788395250861739,,,,腾讯控股,B
00700,2015-03-17,DAILY_NEUTRAL,0,0,0,0,0,66.66666666666666,1.1633563179777877,0.9629452317119876,,,,腾讯控股,B
00700,2015-03-18,DAILY_NEUTRAL,0,0,0,0,0,66.66666666666666,1.2939542870867766,0.9815204902336271,,,,腾讯控股,B
00700,2015-03-19,DAILY_BREAKOUT,1,0,0,0,0,66.66666666666666,3.291599319152205,1.0618536959019533,,,,腾讯控股,B
00700,2015-03-20,DAILY_NEUTRAL,0,0,0,0,0,100.0,2.4683110755934834,0.9776018710083656,,,,腾讯控股,B
00700,2015-03-23,DAILY_NEUTRAL,0,0,0,0,0,100.0,0.7684855625366139,0.9709790209790209,,,,腾讯控股,B
00700,2015-03-24,DAILY_NEUTRAL,0,0,0,0,0,100.0,0.4004103094101414,0.9532342657342656,,,,腾讯控股,B
00700,2015-03-25,DAILY_PULLBACK,0,0,1,0,0,100.0,0.505985673413338,0.9508741258741258,,,,腾讯控股,B
00700,2015-03-26,DAILY_PULLBACK,0,0,1,0,0,100.0,0.4568122234227647,0.9354895104895105,,,,腾讯控股,B
00700,2015-03-27,DAILY_PULLBACK,0,0,1,0,0,100.0,0.5003262212598755,0.9444055944055945,,,,腾讯控股,B
00700,2015-03-30,DAILY_NEUTRAL,0,0,0,0,0,100.0,1.1453937880749603,0.9669580419580419,,,,腾讯控股,B
00700,2015-03-31,DAILY_NEUTRAL,0,0,0,0,0,100.0,1.262148678835975,0.987062937062937,,,,腾讯控股,B
00700,2015-04-01,DAILY_NEUTRAL,0,0,0,0,0,100.0,0.8343541341750824,0.9731164383561643,,,,腾讯控股,B
00700,2015-04-02,DAILY_NEUTRAL,0,0,0,0,0,100.0,0.739782389847388,0.9873287671232877,,,,腾讯控股,B
00700,2015-04-08,DAILY_BREAKOUT,1,0,0,0,0,100.0,1.9240299357486115,1.0244006849315068,,,,腾讯控股,B
00700,2015-04-09,DAILY_BREAKOUT,1,0,0,0,0,100.0,2.8784458724610467,1.0376321705103655,,,,腾讯控股,B
00700,2015-04-10,DAILY_NEUTRAL,0,0,0,0,0,100.0,1.1631539435925424,0.9409574864120318,,,,腾讯控股,B
00700,2015-04-13,DAILY_NEUTRAL,0,0,0,0,0,100.0,1.2676120757866738,1.0006700915791824,,,,腾讯控股,B
00700,2015-04-14,DAILY_PULLBACK,0,0,1,0,0,100.0,1.4819591718499088,0.9330416728459142,,,,腾讯控股,B
00700,2015-04-15,DAILY_PULLBACK,0,0,1,0,0,100.0,0.9517763155392537,0.9084235503485095,,,,腾讯控股,B
00700,2015-04-16,DAILY_PULLBACK,0,0,1,0,0,100.0,0.6427433559076066,0.9248109150229867,,,,腾讯控股,B
00700,2015-04-17,DAILY_PULLBACK,0,0,1,0,0,100.0,0.4978871987598508,0.916654308171437,,,,腾讯控股,B
00700,2015-04-20,DAILY_PULLBACK,0,0,1,0,0,66.66666666666666,0.699585429147478,0.8776508972267536,,,,腾讯控股,B
00700,2015-04-21,DAILY_PULLBACK,0,0,1,0,0,66.66666666666666,0.6183434310323764,0.9186563843986355,,,,腾讯控股,B
00700,2015-04-22,DAILY_PULLBACK,0,0,1,0,0,66.66666666666666,0.8297413999176428,0.9432745068960402,,,,腾讯控股,B
00700,2015-04-23,DAILY_PULLBACK,0,0,1,0,0,66.66666666666666,0.867649372414758,0.9309654456473379,,,,腾讯控股,B
00700,2015-04-24,DAILY_PULLBACK,0,0,1,0,0,66.66666666666666,0.7872701685806099,0.93578525878689,,,,腾讯控股,B
00700,2015-04-27,DAILY_NEUTRAL,0,0,0,0,0,100.0,0.8392786999367169,0.9426071481536408,,,,腾讯控股,B
00700,2015-04-28,DAILY_NEUTRAL,0,0,0,0,0,100.0,0.9166389812182453,0.9494290375203913,,,,腾讯控股,B
00700,2015-04-29,DAILY_NEUTRAL,0,0,0,0,0,100.0,0.9648020658572867,0.9535073409461663,,,,腾讯控股,B
00700,2015-04-30,DAILY_PULLBACK,0,0,1,0,0,100.0,1.041818643217178,0.9309654456473379,,,,腾讯控股,B
00700,2015-05-04,DAILY_NEUTRAL,0,0,0,0,0,66.66666666666666,1.098534959728396,0.9111671362894853,,,,腾讯控股,B
00700,2015-05-05,DAILY_NEUTRAL,0,0,0,0,0,33.33333333333333,0.9338404215098712,0.9084235503485095,,,,腾讯控股,B
00700,2015-05-06,DAILY_NEUTRAL,0,0,0,0,0,33.33333333333333,0.9370033379650724,0.8975233575559839,,,,腾讯控股,B
00700,2015-05-07,DAILY_NEUTRAL,0,0,0,0,0,0.0,0.9585696967918299,0.8769835384843541,,,,腾讯控股,B
00700,2015-05-08,DAILY_NEUTRAL,0,0,0,0,0,0.0,0.8820810483652224,0.8838054278511047,,,,腾讯控股,B
00700,2015-05-11,DAILY_NEUTRAL,0,0,0,0,0,0.0,1.0470060054922008,0.9152454397152602,,,,腾讯控股,B
00700,2015-05-12,DAILY_NEUTRAL,0,0,0,0,0,0.0,1.1184081586254075,0.9043452469227345,,,,腾讯控股,B
00700,2015-05-13,DAILY_NEUTRAL,0,0,0,0,0,0.0,0.9740914151087426,0.9375577456113335,,,,腾讯控股,B
00700,2015-05-14,DAILY_NEUTRAL,0,0,0,0,0,66.66666666666666,1.2925411245604337,0.9695103172158916,,,,腾讯控股,B
00700,2015-05-15,DAILY_NEUTRAL,0,0,0,0,0,66.66666666666666,1.018953368432871,0.9791345857714814,,,,腾讯控股,B
00700,2015-05-18,DAILY_NEUTRAL,0,0,0,0,0,66.66666666666666,0.6384765412233122,0.9706652294425624,,,,腾讯控股,B
00700,2015-05-19,DAILY_NEUTRAL,0,0,0,0,0,66.66666666666666,0.6109982774701224,0.9728210655990145,,,,腾讯控股,B
00700,2015-05-20,DAILY_NEUTRAL,0,0,0,0,0,33.33333333333333,0.8787191544900513,0.9528795811518326,,,,腾讯控股,B
00700,2015-05-21,DAILY_NEUTRAL,0,0,0,0,0,33.33333333333333,0.9950215386852306,0.9400985525100092,,,,腾讯控股,B
00700,2015-05-22,DAILY_NEUTRAL,0,0,0,0,0,66.66666666666666,0.8452201183673954,0.9543424699722821,,,,腾讯控股,B
00700,2015-05-26,DAILY_NEUTRAL,0,0,0,0,0,33.33333333333333,1.3930079445624062,0.9556669236700078,,,,腾讯控股,B
00700,2015-05-27,DAILY_NEUTRAL,0,0,0,0,0,33.33333333333333,0.9992846364546598,0.9492675404780263,,,,腾讯控股,B
00700,2015-05-28,DAILY_NEUTRAL,0,0,0,0,0,33.33333333333333,1.4160429137023285,0.9300693909020817,,,,腾讯控股,B
00700,2015-05-29,DAILY_NEUTRAL,0,0,0,0,0,33.33333333333333,1.3438086904294835,0.9336160370084812,,,,腾讯控股,B
00700,2015-06-01,DAILY_NEUTRAL,0,0,0,0,0,33.33333333333333,0.7376578426139023,0.9458764893699867,,,,腾讯控股,B
00700,2015-06-02,DAILY_NEUTRAL,0,0,0,0,0,33.33333333333333,0.7263855685296335,0.9540391057100568,,,,腾讯控股,B
00700,2015-06-03,DAILY_NEUTRAL,0,0,0,0,0,33.33333333333333,0.7310294209050128,0.960504790838981,,,,腾讯控股,B
00700,2015-06-04,DAILY_NEUTRAL,0,0,0,0,0,33.33333333333333,1.144663141833949,0.95840149567656,,,,腾讯控股,B
00700,2015-06-05,DAILY_NEUTRAL,0,0,0,0,0,0.0,0.8370990122241323,0.936122146919062,,,,腾讯控股,B
00700,2015-06-08,DAILY_NEUTRAL,0,0,0,0,0,0.0,1.0568964672622463,0.9390044402897874,,,,腾讯控股,B
00700,2015-06-09,DAILY_NEUTRAL,0,0,0,0,0,0.0,0.8699545072957018,0.9383033419023136,,,,腾讯控股,B
00700,2015-06-10,DAILY_NEUTRAL,0,0,0,0,0,0.0,0.8271814007106207,0.9253719716444653,,,,腾讯控股,B
00700,2015-06-11,DAILY_NEUTRAL,0,0,0,0,0,0.0,0.8281313029369892,0.9332398535483368,,,,腾讯控股,B
00700,2015-06-12,DAILY_NEUTRAL,0,0,0,0,0,0.0,0.8452095137250312,0.9540391057100568,,,,腾讯控股,B
00700,2015-06-15,DAILY_NEUTRAL,0,0,0,0,0,0.0,0.8804702867364435,0.9397055386772609,,,,腾讯控股,B
00700,2015-06-16,DAILY_NEUTRAL,0,0,0,0,0,0.0,0.7309147380551363,0.93453125,,,,腾讯控股,B
00700,2015-06-17,DAILY_NEUTRAL,0,0,0,0,0,0.0,1.0772722896231048,0.9420460800503263,,,,腾讯控股,B
00700,2015-06-18,DAILY_NEUTRAL,0,0,0,0,0,33.33333333333333,0.7259321776107934,0.9427132514951212,,,,腾讯控股,B
00700,2015-06-19,DAILY_NEUTRAL,0,0,0,0,0,0.0,1.2117885368924888,0.9420050361976707,,,,腾讯控股,B
00700,2015-06-22,DAILY_NEUTRAL,0,0,0,0,0,33.33333333333333,1.2399776308740393,0.9623072080579164,,,,腾讯控股,B
00700,2015-06-23,DAILY_NEUTRAL,0,0,0,0,0,66.66666666666666,1.1660241844266799,0.9702549575070821,,,,腾讯控股,B
00700,2015-06-24,DAILY_BREAKOUT,1,0,0,0,0,100.0,1.7046889909759981,1.0303151816504932,,,,腾讯控股,B
00700,2015-06-25,DAILY_NEUTRAL,0,0,0,0,0,100.0,0.9492121796939349,0.9870877411325452,,,,腾讯控股,B
00700,2015-06-26,DAILY_PULLBACK,0,0,1,0,0,100.0,1.2499548746230107,0.9719975108898569,,,,腾讯控股,B
00700,2015-06-29,DAILY_NEUTRAL,0,0,0,0,0,66.66666666666666,1.6998951987997906,0.9232265090230243,,,,腾讯控股,B
00700,2015-06-30,DAILY_NEUTRAL,0,0,0,0,0,66.66666666666666,1.0212107463174724,0.934738643434972,,,,腾讯控股,B
00700,2015-07-02,DAILY_PULLBACK,0,0,1,0,0,66.66666666666666,1.0974879221138927,0.9476509023024269,,,,腾讯控股,B
00700,2015-07-03,DAILY_NEUTRAL,0,0,0,0,0,33.33333333333333,0.6332707538286202,0.9376166770379589,,,,腾讯控股,B
00700,2015-07-06,DAILY_NEUTRAL,0,0,0,0,0,33.33333333333333,2.3005849946269086,0.8759334163036714,,,,腾讯控股,B
00700,2015-07-07,DAILY_NEUTRAL,0,0,0,0,0,33.33333333333333,1.0271583384002643,0.8630211574362165,,,,腾讯控股,B
00700,2015-07-08,DAILY_NEUTRAL,0,0,0,0,0,0.0,2.7990171238087824,0.7920815183571873,,,,腾讯控股,B
00700,2015-07-09,DAILY_NEUTRAL,0,0,0,0,0,0.0,1.2394334449127868,0.872355320472931,,,,腾讯控股,B
00700,2015-07-10,DAILY_NEUTRAL,0,0,0,0,0,0.0,0.8750669276576768,0.8931238332296203,,,,腾讯控股,B
00700,2015-07-13,DAILY_NEUTRAL,0,0,0,0,0,0.0,0.41173249839384396,0.9046359676415681,,,,腾讯控股,B
00700,2015-07-14,DAILY_NEUTRAL,0,0,0,0,0,0.0,0.4509453526961147,0.9131922837585563,,,,腾讯控股,B
00700,2015-07-15,DAILY_NEUTRAL,0,0,0,0,0,33.33333333333333,0.40685098813367415,0.9010578718108276,,,,腾讯控股,B
00700,2015-07-16,DAILY_NEUTRAL,0,0,0,0,0,33.33333333333333,0.4870454256246218,0.9010578718108276,,,,腾讯控股,B
00700,2015-07-17,DAILY_NEUTRAL,0,0,0,0,0,66.66666666666666,0.6868431343259941,0.9268823895457373,,,,腾讯控股,B
00700,2015-07-20,DAILY_NEUTRAL,0,0,0,0,0,66.66666666666666,1.0136736494627132,0.9404947106409458,,,,腾讯控股,B
00700,2015-07-21,DAILY_NEUTRAL,0,0,0,0,0,66.66666666666666,0.7062631734734633,0.9483509645301804,,,,腾讯控股,B
00700,2015-07-22,DAILY_NEUTRAL,0,0,0,0,0,66.66666666666666,0.7397991246998269,0.9332607342874922,,,,腾讯控股,B
00700,2015-07-23,DAILY_PULLBACK,0,0,1,0,0,100.0,0.8860568664996725,0.9332607342874922,,,,腾讯控股,B
00700,2015-07-24,DAILY_PULLBACK,0,0,1,0,0,100.0,0.9088316892407267,0.9131416997740904,,,,腾讯控股,B
00700,2015-07-27,DAILY_NEUTRAL,0,0,0,0,0,66.66666666666666,1.7715200975377419,0.8821718885644385,,,,腾讯控股,B
00700,2015-07-28,DAILY_NEUTRAL,0,0,0,0,0,33.33333333333333,1.9298734494093153,0.9011683738796415,,,,腾讯控股,B
00700,2015-07-29,DAILY_NEUTRAL,0,0,0,0,0,33.33333333333333,1.427624577332139,0.8988791423001949,,,,腾讯控股,B
00700,2015-07-30,DAILY_NEUTRAL,0,0,0,0,0,33.33333333333333,0.8510778310020677,0.8869395711500975,,,,腾讯控股,B
00700,2015-07-31,DAILY_NEUTRAL,0,0,0,0,0,33.33333333333333,0.7497027768941118,0.901153346328785,,,,腾讯控股,B
00700,2015-08-03,DAILY_NEUTRAL,0,0,0,0,0,0.0,0.5817072329510233,0.8959551656920078,,,,腾讯控股,B
00700,2015-08-04,DAILY_NEUTRAL,0,0,0,0,0,0.0,0.9186925862326838,0.888401559454191,,,,腾讯控股,B
00700,2015-08-05,DAILY_NEUTRAL,0,0,0,0,0,0.0,0.7283004229536472,0.8839343729694606,,,,腾讯控股,B
00700,2015-08-06,DAILY_NEUTRAL,0,0,0,0,0,0.0,1.0170461003251539,0.87272579597141,,,,腾讯控股,B
00700,2015-08-07,DAILY_NEUTRAL,0,0,0,0,0,0.0,0.7894283231708711,0.8816601689408706,,,,腾讯控股,B
00700,2015-08-10,DAILY_NEUTRAL,0,0,0,0,0,0.0,0.8711652378408432,0.8869395711500975,,,,腾讯控股,B
00700,2015-08-11,DAILY_NEUTRAL,0,0,0,0,0,0.0,1.1921051081799703,0.8719948018193632,,,,腾讯控股,B
00700,2015-08-12,DAILY_NEUTRAL,0,0,0,0,0,0.0,3.126318064214974,0.8278102664067576,,,,腾讯控股,B
00700,2015-08-13,DAILY_NEUTRAL,0,0,0,0,0,0.0,2.286629303256717,0.8966861598440546,,,,腾讯控股,B
00700,2015-08-14,DAILY_NEUTRAL,0,0,0,0,0,0.0,0.6835104718782844,0.8914067576348278,,,,腾讯控股,B
00700,2015-08-17,DAILY_NEUTRAL,0,0,0,0,0,0.0,0.6925550857434313,0.8809291747888238,,,,腾讯控股,B
00700,2015-08-18,DAILY_NEUTRAL,0,0,0,0,0,0.0,0.49035088382141856,0.8647480841350073,,,,腾讯控股,B
00700,2015-08-19,DAILY_NEUTRAL,0,0,0,0,0,33.33333333333333,0.6546642328940016,0.8721168841828778,,,,腾讯控股,B
00700,2015-08-20,DAILY_NEUTRAL,0,0,0,0,0,0.0,1.2386055575377868,0.846425346794714,,,,腾讯控股,B
00700,2015-08-21,DAILY_NEUTRAL,0,0,0,0,0,0.0,2.1147406281452907,0.8337268128161889,,,,腾讯控股,B
00700,2015-08-24,DAILY_NEUTRAL,0,0,0,0,0,0.0,2.163254763217683,0.7960024019902205,,,,腾讯控股,B
00700,2015-08-25,DAILY_NEUTRAL,0,0,0,0,0,0.0,1.8102380353141418,0.8500346140533057,,,,腾讯控股,B
00700,2015-08-26,DAILY_NEUTRAL,0,0,0,0,0,0.0,0.8909909041008078,0.8534766006571353,,,,腾讯控股,B
00700,2015-08-27,DAILY_NEUTRAL,0,0,0,0,0,0.0,1.106412922979294,0.8829588846461238,,,,腾讯控股,B
00700,2015-08-28,DAILY_NEUTRAL,0,0,0,0,0,0.0,0.8116475581875444,0.8749776905229341,,,,腾讯控股,B
00700,2015-08-31,DAILY_NEUTRAL,0,0,0,0,0,0.0,0.4742940693493461,0.8839907192575406,,,,腾讯控股,B
00700,2015-09-01,DAILY_NEUTRAL,0,0,0,0,0,0.0,0.5683350047878808,0.846153846153846,,,,腾讯控股,B
00700,2015-09-02,DAILY_NEUTRAL,0,0,0,0,0,0.0,0.8757714159068648,0.8477601285025879,,,,腾讯控股,B
00700,2015-09-04,DAILY_NEUTRAL,0,0,0,0,0,0.0,0.6372080218319731,0.8477601285025879,,,,腾讯控股,B
00700,2015-09-07,DAILY_NEUTRAL,0,0,0,0,0,0.0,0.8802328213748428,0.8395502409423523,,,,腾讯控股,B
00700,2015-09-08,DAILY_NEUTRAL,0,0,0,0,0,0.0,1.1221697360500913,0.8642691415313224,,,,腾讯控股,B
00700,2015-09-09,DAILY_NEUTRAL,0,0,0,0,0,33.33333333333333,1.260035584192082,0.89880421202927,,,,腾讯控股,B
00700,2015-09-10,DAILY_NEUTRAL,0,0,0,0,0,0.0,0.8212858040417487,0.8605067597815382,,,,腾讯控股,B
00700,2015-09-11,DAILY_NEUTRAL,0,0,0,0,0,33.33333333333333,1.0783265745567432,0.8505685379174501,,,,腾讯控股,B
00700,2015-09-14,DAILY_NEUTRAL,0,0,0,0,0,33.33333333333333,0.5711885611473915,0.8562724014336918,,,,腾讯控股,B
00700,2015-09-15,DAILY_NEUTRAL,0,0,0,0,0,66.66666666666666,0.9270700313658682,0.8908482546572618,,,,腾讯控股,B
00700,2015-09-16,DAILY_NEUTRAL,0,0,0,0,0,66.66666666666666,1.1943363821303894,0.9258455416892747,,,,腾讯控股,B
00700,2015-09-17,DAILY_NEUTRAL,0,0,0,0,0,100.0,1.2006742951645255,0.939301269576499,,,,腾讯控股,B
00700,2015-09-18,DAILY_NEUTRAL,0,0,0,0,0,100.0,1.1528806096646862,0.9728932851436181,,,,腾讯控股,B
00700,2015-09-21,DAILY_PULLBACK,0,0,1,0,0,100.0,0.7814642136499961,0.9655502392344498,,,,腾讯控股,B
00700,2015-09-22,DAILY_PULLBACK,0,0,1,0,0,100.0,0.889582270012116,0.9532057416267943,,,,腾讯控股,B
00700,2015-09-23,DAILY_PULLBACK,0,0,1,0,0,100.0,0.8356752186226893,0.9400000000000001,,,,腾讯控股,B
00700,2015-09-24,DAILY_NEUTRAL,0,0,0,0,0,66.66666666666666,0.7797835988946447,0.9382775119617225,,,,腾讯控股,B
00700,2015-09-25,DAILY_PULLBACK,0,0,1,0,0,66.66666666666666,0.9396629464545336,0.9408612440191387,,,,腾讯控股,B
00700,2015-09-29,DAILY_NEUTRAL,0,0,0,0,0,33.33333333333333,1.4215882191467,0.9082296650717703,,,,腾讯控股,B
00700,2015-09-30,DAILY_NEUTRAL,0,0,0,0,0,33.33333333333333,1.2305310144141892,0.925933014354067,,,,腾讯控股,B
00700,2015-10-02,DAILY_PULLBACK,0,0,1,0,0,66.66666666666666,1.4129597916182035,0.9805741626794259,,,,腾讯控股,B
00700,2015-10-05,DAILY_PULLBACK,0,0,1,0,0,66.66666666666666,1.113285882592367,1.0176076555023923,,,,腾讯控股,B
00700,2015-10-06,DAILY_NEUTRAL,0,0,0,0,0,100.0,0.7948798191567163,0.9948501872659177,,,,腾讯控股,B
00700,2015-10-07,DAILY_NEUTRAL,0,0,0,0,0,100.0,0.8843946916716511,1.0008304881424748,,,,腾讯控股,B
00700,2015-10-08,DAILY_NEUTRAL,0,0,0,0,0,100.0,0.7232336181969621,0.9982527128931397,,,,腾讯控股,B
00700,2015-10-09,DAILY_NEUTRAL,0,0,0,0,0,100.0,0.7103701790116144,0.9865270823850707,,,,腾讯控股,B
00700,2015-10-12,DAILY_NEUTRAL,0,0,0,0,0,100.0,0.7052492167606069,0.9991847826086956,,,,腾讯控股,B
00700,2015-10-13,DAILY_NEUTRAL,0,0,0,0,0,100.0,0.596194661505229,0.9899456521739131,,,,腾讯控股,B
00700,2015-10-14,DAILY_PULLBACK,0,0,1,0,0,100.0,0.7181026399943654,0.9874999999999999,,,,腾讯控股,B
00700,2015-10-15,DAILY_NEUTRAL,0,0,0,0,0,100.0,1.1225730849093873,1.007518115942029,,,,腾讯控股,B
00700,2015-10-16,DAILY_NEUTRAL,0,0,0,0,0,100.0,1.2109223287037616,1.009042886561017,,,,腾讯控股,B
00700,2015-10-19,DAILY_NEUTRAL,0,0,0,0,0,100.0,0.7829838938090682,0.9935030728709393,,,,腾讯控股,B
00700,2015-10-20,DAILY_NEUTRAL,0,0,0,0,0,100.0,0.7033696089773633,0.9911395736468112,,,,腾讯控股,B
00700,2015-10-22,DAILY_PULLBACK,0,0,1,0,0,100.0,1.0056903722608252,0.9863145889990351,,,,腾讯控股,B
00700,2015-10-23,DAILY_BREAKOUT,1,0,0,0,0,100.0,1.5072289717288294,1.0097376962891482,,,,腾讯控股,B
00700,2015-10-26,DAILY_NEUTRAL,0,0,0,0,0,100.0,1.098594217077295,0.9936878512753998,,,,腾讯控股,B
00700,2015-10-27,DAILY_NEUTRAL,0,0,0,0,0,100.0,1.0521519239050041,0.9773113528212101,,,,腾讯控股,B
00700,2015-10-28,DAILY_NEUTRAL,0,0,0,0,0,100.0,0.7622829144050202,0.9827498300475866,,,,腾讯控股,B
00700,2015-10-29,DAILY_PULLBACK,0,0,1,0,0,100.0,0.7807380295643659,0.9686437797416723,,,,腾讯控股,B
00700,2015-10-30,DAILY_PULLBACK,0,0,1,0,0,100.0,0.9535922729973776,0.957681849082257,,,,腾讯控股,B
00700,2015-11-02,DAILY_PULLBACK,0,0,1,0,0,100.0,0.8546795129262458,0.9647348742352141,,,,腾讯控股,B
00700,2015-11-03,DAILY_NEUTRAL,0,0,0,0,0,100.0,1.8923754788962868,0.9882732834806254,,,,腾讯控股,B
00700,2015-11-04,DAILY_BREAKOUT,1,0,0,0,0,100.0,2.0312116779878666,1.0078178110129163,,,,腾讯控股,B
00700,2015-11-05,DAILY_NEUTRAL,0,0,0,0,0,100.0,0.923413181434325,0.966805999508237,,,,腾讯控股,B
00700,2015-11-06,DAILY_NEUTRAL,0,0,0,0,0,100.0,0.6234801280954807,0.9833620195065979,,,,腾讯控股,B
00700,2015-11-09,DAILY_PULLBACK,0,0,1,0,0,100.0,0.795772976095632,0.9645111056470781,,,,腾讯控股,B
00700,2015-11-10,DAILY_PULLBACK,0,0,1,0,0,100.0,0.7656103669615231,0.9524629128759937,,,,腾讯控股,B
00700,2015-11-11,DAILY_PULLBACK,0,0,1,0,0,100.0,1.5487635665222503,0.9607409228751741,,,,腾讯控股,B
00700,2015-11-12,DAILY_NEUTRAL,0,0,0,0,0,100.0,1.4352664473192622,0.9872141627735431,,,,腾讯控股,B
00700,2015-11-13,DAILY_PULLBACK,0,0,1,0,0,100.0,0.7399691625222186,0.9659863945578231,,,,腾讯控股,B
00700,2015-11-16,DAILY_NEUTRAL,0,0,0,0,0,33.33333333333333,0.7873920351677985,0.942627653471027,,,,腾讯控股,B
00700,2015-11-17,DAILY_PULLBACK,0,0,1,0,0,66.66666666666666,0.8668655412454682,0.9584460290140152,,,,腾讯控股,B
00700,2015-11-18,DAILY_PULLBACK,0,0,1,0,0,66.66666666666666,0.5244776196678591,0.9600032784198016,,,,腾讯控股,B
00700,2015-11-19,DAILY_PULLBACK,0,0,1,0,0,66.66666666666666,0.8839219804536589,0.9727891156462585,,,,腾讯控股,B
00700,2015-11-20,DAILY_PULLBACK,0,0,1,0,0,66.66666666666666,0.8506669351696514,0.9879518072289156,,,,腾讯控股,B
00700,2015-11-23,DAILY_NEUTRAL,0,0,0,0,0,100.0,1.0525962232319503,0.990984345545447,,,,腾讯控股,B
00700,2015-11-24,DAILY_NEUTRAL,0,0,0,0,0,100.0,0.7862179918099029,0.9902168596119354,,,,腾讯控股,B
00700,2015-11-25,DAILY_NEUTRAL,0,0,0,0,0,100.0,1.1400484582405415,0.9924995923691505,,,,腾讯控股,B
00700,2015-11-26,DAILY_PULLBACK,0,0,1,0,0,100.0,1.153833197930421,0.9872003913256155,,,,腾讯控股,B
00700,2015-11-27,DAILY_PULLBACK,0,0,1,0,0,100.0,1.3320004351147805,0.9619402380759576,,,,腾讯控股,B
00700,2015-11-30,DAILY_PULLBACK,0,0,1,0,0,100.0,2.443816075773366,0.9701190379787837,,,,腾讯控股,B
00700,2015-12-01,DAILY_PULLBACK,0,0,1,0,0,100.0,1.5083370244326797,0.9701190379787837,,,,腾讯控股,B
00700,2015-12-02,DAILY_PULLBACK,0,0,1,0,0,66.66666666666666,1.0135354435950785,0.9656652360515022,,,,腾讯控股,B
00700,2015-12-03,DAILY_PULLBACK,0,0,1,0,0,66.66666666666666,1.2793397730776872,0.9708478419305208,,,,腾讯控股,B
00700,2015-12-04,DAILY_NEUTRAL,0,0,0,0,0,33.33333333333333,2.014275281125228,0.9455016600534457,,,,腾讯控股,B
00700,2015-12-07,DAILY_NEUTRAL,0,0,0,0,0,33.33333333333333,0.6758931181260557,0.9447728561017087,,,,腾讯控股,B
00700,2015-12-08,DAILY_NEUTRAL,0,0,0,0,0,33.33333333333333,0.6094542410502264,0.9357842740302859,,,,腾讯控股,B
00700,2015-12-09,DAILY_NEUTRAL,0,0,0,0,0,0.0,0.6832776827214198,0.943234269981375,,,,腾讯控股,B
00700,2015-12-10,DAILY_NEUTRAL,0,0,0,0,0,0.0,0.4948316035316034,0.9410478581261641,,,,腾讯控股,B
00700,2015-12-11,DAILY_NEUTRAL,0,0,0,0,0,0.0,0.8115410379829112,0.920074499959511,,,,腾讯控股,B
00700,2015-12-14,DAILY_NEUTRAL,0,0,0,0,0,0.0,0.9232487158188702,0.9118957000566847,,,,腾讯控股,B
00700,2015-12-15,DAILY_NEUTRAL,0,0,0,0,0,0.0,0.9313720948095581,0.9193456960077739,,,,腾讯控股,B
00700,2015-12-16,DAILY_NEUTRAL,0,0,0,0,0,0.0,0.8496349039747374,0.9514940481010609,,,,腾讯控股,B
00700,2015-12-17,DAILY_NEUTRAL,0,0,0,0,0,0.0,0.9933735727536348,0.9499554619807272,,,,腾讯控股,B
00700,2015-12-18,DAILY_NEUTRAL,0,0,0,0,0,0.0,1.1007471683321637,0.9477690501255164,,,,腾讯控股,B
00700,2015-12-21,DAILY_NEUTRAL,0,0,0,0,0,33.33333333333333,0.5498553301182212,0.9402380759575675,,,,腾讯控股,B
00700,2015-12-22,DAILY_NEUTRAL,0,0,0,0,0,33.33333333333333,0.47043098319464277,0.943963073933112,,,,腾讯控股,B
00700,2015-12-23,DAILY_NEUTRAL,0,0,0,0,0,66.66666666666666,0.5745407461704325,0.9544092639080087,,,,腾讯控股,B
00700,2015-12-24,DAILY_NEUTRAL,0,0,0,0,0,66.66666666666666,0.41527056475793195,0.9514940481010609,,,,腾讯控股,B
00700,2015-12-28,DAILY_NEUTRAL,0,0,0,0,0,33.33333333333333,0.7230607243855341,0.9504684317718941,,,,腾讯控股,B
00700,2015-12-29,DAILY_NEUTRAL,0,0,0,0,0,33.33333333333333,1.0580362476329306,0.9496537678207738,,,,腾讯控股,B
00700,2015-12-30,DAILY_NEUTRAL,0,0,0,0,0,66.66666666666666,1.0722509434895402,0.9489205702647658,,,,腾讯控股,B
00700,2015-12-31,DAILY_NEUTRAL,0,0,0,0,0,100.0,1.0255595132948843,0.9770903978165578,,,,腾讯控股,B
00700,2016-01-04,DAILY_NEUTRAL,0,0,0,0,0,33.33333333333333,2.442739097557289,0.9519907292442679,,,,腾讯控股,B
00700,2016-01-05,DAILY_NEUTRAL,0,0,0,0,0,33.33333333333333,1.8331579033487604,0.9512788259958072,,,,腾讯控股,B
00700,2016-01-06,DAILY_NEUTRAL,0,0,0,0,0,33.33333333333333,1.4573575282493125,0.9404612159329141,,,,腾讯控股,B
00700,2016-01-07,DAILY_NEUTRAL,0,0,0,0,0,0.0,1.9141576838641854,0.8955974842767296,,,,腾讯控股,B
00700,2016-01-08,DAILY_NEUTRAL,0,0,0,0,0,0.0,1.1847007835950674,0.9142138364779874,,,,腾讯控股,B
00700,2016-01-11,DAILY_NEUTRAL,0,0,0,0,0,0.0,1.2414712962862036,0.8786582809224319,,,,腾讯控股,B
00700,2016-01-12,DAILY_NEUTRAL,0,0,0,0,0,0.0,1.1454170926866771,0.8638993710691824,,,,腾讯控股,B
00700,2016-01-13,DAILY_NEUTRAL,0,0,0,0,0,0.0,1.1665125471846818,0.8739622641509434,,,,腾讯控股,B
00700,2016-01-14,DAILY_NEUTRAL,0,0,0,0,0,0.0,1.1993515559456664,0.8716981132075472,,,,腾讯控股,B
00700,2016-01-15,DAILY_NEUTRAL,0,0,0,0,0,0.0,1.057034239697598,0.8708595387840671,,,,腾讯控股,B
00700,2016-01-18,DAILY_NEUTRAL,0,0,0,0,0,0.0,0.9226205591769789,0.8631446540880504,,,,腾讯控股,B
00700,2016-01-19,DAILY_NEUTRAL,0,0,0,0,0,0.0,0.9550460747503078,0.8973861720067454,,,,腾讯控股,B
00700,2016-01-20,DAILY_NEUTRAL,0,0,0,0,0,0.0,1.112215307681881,0.8632377740303542,,,,腾讯控股,B
00700,2016-01-21,DAILY_NEUTRAL,0,0,0,0,0,0.0,1.257164944059359,0.8453625632377741,,,,腾讯控股,B
00700,2016-01-22,DAILY_NEUTRAL,0,0,0,0,0,0.0,0.978267263369569,0.8912310286677909,,,,腾讯控股,B
00700,2016-01-25,DAILY_NEUTRAL,0,0,0,0,0,66.66666666666666,1.2357894102562705,0.9323777403035414,,,,腾讯控股,B
00700,2016-01-26,DAILY_NEUTRAL,0,0,0,0,0,66.66666666666666,0.9364960889461232,0.9150680300853545,,,,腾讯控股,B
00700,2016-01-27,DAILY_NEUTRAL,0,0,0,0,0,33.33333333333333,0.9925665590459304,0.9049268993492774,,,,腾讯控股,B
00700,2016-01-28,DAILY_NEUTRAL,0,0,0,0,0,66.66666666666666,0.8661586383984607,0.9134623510521424,,,,腾讯控股,B
00700,2016-01-29,DAILY_NEUTRAL,0,0,0,0,0,66.66666666666666,1.069060930372339,0.9392377250063382,,,,腾讯控股,B
00700,2016-02-01,DAILY_NEUTRAL,0,0,0,0,0,100.0,0.7505762223819461,0.9608259687287558,,,,腾讯控股,B
00700,2016-02-02,DAILY_NEUTRAL,0,0,0,0,0,100.0,0.6849098276776329,0.9611349957007739,,,,腾讯控股,B
00700,2016-02-03,DAILY_PULLBACK,0,0,1,0,0,100.0,0.9505600742834598,0.9504924375659515,,,,腾讯控股,B
00700,2016-02-04,DAILY_PULLBACK,0,0,1,0,0,100.0,0.7252802257566694,0.9529546253957089,,,,腾讯控股,B
00700,2016-02-05,DAILY_PULLBACK,0,0,1,0,0,100.0,0.6080118394359393,0.9691347168483996,,,,腾讯控股,B
00700,2016-02-11,DAILY_NEUTRAL,0,0,0,0,0,33.33333333333333,2.032959203607005,0.9043264157580021,,,,腾讯控股,B
00700,2016-02-12,DAILY_NEUTRAL,0,0,0,0,0,33.33333333333333,1.1874972115316946,0.8832219486457967,,,,腾讯控股,B
00700,2016-02-15,DAILY_NEUTRAL,0,0,0,0,0,33.33333333333333,0.9648863930552387,0.9229686950404502,,,,腾讯控股,B
00700,2016-02-16,DAILY_NEUTRAL,0,0,0,0,0,33.33333333333333,0.6942772043200578,0.9318501582835034,,,,腾讯控股,B
00700,2016-02-17,DAILY_NEUTRAL,0,0,0,0,0,33.33333333333333,0.777061260733677,0.9229686950404502,,,,腾讯控股,B
00700,2016-02-18,DAILY_NEUTRAL,0,0,0,0,0,33.33333333333333,0.8844463577930763,0.9562082307421738,,,,腾讯控股,B
00700,2016-02-19,DAILY_NEUTRAL,0,0,0,0,0,66.66666666666666,0.6217031751084585,0.9473267674991207,,,,腾讯控股,B
00700,2016-02-22,DAILY_NEUTRAL,0,0,0,0,0,66.66666666666666,0.5685113559886876,0.9513717903622934,,,,腾讯控股,B
00700,2016-02-23,DAILY_NEUTRAL,0,0,0,0,0,66.66666666666666,0.7621756544391998,0.9529546253957089,,,,腾讯控股,B
00700,2016-02-24,DAILY_NEUTRAL,0,0,0,0,0,33.33333333333333,1.0574641136959648,0.9408195568061906,,,,腾讯控股,B
00700,2016-02-25,DAILY_NEUTRAL,0,0,0,0,0,33.33333333333333,0.7859922728095338,0.9294759057333802,,,,腾讯控股,B
00700,2016-02-26,DAILY_NEUTRAL,0,0,0,0,0,66.66666666666666,1.4491894631595565,0.9594618360886388,,,,腾讯控股,B
00700,2016-02-29,DAILY_NEUTRAL,0,0,0,0,0,66.66666666666666,1.1008495260498488,0.9529546253957089,,,,腾讯控股,B
00700,2016-03-01,DAILY_NEUTRAL,0,0,0,0,0,100.0,1.119467788633232,0.9740590925079141,,,,腾讯控股,B
00700,2016-03-02,DAILY_BREAKOUT,1,0,0,0,0,100.0,1.6734203052593593,1.0048364403798804,,,,腾讯控股,B
00700,2016-03-03,DAILY_NEUTRAL,0,0,0,0,0,100.0,0.9666454142514176,0.9927479248580167,,,,腾讯控股,B
00700,2016-03-04,DAILY_NEUTRAL,0,0,0,0,0,100.0,1.1252790986063046,0.9855551688130874,,,,腾讯控股,B
00700,2016-03-07,DAILY_PULLBACK,0,0,1,0,0,100.0,0.7641612007634947,0.9768390006939626,,,,腾讯控股,B
00700,2016-03-08,DAILY_PULLBACK,0,0,1,0,0,100.0,0.6399493192417545,0.9752775850104095,,,,腾讯控股,B
00700,2016-03-09,DAILY_PULLBACK,0,0,1,0,0,100.0,0.8240389777889786,0.9704198473282443,,,,腾讯控股,B
00700,2016-03-10,DAILY_PULLBACK,0,0,1,0,0,100.0,0.673879067092826,0.9648681471200555,,,,腾讯控股,B
00700,2016-03-11,DAILY_NEUTRAL,0,0,0,0,0,100.0,1.2667765093116372,0.989677307425399,,,,腾讯控股,B
00700,2016-03-14,DAILY_BREAKOUT,1,0,0,0,0,100.0,2.21971929721903,1.0312283136710616,,,,腾讯控股,B
00700,2016-03-15,DAILY_NEUTRAL,0,0,0,0,0,100.0,0.9788803425579077,0.9830337644884932,,,,腾讯控股,B
00700,2016-03-16,DAILY_NEUTRAL,0,0,0,0,0,100.0,0.7950877807905996,0.9799260876868806,,,,腾讯控股,B
00700,2016-03-17,DAILY_NEUTRAL,0,0,0,0,0,100.0,0.7807159716725269,0.9907609608600705,,,,腾讯控股,B
00700,2016-03-18,DAILY_BREAKOUT,1,0,0,0,0,100.0,2.8590453980400126,1.0341004535528304,,,,腾讯控股,B
00700,2016-03-21,DAILY_NEUTRAL,0,0,0,0,0,100.0,0.7418963407183978,0.9917953667953668,,,,腾讯控股,B
00700,2016-03-22,DAILY_NEUTRAL,0,0,0,0,0,100.0,0.8717634953837332,1.0021718146718148,,,,腾讯控股,B
00700,2016-03-23,DAILY_NEUTRAL,0,0,0,0,0,100.0,0.6533517726397411,0.9985595390524968,,,,腾讯控股,B
00700,2016-03-24,DAILY_NEUTRAL,0,0,0,0,0,100.0,0.7705736194699672,0.9919174135723432,,,,腾讯控股,B
00700,2016-03-29,DAILY_PULLBACK,0,0,1,0,0,100.0,0.6758060709850056,0.9808738796414853,,,,腾讯控股,B
00700,2016-03-30,DAILY_PULLBACK,0,0,1,0,0,100.0,1.166885551087913,0.9875160051216391,,,,腾讯控股,B
00700,2016-03-31,DAILY_PULLBACK,0,0,1,0,0,100.0,0.9573525727252167,0.9889564660691421,,,,腾讯控股,B
00700,2016-04-01,DAILY_NEUTRAL,0,0,0,0,0,100.0,0.9003956933201985,0.9896766965428938,,,,腾讯控股,B
00700,2016-04-05,DAILY_PULLBACK,0,0,1,0,0,66.66666666666666,0.8087583233542145,0.9756722151088348,,,,腾讯控股,B
00700,2016-04-06,DAILY_PULLBACK,0,0,1,0,0,66.66666666666666,1.0361199418511076,0.9933578745198464,,,,腾讯控股,B
00700,2016-04-07,DAILY_NEUTRAL,0,0,0,0,0,100.0,1.2563688462864402,1.014004481434059,,,,腾讯控股,B
00700,2016-04-08,DAILY_NEUTRAL,0,0,0,0,0,100.0,0.8656670887530067,0.9854215918045705,,,,腾讯控股,B
00700,2016-04-11,DAILY_NEUTRAL,0,0,0,0,0,100.0,0.5515466285668456,0.9817966903073286,,,,腾讯控股,B
00700,2016-04-12,DAILY_PULLBACK,0,0,1,0,0,100.0,0.7832762139147927,0.9854215918045705,,,,腾讯控股,B
00700,2016-04-13,DAILY_BREAKOUT,1,0,0,0,0,100.0,2.129212113862847,1.0181245074862095,,,,腾讯控股,B
00700,2016-04-14,DAILY_DISTRIBUTION,0,1,0,0,0,100.0,1.3873119743454394,1.0020867145838164,,,,腾讯控股,B
00700,2016-04-15,DAILY_NEUTRAL,0,0,0,0,0,100.0,0.6022382272048278,0.9867112157339206,,,,腾讯控股,B
00700,2016-04-18,DAILY_NEUTRAL,0,0,0,0,0,100.0,0.5011231090052018,0.9895208444073202,,,,腾讯控股,B
00700,2016-04-19,DAILY_NEUTRAL,0,0,0,0,0,100.0,0.751953670794011,0.9895208444073202,,,,腾讯控股,B
00700,2016-04-20,DAILY_PULLBACK,0,0,1,0,0,100.0,0.8411852591273022,0.9629432758751614,,,,腾讯控股,B
00700,2016-04-21,DAILY_PULLBACK,0,0,1,0,0,100.0,0.8753222828235624,0.9741058546586681,,,,腾讯控股,B
00700,2016-04-22,DAILY_PULLBACK,0,0,1,0,0,100.0,0.7024180359470524,0.9692459564127877,,,,腾讯控股,B
00700,2016-04-25,DAILY_NEUTRAL,0,0,0,0,0,33.33333333333333,0.8915890727174476,0.948895132508163,,,,腾讯控股,B
00700,2016-04-26,DAILY_PULLBACK,0,0,1,0,0,66.66666666666666,0.6997965198599779,0.9621839167742425,,,,腾讯控股,B
00700,2016-04-27,DAILY_NEUTRAL,0,0,0,0,0,33.33333333333333,1.0168792554513724,0.9460855038347635,,,,腾讯控股,B
00700,2016-04-28,DAILY_NEUTRAL,0,0,0,0,0,33.33333333333333,1.7648579564283895,0.9566405953375352,,,,腾讯控股,B
00700,2016-04-29,DAILY_NEUTRAL,0,0,0,0,0,33.33333333333333,0.9335301940857048,0.94190902877971,,,,腾讯控股,B
00700,2016-05-03,DAILY_NEUTRAL,0,0,0,0,0,0.0,1.267826897796529,0.9166983066292049,,,,腾讯控股,B
00700,2016-05-04,DAILY_NEUTRAL,0,0,0,0,0,0.0,1.2577403864439305,0.9110790492824057,,,,腾讯控股,B
00700,2016-05-05,DAILY_NEUTRAL,0,0,0,0,0,0.0,0.9374090491387355,0.9020426759814717,,,,腾讯控股,B
00700,2016-05-06,DAILY_NEUTRAL,0,0,0,0,0,0.0,1.0599565811347096,0.9069025742273522,,,,腾讯控股,B
00700,2016-05-09,DAILY_NEUTRAL,0,0,0,0,0,0.0,0.6530784212439544,0.9153314602475511,,,,腾讯控股,B
00700,2016-05-10,DAILY_NEUTRAL,0,0,0,0,0,0.0,0.8381677523149089,0.924443769458577,,,,腾讯控股,B
00700,2016-05-11,DAILY_NEUTRAL,0,0,0,0,0,0.0,0.8621992676320952,0.9251271926494039,,,,腾讯控股,B
00700,2016-05-12,DAILY_NEUTRAL,0,0,0,0,0,0.0,1.063914223947102,0.9090287797099248,,,,腾讯控股,B
00700,2016-05-13,DAILY_NEUTRAL,0,0,0,0,0,33.33333333333333,1.4586191667648365,0.9153314602475511,,,,腾讯控股,B
00700,2016-05-16,DAILY_NEUTRAL,0,0,0,0,0,66.66666666666666,1.679679908004688,0.9535291873330789,,,,腾讯控股,B
00700,2016-05-17,DAILY_NEUTRAL,0,0,0,0,0,66.66666666666666,1.4815315016479829,0.9746661579549789,,,,腾讯控股,B
00700,2016-05-18,DAILY_NEUTRAL,0,0,0,0,0,66.66666666666666,1.185066768270687,0.9619992369324684,,,,腾讯控股,B
00700,2016-05-19,DAILY_NEUTRAL,0,0,0,0,0,33.33333333333333,1.832776416178531,0.9412081155856132,,,,腾讯控股,B
00700,2016-05-20,DAILY_NEUTRAL,0,0,0,0,0,66.66666666666666,0.8113472389665694,0.9619438846690435,,,,腾讯控股,B
00700,2016-05-23,DAILY_PULLBACK,0,0,1,0,0,100.0,0.5118619084347729,0.9662067896450162,,,,腾讯控股,B
00700,2016-05-24,DAILY_NEUTRAL,0,0,0,0,0,100.0,0.5605409017573619,0.9762052394977523,,,,腾讯控股,B
00700,2016-05-25,DAILY_NEUTRAL,0,0,0,0,0,100.0,1.0826506154472948,1.004805456518369,,,,腾讯控股,B
00700,2016-05-26,DAILY_NEUTRAL,0,0,0,0,0,100.0,0.7186886354498002,0.9929181741205451,,,,腾讯控股,B
00700,2016-05-27,DAILY_BREAKOUT,1,0,0,0,0,100.0,2.5872133653412823,1.0446923076923078,,,,腾讯控股,B
00700,2016-05-30,DAILY_NEUTRAL,0,0,0,0,0,100.0,1.06782268110463,0.9871663244353183,,,,腾讯控股,B
00700,2016-05-31,DAILY_BREAKOUT,1,0,0,0,0,100.0,2.524136046233754,1.0054010656156485,,,,腾讯控股,B
00700,2016-06-01,DAILY_NEUTRAL,0,0,0,0,0,100.0,0.5585936403798358,0.97791775267883,,,,腾讯控股,B
00700,2016-06-02,DAILY_PULLBACK,0,0,1,0,0,100.0,0.7103355714034719,0.9766145380828264,,,,腾讯控股,B
00700,2016-06-03,DAILY_PULLBACK,0,0,1,0,0,100.0,0.8680628472773785,0.980596582681726,,,,腾讯控股,B
00700,2016-06-06,DAILY_NEUTRAL,0,0,0,0,0,100.0,0.5934442501195599,1.0006516072980018,,,,腾讯控股,B
00700,2016-06-07,DAILY_NEUTRAL,0,0,0,0,0,100.0,0.6179605203931026,1.0173422935183178,,,,腾讯控股,B
00700,2016-06-08,DAILY_NEUTRAL,0,0,0,0,0,100.0,0.9376819202969889,0.994112222458679,,,,腾讯控股,B
00700,2016-06-10,DAILY_NEUTRAL,0,0,0,0,0,100.0,0.9983520528184812,0.9889338157054692,,,,腾讯控股,B
00700,2016-06-13,DAILY_PULLBACK,0,0,1,0,0,100.0,1.0470810574880351,0.9417707310228709,,,,腾讯控股,B
00700,2016-06-14,DAILY_PULLBACK,0,0,1,0,0,100.0,0.9350945797389095,0.9340535989897573,,,,腾讯控股,B
00700,2016-06-15,DAILY_NEUTRAL,0,0,0,0,0,66.66666666666666,0.9871979955839023,0.9644310369019223,,,,腾讯控股,B
00700,2016-06-16,DAILY_PULLBACK,0,0,1,0,0,66.66666666666666,0.7779526502483147,0.9372807632945138,,,,腾讯控股,B
00700,2016-06-17,DAILY_NEUTRAL,0,0,0,0,0,33.33333333333333,0.9589161607120241,0.937912165006314,,,,腾讯控股,B
00700,2016-06-20,DAILY_PULLBACK,0,0,1,0,0,66.66666666666666,0.5196586786579652,0.9495580188017398,,,,腾讯控股,B
00700,2016-06-21,DAILY_PULLBACK,0,0,1,0,0,66.66666666666666,0.6384497650911293,0.9637996351901221,,,,腾讯控股,B
00700,2016-06-22,DAILY_PULLBACK,0,0,1,0,0,66.66666666666666,1.376345478107627,0.9909499087975305,,,,腾讯控股,B
00700,2016-06-23,DAILY_NEUTRAL,0,0,0,0,0,100.0,0.8483465642962272,0.9844955801880175,,,,腾讯控股,B
00700,2016-06-24,DAILY_NEUTRAL,0,0,0,0,0,66.66666666666666,2.2085458521491597,0.9696225620878351,,,,腾讯控股,B
00700,2016-06-27,DAILY_NEUTRAL,0,0,0,0,0,33.33333333333333,0.9552143465572325,0.9508909779710958,,,,腾讯控股,B
00700,2016-06-28,DAILY_NEUTRAL,0,0,0,0,0,33.33333333333333,1.0175504504379485,0.9482952153781394,,,,腾讯控股,B
00700,2016-06-29,DAILY_NEUTRAL,0,0,0,0,0,66.66666666666666,0.7053037929351506,0.9605724708853655,,,,腾讯控股,B
00700,2016-06-30,DAILY_PULLBACK,0,0,1,0,0,66.66666666666666,0.9398610757284491,0.9844955801880175,,,,腾讯控股,B
00700,2016-07-04,DAILY_PULLBACK,0,0,1,0,0,66.66666666666666,0.8570134972930671,1.0025957625929565,,,,腾讯控股,B
00700,2016-07-05,DAILY_NEUTRAL,0,0,0,0,0,100.0,0.5953132458251696,0.9800641293740414,,,,腾讯控股,B
00700,2016-07-06,DAILY_PULLBACK,0,0,1,0,0,100.0,0.785591840950686,0.9666109019935869,,,,腾讯控股,B
00700,2016-07-07,DAILY_PULLBACK,0,0,1,0,0,100.0,0.590098153313121,0.9794367768018959,,,,腾讯控股,B
00700,2016-07-08,DAILY_NEUTRAL,0,0,0,0,0,100.0,1.1080622947643548,0.9839676564896137,,,,腾讯控股,B
00700,2016-07-11,DAILY_NEUTRAL,0,0,0,0,0,100.0,1.0835181558582354,1.0032064687020772,,,,腾讯控股,B
00700,2016-07-12,DAILY_NEUTRAL,0,0,0,0,0,100.0,1.2376308319164144,1.0006221484861053,,,,腾讯控股,B
00700,2016-07-13,DAILY_NEUTRAL,0,0,0,0,0,100.0,0.9311792024423147,0.9968382706715238,,,,腾讯控股,B
00700,2016-07-14,DAILY_NEUTRAL,0,0,0,0,0,100.0,1.0605775473788066,1.0114097188810227,,,,腾讯控股,B
00700,2016-07-15,DAILY_NEUTRAL,0,0,0,0,0,100.0,1.2026878305224167,1.0050132104870941,,,,腾讯控股,B
00700,2016-07-18,DAILY_NEUTRAL,0,0,0,0,0,100.0,0.7593995826624927,0.9925821972734564,,,,腾讯控股,B
00700,2016-07-19,DAILY_PULLBACK,0,0,1,0,0,100.0,0.9315620565827389,0.9821571772253409,,,,腾讯控股,B
00700,2016-07-20,DAILY_NEUTRAL,0,0,0,0,0,100.0,1.0892249356879555,0.9963245121625235,,,,腾讯控股,B
00700,2016-07-21,DAILY_PULLBACK,0,0,1,0,0,100.0,1.1685813277690016,0.9901095963646085,,,,腾讯控股,B
00700,2016-07-22,DAILY_NEUTRAL,0,0,0,0,0,100.0,0.5958601936504052,0.9920619038089521,,,,腾讯控股,B
00700,2016-07-25,DAILY_NEUTRAL,0,0,0,0,0,100.0,0.6737357506016473,1.0092722300046695,,,,腾讯控股,B
00700,2016-07-26,DAILY_DISTRIBUTION,0,1,0,0,0,100.0,1.326192625147575,0.9896232650363515,,,,腾讯控股,B
00700,2016-07-27,DAILY_NEUTRAL,0,0,0,0,0,100.0,1.0346460672419855,0.9958131623707968,,,,腾讯控股,B
00700,2016-07-28,DAILY_NEUTRAL,0,0,0,0,0,100.0,1.01841544580379,0.9958131623707968,,,,腾讯控股,B
00700,2016-07-29,DAILY_DISTRIBUTION,0,1,1,0,0,100.0,1.235578207729905,0.9807012953028914,,,,腾讯控股,B
00700,2016-08-01,DAILY_PULLBACK,0,0,1,0,0,100.0,1.7394885146691133,0.9680308577405857,,,,腾讯控股,B
00700,2016-08-03,DAILY_NEUTRAL,0,0,0,0,0,66.66666666666666,1.2692462352085074,0.9499869246861924,,,,腾讯控股,B
00700,2016-08-04,DAILY_NEUTRAL,0,0,0,0,0,33.33333333333333,0.6323047296431288,0.9565899581589957,,,,腾讯控股,B
00700,2016-08-05,DAILY_PULLBACK,0,0,1,0,0,66.66666666666666,0.6799238968291782,0.9686192468619246,,,,腾讯控股,B
00700,2016-08-08,DAILY_PULLBACK,0,0,1,0,0,66.66666666666666,0.8250251611738713,0.9939199790794979,,,,腾讯控股,B
00700,2016-08-09,DAILY_PULLBACK,0,0,1,0,0,66.66666666666666,0.5750329765630323,0.9903242677824267,,,,腾讯控股,B
00700,2016-08-10,DAILY_NEUTRAL,0,0,0,0,0,100.0,0.6455537238302917,0.989147489539749,,,,腾讯控股,B
00700,2016-08-11,DAILY_DISTRIBUTION,0,1,0,0,0,100.0,1.2059796514926757,0.993331589958159,,,,腾讯控股,B
00700,2016-08-12,DAILY_DISTRIBUTION,0,1,1,0,0,100.0,1.853607170387359,0.9879053347280335,,,,腾讯控股,B
00700,2016-08-15,DAILY_NEUTRAL,0,0,0,0,0,100.0,1.1553091196187588,0.9976054879627232,,,,腾讯控股,B
00700,2016-08-16,DAILY_BREAKOUT,1,0,0,0,0,100.0,2.104609162276025,1.022041238446125,,,,腾讯控股,B
00700,2016-08-17,DAILY_NEUTRAL,0,0,0,0,0,100.0,1.234741280332468,0.9741330834114338,,,,腾讯控股,B
00700,2016-08-18,DAILY_BREAKOUT,1,0,0,0,0,100.0,2.4082887651399947,1.0292980925071689,,,,腾讯控股,B
00700,2016-08-19,DAILY_NEUTRAL,0,0,0,0,0,100.0,0.5430109733632598,0.9823321554770319,,,,腾讯控股,B
00700,2016-08-22,DAILY_NEUTRAL,0,0,0,0,0,100.0,0.5200531678465052,0.9988620710307241,,,,腾讯控股,B
00700,2016-08-23,DAILY_NEUTRAL,0,0,0,0,0,100.0,0.41150272911201896,0.9922740612086004,,,,腾讯控股,B
00700,2016-08-24,DAILY_PULLBACK,0,0,1,0,0,100.0,0.7345152312989313,0.9757380184056412,,,,腾讯控股,B
00700,2016-08-25,DAILY_PULLBACK,0,0,1,0,0,100.0,0.625431505706714,0.9674913350065735,,,,腾讯控股,B
00700,2016-08-26,DAILY_PULLBACK,0,0,1,0,0,100.0,0.702662188200366,0.9724512967610851,,,,腾讯控股,B
00700,2016-08-29,DAILY_NEUTRAL,0,0,0,0,0,100.0,0.9271685402602007,0.9779490856937971,,,,腾讯控股,B
00700,2016-08-30,DAILY_NEUTRAL,0,0,0,0,0,100.0,1.1414459453183075,0.9966535197800884,,,,腾讯控股,B
00700,2016-08-31,DAILY_DISTRIBUTION,0,1,1,0,0,66.66666666666666,1.410695349269252,0.9801601529819529,,,,腾讯控股,B
00700,2016-09-01,DAILY_DISTRIBUTION,0,1,0,0,0,100.0,1.2151071784208605,0.9845822875582645,,,,腾讯控股,B
00700,2016-09-02,DAILY_DISTRIBUTION,0,1,1,0,0,100.0,1.4016448216632325,0.9801601529819529,,,,腾讯控股,B
00700,2016-09-05,DAILY_NEUTRAL,0,0,0,0,0,100.0,1.4118669908908712,1.026413290307159,,,,腾讯控股,B
00700,2016-09-06,DAILY_NEUTRAL,0,0,0,0,0,100.0,1.253736547069144,1.0235868239121595,,,,腾讯控股,B
00700,2016-09-07,DAILY_NEUTRAL,0,0,0,0,0,100.0,1.0567134657228963,0.9813877642825011,,,,腾讯控股,B
00700,2016-09-08,DAILY_NEUTRAL,0,0,0,0,0,100.0,0.905006011872212,0.9907219973009447,,,,腾讯控股,B
00700,2016-09-09,DAILY_NEUTRAL,0,0,0,0,0,100.0,1.1588871231344573,0.9844804318488529,,,,腾讯控股,B
00700,2016-09-12,DAILY_PULLBACK,0,0,1,0,0,100.0,1.090522553935043,0.9492240215924427,,,,腾讯控股,B
00700,2016-09-13,DAILY_PULLBACK,0,0,1,0,0,100.0,0.804933895587261,0.9543972109761583,,,,腾讯控股,B
00700,2016-09-14,DAILY_PULLBACK,0,0,1,0,0,100.0,0.4364370828198966,0.9575461088618983,,,,腾讯控股,B
00700,2016-09-15,DAILY_PULLBACK,0,0,1,0,0,66.66666666666666,1.1537687670017691,0.9637314439946018,,,,腾讯控股,B
00700,2016-09-19,DAILY_PULLBACK,0,0,1,0,0,66.66666666666666,1.1377477404597898,0.961650922177238,,,,腾讯控股,B
00700,2016-09-20,DAILY_PULLBACK,0,0,1,0,0,66.66666666666666,0.7687944893648959,0.9595704003598741,,,,腾讯控股,B
00700,2016-09-21,DAILY_PULLBACK,0,0,1,0,0,66.66666666666666,0.8091994016643004,0.9709851551956815,,,,腾讯控股,B
00700,2016-09-22,DAILY_NEUTRAL,0,0,0,0,0,100.0,1.3160312634997122,0.9886414754835807,,,,腾讯控股,B
00700,2016-09-23,DAILY_BREAKOUT,1,0,0,0,0,100.0,1.6021357788781645,1.0073099415204678,,,,腾讯控股,B
00700,2016-09-26,DAILY_PULLBACK,0,0,1,0,0,100.0,1.09491991584398,0.9603922216713491,,,,腾讯控股,B
00700,2016-09-27,DAILY_NEUTRAL,0,0,0,0,0,100.0,0.8665900136682291,0.9746047485264143,,,,腾讯控股,B
00700,2016-09-28,DAILY_NEUTRAL,0,0,0,0,0,100.0,0.4657286119111953,0.978681209717402,,,,腾讯控股,B
00700,2016-09-29,DAILY_NEUTRAL,0,0,0,0,0,100.0,0.6595886601237786,0.983749242549441,,,,腾讯控股,B
00700,2016-09-30,DAILY_PULLBACK,0,0,1,0,0,100.0,0.9577118900712936,0.9603922216713491,,,,腾讯控股,B
00700,2016-10-03,DAILY_NEUTRAL,0,0,0,0,0,100.0,0.7424433428135497,0.9796727813584531,,,,腾讯控股,B
00700,2016-10-04,DAILY_NEUTRAL,0,0,0,0,0,100.0,0.6562329376145596,0.9827576709083898,,,,腾讯控股,B
00700,2016-10-05,DAILY_NEUTRAL,0,0,0,0,0,100.0,0.6412749335282042,0.9827576709083898,,,,腾讯控股,B
00700,2016-10-06,DAILY_NEUTRAL,0,0,0,0,0,100.0,1.0581097909972776,0.9827576709083898,,,,腾讯控股,B
00700,2016-10-07,DAILY_PULLBACK,0,0,1,0,0,100.0,0.8907372383168126,0.9766429791219082,,,,腾讯控股,B
00700,2016-10-11,DAILY_PULLBACK,0,0,1,0,0,100.0,1.444949269835333,0.9746047485264143,,,,腾讯控股,B
00700,2016-10-12,DAILY_NEUTRAL,0,0,0,0,0,33.33333333333333,1.7860896755458788,0.962430452266843,,,,腾讯控股,B
00700,2016-10-13,DAILY_NEUTRAL,0,0,0,0,0,33.33333333333333,1.5188786475752745,0.9451881231752328,,,,腾讯控股,B
00700,2016-10-14,DAILY_NEUTRAL,0,0,0,0,0,33.33333333333333,1.0654940366583092,0.9400650030298022,,,,腾讯控股,B
00700,2016-10-17,DAILY_NEUTRAL,0,0,0,0,0,33.33333333333333,0.7061467473418123,0.9390734313887512,,,,腾讯控股,B
00700,2016-10-18,DAILY_NEUTRAL,0,0,0,0,0,0.0,0.875269710928203,0.9573624194348042,,,,腾讯控股,B
00700,2016-10-19,DAILY_NEUTRAL,0,0,0,0,0,0.0,0.5446369505667872,0.959400650030298,,,,腾讯控股,B
00700,2016-10-20,DAILY_NEUTRAL,0,0,0,0,0,0.0,0.6799759066302272,0.9665069134578306,,,,腾讯控股,B
00700,2016-10-24,DAILY_NEUTRAL,0,0,0,0,0,33.33333333333333,1.5009727519457394,0.9725665179309205,,,,腾讯控股,B
00700,2016-10-25,DAILY_NEUTRAL,0,0,0,0,0,66.66666666666666,0.7838513399438398,0.9695367156943756,,,,腾讯控股,B
00700,2016-10-26,DAILY_NEUTRAL,0,0,0,0,0,33.33333333333333,0.8433934446394017,0.9681017175998216,,,,腾讯控股,B
00700,2016-10-27,DAILY_NEUTRAL,0,0,0,0,0,33.33333333333333,1.1009070413215731,0.9599040820878876,,,,腾讯控股,B
00700,2016-10-28,DAILY_NEUTRAL,0,0,0,0,0,33.33333333333333,1.731478880610901,0.9465201873745259,,,,腾讯控股,B
00700,2016-10-31,DAILY_NEUTRAL,0,0,0,0,0,0.0,0.9866125387801475,0.9352554093241134,,,,腾讯控股,B
00700,2016-11-01,DAILY_NEUTRAL,0,0,0,0,0,0.0,1.2995553736061038,0.9433962264150945,,,,腾讯控股,B
00700,2016-11-02,DAILY_NEUTRAL,0,0,0,0,0,0.0,1.0758318003012937,0.9289382605783186,,,,腾讯控股,B
00700,2016-11-03,DAILY_NEUTRAL,0,0,0,0,0,0.0,1.2553028913812587,0.9166015406944289,,,,腾讯控股,B
00700,2016-11-04,DAILY_NEUTRAL,0,0,0,0,0,0.0,1.1149989032698497,0.9063302445015073,,,,腾讯控股,B
00700,2016-11-07,DAILY_NEUTRAL,0,0,0,0,0,0.0,1.0655880803582147,0.9279334598637937,,,,腾讯控股,B
00700,2016-11-08,DAILY_NEUTRAL,0,0,0,0,0,0.0,0.7774456405683445,0.9351345316512226,,,,腾讯控股,B
00700,2016-11-09,DAILY_NEUTRAL,0,0,0,0,0,0.0,2.1910005503966796,0.918666964385397,,,,腾讯控股,B
00700,2016-11-10,DAILY_NEUTRAL,0,0,0,0,0,0.0,0.9824565750211705,0.9584296914659597,,,,腾讯控股,B
00700,2016-11-11,DAILY_NEUTRAL,0,0,0,0,0,33.33333333333333,2.3115333138452026,0.9157876924812456,,,,腾讯控股,B
00700,2016-11-14,DAILY_NEUTRAL,0,0,0,0,0,0.0,1.9906046798046706,0.8773196457781036,,,,腾讯控股,B
00700,2016-11-15,DAILY_NEUTRAL,0,0,0,0,0,0.0,0.9550580556147353,0.8804219076090023,,,,腾讯控股,B
00700,2016-11-16,DAILY_NEUTRAL,0,0,0,0,0,0.0,0.7541877735696786,0.8996559309605731,,,,腾讯控股,B
00700,2016-11-17,DAILY_NEUTRAL,0,0,0,0,0,0.0,0.7911160549586795,0.8887698121721473,,,,腾讯控股,B
00700,2016-11-18,DAILY_NEUTRAL,0,0,0,0,0,0.0,0.47315553179379577,0.8918720740030459,,,,腾讯控股,B
00700,2016-11-21,DAILY_NEUTRAL,0,0,0,0,0,0.0,0.4971102621503561,0.8825088837497885,,,,腾讯控股,B
00700,2016-11-22,DAILY_NEUTRAL,0,0,0,0,0,0.0,0.5549256905388645,0.8939590501438323,,,,腾讯控股,B
00700,2016-11-23,DAILY_NEUTRAL,0,0,0,0,0,0.0,0.7851128051265123,0.8879719647298214,,,,腾讯控股,B
00700,2016-11-24,DAILY_NEUTRAL,0,0,0,0,0,0.0,0.8768118373644616,0.8881575181729723,,,,腾讯控股,B
00700,2016-11-25,DAILY_NEUTRAL,0,0,0,0,0,0.0,0.5120231595509294,0.9048227032673669,,,,腾讯控股,B
00700,2016-11-28,DAILY_NEUTRAL,0,0,0,0,0,0.0,1.2342100803177687,0.9230185152736405,,,,腾讯控股,B
00700,2016-11-29,DAILY_NEUTRAL,0,0,0,0,0,0.0,1.4418957866904056,0.9106360609777465,,,,腾讯控股,B
00700,2016-11-30,DAILY_NEUTRAL,0,0,0,0,0,0.0,1.1897744811467488,0.9153900128639926,,,,腾讯控股,B
00700,2016-12-01,DAILY_NEUTRAL,0,0,0,0,0,0.0,0.9981698938978959,0.919716992164659,,,,腾讯控股,B
00700,2016-12-02,DAILY_NEUTRAL,0,0,0,0,0,0.0,2.042942200368071,0.900830312244182,,,,腾讯控股,B
00700,2016-12-05,DAILY_NEUTRAL,0,0,0,0,0,0.0,0.7344321717429948,0.8954508244649747,,,,腾讯控股,B
00700,2016-12-06,DAILY_NEUTRAL,0,0,0,0,0,0.0,0.5435250294019716,0.8949245702257046,,,,腾讯控股,B
00700,2016-12-07,DAILY_NEUTRAL,0,0,0,0,0,0.0,0.5487033102648811,0.8965618056367677,,,,腾讯控股,B
00700,2016-12-08,DAILY_NEUTRAL,0,0,0,0,0,0.0,0.9530856207960003,0.9003040580049116,,,,腾讯控股,B
00700,2016-12-09,DAILY_NEUTRAL,0,0,0,0,0,0.0,1.3832969695125112,0.9133003738092366,,,,腾讯控股,B
00700,2016-12-12,DAILY_NEUTRAL,0,0,0,0,0,0.0,1.4750727940439985,0.9179740580605312,,,,腾讯控股,B
00700,2016-12-13,DAILY_NEUTRAL,0,0,0,0,0,0.0,1.0052823068957133,0.9248301420630017,,,,腾讯控股,B
00700,2016-12-14,DAILY_NEUTRAL,0,0,0,0,0,0.0,1.063890569182239,0.9276714021000617,,,,腾讯控股,B
00700,2016-12-15,DAILY_NEUTRAL,0,0,0,0,0,0.0,1.2443600061234867,0.9206636312605252,,,,腾讯控股,B
00700,2016-12-16,DAILY_NEUTRAL,0,0,0,0,0,0.0,1.0501737586343094,0.9201022890288779,,,,腾讯控股,B
00700,2016-12-19,DAILY_NEUTRAL,0,0,0,0,0,0.0,0.5335053061377829,0.9103099856545873,,,,腾讯控股,B
00700,2016-12-20,DAILY_NEUTRAL,0,0,0,0,0,0.0,0.7023189036948229,0.9074409031372793,,,,腾讯控股,B
00700,2016-12-21,DAILY_NEUTRAL,0,0,0,0,0,0.0,0.643970697839221,0.9103099856545873,,,,腾讯控股,B
00700,2016-12-22,DAILY_NEUTRAL,0,0,0,0,0,0.0,0.9315818640111612,0.9063182186739849,,,,腾讯控股,B
00700,2016-12-23,DAILY_NEUTRAL,0,0,0,0,0,0.0,1.1377061241853539,0.8959645730680471,,,,腾讯控股,B
00700,2016-12-28,DAILY_NEUTRAL,0,0,0,0,0,0.0,1.3702898769935237,0.9183558909748644,,,,腾讯控股,B
00700,2016-12-29,DAILY_NEUTRAL,0,0,0,0,0,33.33333333333333,1.4991410700433603,0.9413709224724006,,,,腾讯控股,B
00700,2016-12-30,DAILY_NEUTRAL,0,0,0,0,0,66.66666666666666,0.817699257990922,0.9667341259802682,,,,腾讯控股,B
00700,2017-01-03,DAILY_NEUTRAL,0,0,0,0,0,66.66666666666666,0.5647980706582854,0.9650265621047306,,,,腾讯控股,B
00700,2017-01-04,DAILY_NEUTRAL,0,0,0,0,0,66.66666666666666,0.7139143213522559,0.9740209879703097,,,,腾讯控股,B
00700,2017-01-05,DAILY_NEUTRAL,0,0,0,0,0,66.66666666666666,1.370032495908719,0.9993601228564116,,,,腾讯控股,B
00700,2017-01-06,DAILY_NEUTRAL,0,0,0,0,0,100.0,1.2987863663576582,1.0052862874976116,,,,腾讯控股,B
00700,2017-01-09,DAILY_NEUTRAL,0,0,0,0,0,100.0,0.9039813161868079,0.9930368232858667,,,,腾讯控股,B
00700,2017-01-10,DAILY_NEUTRAL,0,0,0,0,0,100.0,1.038114939642185,1.006394984326019,,,,腾讯控股,B
00700,2017-01-11,DAILY_NEUTRAL,0,0,0,0,0,100.0,1.273827331622084,1.0160727635185645,,,,腾讯控股,B
00700,2017-01-12,DAILY_NEUTRAL,0,0,0,0,0,100.0,0.9034184824312831,0.9853345554537122,,,,腾讯控股,B
00700,2017-01-13,DAILY_NEUTRAL,0,0,0,0,0,100.0,0.587876355707794,0.9904063550259701,,,,腾讯控股,B
00700,2017-01-16,DAILY_PULLBACK,0,0,1,0,0,100.0,0.7586210579936808,0.973541093797739,,,,腾讯控股,B
00700,2017-01-17,DAILY_PULLBACK,0,0,1,0,0,100.0,0.5940529286431343,0.9791628475404828,,,,腾讯控股,B
00700,2017-01-18,DAILY_NEUTRAL,0,0,0,0,0,100.0,0.8100123394793254,0.9904063550259701,,,,腾讯控股,B
00700,2017-01-19,DAILY_NEUTRAL,0,0,0,0,0,100.0,0.834179309714462,0.9893064466849985,,,,腾讯控股,B
00700,2017-01-20,DAILY_PULLBACK,0,0,1,0,0,66.66666666666666,0.7502396137060174,0.9791628475404828,,,,腾讯控股,B
00700,2017-01-23,DAILY_PULLBACK,0,0,1,0,0,66.66666666666666,0.7239032850839845,0.9797128017109685,,,,腾讯控股,B
00700,2017-01-24,DAILY_PULLBACK,0,0,1,0,0,66.66666666666666,0.997930350433324,0.9797128017109685,,,,腾讯控股,B
00700,2017-01-25,DAILY_NEUTRAL,0,0,0,0,0,100.0,1.9251030913590959,0.9966391689581423,,,,腾讯控股,B
00700,2017-01-26,DAILY_BREAKOUT,1,0,0,0,0,100.0,2.093198541637983,1.0202871982890314,,,,腾讯控股,B
00700,2017-01-27,DAILY_NEUTRAL,0,0,0,0,0,100.0,0.7072756940094328,0.9944424524919325,,,,腾讯控股,B
00700,2017-02-01,DAILY_BREAKOUT,1,0,0,0,0,100.0,1.5556257893300314,1.00549188156638,,,,腾讯控股,B
00700,2017-02-02,DAILY_NEUTRAL,0,0,0,0,0,100.0,0.9485063056703595,0.9912233884836625,,,,腾讯控股,B
00700,2017-02-03,DAILY_PULLBACK,0,0,1,0,0,100.0,0.777869700056054,0.9815990593768372,,,,腾讯控股,B
00700,2017-02-06,DAILY_NEUTRAL,0,0,0,0,0,100.0,0.608049018062924,0.9945914168136392,,,,腾讯控股,B
00700,2017-02-07,DAILY_PULLBACK,0,0,1,0,0,100.0,0.8984504385004285,0.9837742504409172,,,,腾讯控股,B
00700,2017-02-08,DAILY_PULLBACK,0,0,1,0,0,100.0,1.1914933478774015,0.9761904761904763,,,,腾讯控股,B
00700,2017-02-09,DAILY_PULLBACK,0,0,1,0,0,100.0,1.0204888869970101,0.9772486772486773,,,,腾讯控股,B
00700,2017-02-10,DAILY_PULLBACK,0,0,1,0,0,66.66666666666666,1.0710332919839618,0.9686067019400353,,,,腾讯控股,B
00700,2017-02-13,DAILY_PULLBACK,0,0,1,0,0,66.66666666666666,0.9093294993842567,0.9740152851263963,,,,腾讯控股,B
00700,2017-02-14,DAILY_PULLBACK,0,0,1,0,0,66.66666666666666,0.8991344839100476,0.9696649029982364,,,,腾讯控股,B
00700,2017-02-15,DAILY_PULLBACK,0,0,1,0,0,66.66666666666666,1.6008026021487405,0.9902410346854792,,,,腾讯控股,B
00700,2017-02-16,DAILY_BREAKOUT,1,0,0,0,0,100.0,2.1746380067776623,1.0195179306290416,,,,腾讯控股,B
00700,2017-02-17,DAILY_NEUTRAL,0,0,0,0,0,100.0,1.0532924344588648,0.9957554204428128,,,,腾讯控股,B
00700,2017-02-20,DAILY_NEUTRAL,0,0,0,0,0,100.0,0.7702094042860589,0.9947216073556955,,,,腾讯控股,B
00700,2017-02-21,DAILY_PULLBACK,0,0,1,0,0,100.0,0.7774762234457536,0.9780574927708794,,,,腾讯控股,B
00700,2017-02-22,DAILY_NEUTRAL,0,0,0,0,0,100.0,0.71726209965294,0.998979418268413,,,,腾讯控股,B
00700,2017-02-23,DAILY_NEUTRAL,0,0,0,0,0,100.0,0.8467107511088102,0.9979021375517378,,,,腾讯控股,B
00700,2017-02-24,DAILY_PULLBACK,0,0,1,0,0,100.0,1.1048263166361476,0.9729546991210278,,,,腾讯控股,B
00700,2017-02-27,DAILY_PULLBACK,0,0,1,0,0,100.0,0.9230477357914715,0.967771016452558,,,,腾讯控股,B
00700,2017-02-28,DAILY_NEUTRAL,0,0,0,0,0,66.66666666666666,1.071462856683145,0.9511494252873564,,,,腾讯控股,B
00700,2017-03-01,DAILY_NEUTRAL,0,0,0,0,0,33.33333333333333,1.231810970344301,0.9501352265043949,,,,腾讯控股,B
00700,2017-03-02,DAILY_NEUTRAL,0,0,0,0,0,33.33333333333333,0.9568531123284066,0.9480504845616408,,,,腾讯控股,B
00700,2017-03-03,DAILY_NEUTRAL,0,0,0,0,0,33.33333333333333,0.9816072626531586,0.9522199684471491,,,,腾讯控股,B
00700,2017-03-06,DAILY_PULLBACK,0,0,1,0,0,66.66666666666666,0.6959978402162112,0.9625873337840885,,,,腾讯控股,B
00700,2017-03-07,DAILY_PULLBACK,0,0,1,0,0,66.66666666666666,0.7631157031634517,0.9761099842235746,,,,腾讯控股,B
00700,2017-03-08,DAILY_PULLBACK,0,0,1,0,0,66.66666666666666,0.7274834780055374,0.9781383817894974,,,,腾讯控股,B
00700,2017-03-09,DAILY_NEUTRAL,0,0,0,0,0,66.66666666666666,1.0648761812659608,0.9656862745098039,,,,腾讯控股,B
00700,2017-03-10,DAILY_NEUTRAL,0,0,0,0,0,66.66666666666666,1.2282298059436911,0.9792089249492901,,,,腾讯控股,B
00700,2017-03-13,DAILY_NEUTRAL,0,0,0,0,0,66.66666666666666,1.5568051252311532,0.9947599729546992,,,,腾讯控股,B
00700,2017-03-14,DAILY_NEUTRAL,0,0,0,0,0,66.66666666666666,1.035765305288485,0.9906468334460221,,,,腾讯控股,B
00700,2017-03-15,DAILY_NEUTRAL,0,0,0,0,0,66.66666666666666,0.7067324086162494,0.9906468334460221,,,,腾讯控股,B
00700,2017-03-16,DAILY_BREAKOUT,1,0,0,0,0,100.0,1.7908396424511812,1.0228194726166329,,,,腾讯控股,B
00700,2017-03-17,DAILY_NEUTRAL,0,0,0,0,0,100.0,1.2435485148459007,1.0061146917864814,,,,腾讯控股,B
00700,2017-03-20,DAILY_NEUTRAL,0,0,0,0,0,100.0,1.287503399385043,1.027102192169266,,,,腾讯控股,B
00700,2017-03-21,DAILY_DISTRIBUTION,0,1,0,0,0,100.0,1.4230413709547431,1.0029731882134325,,,,腾讯控股,B
00700,2017-03-22,DAILY_NEUTRAL,0,0,0,0,0,100.0,1.0999986312553367,0.9776642258863193,,,,腾讯控股,B
00700,2017-03-23,DAILY_PULLBACK,0,0,1,0,0,100.0,1.5616810360812627,0.9669704472422693,,,,腾讯控股,B
00700,2017-03-24,DAILY_PULLBACK,0,0,1,0,0,100.0,0.5954895933158916,0.9776642258863193,,,,腾讯控股,B
00700,2017-03-27,DAILY_PULLBACK,0,0,1,0,0,100.0,0.7692578489523547,0.9757151135226254,,,,腾讯控股,B
00700,2017-03-28,DAILY_NEUTRAL,0,0,0,0,0,100.0,0.5541114337196982,0.9815097719011746,,,,腾讯控股,B
00700,2017-03-29,DAILY_NEUTRAL,0,0,0,0,0,100.0,0.6944202540858243,0.9912553337196438,,,,腾讯控股,B
00700,2017-03-30,DAILY_PULLBACK,0,0,1,0,0,100.0,0.8094323506731189,0.9757623554153524,,,,腾讯控股,B
00700,2017-03-31,DAILY_PULLBACK,0,0,1,0,0,66.66666666666666,0.9464654125428562,0.964143007360673,,,,腾讯控股,B
00700,2017-04-03,DAILY_PULLBACK,0,0,1,0,0,100.0,0.7703517003109214,0.9757623554153524,,,,腾讯控股,B
00700,2017-04-05,DAILY_NEUTRAL,0,0,0,0,0,100.0,1.3993723961743738,0.993217665615142,,,,腾讯控股,B
00700,2017-04-06,DAILY_NEUTRAL,0,0,0,0,0,100.0,0.6641776180375198,0.9893270241850683,,,,腾讯控股,B
00700,2017-04-07,DAILY_NEUTRAL,0,0,0,0,0,100.0,0.9410863350927213,0.9854363827549948,,,,腾讯控股,B
00700,2017-04-10,DAILY_PULLBACK,0,0,1,0,0,100.0,0.48658923651326996,0.9815457413249212,,,,腾讯控股,B
00700,2017-04-11,DAILY_PULLBACK,0,0,1,0,0,100.0,0.6924305410407132,0.9747634069400631,,,,腾讯控股,B
00700,2017-04-12,DAILY_NEUTRAL,0,0,0,0,0,100.0,1.217921587056623,1.0038380651945322,,,,腾讯控股,B
00700,2017-04-13,DAILY_DISTRIBUTION,0,1,0,0,0,100.0,1.7572197923784652,0.9981144922222803,,,,腾讯控股,B
00700,2017-04-18,DAILY_PULLBACK,0,0,1,0,0,100.0,1.0851511345379403,0.9724045268978347,,,,腾讯控股,B
00700,2017-04-19,DAILY_NEUTRAL,0,0,0,0,0,100.0,1.2186676921364943,0.9828949408299312,,,,腾讯控股,B
00700,2017-04-20,DAILY_NEUTRAL,0,0,0,0,0,100.0,1.3847694106032524,1.0133843212237095,,,,腾讯控股,B
00700,2017-04-21,DAILY_NEUTRAL,0,0,0,0,0,100.0,0.9521323938333354,0.9990311065782764,,,,腾讯控股,B
00700,2017-04-24,DAILY_NEUTRAL,0,0,0,0,0,100.0,0.8040454887605671,0.9926078648295281,,,,腾讯控股,B
00700,2017-04-25,DAILY_NEUTRAL,0,0,0,0,0,100.0,1.1136630197768596,1.0129498569492548,,,,腾讯控股,B
00700,2017-04-26,DAILY_NEUTRAL,0,0,0,0,0,100.0,1.1664130637887489,0.9944997770179872,,,,腾讯控股,B
00700,2017-04-27,DAILY_NEUTRAL,0,0,0,0,0,100.0,0.936626720867364,1.0,,,,腾讯控股,B
00700,2017-04-28,DAILY_NEUTRAL,0,0,0,0,0,100.0,0.7621632379304725,0.9927394034536893,,,,腾讯控股,B
00700,2017-05-02,DAILY_NEUTRAL,0,0,0,0,0,100.0,1.1442135372797406,1.015355180533752,,,,腾讯控股,B
00700,2017-05-04,DAILY_PULLBACK,0,0,1,0,0,100.0,1.3216482775509517,0.9795139392182441,,,,腾讯控股,B
00700,2017-05-05,DAILY_PULLBACK,0,0,1,0,0,100.0,0.7892856343896771,0.9795139392182441,,,,腾讯控股,B
00700,2017-05-08,DAILY_PULLBACK,0,0,1,0,0,100.0,1.0885167258992476,0.9839590278784365,,,,腾讯控股,B
00700,2017-05-09,DAILY_NEUTRAL,0,0,0,0,0,100.0,1.0848083468737184,1.0106778760206794,,,,腾讯控股,B
00700,2017-05-10,DAILY_DISTRIBUTION,0,1,0,0,0,100.0,1.5260557245970803,0.9982789941677024,,,,腾讯控股,B
00700,2017-05-11,DAILY_NEUTRAL,0,0,0,0,0,100.0,0.9470816018704161,0.9965328210654547,,,,腾讯控股,B
00700,2017-05-12,DAILY_NEUTRAL,0,0,0,0,0,100.0,1.245750768105782,1.0120882725015228,,,,腾讯控股,B
00700,2017-05-15,DAILY_NEUTRAL,0,0,0,0,0,100.0,0.9398998053556328,0.9991241414281105,,,,腾讯控股,B
00700,2017-05-16,DAILY_NEUTRAL,0,0,0,0,0,100.0,0.9809535693091725,0.9923929978920356,,,,腾讯控股,B
00700,2017-05-17,DAILY_NEUTRAL,0,0,0,0,0,100.0,0.7486850453126757,0.9924249338322534,,,,腾讯控股,B
00700,2017-05-18,DAILY_BREAKOUT,1,0,0,0,0,100.0,2.4864071047805623,1.0100848772474218,,,,腾讯控股,B
00700,2017-05-19,DAILY_NEUTRAL,0,0,0,0,0,100.0,1.0285761704838878,0.9903580663540343,,,,腾讯控股,B
00700,2017-05-22,DAILY_NEUTRAL,0,0,0,0,0,100.0,0.9309049528205585,1.0169328374535112,,,,腾讯控股,B
00700,2017-05-23,DAILY_NEUTRAL,0,0,0,0,0,100.0,1.153944217630285,0.9937101536091738,,,,腾讯控股,B
00700,2017-05-24,DAILY_NEUTRAL,0,0,0,0,0,100.0,0.707975291824078,0.9727678947812157,,,,腾讯控股,B
00700,2017-05-25,DAILY_NEUTRAL,0,0,0,0,0,100.0,0.5355355311297071,0.9867633420453588,,,,腾讯控股,B
00700,2017-05-26,DAILY_NEUTRAL,0,0,0,0,0,100.0,0.6342636503418554,0.9898828092066436,,,,腾讯控股,B
00700,2017-05-29,DAILY_PULLBACK,0,0,1,0,0,100.0,0.6982178028045423,0.9774470955231431,,,,腾讯控股,B
00700,2017-05-31,DAILY_PULLBACK,0,0,1,0,0,100.0,1.6947295686183461,0.9494562009948571,,,,腾讯控股,B
00700,2017-06-01,DAILY_PULLBACK,0,0,1,0,0,100.0,1.423230715338458,0.9634516482590001,,,,腾讯控股,B
00700,2017-06-02,DAILY_PULLBACK,0,0,1,0,0,66.66666666666666,0.7478877803022005,0.9588146024787118,,,,腾讯控股,B
00700,2017-06-05,DAILY_PULLBACK,0,0,1,0,0,66.66666666666666,0.5161957992698682,0.9650113818396425,,,,腾讯控股,B
00700,2017-06-06,DAILY_PULLBACK,0,0,1,0,0,66.66666666666666,0.5321814322055842,0.9727678947812157,,,,腾讯控股,B
00700,2017-06-07,DAILY_PULLBACK,0,0,1,0,0,66.66666666666666,0.5841755386079919,0.9696905825815698,,,,腾讯控股,B
00700,2017-06-08,DAILY_PULLBACK,0,0,1,0,0,66.66666666666666,0.8531703361067521,0.972009105471714,,,,腾讯控股,B
00700,2017-06-09,DAILY_NEUTRAL,0,0,0,0,0,100.0,4.872848030179939,0.9875642863164995,,,,腾讯控股,B
00700,2017-06-12,DAILY_PULLBACK,0,0,1,0,0,100.0,1.5567640934523634,0.9507923269391159,,,,腾讯控股,B
00700,2017-06-13,DAILY_PULLBACK,0,0,1,0,0,100.0,0.7788860658490953,0.9577147623019182,,,,腾讯控股,B
00700,2017-06-14,DAILY_NEUTRAL,0,0,0,0,0,100.0,0.7142248922963697,0.9769391159299416,,,,腾讯控股,B
00700,2017-06-15,DAILY_PULLBACK,0,0,1,0,0,100.0,0.5428892442631721,0.9600083402835696,,,,腾讯控股,B
00700,2017-06-16,DAILY_NEUTRAL,0,0,0,0,0,33.33333333333333,0.6117724320777335,0.9584653878231859,,,,腾讯控股,B
00700,2017-06-19,DAILY_NEUTRAL,0,0,0,0,0,100.0,0.6907967896821837,0.9823185988323603,,,,腾讯控股,B
00700,2017-06-20,DAILY_NEUTRAL,0,0,0,0,0,100.0,0.7917585552426435,0.986905754795663,,,,腾讯控股,B
00700,2017-06-21,DAILY_NEUTRAL,0,0,0,0,0,100.0,0.870878735807707,0.9823458383644919,,,,腾讯控股,B
00700,2017-06-22,DAILY_NEUTRAL,0,0,0,0,0,100.0,0.8775316333542099,0.9915476537452638,,,,腾讯控股,B
00700,2017-06-23,DAILY_NEUTRAL,0,0,0,0,0,100.0,0.7412837295177935,0.9861764583420077,,,,腾讯控股,B
00700,2017-06-26,DAILY_NEUTRAL,0,0,0,0,0,100.0,1.0558308603805613,1.0007494691260357,,,,腾讯控股,B
00700,2017-06-27,DAILY_NEUTRAL,0,0,0,0,0,100.0,1.2939288577095613,1.011480913499399,,,,腾讯控股,B
00700,2017-06-28,DAILY_PULLBACK,0,0,1,0,0,100.0,1.5599676584146225,0.978847019352727,,,,腾讯控股,B
00700,2017-06-29,DAILY_NEUTRAL,0,0,0,0,0,100.0,0.8821562294800205,0.9833885683891821,,,,腾讯控股,B
00700,2017-06-30,DAILY_PULLBACK,0,0,1,0,0,100.0,1.1550716208235268,0.9653042019557302,,,,腾讯控股,B
00700,2017-07-03,DAILY_PULLBACK,0,0,1,0,0,100.0,0.6575646524592944,0.9713186858148194,,,,腾讯控股,B
00700,2017-07-04,DAILY_NEUTRAL,0,0,0,0,0,33.33333333333333,2.048834524604158,0.9275807045538236,,,,腾讯控股,B
00700,2017-07-05,DAILY_NEUTRAL,0,0,0,0,0,33.33333333333333,1.9467458014304742,0.9343725706804141,,,,腾讯控股,B
00700,2017-07-06,DAILY_NEUTRAL,0,0,0,0,0,33.33333333333333,0.6337393757801311,0.9373593551818665,,,,腾讯控股,B
00700,2017-07-07,DAILY_NEUTRAL,0,0,0,0,0,33.33333333333333,0.6721277265177261,0.9268033222863222,,,,腾讯控股,B
00700,2017-07-10,DAILY_NEUTRAL,0,0,0,0,0,0.0,0.49601873370393507,0.9366228877705495,,,,腾讯控股,B
00700,2017-07-11,DAILY_NEUTRAL,0,0,0,0,0,33.33333333333333,0.717896114828957,0.9622765025980934,,,,腾讯控股,B
00700,2017-07-12,DAILY_NEUTRAL,0,0,0,0,0,33.33333333333333,0.6915810976189379,0.9728325354936378,,,,腾讯控股,B
00700,2017-07-13,DAILY_NEUTRAL,0,0,0,0,0,66.66666666666666,1.1483567017584586,0.9849024180680005,,,,腾讯控股,B
00700,2017-07-14,DAILY_NEUTRAL,0,0,0,0,0,66.66666666666666,0.7046586689864448,0.9864162677468189,,,,腾讯控股,B
00700,2017-07-17,DAILY_NEUTRAL,0,0,0,0,0,66.66666666666666,0.9165000012041564,0.987152735158136,,,,腾讯控股,B
00700,2017-07-18,DAILY_NEUTRAL,0,0,0,0,0,66.66666666666666,0.716631355464619,0.9924827388977407,,,,腾讯控股,B
00700,2017-07-19,DAILY_BREAKOUT,1,0,0,0,0,100.0,1.974683642387196,1.0346447685582383,,,,腾讯控股,B
00700,2017-07-20,DAILY_NEUTRAL,0,0,0,0,0,100.0,0.9429966907472752,0.993464309618489,,,,腾讯控股,B
00700,2017-07-21,DAILY_NEUTRAL,0,0,0,0,0,100.0,0.7061883858047346,0.9891415131321051,,,,腾讯控股,B
00700,2017-07-24,DAILY_NEUTRAL,0,0,0,0,0,100.0,0.9541243112980048,1.0057891648738508,,,,腾讯控股,B
00700,2017-07-25,DAILY_NEUTRAL,0,0,0,0,0,100.0,1.1059962799435334,0.9956923315740452,,,,腾讯控股,B
00700,2017-07-26,DAILY_NEUTRAL,0,0,0,0,0,100.0,0.8591546838314457,0.9865135635018496,,,,腾讯控股,B
00700,2017-07-27,DAILY_NEUTRAL,0,0,0,0,0,100.0,1.1250264194681947,1.0127928483353883,,,,腾讯控股,B
00700,2017-07-28,DAILY_DISTRIBUTION,0,1,0,0,0,100.0,1.4225516411579178,0.9866555145800859,,,,腾讯控股,B
00700,2017-07-31,DAILY_NEUTRAL,0,0,0,0,0,100.0,1.2150132458108833,1.0168041668250771,,,,腾讯控股,B
00700,2017-08-01,DAILY_NEUTRAL,0,0,0,0,0,100.0,1.0950864406612004,1.0,,,,腾讯控股,B
00700,2017-08-02,DAILY_NEUTRAL,0,0,0,0,0,100.0,0.9488865128030776,0.983661577045069,,,,腾讯控股,B
00700,2017-08-03,DAILY_PULLBACK,0,0,1,0,0,100.0,1.1681602948737866,0.9687672645574747,,,,腾讯控股,B
00700,2017-08-04,DAILY_PULLBACK,0,0,1,0,0,100.0,0.8074074594057593,0.9782696769916395,,,,腾讯控股,B
00700,2017-08-07,DAILY_NEUTRAL,0,0,0,0,0,100.0,1.0482229665616216,1.0095024124341645,,,,腾讯控股,B
00700,2017-08-08,DAILY_NEUTRAL,0,0,0,0,0,100.0,1.1242921002316615,1.0241612691943818,,,,腾讯控股,B
00700,2017-08-09,DAILY_NEUTRAL,0,0,0,0,0,100.0,1.2618269944260871,1.0052582960278549,,,,腾讯控股,B
00700,2017-08-10,DAILY_NEUTRAL,0,0,0,0,0,100.0,1.244699693364015,0.9793359484449426,,,,腾讯控股,B
00700,2017-08-11,DAILY_PULLBACK,0,0,1,0,0,100.0,2.508904462065037,0.927675819557299,,,,腾讯控股,B
00700,2017-08-14,DAILY_PULLBACK,0,0,1,0,0,100.0,0.9865310296183368,0.9709302325581397,,,,腾讯控股,B
00700,2017-08-15,DAILY_PULLBACK,0,0,1,0,0,100.0,0.7261920296555198,0.9541538246007286,,,,腾讯控股,B
00700,2017-08-16,DAILY_NEUTRAL,0,0,0,0,0,100.0,0.7110883506411699,0.9683384701597088,,,,腾讯控股,B
00700,2017-08-17,DAILY_PULLBACK,0,0,1,0,0,66.66666666666666,1.3561471675554924,0.9883720930232558,,,,腾讯控股,B
00700,2017-08-18,DAILY_NEUTRAL,0,0,0,0,0,100.0,0.6720190543444662,0.9521663423128137,,,,腾讯控股,B
00700,2017-08-21,DAILY_NEUTRAL,0,0,0,0,0,100.0,0.5319049690699315,0.9527809075079382,,,,腾讯控股,B
00700,2017-08-22,DAILY_PULLBACK,0,0,1,0,0,100.0,0.5586583435739899,0.9464986855133328,,,,腾讯控股,B
00700,2017-08-24,DAILY_NEUTRAL,0,0,0,0,0,100.0,0.9566705611799655,0.9572194339171703,,,,腾讯控股,B
00700,2017-08-25,DAILY_NEUTRAL,0,0,0,0,0,100.0,0.8148349003060837,0.960360544914473,,,,腾讯控股,B
00700,2017-08-28,DAILY_PULLBACK,0,0,1,0,0,100.0,1.1411964281873903,0.94335757451603,,,,腾讯控股,B
00700,2017-08-29,DAILY_NEUTRAL,0,0,0,0,0,33.33333333333333,1.156349342853848,0.9332855338181572,,,,腾讯控股,B
00700,2017-08-30,DAILY_PULLBACK,0,0,1,0,0,66.66666666666666,0.859056819956943,0.9546928881149921,,,,腾讯控股,B
00700,2017-08-31,DAILY_PULLBACK,0,0,1,0,0,66.66666666666666,0.8203958957178586,0.9622383830106866,,,,腾讯控股,B
00700,2017-09-01,DAILY_PULLBACK,0,0,1,0,0,66.66666666666666,1.1794763001783863,0.9534296152139029,,,,腾讯控股,B
00700,2017-09-04,DAILY_NEUTRAL,0,0,0,0,0,33.33333333333333,0.7538079972916675,0.9402164635187272,,,,腾讯控股,B
00700,2017-09-05,DAILY_NEUTRAL,0,0,0,0,0,66.66666666666666,0.7196372869285942,0.9395677558127625,,,,腾讯控股,B
00700,2017-09-06,DAILY_NEUTRAL,0,0,0,0,0,33.33333333333333,0.9833723839035251,0.9471473932192975,,,,腾讯控股,B
00700,2017-09-07,DAILY_NEUTRAL,0,0,0,0,0,33.33333333333333,0.9278464247559264,0.9358120796203352,,,,腾讯控股,B
00700,2017-09-08,DAILY_NEUTRAL,0,0,0,0,0,0.0,0.6279972372419503,0.9395677558127625,,,,腾讯控股,B
00700,2017-09-11,DAILY_NEUTRAL,0,0,0,0,0,33.33333333333333,1.6185716293854322,0.9679060398101678,,,,腾讯控股,B
00700,2017-09-12,DAILY_NEUTRAL,0,0,0,0,0,100.0,0.9312173152007114,0.9748369695107378,,,,腾讯控股,B
00700,2017-09-13,DAILY_NEUTRAL,0,0,0,0,0,100.0,0.8870843722590656,0.9779780805080406,,,,腾讯控股,B
00700,2017-09-14,DAILY_NEUTRAL,0,0,0,0,0,100.0,1.1765722079006296,0.9874014134999488,,,,腾讯控股,B
00700,2017-09-15,DAILY_NEUTRAL,0,0,0,0,0,100.0,1.4657812884498624,0.9930690702994299,,,,腾讯控股,B
00700,2017-09-18,DAILY_NEUTRAL,0,0,0,0,0,100.0,0.9426748307409263,1.0170244769588406,,,,腾讯控股,B
00700,2017-09-19,DAILY_NEUTRAL,0,0,0,0,0,100.0,1.1914905072135904,0.9944201680672268,,,,腾讯控股,B
00700,2017-09-20,DAILY_NEUTRAL,0,0,0,0,0,100.0,0.6922418774322256,0.9901934711787781,,,,腾讯控股,B
00700,2017-09-21,DAILY_NEUTRAL,0,0,0,0,0,100.0,0.7626766506360617,0.9926534140017287,,,,腾讯控股,B
00700,2017-09-22,DAILY_NEUTRAL,0,0,0,0,0,100.0,0.7678191801374489,0.9895618642377502,,,,腾讯控股,B
00700,2017-09-25,DAILY_PULLBACK,0,0,1,0,0,100.0,1.3408722243812723,0.9754670567116548,,,,腾讯控股,B
00700,2017-09-26,DAILY_PULLBACK,0,0,1,0,0,100.0,1.9911782398839015,0.9632338275380626,,,,腾讯控股,B
00700,2017-09-27,DAILY_PULLBACK,0,0,1,0,0,66.66666666666666,0.6762499049870364,0.9656605278904329,,,,腾讯控股,B
00700,2017-09-28,DAILY_NEUTRAL,0,0,0,0,0,33.33333333333333,0.8661729114506833,0.9491390200119673,,,,腾讯控股,B
00700,2017-09-29,DAILY_PULLBACK,0,0,1,0,0,66.66666666666666,0.629082509037455,0.9589455488331894,,,,腾讯控股,B
00700,2017-10-03,DAILY_PULLBACK,0,0,1,0,0,66.66666666666666,0.9191970980872545,0.9914234425902534,,,,腾讯控股,B
00700,2017-10-04,DAILY_PULLBACK,0,0,1,0,0,66.66666666666666,0.604053578958326,0.9993683930589722,,,,腾讯控股,B
00700,2017-10-06,DAILY_NEUTRAL,0,0,0,0,0,100.0,0.903580277386123,1.0030452484194496,,,,腾讯控股,B
00700,2017-10-09,DAILY_NEUTRAL,0,0,0,0,0,100.0,0.9124419783040304,0.9860759909362582,,,,腾讯控股,B
00700,2017-10-10,DAILY_NEUTRAL,0,0,0,0,0,100.0,0.7742041199199515,0.9927095990279466,,,,腾讯控股,B
00700,2017-10-11,DAILY_DISTRIBUTION,0,1,0,0,0,100.0,1.2998945688892023,0.9939246658566222,,,,腾讯控股,B
00700,2017-10-12,DAILY_PULLBACK,0,0,1,0,0,100.0,1.1102463947232324,0.9896883517782668,,,,腾讯控股,B
00700,2017-10-13,DAILY_DISTRIBUTION,0,1,1,0,0,100.0,1.4916713029805653,0.9860842167448882,,,,腾讯控股,B
00700,2017-10-16,DAILY_NEUTRAL,0,0,0,0,0,100.0,1.1314744987331729,1.0054481604253505,,,,腾讯控股,B
00700,2017-10-17,DAILY_NEUTRAL,0,0,0,0,0,100.0,0.7870703410718284,0.997584462216419,,,,腾讯控股,B
00700,2017-10-18,DAILY_NEUTRAL,0,0,0,0,0,100.0,0.7134494121879447,0.9945944185743594,,,,腾讯控股,B
00700,2017-10-19,DAILY_NEUTRAL,0,0,0,0,0,66.66666666666666,1.3812914098394196,0.9693575173401935,,,,腾讯控股,B
00700,2017-10-20,DAILY_PULLBACK,0,0,1,0,0,100.0,0.8424051879558815,0.9795825328079717,,,,腾讯控股,B
00700,2017-10-23,DAILY_PULLBACK,0,0,1,0,0,66.66666666666666,0.6230637363135656,0.9765866684033997,,,,腾讯控股,B
00700,2017-10-24,DAILY_PULLBACK,0,0,1,0,0,66.66666666666666,1.0924154732709659,0.9729720928717966,,,,腾讯控股,B
00700,2017-10-25,DAILY_PULLBACK,0,0,1,0,0,66.66666666666666,0.8885396167596061,0.9867791201276499,,,,腾讯控股,B
00700,2017-10-26,DAILY_NEUTRAL,0,0,0,0,0,33.33333333333333,1.067765905379678,0.9717672343612623,,,,腾讯控股,B
00700,2017-10-27,DAILY_NEUTRAL,0,0,0,0,0,33.33333333333333,1.182770555031815,0.9741769513823311,,,,腾讯控股,B
00700,2017-10-30,DAILY_PULLBACK,0,0,1,0,0,66.66666666666666,1.178591993492195,0.9795825328079717,,,,腾讯控股,B
00700,2017-10-31,DAILY_NEUTRAL,0,0,0,0,0,0.0,0.8258083227043292,0.9801686801914749,,,,腾讯控股,B
00700,2017-11-01,DAILY_NEUTRAL,0,0,0,0,0,66.66666666666666,1.4837654709352242,1.0108111628512815,,,,腾讯控股,B
00700,2017-11-02,DAILY_NEUTRAL,0,0,0,0,0,66.66666666666666,1.0768640786895103,1.0041509798243073,,,,腾讯控股,B
00700,2017-11-03,DAILY_NEUTRAL,0,0,0,0,0,100.0,0.9737660095746871,1.0099475607818211,,,,腾讯控股,B
00700,2017-11-06,DAILY_NEUTRAL,0,0,0,0,0,100.0,1.4589170242114784,1.024925349677825,,,,腾讯控股,B
00700,2017-11-07,DAILY_NEUTRAL,0,0,0,0,0,100.0,1.3561314773157473,1.0319968338052181,,,,腾讯控股,B
00700,2017-11-08,DAILY_DISTRIBUTION,0,1,0,0,0,100.0,2.0512456093983937,0.98530886777981,,,,腾讯控股,B
00700,2017-11-09,DAILY_NEUTRAL,0,0,0,0,0,100.0,0.9253917932818727,0.9712130408393305,,,,腾讯控股,B
00700,2017-11-10,DAILY_NEUTRAL,0,0,0,0,0,100.0,0.634579195959164,0.9648255729934391,,,,腾讯控股,B
00700,2017-11-13,DAILY_NEUTRAL,0,0,0,0,0,100.0,0.651064805747123,0.970692794589439,,,,腾讯控股,B
00700,2017-11-14,DAILY_NEUTRAL,0,0,0,0,0,100.0,0.7986673953822778,0.9717332870892221,,,,腾讯控股,B
00700,2017-11-15,DAILY_PULLBACK,0,0,1,0,0,100.0,0.9511386436691309,0.9584381051475477,,,,腾讯控股,B
00700,2017-11-16,DAILY_NEUTRAL,0,0,0,0,0,100.0,1.5870640564555392,0.9818780889621088,,,,腾讯控股,B
00700,2017-11-17,DAILY_BREAKOUT,1,0,0,0,0,100.0,1.5513306610947992,1.012774935691783,,,,腾讯控股,B
00700,2017-11-20,DAILY_NEUTRAL,0,0,0,0,0,100.0,1.3685266197756008,1.0393031715357508,,,,腾讯控股,B
00700,2017-11-21,DAILY_BREAKOUT,1,0,0,0,0,100.0,1.7249782640610924,1.025211232944136,,,,腾讯控股,B
00700,2017-11-22,DAILY_NEUTRAL,0,0,0,0,0,100.0,1.123377193024889,0.9692532179894733,,,,腾讯控股,B
00700,2017-11-23,DAILY_PULLBACK,0,0,1,0,0,100.0,0.8318634064718701,0.9519516389598207,,,,腾讯控股,B
00700,2017-11-24,DAILY_PULLBACK,0,0,1,0,0,100.0,0.8618285282369468,0.9428318307363593,,,,腾讯控股,B
00700,2017-11-27,DAILY_PULLBACK,0,0,1,0,0,100.0,0.676158253032111,0.9322528531971442,,,,腾讯控股,B
00700,2017-11-28,DAILY_NEUTRAL,0,0,0,0,0,100.0,1.0891803510039106,0.9509875449476264,,,,腾讯控股,B
00700,2017-11-29,DAILY_PULLBACK,0,0,1,0,0,100.0,0.7970288643143006,0.9327479285007036,,,,腾讯控股,B
00700,2017-11-30,DAILY_NEUTRAL,0,0,0,0,0,33.33333333333333,1.7789499481088862,0.9000729584657877,,,,腾讯控股,B
00700,2017-12-01,DAILY_NEUTRAL,0,0,0,0,0,33.33333333333333,2.1799090424536085,0.8688571577466258,,,,腾讯控股,B
00700,2017-12-04,DAILY_NEUTRAL,0,0,0,0,0,33.33333333333333,1.015181682445223,0.8770128719578926,,,,腾讯控股,B
00700,2017-12-05,DAILY_NEUTRAL,0,0,0,0,0,33.33333333333333,0.8963364225838156,0.8472301839595602,,,,腾讯控股,B
00700,2017-12-06,DAILY_NEUTRAL,0,0,0,0,0,0.0,1.1540426285732432,0.8232320600343948,,,,腾讯控股,B
00700,2017-12-07,DAILY_NEUTRAL,0,0,0,0,0,0.0,0.6911438733151762,0.8520506540205327,,,,腾讯控股,B
00700,2017-12-08,DAILY_NEUTRAL,0,0,0,0,0,0.0,0.7761993671421342,0.8904841315336912,,,,腾讯控股,B
00700,2017-12-11,DAILY_NEUTRAL,0,0,0,0,0,33.33333333333333,0.6974705767372238,0.9178435562040753,,,,腾讯控股,B
00700,2017-12-12,DAILY_NEUTRAL,0,0,0,0,0,0.0,0.7554276692158491,0.8885559435093022,,,,腾讯控股,B
00700,2017-12-13,DAILY_NEUTRAL,0,0,0,0,0,33.33333333333333,0.5559210824530235,0.894314450987545,,,,腾讯控股,B
00700,2017-12-14,DAILY_NEUTRAL,0,0,0,0,0,33.33333333333333,0.4967140319384238,0.8981708270363229,,,,腾讯控股,B
00700,2017-12-15,DAILY_NEUTRAL,0,0,0,0,0,33.33333333333333,0.7981962586663203,0.8784720412736464,,,,腾讯控股,B
00700,2017-12-18,DAILY_NEUTRAL,0,0,0,0,0,33.33333333333333,0.7973743771628534,0.8909531502423265,,,,腾讯控股,B
00700,2017-12-19,DAILY_NEUTRAL,0,0,0,0,0,66.66666666666666,0.9152292246371277,0.9077596539684195,,,,腾讯控股,B
00700,2017-12-20,DAILY_NEUTRAL,0,0,0,0,0,66.66666666666666,0.644654966417362,0.9021187549045252,,,,腾讯控股,B
00700,2017-12-21,DAILY_PULLBACK,0,0,1,0,0,66.66666666666666,0.9736844588713082,0.9212251506223956,,,,腾讯控股,B
00700,2017-12-22,DAILY_NEUTRAL,0,0,0,0,0,100.0,0.8374482309842962,0.9545749864645372,,,,腾讯控股,B
00700,2017-12-27,DAILY_NEUTRAL,0,0,0,0,0,100.0,0.9334886208999079,0.9459393412799695,,,,腾讯控股,B
00700,2017-12-28,DAILY_NEUTRAL,0,0,0,0,0,100.0,0.6799143827612375,0.9634527138939422,,,,腾讯控股,B
00700,2017-12-29,DAILY_NEUTRAL,0,0,0,0,0,100.0,1.0877172656375402,0.9579679057264655,,,,腾讯控股,B
00700,2018-01-02,DAILY_BREAKOUT,1,0,0,0,0,100.0,1.5140826001628138,1.0180555944349579,,,,腾讯控股,B
00700,2018-01-03,DAILY_NEUTRAL,0,0,0,0,0,100.0,1.3373203068329063,1.0106356665842195,,,,腾讯控股,B
00700,2018-01-04,DAILY_BREAKOUT,1,0,0,0,0,100.0,1.5197727231560918,1.0123931394160974,,,,腾讯控股,B
00700,2018-01-05,DAILY_NEUTRAL,0,0,0,0,0,100.0,0.9685848023126653,1.0019621360767885,,,,腾讯控股,B
00700,2018-01-08,DAILY_NEUTRAL,0,0,0,0,0,100.0,0.8082091800261669,1.0053304624110497,,,,腾讯控股,B
00700,2018-01-09,DAILY_NEUTRAL,0,0,0,0,0,100.0,1.085736749078219,1.0110586578336505,,,,腾讯控股,B
00700,2018-01-10,DAILY_NEUTRAL,0,0,0,0,0,100.0,0.7959791159609502,0.9858223304704524,,,,腾讯控股,B
00700,2018-01-11,DAILY_PULLBACK,0,0,1,0,0,100.0,1.2753995966051959,0.9598256633764901,,,,腾讯控股,B
00700,2018-01-12,DAILY_NEUTRAL,0,0,0,0,0,100.0,0.8882404912547943,0.9900525573644404,,,,腾讯控股,B
00700,2018-01-15,DAILY_PULLBACK,0,0,1,0,0,100.0,1.090013359592978,0.9687988719394949,,,,腾讯控股,B
00700,2018-01-16,DAILY_NEUTRAL,0,0,0,0,0,100.0,0.9134757615891245,0.9891908428083414,,,,腾讯控股,B
00700,2018-01-17,DAILY_NEUTRAL,0,0,0,0,0,100.0,1.1430593446802384,1.0004588793147402,,,,腾讯控股,B
00700,2018-01-18,DAILY_NEUTRAL,0,0,0,0,0,100.0,0.9419092204647677,0.9971970237488532,,,,腾讯控股,B
00700,2018-01-19,DAILY_NEUTRAL,0,0,0,0,0,100.0,0.6712632196689153,0.9962976955043444,,,,腾讯控股,B
00700,2018-01-22,DAILY_NEUTRAL,0,0,0,0,0,100.0,0.9185386176089309,1.0139277169122276,,,,腾讯控股,B
00700,2018-01-23,DAILY_NEUTRAL,0,0,0,0,0,100.0,1.1773300924314223,1.0334343484524815,,,,腾讯控股,B
00700,2018-01-24,DAILY_NEUTRAL,0,0,0,0,0,100.0,1.1909347914143553,0.9875973464089991,,,,腾讯控股,B
00700,2018-01-25,DAILY_PULLBACK,0,0,1,0,0,100.0,1.3242359987495822,0.9632246899336602,,,,腾讯控股,B
00700,2018-01-26,DAILY_NEUTRAL,0,0,0,0,0,100.0,0.9947144584353635,0.992476684934141,,,,腾讯控股,B
00700,2018-01-29,DAILY_NEUTRAL,0,0,0,0,0,100.0,0.9543046685073101,0.9933660224978367,,,,腾讯控股,B
00700,2018-01-30,DAILY_PULLBACK,0,0,1,0,0,100.0,0.9192723090960069,0.9673590504451038,,,,腾讯控股,B
00700,2018-01-31,DAILY_PULLBACK,0,0,1,0,0,100.0,1.1558341602358388,0.9713314827223126,,,,腾讯控股,B
00700,2018-02-01,DAILY_PULLBACK,0,0,1,0,0,100.0,0.7009560004550809,0.9633866181678951,,,,腾讯控股,B
00700,2018-02-02,DAILY_NEUTRAL,0,0,0,0,0,33.33333333333333,1.0909631326077958,0.946635397721834,,,,腾讯控股,B
00700,2018-02-05,DAILY_NEUTRAL,0,0,0,0,0,33.33333333333333,1.774416137166407,0.9214846367378194,,,,腾讯控股,B
00700,2018-02-06,DAILY_NEUTRAL,0,0,0,0,0,33.33333333333333,3.2971293655338916,0.8530917966880445,,,,腾讯控股,B
00700,2018-02-07,DAILY_NEUTRAL,0,0,0,0,0,33.33333333333333,1.5550692499513297,0.8636929261989088,,,,腾讯控股,B
00700,2018-02-08,DAILY_NEUTRAL,0,0,0,0,0,0.0,0.771256278844857,0.875610223030535,,,,腾讯控股,B
00700,2018-02-09,DAILY_NEUTRAL,0,0,0,0,0,0.0,1.3939515908683457,0.8473724514214608,,,,腾讯控股,B
00700,2018-02-12,DAILY_NEUTRAL,0,0,0,0,0,0.0,0.5779333426366383,0.8522303053508185,,,,腾讯控股,B
00700,2018-02-13,DAILY_NEUTRAL,0,0,0,0,0,0.0,0.4139186231184291,0.88044414664497,,,,腾讯控股,B
00700,2018-02-14,DAILY_NEUTRAL,0,0,0,0,0,0.0,0.49920944904756015,0.9051641619603714,,,,腾讯控股,B
00700,2018-02-15,DAILY_NEUTRAL,0,0,0,0,0,33.33333333333333,0.4433656682326373,0.9347181008902078,,,,腾讯控股,B
00700,2018-02-20,DAILY_NEUTRAL,0,0,0,0,0,66.66666666666666,0.6193316153872183,0.9320618359337609,,,,腾讯控股,B
00700,2018-02-21,DAILY_NEUTRAL,0,0,0,0,0,66.66666666666666,0.8743751568682064,0.9589834402220734,,,,腾讯控股,B
00700,2018-02-22,DAILY_NEUTRAL,0,0,0,0,0,66.66666666666666,1.0842124474975863,0.9334019335694458,,,,腾讯控股,B
00700,2018-02-23,DAILY_NEUTRAL,0,0,0,0,0,66.66666666666666,0.7355419633624387,0.9488369866947449,,,,腾讯控股,B
00700,2018-02-26,DAILY_NEUTRAL,0,0,0,0,0,66.66666666666666,1.1230433981307386,0.9479515650425959,,,,腾讯控股,B
00700,2018-02-27,DAILY_PULLBACK,0,0,1,0,0,100.0,1.1057984007886685,0.9325165119172969,,,,腾讯控股,B
00700,2018-02-28,DAILY_NEUTRAL,0,0,0,0,0,66.66666666666666,1.611202770093443,0.9020771513353115,,,,腾讯控股,B
00700,2018-03-01,DAILY_NEUTRAL,0,0,0,0,0,100.0,1.1976104122661495,0.9493717035704737,,,,腾讯控股,B
00700,2018-03-02,DAILY_NEUTRAL,0,0,0,0,0,33.33333333333333,1.0977798787502118,0.9272049326152121,,,,腾讯控股,B
00700,2018-03-05,DAILY_NEUTRAL,0,0,0,0,0,33.33333333333333,0.932989765740431,0.9057600587012351,,,,腾讯控股,B
00700,2018-03-06,DAILY_PULLBACK,0,0,1,0,0,66.66666666666666,0.9426342795783312,0.951015947140941,,,,腾讯控股,B
00700,2018-03-07,DAILY_PULLBACK,0,0,1,0,0,66.66666666666666,0.716305912561443,0.9452512851225233,,,,腾讯控股,B
00700,2018-03-08,DAILY_PULLBACK,0,0,1,0,0,66.66666666666666,0.7227304413071796,0.9654888456355742,,,,腾讯控股,B
00700,2018-03-09,DAILY_PULLBACK,0,0,1,0,0,66.66666666666666,0.5840539379148775,0.9746968108998353,,,,腾讯控股,B
00700,2018-03-12,DAILY_NEUTRAL,0,0,0,0,0,100.0,1.2932476054555944,1.0045915057144283,,,,腾讯控股,B
00700,2018-03-13,DAILY_NEUTRAL,0,0,0,0,0,100.0,0.9240322502784214,1.006408664116449,,,,腾讯控股,B
00700,2018-03-14,DAILY_DISTRIBUTION,0,1,0,0,0,100.0,1.2052837104029221,1.0018264389377034,,,,腾讯控股,B
00700,2018-03-15,DAILY_NEUTRAL,0,0,0,0,0,100.0,1.271259430841809,1.0108842867344678,,,,腾讯控股,B
00700,2018-03-16,DAILY_NEUTRAL,0,0,0,0,0,100.0,1.145090070404915,0.9892666342884895,,,,腾讯控股,B
00700,2018-03-19,DAILY_PULLBACK,0,0,1,0,0,100.0,0.7067296214844951,0.9755297070321927,,,,腾讯控股,B
00700,2018-03-20,DAILY_NEUTRAL,0,0,0,0,0,100.0,1.0355141792798868,0.9862203774313433,,,,腾讯控股,B
00700,2018-03-21,DAILY_PULLBACK,0,0,1,0,0,100.0,1.2902248860408394,0.9773155075051885,,,,腾讯控股,B
00700,2018-03-22,DAILY_NEUTRAL,0,0,0,0,0,33.33333333333333,3.12150964546019,0.91996834228703,,,,腾讯控股,B
00700,2018-03-23,DAILY_NEUTRAL,0,0,0,0,0,33.33333333333333,9.506064957751361,0.8770865310821182,,,,腾讯控股,B
00700,2018-03-26,DAILY_NEUTRAL,0,0,0,0,0,33.33333333333333,0.5293528028129243,0.8916922486569456,,,,腾讯控股,B
00700,2018-03-27,DAILY_NEUTRAL,0,0,0,0,0,33.33333333333333,0.44627229746633074,0.9040675364543361,,,,腾讯控股,B
00700,2018-03-28,DAILY_NEUTRAL,0,0,0,0,0,0.0,0.4911470020306124,0.8598426707597852,,,,腾讯控股,B
00700,2018-03-29,DAILY_NEUTRAL,0,0,0,0,0,0.0,0.39595455807293406,0.8541107060629317,,,,腾讯控股,B
00700,2018-04-03,DAILY_NEUTRAL,0,0,0,0,0,0.0,0.33663485608865157,0.8536550268610898,,,,腾讯控股,B
00700,2018-04-04,DAILY_NEUTRAL,0,0,0,0,0,0.0,0.8421776392899745,0.8275613967766693,,,,腾讯控股,B
00700,2018-04-06,DAILY_NEUTRAL,0,0,0,0,0,0.0,0.6598003903905736,0.8456926323867997,,,,腾讯控股,B
00700,2018-04-09,DAILY_NEUTRAL,0,0,0,0,0,0.0,0.5722511475740363,0.8549740982348427,,,,腾讯控股,B
00700,2018-04-10,DAILY_NEUTRAL,0,0,0,0,0,0.0,0.8113106219340936,0.8708988871834229,,,,腾讯控股,B
00700,2018-04-11,DAILY_NEUTRAL,0,0,0,0,0,0.0,0.8411245744921024,0.8761991557943207,,,,腾讯控股,B
00700,2018-04-12,DAILY_NEUTRAL,0,0,0,0,0,33.33333333333333,0.7736425209616472,0.8620491174213354,,,,腾讯控股,B
00700,2018-04-13,DAILY_NEUTRAL,0,0,0,0,0,33.33333333333333,0.8297741772767191,0.8505612049117421,,,,腾讯控股,B
00700,2018-04-16,DAILY_NEUTRAL,0,0,0,0,0,33.33333333333333,1.1228134664411102,0.8395049884881045,,,,腾讯控股,B
00700,2018-04-17,DAILY_NEUTRAL,0,0,0,0,0,33.33333333333333,1.2400633041161564,0.8266980046047583,,,,腾讯控股,B
00700,2018-04-18,DAILY_NEUTRAL,0,0,0,0,0,0.0,1.197677689466666,0.8328856485034536,,,,腾讯控股,B
00700,2018-04-19,DAILY_NEUTRAL,0,0,0,0,0,0.0,0.8968299875820442,0.8456926323867997,,,,腾讯控股,B
00700,2018-04-20,DAILY_NEUTRAL,0,0,0,0,0,0.0,0.7372303145195301,0.8333173445894091,,,,腾讯控股,B
00700,2018-04-23,DAILY_NEUTRAL,0,0,0,0,0,0.0,0.795868976375417,0.8196229854182656,,,,腾讯控股,B
00700,2018-04-24,DAILY_NEUTRAL,0,0,0,0,0,0.0,0.6271605242002357,0.8567943036398944,,,,腾讯控股,B
00700,2018-04-25,DAILY_NEUTRAL,0,0,0,0,0,0.0,1.7090359341079544,0.8752807814867053,,,,腾讯控股,B
00700,2018-04-26,DAILY_NEUTRAL,0,0,0,0,0,0.0,1.6098763079888303,0.8642062372668861,,,,腾讯控股,B
00700,2018-04-27,DAILY_NEUTRAL,0,0,0,0,0,0.0,1.0862655405849142,0.8791203050723502,,,,腾讯控股,B
00700,2018-04-30,DAILY_NEUTRAL,0,0,0,0,0,0.0,0.4951632517387696,0.9099401390492042,,,,腾讯控股,B
00700,2018-05-02,DAILY_NEUTRAL,0,0,0,0,0,0.0,0.7766404078677998,0.9199719578288889,,,,腾讯控股,B
00700,2018-05-03,DAILY_NEUTRAL,0,0,0,0,0,0.0,0.9314878164381999,0.8991021112519211,,,,腾讯控股,B
00700,2018-05-04,DAILY_NEUTRAL,0,0,0,0,0,0.0,0.8230952553428019,0.8936284951600292,,,,腾讯控股,B
00700,2018-05-07,DAILY_NEUTRAL,0,0,0,0,0,0.0,1.6836584598083437,0.8866718796343731,,,,腾讯控股,B
00700,2018-05-08,DAILY_NEUTRAL,0,0,0,0,0,0.0,1.5236846707326952,0.913015342303233,,,,腾讯控股,B
00700,2018-05-09,DAILY_NEUTRAL,0,0,0,0,0,0.0,0.8047439836340161,0.922964920322485,,,,腾讯控股,B
00700,2018-05-10,DAILY_NEUTRAL,0,0,0,0,0,66.66666666666666,1.1802006765291864,0.9517890365896405,,,,腾讯控股,B
00700,2018-05-11,DAILY_NEUTRAL,0,0,0,0,0,66.66666666666666,0.8883344724795957,0.9630382353738178,,,,腾讯控股,B
00700,2018-05-14,DAILY_NEUTRAL,0,0,0,0,0,66.66666666666666,0.7212951993829362,0.98729187341493,,,,腾讯控股,B
00700,2018-05-15,DAILY_PULLBACK,0,0,1,0,0,100.0,1.2649387253592848,0.9522273679567759,,,,腾讯控股,B
00700,2018-05-16,DAILY_PULLBACK,0,0,1,0,0,100.0,1.1326104583012944,0.9476513397287463,,,,腾讯控股,B
00700,2018-05-17,DAILY_NEUTRAL,0,0,0,0,0,100.0,2.4782929965539005,0.9852795236520014,,,,腾讯控股,B
00700,2018-05-18,DAILY_NEUTRAL,0,0,0,0,0,100.0,0.6034191679047459,0.9692894637155691,,,,腾讯控股,B
00700,2018-05-21,DAILY_NEUTRAL,0,0,0,0,0,100.0,0.6157814231963433,0.9617944693976946,,,,腾讯控股,B
00700,2018-05-23,DAILY_NEUTRAL,0,0,0,0,0,100.0,0.7032780933903818,0.9593051572054766,,,,腾讯控股,B
00700,2018-05-24,DAILY_PULLBACK,0,0,1,0,0,100.0,0.5164267880052616,0.9593051572054766,,,,腾讯控股,B
00700,2018-05-25,DAILY_PULLBACK,0,0,1,0,0,100.0,0.5450498021484209,0.9518101628876021,,,,腾讯控股,B
00700,2018-05-28,DAILY_PULLBACK,0,0,1,0,0,100.0,0.6607660384135633,0.9548135721629959,,,,腾讯控股,B
00700,2018-05-29,DAILY_PULLBACK,0,0,1,0,0,100.0,0.6500377085244656,0.9468315385031658,,,,腾讯控股,B
00700,2018-05-30,DAILY_NEUTRAL,0,0,0,0,0,33.33333333333333,1.383546720280496,0.9293792954164187,,,,腾讯控股,B
00700,2018-05-31,DAILY_NEUTRAL,0,0,0,0,0,33.33333333333333,2.2236640076969088,0.939850641268467,,,,腾讯控股,B
00700,2018-06-01,DAILY_PULLBACK,0,0,1,0,0,66.66666666666666,1.1318154570516892,0.9518101628876021,,,,腾讯控股,B
00700,2018-06-04,DAILY_PULLBACK,0,0,1,0,0,66.66666666666666,1.4388743522231178,0.979246712484442,,,,腾讯控股,B
00700,2018-06-05,DAILY_NEUTRAL,0,0,0,0,0,100.0,1.0222313395099045,0.9917203311867525,,,,腾讯控股,B
00700,2018-06-06,DAILY_NEUTRAL,0,0,0,0,0,100.0,0.8272959272920071,1.0041939498890633,,,,腾讯控股,B
00700,2018-06-07,DAILY_NEUTRAL,0,0,0,0,0,100.0,0.8798357190145438,1.0104276129658072,,,,腾讯控股,B
00700,2018-06-08,DAILY_PULLBACK,0,0,1,0,0,100.0,1.128062249268818,0.959413604792959,,,,腾讯控股,B
00700,2018-06-11,DAILY_PULLBACK,0,0,1,0,0,100.0,0.577673670920169,0.9691956948199989,,,,腾讯控股,B
00700,2018-06-12,DAILY_PULLBACK,0,0,1,0,0,100.0,0.5229331540836054,0.9652987646466252,,,,腾讯控股,B
00700,2018-06-13,DAILY_PULLBACK,0,0,1,0,0,100.0,0.5832331367054313,0.9599172896452998,,,,腾讯控股,B
00700,2018-06-14,DAILY_PULLBACK,0,0,1,0,0,66.66666666666666,0.9443516431030029,0.9520969195694818,,,,腾讯控股,B
00700,2018-06-15,DAILY_NEUTRAL,0,0,0,0,0,33.33333333333333,1.3372374068593718,0.9471926196914268,,,,腾讯控股,B
00700,2018-06-19,DAILY_NEUTRAL,0,0,0,0,0,33.33333333333333,2.1349553546791546,0.9149567891416148,,,,腾讯控股,B
00700,2018-06-20,DAILY_NEUTRAL,0,0,0,0,0,33.33333333333333,1.1482081605404146,0.9232543343407029,,,,腾讯控股,B
00700,2018-06-21,DAILY_NEUTRAL,0,0,0,0,0,33.33333333333333,0.911456485029823,0.9149567891416148,,,,腾讯控股,B
00700,2018-06-22,DAILY_NEUTRAL,0,0,0,0,0,0.0,0.8505939313686737,0.9164148242404961,,,,腾讯控股,B
00700,2018-06-25,DAILY_NEUTRAL,0,0,0,0,0,0.0,0.8960025143321917,0.895392609087535,,,,腾讯控股,B
00700,2018-06-26,DAILY_NEUTRAL,0,0,0,0,0,0.0,1.2476238562450206,0.8885530989873283,,,,腾讯控股,B
00700,2018-06-27,DAILY_NEUTRAL,0,0,0,0,0,0.0,1.2229900494029289,0.8675573935634376,,,,腾讯控股,B
00700,2018-06-28,DAILY_NEUTRAL,0,0,0,0,0,0.0,1.1471070551562854,0.8714543237368114,,,,腾讯控股,B
00700,2018-06-29,DAILY_NEUTRAL,0,0,0,0,0,0.0,1.1120276050489528,0.9076135941890673,,,,腾讯控股,B
00700,2018-07-03,DAILY_NEUTRAL,0,0,0,0,0,0.0,0.9467046461915906,0.9002969089655903,,,,腾讯控股,B
00700,2018-07-04,DAILY_NEUTRAL,0,0,0,0,0,0.0,0.5408235124826336,0.8812364137638513,,,,腾讯控股,B
00700,2018-07-05,DAILY_NEUTRAL,0,0,0,0,0,0.0,0.5610764218862826,0.8875722390117172,,,,腾讯控股,B
00700,2018-07-06,DAILY_NEUTRAL,0,0,0,0,0,33.33333333333333,0.8143730536990549,0.8900376438152802,,,,腾讯控股,B
00700,2018-07-09,DAILY_NEUTRAL,0,0,0,0,0,33.33333333333333,0.9094965131132992,0.9129950691903927,,,,腾讯控股,B
00700,2018-07-10,DAILY_NEUTRAL,0,0,0,0,0,33.33333333333333,1.4708677657029638,0.9015324333753791,,,,腾讯控股,B
00700,2018-07-11,DAILY_NEUTRAL,0,0,0,0,0,33.33333333333333,1.3290968289919876,0.8925229842974535,,,,腾讯控股,B
00700,2018-07-12,DAILY_NEUTRAL,0,0,0,0,0,0.0,0.7621219547341171,0.8940145906218642,,,,腾讯控股,B
00700,2018-07-13,DAILY_NEUTRAL,0,0,0,0,0,0.0,0.5930068377440383,0.9019153115791771,,,,腾讯控股,B
00700,2018-07-16,DAILY_NEUTRAL,0,0,0,0,0,0.0,0.5665063166013018,0.9084021849523757,,,,腾讯控股,B
00700,2018-07-17,DAILY_NEUTRAL,0,0,0,0,0,0.0,0.8626860984209044,0.8955904992302617,,,,腾讯控股,B
00700,2018-07-18,DAILY_NEUTRAL,0,0,0,0,0,0.0,0.8373141742501163,0.9174643157010915,,,,腾讯控股,B
00700,2018-07-19,DAILY_NEUTRAL,0,0,0,0,0,0.0,0.7768138606366316,0.9231641621774881,,,,腾讯控股,B
00700,2018-07-20,DAILY_NEUTRAL,0,0,0,0,0,0.0,1.3662551046462623,0.9257726112843776,,,,腾讯控股,B
00700,2018-07-23,DAILY_NEUTRAL,0,0,0,0,0,0.0,1.4803350133611628,0.9222292372151755,,,,腾讯控股,B
00700,2018-07-24,DAILY_NEUTRAL,0,0,0,0,0,0.0,1.3676485645983625,0.9393195471349354,,,,腾讯控股,B
00700,2018-07-25,DAILY_NEUTRAL,0,0,0,0,0,0.0,1.1463897401169985,0.9515653881700555,,,,腾讯控股,B
00700,2018-07-26,DAILY_NEUTRAL,0,0,0,0,0,0.0,1.2798137657166873,0.9382509242144178,,,,腾讯控股,B
00700,2018-07-27,DAILY_NEUTRAL,0,0,0,0,0,0.0,0.7314700752235772,0.9334565619223659,,,,腾讯控股,B
00700,2018-07-30,DAILY_NEUTRAL,0,0,0,0,0,0.0,1.3202416521447198,0.9180048521256932,,,,腾讯控股,B
00700,2018-07-31,DAILY_NEUTRAL,0,0,0,0,0,0.0,1.8176771597056134,0.8860616913123845,,,,腾讯控股,B
00700,2018-08-01,DAILY_NEUTRAL,0,0,0,0,0,0.0,1.0908177545040645,0.885541820702403,,,,腾讯控股,B
00700,2018-08-02,DAILY_NEUTRAL,0,0,0,0,0,0.0,1.6330494364473263,0.8589128927911275,,,,腾讯控股,B
00700,2018-08-03,DAILY_NEUTRAL,0,0,0,0,0,0.0,1.0559013230974859,0.8716786044362292,,,,腾讯控股,B
00700,2018-08-06,DAILY_NEUTRAL,0,0,0,0,0,0.0,0.6737854102761492,0.8801987060998151,,,,腾讯控股,B
00700,2018-08-07,DAILY_NEUTRAL,0,0,0,0,0,0.0,0.5841964008667468,0.8908560536044362,,,,腾讯控股,B
00700,2018-08-08,DAILY_NEUTRAL,0,0,0,0,0,0.0,0.9333576734376104,0.9374255775184567,,,,腾讯控股,B
00700,2018-08-09,DAILY_NEUTRAL,0,0,0,0,0,66.66666666666666,0.9783748665850222,0.9610323886639676,,,,腾讯控股,B
00700,2018-08-10,DAILY_NEUTRAL,0,0,0,0,0,66.66666666666666,0.8007200952349048,0.953887830435818,,,,腾讯控股,B
00700,2018-08-13,DAILY_NEUTRAL,0,0,0,0,0,33.33333333333333,0.7623460499777684,0.9307332200256433,,,,腾讯控股,B
00700,2018-08-14,DAILY_NEUTRAL,0,0,0,0,0,33.33333333333333,1.8825359511822757,0.9046086276397327,,,,腾讯控股,B
00700,2018-08-15,DAILY_NEUTRAL,0,0,0,0,0,33.33333333333333,1.4484240932878283,0.8696528488057276,,,,腾讯控股,B
00700,2018-08-16,DAILY_NEUTRAL,0,0,0,0,0,0.0,2.4632631796752613,0.8418565451644944,,,,腾讯控股,B
00700,2018-08-17,DAILY_NEUTRAL,0,0,0,0,0,0.0,1.1654927854510018,0.8729494627216084,,,,腾讯控股,B
00700,2018-08-20,DAILY_NEUTRAL,0,0,0,0,0,0.0,0.8474107234980535,0.9112361917948409,,,,腾讯控股,B
00700,2018-08-21,DAILY_NEUTRAL,0,0,0,0,0,0.0,0.5077983739278418,0.9106642988291244,,,,腾讯控股,B
00700,2018-08-22,DAILY_NEUTRAL,0,0,0,0,0,33.33333333333333,0.6990538756996937,0.9350750985762876,,,,腾讯控股,B
00700,2018-08-23,DAILY_NEUTRAL,0,0,0,0,0,66.66666666666666,0.504965018554691,0.933961412274629,,,,腾讯控股,B
00700,2018-08-24,DAILY_NEUTRAL,0,0,0,0,0,66.66666666666666,0.5869441660884668,0.9388513513513512,,,,腾讯控股,B
00700,2018-08-27,DAILY_NEUTRAL,0,0,0,0,0,66.66666666666666,0.5615004071052256,0.9586609336609335,,,,腾讯控股,B
00700,2018-08-28,DAILY_NEUTRAL,0,0,0,0,0,66.66666666666666,0.9958598198077928,0.9710995085995086,,,,腾讯控股,B
00700,2018-08-29,DAILY_NEUTRAL,0,0,0,0,0,66.66666666666666,0.7782290288503542,0.9580773955773955,,,,腾讯控股,B
00700,2018-08-30,DAILY_PULLBACK,0,0,1,0,0,100.0,0.6902797787486123,0.9484643734643734,,,,腾讯控股,B
00700,2018-08-31,DAILY_NEUTRAL,0,0,0,0,0,66.66666666666666,3.2238764496511645,0.899201474201474,,,,腾讯控股,B
00700,2018-09-03,DAILY_NEUTRAL,0,0,0,0,0,33.33333333333333,1.2143406611528755,0.8788083538083538,,,,腾讯控股,B
00700,2018-09-04,DAILY_NEUTRAL,0,0,0,0,0,33.33333333333333,0.7060272199368017,0.8952395577395577,,,,腾讯控股,B
00700,2018-09-05,DAILY_NEUTRAL,0,0,0,0,0,0.0,1.258095597345279,0.8561732186732186,,,,腾讯控股,B
00700,2018-09-06,DAILY_NEUTRAL,0,0,0,0,0,0.0,1.5721032135763535,0.8273034398034398,,,,腾讯控股,B
00700,2018-09-07,DAILY_NEUTRAL,0,0,0,0,0,0.0,1.154210596023858,0.8335380835380835,,,,腾讯控股,B
00700,2018-09-10,DAILY_NEUTRAL,0,0,0,0,0,0.0,0.7697339498980189,0.8406663952650862,,,,腾讯控股,B
00700,2018-09-11,DAILY_NEUTRAL,0,0,0,0,0,0.0,0.9450293239863695,0.8244762471424545,,,,腾讯控股,B
00700,2018-09-12,DAILY_NEUTRAL,0,0,0,0,0,0.0,0.6887489339297966,0.8256349231202831,,,,腾讯控股,B
00700,2018-09-13,DAILY_NEUTRAL,0,0,0,0,0,0.0,0.9486025039497631,0.8701030282153259,,,,腾讯控股,B
00700,2018-09-14,DAILY_NEUTRAL,0,0,0,0,0,0.0,0.8863636498536722,0.887984216954248,,,,腾讯控股,B
00700,2018-09-17,DAILY_NEUTRAL,0,0,0,0,0,0.0,0.6956907649933223,0.8568252278207498,,,,腾讯控股,B
00700,2018-09-18,DAILY_NEUTRAL,0,0,0,0,0,33.33333333333333,0.9446271833307709,0.853349199887264,,,,腾讯控股,B
00700,2018-09-19,DAILY_NEUTRAL,0,0,0,0,0,33.33333333333333,0.836994602291864,0.8637459681207529,,,,腾讯控股,B
00700,2018-09-20,DAILY_NEUTRAL,0,0,0,0,0,33.33333333333333,0.8020500326209897,0.8712617041931545,,,,腾讯控股,B
00700,2018-09-21,DAILY_NEUTRAL,0,0,0,0,0,66.66666666666666,1.3689723140374626,0.9006983371433941,,,,腾讯控股,B
00700,2018-09-24,DAILY_NEUTRAL,0,0,0,0,0,33.33333333333333,0.8150940727673405,0.8816584724266434,,,,腾讯控股,B
00700,2018-09-26,DAILY_NEUTRAL,0,0,0,0,0,66.66666666666666,1.019412171174734,0.887984216954248,,,,腾讯控股,B
00700,2018-09-27,DAILY_NEUTRAL,0,0,0,0,0,33.33333333333333,0.8914461979428481,0.8818310970797159,,,,腾讯控股,B
00700,2018-09-28,DAILY_NEUTRAL,0,0,0,0,0,66.66666666666666,0.7381917414727676,0.8841873664742834,,,,腾讯控股,B
00700,2018-10-02,DAILY_NEUTRAL,0,0,0,0,0,66.66666666666666,1.0040763624991829,0.9171901384667341,,,,腾讯控股,B
00700,2018-10-03,DAILY_NEUTRAL,0,0,0,0,0,33.33333333333333,0.6587004221863607,0.9215526046986723,,,,腾讯控股,B
00700,2018-10-04,DAILY_NEUTRAL,0,0,0,0,0,33.33333333333333,1.1893195155011596,0.8976847122914539,,,,腾讯控股,B
00700,2018-10-05,DAILY_NEUTRAL,0,0,0,0,0,33.33333333333333,1.140631753689426,0.9057784576872261,,,,腾讯控股,B
00700,2018-10-08,DAILY_NEUTRAL,0,0,0,0,0,33.33333333333333,1.1679239587134114,0.8865517001599332,,,,腾讯控股,B
00700,2018-10-09,DAILY_NEUTRAL,0,0,0,0,0,0.0,1.2931738906546846,0.8698630136986301,,,,腾讯控股,B
00700,2018-10-10,DAILY_NEUTRAL,0,0,0,0,0,0.0,1.5814248906186255,0.846151171684862,,,,腾讯控股,B
00700,2018-10-11,DAILY_NEUTRAL,0,0,0,0,0,0.0,2.6954713919272537,0.783985814616508,,,,腾讯控股,B
00700,2018-10-12,DAILY_NEUTRAL,0,0,0,0,0,0.0,1.5946565914153192,0.8525832695918225,,,,腾讯控股,B
00700,2018-10-15,DAILY_NEUTRAL,0,0,0,0,0,0.0,0.6773260785385382,0.8346429316459217,,,,腾讯控股,B
00700,2018-10-16,DAILY_NEUTRAL,0,0,0,0,0,0.0,0.6006657530771206,0.830123079062652,,,,腾讯控股,B
00700,2018-10-18,DAILY_NEUTRAL,0,0,0,0,0,0.0,0.5283152055194728,0.8288714275780544,,,,腾讯控股,B
00700,2018-10-19,DAILY_NEUTRAL,0,0,0,0,0,0.0,0.6412872301644231,0.8320700924831375,,,,腾讯控股,B
00700,2018-10-22,DAILY_NEUTRAL,0,0,0,0,0,0.0,0.9151002783776906,0.861553438564773,,,,腾讯控股,B
00700,2018-10-23,DAILY_NEUTRAL,0,0,0,0,0,0.0,1.2079020248671974,0.8186148390237118,,,,腾讯控股,B
00700,2018-10-24,DAILY_NEUTRAL,0,0,0,0,0,33.33333333333333,1.0027888579757849,0.8121827411167513,,,,腾讯控股,B
00700,2018-10-25,DAILY_NEUTRAL,0,0,0,0,0,0.0,1.171380513078279,0.7934452549649228,,,,腾讯控股,B
00700,2018-10-26,DAILY_NEUTRAL,0,0,0,0,0,0.0,0.9294558661899092,0.7645108373180691,,,,腾讯控股,B
00700,2018-10-29,DAILY_NEUTRAL,0,0,0,0,0,0.0,0.8393700700050061,0.7645108373180691,,,,腾讯控股,B
00700,2018-10-30,DAILY_NEUTRAL,0,0,0,0,0,0.0,1.0617072324486,0.7529767193886617,,,,腾讯控股,B
00700,2018-10-31,DAILY_NEUTRAL,0,0,0,0,0,0.0,1.2504812609123466,0.8083527513891379,,,,腾讯控股,B
00700,2018-11-01,DAILY_NEUTRAL,0,0,0,0,0,0.0,1.4129121311103325,0.8593692970289801,,,,腾讯控股,B
00700,2018-11-02,DAILY_NEUTRAL,0,0,0,0,0,33.33333333333333,2.153995260164493,0.9597201140276184,,,,腾讯控股,B
00700,2018-11-05,DAILY_NEUTRAL,0,0,0,0,0,66.66666666666666,0.6949352204811904,0.9460281261877612,,,,腾讯控股,B
00700,2018-11-06,DAILY_NEUTRAL,0,0,0,0,0,66.66666666666666,0.586164954803097,0.9479746738881684,,,,腾讯控股,B
00700,2018-11-07,DAILY_NEUTRAL,0,0,0,0,0,66.66666666666666,0.6668147525200689,0.963070043560387,,,,腾讯控股,B
00700,2018-11-08,DAILY_NEUTRAL,0,0,0,0,0,66.66666666666666,0.8315600017143878,0.9637639258316949,,,,腾讯控股,B
00700,2018-11-09,DAILY_NEUTRAL,0,0,0,0,0,66.66666666666666,0.8273207446732304,0.9126093828302686,,,,腾讯控股,B
00700,2018-11-12,DAILY_NEUTRAL,0,0,0,0,0,66.66666666666666,1.0059219661773042,0.8820400138776453,,,,腾讯控股,B
00700,2018-11-13,DAILY_NEUTRAL,0,0,0,0,0,33.33333333333333,1.2324738696453406,0.8955321691530781,,,,腾讯控股,B
00700,2018-11-14,DAILY_NEUTRAL,0,0,0,0,0,33.33333333333333,0.7311356290393399,0.8877067190933271,,,,腾讯控股,B
00700,2018-11-15,DAILY_PULLBACK,0,0,1,0,0,66.66666666666666,1.6261675569132852,0.9438726340541999,,,,腾讯控股,B
00700,2018-11-16,DAILY_PULLBACK,0,0,1,0,0,66.66666666666666,0.8260657416303026,0.9523919663852588,,,,腾讯控股,B
00700,2018-11-19,DAILY_PULLBACK,0,0,1,0,0,66.66666666666666,0.5855654000978812,0.9552445935006361,,,,腾讯控股,B
00700,2018-11-20,DAILY_PULLBACK,0,0,1,0,0,100.0,0.5891938633613673,0.9211287151613275,,,,腾讯控股,B
00700,2018-11-21,DAILY_NEUTRAL,0,0,0,0,0,100.0,0.8707548158609248,0.9495393392698815,,,,腾讯控股,B
00700,2018-11-22,DAILY_NEUTRAL,0,0,0,0,0,100.0,0.771201614304825,0.9687367487760687,,,,腾讯控股,B
00700,2018-11-23,DAILY_NEUTRAL,0,0,0,0,0,100.0,0.5813712736255211,0.9552445935006361,,,,腾讯控股,B
00700,2018-11-26,DAILY_NEUTRAL,0,0,0,0,0,100.0,0.847588691891419,0.9794148259511968,,,,腾讯控股,B
00700,2018-11-27,DAILY_NEUTRAL,0,0,0,0,0,100.0,1.5806667419941558,1.0,,,,腾讯控股,B
00700,2018-11-28,DAILY_BREAKOUT,1,0,0,0,0,100.0,1.7750231316399494,1.0390887012836822,,,,腾讯控股,B
00700,2018-11-29,DAILY_DISTRIBUTION,0,1,0,0,0,100.0,1.7489883036161242,0.9897308519314897,,,,腾讯控股,B
00700,2018-11-30,DAILY_NEUTRAL,0,0,0,0,0,100.0,0.9119020273395114,0.970517667587611,,,,腾讯控股,B
00700,2018-12-03,DAILY_NEUTRAL,0,0,0,0,0,100.0,1.2718521957192526,1.0134142794823324,,,,腾讯控股,B
00700,2018-12-04,DAILY_NEUTRAL,0,0,0,0,0,100.0,0.7975197177965136,1.0006739978715857,,,,腾讯控股,B
00700,2018-12-05,DAILY_NEUTRAL,0,0,0,0,0,100.0,0.8335204198171062,0.9758233187989649,,,,腾讯控股,B
00700,2018-12-06,DAILY_PULLBACK,0,0,1,0,0,100.0,1.065662956453842,0.92091176574852,,,,腾讯控股,B
00700,2018-12-07,DAILY_PULLBACK,0,0,1,0,0,100.0,1.0981836028215544,0.9418270764649581,,,,腾讯控股,B
00700,2018-12-10,DAILY_PULLBACK,0,0,1,0,0,100.0,0.587054593329863,0.9333191534616612,,,,腾讯控股,B
00700,2018-12-11,DAILY_PULLBACK,0,0,1,0,0,66.66666666666666,0.6501889363858837,0.9437768088198804,,,,腾讯控股,B
00700,2018-12-12,DAILY_PULLBACK,0,0,1,0,0,66.66666666666666,0.652935396829772,0.9621042929561487,,,,腾讯控股,B
00700,2018-12-13,DAILY_PULLBACK,0,0,1,0,0,66.66666666666666,0.6252964911668418,0.9679534900209155,,,,腾讯控股,B
00700,2018-12-14,DAILY_PULLBACK,0,0,1,0,0,66.66666666666666,0.8904983692619755,0.935942429721011,,,,腾讯控股,B
00700,2018-12-17,DAILY_PULLBACK,0,0,1,0,0,66.66666666666666,0.8434168736477642,0.935942429721011,,,,腾讯控股,B
00700,2018-12-18,DAILY_NEUTRAL,0,0,0,0,0,66.66666666666666,1.2020298134195595,0.9163387571342481,,,,腾讯控股,B
00700,2018-12-19,DAILY_NEUTRAL,0,0,0,0,0,0.0,0.9190197692663368,0.9170123010386757,,,,腾讯控股,B
00700,2018-12-20,DAILY_NEUTRAL,0,0,0,0,0,0.0,1.0388830335692634,0.9124038427452232,,,,腾讯控股,B
00700,2018-12-21,DAILY_NEUTRAL,0,0,0,0,0,33.33333333333333,2.5837029976469337,0.9568577404374492,,,,腾讯控股,B
00700,2018-12-24,DAILY_NEUTRAL,0,0,0,0,0,0.0,0.6933113895312674,0.9418270764649581,,,,腾讯控股,B
00700,2018-12-27,DAILY_NEUTRAL,0,0,0,0,0,0.0,0.83287456401107,0.9385657059803609,,,,腾讯控股,B
00700,2018-12-28,DAILY_NEUTRAL,0,0,0,0,0,33.33333333333333,0.5505605573158822,0.9399482434683966,,,,腾讯控股,B
00700,2018-12-31,DAILY_NEUTRAL,0,0,0,0,0,66.66666666666666,0.4863508913864533,0.9530291750859655,,,,腾讯控股,B
00700,2019-01-02,DAILY_NEUTRAL,0,0,0,0,0,33.33333333333333,0.8248777501500298,0.9288524938849304,,,,腾讯控股,B
00700,2019-01-03,DAILY_NEUTRAL,0,0,0,0,0,33.33333333333333,1.183273248288659,0.9236059413662308,,,,腾讯控股,B
00700,2019-01-04,DAILY_NEUTRAL,0,0,0,0,0,66.66666666666666,1.3569418428866744,0.9419334255024993,,,,腾讯控股,B
00700,2019-01-07,DAILY_NEUTRAL,0,0,0,0,0,100.0,1.707100053865353,0.9795213244556416,,,,腾讯控股,B
00700,2019-01-08,DAILY_PULLBACK,0,0,1,0,0,66.66666666666666,0.9428593952309703,0.9826595899374728,,,,腾讯控股,B
00700,2019-01-09,DAILY_BREAKOUT,1,0,0,0,0,100.0,1.7208178403624756,1.02290242838447,,,,腾讯控股,B
00700,2019-01-10,DAILY_NEUTRAL,0,0,0,0,0,100.0,1.144842482124913,1.0045845475868933,,,,腾讯控股,B
00700,2019-01-11,DAILY_NEUTRAL,0,0,0,0,0,100.0,0.8589131547060402,1.0045517095374192,,,,腾讯控股,B
00700,2019-01-14,DAILY_PULLBACK,0,0,1,0,0,100.0,0.8035232065086242,0.9590035785011986,,,,腾讯控股,B
00700,2019-01-15,DAILY_NEUTRAL,0,0,0,0,0,100.0,0.7556902622183275,0.9852690824444984,,,,腾讯控股,B
00700,2019-01-16,DAILY_NEUTRAL,0,0,0,0,0,100.0,0.7262003012364823,0.9884654136122016,,,,腾讯控股,B
00700,2019-01-17,DAILY_NEUTRAL,0,0,0,0,0,100.0,1.1885878137107369,0.9891255254837925,,,,腾讯控股,B
00700,2019-01-18,DAILY_NEUTRAL,0,0,0,0,0,100.0,0.8187290582833899,0.9968380533406656,,,,腾讯控股,B
00700,2019-01-21,DAILY_NEUTRAL,0,0,0,0,0,100.0,1.0459444450536548,1.0063582623040968,,,,腾讯控股,B
00700,2019-01-22,DAILY_NEUTRAL,0,0,0,0,0,100.0,1.1532887592189502,0.9733207572593141,,,,腾讯控股,B
00700,2019-01-23,DAILY_PULLBACK,0,0,1,0,0,100.0,0.8610235535041257,0.9652361382469852,,,,腾讯控股,B
00700,2019-01-24,DAILY_PULLBACK,0,0,1,0,0,100.0,0.89770284198081,0.9559051404702552,,,,腾讯控股,B
00700,2019-01-25,DAILY_NEUTRAL,0,0,0,0,0,100.0,1.7660028603276334,0.9981472748096746,,,,腾讯控股,B
00700,2019-01-28,DAILY_NEUTRAL,0,0,0,0,0,100.0,1.0574902645130535,0.9913090345617461,,,,腾讯控股,B
00700,2019-01-29,DAILY_NEUTRAL,0,0,0,0,0,100.0,0.7291286805894949,0.979807372965792,,,,腾讯控股,B
00700,2019-01-30,DAILY_NEUTRAL,0,0,0,0,0,100.0,0.6347482282894411,0.9853204915310527,,,,腾讯控股,B
00700,2019-01-31,DAILY_NEUTRAL,0,0,0,0,0,100.0,1.2121223838134156,0.9908336100963133,,,,腾讯控股,B
00700,2019-02-01,DAILY_NEUTRAL,0,0,0,0,0,100.0,0.6538352242555876,0.9908565769929032,,,,腾讯控股,B
00700,2019-02-04,DAILY_NEUTRAL,0,0,0,0,0,100.0,0.32789068921396136,0.9866390232665284,,,,腾讯控股,B
00700,2019-02-08,DAILY_PULLBACK,0,0,1,0,0,100.0,1.0221329706024047,0.9805838022838714,,,,腾讯控股,B
00700,2019-02-11,DAILY_NEUTRAL,0,0,0,0,0,100.0,1.2047733679445636,1.0,,,,腾讯控股,B
00700,2019-02-12,DAILY_NEUTRAL,0,0,0,0,0,100.0,0.9836713653326081,0.9957650766553954,,,,腾讯控股,B
00700,2019-02-13,DAILY_DISTRIBUTION,0,1,1,0,0,100.0,1.7052360953415027,0.9842842612946618,,,,腾讯控股,B
00700,2019-02-14,DAILY_PULLBACK,0,0,1,0,0,100.0,1.2681612081317921,0.9661406214114636,,,,腾讯控股,B
00700,2019-02-15,DAILY_NEUTRAL,0,0,0,0,0,33.33333333333333,1.0376115538199184,0.9419272285836148,,,,腾讯控股,B
00700,2019-02-18,DAILY_NEUTRAL,0,0,0,0,0,33.33333333333333,0.6468617576125768,0.9600708684668132,,,,腾讯控股,B
00700,2019-02-19,DAILY_NEUTRAL,0,0,0,0,0,33.33333333333333,0.530427619873328,0.9510154532629023,,,,腾讯控股,B
00700,2019-02-20,DAILY_NEUTRAL,0,0,0,0,0,33.33333333333333,1.0420698405781166,0.9637127202336034,,,,腾讯控股,B
00700,2019-02-21,DAILY_PULLBACK,0,0,1,0,0,66.66666666666666,0.7736144431359451,0.9703730437350305,,,,腾讯控股,B
00700,2019-02-22,DAILY_PULLBACK,0,0,1,0,0,66.66666666666666,0.9988300745397938,0.9728009449128908,,,,腾讯控股,B
00700,2019-02-25,DAILY_NEUTRAL,0,0,0,0,0,33.33333333333333,1.3420263385869236,0.9721775648807375,,,,腾讯控股,B
00700,2019-02-26,DAILY_NEUTRAL,0,0,0,0,0,33.33333333333333,1.000015106755897,0.9697496637028773,,,,腾讯控股,B
00700,2019-02-27,DAILY_NEUTRAL,0,0,0,0,0,33.33333333333333,1.071493844209535,0.9612848190557433,,,,腾讯控股,B
00700,2019-02-28,DAILY_NEUTRAL,0,0,0,0,0,33.33333333333333,1.294178514471082,0.9479969815282653,,,,腾讯控股,B
00700,2019-03-01,DAILY_NEUTRAL,0,0,0,0,0,0.0,1.0728467580580472,0.9492109321171954,,,,腾讯控股,B
00700,2019-03-04,DAILY_NEUTRAL,0,0,0,0,0,33.33333333333333,1.7322136141276643,0.9812657895600249,,,,腾讯控股,B
00700,2019-03-05,DAILY_BREAKOUT,1,0,0,0,0,66.66666666666666,1.9494530800218983,1.0254273434167787,,,,腾讯控股,B
00700,2019-03-06,DAILY_DISTRIBUTION,0,1,0,0,0,100.0,1.2796361857710297,1.0,,,,腾讯控股,B
00700,2019-03-07,DAILY_NEUTRAL,0,0,0,0,0,100.0,0.660108284029131,0.9574361854833677,,,,腾讯控股,B
00700,2019-03-08,DAILY_PULLBACK,0,0,1,0,0,100.0,0.9997645263793449,0.9338450976720964,,,,腾讯控股,B
00700,2019-03-11,DAILY_PULLBACK,0,0,1,0,0,100.0,0.6653197457889284,0.9562815952068902,,,,腾讯控股,B
00700,2019-03-12,DAILY_NEUTRAL,0,0,0,0,0,100.0,0.639811678260358,0.9741309367783811,,,,腾讯控股,B
00700,2019-03-13,DAILY_NEUTRAL,0,0,0,0,0,100.0,0.5622098946132776,0.9666417025525806,,,,腾讯控股,B
00700,2019-03-14,DAILY_NEUTRAL,0,0,0,0,0,100.0,0.6693924453866331,0.9643325219996255,,,,腾讯控股,B
00700,2019-03-15,DAILY_NEUTRAL,0,0,0,0,0,100.0,0.9475817515645087,0.9683579853959933,,,,腾讯控股,B
00700,2019-03-18,DAILY_NEUTRAL,0,0,0,0,0,100.0,1.298467084363775,0.996567434313175,,,,腾讯控股,B
00700,2019-03-19,DAILY_NEUTRAL,0,0,0,0,0,100.0,1.0113401685891643,1.0,,,,腾讯控股,B
00700,2019-03-20,DAILY_NEUTRAL,0,0,0,0,0,100.0,1.0757143895442742,1.0,,,,腾讯控股,B
00700,2019-03-21,DAILY_PULLBACK,0,0,1,0,0,100.0,1.3374733254473237,0.9764903442485307,,,,腾讯控股,B
00700,2019-03-22,DAILY_PULLBACK,0,0,1,0,0,100.0,1.4395099737251447,0.9822122710451846,,,,腾讯控股,B
00700,2019-03-25,DAILY_NEUTRAL,0,0,0,0,0,66.66666666666666,1.0677612078119079,0.9501197250987343,,,,腾讯控股,B
00700,2019-03-26,DAILY_NEUTRAL,0,0,0,0,0,33.33333333333333,0.8195239218574956,0.9432471934571011,,,,腾讯控股,B
00700,2019-03-27,DAILY_NEUTRAL,0,0,0,0,0,33.33333333333333,0.6805557158618976,0.9524209347886929,,,,腾讯控股,B
00700,2019-03-28,DAILY_NEUTRAL,0,0,0,0,0,33.33333333333333,0.5641668325866122,0.9506794788071026,,,,腾讯控股,B
00700,2019-03-29,DAILY_PULLBACK,0,0,1,0,0,66.66666666666666,1.011000597689036,0.9707684174518768,,,,腾讯控股,B
00700,2019-04-01,DAILY_PULLBACK,0,0,1,0,0,66.66666666666666,0.933734711653974,0.9822122710451846,,,,腾讯控股,B
00700,2019-04-02,DAILY_PULLBACK,0,0,1,0,0,66.66666666666666,0.9150502857842268,0.9851043318717542,,,,腾讯控股,B
00700,2019-04-03,DAILY_BREAKOUT,1,0,0,0,0,100.0,1.9658380575067977,1.019498087508163,,,,腾讯控股,B
00700,2019-04-04,DAILY_NEUTRAL,0,0,0,0,0,100.0,0.811517949341331,0.9904596967763498,,,,腾讯控股,B
00700,2019-04-08,DAILY_NEUTRAL,0,0,0,0,0,100.0,0.9325159623783007,1.0017005253408642,,,,腾讯控股,B
00700,2019-04-09,DAILY_NEUTRAL,0,0,0,0,0,100.0,0.8494762184554344,1.0055562265974152,,,,腾讯控股,B
00700,2019-04-10,DAILY_NEUTRAL,0,0,0,0,0,100.0,0.9084503204705368,1.0138059365527177,,,,腾讯控股,B
00700,2019-04-11,DAILY_BREAKOUT,1,0,0,0,0,100.0,1.9144624262810876,1.005438155755874,,,,腾讯控股,B
00700,2019-04-12,DAILY_NEUTRAL,0,0,0,0,0,100.0,0.6825962334391068,0.9825246061579959,,,,腾讯控股,B
00700,2019-04-15,DAILY_PULLBACK,0,0,1,0,0,100.0,0.7545146241738794,0.9677178685184654,,,,腾讯控股,B
00700,2019-04-16,DAILY_NEUTRAL,0,0,0,0,0,100.0,0.7193643336645817,0.9820080920542914,,,,腾讯控股,B
00700,2019-04-17,DAILY_NEUTRAL,0,0,0,0,0,100.0,0.7185409063270188,0.9872880140032713,,,,腾讯控股,B
00700,2019-04-18,DAILY_PULLBACK,0,0,1,0,0,100.0,0.7622750210766188,0.9767281701053114,,,,腾讯控股,B
00700,2019-04-23,DAILY_NEUTRAL,0,0,0,0,0,100.0,1.0122013501884717,0.9804298545151942,,,,腾讯控股,B
00700,2019-04-24,DAILY_PULLBACK,0,0,1,0,0,100.0,1.1484325734743945,0.9804298545151942,,,,腾讯控股,B
00700,2019-04-25,DAILY_PULLBACK,0,0,1,0,0,100.0,1.151717821410561,0.9534276449826393,,,,腾讯控股,B
00700,2019-04-26,DAILY_PULLBACK,0,0,1,0,0,66.66666666666666,0.9204495359206729,0.9566128152888175,,,,腾讯控股,B
00700,2019-04-29,DAILY_PULLBACK,0,0,1,0,0,66.66666666666666,0.9593975004372143,0.9740595139028378,,,,腾讯控股,B
00700,2019-04-30,DAILY_PULLBACK,0,0,1,0,0,66.66666666666666,0.6857770688972844,0.9672013544147608,,,,腾讯控股,B
00700,2019-05-02,DAILY_PULLBACK,0,0,1,0,0,66.66666666666666,0.6774963459990407,0.9761829607736233,,,,腾讯控股,B
00700,2019-05-03,DAILY_PULLBACK,0,0,1,0,0,66.66666666666666,0.7973855062473187,0.9666561450830726,,,,腾讯控股,B
00700,2019-05-06,DAILY_NEUTRAL,0,0,0,0,0,33.33333333333333,2.0773255610648445,0.9344027088295216,,,,腾讯控股,B
00700,2019-05-07,DAILY_NEUTRAL,0,0,0,0,0,0.0,1.339198494123508,0.9481477230336596,,,,腾讯控股,B
00700,2019-05-08,DAILY_NEUTRAL,0,0,0,0,0,0.0,2.502481500207995,0.9587362621596028,,,,腾讯控股,B
00700,2019-05-09,DAILY_NEUTRAL,0,0,0,0,0,0.0,1.0651801149608617,0.9344027088295216,,,,腾讯控股,B
00700,2019-05-10,DAILY_NEUTRAL,0,0,0,0,0,0.0,1.249940583547746,0.9513328933398375,,,,腾讯控股,B
00700,2019-05-14,DAILY_NEUTRAL,0,0,0,0,0,0.0,1.104237504209918,0.9211742087290883,,,,腾讯控股,B
00700,2019-05-15,DAILY_NEUTRAL,0,0,0,0,0,0.0,0.6605143921190609,0.9301558150879508,,,,腾讯控股,B
00700,2019-05-16,DAILY_NEUTRAL,0,0,0,0,0,0.0,0.9365889226782115,0.912791368566813,,,,腾讯控股,B
00700,2019-05-17,DAILY_NEUTRAL,0,0,0,0,0,0.0,1.0279936609569853,0.889395338102931,,,,腾讯控股,B
00700,2019-05-20,DAILY_NEUTRAL,0,0,0,0,0,0.0,1.171390993319524,0.854026409315496,,,,腾讯控股,B
00700,2019-05-21,DAILY_NEUTRAL,0,0,0,0,0,0.0,0.9825795077576698,0.8519171313820104,,,,腾讯控股,B
00700,2019-05-22,DAILY_NEUTRAL,0,0,0,0,0,0.0,0.8588653292042698,0.8460516050738248,,,,腾讯控股,B
00700,2019-05-23,DAILY_NEUTRAL,0,0,0,0,0,0.0,1.6111604301602953,0.8114074373717819,,,,腾讯控股,B
00700,2019-05-24,DAILY_NEUTRAL,0,0,0,0,0,0.0,0.8313679264283822,0.8082290733624203,,,,腾讯控股,B
00700,2019-05-27,DAILY_NEUTRAL,0,0,0,0,0,0.0,0.7782105789348039,0.811621204622864,,,,腾讯控股,B
00700,2019-05-28,DAILY_NEUTRAL,0,0,0,0,0,0.0,1.2054505421365225,0.8164536694710488,,,,腾讯控股,B
00700,2019-05-29,DAILY_NEUTRAL,0,0,0,0,0,0.0,0.7902877562898059,0.806788739774679,,,,腾讯控股,B
00700,2019-05-30,DAILY_NEUTRAL,0,0,0,0,0,0.0,0.5110816829348934,0.8132223224942506,,,,腾讯控股,B
00700,2019-05-31,DAILY_NEUTRAL,0,0,0,0,0,0.0,0.920246333540357,0.8175016738959564,,,,腾讯控股,B
00700,2019-06-03,DAILY_NEUTRAL,0,0,0,0,0,0.0,1.0139290429949723,0.8379086489476288,,,,腾讯控股,B
00700,2019-06-04,DAILY_NEUTRAL,0,0,0,0,0,0.0,0.9703888644923044,0.8207330208727548,,,,腾讯控股,B
00700,2019-06-05,DAILY_NEUTRAL,0,0,0,0,0,33.33333333333333,0.9925061327760398,0.8309219527815784,,,,腾讯控股,B
00700,2019-06-06,DAILY_NEUTRAL,0,0,0,0,0,33.33333333333333,0.6859921064658486,0.8293208349101918,,,,腾讯控股,B
00700,2019-06-10,DAILY_NEUTRAL,0,0,0,0,0,66.66666666666666,1.331167622643683,0.8801614866268886,,,,腾讯控股,B
00700,2019-06-11,DAILY_NEUTRAL,0,0,0,0,0,66.66666666666666,0.9439142352831159,0.8845251877578889,,,,腾讯控股,B
00700,2019-06-12,DAILY_NEUTRAL,0,0,0,0,0,66.66666666666666,0.9523498954148263,0.8876329179488742,,,,腾讯控股,B
00700,2019-06-13,DAILY_NEUTRAL,0,0,0,0,0,33.33333333333333,1.1294787678923053,0.8786447701166936,,,,腾讯控股,B
00700,2019-06-14,DAILY_NEUTRAL,0,0,0,0,0,66.66666666666666,0.7644143842563581,0.872756833031688,,,,腾讯控股,B
00700,2019-06-17,DAILY_NEUTRAL,0,0,0,0,0,66.66666666666666,0.5653896252438334,0.8885233574584076,,,,腾讯控股,B
00700,2019-06-18,DAILY_PULLBACK,0,0,1,0,0,66.66666666666666,0.7445638527923313,0.9438349435074503,,,,腾讯控股,B
00700,2019-06-19,DAILY_PULLBACK,0,0,1,0,0,66.66666666666666,1.5813994435478487,0.9969464635401108,,,,腾讯控股,B
00700,2019-06-20,DAILY_NEUTRAL,0,0,0,0,0,100.0,1.1940499309228083,1.0190083743187557,,,,腾讯控股,B
00700,2019-06-21,DAILY_DISTRIBUTION,0,1,0,0,0,100.0,1.2662107541222956,1.0011740151317505,,,,腾讯控股,B
00700,2019-06-24,DAILY_NEUTRAL,0,0,0,0,0,100.0,0.6229914316256525,0.9952545436937084,,,,腾讯控股,B
00700,2019-06-25,DAILY_PULLBACK,0,0,1,0,0,100.0,0.6705639690850327,0.976208154437163,,,,腾讯控股,B
00700,2019-06-26,DAILY_PULLBACK,0,0,1,0,0,100.0,0.6269900006712269,0.9750137198566678,,,,腾讯控股,B
00700,2019-06-27,DAILY_NEUTRAL,0,0,0,0,0,100.0,0.7827539452322196,0.9863124253478387,,,,腾讯控股,B
00700,2019-06-28,DAILY_NEUTRAL,0,0,0,0,0,100.0,0.9952052118562698,0.9857313490654358,,,,腾讯控股,B
00700,2019-07-02,DAILY_BREAKOUT,1,0,0,0,0,100.0,1.9801760288018173,1.0148820092326565,,,,腾讯控股,B
00700,2019-07-03,DAILY_NEUTRAL,0,0,0,0,0,100.0,0.7541566253776267,0.9786447895791583,,,,腾讯控股,B
00700,2019-07-04,DAILY_NEUTRAL,0,0,0,0,0,100.0,0.5039856208026888,0.9774862224448898,,,,腾讯控股,B
00700,2019-07-05,DAILY_NEUTRAL,0,0,0,0,0,100.0,0.4021067575342341,0.9768912825651302,,,,腾讯控股,B
00700,2019-07-08,DAILY_PULLBACK,0,0,1,0,0,100.0,0.8703166740998726,0.9514967434869739,,,,腾讯控股,B
00700,2019-07-09,DAILY_PULLBACK,0,0,1,0,0,100.0,0.8806123993146283,0.9509331162324649,,,,腾讯控股,B
00700,2019-07-10,DAILY_NEUTRAL,0,0,0,0,0,100.0,1.5321567489323709,0.9682489979959921,,,,腾讯控股,B
00700,2019-07-11,DAILY_PULLBACK,0,0,1,0,0,66.66666666666666,1.0010835368560944,0.9694075651302604,,,,腾讯控股,B
00700,2019-07-12,DAILY_PULLBACK,0,0,1,0,0,66.66666666666666,0.8895036020276463,0.9630511022044088,,,,腾讯控股,B
00700,2019-07-15,DAILY_PULLBACK,0,0,1,0,0,66.66666666666666,1.187069207081572,0.9797720440881762,,,,腾讯控股,B
00700,2019-07-16,DAILY_NEUTRAL,0,0,0,0,0,100.0,1.010981977847335,0.9849699398797594,,,,腾讯控股,B
00700,2019-07-17,DAILY_NEUTRAL,0,0,0,0,0,100.0,0.9229423222864916,0.9867234468937875,,,,腾讯控股,B
00700,2019-07-18,DAILY_PULLBACK,0,0,1,0,0,100.0,1.0687289281171752,0.9676540581162323,,,,腾讯控股,B
00700,2019-07-19,DAILY_NEUTRAL,0,0,0,0,0,100.0,0.7950366145034621,0.9826841182364728,,,,腾讯控股,B
00700,2019-07-22,DAILY_PULLBACK,0,0,1,0,0,100.0,0.8601272841246446,0.9705348196392785,,,,腾讯控股,B
00700,2019-07-23,DAILY_PULLBACK,0,0,1,0,0,100.0,0.9265141622750218,0.9734468937875751,,,,腾讯控股,B
00700,2019-07-24,DAILY_NEUTRAL,0,0,0,0,0,100.0,1.9450590155608065,0.9936435370741482,,,,腾讯控股,B
00700,2019-07-25,DAILY_NEUTRAL,0,0,0,0,0,100.0,1.2969496807815444,1.0068763807212422,,,,腾讯控股,B
00700,2019-07-26,DAILY_NEUTRAL,0,0,0,0,0,100.0,1.0189057161461545,0.9914595794536598,,,,腾讯控股,B
00700,2019-07-29,DAILY_NEUTRAL,0,0,0,0,0,100.0,0.9279549347215518,0.9892634283616787,,,,腾讯控股,B
00700,2019-07-30,DAILY_NEUTRAL,0,0,0,0,0,100.0,0.8315074168628859,0.9921081610179859,,,,腾讯控股,B
00700,2019-07-31,DAILY_PULLBACK,0,0,1,0,0,100.0,0.8053296418873247,0.9730659200194779,,,,腾讯控股,B
00700,2019-08-01,DAILY_PULLBACK,0,0,1,0,0,100.0,1.0688106325578144,0.978117962140118,,,,腾讯控股,B
00700,2019-08-02,DAILY_NEUTRAL,0,0,0,0,0,66.66666666666666,2.2430536573094852,0.9382798709598881,,,,腾讯控股,B
00700,2019-08-05,DAILY_NEUTRAL,0,0,0,0,0,33.33333333333333,2.1838497783436486,0.8956114188325521,,,,腾讯控股,B
00700,2019-08-06,DAILY_NEUTRAL,0,0,0,0,0,33.33333333333333,1.7509763900343482,0.886085580376164,,,,腾讯控股,B
00700,2019-08-07,DAILY_NEUTRAL,0,0,0,0,0,0.0,0.6889602365013943,0.8900115649156979,,,,腾讯控股,B
00700,2019-08-08,DAILY_NEUTRAL,0,0,0,0,0,0.0,0.6743398026645941,0.9006634609531926,,,,腾讯控股,B
00700,2019-08-09,DAILY_NEUTRAL,0,0,0,0,0,0.0,0.583810936666934,0.8894637531194839,,,,腾讯控股,B
00700,2019-08-12,DAILY_NEUTRAL,0,0,0,0,0,0.0,0.5812725261661982,0.8939375494552317,,,,腾讯控股,B
00700,2019-08-13,DAILY_NEUTRAL,0,0,0,0,0,0.0,0.7476649153761256,0.87710755371599,,,,腾讯控股,B
00700,2019-08-14,DAILY_NEUTRAL,0,0,0,0,0,0.0,1.251334500599047,0.8939375494552317,,,,腾讯控股,B
00700,2019-08-15,DAILY_NEUTRAL,0,0,0,0,0,0.0,2.0787123374856358,0.8670034694747094,,,,腾讯控股,B
00700,2019-08-16,DAILY_NEUTRAL,0,0,0,0,0,0.0,1.3681215564223128,0.8557733276523222,,,,腾讯控股,B
00700,2019-08-19,DAILY_NEUTRAL,0,0,0,0,0,0.0,1.1269987162343362,0.8849595227950575,,,,腾讯控股,B
00700,2019-08-20,DAILY_NEUTRAL,0,0,0,0,0,0.0,0.7307243625102333,0.8754336843386694,,,,腾讯控股,B
00700,2019-08-21,DAILY_NEUTRAL,0,0,0,0,0,0.0,0.48039743270917673,0.8731815691764564,,,,腾讯控股,B
00700,2019-08-22,DAILY_NEUTRAL,0,0,0,0,0,0.0,0.5185461942550754,0.86867733885203,,,,腾讯控股,B
00700,2019-08-23,DAILY_NEUTRAL,0,0,0,0,0,0.0,0.7195784499942908,0.877655365512204,,,,腾讯控股,B
00700,2019-08-26,DAILY_NEUTRAL,0,0,0,0,0,0.0,1.6242530171211333,0.8546472700712155,,,,腾讯控股,B
00700,2019-08-27,DAILY_NEUTRAL,0,0,0,0,0,0.0,1.2612730311158324,0.8552255158561081,,,,腾讯控股,B
00700,2019-08-28,DAILY_NEUTRAL,0,0,0,0,0,0.0,1.541113526695519,0.8445012157961157,,,,腾讯控股,B
00700,2019-08-29,DAILY_NEUTRAL,0,0,0,0,0,0.0,1.4613668200772996,0.8479177567792177,,,,腾讯控股,B
00700,2019-08-30,DAILY_NEUTRAL,0,0,0,0,0,0.0,0.9694373044899155,0.8907996560619089,,,,腾讯控股,B
00700,2019-09-02,DAILY_NEUTRAL,0,0,0,0,0,0.0,0.7867653576454168,0.9399414223187548,,,,腾讯控股,B
00700,2019-09-03,DAILY_NEUTRAL,0,0,0,0,0,0.0,0.6847157238258554,0.945332800319808,,,,腾讯控股,B
00700,2019-09-04,DAILY_NEUTRAL,0,0,0,0,0,66.66666666666666,1.139625632774363,0.9822106735958424,,,,腾讯控股,B
00700,2019-09-05,DAILY_NEUTRAL,0,0,0,0,0,66.66666666666666,0.9275582313155744,0.9828103138117129,,,,腾讯控股,B
00700,2019-09-06,DAILY_NEUTRAL,0,0,0,0,0,66.66666666666666,0.7404349476539323,0.9889399693517223,,,,腾讯控股,B
00700,2019-09-09,DAILY_NEUTRAL,0,0,0,0,0,66.66666666666666,0.5190305302590189,0.9889059680545346,,,,腾讯控股,B
00700,2019-09-10,DAILY_PULLBACK,0,0,1,0,0,100.0,0.696192354397748,0.9821225690035422,,,,腾讯控股,B
00700,2019-09-11,DAILY_NEUTRAL,0,0,0,0,0,100.0,1.076070596105731,1.0,,,,腾讯控股,B
00700,2019-09-12,DAILY_NEUTRAL,0,0,0,0,0,100.0,1.1445313887089856,1.0049182506978598,,,,腾讯控股,B
00700,2019-09-13,DAILY_NEUTRAL,0,0,0,0,0,100.0,0.7759704775630233,0.9957547635502023,,,,腾讯控股,B
00700,2019-09-16,DAILY_DISTRIBUTION,0,1,0,0,0,100.0,1.9310891535429897,0.9866390232665284,,,,腾讯控股,B
00700,2019-09-17,DAILY_PULLBACK,0,0,1,0,0,100.0,0.6143720978550545,0.9775561917925429,,,,腾讯控股,B
00700,2019-09-18,DAILY_PULLBACK,0,0,1,0,0,100.0,0.498116468191595,0.9757462072596834,,,,腾讯控股,B
00700,2019-09-19,DAILY_PULLBACK,0,0,1,0,0,66.66666666666666,0.7240785323865234,0.9617928719518215,,,,腾讯控股,B
00700,2019-09-20,DAILY_PULLBACK,0,0,1,0,0,66.66666666666666,1.6255836935616264,0.9593576200348832,,,,腾讯控股,B
00700,2019-09-23,DAILY_NEUTRAL,0,0,0,0,0,33.33333333333333,0.605038496714937,0.9538947576266167,,,,腾讯控股,B
00700,2019-09-24,DAILY_NEUTRAL,0,0,0,0,0,33.33333333333333,1.0001217247886476,0.9532694902425379,,,,腾讯控股,B
00700,2019-09-25,DAILY_NEUTRAL,0,0,0,0,0,33.33333333333333,1.5825346568450465,0.9314509494191595,,,,腾讯控股,B
00700,2019-09-26,DAILY_NEUTRAL,0,0,0,0,0,33.33333333333333,0.954718093320037,0.9435613913844737,,,,腾讯控股,B
00700,2019-09-27,DAILY_NEUTRAL,0,0,0,0,0,0.0,0.7935440307363322,0.934478559910488,,,,腾讯控股,B
00700,2019-09-30,DAILY_NEUTRAL,0,0,0,0,0,0.0,1.2297013935949241,0.9369138118274262,,,,腾讯控股,B
00700,2019-10-02,DAILY_NEUTRAL,0,0,0,0,0,0.0,1.3070795515793951,0.9211175831770164,,,,腾讯控股,B
00700,2019-10-03,DAILY_NEUTRAL,0,0,0,0,0,0.0,1.0888139356814022,0.9217428505610951,,,,腾讯控股,B
00700,2019-10-04,DAILY_NEUTRAL,0,0,0,0,0,0.0,0.8872242866843305,0.9144370948102807,,,,腾讯控股,B
00700,2019-10-08,DAILY_NEUTRAL,0,0,0,0,0,0.0,1.072769468727599,0.9174976141112976,,,,腾讯控股,B
00700,2019-10-09,DAILY_NEUTRAL,0,0,0,0,0,0.0,1.1685350517126587,0.9004837595024188,,,,腾讯控股,B
00700,2019-10-10,DAILY_NEUTRAL,0,0,0,0,0,0.0,1.0475951277028557,0.9023266528449666,,,,腾讯控股,B
00700,2019-10-11,DAILY_NEUTRAL,0,0,0,0,0,0.0,1.2584638655556464,0.9205252246026262,,,,腾讯控股,B
00700,2019-10-14,DAILY_NEUTRAL,0,0,0,0,0,0.0,1.4699561200962628,0.9308256820350809,,,,腾讯控股,B
00700,2019-10-15,DAILY_NEUTRAL,0,0,0,0,0,0.0,0.7629531012540491,0.9338056013179572,,,,腾讯控股,B
00700,2019-10-16,DAILY_NEUTRAL,0,0,0,0,0,66.66666666666666,0.7583593057606942,0.9520362896501118,,,,腾讯控股,B
00700,2019-10-17,DAILY_NEUTRAL,0,0,0,0,0,66.66666666666666,0.5857207684990632,0.9549667101609288,,,,腾讯控股,B
00700,2019-10-18,DAILY_NEUTRAL,0,0,0,0,0,66.66666666666666,0.6031078342678499,0.9549667101609288,,,,腾讯控股,B
00700,2019-10-21,DAILY_NEUTRAL,0,0,0,0,0,33.33333333333333,0.9630569660079112,0.9428340299312391,,,,腾讯控股,B
00700,2019-10-22,DAILY_NEUTRAL,0,0,0,0,0,33.33333333333333,0.8379326205628401,0.958671511529188,,,,腾讯控股,B
00700,2019-10-23,DAILY_NEUTRAL,0,0,0,0,0,33.33333333333333,1.6943552222486473,0.9419352631218779,,,,腾讯控股,B
00700,2019-10-24,DAILY_NEUTRAL,0,0,0,0,0,33.33333333333333,1.4321001526138306,0.9393980894990928,,,,腾讯控股,B
00700,2019-10-25,DAILY_NEUTRAL,0,0,0,0,0,33.33333333333333,1.0870409431270154,0.9401361014197382,,,,腾讯控股,B
00700,2019-10-28,DAILY_NEUTRAL,0,0,0,0,0,33.33333333333333,1.121489826749136,0.9573387681785208,,,,腾讯控股,B
00700,2019-10-29,DAILY_NEUTRAL,0,0,0,0,0,0.0,1.212472718093544,0.9450377973507177,,,,腾讯控股,B
00700,2019-10-30,DAILY_NEUTRAL,0,0,0,0,0,0.0,0.7198074734566321,0.942471738678133,,,,腾讯控股,B
00700,2019-10-31,DAILY_NEUTRAL,0,0,0,0,0,0.0,0.9475578591416137,0.9571745613426728,,,,腾讯控股,B
00700,2019-11-01,DAILY_NEUTRAL,0,0,0,0,0,0.0,0.6295601023112062,0.9597406200152576,,,,腾讯控股,B
00700,2019-11-04,DAILY_NEUTRAL,0,0,0,0,0,33.33333333333333,0.9564495142551669,0.9789167071225467,,,,腾讯控股,B
00700,2019-11-05,DAILY_NEUTRAL,0,0,0,0,0,66.66666666666666,1.528568452581719,0.9961855884596712,,,,腾讯控股,B
00700,2019-11-06,DAILY_NEUTRAL,0,0,0,0,0,66.66666666666666,0.8046384365296747,0.999375823566128,,,,腾讯控股,B
00700,2019-11-07,DAILY_NEUTRAL,0,0,0,0,0,66.66666666666666,1.015729473948415,0.9961583719803419,,,,腾讯控股,B
00700,2019-11-08,DAILY_NEUTRAL,0,0,0,0,0,66.66666666666666,1.0973670183990587,0.975738907731709,,,,腾讯控股,B
00700,2019-11-11,DAILY_NEUTRAL,0,0,0,0,0,66.66666666666666,0.9183484229254661,0.9611143755832844,,,,腾讯控股,B
00700,2019-11-12,DAILY_NEUTRAL,0,0,0,0,0,100.0,0.9646805504874235,0.984065535239017,,,,腾讯控股,B
00700,2019-11-13,DAILY_PULLBACK,0,0,1,0,0,100.0,1.0532762314837227,0.9751132003733021,,,,腾讯控股,B
00700,2019-11-14,DAILY_NEUTRAL,0,0,0,0,0,33.33333333333333,1.623677853263045,0.9509177007362345,,,,腾讯控股,B
00700,2019-11-15,DAILY_NEUTRAL,0,0,0,0,0,33.33333333333333,0.7610341712655503,0.951539870726902,,,,腾讯控股,B
00700,2019-11-18,DAILY_PULLBACK,0,0,1,0,0,66.66666666666666,1.4957184773752286,0.983408800248868,,,,腾讯控股,B
00700,2019-11-19,DAILY_PULLBACK,0,0,1,0,0,66.66666666666666,1.2712432466526216,1.0044588849331169,,,,腾讯控股,B
00700,2019-11-20,DAILY_NEUTRAL,0,0,0,0,0,100.0,0.650586789946411,0.9967997247075017,,,,腾讯控股,B
00700,2019-11-21,DAILY_PULLBACK,0,0,1,0,0,100.0,0.6449849384923756,0.9740669593852909,,,,腾讯控股,B
00700,2019-11-22,DAILY_NEUTRAL,0,0,0,0,0,100.0,0.5853431703858211,0.9873422063666301,,,,腾讯控股,B
00700,2019-11-25,DAILY_NEUTRAL,0,0,0,0,0,100.0,1.0165388473648527,1.0037733260153678,,,,腾讯控股,B
00700,2019-11-26,DAILY_DISTRIBUTION,0,1,0,0,0,100.0,1.832604745052982,0.980635769660449,,,,腾讯控股,B
00700,2019-11-27,DAILY_NEUTRAL,0,0,0,0,0,100.0,0.6586089369046781,0.978177758229861,,,,腾讯控股,B
00700,2019-11-28,DAILY_NEUTRAL,0,0,0,0,0,100.0,1.1014217921026512,0.9875494806644788,,,,腾讯控股,B
00700,2019-11-29,DAILY_PULLBACK,0,0,1,0,0,100.0,0.7896504605430631,0.9681970430016579,,,,腾讯控股,B
00700,2019-12-02,DAILY_PULLBACK,0,0,1,0,0,66.66666666666666,0.5628112437300139,0.9719524985621003,,,,腾讯控股,B
00700,2019-12-03,DAILY_NEUTRAL,0,0,0,0,0,33.33333333333333,0.768620718655045,0.9656934059613629,,,,腾讯控股,B
00700,2019-12-04,DAILY_NEUTRAL,0,0,0,0,0,33.33333333333333,0.9269631570822804,0.9582163277734548,,,,腾讯控股,B
00700,2019-12-05,DAILY_NEUTRAL,0,0,0,0,0,33.33333333333333,0.8704342702411516,0.9625807761274825,,,,腾讯控股,B
00700,2019-12-06,DAILY_PULLBACK,0,0,1,0,0,66.66666666666666,1.288175306523179,0.9800385695435938,,,,腾讯控股,B
00700,2019-12-09,DAILY_PULLBACK,0,0,1,0,0,66.66666666666666,0.7867843820200467,0.9819332137903035,,,,腾讯控股,B
00700,2019-12-10,DAILY_PULLBACK,0,0,1,0,0,66.66666666666666,0.8421591812410507,0.9837940251040362,,,,腾讯控股,B
00700,2019-12-11,DAILY_NEUTRAL,0,0,0,0,0,100.0,1.0461895773654395,0.9937747403322394,,,,腾讯控股,B
00700,2019-12-12,DAILY_BREAKOUT,1,0,0,0,0,100.0,2.7651008016988867,1.021856074703116,,,,腾讯控股,B
00700,2019-12-13,DAILY_BREAKOUT,1,0,0,0,0,100.0,2.0048640843756287,1.0290888772022087,,,,腾讯控股,B
00700,2019-12-16,DAILY_NEUTRAL,0,0,0,0,0,100.0,0.9724816735307197,0.9941050887423128,,,,腾讯控股,B
00700,2019-12-17,DAILY_BREAKOUT,1,0,0,0,0,100.0,1.5028759102149638,1.0198279678704698,,,,腾讯控股,B
00700,2019-12-18,DAILY_NEUTRAL,0,0,0,0,0,100.0,1.2101292052334964,1.013080364028999,,,,腾讯控股,B
00700,2019-12-19,DAILY_NEUTRAL,0,0,0,0,0,100.0,0.6170648270578077,0.9877495462794919,,,,腾讯控股,B
00700,2019-12-20,DAILY_NEUTRAL,0,0,0,0,0,100.0,0.8045747154904515,0.9866303690260133,,,,腾讯控股,B
00700,2019-12-23,DAILY_NEUTRAL,0,0,0,0,0,100.0,0.47272689407336194,0.9938898971566847,,,,腾讯控股,B
00700,2019-12-24,DAILY_NEUTRAL,0,0,0,0,0,100.0,0.2744252232268482,0.9910768300060495,,,,腾讯控股,B
00700,2019-12-27,DAILY_NEUTRAL,0,0,0,0,0,100.0,1.0692317182999098,1.0111615245009073,,,,腾讯控股,B
00700,2019-12-30,DAILY_NEUTRAL,0,0,0,0,0,100.0,0.926694581601975,0.993950771798081,,,,腾讯控股,B
00700,2019-12-31,DAILY_PULLBACK,0,0,1,0,0,100.0,0.7089367698706931,0.9730913642052567,,,,腾讯控股,B
00700,2020-01-02,DAILY_NEUTRAL,0,0,0,0,0,100.0,1.1297703483218016,0.9917754335776864,,,,腾讯控股,B
00700,2020-01-03,DAILY_NEUTRAL,0,0,0,0,0,100.0,1.1918917111922478,0.9934143870314084,,,,腾讯控股,B
00700,2020-01-06,DAILY_PULLBACK,0,0,1,0,0,100.0,0.8281855685144561,0.9658348537461008,,,,腾讯控股,B
00700,2020-01-07,DAILY_NEUTRAL,0,0,0,0,0,100.0,1.337150865839796,0.988081925725384,,,,腾讯控股,B
00700,2020-01-08,DAILY_PULLBACK,0,0,1,0,0,100.0,1.117331033998061,0.9783120475545877,,,,腾讯控股,B
00700,2020-01-09,DAILY_NEUTRAL,0,0,0,0,0,100.0,1.0682087972479155,1.0,,,,腾讯控股,B
00700,2020-01-10,DAILY_BREAKOUT,1,0,0,0,0,100.0,1.6509462811922506,1.023335883703137,,,,腾讯控股,B
00700,2020-01-13,DAILY_BREAKOUT,1,0,0,0,0,100.0,1.5922291567769111,1.0190640252655756,,,,腾讯控股,B
00700,2020-01-14,DAILY_DISTRIBUTION,0,1,0,0,0,100.0,1.314762763636043,0.9844199019552601,,,,腾讯控股,B
00700,2020-01-15,DAILY_PULLBACK,0,0,1,0,0,100.0,0.7168626662109381,0.9637426252665984,,,,腾讯控股,B
00700,2020-01-16,DAILY_PULLBACK,0,0,1,0,0,100.0,0.6171023324100174,0.9667894634794894,,,,腾讯控股,B
00700,2020-01-17,DAILY_PULLBACK,0,0,1,0,0,100.0,0.6248175595691049,0.9642411987923443,,,,腾讯控股,B
00700,2020-01-20,DAILY_PULLBACK,0,0,1,0,0,100.0,0.6792161374032186,0.9565687062017009,,,,腾讯控股,B
00700,2020-01-21,DAILY_NEUTRAL,0,0,0,0,0,66.66666666666666,1.4476878735067376,0.9295072431653879,,,,腾讯控股,B
00700,2020-01-22,DAILY_PULLBACK,0,0,1,0,0,66.66666666666666,1.155576774790682,0.9437996842367671,,,,腾讯控股,B
00700,2020-01-23,DAILY_NEUTRAL,0,0,0,0,0,33.33333333333333,1.11398337268022,0.9300335152203418,,,,腾讯控股,B
00700,2020-01-24,DAILY_NEUTRAL,0,0,0,0,0,33.33333333333333,0.4552001994113587,0.9305320887460876,,,,腾讯控股,B
00700,2020-01-29,DAILY_NEUTRAL,0,0,0,0,0,33.33333333333333,1.9177033099308813,0.9238844417361439,,,,腾讯控股,B
00700,2020-01-30,DAILY_NEUTRAL,0,0,0,0,0,33.33333333333333,1.2314692122116722,0.9029443536548211,,,,腾讯控股,B
00700,2020-01-31,DAILY_NEUTRAL,0,0,0,0,0,0.0,0.9944466594163157,0.8978478242805307,,,,腾讯控股,B
00700,2020-02-03,DAILY_NEUTRAL,0,0,0,0,0,0.0,1.3830431590305317,0.9157133756197547,,,,腾讯控股,B
00700,2020-02-04,DAILY_NEUTRAL,0,0,0,0,0,33.33333333333333,1.2499823610104972,0.9489239121402654,,,,腾讯控股,B
00700,2020-02-05,DAILY_NEUTRAL,0,0,0,0,0,33.33333333333333,0.8350269725702236,0.9468742209788662,,,,腾讯控股,B
00700,2020-02-06,DAILY_NEUTRAL,0,0,0,0,0,66.66666666666666,0.7130746599571179,0.9667894634794894,,,,腾讯控股,B
00700,2020-02-07,DAILY_NEUTRAL,0,0,0,0,0,66.66666666666666,0.633353431981323,0.9729108384344792,,,,腾讯控股,B
00700,2020-02-10,DAILY_NEUTRAL,0,0,0,0,0,66.66666666666666,0.7336707822562084,0.9683128825859347,,,,腾讯控股,B
00700,2020-02-11,DAILY_NEUTRAL,0,0,0,0,0,66.66666666666666,1.1593886085225138,0.9897792427222114,,,,腾讯控股,B
00700,2020-02-12,DAILY_NEUTRAL,0,0,0,0,0,100.0,0.9343244925527752,0.9948757720965018,,,,腾讯控股,B
00700,2020-02-13,DAILY_NEUTRAL,0,0,0,0,0,100.0,0.9919554673771448,1.0071353504065492,,,,腾讯控股,B
00700,2020-02-14,DAILY_NEUTRAL,0,0,0,0,0,100.0,0.770575102012543,0.9959653071307022,,,,腾讯控股,B
00700,2020-02-17,DAILY_NEUTRAL,0,0,0,0,0,100.0,0.5992965680507755,0.9914553172961793,,,,腾讯控股,B
00700,2020-02-18,DAILY_PULLBACK,0,0,1,0,0,100.0,0.7821472135052866,0.9703929465549146,,,,腾讯控股,B
00700,2020-02-19,DAILY_PULLBACK,0,0,1,0,0,100.0,0.8542946640813365,0.9784205943180581,,,,腾讯控股,B
00700,2020-02-20,DAILY_PULLBACK,0,0,1,0,0,100.0,1.219958600597714,0.9749101991945139,,,,腾讯控股,B
00700,2020-02-21,DAILY_PULLBACK,0,0,1,0,0,66.66666666666666,1.308119396810769,0.9523239359965168,,,,腾讯控股,B
00700,2020-02-24,DAILY_NEUTRAL,0,0,0,0,0,33.33333333333333,1.6501728590151148,0.9257374550995972,,,,腾讯控股,B
00700,2020-02-25,DAILY_PULLBACK,0,0,1,0,0,66.66666666666666,1.4551291049684758,0.9538478284532491,,,,腾讯控股,B
00700,2020-02-26,DAILY_NEUTRAL,0,0,0,0,0,33.33333333333333,0.9769403413909715,0.9488135408729726,,,,腾讯控股,B
00700,2020-02-27,DAILY_NEUTRAL,0,0,0,0,0,33.33333333333333,0.9625989123556429,0.9478066833569173,,,,腾讯控股,B
00700,2020-02-28,DAILY_NEUTRAL,0,0,0,0,0,33.33333333333333,1.561206862497698,0.9147164471535865,,,,腾讯控股,B
00700,2020-03-02,DAILY_NEUTRAL,0,0,0,0,0,0.0,0.9894115908208964,0.9237237400674866,,,,腾讯控股,B
00700,2020-03-03,DAILY_NEUTRAL,0,0,0,0,0,0.0,0.9352799705678242,0.9347719603787961,,,,腾讯控股,B
00700,2020-03-04,DAILY_NEUTRAL,0,0,0,0,0,0.0,0.8554163893350476,0.9347719603787961,,,,腾讯控股,B
00700,2020-03-05,DAILY_NEUTRAL,0,0,0,0,0,33.33333333333333,1.1703171675724109,0.9653858713399368,,,,腾讯控股,B
00700,2020-03-06,DAILY_NEUTRAL,0,0,0,0,0,33.33333333333333,1.2310417449160773,0.9392892130183955,,,,腾讯控股,B
00700,2020-03-09,DAILY_NEUTRAL,0,0,0,0,0,0.0,1.481831509575186,0.8931370414716446,,,,腾讯控股,B
00700,2020-03-10,DAILY_NEUTRAL,0,0,0,0,0,0.0,1.1822976710902269,0.9071786219658212,,,,腾讯控股,B
00700,2020-03-11,DAILY_NEUTRAL,0,0,0,0,0,0.0,0.7050208887047362,0.8956405790791335,,,,腾讯控股,B
00700,2020-03-12,DAILY_NEUTRAL,0,0,0,0,0,0.0,1.3036164416917364,0.8585229128115816,,,,腾讯控股,B
00700,2020-03-13,DAILY_NEUTRAL,0,0,0,0,0,0.0,1.8289180142722812,0.8620333079351256,,,,腾讯控股,B
00700,2020-03-16,DAILY_NEUTRAL,0,0,0,0,0,0.0,1.3514062207300712,0.8042418797135777,,,,腾讯控股,B
00700,2020-03-17,DAILY_NEUTRAL,0,0,0,0,0,0.0,1.0671013848435404,0.8322383792847521,,,,腾讯控股,B
00700,2020-03-18,DAILY_NEUTRAL,0,0,0,0,0,0.0,1.0685708631526292,0.7922152890403804,,,,腾讯控股,B
00700,2020-03-19,DAILY_NEUTRAL,0,0,0,0,0,0.0,1.2894484870991874,0.8150306495505648,,,,腾讯控股,B
00700,2020-03-20,DAILY_NEUTRAL,0,0,0,0,0,0.0,1.03195789292459,0.8739279107573296,,,,腾讯控股,B
00700,2020-03-23,DAILY_NEUTRAL,0,0,0,0,0,0.0,0.7791722008188967,0.8474290056570319,,,,腾讯控股,B
00700,2020-03-24,DAILY_NEUTRAL,0,0,0,0,0,0.0,0.7714924715965886,0.8920660831386675,,,,腾讯控股,B
00700,2020-03-25,DAILY_NEUTRAL,0,0,0,0,0,66.66666666666666,0.781580153103112,0.9304550955503645,,,,腾讯控股,B
00700,2020-03-26,DAILY_NEUTRAL,0,0,0,0,0,66.66666666666666,0.6556577967923729,0.9351270721341927,,,,腾讯控股,B
00700,2020-03-27,DAILY_NEUTRAL,0,0,0,0,0,66.66666666666666,0.7439380141281878,0.9367031606203033,,,,腾讯控股,B
00700,2020-03-30,DAILY_NEUTRAL,0,0,0,0,0,66.66666666666666,0.6438603943887057,0.9216458866904957,,,,腾讯控股,B
00700,2020-03-31,DAILY_NEUTRAL,0,0,0,0,0,66.66666666666666,0.7267837865190468,0.9309898398581521,,,,腾讯控股,B
00700,2020-04-01,DAILY_NEUTRAL,0,0,0,0,0,66.66666666666666,0.853835604291727,0.9159325659283443,,,,腾讯控股,B
00700,2020-04-02,DAILY_NEUTRAL,0,0,0,0,0,100.0,0.4822635869640935,0.929948495679829,,,,腾讯控股,B
00700,2020-04-03,DAILY_PULLBACK,0,0,1,0,0,100.0,0.6576400365086423,0.9371760730750508,,,,腾讯控股,B
00700,2020-04-06,DAILY_NEUTRAL,0,0,0,0,0,100.0,0.7372336786602279,0.976664116296863,,,,腾讯控股,B
00700,2020-04-07,DAILY_PULLBACK,0,0,1,0,0,66.66666666666666,1.0986564304151247,0.9934965570007652,,,,腾讯控股,B
00700,2020-04-08,DAILY_NEUTRAL,0,0,0,0,0,100.0,0.9166648465012782,0.9864339944676593,,,,腾讯控股,B
00700,2020-04-09,DAILY_NEUTRAL,0,0,0,0,0,100.0,1.055297604491254,1.0037961273615443,,,,腾讯控股,B
00700,2020-04-14,DAILY_BREAKOUT,1,0,0,0,0,100.0,1.680764400985528,1.0097329307261587,,,,腾讯控股,B
00700,2020-04-15,DAILY_NEUTRAL,0,0,0,0,0,100.0,1.1410431708673725,0.9930801833751406,,,,腾讯控股,B
00700,2020-04-16,DAILY_NEUTRAL,0,0,0,0,0,100.0,1.4948590036510263,1.0163620240853573,,,,腾讯控股,B
00700,2020-04-17,DAILY_NEUTRAL,0,0,0,0,0,100.0,1.3917867762425808,1.00726126481101,,,,腾讯控股,B
00700,2020-04-20,DAILY_NEUTRAL,0,0,0,0,0,100.0,0.6344027027587242,0.9723788510255782,,,,腾讯控股,B
00700,2020-04-21,DAILY_PULLBACK,0,0,1,0,0,100.0,0.8639606916470369,0.9522758846122414,,,,腾讯控股,B
00700,2020-04-22,DAILY_NEUTRAL,0,0,0,0,0,100.0,0.7448786653361908,0.9743945956252893,,,,腾讯控股,B
00700,2020-04-23,DAILY_NEUTRAL,0,0,0,0,0,100.0,0.7964237425568025,0.9798970335866634,,,,腾讯控股,B
00700,2020-04-24,DAILY_PULLBACK,0,0,1,0,0,100.0,0.620417150629346,0.9668491732723161,,,,腾讯控股,B
00700,2020-04-27,DAILY_NEUTRAL,0,0,0,0,0,100.0,0.936692050845199,0.983438206532102,,,,腾讯控股,B
00700,2020-04-28,DAILY_NEUTRAL,0,0,0,0,0,100.0,0.7810249644785539,0.9939800059927542,,,,腾讯控股,B
00700,2020-04-29,DAILY_NEUTRAL,0,0,0,0,0,100.0,0.8705039347128729,0.9934624499468823,,,,腾讯控股,B
00700,2020-05-04,DAILY_PULLBACK,0,0,1,0,0,100.0,1.7024112109847955,0.9507776960584021,,,,腾讯控股,B
00700,2020-05-05,DAILY_PULLBACK,0,0,1,0,0,100.0,0.7944448003833712,0.9658413009724606,,,,腾讯控股,B
00700,2020-05-06,DAILY_PULLBACK,0,0,1,0,0,100.0,1.2486699360332028,0.9758927841791288,,,,腾讯控股,B
00700,2020-05-07,DAILY_PULLBACK,0,0,1,0,0,66.66666666666666,0.7372406862151246,0.9688649178720274,,,,腾讯控股,B
00700,2020-05-08,DAILY_PULLBACK,0,0,1,0,0,66.66666666666666,1.333022508182502,0.9964860668464492,,,,腾讯控股,B
00700,2020-05-11,DAILY_BREAKOUT,1,0,0,0,0,100.0,1.831540668193686,1.0386805044809457,,,,腾讯控股,B
00700,2020-05-12,DAILY_NEUTRAL,0,0,0,0,0,100.0,1.1001701204520618,0.9903228344391702,,,,腾讯控股,B
00700,2020-05-13,DAILY_NEUTRAL,0,0,0,0,0,100.0,1.1073665298717004,0.9869397603000183,,,,腾讯控股,B
00700,2020-05-14,DAILY_DISTRIBUTION,0,1,0,0,0,100.0,1.443178217817542,0.9817571436006871,,,,腾讯控股,B
00700,2020-05-15,DAILY_PULLBACK,0,0,1,0,0,100.0,0.9126675454116913,0.9421974157045645,,,,腾讯控股,B
00700,2020-05-18,DAILY_PULLBACK,0,0,1,0,0,100.0,0.7496826694975287,0.9464281163187808,,,,腾讯控股,B
00700,2020-05-19,DAILY_NEUTRAL,0,0,0,0,0,100.0,0.7972902526000161,0.9628666819583557,,,,腾讯控股,B
00700,2020-05-20,DAILY_NEUTRAL,0,0,0,0,0,100.0,0.8691370805409713,0.9863649106710503,,,,腾讯控股,B
00700,2020-05-21,DAILY_NEUTRAL,0,0,0,0,0,100.0,0.7877898926141796,0.9708693325177765,,,,腾讯控股,B
00700,2020-05-22,DAILY_NEUTRAL,0,0,0,0,0,33.33333333333333,1.8026254689956382,0.9215281494507734,,,,腾讯控股,B
00700,2020-05-25,DAILY_NEUTRAL,0,0,0,0,0,66.66666666666666,0.843074355012854,0.9313912888345184,,,,腾讯控股,B
00700,2020-05-26,DAILY_PULLBACK,0,0,1,0,0,66.66666666666666,0.6797040079704925,0.9520605550883094,,,,腾讯控股,B
00700,2020-05-27,DAILY_NEUTRAL,0,0,0,0,0,33.33333333333333,0.9149566032570969,0.939368453245661,,,,腾讯控股,B
00700,2020-05-28,DAILY_NEUTRAL,0,0,0,0,0,33.33333333333333,1.27569256886378,0.9116650100670285,,,,腾讯控股,B
00700,2020-05-29,DAILY_NEUTRAL,0,0,0,0,0,33.33333333333333,1.1844683347212004,0.9168132120192676,,,,腾讯控股,B
00700,2020-06-01,DAILY_PULLBACK,0,0,1,0,0,66.66666666666666,0.9996822947258832,0.9605219563167419,,,,腾讯控股,B
00700,2020-06-02,DAILY_NEUTRAL,0,0,0,0,0,33.33333333333333,0.7559285092687019,0.9638096694446568,,,,腾讯控股,B
00700,2020-06-03,DAILY_NEUTRAL,0,0,0,0,0,66.66666666666666,0.835315797601989,0.9689833575451742,,,,腾讯控股,B
00700,2020-06-04,DAILY_NEUTRAL,0,0,0,0,0,66.66666666666666,0.7756617019496808,0.974615796314703,,,,腾讯控股,B
00700,2020-06-05,DAILY_NEUTRAL,0,0,0,0,0,66.66666666666666,1.2212071859299642,0.972755307490379,,,,腾讯控股,B
00700,2020-06-08,DAILY_NEUTRAL,0,0,0,0,0,66.66666666666666,0.9312996385588339,0.9628666819583557,,,,腾讯控股,B
00700,2020-06-09,DAILY_NEUTRAL,0,0,0,0,0,100.0,0.9014166469901032,0.9718123200040778,,,,腾讯控股,B
00700,2020-06-10,DAILY_BREAKOUT,1,0,0,0,0,100.0,1.6436751066695898,1.0009429874863012,,,,腾讯控股,B
00700,2020-06-11,DAILY_NEUTRAL,0,0,0,0,0,100.0,1.1491361708696128,0.9882947389802966,,,,腾讯控股,B
00700,2020-06-12,DAILY_NEUTRAL,0,0,0,0,0,100.0,0.6950054861328069,0.9669009520961068,,,,腾讯控股,B
00700,2020-06-15,DAILY_PULLBACK,0,0,1,0,0,100.0,0.686840847537499,0.9499027964707641,,,,腾讯控股,B
00700,2020-06-16,DAILY_NEUTRAL,0,0,0,0,0,100.0,0.9948427573211229,0.9848212950500971,,,,腾讯控股,B
00700,2020-06-17,DAILY_NEUTRAL,0,0,0,0,0,100.0,0.6026995560029272,0.9889586760380839,,,,腾讯控股,B
00700,2020-06-18,DAILY_NEUTRAL,0,0,0,0,0,100.0,0.9609101112010309,1.005981755645282,,,,腾讯控股,B
00700,2020-06-19,DAILY_NEUTRAL,0,0,0,0,0,100.0,1.4291416977775,1.0054754472028145,,,,腾讯控股,B
00700,2020-06-22,DAILY_NEUTRAL,0,0,0,0,0,100.0,1.3452874070875818,1.0193122595100093,,,,腾讯控股,B
00700,2020-06-23,DAILY_NEUTRAL,0,0,0,0,0,100.0,1.4714888748758268,1.050176644705433,,,,腾讯控股,B
00700,2020-06-24,DAILY_NEUTRAL,0,0,0,0,0,100.0,0.9999018743713627,0.983697623798295,,,,腾讯控股,B
00700,2020-06-26,DAILY_NEUTRAL,0,0,0,0,0,100.0,0.7190747682546221,0.9587640399158723,,,,腾讯控股,B
00700,2020-06-29,DAILY_PULLBACK,0,0,1,0,0,100.0,0.8934137902900771,0.9608224817648902,,,,腾讯控股,B
00700,2020-06-30,DAILY_NEUTRAL,0,0,0,0,0,100.0,0.9202902392365988,0.9867991229247774,,,,腾讯控股,B
00700,2020-07-02,DAILY_NEUTRAL,0,0,0,0,0,100.0,1.364219733324656,1.027856088065512,,,,腾讯控股,B
00700,2020-07-03,DAILY_NEUTRAL,0,0,0,0,0,100.0,0.8978541941509555,1.011025334348157,,,,腾讯控股,B
00700,2020-07-06,DAILY_NEUTRAL,0,0,0,0,0,100.0,1.0122857203702136,0.9823054128381691,,,,腾讯控股,B
00700,2020-07-07,DAILY_NEUTRAL,0,0,0,0,0,100.0,1.048639254321006,0.974438783124054,,,,腾讯控股,B
00700,2020-07-08,DAILY_NEUTRAL,0,0,0,0,0,100.0,1.1186815171940454,1.0234864411458666,,,,腾讯控股,B
00700,2020-07-09,DAILY_NEUTRAL,0,0,0,0,0,100.0,1.0112408748065986,1.031347897774114,,,,腾讯控股,B
00700,2020-07-10,DAILY_NEUTRAL,0,0,0,0,0,100.0,0.952387314550159,0.9678255839467018,,,,腾讯控股,B
00700,2020-07-13,DAILY_PULLBACK,0,0,1,0,0,100.0,0.7974771019893816,0.9577124847904575,,,,腾讯控股,B
00700,2020-07-14,DAILY_PULLBACK,0,0,1,0,0,100.0,1.0556533753802089,0.9282907466140068,,,,腾讯控股,B
00700,2020-07-15,DAILY_PULLBACK,0,0,1,0,0,100.0,0.9010752922978964,0.9613827219595876,,,,腾讯控股,B
00700,2020-07-16,DAILY_PULLBACK,0,0,1,0,0,100.0,1.1502318867195087,0.906229429716953,,,,腾讯控股,B
00700,2020-07-17,DAILY_PULLBACK,0,0,1,0,0,66.66666666666666,0.7407780058186276,0.92093032533461,,,,腾讯控股,B
00700,2020-07-20,DAILY_PULLBACK,0,0,1,0,0,66.66666666666666,0.5763837421639083,0.9236830032114576,,,,腾讯控股,B
00700,2020-07-21,DAILY_PULLBACK,0,0,1,0,0,66.66666666666666,1.377723157019685,1.0,,,,腾讯控股,B
00700,2020-07-22,DAILY_PULLBACK,0,0,1,0,0,66.66666666666666,0.9613079990987345,0.9540422476213274,,,,腾讯控股,B
00700,2020-07-23,DAILY_NEUTRAL,0,0,0,0,0,100.0,0.8867448238544295,0.987134222966908,,,,腾讯控股,B
00700,2020-07-24,DAILY_PULLBACK,0,0,1,0,0,100.0,1.411404062310912,0.9338160493088384,,,,腾讯控股,B
00700,2020-07-27,DAILY_NEUTRAL,0,0,0,0,0,66.66666666666666,0.8475686442911022,0.9190952067500449,,,,腾讯控股,B
00700,2020-07-28,DAILY_NEUTRAL,0,0,0,0,0,100.0,0.9286817855890626,0.9623002812518701,,,,腾讯控股,B
00700,2020-07-29,DAILY_NEUTRAL,0,0,0,0,0,100.0,0.5759228020973252,0.9586300440827399,,,,腾讯控股,B
00700,2020-07-30,DAILY_NEUTRAL,0,0,0,0,0,33.33333333333333,0.6856363208080403,0.9466818263419305,,,,腾讯控股,B
00700,2020-07-31,DAILY_NEUTRAL,0,0,0,0,0,33.33333333333333,0.8267432492367248,0.9448467077573655,,,,腾讯控股,B
00700,2020-08-03,DAILY_PULLBACK,0,0,1,0,0,66.66666666666666,1.1016496023347806,0.9540422476213274,,,,腾讯控股,B
00700,2020-08-04,DAILY_NEUTRAL,0,0,0,0,0,100.0,1.2391858283847714,0.9742684459338161,,,,腾讯控股,B
00700,2020-08-05,DAILY_NEUTRAL,0,0,0,0,0,100.0,0.9918703311755531,0.9944946442463048,,,,腾讯控股,B
00700,2020-08-06,DAILY_DISTRIBUTION,0,1,0,0,0,100.0,1.2319885877480694,0.9843815450900605,,,,腾讯控股,B
00700,2020-08-07,DAILY_NEUTRAL,0,0,0,0,0,66.66666666666666,3.43783111341166,0.9328785430754194,,,,腾讯控股,B
00700,2020-08-10,DAILY_NEUTRAL,0,0,0,0,0,66.66666666666666,1.77536393067422,0.8860032314044641,,,,腾讯控股,B
00700,2020-08-11,DAILY_NEUTRAL,0,0,0,0,0,33.33333333333333,0.7618964939241333,0.9071469890092354,,,,腾讯控股,B
00700,2020-08-12,DAILY_NEUTRAL,0,0,0,0,0,0.0,0.5486419590506544,0.9200127660423275,,,,腾讯控股,B
00700,2020-08-13,DAILY_NEUTRAL,0,0,0,0,0,0.0,0.7755434693620061,0.9007041270221212,,,,腾讯控股,B
00700,2020-08-14,DAILY_NEUTRAL,0,0,0,0,0,0.0,0.49318808052674445,0.8942812119761434,,,,腾讯控股,B
00700,2020-08-17,DAILY_NEUTRAL,0,0,0,0,0,0.0,0.5348413594232926,0.8905910278658768,,,,腾讯控股,B
00700,2020-08-18,DAILY_NEUTRAL,0,0,0,0,0,0.0,0.6406598826777361,0.9043943111323879,,,,腾讯控股,B
00700,2020-08-19,DAILY_NEUTRAL,0,0,0,0,0,0.0,0.6006479375546075,0.8933437057427244,,,,腾讯控股,B
00700,2020-08-20,DAILY_NEUTRAL,0,0,0,0,0,0.0,0.8504210692697549,0.897033889852991,,,,腾讯控股,B
00700,2020-08-21,DAILY_NEUTRAL,0,0,0,0,0,0.0,1.2733592571525894,0.9154249695809148,,,,腾讯控股,B
00700,2020-08-24,DAILY_NEUTRAL,0,0,0,0,0,66.66666666666666,1.9062584887212082,0.9705782618235493,,,,腾讯控股,B
00700,2020-08-25,DAILY_NEUTRAL,0,0,0,0,0,66.66666666666666,1.0656983514560887,0.9641553467775718,,,,腾讯控股,B
00700,2020-08-26,DAILY_NEUTRAL,0,0,0,0,0,66.66666666666666,0.876899108242577,0.9770211238106636,,,,腾讯控股,B
00700,2020-08-27,DAILY_NEUTRAL,0,0,0,0,0,66.66666666666666,0.9090872322359206,0.9889693415514731,,,,腾讯控股,B
00700,2020-08-28,DAILY_PULLBACK,0,0,1,0,0,100.0,1.1697679773658787,0.9567949254981749,,,,腾讯控股,B
00700,2020-08-31,DAILY_PULLBACK,0,0,1,0,0,100.0,1.0735424696092317,0.9384038457702512,,,,腾讯控股,B
00700,2020-09-01,DAILY_PULLBACK,0,0,1,0,0,100.0,1.0423381774794378,0.9540422476213274,,,,腾讯控股,B
00700,2020-09-02,DAILY_NEUTRAL,0,0,0,0,0,100.0,0.7540827765006914,0.9650729060698542,,,,腾讯控股,B
00700,2020-09-03,DAILY_PULLBACK,0,0,1,0,0,66.66666666666666,0.8940976430785014,0.9448467077573655,,,,腾讯控股,B
00700,2020-09-04,DAILY_NEUTRAL,0,0,0,0,0,33.33333333333333,1.7305782282837647,0.9222128446266378,,,,腾讯控股,B
00700,2020-09-07,DAILY_NEUTRAL,0,0,0,0,0,33.33333333333333,0.8502158746772311,0.9092315730246765,,,,腾讯控股,B
00700,2020-09-08,DAILY_NEUTRAL,0,0,0,0,0,33.33333333333333,0.9030890102393583,0.904609758058034,,,,腾讯控股,B
00700,2020-09-09,DAILY_NEUTRAL,0,0,0,0,0,33.33333333333333,0.8768052016368396,0.8962703962703963,,,,腾讯控股,B
00700,2020-09-10,DAILY_NEUTRAL,0,0,0,0,0,0.0,0.6548512495625498,0.8999678482437103,,,,腾讯控股,B
00700,2020-09-11,DAILY_NEUTRAL,0,0,0,0,0,0.0,0.6301891748981955,0.9184952978056427,,,,腾讯控股,B
00700,2020-09-14,DAILY_NEUTRAL,0,0,0,0,0,33.33333333333333,1.1940815368482,0.9435133831685556,,,,腾讯控股,B
00700,2020-09-15,DAILY_NEUTRAL,0,0,0,0,0,33.33333333333333,0.6903720969662832,0.9435133831685556,,,,腾讯控股,B
00700,2020-09-16,DAILY_NEUTRAL,0,0,0,0,0,66.66666666666666,0.6810631669495756,0.9527771079495218,,,,腾讯控股,B
00700,2020-09-17,DAILY_NEUTRAL,0,0,0,0,0,33.33333333333333,0.8759335945460853,0.938871473354232,,,,腾讯控股,B
00700,2020-09-18,DAILY_NEUTRAL,0,0,0,0,0,33.33333333333333,1.6613601503764706,0.935174021380918,,,,腾讯控股,B
00700,2020-09-21,DAILY_NEUTRAL,0,0,0,0,0,33.33333333333333,0.7077589283565091,0.9194196607989712,,,,腾讯控股,B
00700,2020-09-22,DAILY_NEUTRAL,0,0,0,0,0,33.33333333333333,0.9579066899610214,0.910155936018005,,,,腾讯控股,B
00700,2020-09-23,DAILY_NEUTRAL,0,0,0,0,0,0.0,0.9381395877123991,0.9147978458323286,,,,腾讯控股,B
00700,2020-09-24,DAILY_NEUTRAL,0,0,0,0,0,0.0,1.038929459165359,0.8981191222570533,,,,腾讯控股,B
00700,2020-09-25,DAILY_NEUTRAL,0,0,0,0,0,0.0,0.9234261081757001,0.8986688180718031,,,,腾讯控股,B
00700,2020-09-28,DAILY_NEUTRAL,0,0,0,0,0,0.0,0.8661944205881273,0.9083644329060523,,,,腾讯控股,B
00700,2020-09-29,DAILY_NEUTRAL,0,0,0,0,0,0.0,0.8989978823955391,0.9074314457244848,,,,腾讯控股,B
00700,2020-09-30,DAILY_NEUTRAL,0,0,0,0,0,0.0,0.8200945252388545,0.9186475742333279,,,,腾讯控股,B
00700,2020-10-05,DAILY_NEUTRAL,0,0,0,0,0,33.33333333333333,1.5150677665185965,0.9555272667542707,,,,腾讯控股,B
00700,2020-10-06,DAILY_NEUTRAL,0,0,0,0,0,66.66666666666666,0.6125429208827273,0.9787786195638525,,,,腾讯控股,B
00700,2020-10-07,DAILY_NEUTRAL,0,0,0,0,0,66.66666666666666,0.981313606425155,0.9932610606504542,,,,腾讯控股,B
00700,2020-10-08,DAILY_NEUTRAL,0,0,0,0,0,66.66666666666666,0.6855527152110369,0.9932610606504542,,,,腾讯控股,B
00700,2020-10-09,DAILY_NEUTRAL,0,0,0,0,0,66.66666666666666,1.3568364068848444,1.0019463396258006,,,,腾讯控股,B
00700,2020-10-12,DAILY_BREAKOUT,1,0,0,0,0,100.0,1.5509331291013722,1.0228597412260758,,,,腾讯控股,B
00700,2020-10-14,DAILY_BREAKOUT,1,0,0,0,0,100.0,2.1027943457098512,1.03073472356935,,,,腾讯控股,B
00700,2020-10-15,DAILY_NEUTRAL,0,0,0,0,0,100.0,0.9743981073485303,0.9602781314268926,,,,腾讯控股,B
00700,2020-10-16,DAILY_NEUTRAL,0,0,0,0,0,100.0,0.6171704880253331,0.9693076094407991,,,,腾讯控股,B
00700,2020-10-19,DAILY_NEUTRAL,0,0,0,0,0,100.0,0.5691657860484559,0.9774360983253354,,,,腾讯控股,B
00700,2020-10-20,DAILY_NEUTRAL,0,0,0,0,0,100.0,0.6183798386055247,0.9828420331015572,,,,腾讯控股,B
00700,2020-10-21,DAILY_NEUTRAL,0,0,0,0,0,100.0,0.854468506109987,0.9864655763392419,,,,腾讯控股,B
00700,2020-10-22,DAILY_NEUTRAL,0,0,0,0,0,100.0,1.0949042177283888,0.9810400548428165,,,,腾讯控股,B
00700,2020-10-23,DAILY_PULLBACK,0,0,1,0,0,100.0,0.6878416622777983,0.9774360983253354,,,,腾讯控股,B
00700,2020-10-27,DAILY_BREAKOUT,1,0,0,0,0,100.0,2.6966280632162696,1.0198609342865539,,,,腾讯控股,B
00700,2020-10-28,DAILY_BREAKOUT,1,0,0,0,0,100.0,1.7675716373766317,1.0219880897847002,,,,腾讯控股,B
00700,2020-10-29,DAILY_NEUTRAL,0,0,0,0,0,100.0,1.348667948472493,1.001709369948533,,,,腾讯控股,B
00700,2020-10-30,DAILY_NEUTRAL,0,0,0,0,0,100.0,1.2921473909100942,0.9612728800555334,,,,腾讯控股,B
00700,2020-11-02,DAILY_NEUTRAL,0,0,0,0,0,100.0,0.7144599025383326,0.9789558291622521,,,,腾讯控股,B
00700,2020-11-03,DAILY_PULLBACK,0,0,1,0,0,100.0,0.7287679956596748,0.9730554236235431,,,,腾讯控股,B
00700,2020-11-04,DAILY_PULLBACK,0,0,1,0,0,100.0,1.351099058782999,0.9570713528917467,,,,腾讯控股,B
00700,2020-11-05,DAILY_NEUTRAL,0,0,0,0,0,100.0,1.1920256618856195,1.018541522048884,,,,腾讯控股,B
00700,2020-11-06,DAILY_NEUTRAL,0,0,0,0,0,100.0,0.9549015617864938,0.9826389511630825,,,,腾讯控股,B
00700,2020-11-09,DAILY_NEUTRAL,0,0,0,0,0,100.0,0.801006661577501,0.9925814697627858,,,,腾讯控股,B
00700,2020-11-10,DAILY_PULLBACK,0,0,1,0,0,100.0,1.640432314482952,0.9379934152299357,,,,腾讯控股,B
00700,2020-11-11,DAILY_NEUTRAL,0,0,0,0,0,66.66666666666666,2.55604601245518,0.866198180337735,,,,腾讯控股,B
00700,2020-11-12,DAILY_NEUTRAL,0,0,0,0,0,33.33333333333333,0.9682797618261564,0.9086274648635253,,,,腾讯控股,B
00700,2020-11-13,DAILY_PULLBACK,0,0,1,0,0,66.66666666666666,0.8215083112881301,0.9494105568732962,,,,腾讯控股,B
00700,2020-11-16,DAILY_PULLBACK,0,0,1,0,0,66.66666666666666,0.5377244809996756,0.9412503982723828,,,,腾讯控股,B
00700,2020-11-17,DAILY_NEUTRAL,0,0,0,0,0,33.33333333333333,0.5312025306920374,0.915955676709031,,,,腾讯控股,B
00700,2020-11-18,DAILY_NEUTRAL,0,0,0,0,0,33.33333333333333,0.4071145687482221,0.9282047651077989,,,,腾讯控股,B
00700,2020-11-19,DAILY_NEUTRAL,0,0,0,0,0,0.0,0.6949210878112133,0.9020957977838353,,,,腾讯控股,B
00700,2020-11-20,DAILY_NEUTRAL,0,0,0,0,0,0.0,0.8592744095442142,0.9265762735865756,,,,腾讯控股,B
00700,2020-11-23,DAILY_NEUTRAL,0,0,0,0,0,0.0,1.2363684691524646,0.9233015895493326,,,,腾讯控股,B
00700,2020-11-24,DAILY_NEUTRAL,0,0,0,0,0,33.33333333333333,0.9242662154573205,0.9200446065068856,,,,腾讯控股,B
00700,2020-11-25,DAILY_NEUTRAL,0,0,0,0,0,0.0,1.2478521734109673,0.9020957977838353,,,,腾讯控股,B
00700,2020-11-26,DAILY_NEUTRAL,0,0,0,0,0,0.0,0.6213170519539208,0.9233015895493326,,,,腾讯控股,B
00700,2020-11-27,DAILY_NEUTRAL,0,0,0,0,0,0.0,0.656791061405321,0.9184161149856621,,,,腾讯控股,B
00700,2020-11-30,DAILY_NEUTRAL,0,0,0,0,0,0.0,2.057716856536692,0.8857754805820087,,,,腾讯控股,B
00700,2020-12-01,DAILY_NEUTRAL,0,0,0,0,0,0.0,1.2123787062572113,0.9102559563847488,,,,腾讯控股,B
00700,2020-12-02,DAILY_NEUTRAL,0,0,0,0,0,0.0,0.6877511540952926,0.9037242893050589,,,,腾讯控股,B
00700,2020-12-03,DAILY_NEUTRAL,0,0,0,0,0,33.33333333333333,0.8563407273361139,0.9282047651077989,,,,腾讯控股,B
00700,2020-12-04,DAILY_NEUTRAL,0,0,0,0,0,33.33333333333333,0.7539995080065846,0.9273905193471872,,,,腾讯控股,B
00700,2020-12-07,DAILY_NEUTRAL,0,0,0,0,0,66.66666666666666,0.6163376101345093,0.9192303607462737,,,,腾讯控股,B
00700,2020-12-08,DAILY_NEUTRAL,0,0,0,0,0,66.66666666666666,0.6277916398279519,0.9526126390775898,,,,腾讯控股,B
00700,2020-12-09,DAILY_NEUTRAL,0,0,0,0,0,66.66666666666666,0.7570987028591745,0.9691222453841574,,,,腾讯控股,B
00700,2020-12-10,DAILY_NEUTRAL,0,0,0,0,0,33.33333333333333,0.8288430916902425,0.9571173317450864,,,,腾讯控股,B
00700,2020-12-11,DAILY_NEUTRAL,0,0,0,0,0,66.66666666666666,1.0679211076574713,0.974277843954735,,,,腾讯控股,B
00700,2020-12-14,DAILY_NEUTRAL,0,0,0,0,0,33.33333333333333,1.9590028575329366,0.9450938058368076,,,,腾讯控股,B
00700,2020-12-15,DAILY_NEUTRAL,0,0,0,0,0,0.0,1.8484037284032726,0.9310035171742872,,,,腾讯控股,B
00700,2020-12-16,DAILY_NEUTRAL,0,0,0,0,0,33.33333333333333,1.1293993216931035,0.9508531018483873,,,,腾讯控股,B
00700,2020-12-17,DAILY_NEUTRAL,0,0,0,0,0,33.33333333333333,0.8227995306437182,0.9706839781486194,,,,腾讯控股,B
00700,2020-12-18,DAILY_NEUTRAL,0,0,0,0,0,33.33333333333333,1.0950301682673407,0.9655017585871437,,,,腾讯控股,B
00700,2020-12-21,DAILY_NEUTRAL,0,0,0,0,0,0.0,0.6934956346017223,0.951713687046322,,,,腾讯控股,B
00700,2020-12-22,DAILY_NEUTRAL,0,0,0,0,0,0.0,0.5913008544914841,0.9616960997261308,,,,腾讯控股,B
00700,2020-12-23,DAILY_NEUTRAL,0,0,0,0,0,33.33333333333333,0.7719391194839436,0.9590707337803379,,,,腾讯控股,B
00700,2020-12-24,DAILY_NEUTRAL,0,0,0,0,0,0.0,1.0122541182617761,0.9329681745207289,,,,腾讯控股,B
00700,2020-12-28,DAILY_NEUTRAL,0,0,0,0,0,0.0,4.46851042013927,0.868542827462461,,,,腾讯控股,B
00700,2020-12-29,DAILY_NEUTRAL,0,0,0,0,0,0.0,1.6610679349095634,0.8908856780351089,,,,腾讯控股,B
00700,2020-12-30,DAILY_NEUTRAL,0,0,0,0,0,0.0,1.1036619985196447,0.9415039672770654,,,,腾讯控股,B
00700,2020-12-31,DAILY_NEUTRAL,0,0,0,0,0,0.0,0.43660195456713025,0.9493627738746756,,,,腾讯控股,B
00700,2021-01-04,DAILY_NEUTRAL,0,0,0,0,0,33.33333333333333,0.6795412351655005,0.9642092904349802,,,,腾讯控股,B
00700,2021-01-05,DAILY_NEUTRAL,0,0,0,0,0,66.66666666666666,0.5834755665470064,0.9834112901698636,,,,腾讯控股,B
00700,2021-01-06,DAILY_NEUTRAL,0,0,0,0,0,66.66666666666666,1.0887639017694997,1.0069939347990902,,,,腾讯控股,B
00700,2021-01-07,DAILY_NEUTRAL,0,0,0,0,0,33.33333333333333,1.8540194355376585,0.9473013493253373,,,,腾讯控股,B
00700,2021-01-08,DAILY_NEUTRAL,0,0,0,0,0,66.66666666666666,0.9668510404430342,0.9550787106446776,,,,腾讯控股,B
00700,2021-01-11,DAILY_NEUTRAL,0,0,0,0,0,66.66666666666666,1.5012210720266008,0.9861694152923538,,,,腾讯控股,B
00700,2021-01-12,DAILY_NEUTRAL,0,0,0,0,0,100.0,0.6930347697346357,0.9793795212170929,,,,腾讯控股,B
00700,2021-01-13,DAILY_NEUTRAL,0,0,0,0,0,100.0,0.7688874466915723,0.9896897606085465,,,,腾讯控股,B
00700,2021-01-14,DAILY_NEUTRAL,0,0,0,0,0,100.0,1.2719826209742031,1.046365634663388,,,,腾讯控股,B
00700,2021-01-15,DAILY_NEUTRAL,0,0,0,0,0,100.0,1.0898549695227366,1.0254401737551404,,,,腾讯控股,B
00700,2021-01-18,DAILY_NEUTRAL,0,0,0,0,0,100.0,1.1283644450942678,1.0175760937391667,,,,腾讯控股,B
00700,2021-01-19,DAILY_NEUTRAL,0,0,0,0,0,100.0,1.0560948185958048,0.9806951100982002,,,,腾讯控股,B
00700,2021-01-20,DAILY_NEUTRAL,0,0,0,0,0,100.0,1.1779944076743136,1.0091985322197685,,,,腾讯控股,B
00700,2021-01-21,DAILY_NEUTRAL,0,0,0,0,0,100.0,0.829425771323112,1.0037812155786083,,,,腾讯控股,B
00700,2021-01-22,DAILY_NEUTRAL,0,0,0,0,0,100.0,0.9570509636287348,0.9867719802138183,,,,腾讯控股,B
00700,2021-01-25,DAILY_NEUTRAL,0,0,0,0,0,100.0,1.4850002794613069,1.0978299026647518,,,,腾讯控股,B
00700,2021-01-26,DAILY_NEUTRAL,0,0,0,0,0,100.0,1.4561110823255035,0.9344345579376715,,,,腾讯控股,B
00700,2021-01-27,DAILY_PULLBACK,0,0,1,0,0,100.0,0.9775204697745721,0.9116891411319004,,,,腾讯控股,B
00700,2021-01-28,DAILY_PULLBACK,0,0,1,0,0,100.0,0.9690646575420728,0.884255294442106,,,,腾讯控股,B
00700,2021-01-29,DAILY_PULLBACK,0,0,1,0,0,100.0,0.8412184938982794,0.8849229965308523,,,,腾讯控股,B
00700,2021-02-01,DAILY_NEUTRAL,0,0,0,0,0,100.0,0.6966449077754994,0.9257399155211705,,,,腾讯控股,B
00700,2021-02-02,DAILY_PULLBACK,0,0,1,0,0,66.66666666666666,0.7029461737820686,0.9424614982654261,,,,腾讯控股,B
00700,2021-02-03,DAILY_PULLBACK,0,0,1,0,0,66.66666666666666,0.5188775354461563,0.9578476768321891,460200000.0,,,腾讯控股,B
00700,2021-02-04,DAILY_NEUTRAL,0,0,0,0,0,100.0,0.8253063360587787,0.9571799747434427,-426110000.0,,,腾讯控股,B
00700,2021-02-05,DAILY_NEUTRAL,0,0,0,0,0,100.0,0.7202941054321802,0.9538414642997112,871410000.0,,,腾讯控股,B
00700,2021-02-08,DAILY_NEUTRAL,0,0,0,0,0,100.0,0.6484781267824716,0.9585153789209354,415650000.0,,,腾讯控股,B
00700,2021-02-09,DAILY_NEUTRAL,0,0,0,0,0,100.0,0.5303159833432473,0.9638715108937047,613400000.0,,,腾讯控股,B
00700,2021-02-10,DAILY_NEUTRAL,0,0,0,0,0,100.0,0.9984580887640364,0.9913053575834992,952090000.0,,,腾讯控股,B
00700,2021-02-11,DAILY_NEUTRAL,0,0,0,0,0,100.0,0.6057083990676833,0.9826685763060052,490180000.0,,,腾讯控股,B
00700,2021-02-16,DAILY_PULLBACK,0,0,1,0,0,100.0,1.6531056792767618,0.9666681133631353,1017670000.0,,,腾讯控股,B
00700,2021-02-17,DAILY_NEUTRAL,0,0,0,0,0,100.0,1.051777281636062,0.9833340566815677,1006530000.0,,,腾讯控股,B
00700,2021-02-18,DAILY_PULLBACK,0,0,1,0,0,100.0,1.5649346111890081,0.9699955152409473,964480000.0,,,腾讯控股,B
00700,2021-02-19,DAILY_PULLBACK,0,0,1,0,0,100.0,1.2405895462444803,0.9543300301594141,-91860000.0,,249640000.0,腾讯控股,B
00700,2021-02-22,DAILY_NEUTRAL,0,0,0,0,0,33.33333333333333,1.4112783418561996,0.9179233089185697,-1997680000.0,,107069090.90909088,腾讯控股,B
00700,2021-02-23,DAILY_NEUTRAL,0,0,0,0,0,33.33333333333333,1.1839678421895554,0.9093206951026856,1021390000.0,,-176502000.0,腾讯控股,B
00700,2021-02-24,DAILY_NEUTRAL,0,0,0,0,0,33.33333333333333,1.7756674143839846,0.8828378572454403,-2385280000.0,,-226916461.53846157,腾讯控股,B
00700,2021-02-25,DAILY_NEUTRAL,0,0,0,0,0,33.33333333333333,0.8415268193859842,0.8887979319258941,210550000.0,,-705795000.0,腾讯控股,B
00700,2021-02-26,DAILY_NEUTRAL,0,0,0,0,0,0.0,1.3017362775520622,0.850394944707741,-267880000.0,,-856750666.6666666,腾讯控股,B
00700,2021-03-01,DAILY_NEUTRAL,0,0,0,0,0,0.0,0.862930714690217,0.896079276174063,16060000.0,,-862201250.0,腾讯控股,B
00700,2021-03-02,DAILY_NEUTRAL,0,0,0,0,0,0.0,0.7365139619332347,0.8974005457417781,-601200000.0,,-449902588.2352941,腾讯控股,B
00700,2021-03-03,DAILY_NEUTRAL,0,0,0,0,0,0.0,0.5982228621555009,0.9305040930633348,1183330000.0,,-731638888.8888888,腾讯控股,B
00700,2021-03-04,DAILY_NEUTRAL,0,0,0,0,0,0.0,0.9456359312060922,0.8868160275743214,-383800000.0,,-73561157.89473686,腾讯控股,B
00700,2021-03-05,DAILY_NEUTRAL,0,0,0,0,0,33.33333333333333,1.043580443285541,0.8722533390779837,676490000.0,0.53567505095743,-164154500.0,腾讯控股,B
00700,2021-03-08,DAILY_DECLINE,0,0,0,0,1,0.0,1.5087232940795074,0.8239264684762316,-1229890000.0,-1.4692296923465993,13905000.0,腾讯控股,B
00700,2021-03-09,DAILY_DECLINE,0,0,0,0,1,0.0,1.5013716676925857,0.8259083728278043,-96510000.0,-0.21463862609540785,-195096000.0,腾讯控股,B
00700,2021-03-10,DAILY_DECLINE,0,0,0,0,1,0.0,0.8021489414968532,0.8451098664368808,-129590000.0,-0.24434666098680713,-45762000.0,腾讯控股,B
00700,2021-03-11,DAILY_NEUTRAL,0,0,0,0,0,0.0,0.6994226358013148,0.8742352434295563,173110000.0,0.0825877913798081,-281084000.0,腾讯控股,B
00700,2021-03-12,DAILY_DECLINE,0,0,0,0,1,0.0,0.8874728000414068,0.8345109866436882,-162600000.0,-0.28343185556880335,-147687500.0,腾讯控股,B
00700,2021-03-15,DAILY_DECLINE,0,0,0,0,1,0.0,1.2052373451632394,0.8047249748671551,-59890000.0,-0.16409685462032583,-259771000.0,腾讯控股,B
00700,2021-03-16,DAILY_NEUTRAL,0,0,0,0,0,0.0,0.6784392044885171,0.8080425104121787,1005440000.0,1.0400044593710593,1732500.0,腾讯控股,B
00700,2021-03-17,DAILY_NEUTRAL,0,0,0,0,0,0.0,0.7653662417729166,0.8000861697544163,177140000.0,0.0689683223591214,222734000.0,腾讯控股,B
00700,2021-03-18,DAILY_ACCUMULATION,0,0,0,1,0,0.0,0.9270356611181458,0.8212695677150654,396680000.0,0.31963917418591564,325549500.0,腾讯控股,B
00700,2021-03-19,DAILY_DECLINE,0,0,0,0,1,0.0,0.9237515450393478,0.8334027426599637,-429390000.0,-0.6487552404081627,398653500.0,腾讯控股,B
00700,2021-03-22,DAILY_DECLINE,0,0,0,0,1,0.0,0.5909551669991475,0.8409435702174495,80090000.0,-0.03445012302141245,362172000.0,腾讯控股,B
00700,2021-03-23,DAILY_DECLINE,0,0,0,0,1,0.0,0.7486650025815493,0.8655368801222392,-146450000.0,-0.3049711919652111,286279500.0,腾讯控股,B
00700,2021-03-24,DAILY_DECLINE,0,0,0,0,1,0.0,0.9743323086240784,0.8584216943711318,-610010000.0,-0.8627144125137122,114293500.0,腾讯控股,B
00700,2021-03-25,DAILY_DECLINE,0,0,0,0,1,0.0,2.418295918492773,0.833526261363461,-734320000.0,-0.9924164389519716,-131900000.0,腾讯控股,B
00700,2021-03-26,DAILY_NEUTRAL,0,0,0,0,0,0.0,1.0788388712272154,0.8534518683150438,543470000.0,0.5939177682854644,-310856500.0,腾讯控股,B
00700,2021-03-29,DAILY_DECLINE,0,0,0,0,1,0.0,1.2563347737509993,0.8420613974163079,3020000.0,-0.08257635816030713,-156852000.0,腾讯控股,B
00700,2021-03-30,DAILY_NEUTRAL,0,0,0,0,0,0.0,0.7879390833180756,0.8385115216619592,632970000.0,0.7051538657058536,-171614000.0,腾讯控股,B
00700,2021-03-31,DAILY_NEUTRAL,0,0,0,0,0,0.0,0.5843415678397724,0.839221496812829,121110000.0,0.04776209415363471,-77438500.0,腾讯控股,B
00700,2021-04-01,DAILY_ACCUMULATION,0,0,0,1,0,33.33333333333333,1.225130093967189,0.9194913920624428,1884590000.0,2.294464493428729,121896500.0,腾讯控股,B
00700,2021-04-07,DAILY_NEUTRAL,0,0,0,0,0,33.33333333333333,1.1057379067816548,0.9029400890546384,-1404400000.0,-1.8582618487022295,532259000.0,腾讯控股,B
00700,2021-04-08,DAILY_NEUTRAL,0,0,0,0,0,33.33333333333333,9.849258123552731,0.8895323584769076,571200000.0,0.5645508533689018,246729500.0,腾讯控股,B
00700,2021-04-09,DAILY_NEUTRAL,0,0,0,0,0,33.33333333333333,0.32654156583247734,0.8902723485031289,203030000.0,0.11862533768168912,270311000.0,腾讯控股,B
00700,2021-04-12,DAILY_NEUTRAL,0,0,0,0,0,33.33333333333333,0.4044826856159605,0.8798803146566286,338630000.0,0.2801901910238406,169346000.0,腾讯控股,B
00700,2021-04-13,DAILY_DECLINE,0,0,0,0,1,0.0,0.25760889113025665,0.8717243376284928,93250000.0,-0.021259066328566716,189439000.0,腾讯控股,B
00700,2021-04-14,DAILY_NEUTRAL,0,0,0,0,0,33.33333333333333,0.2620443413481607,0.8947122886604572,494610000.0,0.4721491167898405,-164836000.0,腾讯控股,B
00700,2021-04-15,DAILY_DECLINE,0,0,0,0,1,0.0,0.21761787472801808,0.9404241568734163,-389130000.0,-0.6295144350140024,182105500.0,腾讯控股,B
00700,2021-04-16,DAILY_PULLBACK,0,0,1,1,0,66.66666666666666,1.0231991165132306,0.959234000578241,1092370000.0,1.2285170815392197,6501500.0,腾讯控股,B
00700,2021-04-19,DAILY_PULLBACK,0,0,1,1,0,66.66666666666666,1.0148562123680616,0.9513937311859044,408480000.0,0.34772683636631035,180023000.0,腾讯控股,B
00700,2021-04-20,DAILY_NEUTRAL,0,0,0,0,0,66.66666666666666,0.8277241967901903,0.9443357880236058,-2340000.0,-0.17102752730584198,182426000.0,腾讯控股,B
00700,2021-04-21,DAILY_NEUTRAL,0,0,0,0,0,33.33333333333333,1.1636687109942736,0.9231789656286672,-60570000.0,-0.2429999623418525,183259000.0,腾讯控股,B
00700,2021-04-22,DAILY_ACCUMULATION,0,0,0,1,0,66.66666666666666,0.8409009529166608,0.941988809333492,491440000.0,0.46489096604804697,53782000.0,腾讯控股,B
00700,2021-04-23,DAILY_NEUTRAL,0,0,0,0,0,100.0,0.883189610926083,0.959234000578241,-2710000.0,-0.1768858613038298,209328500.0,腾讯控股,B
00700,2021-04-26,DAILY_NEUTRAL,0,0,0,0,0,100.0,0.8086085904337456,0.9537407098760182,234820000.0,0.1336103104556741,-16874500.0,腾讯控股,B
00700,2021-04-27,DAILY_PULLBACK,0,0,1,0,0,66.66666666666666,0.8456350720094324,0.9482644262657529,0.0,-0.17577685731585027,-93848000.0,腾讯控股,B
00700,2021-04-28,DAILY_NEUTRAL,0,0,0,0,0,100.0,0.6966348307452894,0.9529583836459804,-161200000.0,-0.3876135628611723,-130096000.0,腾讯控股,B
00700,2021-04-29,DAILY_NEUTRAL,0,0,0,0,0,100.0,0.8791428797367095,0.9584516743482031,-147640000.0,-0.3655797645318921,-114988500.0,腾讯控股,B
00700,2021-04-30,DAILY_NEUTRAL,0,0,0,0,0,66.66666666666666,0.88210224285553,0.9451181142536438,-279210000.0,-0.5389544732235005,-235271500.0,腾讯控股,B
00700,2021-05-03,DAILY_NEUTRAL,0,0,0,0,0,33.33333333333333,0.6237008450365962,0.9474650929437576,-244770000.0,-0.48639650618273056,-244962500.0,腾讯控股,B
00700,2021-05-04,DAILY_NEUTRAL,0,0,0,0,0,66.66666666666666,0.5507985588521258,0.9435534617935678,52860000.0,-0.07579177956319696,-322586500.0,腾讯控股,B
00700,2021-05-05,DAILY_DECLINE,0,0,0,0,1,33.33333333333333,1.16434598618967,0.925525944318781,-17270000.0,-0.17154060286680822,-220428000.0,腾讯控股,B
00700,2021-05-06,DAILY_DECLINE,0,0,0,0,1,33.33333333333333,2.1255017232274422,0.9463031230437504,-46950000.0,-0.20175606715299263,-260998500.0,腾讯控股,B
00700,2021-05-07,DAILY_DECLINE,0,0,0,0,1,0.0,1.4724192014737731,0.9294706823398483,35010000.0,-0.09802526508225881,-209953000.0,腾讯控股,B
00700,2021-05-10,DAILY_DECLINE,0,0,0,0,1,0.0,1.5856543420347773,0.9214544063434651,-699060000.0,-1.104222387872539,-138708000.0,腾讯控股,B
00700,2021-05-11,DAILY_NEUTRAL,0,0,0,0,0,0.0,2.2373199815414355,0.9046219656395632,697620000.0,0.8642521210344875,-177681500.0,腾讯控股,B
00700,2021-05-12,DAILY_NEUTRAL,0,0,0,0,0,0.0,1.0839012328599267,0.9270710162064407,1129270000.0,1.4576227603374148,-78948000.0,腾讯控股,B
00700,2021-05-13,DAILY_DECLINE,0,0,0,0,1,0.0,0.7688133582478912,0.8974055783543159,-100230000.0,-0.24468337087020225,118627000.0,腾讯控股,B
00700,2021-05-14,DAILY_NEUTRAL,0,0,0,0,0,0.0,0.7054402905307899,0.9022222995061556,203990000.0,0.18750220981659468,93526000.0,腾讯控股,B
00700,2021-05-17,DAILY_ACCUMULATION,0,0,0,1,0,0.0,0.8552488903774982,0.9302705710509842,420070000.0,0.5113457694349093,171741000.0,腾讯控股,B
00700,2021-05-18,DAILY_DECLINE,0,0,0,0,1,0.0,0.5506043647369145,0.9475664607360996,-140240000.0,-0.2618137272548083,394987500.0,腾讯控股,B
00700,2021-05-20,DAILY_ACCUMULATION,0,0,0,1,0,0.0,0.8856134388401041,0.9499991249409336,265880000.0,0.3444879063520457,234310500.0,腾讯控股,B
00700,2021-05-21,DAILY_NEUTRAL,0,0,0,0,0,33.33333333333333,2.490759476670416,0.9169218922277254,-628200000.0,-0.9482624202609606,45310000.0,腾讯控股,B
00700,2021-05-24,DAILY_NEUTRAL,0,0,0,0,0,33.33333333333333,0.8035629039888338,0.9146642398361889,795580000.0,1.1401787485369692,-4302000.0,腾讯控股,B
00700,2021-05-25,DAILY_ACCUMULATION,0,0,0,1,0,66.66666666666666,1.3010165909181115,0.9541819072787414,1736210000.0,2.6144184569368702,74101500.0,腾讯控股,B
00700,2021-05-26,DAILY_ACCUMULATION,0,0,0,1,0,66.66666666666666,0.8373902157659986,0.9678769726586448,701480000.0,0.9718957007880986,262260000.0,腾讯控股,B
00700,2021-05-27,DAILY_ACCUMULATION,0,0,0,1,0,66.66666666666666,1.0876437565891974,0.9476818524162332,283100000.0,0.25710096833353,395530000.0,腾讯控股,B
00700,2021-05-28,DAILY_NEUTRAL,0,0,0,0,0,33.33333333333333,0.5909420388237988,0.9412362286094619,-427570000.0,-0.9396772402302062,376759000.0,腾讯控股,B
00700,2021-05-31,DAILY_ACCUMULATION,0,0,0,1,0,100.0,0.7510695283438563,0.9886402200510833,296300000.0,0.2749796641300574,430881500.0,腾讯控股,B
00700,2021-06-01,DAILY_NEUTRAL,0,0,0,0,0,100.0,0.8825111830594686,1.0057825199613304,833470000.0,1.1516439092404795,302250000.0,腾讯控股,B
00700,2021-06-02,DAILY_NEUTRAL,0,0,0,0,0,100.0,0.8760506530942935,0.994305823268316,-524830000.0,-1.1263948556397139,67790000.0,腾讯控股,B
00700,2021-06-03,DAILY_PULLBACK,0,0,1,0,0,100.0,0.6777402154110653,0.9605669698186324,-402230000.0,-0.9106674101986202,-148587500.0,腾讯控股,B
00700,2021-06-04,DAILY_PULLBACK,0,0,1,0,0,100.0,1.223777379208344,0.9541257178766562,58380000.0,-0.10190864278150609,-266405500.0,腾讯控股,B
00700,2021-06-07,DAILY_NEUTRAL,0,0,0,0,0,66.66666666666666,1.218062756698283,0.936425367011713,-158480000.0,-0.5290555748943756,-174482000.0,腾讯控股,B
00700,2021-06-08,DAILY_DECLINE,0,0,0,0,1,33.33333333333333,0.6045205418390499,0.937245797475867,-106680000.0,-0.4350649011246979,-255763500.0,腾讯控股,B
00700,2021-06-09,DAILY_DECLINE,0,0,0,0,1,33.33333333333333,0.49996360033792936,0.940457695463194,4050000.0,-0.23980028937775652,-473412500.0,腾讯控股,B
00700,2021-06-10,DAILY_DECLINE,0,0,0,0,1,33.33333333333333,0.8484803362446233,0.936425367011713,-185910000.0,-0.5709320773323326,-332958000.0,腾讯控股,B
00700,2021-06-11,DAILY_DECLINE,0,0,0,0,1,33.33333333333333,1.0577417004077012,0.9291985965402272,-347030000.0,-0.8550949504613486,-223935000.0,腾讯控股,B
00700,2021-06-15,DAILY_DECLINE,0,0,0,0,1,33.33333333333333,0.8997284444472449,0.9356223925148812,-234800000.0,-0.6447539701458079,-292677000.0,腾讯控股,B
00700,2021-06-16,DAILY_DECLINE,0,0,0,0,1,0.0,0.8748120427780097,0.9300015710370589,-222390000.0,-0.5968833980573225,-286001500.0,腾讯控股,B
00700,2021-06-17,DAILY_DECLINE,0,0,0,0,1,0.0,1.2453343075098855,0.9340164435212178,27730000.0,-0.13651177917461252,-277020500.0,腾讯控股,B
00700,2021-06-18,DAILY_NEUTRAL,0,0,0,0,0,0.0,1.0034154056636209,0.940457695463194,229450000.0,0.23533316243818309,-280683000.0,腾讯控股,B
00700,2021-06-21,DAILY_DECLINE,0,0,0,0,1,0.0,1.8997553396623297,0.9203484211077557,-1308540000.0,-2.5564778300706013,-195789500.0,腾讯控股,B
00700,2021-06-22,DAILY_DECLINE,0,0,0,0,1,0.0,2.177688647988443,0.8929774643461867,-308720000.0,-0.6757191189604888,-354074500.0,腾讯控股,B
00700,2021-06-23,DAILY_NEUTRAL,0,0,0,0,0,0.0,1.0190211875971673,0.907465917223803,417610000.0,0.5713870844198025,-313643500.0,腾讯控股,B
00700,2021-06-24,DAILY_NEUTRAL,0,0,0,0,0,0.0,0.5537701097561784,0.9082688917206347,102620000.0,0.004069796397610361,-119713500.0,腾讯控股,B
00700,2021-06-25,DAILY_NEUTRAL,0,0,0,0,0,0.0,1.0025164306967043,0.933213469024386,558510000.0,0.7804156297674596,-74792500.0,腾讯控股,B
00700,2021-06-28,DAILY_DECLINE,0,0,0,0,1,0.0,0.5577369103084869,0.9283956220433955,-321780000.0,-0.7659946045382542,-22751000.0,腾讯控股,B
00700,2021-06-29,DAILY_DECLINE,0,0,0,0,1,0.0,0.808949567297096,0.9203484211077557,-423020000.0,-0.9299867543644401,169311500.0,腾讯控股,B
00700,2021-06-30,DAILY_NEUTRAL,0,0,0,0,0,33.33333333333333,0.9104629594454199,0.9098748407142981,-50270000.0,-0.24776778219834286,182417500.0,腾讯控股,B
00700,2021-07-02,DAILY_NEUTRAL,0,0,0,0,0,33.33333333333333,1.780873242602761,0.8946008693071726,-1094240000.0,-2.0669740643195857,133028500.0,腾讯控股,B
00700,2021-07-05,DAILY_DECLINE,0,0,0,0,1,0.0,2.5793656389140542,0.8764182602674052,-1527570000.0,-2.8890466191058937,-77873000.0,腾讯控股,B
00700,2021-07-06,DAILY_NEUTRAL,0,0,0,0,0,0.0,0.9007351777959041,0.9068734527450123,326060000.0,0.5276960276129917,-438822000.0,腾讯控股,B
00700,2021-07-07,DAILY_DECLINE,0,0,0,0,1,0.0,1.31461453921198,0.8937594906602755,-468410000.0,-0.9199335459895367,-322638000.0,腾讯控股,B
00700,2021-07-08,DAILY_DECLINE,0,0,0,0,1,0.0,1.7320842610212173,0.8635419156721769,-1414220000.0,-2.6193326070659593,-316219500.0,腾讯控股,B
00700,2021-07-09,DAILY_DECLINE,0,0,0,0,1,0.0,1.3089311265914656,0.8813415957192504,-766100000.0,-1.3146954318134347,-523632500.0,腾讯控股,B
00700,2021-07-12,DAILY_NEUTRAL,0,0,0,0,0,0.0,0.8420974094510507,0.8745563871062648,38890000.0,0.10395197638103533,-419497000.0,腾讯控股,B
00700,2021-07-13,DAILY_NEUTRAL,0,0,0,0,0,0.0,0.9786258346100808,0.9101557472004119,781270000.0,1.3951923482721316,-117445000.0,腾讯控股,B
00700,2021-07-14,DAILY_NEUTRAL,0,0,0,0,0,0.0,0.5442394671346538,0.9126193937832416,99790000.0,0.18659320948607977,-82818000.0,腾讯控股,B
00700,2021-07-15,DAILY_DECLINE,0,0,0,0,1,0.0,0.5856401301740044,0.9270478679352927,-324140000.0,-0.5215163861145943,14092500.0,腾讯控股,B
00700,2021-07-16,DAILY_NEUTRAL,0,0,0,0,0,33.33333333333333,0.5027991321102101,0.925354730662348,122760000.0,0.2838809939323803,237196000.0,腾讯控股,B
00700,2021-07-19,DAILY_NEUTRAL,0,0,0,0,0,33.33333333333333,0.7129965862888759,0.9007490292066179,-253350000.0,-0.3805573405781676,410216500.0,腾讯控股,B
00700,2021-07-20,DAILY_ACCUMULATION,0,0,0,1,0,33.33333333333333,0.9444925348319476,0.891915349386911,194990000.0,0.41205145407611504,375908500.0,腾讯控股,B
00700,2021-07-21,DAILY_NEUTRAL,0,0,0,0,0,33.33333333333333,1.108421780115152,0.8842517358546313,-939240000.0,-1.5784875554566822,183476000.0,腾讯控股,B
00700,2021-07-22,DAILY_DECLINE,0,0,0,0,1,0.0,0.8531379133093454,0.8944637317181268,-197650000.0,-0.23729243371025258,7196000.0,腾讯控股,B
00700,2021-07-23,DAILY_DECLINE,0,0,0,0,1,0.0,0.9578488497994386,0.8723408184369922,-274490000.0,-0.35836659464316967,63257000.0,腾讯控股,B
00700,2021-07-26,DAILY_DECLINE,0,0,0,0,1,0.0,4.598262841040113,0.8025373024080367,-736200000.0,-1.1493088097621262,2662500.0,腾讯控股,B
00700,2021-07-27,DAILY_DECLINE,0,0,0,0,1,0.0,3.4879866631817924,0.7276370217166495,-1184180000.0,-1.8877735437186558,-29172000.0,腾讯控股,B
00700,2021-07-28,DAILY_DECLINE,0,0,0,0,1,0.0,2.3216363991415334,0.7359196900841839,-836320000.0,-1.2266474921079265,-261886000.0,腾讯控股,B
00700,2021-07-29,DAILY_NEUTRAL,0,0,0,0,0,0.0,1.0859524978778063,0.8163521071435251,-29990000.0,0.12888948817292162,-220637000.0,腾讯控股,B
00700,2021-07-30,DAILY_DECLINE,0,0,0,0,1,0.0,0.5149718605281989,0.7939432483492639,-514170000.0,-0.6734074745992034,-188119000.0,腾讯控股,B
00700,2021-08-02,DAILY_NEUTRAL,0,0,0,0,0,0.0,0.35344985777674176,0.8247285271864832,-42200000.0,0.11812947634662561,-265058500.0,腾讯控股,B
00700,2021-08-03,DAILY_DECLINE,0,0,0,0,1,0.0,1.6196723546757141,0.7723352542239993,-1414140000.0,-2.1310792631929174,-200527000.0,腾讯控股,B
00700,2021-08-04,DAILY_NEUTRAL,0,0,0,0,0,0.0,0.6172180584653508,0.7918381747618488,1158460000.0,2.049398526716198,-159509000.0,腾讯控股,B
00700,2021-08-05,DAILY_ACCUMULATION,0,0,0,1,0,0.0,0.9556993755769627,0.75967305656827,412640000.0,0.8127281201292177,158103500.0,腾讯控股,B
00700,2021-08-06,DAILY_ACCUMULATION,0,0,0,1,0,0.0,0.734261114841352,0.7860559018385667,1072540000.0,1.796401485042438,155286500.0,腾讯控股,B
00700,2021-08-09,DAILY_NEUTRAL,0,0,0,0,0,0.0,0.6943331374631914,0.8005213846093536,1577940000.0,2.524307517214221,380696500.0,腾讯控股,B
00700,2021-08-10,DAILY_NEUTRAL,0,0,0,0,0,0.0,0.6670363825586472,0.8449762828805519,1111540000.0,1.7651752157701623,627772000.0,腾讯控股,B
00700,2021-08-11,DAILY_DECLINE,0,0,0,0,1,0.0,0.4388758118558526,0.8409972950723275,-622530000.0,-0.7991396329536078,1116394500.0,腾讯控股,B
00700,2021-08-12,DAILY_NEUTRAL,0,0,0,0,0,33.33333333333333,0.4016303207394769,0.8373711239170488,-131830000.0,-0.07410886986163827,796312500.0,腾讯控股,B
00700,2021-08-13,DAILY_ACCUMULATION,0,0,0,1,0,33.33333333333333,0.8189876470619,0.8197605733637867,979610000.0,1.5362713717051597,677803000.0,腾讯控股,B
00700,2021-08-16,DAILY_NEUTRAL,0,0,0,0,0,33.33333333333333,1.0024247470946512,0.8038547844205802,-53370000.0,0.024259720167574442,616374500.0,腾讯控股,B
00700,2021-08-17,DAILY_ACCUMULATION,0,0,0,1,0,33.33333333333333,1.6241974274924385,0.7748622408816583,131550000.0,0.2930574939368334,280113500.0,腾讯控股,B
00700,2021-08-18,DAILY_NEUTRAL,0,0,0,0,0,0.0,0.9844966213253522,0.7873328152480674,-6090000.0,0.08110049608514669,87287500.0,腾讯控股,B
00700,2021-08-19,DAILY_DECLINE,0,0,0,0,1,0.0,1.8053304040687226,0.7590699006094319,-1870320000.0,-2.5786974162077154,163918000.0,腾讯控股,B
00700,2021-08-20,DAILY_NEUTRAL,0,0,0,0,0,0.0,1.4787726580322265,0.7706248587338443,1354170000.0,2.1541159537559778,-100146500.0,腾讯控股,B
00700,2021-08-23,DAILY_NEUTRAL,0,0,0,0,0,0.0,1.1044192853732666,0.8406650121889618,-110270000.0,0.02189805905000169,-106667500.0,腾讯控股,B
00700,2021-08-24,DAILY_NEUTRAL,0,0,0,0,0,33.33333333333333,1.1378661264036383,0.9533366783743101,1721850000.0,2.6176242730705797,-149344000.0,腾讯控股,B
00700,2021-08-25,DAILY_NEUTRAL,0,0,0,0,0,33.33333333333333,0.920419101355762,0.9587875746932446,-457660000.0,-0.483721331818634,23414500.0,腾讯控股,B
00700,2021-08-26,DAILY_NEUTRAL,0,0,0,0,0,66.66666666666666,0.3624792710506338,0.9529033435205037,219670000.0,0.440668219741995,-85832500.0,腾讯控股,B
00700,2021-08-27,DAILY_NEUTRAL,0,0,0,0,0,66.66666666666666,0.5728347577833978,0.9439134808853118,313680000.0,0.5874536787874497,319682500.0,腾讯控股,B
00700,2021-08-30,DAILY_NEUTRAL,0,0,0,0,0,66.66666666666666,0.5244840670402119,0.942655935613682,-245490000.0,-0.1900397749544931,70192000.0,腾讯控股,B
00700,2021-08-31,DAILY_NEUTRAL,0,0,0,0,0,66.66666666666666,1.7395148667026397,0.9751234680812145,-685050000.0,-0.790632792231056,53312500.0,腾讯控股,B
00700,2021-09-01,DAILY_NEUTRAL,0,0,0,0,0,66.66666666666666,1.1561085999084055,0.9902826047192245,1042110000.0,1.563948475070071,-464522000.0,腾讯控股,B
00700,2021-09-02,DAILY_NEUTRAL,0,0,0,0,0,100.0,1.3792989685845196,1.0029396349383588,525240000.0,0.8218613381464858,-158750500.0,腾讯控股,B
00700,2021-09-03,DAILY_NEUTRAL,0,0,0,0,0,100.0,0.7987827610614965,0.9552347526653865,78750000.0,0.21521275082253916,-103266500.0,腾讯控股,B
00700,2021-09-06,DAILY_NEUTRAL,0,0,0,0,0,100.0,0.7713004422617139,0.9898240734609188,754400000.0,1.1033476589273343,-100563000.0,腾讯控股,B
00700,2021-09-07,DAILY_NEUTRAL,0,0,0,0,0,100.0,0.6863234508045594,1.0111913118336535,-416660000.0,-0.45507933956287555,140592000.0,腾讯控股,B
00700,2021-09-08,DAILY_NEUTRAL,0,0,0,0,0,100.0,1.0668287981239577,1.0089561925365063,15220000.0,0.10957896513312876,270680000.0,腾讯控股,B
00700,2021-09-09,DAILY_PULLBACK,0,0,1,0,0,100.0,1.775268391839454,0.9040039104008161,-514940000.0,-0.5869794342514925,33414500.0,腾讯控股,B
00700,2021-09-10,DAILY_PULLBACK,0,0,1,0,0,100.0,1.0746626340593308,0.9235984188379308,969560000.0,1.3512632151645543,-155466000.0,腾讯控股,B
00700,2021-09-13,DAILY_PULLBACK,0,0,1,0,0,100.0,0.7970319316843524,0.9000935095847323,-190960000.0,-0.17563092411359937,23198500.0,腾讯控股,B
00700,2021-09-14,DAILY_DECLINE,0,0,0,0,1,33.33333333333333,0.566982966669629,0.8898924639775577,-73430000.0,-0.016095384610920464,-158994000.0,腾讯控股,B
00700,2021-09-15,DAILY_DECLINE,0,0,0,0,1,33.33333333333333,1.0607256864263657,0.8518935690908318,-701330000.0,-0.8669721467762384,-80099000.0,腾讯控股,B
00700,2021-09-16,DAILY_NEUTRAL,0,0,0,0,0,33.33333333333333,0.7060172244561118,0.8471968376758617,584630000.0,0.8238488424353311,-188647000.0,腾讯控股,B
00700,2021-09-17,DAILY_NEUTRAL,0,0,0,0,0,33.33333333333333,0.8322780833057684,0.868342755132401,135400000.0,0.2335105397081154,-91480500.0,腾讯控股,B
00700,2021-09-20,DAILY_NEUTRAL,0,0,0,0,0,0.0,0.5858924630769006,0.8534662302886045,97070000.0,0.18289518990311635,-197374000.0,腾讯控股,B
00700,2021-09-21,DAILY_NEUTRAL,0,0,0,0,0,0.0,0.6893684415142626,0.84524163726782,130850000.0,0.23803523461429094,-150135000.0,腾讯控股,B
00700,2021-09-23,DAILY_NEUTRAL,0,0,0,0,0,0.0,0.9513056751636153,0.8710842861393292,84299560.0,0.16740988077946634,-29729000.0,腾讯控股,B
00700,2021-09-24,DAILY_DECLINE,0,0,0,0,1,0.0,0.810291551035768,0.8652186849152038,-43710000.0,-0.011158440413222219,100298934.0,腾讯控股,B
00700,2021-09-27,DAILY_NEUTRAL,0,0,0,0,0,0.0,0.9464233944828454,0.8738258171462575,290370000.0,0.42663881619622507,-12200066.0,腾讯控股,B
00700,2021-09-28,DAILY_NEUTRAL,0,0,0,0,0,33.33333333333333,1.1780723285813448,0.8840268627534322,-70450000.0,-0.07780237032618001,19959434.0,腾讯控股,B
00700,2021-09-29,DAILY_NEUTRAL,0,0,0,0,0,33.33333333333333,0.9672809536912494,0.8746121477451438,-343230000.0,-0.4907832319631108,-22296566.0,腾讯控股,B
00700,2021-09-30,DAILY_NEUTRAL,0,0,0,0,0,33.33333333333333,0.9025824304472096,0.8675564245335147,-19210000.0,-0.02805527338872165,-134203566.0,腾讯控股,B
00700,2021-10-04,DAILY_NEUTRAL,0,0,0,0,0,33.33333333333333,0.6428603688473868,0.858949292302461,-72280000.0,-0.11203263707652711,-101839478.0,腾讯控股,B
00700,2021-10-05,DAILY_NEUTRAL,0,0,0,0,0,33.33333333333333,0.6890343043869502,0.84524163726782,-62887380.0,-0.13455856813275047,-77677478.0,腾讯控股,B
00700,2021-10-06,DAILY_DECLINE,0,0,0,0,1,0.0,0.6768408222679131,0.8381859140561907,-34900000.0,-0.11248806288116452,-141247085.0,腾讯控股,B
00700,2021-10-07,DAILY_NEUTRAL,0,0,0,0,0,33.33333333333333,1.0388033204480163,0.8871509329706294,475840000.0,0.6296736972938332,-94672085.0,腾讯控股,B
00700,2021-10-08,DAILY_NEUTRAL,0,0,0,0,0,33.33333333333333,2.2466259688263754,0.9075317720066306,-346450000.0,-0.5585302774208087,24516915.0,腾讯控股,B
00700,2021-10-11,DAILY_NEUTRAL,0,0,0,0,0,100.0,1.662547082204675,0.9685526286833476,548630000.0,0.7563322976564417,-22847585.0,腾讯控股,B
00700,2021-10-12,DAILY_NEUTRAL,0,0,0,0,0,100.0,0.8815713920139316,0.9679110548675767,-98240000.0,-0.2057602995768089,48155915.0,腾讯控股,B
00700,2021-10-15,DAILY_ACCUMULATION,0,0,0,1,0,100.0,1.4882305095478001,0.993740395914309,708450000.0,0.970579734432588,94475391.0,腾讯控股,B
00700,2021-10-18,DAILY_ACCUMULATION,0,0,0,1,0,100.0,0.8924874360112299,0.9937585903877786,407950000.0,0.5079960902555569,198174891.0,腾讯控股,B
00700,2021-10-19,DAILY_NEUTRAL,0,0,0,0,0,100.0,0.630653301799534,0.9979270408508145,256730000.0,0.2841956572715306,160527891.0,腾讯控股,B
00700,2021-10-20,DAILY_BREAKOUT,1,0,0,0,0,100.0,1.5158836667676798,1.019738176246592,82290000.0,0.00436922660098084,233260891.0,腾讯控股,B
00700,2021-10-21,DAILY_NEUTRAL,0,0,0,0,0,100.0,0.7287857353576839,0.9808583165807185,-454100000.0,-0.7896945192398056,165109891.0,腾讯控股,B
00700,2021-10-22,DAILY_NEUTRAL,0,0,0,0,0,100.0,0.5555447448650929,0.9889214229525392,-257250000.0,-0.49495018664829804,123412891.0,腾讯控股,B
00700,2021-10-25,DAILY_PULLBACK,0,0,1,0,0,100.0,0.6234231572457547,0.9798531596888385,40490000.0,-0.07166184843696581,-52011109.0,腾讯控股,B
00700,2021-10-26,DAILY_PULLBACK,0,0,1,0,0,100.0,0.8520654028439618,0.9738003671007779,137630000.0,0.043104980431364126,-120985109.0,腾讯控股,B
00700,2021-10-27,DAILY_PULLBACK,0,0,1,0,0,100.0,1.0430547660663736,0.9435801066340355,106510000.0,-0.029670382305350535,-147471631.0,腾讯控股,B
00700,2021-10-28,DAILY_PULLBACK,0,0,1,0,0,66.66666666666666,0.9030148628478386,0.9460055939166158,163440000.0,0.055272456203002106,-150138631.0,腾讯控股,B
00700,2021-10-29,DAILY_DECLINE,0,0,0,0,1,33.33333333333333,1.1307243551170696,0.9314963726946945,99850000.0,-0.06165972417971077,-20284131.0,腾讯控股,B
00700,2021-11-01,DAILY_DECLINE,0,0,0,0,1,33.33333333333333,1.4823715138943938,0.9085307228389127,-32690000.0,-0.27336588991486716,42620869.0,腾讯控股,B
00700,2021-11-02,DAILY_NEUTRAL,0,0,0,0,0,33.33333333333333,1.9015220524365786,0.8972554846604318,172600000.0,0.013292588449419347,12457869.0,腾讯控股,B
00700,2021-11-03,DAILY_DECLINE,0,0,0,0,1,33.33333333333333,0.9265743190367064,0.9073289048160127,54800000.0,-0.15818103461342406,9861369.0,腾讯控股,B
00700,2021-11-04,DAILY_NEUTRAL,0,0,0,0,0,0.0,0.7819070854049411,0.9311030504326545,214800000.0,0.12327591128724093,-6834631.0,腾讯控股,B
00700,2021-11-05,DAILY_DECLINE,0,0,0,0,1,0.0,0.9276803655809679,0.9041167730093523,89890000.0,-0.06589619510374453,-10447000.0,腾讯控股,B
00700,2021-11-08,DAILY_NEUTRAL,0,0,0,0,0,0.0,1.0020239813123832,0.8968621623983918,496570000.0,0.7231754951895264,-18678500.0,腾讯控股,B
00700,2021-11-09,DAILY_DECLINE,0,0,0,0,1,0.0,0.612013971985759,0.8972554846604318,73720000.0,-0.03602079797605588,86137000.0,腾讯控股,B
00700,2021-11-10,DAILY_ACCUMULATION,0,0,0,1,0,0.0,1.668147713689681,0.9367406695218949,1240090000.0,2.1753589779711304,45352500.0,腾讯控股,B
00700,2021-11-11,DAILY_DECLINE,0,0,0,0,1,0.0,1.7488466846832482,0.924656935582554,-339800000.0,-0.8630340724291589,247837500.0,腾讯控股,B
00700,2021-11-12,DAILY_ACCUMULATION,0,0,0,1,0,33.33333333333333,0.9716870263806714,0.9399528013285553,449120000.0,0.6453628840640028,148995500.0,腾讯控股,B
00700,2021-11-15,DAILY_NEUTRAL,0,0,0,0,0,66.66666666666666,0.7670067316051129,0.9532602045275763,189750000.0,0.14241061924515755,233808000.0,腾讯控股,B
00700,2021-11-16,DAILY_ACCUMULATION,0,0,0,1,0,66.66666666666666,1.144404848318131,0.9748055239926581,984080000.0,1.6274052844259994,183354000.0,腾讯控股,B
00700,2021-11-17,DAILY_NEUTRAL,0,0,0,0,0,66.66666666666666,0.7761873999091172,0.9878944148238791,-388280000.0,-0.9520019391644766,329058500.0,腾讯控股,B
00700,2021-11-18,DAILY_NEUTRAL,0,0,0,0,0,66.66666666666666,0.749101226648569,0.9682208508114994,-11650000.0,-0.3464497574345159,26913000.0,腾讯控股,B
00700,2021-11-19,DAILY_PULLBACK,0,0,1,0,0,100.0,0.6776083488548016,0.967573152768923,335050000.0,0.44137528711380714,70420500.0,腾讯控股,B
00700,2021-11-22,DAILY_PULLBACK,0,0,1,0,0,100.0,0.7085679150829314,0.9682581727479417,-124180000.0,-0.5789842679656617,17991500.0,腾讯控股,B
00700,2021-11-23,DAILY_NEUTRAL,0,0,0,0,0,66.66666666666666,0.9464310091706359,0.9433311214333112,-132660000.0,-0.5934557251729006,-36561000.0,腾讯控股,B
00700,2021-11-24,DAILY_NEUTRAL,0,0,0,0,0,33.33333333333333,1.4554984419036991,0.9249723512497234,341900000.0,0.562725113729459,-246394500.0,腾讯控股,B
00700,2021-11-25,DAILY_NEUTRAL,0,0,0,0,0,33.33333333333333,0.9013419274294099,0.9363857553638575,627740000.0,1.2644214440590908,-112128000.0,腾讯控股,B
00700,2021-11-26,DAILY_DECLINE,0,0,0,0,1,33.33333333333333,1.795310369500823,0.9070338420703383,-207320000.0,-0.8074780299621563,-7465000.0,腾讯控股,B
00700,2021-11-29,DAILY_DECLINE,0,0,0,0,1,33.33333333333333,0.8928025401583481,0.9049988940499889,80290000.0,-0.10489749465772759,-100580500.0,腾讯控股,B
00700,2021-11-30,DAILY_DECLINE,0,0,0,0,1,33.33333333333333,1.5596709640555166,0.8988719309887192,-727760000.0,-2.192698343782131,-65335500.0,腾讯控股,B
00700,2021-12-01,DAILY_NEUTRAL,0,0,0,0,0,0.0,0.7767167169372933,0.918049104180491,473760000.0,0.9395176966438671,-139337500.0,腾讯控股,B
00700,2021-12-02,DAILY_DECLINE,0,0,0,0,1,0.0,0.7073114319130638,0.927825702278257,77590000.0,-0.07144712706721218,-133913500.0,腾讯控股,B
00700,2021-12-03,DAILY_DECLINE,0,0,0,0,1,0.0,0.892438329083067,0.9053970360539703,-411400000.0,-1.3245467665848398,-237083000.0,腾讯控股,B
00700,2021-12-06,DAILY_NEUTRAL,0,0,0,0,0,0.0,1.3383982693944485,0.8752267197522672,240030000.0,0.3986252015565945,-252834500.0,腾讯控股,B
00700,2021-12-07,DAILY_NEUTRAL,0,0,0,0,0,0.0,0.9140501446473237,0.9078522450785224,814890000.0,1.8836360787353135,-208059500.0,腾讯控股,B
00700,2021-12-08,DAILY_NEUTRAL,0,0,0,0,0,0.0,0.6611346562065759,0.9143773501437734,183770000.0,0.18741558384478804,63412000.0,腾讯控股,B
00700,2021-12-09,DAILY_NEUTRAL,0,0,0,0,0,0.0,0.6092906209436285,0.9257907542579075,366500000.0,0.6377897994237568,58230000.0,腾讯控股,B
00700,2021-12-10,DAILY_NEUTRAL,0,0,0,0,0,0.0,0.7237615610968436,0.9070338420703383,144050000.0,0.08728891508332504,80697000.0,腾讯控股,B
00700,2021-12-13,DAILY_ACCUMULATION,0,0,0,1,0,33.33333333333333,1.1352504099570597,0.9135589471355894,658610000.0,1.4771735781342947,207040500.0,腾讯控股,B
00700,2021-12-14,DAILY_NEUTRAL,0,0,0,0,0,33.33333333333333,0.7649413227997894,0.8996903339969033,-491400000.0,-1.6694775173729322,267313500.0,腾讯控股,B
00700,2021-12-15,DAILY_NEUTRAL,0,0,0,0,0,33.33333333333333,0.8394300105452952,0.8915284229152842,-161770000.0,-0.8080808882781711,79829500.0,腾讯控股,B
00700,2021-12-16,DAILY_NEUTRAL,0,0,0,0,0,0.0,1.3506825693748337,0.8950406013019261,166950000.0,0.12766350967625215,-604000.0,腾讯控股,B
00700,2021-12-17,DAILY_DECLINE,0,0,0,0,1,0.0,1.6536093509251137,0.8685055818863855,-210570000.0,-0.9164111913082221,-49444000.0,腾讯控股,B
00700,2021-12-20,DAILY_DECLINE,0,0,0,0,1,0.0,1.0353848370176553,0.8519508524450234,-13410000.0,-0.3552787298089885,-93087000.0,腾讯控股,B
00700,2021-12-21,DAILY_NEUTRAL,0,0,0,0,0,0.0,0.8902562305013073,0.9036729197622585,161920000.0,0.1320489696758194,-233029500.0,腾讯控股,B
00700,2021-12-22,DAILY_DECLINE,0,0,0,0,1,0.0,0.6897372048804266,0.9150568314701343,45630000.0,-0.1900933314720264,-117094500.0,腾讯控股,B
00700,2021-12-23,DAILY_NEUTRAL,0,0,0,0,0,33.33333333333333,1.6346484588827341,0.9555872585247205,707310000.0,1.6206743734875757,-60801000.0,腾讯控股,B
00700,2021-12-24,DAILY_NEUTRAL,0,0,0,0,0,33.33333333333333,0.42173835819996247,0.9550306129630064,460000.0,-0.330798993652798,43292500.0,腾讯控股,B
00700,2021-12-28,DAILY_NEUTRAL,0,0,0,0,0,33.33333333333333,1.008613947287975,0.9338243918459264,42320000.0,-0.2217009938722992,75109500.0,腾讯控股,B
00700,2021-12-29,DAILY_NEUTRAL,0,0,0,0,0,33.33333333333333,0.5184838124575185,0.9217199558985667,100250000.0,-0.0841044746179892,88154000.0,腾讯控股,B
00700,2021-12-30,DAILY_NEUTRAL,0,0,0,0,0,33.33333333333333,0.4517213522168076,0.9186938469117267,12260000.0,-0.3301632936843004,34419500.0,腾讯控股,B
00700,2021-12-31,DAILY_NEUTRAL,0,0,0,0,0,66.66666666666666,0.6276897760980324,0.9476647352741092,243920000.0,0.29970091909134083,50820500.0,腾讯控股,B
00700,2022-01-03,DAILY_NEUTRAL,0,0,0,0,0,66.66666666666666,0.5416042428736956,0.9411902695348238,33880000.0,-0.28993153506337416,-50174000.0,腾讯控股,B
00700,2022-01-04,DAILY_DECLINE,0,0,0,0,1,0.0,1.3015425269009118,0.9329798963147153,-206350000.0,-0.9532163717509446,-65754000.0,腾讯控股,B
00700,2022-01-05,DAILY_DECLINE,0,0,0,0,1,0.0,3.417390594929617,0.8910131600553612,-744420000.0,-2.3997072617687905,-93169000.0,腾讯控股,B
00700,2022-01-06,DAILY_NEUTRAL,0,0,0,0,0,0.0,1.6216091893868854,0.9048535034835441,165980000.0,0.11494528925657597,-184137500.0,腾讯控股,B
00700,2022-01-07,DAILY_NEUTRAL,0,0,0,0,0,0.0,1.2421490184353654,0.9178258931713152,665890000.0,1.4763645637909277,-152504000.0,腾讯控股,B
00700,2022-01-10,DAILY_NEUTRAL,0,0,0,0,0,33.33333333333333,1.0325782314764438,0.9399000680288067,622830000.0,1.3069328554797293,-83079500.0,腾讯控股,B
00700,2022-01-11,DAILY_NEUTRAL,0,0,0,0,0,33.33333333333333,0.7576906816802153,0.9545849069882005,56360000.0,-0.1897435078649581,10771500.0,腾讯控股,B
00700,2022-01-12,DAILY_NEUTRAL,0,0,0,0,0,100.0,1.2724726436927494,1.0266473918804964,1402600000.0,3.424466608449087,93426000.0,腾讯控股,B
00700,2022-01-13,DAILY_NEUTRAL,0,0,0,0,0,100.0,0.8519750499915946,0.9878904508225574,-131990000.0,-0.6677202781124237,428130000.0,腾讯控股,B
00700,2022-01-14,DAILY_NEUTRAL,0,0,0,0,0,100.0,0.6638178294354133,0.9730563935948017,-55870000.0,-0.4710436591112057,367047000.0,腾讯控股,B
00700,2022-01-17,DAILY_PULLBACK,0,0,1,0,0,100.0,0.6586938521598161,0.9563703875609191,166010000.0,0.054650131430435664,233836000.0,腾讯控股,B
00700,2022-01-18,DAILY_NEUTRAL,0,0,0,0,0,66.66666666666666,1.3165215755327204,0.928985843583198,-294870000.0,-1.114373460649108,123643000.0,腾讯控股,B
00700,2022-01-19,DAILY_PULLBACK,0,0,1,0,0,100.0,0.9059703674420416,0.9353910420051057,62580000.0,-0.20504472774913157,67470000.0,腾讯控股,B
00700,2022-01-20,DAILY_NEUTRAL,0,0,0,0,0,100.0,1.6717564638436913,0.9997679275934093,1607010000.0,3.6195407207999053,-195567000.0,腾讯控股,B
00700,2022-01-21,DAILY_NEUTRAL,0,0,0,0,0,100.0,1.3543841335115603,1.0061691173059975,309890000.0,0.3154735744966531,74164000.0,腾讯控股,B
00700,2022-01-24,DAILY_NEUTRAL,0,0,0,0,0,100.0,0.6570272450750461,0.9809033733562035,-290050000.0,-1.0341946600010277,167187000.0,腾讯控股,B
00700,2022-01-25,DAILY_ACCUMULATION,0,0,0,1,0,100.0,1.1031681600496757,0.974819897084048,1210420000.0,2.321406288446468,90500500.0,腾讯控股,B
00700,2022-01-26,DAILY_NEUTRAL,0,0,0,0,0,100.0,0.9477803098718539,0.9895940537449971,212060000.0,0.055881409422194536,333153500.0,腾讯控股,B
00700,2022-01-27,DAILY_PULLBACK,0,0,1,1,0,100.0,0.871520163299312,0.9665637507146941,756820000.0,1.2154185045384864,357459000.0,腾讯控股,B
00700,2022-01-28,DAILY_PULLBACK,0,0,1,0,0,100.0,0.6917298036942148,0.9600457404230989,594480000.0,0.8349441822257726,150193000.0,腾讯控股,B
00700,2022-01-31,DAILY_NEUTRAL,0,0,0,0,0,100.0,0.5901847067710134,0.9861177815894797,84160000.0,-0.2521408298730242,189583000.0,腾讯控股,B
00700,2022-02-04,DAILY_NEUTRAL,0,0,0,0,0,100.0,0.85115162531344,1.001303602058319,176550000.0,-0.05839856975682932,261911000.0,腾讯控股,B
00700,2022-02-07,DAILY_PULLBACK,0,0,1,0,0,66.66666666666666,0.9100411393261082,0.9892441465513337,-78480000.0,-0.5833125452937116,35992000.0,腾讯控股,B
00700,2022-02-08,DAILY_PULLBACK,0,0,1,0,0,100.0,1.1979430376156677,0.9720574249354648,45220000.0,-0.31730892788170556,-55413000.0,腾讯控股,B
00700,2022-02-09,DAILY_NEUTRAL,0,0,0,0,0,100.0,1.5266614424920308,0.9995697658620534,893490000.0,1.568007225540486,-191695000.0,腾讯控股,B
00700,2022-02-10,DAILY_NEUTRAL,0,0,0,0,0,100.0,1.1081969247870722,1.0017187181980596,-256990000.0,-0.9846639534613726,-143273000.0,腾讯控股,B
00700,2022-02-11,DAILY_PULLBACK,0,0,1,0,0,100.0,0.8414599147547103,0.976588928467415,-90640000.0,-0.5953290054658625,-167512000.0,腾讯控股,B
00700,2022-02-14,DAILY_PULLBACK,0,0,1,0,0,100.0,0.7002466498627388,0.9659699352555056,25690000.0,-0.3334107971398678,-213600000.0,腾讯控股,B
00700,2022-02-15,DAILY_PULLBACK,0,0,1,0,0,100.0,0.7775726045217999,0.9617133767950354,284260000.0,0.2635415385724246,-123920500.0,腾讯控股,B
00700,2022-02-16,DAILY_PULLBACK,0,0,1,0,0,66.66666666666666,0.722906084927855,0.9748863050832269,310580000.0,0.3006047532659575,-96925000.0,腾讯控股,B
00700,2022-02-17,DAILY_PULLBACK,0,0,1,0,0,66.66666666666666,0.8816672551670716,0.9808454869278849,172420000.0,-0.019992332069992656,-231829500.0,腾讯控股,B
00700,2022-02-18,DAILY_DECLINE,0,0,0,0,1,33.33333333333333,1.7826587062419401,0.9617133767950354,-288010000.0,-1.0442028719664804,-146268000.0,腾讯控股,B
00700,2022-02-21,DAILY_DECLINE,0,0,0,0,1,33.33333333333333,3.0324147948154514,0.9093577077312543,-723710000.0,-2.0023680755373574,-186085000.0,腾讯控股,B
00700,2022-02-22,DAILY_DECLINE,0,0,0,0,1,0.0,1.4007054131172985,0.9080807401931132,-588590000.0,-1.6318723679262284,-296650500.0,腾讯控股,B
00700,2022-02-23,DAILY_DECLINE,0,0,0,0,1,0.0,0.8046949844011536,0.9085063960391603,-238050000.0,-0.8234051539936676,-361440500.0,腾讯控股,B
00700,2022-02-24,DAILY_DECLINE,0,0,0,0,1,0.0,1.269474434148619,0.8719223962183839,-200430000.0,-0.7155522797114241,-443769500.0,腾讯控股,B
00700,2022-02-25,DAILY_DECLINE,0,0,0,0,1,0.0,0.8242575231795324,0.8638349351434907,28370000.0,-0.22939709961313717,-522820500.0,腾讯控股,B
00700,2022-02-28,DAILY_NEUTRAL,0,0,0,0,0,0.0,0.8586469286593676,0.8578757532988328,183390000.0,0.10204951723093715,-400442000.0,腾讯控股,B
00700,2022-03-01,DAILY_NEUTRAL,0,0,0,0,0,0.0,0.7039179740602026,0.8787104868158703,613240000.0,1.0133149756861661,-217588500.0,腾讯控股,B
00700,2022-03-02,DAILY_DECLINE,0,0,0,0,1,0.0,0.5564627683773249,0.8625579676053498,-177240000.0,-0.7198497969175106,29956500.0,腾讯控股,B
00700,2022-03-03,DAILY_DECLINE,0,0,0,0,1,0.0,0.8302051090456057,0.8527678831462687,-449980000.0,-1.299948523257023,80704500.0,腾讯控股,B
00700,2022-03-04,DAILY_DECLINE,0,0,0,0,1,0.0,1.968079111499992,0.8195667271546027,-811170000.0,-2.079185705808412,57501500.0,腾讯控股,B
00700,2022-03-07,DAILY_NEUTRAL,0,0,0,0,0,0.0,1.639837037576525,0.7872168828550306,451860000.0,0.6731138033504083,-61020500.0,腾讯控股,B
00700,2022-03-08,DAILY_NEUTRAL,0,0,0,0,0,0.0,1.198192418204656,0.7770235454891681,464970000.0,0.7231890933823723,-33843500.0,腾讯控股,B
00700,2022-03-09,DAILY_NEUTRAL,0,0,0,0,0,0.0,1.1251881498843455,0.7804287922575442,335330000.0,0.436074736082535,-84485000.0,腾讯控股,B
00700,2022-03-10,DAILY_DECLINE,0,0,0,0,1,0.0,0.7214242576614732,0.7808544481035912,-28610000.0,-0.33262946232416624,45937000.0,腾讯控股,B
00700,2022-03-11,DAILY_DECLINE,0,0,0,0,1,0.0,1.4165371970904401,0.7512833849702616,-180260000.0,-0.6468170952994259,118792000.0,腾讯控股,B
00700,2022-03-14,DAILY_NEUTRAL,0,0,0,0,0,0.0,1.881112280442173,0.6751240287248261,143740000.0,0.0681649048841116,249455000.0,腾讯控股,B
00700,2022-03-15,DAILY_NEUTRAL,0,0,0,0,0,0.0,2.8894694202473534,0.6023831638085314,253520000.0,0.2835329093365837,181928500.0,腾讯控股,B
00700,2022-03-16,DAILY_ACCUMULATION,0,0,0,1,0,0.0,1.8510439253596496,0.7508551752259701,517530000.0,0.8413646452724155,141175500.0,腾讯控股,B
00700,2022-03-17,DAILY_DECLINE,0,0,0,0,1,0.0,0.9532735701340946,0.800330743266203,-886760000.0,-2.2013811794741733,167268000.0,腾讯控股,B
00700,2022-03-18,DAILY_DECLINE,0,0,0,0,1,0.0,0.45862094498110906,0.7809845275581633,74990000.0,-0.10159827122842112,48597000.0,腾讯控股,B
00700,2022-03-21,DAILY_NEUTRAL,0,0,0,0,0,0.0,0.383354405737128,0.7896490240240239,268790000.0,0.2987320708981379,81497000.0,腾讯控股,B
00700,2022-03-22,DAILY_NEUTRAL,0,0,0,0,0,33.33333333333333,0.42562046972897644,0.8536964602414907,791520000.0,1.3822937518342742,56882000.0,腾讯控股,B
00700,2022-03-23,DAILY_NEUTRAL,0,0,0,0,0,66.66666666666666,0.7631638595951994,0.8560044702509656,7600000.0,-0.2702328011358526,95476500.0,腾讯控股,B
00700,2022-03-24,DAILY_NEUTRAL,0,0,0,0,0,33.33333333333333,1.1101566936363731,0.8254245754245755,-429250000.0,-1.1542212688882931,-18792000.0,腾讯控股,B
00700,2022-03-25,DAILY_ACCUMULATION,0,0,0,1,0,33.33333333333333,1.0152342889321913,0.8037916114348599,406330000.0,0.5856475499220903,84151000.0,腾讯控股,B
00700,2022-03-28,DAILY_ACCUMULATION,0,0,0,1,0,33.33333333333333,0.7117892138556545,0.8275517094765276,415350000.0,0.5901644504455854,131521000.0,腾讯控股,B
00700,2022-03-29,DAILY_NEUTRAL,0,0,0,0,0,33.33333333333333,0.5636246030255437,0.8532126153615287,90450000.0,-0.08472997339089554,149235000.0,腾讯控股,B
00700,2022-03-30,DAILY_PULLBACK,0,0,1,0,0,66.66666666666666,0.7686448673601997,0.8699727162489895,35270000.0,-0.19999385600531383,35160500.0,腾讯控股,B
00700,2022-03-31,DAILY_PULLBACK,0,0,1,0,0,66.66666666666666,0.4558787882176529,0.8721736664346302,328600000.0,0.4055426199028035,30069000.0,腾讯控股,B
00700,2022-04-01,DAILY_NEUTRAL,0,0,0,0,0,100.0,0.5677231071178179,0.9294238906368667,329850000.0,0.3976666450623278,142710000.0,腾讯控股,B
00700,2022-04-04,DAILY_ACCUMULATION,0,0,0,1,0,100.0,0.7540695804549464,0.9647196963490894,463190000.0,0.6531347744453616,70363000.0,腾讯控股,B
00700,2022-04-06,DAILY_NEUTRAL,0,0,0,0,0,100.0,0.9247774600271003,0.9413997433166763,-264600000.0,-0.8986413612690664,79364500.0,腾讯控股,B
00700,2022-04-07,DAILY_PULLBACK,0,0,1,0,0,100.0,0.8934917224374027,0.9242784194860874,175080000.0,0.03844869477357763,44833000.0,腾讯控股,B
00700,2022-04-08,DAILY_NEUTRAL,0,0,0,0,0,66.66666666666666,1.2604450872575699,0.9118265476092953,59900000.0,-0.18631627284878138,80807500.0,腾讯控股,B
00700,2022-04-11,DAILY_DECLINE,0,0,0,0,1,33.33333333333333,1.3767214093415303,0.8703203080199886,-240490000.0,-0.8053885748186251,22642000.0,腾讯控股,B
00700,2022-04-12,DAILY_NEUTRAL,0,0,0,0,0,33.33333333333333,1.450175826353404,0.9035252996914339,727080000.0,1.2517548419418525,-88414500.0,腾讯控股,B
00700,2022-04-13,DAILY_NEUTRAL,0,0,0,0,0,0.0,1.0629561904616183,0.922203107506622,265270000.0,0.3161138450646381,-64803500.0,腾讯控股,B
00700,2022-04-14,DAILY_NEUTRAL,0,0,0,0,0,0.0,0.7129880569259813,0.9242784194860874,212690000.0,0.185069372442901,40583000.0,腾讯控股,B
00700,2022-04-19,DAILY_DECLINE,0,0,0,0,1,0.0,0.839998005864191,0.897299363753038,-120370000.0,-0.5663343081061811,63347000.0,腾讯控股,B
00700,2022-04-20,DAILY_DECLINE,0,0,0,0,1,0.0,0.5231040089984331,0.8921110838043745,-102680000.0,-0.5149674748784593,-11026500.0,腾讯控股,B
00700,2022-04-21,DAILY_DECLINE,0,0,0,0,1,0.0,1.4017752856816963,0.8557931241637312,-914910000.0,-2.338458692830509,25419000.0,腾讯控股,B
00700,2022-04-22,DAILY_NEUTRAL,0,0,0,0,0,0.0,1.5378868686278762,0.836596488353677,529240000.0,0.88321193562736,-243794000.0,腾讯控股,B
00700,2022-04-25,DAILY_DECLINE,0,0,0,0,1,0.0,1.3221449288415168,0.8023811474290707,-72230000.0,-0.3974782513733033,-177886000.0,腾讯控股,B
00700,2022-04-26,DAILY_NEUTRAL,0,0,0,0,0,0.0,1.261561399206304,0.8520212285456188,658360000.0,1.3230633361599269,-230878500.0,腾讯控股,B
00700,2022-04-27,DAILY_NEUTRAL,0,0,0,0,0,0.0,0.9944173707427753,0.849339430894309,281550000.0,0.4032858202091826,-129513000.0,腾讯控股,B
00700,2022-04-28,DAILY_NEUTRAL,0,0,0,0,0,0.0,0.8150608296038134,0.8627484191508582,429730000.0,0.8292935152036998,-46428000.0,腾讯控股,B
00700,2022-04-29,DAILY_ACCUMULATION,0,0,0,1,0,33.33333333333333,1.887361799631975,0.9635557813911472,1345680000.0,3.054690829146334,221781000.0,腾讯控股,B
00700,2022-05-03,DAILY_NEUTRAL,0,0,0,0,0,66.66666666666666,0.8806410470344531,0.9705284552845529,174710000.0,0.1602254799692532,322307500.0,腾讯控股,B
00700,2022-05-04,DAILY_NEUTRAL,0,0,0,0,0,66.66666666666666,0.4863755635243029,0.9394196025293585,280010000.0,0.4249227045806104,364723500.0,腾讯控股,B
00700,2022-05-05,DAILY_NEUTRAL,0,0,0,0,0,66.66666666666666,0.8117161899491182,0.9340560072267389,-22090000.0,-0.289654283237658,291483000.0,腾讯控股,B
00700,2022-05-06,DAILY_NEUTRAL,0,0,0,0,0,33.33333333333333,0.883244733219523,0.8879290876242096,84290000.0,-0.033182264695996055,248352000.0,腾讯控股,B
00700,2022-05-10,DAILY_ACCUMULATION,0,0,0,1,0,33.33333333333333,1.0801497252007586,0.8735023762770711,454320000.0,0.8264555926500979,198209000.0,腾讯控股,B
00700,2022-05-11,DAILY_NEUTRAL,0,0,0,0,0,33.33333333333333,1.083236894099538,0.8983750249011071,279510000.0,0.399169317391137,-16009000.0,腾讯控股,B
00700,2022-05-12,DAILY_DECLINE,0,0,0,0,1,33.33333333333333,0.9005811385994098,0.8816130225675176,84890000.0,-0.030872481769453435,-270500.0,腾讯控股,B
00700,2022-05-13,DAILY_NEUTRAL,0,0,0,0,0,33.33333333333333,0.832179316959827,0.9091892199550358,111470000.0,0.01923517455871926,-40544000.0,腾讯控股,B
00700,2022-05-16,DAILY_DECLINE,0,0,0,0,1,33.33333333333333,0.6753712543143405,0.8972936053957142,-13010000.0,-0.28927327831770105,-31430000.0,腾讯控股,B
00700,2022-05-17,DAILY_PULLBACK,0,0,1,0,0,66.66666666666666,1.3966871314374592,0.9470389026437861,953660000.0,2.0444261393500858,-13885500.0,腾讯控股,B
00700,2022-05-18,DAILY_NEUTRAL,0,0,0,0,0,100.0,1.2938207322438122,0.939468966106036,-496710000.0,-1.4341677116446225,51563000.0,腾讯控股,B
00700,2022-05-19,DAILY_NEUTRAL,0,0,0,0,0,66.66666666666666,2.649079738392848,0.8751245055351604,308160000.0,0.46993359346360125,-68211000.0,腾讯控股,B
00700,2022-05-20,DAILY_PULLBACK,0,0,1,0,0,100.0,0.9217246925795309,0.9075670906969465,979660000.0,2.0063977088714013,-44983500.0,腾讯控股,B
00700,2022-05-23,DAILY_NEUTRAL,0,0,0,0,0,33.33333333333333,0.5241636697680946,0.8929679273741427,372030000.0,0.5480895414699495,74537500.0,腾讯控股,B
00700,2022-05-24,DAILY_DECLINE,0,0,0,0,1,0.0,0.6007166893553016,0.8692051566635363,-102760000.0,-0.5730544473912748,87198500.0,腾讯控股,B
00700,2022-05-25,DAILY_NEUTRAL,0,0,0,0,0,0.0,0.7018147759503219,0.8583909616096076,436520000.0,0.6674142721304293,-92485500.0,腾讯控股,B
00700,2022-05-26,DAILY_NEUTRAL,0,0,0,0,0,0.0,0.6301440657787056,0.858931671362304,190040000.0,0.05954041200365584,68723000.0,腾讯控股,B
00700,2022-05-27,DAILY_NEUTRAL,0,0,0,0,0,0.0,0.9875766549900671,0.8794501835567318,209230000.0,0.09016144971769283,68515000.0,腾讯控股,B
00700,2022-05-30,DAILY_NEUTRAL,0,0,0,0,0,0.0,1.1429787641000246,0.9016192834172857,395280000.0,0.52701252194498,-81955000.0,腾讯控股,B
00700,2022-05-31,DAILY_NEUTRAL,0,0,0,0,0,33.33333333333333,3.1493738488955763,0.9351432880844647,146470000.0,-0.074960124228223,-75582500.0,腾讯控股,B
00700,2022-06-01,DAILY_NEUTRAL,0,0,0,0,0,66.66666666666666,0.9102965937019845,0.937822941784361,-389240000.0,-1.3442835597818772,34224000.0,腾讯控股,B
00700,2022-06-02,DAILY_NEUTRAL,0,0,0,0,0,66.66666666666666,0.46277688700156894,0.9516525299795262,-463880000.0,-1.5011512186324183,-102730500.0,腾讯控股,B
00700,2022-06-06,DAILY_NEUTRAL,0,0,0,0,0,66.66666666666666,0.8024560273781172,0.975548405966657,264800000.0,0.2340483630951518,-196320000.0,腾讯控股,B
00700,2022-06-07,DAILY_NEUTRAL,0,0,0,0,0,100.0,0.8906801283489222,0.9831977361160241,103660000.0,-0.201487624523109,-199550500.0,腾讯控股,B
00700,2022-06-08,DAILY_BREAKOUT,1,0,0,0,0,100.0,1.513483334548867,1.046301192784535,2147230000.0,4.933786263578636,-258843000.0,腾讯控股,B
00700,2022-06-09,DAILY_NEUTRAL,0,0,0,0,0,100.0,1.402450572050735,1.0090694670635143,-664940000.0,-1.8467078128676657,56663500.0,腾讯控股,B
00700,2022-06-10,DAILY_ACCUMULATION,0,0,0,1,0,100.0,0.9801389523057118,0.9733527523801818,500860000.0,0.6414061141277126,48746000.0,腾讯控股,B
00700,2022-06-13,DAILY_PULLBACK,0,0,1,0,0,100.0,0.7450103527606448,0.9236723575262293,-186550000.0,-0.7934618506726377,220895500.0,腾讯控股,B
00700,2022-06-14,DAILY_PULLBACK,0,0,1,0,0,100.0,0.48418058029117417,0.9211101221781698,257950000.0,0.1221498086901042,145526500.0,腾讯控股,B
00700,2022-06-15,DAILY_PULLBACK,0,0,1,0,0,100.0,0.6738340020196163,0.9308466165007957,196210000.0,-0.008896826647219294,162836500.0,腾讯控股,B
00700,2022-06-16,DAILY_PULLBACK,0,0,1,0,0,100.0,0.8426630782208605,0.8995873452544705,-181410000.0,-0.7845500098391703,-189495000.0,腾讯控股,B
00700,2022-06-17,DAILY_PULLBACK,0,0,1,0,0,66.66666666666666,0.8516207904613365,0.9041993688809775,120550000.0,-0.1385676120739211,-108554000.0,腾讯控股,B
00700,2022-06-20,DAILY_PULLBACK,0,0,1,0,0,66.66666666666666,0.558982153847344,0.9077864983682606,14610000.0,-0.40843555796969144,-175235500.0,腾讯控股,B
00700,2022-06-21,DAILY_PULLBACK,0,0,1,0,0,66.66666666666666,0.8265697459211038,0.933921298918467,194290000.0,-0.020220874723095094,-86751000.0,腾讯控股,B
00700,2022-06-22,DAILY_PULLBACK,0,0,1,0,0,66.66666666666666,0.7659614953098501,0.9057367100898132,-254230000.0,-0.980625243031584,-90596000.0,腾讯控股,B
00700,2022-06-23,DAILY_PULLBACK,0,0,1,0,0,66.66666666666666,0.7696175791564732,0.9185478868301103,12860000.0,-0.3719861459492964,-173110500.0,腾讯控股,B
00700,2022-06-24,DAILY_NEUTRAL,0,0,0,0,0,100.0,1.2555273913601266,0.9420934811338566,518420000.0,0.7201262446580895,-113073500.0,腾讯控股,B
00700,2022-06-27,DAILY_NEUTRAL,0,0,0,0,0,100.0,4.031776447652262,0.9267470399439006,965750000.0,1.671221531032766,-49918500.0,腾讯控股,B
00700,2022-06-28,DAILY_NEUTRAL,0,0,0,0,0,33.33333333333333,2.5047699465369497,0.8949753216279634,-858030000.0,-2.2850996196657234,102483500.0,腾讯控股,B
00700,2022-06-29,DAILY_NEUTRAL,0,0,0,0,0,33.33333333333333,1.089460669114883,0.8929255333495159,203860000.0,0.030499225929293022,-45315000.0,腾讯控股,B
00700,2022-06-30,DAILY_DECLINE,0,0,0,0,1,0.0,0.9182834590576171,0.8657658386600858,-477940000.0,-1.3751805137643685,43433500.0,腾讯控股,B
00700,2022-07-04,DAILY_NEUTRAL,0,0,0,0,0,0.0,0.949310512815018,0.846805297084446,780570000.0,1.2118995350375297,-50291500.0,腾讯控股,B
00700,2022-07-05,DAILY_NEUTRAL,0,0,0,0,0,0.0,0.437305261488645,0.851417320710953,400350000.0,0.4215085538957925,-60084000.0,腾讯控股,B
00700,2022-07-06,DAILY_NEUTRAL,0,0,0,0,0,0.0,0.6712791120590346,0.8483426382932816,232570000.0,0.08305604667394485,-179941500.0,腾讯控股,B
00700,2022-07-07,DAILY_DECLINE,0,0,0,0,1,0.0,0.6281431562883935,0.8585915796855192,70468040.0,-0.2342213489101231,31733000.0,腾讯控股,B
00700,2022-07-08,DAILY_DECLINE,0,0,0,0,1,0.0,0.6939099521412984,0.8611538150335789,167900000.0,-0.05029569999824738,108892706.0,腾讯控股,B
00700,2022-07-11,DAILY_DECLINE,0,0,0,0,1,0.0,0.8546624055549606,0.8493827160493828,75590000.0,-0.23646330118276826,196418706.0,腾讯控股,B
00700,2022-07-12,DAILY_DECLINE,0,0,0,0,1,0.0,0.8430376531526032,0.8374211248285323,107010000.0,-0.17356571669870446,76686206.0,腾讯控股,B
00700,2022-07-13,DAILY_NEUTRAL,0,0,0,0,0,0.0,0.8527253283484962,0.8311659807956103,286990000.0,0.17937114325706577,3340206.0,腾讯控股,B
00700,2022-07-14,DAILY_DECLINE,0,0,0,0,1,0.0,0.9040250869853704,0.8301234567901234,-96550000.0,-0.5909843299004784,12772206.0,腾讯控股,B
00700,2022-07-15,DAILY_DECLINE,0,0,0,0,1,0.0,1.4535086476242338,0.8040603566529492,-778740000.0,-1.9734054734307203,-5993402.0,腾讯控股,B
00700,2022-07-18,DAILY_NEUTRAL,0,0,0,0,0,0.0,1.037886497621367,0.8238683127572016,360740000.0,0.3806333180901751,-165454902.0,腾讯控股,B
00700,2022-07-19,DAILY_NEUTRAL,0,0,0,0,0,0.0,0.6462390004817806,0.8254320987654321,222250000.0,0.09017038182192975,-120434402.0,腾讯控股,B
00700,2022-07-20,DAILY_DECLINE,0,0,0,0,1,0.0,0.8568421487417393,0.8394787379972566,166610000.0,-0.031226454392412714,-107768402.0,腾讯控股,B
00700,2022-07-21,DAILY_NEUTRAL,0,0,0,0,0,0.0,1.0371534363251995,0.827517146776406,224580000.0,0.050470635960993285,-130460402.0,腾讯控股,B
00700,2022-07-22,DAILY_DECLINE,0,0,0,0,1,0.0,0.7984020845123474,0.8223045267489713,105510000.0,-0.18733248872243416,-90174902.0,腾讯控股,B
00700,2022-07-25,DAILY_DECLINE,0,0,0,0,1,0.0,1.0124962046982642,0.8077091906721537,90760000.0,-0.22484669024341206,82042598.0,腾讯控股,B
00700,2022-07-26,DAILY_ACCUMULATION,0,0,0,1,0,0.0,0.8699985043078069,0.8155281207133058,398300000.0,0.44197871713274545,49429598.0,腾讯控股,B
00700,2022-07-27,DAILY_DECLINE,0,0,0,0,1,0.0,1.2250098612316191,0.8509659342279899,75190000.0,-0.24325094162261005,113012098.0,腾讯控股,B
00700,2022-07-28,DAILY_NEUTRAL,0,0,0,0,0,0.0,0.9059328064070655,0.8598750743604997,207710000.0,0.048397706176711144,48067098.0,腾讯控股,B
00700,2022-07-29,DAILY_NEUTRAL,0,0,0,0,0,0.0,2.2971359812774756,0.8363862437071633,265310000.0,0.2217037826240602,44500598.0,腾讯控股,B
00700,2022-08-01,DAILY_ACCUMULATION,0,0,0,1,0,0.0,1.9400969733802003,0.8309645924735833,567210000.0,0.8906319587791086,39298098.0,腾讯控股,B
00700,2022-08-02,DAILY_ACCUMULATION,0,0,0,1,0,0.0,1.6911872218732857,0.8174627695730086,423440000.0,0.5563710770001715,145256098.0,腾讯控股,B
00700,2022-08-03,DAILY_ACCUMULATION,0,0,0,1,0,0.0,0.883732832845575,0.8397701291478712,384620000.0,0.4535832815221757,149129598.0,腾讯控股,B
00700,2022-08-04,DAILY_DECLINE,0,0,0,0,1,0.0,0.6084894716378635,0.8673608107273064,1790000.0,-0.40362841600924015,203413098.0,腾讯控股,B
00700,2022-08-05,DAILY_DECLINE,0,0,0,0,1,0.0,0.49206873655348976,0.8544460236050175,109030000.0,-0.15037285280217152,165663000.0,腾讯控股,B
00700,2022-08-08,DAILY_DECLINE,0,0,0,0,1,0.0,0.5141684539049728,0.858082436703809,-166510000.0,-0.7539565724013881,137350500.0,腾讯控股,B
00700,2022-08-09,DAILY_DECLINE,0,0,0,0,1,0.0,0.5846868889409724,0.8627330795535195,92600000.0,-0.17045836842985954,2711500.0,腾讯控股,B
00700,2022-08-10,DAILY_DECLINE,0,0,0,0,1,0.0,0.826810955284042,0.8553777663075036,18770000.0,-0.33241173610747704,-62736000.0,腾讯控股,B
00700,2022-08-11,DAILY_DECLINE,0,0,0,0,1,0.0,0.9192967893383721,0.8798954771275566,116540000.0,-0.11822089248802513,-122495000.0,腾讯控股,B
00700,2022-08-12,DAILY_DECLINE,0,0,0,0,1,0.0,0.7233979490457374,0.8817343054390605,68090000.0,-0.19944130239130753,-110199500.0,腾讯控股,B
00700,2022-08-15,DAILY_DECLINE,0,0,0,0,1,0.0,0.8249356968988141,0.8700883927995353,-41800000.0,-0.4783018625699995,-160729000.0,腾讯控股,B
00700,2022-08-16,DAILY_DECLINE,0,0,0,0,1,0.0,1.7554993235129572,0.8780566488160526,-28030000.0,-0.43269951598687734,-115660000.0,腾讯控股,B
00700,2022-08-17,DAILY_NEUTRAL,0,0,0,0,0,33.33333333333333,1.1535886840193081,0.8786695915865539,48910000.0,-0.22343793985023971,-127272000.0,腾讯控股,B
00700,2022-08-18,DAILY_NEUTRAL,0,0,0,0,0,66.66666666666666,2.0484298072311766,0.9164657587802176,-8430000.0,-0.3475586453067717,-115359000.0,腾讯控股,B
00700,2022-08-19,DAILY_NEUTRAL,0,0,0,0,0,66.66666666666666,1.2123621480032807,0.9238939206359549,340500000.0,0.47988292978270647,-128702500.0,腾讯控股,B
00700,2022-08-22,DAILY_NEUTRAL,0,0,0,0,0,66.66666666666666,0.6825166400919791,0.9369236444116562,297490000.0,0.38205272232895954,-85970000.0,腾讯控股,B
00700,2022-08-23,DAILY_NEUTRAL,0,0,0,0,0,66.66666666666666,0.6073087648408624,0.9439321283659168,-182120000.0,-0.7673655199267495,-28448500.0,腾讯控股,B
00700,2022-08-24,DAILY_PULLBACK,0,0,1,0,0,100.0,0.6435638268684778,0.9428213971731926,265310000.0,0.31466788891769454,-30245500.0,腾讯控股,B
00700,2022-08-25,DAILY_ACCUMULATION,0,0,0,1,0,100.0,1.0038797371241877,0.9974135583991288,888170000.0,1.8040684518806507,3528500.0,腾讯控股,B
00700,2022-08-26,DAILY_NEUTRAL,0,0,0,0,0,100.0,1.1048846256373548,0.9961153138417502,39290000.0,-0.24070172536890924,148825500.0,腾讯控股,B
00700,2022-08-29,DAILY_ACCUMULATION,0,0,0,1,0,100.0,0.7808004699451271,0.9751833618004623,285480000.0,0.3178125288138232,99884500.0,腾讯控股,B
00700,2022-08-30,DAILY_NEUTRAL,0,0,0,0,0,100.0,0.9119597559496058,0.9770923339696574,110860000.0,-0.12391804091934853,111569000.0,腾讯控股,B
00700,2022-08-31,DAILY_ACCUMULATION,0,0,0,1,0,100.0,1.6906131863952762,0.9885461669848288,339780000.0,0.4296968943131977,185794000.0,腾讯控股,B
00700,2022-09-01,DAILY_NEUTRAL,0,0,0,0,0,100.0,1.3198704662976317,0.9685638649900729,152130000.0,-0.028495036454017932,202930000.0,腾讯控股,B
00700,2022-09-02,DAILY_ACCUMULATION,0,0,0,1,0,100.0,1.33946611548592,0.9811383189940437,451870000.0,0.979225748659602,48205000.0,腾讯控股,B
00700,2022-09-05,DAILY_PULLBACK,0,0,1,0,0,100.0,0.9978975046351041,0.9509596293845136,139650000.0,-0.031188938067271,113579000.0,腾讯控股,B
00700,2022-09-06,DAILY_PULLBACK,0,0,1,1,0,100.0,0.7375815364131606,0.9358702845797485,614770000.0,1.5210620645304604,69105000.0,腾讯控股,B
00700,2022-09-07,DAILY_NEUTRAL,0,0,0,0,0,33.33333333333333,0.676201711760019,0.9276968894771676,314040000.0,0.5030032448815001,143778500.0,腾讯控股,B
00700,2022-09-08,DAILY_NEUTRAL,0,0,0,0,0,33.33333333333333,1.164700157492348,0.8968894771674388,196430000.0,0.12373291802938383,123867000.0,腾讯控股,B
00700,2022-09-09,DAILY_ACCUMULATION,0,0,0,1,0,33.33333333333333,0.8509160605171469,0.913236267372601,632270000.0,1.5158269221313732,128732500.0,腾讯控股,B
00700,2022-09-13,DAILY_ACCUMULATION,0,0,0,1,0,33.33333333333333,0.9281111466794366,0.906320317670417,660340000.0,1.5489412000308718,136603500.0,腾讯控股,B
00700,2022-09-14,DAILY_ACCUMULATION,0,0,0,1,0,0.0,1.0069643826141035,0.8899735274652548,301360000.0,0.37620846985175965,205634500.0,腾讯控股,B
00700,2022-09-15,DAILY_NEUTRAL,0,0,0,0,0,0.0,0.7313407268259261,0.8912309728656519,213990000.0,0.09005851444748668,126483000.0,腾讯控股,B
00700,2022-09-16,DAILY_ACCUMULATION,0,0,0,1,0,0.0,1.3978717930629447,0.8698874917273329,273740000.0,0.2748442900660733,98219000.0,腾讯控股,B
00700,2022-09-19,DAILY_DECLINE,0,0,0,0,1,0.0,1.2652542220238518,0.8566843150231634,-102220000.0,-0.9363951154748216,99572500.0,腾讯控股,B
00700,2022-09-20,DAILY_DECLINE,0,0,0,0,1,0.0,0.7854583196805935,0.8704831237591,46450000.0,-0.4585030095990887,-25189500.0,腾讯控股,B
00700,2022-09-21,DAILY_DECLINE,0,0,0,0,1,0.0,0.8531558815567719,0.8472534745201854,-328580000.0,-1.6253480826755675,-135415500.0,腾讯控股,B
00700,2022-09-22,DAILY_DECLINE,0,0,0,0,1,0.0,0.9487955540303885,0.8378226340172071,-115430000.0,-0.9111892912062547,-254080500.0,腾讯控股,B
00700,2022-09-23,DAILY_DECLINE,0,0,0,0,1,0.0,1.0179869907503991,0.8126737260092655,-18230000.0,-0.6982116973611735,-300927500.0,腾讯控股,B
00700,2022-09-26,DAILY_NEUTRAL,0,0,0,0,0,0.0,1.3487922313605851,0.8384513567174057,323920000.0,0.5481501983991492,-314001500.0,腾讯控股,B
00700,2022-09-27,DAILY_NEUTRAL,0,0,0,0,0,0.0,1.2208422306717404,0.8309066843150231,374590000.0,0.7151142345073626,-243005000.0,腾讯控股,B
00700,2022-09-28,DAILY_DECLINE,0,0,0,0,1,0.0,1.1004817807844602,0.8095301125082727,66550000.0,-0.4376053028433584,-181832500.0,腾讯控股,B
00700,2022-09-29,DAILY_NEUTRAL,0,0,0,0,0,0.0,0.9442429166089558,0.7988418266048974,373690000.0,0.7933955670820888,-100591000.0,腾讯控股,B
00700,2022-09-30,DAILY_NEUTRAL,0,0,0,0,0,0.0,1.0267217025333082,0.7881161825726141,427030000.0,0.9897267418382855,-4462500.0,腾讯控股,B
00700,2022-10-03,DAILY_NEUTRAL,0,0,0,0,0,0.0,0.6235802674378864,0.7873659517426274,316650000.0,0.5296829106121638,70844500.0,腾讯控股,B
00700,2022-10-05,DAILY_ACCUMULATION,0,0,0,1,0,0.0,0.8937235255540088,0.8514800778449247,253220000.0,0.2720577958313314,76151500.0,腾讯控股,B
00700,2022-10-06,DAILY_DECLINE,0,0,0,0,1,0.0,0.5352642499575713,0.8564774883560462,-124110000.0,-1.2085083675709791,46199000.0,腾讯控股,B
00700,2022-10-07,DAILY_DECLINE,0,0,0,0,1,0.0,0.586289445466635,0.8587741453523531,84940000.0,-0.37521200709211194,45011000.0,腾讯控股,B
00700,2022-10-10,DAILY_DECLINE,0,0,0,0,1,0.0,1.0461196063187168,0.8409090909090909,54250000.0,-0.48053339182099153,-1284000.0,腾讯控股,B
00700,2022-10-11,DAILY_DECLINE,0,0,0,0,1,0.0,1.5641820908489574,0.8129447279522749,-227440000.0,-1.587190918197539,-68731000.0,腾讯控股,B
00700,2022-10-12,DAILY_DECLINE,0,0,0,0,1,0.0,2.1208601841318018,0.811192336778422,163560000.0,-0.11744905514930847,-134563500.0,腾讯控股,B
00700,2022-10-13,DAILY_DECLINE,0,0,0,0,1,0.0,1.2395429877203443,0.7984779745353432,-196640000.0,-1.6679053578181713,-127656500.0,腾讯控股,B
00700,2022-10-14,DAILY_NEUTRAL,0,0,0,0,0,0.0,1.5546828678796696,0.8139611943595597,606450000.0,1.8088880668024085,-117262500.0,腾讯控股,B
00700,2022-10-17,DAILY_NEUTRAL,0,0,0,0,0,0.0,1.0729776345603137,0.8155603512427445,408970000.0,0.9146368914883259,-32583500.0,腾讯控股,B
00700,2022-10-18,DAILY_ACCUMULATION,0,0,0,1,0,0.0,0.8301640945662961,0.849379932356257,333060000.0,0.584051587178961,31599000.0,腾讯控股,B
00700,2022-10-19,DAILY_DECLINE,0,0,0,0,1,0.0,0.7814669335133226,0.8122886133032694,4640000.0,-0.7791470055673771,121935000.0,腾讯控股,B
00700,2022-10-20,DAILY_NEUTRAL,0,0,0,0,0,0.0,2.008212172204086,0.7854271164375694,788820000.0,2.433446499909848,92241500.0,腾讯控股,B
00700,2022-10-21,DAILY_ACCUMULATION,0,0,0,1,0,0.0,0.8832507874709364,0.7979111663301754,322670000.0,0.4816049282010384,233463500.0,腾讯控股,B
00700,2022-10-24,DAILY_DECLINE,0,0,0,0,1,0.0,2.9260542300581602,0.6997981052958534,-62590000.0,-1.0439892503219907,154802500.0,腾讯控股,B
00700,2022-10-25,DAILY_ACCUMULATION,0,0,0,1,0,0.0,1.7886512401745236,0.7005357974840813,416640000.0,0.8437526428411288,62708500.0,腾讯控股,B
00700,2022-10-26,DAILY_ACCUMULATION,0,0,0,1,0,0.0,0.9872433287479608,0.7299468399291199,425120000.0,0.8622195964278621,74788500.0,腾讯控股,B
00700,2022-10-27,DAILY_DECLINE,0,0,0,0,1,0.0,0.7510274873027311,0.7359322701319158,-238380000.0,-1.7094427661306528,156358000.0,腾讯控股,B
00700,2022-10-28,DAILY_DECLINE,0,0,0,0,1,0.0,0.7351919971563402,0.6895845638905297,-90360000.0,-1.0701302292312644,-33835500.0,腾讯控股,B
00700,2022-10-31,DAILY_NEUTRAL,0,0,0,0,0,0.0,0.8478658128283096,0.710691823899371,743300000.0,2.150206319033749,-93239000.0,腾讯控股,B
00700,2022-11-01,DAILY_ACCUMULATION,0,0,0,1,0,0.0,1.5178197495400596,0.792611051778015,857380000.0,2.4565097583781133,52125500.0,腾讯控股,B
00700,2022-11-02,DAILY_DECLINE,0,0,0,0,1,0.0,0.6726251131839898,0.8046358925675408,61930000.0,-0.5060368597255466,113237000.0,腾讯控股,B
00700,2022-11-03,DAILY_NEUTRAL,0,0,0,0,0,33.33333333333333,0.6225366352374302,0.7700644752976544,-167110000.0,-1.3442926252180303,50163500.0,腾讯控股,B
00700,2022-11-04,DAILY_ACCUMULATION,0,0,0,1,0,66.66666666666666,1.435169002431642,0.861235817484287,622050000.0,1.4702665136235693,66567500.0,腾讯控股,B
00700,2022-11-07,DAILY_NEUTRAL,0,0,0,0,0,66.66666666666666,0.8448275454398085,0.908741434063179,253890000.0,0.13544081487730064,182194000.0,腾讯控股,B
00700,2022-11-08,DAILY_NEUTRAL,0,0,0,0,0,66.66666666666666,0.46203167789782734,0.9265118652717531,141170000.0,-0.26454252587192245,74330000.0,腾讯控股,B
00700,2022-11-09,DAILY_NEUTRAL,0,0,0,0,0,66.66666666666666,0.7896590887312074,0.8901505486093392,288540000.0,0.24431502936916177,-87342500.0,腾讯控股,B
00700,2022-11-10,DAILY_NEUTRAL,0,0,0,0,0,66.66666666666666,0.5903842891178955,0.8869678540399654,180250000.0,-0.1532605295221353,-48269500.0,腾讯控股,B
00700,2022-11-11,DAILY_ACCUMULATION,0,0,0,1,0,100.0,1.3980679115685675,0.998349261511729,1548880000.0,4.666396720738799,2358000.0,腾讯控股,B
00700,2022-11-14,DAILY_NEUTRAL,0,0,0,0,0,100.0,1.3792033528613985,0.9991813873330461,276490000.0,0.07307227467774026,140602500.0,腾讯控股,B
00700,2022-11-15,DAILY_BREAKOUT,1,0,0,0,0,100.0,1.754137735172434,1.0438266359111326,1074560000.0,2.493612503397723,151746500.0,腾讯控股,B
00700,2022-11-16,DAILY_NEUTRAL,0,0,0,0,0,100.0,1.4078628921447223,1.0227792197729826,539770000.0,0.7854205141504832,301349500.0,腾讯控股,B
00700,2022-11-17,DAILY_DISTRIBUTION,0,1,0,0,0,100.0,1.3989002837225644,0.9829133651282436,310150000.0,0.10613198943737251,324839000.0,腾讯控股,B
00700,2022-11-18,DAILY_NEUTRAL,0,0,0,0,0,100.0,0.7557668833117741,0.959034082452746,333290000.0,0.15157071935650018,374752500.0,腾讯控股,B
00700,2022-11-21,DAILY_PULLBACK,0,0,1,0,0,100.0,0.543813206846446,0.9315783668517225,851530000.0,1.6685656493199499,131103500.0,腾讯控股,B
00700,2022-11-22,DAILY_PULLBACK,0,0,1,0,0,100.0,0.5255524500289197,0.9113202691275415,212780000.0,-0.2041657317080916,200405500.0,腾讯控股,B
00700,2022-11-23,DAILY_PULLBACK,0,0,1,0,0,100.0,0.4950651599893837,0.9273870362880988,274050000.0,-0.03249298557106642,38242500.0,腾讯控股,B
00700,2022-11-24,DAILY_PULLBACK,0,0,1,0,0,100.0,0.4342909539401325,0.9217985955366006,34267240.0,-0.7404344605428294,-7348000.0,腾讯控股,B
00700,2022-11-25,DAILY_PULLBACK,0,0,1,0,0,66.66666666666666,1.0792891202687818,0.8959520570609213,402240000.0,0.3497769137657679,-76156914.0,腾讯控股,B
00700,2022-11-28,DAILY_PULLBACK,0,0,1,0,0,66.66666666666666,1.2723310308691846,0.8854737306518622,431350000.0,0.43217095043712317,-86996914.0,腾讯控股,B
00700,2022-11-29,DAILY_PULLBACK,0,0,1,0,0,66.66666666666666,1.2381416735294675,0.9406595830729071,171640000.0,-0.3464072567602453,-155435414.0,腾讯控股,B
00700,2022-11-30,DAILY_PULLBACK,0,0,1,0,0,66.66666666666666,1.6833811610792186,0.9455494687304681,483420000.0,0.5860696144593243,-129376414.0,腾讯控股,B
00700,2022-12-01,DAILY_PULLBACK,0,0,1,0,0,66.66666666666666,1.407906447605831,0.9706606860546343,-410610000.0,-2.0637246372791123,-108576914.0,腾讯控股,B
00700,2022-12-02,DAILY_NEUTRAL,0,0,0,0,0,100.0,0.6596998978086396,0.9728511760826555,257510000.0,-0.04511771446794114,-185377362.0,腾讯控股,B
00700,2022-12-05,DAILY_BREAKOUT,1,0,0,0,0,100.0,1.6265291544851639,1.0355023081996042,1194190000.0,2.643877512952521,-196096362.0,腾讯控股,B
00700,2022-12-06,DAILY_NEUTRAL,0,0,0,0,0,100.0,0.6910960173187999,0.982695810564663,-261330000.0,-1.4942519346611938,-90543362.0,腾讯控股,B
00700,2022-12-07,DAILY_PULLBACK,0,0,1,0,0,100.0,0.9969953082123323,0.9440941572089112,-88120000.0,-0.9730715361629048,-157012362.0,腾讯控股,B
00700,2022-12-08,DAILY_NEUTRAL,0,0,0,0,0,100.0,0.8496301144884031,0.99602787456446,494510000.0,0.6269511532901199,-252487362.0,腾讯控股,B
00700,2022-12-09,DAILY_NEUTRAL,0,0,0,0,0,100.0,1.06780825252432,1.023170731707317,31390000.0,-0.6261521190841416,-87176362.0,腾讯控股,B
00700,2022-12-12,DAILY_NEUTRAL,0,0,0,0,0,100.0,0.5015002274859456,0.9709775967413442,194600000.0,-0.17956109404552525,-56525862.0,腾讯控股,B
00700,2022-12-13,DAILY_NEUTRAL,0,0,0,0,0,100.0,0.6149225471446319,0.9735573659198913,256180000.0,-0.011336701699242186,-252349362.0,腾讯控股,B
00700,2022-12-14,DAILY_NEUTRAL,0,0,0,0,0,100.0,0.7747719825473363,0.9948404616429055,147470000.0,-0.32058067776424487,-107928362.0,腾讯控股,B
00700,2022-12-15,DAILY_PULLBACK,0,0,1,0,0,100.0,0.6793787478880339,0.9672347332116048,-171580000.0,-1.1876991116732798,-41195362.0,腾讯控股,B
00700,2022-12-16,DAILY_PULLBACK,0,0,1,0,0,100.0,1.0097975275450048,0.9646649083654562,289440000.0,0.05116060659844727,-150326862.0,腾讯控股,B
00700,2022-12-19,DAILY_NEUTRAL,0,0,0,0,0,100.0,1.1404778748596618,0.9762291201731249,-10040000.0,-0.7921737749391073,-96524362.0,腾讯控股,B
00700,2022-12-20,DAILY_PULLBACK,0,0,1,0,0,100.0,1.2795723247600694,0.9378812902355994,-6040000.0,-0.7817680046412221,-94373862.0,腾讯控股,B
00700,2022-12-21,DAILY_PULLBACK,0,0,1,0,0,66.66666666666666,0.6265754720715186,0.943004482793488,163070000.0,-0.29900394519175627,-135876862.0,腾讯控股,B
00700,2022-12-22,DAILY_PULLBACK,0,0,1,0,0,66.66666666666666,1.0696017865277727,0.9839900232565978,1097810000.0,2.274509021917855,-127207862.0,腾讯控股,B
00700,2022-12-23,DAILY_PULLBACK,0,0,1,0,0,66.66666666666666,0.6532521681874993,0.9724628400013482,-229230000.0,-1.3590173999471629,73493000.0,腾讯控股,B
00700,2022-12-28,DAILY_PULLBACK,0,0,1,0,0,66.66666666666666,1.109234502529495,0.991674812093431,27980000.0,-0.6442280177572466,1332500.0,腾讯控股,B
00700,2022-12-29,DAILY_NEUTRAL,0,0,0,0,0,100.0,1.3887825402251126,1.017885358883846,920480000.0,1.6907369398704746,29105000.0,腾讯控股,B
00700,2022-12-30,DAILY_DISTRIBUTION,0,1,0,0,0,100.0,1.2441837735777082,0.9937403222086779,314180000.0,0.08894470161420201,176967000.0,腾讯控股,B
00700,2023-01-03,DAILY_NEUTRAL,0,0,0,0,0,100.0,1.2354466083269502,1.0042774901103142,401600000.0,0.3080451315267102,215651000.0,腾讯控股,B
00700,2023-01-04,DAILY_NEUTRAL,0,0,0,0,0,100.0,1.474229618696805,1.046159255825848,-40800000.0,-0.8430792932278106,35798500.0,腾讯控股,B
00700,2023-01-05,DAILY_NEUTRAL,0,0,0,0,0,100.0,1.301588171355812,1.0150640144223424,181640000.0,-0.2678969707775384,88400000.0,腾讯控股,B
00700,2023-01-06,DAILY_NEUTRAL,0,0,0,0,0,100.0,0.7871914789036243,0.9630698211194461,81070000.0,-0.530806404854178,169759500.0,腾讯控股,B
00700,2023-01-09,DAILY_NEUTRAL,0,0,0,0,0,100.0,0.8454981960903251,0.9994229659549912,843370000.0,1.4206887495067329,-15242500.0,腾讯控股,B
00700,2023-01-10,DAILY_NEUTRAL,0,0,0,0,0,100.0,0.5938271362855763,1.0,74210000.0,-0.5887041532272383,44021000.0,腾讯控股,B
00700,2023-01-11,DAILY_NEUTRAL,0,0,0,0,0,100.0,1.1487471718278197,1.0228440890919475,63330000.0,-0.6349178638871422,-442000.0,腾讯控股,B
00700,2023-01-12,DAILY_NEUTRAL,0,0,0,0,0,100.0,1.3355885459267567,0.9592511013215859,-2460000.0,-0.7824312264027247,18787000.0,腾讯控股,B
00700,2023-01-13,DAILY_NEUTRAL,0,0,0,0,0,100.0,0.691919123363805,0.9774725274725276,540190000.0,0.6323676884181818,-8180000.0,腾讯控股,B
00700,2023-01-16,DAILY_NEUTRAL,0,0,0,0,0,100.0,0.6871952970977723,0.9741758241758243,113520000.0,-0.4708614554621933,69443500.0,腾讯控股,B
00700,2023-01-17,DAILY_NEUTRAL,0,0,0,0,0,100.0,0.5873852345818752,0.984065934065934,190700000.0,-0.278723033862793,-74829000.0,腾讯控股,B
00700,2023-01-18,DAILY_NEUTRAL,0,0,0,0,0,100.0,1.0171245152578858,1.001098901098901,650380000.0,0.9394967215805633,-69645000.0,腾讯控股,B
00700,2023-01-19,DAILY_NEUTRAL,0,0,0,0,0,100.0,0.6955650876818507,1.0049261083743843,233370000.0,-0.1585373454382853,29718000.0,腾讯控股,B
00700,2023-01-20,DAILY_NEUTRAL,0,0,0,0,0,100.0,0.8304373401304301,1.018408229561451,391030000.0,0.23764548516389997,64713500.0,腾讯控股,B
00700,2023-01-26,DAILY_NEUTRAL,0,0,0,0,0,100.0,1.217774142186125,1.0387679235262877,266900000.0,-0.08419304739002204,15028000.0,腾讯控股,B
00700,2023-01-27,DAILY_NEUTRAL,0,0,0,0,0,100.0,0.9204810098571068,1.020961145194274,100030000.0,-0.512022044453776,40512500.0,腾讯控股,B
00700,2023-01-30,DAILY_PULLBACK,0,0,1,0,0,100.0,2.5858534158488973,0.9266832917705736,83670000.0,-0.5776684889812168,72267500.0,腾讯控股,B
00700,2023-01-31,DAILY_PULLBACK,0,0,1,0,0,100.0,2.1412358285152853,0.9142144638403991,1477180000.0,3.117136649354941,-56719500.0,腾讯控股,B
00700,2023-02-01,DAILY_PULLBACK,0,0,1,0,0,100.0,0.9317527992148703,0.9211970074812967,-23570000.0,-0.849093239729534,119582500.0,腾讯控股,B
00700,2023-02-02,DAILY_PULLBACK,0,0,1,0,0,100.0,0.6485015847628907,0.9162094763092269,237770000.0,-0.16333511237789589,83865000.0,腾讯控股,B
00700,2023-02-03,DAILY_PULLBACK,0,0,1,0,0,66.66666666666666,0.7080908473640647,0.9211970074812967,315230000.0,0.024201004869719295,81859500.0,腾讯控股,B
00700,2023-02-06,DAILY_DECLINE,0,0,0,0,1,33.33333333333333,0.6716840813532153,0.9007481296758104,-86690000.0,-1.022605558913674,129218000.0,腾讯控股,B
00700,2023-02-07,DAILY_PULLBACK,0,0,1,0,0,66.66666666666666,0.609418484085287,0.9087281795511222,202610000.0,-0.2527179601739981,97440500.0,腾讯控股,B
00700,2023-02-08,DAILY_PULLBACK,0,0,1,0,0,66.66666666666666,0.6825420993333507,0.9142144638403991,192170000.0,-0.2770098504775772,-158522000.0,腾讯控股,B
00700,2023-02-09,DAILY_PULLBACK,0,0,1,0,0,66.66666666666666,1.1864003104531986,0.9476309226932669,984880000.0,1.7397003320912805,-120929000.0,腾讯控股,B
00700,2023-02-10,DAILY_DECLINE,0,0,0,0,1,33.33333333333333,1.0673730777311485,0.917206982543641,-271790000.0,-1.4544861069848445,21417500.0,腾讯控股,B
00700,2023-02-13,DAILY_NEUTRAL,0,0,0,0,0,66.66666666666666,0.8933493005779825,0.9251870324189526,11320000.0,-0.7201579584727021,-78686500.0,腾讯控股,B
00700,2023-02-14,DAILY_NEUTRAL,0,0,0,0,0,33.33333333333333,0.8249077690411687,0.9052369077306733,-22290000.0,-0.8030761073431186,-56484000.0,腾讯控股,B
00700,2023-02-15,DAILY_NEUTRAL,0,0,0,0,0,33.33333333333333,0.7722231536564034,0.9012468827930173,-247610000.0,-1.3804514567953716,-100472500.0,腾讯控股,B
00700,2023-02-16,DAILY_NEUTRAL,0,0,0,0,0,0.0,1.0331748299171233,0.9152119700748129,719150000.0,1.2594782877580317,-149038500.0,腾讯控股,B
00700,2023-02-17,DAILY_DECLINE,0,0,0,0,1,0.0,0.874646248880878,0.8932668329177057,-555990000.0,-2.177945405077795,-232466000.0,腾讯控股,B
00700,2023-02-20,DAILY_DECLINE,0,0,0,0,1,0.0,0.6519986831534778,0.9012468827930173,218890000.0,-0.059260126286393516,-251971500.0,腾讯控股,B
00700,2023-02-21,DAILY_DECLINE,0,0,0,0,1,0.0,1.6967698446237185,0.8633416458852867,-173970000.0,-1.0691352089652193,-188883000.0,腾讯控股,B
00700,2023-02-22,DAILY_NEUTRAL,0,0,0,0,0,0.0,1.6955529129470417,0.8488778054862842,572640000.0,0.915004098761014,-198852000.0,腾讯控股,B
00700,2023-02-23,DAILY_NEUTRAL,0,0,0,0,0,0.0,0.8492498924361048,0.8488778054862842,382750000.0,0.3998218438944537,-43882500.0,腾讯控股,B
00700,2023-02-24,DAILY_NEUTRAL,0,0,0,0,0,0.0,1.0906559172501578,0.8324189526184539,385480000.0,0.40171505247740563,-116955000.0,腾讯控股,B
00700,2023-02-27,DAILY_DECLINE,0,0,0,0,1,0.0,0.8632155549835079,0.8442083965604452,182810000.0,-0.1394555118183649,57066500.0,腾讯控股,B
00700,2023-02-28,DAILY_ACCUMULATION,0,0,0,1,0,0.0,1.0255311379916496,0.859538784067086,369640000.0,0.355771909369626,44893500.0,腾讯控股,B
00700,2023-03-01,DAILY_ACCUMULATION,0,0,0,1,0,0.0,1.4417432229542833,0.9255765199161424,1015750000.0,2.041317893742351,208992500.0,腾讯控股,B
00700,2023-03-02,DAILY_DECLINE,0,0,0,0,1,0.0,0.5874336725134932,0.9098532494758909,-70280000.0,-0.7963372137428198,245648500.0,腾讯控股,B
00700,2023-03-03,DAILY_DECLINE,0,0,0,0,1,0.0,0.7330432294469926,0.9224318658280922,-46980000.0,-0.7129365111115805,170445000.0,腾讯控股,B
00700,2023-03-06,DAILY_NEUTRAL,0,0,0,0,0,33.33333333333333,0.5506051511101663,0.9103773584905659,234610000.0,-0.020772054801544666,102063500.0,腾讯控股,B
00700,2023-03-07,DAILY_NEUTRAL,0,0,0,0,0,33.33333333333333,0.7974901683043333,0.8946540880503143,-112410000.0,-0.9084023107391289,96358500.0,腾讯控股,B
00700,2023-03-08,DAILY_NEUTRAL,0,0,0,0,0,33.33333333333333,1.0836682449875816,0.8752620545073375,-99060000.0,-0.8579108440658787,15699500.0,腾讯控股,B
00700,2023-03-09,DAILY_NEUTRAL,0,0,0,0,0,33.33333333333333,1.0349744701676533,0.85062893081761,-141040000.0,-0.9857354502577644,-192701000.0,腾讯控股,B
00700,2023-03-10,DAILY_NEUTRAL,0,0,0,0,0,0.0,2.1875219354919193,0.8280922431865828,391600000.0,0.45684324226650824,-150557000.0,腾讯控股,B
00700,2023-03-13,DAILY_NEUTRAL,0,0,0,0,0,0.0,1.2826825703804747,0.8727465535524921,336210000.0,0.3128142643720898,-96010500.0,腾讯控股,B
00700,2023-03-14,DAILY_DECLINE,0,0,0,0,1,0.0,0.8867166136435045,0.8642629904559915,-65440000.0,-0.7895607694993795,-91935000.0,腾讯控股,B
00700,2023-03-15,DAILY_DECLINE,0,0,0,0,1,0.0,0.665313276289281,0.8722163308589608,-193700000.0,-1.1198291472741375,-80383500.0,腾讯控股,B
00700,2023-03-16,DAILY_DECLINE,0,0,0,0,1,0.0,0.989573928335953,0.8494167550371156,75570000.0,-0.36941213943364054,-102007000.0,腾讯控股,B
00700,2023-03-17,DAILY_DECLINE,0,0,0,0,1,0.0,1.1489352132147412,0.8708983324367939,124680000.0,-0.2348741755280439,-26506000.0,腾讯控股,B
00700,2023-03-20,DAILY_DECLINE,0,0,0,0,1,0.0,0.8675591243220903,0.8788546255506607,-360780000.0,-1.5564794129388413,-113923500.0,腾讯控股,B
00700,2023-03-21,DAILY_DECLINE,0,0,0,0,1,0.0,0.9575812323680749,0.9116175653140633,16260000.0,-0.5029165226396769,-224338000.0,腾讯控股,B
00700,2023-03-22,DAILY_DECLINE,0,0,0,0,1,0.0,0.8849845806641344,0.9231625835189311,65240000.0,-0.3750464146440016,-217509500.0,腾讯控股,B
00700,2023-03-23,DAILY_BREAKOUT,1,0,0,0,0,66.66666666666666,2.052489303773703,1.0022271714922049,1365120000.0,3.059137220905345,-140351500.0,腾讯控股,B
00700,2023-03-24,DAILY_DISTRIBUTION,0,1,0,0,0,66.66666666666666,1.210022638354231,1.002776235424764,-119400000.0,-0.8559193548288233,68440000.0,腾讯控股,B
00700,2023-03-27,DAILY_NEUTRAL,0,0,0,0,0,66.66666666666666,0.912039028314924,0.9338353953738568,3570000.0,-0.5214008711156763,44868000.0,腾讯控股,B
00700,2023-03-28,DAILY_NEUTRAL,0,0,0,0,0,100.0,1.0673914785327436,0.9752555137170522,212150000.0,0.0001918503072558644,126700000.0,腾讯控股,B
00700,2023-03-29,DAILY_NEUTRAL,0,0,0,0,0,100.0,1.1505811672968262,0.9930069930069929,-450470000.0,-1.713553124083029,173752500.0,腾讯控股,B
00700,2023-03-30,DAILY_NEUTRAL,0,0,0,0,0,100.0,0.7283214808418358,0.9670157068062827,-159540000.0,-0.91015832801247,143921500.0,腾讯控股,B
00700,2023-03-31,DAILY_NEUTRAL,0,0,0,0,0,100.0,0.8556075480241835,0.9691099476439791,174710000.0,-0.024919555652471302,-156547500.0,腾讯控股,B
00700,2023-04-03,DAILY_NEUTRAL,0,0,0,0,0,100.0,0.6499062585173976,0.9753926701570681,-25330000.0,-0.5310444488763746,-108810000.0,腾讯控股,B
00700,2023-04-04,DAILY_PULLBACK,0,0,1,0,0,100.0,0.518686642267696,0.9670157068062827,-186240000.0,-0.9469729667861042,-101593000.0,腾讯控股,B
00700,2023-04-06,DAILY_PULLBACK,0,0,1,0,0,100.0,0.6210614282841798,0.9680628272251309,-163570000.0,-0.8662314369491511,-177579500.0,腾讯控股,B
00700,2023-04-11,DAILY_PULLBACK,0,0,1,0,0,100.0,1.1056847193686,0.9450261780104712,-214040000.0,-0.9793370605092532,-116974000.0,腾讯控股,B
00700,2023-04-12,DAILY_DECLINE,0,0,0,0,1,33.33333333333333,2.1108782810086635,0.8942408376963351,-617630000.0,-1.9976518432691006,-124224000.0,腾讯控股,B
00700,2023-04-13,DAILY_NEUTRAL,0,0,0,0,0,33.33333333333333,1.1305304016080655,0.9099476439790577,244200000.0,0.2577969718133449,-232230500.0,腾讯控股,B
00700,2023-04-14,DAILY_DECLINE,0,0,0,0,1,33.33333333333333,0.5467112766419312,0.9157068062827225,143070000.0,-0.0036604336202776594,-173724000.0,腾讯控股,B
00700,2023-04-17,DAILY_PULLBACK,0,0,1,0,0,66.66666666666666,0.6827638378570551,0.9303664921465968,66660000.0,-0.2017751307349256,-118287500.0,腾讯控股,B
00700,2023-04-18,DAILY_DECLINE,0,0,0,0,1,33.33333333333333,0.5908812466655317,0.9157068062827225,-187740000.0,-0.827998909651783,-85259500.0,腾讯控股,B
00700,2023-04-19,DAILY_DECLINE,0,0,0,0,1,33.33333333333333,0.7566998282784916,0.8942408376963351,-291750000.0,-1.0727128851037826,-66834000.0,腾讯控股,B
00700,2023-04-20,DAILY_DECLINE,0,0,0,0,1,0.0,0.631519194785612,0.893717277486911,41610000.0,-0.21064231150853657,19163500.0,腾讯控股,B
00700,2023-04-21,DAILY_DECLINE,0,0,0,0,1,0.0,1.1982076334732683,0.8732984293193717,-317590000.0,-1.097904296120396,-41474000.0,腾讯控股,B
00700,2023-04-24,DAILY_NEUTRAL,0,0,0,0,0,0.0,1.4072940649917094,0.8623036649214659,132680000.0,0.06528311650109218,-116913500.0,腾讯控股,B
00700,2023-04-25,DAILY_DECLINE,0,0,0,0,1,0.0,1.3517692122499279,0.8450261780104712,-309550000.0,-1.0384325665166416,-107081500.0,腾讯控股,B
00700,2023-04-26,DAILY_DECLINE,0,0,0,0,1,0.0,1.4759307157747295,0.8706806282722513,-95030000.0,-0.4699536122869827,-47710000.0,腾讯控股,B
00700,2023-04-27,DAILY_NEUTRAL,0,0,0,0,0,0.0,0.7892442985404279,0.8623036649214659,128520000.0,0.09745529191003037,-9584500.0,腾讯控股,B
00700,2023-04-28,DAILY_DECLINE,0,0,0,0,1,0.0,0.7876605709933355,0.8607329842931938,16580000.0,-0.1840238871418485,1550000.0,腾讯控股,B
00700,2023-05-02,DAILY_DECLINE,0,0,0,0,1,0.0,0.44770271687924423,0.8643979057591623,26793700.0,-0.10969296829842688,78162500.0,腾讯控股,B
00700,2023-05-03,DAILY_NEUTRAL,0,0,0,0,0,0.0,0.6223702070822279,0.855708245243129,377460000.0,0.87167668964443,33122055.0,腾讯控股,B
00700,2023-05-04,DAILY_DECLINE,0,0,0,0,1,0.0,1.181866425453137,0.8514799154334038,22220000.0,-0.1308749997261986,143674055.0,腾讯控股,B
00700,2023-05-05,DAILY_ACCUMULATION,0,0,0,1,0,0.0,1.1067228686019497,0.8716036228023442,215320000.0,0.4237701471784637,174748555.0,腾讯控股,B
00700,2023-05-08,DAILY_DECLINE,0,0,0,0,1,0.0,0.799828738016412,0.8685897435897436,-18510000.0,-0.24605110885877357,180076055.0,腾讯控股,B
00700,2023-05-09,DAILY_DECLINE,0,0,0,0,1,0.0,1.8890465369684177,0.8354700854700855,-186160000.0,-0.7063827536498984,164671555.0,腾讯控股,B
00700,2023-05-10,DAILY_NEUTRAL,0,0,0,0,0,0.0,1.0085693152565616,0.8386752136752137,110390000.0,0.14312625172273935,123210315.0,腾讯控股,B
00700,2023-05-11,DAILY_ACCUMULATION,0,0,0,1,0,0.0,1.0685203234032996,0.8720538720538722,539990000.0,1.4732725114923249,53574815.0,腾讯控股,B
00700,2023-05-12,DAILY_ACCUMULATION,0,0,0,1,0,0.0,1.094131772401113,0.8771043771043773,523440000.0,1.370086764286018,99247815.0,腾讯控股,B
00700,2023-05-15,DAILY_NEUTRAL,0,0,0,0,0,0.0,1.390070251661079,0.9130190796857464,111980000.0,0.13125216437156972,146909815.0,腾讯控股,B
00700,2023-05-16,DAILY_NEUTRAL,0,0,0,0,0,33.33333333333333,0.7174123351505495,0.9236812570145904,-29960000.0,-0.2870555496011889,174562315.0,腾讯控股,B
00700,2023-05-17,DAILY_NEUTRAL,0,0,0,0,0,66.66666666666666,1.099059485186865,0.9206527855936972,-25680000.0,-0.28703671763340266,210633315.0,腾讯控股,B
00700,2023-05-18,DAILY_NEUTRAL,0,0,0,0,0,33.33333333333333,1.8503595538114852,0.9332181922855498,-174300000.0,-0.706533438942541,175316315.0,腾讯控股,B
00700,2023-05-19,DAILY_NEUTRAL,0,0,0,0,0,33.33333333333333,1.032793509932827,0.9248554913294798,101870000.0,0.10923923278410977,26585815.0,腾讯控股,B
00700,2023-05-22,DAILY_NEUTRAL,0,0,0,0,0,66.66666666666666,0.8750318977210794,0.961764705882353,74550000.0,0.030850933224317572,-60741185.0,腾讯控股,B
00700,2023-05-23,DAILY_NEUTRAL,0,0,0,0,0,33.33333333333333,0.6776339524373104,0.9504716981132075,-920000.0,-0.2167776756918018,-87834185.0,腾讯控股,B
00700,2023-05-24,DAILY_NEUTRAL,0,0,0,0,0,33.33333333333333,0.6063237679956774,0.9410377358490566,-140610000.0,-0.6351950422466762,-75346185.0,腾讯控股,B
00700,2023-05-25,DAILY_DECLINE,0,0,0,0,1,0.0,1.2311500149133114,0.9115566037735849,-382190000.0,-1.3837933919719845,-106779185.0,腾讯控股,B
00700,2023-05-29,DAILY_DECLINE,0,0,0,0,1,0.0,1.4815899793795881,0.8844339622641509,-178950000.0,-0.6889324199149883,-133999185.0,腾讯控股,B
00700,2023-05-30,DAILY_NEUTRAL,0,0,0,0,0,0.0,1.0503090654877039,0.8932783018867925,435140000.0,1.280810740441831,-174789685.0,腾讯控股,B
00700,2023-05-31,DAILY_DECLINE,0,0,0,0,1,0.0,1.5275977844880753,0.8778040141676504,-149020000.0,-0.5744897194469546,-123599685.0,腾讯控股,B
00700,2023-06-01,DAILY_DECLINE,0,0,0,0,1,0.0,0.93846164477174,0.9042489527229204,7480000.0,-0.02011469874985059,-144429000.0,腾讯控股,B
00700,2023-06-02,DAILY_NEUTRAL,0,0,0,0,0,33.33333333333333,1.2171030739619848,0.9605026929982047,-499890000.0,-1.77777174813054,-96312000.0,腾讯控股,B
00700,2023-06-05,DAILY_NEUTRAL,0,0,0,0,0,33.33333333333333,0.722179062054109,0.9724715739078397,-402260000.0,-1.3788694294138861,-93746500.0,腾讯控股,B
00700,2023-06-06,DAILY_NEUTRAL,0,0,0,0,0,66.66666666666666,0.6484668114175862,0.9515260323159785,182100000.0,0.6189911641712975,-107529500.0,腾讯控股,B
00700,2023-06-07,DAILY_NEUTRAL,0,0,0,0,0,66.66666666666666,0.7376904212473399,0.9646918013165768,355590000.0,1.1786887721638535,-168168000.0,腾讯控股,B
00700,2023-06-08,DAILY_NEUTRAL,0,0,0,0,0,66.66666666666666,0.5977858335879158,0.96229802513465,239420000.0,0.7590065671711117,-94333500.0,腾讯控股,B
00700,2023-06-09,DAILY_NEUTRAL,0,0,0,0,0,66.66666666666666,0.8089244256158531,0.9658886894075405,457340000.0,1.4519607737310642,-54397000.0,腾讯控股,B
00700,2023-06-12,DAILY_ACCUMULATION,0,0,0,1,0,66.66666666666666,0.801339358992911,0.9730700179533214,255110000.0,0.7803293413760732,141181500.0,腾讯控股,B
00700,2023-06-13,DAILY_ACCUMULATION,0,0,0,1,0,100.0,1.4865805159526588,0.9922202274087374,407670000.0,1.288684601912457,286072000.0,腾讯控股,B
00700,2023-06-14,DAILY_DISTRIBUTION,0,1,0,0,0,100.0,1.311571084419902,0.9916467780429594,-114260000.0,-0.4443299373202144,316401500.0,腾讯控股,B
00700,2023-06-15,DAILY_NEUTRAL,0,0,0,0,0,100.0,1.4207934069948416,1.004703115814227,801740000.0,2.525224481742216,226646500.0,腾讯控股,B
00700,2023-06-16,DAILY_BREAKOUT,1,0,0,0,0,100.0,1.7947959844241856,1.0234055002925688,289460000.0,0.78173757353992,297739500.0,腾讯控股,B
00700,2023-06-19,DAILY_ACCUMULATION,0,0,0,1,0,100.0,0.8479056490136294,0.979498861047836,221380000.0,0.5604902097160067,240975500.0,腾讯控股,B
00700,2023-06-20,DAILY_PULLBACK,0,0,1,0,0,100.0,0.6444567528746561,0.958997722095672,223040000.0,0.5415331683989751,228254000.0,腾讯控股,B
00700,2023-06-21,DAILY_PULLBACK,0,0,1,0,0,100.0,0.8077032421687576,0.9316628701594533,-97660000.0,-0.46464744597719804,183903500.0,腾讯控股,B
00700,2023-06-23,DAILY_PULLBACK,0,0,1,0,0,100.0,0.5953642541095288,0.921981776765376,138310000.0,0.27483445867505224,192060500.0,腾讯控股,B
00700,2023-06-26,DAILY_NEUTRAL,0,0,0,0,0,33.33333333333333,0.8595957312075723,0.9100227790432803,41070000.0,0.043935266150281364,45428500.0,腾讯控股,B
00700,2023-06-27,DAILY_PULLBACK,0,0,1,0,0,66.66666666666666,0.9947105692854777,0.9345102505694761,-91250000.0,-0.450836875220739,-25412500.0,腾讯控股,B
00700,2023-06-28,DAILY_NEUTRAL,0,0,0,0,0,33.33333333333333,0.9330932719042194,0.9197038724373576,284660000.0,0.9315222364968918,-92323500.0,腾讯控股,B
00700,2023-06-29,DAILY_DECLINE,0,0,0,0,1,33.33333333333333,0.7975946992568064,0.9123006833712983,-95280000.0,-0.4618475696760448,-72475500.0,腾讯控股,B
00700,2023-06-30,DAILY_NEUTRAL,0,0,0,0,0,33.33333333333333,1.0257554366300494,0.9066059225512528,109850000.0,0.2714332967589907,-74686500.0,腾讯控股,B
00700,2023-07-03,DAILY_NEUTRAL,0,0,0,0,0,0.0,0.8737506903993543,0.9248291571753987,207060000.0,0.6207791941643014,-85497000.0,腾讯控股,B
00700,2023-07-04,DAILY_DECLINE,0,0,0,0,1,0.0,0.6106534501067765,0.928246013667426,-56940000.0,-0.37230482723082853,-87646500.0,腾讯控股,B
00700,2023-07-05,DAILY_DECLINE,0,0,0,0,1,0.0,0.7121531732601645,0.9174259681093394,-332850000.0,-1.4044742721596133,-98050500.0,腾讯控股,B
00700,2023-07-06,DAILY_DECLINE,0,0,0,0,1,0.0,1.564658201576299,0.8929384965831436,-631750000.0,-2.489918595934474,-195805000.0,腾讯控股,B
00700,2023-07-07,DAILY_NEUTRAL,0,0,0,0,0,0.0,1.5540942616646867,0.8923690205011389,235780000.0,0.7243202078202167,-253732000.0,腾讯控股,B
00700,2023-07-10,DAILY_DECLINE,0,0,0,0,1,0.0,1.1544163025261485,0.8986332574031891,-168960000.0,-0.7393269524687812,-228364000.0,腾讯控股,B
00700,2023-07-11,DAILY_DECLINE,0,0,0,0,1,0.0,0.7927278076411808,0.9128701594533031,-211170000.0,-0.956920669071415,-272253000.0,腾讯控股,B
00700,2023-07-12,DAILY_NEUTRAL,0,0,0,0,0,33.33333333333333,1.0413935791500313,0.9305239179954442,-121490000.0,-0.5940433952835901,-279785000.0,腾讯控股,B
00700,2023-07-13,DAILY_NEUTRAL,0,0,0,0,0,66.66666666666666,1.5542463640896074,0.9584282460136675,162460000.0,0.4730894771935126,-211055000.0,腾讯控股,B
00700,2023-07-14,DAILY_NEUTRAL,0,0,0,0,0,66.66666666666666,1.111732627746492,0.9664009111617312,-39450000.0,-0.2788717483717094,-66049000.0,腾讯控股,B
00700,2023-07-18,DAILY_NEUTRAL,0,0,0,0,0,33.33333333333333,1.533694162389513,0.9202733485193622,-151820000.0,-0.7064052024443753,-79035500.0,腾讯控股,B
00700,2023-07-19,DAILY_NEUTRAL,0,0,0,0,0,33.33333333333333,1.0250826328096296,0.9221453287197232,81020000.0,0.1501041082604883,-53543500.0,腾讯控股,B
00700,2023-07-20,DAILY_NEUTRAL,0,0,0,0,0,33.33333333333333,0.7113033059089872,0.923699421965318,-7510000.0,-0.18362127304924483,11912500.0,腾讯控股,B
00700,2023-07-21,DAILY_NEUTRAL,0,0,0,0,0,66.66666666666666,0.5098338329945266,0.9361826697892272,164600000.0,0.44786457159984544,46236000.0,腾讯控股,B
00700,2023-07-24,DAILY_DECLINE,0,0,0,0,1,33.33333333333333,0.8666588401347931,0.9127634660421545,-74370000.0,-0.461824975659382,33551000.0,腾讯控股,B
00700,2023-07-25,DAILY_PULLBACK,0,0,1,1,0,66.66666666666666,1.5065656637306928,0.9713114754098361,963720000.0,3.5137221704446264,37201000.0,腾讯控股,B
00700,2023-07-26,DAILY_PULLBACK,0,0,1,0,0,66.66666666666666,0.7703810744040689,0.9596018735362998,-45080000.0,-0.4005369291142385,214176500.0,腾讯控股,B
00700,2023-07-27,DAILY_PULLBACK,0,0,1,0,0,66.66666666666666,0.758373114705176,0.9677985948477752,83560000.0,0.06190339668308361,186648000.0,腾讯控股,B
00700,2023-07-28,DAILY_ACCUMULATION,0,0,0,1,0,100.0,1.2770497872194628,0.98711943793911,260130000.0,0.6784153105172495,214917000.0,腾讯控股,B
00700,2023-07-31,DAILY_ACCUMULATION,0,0,0,1,0,100.0,1.8871401422648701,0.9988290398126463,599060000.0,1.8489504225708349,216252500.0,腾讯控股,B
00700,2023-08-01,DAILY_NEUTRAL,0,0,0,0,0,100.0,1.0029369062763043,0.9742710120068611,10710000.0,-0.21964845666798816,326478000.0,腾讯控股,B
00700,2023-08-02,DAILY_PULLBACK,0,0,1,0,0,100.0,0.9470698112012148,0.9439679817038307,44860000.0,-0.10163885668730198,145693500.0,腾讯控股,B
00700,2023-08-03,DAILY_PULLBACK,0,0,1,0,0,100.0,0.7110104848783738,0.9405374499714122,-61890000.0,-0.45950979131793096,158591500.0,腾讯控股,B
00700,2023-08-04,DAILY_PULLBACK,0,0,1,1,0,100.0,0.7946419242907888,0.9439679817038307,142090000.0,0.24487538053873406,115953500.0,腾讯控股,B
00700,2023-08-07,DAILY_PULLBACK,0,0,1,0,0,33.33333333333333,0.40502261783913757,0.9376786735277302,31200000.0,-0.15625670671023115,53653500.0,腾讯控股,B
00700,2023-08-08,DAILY_DECLINE,0,0,0,0,1,33.33333333333333,0.8572513922871462,0.9193825042881647,-286010000.0,-1.249353727904499,-49689500.0,腾讯控股,B
00700,2023-08-09,DAILY_DECLINE,0,0,0,0,1,33.33333333333333,0.7297072740201335,0.9262435677530017,-81010000.0,-0.4972610295531375,-103181000.0,腾讯控股,B
00700,2023-08-10,DAILY_DECLINE,0,0,0,0,1,33.33333333333333,0.7710095691259616,0.9336763865065753,23910000.0,-0.09738170181235577,-134863000.0,腾讯控股,B
00700,2023-08-11,DAILY_DECLINE,0,0,0,0,1,33.33333333333333,0.9173140872824249,0.9222412807318469,-169070000.0,-0.7812511692296068,-124973000.0,腾讯控股,B
00700,2023-08-14,DAILY_NEUTRAL,0,0,0,0,0,33.33333333333333,1.3070084807533373,0.9148084619782733,67352360.0,0.07091154603010835,-170628500.0,腾讯控股,B
00700,2023-08-15,DAILY_DECLINE,0,0,0,0,1,0.0,0.810551552662638,0.913093196112064,-65670000.0,-0.4077084308081171,-168738146.0,腾讯控股,B
00700,2023-08-16,DAILY_DECLINE,0,0,0,0,1,0.0,1.3305063698003865,0.9022298456260721,-180680000.0,-0.8265004341174533,-128977646.0,腾讯控股,B
00700,2023-08-17,DAILY_DECLINE,0,0,0,0,1,0.0,2.1662223992473217,0.9136649514008005,-129870000.0,-0.6248975281486606,-135826646.0,腾讯控股,B
00700,2023-08-18,DAILY_DECLINE,0,0,0,0,1,0.0,1.0759996803753205,0.89136649514008,-432800000.0,-1.6835207626744688,-160464646.0,腾讯控股,B
00700,2023-08-21,DAILY_NEUTRAL,0,0,0,0,0,0.0,1.4283400790363383,0.8713550600343053,120240000.0,0.29341400671363843,-183340646.0,腾讯控股,B
00700,2023-08-22,DAILY_NEUTRAL,0,0,0,0,0,0.0,1.235284316855121,0.8742138364779874,328660000.0,1.0021582336731951,-182493618.0,腾讯控股,B
00700,2023-08-23,DAILY_NEUTRAL,0,0,0,0,0,0.0,0.7577593905319799,0.8713550600343053,223420000.0,0.6023059936649892,-71874618.0,腾讯控股,B
00700,2023-08-24,DAILY_NEUTRAL,0,0,0,0,0,0.0,0.9751695396584257,0.8919382504288165,308970000.0,0.8811885617553691,-4479618.0,腾讯控股,B
00700,2023-08-25,DAILY_DECLINE,0,0,0,0,1,0.0,0.5802887719816942,0.8770726129216695,-308770000.0,-1.2942542622117963,72017882.0,腾讯控股,B
00700,2023-08-28,DAILY_DECLINE,0,0,0,0,1,0.0,0.94643349366209,0.8919382504288165,-250500000.0,-1.0679374229626797,125268882.0,腾讯控股,B
00700,2023-08-29,DAILY_ACCUMULATION,0,0,0,1,0,0.0,0.7994138694184855,0.9091431857389304,207550000.0,0.5506937236848747,93598882.0,腾讯控股,B
00700,2023-08-30,DAILY_NEUTRAL,0,0,0,0,0,33.33333333333333,0.8738593745243114,0.9215801886792454,-40310000.0,-0.3635840810939412,59534882.0,腾讯控股,B
00700,2023-08-31,DAILY_NEUTRAL,0,0,0,0,0,33.33333333333333,2.930592018954807,0.9241256668642561,25790000.0,-0.15163271124945787,11047382.0,腾讯控股,B
00700,2023-09-04,DAILY_NEUTRAL,0,0,0,0,0,66.66666666666666,1.3695979111718901,0.9490219324244221,439640000.0,1.3784720935862926,-49972618.0,腾讯控股,B
00700,2023-09-05,DAILY_NEUTRAL,0,0,0,0,0,66.66666666666666,0.5078416495342755,0.9610468654899573,-41180000.0,-0.3910105766876276,84831882.0,腾讯控股,B
00700,2023-09-06,DAILY_NEUTRAL,0,0,0,0,0,33.33333333333333,0.6632067130063211,0.9573690621193667,18600000.0,-0.1560094523996494,130314882.0,腾讯控股,B
00700,2023-09-07,DAILY_NEUTRAL,0,0,0,0,0,33.33333333333333,0.6667530728170623,0.9390986601705238,42540000.0,-0.0424073047941991,77294382.0,腾讯控股,B
00700,2023-09-11,DAILY_ACCUMULATION,0,0,0,1,0,33.33333333333333,0.7407686549867393,0.946406820950061,359590000.0,1.1581153214551259,87686882.0,腾讯控股,B
00700,2023-09-12,DAILY_DECLINE,0,0,0,0,1,33.33333333333333,0.5415164317818674,0.9403166869671133,-66790000.0,-0.4374935471852099,137662882.0,腾讯控股,B
00700,2023-09-13,DAILY_DECLINE,0,0,0,0,1,33.33333333333333,0.7045441183173371,0.9516429014259143,-58960000.0,-0.411687928806879,31262882.0,腾讯控股,B
00700,2023-09-14,DAILY_DECLINE,0,0,0,0,1,33.33333333333333,0.6946298921676469,0.9504029758214507,-36060000.0,-0.29198005463810245,34022500.0,腾讯控股,B
00700,2023-09-15,DAILY_ACCUMULATION,0,0,0,1,0,33.33333333333333,1.4396173845768467,0.9423434593924364,225350000.0,0.7956685851591914,21610000.0,腾讯控股,B
00700,2023-09-18,DAILY_DECLINE,0,0,0,0,1,0.0,1.0641489068232868,0.9268443893366397,-311200000.0,-1.3963611701319898,37870500.0,腾讯控股,B
00700,2023-09-19,DAILY_NEUTRAL,0,0,0,0,0,0.0,1.1953349096841108,0.9297700435052827,59370000.0,0.15202906885338574,-87221000.0,腾讯控股,B
00700,2023-09-20,DAILY_DECLINE,0,0,0,0,1,0.0,0.9711184584097133,0.9198259788688626,-121140000.0,-0.589234566318894,-86597500.0,腾讯控股,B
00700,2023-09-21,DAILY_DECLINE,0,0,0,0,1,0.0,1.3030649848787248,0.9005593536357986,15515440.0,-0.018342752482888684,-86964500.0,腾讯控股,B
00700,2023-09-22,DAILY_NEUTRAL,0,0,0,0,0,0.0,1.2899778364524592,0.9334990677439402,405500000.0,1.5611029350059957,-60992184.0,腾讯控股,B
00700,2023-09-25,DAILY_NEUTRAL,0,0,0,0,0,0.0,1.0853925468602892,0.9049098819142324,115850000.0,0.34943526452567264,-34066184.0,腾讯控股,B
00700,2023-09-26,DAILY_DECLINE,0,0,0,0,1,0.0,0.9057925382533488,0.8912367930391547,-42100000.0,-0.26908052538687777,60999816.0,腾讯控股,B
00700,2023-09-27,DAILY_ACCUMULATION,0,0,0,1,0,0.0,0.8047415900151054,0.8974518334369174,85770000.0,0.23979081562622245,27372316.0,腾讯控股,B
00700,2023-09-28,DAILY_DECLINE,0,0,0,0,1,0.0,0.8787211661320767,0.8831572405220633,-45180000.0,-0.2838786568043252,51940816.0,腾讯控股,B
00700,2023-09-29,DAILY_DECLINE,0,0,0,0,1,0.0,0.6597784636609467,0.9105034182722187,-4860000.0,-0.1056596845662478,52438228.0,腾讯控股,B
00700,2023-10-03,DAILY_DECLINE,0,0,0,0,1,0.0,1.0042745608477406,0.8931013051584834,-80000.0,-0.0899695858674747,-31406272.0,腾讯控股,B
00700,2023-10-04,DAILY_NEUTRAL,0,0,0,0,0,0.0,0.7587437689826202,0.8837787445618396,88710000.0,0.25002782083013964,-53298772.0,腾讯控股,B
00700,2023-10-05,DAILY_DECLINE,0,0,0,0,1,0.0,0.8046111603301879,0.8906152889993786,-60980000.0,-0.4422525130701864,-9590272.0,腾讯控股,B
00700,2023-10-06,DAILY_DECLINE,0,0,0,0,1,0.0,0.869134327346375,0.9246358454718175,-250400000.0,-1.2579589388909063,-37950272.0,腾讯控股,B
00700,2023-10-09,DAILY_NEUTRAL,0,0,0,0,0,33.33333333333333,0.9625852356371307,0.9332909783989835,139090000.0,0.4626899352332238,-65544272.0,腾讯控股,B
00700,2023-10-10,DAILY_NEUTRAL,0,0,0,0,0,66.66666666666666,1.3856802650556341,0.9371029224904701,272440000.0,1.0299231928896635,-41581772.0,腾讯控股,B
00700,2023-10-11,DAILY_NEUTRAL,0,0,0,0,0,66.66666666666666,1.3537622898956567,0.945997458703939,46980000.0,0.004785885903529334,17279728.0,腾讯控股,B
00700,2023-10-12,DAILY_NEUTRAL,0,0,0,0,0,66.66666666666666,1.0168243763283251,0.9699488491048592,-57630000.0,-0.4479753194037519,3245228.0,腾讯控股,B
00700,2023-10-13,DAILY_ACCUMULATION,0,0,0,1,0,66.66666666666666,0.9715487953496739,0.948933419521655,110730000.0,0.29554966494080764,3848728.0,腾讯控股,B
00700,2023-10-16,DAILY_ACCUMULATION,0,0,0,1,0,33.33333333333333,0.875909410398257,0.933246921581335,144530000.0,0.42767956741111296,68735228.0,腾讯控股,B
00700,2023-10-17,DAILY_NEUTRAL,0,0,0,0,0,66.66666666666666,0.6378069346415757,0.9450621321124918,-54530000.0,-0.4587003786494676,73864228.0,腾讯控股,B
00700,2023-10-18,DAILY_NEUTRAL,0,0,0,0,0,33.33333333333333,0.924594562661305,0.9434210526315789,119560000.0,0.31496497538514534,-4363272.0,腾讯控股,B
00700,2023-10-19,DAILY_DECLINE,0,0,0,0,1,33.33333333333333,1.4234264822259481,0.9144736842105263,-53700000.0,-0.44830809230478263,7143228.0,腾讯控股,B
00700,2023-10-20,DAILY_ACCUMULATION,0,0,0,1,0,33.33333333333333,1.4953398324849028,0.9072368421052632,629540000.0,2.576918292491853,4557228.0,腾讯控股,B
00700,2023-10-24,DAILY_ACCUMULATION,0,0,0,1,0,0.0,1.5424116914166415,0.8875000000000001,281040000.0,1.1588104450528018,77618000.0,腾讯控股,B
00700,2023-10-25,DAILY_DECLINE,0,0,0,0,1,0.0,1.1044651783453867,0.9032894736842106,-24140000.0,-0.34585097971248674,111143000.0,腾讯控股,B
00700,2023-10-26,DAILY_DECLINE,0,0,0,0,1,0.0,0.6536808127177118,0.9026315789473683,-145120000.0,-0.9183686860363527,124220500.0,腾讯控股,B
00700,2023-10-27,DAILY_DECLINE,0,0,0,0,1,0.0,0.9456750559504677,0.9197368421052632,8650000.0,-0.1472852867326027,76435500.0,腾讯控股,B
00700,2023-10-30,DAILY_DECLINE,0,0,0,0,1,0.0,0.8324290074255587,0.9282894736842104,-177540000.0,-1.0657151313581628,92761500.0,腾讯控股,B
00700,2023-10-31,DAILY_DECLINE,0,0,0,0,1,0.0,0.843353594677,0.9078947368421053,6940000.0,-0.09851671033146912,-62036500.0,腾讯控股,B
00700,2023-11-01,DAILY_NEUTRAL,0,0,0,0,0,33.33333333333333,0.7487801543075325,0.9006578947368421,96190000.0,0.3600998481337575,-117446500.0,腾讯控股,B
00700,2023-11-02,DAILY_NEUTRAL,0,0,0,0,0,33.33333333333333,0.7819791209559864,0.9059210526315788,96880000.0,0.35041654051929944,-98194000.0,腾讯控股,B
00700,2023-11-03,DAILY_NEUTRAL,0,0,0,0,0,66.66666666666666,1.6339003097603788,0.9519736842105262,237250000.0,1.0729464696454096,-50202500.0,腾讯控股,B
00700,2023-11-06,DAILY_NEUTRAL,0,0,0,0,0,66.66666666666666,1.8879638607926188,0.9848684210526315,136850000.0,0.5366796043835351,-19394000.0,腾讯控股,B
00700,2023-11-07,DAILY_NEUTRAL,0,0,0,0,0,66.66666666666666,0.8008271068498869,0.9717105263157894,43580000.0,0.02896782812318966,24121500.0,腾讯控股,B
00700,2023-11-08,DAILY_NEUTRAL,0,0,0,0,0,66.66666666666666,0.7729143302614214,0.9710526315789473,-62080000.0,-0.5299455064930862,36225000.0,腾讯控股,B
00700,2023-11-09,DAILY_PULLBACK,0,0,1,0,0,100.0,0.602874790606199,0.9657894736842106,214270000.0,0.9092952727789616,21297000.0,腾讯控股,B
00700,2023-11-10,DAILY_PULLBACK,0,0,1,0,0,100.0,0.5807756099248438,0.9526315789473685,21690000.0,-0.12113501408936983,36410500.0,腾讯控股,B
00700,2023-11-13,DAILY_NEUTRAL,0,0,0,0,0,100.0,0.9269314703956351,0.9840743198407433,129480000.0,0.44270164769157033,-10667500.0,腾讯控股,B
00700,2023-11-14,DAILY_NEUTRAL,0,0,0,0,0,100.0,1.0396502977455198,0.9774386197743864,3870000.0,-0.22691973170544036,-13079000.0,腾讯控股,B
00700,2023-11-15,DAILY_BREAKOUT,1,0,0,0,0,100.0,2.746335441317177,1.026542800265428,704110000.0,3.4390428049600557,-13988000.0,腾讯控股,B
00700,2023-11-16,DAILY_BREAKOUT,1,0,0,0,0,100.0,2.24352040942285,1.0038659793814435,-130980000.0,-0.9469618511088538,101318000.0,腾讯控股,B
00700,2023-11-17,DAILY_PULLBACK,0,0,1,0,0,100.0,1.0594569965130478,0.9532828282828283,-78240000.0,-0.7478299876473735,44795000.0,腾讯控股,B
00700,2023-11-20,DAILY_ACCUMULATION,0,0,0,1,0,100.0,1.1997619590850046,0.9892676767676767,178240000.0,0.5648131530676167,26036000.0,腾讯控股,B
00700,2023-11-21,DAILY_ACCUMULATION,0,0,0,1,0,100.0,0.9304691231495266,0.9835858585858587,154220000.0,0.4620399576733893,58353000.0,腾讯控股,B
00700,2023-11-22,DAILY_NEUTRAL,0,0,0,0,0,100.0,0.500021709019557,0.9743268628678773,-134413180.0,-1.0091159276654658,94764000.0,腾讯控股,B
00700,2023-11-23,DAILY_NEUTRAL,0,0,0,0,0,100.0,0.5887471877802734,0.9893550407013151,152980000.0,0.5040784421357903,-67426977.0,腾讯控股,B
00700,2023-11-24,DAILY_PULLBACK,0,0,1,0,0,100.0,0.7422128580299302,0.9643080776455856,16150000.0,-0.24775801782646736,-25539977.0,腾讯控股,B
00700,2023-11-27,DAILY_PULLBACK,0,0,1,0,0,100.0,0.6376920580483391,0.9693174702567315,-115030000.0,-0.9905856213707515,-7036977.0,腾讯控股,B
00700,2023-11-28,DAILY_PULLBACK,0,0,1,0,0,100.0,0.9428855357128701,0.9592986850344396,-115610000.0,-0.9616833481138606,-68816477.0,腾讯控股,B
00700,2023-11-29,DAILY_PULLBACK,0,0,1,0,0,66.66666666666666,1.1817135405201125,0.9511584220413276,-76570000.0,-0.7395502914798247,-116654977.0,腾讯控股,B
00700,2023-11-30,DAILY_PULLBACK,0,0,1,0,0,66.66666666666666,2.0475614905683557,0.9824671258609895,401740000.0,1.839456859779322,-96448341.0,腾讯控股,B
00700,2023-12-01,DAILY_PULLBACK,0,0,1,0,0,66.66666666666666,0.8436443205553988,0.95742016280526,120550000.0,0.3361891802116524,-61939341.0,腾讯控股,B
00700,2023-12-04,DAILY_NEUTRAL,0,0,0,0,0,33.33333333333333,0.8309468217797634,0.9505322479649344,88580000.0,0.14914802467805968,-35224341.0,腾讯控股,B
00700,2023-12-05,DAILY_ACCUMULATION,0,0,0,1,0,33.33333333333333,1.2844338253690104,0.9254852849092049,381080000.0,1.7260763087360549,7911159.0,腾讯控股,B
00700,2023-12-06,DAILY_ACCUMULATION,0,0,0,1,0,33.33333333333333,0.7873184268329568,0.9342517219787101,203020000.0,0.7143434544627487,90374159.0,腾讯控股,B
00700,2023-12-07,DAILY_DECLINE,0,0,0,0,1,0.0,0.685242200333539,0.9223544145272388,21040000.0,-0.2372238066044836,133037159.0,腾讯控股,B
00700,2023-12-08,DAILY_ACCUMULATION,0,0,0,1,0,0.0,0.9953946697641333,0.915466499686913,148850000.0,0.44294291709332045,66558659.0,腾讯控股,B
00700,2023-12-11,DAILY_NEUTRAL,0,0,0,0,0,0.0,1.0845502171345072,0.9204758922980589,94110000.0,0.1295049406924943,65860659.0,腾讯控股,B
00700,2023-12-12,DAILY_DECLINE,0,0,0,0,1,0.0,0.7356234226176038,0.9336255479023169,15890000.0,-0.30571623732324615,68735159.0,腾讯控股,B
00700,2023-12-13,DAILY_DECLINE,0,0,0,0,1,0.0,0.9114299587891678,0.9198497182216657,-81300000.0,-0.8176827103313463,-4903841.0,腾讯控股,B
00700,2023-12-14,DAILY_DECLINE,0,0,0,0,1,0.0,1.133774727425443,0.9179711959924859,-21530000.0,-0.5296045659978683,-22497341.0,腾讯控股,B
00700,2023-12-15,DAILY_DECLINE,0,0,0,0,1,0.0,1.9483821528371075,0.9430181590482154,-169300000.0,-1.349848284195288,-36483841.0,腾讯控股,B
00700,2023-12-18,DAILY_NEUTRAL,0,0,0,0,0,33.33333333333333,0.6456869172672198,0.9342517219787101,-31820000.0,-0.5708908317098113,-95560841.0,腾讯控股,B
00700,2023-12-19,DAILY_NEUTRAL,0,0,0,0,0,33.33333333333333,0.7172258220908392,0.9348778960551034,70700000.0,0.005492646264396982,-110243841.0,腾讯控股,B
00700,2023-12-20,DAILY_NEUTRAL,0,0,0,0,0,33.33333333333333,0.8164274074308606,0.9501262626262625,63810000.0,-0.0018588857061716086,-95105841.0,腾讯控股,B
00700,2023-12-21,DAILY_NEUTRAL,0,0,0,0,0,33.33333333333333,0.5847864854039059,0.9462705436156763,37860000.0,-0.1460486124174473,-75995000.0,腾讯控股,B
00700,2023-12-22,DAILY_NEUTRAL,0,0,0,0,0,0.0,9.200199119689016,0.8242730720606828,311150000.0,1.4215159745191006,-58361000.0,腾讯控股,B
00700,2023-12-27,DAILY_ACCUMULATION,0,0,0,1,0,0.0,1.6447140021300275,0.8661567877629063,815590000.0,4.23782028986242,22979000.0,腾讯控股,B
00700,2023-12-28,DAILY_ACCUMULATION,0,0,0,1,0,0.0,0.7617783882058422,0.8916507329509241,866050000.0,3.910562218220921,145930000.0,腾讯控股,B
00700,2023-12-29,DAILY_NEUTRAL,0,0,0,0,0,0.0,0.3585320289137438,0.8935627788400254,200760000.0,0.46221538817851243,255917000.0,腾讯控股,B
00700,2024-01-02,DAILY_DECLINE,0,0,0,0,1,0.0,0.41835426182231994,0.903123008285532,-362630000.0,-2.0674842377757843,269440500.0,腾讯控股,B
00700,2024-01-03,DAILY_DECLINE,0,0,0,0,1,0.0,0.34880846904990537,0.9193857965451054,-166120000.0,-1.1176441773379435,227561000.0,腾讯控股,B
00700,2024-01-04,DAILY_DECLINE,0,0,0,0,1,0.0,0.6101268337894374,0.9183279742765275,-159840000.0,-1.075695321099781,146440500.0,腾讯控股,B
00700,2024-01-05,DAILY_NEUTRAL,0,0,0,0,0,33.33333333333333,0.9777358606854589,0.9064327485380117,-12340000.0,-0.45417107097765325,-36224500.0,腾讯控股,B
00700,2024-01-08,DAILY_NEUTRAL,0,0,0,0,0,33.33333333333333,0.7788128821876166,0.8974526453298498,164110000.0,0.3185193527212141,-192231500.0,腾讯控股,B
00700,2024-01-09,DAILY_NEUTRAL,0,0,0,0,0,33.33333333333333,0.810495796065002,0.8830829523187459,-59110000.0,-0.6394682700039245,-197616000.0,腾讯控股,B
00700,2024-01-10,DAILY_DECLINE,0,0,0,0,1,0.0,0.976839257145618,0.8719790986283475,-21490000.0,-0.4673222128677609,-132904500.0,腾讯控股,B
00700,2024-01-11,DAILY_NEUTRAL,0,0,0,0,0,0.0,1.0647872560273588,0.8954931417374266,290120000.0,0.8773185393638453,-95461500.0,腾讯控股,B
00700,2024-01-12,DAILY_DECLINE,0,0,0,0,1,0.0,0.8117045535437214,0.8987589810581319,71160000.0,-0.08224369944664771,-15270000.0,腾讯控股,B
00700,2024-01-15,DAILY_DECLINE,0,0,0,0,1,0.0,0.9159463832171391,0.9020248203788374,83160000.0,-0.025416447680893985,-1333500.0,腾讯控股,B
00700,2024-01-16,DAILY_DECLINE,0,0,0,0,1,0.0,1.252278375597944,0.8791639451338994,25170000.0,-0.2855938344010187,-25746500.0,腾讯控股,B
00700,2024-01-17,DAILY_DECLINE,0,0,0,0,1,0.0,1.9191050428877658,0.8536903984323971,-96240000.0,-0.8021845451432215,-11225500.0,腾讯控股,B
00700,2024-01-18,DAILY_NEUTRAL,0,0,0,0,0,0.0,1.1077004046857253,0.8668852459016393,392270000.0,1.3044926571681816,-29828500.0,腾讯控股,B
00700,2024-01-19,DAILY_NEUTRAL,0,0,0,0,0,0.0,1.1688583119342686,0.8459016393442623,438280000.0,1.569806028225928,-30603000.0,腾讯控股,B
00700,2024-01-22,DAILY_ACCUMULATION,0,0,0,1,0,0.0,1.3335377666922188,0.8163934426229508,380970000.0,1.285048122574108,24442000.0,腾讯控股,B
00700,2024-01-23,DAILY_ACCUMULATION,0,0,0,1,0,0.0,1.2407366561442956,0.8518762343647136,398600000.0,1.3176402239622784,68146000.0,腾讯控股,B
00700,2024-01-24,DAILY_DECLINE,0,0,0,0,1,0.0,1.0792756450637253,0.8841342988808427,56410000.0,-0.20333883691664975,124795000.0,腾讯控股,B
00700,2024-01-25,DAILY_NEUTRAL,0,0,0,0,0,33.33333333333333,1.104591858362907,0.9513365318711446,-485340000.0,-2.5457041072010496,168062000.0,腾讯控股,B
00700,2024-01-26,DAILY_ACCUMULATION,0,0,0,1,0,0.0,0.7557151261036643,0.9239204934886909,307510000.0,0.8635031536026564,57586500.0,腾讯控股,B
00700,2024-01-29,DAILY_NEUTRAL,0,0,0,0,0,33.33333333333333,0.6217856604562354,0.9211788896504455,140250000.0,0.14857793071018977,59359500.0,腾讯控股,B
00700,2024-01-30,DAILY_NEUTRAL,0,0,0,0,0,33.33333333333333,0.7235716149605178,0.8930774503084304,136670000.0,0.1307549688997932,14241000.0,腾讯控股,B
00700,2024-01-31,DAILY_NEUTRAL,0,0,0,0,0,33.33333333333333,0.7454347425068116,0.8839285714285714,126480000.0,0.08597275614223747,-63110000.0,腾讯控股,B
00700,2024-02-01,DAILY_NEUTRAL,0,0,0,0,0,33.33333333333333,0.7179060690753231,0.8873626373626373,101670000.0,-0.008765566824183675,-63726000.0,腾讯控股,B
00700,2024-02-02,DAILY_DECLINE,0,0,0,0,1,0.0,1.4949345462923251,0.9393083980239944,-348330000.0,-1.867303396964572,40600500.0,腾讯控股,B
00700,2024-02-05,DAILY_NEUTRAL,0,0,0,0,0,33.33333333333333,0.9289902360837794,0.9466950959488273,47440000.0,-0.19800030007071917,-73768000.0,腾讯控股,B
00700,2024-02-06,DAILY_PULLBACK,0,0,1,0,0,66.66666666666666,1.3069392691787456,0.9893086243763364,478430000.0,1.532849228505289,-86496500.0,腾讯控股,B
00700,2024-02-07,DAILY_NEUTRAL,0,0,0,0,0,100.0,1.118629432326918,0.9942979330007127,-27350000.0,-0.5163336712537276,-45021500.0,腾讯控股,B
00700,2024-02-08,DAILY_NEUTRAL,0,0,0,0,0,100.0,0.7219694626679245,0.9654686398872445,44710000.0,-0.22712251399956923,-75494500.0,腾讯控股,B
00700,2024-02-09,DAILY_PULLBACK,0,0,1,0,0,100.0,0.27010006959389077,0.9654686398872445,70189280.0,-0.12062488794302029,-74616000.0,腾讯控股,B
00700,2024-02-14,DAILY_NEUTRAL,0,0,0,0,0,100.0,0.5766429803298763,0.9753347427766033,139640000.0,0.15001934109200843,9136392.0,腾讯控股,B
00700,2024-02-15,DAILY_PULLBACK,0,0,1,0,0,100.0,0.6874481727971303,0.9591261451726567,484100000.0,1.6337614352165792,24752392.0,腾讯控股,B
00700,2024-02-16,DAILY_ACCUMULATION,0,0,0,1,0,100.0,1.1458287033559353,0.9816772374911911,344520000.0,0.9947138881890187,2939892.0,腾讯控股,B
00700,2024-02-19,DAILY_PULLBACK,0,0,1,0,0,100.0,1.1679400409364191,0.9570119802677942,21170000.0,-0.36270992982012906,55275892.0,腾讯控股,B
00700,2024-02-20,DAILY_PULLBACK,0,0,1,1,0,66.66666666666666,1.2420060911656523,0.9548978153629316,227940000.0,0.49531116508329176,69122892.0,腾讯控股,B
00700,2024-02-21,DAILY_PULLBACK,0,0,1,1,0,66.66666666666666,1.650640702208297,0.9711064129668782,602560000.0,2.0215951778907915,111190036.0,腾讯控股,B
00700,2024-02-22,DAILY_PULLBACK,0,0,1,0,0,66.66666666666666,0.7325380462265341,0.9802677942212825,154650000.0,0.13607305244502668,192694536.0,腾讯控股,B
00700,2024-02-23,DAILY_PULLBACK,0,0,1,1,0,66.66666666666666,0.7801308224475806,0.97815362931642,343800000.0,0.890915594963049,139002036.0,腾讯控股,B
00700,2024-02-26,DAILY_PULLBACK,0,0,1,0,0,100.0,0.7680327618710636,0.9654686398872445,16830000.0,-0.4337490928281459,124488536.0,腾讯控股,B
00700,2024-02-27,DAILY_NEUTRAL,0,0,0,0,0,66.66666666666666,1.517446269292453,0.9563072586328399,-229140000.0,-1.4282353295533015,98512036.0,腾讯控股,B
00700,2024-02-28,DAILY_DECLINE,0,0,0,0,1,33.33333333333333,1.5122884494738884,0.9295278365045807,109740000.0,-0.06578564842826144,33928536.0,腾讯控股,B
00700,2024-02-29,DAILY_NEUTRAL,0,0,0,0,0,33.33333333333333,1.6964629313081911,0.9302325581395349,214620000.0,0.3391225733710559,-63109964.0,腾讯控股,B
00700,2024-03-01,DAILY_NEUTRAL,0,0,0,0,0,0.0,1.3325992289906885,0.930937279774489,159580000.0,0.1335851833717359,-55013464.0,腾讯控股,B
00700,2024-03-04,DAILY_DECLINE,0,0,0,0,1,0.0,0.578249897145172,0.9267089499647638,-35759280.0,-0.6539385999899244,-93512464.0,腾讯控股,B
00700,2024-03-05,DAILY_DECLINE,0,0,0,0,1,0.0,1.0764543581253045,0.8985200845665962,-190640000.0,-1.2636638550987471,-97158856.0,腾讯控股,B
00700,2024-03-06,DAILY_NEUTRAL,0,0,0,0,0,0.0,0.9431543722778662,0.9210711768851303,287170000.0,0.6852584506814842,-97343356.0,腾讯控股,B
00700,2024-03-07,DAILY_DECLINE,0,0,0,0,1,0.0,0.7099536343307358,0.9083861874559549,-18880000.0,-0.5396301322463996,-73843856.0,腾讯控股,B
00700,2024-03-08,DAILY_DECLINE,0,0,0,0,1,0.0,0.573288500913547,0.904862579281184,-13060000.0,-0.5132013139376755,-95678356.0,腾讯控股,B
00700,2024-03-11,DAILY_NEUTRAL,0,0,0,0,0,0.0,0.9631496555404607,0.9371468926553672,545890000.0,1.714521619407734,-130920856.0,腾讯控股,B
00700,2024-03-12,DAILY_NEUTRAL,0,0,0,0,0,66.66666666666666,1.8871885883508792,0.9802259887005651,1389210000.0,4.909643873932852,-39650000.0,腾讯控股,B
00700,2024-03-13,DAILY_NEUTRAL,0,0,0,0,0,66.66666666666666,0.9357546010091936,0.9795197740112994,131580000.0,-0.04016116722715104,210368964.0,腾讯控股,B
00700,2024-03-14,DAILY_NEUTRAL,0,0,0,0,0,66.66666666666666,0.6836934139060161,0.9745762711864407,-19480000.0,-0.5489686107583951,179653964.0,腾讯控股,B
00700,2024-03-15,DAILY_NEUTRAL,0,0,0,0,0,66.66666666666666,1.4430462345260449,0.9555084745762713,-367010000.0,-1.6924685777134196,204712964.0,腾讯控股,B
00700,2024-03-18,DAILY_NEUTRAL,0,0,0,0,0,66.66666666666666,0.8327460768420336,0.9766949152542375,152450000.0,0.026962810718015526,169499464.0,腾讯控股,B
00700,2024-03-19,DAILY_PULLBACK,0,0,1,0,0,100.0,0.6533823648423774,0.9597457627118645,149010000.0,0.005872480657392606,84247464.0,腾讯控股,B
00700,2024-03-20,DAILY_NEUTRAL,0,0,0,0,0,100.0,0.7909709738069208,0.9731638418079097,573040000.0,1.3807815706123407,-159846036.0,腾讯控股,B
00700,2024-03-21,DAILY_NEUTRAL,0,0,0,0,0,100.0,1.9548334972864545,0.9816384180790961,276610000.0,0.38328853863894385,-70078036.0,腾讯控股,B
00700,2024-03-22,DAILY_NEUTRAL,0,0,0,0,0,100.0,1.130135852974023,0.9670175438596492,49870000.0,-0.3560478819310794,-16958036.0,腾讯控股,B
00700,2024-03-25,DAILY_PULLBACK,0,0,1,1,0,66.66666666666666,0.925073925197174,0.9663157894736841,497890000.0,1.094716727964066,81114464.0,腾讯控股,B
00700,2024-03-26,DAILY_NEUTRAL,0,0,0,0,0,100.0,1.4694377595422492,1.0042105263157894,686140000.0,1.7654514280290743,126149464.0,腾讯控股,B
00700,2024-03-27,DAILY_NEUTRAL,0,0,0,0,0,100.0,1.4454834809679291,1.0048712595685456,-168230000.0,-1.0674197187713468,187811464.0,腾讯控股,B
00700,2024-03-28,DAILY_NEUTRAL,0,0,0,0,0,100.0,0.9543484409190361,0.987092391304348,-82400000.0,-0.7504149001501844,53455964.0,腾讯控股,B
00700,2024-04-02,DAILY_NEUTRAL,0,0,0,0,0,100.0,0.8835497763180661,0.998650472334683,105090000.0,-0.14232877909580302,-3495036.0,腾讯控股,B
00700,2024-04-03,DAILY_NEUTRAL,0,0,0,0,0,100.0,0.6546390827463767,0.9866310160427807,-84030000.0,-0.8101526022862897,10273464.0,腾讯控股,B
00700,2024-04-05,DAILY_NEUTRAL,0,0,0,0,0,100.0,0.4557503987506322,0.9919786096256685,-58780000.0,-0.7306524463031345,-103697000.0,腾讯控股,B
00700,2024-04-08,DAILY_PULLBACK,0,0,1,0,0,100.0,0.8420454437027326,0.9766042780748663,150530000.0,-0.004578707622767238,-259274000.0,腾讯控股,B
00700,2024-04-09,DAILY_PULLBACK,0,0,1,0,0,100.0,0.8017778907202032,0.9752673796791445,87000000.0,-0.22297893497638396,-188690000.0,腾讯控股,B
00700,2024-04-10,DAILY_NEUTRAL,0,0,0,0,0,100.0,1.2442610368476614,1.0060160427807487,653040000.0,1.728572057582073,-160104000.0,腾讯控股,B
00700,2024-04-11,DAILY_NEUTRAL,0,0,0,0,0,100.0,0.9654464711331221,0.999337748344371,-186080000.0,-1.1920364711628655,-83819000.0,腾讯控股,B
00700,2024-04-12,DAILY_PULLBACK,0,0,1,0,0,100.0,1.1910701566364061,0.976928147659855,-304460000.0,-1.5510302807589467,-67630500.0,腾讯控股,B
00700,2024-04-15,DAILY_PULLBACK,0,0,1,0,0,100.0,0.8619090870965278,0.9553805774278215,323360000.0,0.567551513854578,-32083000.0,腾讯控股,B
00700,2024-04-16,DAILY_PULLBACK,0,0,1,0,0,100.0,0.9580335316182841,0.9468503937007875,-75130000.0,-0.756968453779571,-7106000.0,腾讯控股,B
00700,2024-04-17,DAILY_DECLINE,0,0,0,0,1,33.33333333333333,0.6889499901619169,0.9435695538057743,-108580000.0,-0.8586216551410691,-36749500.0,腾讯控股,B
00700,2024-04-18,DAILY_PULLBACK,0,0,1,0,0,66.66666666666666,1.0109347831061435,0.9553805774278215,385470000.0,0.7605661806081507,-201995000.0,腾讯控股,B
00700,2024-04-19,DAILY_PULLBACK,0,0,1,0,0,66.66666666666666,1.0304301977018813,0.9534120734908137,27030000.0,-0.4130796575246709,-99336000.0,腾讯控股,B
00700,2024-04-22,DAILY_BREAKOUT,1,0,1,0,0,66.66666666666666,2.2618380798253335,1.0078740157480315,723430000.0,1.9026040572613687,-26939000.0,腾讯控股,B
00700,2024-04-23,DAILY_BREAKOUT,1,0,0,0,0,100.0,1.925938425806595,1.0316742081447965,946630000.0,2.555401869842119,45555500.0,腾讯控股,B
00700,2024-04-24,DAILY_BREAKOUT,1,0,0,0,0,100.0,1.5037554688995907,1.033083645443196,886380000.0,2.2246110201534965,216406500.0,腾讯控股,B
00700,2024-04-25,DAILY_ACCUMULATION,0,0,0,1,0,100.0,0.8404369600171233,0.9831223628691983,359980000.0,0.5460582431960633,373573000.0,腾讯控股,B
00700,2024-04-26,DAILY_NEUTRAL,0,0,0,0,0,100.0,0.8523844811385779,1.006002400960384,730090000.0,1.6478081018612094,375370500.0,腾讯控股,B
00700,2024-04-29,DAILY_NEUTRAL,0,0,0,0,0,100.0,0.6915882052918513,0.9875959834613112,188190000.0,-0.023511881540007863,513785000.0,腾讯控股,B
00700,2024-04-30,DAILY_NEUTRAL,0,0,0,0,0,100.0,0.47480416089832667,0.977751756440281,88740000.0,-0.32248916433844166,388916000.0,腾讯控股,B
00700,2024-05-02,DAILY_NEUTRAL,0,0,0,0,0,100.0,0.8018505519399324,1.0163934426229506,593190000.0,1.1835942785668965,208781000.0,腾讯控股,B
00700,2024-05-03,DAILY_NEUTRAL,0,0,0,0,0,100.0,0.9734402414096496,1.0091954022988505,-379680000.0,-1.720002197904582,125738000.0,腾讯控股,B
00700,2024-05-06,DAILY_NEUTRAL,0,0,0,0,0,100.0,1.1195830165606688,0.993322203672788,658670000.0,1.3326116293423262,-7411500.0,腾讯控股,B
00700,2024-05-07,DAILY_NEUTRAL,0,0,0,0,0,100.0,0.8538232504920402,0.9799888827126182,131980000.0,-0.23379450425010245,-57568000.0,腾讯控股,B
00700,2024-05-08,DAILY_PULLBACK,0,0,1,0,0,100.0,0.9316773152135865,0.9677598665925513,354020000.0,0.4065112144056814,-67882500.0,腾讯控股,B
00700,2024-05-09,DAILY_NEUTRAL,0,0,0,0,0,100.0,0.7170708769944755,0.991106170094497,333050000.0,0.35291829547321213,-28177500.0,腾讯控股,B
00700,2024-05-10,DAILY_NEUTRAL,0,0,0,0,0,100.0,0.7452090432873896,0.9944413563090606,99520000.0,-0.3462779509174838,-64206000.0,腾讯控股,B
00700,2024-05-13,DAILY_NEUTRAL,0,0,0,0,0,100.0,1.0554124164517784,1.0110803324099722,590910000.0,1.0890053684364054,17354000.0,腾讯控股,B
00700,2024-05-14,DAILY_NEUTRAL,0,0,0,0,0,100.0,1.1773658765920756,1.004907306434024,28210000.0,-0.578812487809048,-40966500.0,腾讯控股,B
00700,2024-05-16,DAILY_BREAKOUT,1,0,0,0,0,100.0,3.1100579222079214,1.0328310010764263,283420000.0,0.16724141652271815,-46963000.0,腾讯控股,B
00700,2024-05-17,DAILY_NEUTRAL,0,0,0,0,0,100.0,1.054953253408835,0.9932955131511088,-29790000.0,-0.7338161034317988,-79010500.0,腾讯控股,B
00700,2024-05-20,DAILY_NEUTRAL,0,0,0,0,0,100.0,0.7743323227097656,0.9866803278688525,283590000.0,0.19574508255372214,-155518000.0,腾讯控股,B
00700,2024-05-21,DAILY_PULLBACK,0,0,1,0,0,100.0,1.0169644897853436,0.9574795081967215,-105590000.0,-0.9481982725826987,-113610000.0,腾讯控股,B
00700,2024-05-22,DAILY_PULLBACK,0,0,1,0,0,100.0,0.6950321423838948,0.9595286885245903,584030000.0,1.0653936298053999,-246279000.0,腾讯控股,B
00700,2024-05-23,DAILY_PULLBACK,0,0,1,0,0,100.0,0.5664862367868019,0.9528688524590164,49710000.0,-0.4764571808766527,-128145000.0,腾讯控股,B
00700,2024-05-24,DAILY_PULLBACK,0,0,1,0,0,100.0,0.786968692811299,0.9405737704918034,66650000.0,-0.42176138241589106,-130041000.0,腾讯控股,B
00700,2024-05-27,DAILY_PULLBACK,0,0,1,0,0,66.66666666666666,1.4236137537243623,0.9415983606557378,-48300000.0,-0.7398571284066559,-69766500.0,腾讯控股,B
00700,2024-05-28,DAILY_PULLBACK,0,0,1,0,0,66.66666666666666,0.6773031598890505,0.9487704918032787,62870000.0,-0.41527194976520987,-115730500.0,腾讯控股,B
00700,2024-05-29,DAILY_DECLINE,0,0,0,0,1,33.33333333333333,1.260635890981445,0.9252049180327869,-284800000.0,-1.4473496366106249,-48677500.0,腾讯控股,B
00700,2024-05-30,DAILY_DECLINE,0,0,0,0,1,33.33333333333333,0.968660891913317,0.9175204918032787,110670000.0,-0.271590196548746,-198794000.0,腾讯控股,B
00700,2024-05-31,DAILY_NEUTRAL,0,0,0,0,0,33.33333333333333,1.7069240462170183,0.896516393442623,537510000.0,0.9558612727806217,-187698500.0,腾讯控股,B
00700,2024-06-03,DAILY_NEUTRAL,0,0,0,0,0,33.33333333333333,1.0178003366538382,0.9354508196721312,962620000.0,2.1393325644759043,-90742500.0,腾讯控股,B
00700,2024-06-04,DAILY_NEUTRAL,0,0,0,0,0,33.33333333333333,0.6724420568045576,0.9415983606557378,-32610000.0,-0.7134712944632997,44326500.0,腾讯控股,B
00700,2024-06-05,DAILY_ACCUMULATION,0,0,0,1,0,33.33333333333333,0.7450980473139759,0.9503073770491803,430060000.0,0.5563296517525508,59794500.0,腾讯控股,B
00700,2024-06-06,DAILY_NEUTRAL,0,0,0,0,0,66.66666666666666,0.7354575705040155,0.9523565573770493,-236530000.0,-1.2943196535815886,187862500.0,腾讯控股,B
00700,2024-06-07,DAILY_NEUTRAL,0,0,0,0,0,33.33333333333333,1.0074831201320813,0.934938524590164,87150000.0,-0.3856313603260605,147950000.0,腾讯控股,B
00700,2024-06-11,DAILY_NEUTRAL,0,0,0,0,0,33.33333333333333,1.1988401218962317,0.9323770491803279,146030000.0,-0.2296101261624135,70173000.0,腾讯控股,B
00700,2024-06-12,DAILY_NEUTRAL,0,0,0,0,0,33.33333333333333,0.6869882703452946,0.9246926229508198,58390000.0,-0.4545637043430881,-95470500.0,腾讯控股,B
00700,2024-06-13,DAILY_NEUTRAL,0,0,0,0,0,66.66666666666666,0.7248235130232238,0.9477459016393444,224060000.0,0.0705166090158184,-50644500.0,腾讯控股,B
00700,2024-06-14,DAILY_NEUTRAL,0,0,0,0,0,66.66666666666666,1.0333556074999883,0.9477459016393444,-20630000.0,-0.6785274231064363,-101637000.0,腾讯控股,B
00700,2024-06-17,DAILY_NEUTRAL,0,0,0,0,0,33.33333333333333,0.7425209039375622,0.9513319672131147,227110000.0,0.07518582834849921,-43254500.0,腾讯控股,B
00700,2024-06-18,DAILY_PULLBACK,0,0,1,0,0,100.0,0.7682268348517509,0.9415384615384615,111390000.0,-0.3152105933564153,-28107500.0,腾讯控股,B
00700,2024-06-19,DAILY_NEUTRAL,0,0,0,0,0,100.0,1.3822125945079196,0.9885297184567257,875730000.0,2.073445103838851,-26425500.0,腾讯控股,B
00700,2024-06-20,DAILY_NEUTRAL,0,0,0,0,0,100.0,0.7976050510313196,0.991080797481637,-56990000.0,-0.8469616988752937,87976500.0,腾讯控股,B
00700,2024-06-21,DAILY_PULLBACK,0,0,1,0,0,100.0,1.4896542709863294,0.9722658294086867,-425930000.0,-1.9358924812170195,63817500.0,腾讯控股,B
00700,2024-06-24,DAILY_PULLBACK,0,0,1,0,0,100.0,0.7038519792597256,0.9696493982208269,32310000.0,-0.49739783172712726,6539500.0,腾讯控股,B
00700,2024-06-25,DAILY_PULLBACK,0,0,1,0,0,100.0,0.7151697684125521,0.9738356881214024,-10470000.0,-0.6220384302798726,-30703500.0,腾讯控股,B
00700,2024-06-26,DAILY_PULLBACK,0,0,1,0,0,100.0,0.6759564520278022,0.9738356881214024,206550000.0,0.040694801499145,-56967000.0,腾讯控股,B
00700,2024-06-27,DAILY_DECLINE,0,0,0,0,1,33.33333333333333,1.1299198126493,0.9539508110936683,-96480000.0,-0.8447986724021472,-197987000.0,腾讯控股,B
00700,2024-06-28,DAILY_DECLINE,0,0,0,0,1,33.33333333333333,0.9609796642754082,0.9487179487179488,-152230000.0,-1.0194173245864637,-215301000.0,腾讯控股,B
00700,2024-07-02,DAILY_DECLINE,0,0,0,0,1,33.33333333333333,1.929129717969003,0.9403453689167974,-157660000.0,-1.028933286952895,-147416000.0,腾讯控股,B
00700,2024-07-03,DAILY_PULLBACK,0,0,1,0,0,66.66666666666666,1.3089562835868118,0.9670329670329672,172970000.0,-0.022165163773876853,-150651500.0,腾讯控股,B
00700,2024-07-04,DAILY_PULLBACK,0,0,1,0,0,66.66666666666666,0.8169039626879762,0.9748822605965464,67180000.0,-0.35203820355127435,-74481000.0,腾讯控股,B
00700,2024-07-05,DAILY_NEUTRAL,0,0,0,0,0,33.33333333333333,0.536646932123987,0.968079539508111,294830000.0,0.32479003590010996,-107344500.0,腾讯控股,B
00700,2024-07-08,DAILY_NEUTRAL,0,0,0,0,0,0.0,0.6383303642706012,0.9649398220826793,303910000.0,0.3445925870070281,-22321000.0,腾讯控股,B
00700,2024-07-09,DAILY_ACCUMULATION,0,0,0,1,0,66.66666666666666,0.74761789374305,0.9712192569335426,442580000.0,0.7501779838158997,41885000.0,腾讯控股,B
00700,2024-07-10,DAILY_NEUTRAL,0,0,0,0,0,33.33333333333333,1.0695746465440876,0.9623233908948196,111590000.0,-0.2361395649240829,144161500.0,腾讯控股,B
00700,2024-07-11,DAILY_ACCUMULATION,0,0,0,1,0,66.66666666666666,1.25314999071887,0.9811616954474097,697310000.0,1.545114997314678,133607500.0,腾讯控股,B
00700,2024-07-12,DAILY_BREAKOUT,1,0,0,0,0,66.66666666666666,2.043267630261564,1.0130821559392988,1807930000.0,4.909998170731503,227687500.0,腾讯控股,B
00700,2024-07-15,DAILY_NEUTRAL,0,0,0,0,0,100.0,0.8109594638738866,0.9819308208569953,-65700000.0,-0.7829986397411234,451114000.0,腾讯控股,B
00700,2024-07-16,DAILY_NEUTRAL,0,0,0,0,0,66.66666666666666,1.1030419588881346,0.9504388229220444,-531120000.0,-1.9931509138615564,379445500.0,腾讯控股,B
00700,2024-07-17,DAILY_NEUTRAL,0,0,0,0,0,66.66666666666666,1.3986365336986466,0.9344346928239546,90340000.0,-0.3506223404085349,222617000.0,腾讯控股,B
00700,2024-07-18,DAILY_ACCUMULATION,0,0,0,1,0,66.66666666666666,0.9222393784133596,0.9277232834279814,367250000.0,0.36309037846072373,219419500.0,腾讯控股,B
00700,2024-07-19,DAILY_DECLINE,0,0,0,0,1,33.33333333333333,1.0987703680082406,0.9143004646360351,-208590000.0,-1.1110308527707926,178831500.0,腾讯控股,B
00700,2024-07-22,DAILY_NEUTRAL,0,0,0,0,0,33.33333333333333,0.8427167737252712,0.9380485286525555,253760000.0,0.10109170565168561,-216892500.0,腾讯控股,B
00700,2024-07-23,DAILY_DECLINE,0,0,0,0,1,0.0,0.5824315539312377,0.9199793495095508,36520000.0,-0.43555632276522216,-186985000.0,腾讯控股,B
00700,2024-07-24,DAILY_DECLINE,0,0,0,0,1,0.0,0.6085316117360908,0.9122354155911203,-353340000.0,-1.4605752905402434,-73667500.0,腾讯控股,B
00700,2024-07-25,DAILY_DECLINE,0,0,0,0,1,0.0,1.5553455446460378,0.8812596799173981,19390000.0,-0.416955183992488,-145260000.0,腾讯控股,B
00700,2024-07-26,DAILY_DECLINE,0,0,0,0,1,0.0,0.7391975328933476,0.8895198760970574,10880000.0,-0.4153672085718068,-205474000.0,腾讯控股,B
00700,2024-07-29,DAILY_DECLINE,0,0,0,0,1,0.0,0.8053188277647539,0.8993288590604027,7360000.0,-0.41631309007469863,-166948000.0,腾讯控股,B
00700,2024-07-30,DAILY_DECLINE,0,0,0,0,1,0.0,0.6428457520049675,0.8874548270521426,35560000.0,-0.3361742617357996,-224207500.0,腾讯控股,B
00700,2024-07-31,DAILY_DECLINE,0,0,0,0,1,0.0,1.3816845188433373,0.9096541042849767,100580000.0,-0.1373709895811637,-234060500.0,腾讯控股,B
00700,2024-08-01,DAILY_DECLINE,0,0,0,0,1,0.0,0.7570242885531749,0.9184305627258649,54460000.0,-0.2900895400824887,-139657000.0,腾讯控股,B
00700,2024-08-02,DAILY_NEUTRAL,0,0,0,0,0,0.0,1.290532708285773,0.8993288590604027,433720000.0,0.803314714223064,-132007000.0,腾讯控股,B
00700,2024-08-05,DAILY_NEUTRAL,0,0,0,0,0,33.33333333333333,1.5718482695550404,0.8951987609705732,-260710000.0,-1.163392032072201,-54383500.0,腾讯控股,B
00700,2024-08-06,DAILY_NEUTRAL,0,0,0,0,0,33.33333333333333,1.0629636189064138,0.8895198760970574,-96800000.0,-0.6691862727010442,-79766500.0,腾讯控股,B
00700,2024-08-07,DAILY_NEUTRAL,0,0,0,0,0,33.33333333333333,0.8697527675284453,0.9127516778523491,282300000.0,0.40506937221958567,-79269500.0,腾讯控股,B
00700,2024-08-08,DAILY_NEUTRAL,0,0,0,0,0,66.66666666666666,1.0861416621103646,0.9251419721218379,244850000.0,0.29216101469793304,-51461000.0,腾讯控股,B
00700,2024-08-09,DAILY_NEUTRAL,0,0,0,0,0,66.66666666666666,0.8792687104896285,0.9297883324728963,-267400000.0,-1.1279985364706253,9240000.0,腾讯控股,B
00700,2024-08-12,DAILY_NEUTRAL,0,0,0,0,0,66.66666666666666,0.5573371982486323,0.9431818181818182,137030000.0,0.02265868160321778,-27217500.0,腾讯控股,B
00700,2024-08-13,DAILY_ACCUMULATION,0,0,0,1,0,100.0,0.8612917775492474,0.9766949152542372,242150000.0,0.32260777477878816,42194000.0,腾讯控股,B
00700,2024-08-14,DAILY_DISTRIBUTION,0,1,0,0,0,100.0,1.2493204913710223,0.9816612729234088,-66630000.0,-0.5514580740115325,71320500.0,腾讯控股,B
00700,2024-08-15,DAILY_PULLBACK,0,0,1,0,0,100.0,1.3805561787544594,0.9670981661272924,195220000.0,0.19537018129192285,9383000.0,腾讯控股,B
00700,2024-08-16,DAILY_PULLBACK,0,0,1,0,0,100.0,1.0221128000235329,0.9784250269687162,-148900000.0,-0.7806049090127757,8058500.0,腾讯控股,B
00700,2024-08-19,DAILY_PULLBACK,0,0,1,0,0,100.0,0.946417180232001,0.9784250269687162,-135050000.0,-0.7142145204235482,28774000.0,腾讯控股,B
00700,2024-08-20,DAILY_PULLBACK,0,0,1,0,0,100.0,0.6943415251862164,0.9724919093851133,-26960000.0,-0.39879832438788854,-6201500.0,腾讯控股,B
00700,2024-08-21,DAILY_PULLBACK,0,0,1,0,0,66.66666666666666,0.6964822033112203,0.9757281553398058,181530000.0,0.19161623518575005,-56849500.0,腾讯控股,B
00700,2024-08-22,DAILY_PULLBACK,0,0,1,0,0,66.66666666666666,1.0962053345468248,0.9924487594390506,223230000.0,0.29842200896741106,-33961000.0,腾讯控股,B
00700,2024-08-23,DAILY_PULLBACK,0,0,1,0,0,66.66666666666666,0.9077627847180649,0.9865156418554477,-72410000.0,-0.5403833185556993,-38551000.0,腾讯控股,B
00700,2024-08-26,DAILY_NEUTRAL,0,0,0,0,0,100.0,1.1853077036151658,1.0037756202804746,35200000.0,-0.24995432791864264,-19088500.0,腾讯控股,B
00700,2024-08-27,DAILY_NEUTRAL,0,0,0,0,0,100.0,0.9825323008777711,0.992,-185010000.0,-0.8703753248901739,13569500.0,腾讯控股,B
00700,2024-08-28,DAILY_PULLBACK,0,0,1,0,0,100.0,1.0223530119628117,0.9717333333333332,-149450000.0,-0.7398557754596035,-7012000.0,腾讯控股,B
00700,2024-08-29,DAILY_PULLBACK,0,0,1,0,0,100.0,0.8666222725251247,0.9808,17450000.0,-0.22181114825844853,-60706500.0,腾讯控股,B
00700,2024-08-30,DAILY_NEUTRAL,0,0,0,0,0,100.0,2.190365039662295,0.9925333333333333,897000000.0,2.4116621266649982,-100012000.0,腾讯控股,B
00700,2024-09-02,DAILY_PULLBACK,0,0,1,0,0,100.0,0.7859447814804255,0.9792442788717403,-30260000.0,-0.37593127469891874,70706000.0,腾讯控股,B
00700,2024-09-03,DAILY_NEUTRAL,0,0,0,0,0,100.0,0.5711611064465902,0.9803086748270355,-3990000.0,-0.3122452551369388,46091500.0,腾讯控股,B
00700,2024-09-04,DAILY_DECLINE,0,0,0,0,1,33.33333333333333,0.8090970476290403,0.9659393294305482,-253670000.0,-1.031844582922869,77655000.0,腾讯控股,B
00700,2024-09-05,DAILY_DECLINE,0,0,0,0,1,33.33333333333333,0.5930625830242927,0.9675359233634913,-68150000.0,-0.47030582530386356,83609500.0,腾讯控股,B
00700,2024-09-09,DAILY_DECLINE,0,0,0,0,1,33.33333333333333,1.2966696515183893,0.9616817456093666,58270000.0,-0.10050136015521599,82139500.0,腾讯控股,B
00700,2024-09-10,DAILY_DECLINE,0,0,0,0,1,33.33333333333333,0.9233087039952581,0.9547631718999467,-32290000.0,-0.35295003252337304,-101890000.0,腾讯控股,B
00700,2024-09-11,DAILY_NEUTRAL,0,0,0,0,0,0.0,0.9256965527361715,0.9590207557211282,122050000.0,0.09117429354241519,-93830000.0,腾讯控股,B
00700,2024-09-12,DAILY_DECLINE,0,0,0,0,1,0.0,1.0255856470092923,0.9654071314529005,-135160000.0,-0.6436976919649106,-62617000.0,腾讯控股,B
00700,2024-09-13,DAILY_DECLINE,0,0,0,0,1,0.0,0.8122016409772981,0.971261309207025,-159940000.0,-0.7007888642651237,-35488500.0,腾讯控股,B
00700,2024-09-16,DAILY_NEUTRAL,0,0,0,0,0,33.33333333333333,0.5552649613639549,0.9792442788717403,97670000.0,0.0911602098691884,-36088500.0,腾讯控股,B
00700,2024-09-17,DAILY_NEUTRAL,0,0,0,0,0,66.66666666666666,0.89250428400431,0.9850984566258648,99050000.0,0.08767618981928176,-40537000.0,腾讯控股,B
00700,2024-09-19,DAILY_BREAKOUT,1,0,0,0,0,66.66666666666666,2.3587199071034908,1.008515167642363,973320000.0,2.7323498171083958,-25974000.0,腾讯控股,B
00700,2024-09-20,DAILY_DISTRIBUTION,0,1,0,0,0,66.66666666666666,2.0749268153096696,0.996842105263158,366080000.0,0.7830991822490512,94266000.0,腾讯控股,B
00700,2024-09-23,DAILY_NEUTRAL,0,0,0,0,0,100.0,0.9163889293081862,0.9848800834202294,-139380000.0,-0.6879907554161449,185286500.0,腾讯控股,B
00700,2024-09-24,DAILY_BREAKOUT,1,0,0,0,0,100.0,2.4590023235357856,1.0229405630865485,1824780000.0,4.946951540487107,207529000.0,腾讯控股,B
00700,2024-09-25,DAILY_BREAKOUT,1,0,0,0,0,100.0,1.6372440003044926,1.0081549439347606,-370950000.0,-1.202231123001846,458091500.0,腾讯控股,B
00700,2024-09-26,DAILY_BREAKOUT,1,0,0,0,0,100.0,1.6480986231431585,1.0293973542381185,2737900000.0,6.264200205932671,384399000.0,腾讯控股,B
00700,2024-09-27,DAILY_BREAKOUT,1,0,0,0,0,100.0,1.6153077123584814,1.0185625892432175,312770000.0,0.26423591093225857,591169500.0,腾讯控股,B
00700,2024-09-30,DAILY_ACCUMULATION,0,0,0,1,0,100.0,1.834534169130238,0.9995402298850575,1596200000.0,2.6564549460367286,557396500.0,腾讯控股,B
00700,2024-10-02,DAILY_NEUTRAL,0,0,0,0,0,100.0,0.917015655587419,1.0281501340482573,1042010000.0,1.4894851387479775,825575000.0,腾讯控股,B
00700,2024-10-03,DAILY_NEUTRAL,0,0,0,0,0,100.0,0.5814349657091391,0.9714772243507875,-111640000.0,-0.5610928943084696,661770500.0,腾讯控股,B
00700,2024-10-04,DAILY_NEUTRAL,0,0,0,0,0,100.0,0.46846905530678257,0.9957428693060877,-12870000.0,-0.376740045093137,717701500.0,腾讯控股,B
00700,2024-10-07,DAILY_NEUTRAL,0,0,0,0,0,100.0,0.5330286267262682,0.9974457215836526,276430000.0,0.1374030925470657,167991500.0,腾讯控股,B
00700,2024-10-08,DAILY_PULLBACK,0,0,1,0,0,100.0,1.7118411300810064,0.9073212018620398,-650470000.0,-1.4729576988147066,134218500.0,腾讯控股,B
00700,2024-10-09,DAILY_PULLBACK,0,0,1,0,0,100.0,1.1545094194577334,0.8980110029623359,646980000.0,0.8043816787532617,-285999500.0,腾讯控股,B
00700,2024-10-10,DAILY_PULLBACK,0,0,1,0,0,100.0,0.8342892027571026,0.9077443927211172,386990000.0,0.4186266106666551,-394441000.0,腾讯控股,B
00700,2024-10-14,DAILY_PULLBACK,0,0,1,0,0,66.66666666666666,0.7581089100036901,0.9018197206940329,264910000.0,0.18161697529720056,-315679000.0,腾讯控股,B
00700,2024-10-15,DAILY_DECLINE,0,0,0,0,1,33.33333333333333,0.8141503977724565,0.8616165890816758,-594720000.0,-1.4343912327094905,-267266000.0,腾讯控股,B
00700,2024-10-16,DAILY_DECLINE,0,0,0,0,1,33.33333333333333,0.5260943229178573,0.8590774439272111,80110000.0,-0.1592406481260948,-418518000.0,腾讯控股,B
00700,2024-10-17,DAILY_DECLINE,0,0,0,0,1,33.33333333333333,0.4969819075277286,0.8523063901819721,200000.0,-0.29651414199829773,-284404500.0,腾讯控股,B
00700,2024-10-18,DAILY_PULLBACK,0,0,1,0,0,66.66666666666666,0.9554415507436096,0.8908167583580194,416790000.0,0.4589790165663485,-408887000.0,腾讯控股,B
00700,2024-10-21,DAILY_DECLINE,0,0,0,0,1,33.33333333333333,0.6344511187382021,0.8700804062632247,-89270000.0,-0.4718982317586624,-418814000.0,腾讯控股,B
00700,2024-10-22,DAILY_DECLINE,0,0,0,0,1,0.0,0.48053710605118083,0.8713499788404571,47150000.0,-0.21835525565411718,-436520500.0,腾讯控股,B
00700,2024-10-23,DAILY_DECLINE,0,0,0,0,1,0.0,0.794046147643821,0.8853152771900126,82040000.0,-0.16807600766521308,-292200000.0,腾讯控股,B
00700,2024-10-24,DAILY_NEUTRAL,0,0,0,0,0,33.33333333333333,0.6632025136872981,0.8721963605586118,-27080000.0,-0.3708553688419972,-302885000.0,腾讯控股,B
00700,2024-10-25,DAILY_NEUTRAL,0,0,0,0,0,33.33333333333333,0.7546772784930306,0.8700804062632247,51300000.0,-0.22538056072275725,-215748000.0,腾讯控股,B
00700,2024-10-28,DAILY_NEUTRAL,0,0,0,0,0,33.33333333333333,1.1931200720490416,0.8620397799407532,147900000.0,-0.04906947984867757,-309958500.0,腾讯控股,B
00700,2024-10-29,DAILY_NEUTRAL,0,0,0,0,0,33.33333333333333,1.0714027305057627,0.8645789250952179,-28050000.0,-0.3764601473264408,-133024500.0,腾讯控股,B
00700,2024-10-30,DAILY_NEUTRAL,0,0,0,0,0,0.0,1.3322762662898306,0.8489208633093525,472460000.0,0.548343114834122,-131023500.0,腾讯控股,B
00700,2024-10-31,DAILY_NEUTRAL,0,0,0,0,0,0.0,1.6160342792853744,0.8353787558188743,242610000.0,0.11258914382649869,3247500.0,腾讯控股,B
00700,2024-11-01,DAILY_DECLINE,0,0,0,0,1,0.0,1.2865384667245006,0.8662716885315276,-9890000.0,-0.345578614767711,97155500.0,腾讯控股,B
00700,2024-11-04,DAILY_DECLINE,0,0,0,0,1,0.0,0.6425897339225777,0.8658484976724502,48100000.0,-0.24777578633550423,79830000.0,腾讯控股,B
00700,2024-11-05,DAILY_NEUTRAL,0,0,0,0,0,33.33333333333333,0.8752247615806411,0.8844688954718578,38010000.0,-0.27134383565767634,56821500.0,腾讯控股,B
00700,2024-11-06,DAILY_NEUTRAL,0,0,0,0,0,33.33333333333333,1.1697983024806065,0.8779443254817987,-65410000.0,-0.45500405540992617,81954500.0,腾讯控股,B
00700,2024-11-07,DAILY_NEUTRAL,0,0,0,0,0,66.66666666666666,1.0878826094259362,0.9444945848375452,562070000.0,0.7139609987619304,-54872500.0,腾讯控股,B
00700,2024-11-08,DAILY_NEUTRAL,0,0,0,0,0,66.66666666666666,1.0924741003132064,0.9366453965360073,-38060000.0,-0.42046465063036836,13265000.0,腾讯控股,B
00700,2024-11-11,DAILY_NEUTRAL,0,0,0,0,0,33.33333333333333,1.3129595707393418,0.9359628770301623,203650000.0,0.03197730598617274,28883500.0,腾讯控股,B
00700,2024-11-12,DAILY_NEUTRAL,0,0,0,0,0,33.33333333333333,1.390222782236445,0.9244486156733928,-771120000.0,-1.767480444123097,63056500.0,腾讯控股,B
00700,2024-11-13,DAILY_DECLINE,0,0,0,0,1,0.0,1.284006362156193,0.9244486156733928,88180000.0,-0.15471814861806715,-89949500.0,腾讯控股,B
00700,2024-11-14,DAILY_DECLINE,0,0,0,0,1,0.0,1.4815060686697832,0.9235100891600189,-98250000.0,-0.48768760187139104,-59635000.0,腾讯控股,B
00700,2024-11-15,DAILY_DECLINE,0,0,0,0,1,0.0,1.0945323174417017,0.9178789300797747,-4380000.0,-0.32018592074620983,-186776500.0,腾讯控股,B
00700,2024-11-18,DAILY_DECLINE,0,0,0,0,1,0.0,0.7194334673617073,0.9253871421867668,-187122140.0,-0.6551076970258607,-158982000.0,腾讯控股,B
00700,2024-11-19,DAILY_DECLINE,0,0,0,0,1,0.0,0.4954617612988325,0.9300797747536368,-54230000.0,-0.408978287709578,-232243821.0,腾讯控股,B
00700,2024-11-20,DAILY_DECLINE,0,0,0,0,1,0.0,0.5924314481845995,0.9408728296574378,76920000.0,-0.16511629945707254,-83796821.0,腾讯控股,B
00700,2024-11-21,DAILY_DECLINE,0,0,0,0,1,0.0,0.5515226311930413,0.9333646175504459,-159170000.0,-0.5858704044892449,-85792821.0,腾讯控股,B
00700,2024-11-22,DAILY_NEUTRAL,0,0,0,0,0,33.33333333333333,0.9318978313524339,0.9169404035664008,-208300000.0,-0.6708441995729666,-91372321.0,腾讯控股,B
00700,2024-11-25,DAILY_NEUTRAL,0,0,0,0,0,33.33333333333333,1.7689064889024924,0.9042702956358517,335420000.0,0.3132750343428772,-119176321.0,腾讯控股,B
00700,2024-11-26,DAILY_DECLINE,0,0,0,0,1,0.0,0.9823583579157186,0.9009854528390427,-20670000.0,-0.34143791854790245,-24043893.0,腾讯控股,B
00700,2024-11-27,DAILY_NEUTRAL,0,0,0,0,0,0.0,0.9343977984456363,0.9221022993899578,324190000.0,0.2749447023335467,-17700893.0,腾讯控股,B
00700,2024-11-28,DAILY_DECLINE,0,0,0,0,1,0.0,0.7182727804995596,0.9155326137963398,-487670000.0,-1.1959431684827377,39166607.0,腾讯控股,B
00700,2024-11-29,DAILY_DECLINE,0,0,0,0,1,0.0,0.8536387380257968,0.9108399812294697,73640000.0,-0.14422828180838013,9980607.0,腾讯控股,B
00700,2024-12-02,DAILY_DECLINE,0,0,0,0,1,0.0,0.7390833037114187,0.9150633505396528,91390000.0,-0.11538900650818447,62192107.0,腾讯控股,B
00700,2024-12-03,DAILY_DECLINE,0,0,0,0,1,0.0,1.2135692666583624,0.9258564054434538,-124700000.0,-0.5090949410551346,11221607.0,腾讯控股,B
00700,2024-12-04,DAILY_NEUTRAL,0,0,0,0,0,33.33333333333333,0.9116335306943061,0.9230408259033317,-114650000.0,-0.4960404237189854,-1448893.0,腾讯控股,B
00700,2024-12-05,DAILY_NEUTRAL,0,0,0,0,0,66.66666666666666,0.8942727953072269,0.9277334584702017,-22740000.0,-0.32780546050948833,-86754893.0,腾讯控股,B
00700,2024-12-06,DAILY_NEUTRAL,0,0,0,0,0,66.66666666666666,1.8550475058181926,0.9450961989676209,12960000.0,-0.26051896953925446,35471607.0,腾讯控股,B
00700,2024-12-09,DAILY_NEUTRAL,0,0,0,0,0,100.0,1.2942420824062433,1.007885657959586,452680000.0,0.5344635650852826,20784607.0,腾讯控股,B
00700,2024-12-10,DAILY_NEUTRAL,0,0,0,0,0,100.0,1.5788102493912712,0.9756927564414195,-265270000.0,-0.7741236135670667,80591107.0,腾讯控股,B
00700,2024-12-11,DAILY_PULLBACK,0,0,1,0,0,100.0,0.6073864797343589,0.949667616334283,59860000.0,-0.18219773000450643,27184607.0,腾讯控股,B
00700,2024-12-12,DAILY_ACCUMULATION,0,0,0,1,0,100.0,1.0954629329773744,0.9634377967711302,441580000.0,0.500492549492465,63502607.0,腾讯控股,B
00700,2024-12-13,DAILY_PULLBACK,0,0,1,0,0,100.0,0.6965993704845611,0.949667616334283,-310370000.0,-0.8669805109844806,129375107.0,腾讯控股,B
00700,2024-12-16,DAILY_PULLBACK,0,0,1,0,0,100.0,0.6660067947652805,0.9396961063627731,49180000.0,-0.2049569737982684,80008607.0,腾讯控股,B
00700,2024-12-17,DAILY_NEUTRAL,0,0,0,0,0,33.33333333333333,0.8635532088220702,0.932573599240266,175540000.0,0.05006074543542321,-12506500.0,腾讯控股,B
00700,2024-12-18,DAILY_PULLBACK,0,0,1,1,0,66.66666666666666,0.8910061250427629,0.9406457739791073,341400000.0,0.35911408210605317,64167000.0,腾讯控股,B
00700,2024-12-19,DAILY_PULLBACK,0,0,1,0,0,66.66666666666666,2.028618545275028,0.9624881291547958,492210000.0,0.6209487657881175,107251000.0,腾讯控股,B
00700,2024-12-20,DAILY_PULLBACK,0,0,1,0,0,66.66666666666666,2.317908747148048,0.9890788224121558,692810000.0,1.1183848248629944,84808000.0,腾讯控股,B
00700,2024-12-23,DAILY_NEUTRAL,0,0,0,0,0,100.0,0.8325793893476071,0.9743589743589743,-131040000.0,-0.55532595840473,240388500.0,腾讯控股,B
00700,2024-12-24,DAILY_NEUTRAL,0,0,0,0,0,100.0,0.2981436826774824,0.9738841405508072,-119310000.0,-0.5906447149996573,227667500.0,腾讯控股,B
00700,2024-12-27,DAILY_PULLBACK,0,0,1,0,0,100.0,0.549981406721217,0.9677113010446344,-28180000.0,-0.3266060976443998,173629500.0,腾讯控股,B
00700,2024-12-30,DAILY_PULLBACK,0,0,1,0,0,100.0,0.5549183241339514,0.9715099715099715,-49960000.0,-0.368036787093452,117332000.0,腾讯控股,B
00700,2024-12-31,DAILY_PULLBACK,0,0,1,0,0,100.0,0.5399908499573881,0.9667616334283001,64170000.0,0.05525681558976039,-12987500.0,腾讯控股,B
00700,2025-01-02,DAILY_PULLBACK,0,0,1,0,0,100.0,1.5551821181544148,0.9643874643874644,9490000.0,-0.14426028139831848,-138242000.0,腾讯控股,B
00700,2025-01-03,DAILY_PULLBACK,0,0,1,0,0,66.66666666666666,1.2657469122544762,0.9601139601139601,-43540000.0,-0.32941968208751315,-106041000.0,腾讯控股,B
00700,2025-01-06,DAILY_NEUTRAL,0,0,0,0,0,33.33333333333333,1.1171103162361882,0.9487179487179488,74550000.0,0.09887209384164086,-94945000.0,腾讯控股,B
00700,2025-01-07,DAILY_NEUTRAL,0,0,0,0,0,33.33333333333333,9.06527915830643,0.8779677113010447,280000000.0,0.8145484936537167,-83859000.0,腾讯控股,B
00700,2025-01-08,DAILY_NEUTRAL,0,0,0,0,0,0.0,2.292048577964536,0.8532763532763532,104870000.0,0.2007487850510319,-33004000.0,腾讯控股,B
00700,2025-01-09,DAILY_NEUTRAL,0,0,0,0,0,0.0,1.0343894561674227,0.8632478632478633,709630000.0,2.555188542742236,-29459500.0,腾讯控股,B
00700,2025-01-10,DAILY_DECLINE,0,0,0,0,1,0.0,0.5569211693598174,0.8542260208926876,-796740000.0,-3.135945217912091,97721000.0,腾讯控股,B
00700,2025-01-13,DAILY_NEUTRAL,0,0,0,0,0,0.0,0.4928754386600139,0.845679012345679,246800000.0,0.6955490958696106,-26345500.0,腾讯控股,B
00700,2025-01-14,DAILY_DECLINE,0,0,0,0,1,0.0,0.5477944503392711,0.8670465337132004,-5130000.0,-0.21058242587391923,-1242500.0,腾讯控股,B
00700,2025-01-15,DAILY_DECLINE,0,0,0,0,1,0.0,0.542989581078617,0.8789173789173789,-6030000.0,-0.21344570570171423,-35933000.0,腾讯控股,B
00700,2025-01-16,DAILY_DECLINE,0,0,0,0,1,0.0,0.6464187848039419,0.8846153846153847,-570000000.0,-2.2197807289562106,-73330000.0,腾讯控股,B
00700,2025-01-17,DAILY_NEUTRAL,0,0,0,0,0,0.0,0.5107924233014001,0.8784425451092118,315690000.0,0.9579994254437489,-298297000.0,腾讯控股,B
00700,2025-01-20,DAILY_NEUTRAL,0,0,0,0,0,33.33333333333333,1.053166879949843,0.9021842355175689,651510000.0,2.089702330089024,-82818500.0,腾讯控股,B
00700,2025-01-21,DAILY_NEUTRAL,0,0,0,0,0,33.33333333333333,0.8754911925572187,0.8964862298195633,148040000.0,0.3152259567373435,-17382000.0,腾讯控股,B
00700,2025-01-22,DAILY_NEUTRAL,0,0,0,0,0,33.33333333333333,0.693132123070355,0.8869895536562205,-155190000.0,-0.7007233769252166,30460500.0,腾讯控股,B
00700,2025-01-23,DAILY_NEUTRAL,0,0,0,0,0,33.33333333333333,0.9043175723854467,0.8817663817663818,-436610000.0,-1.6165321124075904,43028500.0,腾讯控股,B
00700,2025-01-24,DAILY_ACCUMULATION,0,0,0,1,0,66.66666666666666,1.0688029238262475,0.9171483622350675,584060000.0,1.7527121630128355,84985000.0,腾讯控股,B
00700,2025-01-27,DAILY_ACCUMULATION,0,0,0,1,0,66.66666666666666,0.9869852817053464,0.9291907514450868,208680000.0,0.49196001036510534,103490500.0,腾讯控股,B
00700,2025-01-28,DAILY_NEUTRAL,0,0,0,0,0,66.66666666666666,0.6337980560997244,0.9426782273603083,-30000000.0,-0.25166542913650436,3081500.0,腾讯控股,B
00700,2025-02-03,DAILY_NEUTRAL,0,0,0,0,0,100.0,1.382010760775862,0.9499036608863198,-108080000.0,-0.4885000711668303,-33524500.0,腾讯控股,B
00700,2025-02-04,DAILY_NEUTRAL,0,0,0,0,0,100.0,1.4080392191836648,0.9898843930635839,1093210000.0,3.368046934328662,-15490000.0,腾讯控股,B
00700,2025-02-05,DAILY_DISTRIBUTION,0,1,0,0,0,100.0,1.3267544996142595,0.9917355371900827,299970000.0,0.7058299354786808,236288000.0,腾讯控股,B
00700,2025-02-06,DAILY_ACCUMULATION,0,0,0,1,0,100.0,0.7583311630890742,0.9970859640602234,212960000.0,0.4354579815535205,162294500.0,腾讯控股,B
00700,2025-02-07,DAILY_NEUTRAL,0,0,0,0,0,100.0,1.3814623377306194,1.0160271976687711,1431990000.0,3.98928627114407,156230000.0,腾讯控股,B
00700,2025-02-10,DAILY_NEUTRAL,0,0,0,0,0,100.0,1.0796032553407935,1.010884997633696,315630000.0,0.6123007006938861,391028500.0,腾讯控股,B
00700,2025-02-11,DAILY_NEUTRAL,0,0,0,0,0,100.0,1.0369083229781444,0.9711627906976744,-541210000.0,-1.658239900129932,465232500.0,腾讯控股,B
00700,2025-02-12,DAILY_NEUTRAL,0,0,0,0,0,100.0,1.2876280163394225,1.0069541029207232,1367520000.0,3.322557024097641,200890500.0,腾讯控股,B
00700,2025-02-13,DAILY_DISTRIBUTION,0,1,0,0,0,100.0,1.9708105151322308,0.9940202391904324,1020820000.0,2.231736827479566,306187500.0,腾讯控股,B
00700,2025-02-14,DAILY_BREAKOUT,1,0,0,0,0,100.0,1.8998079532133711,1.0224274406332454,4123090000.0,9.432476370928073,429058500.0,腾讯控股,B
00700,2025-02-17,DAILY_BREAKOUT,1,0,0,0,0,100.0,2.6733818000473453,1.0404301075268818,-1254810000.0,-2.1808405679130574,760867500.0,腾讯控股,B
00700,2025-02-18,DAILY_ACCUMULATION,0,0,0,1,0,100.0,0.9448762197263995,0.9830744723217841,2653020000.0,3.5780558304931582,509218500.0,腾讯控股,B
00700,2025-02-19,DAILY_NEUTRAL,0,0,0,0,0,100.0,0.4706899015682607,0.9697933227344993,-410610000.0,-0.8358655047482176,986913500.0,腾讯控股,B
00700,2025-02-20,DAILY_PULLBACK,0,0,1,0,0,100.0,0.4820114769878481,0.9479332273449921,195470000.0,-0.0307058675896921,667602500.0,腾讯控股,B
00700,2025-02-21,DAILY_NEUTRAL,0,0,0,0,0,100.0,1.1077792915530515,1.0079491255961843,3694500000.0,4.548737543245501,525334500.0,腾讯控股,B
00700,2025-02-24,DAILY_PULLBACK,0,0,1,0,0,100.0,1.0203620603872965,0.9609621451104101,-981530000.0,-1.4332812384900449,262293500.0,腾讯控股,B
00700,2025-02-25,DAILY_PULLBACK,0,0,1,0,0,100.0,1.0376576690450703,0.9273721202655212,-611480000.0,-0.9856264085366965,358266500.0,腾讯控股,B
00700,2025-02-26,DAILY_NEUTRAL,0,0,0,0,0,100.0,0.7603012003728163,0.9599765716516985,575070000.0,0.3525295599607415,-285890000.0,腾讯控股,B
00700,2025-02-27,DAILY_PULLBACK,0,0,1,0,0,100.0,0.7134564723002687,0.9480671612651308,-637820000.0,-1.0002762972860901,-88304500.0,腾讯控股,B
00700,2025-02-28,DAILY_PULLBACK,0,0,1,0,0,66.66666666666666,0.941565282142051,0.9152674736431081,-41450000.0,-0.3201665564810842,-212637500.0,腾讯控股,B
00700,2025-03-03,DAILY_PULLBACK,0,0,1,0,0,66.66666666666666,0.6406749775725757,0.9242483404919952,-77200000.0,-0.3692989548652496,-959255000.0,腾讯控股,B
00700,2025-03-04,DAILY_PULLBACK,0,0,1,0,0,66.66666666666666,0.704775176730307,0.9394767668879342,371740000.0,0.12828560444748205,-779933000.0,腾讯控股,B
00700,2025-03-05,DAILY_PULLBACK,0,0,1,0,0,66.66666666666666,0.8997008385773263,0.9677860210855134,842460000.0,0.6417456360707848,-547215500.0,腾讯控股,B
00700,2025-03-06,DAILY_BREAKOUT,1,0,0,0,0,100.0,2.095771104074618,1.042951971885982,4700000000.0,4.8650199622763814,-520862000.0,腾讯控股,B
00700,2025-03-07,DAILY_NEUTRAL,0,0,0,0,0,100.0,1.0068633959074424,0.9803444402845376,-552950000.0,-0.8480896554934052,322350000.0,腾讯控股,B
00700,2025-03-10,DAILY_PULLBACK,0,0,1,0,0,100.0,0.7640277102151447,0.9432241250930751,-634220000.0,-0.9111039899081285,319297000.0,腾讯控股,B
00700,2025-03-11,DAILY_PULLBACK,0,0,1,1,0,100.0,0.746036707099887,0.9450856291883841,618090000.0,0.25956768711669675,255385500.0,腾讯控股,B
00700,2025-03-12,DAILY_PULLBACK,0,0,1,0,0,100.0,0.6104008526249174,0.9348473566641846,-551270000.0,-0.821228939608291,246690500.0,腾讯控股,B
00700,2025-03-13,DAILY_PULLBACK,0,0,1,0,0,100.0,0.6141515861715373,0.926470588235294,-538870000.0,-0.8029392827643416,63884000.0,腾讯控股,B
00700,2025-03-14,DAILY_NEUTRAL,0,0,0,0,0,100.0,0.9026471903844748,0.9525316455696201,1316910000.0,0.9075857099196886,-905905500.0,腾讯控股,B
00700,2025-03-17,DAILY_PULLBACK,0,0,1,0,0,66.66666666666666,0.7158389985044334,0.9581161578555473,-395920000.0,-0.6679853686406052,-391624500.0,腾讯控股,B
00700,2025-03-18,DAILY_PULLBACK,0,0,1,0,0,66.66666666666666,1.184345762463055,0.9888309754281459,1729480000.0,1.2633230509266724,-386909000.0,腾讯控股,B
00700,2025-03-19,DAILY_NEUTRAL,0,0,0,0,0,100.0,1.114347084377012,0.986969471332837,-183910000.0,-0.49291759750873604,-118454000.0,腾讯控股,B
00700,2025-03-20,DAILY_PULLBACK,0,0,1,0,0,100.0,1.7143157068698753,0.9488086373790021,-1683020000.0,-1.8283222308604836,-56317000.0,腾讯控股,B
00700,2025-03-21,DAILY_PULLBACK,0,0,1,0,0,100.0,1.2585248232392736,0.93391660461653,-1089490000.0,-1.2330475864062698,-191222500.0,腾讯控股,B
00700,2025-03-24,DAILY_PULLBACK,0,0,1,0,0,100.0,0.6854040294260677,0.9367088607594936,328250000.0,0.024497236399330834,-433303000.0,腾讯控股,B
00700,2025-03-25,DAILY_DECLINE,0,0,0,0,1,33.33333333333333,0.7624411198691055,0.9162323157110944,-447440000.0,-0.6382934306763396,-353958000.0,腾讯控股,B
00700,2025-03-26,DAILY_DECLINE,0,0,0,0,1,33.33333333333333,0.49163090246745483,0.924609084139985,-100960000.0,-0.33458150890073945,-797544000.0,腾讯控股,B
00700,2025-03-27,DAILY_DECLINE,0,0,0,0,1,33.33333333333333,0.5438815813831624,0.9292628443782576,7930000.0,-0.24130277352794027,-747152500.0,腾讯控股,B
00700,2025-03-28,DAILY_DECLINE,0,0,0,0,1,33.33333333333333,0.7178716088969658,0.930193596425912,-773350000.0,-0.9133189157126749,-441250000.0,腾讯控股,B
00700,2025-03-31,DAILY_DECLINE,0,0,0,0,1,0.0,1.324446875315647,0.9069247952345494,-545650000.0,-0.7028518569535865,-341427000.0,腾讯控股,B
00700,2025-04-01,DAILY_DECLINE,0,0,0,0,1,0.0,0.8930072436757281,0.9199553239017125,126300000.0,-0.11980626710978458,-492784500.0,腾讯控股,B
00700,2025-04-02,DAILY_DECLINE,0,0,0,0,1,0.0,0.7049361421203673,0.9199553239017125,-201730000.0,-0.40066589162961846,-365764500.0,腾讯控股,B
00700,2025-04-03,DAILY_DECLINE,0,0,0,0,1,0.0,1.490911073992394,0.9084139985107966,-299660000.0,-0.4814001728237045,-333709000.0,腾讯控股,B
00700,2025-04-07,DAILY_DECLINE,0,0,0,0,1,0.0,5.62707817725092,0.7922561429635145,-1680790000.0,-1.6477721950648605,-145244000.0,腾讯控股,B
00700,2025-04-08,DAILY_DECLINE,0,0,0,0,1,0.0,1.518756444209504,0.804559043348281,-231600000.0,-0.3812292238702543,-270340000.0,腾讯控股,B
00700,2025-04-09,DAILY_NEUTRAL,0,0,0,0,0,0.0,1.3219146011784058,0.8060538116591928,908670000.0,0.5696246540174275,-227661000.0,腾讯控股,B
00700,2025-04-10,DAILY_DECLINE,0,0,0,0,1,0.0,0.9683828599601197,0.8127802690582959,38890000.0,-0.15433681636509214,-85716000.0,腾讯控股,B
00700,2025-04-11,DAILY_NEUTRAL,0,0,0,0,0,0.0,0.6812313975946386,0.8101644245142002,814700000.0,0.47958922512370405,-67100000.0,腾讯控股,B
00700,2025-04-14,DAILY_NEUTRAL,0,0,0,0,0,0.0,0.42222610662620474,0.8299701046337816,358060000.0,0.09102560067457129,88093500.0,腾讯控股,B
00700,2025-04-15,DAILY_DECLINE,0,0,0,0,1,0.0,0.38005910866426645,0.8337070254110612,-208910000.0,-0.3856655521573409,543806000.0,腾讯控股,B
00700,2025-04-16,DAILY_DECLINE,0,0,0,0,1,0.0,0.6168485372420404,0.8187593423019431,68060000.0,-0.15229976019605299,538993500.0,腾讯控股,B
00700,2025-04-17,DAILY_NEUTRAL,0,0,0,0,0,0.0,0.6713818235433376,0.8374439461883407,677570000.0,0.3468192633794261,453942500.0,腾讯控股,B
00700,2025-04-22,DAILY_NEUTRAL,0,0,0,0,0,33.33333333333333,0.8068962557987219,0.8482680722891566,308737240.0,0.0340002321939831,538604500.0,腾讯控股,B
00700,2025-04-23,DAILY_NEUTRAL,0,0,0,0,0,33.33333333333333,1.0677701050982777,0.8996512979465322,383900000.0,0.10150408789869289,337824086.0,腾讯控股,B
00700,2025-04-24,DAILY_NEUTRAL,0,0,0,0,0,33.33333333333333,0.7681994862897752,0.9084104786291117,285020000.0,0.015729101397802866,269322586.0,腾讯控股,B
00700,2025-04-25,DAILY_ACCUMULATION,0,0,0,1,0,66.66666666666666,1.1804786982601285,0.9244128675745017,564370000.0,0.2429264178915643,370270086.0,腾讯控股,B
00700,2025-04-28,DAILY_NEUTRAL,0,0,0,0,0,66.66666666666666,0.5603474232280973,0.9244128675745017,178220000.0,-0.09375467257225334,418941586.0,腾讯控股,B
00700,2025-04-29,DAILY_NEUTRAL,0,0,0,0,0,66.66666666666666,0.7273800953933823,0.9141503848431024,-19710000.0,-0.2539421003487715,305112586.0,腾讯控股,B
00700,2025-04-30,DAILY_NEUTRAL,0,0,0,0,0,100.0,0.7303398578196716,0.9224393132030787,-31640000.0,-0.2606149828490118,240805138.0,腾讯控股,B
00700,2025-05-02,DAILY_NEUTRAL,0,0,0,0,0,100.0,0.7107704147720608,0.9527606139126968,221590000.0,-0.0485621342857476,120611638.0,腾讯控股,B
00700,2025-05-06,DAILY_NEUTRAL,0,0,0,0,0,100.0,1.1325371608571275,0.9679091090293005,412920000.0,0.10713183824882991,69563638.0,腾讯控股,B
00700,2025-05-07,DAILY_NEUTRAL,0,0,0,0,0,100.0,1.6307948578750315,0.9615384615384616,-26693080.0,-0.25274949113766043,24942638.0,腾讯控股,B
00700,2025-05-08,DAILY_NEUTRAL,0,0,0,0,0,100.0,1.0966023376109908,0.976986191715029,371160000.0,0.0864868297544744,-24791824.0,腾讯控股,B
00700,2025-05-09,DAILY_NEUTRAL,0,0,0,0,0,100.0,0.7344050133264806,0.9701821092655594,148550000.0,-0.10290223537176549,19841176.0,腾讯控股,B
00700,2025-05-12,DAILY_BREAKOUT,1,0,0,0,0,100.0,1.9426320871599183,1.016009605763458,2480000000.0,1.8908201494444952,-35587824.0,腾讯控股,B
00700,2025-05-13,DAILY_NEUTRAL,0,0,0,0,0,100.0,1.006355230135405,0.9697088137580614,-386470000.0,-0.553496427916209,280514176.0,腾讯控股,B
00700,2025-05-14,DAILY_ACCUMULATION,0,0,0,1,0,100.0,1.027901044169861,0.9990228649599374,1438480000.0,0.9485768494538301,185393176.0,腾讯控股,B
00700,2025-05-15,DAILY_DISTRIBUTION,0,1,0,0,0,100.0,1.403454041953063,0.9970685948798124,-148900000.0,-0.36109865765027144,408448292.0,腾讯控股,B
00700,2025-05-16,DAILY_PULLBACK,0,0,1,0,0,100.0,0.8215593964741583,0.9626579854461891,-150460000.0,-0.3470526933780865,352616292.0,腾讯控股,B
00700,2025-05-19,DAILY_ACCUMULATION,0,0,0,1,0,100.0,0.8172661117124496,0.9741478360781308,721590000.0,0.47477055870813617,318240292.0,腾讯控股,B
00700,2025-05-20,DAILY_NEUTRAL,0,0,0,0,0,100.0,0.6367495025110063,0.9798927613941018,792770000.0,0.5164043388349162,-79966708.0,腾讯控股,B
00700,2025-05-21,DAILY_ACCUMULATION,0,0,0,1,0,100.0,0.8109478053570174,0.9865951742627346,1018000000.0,0.7844181686965361,119645792.0,腾讯控股,B
00700,2025-05-22,DAILY_NEUTRAL,0,0,0,0,0,100.0,0.6415165913973924,0.97893527384144,-319390000.0,-0.5207934818506583,18528292.0,腾讯控股,B
00700,2025-05-23,DAILY_NEUTRAL,0,0,0,0,0,100.0,0.8763207256228164,0.9818077364994255,-3410000.0,-0.20948899482723227,15836654.0,腾讯控股,B
00700,2025-05-26,DAILY_PULLBACK,0,0,1,0,0,100.0,0.985351968821536,0.9664879356568363,-26830000.0,-0.19220222441675577,64612154.0,腾讯控股,B
00700,2025-05-27,DAILY_PULLBACK,0,0,1,0,0,100.0,0.9077830359537609,0.9703178858674836,316150000.0,0.15698389563515205,-69479346.0,腾讯控股,B
00700,2025-05-28,DAILY_PULLBACK,0,0,1,0,0,66.66666666666666,1.0284783676965537,0.9588280352355418,191880000.0,0.006828056152141056,-152392346.0,腾讯控股,B
00700,2025-05-29,DAILY_PULLBACK,0,0,1,0,0,66.66666666666666,1.2161366414630996,0.9674454232094982,485540000.0,0.3317793016008306,-318299346.0,腾讯控股,B
00700,2025-05-30,DAILY_DECLINE,0,0,0,0,1,33.33333333333333,1.6692966170284118,0.9438912294140175,95340000.0,-0.1117332658921457,-182575846.0,腾讯控股,B
00700,2025-06-02,DAILY_NEUTRAL,0,0,0,0,0,33.33333333333333,0.6763812007193777,0.9442742244350824,215130000.0,0.01629311184338784,-169174846.0,腾讯控股,B
00700,2025-06-03,DAILY_NEUTRAL,0,0,0,0,0,33.33333333333333,0.7893467543922913,0.9569130601302182,449400000.0,0.2665333269184135,-120459846.0,腾讯控股,B
00700,2025-06-04,DAILY_NEUTRAL,0,0,0,0,0,33.33333333333333,0.9970751628430503,0.9703178858674836,-80470000.0,-0.31276091452383203,-95633846.0,腾讯控股,B
00700,2025-06-05,DAILY_NEUTRAL,0,0,0,0,0,33.33333333333333,1.0311510184282868,0.9760628111834545,597630000.0,0.44495921736836536,-147415000.0,腾讯控股,B
00700,2025-06-06,DAILY_NEUTRAL,0,0,0,0,0,66.66666666666666,0.7011123461855555,0.9760628111834545,285610000.0,0.23318439204175936,-136320500.0,腾讯控股,B
00700,2025-06-09,DAILY_NEUTRAL,0,0,0,0,0,66.66666666666666,1.1765500637459654,0.9818077364994255,1004230000.0,1.250739860550179,-105119500.0,腾讯控股,B
00700,2025-06-10,DAILY_ACCUMULATION,0,0,0,1,0,66.66666666666666,1.0150060628715816,0.973190348525469,322070000.0,0.227580910174716,126489000.0,腾讯控股,B
00700,2025-06-11,DAILY_ACCUMULATION,0,0,0,1,0,66.66666666666666,0.8559560989364152,0.9818077364994255,527690000.0,0.5321967585555927,65596000.0,腾讯控股,B
00700,2025-06-12,DAILY_NEUTRAL,0,0,0,0,0,33.33333333333333,0.8075246139480795,0.9664879356568363,38220000.0,-0.20157217598763486,232767500.0,腾讯控股,B
00700,2025-06-13,DAILY_NEUTRAL,0,0,0,0,0,33.33333333333333,1.2423627988317332,0.9720724191063173,251510000.0,0.09526586484472975,111529500.0,腾讯控股,B
00700,2025-06-16,DAILY_ACCUMULATION,0,0,0,1,0,33.33333333333333,0.8328014358555446,0.9711093990755006,411490000.0,0.3645865858228537,84611000.0,腾讯控股,B
00700,2025-06-17,DAILY_PULLBACK,0,0,1,0,0,66.66666666666666,0.7381364295865601,0.9788135593220338,-87260000.0,-0.40695969953063443,-18432000.0,腾讯控股,B
00700,2025-06-18,DAILY_DECLINE,0,0,0,0,1,33.33333333333333,1.0467407554153265,0.9682203389830507,62300000.0,-0.1420779834452675,-56296500.0,腾讯控股,B
00700,2025-06-19,DAILY_DECLINE,0,0,0,0,1,33.33333333333333,1.328853546132307,0.955400426604615,-34530000.0,-0.3026939318256525,-101589500.0,腾讯控股,B
00700,2025-06-20,DAILY_DECLINE,0,0,0,0,1,33.33333333333333,1.3057205919547386,0.969943765755284,-205350000.0,-0.6679191142220257,-130382500.0,腾讯控股,B
00700,2025-06-23,DAILY_DECLINE,0,0,0,0,1,0.0,0.8852075179376898,0.9670350979251502,181420000.0,-0.030091232981045806,-211657500.0,腾讯控股,B
00700,2025-06-24,DAILY_NEUTRAL,0,0,0,0,0,33.33333333333333,1.097188836358618,0.9777002133023074,894980000.0,1.248485221923689,-268084000.0,腾讯控股,B
00700,2025-06-25,DAILY_NEUTRAL,0,0,0,0,0,33.33333333333333,1.0085187909437754,0.983517548962575,440000000.0,0.3955834424980498,-100577500.0,腾讯控股,B
00700,2025-06-26,DAILY_NEUTRAL,0,0,0,0,0,66.66666666666666,0.8368629770818271,0.9844871049059529,-10080000.0,-0.42389828403444235,-37443500.0,腾讯控股,B
00700,2025-06-27,DAILY_NEUTRAL,0,0,0,0,0,66.66666666666666,0.8905548596407359,0.9844871049059529,315550000.0,0.15828533396534117,-7772500.0,腾讯控股,B
00700,2025-06-30,DAILY_NEUTRAL,0,0,0,0,0,33.33333333333333,1.1569760138400027,0.9650959860383943,181130000.0,-0.11745095606560074,85397000.0,腾讯控股,B
00700,2025-07-02,DAILY_NEUTRAL,0,0,0,0,0,33.33333333333333,1.083416658572215,0.9621873182082605,285650000.0,0.05326064580426174,87039000.0,腾讯控股,B
00700,2025-07-03,DAILY_NEUTRAL,0,0,0,0,0,33.33333333333333,1.1224405799593498,0.9612177622648825,90360000.0,-0.31723811052723155,-26639500.0,腾讯控股,B
00700,2025-07-04,DAILY_NEUTRAL,0,0,0,0,0,0.0,0.8541427708022508,0.953073492340508,529070000.0,0.4976015053411049,-105109000.0,腾讯控股,B
00700,2025-07-07,DAILY_DECLINE,0,0,0,0,1,0.0,0.6805031763714889,0.9631568741516384,104277030.0,-0.33055951056709365,6149000.0,腾讯控股,B
00700,2025-07-08,DAILY_DECLINE,0,0,0,0,1,0.0,0.8040673565862884,0.9680046538685281,-46300000.0,-0.7693606999285786,-27038945.5,腾讯控股,B
00700,2025-07-09,DAILY_DECLINE,0,0,0,0,1,0.0,1.1628765082962362,0.9564795026228871,-385870000.0,-1.523015926106128,-19998445.5,腾讯控股,B
00700,2025-07-10,DAILY_DECLINE,0,0,0,0,1,0.0,0.9202945408221093,0.958260191144919,86400000.0,-0.44245504343553416,-118905445.5,腾讯控股,B
00700,2025-07-11,DAILY_NEUTRAL,0,0,0,0,0,0.0,1.3479190306853577,0.958260191144919,459660000.0,0.3681628597439195,-97632945.5,腾讯控股,B
00700,2025-07-14,DAILY_DECLINE,0,0,0,0,1,0.0,0.7712299425847088,0.9696197569580557,-381950000.0,-1.4661469360008388,-132586945.5,腾讯控股,B
00700,2025-07-15,DAILY_BREAKOUT,1,0,0,0,0,66.66666666666666,1.8067608446993,1.004904845987836,1198880000.0,2.0028961144431348,-198159351.5,腾讯控股,B
00700,2025-07-16,DAILY_DISTRIBUTION,0,1,0,0,0,66.66666666666666,1.2884110574846388,0.9970743124634288,485390000.0,0.4005456468427487,11507148.5,腾讯控股,B
00700,2025-07-17,DAILY_NEUTRAL,0,0,0,0,0,66.66666666666666,0.7179459479993818,0.9827155751872478,-115920000.0,-0.8850717915089819,157126648.5,腾讯控股,B
00700,2025-07-18,DAILY_NEUTRAL,0,0,0,0,0,100.0,0.7225562402996926,0.9865565584789706,113710000.0,-0.371323484916279,125573648.5,腾讯控股,B
00700,2025-07-21,DAILY_NEUTRAL,0,0,0,0,0,100.0,0.7380678314655852,0.9913577875936239,192810000.0,-0.19716778069061094,48971648.5,腾讯控股,B
00700,2025-07-22,DAILY_ACCUMULATION,0,0,0,1,0,100.0,0.9618913249811356,1.0,954140000.0,1.4158215664696796,144015648.5,腾讯控股,B
00700,2025-07-23,DAILY_BREAKOUT,1,0,0,0,0,100.0,2.862824183496589,1.0499327827923948,4270000000.0,8.251491229652792,56431648.5,腾讯控股,B
00700,2025-07-24,DAILY_NEUTRAL,0,0,0,0,0,100.0,1.1499630038640494,1.009145783793671,-40760000.0,-0.5639512500242282,644602648.5,腾讯控股,B
00700,2025-07-25,DAILY_NEUTRAL,0,0,0,0,0,100.0,0.8603109735769519,0.98287362538309,-236790000.0,-0.8356161713727865,683672648.5,腾讯控股,B
00700,2025-07-28,DAILY_NEUTRAL,0,0,0,0,0,100.0,0.6024209738037996,0.991887506760411,208700000.0,-0.19791078161194137,624908148.5,腾讯控股,B
00700,2025-07-29,DAILY_NEUTRAL,0,0,0,0,0,100.0,0.6844452246101181,0.9909861186226789,57680000.0,-0.41791336902162557,633428648.5,腾讯控股,B
00700,2025-07-30,DAILY_PULLBACK,0,0,1,0,0,100.0,0.7914665704518558,0.9801694609698937,-346980000.0,-0.9860430636350079,460309148.5,腾讯控股,B
00700,2025-07-31,DAILY_PULLBACK,0,0,1,0,0,100.0,1.0771858245031467,0.9819722372453579,711680000.0,0.5254069022954618,-431455351.5,腾讯控股,B
00700,2025-08-01,DAILY_PULLBACK,0,0,1,0,0,100.0,1.162347468303568,0.9549305931133947,-1054680000.0,-1.971068338798692,-312033351.5,腾讯控股,B
00700,2025-08-04,DAILY_PULLBACK,0,0,1,0,0,66.66666666666666,0.9370109199446292,0.9819722372453579,571070000.0,0.33352438635014997,-396423851.5,腾讯控股,B
00700,2025-08-05,DAILY_PULLBACK,0,0,1,0,0,66.66666666666666,0.911057057961928,0.9981972237245358,28080000.0,-0.41449340351563246,-347289500.0,腾讯控股,B
00700,2025-08-06,DAILY_PULLBACK,0,0,1,0,0,66.66666666666666,1.083359702735987,1.015323598341446,584210000.0,0.429533319402605,-356928500.0,腾讯控股,B
00700,2025-08-07,DAILY_NEUTRAL,0,0,0,0,0,100.0,0.8724771724894723,0.9946874446608819,-477990000.0,-1.1642847029193033,-219194500.0,腾讯控股,B
00700,2025-08-08,DAILY_PULLBACK,0,0,1,0,0,100.0,0.7110095066960385,0.980589377095465,-198020000.0,-0.7119867511508406,-428909000.0,腾讯控股,B
00700,2025-08-11,DAILY_PULLBACK,0,0,1,0,0,100.0,0.6881174021604307,0.980589377095465,370890000.0,0.14311006433972112,-224693000.0,腾讯控股,B
00700,2025-08-12,DAILY_PULLBACK,0,0,1,0,0,100.0,0.8629339846715373,0.9779424739721193,87820000.0,-0.2954775528642104,-302371000.0,腾讯控股,B
00700,2025-08-13,DAILY_BREAKOUT,1,0,0,0,0,100.0,2.454026639511056,1.0247044291512264,4850000000.0,6.90827020701448,-234870000.0,腾讯控股,B
00700,2025-08-14,DAILY_BREAKOUT,1,0,0,0,0,100.0,1.9440947106327389,1.0068882383330464,-109760000.0,-0.5091350620395113,400057500.0,腾讯控股,B
00700,2025-08-15,DAILY_NEUTRAL,0,0,0,0,0,100.0,0.9824975959531205,0.986547839246679,186500000.0,-0.15391058198476837,473395500.0,腾讯控股,B
00700,2025-08-18,DAILY_NEUTRAL,0,0,0,0,0,100.0,0.7225225802040506,0.9781402387758533,-112160000.0,-0.5038223717411277,546660000.0,腾讯控股,B
00700,2025-08-19,DAILY_NEUTRAL,0,0,0,0,0,100.0,0.6413912439799713,0.9873885992937615,198720000.0,-0.14807346537971758,465298500.0,腾讯控股,B
00700,2025-08-20,DAILY_NEUTRAL,0,0,0,0,0,100.0,0.6132719195869919,0.9840255591054313,-100310000.0,-0.4927011098428426,525249500.0,腾讯控股,B
00700,2025-08-21,DAILY_NEUTRAL,0,0,0,0,0,100.0,0.6590250048958168,0.9882293593408441,-253270000.0,-0.6574816635103415,-246297000.0,腾讯控股,B
00700,2025-08-22,DAILY_NEUTRAL,0,0,0,0,0,100.0,1.121857183871738,1.0,288190000.0,-0.03422695270094178,-264373500.0,腾讯控股,B
00700,2025-08-25,DAILY_BREAKOUT,1,0,0,0,0,100.0,1.5372679434296346,1.0133067198935461,356900000.0,0.047248180607672656,-270284500.0,腾讯控股,B
00700,2025-08-26,DAILY_NEUTRAL,0,0,0,0,0,100.0,1.1266034560058684,0.9813220724378756,30730000.0,-0.3269994068360732,-183882500.0,腾讯控股,B
00700,2025-08-27,DAILY_PULLBACK,0,0,1,0,0,100.0,1.107781733269957,0.9642683124898489,-20960000.0,-0.3817518053928149,-216133000.0,腾讯控股,B
00700,2025-08-28,DAILY_PULLBACK,0,0,1,0,0,100.0,1.0718609185819887,0.9561474744193601,188920000.0,-0.13527599593477976,-216564000.0,腾讯控股,B
00700,2025-08-29,DAILY_PULLBACK,0,0,1,0,0,100.0,0.8387293621131143,0.9602078934546046,180320000.0,-0.15029691362212652,-101988000.0,腾讯控股,B
00700,2025-09-01,DAILY_NEUTRAL,0,0,0,0,0,100.0,0.7418457034427682,0.9740133181744356,-57050000.0,-0.41142716920244415,-185312000.0,腾讯控股,B
00700,2025-09-02,DAILY_PULLBACK,0,0,1,0,0,66.66666666666666,0.7568618912813153,0.9667045639109956,-98550000.0,-0.45133488199086214,-236696000.0,腾讯控股,B
00700,2025-09-03,DAILY_PULLBACK,0,0,1,0,0,66.66666666666666,0.8438993816555602,0.9634562286828001,-129900000.0,-0.467819356870812,-256220500.0,腾讯控股,B
00700,2025-09-04,DAILY_PULLBACK,0,0,1,0,0,66.66666666666666,1.043848112747698,0.9537112229982134,-142680000.0,-0.4729277587300282,-242303000.0,腾讯控股,B
00700,2025-09-05,DAILY_PULLBACK,0,0,1,0,0,66.66666666666666,1.153990311481005,0.9748254019814845,228040000.0,-0.039968517350503566,-325388500.0,腾讯控股,B
00700,2025-09-08,DAILY_NEUTRAL,0,0,0,0,0,100.0,1.3087831436877175,0.9943154133506578,299160000.0,0.03700126113419843,-337147500.0,腾讯控股,B
00700,2025-09-09,DAILY_NEUTRAL,0,0,0,0,0,100.0,1.113879892367758,1.0097450056845867,398870000.0,0.1490672292311125,-262319000.0,腾讯控股,B
00700,2025-09-10,DAILY_NEUTRAL,0,0,0,0,0,100.0,1.018080161742202,1.008832503613297,-432270000.0,-0.7923611821339687,-178387500.0,腾讯控股,B
00700,2025-09-11,DAILY_NEUTRAL,0,0,0,0,0,100.0,0.928800710141818,0.9850086791857345,-197480000.0,-0.5177992556447416,25252000.0,腾讯控股,B
00700,2025-09-12,DAILY_NEUTRAL,0,0,0,0,0,100.0,1.058927497633151,1.007101151964652,-167170000.0,-0.4778315576898144,18678000.0,腾讯控股,B
00700,2025-09-15,DAILY_NEUTRAL,0,0,0,0,0,100.0,0.8197707700233224,0.9914556470405469,166830000.0,-0.09899075201383613,-42680500.0,腾讯控股,B
00700,2025-09-16,DAILY_NEUTRAL,0,0,0,0,0,100.0,0.7064888978579672,0.9937859251203977,-231830000.0,-0.5558360514532731,-83096000.0,腾讯控股,B
00700,2025-09-17,DAILY_NEUTRAL,0,0,0,0,0,100.0,1.2716163215260026,1.0186277553554797,1868750000.0,1.8165040117908298,-187708500.0,腾讯控股,B
00700,2025-09-18,DAILY_PULLBACK,0,0,1,0,0,100.0,1.647213552214101,0.9673351564873899,-501080000.0,-0.8482501816691892,174042500.0,腾讯控股,B
00700,2025-09-19,DAILY_PULLBACK,0,0,1,0,0,100.0,1.0116482457574156,0.966626213592233,-61090000.0,-0.3452460966524077,125713000.0,腾讯控股,B
00700,2025-09-22,DAILY_PULLBACK,0,0,1,0,0,100.0,0.6270770344265855,0.9643507281553398,48080000.0,-0.2248788785629728,164393000.0,腾讯控股,B
00700,2025-09-23,DAILY_PULLBACK,0,0,1,0,0,100.0,0.7693942301580615,0.9560072815533981,-227450000.0,-0.5209929786641903,156084000.0,腾讯控股,B
00700,2025-09-24,DAILY_PULLBACK,0,0,1,0,0,66.66666666666666,0.9098717218584558,0.9757281553398058,-294610000.0,-0.5856358276200574,169869000.0,腾讯控股,B
00700,2025-09-25,DAILY_PULLBACK,0,0,1,0,0,66.66666666666666,0.8921497488695259,0.978003640776699,79340000.0,-0.16691300792217878,-249120500.0,腾讯控股,B
00700,2025-09-26,DAILY_PULLBACK,0,0,1,0,0,66.66666666666666,1.1497388644991295,0.9689016990291263,-788540000.0,-1.1102339128663758,-127557500.0,腾讯控股,B
00700,2025-09-29,DAILY_NEUTRAL,0,0,0,0,0,100.0,1.2265854930835063,0.9931735436893204,726280000.0,0.5553668348989892,-224604500.0,腾讯控股,B
00700,2025-09-30,DAILY_NEUTRAL,0,0,0,0,0,100.0,1.1310524304571463,0.9977245145631068,367400000.0,0.15722561914885025,-128131000.0,腾讯控股,B
00700,2025-10-02,DAILY_NEUTRAL,0,0,0,0,0,100.0,0.8886089362100785,1.0151240169388989,246770000.0,0.0201980356918393,-32458500.0,腾讯控股,B
00700,2025-10-03,DAILY_NEUTRAL,0,0,0,0,0,100.0,0.37450367872395784,0.9859819979341892,-83760000.0,-0.3478171979467876,56984000.0,腾讯控股,B
00700,2025-10-06,DAILY_NEUTRAL,0,0,0,0,0,100.0,0.4612059332908815,0.9918843145934779,-107060000.0,-0.3696095832225624,21418000.0,腾讯控股,B
00700,2025-10-08,DAILY_NEUTRAL,0,0,0,0,0,100.0,0.7200803100366369,0.9881953666814225,-294260000.0,-0.560950523617774,174469000.0,腾讯控股,B
00700,2025-10-09,DAILY_PULLBACK,0,0,1,0,0,100.0,1.1427995030685365,0.9889331562638336,72610000.0,-0.167312599137116,32000.0,腾讯控股,B
00700,2025-10-10,DAILY_NEUTRAL,0,0,0,0,0,66.66666666666666,1.7433781653402491,0.953519256308101,-443080000.0,-0.7099801350988203,-42613000.0,腾讯控股,B
00700,2025-10-13,DAILY_NEUTRAL,0,0,0,0,0,66.66666666666666,3.1754316318315325,0.9350745167478235,144830000.0,-0.05277866210196053,-180042500.0,腾讯控股,B
00700,2025-10-14,DAILY_DECLINE,0,0,0,0,1,33.33333333333333,1.4766186127102168,0.908514091781024,-2190000.0,-0.21725473312566543,-151440000.0,腾讯控股,B
00700,2025-10-15,DAILY_NEUTRAL,0,0,0,0,0,33.33333333333333,0.8377081933091021,0.9173675667699572,374400000.0,0.19386376508031924,-138715000.0,腾讯控股,B
00700,2025-10-16,DAILY_DECLINE,0,0,0,0,1,33.33333333333333,0.607631125527349,0.9070385126162018,-206490000.0,-0.440090142418246,-15361500.0,腾讯控股,B
00700,2025-10-17,DAILY_DECLINE,0,0,0,0,1,0.0,0.7946125134775593,0.8893315626383356,-309590000.0,-0.5333020620017999,-72448500.0,腾讯控股,B
00700,2025-10-20,DAILY_DECLINE,0,0,0,0,1,0.0,0.644244611765958,0.9181053563523683,-123440000.0,-0.30404257551654856,63166500.0,腾讯控股,B
00700,2025-10-21,DAILY_NEUTRAL,0,0,0,0,0,0.0,0.7612617359940775,0.9225320938468349,117420000.0,0.020868517062392688,-9369500.0,腾讯控股,B
00700,2025-10-22,DAILY_DECLINE,0,0,0,0,1,0.0,0.6201777348725281,0.9122030396930796,70050000.0,-0.050645499762323846,5627000.0,腾讯控股,B
00700,2025-10-23,DAILY_DECLINE,0,0,0,0,1,0.0,0.8617990367883991,0.9262210417588904,-183090000.0,-0.3875857489430516,-56341500.0,腾讯控股,B
00700,2025-10-24,DAILY_NEUTRAL,0,0,0,0,0,33.33333333333333,0.8546276198479518,0.9328611480005903,-359210000.0,-0.6180178315433682,-53879500.0,腾讯控股,B
00700,2025-10-27,DAILY_NEUTRAL,0,0,0,0,0,66.66666666666666,1.2626847561365855,0.9601593625498008,136920000.0,0.0478740233371088,-60573500.0,腾讯控股,B
00700,2025-10-28,DAILY_NEUTRAL,0,0,0,0,0,33.33333333333333,1.2610291793813229,0.9439279917367567,745320000.0,0.8819206758946281,-11380500.0,腾讯控股,B
00700,2025-10-30,DAILY_ACCUMULATION,0,0,0,1,0,66.66666666666666,1.631279831489406,0.9527814667256899,1060460000.0,1.2854202102491679,37506500.0,腾讯控股,B
00700,2025-10-31,DAILY_ACCUMULATION,0,0,0,1,0,33.33333333333333,1.3102412672518988,0.9203187250996016,739920000.0,0.82654580040409,218879500.0,腾讯控股,B
00700,2025-11-03,DAILY_NEUTRAL,0,0,0,0,0,33.33333333333333,0.6685507744902246,0.9188431459347794,77620000.0,-0.08630071057361859,384855500.0,腾讯控股,B
00700,2025-11-04,DAILY_NEUTRAL,0,0,0,0,0,33.33333333333333,0.8676323305294147,0.9209982279976373,-258080000.0,-0.5288297659963838,480679000.0,腾讯控股,B
00700,2025-11-05,DAILY_DECLINE,0,0,0,0,1,0.0,0.7810036260911352,0.9209982279976373,-122530000.0,-0.3518023956965564,410395000.0,腾讯控股,B
00700,2025-11-06,DAILY_PULLBACK,0,0,1,0,0,66.66666666666666,0.7954664406207516,0.9452419712890336,27110000.0,-0.1506887126043252,237598500.0,腾讯控股,B
00700,2025-11-07,DAILY_PULLBACK,0,0,1,1,0,66.66666666666666,0.9053383326640149,0.9304425040698535,393830000.0,0.3549840845758205,14860000.0,腾讯控股,B
00700,2025-11-10,DAILY_PULLBACK,0,0,1,0,0,66.66666666666666,1.0950750315530342,0.9706192556878107,430250000.0,0.39711366887375804,-70419000.0,腾讯控股,B
00700,2025-11-11,DAILY_NEUTRAL,0,0,0,0,0,100.0,0.9457658306022376,0.9787460148777896,-196900000.0,-0.6460533840740014,-43559500.0,腾讯控股,B
00700,2025-11-12,DAILY_NEUTRAL,0,0,0,0,0,100.0,1.0146462379978203,0.9893730074388948,736320000.0,1.6664036601202865,-14237000.0,腾讯控股,B
00700,2025-11-13,DAILY_DISTRIBUTION,0,1,0,0,0,100.0,1.2785239764063399,0.9878548656444512,690500000.0,1.4971662842653677,120607500.0,腾讯控股,B
00700,2025-11-14,DAILY_PULLBACK,0,0,1,1,0,100.0,1.388285413554874,0.9650827387277972,263900000.0,0.42578638579870837,237480500.0,腾讯控股,B
00700,2025-11-17,DAILY_ACCUMULATION,0,0,0,1,0,66.66666666666666,0.8784443328302713,0.958251100652801,250060000.0,0.3899160349298352,187975000.0,腾讯控股,B
00700,2025-11-18,DAILY_NEUTRAL,0,0,0,0,0,66.66666666666666,1.2094661047713635,0.9385152573250342,159900000.0,0.1617844766437055,123954500.0,腾讯控股,B
00700,2025-11-19,DAILY_ACCUMULATION,0,0,0,1,0,33.33333333333333,0.8356303372290285,0.9369971155305905,327990000.0,0.5482687156301324,181147500.0,腾讯控股,B
00700,2025-11-20,DAILY_DECLINE,0,0,0,0,1,33.33333333333333,0.8359853244845579,0.9347199028389251,-138340000.0,-0.5682253757804264,88953000.0,腾讯控股,B
00700,2025-11-21,DAILY_DECLINE,0,0,0,0,1,0.0,1.473212701644167,0.9180203431000455,-360430000.0,-1.0799894066304239,-66395500.0,腾讯控股,B
00700,2025-11-24,DAILY_NEUTRAL,0,0,0,0,0,0.0,1.326884499906263,0.9400333991194778,325960000.0,0.5716311851261936,-182394500.0,腾讯控股,B
00700,2025-11-25,DAILY_DECLINE,0,0,0,0,1,0.0,0.8007058446970305,0.9407924700166995,-334890000.0,-1.0053850035344467,-201473000.0,腾讯控股,B
00700,2025-11-26,DAILY_DECLINE,0,0,0,0,1,0.0,0.8109961507569842,0.9324426901472598,44110000.0,-0.08816955730607716,-276840500.0,腾讯控股,B
00700,2025-11-27,DAILY_DECLINE,0,0,0,0,1,0.0,0.8661999980454435,0.9202975557917109,-157190000.0,-0.5551937383699556,-298556000.0,腾讯控股,B
00700,2025-11-28,DAILY_NEUTRAL,0,0,0,0,0,0.0,0.7268920030436938,0.9231003502360287,142430000.0,0.15146563315499495,-241443500.0,腾讯控股,B
00700,2025-12-01,DAILY_DECLINE,0,0,0,0,1,0.0,0.7863411045698114,0.9352824729709152,-38580000.0,-0.28228095301325323,-110997000.0,腾讯控股,B
00700,2025-12-02,DAILY_DECLINE,0,0,0,0,1,0.0,0.8109386402976155,0.9314755596162632,78190000.0,-0.012006260864262083,-178095000.0,腾讯控股,B
00700,2025-12-03,DAILY_DECLINE,0,0,0,0,1,0.0,0.8180946615472314,0.9223389675650983,38340000.0,-0.11452335951987856,-112292500.0,腾讯控股,B
00700,2025-12-04,DAILY_NEUTRAL,0,0,0,0,0,0.0,1.201105957056959,0.923861732906959,541040000.0,1.07737335069714,-121490000.0,腾讯控股,B
00700,2025-12-05,DAILY_NEUTRAL,0,0,0,0,0,0.0,1.1498826228846295,0.9208162022232375,301440000.0,0.49950286599621424,-7540500.0,腾讯控股,B
00700,2025-12-08,DAILY_DECLINE,0,0,0,0,1,0.0,1.0312385836387263,0.9132023755139334,26920000.0,-0.13903301070557603,28881000.0,腾讯控股,B
00700,2025-12-09,DAILY_DECLINE,0,0,0,0,1,0.0,1.3235263389115652,0.9093954621592812,-304190000.0,-0.9450738018847166,62147500.0,腾讯控股,B
00700,2025-12-10,DAILY_NEUTRAL,0,0,0,0,0,0.0,1.0268823563277725,0.9129372231556439,833530000.0,1.754102542602716,-8964000.0,腾讯控股,B
00700,2025-12-11,DAILY_DECLINE,0,0,0,0,1,0.0,0.8257664625818745,0.9106460974492134,-92760000.0,-0.46661943317049226,145213500.0,腾讯控股,B
00700,2025-12-12,DAILY_ACCUMULATION,0,0,0,1,0,33.33333333333333,1.2255803620188912,0.9342205904849319,351000000.0,0.5698768531950831,57616500.0,腾讯控股,B
00700,2025-12-15,DAILY_DECLINE,0,0,0,0,1,0.0,0.9989163055460593,0.9380100439422473,-221110000.0,-0.7770255849919872,63173500.0,腾讯控股,B
00700,2025-12-16,DAILY_ACCUMULATION,0,0,0,1,0,0.0,1.029418233828884,0.9299984269309423,560010000.0,1.3097908618055818,37126000.0,腾讯控股,B
00700,2025-12-17,DAILY_ACCUMULATION,0,0,0,1,0,0.0,0.9726233873489943,0.9523582658408766,448750000.0,0.9660311787894469,189960500.0,腾讯控股,B
00700,2025-12-18,DAILY_NEUTRAL,0,0,0,0,0,33.33333333333333,0.6655103176015913,0.9523582658408766,171750000.0,0.18081418329326926,106966500.0,腾讯控股,B
00700,2025-12-19,DAILY_NEUTRAL,0,0,0,0,0,33.33333333333333,1.201086214022774,0.9666507860886137,-60280000.0,-0.458257651538537,144364000.0,腾讯控股,B
00700,2025-12-22,DAILY_NEUTRAL,0,0,0,0,0,66.66666666666666,0.9383329419569971,0.9674448149912657,-245110000.0,-0.9756677037148174,47100500.0,腾讯控股,B
00700,2025-12-23,DAILY_ACCUMULATION,0,0,0,1,0,33.33333333333333,1.0759928296860068,0.9475940924249643,462300000.0,0.9659984192712513,70854000.0,腾讯控股,B
00700,2025-12-24,DAILY_NEUTRAL,0,0,0,0,0,33.33333333333333,0.5069905071602988,0.9567792540419401,223390000.0,0.28891442974117454,11452500.0,腾讯控股,B
00700,2025-12-29,DAILY_NEUTRAL,0,0,0,0,0,33.33333333333333,1.429098938816617,0.95247301433865,312620000.0,0.5140961108366955,-42583500.0,腾讯控股,B
00700,2025-12-30,DAILY_NEUTRAL,0,0,0,0,0,0.0,0.9292360504155078,0.9581118092476236,229310000.0,0.30050806405547253,-37900000.0,腾讯控股,B
00700,2025-12-31,DAILY_ACCUMULATION,0,0,0,1,0,0.0,0.7865037599495741,0.9565007249879168,1253150000.0,3.342464970828004,15674000.0,腾讯控股,B
00700,2026-01-02,DAILY_PULLBACK,0,0,1,0,0,66.66666666666666,1.2296742593922372,0.9951667472208796,-60230000.0,-0.5506613870100606,250739500.0,腾讯控股,B
00700,2026-01-05,DAILY_DISTRIBUTION,0,1,0,0,0,100.0,1.5009498780286932,1.0,-683140000.0,-2.249151966955557,153154500.0,腾讯控股,B
00700,2026-01-06,DAILY_BREAKOUT,1,0,0,0,0,100.0,1.5282841280949904,1.0072265938654248,-158940000.0,-0.7658318372743674,7922500.0,腾讯控股,B
00700,2026-01-07,DAILY_NEUTRAL,0,0,0,0,0,100.0,1.2614801800664834,0.9778900821225521,-365160000.0,-1.3206191393710753,-51390500.0,腾讯控股,B
00700,2026-01-08,DAILY_PULLBACK,0,0,1,0,0,100.0,1.0127560800496302,0.9644662034112444,469190000.0,0.8886998164782238,-136954500.0,腾讯控股,B
00700,2026-01-09,DAILY_PULLBACK,0,0,1,0,0,100.0,0.8868109682045926,0.9565698041692988,556810000.0,1.0912669690645567,-315860000.0,腾讯控股,B
00700,2026-01-12,DAILY_NEUTRAL,0,0,0,0,0,100.0,1.3488511438370687,0.9755211623499684,488750000.0,0.8849501088123084,-235502000.0,腾讯控股,B
00700,2026-01-13,DAILY_NEUTRAL,0,0,0,0,0,100.0,1.1042573343759596,0.9826279216677195,-303290000.0,-1.1984966408561757,16115000.0,腾讯控股,B
00700,2026-01-14,DAILY_NEUTRAL,0,0,0,0,0,100.0,1.3073442927581218,0.9905317973804639,539820000.0,1.0121395944291025,-2228500.0,腾讯控股,B
00700,2026-01-15,DAILY_PULLBACK,0,0,1,0,0,66.66666666666666,1.119639057213313,0.9731734259113145,-443690000.0,-1.5504520417907253,169326500.0,腾讯控股,B
00700,2026-01-16,DAILY_PULLBACK,0,0,1,0,0,100.0,0.8284625259214089,0.9660722739466625,-353960000.0,-1.3034957493051722,-2120500.0,腾讯控股,B
00700,2026-01-19,DAILY_NEUTRAL,0,0,0,0,0,66.66666666666666,0.520050669977386,0.9542370206722424,-192370000.0,-0.872713180228572,-138576000.0,腾讯控股,B
00700,2026-01-20,DAILY_NEUTRAL,0,0,0,0,0,33.33333333333333,1.0772730187936337,0.9400347167429383,405820000.0,0.647442017747979,-242744000.0,腾讯控股,B
00700,2026-01-21,DAILY_NEUTRAL,0,0,0,0,0,33.33333333333333,0.7077788492628126,0.9424017673978223,425700000.0,0.681173906928414,-112625500.0,腾讯控股,B
00700,2026-01-22,DAILY_NEUTRAL,0,0,0,0,0,33.33333333333333,1.3532926777052097,0.934511598548209,260630000.0,0.24325195938536032,-159748500.0,腾讯控股,B
00700,2026-01-23,DAILY_NEUTRAL,0,0,0,0,0,0.0,0.9460685488097987,0.9305665141234023,589880000.0,1.0587126862480825,-44171500.0,腾讯控股,B
00700,2026-01-26,DAILY_ACCUMULATION,0,0,0,1,0,0.0,0.8727196024170939,0.9376676660880543,511780000.0,0.8330164887630992,138217500.0,腾讯控股,B
00700,2026-01-27,DAILY_ACCUMULATION,0,0,0,1,0,0.0,1.1470931727734515,0.9495029193624743,1087990000.0,2.322748519538348,264628000.0,腾讯控股,B
00700,2026-01-28,DAILY_ACCUMULATION,0,0,0,1,0,33.33333333333333,1.2334991401650146,0.9715953921413918,344670000.0,0.4238205275161625,362293500.0,腾讯控股,B
00700,2026-01-29,DAILY_ACCUMULATION,0,0,0,1,0,66.66666666666666,1.0133080642775059,0.9731734259113145,556740000.0,0.9962277817003846,340319500.0,腾讯控股,B
00700,2026-01-30,DAILY_NEUTRAL,0,0,0,0,0,33.33333333333333,0.9850147462259291,0.9479248855925517,-45980000.0,-0.5787245720031438,434362000.0,腾讯控股,B
00700,2026-02-02,DAILY_NEUTRAL,0,0,0,0,0,33.33333333333333,1.2541516389715888,0.9360896323181316,-529470000.0,-1.8432798439637146,306477500.0,腾讯控股,B
00700,2026-02-03,DAILY_NEUTRAL,0,0,0,0,0,33.33333333333333,2.6731012240858014,0.9084740413444847,-982570000.0,-2.930286254890969,90544000.0,腾讯控股,B
00700,2026-02-04,DAILY_NEUTRAL,0,0,0,0,0,0.0,1.8512680164442235,0.8721792646362633,310000000.0,0.35637865999579066,-282386500.0,腾讯控股,B
00700,2026-02-05,DAILY_NEUTRAL,0,0,0,0,0,0.0,2.004106044443907,0.8729682815212245,407620000.0,0.5916594378930494,-323078500.0,腾讯控股,B
00700,2026-02-06,DAILY_NEUTRAL,0,0,0,0,0,0.0,0.6963126998010154,0.8556099100520751,607640000.0,1.0673246119944868,-349824000.0,腾讯控股,B
00700,2026-02-09,DAILY_DECLINE,0,0,0,0,1,0.0,0.491828101513521,0.8753353321761086,-74860000.0,-0.5815098392496343,-221641500.0,腾讯控股,B
00700,2026-02-10,DAILY_DECLINE,0,0,0,0,1,0.0,0.5478819551325818,0.8611330282468045,-302450000.0,-1.1018709910099518,-102539000.0,腾讯控股,B
00700,2026-02-11,DAILY_NEUTRAL,0,0,0,0,0,0.0,0.5149959969828882,0.8570751737207833,675130000.0,1.2849947555859074,33443000.0,腾讯控股,B
00700,2026-02-12,DAILY_DECLINE,0,0,0,0,1,0.0,1.0252370697659197,0.845344387755102,-580270000.0,-1.7291827175512,99703500.0,腾讯控股,B
00700,2026-02-13,DAILY_NEUTRAL,0,0,0,0,0,0.0,0.8703471663045842,0.8431246998559309,505330000.0,0.8611380026755961,-91045500.0,腾讯控股,B
00700,2026-02-16,DAILY_NEUTRAL,0,0,0,0,0,0.0,0.24734914159357493,0.8515410682588349,295300000.0,0.35848774179825915,-154472000.0,腾讯控股,B
00700,2026-02-20,DAILY_DECLINE,0,0,0,0,1,0.0,0.8413744691080309,0.8337905438115217,84680000.0,-0.12580126175671863,-104823500.0,腾讯控股,B
00700,2026-02-23,DAILY_DECLINE,0,0,0,0,1,0.0,0.9299023427006381,0.8596094884621591,-329880000.0,-1.0941224165689036,-11340500.0,腾讯控股,B
00700,2026-02-24,DAILY_DECLINE,0,0,0,0,1,0.0,1.5389069509336153,0.830563175730192,-981370000.0,-2.6063820462761997,-174563500.0,腾讯控股,B
00700,2026-02-25,DAILY_NEUTRAL,0,0,0,0,0,0.0,1.0039173445943406,0.8345973858318542,196060000.0,0.16365077107877468,-192683500.0,腾讯控股,B
00700,2026-02-26,DAILY_DECLINE,0,0,0,0,1,0.0,1.1645799825636365,0.8176537034048732,-123600000.0,-0.5638293985604251,-234846500.0,腾讯控股,B
00700,2026-02-27,DAILY_NEUTRAL,0,0,0,0,0,0.0,1.2588461209010642,0.8273358076488624,757370000.0,1.3937667350504102,-286857500.0,腾讯控股,B
00700,2026-03-02,DAILY_NEUTRAL,0,0,0,0,0,0.0,1.1094011721772994,0.8208810714862029,308970000.0,0.36295165344215335,-135788500.0,腾讯控股,B
00700,2026-03-03,DAILY_DECLINE,0,0,0,0,1,0.0,0.9273956209538471,0.815233177343876,-131170000.0,-0.6047634483330052,-6233500.0,腾讯控股,B
00700,2026-03-04,DAILY_DECLINE,0,0,0,0,1,0.0,1.1874841956402846,0.8152067730380983,-676810000.0,-1.7899811852112377,198202000.0,腾讯控股,B
00700,2026-03-05,DAILY_DECLINE,0,0,0,0,1,0.0,0.8042570926055892,0.8289385847797062,-403920000.0,-1.137718834230118,55169500.0,腾讯控股,B
00700,2026-03-06,DAILY_DECLINE,0,0,0,0,1,0.0,1.030289541505805,0.8616236162361623,61820000.0,-0.1312403421444713,-7172000.0,腾讯控股,B
00700,2026-03-09,DAILY_DECLINE,0,0,0,0,1,0.0,1.078711586113347,0.8972241742796907,-483370000.0,-1.2689781514608838,-198501500.0,腾讯控股,B
00700,2026-03-10,DAILY_NEUTRAL,0,0,0,0,0,66.66666666666666,1.981114038910173,0.9777064383805957,-36300000.0,-0.291701587212392,-317301000.0,腾讯控股,B
00700,2026-03-11,DAILY_NEUTRAL,0,0,0,0,0,66.66666666666666,1.3488996373310003,0.9750312109862672,-1942110000.0,-4.273218032057922,-276131000.0,腾讯控股,B
00700,2026-03-12,DAILY_NEUTRAL,0,0,0,0,0,66.66666666666666,0.5142639958252637,0.9449973808276585,-183970000.0,-0.47557181220453626,-401703500.0,腾讯控股,B
00700,2026-03-13,DAILY_NEUTRAL,0,0,0,0,0,66.66666666666666,0.4597279252645795,0.9467434957220185,-541450000.0,-1.1182942801417166,-352258000.0,腾讯控股,B
00700,2026-03-16,DAILY_NEUTRAL,0,0,0,0,0,100.0,0.6970358296950404,0.965950759559979,6400000.0,-0.08128060677068713,-460962000.0,腾讯控股,B
00700,2026-03-17,DAILY_PULLBACK,0,0,1,0,0,100.0,0.6866672296585822,0.9511087829579187,-272550000.0,-0.5876737321609381,-329571500.0,腾讯控股,B
00700,2026-03-18,DAILY_PULLBACK,0,0,1,0,0,100.0,0.8114416560331632,0.9519818404050987,764530000.0,1.3341877589667472,-392207500.0,腾讯控股,B
00700,2026-03-19,DAILY_NEUTRAL,0,0,0,0,0,66.66666666666666,2.8223633898508176,0.8865025318665968,-4070000000.0,-7.5662038398264295,136160500.0,腾讯控股,B
00700,2026-03-20,DAILY_NEUTRAL,0,0,0,0,0,33.33333333333333,0.8591278019036545,0.8777719573947965,312390000.0,0.4490829775245883,-422780500.0,腾讯控股,B
00700,2026-03-23,DAILY_DECLINE,0,0,0,0,1,33.33333333333333,1.1493459906008983,0.86100925440894,-491980000.0,-0.6141745068592103,-263398000.0,腾讯控股,B
00700,2026-03-24,DAILY_NEUTRAL,0,0,0,0,0,33.33333333333333,0.8967007382011045,0.8882486467609568,837690000.0,1.1434215105750756,-354969000.0,腾讯控股,B
00700,2026-03-25,DAILY_DECLINE,0,0,0,0,1,33.33333333333333,1.097412143444626,0.8734066701588964,-518330000.0,-0.6545141470002933,-223874000.0,腾讯控股,B
00700,2026-03-26,DAILY_DECLINE,0,0,0,0,1,33.33333333333333,0.6075175580787899,0.856120132704732,-531530000.0,-0.6503367379663647,-444726500.0,腾讯控股,B
00700,2026-03-27,DAILY_DECLINE,0,0,0,0,1,0.0,0.680992289126056,0.8522786799371398,-281600000.0,-0.30829820528662705,283364000.0,腾讯控股,B
00700,2026-03-30,DAILY_NEUTRAL,0,0,0,0,0,0.0,0.981003624292985,0.8316745241836913,61600000.0,0.14974380519656713,216514500.0,腾讯控股,B
00700,2026-03-31,DAILY_ACCUMULATION,0,0,0,1,0,0.0,0.934204410295192,0.8358651999301553,555690000.0,0.7955356160887735,339599000.0,腾讯控股,B
00700,2026-04-01,DAILY_ACCUMULATION,0,0,0,1,0,0.0,0.7906860787853999,0.857866247599092,501030000.0,0.7543141761536495,248856000.0,腾讯控股,B
00700,2026-04-02,DAILY_DECLINE,0,0,0,0,1,0.0,0.7188638906475037,0.8449449973808275,-232590000.0,-0.22920093790413984,393836000.0,腾讯控股,B
00700,2026-04-08,DAILY_ACCUMULATION,0,0,0,1,0,0.0,1.4555618750496613,0.8777719573947965,537770000.0,0.7811698406259168,445057500.0,腾讯控股,B
00700,2026-04-09,DAILY_DECLINE,0,0,0,0,1,0.0,0.8264351549778852,0.8786450148419765,-638980000.0,-0.7908537627360898,585134000.0,腾讯控股,B
00700,2026-04-10,DAILY_NEUTRAL,0,0,0,0,0,33.33333333333333,0.8782624545466032,0.8716605552645363,-158580000.0,-0.15030586307056212,452798500.0,腾讯控股,B
00700,2026-04-13,DAILY_NEUTRAL,0,0,0,0,0,33.33333333333333,0.9391201282454361,0.8463418892963156,-392160000.0,-0.4453378281824317,316058500.0,腾讯控股,B
00700,2026-04-14,DAILY_ACCUMULATION,0,0,0,1,0,33.33333333333333,0.7931590169933023,0.8701622971285892,280180000.0,0.464758854404028,59923000.0,腾讯控股,B
00700,2026-04-15,DAILY_ACCUMULATION,0,0,0,1,0,33.33333333333333,0.8959468200692036,0.8805065097199928,569500000.0,0.8551885160560158,139269500.0,腾讯控股,B
00700,2026-04-16,DAILY_ACCUMULATION,0,0,0,1,0,66.66666666666666,1.120580017168025,0.912609238451935,1154870000.0,1.6054140357565838,90068000.0,腾讯控股,B
00700,2026-04-17,DAILY_NEUTRAL,0,0,0,0,0,66.66666666666666,0.6706343283840567,0.9010165864098447,-266290000.0,-0.28237764269458204,391414500.0,腾讯控股,B
00700,2026-04-20,DAILY_ACCUMULATION,0,0,0,1,0,100.0,1.2257122410744454,0.9460398756173404,495680000.0,0.7060886773866479,369559500.0,腾讯控股,B
00700,2026-04-21,DAILY_NEUTRAL,0,0,0,0,0,100.0,0.6700492724585284,0.979969477298741,-6440000.0,0.03334359902849185,560570000.0,腾讯控股,B
00700,2026-04-22,DAILY_PULLBACK,0,0,1,0,0,100.0,1.2439146858483596,0.9568303914044511,-35480000.0,-0.008420576557349933,300068000.0,腾讯控股,B
00700,2026-04-23,DAILY_ACCUMULATION,0,0,0,1,0,66.66666666666666,1.2235702686332397,0.9399462778204143,329260000.0,0.47656953507448274,196465500.0,腾讯控股,B
00700,2026-04-24,DAILY_NEUTRAL,0,0,0,0,0,66.66666666666666,0.9574397907371032,0.9364927091327705,266160000.0,0.3968731765941849,-9718500.0,腾讯控股,B
00700,2026-04-27,DAILY_DECLINE,0,0,0,0,1,33.33333333333333,2.213087988578256,0.9080966999232539,-2180720000.0,-2.796217977846641,125348000.0,腾讯控股,B
00700,2026-04-28,DAILY_NEUTRAL,0,0,0,0,0,33.33333333333333,1.0451328382582326,0.8988871834228702,141310000.0,0.27818829913889664,-326812500.0,腾讯控股,B
00700,2026-04-29,DAILY_NEUTRAL,0,0,0,0,0,33.33333333333333,0.7099374140100545,0.9092478894858018,125360000.0,0.2671808400836316,-330904500.0,腾讯控股,B
00700,2026-04-30,DAILY_NEUTRAL,0,0,0,0,0,0.0,1.4523249731941068,0.8873752877973906,132050000.0,0.3007158539429097,-319084500.0,腾讯控股,B
00700,2026-05-04,DAILY_NEUTRAL,0,0,0,0,0,0.0,0.8073805466042473,0.8973522640061395,1466790000.0,1.993368895641697,-362049000.0,腾讯控股,B
00700,2026-05-05,DAILY_NEUTRAL,0,0,0,0,0,0.0,0.4268647461635778,0.895817344589409,422480000.0,0.6365712188188704,-167478000.0,腾讯控股,B
00700,2026-05-06,DAILY_DECLINE,0,0,0,0,1,0.0,1.8442617751398693,0.8781657712970068,-484110000.0,-0.48740551900390505,357089500.0,腾讯控股,B
00700,2026-05-07,DAILY_ACCUMULATION,0,0,0,1,0,0.0,1.4759437065834131,0.905794320798158,1621510000.0,2.0960170276475814,244581500.0,腾讯控股,B
00700,2026-05-08,DAILY_ACCUMULATION,0,0,0,1,0,0.0,0.7851332197733086,0.8942824251726784,437120000.0,0.574457442473287,489624500.0,腾讯控股,B
00700,2026-05-11,DAILY_ACCUMULATION,0,0,0,1,0,0.0,0.9439748022226434,0.8808518802762855,161010000.0,0.24102834157053699,496833500.0,腾讯控股,B
00700,2026-05-12,DAILY_DECLINE,0,0,0,0,1,0.0,1.072434972663792,0.8670376055257097,-1131570000.0,-1.3022153611306087,219698000.0,腾讯控股,B
00700,2026-05-13,DAILY_NEUTRAL,0,0,0,0,0,0.0,0.7789530587317163,0.8773983115886416,952850000.0,1.219437930606207,-54141500.0,腾讯控股,B
00700,2026-05-14,DAILY_DECLINE,0,0,0,0,1,0.0,1.2847710582227894,0.8727935533384497,-185420000.0,-0.15125418987410594,199617000.0,腾讯控股,B
00700,2026-05-15,DAILY_DECLINE,0,0,0,0,1,0.0,0.8732386515170814,0.8756715272448196,-77290000.0,-0.0266665823082763,-124023000.0,腾讯控股,B
00700,2026-05-18,DAILY_DECLINE,0,0,0,0,1,0.0,0.9659151407569556,0.8618572524942439,-760650000.0,-0.8194763504616527,-165297000.0,腾讯控股,B
00700,2026-05-19,DAILY_NEUTRAL,0,0,0,0,0,0.0,1.0927063637836698,0.8825786646201074,472060000.0,0.6390047081329656,-324911000.0,腾讯控股,B
00700,2026-05-20,DAILY_DECLINE,0,0,0,0,1,0.0,0.608060326082864,0.8750480584390617,-145190000.0,-0.08785545450785404,-3004000.0,腾讯控股,B
00700,2026-05-21,DAILY_DECLINE,0,0,0,0,1,0.0,1.3401054123025908,0.8621366849960723,-1064940000.0,-1.1654769799268478,-215674500.0,腾讯控股,B
00700,2026-05-22,DAILY_NEUTRAL,0,0,0,0,0,0.0,0.8093013035587633,0.8886651902556875,359320000.0,0.5332908716963984,-340105500.0,腾讯控股,B
00700,2026-05-26,DAILY_NEUTRAL,0,0,0,0,0,0.0,1.1245756451308793,0.8964672248315295,1672830000.0,2.0508660646753034,-254286500.0,腾讯控股,B
00700,2026-05-27,DAILY_ACCUMULATION,0,0,0,1,0,0.0,0.8337354025793773,0.8943792464484249,532640000.0,0.6533736154520731,162076000.0,腾讯控股,B
00700,2026-05-28,DAILY_ACCUMULATION,0,0,0,1,0,0.0,1.5044327856219246,0.8922947722023934,959730000.0,1.1296965455339785,38524000.0,腾讯控股,B
00700,2026-05-29,DAILY_ACCUMULATION,0,0,0,1,0,0.0,1.467987845712992,0.898044986335926,1181460000.0,1.3467180300748687,218587000.0,腾讯控股,B
00700,2026-06-01,DAILY_ACCUMULATION,0,0,0,1,0,0.0,1.023056839130494,0.9165440403615724,565590000.0,0.6414859002304176,615062000.0,腾讯控股,B
00700,2026-06-02,DAILY_BREAKOUT,1,0,0,0,0,33.33333333333333,2.7830609339048062,1.012402774858104,3159460000.0,3.5154839653077588,634639000.0,腾讯控股,B
00700,2026-06-03,DAILY_NEUTRAL,0,0,0,0,0,66.66666666666666,0.9738892598024972,0.962046204620462,-2003550000.0,-2.075356005641199,847331500.0,腾讯控股,B
00700,2026-06-04,DAILY_NEUTRAL,0,0,0,0,0,66.66666666666666,0.52568265826282,0.9467821782178217,474190000.0,0.43930866071511154,461395000.0,腾讯控股,B
00700,2026-06-05,DAILY_NEUTRAL,0,0,0,0,0,66.66666666666666,0.6012442061217002,0.9348184818481847,-244710000.0,-0.2801413076405955,316372000.0,腾讯控股,B
00700,2026-06-08,DAILY_NEUTRAL,0,0,0,0,0,33.33333333333333,0.5877959668689076,0.9207920792079207,-202890000.0,-0.23396247532614625,124449000.0,腾讯控股,B
00700,2026-06-09,DAILY_NEUTRAL,0,0,0,0,0,66.66666666666666,0.7766344962376203,0.9348184818481847,-181770000.0,-0.21822391910576816,2753500.0,腾讯控股,B
00700,2026-06-10,DAILY_NEUTRAL,0,0,0,0,0,100.0,1.015473646823079,0.9603960396039605,-223720000.0,-0.2569418885976122,-648353500.0,腾讯控股,B
00700,2026-06-11,DAILY_NEUTRAL,0,0,0,0,0,100.0,0.8772527942428613,0.943069306930693,-785150000.0,-0.8640820269286527,-337780000.0,腾讯控股,B
00700,2026-06-12,DAILY_PULLBACK,0,0,1,0,0,66.66666666666666,0.6875366472691963,0.9562706270627063,-376440000.0,-0.43684539003355927,-502748000.0,腾讯控股,B
00700,2026-06-15,DAILY_PULLBACK,0,0,1,0,0,66.66666666666666,0.6449264707385501,0.9480198019801981,-191920000.0,-0.253886315129004,-519543000.0,腾讯控股,B
00700,2026-06-16,DAILY_NEUTRAL,0,0,0,0,0,66.66666666666666,0.845493924669924,0.9228547854785478,-313680000.0,-0.37334294906454635,-511617500.0,腾讯控股,B
00700,2026-06-17,DAILY_DECLINE,0,0,0,0,1,33.33333333333333,0.6485283315351639,0.9187293729372936,-112220000.0,-0.16922211678721277,-560348000.0,腾讯控股,B
00700,2026-06-18,DAILY_DECLINE,0,0,0,0,1,33.33333333333333,1.3452078321725245,0.908003300330033,24670000.0,-0.01637757307251062,-508834000.0,腾讯控股,B
00700,2026-06-22,DAILY_DECLINE,0,0,0,0,1,33.33333333333333,1.390590272676598,0.8931518151815181,56680000.0,-0.06343215655784148,-355363000.0,腾讯控股,B
00700,2026-06-23,DAILY_DECLINE,0,0,0,0,1,33.33333333333333,1.769759516398762,0.8556105610561057,-1245870000.0,-1.6360901442345113,-324820000.0,腾讯控股,B
00700,2026-06-24,DAILY_DECLINE,0,0,0,0,1,0.0,1.3646630685239183,0.8844884488448845,-75530000.0,-0.1996393423796728,-455350500.0,腾讯控股,B
00700,2026-06-25,DAILY_NEUTRAL,0,0,0,0,0,0.0,0.9094259301943408,0.8692244224422442,318690000.0,0.28944736689570955,-320302500.0,腾讯控股,B
00700,2026-06-26,DAILY_NEUTRAL,0,0,0,0,0,0.0,0.9130088901877047,0.8494224422442245,292370000.0,0.242122110654234,-223423000.0,腾讯控股,B
00700,2026-06-29,DAILY_DECLINE,0,0,0,0,1,0.0,0.9377650717140892,0.8667491749174917,64850000.0,-0.04812955697075508,-136515000.0,腾讯控股,B
00700,2026-06-30,DAILY_NEUTRAL,0,0,0,0,0,0.0,1.096546859038386,0.8865511551155115,749040000.0,0.7725150943042975,-79050500.0,腾讯控股,B
00700,2026-07-02,DAILY_DECLINE,0,0,0,0,1,0.0,1.1797453756632343,0.8873762376237624,-30090000.0,-0.18302153592435644,310759000.0,腾讯控股,B
00700,2026-07-03,DAILY_DECLINE,0,0,0,0,1,0.0,0.7158844831037431,0.8909090909090909,-196530000.0,-0.37242043574321776,479324500.0,腾讯控股,B
00700,2026-07-06,DAILY_ACCUMULATION,0,0,0,1,0,66.66666666666666,1.2221175939209423,0.947986577181208,760740000.0,0.7970775117094784,285929500.0,腾讯控股,B
00700,2026-07-07,DAILY_ACCUMULATION,0,0,0,1,0,66.66666666666666,1.5443345958592896,0.9672818791946308,1505700000.0,1.6701622059186185,365276000.0,腾讯控股,B
00700,2026-07-08,DAILY_ACCUMULATION,0,0,0,1,0,66.66666666666666,1.3945726517274326,0.9979157982492706,1194180000.0,1.2497556791212712,565925500.0,腾讯控股,B
00700,2026-07-09,DAILY_NEUTRAL,0,0,0,0,0,66.66666666666666,0.9678137020309453,0.9726594863297432,-156580000.0,-0.37530294775973466,585100000.0,腾讯控股,B
00700,2026-07-10,DAILY_PULLBACK,0,0,1,0,0,100.0,0.9167699529021296,0.9488659793814432,166190000.0,0.0027721204524803855,558542500.0,腾讯控股,B
00700,2026-07-13,DAILY_PULLBACK,0,0,1,0,0,100.0,0.5145669792418026,0.9435051546391753,226240000.0,0.062446766852483265,611591000.0,腾讯控股,B
00700,2026-07-14,DAILY_PULLBACK,0,0,1,0,0,100.0,0.5835667432902085,0.9406185567010309,336370000.0,0.19301314282790405,454121500.0,腾讯控股,B
00700,2026-07-15,DAILY_ACCUMULATION,0,0,0,1,0,100.0,0.8938935592600081,0.977319587628866,1395913780.0,1.445743806132689,184615000.0,腾讯控股,B
00700,2026-07-16,DAILY_ACCUMULATION,0,0,0,1,0,100.0,1.2871736470789752,0.9979381443298969,1265642080.0,1.2795996879163565,145570067.0,腾讯控股,B
00700,2026-07-17,DAILY_PULLBACK,0,0,1,0,0,100.0,1.0855772628660023,0.9329021827000809,-870764480.0,-1.2370197313813935,351048379.0,腾讯控股,B
00700,2026-07-20,DAILY_ACCUMULATION,0,0,0,1,0,100.0,0.9472154277777269,0.965642683912692,433911680.0,0.2961442927046065,181584707.0,腾讯控股,B
00700,2026-07-21,DAILY_PULLBACK,0,0,1,0,0,100.0,0.631163356810126,0.9579628132578819,-167293000.0,-0.40009834216016943,202656959.0,腾讯控股,B
00700,2026-07-22,DAILY_NEUTRAL,0,0,0,0,0,66.66666666666666,2.0108335671383766,0.8904607922392886,-2723596140.0,-3.319116269662105,113123009.0,腾讯控股,B
00700,2026-07-23,DAILY_NEUTRAL,0,0,0,0,0,33.33333333333333,0.5790031057305607,0.8997574777687954,263924480.0,0.14140114466698406,-636892668.0,腾讯控股,B
00700,2026-07-24,DAILY_NEUTRAL,0,0,0,0,0,33.33333333333333,0.6460517354006596,0.8783346806790623,296923940.0,0.1761229728422143,-854208912.0,腾讯控股,B
00700,2026-07-27,DAILY_DECLINE,0,0,0,0,1,33.33333333333333,0.43957890812464984,0.8953112368633791,103204540.0,-0.07475960252252503,-619582925.0,腾讯控股,B
00700,2026-07-28,DAILY_NEUTRAL,0,0,0,0,0,33.33333333333333,0.6127851688996832,0.9037995149555376,395204240.0,0.2496548562362777,-676266080.0,腾讯控股,B
00700,2026-07-29,DAILY_PULLBACK,0,0,1,0,0,66.66666666666666,1.2498810732570715,0.9426030719482619,1701327680.0,1.6917858080789685,-580284344.0,腾讯控股,B
00700,2026-07-30,DAILY_ACCUMULATION,0,0,0,1,0,33.33333333333333,1.3864812131104585,0.9535165723524657,829773240.0,0.6810605751903102,257086036.0,腾讯控股,B
00700,2026-07-31,DAILY_ACCUMULATION,0,0,0,1,0,66.66666666666666,1.2585756090220608,0.9603880355699272,469399880.0,0.30614050762658035,327262626.0,腾讯控股,B
00700,2026-08-03,DAILY_ACCUMULATION,0,0,0,1,0,66.66666666666666,1.4674139082201347,0.9911075181891673,1342379580.0,1.2616385241157921,328461320.0,腾讯控股,B
00700,2026-08-04,DAILY_NEUTRAL,0,0,0,0,0,66.66666666666666,0.7973612034317759,0.9854486661277284,-235779340.0,-0.49663088037463576,547214349.0,腾讯控股,B
00700,2026-08-05,DAILY_ACCUMULATION,0,0,0,1,0,66.66666666666666,0.7891031697415155,0.9947453516572352,426151920.0,0.26104322578667505,508091600.0,腾讯控股,B
00700,2026-08-06,DAILY_PULLBACK,0,0,1,0,0,100.0,0.7168655055910242,0.9626355966251506,271158260.0,0.08969662201519688,291457852.0,腾讯控股,B
00700,2026-08-07,DAILY_PULLBACK,0,0,1,0,0,100.0,0.5743439095781101,0.9618320610687023,21180340.0,-0.1890264932318695,158347943.0,腾讯控股,B
00700,2026-08-10,DAILY_PULLBACK,0,0,1,0,0,100.0,0.6091679359495081,0.9670550421856167,481248200.0,0.30449721058350476,75954518.0,腾讯控股,B
00700,2026-08-11,DAILY_PULLBACK,0,0,1,0,0,100.0,0.9389097421040713,0.9457613499397348,673789000.0,0.5332088969357378,-109022168.0,腾讯控股,B
00700,2026-08-12,DAILY_NEUTRAL,0,0,0,0,0,33.33333333333333,1.3956844144234288,0.9272800321414223,310838720.0,0.10556711662965636,56020550.0,腾讯控股,B
00700,2026-08-13,DAILY_DECLINE,0,0,0,0,1,33.33333333333333,3.295469345665356,0.885897950984331,-3459109660.0,-4.175366296087483,87211663.0,腾讯控股,B
00700,2026-08-14,DAILY_DECLINE,0,0,0,0,1,33.33333333333333,1.0522743537711863,0.8838891120932101,77220200.0,-0.10244182031399039,-422604334.0,腾讯控股,B
00700,2026-08-17,DAILY_DECLINE,0,0,0,0,1,33.33333333333333,0.6213090066329817,0.8967456809963841,-32441060.0,-0.20620093145063134,-458795596.0,腾讯控股,B
00700,2026-08-18,DAILY_DECLINE,0,0,0,0,1,33.33333333333333,0.707783707659058,0.8887103254319003,-551503960.0,-0.7305964072130297,-538215811.0,腾讯控股,B
00700,2026-08-19,DAILY_NEUTRAL,0,0,0,0,0,0.0,0.5896331124008514,0.8983527521092808,372424580.0,0.1923396909495496,-764063855.0,腾讯控股,B
00700,2026-08-20,DAILY_NEUTRAL,0,0,0,0,0,0.0,0.6137008016541627,0.9067898754519886,251656620.0,0.06949938927260654,-906547719.0,腾讯控股,B
00700,2026-08-21,DAILY_DECLINE,0,0,0,0,1,0.0,0.9874169723977871,0.9180393732422659,-56669720.0,-0.22392456399815042,-163781070.0,腾讯控股,B
00700,2026-08-24,DAILY_DECLINE,0,0,0,0,1,0.0,1.3924066120014895,0.8838891120932101,-173913940.0,-0.3354925802554635,-172879371.0,腾讯控股,B
00700,2026-08-25,DAILY_NEUTRAL,0,0,0,0,0,33.33333333333333,0.5709812939368152,0.887906789875452,79931660.0,-0.05301342014474472,-187318023.0,腾讯控股,B
00700,2026-08-26,DAILY_NEUTRAL,0,0,0,0,0,33.33333333333333,0.7044470333234839,0.894736842105263,168921640.0,0.0594804487254121,-45267270.0,腾讯控股,B
00700,2026-08-27,DAILY_NEUTRAL,0,0,0,0,0,33.33333333333333,0.5813094608563878,0.8995580554439534,180045660.0,0.07830832722938551,-9347556.0,腾讯控股,B
00700,2026-08-28,DAILY_ACCUMULATION,0,0,0,1,0,0.0,1.529868801024486,0.9144234632382483,1376518700.0,1.5372043407855178,8816631.0,腾讯控股,B
00700,2026-08-31,DAILY_ACCUMULATION,0,0,0,1,0,33.33333333333333,1.0485384991357707,0.9100040176777823,316142660.0,0.24476384191652442,250098374.0,腾讯控股,B
00700,2026-09-01,DAILY_NEUTRAL,0,0,0,0,0,33.33333333333333,1.1653467397708992,0.8867014865407794,-636038580.0,-0.8975506205903682,399421540.0,腾讯控股,B
