stock_code,stock_name,month_end,change_percent,turnover_rate,m_turnover_zscore,m_turnover_pctl,m_turnover_ma_ratio,turnover_liquidity_regime,m_volume_ma_ratio,m_volume_accel,vol_dir,turn_dir,m_vp_regime,cbi_score,cbi_state,cost_position,cost_vs_weekly_vwap,cost_vs_monthly_vwap,cost_vs_quarterly_vwap,monthly_behavior_state,m_vwap_deviation,m_turnover_efficiency,data_quality
00020,商汤科技,2021-12-31,0.0,1.75,,,,,,,,,VP_NEUTRAL,,,COST_ADVANTAGE,0.21549693465244868,0.21549693465244868,0.21549693465244868,Stable,0.21549693465244868,0.0,A
00020,商汤科技,2022-01-31,22.363636363636363,5.76,,,,,,,,,VP_NEUTRAL,,,COST_NEUTRAL,0.00984541726491206,-0.08903221541506456,0.4873262491292689,Stable,-0.08903221541506456,3.882575757575758,A
00020,商汤科技,2022-02-28,-4.011887072808329,1.32,,,0.44847112117780297,,0.45666986812696475,,↓,↓,VP_DECLINE_SILENT,,,COST_NEUTRAL,-0.05858849435132629,-0.04589844115405084,0.42765639960996693,Deteriorating,-0.04589844115405084,-3.039308388491158,A
00020,商汤科技,2022-03-31,-4.7987616099071095,1.19,,,0.4750499001996008,,0.4731797064772815,-0.32281746358829155,↓,↓,VP_DECLINE_SILENT,,,COST_DISADVANTAGE,-0.04913021099985304,-0.04110623195418228,-0.139594135805874,Deteriorating,-0.04110623195418228,-4.0325727814345464,A
00020,商汤科技,2022-04-30,-15.772357723577246,0.55,,,0.2601702932828761,,0.2515530532173631,-0.9075145549893093,↓,↓,VP_DECLINE_SILENT,,,COST_NEUTRAL,0.09575704781019945,-0.008397230271663836,-0.2753004265812078,Deteriorating,-0.008397230271663836,-28.677014042867718,A
00020,商汤科技,2022-05-31,-1.9305019305019266,0.42,-0.9092265021813671,0.16666666666666666,0.22929936305732482,T2,0.22419637064237302,-0.695469966214277,↓,↓,VP_DECLINE_SILENT,42.96559852876535,CBI_ACTIVE,COST_NEUTRAL,0.058207038790236476,0.05486758355002497,-0.2892907658363968,Deteriorating,0.05486758355002497,-4.59643316786173,A
00020,商汤科技,2022-06-30,-38.38582677165354,6.949999999999999,2.8212937922207955,1.0,2.5756639901173566,T5,2.5885084919391157,4.895642348592603,↑↑,↑↑,VP_PANIC,11.975495158207588,CBI_TURBULENT,COST_DISADVANTAGE,-0.45478198302669415,-0.16179155223809416,-0.19532338927915205,Deteriorating,-0.16179155223809416,-5.523140542683963,A
00020,商汤科技,2022-07-31,-25.559105431309902,13.43,4.425844137309824,1.0,3.377200335289187,T5,3.378099795855378,24.385694264061122,↑↑,↑↑,VP_PANIC,7.499443575937342,CBI_TURBULENT,COST_DISADVANTAGE,-0.014142101763829684,-0.06479893433405215,-0.4009915325943847,Deteriorating,-0.06479893433405215,-1.9031351773127254,A
00020,商汤科技,2022-08-31,6.008583690987135,5.58,0.3889034316044054,0.6666666666666666,1.1906116642958748,T3,1.1944619776774108,12.709643491133008,↑,↑,VP_EXPANSION,11.071147517128642,CBI_TURBULENT,COST_NEUTRAL,0.09408239847914945,0.09550244043685208,-0.3649996075142189,Improving,0.09550244043685208,1.0768071130801318,A
00020,商汤科技,2022-09-30,-35.22267206477733,8.49,1.0812666665218256,0.9,1.438170525127047,T4,1.4403777242595366,0.22135886446908715,↑,↑,VP_SELLING_ACTIVE,4.596067496941997,CBI_TURBULENT,COST_DISADVANTAGE,-0.08045801737382186,-0.24521136927605192,-0.31286111267890915,Deteriorating,-0.24521136927605192,-4.14872462482654,A
00020,商汤科技,2022-10-31,-25.625000000000007,7.79,0.7984278611180871,0.8181818181818182,1.0956399437412094,T4,1.0966958530814406,-0.4186833494042209,→,→,VP_NEUTRAL,10.328558193113974,CBI_TURBULENT,COST_DISADVANTAGE,-0.035995385847788275,-0.10086956714350337,-0.4889404525549387,Stable,-0.10086956714350337,-3.289473684210527,A
00020,商汤科技,2022-11-30,60.504201680672274,24.72,4.986392802184734,1.0,2.2150537634408605,T5,2.2121081611698963,3.4149186804945586,↑↑,↑↑,VP_OVERHEAT,2.71435336566662,CBI_TURBULENT,COST_NEUTRAL,0.015939731755819864,0.06464360602624963,-0.17972795326044788,Deteriorating,0.06464360602624963,2.447580974137228,A
00020,商汤科技,2022-12-31,16.23036649214662,15.87,1.310013178509367,0.9166666666666666,1.2548761201897733,T4,1.254902873840115,0.8667729381721552,↑,↑,VP_EXPANSION,6.056052124071793,CBI_TURBULENT,COST_NEUTRAL,-0.010890795840867162,-0.0022768426763060123,0.19383017795779067,Stable,-0.0022768426763060123,1.0227074034118853,A
00020,商汤科技,2023-01-31,27.92792792792791,13.58,0.788305311963807,0.8333333333333334,1.0716822306984086,T4,1.0701748739368866,0.7377067788231217,→,→,VP_STABLE_ASCENT,2.3085436771044385,CBI_TURBULENT,COST_ADVANTAGE,0.1145299729027971,0.13615554450182588,0.527242209639696,Stable,0.13615554450182588,2.0565484483010246,A
00020,商汤科技,2023-02-28,-11.267605633802813,21.85,1.808807329110873,0.9166666666666666,1.4203683640303357,T5,1.4199700061862537,-0.11571501112536031,↑,↑,VP_SELLING_ACTIVE,2.823208183048294,CBI_TURBULENT,COST_NEUTRAL,0.017414984826557012,-0.09470701297406514,0.355158580384519,Deteriorating,-0.09470701297406514,-0.5156798917072225,A
00020,商汤科技,2023-03-31,5.555555555555558,18.16,0.9708584847483119,0.8333333333333334,1.0685495734039423,T4,1.0676515926444297,0.14236767634639502,→,→,VP_STABLE_ASCENT,11.408819382656059,CBI_TURBULENT,COST_NEUTRAL,-0.018507964854728498,-0.0074507383630113555,-0.0061939084805304745,Stable,-0.0074507383630113555,0.3059226627508567,A
00020,商汤科技,2023-04-30,-2.2556390977443663,35.36,3.2561686275850557,1.0,1.637795275590551,T5,1.63828960915184,1.6063699568882854,↑↑,↑↑,VP_PANIC,1.9696710711113146,CBI_TURBULENT,COST_DISADVANTAGE,0.049625344609396604,-0.1434822716724754,-0.028610587236608698,Deteriorating,-0.1434822716724754,-0.06379069846562122,A
00020,商汤科技,2023-05-31,-19.23076923076923,8.75,-0.7977682068204022,0.4166666666666667,0.4622699656599454,T2,0.4633776393980837,-0.5985471221373354,↓,↓,VP_DECLINE_SILENT,19.726360898442614,CBI_TURBULENT,COST_DISADVANTAGE,-0.01417907642665761,-0.08274488271386127,-0.21541624353726085,Deteriorating,-0.08274488271386127,-2.1978021978021975,A
00020,商汤科技,2023-06-30,-1.4285714285714457,11.52,-0.5037581313352488,0.4166666666666667,0.6328511261673686,T2,0.6331136342194517,-0.3647696838979172,↓,↓,VP_SHRINK,19.60805132732595,CBI_TURBULENT,COST_DISADVANTAGE,-0.01976819789532358,-0.05950535412101565,-0.24594605595573504,Stable,-0.05950535412101565,-0.124007936507938,A
00020,商汤科技,2023-07-31,-10.62801932367149,23.029999999999998,0.8710875495148802,0.8333333333333334,1.1644054942276902,T4,1.1639265980457194,-0.3490158535559843,↑,↑,VP_SELLING_ACTIVE,7.1284502246605355,CBI_TURBULENT,COST_NEUTRAL,0.04889984342657705,0.02251588106834368,-0.3260870548396665,Deteriorating,0.02251588106834368,-0.46148585860492797,A
00020,商汤科技,2023-08-31,-15.675675675675683,9.5,-0.9470274479766032,0.3333333333333333,0.536117381489842,T2,0.5363312620459538,0.08356831739488668,↓,↓,VP_DECLINE_SILENT,25.81049884155421,CBI_TURBULENT,COST_DISADVANTAGE,0.028773398858746857,-0.022641480182262086,-0.43172746245939453,Deteriorating,-0.022641480182262086,-1.650071123755335,A
00020,商汤科技,2023-09-30,-8.333333333333337,7.32,-1.2410225596530842,0.08333333333333333,0.45999162128194393,T2,0.4608092123600505,-0.3634402924384811,↓,↓,VP_DECLINE_SILENT,32.123846035454484,CBI_ACTIVE,COST_DISADVANTAGE,0.01420808599794987,-0.05776463555837563,-0.16118250674789858,Deteriorating,-0.05776463555837563,-1.1384335154826963,A
00020,商汤科技,2023-10-31,-2.0979020979021046,5.15,-1.4963642582290362,0.08333333333333333,0.4734181093917574,T2,0.4746932701953363,-0.7754957113944085,↓,↓,VP_DECLINE_SILENT,34.99473641055159,CBI_ACTIVE,COST_NEUTRAL,0.009755468616132523,-0.008743251038641153,-0.17878007653640426,Deteriorating,-0.008743251038641153,-0.4073596306606028,A
00020,商汤科技,2023-11-30,-2.857142857142847,9.62,-0.6966386728512326,0.4166666666666667,0.8726942848503174,T2,0.8712123978042334,0.010764419406282588,↓,↓,VP_DECLINE_SILENT,23.736694384874276,CBI_TURBULENT,COST_DISADVANTAGE,-0.09521615447148213,-0.070825816653449,-0.2022435029210783,Deteriorating,-0.070825816653449,-0.29700029700029595,A
00020,商汤科技,2023-12-31,-14.705882352941192,9.290000000000001,-0.6554790092692586,0.3333333333333333,0.8721639805977156,T2,0.8709322905457676,0.2646229114918568,↓,↓,VP_DECLINE_SILENT,24.026422298468788,CBI_TURBULENT,COST_DISADVANTAGE,0.03130189854639176,-0.03373439720906457,-0.1414596737048358,Deteriorating,-0.03373439720906457,-1.5829798011777385,A
00020,商汤科技,2024-01-31,-31.89655172413792,9.81,-0.5397310775705046,0.5833333333333334,1.1611757743144606,T2,1.160573342989909,0.8974980841120905,↑,↑,VP_SELLING_ACTIVE,18.100866440074117,CBI_TURBULENT,COST_DISADVANTAGE,-0.10883257876522179,-0.16204761955168512,-0.4153044329541553,Deteriorating,-0.16204761955168512,-3.251432387781643,A
00020,商汤科技,2024-02-29,13.924050632911399,15.040000000000001,0.192694427842417,0.75,1.6048372754757245,T3,1.6055700184017871,0.5667508254400107,↑↑,↑↑,VP_OVERHEAT,9.57424041410537,CBI_TURBULENT,COST_NEUTRAL,0.006474876311711952,0.031153124425480128,-0.3338911261503036,Deteriorating,0.031153124425480128,0.9258012388903856,A
00020,商汤科技,2024-03-31,-21.111111111111114,18.05,0.589902709863153,0.8333333333333334,1.6173835125448026,T4,1.6171751356078148,0.945260339182908,↑↑,↑↑,VP_PANIC,10.582073749426264,CBI_TURBULENT,COST_DISADVANTAGE,-0.04736056933513644,-0.15199076189542515,-0.1874999434559974,Deteriorating,-0.15199076189542515,-1.169590643274854,A
00020,商汤科技,2024-04-30,71.83098591549297,49.97,7.769005830119247,1.0,2.6822329575952764,T5,2.6825616150197678,4.094867419894664,↑↑,↑↑,VP_OVERHEAT,1.3562201600411963,CBI_TURBULENT,COST_ADVANTAGE,0.3307404217651313,0.29217056901895,0.39612685772349754,Deteriorating,0.29217056901895,1.4374822076344402,A
00020,商汤科技,2024-05-31,8.196721311475418,69.72,4.53708312540064,1.0,2.433791016988597,T5,2.433514797709991,3.6306710148154977,↑↑,↑↑,VP_OVERHEAT,0.7062830250790089,CBI_TURBULENT,COST_NEUTRAL,-0.031985117070605584,-0.11725676009900954,0.5105634854057515,Deteriorating,-0.11725676009900954,0.1175662838708465,A
00020,商汤科技,2024-06-30,0.0,28.53,0.4052425645046642,0.8333333333333334,0.8956676433654248,T3,0.8973964031164423,0.5842364732583243,↓,↓,VP_SHRINK,3.6001481126925423,CBI_TURBULENT,COST_NEUTRAL,-0.03641270418589515,-0.04973465345953465,0.02398240460539225,Stable,-0.04973465345953465,0.0,A
00020,商汤科技,2024-07-31,-8.333333333333337,31.81,0.5436578373691575,0.8333333333333334,0.8955518018018017,T4,0.9331519060786709,-0.33154098658550235,→,↓,VP_NEUTRAL,6.489729581539919,CBI_TURBULENT,COST_DISADVANTAGE,0.006152251336670966,-0.12563049454354935,-0.061349462445057124,Stable,-0.12563049454354935,-0.2619721261657761,A
00020,商汤科技,2024-08-31,-2.4793388429752095,13.92,-0.47013562961997724,0.5,0.3939622641509434,T3,0.4094979772334165,-0.7901263272334567,↓,↓,VP_DECLINE_SILENT,18.63330522958556,CBI_TURBULENT,COST_NEUTRAL,0.029240681374740785,0.053390452054850934,-0.08462178982245239,Deteriorating,0.053390452054850934,-0.1781134226275294,A
00020,商汤科技,2024-09-30,45.76271186440679,26.07,0.12263225057592567,0.6666666666666666,0.7109353695118626,T3,0.734575289459367,-0.0422487931212423,↓,↓,VP_LOCKED_CANDIDATE,12.362842979723627,CBI_TURBULENT,COST_ADVANTAGE,0.28125241640599796,0.28300102777088676,0.30599256537960295,Improving,0.28300102777088676,1.7553782840202068,A
00020,商汤科技,2024-10-31,-9.302325581395344,57.269999999999996,1.7342469412902615,0.9166666666666666,1.5116135843744503,T5,1.5431856818096508,0.8007523815051474,↑↑,↑↑,VP_PANIC,6.530736084970029,CBI_TURBULENT,COST_NEUTRAL,-0.04877313477953782,-0.1261757169224551,0.18450488487917482,Deteriorating,-0.1261757169224551,-0.16242929249860913,A
00020,商汤科技,2024-11-30,-4.487179487179493,23.97,-0.3060774552512383,0.5,0.7920912044941345,T3,0.7985980890779675,0.722883475003754,↓,↓,VP_DECLINE_SILENT,20.049909270742507,CBI_TURBULENT,COST_NEUTRAL,0.02696078126511048,-0.05895543672455139,0.1313540246602376,Deteriorating,-0.05895543672455139,-0.18719981173047534,A
00020,商汤科技,2024-12-31,0.0,36.21,0.26513715914183583,0.75,1.1480052840158521,T3,1.1600629735993193,0.40711060321801695,↑,↑,VP_DIVERGENCE_HIGH,10.545576939264802,CBI_TURBULENT,COST_DISADVANTAGE,-0.018237056456352096,-0.06887371171213963,-0.11657763341363336,Deteriorating,-0.06887371171213963,0.0,A
00020,商汤科技,2025-01-31,8.053691275167797,25.11,-0.49584402209353073,0.4166666666666667,0.8253081347576007,T3,0.8606543132847415,-0.5381049043136783,↓,↓,VP_LOCKED_CANDIDATE,24.356291610063636,CBI_TURBULENT,COST_NEUTRAL,-0.016197599369086046,0.1142300901665041,-0.04542952335298622,Improving,0.1142300901665041,0.3207364107991954,A
00020,商汤科技,2025-02-28,1.8633540372670732,64.12,1.7849266373230464,0.9166666666666666,1.6529323308270678,T5,1.7016520058084672,1.8124436775986617,↑↑,↑↑,VP_OVERHEAT,11.409271063360721,CBI_TURBULENT,COST_DISADVANTAGE,-0.0992635476061634,-0.07777062644955168,-0.027642495837824632,Deteriorating,-0.07777062644955168,0.029060418547521415,A
00020,商汤科技,2025-03-31,-9.14634146341463,30.18,-0.4888867995596709,0.5,0.764502237608714,T3,0.7823069020602562,-0.1340551259531627,↓,↓,VP_DECLINE_SILENT,27.73602962967689,CBI_TURBULENT,COST_DISADVANTAGE,-0.026562877359234127,-0.10377576477331651,-0.1125134962023624,Deteriorating,-0.10377576477331651,-0.3030596906366677,A
00020,商汤科技,2025-04-30,0.6711409395973256,21.82,-0.8725040393548681,0.16666666666666666,0.6500173774887046,T2,0.6583614726641913,-0.1314906412147101,↓,↓,VP_SHRINK,34.371834047426525,CBI_ACTIVE,COST_NEUTRAL,0.04658014059829063,0.06308804124258138,-0.10655721094197546,Stable,0.06308804124258138,0.030758063226275233,A
00020,商汤科技,2025-05-31,-6.666666666666677,12.39,-1.4074217490581327,0.08333333333333333,0.39161354896486333,T2,0.3955550752545721,-0.806141934852314,↓,↓,VP_DECLINE_SILENT,36.099153521020654,CBI_ACTIVE,COST_DISADVANTAGE,0.0023196240145193503,-0.05005323052761712,-0.16612006354584385,Deteriorating,-0.05005323052761712,-0.538068334678505,A
00020,商汤科技,2025-06-30,6.428571428571428,20.26,-0.7034451034452501,0.25,0.6991028295376122,T2,0.6982204378425734,-0.32942588568640896,↓,↓,VP_LOCKED_CANDIDATE,31.537630812046636,CBI_ACTIVE,COST_ADVANTAGE,0.018539740493585644,0.03429403261066999,0.03738625731359013,Improving,0.03429403261066999,0.31730362431250875,A
00020,商汤科技,2025-07-31,7.38255033557047,38.79,0.5480956657202455,0.8333333333333334,1.2408829174664107,T4,1.242372418830638,0.7802591450258511,↑,↑,VP_EXPANSION,15.653216025788659,CBI_TURBULENT,COST_NEUTRAL,-0.04020147168253341,-0.01403807410028679,0.1139718199340567,Stable,-0.01403807410028679,0.19032096766100723,A
00020,商汤科技,2025-08-31,33.74999999999999,51.57,1.270590025026887,0.8333333333333334,1.7680132563853495,T4,1.8226148884340636,3.336232297303436,↑↑,↑↑,VP_OVERHEAT,9.172277557978486,CBI_TURBULENT,COST_ADVANTAGE,0.04430281808940495,0.1329302834334145,0.48993730916180067,Deteriorating,0.1329302834334145,0.6544502617801046,A
00020,商汤科技,2025-09-30,35.046728971962615,69.85,2.2118182620567426,1.0,1.952207937395193,T5,1.9888252649765956,2.6072133940539195,↑↑,↑↑,VP_OVERHEAT,3.084367317529475,CBI_TURBULENT,COST_ADVANTAGE,0.06562623347652763,0.20207964988750415,0.40737471987695617,Deteriorating,0.20207964988750415,0.501742719713137,A
00020,商汤科技,2025-10-31,-17.993079584775085,34.06,-0.10008524741174281,0.5833333333333334,0.90058170280275,T3,0.9123395793437211,-0.08420335499027243,→,→,VP_NEUTRAL,11.649193081959913,CBI_TURBULENT,COST_NEUTRAL,-0.023435457544470628,-0.07120889392325847,0.15414466647349,Stable,-0.07120889392325847,-0.5282759713674423,A
00020,商汤科技,2025-11-30,-10.54852320675106,20.35,-0.9413277323403362,0.25,0.5198399182561309,T2,0.5254405103767087,-0.6054132965324771,↓,↓,VP_DECLINE_SILENT,26.48189019095072,CBI_TURBULENT,COST_NEUTRAL,-0.0007473479908141067,-0.022670658218728712,0.03239944849105436,Deteriorating,-0.022670658218728712,-0.5183549487346958,A
00020,商汤科技,2025-12-31,3.7735849056603765,28.18,-0.3951790325748092,0.5,0.6963756177924219,T3,0.7051900308095547,-0.5939016973268301,↓,↓,VP_LOCKED_CANDIDATE,15.931241254820845,CBI_TURBULENT,COST_NEUTRAL,0.06826531898764698,0.059843528516235756,-0.04119552316403663,Improving,0.059843528516235756,0.13391003923564146,A
00020,商汤科技,2026-01-31,12.27272727272728,31.58,-0.22409715324900692,0.5833333333333334,0.804278619635808,T3,0.8353586842530859,-0.02995551522781492,↓,↓,VP_LOCKED_CANDIDATE,12.059827269007934,CBI_TURBULENT,COST_NEUTRAL,-0.011820634489106752,0.00465273837070912,0.0764759353567408,Improving,0.00465273837070912,0.3886234095227131,A
00020,商汤科技,2026-02-28,3.6437246963562764,30.490000000000002,-0.13868965414719184,0.5833333333333334,0.8528273740151975,T3,0.8788934954875847,0.565731735879099,↓,↓,VP_LOCKED_CANDIDATE,11.021523206563224,CBI_TURBULENT,COST_NEUTRAL,-0.001941018225536939,0.01149621553648661,0.11569975486366646,Improving,0.01149621553648661,0.1195055656397598,A
00020,商汤科技,2026-03-31,-28.125,31.94,-0.04694666805414853,0.6666666666666666,1.0851642129105323,T3,1.1063209771088007,0.1766611088688581,↑,→,VP_NEUTRAL,14.09054002550859,CBI_TURBULENT,COST_DISADVANTAGE,-0.028643748316452222,-0.12853976716405657,-0.22168832109596714,Stable,-0.12853976716405657,-0.88055729492799,A
00020,商汤科技,2026-04-30,7.608695652173902,15.77,-1.1787103825058476,0.16666666666666666,0.5976880803486829,T2,0.6118711768323569,-0.49460884771289726,↓,↓,VP_LOCKED_CANDIDATE,28.21317783204879,CBI_TURBULENT,COST_NEUTRAL,-0.015907598160920466,-0.005630427608289468,-0.16246895422283425,Improving,-0.005630427608289468,0.48247911554685496,A
00020,商汤科技,2026-05-31,-16.161616161616166,16.5,-1.1824326246669887,0.16666666666666666,0.6409426388709051,T2,0.6694091396525234,-0.43508068543432565,↓,↓,VP_DECLINE_SILENT,28.865404059577262,CBI_TURBULENT,COST_DISADVANTAGE,-0.02489054749810038,-0.11068484639997778,-0.2978275070757096,Deteriorating,-0.11068484639997778,-0.9794918885827979,A
00020,商汤科技,2026-06-30,-19.277108433734934,24.34,-0.6116082944161764,0.3333333333333333,0.9695923516133315,T2,0.9994248885975808,-0.20391315572242463,→,→,VP_NEUTRAL,27.727972916752247,CBI_TURBULENT,COST_DISADVANTAGE,-0.028740933117173184,-0.11567002325259146,-0.23348088389091048,Stable,-0.11567002325259146,-0.7919929512627335,A
00020,商汤科技,2026-07-31,8.208955223880587,24.64,-0.5006404230240045,0.4166666666666667,1.0289532293986636,T2,1.0519097664297052,0.6112092484717773,→,→,VP_STABLE_ASCENT,23.713580386414545,CBI_TURBULENT,COST_NEUTRAL,0.029028739456547825,0.06214272149988265,-0.17055767286703005,Improving,0.06214272149988265,0.33315565031982897,A
00268,金蝶国际,2010-01-31,0.0,6.86,,,,,,,,,VP_NEUTRAL,,,,-0.07637997687859432,-0.1279192687894205,,Stable,-0.1279192687894205,0.0,A
00268,金蝶国际,2010-02-28,9.333333333333327,4.45,,,,,,,,,VP_NEUTRAL,,,,-0.060029721113215806,-0.046943405493120594,,Stable,-0.046943405493120594,2.0973782771535565,A
00268,金蝶国际,2010-03-31,47.5609756097561,11.34,,,1.5019867549668875,,1.502663355220018,,↑↑,↑↑,VP_OVERHEAT,,,COST_ADVANTAGE,0.026548299696891986,0.10499721252155414,0.23746968067774188,Deteriorating,0.10499721252155414,4.194089559943219,A
00268,金蝶国际,2010-04-30,0.4132231404958775,9.0,,,1.1374407582938388,,1.1380559676155995,0.3159135287574344,↑,↑,VP_DIVERGENCE_HIGH,,,COST_NEUTRAL,-0.05549191056490377,-0.06016242363214375,0.24258319175492282,Deteriorating,-0.06016242363214375,0.04591368227731972,A
00268,金蝶国际,2010-05-31,-14.814814814814826,8.65,,,1.0732009925558315,,1.079106101984833,0.9533298859867272,→,→,VP_NEUTRAL,,,COST_NEUTRAL,0.04461739193868497,-0.0620024125789429,0.058496792976415524,Stable,-0.0620024125789429,-1.7126953543138526,A
00268,金蝶国际,2010-06-30,15.94202898550725,5.75,-1.004116279653282,0.3333333333333333,0.749185667752443,T2,0.7538282566297987,-0.4887030091749427,↓,↓,VP_LOCKED_CANDIDATE,52.77615372515556,CBI_STABLE,COST_NEUTRAL,-0.10281215886782424,-0.014111454218740604,-0.0033104676032649216,Improving,-0.014111454218740604,2.772526780088217,A
00268,金蝶国际,2010-07-31,10.000000000000009,6.15,-0.6718979915195284,0.42857142857142855,0.8138509042787825,T2,0.8193571982840363,-0.309451952922269,↓,↓,VP_LOCKED_CANDIDATE,48.70497781357752,CBI_ACTIVE,COST_NEUTRAL,-0.041695543760446374,-0.05216506339982385,0.09635848563640859,Improving,-0.05216506339982385,1.626016260162603,A
00268,金蝶国际,2010-08-31,-9.848484848484862,6.3100000000000005,-0.5291187035676683,0.5,0.8021186440677966,T2,0.804787212556147,-0.26951199106142143,↓,↓,VP_DECLINE_SILENT,43.81944069295366,CBI_ACTIVE,COST_DISADVANTAGE,-0.03999185383545245,-0.11020497246423844,-0.011616213706571066,Deteriorating,-0.11020497246423844,-1.560774143975414,A
00268,金蝶国际,2010-09-30,23.529411764705888,8.23,0.44409539550530297,0.6666666666666666,1.1199818552959855,T3,1.1306423212277559,0.44520267299659455,↑,↑,VP_EXPANSION,41.74069845913945,CBI_ACTIVE,COST_ADVANTAGE,0.058558582969228556,0.09580516473705791,0.08453841260600248,Improving,0.09580516473705791,2.8589807733542996,A
00268,金蝶国际,2010-10-31,13.265306122448983,6.2,-0.6181676967627858,0.4,0.900944538629208,T2,0.9062181359702245,0.014888334682249038,→,→,VP_STABLE_ASCENT,53.85955997667574,CBI_STABLE,COST_ADVANTAGE,-0.05082967138528338,0.0306112577566946,0.22840575305373756,Improving,0.0306112577566946,2.139565503620804,A
00268,金蝶国际,2010-11-30,4.504504504504503,4.86,-1.2805235051460122,0.18181818181818182,0.7776000000000001,T2,0.7804160732233513,-0.2228595278304365,↓,↓,VP_LOCKED_CANDIDATE,60.66699034975074,CBI_STABLE,COST_NEUTRAL,-0.004501539827207912,-0.02962421535398818,0.28373934553363567,Improving,-0.02962421535398818,0.9268527787046301,A
00268,金蝶国际,2010-12-31,2.011494252873569,2.62,-2.29201092642124,0.08333333333333333,0.45737561827174855,T1,0.46233055455616057,-0.6790662917758077,↓,↓,VP_LOCKED_CANDIDATE,62.32605193986673,CBI_STABLE,COST_NEUTRAL,-0.02847155460296813,-0.03916828741147582,0.030046129857923543,Improving,-0.03916828741147582,0.7677458980433469,A
00268,金蝶国际,2011-01-31,18.028169014084526,8.31,0.6967708866298876,0.75,1.3649055570763755,T4,1.3675149971833858,0.34203039692629544,↑,↑,VP_EXPANSION,34.17388887771494,CBI_ACTIVE,COST_NEUTRAL,-0.036713813257582384,-0.008816818241480284,0.21574458707174649,Stable,-0.008816818241480284,2.1694547550041547,A
00268,金蝶国际,2011-02-28,-7.875894988066834,7.140000000000001,0.0451518283999024,0.5833333333333334,1.1466809421841544,T3,1.1483728987784392,0.4741173745229794,↑,↑,VP_SELLING_ACTIVE,33.32004166055862,CBI_ACTIVE,COST_NEUTRAL,0.05244951220803373,-0.037748239705588604,0.119993820070869,Deteriorating,-0.037748239705588604,-1.1030665249393325,A
00268,金蝶国际,2011-03-31,3.1088082901554515,8.66,1.1100636509090074,0.9166666666666666,1.3749669224662606,T4,1.3740188734185386,2.280048319011133,↑,↑,VP_EXPANSION,35.449365045936304,CBI_ACTIVE,COST_DISADVANTAGE,-0.04533324722809218,-0.023979956480524867,-0.03153830360515186,Stable,-0.023979956480524867,0.3589847910110221,A
00268,金蝶国际,2011-04-30,23.86934673366834,8.11,0.8401075005046897,0.6666666666666666,1.2256926952141056,T4,1.222259779184058,-0.026872166597327274,↑,↑,VP_EXPANSION,31.095456674290524,CBI_ACTIVE,COST_ADVANTAGE,-0.014507599027758666,0.06654915806904338,0.19962717669010077,Stable,0.06654915806904338,2.94319935063728,A
00268,金蝶国际,2011-05-31,-10.344827586206895,5.890000000000001,-0.39975648587415946,0.3333333333333333,0.8676651117112694,T3,0.8650548086366349,-0.1792637371868674,↓,↓,VP_DECLINE_SILENT,44.32828133286214,CBI_ACTIVE,COST_NEUTRAL,-0.025128334911520334,-0.05718050077842218,0.07552781358422833,Deteriorating,-0.05718050077842218,-1.7563374509689125,A
00268,金蝶国际,2011-06-30,-6.561085972850678,4.88,-0.9987142878249491,0.25,0.6810886252616888,T2,0.6811867496294165,-0.43669778080923727,↓,↓,VP_DECLINE_SILENT,49.80419486269521,CBI_ACTIVE,COST_DISADVANTAGE,0.026329785770387026,-0.0206698528149456,-0.08989447848885745,Deteriorating,-0.0206698528149456,-1.3444848305021881,A
00268,金蝶国际,2011-07-31,9.443099273607736,3.76,-1.5257661792518544,0.16666666666666666,0.5868886576482829,T1,0.5861869175065256,-0.5361566794022229,↓,↓,VP_LOCKED_CANDIDATE,51.60135989151874,CBI_STABLE,COST_NEUTRAL,-0.019034407542567022,0.004319344144116943,-0.00395231059797474,Improving,0.004319344144116943,2.511462572768015,A
00268,金蝶国际,2011-08-31,-31.194690265486724,12.38,3.1586154998935085,1.0,1.7005494505494505,T5,1.7027527446818709,1.1088130126406934,↑↑,↑↑,VP_PANIC,21.83519278672879,CBI_TURBULENT,COST_DISADVANTAGE,0.02495856749674119,-0.12173787679697534,-0.3146663022034737,Deteriorating,-0.12173787679697534,-2.519764964901997,A
00268,金蝶国际,2011-09-30,-7.0739549839228255,6.93,0.12011474979523301,0.5833333333333334,0.9911799761620977,T3,0.9937523880653082,0.42323060948676616,→,→,VP_NEUTRAL,29.40895612043885,CBI_TURBULENT,COST_DISADVANTAGE,-0.0676447997376487,-0.11124117571491665,-0.19945373066847516,Stable,-0.11124117571491665,-1.0207727249527887,A
00268,金蝶国际,2011-10-31,8.650519031141869,12.16,2.1168336580590914,0.9166666666666666,1.586086956521739,T5,1.5919605104741759,2.255960315383816,↑↑,↑↑,VP_OVERHEAT,23.01590229248297,CBI_TURBULENT,COST_NEUTRAL,0.002667213190115092,0.09912526239237329,-0.13020232328685533,Deteriorating,0.09912526239237329,0.7113913676925879,A
00268,金蝶国际,2011-11-30,-20.382165605095548,8.08,0.2482345685710218,0.5833333333333334,1.0060178460261464,T3,1.0099060213644064,-0.3434390294926347,→,→,VP_NEUTRAL,17.471731399264833,CBI_TURBULENT,COST_DISADVANTAGE,-0.14040048006492423,-0.16357725476095852,-0.3074859261838021,Stable,-0.16357725476095852,-2.5225452481553896,A
00268,金蝶国际,2011-12-31,-18.399999999999995,12.27,1.743686572202424,0.9166666666666666,1.3245771860381432,T5,1.3284827410705409,0.7787640216148164,↑,↑,VP_SELLING_ACTIVE,17.186679109417653,CBI_TURBULENT,COST_DISADVANTAGE,0.007335334666361826,-0.08411220390835195,-0.23074584824096,Deteriorating,-0.08411220390835195,-1.4995925020374894,A
00268,金蝶国际,2012-01-31,10.784313725490179,8.44,0.08256796918442139,0.6666666666666666,0.8403584467308329,T3,0.8340838896059583,-0.3124767358997115,↓,↓,VP_LOCKED_CANDIDATE,18.475140875587456,CBI_TURBULENT,COST_NEUTRAL,-0.04191495356232566,0.0016211030747659283,-0.14778706716890677,Improving,0.0016211030747659283,1.2777622897500214,A
00268,金蝶国际,2012-02-29,-9.734513274336276,23.4,5.344668791622037,1.0,1.9696969696969695,T5,1.968874552082834,1.8858621250589676,↑↑,↑↑,VP_PANIC,12.852204941213408,CBI_TURBULENT,COST_DISADVANTAGE,-0.013452509560091586,-0.027347923809311725,-0.23074584824096,Deteriorating,-0.027347923809311725,-0.41600484078360156,A
00268,金蝶国际,2012-03-31,-10.784313725490192,11.97,0.44539256590551235,0.6666666666666666,0.9410377358490567,T3,0.939380759301429,-0.029592685425317122,→,→,VP_NEUTRAL,23.65834386050127,CBI_TURBULENT,COST_DISADVANTAGE,0.031135605679201594,-0.03942665865274286,-0.12180193794959426,Stable,-0.03942665865274286,-0.9009451733909934,A
00268,金蝶国际,2012-04-30,-7.692307692307699,3.87,-1.1834940674235337,0.16666666666666666,0.34132000587975897,T2,0.34242064737094213,-0.5364867961116067,↓,↓,VP_DECLINE_SILENT,40.360980834088586,CBI_ACTIVE,COST_DISADVANTAGE,-0.05652974975342351,-0.10004764832357838,-0.18935563503039476,Deteriorating,-0.10004764832357838,-1.987676406281059,A
00268,金蝶国际,2012-05-31,-26.190476190476186,6.87,-0.5516604929983555,0.3333333333333333,0.6168811733014069,T2,0.6145653571648318,-0.707747685564176,↓,↓,VP_DECLINE_SILENT,25.512999751168355,CBI_TURBULENT,COST_DISADVANTAGE,-0.0833413668596048,-0.12897481034762104,-0.4016672544271962,Deteriorating,-0.12897481034762104,-3.812296388715602,A
00268,金蝶国际,2012-06-30,12.096774193548377,7.51,-0.4784412831548795,0.4166666666666667,0.7260715436674186,T3,0.7264908417385336,-0.37237349392417995,↓,↓,VP_LOCKED_CANDIDATE,30.72496396429732,CBI_ACTIVE,COST_NEUTRAL,-0.04282099863086064,0.01917616868085803,-0.0692597198661068,Improving,0.01917616868085803,1.610755551737467,A
00268,金蝶国际,2012-07-31,-38.12949640287769,10.6,0.05022063607852524,0.5833333333333334,0.990345686701962,T3,0.9780524143311375,1.6871951556107603,→,→,VP_NEUTRAL,27.18478499177053,CBI_TURBULENT,COST_DISADVANTAGE,-0.028756999439633835,-0.1672080718048793,-0.4241463014998934,Stable,-0.1672080718048793,-3.5971223021582728,A
00268,金蝶国际,2012-08-31,29.06976744186047,13.47,0.6714594417442896,0.9166666666666666,1.4886719469515564,T4,1.4946588282802715,0.9699491763007748,↑,↑,VP_EXPANSION,12.589113725997455,CBI_TURBULENT,COST_NEUTRAL,-0.04314489446991343,0.023248124934757808,-0.25674697054055995,Stable,0.023248124934757808,2.1581119110512597,A
00268,金蝶国际,2012-09-30,39.63963963963963,10.89,0.02156324992559564,0.5833333333333334,1.227964668295433,T3,1.2351828558250775,0.45590076421274195,↑,↑,VP_EXPANSION,25.787372144045243,CBI_TURBULENT,COST_ADVANTAGE,0.0068397496245831135,0.10842286081881869,0.32761362268062144,Improving,0.10842286081881869,3.640003640003639,A
00268,金蝶国际,2012-10-31,5.806451612903207,6.76,-0.8096422903181779,0.16666666666666666,0.7229946524064171,T2,0.7247762379796938,-0.35257902066112357,↓,↓,VP_LOCKED_CANDIDATE,40.02797880436313,CBI_ACTIVE,COST_NEUTRAL,0.02998537099374521,0.01877899836917507,0.4047008652878832,Improving,0.01877899836917507,0.8589425462874567,A
00268,金蝶国际,2012-11-30,-4.2682926829268215,6.6000000000000005,-0.8048216947059639,0.16666666666666666,0.7092960773777538,T2,0.7072574476763154,-0.5131448969102936,↓,↓,VP_DECLINE_SILENT,40.13576056784794,CBI_ACTIVE,COST_NEUTRAL,-0.03335229767287562,-0.0066580942627786355,0.34474412103779084,Deteriorating,-0.0066580942627786355,-0.6467110125646699,A
00268,金蝶国际,2012-12-31,-10.828025477707016,5.12,-0.9834709514925098,0.16666666666666666,0.5748502994011977,T2,0.5756459613480261,-0.5322009679238882,↓,↓,VP_DECLINE_SILENT,43.849888848122454,CBI_ACTIVE,COST_DISADVANTAGE,-0.055196941559008894,-0.05384772411359584,-0.10444805214163744,Deteriorating,-0.05384772411359584,-2.1148487261146514,A
00268,金蝶国际,2013-01-31,10.71428571428572,9.14,-0.11439944787013032,0.5833333333333334,1.0550211619853789,T3,1.0582939005228382,0.35737078555010915,→,→,VP_STABLE_ASCENT,45.402561758888865,CBI_ACTIVE,COST_DISADVANTAGE,-0.07070752364854616,-0.05660932678445507,-0.008496057728241357,Improving,-0.05660932678445507,1.1722413254141926,A
00268,金蝶国际,2013-02-28,-14.838709677419349,3.3600000000000003,-1.7711253131816027,0.08333333333333333,0.48149032720324825,T1,0.4857813059309744,-0.4827082639009238,↓,↓,VP_DECLINE_SILENT,53.24452872386868,CBI_STABLE,COST_DISADVANTAGE,-0.0888783407872642,-0.09003223488274603,-0.1556224491621152,Deteriorating,-0.09003223488274603,-4.416282642089091,A
00268,金蝶国际,2013-03-31,-6.818181818181824,4.24,-1.1500924830212176,0.25,0.7223168654173765,T2,0.7207056032312548,-0.17203629608329496,↓,↓,VP_DECLINE_SILENT,55.44038526095656,CBI_STABLE,COST_DISADVANTAGE,-0.05726797062703537,-0.05974616929495291,-0.19067421860900036,Deteriorating,-0.05974616929495291,-1.6080617495711846,A
00268,金蝶国际,2013-04-30,0.0,5.4799999999999995,-0.7541379380208286,0.3333333333333333,0.9687684148497349,T2,0.9697892207673023,-0.40160404417512674,→,→,VP_NEUTRAL,55.76148991107823,CBI_STABLE,COST_NEUTRAL,-0.05980943089220647,-0.016391337952864182,-0.19067421860900036,Stable,-0.016391337952864182,0.0,A
00268,金蝶国际,2013-05-31,34.959349593495936,10.71,1.0536342172523265,0.8333333333333334,1.6888304862023658,T4,1.6873596857408064,2.1583087447673996,↑↑,↑↑,VP_OVERHEAT,39.132445831738465,CBI_ACTIVE,COST_ADVANTAGE,-0.0292740725908176,0.054009885118815104,0.09226081065777181,Deteriorating,0.054009885118815104,3.264178300046306,A
00268,金蝶国际,2013-06-30,-16.26506024096386,8.4,0.1755629708770176,0.5833333333333334,1.2194531817082022,T3,1.2176396429319403,0.9860294585368599,↑,↑,VP_SELLING_ACTIVE,56.90508101556149,CBI_STABLE,COST_DISADVANTAGE,-0.00826942864962743,-0.12164678453692601,-0.07651504430344358,Deteriorating,-0.12164678453692601,-1.9363166953528403,A
00268,金蝶国际,2013-07-31,13.669064748201443,6.680000000000001,-0.32303881035836135,0.5,1.0311294057113454,T3,1.0322386647996382,0.2204067732523607,→,→,VP_STABLE_ASCENT,45.179479296912994,CBI_ACTIVE,COST_ADVANTAGE,-0.05376380872878794,0.02086308178169749,0.04971671223061813,Improving,0.02086308178169749,2.0462671778744674,A
00268,金蝶国际,2013-08-31,46.83544303797467,23.24,6.8010362730675515,1.0,2.3734468085106384,T5,2.3746790715298443,1.1718320452326298,↑↑,↑↑,VP_OVERHEAT,17.138306375831036,CBI_TURBULENT,COST_ADVANTAGE,-0.05591759042508415,0.08816240699449263,0.5413561850474897,Deteriorating,0.08816240699449263,2.0152944508594954,A
00268,金蝶国际,2013-09-30,-6.034482758620674,14.690000000000001,1.2586206108900582,0.9166666666666666,1.273699421965318,T4,1.2750189473648785,0.7529469341396817,↑,↑,VP_SELLING_ACTIVE,7.094505858061034,CBI_TURBULENT,COST_NEUTRAL,-0.05649394674384922,-0.0635272896729091,0.03365547096124688,Deteriorating,-0.0635272896729091,-0.410788479143681,A
00268,金蝶国际,2013-10-31,12.385321100917434,19.35,1.90798910094832,0.9166666666666666,1.3976164680390035,T5,1.4000094190778574,1.9003166924608594,↑,↑,VP_EXPANSION,13.459615922088325,CBI_TURBULENT,COST_NEUTRAL,-0.09599356119799363,-0.044738005250650414,0.1616770201169977,Stable,-0.044738005250650414,0.6400682739492214,A
00268,金蝶国际,2013-11-30,-10.204081632653061,7.6000000000000005,-0.3939483621806214,0.5,0.5702851425712856,T3,0.5710905891801842,-0.6722185470767054,↓,↓,VP_DECLINE_SILENT,25.219217556299448,CBI_TURBULENT,COST_NEUTRAL,-0.04155892804445449,-0.07132561652350133,0.0431385486764877,Deteriorating,-0.07132561652350133,-1.342642320085929,A
00268,金蝶国际,2013-12-31,5.000000000000004,15.76,0.9090769878936934,0.8333333333333334,1.0829134218964727,T4,1.0866954015048738,0.07754181345782096,→,→,VP_STABLE_ASCENT,9.282279921101338,CBI_TURBULENT,COST_NEUTRAL,0.03861184155774633,0.061452028176736784,-0.03197850901660915,Stable,0.061452028176736784,0.31725888324873125,A
00268,金蝶国际,2014-01-31,24.675324675324674,38.85,4.490605625739368,1.0,1.9507908611599296,T5,1.959002565025745,1.0198042359595902,↑↑,↑↑,VP_OVERHEAT,5.068148974207878,CBI_TURBULENT,COST_NEUTRAL,0.004061952793141366,-0.04700235798641805,0.20688393681046136,Deteriorating,-0.04700235798641805,0.6351434922863494,A
00268,金蝶国际,2014-02-28,-3.819444444444442,21.43,0.7549351988681303,0.8333333333333334,1.0926240652617267,T4,1.0970705044991729,1.8414376359244176,→,→,VP_NEUTRAL,9.869285441035656,CBI_TURBULENT,COST_NEUTRAL,-0.06468881858979092,-0.0621101984107395,0.16078767533506189,Stable,-0.0621101984107395,-0.17822885881681952,A
00268,金蝶国际,2014-03-31,5.415162454873634,44.1,3.0299857112645254,1.0,1.7988986334897001,T5,1.8037219371716156,1.8123066503146008,↑↑,↑↑,VP_OVERHEAT,5.416786674007668,CBI_TURBULENT,COST_DISADVANTAGE,-0.07860531502567658,-0.07702837541041596,-0.048194352510229854,Deteriorating,-0.07702837541041596,0.12279279943024114,A
00268,金蝶国际,2014-04-30,-22.602739726027398,29.11,0.840642619843909,0.8333333333333334,1.1135479757730313,T4,1.1168315266227806,-0.24772722649145085,↑,↑,VP_SELLING_ACTIVE,5.932703194870221,CBI_TURBULENT,COST_DISADVANTAGE,-0.1409290923255223,-0.1705008498925784,-0.26332850570997246,Deteriorating,-0.1705008498925784,-0.7764596264523325,A
00268,金蝶国际,2014-05-31,10.176991150442504,24.04,0.27100610492226207,0.75,0.8323619366380055,T3,0.8371727176256127,0.1289172843648001,↓,↓,VP_LOCKED_CANDIDATE,8.290591445296398,CBI_TURBULENT,COST_NEUTRAL,-0.008778071286382527,0.06852715207527149,-0.18835751292824388,Improving,0.06852715207527149,0.4233357383711524,A
00268,金蝶国际,2014-06-30,0.0,11.66,-0.9498685434829824,0.25,0.4134996158165376,T2,0.4159506768463026,-0.7337513708397692,↓,↓,VP_SHRINK,20.81074185478505,CBI_TURBULENT,COST_DISADVANTAGE,-0.025323934031652784,-0.05623210805388623,-0.028299801632073907,Stable,-0.05623210805388623,0.0,A
00268,金蝶国际,2014-07-31,7.228915662650581,19.0,-0.35002330815629534,0.4166666666666667,0.7633587786259541,T3,0.7671281788039468,-0.3434371534863163,↓,↓,VP_LOCKED_CANDIDATE,16.95502560305202,CBI_TURBULENT,COST_NEUTRAL,-0.037735120392458965,-0.03842500808283045,0.04194358620175187,Improving,-0.03842500808283045,0.3804692454026622,A
00268,金蝶国际,2014-08-31,-8.239700374531822,15.98,-0.595610658215885,0.4166666666666667,0.666342344846758,T2,0.6684507362477855,-0.3346303613111662,↓,↓,VP_DECLINE_SILENT,21.938049877501225,CBI_TURBULENT,COST_DISADVANTAGE,-0.0329293920095689,-0.0665464005609564,-0.04390944337292413,Deteriorating,-0.0665464005609564,-0.5156258056653205,A
00268,金蝶国际,2014-09-30,-8.163265306122458,9.88,-1.1877874471512873,0.16666666666666666,0.5405306829579649,T2,0.5415615601064419,-0.15229499512934697,↓,↓,VP_DECLINE_SILENT,35.23708648527192,CBI_ACTIVE,COST_DISADVANTAGE,-0.09226761092680769,-0.11116498882693371,-0.15684099417495467,Deteriorating,-0.11116498882693371,-0.826241427745188,A
00268,金蝶国际,2014-10-31,10.666666666666668,9.66,-1.068032085010748,0.16666666666666666,0.6424296164930171,T2,0.6449194232442713,-0.4897996530610621,↓,↓,VP_LOCKED_CANDIDATE,34.337865834046596,CBI_ACTIVE,COST_NEUTRAL,0.0029108937118984546,0.042459281773125745,-0.0669040335536164,Improving,0.042459281773125745,1.104209799861974,A
00268,金蝶国际,2014-11-30,0.0,9.46,-1.1250007255253902,0.08333333333333333,0.7503966155473294,T2,0.7513958093066333,-0.4065284897980541,↓,↓,VP_SHRINK,42.25663760929316,CBI_ACTIVE,COST_DISADVANTAGE,-0.05163656261109795,-0.05307265650472737,-0.0669040335536164,Stable,-0.05307265650472737,0.0,A
00268,金蝶国际,2014-12-31,-9.236947791164674,7.18,-1.229886211591089,0.08333333333333333,0.6053962900505903,T2,0.6064565809572838,-0.2712807346096734,↓,↓,VP_DECLINE_SILENT,42.696805135920535,CBI_ACTIVE,COST_DISADVANTAGE,-0.006834054456374861,-0.04110778397521497,-0.08373322728596311,Deteriorating,-0.04110778397521497,-1.286482979270846,A
00268,金蝶国际,2015-01-31,9.292035398230114,11.19,-0.6761494371288638,0.4166666666666667,1.0598263614838201,T2,1.061743293059618,0.15801910944829345,→,→,VP_STABLE_ASCENT,29.5059269918779,CBI_TURBULENT,COST_NEUTRAL,-0.0379170402380824,-0.004430648873262055,0.0014066055768457986,Improving,-0.004430648873262055,0.8303874350518422,A
00268,金蝶国际,2015-02-28,1.2145748987854255,4.8100000000000005,-1.1779037595685349,0.08333333333333333,0.5530854733614412,T2,0.5531902125592655,-0.49120921835047404,↓,↓,VP_SHRINK,42.59603573204492,CBI_ACTIVE,COST_NEUTRAL,-0.023393503463624565,-0.006271502619018099,0.013569438842961246,Stable,-0.006271502619018099,0.2525103739678639,A
00268,金蝶国际,2015-03-31,28.000000000000004,26.03,1.7143230935306064,0.9166666666666666,2.285672471827894,T5,2.288005189634454,2.63214308279131,↑↑,↑↑,VP_OVERHEAT,14.301353322554226,CBI_TURBULENT,COST_ADVANTAGE,0.02276706540916207,0.08436572120346719,0.1526418888301051,Deteriorating,0.08436572120346719,1.0756819054936613,A
00268,金蝶国际,2015-04-30,42.81250000000001,60.39,7.146528976605991,1.0,3.04333949269276,T5,3.047648858913902,4.412945204431904,↑↑,↑↑,VP_OVERHEAT,23.78868035661936,CBI_TURBULENT,COST_ADVANTAGE,0.09627614473602741,0.09246765895638775,0.6461166974854939,Deteriorating,0.09246765895638775,0.7089335982778607,A
00268,金蝶国际,2015-05-31,34.7921225382932,40.6,1.5960681777324173,0.9166666666666666,1.6218375499334223,T5,1.6597592996128228,7.737116752759485,↑↑,↑↑,VP_OVERHEAT,3.3103144339245625,CBI_TURBULENT,COST_ADVANTAGE,0.013109727321920728,0.14904737541043622,1.2188356359979524,Deteriorating,0.14904737541043622,0.8569488309924433,A
00268,金蝶国际,2015-06-30,-25.649350649350655,26.56,0.43665836737051034,0.8333333333333334,0.9397334591343319,T3,1.0259955448646176,0.14466272297656424,→,→,VP_NEUTRAL,8.297349692796713,CBI_TURBULENT,COST_DISADVANTAGE,-0.11043777133842692,-0.12675058333013145,-0.04502450034465333,Stable,-0.12675058333013145,-0.965713503364106,A
00268,金蝶国际,2015-07-31,-27.7292576419214,46.04,1.5820256514383644,0.9166666666666666,1.351269383162941,T5,1.4502310151968076,-0.14087597833671484,↑,↑,VP_SELLING_ACTIVE,1.1925652911831497,CBI_TURBULENT,COST_DISADVANTAGE,-0.08203572462519981,-0.08836613641226476,-0.30983211706131064,Deteriorating,-0.08836613641226476,-0.6022862215882147,A
00268,金蝶国际,2015-08-31,-20.84592145015105,25.830000000000002,0.1644314123030479,0.5833333333333334,0.687425149700599,T3,0.7312785520122858,-0.3042305503551114,↓,↓,VP_DECLINE_SILENT,10.914595277892882,CBI_TURBULENT,COST_DISADVANTAGE,-0.03906438923386857,-0.15488375874158478,-0.45370397181288036,Deteriorating,-0.15488375874158478,-0.8070430294289992,A
00268,金蝶国际,2015-09-30,9.160305343511443,24.7,0.020636632497442135,0.5,0.6612529002320185,T3,0.6940907187042605,-0.0631095095909624,↓,↓,VP_LOCKED_CANDIDATE,0.8887159462724656,CBI_TURBULENT,COST_NEUTRAL,-0.07078853541368224,0.0014054729337715788,-0.13084675308449312,Improving,0.0014054729337715788,0.3708625645146333,A
00268,金蝶国际,2015-10-31,10.839160839160833,18.36,-0.43809743281534697,0.4166666666666667,0.6049755615355045,T3,0.6180546612547851,-0.6005191808077256,↓,↓,VP_LOCKED_CANDIDATE,10.302372556011267,CBI_TURBULENT,COST_DISADVANTAGE,-0.028190136150889722,-0.03492716226092585,-0.03663783471253257,Improving,-0.03492716226092585,0.5903682374270607,A
00268,金蝶国际,2015-11-30,17.034700315457417,25.28,-0.07649953475237221,0.5,0.9095161000179889,T3,0.9119173193454175,-0.019555334786661605,→,→,VP_STABLE_ASCENT,6.243576603445366,CBI_TURBULENT,COST_ADVANTAGE,-0.046440091409433726,0.0307242429921204,0.12746802309668914,Improving,0.0307242429921204,0.6738409934911953,A
00268,金蝶国际,2015-12-31,-5.121293800539084,9.22,-1.2627831743248084,0.16666666666666666,0.37020678578598676,T2,0.3708211638001728,-0.6260915053293352,↓,↓,VP_DECLINE_SILENT,30.625810631707264,CBI_ACTIVE,COST_NEUTRAL,-0.0228694149193589,-0.041456687564046524,0.004888477991839002,Deteriorating,-0.041456687564046524,-0.5554548590606381,A
00268,金蝶国际,2016-01-31,-25.284090909090917,17.6,-0.6825679613806785,0.25,0.8727994049094966,T2,0.874658171010008,-0.03915943840119518,↓,↓,VP_DECLINE_SILENT,28.539669660783275,CBI_TURBULENT,COST_DISADVANTAGE,0.02765985908591051,-0.06397637480587204,-0.2491884383185976,Deteriorating,-0.06397637480587204,-1.4365960743801656,A
00268,金蝶国际,2016-02-29,-3.802281368821292,10.01,-1.3844650051146912,0.16666666666666666,0.5710754017305315,T2,0.5733547302881672,-0.6023553025911937,↓,↓,VP_DECLINE_SILENT,29.831896739095775,CBI_TURBULENT,COST_DISADVANTAGE,-0.06598486858017738,-0.047849368842422524,-0.2777364064433657,Deteriorating,-0.047849368842422524,-0.37984828859353564,A
00268,金蝶国际,2016-03-31,-2.766798418972327,24.330000000000002,-0.22584413936328812,0.4166666666666667,1.3929389312977098,T3,1.3948710573892293,1.6448061202929312,↑,↑,VP_SELLING_ACTIVE,23.453575851644803,CBI_TURBULENT,COST_DISADVANTAGE,-0.05521468213740888,-0.06497820295300638,-0.08772009505870904,Deteriorating,-0.06497820295300638,-0.11371962264580053,A
00268,金蝶国际,2016-04-30,1.2195121951219523,16.3,-0.7583716339065961,0.25,0.9519174615534358,T2,0.9536335798168214,-0.07191887170840339,→,→,VP_NEUTRAL,26.853346204222444,CBI_TURBULENT,COST_DISADVANTAGE,-0.03705277526160766,-0.059019345475975316,-0.07659473036430298,Stable,-0.059019345475975316,0.07481669908723633,A
00268,金蝶国际,2016-05-31,5.2208835341365445,7.65,-1.5197837864117527,0.08333333333333333,0.5393020796616144,T1,0.5412304290716388,-0.23406274614441036,↓,↓,VP_LOCKED_CANDIDATE,36.38644548828305,CBI_ACTIVE,COST_NEUTRAL,0.04410881080084783,0.04721425749689012,-0.028384816688543757,Improving,0.04721425749689012,0.6824684358348424,A
00268,金蝶国际,2016-06-30,-10.305343511450381,8.36,-1.176097338201948,0.16666666666666666,0.5953709198813056,T2,0.5972108081770787,-0.6549897630316321,↓,↓,VP_DECLINE_SILENT,35.81601112055186,CBI_ACTIVE,COST_DISADVANTAGE,-0.038894385934643894,-0.06584957835171534,-0.08849073766048465,Deteriorating,-0.06584957835171534,-1.2326965922787538,A
00268,金蝶国际,2016-07-31,2.553191489361706,12.92,-0.5941140954472913,0.4166666666666667,0.9742365213019981,T2,0.978225448122675,-0.2032148358725846,→,→,VP_STABLE_ASCENT,26.612654052390898,CBI_TURBULENT,COST_NEUTRAL,-0.013186638838076359,-0.0017337564114534576,-0.06521816074968845,Improving,-0.0017337564114534576,0.1976154403530732,A
00268,金蝶国际,2016-08-31,22.406639004149387,24.97,1.4069540810816072,0.9166666666666666,1.584893684544589,T4,1.5888297590960754,2.270091545154134,↑↑,↑↑,VP_OVERHEAT,5.806175479429614,CBI_TURBULENT,COST_ADVANTAGE,-0.023141962732899812,0.028949792139586483,0.14423503144747674,Deteriorating,0.028949792139586483,0.897342371011189,A
00268,金蝶国际,2016-09-30,2.372881355932188,16.72,0.124920136492071,0.5833333333333334,1.1541647491946618,T3,1.1549410822788797,1.0023200321927264,↑,↑,VP_EXPANSION,22.57019707182485,CBI_TURBULENT,COST_NEUTRAL,-0.01748235002278975,-0.03307436773678918,0.06404171749389298,Improving,-0.03307436773678918,0.14191874138350408,A
00268,金蝶国际,2016-10-31,2.98013245033113,9.09,-1.0337669143231325,0.25,0.6842303349642455,T2,0.685592524509645,-0.29558579334987745,↓,↓,VP_LOCKED_CANDIDATE,29.049364312354946,CBI_TURBULENT,COST_NEUTRAL,-0.019776891116253137,-0.011406535425381836,0.09575157000198908,Improving,-0.011406535425381836,0.32784735427185147,A
00268,金蝶国际,2016-11-30,6.7524115755627,13.91,-0.06368008655271376,0.5833333333333334,0.970803768756543,T3,0.9731406174621628,-0.4413143422052195,→,→,VP_STABLE_ASCENT,18.359819156965337,CBI_TURBULENT,COST_ADVANTAGE,0.05955255416804972,0.02690057345451402,0.16974122585421347,Improving,0.02690057345451402,0.4854357710684903,A
00268,金蝶国际,2016-12-31,-13.253012048192769,12.61,-0.3676649383921751,0.4166666666666667,0.8386167146974063,T3,0.8390980922057676,-0.24436908991632567,↓,↓,VP_DECLINE_SILENT,20.660177798336647,CBI_TURBULENT,COST_DISADVANTAGE,-0.0033495049837798385,-0.07809456351538391,-0.09211147642363371,Deteriorating,-0.07809456351538391,-1.0509922322119563,A
00268,金蝶国际,2017-01-31,1.736111111111116,6.84,-1.3076594851170737,0.08333333333333333,0.4877584977418588,T2,0.48687479036968995,-0.24974731726729427,↓,↓,VP_LOCKED_CANDIDATE,36.1503541288792,CBI_ACTIVE,COST_NEUTRAL,-0.013420546016723933,-0.016070068875634114,-0.07634952288932173,Improving,-0.016070068875634114,0.2538174139051339,A
00268,金蝶国际,2017-02-28,1.0238907849829282,12.38,-0.26737135999864153,0.4166666666666667,1.0381551362683439,T3,1.0327771753296107,-0.11725153152736079,→,→,VP_NEUTRAL,27.74027673440151,CBI_TURBULENT,COST_DISADVANTAGE,-0.027774363235642974,-0.04692009591916568,-0.06689235076873468,Stable,-0.04692009591916568,0.08270523303577772,A
00268,金蝶国际,2017-03-31,7.094594594594583,28.05,3.0459138627082845,1.0,2.0306467181467185,T5,2.027701465364931,1.216527318878283,↑↑,↑↑,VP_OVERHEAT,9.077916680358761,CBI_TURBULENT,COST_DISADVANTAGE,-0.028013022161404,-0.03084390432992634,-0.004791356065804164,Deteriorating,-0.03084390432992634,0.2529267235149584,A
00268,金蝶国际,2017-04-30,2.5236593059936974,11.2,-0.41770601661305995,0.4166666666666667,0.7906812566184257,T3,0.7913872668507272,0.6392670499241184,↓,↓,VP_LOCKED_CANDIDATE,26.63123820918544,CBI_TURBULENT,COST_NEUTRAL,0.002992001636507924,0.019216257168410245,0.02032431949089486,Improving,0.019216257168410245,0.22532672374943727,A
00268,金蝶国际,2017-05-31,-5.538461538461547,8.52,-0.9051249546402347,0.25,0.6422110552763819,T2,0.6380802437247742,-0.3142422685684356,↓,↓,VP_DECLINE_SILENT,35.26665739719468,CBI_ACTIVE,COST_DISADVANTAGE,-0.019177447620198462,-0.03986103205222913,-0.036185950511677945,Deteriorating,-0.03986103205222913,-0.6500541711809328,A
00268,金蝶国际,2017-06-30,4.56026058631922,8.97,-0.8384288595940335,0.25,0.7085308056872037,T2,0.7038142217300628,-0.6829293072852987,↓,↓,VP_LOCKED_CANDIDATE,38.12319083307385,CBI_ACTIVE,COST_ADVANTAGE,-0.001958381778308649,0.02854978472745029,0.012553248279257634,Improving,0.02854978472745029,0.5083902548850858,A
00268,金蝶国际,2017-07-31,0.0,9.61,-0.6625790860865495,0.4166666666666667,0.7323764765654769,T2,0.7275181733414039,-0.15209544035826839,↓,↓,VP_SHRINK,28.497310886175196,CBI_TURBULENT,COST_NEUTRAL,-0.026666406298458623,-0.037597768488780714,0.012553248279257634,Stable,-0.037597768488780714,0.0,A
00268,金蝶国际,2017-08-31,2.492211838006231,11.75,-0.14069600873812343,0.5833333333333334,0.9026888604353392,T3,0.8992295572440573,0.3779122580031635,↓,→,VP_NEUTRAL,25.25079120413276,CBI_TURBULENT,COST_NEUTRAL,-0.017726345011317535,0.010592166917912316,0.037788220198989864,Stable,0.010592166917912316,0.21210313514946647,A
00268,金蝶国际,2017-09-30,3.3434650455927084,16.63,0.8369013969228706,0.9166666666666666,1.4964007198560285,T4,1.4947432207166538,0.8562536197912232,↑,↑,VP_EXPANSION,13.33991483515446,CBI_TURBULENT,COST_DISADVANTAGE,-0.024262595819326327,-0.06428877202371985,-0.012004191220886806,Stable,-0.06428877202371985,0.20105021320461267,A
00268,金蝶国际,2017-10-31,21.76470588235293,21.080000000000002,1.5148667998324663,0.9166666666666666,1.652037617554859,T5,1.6518670223844079,1.1972693940846804,↑↑,↑↑,VP_OVERHEAT,13.181602248690794,CBI_TURBULENT,COST_NEUTRAL,-0.026632556814906172,0.010503596257095404,0.20303019068986128,Deteriorating,0.010503596257095404,1.032481303716932,A
00268,金蝶国际,2017-11-30,-2.898550724637683,22.31,1.4849367263048106,0.9166666666666666,1.4815716657443276,T4,1.4781120126454623,0.8918829453149912,↑,↑,VP_SELLING_ACTIVE,13.533699809529212,CBI_TURBULENT,COST_NEUTRAL,-0.09505497032966825,-0.09023854612228044,0.1681597503800103,Deteriorating,-0.09023854612228044,-0.12992159231903555,A
00268,金蝶国际,2017-12-31,8.457711442786087,11.02,-0.5056463353898993,0.4166666666666667,0.7155844155844155,T2,0.7151309157962175,-0.33886196981803873,↓,↓,VP_LOCKED_CANDIDATE,24.274422791528874,CBI_TURBULENT,COST_ADVANTAGE,0.009687589673744279,0.07182633548032902,0.03249050904406947,Improving,0.07182633548032902,0.7674874267500986,A
00268,金蝶国际,2018-01-31,15.825688073394485,21.21,1.059512623042375,0.8333333333333334,1.2236538461538462,T4,1.221266857591012,0.002853611263796463,↑,↑,VP_EXPANSION,13.199980517331822,CBI_TURBULENT,COST_ADVANTAGE,-0.019361765456035518,0.03317979804805504,0.19588923639278688,Stable,0.03317979804805504,0.7461427663080851,A
00268,金蝶国际,2018-02-28,10.89108910891088,15.11,-0.05900290447152522,0.5833333333333334,0.8444485842026824,T3,0.8456772998836406,-0.32050720678658906,↓,↓,VP_LOCKED_CANDIDATE,20.99211214051244,CBI_TURBULENT,COST_ADVANTAGE,0.0571255882153765,0.10434149416395821,0.3261345987721993,Improving,0.10434149416395821,0.7207868371218319,A
00268,金蝶国际,2018-03-31,40.35714285714287,47.92,6.7263453997788485,1.0,2.0737107825459793,T5,2.075150404262523,3.3524287883350476,↑↑,↑↑,VP_OVERHEAT,1.7031701594922626,CBI_TURBULENT,COST_ADVANTAGE,-0.027095397810746658,0.11821623890726074,0.2802587210477072,Deteriorating,0.11821623890726074,0.8421774385881232,A
00268,金蝶国际,2018-04-30,-2.5445292620865145,28.12,0.9738012130011847,0.9166666666666666,1.1580753655020934,T4,1.2046168044009018,0.3948345684329797,↑,↑,VP_SELLING_ACTIVE,4.099723473363242,CBI_TURBULENT,COST_NEUTRAL,0.02421273699581783,-0.03885000468067701,0.24768216326023373,Deteriorating,-0.03885000468067701,-0.09048823833878074,A
00268,金蝶国际,2018-05-31,12.140992167101828,25.92,0.6055695135828426,0.8333333333333334,1.0416610850636305,T4,1.1381019933327052,0.9305617717707668,↑,→,VP_NEUTRAL,8.955370328302473,CBI_TURBULENT,COST_NEUTRAL,-0.06754706628779716,-0.008015738635791636,0.3991631569719851,Stable,-0.008015738635791636,0.4684024755826322,A
00268,金蝶国际,2018-06-30,-6.752037252619325,19.21,-0.17073991447120979,0.5,0.7318559908565623,T3,0.7896036656738948,-0.5481027063282364,↓,↓,VP_DECLINE_SILENT,22.47590943096975,CBI_TURBULENT,COST_DISADVANTAGE,0.04020837992621895,-0.03793462339762976,-0.036822392447370955,Deteriorating,-0.03793462339762976,-0.3514855415210476,A
00268,金蝶国际,2018-07-31,8.239700374531832,22.15,0.03157334421124394,0.6666666666666666,0.8388562772202234,T3,0.8917913531207691,-0.15156821934669584,↓,↓,VP_LOCKED_CANDIDATE,8.849242128123956,CBI_TURBULENT,COST_NEUTRAL,-0.07775962870274533,0.008075738781160524,0.0425405564895498,Improving,0.008075738781160524,0.37199550223620015,A
00268,金蝶国际,2018-08-31,2.8835063437139485,35.24,1.358461090651051,0.9166666666666666,1.1841397849462365,T4,1.2384305222069447,0.36585578929763685,↑,↑,VP_EXPANSION,3.4974383035993357,CBI_TURBULENT,COST_NEUTRAL,-0.02201478545145541,-0.022347047809492926,0.07260227957171672,Stable,-0.022347047809492926,0.0818248111156058,A
00268,金蝶国际,2018-09-30,-4.7085201793722,13.54,-1.1419860019681989,0.16666666666666666,0.5634623387432376,T2,0.5726867216839092,-0.29216916960566086,↓,↓,VP_DECLINE_SILENT,27.933617413123212,CBI_TURBULENT,COST_NEUTRAL,-0.006589310947880622,0.0035287888025210545,-0.03799448248790538,Deteriorating,0.0035287888025210545,-0.3477489054189217,A
00268,金蝶国际,2018-10-31,-24.941176470588232,23.509999999999998,-0.028382905716950995,0.6666666666666666,1.0106756466289317,T3,1.0128711798807564,0.06346130583598164,→,→,VP_NEUTRAL,8.783465190096248,CBI_TURBULENT,COST_DISADVANTAGE,-0.05978433320232546,-0.07321761928523585,-0.27792997626739246,Stable,-0.07321761928523585,-1.060875222058198,A
00268,金蝶国际,2018-11-30,21.943573667711604,14.35,-0.9509784185533029,0.25,0.6726562500000001,T2,0.6746748424222816,-0.5916715553974808,↓,↓,VP_LOCKED_CANDIDATE,26.681562831889305,CBI_TURBULENT,COST_NEUTRAL,0.029291262812900953,0.06460429314957472,-0.11948200867716507,Improving,0.06460429314957472,1.5291688967046415,A
00268,金蝶国际,2018-12-31,-11.311053984575835,9.89,-1.4762505535153176,0.08333333333333333,0.5000000000000001,T2,0.500489910217594,-0.2688842410222845,↓,↓,VP_DECLINE_SILENT,30.101561076065114,CBI_ACTIVE,COST_DISADVANTAGE,0.04403127710547472,-0.07675665585038793,-0.03275691848329432,Deteriorating,-0.07675665585038793,-1.1436859438398215,A
00268,金蝶国际,2019-01-31,8.695652173913038,12.34,-1.0295580098189518,0.16666666666666666,0.6800771562413889,T2,0.6803317460989993,-0.4748861651028724,↓,↓,VP_LOCKED_CANDIDATE,32.429685581234416,CBI_ACTIVE,COST_ADVANTAGE,0.013236869779712057,0.07271981235255032,0.051351175561636486,Improving,0.07271981235255032,0.704671975195546,A
00268,金蝶国际,2019-02-28,13.06666666666667,10.450000000000001,-1.160826607312618,0.16666666666666666,0.7457183634633683,T2,0.7476504912100728,-0.27068989640061003,↓,↓,VP_LOCKED_CANDIDATE,30.299594172545234,CBI_ACTIVE,COST_NEUTRAL,0.01106938303762095,0.015204424675347328,0.18872772916835712,Improving,0.015204424675347328,1.2503987240829348,A
00268,金蝶国际,2019-03-31,6.839622641509435,26.77,0.9261888924023791,0.8333333333333334,1.6506011715137194,T4,1.6518490667927364,1.7107887227609462,↑↑,↑↑,VP_OVERHEAT,10.176672517301817,CBI_TURBULENT,COST_NEUTRAL,0.01471060667565971,-0.03320719637013081,0.057843762125027176,Deteriorating,-0.03320719637013081,0.2554958028206737,A
00268,金蝶国际,2019-04-30,5.739514348785857,10.08,-1.2097926111108488,0.16666666666666666,0.721030042918455,T2,0.7220540909218999,-0.1807197791912919,↓,↓,VP_LOCKED_CANDIDATE,30.562287523365995,CBI_ACTIVE,COST_NEUTRAL,-0.035719666673022066,0.009020871097531025,0.11855885663992938,Improving,0.009020871097531025,0.5693962647605016,A
00268,金蝶国际,2019-05-31,-8.977035490605424,10.03,-1.012791143575452,0.16666666666666666,0.7564102564102564,T2,0.7590658064412112,-0.03772452392455816,↓,↓,VP_DECLINE_SILENT,29.982990902970236,CBI_TURBULENT,COST_NEUTRAL,0.0009531414041148434,0.009392712419710625,0.01814543109605271,Deteriorating,0.009392712419710625,-0.895018493579803,A
00268,金蝶国际,2019-06-30,-3.2110091743119407,11.35,-0.7098314008282879,0.4166666666666667,0.8405332016785977,T2,0.841932973828202,-0.5749204480355611,↓,↓,VP_DECLINE_SILENT,17.220774214856714,CBI_TURBULENT,COST_NEUTRAL,0.004142308950456641,-0.011904091965483588,-0.04928724356490455,Deteriorating,-0.011904091965483588,-0.28290829729620626,A
00268,金蝶国际,2019-07-31,-10.426540284360186,19.7,0.4384060281063239,0.75,1.3374066530889341,T3,1.3398293068893479,0.9591133802546019,↑,↑,VP_SELLING_ACTIVE,1.1274761012462866,CBI_TURBULENT,COST_NEUTRAL,-0.01822589588198531,0.012848539512333002,-0.1484136921031609,Deteriorating,0.012848539512333002,-0.529266004282243,A
00268,金蝶国际,2019-08-31,-6.21693121693121,15.03,0.053437650682248185,0.75,0.9700946643717728,T3,0.9712723862308572,0.4978191063349755,→,→,VP_NEUTRAL,12.844771847541473,CBI_TURBULENT,COST_DISADVANTAGE,0.014819552771217381,-0.03459939569420878,-0.20135622711791146,Stable,-0.03459939569420878,-0.41363481150573583,A
00268,金蝶国际,2019-09-30,16.36107193229901,13.57,-0.22954000386742288,0.5833333333333334,1.0208124373119358,T3,1.0213415608068013,0.1969755449224675,→,→,VP_STABLE_ASCENT,14.990408676716589,CBI_TURBULENT,COST_NEUTRAL,-0.02347662275982154,0.0025151552572868496,0.07959236748700382,Improving,0.0025151552572868496,1.2056795823359623,A
00268,金蝶国际,2019-10-31,4.363636363636347,8.6,-1.0873030465689044,0.08333333333333333,0.6591722023505365,T2,0.6592817332506622,-0.5634645808545987,↓,↓,VP_LOCKED_CANDIDATE,36.57915076578549,CBI_ACTIVE,COST_NEUTRAL,0.01935863502915347,0.01939152111481013,0.12670185261370936,Improving,0.01939152111481013,0.5073995771670171,A
00268,金蝶国际,2019-11-30,-9.988385598141692,7.48,-1.1545026930902704,0.08333333333333333,0.5926317179453321,T2,0.5943772480796728,-0.500684481693682,↓,↓,VP_DECLINE_SILENT,36.32929401183105,CBI_ACTIVE,COST_NEUTRAL,-0.019923435067503048,-0.06678870769727885,0.014162527033245942,Deteriorating,-0.06678870769727885,-1.335345668200761,A
00268,金蝶国际,2019-12-31,0.3870967741935516,5.71,-1.4024725543756371,0.08333333333333333,0.48880011413896424,T2,0.48776857367069054,-0.5800753380802673,↓,↓,VP_SHRINK,38.76166789673136,CBI_ACTIVE,COST_DISADVANTAGE,-0.03213291738558666,-0.026262084688527643,-0.06018270535364911,Stable,-0.026262084688527643,0.06779278006892323,A
00268,金蝶国际,2020-01-31,8.097686375321334,12.16,-0.07886529835837862,0.6666666666666666,1.1664268585131896,T3,1.1661563165596696,0.4137809186783119,↑,↑,VP_EXPANSION,19.455753665561584,CBI_TURBULENT,COST_NEUTRAL,-0.020004033037202995,-0.048066579909998186,0.015920751667841904,Improving,-0.048066579909998186,0.6659281558652413,A
00268,金蝶国际,2020-02-29,18.43043995243758,12.18,-0.1029887967350683,0.6666666666666666,1.2241206030150753,T3,1.2264241665819966,0.6276001786557168,↑,↑,VP_EXPANSION,20.509078257662818,CBI_TURBULENT,COST_NEUTRAL,-0.02795829877307776,-0.014587668677591425,0.20315941576833607,Improving,-0.014587668677591425,1.513172409888143,A
00268,金蝶国际,2020-03-31,3.714859437751006,16.59,1.4068519834765587,0.9166666666666666,1.5870535714285714,T4,1.5903169243555177,1.9219768914781286,↑↑,↑↑,VP_OVERHEAT,38.02930195308134,CBI_ACTIVE,COST_ADVANTAGE,0.015585303066678824,0.0750954242069859,0.08421340339730543,Deteriorating,0.0750954242069859,0.2239216056510552,A
00268,金蝶国际,2020-04-30,9.099709583736693,13.530000000000001,0.3823042069634183,0.6666666666666666,1.2,T3,1.2017880169395814,0.11699450512537823,↑,↑,VP_EXPANSION,20.028009461914117,CBI_TURBULENT,COST_NEUTRAL,-0.043223426607292836,0.0018957653885194325,0.1828736743744077,Improving,0.0018957653885194325,0.6725579884506055,A
00268,金蝶国际,2020-05-31,20.67435669920141,13.64,0.33190588064874976,0.75,1.1087928464977646,T3,1.111255702791722,0.12246068266456889,↑,↑,VP_EXPANSION,19.47041277197015,CBI_TURBULENT,COST_ADVANTAGE,0.01205357958171005,0.05897285085106674,0.42742519711552296,Improving,0.05897285085106674,1.5157153005279627,A
00268,金蝶国际,2020-06-30,32.49999999999999,11.36,-0.3103889898249441,0.3333333333333333,0.8577900830606594,T3,0.8596726163204357,-0.3139236772424775,↓,↓,VP_LOCKED_CANDIDATE,38.88403119167823,CBI_ACTIVE,COST_ADVANTAGE,0.0807214513386052,0.18774528024861525,0.389281798808941,Improving,0.18774528024861525,2.860915492957746,A
00268,金蝶国际,2020-07-31,18.756936736958927,19.37,2.3995476411659054,1.0,1.3409484250605745,T5,1.3408498388879033,0.431951862953611,↑,↑,VP_EXPANSION,14.749097407741482,CBI_TURBULENT,COST_ADVANTAGE,0.06201885571652621,0.13277906178463827,0.6498685069096191,Stable,0.13277906178463827,0.9683498573546168,A
00268,金蝶国际,2020-08-31,-7.663551401869151,18.92,1.793524127099706,0.9166666666666666,1.215287442457981,T5,1.2178348087951385,0.38990836227810255,↑,↑,VP_SELLING_ACTIVE,7.815802336915838,CBI_TURBULENT,COST_NEUTRAL,0.038366697686691875,0.0063927549549178675,0.5234299858193494,Deteriorating,0.0063927549549178675,-0.4050502855110545,A
00268,金蝶国际,2020-09-30,1.2145748987854255,11.21,-0.35029310372215455,0.3333333333333333,0.764057707599682,T3,0.7906650933851774,0.025807368344785697,↓,↓,VP_SHRINK,28.89875363692296,CBI_TURBULENT,COST_ADVANTAGE,0.03309523159145056,0.054230494096263904,0.0421008209353968,Stable,0.054230494096263904,0.10834744859816461,A
00268,金蝶国际,2020-10-31,1.750000000000007,10.84,-0.5148319026459339,0.25,0.7621279587532224,T2,0.7842339573485537,-0.41743505664516456,↓,↓,VP_LOCKED_CANDIDATE,35.037585749594754,CBI_ACTIVE,COST_NEUTRAL,-0.014177400033665188,-0.07532989087121678,0.06033758530176625,Improving,-0.07532989087121678,0.16143911439114456,A
00268,金蝶国际,2020-11-30,32.92383292383292,11.56,-0.4462599048222748,0.4166666666666667,0.8330530867163104,T3,0.8531186471570017,-0.36512463422764063,↓,↓,VP_LOCKED_CANDIDATE,35.43386390925782,CBI_ACTIVE,COST_ADVANTAGE,0.03991214062181947,0.09844088381695526,0.4094413603151241,Improving,0.09844088381695526,2.848082432857519,A
00268,金蝶国际,2020-12-31,16.8207024029575,9.85,-1.3176578725244106,0.08333333333333333,0.7229357798165137,T2,0.7349342309075767,-0.12283038757312081,↓,↓,VP_LOCKED_CANDIDATE,42.81103680133544,CBI_ACTIVE,COST_ADVANTAGE,0.15887562000337674,0.1811286827630667,0.29535209695359343,Improving,0.1811286827630667,1.7076855231428936,A
00268,金蝶国际,2021-01-31,-0.9493670886076,17.29,1.1875480497015696,0.8333333333333334,1.302121250156897,T4,1.3156604618761192,0.5983784581855951,↑,↑,VP_DIVERGENCE_HIGH,33.299043937611685,CBI_ACTIVE,COST_ADVANTAGE,-0.038430558709687146,0.022204704256981955,0.2830544504635275,Deteriorating,0.022204704256981955,-0.05490844931218045,A
00268,金蝶国际,2021-02-28,-11.02236421725239,11.46,-0.7771956301950188,0.4166666666666667,0.9522226838388037,T2,0.9542612639519199,-0.006618768283223386,→,→,VP_NEUTRAL,43.43105860002641,CBI_ACTIVE,COST_NEUTRAL,-0.0941857215446591,-0.15915847828795515,0.14163151582777145,Stable,-0.15915847828795515,-0.961811886322198,A
00268,金蝶国际,2021-03-31,-13.464991023339312,16.78,0.9937563585897056,0.75,1.2944201594240166,T4,1.2945843559035597,0.7083261578714515,↑,↑,VP_SELLING_ACTIVE,32.75221154320893,CBI_ACTIVE,COST_DISADVANTAGE,-0.05263675406473989,-0.07164627872739449,-0.18399704191327781,Deteriorating,-0.07164627872739449,-0.8024428500202212,A
00268,金蝶国际,2021-04-30,6.639004149377592,6.1,-2.289604609583128,0.08333333333333333,0.5010952902519167,T1,0.501613697412844,-0.647047258342629,↓,↓,VP_LOCKED_CANDIDATE,46.11058807957052,CBI_ACTIVE,COST_NEUTRAL,-0.02320722809589515,0.021919969848013476,-0.1298225716668564,Improving,0.021919969848013476,1.0883613359635398,A
00268,金蝶国际,2021-05-31,22.957198443579774,9.23,-0.969518340582868,0.16666666666666666,0.7831989817564702,T2,0.7816809918043923,-0.19767165042689927,↓,↓,VP_LOCKED_CANDIDATE,40.65895882787876,CBI_ACTIVE,COST_ADVANTAGE,0.07871370100458774,0.2061164797571069,0.06994578736682255,Improving,0.2061164797571069,2.4872371011462375,A
00268,金蝶国际,2021-06-30,-16.61392405063291,8.7,-1.0197862232562518,0.16666666666666666,0.7504312823461758,T2,0.7500106320912572,-0.4816589364610203,↓,↓,VP_DECLINE_SILENT,42.1143401145371,CBI_ACTIVE,COST_DISADVANTAGE,-0.05559826231905329,-0.05686698829302128,-0.007992724687180264,Deteriorating,-0.05686698829302128,-1.909646442601484,A
00268,金蝶国际,2021-07-31,-8.15939278937382,10.38,-0.4244412145495119,0.4166666666666667,0.9940941739824423,T3,0.9950009097252015,0.7017141850390343,→,→,VP_NEUTRAL,33.25910556689204,CBI_ACTIVE,COST_NEUTRAL,0.06593366675601486,0.008670075506805652,-0.08893449477911819,Stable,0.008670075506805652,-0.7860686694965144,A
00268,金蝶国际,2021-08-31,16.94214876033058,9.15,-0.6625535148188043,0.25,0.9098442161087174,T2,0.9112839756854335,-0.004840056741437948,→,→,VP_STABLE_ASCENT,42.260292382801026,CBI_ACTIVE,COST_ADVANTAGE,0.04272900844900662,0.10908590845705723,0.06541957841946111,Improving,0.10908590845705723,1.851600957413178,A
00268,金蝶国际,2021-09-30,-7.9505300353356905,5.97,-1.5926360430485564,0.08333333333333333,0.7231980617807389,T1,0.7224183782356906,-0.3141984208202542,↓,↓,VP_DECLINE_SILENT,43.96648371046118,CBI_ACTIVE,COST_NEUTRAL,0.06308926038548313,-0.010445688299055456,0.03848135119483942,Deteriorating,-0.010445688299055456,-1.331747074595593,A
00268,金蝶国际,2021-10-31,-1.3435700575815779,3.36,-2.067148868929743,0.08333333333333333,0.430861295148536,T1,0.42938069028971765,-0.6778675899909629,↓,↓,VP_SHRINK,42.320042812436405,CBI_ACTIVE,COST_NEUTRAL,-0.0426154191197301,-0.04140053552998535,0.02452862670661693,Stable,-0.04140053552998535,-0.3998720409468982,A
00268,金蝶国际,2021-11-30,-7.97665369649806,6.12,-0.9210895841664037,0.3333333333333333,0.8406593406593407,T2,0.8425563987077851,-0.33044790324561757,↓,↓,VP_DECLINE_SILENT,35.63632270602473,CBI_ACTIVE,COST_DISADVANTAGE,-0.029321980475524367,-0.062251024773263164,-0.05719447386725718,Deteriorating,-0.062251024773263164,-1.303374787009487,A
00268,金蝶国际,2021-12-31,1.4799154334038223,7.4,-0.5031546315946176,0.4166666666666667,1.0476639924492686,T2,1.0495279677498075,0.2443400824766726,→,→,VP_NEUTRAL,14.95597297068512,CBI_TURBULENT,COST_NEUTRAL,0.0025532526946212553,0.038074079063250554,-0.02489836945304713,Stable,0.038074079063250554,0.1999885720815976,A
00268,金蝶国际,2022-01-31,-26.5,6.91,-0.4983477691793688,0.4166666666666667,1.0655358519660756,T3,1.0657314128468829,1.067032100161399,→,→,VP_NEUTRAL,28.66131488511377,CBI_TURBULENT,COST_DISADVANTAGE,-0.16577069692140556,-0.20996163867468498,-0.2833003015479897,Stable,-0.20996163867468498,-3.8350217076700432,A
00268,金蝶国际,2022-02-28,8.73015873015872,6.72,-0.4453021963083768,0.4166666666666667,1.1052631578947367,T3,1.104734930597426,0.09543857309356096,↑,↑,VP_EXPANSION,21.923630223809017,CBI_TURBULENT,COST_NEUTRAL,-0.007754679467957382,-0.004608109580465425,-0.22073128025456024,Improving,-0.004608109580465425,1.2991307634164764,A
00268,金蝶国际,2022-03-31,-9.176225234619384,11.75,2.3694784392533967,1.0,1.6682442025556081,T5,1.667204319728801,0.5838436102410751,↑↑,↑↑,VP_PANIC,13.682501683948182,CBI_TURBULENT,COST_NEUTRAL,0.03608971312039988,0.07478737346480924,-0.06772971286384366,Deteriorating,0.07478737346480924,-0.7809553391165434,A
00268,金蝶国际,2022-04-30,-6.314580941446623,6.24,-0.6935683183567402,0.3333333333333333,0.8294195835179442,T2,0.8285523796071136,-0.0979972330165575,↓,↓,VP_DECLINE_SILENT,33.79068052893866,CBI_ACTIVE,COST_NEUTRAL,0.1260834704583209,0.038818420337354276,-0.12659867473811315,Deteriorating,0.038818420337354276,-1.0119520739497794,A
00268,金蝶国际,2022-05-31,-5.147058823529416,8.48,0.43228621475471446,0.6666666666666666,1.071157894736842,T3,1.071962051211189,0.2638177538121784,→,→,VP_NEUTRAL,29.44113560301691,CBI_TURBULENT,COST_NEUTRAL,0.08162522905053571,0.05048133225170304,-0.1715531547148279,Stable,0.05048133225170304,-0.6069644839067707,A
00268,金蝶国际,2022-06-30,18.86304909560723,8.22,0.3258462245454607,0.6666666666666666,1.0206953642384107,T3,1.022089090575122,-0.2989464396466911,→,→,VP_STABLE_ASCENT,37.24197818687507,CBI_ACTIVE,COST_ADVANTAGE,0.04057686387129511,0.05821025697184279,0.15348519268178307,Improving,0.05821025697184279,2.294774829149298,A
00268,金蝶国际,2022-07-31,-7.826086956521728,5.24,-1.01077066353206,0.16666666666666666,0.6739549839228297,T2,0.6733989067113668,-0.160287616142737,↓,↓,VP_DECLINE_SILENT,47.82971718182527,CBI_ACTIVE,COST_NEUTRAL,-0.03173622679324761,-0.05346102254741825,0.06321243847190439,Deteriorating,-0.05346102254741825,-1.4935280451377342,A
00268,金蝶国际,2022-08-31,-9.669811320754718,5.73,-0.5999464368220846,0.25,0.7529566360052563,T2,0.751823104070758,-0.32601715159859546,↓,↓,VP_DECLINE_SILENT,42.7668130952646,CBI_ACTIVE,COST_DISADVANTAGE,-0.0046250210926268576,-0.049869486520659034,-0.039598198267124074,Deteriorating,-0.049869486520659034,-1.687576146728572,A
00268,金蝶国际,2022-09-30,-32.8981723237598,7.3100000000000005,0.18903158758873806,0.6666666666666666,1.0640465793304221,T3,1.0631642031842339,-0.11289269857022055,→,→,VP_NEUTRAL,22.08304529858476,CBI_TURBULENT,COST_DISADVANTAGE,-0.04802146912822991,-0.16649032135032416,-0.32021040043196625,Stable,-0.16649032135032416,-4.500433970418578,A
00268,金蝶国际,2022-10-31,24.90272373540856,16.42,5.376746085730274,1.0,1.9167315175097275,T5,1.9180349729909314,2.1392806578320513,↑↑,↑↑,VP_OVERHEAT,8.259049565420836,CBI_TURBULENT,COST_NEUTRAL,0.10768044779348207,0.19267465826316732,-0.15092427446949863,Deteriorating,0.19267465826316732,1.5166092408896807,A
00268,金蝶国际,2022-11-30,0.31152647975078995,16.2,2.592330474687935,0.9166666666666666,1.6441136671177266,T5,1.6475874023166706,1.8406006593966189,↑↑,↑↑,VP_NEUTRAL,14.102570440134766,CBI_TURBULENT,COST_DISADVANTAGE,-0.04350567777042691,-0.05091455456686389,-0.148279178751335,Stable,-0.05091455456686389,0.019230029614246295,A
00268,金蝶国际,2022-12-31,29.96894409937887,11.6,0.6760508619334054,0.75,1.1136,T4,1.1141430446454053,0.5907698658209799,↑,↑,VP_EXPANSION,18.823201425323127,CBI_TURBULENT,COST_ADVANTAGE,-0.0002444895242978973,0.10480725493219345,0.29318153537670866,Stable,0.10480725493219345,2.583529663739558,A
00268,金蝶国际,2023-01-31,2.0310633213858953,10.0,0.14497965167641214,0.6666666666666666,0.8920606601248884,T3,0.891860764523518,-0.39103111343838415,↓,↓,VP_LOCKED_CANDIDATE,16.63359660272759,CBI_TURBULENT,COST_NEUTRAL,-0.06380194535386796,-0.016357506419681034,0.31944687122067994,Improving,-0.016357506419681034,0.20310633213858953,A
00268,金蝶国际,2023-02-28,-14.402810304449643,8.3,-0.38821453909413517,0.5,0.7131605327223257,T3,0.7142812523770451,-0.48761096464756637,↓,↓,VP_DECLINE_SILENT,27.02849028794133,CBI_TURBULENT,COST_NEUTRAL,-0.06354997444479638,-0.11727237882016095,0.12940944129076937,Deteriorating,-0.11727237882016095,-1.7352783499336917,A
00268,金蝶国际,2023-03-31,-12.995896032831734,20.88,3.1078246691641596,1.0,1.5021582733812948,T5,1.5005049639823882,0.7980954390706618,↑↑,↑↑,VP_PANIC,8.693756215217046,CBI_TURBULENT,COST_DISADVANTAGE,-0.012109379480549576,-0.09584070603314165,-0.1760969284088093,Deteriorating,-0.09584070603314165,-0.6224088138329374,A
00268,金蝶国际,2023-04-30,-5.660377358490576,10.14,-0.1302508955799671,0.6666666666666666,0.7889004149377594,T3,0.7881333813253006,0.013635833283830223,↓,↓,VP_DECLINE_SILENT,20.248635962026608,CBI_TURBULENT,COST_DISADVANTAGE,0.014764943281248222,-0.0554069330132928,-0.22273295132906545,Deteriorating,-0.0554069330132928,-0.5582226191805302,A
00268,金蝶国际,2023-05-31,-13.33333333333333,6.76,-0.8787950823932097,0.25,0.5992907801418439,T2,0.5981826162755219,-0.18889293054799428,↓,↓,VP_DECLINE_SILENT,32.677365509249846,CBI_ACTIVE,COST_DISADVANTAGE,-0.0831020904083214,-0.0765226328534826,-0.32636855781852336,Deteriorating,-0.0765226328534826,-1.9723865877712028,A
00268,金蝶国际,2023-06-30,0.7692307692307665,8.44,-0.48559519200532864,0.5,0.7848729076255425,T3,0.7828845179142367,-0.5968239656788314,↓,↓,VP_SHRINK,23.01773108377352,CBI_TURBULENT,COST_DISADVANTAGE,-0.00430212714101863,-0.05724575140823707,-0.11120391462744383,Stable,-0.05724575140823707,0.09114108640174959,A
00268,金蝶国际,2023-07-31,29.389312977099237,7.109999999999999,-0.8675671912481353,0.25,0.6921953594028881,T2,0.694047086344647,-0.29686876665635176,↓,↓,VP_LOCKED_CANDIDATE,31.046873734786324,CBI_ACTIVE,COST_ADVANTAGE,0.13291152187791866,0.14435886726784286,0.1500071486309027,Improving,0.14435886726784286,4.133517999592017,A
00268,金蝶国际,2023-08-31,-10.619469026548678,10.07,-0.2540218919205569,0.5833333333333334,0.9529968454258674,T3,0.9525099972331958,0.49054215961679626,→,→,VP_NEUTRAL,21.081866434806045,CBI_TURBULENT,COST_NEUTRAL,0.00839602354247626,-0.05328540948063765,0.027882495678948516,Stable,-0.05328540948063765,-1.0545649480187367,A
00268,金蝶国际,2023-09-30,-20.462046204620453,6.42,-1.173881207473026,0.08333333333333333,0.7870862280343278,T2,0.7892749823815276,-0.23524334226586396,↓,↓,VP_DECLINE_SILENT,37.08256034419258,CBI_ACTIVE,COST_DISADVANTAGE,0.0052517371347931,-0.09135808479957663,-0.1910875575654003,Deteriorating,-0.09135808479957663,-3.187234611311597,A
00268,金蝶国际,2023-10-31,7.676348547717837,8.8,-0.41474876637805513,0.5,1.1092436974789917,T3,1.1094167698819504,0.2343459997762285,↑,↑,VP_EXPANSION,18.70330035855865,CBI_TURBULENT,COST_NEUTRAL,0.011151923475870129,0.029063132643809775,-0.12899261903826298,Improving,0.029063132643809775,0.872312334967936,A
00268,金蝶国际,2023-11-30,4.6242774566473965,10.43,0.14840142987437044,0.8333333333333334,1.2205968402574605,T3,1.222445687015482,0.03880062482572599,↑,↑,VP_EXPANSION,12.374564735712717,CBI_TURBULENT,COST_DISADVANTAGE,-0.0908019675113384,-0.07181634068762988,-0.08871482107471451,Improving,-0.07181634068762988,0.4433631310304311,A
00268,金蝶国际,2023-12-31,4.7882136279926435,10.57,0.21507242117963365,0.9166666666666666,1.1876404494382022,T3,1.2109402795421988,0.6843324432809357,↑,↑,VP_EXPANSION,7.062997963266785,CBI_TURBULENT,COST_ADVANTAGE,0.042080909589673476,0.06326553409987401,0.047003905440379246,Improving,0.06326553409987401,0.45300034323487637,A
00268,金蝶国际,2024-01-31,-33.831282952548335,11.629999999999999,0.48158935425943505,0.9166666666666666,1.2047651933701655,T3,1.2415268031614046,0.3813164182890054,↑,↑,VP_SELLING_ACTIVE,11.568962538439402,CBI_TURBULENT,COST_DISADVANTAGE,-0.15344771630312937,-0.19687243797032572,-0.307210948333387,Deteriorating,-0.19687243797032572,-2.9089667199095732,A
00268,金蝶国际,2024-02-29,12.350597609561763,11.06,0.2505274912401433,0.8333333333333334,1.126464097776269,T3,1.1510341565733218,0.10583036378221045,↑,↑,VP_EXPANSION,12.72453222452323,CBI_TURBULENT,COST_NEUTRAL,0.06651302803093606,0.06498946795674954,-0.22164736027894483,Improving,0.06498946795674954,1.1166905614431974,A
00268,金蝶国际,2024-03-31,4.373522458628831,10.87,0.9495500516237957,0.8333333333333334,1.0293560606060606,T4,1.0367514537294207,0.03664657073276523,→,→,VP_STABLE_ASCENT,26.426304250540817,CBI_TURBULENT,COST_NEUTRAL,-0.012894559165328445,-0.010784005972596433,0.008249867881271022,Stable,-0.010784005972596433,0.4023479722749615,A
00268,金蝶国际,2024-04-30,-5.322763306908273,9.16,-0.07134651144373363,0.5,0.8625235404896423,T3,0.8637325486647309,-0.2219120846451006,↓,↓,VP_DECLINE_SILENT,44.006732417276496,CBI_ACTIVE,COST_NEUTRAL,0.07057341085729574,0.027414791462242682,-0.045416886128264444,Deteriorating,0.027414791462242682,-0.5810876972607285,A
00268,金蝶国际,2024-05-31,-4.306220095693769,7.75,-1.0981447295852762,0.25,0.7617955439056356,T2,0.7620347740287668,-0.30446192884033296,↓,↓,VP_DECLINE_SILENT,55.39862337920536,CBI_STABLE,COST_DISADVANTAGE,-0.021838480096892043,-0.10350029509094572,-0.08652333600790851,Deteriorating,-0.10350029509094572,-0.5556413026701638,A
00268,金蝶国际,2024-06-30,-8.499999999999996,8.84,-0.36489275815403954,0.4166666666666667,0.8942842690945878,T3,0.8910851896774811,-0.1860701044784724,↓,↓,VP_DECLINE_SILENT,45.39540385890029,CBI_ACTIVE,COST_DISADVANTAGE,-0.015012945469449313,-0.06276121393923384,-0.11402334671854364,Deteriorating,-0.06276121393923384,-0.9615384615384611,A
00268,金蝶国际,2024-07-31,-14.344262295081977,12.24,1.7631301082290223,1.0,1.225634178905207,T5,1.2231458076610546,0.33846403031619254,↑,↑,VP_SELLING_ACTIVE,25.313126278747212,CBI_TURBULENT,COST_DISADVANTAGE,0.037135403869704486,-0.051675165768331865,-0.2411101617384247,Deteriorating,-0.051675165768331865,-1.1719168541733642,A
00268,金蝶国际,2024-08-31,-1.5948963317384268,9.52,-0.16521255118329395,0.5,0.9784172661870505,T3,0.9767084466017167,0.2225848563501096,→,→,VP_NEUTRAL,43.35801757432704,CBI_ACTIVE,COST_NEUTRAL,0.014815246468766974,0.047874603346772515,-0.25321366793079425,Stable,0.047874603346772515,-0.1675311272834482,A
00268,金蝶国际,2024-09-30,45.86709886547813,16.23,4.7074618136218245,1.0,1.527769061813618,T5,1.5243399327114786,0.8292014887753287,↑↑,↑↑,VP_OVERHEAT,17.603479766875466,CBI_TURBULENT,COST_ADVANTAGE,0.27484030275945437,0.32624198243756175,0.3835975912956491,Deteriorating,0.32624198243756175,2.8260689381070936,A
00268,金蝶国际,2024-10-31,-9.666666666666657,23.56,6.008750302245379,1.0,1.809060660353212,T5,1.8073806014337523,0.9207666747291472,↑↑,↑↑,VP_PANIC,11.167049367213096,CBI_TURBULENT,COST_NEUTRAL,-0.06047944401704275,-0.12727314345689067,0.2498498241370697,Deteriorating,-0.12727314345689067,-0.41029994340690396,A
00268,金蝶国际,2024-11-30,7.749077490774892,15.92,0.9357862279974952,0.8333333333333334,1.1067083767813695,T4,1.1046655603476374,0.6689764886506055,↑,↑,VP_EXPANSION,13.830019636782344,CBI_TURBULENT,COST_NEUTRAL,0.029378762594909347,0.010620460679583443,0.3467016555277651,Stable,0.010620460679583443,0.4867510986667645,A
00268,金蝶国际,2024-12-31,-2.6255707762557146,16.09,0.8377476764006492,0.8333333333333334,1.0318512184694313,T4,1.0320551342920963,-0.007577997614712451,→,→,VP_NEUTRAL,15.09494024975852,CBI_TURBULENT,COST_DISADVANTAGE,-0.03937149641549531,-0.08855661685996008,-0.06702680158292929,Stable,-0.08855661685996008,-0.16318028441614135,A
00268,金蝶国际,2025-01-31,20.5158264947245,10.290000000000001,-0.5697551686419611,0.4166666666666667,0.6739438925881455,T2,0.676357166410504,-0.5617125993874155,↓,↓,VP_LOCKED_CANDIDATE,32.97962199376122,CBI_ACTIVE,COST_ADVANTAGE,0.014581837440349688,0.17111572418681087,0.12438036104659878,Improving,0.17111572418681087,1.9937635077477647,A
00268,金蝶国际,2025-02-28,23.929961089494167,46.44,7.4676230836043995,1.0,2.16789854508675,T5,2.1655331696751823,1.9169685350658536,↑↑,↑↑,VP_OVERHEAT,6.198782646910961,CBI_TURBULENT,COST_NEUTRAL,-0.04275234691242036,-0.05016804813201259,0.3934441439429639,Deteriorating,-0.05016804813201259,0.5152877064921225,A
00268,金蝶国际,2025-03-31,3.296703296703285,43.59,2.599648902924779,0.9166666666666666,1.6777214702674965,T5,1.6656182278907092,1.680221802006967,↑↑,↑↑,VP_OVERHEAT,8.658225868251314,CBI_TURBULENT,COST_DISADVANTAGE,0.008318272253785342,-0.11181899044575339,-0.028063175134960372,Deteriorating,-0.11181899044575339,0.07562980721962112,A
00268,金蝶国际,2025-04-30,0.1519756838905817,26.94,0.6027526297624987,0.8333333333333334,1.0148803917875306,T4,1.0090058811089782,1.5801904573415113,→,→,VP_NEUTRAL,9.604965117951675,CBI_TURBULENT,COST_NEUTRAL,0.09491273185174376,0.11184750113228703,-0.026586067498387433,Stable,0.11184750113228703,0.005641265177824116,A
00268,金蝶国际,2025-05-31,-6.676783004552345,17.88,-0.23818422524330765,0.6666666666666666,0.6653848539353717,T3,0.6616643975770475,-0.6188752049649534,↓,↓,VP_DECLINE_SILENT,14.817837920587982,CBI_TURBULENT,COST_DISADVANTAGE,-0.002922477164911008,-0.06459773828815141,-0.09157880350759973,Deteriorating,-0.06459773828815141,-0.37342186826355395,A
00268,金蝶国际,2025-06-30,25.52845528455283,23.02,0.10946289023646955,0.6666666666666666,0.821360608943863,T3,0.8195364293152505,-0.47133110258083966,↓,↓,VP_LOCKED_CANDIDATE,14.617041819434142,CBI_TURBULENT,COST_ADVANTAGE,0.03148366125748603,0.10863281890804899,0.19695761812920987,Improving,0.10863281890804899,1.1089685180083766,A
00268,金蝶国际,2025-07-31,18.523316062176164,24.18,0.12839801635169343,0.75,0.7969239219994507,T3,0.7955858964729033,-0.10154808208848676,↓,↓,VP_LOCKED_CANDIDATE,15.632648442422509,CBI_TURBULENT,COST_ADVANTAGE,0.11498191023472715,0.13556842761194554,0.4186738608655791,Improving,0.13556842761194554,0.7660593904952921,A
00268,金蝶国际,2025-08-31,-10.928961748633881,28.72,0.43121928975012397,0.8333333333333334,1.0486216758960627,T3,1.0489476274238287,0.6089761908947826,→,→,VP_NEUTRAL,8.799711002307262,CBI_TURBULENT,COST_NEUTRAL,-0.026214517879196264,-0.023397843529359474,0.26362753727371246,Stable,-0.023397843529359474,-0.380534879827085,A
00268,金蝶国际,2025-09-30,7.484662576687118,23.46,-0.15784849695909023,0.5,0.9761442441054092,T3,0.9764805780339155,0.01861515903218436,→,→,VP_STABLE_ASCENT,24.945986485998827,CBI_TURBULENT,COST_ADVANTAGE,0.04244419484698847,0.07792309945436049,0.06998432525496989,Improving,0.07792309945436049,0.319039325519485,A
00268,金蝶国际,2025-10-31,-16.324200913242002,14.870000000000001,-0.9600566270517009,0.16666666666666666,0.6752440778021647,T2,0.6759994063400749,-0.38441750974747835,↓,↓,VP_DECLINE_SILENT,32.34730548167186,CBI_ACTIVE,COST_DISADVANTAGE,0.0020331441318357513,-0.05230740349680718,-0.10468206573984828,Deteriorating,-0.05230740349680718,-1.09779427795844,A
00268,金蝶国际,2025-11-30,-3.683492496589369,11.23,-1.2811136394128622,0.16666666666666666,0.5369780044628626,T2,0.5375735948739485,-0.608366898501723,↓,↓,VP_DECLINE_SILENT,32.86251311965231,CBI_ACTIVE,COST_DISADVANTAGE,-0.008461944343879146,-0.027551982796360397,-0.13766103466893986,Deteriorating,-0.027551982796360397,-0.32800467467403105,A
00268,金蝶国际,2025-12-31,-5.878186968838528,14.81,-0.8718866609779884,0.25,0.7577385520593504,T2,0.7577627907850096,-0.36851103440117716,↓,↓,VP_DECLINE_SILENT,30.60311456755069,CBI_ACTIVE,COST_NEUTRAL,-0.015751458278295494,-0.018957494947875353,-0.08426698711479386,Deteriorating,-0.018957494947875353,-0.3969066150464907,A
00268,金蝶国际,2026-01-31,-2.558314522197136,22.8,-0.20539936068507697,0.4166666666666667,1.180429717835879,T3,1.180160496592077,0.531770467733603,↑,↑,VP_SELLING_ACTIVE,23.545646777248734,CBI_TURBULENT,COST_DISADVANTAGE,-0.05386721792232907,-0.12340893038998202,-0.10769431776798954,Deteriorating,-0.12340893038998202,-0.11220677728934807,A
00268,金蝶国际,2026-02-28,-22.239382239382234,24.259999999999998,0.16672962127562435,0.75,1.3062909449878846,T3,1.30593067758134,1.1573764950527403,↑,↑,VP_SELLING_ACTIVE,8.558967249461674,CBI_TURBULENT,COST_DISADVANTAGE,0.0028792116150109237,-0.0762794574243959,-0.3061375891832937,Deteriorating,-0.0762794574243959,-0.9167099026950634,A
00268,金蝶国际,2026-03-31,-14.895729890764642,25.82,0.8879871878813391,0.8333333333333334,1.3614553124176114,T4,1.3607069913197418,0.7424104719977187,↑,↑,VP_SELLING_ACTIVE,14.064265879392691,CBI_TURBULENT,COST_DISADVANTAGE,-0.055723419839306176,-0.08588184970118984,-0.2594338032170379,Deteriorating,-0.08588184970118984,-0.576906657272062,A
00268,金蝶国际,2026-04-30,-0.2333722287047757,21.38,0.07213215557963765,0.4166666666666667,1.0663341645885287,T3,1.0661383769839068,-0.06238247194003621,→,→,VP_NEUTRAL,22.295715662980637,CBI_TURBULENT,COST_NEUTRAL,-0.03733943752439528,-0.011402267138241218,-0.2611620790555046,Stable,-0.011402267138241218,-0.01091544568310457,A
00268,金蝶国际,2026-05-31,-14.970760233918146,25.509999999999998,0.8193496789176867,0.8333333333333334,1.1373160945162726,T4,1.1375109701404336,0.05166615790544227,↑,↑,VP_SELLING_ACTIVE,9.002464577725988,CBI_TURBULENT,COST_DISADVANTAGE,-0.010305814254353951,-0.0987087379931677,-0.37177173271737063,Deteriorating,-0.0987087379931677,-0.5868584960375597,A
00268,金蝶国际,2026-06-30,-18.56946354883081,37.96,3.1352663437637527,1.0,1.4439865593102135,T5,1.4441067458957155,0.47073440117131726,↑,↑,VP_SELLING_ACTIVE,8.138456875628993,CBI_TURBULENT,COST_DISADVANTAGE,-0.027112206650534265,-0.20644293525266355,-0.2545737151569716,Deteriorating,-0.20644293525266355,-0.48918502499554295,A
00268,金蝶国际,2026-07-31,40.70945945945945,30.12,1.0382465477311946,0.9166666666666666,1.0949409269918209,T4,1.0930920157627515,0.4059951572245233,→,→,VP_STABLE_ASCENT,10.48053551959296,CBI_TURBULENT,COST_ADVANTAGE,0.05733420701505709,0.17351487861550208,0.048885296071355944,Stable,0.17351487861550208,1.351575679264922,A
00354,中软国际,2010-01-31,0.0,13.21,,,,,,,,,VP_NEUTRAL,,,,-0.36942033359078097,-0.4183587046808126,,Stable,-0.4183587046808126,0.0,A
00354,中软国际,2010-02-28,10.294117647058808,1.49,,,,,,,,,VP_NEUTRAL,,,,-0.300821972734563,-0.28929558610260675,,Stable,-0.28929558610260675,6.908803789972355,A
00354,中软国际,2010-03-31,-2.6666666666666727,5.23,,,0.787255393878575,,0.785825398605325,,↓,↓,VP_DECLINE_SILENT,,,COST_DISADVANTAGE,-0.3475797344133339,-0.36679236366142554,-0.3686359272885079,Deteriorating,-0.36679236366142554,-0.509878903760358,A
00354,中软国际,2010-04-30,80.82191780821918,12.92,,,1.5732115677321157,,1.5718264171085417,-0.022590748277711903,↑↑,↑↑,VP_OVERHEAT,,,COST_NEUTRAL,-0.22093953125961163,-0.09820977674296694,0.14164462462899952,Deteriorating,-0.09820977674296694,6.255566393825014,A
00354,中软国际,2010-05-31,-22.72727272727273,5.07,,,0.6685126582278481,,0.6677581549899518,2.3512099411379985,↓,↓,VP_DECLINE_SILENT,,,COST_DISADVANTAGE,-0.32063310176896087,-0.3689335158983721,-0.11782006278668222,Deteriorating,-0.3689335158983721,-4.482696790389098,A
00354,中软国际,2010-06-30,3.9215686274509887,2.2800000000000002,-1.1353509566787618,0.3333333333333333,0.3402985074626866,T2,0.34003583382687297,-0.563942489595157,↓,↓,VP_LOCKED_CANDIDATE,35.49467521825329,CBI_ACTIVE,COST_DISADVANTAGE,-0.2733896578584696,-0.26518840204867866,-0.2931051462651948,Improving,-0.26518840204867866,1.7199862401100825,A
00354,中软国际,2010-07-31,6.603773584905648,2.14,-0.9701146908119315,0.2857142857142857,0.4407826982492276,T2,0.46367305282415694,-0.8249270865715348,↓,↓,VP_LOCKED_CANDIDATE,43.2189329214725,CBI_ACTIVE,COST_DISADVANTAGE,-0.23958225685853762,-0.21668823748715615,-0.24642341064119833,Improving,-0.21668823748715615,3.0858755069652557,A
00354,中软国际,2010-08-31,30.08849557522124,11.34,1.141596538745613,0.75,1.7455105182144688,T4,1.8049419142076115,1.356585323965652,↑↑,↑↑,VP_OVERHEAT,17.4453851771378,CBI_TURBULENT,COST_DISADVANTAGE,-0.21358376461010642,-0.16894391955263732,-0.01968355189607207,Deteriorating,-0.16894391955263732,2.653306488114748,A
00354,中软国际,2010-09-30,14.965986394557817,13.28,1.405169994597867,1.0,1.6942377206038697,T4,1.7443096789616426,5.197815704989154,↑↑,↑↑,VP_OVERHEAT,8.446941696077317,CBI_TURBULENT,COST_DISADVANTAGE,-0.2874143471636157,-0.2255669271152838,-0.13286370722237628,Deteriorating,-0.2255669271152838,1.1269568068191127,A
00354,中软国际,2010-10-31,7.100591715976345,12.09,0.9552598876159568,0.7,1.5701298701298703,T4,1.598867189204955,4.730776519457805,↑↑,↑↑,VP_OVERHEAT,20.69235755985762,CBI_TURBULENT,COST_DISADVANTAGE,-0.14961588709279805,-0.11132092411637973,-0.07129189945118397,Deteriorating,-0.11132092411637973,0.5873111427606572,A
00354,中软国际,2010-11-30,-9.944751381215477,4.69,-0.6664472128602786,0.36363636363636365,0.6141422959406374,T2,0.6203857424074434,-0.5792182406582143,↓,↓,VP_DECLINE_SILENT,35.60071150553982,CBI_ACTIVE,COST_DISADVANTAGE,-0.17815827190827194,-0.21794231377566675,-0.16364961110797238,Deteriorating,-0.21794231377566675,-2.120416072753833,A
00354,中软国际,2010-12-31,-3.0674846625766805,4.67,-0.6272427809002391,0.3333333333333333,0.581207218419415,T2,0.5939088334318497,-0.63983540993086,↓,↓,VP_DECLINE_SILENT,34.326405151067206,CBI_ACTIVE,COST_DISADVANTAGE,-0.1898937830633889,-0.23331582152105212,-0.23016595921451266,Deteriorating,-0.23331582152105212,-0.6568489641491821,A
00354,中软国际,2011-01-31,-2.5316455696202556,6.27,-0.12876289569543067,0.6666666666666666,0.718761941153993,T3,0.796869988848689,-0.4193098900734341,↓,↓,VP_DECLINE_SILENT,23.079442385106816,CBI_TURBULENT,COST_DISADVANTAGE,-0.21664263244680526,-0.20826105011074314,-0.24965542860148704,Deteriorating,-0.20826105011074314,-0.40377122322492115,A
00354,中软国际,2011-02-28,-2.5974025974025983,2.1999999999999997,-1.2450322784563503,0.16666666666666666,0.3055555555555555,T2,0.33860401641504456,-0.46759923243456014,↓,↓,VP_DECLINE_SILENT,42.08090140841668,CBI_ACTIVE,COST_DISADVANTAGE,-0.17893416999383638,-0.19929193532527423,-0.2691448979884614,Deteriorating,-0.19929193532527423,-1.1806375442739085,A
00354,中软国际,2011-03-31,4.666666666666663,3.02,-0.9249813164285734,0.3333333333333333,0.5500910746812386,T2,0.5979360455562174,-0.2761495017548835,↓,↓,VP_LOCKED_CANDIDATE,49.220724090095516,CBI_ACTIVE,COST_DISADVANTAGE,-0.21439950455221668,-0.19711531544940653,-0.18821592251723251,Improving,-0.19711531544940653,1.5452538631346568,A
00354,中软国际,2011-04-30,-1.9108280254777066,2.25,-0.9641531079264991,0.25,0.5844155844155844,T2,0.6183452358257211,-0.6336475825203037,↓,↓,VP_DECLINE_SILENT,42.078594054590425,CBI_ACTIVE,COST_DISADVANTAGE,-0.2085952840137738,-0.19540853484315546,-0.20372772017613894,Deteriorating,-0.19540853484315546,-0.849256900212314,A
00354,中软国际,2011-05-31,-2.5974025974025983,3.11,-0.6601459084521921,0.5,0.8671003717472119,T2,0.8939073291759803,0.4220665245341597,↓,↓,VP_DECLINE_SILENT,33.985310112184564,CBI_ACTIVE,COST_DISADVANTAGE,-0.21702279102629574,-0.20981374183385493,-0.22441011705468072,Deteriorating,-0.20981374183385493,-0.8351776840522824,A
00354,中软国际,2011-06-30,35.33333333333333,18.27,3.031578602708324,1.0,3.1212984054669697,T5,3.1920490191955477,5.310629036073763,↑↑,↑↑,VP_OVERHEAT,14.87238626234196,CBI_TURBULENT,COST_DISADVANTAGE,-0.17301410104040083,-0.06836875381301133,-0.04183584956917619,Deteriorating,-0.06836875381301133,1.9339536580915888,A
00354,中软国际,2011-07-31,18.226600985221687,7.01,-0.07132484777893051,0.6666666666666666,1.172894590072504,T3,1.2912001550881358,2.5963554771583577,↑,↑,VP_EXPANSION,17.019219057958672,CBI_TURBULENT,COST_NEUTRAL,-0.14761881803631682,-0.12049120659173307,0.13280490691328928,Improving,-0.12049120659173307,2.6000857325565887,A
00354,中软国际,2011-08-31,-17.08333333333333,8.19,0.23828994069710202,0.75,1.1741935483870969,T3,1.2682910863226717,2.0581713082035162,↑,↑,VP_SELLING_ACTIVE,25.69273969006072,CBI_TURBULENT,COST_DISADVANTAGE,-0.19412692571439694,-0.291533621557609,-0.060715931351064234,Deteriorating,-0.291533621557609,-2.0858770858770854,A
00354,中软国际,2011-09-30,-8.040201005025127,2.99,-0.7571372850831377,0.25,0.4289813486370158,T2,0.46279602236195183,-0.8153337077630273,↓,↓,VP_DECLINE_SILENT,38.698295142489165,CBI_ACTIVE,COST_DISADVANTAGE,-0.16708281678336323,-0.16234451229003732,-0.3157538720190697,Deteriorating,-0.16234451229003732,-2.689030436463253,A
00354,中软国际,2011-10-31,-7.10382513661203,1.8800000000000001,-0.8660301805297452,0.08333333333333333,0.27213510253317247,T2,0.29442120412598644,-0.7247708664511227,↓,↓,VP_DECLINE_SILENT,46.47486016371216,CBI_ACTIVE,COST_DISADVANTAGE,-0.1960768907645576,-0.1860628982487753,-0.36436152045487347,Deteriorating,-0.1860628982487753,-3.778630391814909,A
00354,中软国际,2011-11-30,6.470588235294117,2.8699999999999997,-0.5666978165145605,0.3333333333333333,0.4178597427808784,T2,0.4427177342812651,-0.6451968697956312,↓,↓,VP_LOCKED_CANDIDATE,24.959005843622734,CBI_TURBULENT,COST_DISADVANTAGE,-0.19599458984884788,-0.20966594932140292,-0.3232319717784241,Improving,-0.20966594932140292,2.254560360729658,A
00354,中软国际,2011-12-31,-1.6574585635359185,1.29,-0.8678966953730711,0.08333333333333333,0.3194387123400743,T2,0.3254034974664295,-0.5631344938567727,↓,↓,VP_DECLINE_SILENT,46.694118157704565,CBI_ACTIVE,COST_DISADVANTAGE,-0.1443323599839964,-0.15732716627853338,-0.1868374237009074,Deteriorating,-0.15732716627853338,-1.2848515996402468,A
00354,中软国际,2012-01-31,6.741573033707859,1.04,-0.8021961185885436,0.08333333333333333,0.34173055859802853,T2,0.3848119889997963,-0.38083273012285135,↓,↓,VP_LOCKED_CANDIDATE,46.57667923214838,CBI_ACTIVE,COST_DISADVANTAGE,-0.13772037004712867,-0.15515718145983115,-0.1320174747369237,Improving,-0.15515718145983115,6.482281763180634,A
00354,中软国际,2012-02-29,4.210526315789487,2.85,-0.3904943786533902,0.4166666666666667,1.3235294117647058,T3,1.4304416491002692,0.11587316482832555,↑,↑,VP_EXPANSION,43.29037749380983,CBI_ACTIVE,COST_DISADVANTAGE,-0.16221971074450325,-0.16001467119467827,-0.09547084209426782,Improving,-0.16001467119467827,1.4773776546629778,A
00354,中软国际,2012-03-31,1.5151515151515138,6.760000000000001,0.428707927344282,0.75,2.4301977231875376,T3,2.5251881539695242,4.824221937829705,↑↑,↑↑,VP_OVERHEAT,23.87610976980562,CBI_TURBULENT,COST_DISADVANTAGE,-0.1339668746314303,-0.13307612318324236,-0.13438512975965033,Deteriorating,-0.13307612318324236,0.22413483951945468,A
00354,中软国际,2012-04-30,-10.447761194029837,1.77,-0.702663126808108,0.25,0.640530759951749,T2,0.6486914873376047,0.6656761594388725,↓,↓,VP_DECLINE_SILENT,40.17205534521749,CBI_ACTIVE,COST_DISADVANTAGE,-0.15914171087228346,-0.17149302699973334,-0.22482250426237327,Deteriorating,-0.17149302699973334,-5.902689940129852,A
00354,中软国际,2012-05-31,-9.444444444444455,1.49,-0.7257671784559262,0.25,0.588157894736842,T2,0.6017547949315444,-0.4698297689088774,↓,↓,VP_DECLINE_SILENT,29.754374081960357,CBI_TURBULENT,COST_DISADVANTAGE,-0.1688748892607541,-0.19149474023400448,-0.2980337121931492,Deteriorating,-0.19149474023400448,-6.338553318419097,A
00354,中软国际,2012-06-30,-9.815950920245397,0.49,-1.2099370906712286,0.08333333333333333,0.20416666666666666,T2,0.18234085502172878,-0.9355020291273026,↓,↓,VP_DECLINE_SILENT,51.7216325239345,CBI_STABLE,COST_DISADVANTAGE,-0.21927366628207245,-0.23580149280431006,-0.2929437368181169,Deteriorating,-0.23580149280431006,-20.032552898459993,A
00354,中软国际,2012-07-31,-12.244897959183664,2.92,0.019617862043462737,0.75,1.076167076167076,T3,1.0784273192944442,0.6728242207189852,→,→,VP_NEUTRAL,32.513268892518575,CBI_ACTIVE,COST_DISADVANTAGE,-0.21337359220134866,-0.2128789406505982,-0.37952205475875556,Stable,-0.2128789406505982,-4.193458205199885,A
00354,中软国际,2012-08-31,6.976744186046502,3.69,0.8074228391680729,0.9166666666666666,1.2932242990654204,T4,1.3149867021815915,1.481599824473868,↑,↑,VP_EXPANSION,29.457030774425142,CBI_TURBULENT,COST_DISADVANTAGE,-0.20306175082059819,-0.20384766641896757,-0.3362328957884363,Stable,-0.20384766641896757,1.8907165815844178,A
00354,中软国际,2012-09-30,13.043478260869579,7.99,3.374291445204688,1.0,2.612534059945504,T5,2.7420427390687596,18.989780300252203,↑↑,↑↑,VP_OVERHEAT,23.349703597623222,CBI_TURBULENT,COST_DISADVANTAGE,-0.13651584309380338,-0.11834461628076487,-0.1013169759940753,Deteriorating,-0.11834461628076487,1.6324753768297344,A
00354,中软国际,2012-10-31,-2.564102564102566,2.44,-0.25369932426250097,0.5,0.7697160883280757,T3,0.7681743309189394,-0.1270139612016622,↓,↓,VP_DECLINE_SILENT,39.83052109671937,CBI_ACTIVE,COST_DISADVANTAGE,-0.21175458560071414,-0.20928444021188808,-0.12436013045576566,Deteriorating,-0.20928444021188808,-1.0508617065994124,A
00354,中软国际,2012-11-30,6.578947368421062,4.44,0.6450230319312402,0.8333333333333334,1.2125625853436506,T4,1.2135386564034047,0.24105602562714235,↑,↑,VP_EXPANSION,28.265778477090254,CBI_TURBULENT,COST_DISADVANTAGE,-0.16649358994403185,-0.17229847129708786,-0.0667522443015397,Stable,-0.17229847129708786,1.4817449027975365,A
00354,中软国际,2012-12-31,-12.34567901234569,2.04,-0.5458653152870304,0.4166666666666667,0.5204081632653061,T2,0.5240365767233028,-0.752061551087466,↓,↓,VP_DECLINE_SILENT,45.04186627235315,CBI_ACTIVE,COST_DISADVANTAGE,-0.18922303871477963,-0.23161599141423816,-0.2613893254836803,Deteriorating,-0.23161599141423816,-6.051803437424358,A
00354,中软国际,2013-01-31,6.338028169014098,7.12,1.7398006910386399,0.9166666666666666,1.5411255411255411,T5,1.5321298892155224,1.941846877251249,↑↑,↑↑,VP_OVERHEAT,30.604783777424828,CBI_ACTIVE,COST_DISADVANTAGE,-0.2071712645569126,-0.20320562949972631,-0.21457597287349095,Deteriorating,-0.20320562949972631,0.8901724956480475,A
00354,中软国际,2013-02-28,-1.9867549668874163,1.05,-1.116830853093039,0.16666666666666666,0.2511961722488038,T2,0.2536161243930815,-0.7576653394861101,↓,↓,VP_DECLINE_SILENT,55.04359811993956,CBI_STABLE,COST_DISADVANTAGE,-0.18208709041697357,-0.18536875439530553,-0.23018042374355407,Deteriorating,-0.18536875439530553,-1.892147587511825,A
00354,中软国际,2013-03-31,-7.432432432432423,1.4,-0.786504424284852,0.25,0.4542996214169821,T2,0.4542184794253012,-0.31876076398467856,↓,↓,VP_DECLINE_SILENT,60.57329629249612,CBI_STABLE,COST_DISADVANTAGE,-0.20978418887105466,-0.21172535671741732,-0.26478418021762085,Deteriorating,-0.21172535671741732,-5.308880308880302,A
00354,中软国际,2013-04-30,13.138686131386844,4.17,0.4196244397056744,0.75,1.237388724035608,T3,1.235308212454348,-0.4145734521055098,↑,↑,VP_EXPANSION,42.081785811464925,CBI_ACTIVE,COST_DISADVANTAGE,-0.16690954098646082,-0.14104891397242159,-0.1681864812681112,Improving,-0.14104891397242159,3.150764060284615,A
00354,中软国际,2013-05-31,18.06451612903226,6.96,1.5412109823934907,0.8333333333333334,1.8364116094986804,T5,1.8380169649856073,5.509235012891737,↑↑,↑↑,VP_OVERHEAT,45.21662124587469,CBI_ACTIVE,COST_DISADVANTAGE,-0.1611333287729484,-0.11679032740773754,-0.017923394013318328,Deteriorating,-0.11679032740773754,2.595476455320727,A
00354,中软国际,2013-06-30,-4.371584699453557,15.78,5.137629431789866,1.0,2.595394736842105,T5,2.6048275550317013,10.366936663066705,↑↑,↑↑,VP_PANIC,24.449088957051792,CBI_TURBULENT,COST_DISADVANTAGE,-0.16343939518971873,-0.2544956377533132,-0.20191440148060658,Deteriorating,-0.2544956377533132,-0.2770332509159415,A
00354,中软国际,2013-07-31,-1.7142857142857126,7.79,0.6435208062418036,0.8333333333333334,1.25814266487214,T4,1.2933980791734594,0.9478018041320135,↑,↑,VP_SELLING_ACTIVE,27.115404022938677,CBI_TURBULENT,COST_DISADVANTAGE,-0.22533130935836432,-0.20213618842375725,-0.21559586888379612,Deteriorating,-0.20213618842375725,-0.22006235099944962,A
00354,中软国际,2013-08-31,20.348837209302317,15.84,2.5221504196885967,1.0,1.829803619561032,T5,1.8660205266626084,1.3644543831660192,↑↑,↑↑,VP_OVERHEAT,19.228508310509987,CBI_TURBULENT,COST_DISADVANTAGE,-0.15649165627464967,-0.11805724121644823,-0.05597874917991752,Deteriorating,-0.11805724121644823,1.2846488137185808,A
00354,中软国际,2013-09-30,-15.458937198067623,8.83,0.5092270930298799,0.8333333333333334,0.8923698837796867,T4,0.9085335430792322,-0.42034721094694427,→,↓,VP_NEUTRAL,12.906837835984462,CBI_TURBULENT,COST_DISADVANTAGE,-0.18065349146775855,-0.226189180533806,-0.2317496147679332,Stable,-0.226189180533806,-1.7507290145036947,A
00354,中软国际,2013-10-31,8.571428571428562,14.87,1.6329257027773258,0.8333333333333334,1.2732981304409876,T5,1.298373215333653,0.930760877200036,↑,↑,VP_EXPANSION,20.58271835520543,CBI_TURBULENT,COST_DISADVANTAGE,-0.22301913728816203,-0.18672936729096123,-0.16589958174804176,Stable,-0.18672936729096123,0.576424248246709,A
00354,中软国际,2013-11-30,-3.6842105263157787,6.64,-0.2181697382834377,0.4166666666666667,0.5711827956989247,T3,0.5900055361397923,-0.5677956627226404,↓,↓,VP_DECLINE_SILENT,32.43753333474252,CBI_ACTIVE,COST_DISADVANTAGE,-0.14972497917796246,-0.16954032118567253,-0.19662959715732442,Deteriorating,-0.16954032118567253,-0.5548509828788823,A
00354,中软国际,2013-12-31,-10.382513661202196,5.75,-0.49044708685003946,0.3333333333333333,0.5776959142665774,T3,0.5914213900538398,-0.3283044640587165,↓,↓,VP_DECLINE_SILENT,36.68049881528347,CBI_ACTIVE,COST_DISADVANTAGE,-0.11450032621432671,-0.1888745104221513,-0.26669602240811596,Deteriorating,-0.1888745104221513,-1.805654549774295,A
00354,中软国际,2014-01-31,18.29268292682926,30.37,4.380571489705925,1.0,2.2140947752126365,T5,2.2444629185696257,1.0875263776328192,↑↑,↑↑,VP_OVERHEAT,9.642708664078725,CBI_TURBULENT,COST_DISADVANTAGE,-0.1458901729019595,-0.1470000257650732,-0.1325550508974055,Deteriorating,-0.1470000257650732,0.6023273930467323,A
00354,中软国际,2014-02-28,2.577319587628879,18.13,0.9564075162251716,0.9166666666666666,1.2859676084643572,T4,1.2943465639467477,1.734341391102494,↑,↑,VP_EXPANSION,10.318447931015486,CBI_TURBULENT,COST_DISADVANTAGE,-0.15373703029458463,-0.15989880085124164,-0.11019822231228704,Stable,-0.15989880085124164,0.14215772684108544,A
00354,中软国际,2014-03-31,6.030150753768848,40.37,3.822945021805956,1.0,2.0857659519504,T5,2.092807315446767,6.022572863292935,↑↑,↑↑,VP_OVERHEAT,7.740192631367769,CBI_TURBULENT,COST_DISADVANTAGE,-0.2215265742782051,-0.2554274521249007,-0.17185293695588355,Deteriorating,-0.2554274521249007,0.14937207713076167,A
00354,中软国际,2014-04-30,-11.848341232227478,10.47,-0.4893188730552467,0.5,0.5622482770965721,T3,0.5645022427556721,-0.6537480703122802,↓,↓,VP_DECLINE_SILENT,20.89389050254536,CBI_TURBULENT,COST_DISADVANTAGE,-0.2476237677050398,-0.24074107481212526,-0.2699746268900205,Deteriorating,-0.24074107481212526,-1.1316467270513348,A
00354,中软国际,2014-05-31,10.215053763440851,7.83,-0.7893374091974917,0.3333333333333333,0.4160467587672689,T2,0.4185984119151179,-0.5646880099278382,↓,↓,VP_LOCKED_CANDIDATE,26.232007383193995,CBI_TURBULENT,COST_DISADVANTAGE,-0.1431639393832932,-0.09728893526352222,-0.19540214254007648,Improving,-0.09728893526352222,1.304604567489253,A
00354,中软国际,2014-06-30,-10.243902439024378,4.77,-0.9927992176356107,0.08333333333333333,0.2556726817938181,T2,0.2581454665364632,-0.8805928857910827,↓,↓,VP_DECLINE_SILENT,32.32880352536672,CBI_ACTIVE,COST_DISADVANTAGE,-0.156055669498549,-0.19972270478542165,-0.21960293761197047,Deteriorating,-0.19972270478542165,-2.147568645497773,A
00354,中软国际,2014-07-31,11.956521739130444,5.890000000000001,-0.8414702434927613,0.25,0.40407043219757605,T2,0.4075241293415511,-0.43362914304331057,↓,↓,VP_LOCKED_CANDIDATE,25.707499230088768,CBI_TURBULENT,COST_DISADVANTAGE,-0.0722536474929607,-0.1237394444087927,-0.12629459319601044,Improving,-0.1237394444087927,2.02996973499668,A
00354,中软国际,2014-08-31,18.93203883495147,7.03,-0.6328271637238895,0.4166666666666667,0.5523834468308015,T2,0.5566234052501062,-0.09783075329527491,↓,↓,VP_LOCKED_CANDIDATE,21.44359956665157,CBI_TURBULENT,COST_NEUTRAL,-0.09149543371919966,-0.059838301840557606,0.03911565372319159,Improving,-0.059838301840557606,2.693035396152414,A
00354,中软国际,2014-09-30,-10.204081632653061,7.36,-0.5832650710665017,0.5,1.0186851211072665,T2,1.0210451752904175,0.5432021929871345,→,→,VP_NEUTRAL,17.64864927777292,CBI_TURBULENT,COST_DISADVANTAGE,-0.1719758058841414,-0.20189977691323713,-0.1494413816401382,Stable,-0.20189977691323713,-1.3864241348713398,A
00354,中软国际,2014-10-31,1.81818181818183,3.92,-0.821123035397457,0.08333333333333333,0.6391304347826087,T2,0.6410760089733586,-0.33270693196214973,↓,↓,VP_LOCKED_CANDIDATE,36.10791258217842,CBI_ACTIVE,COST_DISADVANTAGE,-0.14235632624523364,-0.14705953108556724,-0.13397667948814074,Improving,-0.14705953108556724,0.46382189239332394,A
00354,中软国际,2014-11-30,-2.67857142857143,6.92,-0.5242336581776076,0.4166666666666667,1.1568682084146003,T2,1.1598698719412404,-0.012710564596234541,↑,↑,VP_SELLING_ACTIVE,26.099165879458113,CBI_TURBULENT,COST_DISADVANTAGE,-0.16442414482503553,-0.1890127051003777,-0.157173732716137,Deteriorating,-0.1890127051003777,-0.3870767960363338,A
00354,中软国际,2014-12-31,-16.972477064220183,6.05,-0.6131657604310696,0.3333333333333333,0.976594027441485,T2,0.9751741150559436,-0.17836890725206422,→,→,VP_NEUTRAL,28.99087645174844,CBI_TURBULENT,COST_DISADVANTAGE,-0.18556473189076494,-0.22431592962750757,-0.2893539621573157,Stable,-0.22431592962750757,-2.80536810978846,A
00354,中软国际,2015-01-31,16.022099447513803,5.94,-0.48358752903402197,0.3333333333333333,0.9575497044599679,T3,0.9564681480250754,0.5112565771364077,→,→,VP_STABLE_ASCENT,29.458771653294725,CBI_TURBULENT,COST_DISADVANTAGE,-0.1372655642793914,-0.1077842920766443,-0.17549354725434407,Improving,-0.1077842920766443,2.697323139312088,A
00354,中软国际,2015-02-28,-2.3809523809523947,2.39,-0.7416126716999597,0.08333333333333333,0.4401473296500921,T2,0.4401357383459258,-0.655539802168992,↓,↓,VP_DECLINE_SILENT,41.012275107303545,CBI_ACTIVE,COST_DISADVANTAGE,-0.1625271935423379,-0.15382343130838605,-0.19512465327209794,Deteriorating,-0.15382343130838605,-0.9962143853357299,A
00354,中软国际,2015-03-31,36.585365853658544,20.83,7.186684978557661,1.0,2.71400651465798,T5,2.715834718450444,2.4534861957117164,↑↑,↑↑,VP_OVERHEAT,10.361458438095383,CBI_TURBULENT,COST_NEUTRAL,-0.02998171875375566,-0.028841415218531452,0.0227146155154494,Deteriorating,-0.028841415218531452,1.7563785815486581,A
00354,中软国际,2015-04-30,44.99999999999999,78.13,15.49275326220169,1.0,3.898054215865624,T5,3.8543734743638898,11.766540124230819,↑↑,↑↑,VP_OVERHEAT,18.914965172315608,CBI_TURBULENT,COST_NEUTRAL,0.009955622883926152,0.002447717692868112,0.4829361924974014,Deteriorating,0.002447717692868112,0.5759631383591449,A
00354,中软国际,2015-05-31,25.369458128078826,49.84,1.7336597426732652,0.9166666666666666,1.832577521755117,T5,1.9545736307798824,21.43368954127739,↑↑,↑↑,VP_OVERHEAT,0.5820840086581847,CBI_TURBULENT,COST_ADVANTAGE,-0.02232115503748955,0.08233203574634729,0.8591490689191561,Deteriorating,0.08233203574634729,0.5090180202263006,A
00354,中软国际,2015-06-30,-24.165029469548138,35.28,0.7626397506087723,0.8333333333333334,1.1001507198170573,T4,1.1699512199011235,0.8407975245139914,↑,↑,VP_SELLING_ACTIVE,6.34884582472752,CBI_TURBULENT,COST_DISADVANTAGE,-0.17356014910672035,-0.19770196672805318,-0.12924149197314028,Deteriorating,-0.19770196672805318,-0.6849498148964891,A
00354,中软国际,2015-07-31,-34.4559585492228,44.02,1.0172962382920805,0.8333333333333334,1.1459065469217755,T4,1.121225920698469,-0.42043323720334136,↑,↑,VP_SELLING_ACTIVE,4.827137359074921,CBI_TURBULENT,COST_DISADVANTAGE,-0.1821641359116264,-0.2506541386471268,-0.4292696825627059,Deteriorating,-0.2506541386471268,-0.782734178764716,A
00354,中软国际,2015-08-31,-14.229249011857704,25.76,0.08669233497391546,0.6666666666666666,0.6088395178444812,T3,0.6460508939160708,-0.47668082060582007,↓,↓,VP_DECLINE_SILENT,4.822958760338076,CBI_TURBULENT,COST_DISADVANTAGE,-0.1344079378103904,-0.21622922262955901,-0.5104803206170245,Deteriorating,-0.21622922262955901,-0.5523776790317431,A
00354,中软国际,2015-09-30,19.81566820276499,18.72,-0.28648543245734237,0.5,0.44615690168818267,T3,0.47107102164169024,-0.46816050679983623,↓,↓,VP_LOCKED_CANDIDATE,0.11465992690522799,CBI_TURBULENT,COST_DISADVANTAGE,-0.13543229254986877,-0.08117376823521472,-0.15334002290536708,Improving,-0.08117376823521472,1.0585292843357366,A
00354,中软国际,2015-10-31,15.769230769230758,19.86,-0.3068283135341082,0.5,0.6158776100888982,T3,0.634999157543335,-0.5028188377793968,↓,↓,VP_LOCKED_CANDIDATE,4.882103301720438,CBI_TURBULENT,COST_DISADVANTAGE,-0.10253471768457689,-0.07834055327415912,-0.019828257286598205,Improving,-0.07834055327415912,0.7940196761949022,A
00354,中软国际,2015-11-30,5.6478405315614655,21.12,-0.3135376055040642,0.5833333333333334,0.7691187181354698,T3,0.7914716174816007,-0.1734989628968423,↓,↓,VP_LOCKED_CANDIDATE,0.5437806126466238,CBI_TURBULENT,COST_NEUTRAL,-0.15034152245318877,-0.1152657418366051,0.03553027967728184,Improving,-0.1152657418366051,0.26741669183529665,A
00354,中软国际,2015-12-31,-10.691823899371078,9.76,-0.9454393197712516,0.25,0.42056880206837116,T2,0.43514335202547705,-0.47397542598053244,↓,↓,VP_DECLINE_SILENT,27.998035540529624,CBI_TURBULENT,COST_DISADVANTAGE,-0.1158459644786044,-0.1381106746076679,-0.16668712972146937,Deteriorating,-0.1381106746076679,-1.095473760181463,A
00354,中软国际,2016-01-31,-17.957746478873236,11.120000000000001,-0.912565686033179,0.25,0.627421478277224,T2,0.6321023787602648,-0.4375797673121511,↓,↓,VP_DECLINE_SILENT,28.900123557212368,CBI_TURBULENT,COST_DISADVANTAGE,-0.10203643841493626,-0.14668581544466353,-0.31633134234190974,Deteriorating,-0.14668581544466353,-1.6149052588914778,A
00354,中软国际,2016-02-29,-4.72103004291845,6.12,-1.2563092184455857,0.08333333333333333,0.4235294117647059,T2,0.4399939921501058,-0.6981370362294927,↓,↓,VP_DECLINE_SILENT,33.68010068470967,CBI_ACTIVE,COST_DISADVANTAGE,-0.1781594274730086,-0.17161648726553846,-0.3486075450639654,Deteriorating,-0.17161648726553846,-0.7714101377317728,A
00354,中软国际,2016-03-31,11.711711711711704,22.49,-0.3220027695061153,0.5833333333333334,1.4915441582845141,T3,1.5378681870334356,1.4070449313465083,↑↑,↑,VP_NEUTRAL,17.725651531726566,CBI_TURBULENT,COST_DISADVANTAGE,-0.13744981225901431,-0.0812750369149079,-0.08312531791246369,Stable,-0.0812750369149079,0.5207519658386708,A
00354,中软国际,2016-04-30,-1.2096774193548265,12.99,-0.8290719302555282,0.3333333333333333,0.9322966507177032,T2,0.9527091474021817,0.2158699545092384,→,→,VP_NEUTRAL,23.75990957079305,CBI_TURBULENT,COST_DISADVANTAGE,-0.15220932817796273,-0.15994445250092837,-0.09421654390545808,Stable,-0.15994445250092837,-0.09312374282947086,A
00354,中软国际,2016-05-31,6.938775510204076,7.67,-1.2071196372585657,0.16666666666666666,0.6560228082679971,T2,0.6659700596107085,0.26283963255201637,↓,↓,VP_LOCKED_CANDIDATE,32.74567450738316,CBI_ACTIVE,COST_DISADVANTAGE,-0.06657253146950426,-0.0688895906794943,-0.0313662632784899,Improving,-0.0688895906794943,0.9046643429210008,A
00354,中软国际,2016-06-30,1.1450381679389166,11.14,-0.6827283332163784,0.4166666666666667,0.9344331049909129,T2,0.9424491723084932,-0.5035164576422653,→,→,VP_NEUTRAL,24.621113411388347,CBI_TURBULENT,COST_DISADVANTAGE,-0.11420549352015841,-0.11771535060097948,-0.09316037302019375,Stable,-0.11771535060097948,0.10278619101785606,A
00354,中软国际,2016-07-31,4.150943396226414,10.29,-0.7693930412558733,0.3333333333333333,0.8732673267326734,T2,0.8750773053479475,-0.20527910219218504,↓,↓,VP_LOCKED_CANDIDATE,29.027422312269202,CBI_TURBULENT,COST_DISADVANTAGE,-0.10636214990529091,-0.09543089117085302,-0.05551797340971121,Improving,-0.09543089117085302,0.4033958596915855,A
00354,中软国际,2016-08-31,17.391304347826097,22.38,1.5748333291549672,0.9166666666666666,1.5441582336706532,T5,1.5456328037034546,1.9174386711162978,↑↑,↑↑,VP_OVERHEAT,5.940065367942908,CBI_TURBULENT,COST_NEUTRAL,-0.10020749741627721,-0.07620429218663949,0.10873977034512183,Deteriorating,-0.07620429218663949,0.7770913470878507,A
00354,中软国际,2016-09-30,-1.2345679012345734,20.53,1.0984125402987146,0.75,1.4491764705882355,T4,1.4573127423639385,0.8553661177978749,↑,↑,VP_DIVERGENCE_HIGH,15.988329899582284,CBI_TURBULENT,COST_DISADVANTAGE,-0.09469594713767726,-0.12603617181356686,-0.08020213011041144,Deteriorating,-0.12603617181356686,-0.060134822271533044,A
00354,中软国际,2016-10-31,2.499999999999991,8.88,-0.8881005236611252,0.25,0.6586722709852887,T2,0.6729435082773131,-0.11438993095947225,↓,↓,VP_LOCKED_CANDIDATE,28.644521216299456,CBI_TURBULENT,COST_DISADVANTAGE,-0.12824359120052709,-0.10999932000111368,-0.057207183363171876,Improving,-0.10999932000111368,0.2815315315315305,A
00354,中软国际,2016-11-30,6.707317073170738,11.48,-0.2745350176661223,0.6666666666666666,0.8132231404958677,T3,0.8264679109158203,-0.47463556387266115,↓,↓,VP_LOCKED_CANDIDATE,14.852452989727873,CBI_TURBULENT,COST_NEUTRAL,-0.03715840530689174,-0.06534658819413952,0.006028920191737397,Improving,-0.06534658819413952,0.5842610690915276,A
00354,中软国际,2016-12-31,-6.571428571428573,17.28,0.7316791180308871,0.75,1.141347424042272,T4,1.1635643422059954,-0.13623207541584115,↑,↑,VP_SELLING_ACTIVE,5.154692581856451,CBI_TURBULENT,COST_DISADVANTAGE,-0.09000993149498893,-0.16085179921472303,-0.13967071233127837,Deteriorating,-0.16085179921472303,-0.38029100529100535,A
00354,中软国际,2017-01-31,3.0581039755351647,7.39,-1.1231704786100136,0.16666666666666666,0.5042074141460086,T2,0.5310920238342782,-0.12874124846455848,↓,↓,VP_LOCKED_CANDIDATE,29.5812704802892,CBI_TURBULENT,COST_DISADVANTAGE,-0.09430988855869038,-0.08589806746796169,-0.11336094818238773,Improving,-0.08589806746796169,0.4138165054851373,A
00354,中软国际,2017-02-28,2.0771513353115667,11.67,-0.39795299954743363,0.5833333333333334,0.9066424964392075,T3,0.9688150783039865,0.10288897596510793,→,→,VP_STABLE_ASCENT,19.617819310830257,CBI_TURBULENT,COST_DISADVANTAGE,-0.1249433816971931,-0.12376170106150797,-0.09494411327816443,Improving,-0.12376170106150797,0.1779906885442645,A
00354,中软国际,2017-03-31,19.186046511627897,26.53,2.8369500979325157,1.0,1.9125315391084945,T5,1.9806247021952674,0.6458635870797611,↑↑,↑↑,VP_OVERHEAT,7.801373751861387,CBI_TURBULENT,COST_NEUTRAL,-0.07375139241408446,-0.040366471975175955,0.002294965622076983,Deteriorating,-0.040366471975175955,0.7231830573549904,A
00354,中软国际,2017-04-30,5.1219512195122,13.72,-0.06324273786894338,0.6666666666666666,0.9347110253207676,T3,0.9612101345352063,0.9194475437964229,→,→,VP_STABLE_ASCENT,17.25388374045663,CBI_TURBULENT,COST_NEUTRAL,-0.06953378416063094,-0.04699605937650375,0.05363202483686624,Improving,-0.04699605937650375,0.37332005973120985,A
00354,中软国际,2017-05-31,-10.904872389791176,10.870000000000001,-0.6457157356974718,0.3333333333333333,0.7457123256345758,T2,0.7610555878485887,-0.06575003853157313,↓,↓,VP_DECLINE_SILENT,31.135193882591864,CBI_ACTIVE,COST_DISADVANTAGE,-0.10571955589969206,-0.13105922418315163,-0.06126520292956694,Deteriorating,-0.13105922418315163,-1.0032081315355268,A
00354,中软国际,2017-06-30,-1.5625,10.58,-0.6891246473169637,0.3333333333333333,0.7860326894502229,T2,0.7907613705277633,-0.5988755754894621,↓,↓,VP_DECLINE_SILENT,32.18545487796136,CBI_ACTIVE,COST_DISADVANTAGE,-0.09238535041936013,-0.11219730251227955,-0.14301303426256318,Deteriorating,-0.11219730251227955,-0.1476843100189036,A
00354,中软国际,2017-07-31,3.9682539682539764,13.36,-0.22223990714793954,0.5833333333333334,0.924247665167762,T3,0.9264107693765868,-0.023747043696756176,→,→,VP_STABLE_ASCENT,17.48159844601104,CBI_TURBULENT,COST_DISADVANTAGE,-0.1038333676906269,-0.076356630541764,-0.10900561498726802,Improving,-0.076356630541764,0.29702499762380064,A
00354,中软国际,2017-08-31,-3.307888040712481,10.57,-0.6130838516591949,0.25,0.7406282844797384,T2,0.7418490255125101,-0.028563409268499096,↓,↓,VP_DECLINE_SILENT,34.00979080090336,CBI_ACTIVE,COST_DISADVANTAGE,-0.1002338972755259,-0.10067376603100231,-0.1384787116925239,Deteriorating,-0.10067376603100231,-0.31295061879966707,A
00354,中软国际,2017-09-30,4.473684210526319,15.1,0.43551197088473487,0.8333333333333334,1.2210242587601077,T3,1.2191325641205653,0.4233421628084746,↑,↑,VP_EXPANSION,13.006419166792536,CBI_TURBULENT,COST_DISADVANTAGE,-0.07652074171639611,-0.10623985263509039,-0.08083702495975154,Improving,-0.10623985263509039,0.29627047751829927,A
00354,中软国际,2017-10-31,5.5415617128463435,12.11,-0.28936426158226203,0.5833333333333334,1.000964320154291,T3,1.0010310521038523,-0.09398933056166237,→,→,VP_STABLE_ASCENT,26.498420847659084,CBI_TURBULENT,COST_DISADVANTAGE,-0.07630978117792886,-0.08301860757507618,-0.029901041456261712,Improving,-0.08301860757507618,0.4576021232738517,A
00354,中软国际,2017-11-30,11.933174224343679,18.27,0.9811488958877944,0.9166666666666666,1.3704213026628327,T4,1.3697718127451703,0.7269174105505187,↑,↑,VP_EXPANSION,16.96168339460616,CBI_TURBULENT,COST_NEUTRAL,-0.07967138611452795,-0.0372432011866729,0.08586255741530602,Stable,-0.0372432011866729,0.6531567719947279,A
00354,中软国际,2017-12-31,2.985074626865658,10.24,-0.6996892829578463,0.16666666666666666,0.7713747645951036,T2,0.7713666967114531,-0.3208910556026302,↓,↓,VP_LOCKED_CANDIDATE,37.09064234426405,CBI_ACTIVE,COST_NEUTRAL,-0.051592716896620705,-0.011740289032002083,0.00933285205356893,Improving,-0.011740289032002083,0.29151119402984943,A
00354,中软国际,2018-01-31,6.8322981366459645,11.4,-0.5452863339292088,0.4166666666666667,0.8804221907581414,T2,0.8800519874349345,-0.05982783123555635,↓,↓,VP_LOCKED_CANDIDATE,41.50845426960693,CBI_ACTIVE,COST_NEUTRAL,-0.08796067817973185,-0.06190380421882424,0.07829348169698047,Improving,-0.06190380421882424,0.5993243979514004,A
00354,中软国际,2018-02-28,4.263565891472854,9.72,-0.9023307207911007,0.08333333333333333,0.7589796980739199,T2,0.7593270525727523,-0.4677652865418418,↓,↓,VP_LOCKED_CANDIDATE,45.81411620599023,CBI_ACTIVE,COST_ADVANTAGE,-0.041088184299315156,0.02291316420064482,0.12426723479258817,Improving,0.02291316420064482,0.43863846620091085,A
00354,中软国际,2018-03-31,24.1635687732342,23.78,4.651465465449494,1.0,1.668381665107577,T5,1.6691772986642552,1.3236090146494157,↑↑,↑↑,VP_OVERHEAT,17.03427796783296,CBI_TURBULENT,COST_ADVANTAGE,-0.030499163491531478,0.028496149069574095,0.11795098291284778,Deteriorating,0.028496149069574095,1.0161298895388646,A
00354,中软国际,2018-04-30,-18.413173652694603,23.75,2.5497917406911252,0.9166666666666666,1.4666529435981888,T5,1.4670648456420956,1.0855980944836547,↑,↑,VP_SELLING_ACTIVE,12.629584363028465,CBI_TURBULENT,COST_DISADVANTAGE,-0.0496509187702765,-0.1602461982832547,-0.08789927292290112,Deteriorating,-0.1602461982832547,-0.7752915222187201,A
00354,中软国际,2018-05-31,14.862385321100913,17.29,0.5696375627938892,0.75,1.0786026200873364,T4,1.0861000031382706,0.794072782715209,→,→,VP_STABLE_ASCENT,22.48785352900648,CBI_TURBULENT,COST_NEUTRAL,-0.08872165654596009,-0.026968951856220835,0.047660651651860286,Stable,-0.026968951856220835,0.8595942927183872,A
00354,中软国际,2018-06-30,-7.66773162939296,12.64,-0.4929346629035702,0.5,0.7693244065733414,T3,0.7758711383981406,-0.46253582727975007,↓,↓,VP_DECLINE_SILENT,31.57986512204324,CBI_ACTIVE,COST_DISADVANTAGE,-0.017014132185807163,-0.09539043003419889,-0.10358997133049508,Deteriorating,-0.09539043003419889,-0.6066243377684304,A
00354,中软国际,2018-07-31,0.17301038062282892,8.8,-1.2568909572556881,0.08333333333333333,0.5501146072098354,T2,0.5532524919766854,-0.6259121160428138,↓,↓,VP_SHRINK,41.06190599111462,CBI_ACTIVE,COST_DISADVANTAGE,-0.10015599078429371,-0.062055412275275335,-0.10203908892795277,Stable,-0.062055412275275335,0.019660270525321467,A
00354,中软国际,2018-08-31,-9.153713298791022,15.81,0.19302335527776265,0.6666666666666666,0.9293622024101107,T3,0.9345287451672766,-0.08317687056906675,→,→,VP_NEUTRAL,15.902132426140254,CBI_TURBULENT,COST_DISADVANTAGE,-0.06700919589973031,-0.08731837250377794,-0.18423585626269978,Stable,-0.08731837250377794,-0.5789824983422531,A
00354,中软国际,2018-09-30,-7.224334600760452,7.640000000000001,-1.4222657814724748,0.08333333333333333,0.5334574653787968,T2,0.5352363580788381,-0.3959811680863997,↓,↓,VP_DECLINE_SILENT,35.13377229731773,CBI_ACTIVE,COST_DISADVANTAGE,-0.053269266214608146,-0.03930484473137552,-0.14580891644895733,Deteriorating,-0.03930484473137552,-0.9455935341309492,A
00354,中软国际,2018-10-31,-12.704918032786882,12.45,-0.37218191480874846,0.5,1.0009379606056545,T3,1.0012916578133793,0.41601278996008695,→,→,VP_NEUTRAL,20.700068184986232,CBI_TURBULENT,COST_DISADVANTAGE,-0.032758819058151145,-0.023475389448010975,-0.2543331934574915,Stable,-0.023475389448010975,-1.0204753439989465,A
00354,中软国际,2018-11-30,0.0,8.4,-1.0370908410329855,0.16666666666666666,0.7666565257073318,T2,0.7674355080844,-0.46821563721464043,↓,↓,VP_SHRINK,36.216798080878675,CBI_ACTIVE,COST_DISADVANTAGE,-0.06027920558867739,-0.08545571757247405,-0.2543331934574915,Stable,-0.08545571757247405,0.0,A
00354,中软国际,2018-12-31,-16.666666666666664,13.37,-0.07622677097162385,0.6666666666666666,1.2068602377012185,T3,1.2084319376507242,0.7530014105967724,↑,↑,VP_SELLING_ACTIVE,16.456165205895736,CBI_TURBULENT,COST_DISADVANTAGE,-0.06030056136802686,-0.1203223990829837,-0.17579928258502608,Deteriorating,-0.1203223990829837,-1.2465719272001994,A
00354,中软国际,2019-01-31,-1.1267605633802802,18.56,0.8426780029867198,0.8333333333333334,1.4608421881149152,T4,1.471875738175429,0.506852860992747,↑,↑,VP_DIVERGENCE_HIGH,16.466426977926737,CBI_TURBULENT,COST_DISADVANTAGE,-0.06685138216173137,-0.05432226288529718,-0.18508605123195532,Deteriorating,-0.05432226288529718,-0.060709082078678894,A
00354,中软国际,2019-02-28,27.920227920227923,19.9,0.947023715015088,0.8333333333333334,1.486553784860558,T4,1.499134140755102,1.4019312419224068,↑,↑,VP_EXPANSION,12.9803405206954,CBI_TURBULENT,COST_NEUTRAL,0.013585057632876207,-0.008021431781604527,0.042439780617812284,Stable,-0.008021431781604527,1.4030265286546697,A
00354,中软国际,2019-03-31,0.44543429844097204,19.919999999999998,1.1179397766809285,0.9166666666666666,1.2907127429805616,T4,1.2992609653147538,0.5108553863646446,↑,↑,VP_DIVERGENCE_HIGH,11.461248809733167,CBI_TURBULENT,COST_NEUTRAL,-0.04059698186010663,-0.07260761726595866,0.02891132617644776,Deteriorating,-0.07260761726595866,0.022361159560289764,A
00354,中软国际,2019-04-30,-8.425720620842569,10.49,-0.8231065630663984,0.3333333333333333,0.6943954104148279,T2,0.7105761866245396,-0.4199166459479252,↓,↓,VP_DECLINE_SILENT,30.484816453322658,CBI_ACTIVE,COST_DISADVANTAGE,-0.09381945399697944,-0.1353758530178878,-0.057781867603385995,Deteriorating,-0.1353758530178878,-0.8032145491746967,A
00354,中软国际,2019-05-31,-16.464891041162222,15.24,0.41255276086505727,0.6666666666666666,0.9380385720147723,T3,0.9635604391791922,-0.20949839990148134,→,→,VP_NEUTRAL,12.675642296115615,CBI_TURBULENT,COST_DISADVANTAGE,-0.07708978106428732,-0.09783201964381771,-0.2129170564725621,Stable,-0.09783201964381771,-1.0803734278977837,A
00354,中软国际,2019-06-30,2.0289855072463725,9.82,-0.888972264447036,0.3333333333333333,0.6272756307888853,T2,0.6417277588408424,-0.4907371944612774,↓,↓,VP_LOCKED_CANDIDATE,24.481020598338386,CBI_TURBULENT,COST_DISADVANTAGE,-0.05472316323720883,-0.05754111941941187,-0.13690189678350373,Improving,-0.05754111941941187,0.2066176687623597,A
00354,中软国际,2019-07-31,3.125,8.55,-1.2289948276376936,0.25,0.611296472831268,T2,0.6233888592690541,-0.17322155164776765,↓,↓,VP_LOCKED_CANDIDATE,27.77042075654458,CBI_TURBULENT,COST_DISADVANTAGE,-0.08165598840027355,-0.08584661120751647,-0.1099300810579883,Improving,-0.08584661120751647,0.36549707602339176,A
00354,中软国际,2019-08-31,-19.00826446280992,11.42,-0.38244785167599765,0.5,0.9082714740190878,T3,0.9157989427886877,-0.2511754791135472,→,→,VP_NEUTRAL,28.0497591629081,CBI_TURBULENT,COST_DISADVANTAGE,-0.10060911556348584,-0.15786805325523412,-0.2791169251544038,Stable,-0.15786805325523412,-1.6644714941164553,A
00354,中软国际,2019-09-30,6.802721088435382,11.28,-0.5267437840471451,0.4166666666666667,1.0131736526946107,T2,1.0135673823619809,0.14620205322800128,→,→,VP_STABLE_ASCENT,26.00466514503868,CBI_TURBULENT,COST_DISADVANTAGE,-0.1391035262594894,-0.13272546014158848,-0.14429909027181553,Improving,-0.13272546014158848,0.6030781106768955,A
00354,中软国际,2019-10-31,-2.547770700636942,7.62,-1.3702124820683272,0.08333333333333333,0.7151572031909902,T2,0.7144278808577393,-0.11295008998152967,↓,↓,VP_DECLINE_SILENT,39.681985710467835,CBI_ACTIVE,COST_DISADVANTAGE,-0.0993097983620237,-0.1061680974381155,-0.16610038733495402,Deteriorating,-0.1061680974381155,-0.3343531103198087,A
00354,中软国际,2019-11-30,11.111111111111116,13.29,0.000425059128774812,0.5833333333333334,1.286544046466602,T3,1.2857707458991616,0.16439373306772143,↑,↑,VP_EXPANSION,19.406017273906222,CBI_TURBULENT,COST_DISADVANTAGE,-0.1023958778387064,-0.08375563141794284,-0.07344487481661566,Improving,-0.08375563141794284,0.8360504974500464,A
00354,中软国际,2019-12-31,19.999999999999996,22.09,2.0594486883933016,1.0,1.785050505050505,T5,1.7835529850362544,0.9578436601041433,↑↑,↑↑,VP_OVERHEAT,7.659241366778254,CBI_TURBULENT,COST_NEUTRAL,-0.07149762224409728,-0.04861568845181685,0.031199888205860393,Deteriorating,-0.04861568845181685,0.9053870529651424,A
00354,中软国际,2020-01-31,5.147058823529416,16.96,0.7046206083014648,0.75,1.231067021533995,T4,1.231822761504863,1.2272299084986171,↑,↑,VP_EXPANSION,14.591745320088716,CBI_TURBULENT,COST_NEUTRAL,-0.08874913449140309,-0.11879206220131378,0.08427635303998549,Stable,-0.11879206220131378,0.30348224195338536,A
00354,中软国际,2020-02-29,3.9627039627039506,22.2,1.9793153997498836,1.0,1.425513698630137,T5,1.4565495425759325,0.7179293380316918,↑,↑,VP_EXPANSION,6.659496054328502,CBI_TURBULENT,COST_NEUTRAL,-0.10348180463786116,-0.14638569636896392,0.12724301504856306,Stable,-0.14638569636896392,0.17850017850017796,A
00354,中软国际,2020-03-31,-16.367713004484308,24.01,2.172332192588797,1.0,1.3568804747103702,T5,1.3811360456304949,0.12136859933205724,↑,↑,VP_SELLING_ACTIVE,7.9932549551491565,CBI_TURBULENT,COST_DISADVANTAGE,-0.03191295808361605,-0.08578883538414328,-0.2050538767289899,Deteriorating,-0.08578883538414328,-0.6817039985207958,A
00354,中软国际,2020-04-30,1.3404825737265424,7.55,-1.3005642840347822,0.08333333333333333,0.42695570216776624,T2,0.43313547257036794,-0.5417754442016904,↓,↓,VP_SHRINK,37.56406058696696,CBI_ACTIVE,COST_DISADVANTAGE,-0.10238514538520893,-0.09942316881589641,-0.19439776247602725,Stable,-0.09942316881589641,0.17754736075848246,A
00354,中软国际,2020-05-31,-6.349206349206349,19.86,0.9775770150310823,0.75,1.0576018460992278,T4,1.0696455296788039,-0.10303650843257117,→,→,VP_NEUTRAL,16.032860618348487,CBI_TURBULENT,COST_DISADVANTAGE,-0.09104086627211472,-0.19311020621712827,-0.24554711089024772,Stable,-0.19311020621712827,-0.3196982048945795,A
00354,中软国际,2020-06-30,11.299435028248595,15.76,0.1299175395334065,0.5833333333333334,0.8892232461914613,T3,0.8942091714669017,-0.3433700006655984,↓,↓,VP_LOCKED_CANDIDATE,27.29447133762308,CBI_TURBULENT,COST_DISADVANTAGE,-0.10493839517805625,-0.07617881038427898,-0.08571439293160799,Improving,-0.07617881038427898,0.7169692276807484,A
00354,中软国际,2020-07-31,42.385786802030466,40.22,4.380360375632432,1.0,1.8620370370370372,T5,1.8632010929976885,4.3355025053823155,↑↑,↑↑,VP_OVERHEAT,8.427727800916223,CBI_TURBULENT,COST_NEUTRAL,-0.011835072377755385,0.018558213712688065,0.30181275524205065,Deteriorating,0.018558213712688065,1.0538485032827067,A
00354,中软国际,2020-08-31,-7.13012477718361,16.92,-0.1515783100819014,0.5,0.8166023166023166,T3,0.8343837228596213,-0.12659675727568354,↓,↓,VP_DECLINE_SILENT,19.839821386998487,CBI_TURBULENT,COST_NEUTRAL,-0.04547852674277475,-0.06796575360162338,0.20899188142800051,Deteriorating,-0.06796575360162338,-0.4214021735924119,A
00354,中软国际,2020-09-30,1.7274472168905985,16.62,-0.2510369145585907,0.4166666666666667,0.8528179252544258,T3,0.8753096685040386,0.09156558641480483,↓,↓,VP_LOCKED_CANDIDATE,22.171067108794077,CBI_TURBULENT,COST_DISADVANTAGE,-0.06999450655659889,-0.06386562904825521,-0.04714417169573648,Improving,-0.06386562904825521,0.10393785901868824,A
00354,中软国际,2020-10-31,0.0,16.87,-0.34571658070450073,0.4166666666666667,0.8017425742574258,T3,0.8199106953975467,-0.5655840456923535,↓,↓,VP_SHRINK,26.103074116917355,CBI_TURBULENT,COST_DISADVANTAGE,-0.08451724375144509,-0.09067980164552658,-0.04714417169573648,Stable,-0.09067980164552658,0.0,A
00354,中软国际,2020-11-30,49.62264150943396,27.39,0.9747203599783639,0.9166666666666666,1.2284347436089103,T4,1.2500274926262112,0.6386694625069131,↑,↑,VP_EXPANSION,10.55774938257191,CBI_TURBULENT,COST_ADVANTAGE,0.0365065952814958,0.10587264996936407,0.4256880600854358,Stable,0.10587264996936407,1.8117065173214297,A
00354,中软国际,2020-12-31,5.296343001261028,17.92,-0.3114085411005549,0.5833333333333334,0.7909371781668384,T3,0.8235631716691159,0.11588700451999401,↓,↓,VP_LOCKED_CANDIDATE,20.518829380698882,CBI_TURBULENT,COST_ADVANTAGE,0.09330744989785278,0.058085231264229265,0.188935215954942,Improving,0.058085231264229265,0.29555485498108414,A
00354,中软国际,2021-01-31,9.461077844311383,22.82,0.295027253524167,0.75,1.1550531466171756,T3,1.213732212441865,0.44613834847791445,↑,↑,VP_EXPANSION,25.288483625686478,CBI_TURBULENT,COST_NEUTRAL,-0.08313062055599552,-0.01064305371589036,0.30142130225487085,Improving,-0.01064305371589036,0.41459587398384673,A
00354,中软国际,2021-02-28,-13.238512035010952,14.31,-0.7852920507070181,0.16666666666666666,0.7406193392564477,T2,0.7708004932959898,-0.4421579217250109,↓,↓,VP_DECLINE_SILENT,43.77359083184077,CBI_ACTIVE,COST_NEUTRAL,-0.09671034713112603,-0.16706492223152603,0.12913248652966347,Deteriorating,-0.16706492223152603,-0.925123133124455,A
00354,中软国际,2021-03-31,1.6393442622950838,13.81,-0.7276519333159506,0.16666666666666666,0.7324964639321074,T2,0.7552458643199175,-0.20327970325653366,↓,↓,VP_LOCKED_CANDIDATE,43.41086734354489,CBI_ACTIVE,COST_NEUTRAL,0.06430500466218225,0.03904119004507378,-0.09601621505688784,Improving,0.03904119004507378,0.11870704288885472,A
00354,中软国际,2021-04-30,4.714640198511155,8.2,-1.6359222384332428,0.08333333333333333,0.47103877453326953,T1,0.48113667581395403,-0.6410401053757637,↓,↓,VP_LOCKED_CANDIDATE,38.40075736819053,CBI_ACTIVE,COST_DISADVANTAGE,-0.057519225009173613,-0.035814286717563815,-0.053396632143937306,Improving,-0.035814286717563815,0.5749561217696532,A
00354,中软国际,2021-05-31,15.284360189573466,8.78,-1.2779434201106987,0.16666666666666666,0.6136999068033551,T2,0.6184938688378779,-0.3861429478684655,↓,↓,VP_LOCKED_CANDIDATE,34.554051020367396,CBI_ACTIVE,COST_ADVANTAGE,0.0045684189229391325,0.06596416474120281,0.09128563616581653,Improving,0.06596416474120281,1.7408155113409416,A
00354,中软国际,2021-06-30,42.75436793422405,48.089999999999996,3.426325301587024,1.0,2.4871993793638483,T5,2.486854784224955,2.481304768949442,↑↑,↑↑,VP_OVERHEAT,3.559933688110455,CBI_TURBULENT,COST_ADVANTAGE,0.018102891481742267,0.092468207440765,0.1840182727652464,Deteriorating,0.092468207440765,0.8890490316952392,A
00354,中软国际,2021-07-31,-1.7278617710583144,28.37,0.8674937802528638,0.9166666666666666,1.4002961500493583,T4,1.400664583964692,2.465037482658531,↑,↑,VP_SELLING_ACTIVE,6.684778995853803,CBI_TURBULENT,COST_NEUTRAL,0.046801257995125134,-0.02514201429369245,0.16356007366779068,Deteriorating,-0.02514201429369245,-0.06090453898689864,A
00354,中软国际,2021-08-31,-5.421245421245424,23.3,0.2788880487101999,0.75,1.0708540788969743,T3,1.0705245361873275,1.650160835426366,→,→,VP_NEUTRAL,11.527668410254947,CBI_TURBULENT,COST_NEUTRAL,-0.034177973008879814,-0.07679646830147824,0.10048062645063571,Stable,-0.07679646830147824,-0.23267147730667057,A
00354,中软国际,2021-09-30,4.4926413632842666,14.27,-0.6158060579317078,0.3333333333333333,0.6535378978703916,T2,0.6537212865801103,-0.70314057578594,↓,↓,VP_LOCKED_CANDIDATE,23.751686796222277,CBI_TURBULENT,COST_NEUTRAL,0.008733016800628102,-0.003232682936759046,-0.029096756575634708,Improving,-0.003232682936759046,0.3148312097606354,A
00354,中软国际,2021-10-31,-5.485544848035584,14.04,-0.6087763634118014,0.3333333333333333,0.6155644866642309,T2,0.6285400084568005,-0.49360785035625554,↓,↓,VP_DECLINE_SILENT,23.180359206639597,CBI_TURBULENT,COST_NEUTRAL,-0.034438840647850744,0.015678532941131085,-0.0823560894247104,Deteriorating,0.015678532941131085,-0.390708322509657,A
00354,中软国际,2021-11-30,0.47058823529411153,8.06,-1.054277623320967,0.08333333333333333,0.35524865936972017,T2,0.3735534621928101,-0.6340047952115551,↓,↓,VP_SHRINK,37.355984691198856,CBI_ACTIVE,COST_NEUTRAL,-0.005861564417053655,-0.011511585249681433,-0.07803776513965022,Stable,-0.011511585249681433,0.05838563713326445,A
00354,中软国际,2021-12-31,-22.794691647150668,12.94,-0.49699677834808315,0.3333333333333333,0.7688651218062982,T3,0.7995764161772062,-0.04302264333761596,↓,↓,VP_DECLINE_SILENT,16.960133789257007,CBI_TURBULENT,COST_DISADVANTAGE,-0.01890549229314309,-0.09638267226039043,-0.17904202139336622,Deteriorating,-0.09638267226039043,-1.7615681334737765,A
00354,中软国际,2022-01-31,-24.46916076845299,16.2,-0.12841852806816553,0.75,1.094471343317194,T3,1.1253885192848825,0.1907141750041832,↑,→,VP_NEUTRAL,10.02780675744848,CBI_TURBULENT,COST_DISADVANTAGE,-0.08120323538606333,-0.13092277057178947,-0.3799235490200653,Stable,-0.13092277057178947,-1.5104420227440118,A
00354,中软国际,2022-02-28,-8.567603748326636,6.4399999999999995,-1.0103010728986195,0.08333333333333333,0.5370396108408616,T2,0.5493441582174996,-0.19675056599221286,↓,↓,VP_DECLINE_SILENT,36.84413161045634,CBI_ACTIVE,COST_DISADVANTAGE,-0.06397887248697887,-0.1061392089808838,-0.43304924227671304,Deteriorating,-0.1061392089808838,-1.330373252845751,A
00354,中软国际,2022-03-31,-8.931185944363108,13.95,-0.2738797363982305,0.5,1.168504816417702,T3,1.1833876803065626,0.08846201426455158,↑,↑,VP_SELLING_ACTIVE,32.58868895375912,CBI_ACTIVE,COST_DISADVANTAGE,-0.08565405029439799,-0.030168414486304584,-0.18066806412566916,Deteriorating,-0.030168414486304584,-0.6402283831084665,A
00354,中软国际,2022-04-30,-0.4823151125401881,8.72,-0.7849299813987586,0.25,0.789021263761122,T2,0.7922055684869486,-0.457632777925305,↓,↓,VP_SHRINK,30.385346359843826,CBI_ACTIVE,COST_NEUTRAL,0.021192300777543638,-0.005374027267119219,-0.18461982587425907,Stable,-0.005374027267119219,-0.05531136611699405,A
00354,中软国际,2022-05-31,12.76252019386106,8.51,-0.8025562336437987,0.25,0.7648292390653085,T2,0.7645789060319593,0.31736189119169533,↓,↓,VP_LOCKED_CANDIDATE,30.85270060308948,CBI_ACTIVE,COST_NEUTRAL,0.006527411945248751,0.05621138872332243,-0.08055676649472188,Improving,0.05621138872332243,1.499708600923744,A
00354,中软国际,2022-06-30,11.604584527220618,11.01,-0.47915502392248976,0.4166666666666667,1.018972697825081,T3,1.01400026036944,-0.21856305100122508,→,→,VP_STABLE_ASCENT,41.90784109616666,CBI_ACTIVE,COST_ADVANTAGE,0.07680213670548897,0.03982498475210772,0.14022210317149542,Improving,0.03982498475210772,1.054004044252554,A
00354,中软国际,2022-07-31,-16.944801026957645,7.03,-1.2029323757055912,0.16666666666666666,0.757815307222422,T2,0.7553474475530955,-0.19872878819354756,↓,↓,VP_DECLINE_SILENT,41.19145733933449,CBI_ACTIVE,COST_DISADVANTAGE,-0.10041496394636695,-0.14400234612539864,-0.052986263476306195,Deteriorating,-0.14400234612539864,-2.41035576485884,A
00354,中软国际,2022-08-31,-8.346213292117465,8.51,-0.7714165994119675,0.4166666666666667,0.8844621513944222,T2,0.8829342264964802,-0.0010428749404207682,↓,↓,VP_DECLINE_SILENT,30.497273472389136,CBI_ACTIVE,COST_DISADVANTAGE,-0.08631712868075825,-0.11811326274913425,-0.132026049832225,Deteriorating,-0.11811326274913425,-0.980753618345178,A
00354,中软国际,2022-09-30,-22.596964586846546,7.08,-1.0853253110965633,0.25,0.8352339756193472,T2,0.8320830019779806,-0.3574245915727343,↓,↓,VP_DECLINE_SILENT,38.908251291389206,CBI_ACTIVE,COST_DISADVANTAGE,-0.10611953791166784,-0.17602823337530693,-0.3070112499520852,Deteriorating,-0.17602823337530693,-3.191661664808834,A
00354,中软国际,2022-10-31,8.061002178649247,6.05,-1.242683603301197,0.08333333333333333,0.7532683129279933,T2,0.7460360111852681,-0.14931912331716968,↓,↓,VP_LOCKED_CANDIDATE,40.91322327707849,CBI_ACTIVE,COST_DISADVANTAGE,-0.07841901986107003,-0.05602139535492889,-0.2511494117129286,Improving,-0.05602139535492889,1.3323970543221897,A
00354,中软国际,2022-11-30,28.830645161290324,16.26,2.0427845586255216,1.0,1.7440114408294605,T5,1.7290770413812262,0.880569748714034,↑↑,↑↑,VP_OVERHEAT,11.55026815908965,CBI_TURBULENT,COST_NEUTRAL,0.0030266540671839426,0.0059657990449173415,-0.035250955815647966,Deteriorating,0.0059657990449173415,1.7731024084434392,A
00354,中软国际,2022-12-31,2.5039123630672844,11.06,0.2969977004637811,0.75,1.1852116449365961,T3,1.1802483406346873,0.547721680326817,↑,↑,VP_EXPANSION,22.416416775540718,CBI_TURBULENT,COST_NEUTRAL,-0.04274364731127578,-0.04427842250315073,0.03654986749047007,Improving,-0.04427842250315073,0.2263935228813096,A
00354,中软国际,2023-01-31,1.2213740458015376,12.36,0.9177840739304729,0.8333333333333334,1.2093933463796476,T4,1.2026128633706425,1.0329567983826258,↑,↑,VP_DIVERGENCE_HIGH,14.281479213825877,CBI_TURBULENT,COST_NEUTRAL,-0.07932366470093077,-0.06482203235123518,0.049210018543788925,Deteriorating,-0.06482203235123518,0.09881667037229269,A
00354,中软国际,2023-02-28,-18.702865761689292,14.0,1.3006158411742248,0.9166666666666666,1.257296811854513,T4,1.2546775409915694,-0.13946273938350018,↑,↑,VP_SELLING_ACTIVE,18.560335358441275,CBI_TURBULENT,COST_DISADVANTAGE,-0.0873130457952409,-0.1276208468496508,-0.14702232278265137,Deteriorating,-0.1276208468496508,-1.3359189829778066,A
00354,中软国际,2023-03-31,-12.244897959183664,28.97,6.215154124003055,1.0,1.9596392333709134,T5,1.9585026674658081,1.6115963497526784,↑↑,↑↑,VP_PANIC,11.436360618201382,CBI_TURBULENT,COST_DISADVANTAGE,-0.13935483111769875,-0.14236995210832937,-0.21617012963237492,Deteriorating,-0.14236995210832937,-0.42267511077610165,A
00354,中软国际,2023-04-30,5.073995771670181,14.79,0.468212059622332,0.8333333333333334,0.9107142857142857,T3,0.9109416924903356,0.19864376254293314,→,→,VP_STABLE_ASCENT,16.36031303129357,CBI_TURBULENT,COST_DISADVANTAGE,-0.03822162688331221,-0.05098833513729528,-0.17639863515283383,Improving,-0.05098833513729528,0.34306935575863295,A
00354,中软国际,2023-05-31,-10.865191146881292,10.55,-0.31222047175414297,0.4166666666666667,0.6900686798212146,T3,0.6902846238905386,-0.24588527213477984,↓,↓,VP_DECLINE_SILENT,31.460298214263098,CBI_ACTIVE,COST_DISADVANTAGE,-0.07810141107928603,-0.10027338369785799,-0.26588449773180156,Deteriorating,-0.10027338369785799,-1.0298759380930134,A
00354,中软国际,2023-06-30,7.223476297968401,8.37,-0.6595270208185807,0.3333333333333333,0.5640161725067385,T2,0.5632265949556522,-0.7115143047369261,↓,↓,VP_LOCKED_CANDIDATE,31.66224148764538,CBI_ACTIVE,COST_DISADVANTAGE,-0.04127861421631662,-0.05674663373681166,-0.06661874534052781,Improving,-0.05674663373681166,0.8630198683355318,A
00354,中软国际,2023-07-31,-1.473684210526327,7.78,-0.7875865317988657,0.25,0.5526876627989581,T2,0.5459237917155062,-0.4813523621224177,↓,↓,VP_SHRINK,34.01273151516658,CBI_ACTIVE,COST_NEUTRAL,0.04517686657770059,-0.00895297307233478,-0.08037383751445693,Stable,-0.00895297307233478,-0.18941956433500348,A
00354,中软国际,2023-08-31,7.264957264957261,11.48,-0.1638278892059421,0.5833333333333334,0.840615084207957,T3,0.8279226726771204,0.06681759863216952,↓,↓,VP_LOCKED_CANDIDATE,23.937203552535962,CBI_TURBULENT,COST_NEUTRAL,0.026453674284790507,0.05653521031383657,-0.013563389812515814,Improving,0.05653521031383657,0.6328359986896569,A
00354,中软国际,2023-09-30,7.569721115537864,13.27,0.06658036058316545,0.6666666666666666,1.2019927536231885,T3,1.1914478054658748,0.5610257514939923,↑,↑,VP_EXPANSION,13.269750689267319,CBI_TURBULENT,COST_NEUTRAL,-0.03405188209082255,-0.05412933100956763,0.05160508272303166,Improving,-0.05412933100956763,0.5704386673351819,A
00354,中软国际,2023-10-31,1.6666666666666607,8.84,-0.8599268510400098,0.25,0.8797478852214297,T2,0.8694784506222748,0.1238174154457512,↓,↓,VP_LOCKED_CANDIDATE,32.034682715038464,CBI_ACTIVE,COST_NEUTRAL,-0.05259575377591885,-0.07040795243612352,0.06913183410174883,Improving,-0.07040795243612352,0.18853695324283493,A
00354,中软国际,2023-11-30,18.579234972677593,17.7,0.8735151148810049,0.9166666666666666,1.5747330960854091,T4,1.564076530006518,0.5329848427677859,↑↑,↑↑,VP_OVERHEAT,9.724646006230248,CBI_TURBULENT,COST_ADVANTAGE,-0.016664044750528184,0.0214908331483179,0.2677683497272103,Deteriorating,0.0214908331483179,1.049674292241672,A
00354,中软国际,2023-12-31,-10.752688172043012,11.47,-0.3517172005204916,0.4166666666666667,0.975616671392118,T3,0.9665345602195374,-0.14813475087279881,→,→,VP_NEUTRAL,25.441185585175337,CBI_TURBULENT,COST_DISADVANTAGE,-0.01227151399684523,-0.04618579731503458,-0.05979836312247677,Stable,-0.04618579731503458,-0.9374619156096784,A
00354,中软国际,2024-01-31,-26.50602409638555,16.25,0.5035449866341123,0.8333333333333334,1.2340210099987345,T4,1.2287074723527265,0.8304756548235674,↑,↑,VP_SELLING_ACTIVE,13.121401576007933,CBI_TURBULENT,COST_DISADVANTAGE,-0.14289257436691538,-0.17167817129144847,-0.3090084355478444,Deteriorating,-0.17167817129144847,-1.6311399443929568,A
00354,中软国际,2024-02-29,15.222482435597207,18.45,0.8453917402537499,0.9166666666666666,1.2875087229588276,T4,1.2741596264816608,0.02814830878441099,↑,↑,VP_EXPANSION,7.5803763226741925,CBI_TURBULENT,COST_NEUTRAL,0.0130629790057466,0.0038590448001625255,-0.2038223660176568,Stable,0.0038590448001625255,0.8250667986773554,A
00354,中软国际,2024-03-31,-7.72357723577236,16.71,1.1399449125965364,0.8333333333333334,1.12122567658242,T4,1.112878670829296,0.4455075490382605,↑,↑,VP_SELLING_ACTIVE,17.95394732499258,CBI_TURBULENT,COST_DISADVANTAGE,-0.04032852987168667,-0.12519346713737056,-0.10548566824438965,Deteriorating,-0.12519346713737056,-0.46221288065663435,A
00354,中软国际,2024-04-30,0.6607929515418665,13.9,0.2937935418342062,0.6666666666666666,0.8827265029635901,T3,0.8739115333761476,-0.15798261269464486,↓,↓,VP_SHRINK,28.67649456956714,CBI_TURBULENT,COST_NEUTRAL,-0.02473839311677517,-0.018393134255959342,-0.09957478058961688,Stable,-0.018393134255959342,0.04753906126200478,A
00354,中软国际,2024-05-31,-14.442013129102849,17.14,1.100257430755198,0.8333333333333334,1.0949744463373081,T4,1.0713040538183254,-0.0937295187173256,→,→,VP_NEUTRAL,22.711802324649312,CBI_TURBULENT,COST_DISADVANTAGE,-0.06074213157067421,-0.14484837389661864,-0.22961430899461754,Stable,-0.14484837389661864,-0.8425911977306213,A
00354,中软国际,2024-06-30,2.5575447570332477,14.26,0.10069743181846405,0.5833333333333334,0.884706855547513,T3,0.8662014736804613,-0.17038560914247503,↓,↓,VP_LOCKED_CANDIDATE,29.58500237915428,CBI_TURBULENT,COST_DISADVANTAGE,-0.025839129305570974,-0.04226555393169529,-0.10450992229626821,Improving,-0.04226555393169529,0.17935096472883924,A
00354,中软国际,2024-07-31,-7.4812967581047385,12.77,-0.5939570510021429,0.3333333333333333,0.8218384640137294,T2,0.8009063765483225,-0.11330520375902553,↓,↓,VP_DECLINE_SILENT,45.38030139299793,CBI_ACTIVE,COST_DISADVANTAGE,-0.0563839714466523,-0.08771443940487789,-0.1715041924486671,Deteriorating,-0.08771443940487789,-0.5858493937435191,A
00354,中软国际,2024-08-31,-1.3477088948786964,9.67,-1.7606672236565821,0.16666666666666666,0.6870337477797512,T1,0.667596688457206,-0.4508701801839271,↓,↓,VP_SHRINK,48.51801517001593,CBI_ACTIVE,COST_NEUTRAL,-0.008637877075428402,0.0184382570466477,-0.18266990414073359,Stable,0.0184382570466477,-0.13937010288300894,A
00354,中软国际,2024-09-30,39.89071038251366,15.93,0.5237384151727366,0.5833333333333334,1.1423449264969523,T4,1.1164900419197399,0.08644993532439615,↑,↑,VP_EXPANSION,30.279301760493162,CBI_ACTIVE,COST_ADVANTAGE,0.16472618114649795,0.1862163173184277,0.2640079001262745,Stable,0.1862163173184277,2.5041249455438583,A
00354,中软国际,2024-10-31,9.5703125,79.27,24.369384904481176,1.0,3.1912238325281796,T5,3.1553684775394744,5.070676420111397,↑↑,↑↑,VP_OVERHEAT,4.547195203236441,CBI_TURBULENT,COST_NEUTRAL,-0.06741174507446168,-0.12378507670737582,0.3849774061930469,Deteriorating,-0.12378507670737582,0.1207305727261259,A
00354,中软国际,2024-11-30,-4.278074866310167,27.32,0.3623411373334994,0.9166666666666666,1.0295189046602187,T3,1.0222896336874097,1.789568284511195,→,→,VP_NEUTRAL,3.774814597056657,CBI_TURBULENT,COST_NEUTRAL,-0.008348389973064196,-0.1060313464626339,0.3257270358746278,Stable,-0.1060313464626339,-0.1565913201431247,A
00354,中软国际,2024-12-31,-5.214152700186226,16.97,-0.268837041651311,0.6666666666666666,0.6287902179954301,T3,0.6260444326218745,0.05647685468731889,↓,↓,VP_DECLINE_SILENT,14.85959098169081,CBI_TURBULENT,COST_DISADVANTAGE,-0.023664446990263155,-0.04228657404550684,-0.1744882421056978,Deteriorating,-0.04228657404550684,-0.30725708309877586,A
00354,中软国际,2025-01-31,0.5893909626719207,11.76,-0.5530492007901983,0.16666666666666666,0.4384787472035795,T2,0.43767538045223464,-0.8517658525487926,↓,↓,VP_SHRINK,34.43765955377213,CBI_ACTIVE,COST_NEUTRAL,-0.02978764802709477,0.0406741482163504,-0.16962275040887476,Stable,0.0406741482163504,0.05011827913876877,A
00354,中软国际,2025-02-28,8.3984375,63.58,2.242727806584668,0.9166666666666666,1.7757296466973886,T5,1.7752549793453138,1.3290826500093575,↑↑,↑↑,VP_OVERHEAT,11.875087234516112,CBI_TURBULENT,COST_DISADVANTAGE,-0.10915935608199467,-0.10588418755598039,-0.0998840360877451,Deteriorating,-0.10588418755598039,0.13209244259201006,A
00354,中软国际,2025-03-31,-7.2072072072072,30.5,0.2163589108672131,0.8333333333333334,0.7977332170880559,T3,0.7973583638934805,0.7984969085628446,↓,↓,VP_DECLINE_SILENT,11.523022232146946,CBI_TURBULENT,COST_DISADVANTAGE,-0.07360589069833967,-0.1454527495416078,-0.14341341177034783,Deteriorating,-0.1454527495416078,-0.23630187564613772,A
00354,中软国际,2025-04-30,-5.82524271844661,22.36,-0.22037484136721455,0.6666666666666666,0.7777842193750362,T3,0.7775465105763236,0.9011190732557461,↓,↓,VP_DECLINE_SILENT,17.90377569574004,CBI_TURBULENT,COST_NEUTRAL,0.015061266932656192,0.04519059750713361,-0.19331165962838592,Deteriorating,0.04519059750713361,-0.26052069402712924,A
00354,中软国际,2025-05-31,2.0618556701031077,24.41,-0.1497384546834617,0.6666666666666666,0.8636631678263946,T3,0.8643007199311685,-0.6159499158835027,↓,↓,VP_LOCKED_CANDIDATE,18.05832561557417,CBI_TURBULENT,COST_DISADVANTAGE,-0.0194415498457996,-0.07061350007844125,-0.17667891034237315,Improving,-0.07061350007844125,0.08446766366665742,A
00354,中软国际,2025-06-30,-0.20202020202019222,27.59,-0.04692490906661043,0.75,0.918645948945616,T3,0.9194522031675678,-0.09401414900388294,→,→,VP_NEUTRAL,14.970207602321459,CBI_TURBULENT,COST_NEUTRAL,0.013219529362494375,0.008591050934285915,-0.0042566295938529786,Stable,0.008591050934285915,-0.00732222551722335,A
00354,中软国际,2025-07-31,14.372469635627528,46.28,0.7844449559506211,0.8333333333333334,1.2932190760059612,T4,1.2937246021352475,1.0724357040420607,↑,↑,VP_EXPANSION,14.013023569360318,CBI_TURBULENT,COST_ADVANTAGE,0.005201513802104207,0.027323677759535148,0.1388562839665446,Stable,0.027323677759535148,0.3105546593696527,A
00354,中软国际,2025-08-31,15.04424778761062,57.32,1.1882893909911836,0.8333333333333334,1.649812913748441,T4,1.6496490758618187,1.3471794781982567,↑↑,↑↑,VP_OVERHEAT,9.681160357667688,CBI_TURBULENT,COST_ADVANTAGE,-0.01906274510279904,0.038449346864154244,0.3101886452712459,Deteriorating,0.038449346864154244,0.2624607080881127,A
00354,中软国际,2025-09-30,-3.538461538461546,38.86,0.089086078572036,0.6666666666666666,1.0753620514712665,T3,1.0753130814640377,0.4075236391996744,→,→,VP_NEUTRAL,18.46680035152952,CBI_TURBULENT,COST_ADVANTAGE,0.002789565868459576,0.027402786888138575,0.05028927416924023,Stable,0.027402786888138575,-0.09105665307415198,A
00354,中软国际,2025-10-31,-7.97448165869219,30.23,-0.19977115756352232,0.5833333333333334,0.8072455382972096,T3,0.8066140528837796,-0.34751324007363915,↓,↓,VP_DECLINE_SILENT,14.955738745917596,CBI_TURBULENT,COST_DISADVANTAGE,-0.02462834985957607,-0.031448860445261406,-0.033465851362597054,Deteriorating,-0.031448860445261406,-0.26379363740298345,A
00354,中软国际,2025-11-30,-10.225303292894283,18.62,-0.9627888772898042,0.25,0.5103700319780722,T2,0.5100955672448527,-0.6752869120446221,↓,↓,VP_DECLINE_SILENT,30.26887153879064,CBI_ACTIVE,COST_DISADVANTAGE,-0.03120908849692361,-0.06944497679494599,-0.1322968994901651,Deteriorating,-0.06944497679494599,-0.5491569974701548,A
00354,中软国际,2025-12-31,-5.019305019305021,10.32,-1.5200342923167756,0.08333333333333333,0.307097158160988,T1,0.3070838166126334,-0.7344816592801063,↓,↓,VP_DECLINE_SILENT,35.96411627175495,CBI_ACTIVE,COST_DISADVANTAGE,-0.03271683611729681,-0.03314043941484879,-0.13422962548564887,Deteriorating,-0.03314043941484879,-0.486366765436533,A
00354,中软国际,2026-01-31,1.4227642276422925,17.84,-1.0116455527780481,0.16666666666666666,0.6180495409665685,T2,0.6173509453537669,-0.4103345596371418,↓,↓,VP_SHRINK,35.239029583223314,CBI_ACTIVE,COST_DISADVANTAGE,-0.03721020892270366,-0.06583257717515989,-0.12191175430353407,Stable,-0.06583257717515989,0.07975135805169802,A
00354,中软国际,2026-02-28,-15.430861723446899,16.03,-1.0382095888302725,0.16666666666666666,0.7291887793783169,T2,0.7291841467196385,-0.13907401494118732,↓,↓,VP_DECLINE_SILENT,34.42816284661174,CBI_ACTIVE,COST_DISADVANTAGE,-0.004498513142432992,-0.060721236044049665,-0.25740833730679635,Deteriorating,-0.060721236044049665,-0.9626239378319962,A
00354,中软国际,2026-03-31,-23.45971563981042,22.08,-0.4506384527911802,0.4166666666666667,1.150799166087561,T3,1.151792880878516,1.1405759395384512,↑,↑,VP_SELLING_ACTIVE,28.39514552144381,CBI_TURBULENT,COST_DISADVANTAGE,-0.07279789101721246,-0.1293274219189774,-0.2747963536202749,Deteriorating,-0.1293274219189774,-1.0624871213682257,A
00354,中软国际,2026-04-30,4.953560371517041,13.25,-1.1013298142005423,0.16666666666666666,0.8100672508661096,T2,0.8105558121567146,-0.25598795560954546,↓,↓,VP_LOCKED_CANDIDATE,32.95190930483827,CBI_ACTIVE,COST_DISADVANTAGE,-0.06313670224742862,-0.04576408763071693,-0.23887295318041235,Improving,-0.04576408763071693,0.37385361294468233,A
00354,中软国际,2026-05-31,7.669616519174038,20.91,-0.4389348694539186,0.5,1.2492283182316042,T3,1.249892688167116,0.30554222465190684,↑,↑,VP_EXPANSION,20.135981664357594,CBI_TURBULENT,COST_NEUTRAL,0.01722997123037695,0.059431455854456416,-0.18049742746563568,Improving,0.059431455854456416,0.3667917990996671,A
00354,中软国际,2026-06-30,-20.547945205479458,40.02,0.9453465083478566,0.8333333333333334,1.8452316913855378,T4,1.8452139096671374,0.8115136519922284,↑↑,↑↑,VP_PANIC,10.860126980655155,CBI_TURBULENT,COST_DISADVANTAGE,-0.05001660876348968,-0.268244509564438,-0.225369983786589,Deteriorating,-0.268244509564438,-0.5134419091823952,A
00354,中软国际,2026-07-31,35.51724137931036,53.89,2.0560608865931544,0.9166666666666666,1.9457215067998554,T5,1.945323678113582,3.065030897483931,↑↑,↑↑,VP_OVERHEAT,6.4420734900505705,CBI_TURBULENT,COST_ADVANTAGE,0.06988556674043434,0.10966347128725196,0.04975722886851908,Deteriorating,0.10966347128725196,0.6590692406626528,A
00357,美兰空港,2010-01-31,0.0,10.42,,,,,,,,,VP_NEUTRAL,,,,-0.33492596233301863,-0.3918390559663637,,Stable,-0.3918390559663637,0.0,A
00357,美兰空港,2010-02-28,-11.009174311926607,3.24,,,,,,,,,VP_NEUTRAL,,,,-0.2950246144211549,-0.3253880916789239,,Stable,-0.3253880916789239,-3.3978933061501873,A
00357,美兰空港,2010-03-31,26.460481099656352,4.54,,,0.7483516483516484,,0.7517621446531781,,↓,↓,VP_LOCKED_CANDIDATE,,,COST_DISADVANTAGE,-0.22590067407847814,-0.18736397304326147,-0.26044378978618377,Improving,-0.18736397304326147,5.828299801686421,A
00357,美兰空港,2010-04-30,1.6304347826086918,5.84,,,0.9717138103161398,,0.9722063708940863,-0.4389476578592789,→,→,VP_STABLE_ASCENT,,,COST_DISADVANTAGE,-0.21880101924710826,-0.27209344348148723,-0.248385808097915,Improving,-0.27209344348148723,0.2791840381179267,A
00357,美兰空港,2010-05-31,-18.71657754010696,2.08,,,0.3981623277182236,,0.3960442045846574,-0.35832797603578215,↓,↓,VP_DECLINE_SILENT,,,COST_DISADVANTAGE,-0.22345846445547557,-0.29307019835601655,-0.389062261127717,Deteriorating,-0.29307019835601655,-8.998354586589885,A
00357,美兰空港,2010-06-30,4.9342105263157965,1.51,-1.2865665164598548,0.16666666666666666,0.32790445168295335,T2,0.32646167294324735,-0.6705484232710117,↓,↓,VP_LOCKED_CANDIDATE,75.37029339301908,CBI_LOCKED_CANDIDATE,COST_DISADVANTAGE,-0.27038592863608957,-0.2539814126042008,-0.33768142725685657,Improving,-0.2539814126042008,3.2676890902753617,A
00357,美兰空港,2010-07-31,0.15673981191222097,1.55,-1.026332359982655,0.2857142857142857,0.49573560767590613,T2,0.5012651600897442,-0.7317135808430217,↓,↓,VP_SHRINK,76.62513222567868,CBI_LOCKED_CANDIDATE,COST_DISADVANTAGE,-0.25883434025782337,-0.2549453635728737,-0.33664331037167916,Stable,-0.2549453635728737,0.10112245929820708,A
00357,美兰空港,2010-08-31,-3.4428794992175216,1.6400000000000001,-0.8554328879820301,0.375,0.5734265734265735,T2,0.5728058603442132,-0.2068462227148704,↓,↓,VP_DECLINE_SILENT,67.50958980602867,CBI_STABLE,COST_DISADVANTAGE,-0.2703457481573067,-0.2812413923107585,-0.3594818818455807,Deteriorating,-0.2812413923107585,-2.0993167678155618,A
00357,美兰空港,2010-09-30,4.862236628849259,2.8000000000000003,-0.36435334268390934,0.5555555555555556,1.0894941634241244,T3,1.085596211523175,0.8558425640560661,→,→,VP_STABLE_ASCENT,66.26473688985072,CBI_STABLE,COST_DISADVANTAGE,-0.2205292299968744,-0.23772763662519314,-0.2421561108011081,Improving,-0.23772763662519314,1.7365130817318781,A
00357,美兰空港,2010-10-31,6.4914992272024685,2.63,-0.40297478885134014,0.5,1.2923832923832923,T3,1.2933316406153417,0.6768672934284499,↑,↑,VP_EXPANSION,69.68917248472383,CBI_STABLE,COST_DISADVANTAGE,-0.2230078222396098,-0.19864448241311217,-0.19296068059036087,Improving,-0.19864448241311217,2.4682506567309765,A
00357,美兰空港,2010-11-30,7.256894049346885,1.9700000000000002,-0.6307774336028813,0.36363636363636365,0.9768595041322315,T2,0.9718231124342432,0.19327797491052423,→,→,VP_STABLE_ASCENT,74.1398400581134,CBI_LOCKED_CANDIDATE,COST_DISADVANTAGE,-0.2070692379797464,-0.2008657020320378,-0.13439469224423317,Improving,-0.2008657020320378,3.683702563120246,A
00357,美兰空港,2010-12-31,5.818673883626535,1.83,-0.6458098626478085,0.3333333333333333,0.8840579710144929,T2,0.880706009316157,-0.3470444537556031,↓,↓,VP_LOCKED_CANDIDATE,76.18313955628513,CBI_LOCKED_CANDIDATE,COST_DISADVANTAGE,-0.21280369899548635,-0.19863417839976683,-0.14312016346448575,Improving,-0.19863417839976683,3.179603215096467,A
00357,美兰空港,2011-01-31,-8.31202046035806,2.0500000000000003,-0.48860806581038435,0.5,0.9520123839009287,T3,0.9530807524741782,-0.22163381929400372,→,→,VP_NEUTRAL,86.29286376274328,CBI_LOCKED_CANDIDATE,COST_DISADVANTAGE,-0.24053692967947682,-0.27764699881292254,-0.21434419079800038,Stable,-0.27764699881292254,-4.054644127003931,A
00357,美兰空港,2011-02-28,-18.828451882845187,1.4100000000000001,-0.8926344311356401,0.08333333333333333,0.6666666666666666,T2,0.6686028439517586,-0.279786036036036,↓,↓,VP_DECLINE_SILENT,100.0,CBI_LOCKED_CANDIDATE,COST_DISADVANTAGE,-0.28335437440347977,-0.3145783819768735,-0.3622710167983768,Deteriorating,-0.3145783819768735,-13.353511973649066,A
00357,美兰空港,2011-03-31,8.934707903780058,2.85,0.4589469555499049,0.9166666666666666,1.3422291993720565,T3,1.3403225005233976,0.5582683762546463,↑,↑,VP_EXPANSION,72.31096210192754,CBI_LOCKED_CANDIDATE,COST_DISADVANTAGE,-0.21984936001258037,-0.21532609761404897,-0.2772636703959589,Improving,-0.21532609761404897,3.1349852293965115,A
00357,美兰空港,2011-04-30,10.88328075709779,2.96,1.8758228619451174,1.0,1.3588370313695486,T5,1.3650152761825871,0.449468309725636,↑,↑,VP_EXPANSION,67.42009902489409,CBI_STABLE,COST_DISADVANTAGE,-0.22957549526854415,-0.2204083673288202,-0.1986062465116074,Stable,-0.2204083673288202,3.676784039560064,A
00357,美兰空港,2011-05-31,-3.8406827880512195,0.88,-2.1781081568780842,0.08333333333333333,0.4407345575959933,T1,0.4433139631295445,-0.3729966382612775,↓,↓,VP_DECLINE_SILENT,99.90238553343008,CBI_LOCKED_CANDIDATE,COST_DISADVANTAGE,-0.210023771113252,-0.22386904185866463,-0.2293852384663536,Deteriorating,-0.22386904185866463,-4.3644122591491135,A
00357,美兰空港,2011-06-30,-12.721893491124248,0.47000000000000003,-2.441230814456751,0.08333333333333333,0.2655367231638418,T1,0.26914515463578553,-0.8320928196487298,↓,↓,VP_DECLINE_SILENT,100.0,CBI_LOCKED_CANDIDATE,COST_DISADVANTAGE,-0.2364187333620934,-0.2700369278332808,-0.3334639417972173,Deteriorating,-0.2700369278332808,-27.067858491753718,A
00357,美兰空港,2011-07-31,-3.220338983050852,1.1099999999999999,-1.0759523343124147,0.25,0.6880165289256198,T2,0.690030241729035,-0.6243829706208621,↓,↓,VP_DECLINE_SILENT,92.43379571248423,CBI_LOCKED_CANDIDATE,COST_DISADVANTAGE,-0.2551507623939733,-0.2537850736018138,-0.35492866231561204,Deteriorating,-0.2537850736018138,-2.901206291036804,A
00357,美兰空港,2011-08-31,-25.218914185639242,1.82,-0.10453792507763243,0.4166666666666667,1.0822596630327057,T3,1.079917191499026,1.0553615960099751,→,→,VP_NEUTRAL,93.6518771331058,CBI_LOCKED_CANDIDATE,COST_DISADVANTAGE,-0.2594350257011453,-0.32437487089662453,-0.5176086494023929,Stable,-0.32437487089662453,-13.856546255845737,A
00357,美兰空港,2011-09-30,-35.36299765807962,2.12,0.3959035909798224,0.75,1.3589743589743593,T3,1.3585162941829723,3.4590467376214713,↑,↑,VP_SELLING_ACTIVE,70.0,CBI_STABLE,COST_DISADVANTAGE,-0.4197899440602928,-0.45383954127660386,-0.5461554269976641,Deteriorating,-0.45383954127660386,-16.680659272679065,A
00357,美兰空港,2011-10-31,36.23188405797102,2.68,1.2449940600813716,0.8333333333333334,1.7709251101321586,T4,1.776323406813699,1.4217756232686982,↑↑,↑↑,VP_OVERHEAT,74.45909492816845,CBI_LOCKED_CANDIDATE,COST_DISADVANTAGE,-0.2826561335151099,-0.2505055133269706,-0.38171898750406397,Deteriorating,-0.2505055133269706,13.519359723123515,A
00357,美兰空港,2011-11-30,-10.372340425531911,2.0,0.2132929343049326,0.5833333333333334,1.1764705882352942,T3,1.179772286577737,0.10863067216694966,↑,↑,VP_SELLING_ACTIVE,55.29184209996365,CBI_STABLE,COST_DISADVANTAGE,-0.33391447470132263,-0.3765490331643562,-0.44584919890656793,Deteriorating,-0.3765490331643562,-5.186170212765956,A
00357,美兰空港,2011-12-31,5.3412462908011715,2.46,0.7849064581514179,0.75,1.2108285479901557,T4,1.2051382699737985,0.15572851805728516,↑,↑,VP_EXPANSION,62.25407540814173,CBI_STABLE,COST_DISADVANTAGE,-0.3171229268945688,-0.31083274526963023,-0.31361064073238254,Stable,-0.31083274526963023,2.1712383295939723,A
00357,美兰空港,2012-01-31,13.802816901408455,2.51,0.7828351598764095,0.75,1.108167770419426,T4,1.1035394040103395,-0.072114293426922,↑,↑,VP_EXPANSION,54.397307865213264,CBI_STABLE,COST_DISADVANTAGE,-0.3027951386988613,-0.29091874004932416,-0.21886957424192255,Stable,-0.29091874004932416,5.499130239604963,A
00357,美兰空港,2012-02-29,4.950495049504955,3.68,2.1203383903081363,1.0,1.429126213592233,T5,1.4291306046695036,0.8308841506723952,↑,↑,VP_EXPANSION,55.0378265419363,CBI_STABLE,COST_DISADVANTAGE,-0.29242644019623165,-0.2838417197009149,-0.18019975118459197,Stable,-0.2838417197009149,1.3452432199741724,A
00357,美兰空港,2012-03-31,-16.74528301886793,3.22,1.2745354656080183,0.9166666666666666,1.1673716012084594,T4,1.1656780946194518,0.3120880699674946,↑,↑,VP_SELLING_ACTIVE,53.65285889735611,CBI_STABLE,COST_DISADVANTAGE,-0.36240045204070304,-0.39774270035570036,-0.39564276750678196,Deteriorating,-0.39774270035570036,-5.200398453064574,A
00357,美兰空港,2012-04-30,-9.065155807365432,1.88,-0.2209329711322413,0.4166666666666667,0.7161904761904762,T3,0.7161926501955708,-0.24842828211675616,↓,↓,VP_DECLINE_SILENT,72.94090312966529,CBI_LOCKED_CANDIDATE,COST_DISADVANTAGE,-0.3512968191649519,-0.36384166204240087,-0.45042869226537396,Deteriorating,-0.36384166204240087,-4.821891386896507,A
00357,美兰空港,2012-05-31,-14.330218068535828,1.1600000000000001,-1.1859537525232478,0.25,0.4668008048289739,T2,0.47269782294852314,-0.6811610697335231,↓,↓,VP_DECLINE_SILENT,81.36124534085981,CBI_LOCKED_CANDIDATE,COST_DISADVANTAGE,-0.38674279446015647,-0.4029056116253773,-0.52918345910585,Deteriorating,-0.4029056116253773,-12.35363626597916,A
00357,美兰空港,2012-06-30,0.0,0.74,-2.002801836332702,0.08333333333333333,0.3366186504927976,T1,0.3285348522069863,-0.7757446517293768,↓,↓,VP_SHRINK,91.94630972670143,CBI_LOCKED_CANDIDATE,COST_DISADVANTAGE,-0.38410314657693934,-0.3772186394533187,-0.42570807978870207,Stable,-0.3772186394533187,0.0,A
00357,美兰空港,2012-07-31,-6.545454545454554,0.53,-2.0820626105654196,0.08333333333333333,0.2836752899197145,T1,0.2957145786456633,-0.7055089273161816,↓,↓,VP_DECLINE_SILENT,94.44971260775606,CBI_LOCKED_CANDIDATE,COST_DISADVANTAGE,-0.40826860309187063,-0.4264244552449378,-0.4632980963843506,Deteriorating,-0.4264244552449378,-12.349914236706704,A
00357,美兰空港,2012-08-31,15.564202334630362,1.3800000000000001,-0.757440783344982,0.3333333333333333,0.9292929292929293,T2,0.9220009397691353,0.16662254704925994,→,→,VP_STABLE_ASCENT,93.51501548673362,CBI_LOCKED_CANDIDATE,COST_DISADVANTAGE,-0.37403342804880024,-0.35820448717597,-0.37976472617179813,Improving,-0.35820448717597,11.27840748886258,A
00357,美兰空港,2012-09-30,1.683501683501687,1.43,-0.6178512046446826,0.4166666666666667,1.205056179775281,T2,1.2059716490770196,0.9869649762699948,↑,↑,VP_EXPANSION,84.5928023583499,CBI_LOCKED_CANDIDATE,COST_DISADVANTAGE,-0.3665679405137646,-0.3656138761297846,-0.35195199891960105,Improving,-0.3656138761297846,1.1772739045466343,A
00357,美兰空港,2012-10-31,9.27152317880795,3.03,1.184442136990389,0.8333333333333334,2.1983071342200726,T4,2.154826489379716,4.318988502015787,↑↑,↑↑,VP_OVERHEAT,68.02623900113205,CBI_STABLE,COST_DISADVANTAGE,-0.36466164203697027,-0.34917530649510164,-0.29186807828963035,Deteriorating,-0.34917530649510164,3.059908639870611,A
00357,美兰空港,2012-11-30,-1.5151515151515138,3.07,1.0671557253180253,0.8333333333333334,1.8094302554027506,T4,1.8199054617259787,1.2314907277269551,↑↑,↑↑,VP_PANIC,66.91901672525067,CBI_STABLE,COST_DISADVANTAGE,-0.324647897272175,-0.33623502688182316,-0.3025973498306965,Deteriorating,-0.33623502688182316,-0.49353469548909246,A
00357,美兰空港,2012-12-31,13.846153846153841,3.79,1.6646281861032897,1.0,1.7188208616780045,T5,1.730357292820351,1.6455787070953924,↑↑,↑↑,VP_OVERHEAT,60.169940367842614,CBI_STABLE,COST_DISADVANTAGE,-0.29490703918606564,-0.267856724384397,-0.2614175966485748,Deteriorating,-0.267856724384397,3.653338745687029,A
00357,美兰空港,2013-01-31,13.243243243243242,3.37,1.0396248572464983,0.8333333333333334,1.2582451773490977,T4,1.2680032311238576,0.14670760572195407,↑,↑,VP_EXPANSION,73.16104513909674,CBI_LOCKED_CANDIDATE,COST_DISADVANTAGE,-0.28949621042036033,-0.2566562498170264,-0.16360533242095354,Stable,-0.2566562498170264,3.92974576950838,A
00357,美兰空港,2013-02-28,29.832935560859177,7.16,4.490002086418692,1.0,1.966132723112128,T5,1.9750754292387627,1.3437995102981422,↑↑,↑↑,VP_OVERHEAT,55.22047101845675,CBI_STABLE,COST_NEUTRAL,-0.18469756894333367,-0.16246877474480403,0.08591574979236571,Deteriorating,-0.16246877474480403,4.16661111185184,A
00357,美兰空港,2013-03-31,1.8382352941176405,4.23,0.9503311905364512,0.9166666666666666,1.0296146044624748,T4,1.0360271749783327,0.11905720621872362,→,→,VP_STABLE_ASCENT,59.204561631659836,CBI_STABLE,COST_DISADVANTAGE,-0.23779330728023396,-0.23294697950019116,-0.14873865157424826,Stable,-0.23294697950019116,0.43457099151717266,A
00357,美兰空港,2013-04-30,-6.859205776173283,2.89,0.09245948994371621,0.5,0.7074663402692779,T3,0.7083710114635994,-0.14200786140221622,↓,↓,VP_DECLINE_SILENT,79.37353190416482,CBI_LOCKED_CANDIDATE,COST_DISADVANTAGE,-0.24108639981008329,-0.2133836467526803,-0.20712841915579805,Deteriorating,-0.2133836467526803,-2.3734276042122087,A
00357,美兰空港,2013-05-31,9.108527131782939,4.16,0.7133205597888023,0.8333333333333334,0.9750000000000001,T4,0.9783445629461136,-0.41614945000921777,→,→,VP_STABLE_ASCENT,74.47955430602865,CBI_LOCKED_CANDIDATE,COST_DISADVANTAGE,-0.21926729965478287,-0.2307449045539538,-0.1349094960944076,Stable,-0.2307449045539538,2.1895497912939756,A
00357,美兰空港,2013-06-30,9.769094138543522,8.64,3.2103303132720185,1.0,1.7024630541871921,T5,1.6973419446565625,1.0323799162158864,↑↑,↑↑,VP_OVERHEAT,57.264083189325234,CBI_STABLE,COST_DISADVANTAGE,-0.165183460687238,-0.15408319828758898,-0.1382689181959862,Deteriorating,-0.15408319828758898,1.1306821919610557,A
00357,美兰空港,2013-07-31,-3.5598705501618033,1.76,-1.0302289122553654,0.25,0.36615811373092927,T2,0.35918335777482374,-0.40384978234669056,↓,↓,VP_DECLINE_SILENT,88.20445366859921,CBI_LOCKED_CANDIDATE,COST_DISADVANTAGE,-0.18846803440736326,-0.19992494158507546,-0.16894542919871802,Deteriorating,-0.19992494158507546,-2.022653721682843,A
00357,美兰空港,2013-08-31,-1.6778523489932806,4.3,0.16638062820262758,0.8333333333333334,0.9930715935334873,T3,0.9925045815018021,0.02691295653089143,→,→,VP_NEUTRAL,67.04478352546542,CBI_STABLE,COST_DISADVANTAGE,-0.1891719149142661,-0.20440546453245967,-0.18288929783632335,Stable,-0.20440546453245967,-0.39019822069611176,A
00357,美兰空港,2013-09-30,5.802047781569963,3.99,-0.12017657971880072,0.5833333333333334,0.9300699300699301,T3,0.9266584886178159,-0.5398863065579643,→,→,VP_STABLE_ASCENT,66.08778720710953,CBI_STABLE,COST_DISADVANTAGE,-0.180899023164804,-0.18156164377261663,-0.1692774169590111,Improving,-0.18156164377261663,1.4541473136766825,A
00357,美兰空港,2013-10-31,11.935483870967744,3.81,-0.26582399417076497,0.5,0.8574643660915228,T3,0.8567808752672561,1.1998770211994336,↓,↓,VP_LOCKED_CANDIDATE,78.83087947315188,CBI_LOCKED_CANDIDATE,COST_DISADVANTAGE,-0.18787031763503959,-0.15450900144121527,-0.0701266570476673,Improving,-0.15450900144121527,3.132672932012531,A
00357,美兰空港,2013-11-30,2.3054755043227626,2.3200000000000003,-1.1210317197067563,0.16666666666666666,0.5608380338436745,T2,0.561238462339916,-0.46160494839443666,↓,↓,VP_LOCKED_CANDIDATE,85.16739478285766,CBI_LOCKED_CANDIDATE,COST_DISADVANTAGE,-0.1419533553067439,-0.1522834790099522,-0.04868865490467411,Improving,-0.1522834790099522,0.9937394415184321,A
00357,美兰空港,2013-12-31,-9.436619718309858,3.38,-0.44738972545088856,0.4166666666666667,1.0368098159509203,T3,1.041172570061712,-0.14808206958073145,→,→,VP_NEUTRAL,75.59312330720589,CBI_LOCKED_CANDIDATE,COST_DISADVANTAGE,-0.15092330773006646,-0.18064326410330078,-0.2081807177753333,Stable,-0.18064326410330078,-2.791899324943745,A
00357,美兰空港,2014-01-31,-12.130637636080866,5.04,0.41670571821561897,0.8333333333333334,1.3239929947460596,T3,1.324911849817532,0.3249255714305588,↑,↑,VP_SELLING_ACTIVE,72.90391248242584,CBI_LOCKED_CANDIDATE,COST_DISADVANTAGE,-0.1635750997867571,-0.20116547907708038,-0.30423344563462407,Deteriorating,-0.20116547907708038,-2.406872546841442,A
00357,美兰空港,2014-02-28,4.070796460176984,2.66,-0.8102294463082269,0.25,0.7528301886792453,T2,0.7610817186344093,0.16149107579175848,↓,↓,VP_LOCKED_CANDIDATE,83.07766578681824,CBI_LOCKED_CANDIDATE,COST_DISADVANTAGE,-0.17298474232627747,-0.17200550534027426,-0.2759102053684229,Improving,-0.17200550534027426,1.5303746090890917,A
00357,美兰空港,2014-03-31,3.0612244897959107,2.27,-0.9308897514591155,0.16666666666666666,0.6991786447638604,T2,0.6992065247187671,-0.3285203563335156,↓,↓,VP_LOCKED_CANDIDATE,91.70271887955899,CBI_LOCKED_CANDIDATE,COST_DISADVANTAGE,-0.14251016250456428,-0.1517795989691112,-0.1460922891539953,Improving,-0.1517795989691112,1.3485570439629562,A
00357,美兰空港,2014-04-30,0.660066006600668,2.38,-0.8170060192928185,0.3333333333333333,0.7911357340720221,T2,0.7872549103787098,-0.5293319637672238,↓,↓,VP_SHRINK,84.42016796992472,CBI_LOCKED_CANDIDATE,COST_DISADVANTAGE,-0.1815522083973723,-0.16814265681979712,-0.14045593462695904,Stable,-0.16814265681979712,0.2773386582355748,A
00357,美兰空港,2014-05-31,-1.967213114754085,3.62,-0.03604249679038379,0.5833333333333334,1.1224806201550388,T3,1.1248553267873855,0.3516869042731303,↑,↑,VP_SELLING_ACTIVE,75.18586966111926,CBI_LOCKED_CANDIDATE,COST_DISADVANTAGE,-0.1607081331955169,-0.17808789014133142,-0.15736499820806793,Deteriorating,-0.17808789014133142,-0.5434290372248853,A
00357,美兰空港,2014-06-30,-0.33444816053512794,1.0,-2.286007476091933,0.08333333333333333,0.3535651149086624,T1,0.35609132340980265,-0.5556421901351014,↓,↓,VP_SHRINK,77.42815594092461,CBI_LOCKED_CANDIDATE,COST_DISADVANTAGE,-0.1613218586600702,-0.1662456992168082,-0.18095240775825439,Stable,-0.1662456992168082,-0.33444816053512794,A
00357,美兰空港,2014-07-31,-5.369127516778526,2.4699999999999998,-0.6300646012959389,0.4166666666666667,1.0291666666666666,T2,1.0282210848840274,0.044785276073619595,→,→,VP_NEUTRAL,64.9706805845168,CBI_STABLE,COST_DISADVANTAGE,-0.18179103179320655,-0.19605940147453627,-0.22492811740881802,Stable,-0.19605940147453627,-2.17373583675244,A
00357,美兰空港,2014-08-31,1.9503546099290947,1.3900000000000001,-1.5297177668923285,0.16666666666666666,0.6351865955826353,T1,0.6367363094912187,-0.6157390566266521,↓,↓,VP_LOCKED_CANDIDATE,78.24148007324425,CBI_LOCKED_CANDIDATE,COST_DISADVANTAGE,-0.17351759210963058,-0.16859023876324386,-0.20981146721643673,Improving,-0.16859023876324386,1.4031328128986291,A
00357,美兰空港,2014-09-30,-13.73913043478261,2.29,-0.42948412504120836,0.3333333333333333,1.0448669201520913,T3,1.0482873771369954,1.2829716281099954,→,→,VP_NEUTRAL,74.12689681572868,CBI_LOCKED_CANDIDATE,COST_DISADVANTAGE,-0.2083224766127627,-0.23536201481602004,-0.2701270893104748,Stable,-0.23536201481602004,-5.9996202771976455,A
00357,美兰空港,2014-10-31,-1.4112903225806495,2.7,0.07667600002057712,0.75,1.202672605790646,T3,1.20424527574158,0.09725617893556815,↑,↑,VP_DIVERGENCE_HIGH,54.619635141076145,CBI_STABLE,COST_DISADVANTAGE,-0.17008454683312912,-0.16677599920021213,-0.2804277150661738,Deteriorating,-0.16677599920021213,-0.5227001194743146,A
00357,美兰空港,2014-11-30,18.81390593047034,3.98,1.2755441756647636,0.9166666666666666,1.7266811279826464,T4,1.7209946562227507,1.8526349005995582,↑↑,↑↑,VP_OVERHEAT,70.0,CBI_STABLE,COST_DISADVANTAGE,-0.09515099751829059,-0.0858025284446543,-0.14504806227698774,Deteriorating,-0.0858025284446543,4.727112042831744,A
00357,美兰空港,2014-12-31,-8.261617900172114,2.15,-0.512802072412391,0.25,0.8611481975967957,T2,0.8632303100494337,-0.06097905124918557,↓,↓,VP_DECLINE_SILENT,93.33216024943258,CBI_LOCKED_CANDIDATE,COST_DISADVANTAGE,-0.15001708622849985,-0.17641133751513927,-0.14509095732210175,Deteriorating,-0.17641133751513927,-3.842612976824239,A
00357,美兰空港,2015-01-31,-1.5009380863039379,1.28,-1.4420992838657516,0.16666666666666666,0.5569253081943437,T2,0.5540117183377179,-0.5295525641088012,↓,↓,VP_DECLINE_SILENT,97.05756929637526,CBI_LOCKED_CANDIDATE,COST_DISADVANTAGE,-0.17658059450853814,-0.19052987586663173,-0.15792261274691077,Deteriorating,-0.19052987586663173,-1.1726078799249515,A
00357,美兰空港,2015-02-28,0.3809523809523707,1.41,-1.0463064468747214,0.3333333333333333,0.6125995655322231,T2,0.6176383559900336,-0.6414103982300885,↓,↓,VP_SHRINK,90.625,CBI_LOCKED_CANDIDATE,COST_DISADVANTAGE,-0.15303464163455127,-0.1394401289245818,-0.15471469889070855,Stable,-0.1394401289245818,0.27017899358324166,A
00357,美兰空港,2015-03-31,15.93927893738143,3.7,1.6024440483561013,0.9166666666666666,1.4586070959264128,T5,1.4549322016443988,0.7116067883575798,↑,↑,VP_EXPANSION,73.55670103092783,CBI_LOCKED_CANDIDATE,COST_DISADVANTAGE,-0.10323310442290745,-0.05893656858755214,-0.0466702738316761,Stable,-0.05893656858755214,4.307913226319305,A
00357,美兰空港,2015-04-30,15.875613747954166,4.74,2.3725734112719326,1.0,1.6477404403244498,T5,1.6381435889650173,2.689625646328852,↑↑,↑↑,VP_OVERHEAT,79.54662137132698,CBI_LOCKED_CANDIDATE,COST_NEUTRAL,-0.15194226646487807,-0.14236708602469972,0.10467667123923619,Deteriorating,-0.14236708602469972,3.3492856008342122,A
00357,美兰空港,2015-05-31,22.598870056497166,2.41,-0.046709512019693776,0.5833333333333334,0.9216061185468452,T3,0.9190367273308765,0.6830934863418321,→,→,VP_STABLE_ASCENT,79.50110375790966,CBI_LOCKED_CANDIDATE,COST_NEUTRAL,-0.0238815888838545,0.012495634825224089,0.3543211167170295,Improving,0.012495634825224089,9.377124504770608,A
00357,美兰空港,2015-06-30,-9.331797235023043,4.9,2.149198067026333,1.0,1.5943600867678958,T5,1.5940292914001761,0.3216278267489858,↑↑,↑↑,VP_PANIC,56.158500193543006,CBI_STABLE,COST_DISADVANTAGE,-0.16311481551098417,-0.23556907647560676,-0.13988418290696403,Deteriorating,-0.23556907647560676,-1.904448415310825,A
00357,美兰空港,2015-07-31,-14.485387547649298,2.21,-0.4792733688029235,0.4166666666666667,0.6845637583892616,T3,0.68346132428111,-0.5325873416094242,↓,↓,VP_DECLINE_SILENT,83.90597139470609,CBI_LOCKED_CANDIDATE,COST_DISADVANTAGE,-0.13795752439388265,-0.15332405188608134,-0.2644752923715207,Deteriorating,-0.15332405188608134,-6.5544740034612206,A
00357,美兰空港,2015-08-31,2.526002971768193,2.82,-0.057024180003022146,0.6666666666666666,0.8142444658325312,T3,0.8204597521817767,0.18103005865102628,↓,↓,VP_LOCKED_CANDIDATE,60.21611700056915,CBI_STABLE,COST_DISADVANTAGE,-0.07853223817163524,-0.08038441835137078,-0.24589591639873587,Improving,-0.08038441835137078,0.8957457346695721,A
00357,美兰空港,2015-09-30,15.072463768115952,0.66,-1.9271941275388709,0.08333333333333333,0.22322435174746336,T1,0.2285256907796468,-0.862016201620162,↓,↓,VP_LOCKED_CANDIDATE,82.81898711758525,CBI_LOCKED_CANDIDATE,COST_NEUTRAL,-0.07158021790906444,-0.021069647740067365,0.02495648484705404,Improving,-0.021069647740067365,22.8370663153272,A
00357,美兰空港,2015-10-31,0.5037783375314797,1.04,-1.265851064983307,0.16666666666666666,0.4444444444444444,T2,0.44728854809761415,-0.5242854287427543,↓,↓,VP_SHRINK,78.03262101945751,CBI_LOCKED_CANDIDATE,COST_NEUTRAL,-0.1081907501590964,-0.13872638944900373,0.0301199935868377,Stable,-0.13872638944900373,0.4844022476264228,A
00357,美兰空港,2015-11-30,15.664160401002514,2.11,-0.2722033383816042,0.4166666666666667,0.9213973799126637,T3,0.9198384476242426,-0.25621444201312915,→,→,VP_STABLE_ASCENT,67.09769041192165,CBI_STABLE,COST_NEUTRAL,-0.031155504968503944,-0.01846011696229266,0.1914796417050766,Improving,-0.01846011696229266,7.423772701896926,A
00357,美兰空港,2015-12-31,-2.1668472372697867,2.24,-0.1747273391598477,0.5833333333333334,1.212996389891697,T3,1.2121437224224139,2.3281148075668625,↑,↑,VP_SELLING_ACTIVE,72.1579155099641,CBI_LOCKED_CANDIDATE,COST_DISADVANTAGE,-0.06873684809190705,-0.0921842348719738,-0.059633122957921,Deteriorating,-0.0921842348719738,-0.9673425166382975,A
00357,美兰空港,2016-01-31,-8.859357696566983,0.99,-1.1911489936479143,0.16666666666666666,0.6024340770791075,T2,0.5905861213329937,-0.07100840336134451,↓,↓,VP_DECLINE_SILENT,87.24822289630556,CBI_LOCKED_CANDIDATE,COST_DISADVANTAGE,-0.06553072604832355,-0.08182499375572394,-0.142943588255115,Deteriorating,-0.08182499375572394,-8.948846158148468,A
00357,美兰空港,2016-02-29,-7.290400972053468,0.5800000000000001,-1.4305456781853514,0.08333333333333333,0.45669291338582674,T2,0.4481354290914063,-0.7302164465312158,↓,↓,VP_DECLINE_SILENT,83.69575041742297,CBI_LOCKED_CANDIDATE,COST_DISADVANTAGE,-0.12788444017426737,-0.0921468729251873,-0.20542643722801068,Deteriorating,-0.0921468729251873,-12.569656848368046,A
00357,美兰空港,2016-03-31,3.669724770642202,0.36,-1.3343440918887408,0.08333333333333333,0.29508196721311475,T2,0.2711108058577581,-0.8536448451587613,↓,↓,VP_LOCKED_CANDIDATE,86.75258176028264,CBI_LOCKED_CANDIDATE,COST_DISADVANTAGE,-0.10582431981090867,-0.10600711146522457,-0.09838123682169941,Improving,-0.10600711146522457,10.193679918450561,A
00357,美兰空港,2016-04-30,-5.4361567635903825,1.21,-0.5045108578105915,0.5,0.9692923898531375,T2,0.947870977342907,0.20033469018543637,→,→,VP_NEUTRAL,66.96263540812862,CBI_STABLE,COST_DISADVANTAGE,-0.09520379562500969,-0.10799079910147846,-0.14739464619801657,Stable,-0.10799079910147846,-4.492691540157341,A
00357,美兰空港,2016-05-31,5.748663101604268,0.97,-0.6088673764723823,0.3333333333333333,0.9165354330708662,T2,0.9486984810446819,0.7440061871616397,→,→,VP_STABLE_ASCENT,78.17316835733357,CBI_LOCKED_CANDIDATE,COST_DISADVANTAGE,-0.06713875377390133,-0.03996329297534129,-0.09838123682169941,Improving,-0.03996329297534129,5.926456805777596,A
00357,美兰空港,2016-06-30,-2.0227560050568916,0.56,-1.0519689505994951,0.16666666666666666,0.7194860813704498,T2,0.6692762621095355,0.540101566350254,↓,↓,VP_DECLINE_SILENT,100.0,CBI_LOCKED_CANDIDATE,COST_DISADVANTAGE,-0.05585475076245772,-0.0708939454497729,-0.06881451952407835,Deteriorating,-0.0708939454497729,-3.612064294744449,A
00357,美兰空港,2016-07-31,-0.6451612903225823,0.25,-1.2822325213580525,0.08333333333333333,0.3816793893129771,T2,0.4209127261688308,-0.7697762571874269,↓,↓,VP_SHRINK,100.0,CBI_LOCKED_CANDIDATE,COST_DISADVANTAGE,-0.08641769324175252,-0.09216510720081506,-0.07482216778521333,Stable,-0.09216510720081506,-2.580645161290329,A
00357,美兰空港,2016-08-31,2.9870129870129825,0.86,-0.22022287196376963,0.5,1.2256532066508314,T3,1.256709378441561,-0.12860310421286036,↑,↑,VP_EXPANSION,91.9298245614035,CBI_LOCKED_CANDIDATE,COST_DISADVANTAGE,-0.09118844587846675,-0.08772076701370368,-0.0471869857839925,Improving,-0.08772076701370368,3.473270915131375,A
00357,美兰空港,2016-09-30,1.513240857503173,0.89,-0.2036244471260341,0.5,1.1265822784810127,T3,1.117797499797398,0.7191304347826086,↑,↑,VP_EXPANSION,90.37209302325581,CBI_LOCKED_CANDIDATE,COST_DISADVANTAGE,-0.07020485799285248,-0.07103998972676706,-0.06963748209799092,Improving,-0.07103998972676706,1.7002706264080596,A
00357,美兰空港,2016-10-31,1.3664596273291751,0.39,-0.991485032898847,0.25,0.5969387755102041,T2,0.611443403679043,0.47790507364975454,↓,↓,VP_SHRINK,92.88659793814433,CBI_LOCKED_CANDIDATE,COST_DISADVANTAGE,-0.04671760821104587,-0.051632956439479294,-0.05692445390305667,Stable,-0.051632956439479294,3.503742634177372,A
00357,美兰空港,2016-11-30,-0.9803921568627416,0.23,-1.165776415640439,0.08333333333333333,0.4339622641509434,T2,0.3762769580022701,-0.7750636132315522,↓,↓,VP_SHRINK,100.0,CBI_LOCKED_CANDIDATE,COST_DISADVANTAGE,-0.09356069104778997,-0.06233984457046837,-0.06617029259028162,Stable,-0.06233984457046837,-4.262574595055398,A
00357,美兰空港,2016-12-31,-11.138613861386137,0.39,-0.8499299780978653,0.4166666666666667,0.7774086378737541,T2,0.7891941303484825,-0.5481679312089024,↓,↓,VP_DECLINE_SILENT,85.0,CBI_LOCKED_CANDIDATE,COST_DISADVANTAGE,-0.0463474978766516,-0.09701690731647017,-0.13973596068310923,Deteriorating,-0.09701690731647017,-28.560548362528554,A
00357,美兰空港,2017-01-31,-2.646239554317542,0.4,-0.668380284204957,0.5,0.7594936708860761,T2,0.7711016527555138,0.009302325581395321,↓,↓,VP_DECLINE_SILENT,70.0,CBI_STABLE,COST_DISADVANTAGE,-0.06310601369177382,-0.08125702232708831,-0.16250060796308263,Deteriorating,-0.08125702232708831,-6.615598885793855,A
00357,美兰空港,2017-02-28,2.7181688125894166,0.53,-0.1948880137138801,0.5833333333333334,1.1236749116607774,T3,1.160984867553336,1.7828054298642533,↑,↑,VP_EXPANSION,83.18385650224215,CBI_LOCKED_CANDIDATE,COST_DISADVANTAGE,-0.08576370328844163,-0.0750659290710024,-0.13973596068310923,Improving,-0.0750659290710024,5.128620401112107,A
00357,美兰空港,2017-03-31,-11.281337047353757,3.13,8.14894513537536,1.0,3.704142011834319,T5,3.7135339431206806,6.963069479397093,↑↑,↑↑,VP_PANIC,70.0,CBI_STABLE,COST_DISADVANTAGE,-0.10739411858130343,-0.14037619585919425,-0.14800470911625407,Deteriorating,-0.14037619585919425,-3.604261037493213,A
00357,美兰空港,2017-04-30,-6.122448979591832,1.71,1.187533686549439,0.9166666666666666,1.605633802816901,T4,1.6167375800219912,3.2857142857142856,↑↑,↑↑,VP_PANIC,60.20461031215287,CBI_STABLE,COST_DISADVANTAGE,-0.09594693114959285,-0.13276700651226336,-0.20016768610913638,Deteriorating,-0.13276700651226336,-3.5803795202291417,A
00357,美兰空港,2017-05-31,-0.16722408026756952,1.27,0.5098723163633545,0.8333333333333334,1.0255720053835802,T4,1.0248477493381707,1.3536585365853657,→,→,VP_NEUTRAL,60.0116629508153,CBI_STABLE,COST_DISADVANTAGE,-0.06638234984982605,-0.07430607033134662,-0.20150519833972325,Stable,-0.07430607033134662,-0.13167250414769252,A
00357,美兰空港,2017-06-30,0.8375209380234505,1.43,0.623518843944097,0.8333333333333334,1.0129870129870129,T4,1.1196541763325611,-0.4821603874606417,↑,→,VP_NEUTRAL,62.04369949717578,CBI_STABLE,COST_DISADVANTAGE,-0.07711987997910197,-0.07472785013987693,-0.0927579516670054,Stable,-0.07472785013987693,0.5856789776387766,A
00357,美兰空港,2017-07-31,-2.3255813953488302,1.62,0.7382596232904713,0.8333333333333334,1.0030959752321982,T4,0.9864003198661171,-0.0516513056835638,→,→,VP_NEUTRAL,62.30062899337664,CBI_STABLE,COST_DISADVANTAGE,-0.10375959225328091,-0.09949721112120002,-0.11385660395381925,Stable,-0.09949721112120002,-1.4355440712029814,A
00357,美兰空港,2017-08-31,12.755102040816336,2.36,1.5355709872306933,0.9166666666666666,1.2291666666666667,T5,1.2142917079153286,0.8670120898100173,↑,↑,VP_EXPANSION,54.36878615139004,CBI_STABLE,COST_NEUTRAL,-0.05949827149824061,-0.01140786682656214,-0.000828109560173762,Stable,-0.01140786682656214,5.404704254583193,A
00357,美兰空港,2017-09-30,4.977375565610864,3.0,1.9747732882052882,0.9166666666666666,1.5803336259877085,T5,1.5442341934647599,0.84352339764734,↑↑,↑↑,VP_OVERHEAT,50.26248940387886,CBI_STABLE,COST_NEUTRAL,-0.06448670618542329,-0.05507583952615458,0.0018956062895181258,Deteriorating,-0.05507583952615458,1.6591251885369547,A
00357,美兰空港,2017-10-31,16.66666666666665,3.3000000000000003,1.8610548429503637,1.0,1.5254237288135593,T5,1.4907049102387415,1.0060741040696497,↑,↑↑,VP_NEUTRAL,48.9789826733593,CBI_ACTIVE,COST_NEUTRAL,-0.005056509083465888,0.017915325381838043,0.16887820733777126,Stable,0.017915325381838043,5.050505050505045,A
00357,美兰空港,2017-11-30,0.6157635467980427,2.54,0.7739746611440111,0.75,1.0694736842105261,T4,1.056896634801591,0.06864014801110074,→,→,VP_NEUTRAL,68.96607070385598,CBI_STABLE,COST_NEUTRAL,-0.016330281856892226,-0.031107278513499703,0.17607573324502357,Stable,-0.031107278513499703,0.24242659322757584,A
00357,美兰空港,2017-12-31,-9.057527539779686,1.24,-0.7240079785184801,0.25,0.5291607396870555,T2,0.5284190507819292,-0.586045415721733,↓,↓,VP_DECLINE_SILENT,76.58187045268357,CBI_LOCKED_CANDIDATE,COST_DISADVANTAGE,-0.061679371423735696,-0.04430805471208077,-0.08335881404329348,Deteriorating,-0.04430805471208077,-7.304457693370715,A
00357,美兰空港,2018-01-31,1.211305518169592,3.18,1.352069893721843,0.9166666666666666,1.2215108834827144,T4,1.219465357830706,-0.03148970528865558,↑,↑,VP_DIVERGENCE_HIGH,59.35471607232655,CBI_STABLE,COST_NEUTRAL,0.021542502009350484,0.0002417371363685472,-0.07225548877598487,Deteriorating,0.0002417371363685472,0.3809136849589912,A
00357,美兰空港,2018-02-28,7.978723404255317,5.4799999999999995,4.122337001225404,1.0,1.7545357524012803,T5,1.755586256324175,1.1487188365650969,↑↑,↑↑,VP_OVERHEAT,66.2802845111604,CBI_STABLE,COST_NEUTRAL,0.02100047529650384,0.016986128184530047,0.0017666796727398015,Deteriorating,0.016986128184530047,1.4559714241341821,A
00357,美兰空港,2018-03-31,0.0,2.39,-0.06354525405776074,0.5833333333333334,0.790954219525648,T3,0.7863516639900772,0.9115307719672714,↓,↓,VP_SHRINK,86.66666666666666,CBI_LOCKED_CANDIDATE,COST_NEUTRAL,-0.02548371068937305,-0.016581954066618998,0.026718774655887012,Stable,-0.016581954066618998,0.0,A
00357,美兰空港,2018-04-30,25.12315270935963,12.23,8.232431178169003,1.0,2.711751662971175,T5,2.7154462897599454,2.8560518271502016,↑↑,↑↑,VP_OVERHEAT,42.09615902320126,CBI_ACTIVE,COST_NEUTRAL,-0.019132653699919455,-0.024098522752367457,0.2846629003083514,Deteriorating,-0.024098522752367457,2.054223443120166,A
00357,美兰空港,2018-05-31,-8.956692913385833,2.57,-0.32161233543116247,0.5833333333333334,0.5692137320044297,T3,0.5669354371459241,-0.532994923857868,↓,↓,VP_DECLINE_SILENT,63.12056319784005,CBI_STABLE,COST_NEUTRAL,-0.07662625934172518,-0.07174695032003109,0.16959958935553643,Deteriorating,-0.07174695032003109,-3.4850945188271725,A
00357,美兰空港,2018-06-30,-18.918918918918916,2.91,-0.24659139034412972,0.5833333333333334,0.6070931849791378,T3,0.608766102925777,0.22996743349959337,↓,↓,VP_DECLINE_SILENT,60.31926339114887,CBI_STABLE,COST_DISADVANTAGE,-0.014773932968963233,-0.1004142259687596,-0.250392337623941,Deteriorating,-0.1004142259687596,-6.5013467075322735,A
00357,美兰空港,2018-07-31,-3.599999999999992,1.39,-0.8251401547953163,0.16666666666666666,0.30923248053392655,T2,0.31086293134318216,-0.885918152580327,↓,↓,VP_DECLINE_SILENT,72.53656364324374,CBI_LOCKED_CANDIDATE,COST_DISADVANTAGE,-0.04595634246268554,-0.03495305920425773,-0.2773782134694791,Deteriorating,-0.03495305920425773,-2.5899280575539514,A
00357,美兰空港,2018-08-31,-1.7980636237897807,1.31,-0.8064890959348187,0.16666666666666666,0.3447368421052632,T2,0.34841138505571395,-0.4820479641131815,↓,↓,VP_DECLINE_SILENT,46.01323447300907,CBI_ACTIVE,COST_DISADVANTAGE,-0.04667289646118955,-0.03380427462253788,-0.29037141295066415,Deteriorating,-0.03380427462253788,-1.3725676517479242,A
00357,美兰空港,2018-09-30,-5.492957746478866,1.47,-0.681335337806166,0.3333333333333333,0.4031078610603291,T2,0.40233818658125553,-0.49619231351187776,↓,↓,VP_DECLINE_SILENT,41.15962540991339,CBI_ACTIVE,COST_DISADVANTAGE,-0.039557820039582636,-0.020360160839104968,-0.07080539678106823,Deteriorating,-0.020360160839104968,-3.736705949985623,A
00357,美兰空港,2018-10-31,4.172876304023854,1.84,-0.4922087772103359,0.4166666666666667,0.9608355091383812,T3,0.9632942870945815,0.32312065698041703,→,→,VP_STABLE_ASCENT,45.43122434156034,CBI_ACTIVE,COST_NEUTRAL,0.03023212009805598,0.03018090458979561,-0.032031255365077005,Improving,0.03018090458979561,2.267867556534703,A
00357,美兰空港,2018-11-30,1.2875536480686733,2.21,-0.3470047540205098,0.5,1.1913746630727764,T3,1.1967683755989282,0.684468946220083,↑,↑,VP_DIVERGENCE_HIGH,42.61077638016474,CBI_ACTIVE,COST_NEUTRAL,0.0008929708494771482,0.007228988333580544,-0.019568138481365627,Deteriorating,0.007228988333580544,0.582603460664558,A
00357,美兰空港,2018-12-31,-10.028248587570621,1.72,-0.543824160820618,0.3333333333333333,1.0382293762575454,T2,1.0404148498807704,0.18089988031829018,→,→,VP_NEUTRAL,49.39574559372555,CBI_ACTIVE,COST_DISADVANTAGE,0.01423949494989496,-0.04242443356957004,-0.06859805662780838,Stable,-0.04242443356957004,-5.830377085796873,A
00357,美兰空港,2019-01-31,5.494505494505497,1.3900000000000001,-0.6018032222775195,0.25,0.8390342052313883,T2,0.8558103184509825,-0.22518500835521604,↓,↓,VP_LOCKED_CANDIDATE,78.82225823191638,CBI_LOCKED_CANDIDATE,COST_NEUTRAL,0.0028066316476609288,0.012891397578666641,-0.017422125673292488,Improving,0.012891397578666641,3.952881650723379,A
00357,美兰空港,2019-02-28,0.0,4.87,0.669143199375491,0.9166666666666666,2.1644444444444444,T4,2.1505864216557256,1.1823250000988756,↑↑,↑↑,VP_NEUTRAL,52.96840791414452,CBI_STABLE,COST_NEUTRAL,-0.004293571440098454,-0.004512720352785937,-0.017422125673292488,Stable,-0.004512720352785937,0.0,A
00357,美兰空港,2019-03-31,-2.3809523809523836,6.2,1.0197208665241997,0.9166666666666666,2.04059243006034,T4,2.0290979192871816,2.5685291026121306,↑↑,↑↑,VP_PANIC,52.249011907349235,CBI_STABLE,COST_DISADVANTAGE,-0.011303588765755102,-0.047619919898631013,-0.036049783603986474,Deteriorating,-0.047619919898631013,-0.3840245775729651,A
00357,美兰空港,2019-04-30,-3.0487804878048697,3.57,0.6795952398250801,0.8333333333333334,1.0731462925851702,T4,1.0722919748451092,1.5008562097544442,→,→,VP_NEUTRAL,65.38087409955288,CBI_STABLE,COST_DISADVANTAGE,-0.013328440122107876,-0.03479306235990165,-0.06543850971362097,Stable,-0.03479306235990165,-0.8540001366400195,A
00357,美兰空港,2019-05-31,-9.748427672955973,2.2800000000000002,-0.22250135149950193,0.6666666666666666,0.6829755366949576,T3,0.6791771006581682,-0.533152006866435,↓,↓,VP_DECLINE_SILENT,60.12485490436643,CBI_STABLE,COST_DISADVANTAGE,0.00446233266252527,-0.03576688578822618,-0.15654356065348807,Deteriorating,-0.03576688578822618,-4.275626172349111,A
00357,美兰空港,2019-06-30,-2.7874564459930307,1.1400000000000001,-0.9198276951710261,0.08333333333333333,0.35167095115681235,T2,0.35385251723090444,-0.8142744945999918,↓,↓,VP_DECLINE_SILENT,68.59288525909966,CBI_STABLE,COST_NEUTRAL,0.0013724738712048712,8.528057308554438e-05,-0.10245948176708519,Deteriorating,8.528057308554438e-05,-2.4451372333272197,A
00357,美兰空港,2019-07-31,-3.2258064516129004,2.42,-0.0798332303448483,0.75,0.7089843749999999,T3,0.7113577691034987,-0.3215497936498687,↓,↓,VP_DECLINE_SILENT,40.86197473173227,CBI_ACTIVE,COST_DISADVANTAGE,-0.020678266870409634,-0.031991247563930125,-0.1314124017100824,Deteriorating,-0.031991247563930125,-1.3329778725673143,A
00357,美兰空港,2019-08-31,-14.629629629629626,2.25,-0.260115141376262,0.5833333333333334,0.7558790593505039,T3,0.7467497511219353,-0.022898097826086983,↓,↓,VP_DECLINE_SILENT,56.599734907719366,CBI_STABLE,COST_DISADVANTAGE,-0.0026676038206385755,-0.04256202793620101,-0.25848355034879256,Deteriorating,-0.04256202793620101,-6.502057613168723,A
00357,美兰空港,2019-09-30,5.856832971800419,1.55,-0.7860075189231998,0.25,0.7040121120363362,T2,0.707321032285184,0.35467344589409056,↓,↓,VP_LOCKED_CANDIDATE,64.69870983197166,CBI_STABLE,COST_DISADVANTAGE,-0.06034897812378437,-0.03641420757227376,-0.057249378441786125,Improving,-0.03641420757227376,3.7786019172905925,A
00357,美兰空港,2019-10-31,5.942622950819665,1.06,-1.0851944126845907,0.08333333333333333,0.594392523364486,T2,0.5940984405514409,-0.5643726166696932,↓,↓,VP_LOCKED_CANDIDATE,67.70959041988725,CBI_STABLE,COST_NEUTRAL,-0.011864601501874628,0.003489566898872809,-0.00122526363607256,Improving,0.003489566898872809,5.606248066811005,A
00357,美兰空港,2019-11-30,-3.868471953578345,1.26,-0.8442051629665328,0.25,0.7809917355371901,T2,0.7779802366149581,-0.4354418697230389,↓,↓,VP_DECLINE_SILENT,71.29159575024308,CBI_LOCKED_CANDIDATE,COST_DISADVANTAGE,-0.03847045366433843,-0.03862574477195424,-0.03986258419173705,Deteriorating,-0.03862574477195424,-3.07021583617329,A
00357,美兰空港,2019-12-31,11.267605633802823,3.5999999999999996,0.6598621337093897,0.8333333333333334,1.7792421746293243,T4,1.7790083786824984,1.3056251361436306,↑↑,↑↑,VP_OVERHEAT,51.59103213352414,CBI_STABLE,COST_ADVANTAGE,0.07794435012804657,0.08640165844147729,0.08046533084064977,Deteriorating,0.08640165844147729,3.129890453834118,A
00357,美兰空港,2020-01-31,0.9041591320072317,5.83,1.9515592403613988,0.9166666666666666,2.2495176848874596,T5,2.256196010862272,4.512711963318049,↑↑,↑↑,VP_NEUTRAL,42.93318775607293,CBI_ACTIVE,COST_NEUTRAL,-0.04557204424559169,-0.0818118261821501,0.09023445679761743,Stable,-0.0818118261821501,0.15508732967533992,A
00357,美兰空港,2020-02-29,16.66666666666665,4.5600000000000005,1.006485261471891,0.8333333333333334,1.5319148936170215,T4,1.5364027078508087,2.6498756862240067,↑↑,↑↑,VP_OVERHEAT,47.49816031458011,CBI_ACTIVE,COST_NEUTRAL,-0.03488080070655497,-0.00010072535564786822,0.2719401995972204,Deteriorating,-0.00010072535564786822,3.654970760233914,A
00357,美兰空港,2020-03-31,1.0752688172043001,8.85,4.192411189667791,1.0,2.1104928457869634,T5,2.112268398862495,1.4683334357147246,↑↑,↑↑,VP_NEUTRAL,42.85201599143922,CBI_ACTIVE,COST_NEUTRAL,-0.002219343435865051,-0.03324879666884584,0.009915310680796763,Stable,-0.03324879666884584,0.12149930137901696,A
00357,美兰空港,2020-04-30,20.972644376899694,6.87,1.6071726065809844,0.9166666666666666,1.3309654504359056,T5,1.3315633972775676,0.1790914719369292,↑,↑,VP_EXPANSION,38.83413987705742,CBI_ACTIVE,COST_NEUTRAL,0.018590663786939965,0.010357020389530902,0.22172125729774206,Stable,0.010357020389530902,3.0527866633041767,A
00357,美兰空港,2020-05-31,15.57788944723617,6.52,1.1689218852669285,0.8333333333333334,1.0797681479436931,T4,1.0774123262486541,0.42261442593884047,→,→,VP_STABLE_ASCENT,43.675948461045444,CBI_ACTIVE,COST_ADVANTAGE,0.08029867136974178,0.1148790612590962,0.4120396441129681,Stable,0.1148790612590962,2.3892468477356092,A
00357,美兰空港,2020-06-30,18.043478260869563,27.6,9.354955611521673,1.0,2.7494604017931263,T5,2.7496300744466535,2.1174630431536507,↑↑,↑↑,VP_OVERHEAT,26.329736814366576,CBI_TURBULENT,COST_NEUTRAL,-0.048379105498931985,-0.05963592362011194,0.043227510551002934,Deteriorating,-0.05963592362011194,0.6537492123503464,A
00357,美兰空港,2020-07-31,332.78084714548805,100.87,13.211936615414242,1.0,3.8978553487473433,T5,3.897844601483682,13.679036174093275,↑↑,↑↑,VP_OVERHEAT,8.264499393145062,CBI_TURBULENT,COST_ADVANTAGE,0.011717789598366002,0.4577723832686207,3.5148888578174162,Deteriorating,0.4577723832686207,3.2991062471050663,A
00357,美兰空港,2020-08-31,-4.255319148936165,45.75,1.0885091841849242,0.9166666666666666,1.397230988496386,T4,1.3976148423148291,6.037277404712187,↑,↑,VP_SELLING_ACTIVE,0.7736010466824232,CBI_TURBULENT,COST_NEUTRAL,0.025267598312356032,-0.04888048657344313,3.3227659276975263,Deteriorating,-0.04888048657344313,-0.09301244041390525,A
00357,美兰空港,2020-09-30,-3.3333333333333326,20.99,0.05710731286799769,0.75,0.6037392138063278,T3,0.60376314099096,-0.2394908909767144,↓,↓,VP_DECLINE_SILENT,0.7860155551715298,CBI_TURBULENT,COST_NEUTRAL,0.0003893486055879247,-0.0011773031040251958,0.1516453436079579,Deteriorating,-0.0011773031040251958,-0.15880578053041128,A
00357,美兰空港,2020-10-31,-24.022988505747133,15.8,-0.1894748675187886,0.6666666666666666,0.43580195835057234,T3,0.4363529477946188,-0.8431508464952903,↓,↓,VP_DECLINE_SILENT,11.508552104924892,CBI_TURBULENT,COST_DISADVANTAGE,-0.03173194181182548,-0.09705648585385185,-0.12501428491395383,Deteriorating,-0.09705648585385185,-1.5204423104903249,A
00357,美兰空港,2020-11-30,-2.874432677760952,13.92,-0.30965942847380956,0.5833333333333334,0.37131552038411947,T3,0.37120707221427046,-0.6958674720687889,↓,↓,VP_DECLINE_SILENT,17.72996576923114,CBI_TURBULENT,COST_DISADVANTAGE,0.07681756975851406,-0.03873351651939805,-0.15016516023412751,Deteriorating,-0.03873351651939805,-0.20649660041386148,A
00357,美兰空港,2020-12-31,28.037383177570096,15.82,-0.27977062860057916,0.6666666666666666,0.445320197044335,T3,0.4454351463879634,-0.24599845623602112,↓,↓,VP_LOCKED_CANDIDATE,11.77610883273783,CBI_TURBULENT,COST_ADVANTAGE,0.053505444873417796,0.11881473768356465,0.1522790588675167,Improving,0.11881473768356465,1.7722745371409667,A
00357,美兰空港,2021-01-31,9.245742092457409,38.97,0.5484706916340553,0.8333333333333334,1.5459173553719008,T4,1.5459759597350582,1.464136558671759,↑↑,↑↑,VP_OVERHEAT,33.37635225603174,CBI_ACTIVE,COST_ADVANTAGE,-0.00619045668614715,0.11718006187006158,0.2588158088358028,Deteriorating,0.11718006187006158,0.23725281222626146,A
00357,美兰空港,2021-02-28,-25.835189309576844,24.97,-0.0946247138518196,0.6666666666666666,1.1483099563117958,T3,1.1483601578923675,0.7949060575662856,↑,↑,VP_SELLING_ACTIVE,33.78329774873575,CBI_ACTIVE,COST_DISADVANTAGE,-0.04244005798940298,-0.145233157792783,-0.06640163843580782,Deteriorating,-0.145233157792783,-1.0346491513647114,A
00357,美兰空港,2021-03-31,1.6516516516516644,34.21,0.20694017610582843,0.75,1.4284918922680772,T3,1.4276396642473366,1.1608605713520102,↑,↑,VP_EXPANSION,35.54033624712615,CBI_ACTIVE,COST_DISADVANTAGE,0.05893606400980955,-0.02037568586758698,-0.1071710374254281,Improving,-0.02037568586758698,0.048279791045064725,A
00357,美兰空港,2021-04-30,-2.5110782865583547,6.29,-1.0196376840161816,0.08333333333333333,0.2812639737665822,T2,0.2813806902074562,-0.8385609909794665,↓,↓,VP_DECLINE_SILENT,53.022001185239695,CBI_STABLE,COST_NEUTRAL,0.00962698809486806,0.00962698809486806,-0.12959067164074234,Deteriorating,0.00962698809486806,-0.39921753363407864,A
00357,美兰空港,2021-05-31,8.333333333333325,9.74,-0.8779493622720729,0.16666666666666666,0.4495384615384615,T2,0.44993738350395696,-0.6096459390008474,↓,↓,VP_LOCKED_CANDIDATE,49.360947337315544,CBI_ACTIVE,COST_NEUTRAL,0.10326098432351283,0.07987816390382707,-0.05705656094413758,Improving,0.07987816390382707,0.8555783709787808,A
00357,美兰空港,2021-06-30,-9.23076923076922,16.13,-0.5360617819251284,0.5,0.7426905072519376,T2,0.7420856730495428,-0.5286652039301123,↓,↓,VP_DECLINE_SILENT,39.67131409674298,CBI_ACTIVE,COST_DISADVANTAGE,-0.019356497026298602,-0.024291068268709415,-0.019627757040549643,Deteriorating,-0.024291068268709415,-0.5722733559063372,A
00357,美兰空港,2021-07-31,-23.112480739599395,12.88,-0.7643673407172987,0.25,0.7415083477259643,T2,0.7408375882521785,1.044481359003461,↓,↓,VP_DECLINE_SILENT,54.584405786642016,CBI_STABLE,COST_DISADVANTAGE,-0.057139090928933545,-0.09048115730276807,-0.2462161028709312,Deteriorating,-0.09048115730276807,-1.7944472623912573,A
00357,美兰空港,2021-08-31,-1.8036072144288595,9.31,-1.018667758698249,0.16666666666666666,0.6307588075880759,T2,0.6307463142946313,-0.04551704322893779,↓,↓,VP_DECLINE_SILENT,60.6485111419092,CBI_STABLE,COST_NEUTRAL,-0.013847826770492677,0.0007061292313541578,-0.25981140362075406,Deteriorating,0.0007061292313541578,-0.1937279499923587,A
00357,美兰空港,2021-09-30,33.06122448979592,22.79,0.48128997438967275,0.75,1.7726212081928958,T3,1.7721856817702288,0.413063475298018,↑↑,↑↑,VP_OVERHEAT,34.90666960582216,CBI_ACTIVE,COST_ADVANTAGE,0.011426110067196182,0.0651455267569312,0.14668751328672736,Deteriorating,0.0651455267569312,1.4506899732249197,A
00357,美兰空港,2021-10-31,-3.220858895705525,7.7,-1.093156517459366,0.16666666666666666,0.588160407383832,T2,0.5861543139908499,-0.40407396596813683,↓,↓,VP_DECLINE_SILENT,56.17784602847858,CBI_STABLE,COST_NEUTRAL,0.0074364933601878125,-0.006610885137054545,0.10975432650908745,Deteriorating,-0.006610885137054545,-0.4182933630786396,A
00357,美兰空港,2021-11-30,-19.33438985736926,6.93,-1.0689764271332711,0.16666666666666666,0.5489833641404805,T2,0.5505072364874827,-0.2539307364312403,↓,↓,VP_DECLINE_SILENT,54.75880512036514,CBI_STABLE,COST_DISADVANTAGE,-0.05034453967721031,-0.05603760404567071,-0.10480990143720215,Deteriorating,-0.05603760404567071,-2.789955246373631,A
00357,美兰空港,2021-12-31,-5.500982318271119,5.09,-1.116843759504808,0.08333333333333333,0.47202472952086555,T2,0.4691919534380621,-0.7781586761015195,↓,↓,VP_DECLINE_SILENT,37.67449659264832,CBI_ACTIVE,COST_NEUTRAL,0.0030809035329351087,-0.00473357721371348,-0.14454190288955293,Deteriorating,-0.00473357721371348,-1.0807430880689821,A
00357,美兰空港,2022-01-31,-13.929313929313935,6.49,-0.8603228014179379,0.25,0.6678099811353113,T2,0.6697682411168319,-0.15197421189820548,↓,↓,VP_DECLINE_SILENT,34.09791766404141,CBI_ACTIVE,COST_DISADVANTAGE,-0.0052710380329510365,-0.03914099512656388,-0.2637013467698023,Deteriorating,-0.03914099512656388,-2.1462733327140113,A
00357,美兰空港,2022-02-28,6.521739130434789,5.68,-0.8043976519620488,0.16666666666666666,0.6232626188734455,T2,0.6240775546245836,-0.18175818973559066,↓,↓,VP_LOCKED_CANDIDATE,34.28685888452149,CBI_ACTIVE,COST_DISADVANTAGE,-0.04181934928010711,-0.05090754340418113,-0.21568186938522416,Improving,-0.05090754340418113,1.1481935088793644,A
00357,美兰空港,2022-03-31,-18.63945578231292,9.73,-0.035199950853018094,0.6666666666666666,1.4026910139356077,T3,1.4043936860454267,0.9261989765528784,↑,↑,VP_SELLING_ACTIVE,30.63559161079122,CBI_ACTIVE,COST_DISADVANTAGE,-0.016638448017526675,-0.02689299722810723,-0.12918018890524519,Deteriorating,-0.02689299722810723,-1.9156686312757367,A
00357,美兰空港,2022-04-30,-16.276477146042367,13.44,0.638095184663425,0.8333333333333334,1.7027027027027026,T4,1.7047845615330122,1.070060148792328,↑↑,↑↑,VP_PANIC,15.815678166847288,CBI_TURBULENT,COST_DISADVANTAGE,0.02663466217656385,-0.09178861052794551,-0.27091897644129237,Deteriorating,-0.09178861052794551,-1.2110474066995809,A
00357,美兰空港,2022-05-31,5.992010652463375,16.2,1.101720657060055,0.9166666666666666,1.7164047324739538,T4,1.7154044004077988,1.848923399769303,↑↑,↑↑,VP_OVERHEAT,34.810473748971795,CBI_ACTIVE,COST_NEUTRAL,0.17347798668685788,0.14628587723546427,-0.22723236384456547,Deteriorating,0.14628587723546427,0.36987720076934416,A
00357,美兰空港,2022-06-30,45.100502512562834,21.6,2.152559858738295,0.9166666666666666,1.77194421657096,T5,1.7703574232124775,1.2175302830111838,↑↑,↑↑,VP_OVERHEAT,34.76761772776866,CBI_ACTIVE,COST_ADVANTAGE,0.17524583974221297,0.1779590726267124,0.3592166712881384,Deteriorating,0.1779590726267124,2.0879862274334644,A
00357,美兰空港,2022-07-31,-16.70995670995672,12.77,0.23428327836737384,0.6666666666666666,0.9647443968773609,T3,0.964552308334596,-0.05159633227187477,→,→,VP_NEUTRAL,40.33707505136685,CBI_ACTIVE,COST_NEUTRAL,-0.09703420150823361,-0.09956940184764018,0.13209215392137574,Stable,-0.09956940184764018,-1.3085322404038153,A
00357,美兰空港,2022-08-31,-3.534303534303529,7.28,-0.7332358126376902,0.4166666666666667,0.5391261416934091,T2,0.5382737986755501,-0.5511025909833225,↓,↓,VP_DECLINE_SILENT,44.453042881131715,CBI_ACTIVE,COST_NEUTRAL,-0.035254996927747806,-0.047242075107059134,0.09208058091375948,Deteriorating,-0.047242075107059134,-0.4854812547120232,A
00357,美兰空港,2022-09-30,1.8318965517241326,10.51,0.04963412911856762,0.6666666666666666,0.7709046454767726,T3,0.7707983509969275,-0.5133032417086993,↓,↓,VP_LOCKED_CANDIDATE,20.127920765511888,CBI_TURBULENT,COST_NEUTRAL,0.04185382039476537,0.01286693318974419,-0.05438851666122424,Improving,0.01286693318974419,0.17430033793759586,A
00357,美兰空港,2022-10-31,-35.449735449735456,11.98,0.29928282607975726,0.6666666666666666,0.8946975354742345,T3,0.8951497606279444,-0.06174859692875034,↓,↓,VP_DECLINE_SILENT,21.284602806800645,CBI_TURBULENT,COST_DISADVANTAGE,-0.10601977444614319,-0.20110544908068484,-0.3896052858871395,Deteriorating,-0.20110544908068484,-2.9590764148360145,A
00357,美兰空港,2022-11-30,74.18032786885247,29.57,3.9098086694700274,1.0,1.8932878027958595,T5,1.8943877882810707,3.070212761054341,↑↑,↑↑,VP_OVERHEAT,7.527115836638889,CBI_TURBULENT,COST_ADVANTAGE,0.2133767489358529,0.2871440952962778,0.06318751433592529,Deteriorating,0.2871440952962778,2.5086346928932186,A
00357,美兰空港,2022-12-31,11.764705882352944,25.43,1.8040332099170215,0.9166666666666666,1.5642813204839043,T5,1.5638390773515622,1.419304371624449,↑↑,↑↑,VP_OVERHEAT,11.278927127962486,CBI_TURBULENT,COST_ADVANTAGE,0.00527892046727052,0.021937936119966306,0.2604691709714655,Deteriorating,0.021937936119966306,0.4626309823968912,A
00357,美兰空港,2023-01-31,-0.6315789473684164,20.26,0.7364747517589144,0.75,1.157383604684376,T4,1.1575209637287218,0.6910591044800718,↑,↑,VP_DIVERGENCE_HIGH,12.091066449451036,CBI_TURBULENT,COST_NEUTRAL,-0.0661503169505544,-0.001260143876813613,0.2525083130495407,Deteriorating,-0.001260143876813613,-0.031173689406140983,A
00357,美兰空港,2023-02-28,-18.135593220338986,11.799999999999999,-0.659943091804773,0.3333333333333333,0.6462802373345504,T2,0.6457696271550153,-0.6014721249755799,↓,↓,VP_DECLINE_SILENT,39.15043765934291,CBI_ACTIVE,COST_NEUTRAL,-0.05721397782693638,-0.10036732086336908,0.025358500343945822,Deteriorating,-0.10036732086336908,-1.5369146796897448,A
00357,美兰空港,2023-03-31,-1.1387163561076497,13.82,-0.39767860774256947,0.5833333333333334,0.73471557682084,T3,0.7353202670092023,-0.45585297956646564,↓,↓,VP_SHRINK,38.38722748459254,CBI_ACTIVE,COST_NEUTRAL,0.006492881817557361,-0.00899028062461038,-0.1223575426546506,Stable,-0.00899028062461038,-0.08239626310475033,A
00357,美兰空港,2023-04-30,-15.18324607329844,7.8,-1.3196450075285564,0.16666666666666666,0.43062200956937796,T2,0.43096070906282163,-0.6146661832057432,↓,↓,VP_DECLINE_SILENT,43.13176563152192,CBI_ACTIVE,COST_DISADVANTAGE,-0.041092356684054865,-0.11187951577835575,-0.2556121565971383,Deteriorating,-0.11187951577835575,-1.946570009397236,A
00357,美兰空港,2023-05-31,-18.395061728395056,12.3,-0.4850004864355254,0.5,0.807351493272071,T3,0.8059570512844444,0.04118837123070951,↓,↓,VP_DECLINE_SILENT,32.40006938825636,CBI_ACTIVE,COST_DISADVANTAGE,-0.041555998374731895,-0.0823124399642996,-0.3925427598897634,Deteriorating,-0.0823124399642996,-1.4955334738532566,A
00357,美兰空港,2023-06-30,-26.550680786686833,19.66,0.7019732613862045,0.75,1.3773937412424102,T4,1.3782020790140639,0.4220791364941803,↑,↑,VP_SELLING_ACTIVE,21.14229855991448,CBI_TURBULENT,COST_DISADVANTAGE,-0.03188162641749093,-0.17854689340579333,-0.3004168280178575,Deteriorating,-0.17854689340579333,-1.350492410309605,A
00357,美兰空港,2023-07-31,20.90628218331616,12.2,-0.47538809403264837,0.5,0.9435421500386697,T3,0.9436904239394605,0.5628582846060246,→,→,VP_STABLE_ASCENT,33.8605229234216,CBI_ACTIVE,COST_NEUTRAL,0.06632182334574388,0.07270877141716614,-0.15415999597627683,Improving,0.07270877141716614,1.7136296871570624,A
00357,美兰空港,2023-08-31,-35.8603066439523,18.35,0.36936843102718203,0.6666666666666666,1.3086889337929395,T3,1.3088258168768931,0.495208196931221,↑,↑,VP_SELLING_ACTIVE,27.576509264413026,CBI_TURBULENT,COST_DISADVANTAGE,-0.1429001784249504,-0.18611073090061914,-0.4574808151364024,Deteriorating,-0.18611073090061914,-1.9542401440845938,A
00357,美兰空港,2023-09-30,-4.3824701195219085,14.75,-0.3009143099890805,0.5833333333333334,1.0404420409122972,T3,1.0397249581629793,-0.2507866167879612,→,→,VP_NEUTRAL,24.319060513653227,CBI_TURBULENT,COST_NEUTRAL,0.038437086601540216,-0.014451622994893665,-0.20656737472682762,Stable,-0.014451622994893665,-0.2971166182726718,A
00357,美兰空港,2023-10-31,-11.944444444444446,8.69,-1.3284953662632568,0.16666666666666666,0.606631762652705,T2,0.6054373885119769,-0.2895365484557425,↓,↓,VP_DECLINE_SILENT,42.79878253308819,CBI_ACTIVE,COST_DISADVANTAGE,0.036914609559547173,-0.03911726154035777,-0.3013384938566789,Deteriorating,-0.03911726154035777,-1.3745045390615014,A
00357,美兰空港,2023-11-30,12.933753943217674,8.58,-1.25603295504279,0.16666666666666666,0.6260488872674207,T2,0.6279378817451113,-0.5310724069080643,↓,↓,VP_LOCKED_CANDIDATE,47.17810959950906,CBI_ACTIVE,COST_NEUTRAL,-0.03484097616997339,0.0011720859925010707,-0.2109753337561231,Improving,0.0011720859925010707,1.5074305295125494,A
00357,美兰空港,2023-12-31,-3.2122905027933024,5.51,-1.893006760178013,0.08333333333333333,0.4856051703877791,T1,0.48394132411308904,-0.6275241031998195,↓,↓,VP_DECLINE_SILENT,58.81293571133955,CBI_STABLE,COST_ADVANTAGE,0.005475153071234251,0.05514526704903133,0.019107223880273416,Deteriorating,0.05514526704903133,-0.5829928317229224,A
00357,美兰空港,2024-01-31,-15.58441558441559,14.4,0.5423174565090433,0.75,1.2293682413204325,T4,1.2292176346556323,0.6602107716667396,↑,↑,VP_SELLING_ACTIVE,40.509530298762506,CBI_ACTIVE,COST_DISADVANTAGE,-0.03820180057121625,-0.044372115637126064,-0.13971468114002905,Deteriorating,-0.044372115637126064,-1.0822510822510827,A
00357,美兰空港,2024-02-29,26.666666666666682,14.69,0.5488802248920888,0.75,1.3230261182827978,T4,1.3236931579688553,0.706700903689425,↑,↑,VP_EXPANSION,38.10017663277887,CBI_ACTIVE,COST_ADVANTAGE,-0.0005301011386686927,0.039770883283606784,0.08969473722263,Stable,0.039770883283606784,1.815293850692082,A
00357,美兰空港,2024-03-31,-5.128205128205132,9.03,-0.8018557080996562,0.4166666666666667,0.889655172413793,T2,0.8908348990909798,0.6468013078697012,↓,↓,VP_DECLINE_SILENT,58.62056094057101,CBI_STABLE,COST_NEUTRAL,-0.001692538476765093,-0.02054689423738043,0.040056620319609326,Deteriorating,-0.02054689423738043,-0.5679075446517312,A
00357,美兰空港,2024-04-30,8.819345661450928,16.34,0.9099238159342505,0.8333333333333334,1.4301969365426697,T4,1.4300174827063168,0.1353404183639093,↑,↑,VP_EXPANSION,42.03537135225514,CBI_ACTIVE,COST_ADVANTAGE,0.05626707267923514,0.13164244883203202,0.13178280874039983,Stable,0.13164244883203202,0.5397396365637043,A
00357,美兰空港,2024-05-31,28.104575163398703,13.06,0.030929400512143327,0.5,1.072983705326578,T3,1.07239939824868,-0.11180726217589221,→,→,VP_STABLE_ASCENT,56.532680975066626,CBI_STABLE,COST_ADVANTAGE,0.02996244107712287,0.10692653094926219,0.4498655589092706,Improving,0.10692653094926219,2.151958282036654,A
00357,美兰空港,2024-06-30,-21.530612244897963,6.99,-1.4297195877872508,0.16666666666666666,0.5628774661119313,T2,0.5632143595000983,-0.22639134038714714,↓,↓,VP_DECLINE_SILENT,65.1383163670475,CBI_STABLE,COST_DISADVANTAGE,-0.0004048855511984417,-0.06783754723706448,-0.013739801371853932,Deteriorating,-0.06783754723706448,-3.0802020378967043,A
00357,美兰空港,2024-07-31,-0.5201560468140465,11.719999999999999,-0.033100378604017634,0.5,0.9789781428372546,T3,0.9809781368555407,-0.28098192608578365,→,→,VP_NEUTRAL,55.03619947447632,CBI_STABLE,COST_NEUTRAL,0.0006670348617510147,-0.011785382725122417,-0.01886989343233847,Stable,-0.011785382725122417,-0.04438191525717121,A
00357,美兰空港,2024-08-31,-9.80392156862745,8.379999999999999,-0.8252747311454537,0.25,0.7673992673992673,T2,0.7683319881499264,-0.3564927364864865,↓,↓,VP_DECLINE_SILENT,64.45391706505238,CBI_STABLE,COST_NEUTRAL,0.014790590441146723,-0.017084297144826066,-0.1150591195664229,Deteriorating,-0.017084297144826066,-1.169919041602321,A
00357,美兰空港,2024-09-30,27.97101449275361,16.17,1.628245870719836,0.9166666666666666,1.3352601156069366,T5,1.3345841277753074,1.3120950917500003,↑,↑,VP_EXPANSION,37.770147052118844,CBI_ACTIVE,COST_ADVANTAGE,0.20102513451934212,0.1960582215749045,0.1908662971099664,Stable,0.1960582215749045,1.7298091832253313,A
00357,美兰空港,2024-10-31,5.549263873159682,28.73,4.759595713530991,1.0,2.026807760141094,T5,2.026124272770361,1.445651722067982,↑↑,↑↑,VP_OVERHEAT,31.309371418889263,CBI_ACTIVE,COST_ADVANTAGE,0.030007624867574023,0.043966457887095745,0.2569506103131243,Deteriorating,0.043966457887095745,0.19315224062511946,A
00357,美兰空港,2024-11-30,-7.4034334763948495,16.65,0.5719431696094828,0.9166666666666666,1.1270306859205774,T4,1.1273419416802801,0.9851661201035395,↑,↑,VP_SELLING_ACTIVE,30.211426259078248,CBI_ACTIVE,COST_NEUTRAL,0.0803243993654974,-0.009963385736991404,0.16389310804745305,Deteriorating,-0.009963385736991404,-0.44465065924293395,A
00357,美兰空港,2024-12-31,6.60486674391656,19.53,0.9511410652185567,0.9166666666666666,1.1581340185807472,T4,1.1579566866826467,0.2085549380400955,↑,↑,VP_EXPANSION,34.93668094071634,CBI_ACTIVE,COST_NEUTRAL,0.004830955731723652,-0.01799042847103871,0.021524566013875424,Stable,-0.01799042847103871,0.3381908215011039,A
00357,美兰空港,2025-01-31,-14.130434782608681,10.89,-0.648830211814639,0.3333333333333333,0.6511210762331838,T2,0.6497346877938645,-0.6216979366601325,↓,↓,VP_DECLINE_SILENT,58.93786652234172,CBI_STABLE,COST_DISADVANTAGE,-0.007737611449440407,-0.05954846203988007,-0.1228212965750417,Deteriorating,-0.05954846203988007,-1.297560586098134,A
00357,美兰空港,2025-02-28,3.924050632911391,24.66,1.7486192378352476,0.9166666666666666,1.2686272828603276,T5,1.2687733131891081,0.47993774746233964,↑,↑,VP_EXPANSION,43.87122489052693,CBI_ACTIVE,COST_DISADVANTAGE,-0.03059174678037202,-0.020217518326513195,-0.08840036011153063,Stable,-0.020217518326513195,0.15912614083176768,A
00357,美兰空港,2025-03-31,10.596833130328864,21.53,0.9140639648702721,0.8333333333333334,1.0589392573161736,T4,1.0584193206659416,0.10129223329220616,→,→,VP_STABLE_ASCENT,45.504178719151085,CBI_ACTIVE,COST_NEUTRAL,-0.02513562223338639,0.006921629680116892,0.052865559629357906,Stable,0.006921629680116892,0.49218918394467553,A
00357,美兰空港,2025-04-30,5.726872246696035,27.84,1.7747309081610647,0.9166666666666666,1.3793559042113954,T5,1.3796142592836167,1.562036321757978,↑,↑,VP_EXPANSION,38.273558093214824,CBI_ACTIVE,COST_NEUTRAL,-0.05599467921038681,0.013008210960991029,0.11316182515879247,Stable,0.013008210960991029,0.20570661805661047,A
00357,美兰空港,2025-05-31,8.749999999999991,24.08,0.9004504220700136,0.75,1.1240955418968333,T4,1.124736136085885,-0.02311699219099017,↑,↑,VP_EXPANSION,47.33186929801918,CBI_ACTIVE,COST_NEUTRAL,0.008592271392375839,0.009112330278054248,0.21056348486018694,Stable,0.009112330278054248,0.36337209302325546,A
00357,美兰空港,2025-06-30,2.490421455938696,15.55,-0.5372222181788927,0.3333333333333333,0.749096748293858,T2,0.749662323076963,-0.2768128901705691,↓,↓,VP_LOCKED_CANDIDATE,62.035323798322956,CBI_STABLE,COST_NEUTRAL,0.005192089062894478,0.01980097194602415,0.0677550222415757,Improving,0.01980097194602415,0.16015572063914443,A
00357,美兰空港,2025-07-31,0.9345794392523477,38.08,2.9479804729000403,1.0,1.5057334914986158,T5,1.505647482407156,0.367724445316729,↑↑,↑↑,VP_NEUTRAL,34.45292928428239,CBI_ACTIVE,COST_NEUTRAL,-0.05997642566553274,-0.03831764544881899,0.07773404114102966,Stable,-0.03831764544881899,0.024542527291290642,A
00357,美兰空港,2025-08-31,-3.6111111111111205,17.86,-0.5899912104916707,0.4166666666666667,0.7393404167241617,T2,0.7390457487311343,-0.25891780011286447,↓,↓,VP_DECLINE_SILENT,61.61139793120541,CBI_STABLE,COST_NEUTRAL,-0.0002934626723685163,-0.010902269258454056,0.038815867433159124,Deteriorating,-0.010902269258454056,-0.2021898718427279,A
00357,美兰空港,2025-09-30,1.344860710854956,11.7,-1.479733020366652,0.16666666666666666,0.5195766412552735,T2,0.5196777796358962,-0.24781643540007092,↓,↓,VP_SHRINK,68.96731921122074,CBI_STABLE,COST_NEUTRAL,0.017678072858518856,0.01766467440152608,-0.03163645513002167,Stable,0.01766467440152608,0.11494535990213299,A
00357,美兰空港,2025-10-31,-0.4739336492891044,15.46,-0.7116094074597697,0.25,0.7558054265460769,T2,0.755027339858745,-0.5944249381436408,↓,↓,VP_SHRINK,65.68337883642303,CBI_STABLE,COST_NEUTRAL,-0.0029306107235612666,-0.01016188980647792,-0.03622585581660931,Stable,-0.01016188980647792,-0.030655475374456946,A
00357,美兰空港,2025-11-30,-1.5238095238095273,13.73,-0.9210118570682242,0.25,0.7330485851575014,T2,0.7327045577879949,-0.23142201268728557,↓,↓,VP_DECLINE_SILENT,66.97092003246867,CBI_STABLE,COST_DISADVANTAGE,-0.0006502685974627553,-0.025185630860013353,-0.05091193801368965,Deteriorating,-0.025185630860013353,-0.11098394201089055,A
00357,美兰空港,2025-12-31,3.4816247582204918,23.080000000000002,0.37997339130424745,0.6666666666666666,1.1548661496122092,T3,1.1545523529464379,0.9707652715443236,↑,↑,VP_EXPANSION,48.66768371861585,CBI_ACTIVE,COST_NEUTRAL,-0.020190668734395234,-0.006457459097797047,0.0019613807131435568,Improving,-0.006457459097797047,0.15085029281717902,A
00357,美兰空港,2026-01-31,-3.084112149532714,19.9,-0.18445940787978132,0.5,1.173695075199056,T3,1.17439977747985,0.2888083716152594,↑,↑,VP_SELLING_ACTIVE,49.482586484155846,CBI_ACTIVE,COST_DISADVANTAGE,-0.005479302408828102,-0.020818733192574768,-0.028940231963056173,Deteriorating,-0.020818733192574768,-0.15498051002676955,A
00357,美兰空港,2026-02-28,-16.104146576663446,6.77,-1.961268714277346,0.08333333333333333,0.44814651368049424,T1,0.44701512246265673,-0.5081325030349355,↓,↓,VP_DECLINE_SILENT,61.981059468054795,CBI_STABLE,COST_DISADVANTAGE,-0.018426592656791585,-0.09059342585515995,-0.1853211203547337,Deteriorating,-0.09059342585515995,-2.3787513407183822,A
00357,美兰空港,2026-03-31,-27.586206896551722,7.78,-1.4244085195442935,0.16666666666666666,0.5382841328413285,T2,0.5385435919237653,-0.662758144523812,↓,↓,VP_DECLINE_SILENT,55.310918307222664,CBI_STABLE,COST_DISADVANTAGE,-0.09542766089012555,-0.15005063532269547,-0.34862146237847746,Deteriorating,-0.15005063532269547,-3.5457849481428947,A
00357,美兰空港,2026-04-30,-2.6984126984127,5.25,-1.4812250388800556,0.08333333333333333,0.41171088746569073,T2,0.4116194946167319,-0.7364554661067766,↓,↓,VP_DECLINE_SILENT,53.03833948659367,CBI_STABLE,COST_DISADVANTAGE,0.004913096287290752,-0.026399612991160337,-0.36619834355239156,Deteriorating,-0.026399612991160337,-0.5139833711262286,A
00357,美兰空港,2026-05-31,-23.164763458401303,6.9,-1.0272968394479143,0.25,0.5941446613088404,T2,0.5949048405870758,0.02322082730049191,↓,↓,VP_DECLINE_SILENT,42.888780736642374,CBI_ACTIVE,COST_DISADVANTAGE,-0.03734875511784297,-0.12279737297508098,-0.5130169980639093,Deteriorating,-0.12279737297508098,-3.3572120954204787,A
00357,美兰空港,2026-06-30,-15.074309978768575,7.18,-0.8685841178678341,0.3333333333333333,0.8010412792859799,T2,0.8017108909501873,-0.07639207708905604,↓,↓,VP_DECLINE_SILENT,56.32052593234555,CBI_STABLE,COST_DISADVANTAGE,-0.07375122222860553,-0.10730734329261904,-0.24395099917119611,Deteriorating,-0.10730734329261904,-2.0994860694663755,A
00357,美兰空港,2026-07-31,35.74999999999999,5.09,-1.2424147844416977,0.08333333333333333,0.783679753656659,T2,0.7848138843831546,-0.028540975442892802,↓,↓,VP_LOCKED_CANDIDATE,63.930306809684744,CBI_STABLE,COST_ADVANTAGE,0.025810183397999342,0.19120844792870884,0.026336518625101224,Improving,0.19120844792870884,7.023575638506875,A
00371,北控水务,2010-01-31,0.0,6.67,,,,,,,,,VP_NEUTRAL,,,,-0.8281409924375973,-0.8380249599031495,,Stable,-0.8380249599031495,0.0,A
00371,北控水务,2010-02-28,24.13793103448276,1.58,,,,,,,,,VP_NEUTRAL,,,,-0.7917356121337304,-0.7903041953652348,,Stable,-0.7903041953652348,15.277171540811874,A
00371,北控水务,2010-03-31,44.444444444444464,4.04,,,0.9861676159479251,,0.9994946862169191,,→,→,VP_STABLE_ASCENT,,,COST_DISADVANTAGE,-0.7210338497361943,-0.7157273570353396,-0.7100983734555191,Improving,-0.7157273570353396,11.001100110011006,A
00371,北控水务,2010-04-30,28.846153846153854,3.2,,,0.8263395739186572,,0.8351009337579569,-0.5078248076362183,↓,↓,VP_LOCKED_CANDIDATE,,,COST_DISADVANTAGE,-0.6792189302878127,-0.6633171253193713,-0.6264729042599957,Improving,-0.6633171253193713,9.014423076923078,A
00371,北控水务,2010-05-31,-44.77611940298508,3.54,,,0.9301103520756699,,0.9379130708675019,1.2324254624617614,→,→,VP_NEUTRAL,,,COST_DISADVANTAGE,-0.780035212208159,-0.7903846206771497,-0.7937238426510423,Stable,-0.7903846206771497,-12.648621300278272,A
00371,北控水务,2010-06-30,-37.83783783783784,3.39,-0.25177170243737906,0.5,0.9072256913470116,T3,0.9203436033632144,-0.1539863983155888,→,→,VP_NEUTRAL,53.974901680561025,CBI_STABLE,COST_DISADVANTAGE,-0.8666393884430038,-0.8643578586301999,-0.8731098400620207,Stable,-0.8643578586301999,-11.161604081958064,A
00371,北控水务,2010-07-31,30.43478260869563,3.5300000000000002,-0.13629896358896113,0.5714285714285714,1.0985477178423237,T3,1.0958795989275043,0.10215487457174399,→,→,VP_STABLE_ASCENT,46.174445631520605,CBI_ACTIVE,COST_DISADVANTAGE,-0.813489125119298,-0.8086289364107884,-0.8344910957330706,Improving,-0.8086289364107884,8.621751447222557,A
00371,北控水务,2010-08-31,-6.666666666666654,4.04,0.2367979113965867,0.875,1.1149954001839926,T3,1.2066313577904952,0.2607450826670952,↑,↑,VP_SELLING_ACTIVE,36.97745688840024,CBI_ACTIVE,COST_DISADVANTAGE,-0.8357543433783633,-0.8323924625420789,-0.8455250226841993,Deteriorating,-0.8323924625420789,-1.6501650165016468,A
00371,北控水务,2010-09-30,28.57142857142856,3.12,-0.47651573752151305,0.2222222222222222,0.899135446685879,T3,1.0777130791186957,0.16227846286184744,→,↓,VP_NEUTRAL,65.27332580537258,CBI_STABLE,COST_DISADVANTAGE,-0.7895583202877313,-0.7876759928207867,-0.7816205903175282,Stable,-0.7876759928207867,9.157509157509153,A
00371,北控水务,2010-10-31,13.888888888888884,4.62,0.7471465995057763,0.9,1.2464028776978417,T4,1.4258606008238928,0.6721434842420895,↑,↑,VP_EXPANSION,34.87661459148147,CBI_ACTIVE,COST_DISADVANTAGE,-0.7722716881728229,-0.7704889194148417,-0.7512901167505182,Stable,-0.7704889194148417,3.0062530062530053,A
00371,北控水务,2010-11-30,-2.4390243902438935,5.75,1.610107299715838,0.9090909090909091,1.411042944785276,T5,1.5443888680318163,0.6529413750790285,↑↑,↑,VP_NEUTRAL,38.07559549606632,CBI_ACTIVE,COST_DISADVANTAGE,-0.776222829467073,-0.7802300635971962,-0.7573562114639202,Stable,-0.7802300635971962,-0.42417815482502497,A
00371,北控水务,2010-12-31,35.00000000000001,7.33,2.595124317954773,1.0,1.549137020077492,T5,1.6262202634972727,1.3615441038936105,↑↑,↑↑,VP_OVERHEAT,34.21766241734128,CBI_ACTIVE,COST_DISADVANTAGE,-0.7205142269250668,-0.7096854735395728,-0.7045741349701738,Deteriorating,-0.7096854735395728,4.774897680763985,A
00371,北控水务,2011-01-31,22.22222222222221,7.44,2.3903945105671984,1.0,1.3820433436532509,T5,1.4075972431120587,0.6158096478915687,↑,↑,VP_EXPANSION,25.588471769865023,CBI_TURBULENT,COST_DISADVANTAGE,-0.6756355064675169,-0.6869744862515733,-0.6389239427413236,Stable,-0.6869744862515733,2.986857825567501,A
00371,北控水务,2011-02-28,36.36363636363635,4.54,-0.003595280050720998,0.6666666666666666,0.8304878048780489,T3,0.8312506337422165,-0.2115539933480155,↓,↓,VP_LOCKED_CANDIDATE,32.73285826728541,CBI_ACTIVE,COST_DISADVANTAGE,-0.6628374644120913,-0.6410779668023106,-0.5076235582836232,Improving,-0.6410779668023106,8.009611533840607,A
00371,北控水务,2011-03-31,-7.777777777777784,4.89,0.19823320453763568,0.75,0.8487127567254844,T3,0.8477042412191678,-0.33364929189103676,↓,↓,VP_DECLINE_SILENT,39.866148020403955,CBI_ACTIVE,COST_DISADVANTAGE,-0.6734937588331567,-0.6861840635823244,-0.6499648286311572,Deteriorating,-0.6861840635823244,-1.590547602817543,A
00371,北控水务,2011-04-30,-32.5301204819277,5.97,0.8486642631220406,0.8333333333333334,0.9972160356347437,T4,0.9972168853834228,-0.1977175048822175,→,→,VP_NEUTRAL,20.719748569491706,CBI_TURBULENT,COST_DISADVANTAGE,-0.7798459129572581,-0.7765765839119564,-0.763831691606564,Stable,-0.7765765839119564,-5.448931404007991,A
00371,北控水务,2011-05-31,-10.71428571428572,2.7800000000000002,-1.5297877507232016,0.08333333333333333,0.5062215477996965,T1,0.5041300048638231,-0.39071957379124655,↓,↓,VP_DECLINE_SILENT,46.94600815389781,CBI_ACTIVE,COST_DISADVANTAGE,-0.782793053053302,-0.7882117820210564,-0.789135438934432,Deteriorating,-0.7882117820210564,-3.854059609455295,A
00371,北控水务,2011-06-30,-50.0,4.32,-0.39364997116121603,0.4166666666666667,0.8657314629258517,T3,0.8667958529313271,-0.11452900893482165,↓,↓,VP_DECLINE_SILENT,39.212084580329865,CBI_ACTIVE,COST_DISADVANTAGE,-0.8749456448579994,-0.8816335280042109,-0.8933930804862524,Deteriorating,-0.8816335280042109,-11.574074074074073,A
00371,北控水务,2011-07-31,-12.0,2.39,-1.7886342766175996,0.08333333333333333,0.5761349939734833,T1,0.5751833039714587,-0.6007075615779774,↓,↓,VP_DECLINE_SILENT,48.52162188562562,CBI_ACTIVE,COST_DISADVANTAGE,-0.8997406872703729,-0.901829137774312,-0.9061859108279021,Deteriorating,-0.901829137774312,-5.02092050209205,A
00371,北控水务,2011-08-31,-50.0,3.1,-1.0725259898858428,0.25,0.7931769722814499,T2,0.7926050649738301,0.11822138943129223,↓,↓,VP_DECLINE_SILENT,53.084441044687296,CBI_STABLE,COST_DISADVANTAGE,-0.9405086197277958,-0.9417499910489533,-0.9530929554139511,Deteriorating,-0.9417499910489533,-16.129032258064516,A
00371,北控水务,2011-09-30,-527.2727272727273,2.19,-1.6330102022879018,0.08333333333333333,0.6332530120481927,T1,0.6403183906843998,-0.4877099425875747,↓,↓,VP_DECLINE_SILENT,47.00228630826703,CBI_ACTIVE,COST_DISADVANTAGE,-1.3372362760826215,-1.292918652538313,-1.2453094522691872,Deteriorating,-1.292918652538313,-240.76380240763802,A
00371,北控水务,2011-10-31,-108.51063829787235,3.38,-0.6876916322291741,0.4166666666666667,1.1167400881057268,T2,1.1257884071527513,0.43222120011781184,↑,↑,VP_SELLING_ACTIVE,35.9096844601297,CBI_ACTIVE,COST_DISADVANTAGE,-0.9788091606394312,-0.9758259801747312,-0.9791225998068777,Deteriorating,-0.9758259801747312,-32.103739141382356,A
00371,北控水务,2011-11-30,550.0,2.09,-1.2944813178856256,0.08333333333333333,0.7178019461934745,T2,0.7237740254567122,-0.315860889951717,↓,↓,VP_LOCKED_CANDIDATE,36.01113728487015,CBI_ACTIVE,COST_DISADVANTAGE,-0.8711173067361886,-0.8699273241081567,-0.864296898744705,Improving,-0.8699273241081567,263.15789473684214,A
00371,北控水务,2011-12-31,-11.538461538461542,1.8900000000000001,-1.248034983347822,0.08333333333333333,0.7539893617021278,T2,0.7602318410706137,-0.13372427906075068,↓,↓,VP_DECLINE_SILENT,39.52260039928354,CBI_ACTIVE,COST_DISADVANTAGE,-0.8903976507225722,-0.8943909891034465,-0.8781270673928228,Deteriorating,-0.8943909891034465,-6.105006105006106,A
00371,北控水务,2012-01-31,4.347826086956519,1.52,-1.4827292287596172,0.08333333333333333,0.6436132674664784,T2,0.6431350332954462,-0.5513814533379788,↓,↓,VP_LOCKED_CANDIDATE,40.40061643748099,CBI_ACTIVE,COST_DISADVANTAGE,-0.8918620520575385,-0.891153968714997,-0.8728282442359889,Improving,-0.891153968714997,2.8604118993134993,A
00371,北控水务,2012-02-29,-20.833333333333325,2.99,-0.11156101728093225,0.5833333333333334,1.275960170697013,T3,1.270815402675072,0.4213830709998827,↑,↑,VP_SELLING_ACTIVE,35.12523432938911,CBI_ACTIVE,COST_DISADVANTAGE,-0.9067169696353411,-0.9093827098701006,-0.899322360020158,Deteriorating,-0.9093827098701006,-6.967670011148269,A
00371,北控水务,2012-03-31,-163.1578947368421,2.0700000000000003,-0.7417332703842885,0.25,0.8909612625538021,T2,0.8958317802461464,0.09681541902344426,↓,↓,VP_DECLINE_SILENT,48.426602397069864,CBI_ACTIVE,COST_DISADVANTAGE,-1.0656080912403403,-1.0616704100196768,-1.057862373772588,Deteriorating,-1.0616704100196768,-78.82023900330536,A
00371,北控水务,2012-04-30,0.0,1.29,-1.7285301290056279,0.08333333333333333,0.6531645569620252,T1,0.6513675892130258,-0.1508808010368855,↓,↓,VP_SHRINK,57.014603117862976,CBI_STABLE,COST_DISADVANTAGE,-1.0689694525432307,-1.0684515258864318,-1.057862373772588,Stable,-1.0684515258864318,0.0,A
00371,北控水务,2012-05-31,133.33333333333334,1.29,-1.3954803068271413,0.16666666666666666,0.7004524886877828,T2,0.6972518795260428,-0.5689037194386006,↓,↓,VP_LOCKED_CANDIDATE,74.29325230968954,CBI_LOCKED_CANDIDATE,COST_DISADVANTAGE,-1.1768134667026888,-1.1708918178208816,-1.1350122054693723,Improving,-1.1708918178208816,103.35917312661499,A
00371,北控水务,2012-06-30,46.428571428571395,1.84,-0.5283739863043047,0.3333333333333333,1.0036363636363637,T2,1.000511948525723,-0.12106150199859589,→,→,VP_STABLE_ASCENT,53.75311251612676,CBI_STABLE,COST_DISADVANTAGE,-1.281612476064096,-1.272257116891155,-1.253578095366327,Improving,-1.272257116891155,25.232919254658366,A
00371,北控水务,2012-07-31,0.0,3.56,2.0562191699247596,1.0,1.638036809815951,T5,1.6377562431107502,1.7596370504243186,↑↑,↑↑,VP_NEUTRAL,34.50108009266773,CBI_ACTIVE,COST_DISADVANTAGE,-1.2760556807306276,-1.2779750100807594,-1.253578095366327,Stable,-1.2779750100807594,0.0,A
00371,北控水务,2012-08-31,-24.390243902439025,3.0700000000000003,1.1660885145606497,0.8333333333333334,1.4039634146341462,T4,1.3981525320640467,1.3755153125570332,↑,↑,VP_SELLING_ACTIVE,39.323589574955506,CBI_ACTIVE,COST_DISADVANTAGE,-1.1983841855450301,-1.1967735751353437,-1.1917297794233204,Deteriorating,-1.1967735751353437,-7.944704854214665,A
00371,北控水务,2012-09-30,-103.2258064516129,3.17,1.1308227073192154,0.8333333333333334,1.3375527426160336,T4,1.3369272550427178,0.7233198080692476,↑,↑,VP_SELLING_ACTIVE,41.2171359049125,CBI_ACTIVE,COST_DISADVANTAGE,-0.9944555101696602,-0.994183602223424,-0.9936922570256286,Deteriorating,-0.994183602223424,-32.56334588378956,A
00371,北控水务,2012-10-31,-1200.0,1.93,-0.4193733803985856,0.5,0.7792732166890982,T3,0.7857625440213323,-0.45401137254965285,↓,↓,VP_DECLINE_SILENT,49.27855062017267,CBI_ACTIVE,COST_DISADVANTAGE,-1.0620608242996232,-1.0612701978942456,-1.069385172718086,Deteriorating,-1.0612701978942456,-621.7616580310881,A
00371,北控水务,2012-11-30,-81.81818181818181,2.16,-0.10101218849234347,0.6666666666666666,0.8239033693579149,T3,0.8190619267141405,-0.2987279348757701,↓,↓,VP_DECLINE_SILENT,43.32937793511382,CBI_ACTIVE,COST_DISADVANTAGE,-1.0109600594901764,-1.0111244412861697,-1.0126154859487428,Deteriorating,-1.0111244412861697,-37.878787878787875,A
00371,北控水务,2012-12-31,-900.0,3.03,1.0006154460669239,0.75,1.0744680851063828,T4,1.0767459688211776,-0.040897036671227016,→,→,VP_NEUTRAL,44.63885569206628,CBI_ACTIVE,COST_DISADVANTAGE,-0.9194772744430941,-0.9174392213997475,-0.9138320443421576,Stable,-0.9174392213997475,-297.029702970297,A
00371,北控水务,2013-01-31,-37.5,3.85,1.916358726146131,1.0,1.3422428820453223,T5,1.336760744608689,0.9668330942147203,↑,↑,VP_SELLING_ACTIVE,34.820368690213144,CBI_ACTIVE,COST_DISADVANTAGE,-0.949679795826589,-0.9498874614625731,-0.9461450277138485,Deteriorating,-0.9498874614625731,-9.74025974025974,A
00371,北控水务,2013-02-28,460.00000000000006,4.5,2.373052836366533,1.0,1.448497854077253,T5,1.5451325634002269,1.2825782541893367,↑↑,↑,VP_NEUTRAL,30.951800799604182,CBI_ACTIVE,COST_DISADVANTAGE,-0.7452725901579383,-0.7423074693325199,-0.6984121551975515,Stable,-0.7423074693325199,102.22222222222223,A
00371,北控水务,2013-03-31,-16.07142857142858,5.28,2.538669587643869,1.0,1.5267469879518072,T5,1.6046869274307352,0.9064454104045541,↑↑,↑↑,VP_PANIC,39.782257407452526,CBI_ACTIVE,COST_DISADVANTAGE,-0.7969058927347094,-0.8057751425435131,-0.7887342715820409,Deteriorating,-0.8057751425435131,-3.0438311688311703,A
00371,北控水务,2013-04-30,8.510638297872353,3.21,0.12863348869001848,0.6666666666666666,0.8742623694961416,T3,0.9098569132852801,-0.08027815134042227,→,↓,VP_NEUTRAL,46.204962075602005,CBI_ACTIVE,COST_DISADVANTAGE,-0.781139787386855,-0.7780627952862397,-0.7707542095890231,Stable,-0.7780627952862397,2.651289189368334,A
00371,北控水务,2013-05-31,119.60784313725492,10.37,7.087125243189755,1.0,2.0575396825396823,T5,2.110687388537601,1.3346179880274018,↑↑,↑↑,VP_OVERHEAT,26.2055065257564,CBI_TURBULENT,COST_DISADVANTAGE,-0.6131580125857394,-0.5830523365484028,-0.49655826419550153,Deteriorating,-0.5830523365484028,11.534025374855828,A
00371,北控水务,2013-06-30,-14.285714285714302,5.93,0.8700303790731994,0.9166666666666666,1.0736270368135183,T4,1.0976623696535248,0.13998428917930372,→,→,VP_NEUTRAL,29.4743930140086,CBI_TURBULENT,COST_DISADVANTAGE,-0.6368346468974431,-0.651547659444491,-0.6368932621468704,Stable,-0.651547659444491,-2.409058058299208,A
00371,北控水务,2013-07-31,37.50000000000002,7.96,1.647983598730738,0.9166666666666666,1.2821476510067116,T5,1.2920988828587474,1.513297305135389,↑,↑,VP_EXPANSION,22.16625372111171,CBI_TURBULENT,COST_DISADVANTAGE,-0.5741853867644684,-0.5632763017079947,-0.5007282354519467,Stable,-0.5632763017079947,4.711055276381912,A
00371,北控水务,2013-08-31,13.636363636363624,5.12,0.18179711890226286,0.6666666666666666,0.8111961975178241,T3,0.8153984349476883,-0.5022434902825572,↓,↓,VP_LOCKED_CANDIDATE,40.436630179744625,CBI_ACTIVE,COST_DISADVANTAGE,-0.5445745594067248,-0.5398326718074755,-0.43264572210448493,Improving,-0.5398326718074755,2.6633522727272703,A
00371,北控水务,2013-09-30,-4.666666666666675,5.57,0.29781937556137833,0.75,0.8757861635220127,T3,0.8804090646682523,-0.059310882590834724,↓,↓,VP_DECLINE_SILENT,22.554881439787547,CBI_TURBULENT,COST_DISADVANTAGE,-0.5499349499342217,-0.5503825698995166,-0.5438357383927268,Deteriorating,-0.5503825698995166,-0.8378216636744479,A
00371,北控水务,2013-10-31,15.384615384615374,10.81,2.5121596920228693,1.0,1.417395104895105,T5,1.4686555837212443,0.42050384898662463,↑,↑,VP_EXPANSION,15.672038348861612,CBI_TURBULENT,COST_DISADVANTAGE,-0.5322688931543591,-0.5070242460245222,-0.47365662122237706,Stable,-0.5070242460245222,1.423183661851561,A
00371,北控水务,2013-11-30,55.15151515151517,10.52,1.7920802839405408,0.9166666666666666,1.3748638640818993,T5,1.465644668369679,1.2667230840314327,↑,↑,VP_EXPANSION,15.810610986950183,CBI_TURBULENT,COST_DISADVANTAGE,-0.38743576820976444,-0.35134276068134784,-0.1833702729268396,Stable,-0.35134276068134784,5.242539463071784,A
00371,北控水务,2013-12-31,19.921875,5.72,-0.3481427789482713,0.5833333333333334,0.7509846827133478,T3,0.7918326680256541,0.1320749031650741,↓,↓,VP_LOCKED_CANDIDATE,26.997908066423243,CBI_TURBULENT,COST_DISADVANTAGE,-0.341112288351322,-0.32545912342089944,-0.2016529876002402,Improving,-0.32545912342089944,3.48284527972028,A
00371,北控水务,2014-01-31,-15.309446254071657,5.94,-0.34590679964673027,0.6666666666666666,0.8159340659340659,T3,0.8425889952418408,-0.4229321685102131,↓,↓,VP_DECLINE_SILENT,47.888966015185346,CBI_ACTIVE,COST_DISADVANTAGE,-0.4064332363602401,-0.4325179541889739,-0.3238754943845682,Deteriorating,-0.4325179541889739,-2.5773478542208177,A
00371,北控水务,2014-02-28,44.61538461538461,6.57,-0.15443401337026624,0.6666666666666666,0.8734766230888543,T3,0.8997214040059951,-0.371611144823663,↓,↓,VP_LOCKED_CANDIDATE,24.850338557530243,CBI_TURBULENT,COST_DISADVANTAGE,-0.26589990024300847,-0.19465005181854522,-0.022219945725375667,Improving,-0.19465005181854522,6.790773914061584,A
00371,北控水务,2014-03-31,-3.4574468085106336,9.43,0.9866838253770911,0.75,1.1549295774647885,T4,1.1924417973798223,0.68930894052023,↑,↑,VP_SELLING_ACTIVE,27.449558116784416,CBI_TURBULENT,COST_DISADVANTAGE,-0.27767383987779215,-0.3146782656246264,-0.26209419920603005,Deteriorating,-0.3146782656246264,-0.36664335190992936,A
00371,北控水务,2014-04-30,-14.049586776859503,4.55,-1.4395786882275146,0.08333333333333333,0.6388953896559795,T2,0.6487961499396878,-0.21169603519143343,↓,↓,VP_DECLINE_SILENT,49.37248784056897,CBI_ACTIVE,COST_DISADVANTAGE,-0.4163762623810222,-0.4025180145532168,-0.36576691502005876,Deteriorating,-0.4025180145532168,-3.087821269639451,A
00371,北控水务,2014-05-31,2.2435897435897356,5.5200000000000005,-0.7472435978234914,0.25,0.877816061489531,T2,0.8882029723968822,-0.14324037740369677,↓,↓,VP_LOCKED_CANDIDATE,45.82642419267815,CBI_ACTIVE,COST_DISADVANTAGE,-0.35031316890895103,-0.32141681103290143,-0.35153732657499603,Improving,-0.32141681103290143,0.40644741731698103,A
00371,北控水务,2014-06-30,6.896551724137945,3.66,-1.5904249751063704,0.08333333333333333,0.6156433978132885,T1,0.6196894440933938,-0.61290832286395,↓,↓,VP_LOCKED_CANDIDATE,38.392810269699034,CBI_ACTIVE,COST_DISADVANTAGE,-0.33577626487088474,-0.3234493768434429,-0.31303935462441845,Improving,-0.3234493768434429,1.8843037497644657,A
00371,北控水务,2014-07-31,-3.5190615835777206,3.31,-1.4460861034996992,0.08333333333333333,0.601089588377724,T2,0.5993493449496975,-0.2772695039004073,↓,↓,VP_DECLINE_SILENT,39.79890261947281,CBI_ACTIVE,COST_DISADVANTAGE,-0.3627588365792951,-0.3703534196851682,-0.3372139227901281,Deteriorating,-0.3703534196851682,-1.0631605992681936,A
00371,北控水务,2014-08-31,6.686930091185395,3.16,-1.3458475567425243,0.08333333333333333,0.6398920013499831,T2,0.6386968345978653,-0.4295284867628204,↓,↓,VP_LOCKED_CANDIDATE,40.87819453507336,CBI_ACTIVE,COST_DISADVANTAGE,-0.33935074156676737,-0.32324974301370024,-0.29289388115299386,Improving,-0.32324974301370024,2.1161171174637325,A
00371,北控水务,2014-09-30,0.0,3.41,-1.0820688213737686,0.25,0.866581956797967,T2,0.8716583635808443,-0.062164980314103335,↓,↓,VP_SHRINK,38.14821258258276,CBI_ACTIVE,COST_DISADVANTAGE,-0.3436955596246145,-0.3513388484539387,-0.3349044697445396,Stable,-0.3513388484539387,0.0,A
00371,北控水务,2014-10-31,8.547008547008561,2.56,-1.3003067435315465,0.08333333333333333,0.7104532839962997,T2,0.7076084400768,-0.22525951499422991,↓,↓,VP_LOCKED_CANDIDATE,44.823718167663145,CBI_ACTIVE,COST_DISADVANTAGE,-0.3069743810055472,-0.28315113029496874,-0.27805869792783344,Improving,-0.28315113029496874,3.338675213675219,A
00371,北控水务,2014-11-30,-5.774278215223106,3.09,-0.9416158434030055,0.16666666666666666,0.966128191766545,T2,0.9690859866951,-0.017993042136314363,→,→,VP_NEUTRAL,56.59340863708714,CBI_STABLE,COST_DISADVANTAGE,-0.3404184285848052,-0.3394798617546575,-0.31974559726008467,Stable,-0.3394798617546575,-1.8686984515285132,A
00371,北控水务,2014-12-31,-1.1142061281337101,6.07,0.7218029170871657,0.8333333333333334,1.6861111111111111,T4,1.6955816209919177,0.7822211413942037,↑↑,↑↑,VP_NEUTRAL,27.254634570509445,CBI_TURBULENT,COST_DISADVANTAGE,-0.3234031057430684,-0.2979283066531526,-0.3189073530594446,Stable,-0.2979283066531526,-0.18355949392647614,A
00371,北控水务,2015-01-31,-4.507042253521121,3.31,-0.6888293870148429,0.4166666666666667,0.9194444444444444,T2,0.9215436067913617,0.3061601776729477,→,→,VP_NEUTRAL,41.58870166513595,CBI_ACTIVE,COST_DISADVANTAGE,-0.3429710968697657,-0.3477959048778403,-0.34960448644268083,Stable,-0.3477959048778403,-1.3616441853538128,A
00371,北控水务,2015-02-28,-9.144542772861353,8.78,2.315519721131169,0.9166666666666666,1.935341660543718,T5,1.9342766150706419,1.8443417674083662,↑↑,↑↑,VP_PANIC,20.337198277412377,CBI_TURBULENT,COST_DISADVANTAGE,-0.3499286135109536,-0.32113703988249853,-0.40908018237270116,Deteriorating,-0.32113703988249853,-1.041519678002432,A
00371,北控水务,2015-03-31,14.935064935064934,5.8100000000000005,0.8563871047293666,0.8333333333333334,1.1769074949358542,T4,1.1746941594618592,-0.04835277465835708,↑,↑,VP_EXPANSION,30.798426168263976,CBI_ACTIVE,COST_DISADVANTAGE,-0.2816084703777707,-0.28742288173198927,-0.26236019222198803,Stable,-0.28742288173198927,2.5705791626617787,A
00371,北控水务,2015-04-30,40.39548022598869,11.72,4.046179818897402,1.0,1.8133058277462608,T5,1.812771901437018,2.533413477816936,↑↑,↑↑,VP_OVERHEAT,30.804812594831727,CBI_ACTIVE,COST_NEUTRAL,-0.28725819213042936,-0.23867508701088902,0.03561295046799984,Deteriorating,-0.23867508701088902,3.4467133298625163,A
00371,北控水务,2015-05-31,-2.2132796780684028,3.96,-0.37180427911318564,0.6666666666666666,0.5992433795712483,T3,0.6000734783030275,-0.548036568306749,↓,↓,VP_DECLINE_SILENT,27.191957663236558,CBI_TURBULENT,COST_NEUTRAL,-0.27218022887064186,-0.2605506616700992,0.012691939491846993,Deteriorating,-0.2605506616700992,-0.558909009613233,A
00371,北控水务,2015-06-30,-3.9094650205761416,3.7,-0.47762654399964777,0.5833333333333334,0.5954935622317596,T3,0.5952609378061625,-0.3620299821436729,↓,↓,VP_DECLINE_SILENT,32.15685051044421,CBI_ACTIVE,COST_DISADVANTAGE,-0.29149171781104977,-0.27337205981990564,-0.28350902986098414,Deteriorating,-0.27337205981990564,-1.0566121677232814,A
00371,北控水务,2015-07-31,-12.205567451820132,5.4,0.12724498273606707,0.6666666666666666,0.8229616459232918,T3,0.8246623366023884,-0.5382476305621764,↓,↓,VP_DECLINE_SILENT,28.852849315069864,CBI_TURBULENT,COST_DISADVANTAGE,-0.283641622680445,-0.2811305007174515,-0.3709608185075022,Deteriorating,-0.2811305007174515,-2.26029026885558,A
00371,北控水务,2015-08-31,-5.85365853658536,4.74,-0.19301774516350115,0.5833333333333334,0.8049816020379282,T3,0.8093641746064563,0.20235448906518338,↓,↓,VP_DECLINE_SILENT,24.83418328205166,CBI_TURBULENT,COST_DISADVANTAGE,-0.27311209078342347,-0.28678764408708224,-0.4077826242534045,Deteriorating,-0.28678764408708224,-1.2349490583513418,A
00371,北控水务,2015-09-30,-2.849740932642486,2.83,-0.9742309911507929,0.16666666666666666,0.5248840803709428,T2,0.5283950157162961,-0.22794086964299676,↓,↓,VP_DECLINE_SILENT,39.64957892551085,CBI_ACTIVE,COST_DISADVANTAGE,-0.3225712894711169,-0.30820740125881596,-0.3224819467134109,Deteriorating,-0.30820740125881596,-1.0069755945733165,A
00371,北控水务,2015-10-31,21.066666666666677,5.26,-0.05444085233813098,0.5833333333333334,1.2190034762456545,T3,1.218232012650334,-0.025322293719963973,↑,↑,VP_EXPANSION,17.00887852036196,CBI_TURBULENT,COST_DISADVANTAGE,-0.28330569003154726,-0.2535800765215276,-0.1797514768210361,Improving,-0.2535800765215276,4.005069708491764,A
00371,北控水务,2015-11-30,-2.8634361233480177,3.11,-1.0011618540556089,0.16666666666666666,0.7452076677316293,T2,0.743090248849876,-0.34781046416910877,↓,↓,VP_DECLINE_SILENT,47.63175014102314,CBI_ACTIVE,COST_DISADVANTAGE,-0.2875760235017325,-0.2831324273693029,-0.2032387693349711,Deteriorating,-0.2831324273693029,-0.9207190107228354,A
00371,北控水务,2015-12-31,-14.28571428571429,6.75,0.5511349281737411,0.8333333333333334,1.4417942328230684,T4,1.4429984015926838,1.3758015118557712,↑,↑,VP_SELLING_ACTIVE,21.394672915045295,CBI_TURBULENT,COST_DISADVANTAGE,-0.291183527450694,-0.31890255600895656,-0.35478014200296737,Deteriorating,-0.31890255600895656,-2.116402116402117,A
00371,北控水务,2016-01-31,-42.32804232804233,9.6,1.569274869570924,0.9166666666666666,1.7838340043357075,T5,1.7815141940586063,0.825142696335011,↑↑,↑↑,VP_PANIC,15.779736190229201,CBI_TURBULENT,COST_DISADVANTAGE,-0.4645006511492411,-0.5056167464868095,-0.6278890766048859,Deteriorating,-0.5056167464868095,-4.409171075837743,A
00371,北控水务,2016-02-29,11.46788990825689,5.93,0.08141591091761327,0.75,1.0627240143369177,T3,1.0607597662225288,0.9087159129866031,→,→,VP_STABLE_ASCENT,14.701700151383616,CBI_TURBULENT,COST_DISADVANTAGE,-0.4242218794911884,-0.39752170719341273,-0.5852158055733361,Improving,-0.39752170719341273,1.9338768816622074,A
00371,北控水务,2016-03-31,32.09876543209875,5.25,-0.18184392211516825,0.5,0.8774373259052924,T3,0.8774008799795392,-0.22398942877965544,↓,↓,VP_LOCKED_CANDIDATE,25.657768132998818,CBI_TURBULENT,COST_DISADVANTAGE,-0.29497904834683575,-0.3007759152914312,-0.26174539390265095,Improving,-0.3007759152914312,6.114050558495,A
00371,北控水务,2016-04-30,-6.542056074766355,5.26,0.0665721200281006,0.6666666666666666,0.879108635097493,T3,0.8762698973474851,-0.45416969746741287,↓,↓,VP_DECLINE_SILENT,17.121585140559255,CBI_TURBULENT,COST_DISADVANTAGE,-0.3797101280637185,-0.39673464010221837,-0.31004242420808503,Deteriorating,-0.39673464010221837,-1.2437368963434137,A
00371,北控水务,2016-05-31,13.00000000000001,3.87,-0.7804510734433102,0.3333333333333333,0.6333878887070377,T2,0.6327180743522858,-0.347546665937825,↓,↓,VP_LOCKED_CANDIDATE,32.09883069609021,CBI_ACTIVE,COST_DISADVANTAGE,-0.2777023220976679,-0.28978526939559957,-0.22034793935513608,Improving,-0.28978526939559957,3.35917312661499,A
00371,北控水务,2016-06-30,-9.734513274336287,4.68,-0.3358966204837575,0.3333333333333333,0.8117953165654812,T3,0.8102871226013902,-0.1114527108822796,↓,↓,VP_DECLINE_SILENT,34.92835830749011,CBI_ACTIVE,COST_DISADVANTAGE,-0.3113339617221874,-0.31532093868234157,-0.3552793000809361,Deteriorating,-0.31532093868234157,-2.08002420391801,A
00371,北控水务,2016-07-31,1.6339869281045694,3.0,-1.2456285225043817,0.16666666666666666,0.6430868167202572,T2,0.6442822167203335,-0.42743284699239836,↓,↓,VP_LOCKED_CANDIDATE,39.56133836841793,CBI_ACTIVE,COST_DISADVANTAGE,-0.33789390870533875,-0.31326144074901874,-0.3447446481214743,Improving,-0.31326144074901874,0.5446623093681898,A
00371,北控水务,2016-08-31,22.508038585209,5.04,-0.0048330738324275,0.5,1.1158671586715867,T3,1.1187037545133776,0.306001436231103,↑,↑,VP_EXPANSION,32.070156635445265,CBI_ACTIVE,COST_DISADVANTAGE,-0.25577643602204836,-0.24393502619739305,-0.19725952068900865,Improving,-0.24393502619739305,4.465880671668453,A
00371,北控水务,2016-09-30,-2.887139107611547,6.1,0.4867042321364796,0.8333333333333334,1.3094812164579606,T3,1.3047357549752412,0.29958003339165407,↑,↑,VP_SELLING_ACTIVE,17.188496697835706,CBI_TURBULENT,COST_DISADVANTAGE,-0.3008595413331655,-0.3231006136789253,-0.2765062592882569,Deteriorating,-0.3231006136789253,-0.47330149305107333,A
00371,北控水务,2016-10-31,10.540540540540523,4.7,-0.35518417931537655,0.4166666666666667,1.0295728368017527,T3,1.0327163791868283,0.5686327912325864,→,→,VP_STABLE_ASCENT,26.10018892734341,CBI_TURBULENT,COST_DISADVANTAGE,-0.3099535985887206,-0.28162692122817845,-0.20024610824026245,Improving,-0.28162692122817845,2.2426682001150047,A
00371,北控水务,2016-11-30,-0.4889975550122161,5.2,-0.1655427826854558,0.5,1.0863509749303624,T3,1.091545940125257,0.034708460490188164,→,→,VP_NEUTRAL,26.57418464036961,CBI_TURBULENT,COST_DISADVANTAGE,-0.28482943262756766,-0.28820123245160534,-0.20415688521708264,Stable,-0.28820123245160534,-0.09403799134850309,A
00371,北控水务,2016-12-31,-11.056511056511065,4.22,-0.6997646007216659,0.25,0.8959660297239914,T2,0.8970049664418155,-0.30302374176024927,↓,↓,VP_DECLINE_SILENT,30.508236949696922,CBI_ACTIVE,COST_DISADVANTAGE,-0.29373455584925023,-0.30629992593862865,-0.3489961461864495,Deteriorating,-0.30629992593862865,-2.6200263167087834,A
00371,北控水务,2017-01-31,6.906077348066297,3.9,-1.1001627526295843,0.25,0.802469135802469,T2,0.800233979232185,-0.1739557574878282,↓,↓,VP_LOCKED_CANDIDATE,30.63666456040531,CBI_ACTIVE,COST_DISADVANTAGE,-0.2858967541092543,-0.2580624573701754,-0.3040373165031932,Improving,-0.2580624573701754,1.770789063606743,A
00371,北控水务,2017-02-28,3.6175710594315236,3.4400000000000004,-1.4859788726596186,0.16666666666666666,0.7489114658925982,T2,0.754601527541997,-0.33592825104582347,↓,↓,VP_LOCKED_CANDIDATE,43.2289672288095,CBI_ACTIVE,COST_DISADVANTAGE,-0.2865424565084653,-0.2824183129721528,-0.2788603718805698,Improving,-0.2824183129721528,1.0516194940207917,A
00371,北控水务,2017-03-31,5.2369077306733125,4.9,0.47276937004597613,0.6666666666666666,1.1153262518968134,T3,1.1138769652008202,0.16046628093338855,↑,↑,VP_EXPANSION,50.17030685422867,CBI_STABLE,COST_DISADVANTAGE,-0.26461348254061834,-0.2613806532611659,-0.23554155298820545,Improving,-0.2613806532611659,1.0687566797292474,A
00371,北控水务,2017-04-30,4.739336492891,6.62,2.5720318737057104,1.0,1.4045261669024045,T5,1.4023589686661855,0.702904099408739,↑,↑,VP_EXPANSION,24.33255660793796,CBI_TURBULENT,COST_DISADVANTAGE,-0.26227150198548843,-0.28250015997184486,-0.19931129483598764,Stable,-0.28250015997184486,0.7159118569321752,A
00371,北控水务,2017-05-31,6.334841628959276,4.12,-0.5786766185122479,0.3333333333333333,0.9088235294117648,T2,0.9104730649358175,0.1919709085953636,→,→,VP_STABLE_ASCENT,48.97037144335497,CBI_ACTIVE,COST_DISADVANTAGE,-0.2290068495388703,-0.21865801615935965,-0.1485889334228827,Improving,-0.21865801615935965,1.5375829196503097,A
00371,北控水务,2017-06-30,-2.553191489361706,5.220000000000001,0.5443533311982092,0.8333333333333334,1.1106382978723406,T4,1.1142031458708883,0.07029188923916374,↑,↑,VP_SELLING_ACTIVE,29.564909844773673,CBI_TURBULENT,COST_DISADVANTAGE,-0.2525373307189466,-0.24556262307331556,-0.24837538027038542,Deteriorating,-0.24556262307331556,-0.48911714355588226,A
00371,北控水务,2017-07-31,9.38864628820959,5.33,0.5244281651460065,0.8333333333333334,1.0793115086061424,T4,1.086025138519967,-0.18639586588712587,→,→,VP_STABLE_ASCENT,30.34436999084873,CBI_ACTIVE,COST_DISADVANTAGE,-0.2369619479840026,-0.20770297607999,-0.17780800330887137,Stable,-0.20770297607999,1.7614720991012363,A
00371,北控水务,2017-08-31,3.1936127744510934,4.1,-0.868583349220109,0.25,0.8121492241663916,T2,0.8147412816108976,-0.0005080412353374308,↓,↓,VP_LOCKED_CANDIDATE,57.04518238370748,CBI_STABLE,COST_DISADVANTAGE,-0.2008206456555115,-0.20318393078458263,-0.15155037467202892,Improving,-0.20318393078458263,0.7789299449880717,A
00371,北控水务,2017-09-30,-5.415860735009681,3.75,-1.1337175907502515,0.16666666666666666,0.7721345229924502,T2,0.7725587370329151,-0.28134432813460153,↓,↓,VP_DECLINE_SILENT,59.67899385191142,CBI_STABLE,COST_DISADVANTAGE,-0.216396424192973,-0.23230088673414773,-0.23447800538407693,Deteriorating,-0.23230088673414773,-1.4442295293359149,A
00371,北控水务,2017-10-31,5.316973415132931,3.55,-1.2061811588950204,0.16666666666666666,0.8170310701956272,T2,0.820095475836763,-0.333667482261235,↓,↓,VP_LOCKED_CANDIDATE,61.23358566203847,CBI_STABLE,COST_DISADVANTAGE,-0.22593809180960434,-0.20859971266944588,-0.19377540444335295,Improving,-0.20859971266944588,1.4977389901782905,A
00371,北控水务,2017-11-30,-8.73786407766991,4.17,-0.3263696132932662,0.5833333333333334,0.9578866768759571,T3,0.9600670627149818,0.020280630327993654,→,→,VP_NEUTRAL,64.84534174225142,CBI_STABLE,COST_DISADVANTAGE,-0.24423311196195652,-0.25691105263812697,-0.2642222137638367,Stable,-0.25691105263812697,-2.0954110498009375,A
00371,北控水务,2017-12-31,-1.0638297872340385,3.0,-1.5996390990369687,0.08333333333333333,0.7531380753138076,T1,0.7529232435572738,-0.19746559375470496,↓,↓,VP_SHRINK,64.10599192650186,CBI_STABLE,COST_DISADVANTAGE,-0.235045751864835,-0.2288931699918313,-0.2622660556524389,Stable,-0.2288931699918313,-0.35460992907801286,A
00371,北控水务,2018-01-31,-9.03225806451613,7.84,3.464492368963992,1.0,1.7811435062476335,T5,1.7868861529208777,1.2136625569934174,↑↑,↑↑,VP_PANIC,28.60508033911131,CBI_TURBULENT,COST_DISADVANTAGE,-0.29779966030733085,-0.2930273440204739,-0.32890008933544435,Deteriorating,-0.2930273440204739,-1.1520737327188941,A
00371,北控水务,2018-02-28,-12.529550827423176,7.6,2.075952642593354,0.9166666666666666,1.5245737211634902,T5,1.573654673181749,0.9018651901657135,↑↑,↑↑,VP_PANIC,40.569506449684965,CBI_ACTIVE,COST_DISADVANTAGE,-0.2820008718972974,-0.28802756985298184,-0.4129858937449514,Deteriorating,-0.28802756985298184,-1.6486251088714705,A
00371,北控水务,2018-03-31,-19.45945945945946,6.08,0.6653506828181458,0.75,1.1315136476426801,T4,1.1639236669629016,1.1304206762009907,↑,↑,VP_SELLING_ACTIVE,46.349105516749354,CBI_ACTIVE,COST_DISADVANTAGE,-0.3566393974146663,-0.39688594290169876,-0.4483575451534323,Deteriorating,-0.39688594290169876,-3.200568990042674,A
00371,北控水务,2018-04-30,7.38255033557047,6.87,1.2285766723859157,0.8333333333333334,1.1591676040494938,T4,1.1955011775656774,-0.07138651336734814,↑,↑,VP_EXPANSION,35.50171934954414,CBI_ACTIVE,COST_DISADVANTAGE,-0.27776599980104677,-0.26110516479274026,-0.40763226325200774,Stable,-0.26110516479274026,1.0746070357453377,A
00371,北控水务,2018-05-31,4.062499999999991,6.39,0.725140961220347,0.75,1.0148226574907357,T4,1.0423873095835556,-0.13928792202917573,→,→,VP_STABLE_ASCENT,46.96597866890281,CBI_ACTIVE,COST_DISADVANTAGE,-0.32297105652203373,-0.2935917840403177,-0.38356732394662063,Stable,-0.2935917840403177,0.6357589984350535,A
00371,北控水务,2018-06-30,-11.111111111111116,4.04,-0.7910019896597486,0.3333333333333333,0.6244204018547141,T2,0.6368298323212294,-0.32441883162768526,↓,↓,VP_DECLINE_SILENT,61.90253510040039,CBI_STABLE,COST_DISADVANTAGE,-0.3142951010840691,-0.34817710856021933,-0.3454001416199941,Deteriorating,-0.34817710856021933,-2.7502750275027514,A
00371,北控水务,2018-07-31,0.0,4.71,-0.30223625643354846,0.5833333333333334,0.791818436536845,T3,0.7991854000422105,-0.31065403411203374,↓,↓,VP_SHRINK,44.09113850262026,CBI_ACTIVE,COST_DISADVANTAGE,-0.32427026618494326,-0.3137159854293533,-0.3454001416199941,Stable,-0.3137159854293533,0.0,A
00371,北控水务,2018-08-31,0.0,4.7299999999999995,-0.3288437241893946,0.5833333333333334,0.8647166361974405,T3,0.8675411964071584,-0.2609174236429459,↓,↓,VP_SHRINK,28.7835705662527,CBI_TURBULENT,COST_DISADVANTAGE,-0.2852955043006167,-0.2610987411927532,-0.3454001416199941,Stable,-0.2610987411927532,0.0,A
00371,北控水务,2018-09-30,-0.6756756756756799,3.56,-1.1323669739069517,0.25,0.704950495049505,T2,0.7106164063997868,-0.11121379282266264,↓,↓,VP_SHRINK,41.24422495199293,CBI_ACTIVE,COST_DISADVANTAGE,-0.29637099071985396,-0.2788993167172925,-0.28928352268847357,Stable,-0.2788993167172925,-0.18979653811114602,A
00371,北控水务,2018-10-31,-6.1224489795918435,3.15,-1.3915093171967174,0.16666666666666666,0.711060948081264,T2,0.7105039886334672,-0.3314781744677149,↓,↓,VP_DECLINE_SILENT,44.61764894343643,CBI_ACTIVE,COST_DISADVANTAGE,-0.30636050655651426,-0.30191115063924,-0.33279677640142424,Deteriorating,-0.30191115063924,-1.9436345966958235,A
00371,北控水务,2018-11-30,19.565217391304344,3.71,-0.9263749423900369,0.3333333333333333,0.9313807531380754,T2,0.9309330056098186,-0.2143946683115533,→,→,VP_STABLE_ASCENT,39.4728907493067,CBI_ACTIVE,COST_DISADVANTAGE,-0.26323122281872824,-0.23516081861503313,-0.20225701526257245,Improving,-0.23516081861503313,5.273643501699284,A
00371,北控水务,2018-12-31,-16.36363636363637,4.79,-0.33872885014330295,0.5833333333333334,1.1659229208924948,T3,1.1628884455345985,0.33271331172780405,↑,↑,VP_SELLING_ACTIVE,29.72566472898764,CBI_TURBULENT,COST_DISADVANTAGE,-0.30124661462880187,-0.35901326005459744,-0.344940451374506,Deteriorating,-0.35901326005459744,-3.4162080091098894,A
00371,北控水务,2019-01-31,19.565217391304344,4.07,-0.7045053712974944,0.4166666666666667,1.017076218242399,T2,1.0157889625202627,0.2909310908072751,→,→,VP_STABLE_ASCENT,56.32152070228587,CBI_STABLE,COST_DISADVANTAGE,-0.25965588171730025,-0.23031587967069622,-0.21677662664343111,Improving,-0.23031587967069622,4.807178720222197,A
00371,北控水务,2019-02-28,5.151515151515174,3.09,-1.4108657976507228,0.08333333333333333,0.8287885561019221,T2,0.830200360131454,-0.16511754264569245,↓,↓,VP_LOCKED_CANDIDATE,65.77163840155711,CBI_STABLE,COST_DISADVANTAGE,-0.25754630024980707,-0.2600869616499104,-0.17642875589475926,Improving,-0.2600869616499104,1.6671570069628394,A
00371,北控水务,2019-03-31,4.322766570605174,3.77,-0.5933691092130174,0.4166666666666667,1.0017714791851196,T2,1.0219968017130545,-0.19231292855043458,→,→,VP_STABLE_ASCENT,62.261821626115655,CBI_STABLE,COST_DISADVANTAGE,-0.22269591598414962,-0.2466791377504448,-0.2099314399987231,Improving,-0.2466791377504448,1.1466224325212664,A
00371,北控水务,2019-04-30,0.5524861878453136,2.06,-2.3607570867497825,0.08333333333333333,0.5751512331316891,T1,0.6042436341382327,-0.4625016906709408,↓,↓,VP_SHRINK,65.31657013925101,CBI_STABLE,COST_DISADVANTAGE,-0.2557174776074438,-0.2477469712586684,-0.20556642033020767,Stable,-0.2477469712586684,0.2681971785656862,A
00371,北控水务,2019-05-31,-19.23076923076924,3.94,0.19161132170708692,0.5833333333333334,1.0883977900552484,T3,1.1327944461174155,0.3514404660336883,↑,→,VP_NEUTRAL,44.57971324672947,CBI_ACTIVE,COST_DISADVANTAGE,-0.28852862388926326,-0.3083477570459626,-0.3583421087282447,Stable,-0.3083477570459626,-4.880905896134325,A
00371,北控水务,2019-06-30,19.047619047619047,3.75,-0.03820662753366613,0.5,1.0880077369439072,T3,1.1143363763880676,0.02781608896354748,↑,→,VP_NEUTRAL,39.989915130632376,CBI_ACTIVE,COST_DISADVANTAGE,-0.24949615682396742,-0.2013577408280619,-0.20913653731964843,Stable,-0.2013577408280619,5.079365079365079,A
00371,北控水务,2019-07-31,-14.28571428571429,3.21,-0.6628371561178837,0.3333333333333333,0.9717457114026237,T2,0.9895146462054384,0.563255700838998,→,→,VP_NEUTRAL,49.52029215282742,CBI_ACTIVE,COST_DISADVANTAGE,-0.30405662258774147,-0.3368210399780047,-0.32211703198827013,Stable,-0.3368210399780047,-4.450378282153984,A
00371,北控水务,2019-08-31,-0.666666666666671,3.21,-0.5226020499505007,0.4166666666666667,0.9658976930792379,T2,0.9800785750844545,-0.17850634566572754,→,→,VP_NEUTRAL,57.12192537798805,CBI_STABLE,COST_DISADVANTAGE,-0.2565755426859053,-0.26720168683364587,-0.326636251775015,Stable,-0.26720168683364587,-0.20768431983385388,A
00371,北控水务,2019-09-30,-0.3355704697986517,2.58,-1.4141011350658437,0.16666666666666666,0.8256,T2,0.8264536003827351,-0.30769567453785507,↓,↓,VP_SHRINK,62.30158614460965,CBI_STABLE,COST_DISADVANTAGE,-0.2820661689886488,-0.2988684009502881,-0.3056966682336506,Stable,-0.2988684009502881,-0.13006607356536887,A
00371,北控水务,2019-10-31,3.0303030303030276,2.4,-1.499694188167271,0.16666666666666666,0.754321634363541,T2,0.7558216978107138,-0.250850906646502,↓,↓,VP_LOCKED_CANDIDATE,59.76864590673907,CBI_STABLE,COST_DISADVANTAGE,-0.2640114623959646,-0.2500412357760755,-0.28465717333164,Improving,-0.2500412357760755,1.2626262626262617,A
00371,北控水务,2019-11-30,-8.496732026143794,3.69,0.43849634896209655,0.5833333333333334,1.1751592356687897,T3,1.1752124255677059,0.142293299573085,↑,↑,VP_SELLING_ACTIVE,47.09871954034878,CBI_ACTIVE,COST_DISADVANTAGE,-0.26966807912192015,-0.2865202356071358,-0.3454379363818929,Deteriorating,-0.2865202356071358,-2.302637405459023,A
00371,北控水务,2019-12-31,3.571428571428581,3.39,0.2165549791099606,0.5833333333333334,1.1006493506493507,T3,1.1046357047509756,0.32178694429200005,↑,↑,VP_EXPANSION,56.84358175717512,CBI_STABLE,COST_DISADVANTAGE,-0.25876867200323717,-0.2615046173383162,-0.26854859446101975,Improving,-0.2615046173383162,1.0535187526337997,A
00371,北控水务,2020-01-31,-15.517241379310331,3.38,0.3238446283853386,0.5833333333333334,1.0873994638069706,T3,1.0837517265606664,0.4044585862463903,→,→,VP_NEUTRAL,57.635850463629104,CBI_STABLE,COST_DISADVANTAGE,-0.3169060623162525,-0.36906700651858904,-0.3820496746308615,Stable,-0.36906700651858904,-4.590899816364003,A
00371,北控水务,2020-02-29,5.306122448979589,3.2,-0.027823203554800415,0.3333333333333333,1.0300429184549356,T3,1.0258050934312264,-0.13599630816675012,→,→,VP_STABLE_ASCENT,69.29125991855855,CBI_STABLE,COST_DISADVANTAGE,-0.30370494646375157,-0.3118261531674078,-0.34926047369290714,Improving,-0.3118261531674078,1.6581632653061213,A
00371,北控水务,2020-03-31,-22.868217054263575,5.12,3.482068941481358,1.0,1.4504249291784703,T5,1.4532801792247656,0.5060463634812447,↑,↑,VP_SELLING_ACTIVE,40.69298755814005,CBI_ACTIVE,COST_DISADVANTAGE,-0.33439805097406916,-0.3724530999804547,-0.4369037658445273,Deteriorating,-0.3724530999804547,-4.466448643410854,A
00371,北控水务,2020-04-30,-1.5075376884422176,3.15,-0.42487088677816776,0.25,0.8618331053351573,T3,0.8596375318182715,-0.06869489096687054,↓,↓,VP_DECLINE_SILENT,66.69401969480049,CBI_STABLE,COST_DISADVANTAGE,-0.34439357840529894,-0.3449935063175916,-0.44539265379661974,Deteriorating,-0.3449935063175916,-0.4785833931562596,A
00371,北控水务,2020-05-31,-3.57142857142857,3.04,-0.49065605598621237,0.25,0.8571428571428571,T3,0.8617097475479809,-0.0398072041970885,↓,↓,VP_DECLINE_SILENT,73.18259905055663,CBI_LOCKED_CANDIDATE,COST_DISADVANTAGE,-0.3599720695338454,-0.35612248035406335,-0.4652000590181691,Deteriorating,-0.35612248035406335,-1.1748120300751874,A
00371,北控水务,2020-06-30,8.994708994709,3.48,0.2595439317846396,0.8333333333333334,0.9770706598034627,T3,0.9744454933281604,-0.3240089563733143,→,→,VP_STABLE_ASCENT,52.789465970668616,CBI_STABLE,COST_DISADVANTAGE,-0.3143294832684408,-0.3288305477812078,-0.3137696051320378,Improving,-0.3288305477812078,2.5846864927324713,A
00371,北控水务,2020-07-31,13.10679611650485,2.9,-0.6431745400177318,0.25,0.8329344183820009,T2,0.8377620248059624,-0.07082060377072452,↓,↓,VP_LOCKED_CANDIDATE,78.82428435858407,CBI_LOCKED_CANDIDATE,COST_DISADVANTAGE,-0.2739881484282932,-0.29287705878172365,-0.22382678638720777,Improving,-0.29287705878172365,4.519584867760293,A
00371,北控水务,2020-08-31,-10.300429184549365,2.17,-1.6635825386766259,0.08333333333333333,0.6555891238670695,T1,0.6588363065440158,-0.2854184973983631,↓,↓,VP_DECLINE_SILENT,63.316130601172276,CBI_STABLE,COST_DISADVANTAGE,-0.35320487391591104,-0.3517906184890729,-0.30377595860483453,Deteriorating,-0.3517906184890729,-4.746741559700169,A
00371,北控水务,2020-09-30,1.435406698564612,2.91,-0.48761608720939137,0.3333333333333333,0.9892351274787536,T3,0.9859321875511962,-0.16256258288673098,→,→,VP_NEUTRAL,60.33340912477332,CBI_STABLE,COST_DISADVANTAGE,-0.3118121435214677,-0.31361674487815605,-0.3376808772696176,Stable,-0.31361674487815605,0.4932669067232343,A
00371,北控水务,2020-10-31,-2.8301886792452824,2.05,-1.8354169312102475,0.08333333333333333,0.7432024169184289,T1,0.7412923996954843,-0.29794347451482983,↓,↓,VP_DECLINE_SILENT,69.37365600730816,CBI_STABLE,COST_DISADVANTAGE,-0.30063373487129075,-0.3153416616292727,-0.3564257581016096,Deteriorating,-0.3153416616292727,-1.3805798435342842,A
00371,北控水务,2020-11-30,9.708737864077666,2.7,-0.6064691657151475,0.25,0.999383096853794,T2,1.004751331509722,0.2448982140584226,→,→,VP_STABLE_ASCENT,70.2948929328212,CBI_LOCKED_CANDIDATE,COST_DISADVANTAGE,-0.26356525860424884,-0.26878413181647354,-0.2939428219949699,Improving,-0.26878413181647354,3.595828838547283,A
00371,北控水务,2020-12-31,-0.8849557522123686,1.71,-1.8050702627152928,0.08333333333333333,0.7105263157894737,T1,0.7152807879370535,-0.40456313509653874,↓,↓,VP_SHRINK,67.25127618532737,CBI_STABLE,COST_DISADVANTAGE,-0.26741165669174605,-0.27360330006393974,-0.2686999723252672,Stable,-0.27360330006393974,-0.5175179837499232,A
00371,北控水务,2021-01-31,1.7857142857142572,2.96,0.013752756549404263,0.5833333333333334,1.2248275862068967,T3,1.220106026314495,0.4437605643408269,↑,↑,VP_EXPANSION,77.1923119848337,CBI_LOCKED_CANDIDATE,COST_DISADVANTAGE,-0.28770929863194805,-0.2932562205531476,-0.2556410432596471,Improving,-0.2932562205531476,0.6032818532818437,A
00371,北控水务,2021-02-28,-3.9473684210526216,2.81,-0.1359864259387461,0.4166666666666667,1.1136063408190224,T3,1.1154416403138754,0.03761967401843247,↑,↑,VP_SELLING_ACTIVE,78.35055556842508,CBI_LOCKED_CANDIDATE,COST_DISADVANTAGE,-0.2976359694664038,-0.3019088702586862,-0.28502363365729255,Deteriorating,-0.3019088702586862,-1.404757445214456,A
00371,北控水务,2021-03-31,-5.47945205479452,5.29,5.127865938975532,1.0,1.8116438356164384,T5,1.801773312694825,2.0473395424968133,↑↑,↑↑,VP_PANIC,58.83681139419725,CBI_STABLE,COST_DISADVANTAGE,-0.3316131750877871,-0.3281693607595637,-0.33955069329618526,Deteriorating,-0.3281693607595637,-1.0358132428723101,A
00371,北控水务,2021-04-30,0.9661835748792313,2.5100000000000002,-0.4484825642535516,0.3333333333333333,0.8375973303670746,T3,0.838987163686426,-0.14813572945103248,↓,↓,VP_SHRINK,78.18353481209837,CBI_LOCKED_CANDIDATE,COST_DISADVANTAGE,-0.30644532125512425,-0.3065300947893709,-0.3331695405744093,Stable,-0.3065300947893709,0.38493369517100845,A
00371,北控水务,2021-05-31,9.090909090909083,2.5700000000000003,-0.3252777492781298,0.4166666666666667,0.8638655462184874,T3,0.8663207918218339,-0.08532872127102897,↓,↓,VP_LOCKED_CANDIDATE,70.42679336892479,CBI_LOCKED_CANDIDATE,COST_DISADVANTAGE,-0.2622446947918007,-0.2539749290470379,-0.27254858971753737,Improving,-0.2539749290470379,3.5373187124159853,A
00371,北控水务,2021-06-30,-6.140350877192969,1.85,-1.0556044585993174,0.16666666666666666,0.6170094496942746,T2,0.6156240714629472,-0.6495640017683768,↓,↓,VP_DECLINE_SILENT,84.74437045849922,CBI_LOCKED_CANDIDATE,COST_DISADVANTAGE,-0.2637485554594856,-0.2824449685632191,-0.29167350311457063,Deteriorating,-0.2824449685632191,-3.319108582266469,A
00371,北控水务,2021-07-31,-4.205607476635532,1.45,-1.3434946703124586,0.08333333333333333,0.5279126213592233,T2,0.52256392059539,-0.4305193605304538,↓,↓,VP_DECLINE_SILENT,81.36485383439198,CBI_LOCKED_CANDIDATE,COST_DISADVANTAGE,-0.2801830403449149,-0.2988109077698351,-0.32146293522657476,Deteriorating,-0.2988109077698351,-2.900418949403815,A
00371,北控水务,2021-08-31,17.560975609756113,2.8200000000000003,0.20563220356766962,0.75,1.0260764099454216,T3,1.0188871687765704,0.081691793890319,→,→,VP_STABLE_ASCENT,56.54227147558892,CBI_STABLE,COST_DISADVANTAGE,-0.22692712814078952,-0.21572133588722142,-0.20230520677855846,Improving,-0.21572133588722142,6.227296315516352,A
00371,北控水务,2021-09-30,-2.4896265560165998,3.5100000000000002,0.9222055565628898,0.9166666666666666,1.431679129843644,T4,1.4380243025350894,0.907623764029615,↑,↑,VP_SELLING_ACTIVE,43.99371187267552,CBI_ACTIVE,COST_DISADVANTAGE,-0.2391238648913705,-0.26673405551331586,-0.2432112964037887,Deteriorating,-0.26673405551331586,-0.7092953151044443,A
00371,北控水务,2021-10-31,-3.82978723404257,3.92,1.1896618890939588,0.9166666666666666,1.4590570719602975,T4,1.4649052884307043,1.7416115596748267,↑,↑,VP_SELLING_ACTIVE,40.79083674090698,CBI_ACTIVE,COST_DISADVANTAGE,-0.25247055882099734,-0.30064082437345885,-0.2721946935627926,Deteriorating,-0.30064082437345885,-0.976986539296574,A
00371,北控水务,2021-11-30,-2.65486725663715,2.7600000000000002,-0.09051256444028383,0.5,1.015328019619865,T3,1.0208300716579355,-0.006638178568700526,→,→,VP_NEUTRAL,55.59344957098603,CBI_STABLE,COST_DISADVANTAGE,-0.2309995803253656,-0.23400688537841352,-0.29151695833546165,Stable,-0.23400688537841352,-0.9619084263178079,A
00371,北控水务,2021-12-31,5.454545454545445,2.08,-0.8862296476950554,0.25,0.7545344619105201,T2,0.7586315843463665,-0.4059540113415102,↓,↓,VP_LOCKED_CANDIDATE,45.62752806309139,CBI_ACTIVE,COST_DISADVANTAGE,-0.23070719395915995,-0.21291488257981084,-0.23952144155666133,Improving,-0.21291488257981084,2.6223776223776176,A
00371,北控水务,2022-01-31,0.0,2.0,-0.8588602141974928,0.25,0.7021650087770627,T2,0.7090302621821103,-0.48507382741747185,↓,↓,VP_SHRINK,54.020665676873996,CBI_STABLE,COST_DISADVANTAGE,-0.2261592931394193,-0.24229638254178976,-0.23952144155666133,Stable,-0.24229638254178976,0.0,A
00371,北控水务,2022-02-28,2.155172413793105,1.4700000000000002,-1.2709107450662416,0.16666666666666666,0.5603557814485388,T2,0.558047760540216,-0.469580176472592,↓,↓,VP_LOCKED_CANDIDATE,56.32977858879331,CBI_STABLE,COST_DISADVANTAGE,-0.24041311969423718,-0.23683731742801162,-0.22313181745227895,Improving,-0.23683731742801162,1.466103682852452,A
00371,北控水务,2022-03-31,-28.270042194092838,3.63,1.5735551056055226,0.9166666666666666,1.3732660781841108,T5,1.3764017065449572,0.7494001198781493,↑,↑,VP_SELLING_ACTIVE,42.025439551754744,CBI_ACTIVE,COST_DISADVANTAGE,-0.3978741613227481,-0.3881654159849287,-0.41898794302051556,Deteriorating,-0.3881654159849287,-7.787890411595823,A
00371,北控水务,2022-04-30,8.823529411764719,1.62,-1.1294903908680576,0.25,0.7168141592920354,T2,0.7158231654062172,-0.19584744915830543,↓,↓,VP_LOCKED_CANDIDATE,63.965866604454256,CBI_STABLE,COST_DISADVANTAGE,-0.26444170934821765,-0.27078698783927024,-0.3677221732870316,Improving,-0.27078698783927024,5.446623093681925,A
00371,北控水务,2022-05-31,2.1621621621621623,2.41,-0.06295973517176337,0.5833333333333334,1.0946252838758517,T3,1.096628645038251,0.6536321818359374,→,→,VP_STABLE_ASCENT,62.29301530151203,CBI_STABLE,COST_DISADVANTAGE,-0.2370774216670556,-0.247187337121618,-0.3540513013581026,Improving,-0.247187337121618,0.897162722888864,A
00371,北控水务,2022-06-30,-8.465608465608465,4.11,1.887180484033266,1.0,1.6181102362204725,T5,1.622564905752837,0.13603320544648545,↑↑,↑↑,VP_PANIC,48.439656461447754,CBI_ACTIVE,COST_DISADVANTAGE,-0.23891078544665922,-0.26703167596076294,-0.29091698561726376,Deteriorating,-0.26703167596076294,-2.0597587507563175,A
00371,北控水务,2022-07-31,0.5780346820809301,1.77,-1.115449564124189,0.25,0.7075283144570286,T2,0.7127012629613451,0.10499700109263932,↓,↓,VP_SHRINK,71.54017690534505,CBI_LOCKED_CANDIDATE,COST_DISADVANTAGE,-0.2753534120216974,-0.2644420313795943,-0.2868182398693867,Stable,-0.2644420313795943,0.3265732667123899,A
00371,北控水务,2022-08-31,-20.6896551724138,2.19,-0.5080296818516454,0.5,0.8353464717101081,T2,0.8297508799254572,-0.09758542321724772,↓,↓,VP_DECLINE_SILENT,52.43561421750729,CBI_STABLE,COST_DISADVANTAGE,-0.33545939910623634,-0.36450136985887327,-0.43437308679296194,Deteriorating,-0.36450136985887327,-9.447331128956074,A
00371,北控水务,2022-09-30,-10.144927536231874,3.89,1.5045319711932592,0.8333333333333334,1.4596622889305817,T5,1.4572688206396982,-0.05767867700830798,↑,↑,VP_SELLING_ACTIVE,28.986497019155166,CBI_TURBULENT,COST_DISADVANTAGE,-0.28285527445030945,-0.32428974707792546,-0.3948474678805135,Deteriorating,-0.32428974707792546,-2.607950523452924,A
00371,北控水务,2022-10-31,-12.903225806451601,3.11,0.6400916017955428,0.75,1.0675057208237986,T4,1.071433736042871,0.7520777856886798,→,→,VP_NEUTRAL,38.24089310883107,CBI_ACTIVE,COST_DISADVANTAGE,-0.39261851094361344,-0.4049797621060327,-0.4729316655733504,Stable,-0.4049797621060327,-4.148947204646817,A
00371,北控水务,2022-11-30,38.888888888888886,2.13,-0.486991975196105,0.5,0.7430232558139533,T3,0.7327385750826596,-0.03527131963105101,↓,↓,VP_LOCKED_CANDIDATE,59.72093523600812,CBI_STABLE,COST_DISADVANTAGE,-0.2070846759918934,-0.20668902443664383,-0.26796064662965347,Improving,-0.20668902443664383,18.257694314032342,A
00371,北控水务,2022-12-31,-4.666666666666675,1.6300000000000001,-1.0469931884805908,0.25,0.6644021739130435,T2,0.6596858566469478,-0.584348810863905,↓,↓,VP_DECLINE_SILENT,59.10924840882447,CBI_STABLE,COST_DISADVANTAGE,-0.2843791048479254,-0.28834028036098036,-0.24105096188358588,Deteriorating,-0.28834028036098036,-2.8629856850715796,A
00371,北控水务,2023-01-31,0.0,1.61,-1.0016253699948636,0.16666666666666666,0.6634615384615384,T2,0.6610097795983172,-0.4890258925427171,↓,↓,VP_SHRINK,59.48609642070962,CBI_STABLE,COST_DISADVANTAGE,-0.3171915307504357,-0.3037852738783655,-0.24105096188358588,Stable,-0.3037852738783655,0.0,A
00371,北控水务,2023-02-28,-2.0979020979021046,2.56,0.0059520822029183,0.6666666666666666,1.028801071667783,T3,1.0262158828213144,0.21083270008196564,→,→,VP_NEUTRAL,50.665946517629315,CBI_STABLE,COST_DISADVANTAGE,-0.31438756010005275,-0.29879190119256127,-0.25697296967623795,Stable,-0.29879190119256127,-0.8194930069930095,A
00371,北控水务,2023-03-31,-0.7142857142857117,3.31,1.0013381451786045,0.8333333333333334,1.38397212543554,T4,1.3865826081301529,1.0438508048479478,↑,↑,VP_DIVERGENCE_HIGH,48.87512145129344,CBI_ACTIVE,COST_DISADVANTAGE,-0.2765523982176826,-0.29686872740369163,-0.30505180487061756,Deteriorating,-0.29686872740369163,-0.2157962883038404,A
00371,北控水务,2023-04-30,2.158273381294973,1.86,-0.8949725185980413,0.3333333333333333,0.8519083969465648,T2,0.8478286132171667,0.14912456139994967,↓,↓,VP_LOCKED_CANDIDATE,62.002891491729095,CBI_STABLE,COST_DISADVANTAGE,-0.27255795427563956,-0.2680771335872474,-0.2900529229613503,Improving,-0.2680771335872474,1.1603620329542863,A
00371,北控水务,2023-05-31,-4.929577464788726,3.0,0.5073355881312848,0.6666666666666666,1.2884753042233357,T4,1.2910338310125047,0.17434302718369654,↑,↑,VP_SELLING_ACTIVE,49.738506532340544,CBI_ACTIVE,COST_DISADVANTAGE,-0.30615220523274334,-0.3371543045536166,-0.3250503140829738,Deteriorating,-0.3371543045536166,-1.6431924882629085,A
00371,北控水务,2023-06-30,2.2222222222222143,2.44,-0.0272606459669986,0.5833333333333334,0.9905277401894451,T3,0.9879257404825463,-0.26767588321578517,→,→,VP_STABLE_ASCENT,52.15228012452261,CBI_STABLE,COST_DISADVANTAGE,-0.2463977660690101,-0.2820007157017669,-0.30087439865287346,Improving,-0.2820007157017669,0.9107468123861534,A
00371,北控水务,2023-07-31,2.898550724637694,1.67,-1.213976128186528,0.25,0.6752021563342319,T2,0.6700728150658414,-0.10408515520108863,↓,↓,VP_LOCKED_CANDIDATE,64.76522392865252,CBI_STABLE,COST_DISADVANTAGE,-0.25177713660696277,-0.2487988094835527,-0.2806098884688988,Improving,-0.2487988094835527,1.7356591165495174,A
00371,北控水务,2023-08-31,-6.338028169014076,2.23,-0.3300432543816086,0.5,0.9221226740179186,T3,0.9190604501091324,-0.261931806871171,→,→,VP_NEUTRAL,56.91347149750256,CBI_STABLE,COST_DISADVANTAGE,-0.23231876527399464,-0.259679146512506,-0.3262050363828418,Stable,-0.259679146512506,-2.84216509821259,A
00371,北控水务,2023-09-30,-2.2556390977443663,1.26,-1.8088261595058508,0.08333333333333333,0.6067415730337079,T1,0.6174897600567322,-0.47375612581489646,↓,↓,VP_DECLINE_SILENT,73.11857481914632,CBI_LOCKED_CANDIDATE,COST_DISADVANTAGE,-0.24201738770671177,-0.27334497290410154,-0.287585077868326,Deteriorating,-0.27334497290410154,-1.7901897601145764,A
00371,北控水务,2023-10-31,-4.615384615384621,2.13,-0.04072708587132036,0.5833333333333334,1.0039277297721916,T3,1.0084598631124204,0.29274010030280784,→,→,VP_NEUTRAL,51.4552131919159,CBI_STABLE,COST_DISADVANTAGE,-0.26006096161806436,-0.25952827652831645,-0.3204657665820956,Stable,-0.25952827652831645,-2.166847237269775,A
00371,北控水务,2023-11-30,-6.451612903225811,2.21,0.09201304585742659,0.5833333333333334,1.1105527638190955,T3,1.1003222233697647,-0.01529701658826832,↑,↑,VP_SELLING_ACTIVE,58.600258404900785,CBI_STABLE,COST_DISADVANTAGE,-0.29616560671774683,-0.2848712090666956,-0.3643066848671217,Deteriorating,-0.2848712090666956,-2.9192818566632632,A
00371,北控水务,2023-12-31,14.655172413793128,2.56,0.608774454641383,0.8333333333333334,1.2736318407960199,T4,1.2780560600587074,1.0038241838957855,↑,↑,VP_EXPANSION,46.92682996998525,CBI_ACTIVE,COST_DISADVANTAGE,-0.21022794294572755,-0.16562265008531107,-0.18301794420491801,Stable,-0.16562265008531107,5.72467672413794,A
00371,北控水务,2024-01-31,12.030075187969924,8.03,10.350801416077058,1.0,2.615635179153094,T5,2.61029555181229,2.7381673528575368,↑↑,↑↑,VP_OVERHEAT,21.201629361348452,CBI_TURBULENT,COST_DISADVANTAGE,-0.18432786125561118,-0.2062320783141669,-0.08473438862054739,Deteriorating,-0.2062320783141669,1.4981413683648723,A
00371,北控水务,2024-02-29,-4.026845637583898,4.8,1.151375596523459,0.9166666666666666,1.3720819437827538,T4,1.3720706609339917,1.1946784313049692,↑,↑,VP_SELLING_ACTIVE,20.562456270841967,CBI_TURBULENT,COST_DISADVANTAGE,-0.249921114998774,-0.23253724330242842,-0.12159072196468645,Deteriorating,-0.23253724330242842,-0.8389261744966455,A
00371,北控水务,2024-03-31,-6.99300699300699,5.13,1.2005841926219574,0.9166666666666666,1.238133547868061,T4,1.245334650244595,1.0095878806917908,↑,↑,VP_SELLING_ACTIVE,21.204123480585274,CBI_TURBULENT,COST_DISADVANTAGE,-0.26625694831210156,-0.2982719697006885,-0.29204610555876587,Deteriorating,-0.2982719697006885,-1.3631592578960994,A
00371,北控水务,2024-04-30,18.045112781954884,6.34,1.6382277113136927,0.9166666666666666,1.3085655314757483,T5,1.3093741814580682,-0.20792985073156,↑,↑,VP_EXPANSION,21.42992347433005,CBI_TURBULENT,COST_DISADVANTAGE,-0.18999645543502452,-0.16323582839321127,-0.16429502686260333,Stable,-0.16323582839321127,2.846232299992884,A
00371,北控水务,2024-05-31,32.48407643312101,7.15,1.7261258721894137,0.9166666666666666,1.2613937077330197,T5,1.2601722021116104,0.4891289820480884,↑,↑,VP_EXPANSION,19.601762126657533,CBI_TURBULENT,COST_NEUTRAL,-0.1872299373434988,-0.1330054075514968,0.10717601536674204,Stable,-0.1330054075514968,4.543227473163777,A
00371,北控水务,2024-06-30,-0.48076923076924016,6.22,0.9829977150632452,0.75,0.9907087868330235,T4,0.9888151068420808,0.20274169495865357,→,→,VP_NEUTRAL,22.466902827110076,CBI_TURBULENT,COST_DISADVANTAGE,-0.13475676602509667,-0.18074282432170907,-0.08848087558806961,Stable,-0.18074282432170907,-0.07729408854810936,A
00371,北控水务,2024-07-31,0.48309178743961567,4.19,-0.07909096992471108,0.5,0.7431274017144548,T3,0.7451664430150088,-0.33699267924160825,↓,↓,VP_SHRINK,36.83756977285617,CBI_ACTIVE,COST_DISADVANTAGE,-0.13556540167332187,-0.10423861096193598,-0.08407740155709409,Stable,-0.10423861096193598,0.1152963693173307,A
00371,北控水务,2024-08-31,-6.25,4.07,-0.22055938425691543,0.4166666666666667,0.7377643504531722,T3,0.7351734991030251,-0.4321133510662629,↓,↓,VP_DECLINE_SILENT,38.78993078602608,CBI_ACTIVE,COST_DISADVANTAGE,-0.14715960481122958,-0.16874721204110166,-0.14132256395977572,Deteriorating,-0.16874721204110166,-1.5356265356265355,A
00371,北控水务,2024-09-30,10.769230769230775,4.43,-0.1949443528371495,0.5,0.8203703703703704,T3,0.8209136091326827,-0.2860144181389901,↓,↓,VP_LOCKED_CANDIDATE,36.28355928434112,CBI_ACTIVE,COST_DISADVANTAGE,-0.0880284008639749,-0.047398705573708955,-0.06518106774027221,Improving,-0.047398705573708955,2.4309776002778274,A
00371,北控水务,2024-10-31,-4.629629629629628,4.13,-0.5112419890263793,0.3333333333333333,0.8208015899304404,T2,0.8200951151264996,-0.01932965193226066,↓,↓,VP_DECLINE_SILENT,51.03997492229134,CBI_STABLE,COST_DISADVANTAGE,-0.15077953771814545,-0.17417978082951202,-0.10845972201155596,Deteriorating,-0.17417978082951202,-1.1209756972468834,A
00371,北控水务,2024-11-30,-9.223300970873783,3.17,-1.3290609185930407,0.16666666666666666,0.7256772224341854,T2,0.7236284978832602,-0.2218323430392819,↓,↓,VP_DECLINE_SILENT,54.19152521092032,CBI_STABLE,COST_DISADVANTAGE,-0.1265676533741894,-0.15230772169786955,-0.19068916512699496,Deteriorating,-0.15230772169786955,-2.9095586658907835,A
00371,北控水务,2024-12-31,20.320855614973254,2.95,-1.6041375346672686,0.08333333333333333,0.7715780296425457,T1,0.7722598291139602,-0.33409608934477386,↓,↓,VP_LOCKED_CANDIDATE,54.14257499880924,CBI_STABLE,COST_DISADVANTAGE,-0.09928915984130171,-0.04195679068639224,-0.04796843689867181,Improving,-0.04195679068639224,6.888425632194323,A
00371,北控水务,2025-01-31,-15.555555555555555,3.08,-1.3445334396624502,0.16666666666666666,0.8465414567109483,T2,0.843856746187615,-0.2569875125128448,↓,↓,VP_DECLINE_SILENT,64.71841921449757,CBI_STABLE,COST_DISADVANTAGE,-0.1298019231239167,-0.1742738603208117,-0.1960622356033228,Deteriorating,-0.1742738603208117,-5.05050505050505,A
00371,北控水务,2025-02-28,5.789473684210522,4.79,0.12274848368632099,0.6666666666666666,1.27450110864745,T3,1.2744482972066327,0.5140847910763697,↑,↑,VP_EXPANSION,71.41026186490407,CBI_LOCKED_CANDIDATE,COST_DISADVANTAGE,-0.11097246872053101,-0.09021916708256073,-0.14951847029614684,Improving,-0.09021916708256073,1.2086583891880005,A
00371,北控水务,2025-03-31,-1.492537313432829,6.99,1.7793506064225533,0.9166666666666666,1.670250896057348,T5,1.6735299567579611,1.3696404304195284,↑↑,↑↑,VP_NEUTRAL,44.409397912989284,CBI_ACTIVE,COST_DISADVANTAGE,-0.13036600304309176,-0.15291546694522562,-0.13485303095113255,Stable,-0.15291546694522562,-0.21352465142100557,A
00371,北控水务,2025-04-30,10.606060606060597,4.55,-0.07099938883848808,0.6666666666666666,1.0693301997649824,T3,1.0707340181729537,0.48496724881086517,→,→,VP_STABLE_ASCENT,54.71583704170126,CBI_STABLE,COST_DISADVANTAGE,-0.10492891963465822,-0.0889046856198713,-0.04309501908231328,Improving,-0.0889046856198713,2.331002331002329,A
00371,北控水务,2025-05-31,5.936073059360725,4.12,-0.24670264436823414,0.4166666666666667,0.933534743202417,T3,0.9333517471101457,-0.13929644728373125,→,→,VP_STABLE_ASCENT,63.76257808669507,CBI_STABLE,COST_NEUTRAL,-0.10851892735462265,-0.08276165587691675,0.013707559693622473,Improving,-0.08276165587691675,1.440794431883671,A
00371,北控水务,2025-06-30,-5.172413793103436,4.9,0.6411899478745359,0.9166666666666666,1.0341188884980654,T4,1.0352059261686037,-0.2991814032345058,→,→,VP_NEUTRAL,48.42530571630029,CBI_ACTIVE,COST_DISADVANTAGE,-0.1028167649180457,-0.12415746777915915,-0.11321977953052531,Stable,-0.12415746777915915,-1.0555946516537624,A
00371,北控水务,2025-07-31,14.545454545454529,4.54,0.23428629917617705,0.6666666666666666,0.9113415858146537,T3,0.9162956353820825,0.0037880234523293144,→,→,VP_STABLE_ASCENT,61.01169574065683,CBI_STABLE,COST_NEUTRAL,-0.05627552270194869,-0.024941501250200004,0.015766434355943604,Improving,-0.024941501250200004,3.2038446135362397,A
00371,北控水务,2025-08-31,-3.57142857142857,5.03,0.6520596056490457,0.9166666666666666,1.0016594756057087,T4,1.0038579610629736,0.22679062566619712,→,→,VP_NEUTRAL,46.3141808700222,CBI_ACTIVE,COST_DISADVANTAGE,-0.0675131894878035,-0.0761836597505462,-0.02051093829962569,Stable,-0.0761836597505462,-0.7100255609201928,A
00371,北控水务,2025-09-30,-5.3497942386831365,7.29,2.665196688352782,1.0,1.4373973052908315,T5,1.43516648125075,0.4871959371424528,↑,↑,VP_SELLING_ACTIVE,38.50019332215628,CBI_ACTIVE,COST_DISADVANTAGE,-0.05745066599960391,-0.09902791219513862,-0.1100886634632855,Deteriorating,-0.09902791219513862,-0.7338538050319803,A
00371,北控水务,2025-10-31,4.782608695652191,3.45,-0.8960352216864111,0.3333333333333333,0.7057620184111831,T2,0.7082504327402879,-0.24044261414365453,↓,↓,VP_LOCKED_CANDIDATE,57.75973586139376,CBI_STABLE,COST_NEUTRAL,-0.04098128692639702,-0.01908903118409755,-0.06752768649848595,Improving,-0.01908903118409755,1.3862633900441133,A
00371,北控水务,2025-11-30,1.2448132780082943,8.99,3.2028609421714838,1.0,1.5771929824561404,T5,1.574675652043996,0.7813781833150892,↑↑,↑↑,VP_NEUTRAL,31.934278005159307,CBI_ACTIVE,COST_DISADVANTAGE,-0.004210747315469776,-0.022759611658851875,-0.055920147326268044,Stable,-0.022759611658851875,0.1384664380431918,A
00371,北控水务,2025-12-31,-2.868852459016391,3.58,-0.9814507119107798,0.25,0.6532846715328466,T2,0.6509472473519402,-0.5096603470589961,↓,↓,VP_DECLINE_SILENT,56.71531973126325,CBI_STABLE,COST_DISADVANTAGE,-0.05446574017882466,-0.057898227887131726,-0.04910339075126502,Deteriorating,-0.057898227887131726,-0.8013554354794389,A
00371,北控水务,2026-01-31,9.704641350210963,3.75,-0.9372482454043011,0.25,0.7011530071673419,T2,0.7016153288641873,0.08302260869885614,↓,↓,VP_LOCKED_CANDIDATE,51.77035076161785,CBI_STABLE,COST_NEUTRAL,-0.017064868075740924,0.01231688380533158,0.04317771478764176,Improving,0.01231688380533158,2.587904360056257,A
00371,北控水务,2026-02-28,5.384615384615388,5.06,-0.08171659287930988,0.75,0.9452054794520548,T3,0.9472712966930393,-0.43544789041919596,→,→,VP_STABLE_ASCENT,30.01497026042737,CBI_ACTIVE,COST_NEUTRAL,-0.03450057824149955,-0.04046818001623831,0.0993488225069763,Improving,-0.04046818001623831,1.0641532380662821,A
00371,北控水务,2026-03-31,-4.379562043795627,5.37,0.2157793615130615,0.8333333333333334,1.066887417218543,T3,1.0668180061061256,0.504964502770548,→,→,VP_NEUTRAL,38.44678238491434,CBI_ACTIVE,COST_DISADVANTAGE,-0.043425676966666105,-0.05521489174559213,-0.04673243085047929,Stable,-0.05521489174559213,-0.8155609020103588,A
00371,北控水务,2026-04-30,1.9083969465648831,3.93,-0.7298938247637425,0.3333333333333333,0.7685788787483703,T2,0.7683171321398112,0.04675462544862885,↓,↓,VP_LOCKED_CANDIDATE,50.01658116341235,CBI_STABLE,COST_DISADVANTAGE,-0.03671886987764672,-0.03129442252100023,-0.028540301668236512,Improving,-0.03129442252100023,0.4855971874210898,A
00371,北控水务,2026-05-31,-1.4981273408239737,3.87,-0.7512170608069245,0.3333333333333333,0.9084507042253522,T2,0.9072663793430535,-0.23791105035013693,→,→,VP_NEUTRAL,50.89428549852924,CBI_STABLE,COST_DISADVANTAGE,-0.0538285017398803,-0.07960259303402428,-0.04309400501403082,Stable,-0.07960259303402428,-0.3871130079648511,A
00371,北控水务,2026-06-30,-14.068441064638792,4.359999999999999,-0.3803487405127493,0.5,0.9931662870159452,T3,0.9894700972161015,-0.19167633651499372,→,→,VP_NEUTRAL,60.5769768422457,CBI_STABLE,COST_DISADVANTAGE,-0.01551062776118095,-0.08353869932223568,-0.15817002602733354,Stable,-0.08353869932223568,-3.2267066662015584,A
00371,北控水务,2026-07-31,2.212389380530988,3.42,-0.9374192396776767,0.08333333333333333,0.7889273356401384,T2,0.7846799406707654,-0.13520708416027238,↓,↓,VP_LOCKED_CANDIDATE,74.8163718587157,CBI_LOCKED_CANDIDATE,COST_NEUTRAL,-0.018995984829851986,-0.016923704030869957,-0.1395454690810356,Improving,-0.016923704030869957,0.6468974796874234,A
00700,腾讯控股,2010-01-31,0.0,7.58,,,,,,,,,VP_NEUTRAL,,,,-0.8767132633005761,-0.8865266021488306,,Stable,-0.8865266021488306,0.0,A
00700,腾讯控股,2010-02-28,39.209726443768986,5.74,,,,,,,,,VP_NEUTRAL,,,,-0.8341615340431664,-0.8276669092659839,,Stable,-0.8276669092659839,6.830962795081705,A
00700,腾讯控股,2010-03-31,14.41048034934498,7.08,,,1.0411764705882354,,1.040971357065937,,→,→,VP_STABLE_ASCENT,,,COST_DISADVANTAGE,-0.8196248714569535,-0.8210069986232349,-0.8155627303835878,Improving,-0.8210069986232349,2.0353785804159577,A
00700,腾讯控股,2010-04-30,26.717557251908385,4.96,,,0.7823343848580442,,0.7820380239831075,-0.3458343576017845,↓,↓,VP_LOCKED_CANDIDATE,,,COST_DISADVANTAGE,-0.7774680329434659,-0.7739201980196397,-0.7662855972799663,Improving,-0.7739201980196397,5.386604284658949,A
00700,腾讯控股,2010-05-31,-35.54216867469879,7.41,,,1.1306072627403112,,1.129396937821767,0.28841113373051463,↑,↑,VP_SELLING_ACTIVE,,,COST_DISADVANTAGE,-0.8423641298961191,-0.848869111942193,-0.8493527645117855,Deteriorating,-0.848869111942193,-4.796513991187421,A
00700,腾讯控股,2010-06-30,-84.81308411214954,12.97,6.252140428696309,1.0,1.7013554875382597,T5,1.6971448451552285,0.825219538399395,↑↑,↑↑,VP_PANIC,17.553624063284893,CBI_TURBULENT,COST_DISADVANTAGE,-0.9723752756900894,-0.9732538964927592,-0.9754461827368732,Deteriorating,-0.9732538964927592,-6.5391737943060555,A
00700,腾讯控股,2010-07-31,544.6153846153846,5.74,-0.7333668190341875,0.42857142857142855,0.784510250569476,T2,0.7878745913175789,0.16163275962300783,↓,↓,VP_LOCKED_CANDIDATE,35.69989398432401,CBI_ACTIVE,COST_DISADVANTAGE,-0.8429330656577956,-0.836472786490499,-0.8417223164115367,Improving,-0.836472786490499,94.88072902707049,A
00700,腾讯控股,2010-08-31,-32.45823389021481,4.69,-1.0798767595240175,0.125,0.6567094515752626,T2,0.6625351500443795,-0.3605817555737565,↓,↓,VP_DECLINE_SILENT,45.33786884734226,CBI_ACTIVE,COST_DISADVANTAGE,-0.8910728303413322,-0.8954214690145604,-0.8930964571466943,Deteriorating,-0.8954214690145604,-6.92073217275369,A
00700,腾讯控股,2010-09-30,177.73851590106008,4.88,-0.8667795269496302,0.2222222222222222,0.7202952029520294,T2,0.7228666735210587,-0.620791730861839,↓,↓,VP_LOCKED_CANDIDATE,42.07285976143135,CBI_ACTIVE,COST_DISADVANTAGE,-0.731355603705572,-0.7283842932727465,-0.7101800681847422,Improving,-0.7283842932727465,36.42182702890575,A
00700,腾讯控股,2010-10-31,18.575063613231556,4.88,-0.7850950320225308,0.3,0.7217155533645551,T2,0.7241733372702412,-0.1489048106789005,↓,↓,VP_LOCKED_CANDIDATE,41.976824226396204,CBI_ACTIVE,COST_DISADVANTAGE,-0.7201473595636825,-0.7189506073419836,-0.6563458314862338,Improving,-0.7189506073419836,3.8063654945146634,A
00700,腾讯控股,2010-11-30,-9.549356223175975,6.76,0.07047165696615072,0.6363636363636364,1.0160320641282565,T3,1.0204012688784703,0.4384515152387176,→,→,VP_NEUTRAL,27.17850234680119,CBI_TURBULENT,COST_DISADVANTAGE,-0.7311194133190918,-0.7409507072121775,-0.6891625922134068,Stable,-0.7409507072121775,-1.4126266602331325,A
00700,腾讯控股,2010-12-31,-8.303677342823246,3.56,-1.3487678573169648,0.08333333333333333,0.7000983284169126,T2,0.7026986618258425,-0.26635681576551196,↓,↓,VP_DECLINE_SILENT,46.970444395982994,CBI_ACTIVE,COST_DISADVANTAGE,-0.7554807516825515,-0.7608722923955707,-0.7635338672538438,Deteriorating,-0.7608722923955707,-2.332493635624507,A
00700,腾讯控股,2011-01-31,78.91332470892624,5.33,-0.3812059193412356,0.5,1.0624584717607974,T3,1.0607523674632882,0.0924013953885281,→,→,VP_STABLE_ASCENT,31.086626417723885,CBI_ACTIVE,COST_DISADVANTAGE,-0.6246369874268745,-0.6136107031857339,-0.576930580093229,Improving,-0.6136107031857339,14.805501821562146,A
00700,腾讯控股,2011-02-28,5.3506869125090395,5.45,-0.3141158512161994,0.5833333333333334,1.0596241088788074,T3,1.0601073522893216,-0.19415591224959372,→,→,VP_STABLE_ASCENT,22.608353182645438,CBI_TURBULENT,COST_DISADVANTAGE,-0.5993055933501708,-0.6030812683327729,-0.5542934600114494,Improving,-0.6030812683327729,0.9817774151392733,A
00700,腾讯控股,2011-03-31,-20.864790665751553,8.73,1.1151367339663163,0.9166666666666666,1.509075194468453,T4,1.512869275264403,1.4519361055369608,↑↑,↑↑,VP_PANIC,20.861587943337668,CBI_TURBULENT,COST_DISADVANTAGE,-0.674312132449157,-0.6898118787024471,-0.6855418599672296,Deteriorating,-0.6898118787024471,-2.390010385538551,A
00700,腾讯控股,2011-04-30,50.39028620988726,6.43,0.012080482498737222,0.6666666666666666,1.0639823496966354,T3,1.0627954493758656,0.20817317025640603,→,→,VP_STABLE_ASCENT,21.52635305604,CBI_TURBULENT,COST_DISADVANTAGE,-0.5763989146322452,-0.5429868483721474,-0.5270855031944285,Improving,-0.5429868483721474,7.836747466545453,A
00700,腾讯控股,2011-05-31,3.5178777393310323,5.1,-0.49163831592959933,0.4166666666666667,0.884393063583815,T3,0.8857854228513745,-0.0615353916629523,↓,↓,VP_LOCKED_CANDIDATE,30.85116891598274,CBI_ACTIVE,COST_DISADVANTAGE,-0.5469897949164331,-0.5489936590851766,-0.510448949385236,Improving,-0.5489936590851766,0.6897799488884377,A
00700,腾讯控股,2011-06-30,-12.924791086350961,6.7,0.8581711248894088,0.8333333333333334,1.0651828298887125,T4,1.0657300958269644,-0.23373180940407867,→,→,VP_NEUTRAL,29.123919491956748,CBI_TURBULENT,COST_DISADVANTAGE,-0.5810775840824349,-0.5882976919161742,-0.5937174218274558,Stable,-0.5882976919161742,-1.9290732964702926,A
00700,腾讯控股,2011-07-31,-9.916826615483053,3.95,-1.3068344410968518,0.16666666666666666,0.6518151815181519,T2,0.6552198023724205,-0.3809559843310476,↓,↓,VP_DECLINE_SILENT,50.40325402210095,CBI_STABLE,COST_DISADVANTAGE,-0.6276650524525567,-0.6338964894711128,-0.6340077606737413,Deteriorating,-0.6338964894711128,-2.5105890165779883,A
00700,腾讯控股,2011-08-31,-23.29545454545454,8.19,1.8499304284521023,0.9166666666666666,1.256777493606138,T5,1.2565065010392165,0.6051292201432308,↑,↑,VP_SELLING_ACTIVE,29.157461323583775,CBI_TURBULENT,COST_DISADVANTAGE,-0.6615269637495158,-0.6827652950982694,-0.7192673164258812,Deteriorating,-0.6827652950982694,-2.844377844377844,A
00700,腾讯控股,2011-09-30,-35.462962962962976,6.48,0.363850141186364,0.6666666666666666,1.0550881953867028,T3,1.05687777421963,-0.030115412099473993,→,→,VP_NEUTRAL,27.626055448562916,CBI_TURBULENT,COST_DISADVANTAGE,-0.7660861564199402,-0.777851790381007,-0.7953299210056851,Stable,-0.777851790381007,-5.472679469593052,A
00700,腾讯控股,2011-10-31,49.92826398852224,5.69,-0.24465109491542308,0.5,0.945444475214622,T3,0.9429974637822763,0.4302706912974419,→,→,VP_STABLE_ASCENT,39.64986144599686,CBI_ACTIVE,COST_DISADVANTAGE,-0.6853777742469809,-0.661951481902462,-0.6931417036598866,Improving,-0.661951481902462,8.774738838053118,A
00700,腾讯控股,2011-11-30,-66.88995215311004,7.13,0.7737861720003137,0.8333333333333334,1.1216570529627687,T4,1.1192149878072502,-0.13127347460663863,↑,↑,VP_SELLING_ACTIVE,11.363023090660159,CBI_TURBULENT,COST_DISADVANTAGE,-0.8786102078932241,-0.8822590401320027,-0.898399071259637,Deteriorating,-0.8822590401320027,-9.381479965373078,A
00700,腾讯控股,2011-12-31,58.09248554913293,3.84,-1.8455050650145446,0.08333333333333333,0.6530612244897959,T1,0.6488327240035083,-0.412809078055578,↓,↓,VP_LOCKED_CANDIDATE,46.41122536258315,CBI_ACTIVE,COST_DISADVANTAGE,-0.810129616424854,-0.805267858734799,-0.8152693450874069,Improving,-0.805267858734799,15.1282514450867,A
00700,腾讯控股,2012-01-31,113.34552102376598,4.22,-1.3023595714014624,0.25,0.7122362869198312,T2,0.71427267368179,-0.25537335293770247,↓,↓,VP_LOCKED_CANDIDATE,35.93203058045475,CBI_ACTIVE,COST_DISADVANTAGE,-0.6530345472310677,-0.633903060841972,-0.6058854217861129,Improving,-0.633903060841972,26.859128204683884,A
00700,腾讯控股,2012-02-29,19.365895458440452,4.53,-0.9586962111769689,0.3333333333333333,0.8523047977422389,T2,0.8514463771630536,-0.36479622718067006,↓,↓,VP_LOCKED_CANDIDATE,46.48633118980789,CBI_ACTIVE,COST_DISADVANTAGE,-0.6161272411022296,-0.6071557550318457,-0.5295616045827382,Improving,-0.6071557550318457,4.275032110031004,A
00700,腾讯控股,2012-03-31,19.382627422828413,5.0600000000000005,-0.4362239097744631,0.4166666666666667,0.9963898916967511,T3,0.9994881211350348,0.32905996548608063,→,→,VP_STABLE_ASCENT,41.41268457118624,CBI_ACTIVE,COST_DISADVANTAGE,-0.5853689000361642,-0.5723992760098419,-0.5331513369489316,Improving,-0.5723992760098419,3.8305587792151012,A
00700,腾讯控股,2012-04-30,30.12627781118462,3.49,-1.5017584205502486,0.08333333333333333,0.7407145383799081,T1,0.7440635194890813,-0.17157496645096715,↓,↓,VP_LOCKED_CANDIDATE,49.78449037923726,CBI_ACTIVE,COST_DISADVANTAGE,-0.4975807830355994,-0.48842873019936883,-0.3925072117603654,Improving,-0.48842873019936883,8.632171292603044,A
00700,腾讯控股,2012-05-31,-25.27726432532347,5.79,0.2704868978164089,0.6666666666666666,1.2900111399925733,T3,1.2965639521789907,0.28890196662946455,↑,↑,VP_SELLING_ACTIVE,27.865066148854822,CBI_TURBULENT,COST_DISADVANTAGE,-0.5875288487500336,-0.604999699870159,-0.5460647696009755,Deteriorating,-0.604999699870159,-4.365676049278664,A
00700,腾讯控股,2012-06-30,14.409400123685835,3.69,-1.1293617889937702,0.16666666666666666,0.8267363704256907,T2,0.8301919516287645,-0.2666358400811907,↓,↓,VP_LOCKED_CANDIDATE,48.24657137413103,CBI_ACTIVE,COST_DISADVANTAGE,-0.5480648800172767,-0.5520398690454389,-0.5532057951536475,Improving,-0.5520398690454389,3.904986483383695,A
00700,腾讯控股,2012-07-31,5.945945945945952,3.41,-1.2867733792547305,0.08333333333333333,0.7878321139776666,T2,0.7785955845200903,-0.036570247537170864,↓,↓,VP_LOCKED_CANDIDATE,54.70116932873248,CBI_STABLE,COST_DISADVANTAGE,-0.530724787772266,-0.5336141959608766,-0.5266396532438644,Improving,-0.5336141959608766,1.7436791630340034,A
00700,腾讯控股,2012-08-31,4.744897959183669,4.3,-0.4506474740376986,0.5,1.0023310023310024,T3,1.0075728590459863,-0.2555540913041682,→,→,VP_STABLE_ASCENT,51.198442991585814,CBI_STABLE,COST_DISADVANTAGE,-0.5370591891644405,-0.5319969308879862,-0.5041791878110478,Improving,-0.5319969308879862,1.1034646416706209,A
00700,腾讯控股,2012-09-30,24.40331222601071,3.14,-1.3639224754643209,0.08333333333333333,0.7909319899244333,T2,0.7899708158832397,-0.15320991882684265,↓,↓,VP_LOCKED_CANDIDATE,61.38938312847546,CBI_STABLE,COST_DISADVANTAGE,-0.46417672112760133,-0.44823182560713304,-0.41949595433684117,Improving,-0.44823182560713304,7.7717554859906715,A
00700,腾讯控股,2012-10-31,4.189506656225528,2.3000000000000003,-1.8715771084422745,0.08333333333333333,0.6098099867432613,T1,0.60650561652535,-0.3202441858074139,↓,↓,VP_LOCKED_CANDIDATE,59.126893791646495,CBI_STABLE,COST_DISADVANTAGE,-0.4623727945702444,-0.4526693099134407,-0.3951756987041246,Improving,-0.4526693099134407,1.8215246331415336,A
00700,腾讯控股,2012-11-30,-11.649755730928213,4.67,0.7595497204840683,0.8333333333333334,1.3026499302649932,T4,1.3056838403326576,0.08195974218471669,↑,↑,VP_SELLING_ACTIVE,41.849003802717164,CBI_ACTIVE,COST_DISADVANTAGE,-0.4967526227747461,-0.5069392710605003,-0.4656362524063874,Deteriorating,-0.5069392710605003,-2.494594374931095,A
00700,腾讯控股,2012-12-31,-3.2752020416843997,3.19,-0.9304419706949006,0.25,0.9109947643979057,T2,0.9046725267627864,0.00672075633652125,→,→,VP_NEUTRAL,65.76538387094736,CBI_STABLE,COST_DISADVANTAGE,-0.5021659532320764,-0.504722090288946,-0.5196606836766484,Stable,-0.504722090288946,-1.0267091039763008,A
00700,腾讯控股,2013-01-31,18.161829375549708,4.66,0.7288277776959948,0.75,1.256064690026954,T4,1.2641012661615618,1.0522422503685007,↑,↑,VP_EXPANSION,58.58392854560627,CBI_STABLE,COST_DISADVANTAGE,-0.45992622915105097,-0.4459979171732228,-0.43242227662231925,Stable,-0.4459979171732228,3.8973882780149585,A
00700,腾讯控股,2013-02-28,-2.1957573502046857,2.87,-1.140467832796795,0.16666666666666666,0.8266922707633221,T2,0.8305795620649609,-0.38329033623336806,↓,↓,VP_DECLINE_SILENT,73.45114323451888,CBI_LOCKED_CANDIDATE,COST_DISADVANTAGE,-0.47629017171767485,-0.47112348348512234,-0.4448849062015091,Deteriorating,-0.47112348348512234,-0.7650722474580786,A
00700,腾讯控股,2013-03-31,-15.03044140030443,7.71,4.153099396488459,1.0,1.821259842519685,T5,1.827405753129654,1.4544009534346158,↑↑,↑↑,VP_PANIC,38.116524488093575,CBI_ACTIVE,COST_DISADVANTAGE,-0.5079644535102463,-0.5394714502440126,-0.5416504277623242,Deteriorating,-0.5394714502440126,-1.9494735927761906,A
00700,腾讯控股,2013-04-30,16.032243618450526,4.5600000000000005,0.27449864902319054,0.6666666666666666,0.9891540130151845,T3,0.9878297636231781,-0.027193300872052295,→,→,VP_STABLE_ASCENT,52.73531658511004,CBI_STABLE,COST_DISADVANTAGE,-0.4489851739502293,-0.43746742323262444,-0.46816670771705426,Improving,-0.43746742323262444,3.5158428987830095,A
00700,腾讯控股,2013-05-31,30.29718255499807,4.88,0.6034786946911478,0.9166666666666666,1.0505920344456403,T4,1.0475177606457584,0.6904410334876385,→,→,VP_STABLE_ASCENT,51.60903072613975,CBI_STABLE,COST_DISADVANTAGE,-0.39796220965214024,-0.3714153017286931,-0.30703620426583367,Stable,-0.3714153017286931,6.208439048155342,A
00700,腾讯控股,2013-06-30,-1.9549763033175238,4.71,0.39816369054592604,0.8333333333333334,0.9615515481456277,T3,0.9576074703670113,-0.3931352787948621,→,→,VP_NEUTRAL,57.553787092363926,CBI_STABLE,COST_DISADVANTAGE,-0.37673316070526863,-0.39168992210276254,-0.35695637751869425,Stable,-0.39168992210276254,-0.4150692788359923,A
00700,腾讯控股,2013-07-31,26.495468277945598,4.87,0.43210415437649125,0.8333333333333334,0.9871621621621621,T3,0.9884538849535582,0.07062067663148786,→,→,VP_STABLE_ASCENT,47.22164579716778,CBI_ACTIVE,COST_DISADVANTAGE,-0.3249077476529635,-0.306955026850408,-0.18657895851080752,Improving,-0.306955026850408,5.440547901015523,A
00700,腾讯控股,2013-08-31,5.206591831860519,4.34,0.011729717731550775,0.4166666666666667,0.8381074991953652,T3,0.8426317520056285,-0.10248793012771185,↓,↓,VP_LOCKED_CANDIDATE,69.56748447493794,CBI_STABLE,COST_DISADVANTAGE,-0.33500043194457707,-0.34273744743336465,-0.1442274450059965,Improving,-0.34273744743336465,1.1996755372950505,A
00700,腾讯控股,2013-09-30,18.070374574347326,4.27,-0.12105636407133648,0.3333333333333333,0.9272529858849077,T3,0.9320974843307729,-0.08474420077598799,→,→,VP_STABLE_ASCENT,57.95881781908043,CBI_STABLE,COST_DISADVANTAGE,-0.30926964937656076,-0.29740095803283384,-0.2221467287584309,Improving,-0.29740095803283384,4.231937839425604,A
00700,腾讯控股,2013-10-31,5.825802730244178,3.82,-0.6780372411627498,0.25,0.8523614726664187,T2,0.8510598125730816,-0.21715805027635304,↓,↓,VP_LOCKED_CANDIDATE,71.05930572969098,CBI_LOCKED_CANDIDATE,COST_DISADVANTAGE,-0.3192368712559399,-0.2976019445083007,-0.17683053164514595,Improving,-0.2976019445083007,1.5250792487550207,A
00700,腾讯控股,2013-11-30,8.430232558139528,5.0600000000000005,0.4418084907725683,0.9166666666666666,1.1215367565570744,T3,1.1255602260544675,0.16610647461511996,↑,↑,VP_EXPANSION,40.412391820226034,CBI_ACTIVE,COST_DISADVANTAGE,-0.26549732453311625,-0.22810773529286277,-0.1074354311152309,Improving,-0.22810773529286277,1.6660538652449657,A
00700,腾讯控股,2013-12-31,14.276139410187682,3.7,-0.8998067026136503,0.16666666666666666,0.8518802762854951,T2,0.852590852140703,-0.13445321952735656,↓,↓,VP_LOCKED_CANDIDATE,69.808866147211,CBI_STABLE,COST_DISADVANTAGE,-0.216853813887394,-0.2075228998767059,-0.14969321620129417,Improving,-0.2075228998767059,3.8584160568074815,A
00700,腾讯控股,2014-01-31,13.211143695014659,5.97,1.1728343163092843,0.9166666666666666,1.3188512518409425,T4,1.3263641379140032,0.5826047459349075,↑,↑,VP_EXPANSION,50.118064749638116,CBI_STABLE,COST_DISADVANTAGE,-0.18603178534236875,-0.18058712355017548,-0.03735796514518952,Stable,-0.18058712355017548,2.2129218919622544,A
00700,腾讯控股,2014-02-28,18.870612614946268,6.36,1.368458209022232,0.9166666666666666,1.3077450308430432,T4,1.3088437010885334,0.25841614255660117,↑,↑,VP_EXPANSION,39.80062824946272,CBI_ACTIVE,COST_NEUTRAL,-0.16816610080283823,-0.10703835741701462,0.14429848412089763,Stable,-0.10703835741701462,2.9670774551802306,A
00700,腾讯控股,2014-03-31,-16.670298539986927,8.59,4.921946322176146,1.0,1.5385074626865671,T5,1.5394215553986552,1.3275862859925627,↑↑,↑↑,VP_PANIC,39.13794770998567,CBI_ACTIVE,COST_DISADVANTAGE,-0.23928352809748377,-0.2769023084862753,-0.2469216941862642,Deteriorating,-0.2769023084862753,-1.9406633923151253,A
00700,腾讯控股,2014-04-30,-13.572175732217584,7.23,1.562705520081432,0.9166666666666666,1.1752912489840153,T5,1.1755849254698698,0.20642676143941818,↑,↑,VP_SELLING_ACTIVE,36.50161134002133,CBI_ACTIVE,COST_DISADVANTAGE,-0.3233762951383329,-0.31711334248067624,-0.3491308052525114,Deteriorating,-0.31711334248067624,-1.8772027292140503,A
00700,腾讯控股,2014-05-31,17.987897125567322,5.42,0.04362148886836912,0.6666666666666666,0.8725516501207405,T3,0.8730061621150798,-0.14664337968203678,↓,↓,VP_LOCKED_CANDIDATE,44.58154724248659,CBI_ACTIVE,COST_DISADVANTAGE,-0.2413862198556016,-0.1927282705406016,-0.23205312407932466,Improving,-0.1927282705406016,3.3188002076692475,A
00700,腾讯控股,2014-06-30,10.514168483138864,3.84,-1.0944785377879855,0.25,0.615878107457899,T2,0.6153332351381351,-0.5528966021434788,↓,↓,VP_LOCKED_CANDIDATE,35.14860348799211,CBI_ACTIVE,COST_DISADVANTAGE,-0.19665571856940556,-0.1843811604107345,-0.12763530323185546,Improving,-0.1843811604107345,2.7380647091507457,A
00700,腾讯控股,2014-07-31,10.90613760297019,4.34,-0.6542311127500834,0.5,0.727780883174958,T2,0.7300669301228563,-0.397749505236902,↓,↓,VP_LOCKED_CANDIDATE,25.709759997856917,CBI_TURBULENT,COST_DISADVANTAGE,-0.1630658676942216,-0.16727879785664723,-0.03249400900258803,Improving,-0.16727879785664723,2.512934931559952,A
00700,腾讯控股,2014-08-31,-1.8307354325766245,4.22,-0.733750916509762,0.3333333333333333,0.7526753864447087,T2,0.7575571628526689,-0.2158491303170329,↓,↓,VP_DECLINE_SILENT,39.05369140350658,CBI_ACTIVE,COST_DISADVANTAGE,-0.20672515437197203,-0.21840699087714455,-0.050206483992079276,Deteriorating,-0.21840699087714455,-0.43382356222194896,A
00700,腾讯控股,2014-09-30,-10.805626598465478,4.8100000000000005,-0.3390363581887839,0.5,0.9665103817816478,T3,0.9680153393346737,0.2580031040294559,→,→,VP_NEUTRAL,32.430231901294015,CBI_ACTIVE,COST_DISADVANTAGE,-0.23797587205608506,-0.25544492130924457,-0.2759928069501205,Stable,-0.25544492130924457,-2.246492016312989,A
00700,腾讯控股,2014-10-31,8.924731182795686,3.5500000000000003,-1.2861441514464012,0.08333333333333333,0.813598166539343,T2,0.8134713996966305,-0.18245331355167527,↓,↓,VP_LOCKED_CANDIDATE,51.73366552291929,CBI_STABLE,COST_DISADVANTAGE,-0.18205195190342782,-0.15813950087520923,-0.21137711122631409,Improving,-0.15813950087520923,2.5140087838861085,A
00700,腾讯控股,2014-11-30,0.4058352528244047,4.44,-0.5412195268571534,0.5,1.0571428571428572,T2,1.0608249262083274,0.05213945366510275,→,→,VP_NEUTRAL,51.08959543751873,CBI_STABLE,COST_DISADVANTAGE,-0.2068398894651613,-0.21533635953005947,-0.20817660153182838,Stable,-0.21533635953005947,0.09140433622171276,A
00700,腾讯控股,2014-12-31,-11.579637317019886,5.81,0.3138854185381415,0.6666666666666666,1.2830327567169673,T3,1.2803523812822757,0.2062961339297038,↑,↑,VP_SELLING_ACTIVE,43.790029344806456,CBI_ACTIVE,COST_DISADVANTAGE,-0.22336012388181148,-0.23221526595779796,-0.26276284698592267,Deteriorating,-0.23221526595779796,-1.9930528944956776,A
00700,腾讯控股,2015-01-31,22.201630837657515,5.68,0.23719496785883634,0.6666666666666666,1.1953700455980358,T3,1.1948627094825226,0.602397512917384,↑,↑,VP_EXPANSION,36.67164011956676,CBI_ACTIVE,COST_DISADVANTAGE,-0.20330489473496272,-0.15637060984707318,-0.09908417587568097,Improving,-0.15637060984707318,3.908737823531253,A
00700,腾讯控股,2015-02-28,3.6396724294813554,2.92,-1.6150509610502415,0.08333333333333333,0.6438809261300992,T1,0.6460869879620819,-0.34217932247817306,↓,↓,VP_LOCKED_CANDIDATE,57.6681374372383,CBI_STABLE,COST_DISADVANTAGE,-0.17611971131592563,-0.1668025878054633,-0.06629379101219335,Improving,-0.1668025878054633,1.2464631607812862,A
00700,腾讯控股,2015-03-31,10.15510681884695,5.24,0.42231697322151335,0.6666666666666666,1.1374819102749638,T3,1.140245123916197,-0.0933414770507609,↑,↑,VP_EXPANSION,52.74736851073882,CBI_STABLE,COST_DISADVANTAGE,-0.14448012824170475,-0.12159965301928899,-0.08011212590805417,Improving,-0.12159965301928899,1.9379974845127765,A
00700,腾讯控股,2015-04-30,11.184909670563226,6.15,1.798794063781341,1.0,1.2202380952380953,T5,1.2210395170897659,0.08517401631196142,↑,↑,VP_EXPANSION,60.63538874337115,CBI_STABLE,COST_NEUTRAL,-0.14787688117882514,-0.14852314721092907,0.022776501879594235,Stable,-0.14852314721092907,1.8186844992785731,A
00700,腾讯控股,2015-05-31,-3.5523695738749472,3.96,-0.7019655149650075,0.3333333333333333,0.7983870967741935,T2,0.797751057895209,0.35157577107792326,↓,↓,VP_DECLINE_SILENT,75.65256217153038,CBI_LOCKED_CANDIDATE,COST_DISADVANTAGE,-0.165714711729385,-0.17076485806974306,-0.013556299381918824,Deteriorating,-0.17076485806974306,-0.8970630237057947,A
00700,腾讯控股,2015-06-30,-0.7597654637046869,3.61,-1.0860442781266795,0.25,0.7859216255442669,T2,0.787855173646034,-0.3102379258493462,↓,↓,VP_SHRINK,75.69334860014699,CBI_LOCKED_CANDIDATE,COST_DISADVANTAGE,-0.18421392164315475,-0.1670746757166277,-0.178056439322539,Stable,-0.1670746757166277,-0.21046134728661686,A
00700,腾讯控股,2015-07-31,-7.672464009320123,5.37,0.7902667341295377,0.75,1.1823853211009174,T4,1.1811532467327786,-0.12748166908501635,↑,↑,VP_SELLING_ACTIVE,55.54332933915145,CBI_STABLE,COST_DISADVANTAGE,-0.17033822098611617,-0.17978906791619154,-0.24111976319244155,Deteriorating,-0.17978906791619154,-1.4287642475456468,A
00700,腾讯控股,2015-08-31,-10.716538981523204,5.6000000000000005,0.9007519432563883,0.75,1.122619445372536,T4,1.1241114886283998,0.41936714887639437,↑,↑,VP_SELLING_ACTIVE,43.956732432560486,CBI_ACTIVE,COST_DISADVANTAGE,-0.17204292321882708,-0.2060207935699665,-0.3224454595929992,Deteriorating,-0.2060207935699665,-1.9136676752720005,A
00700,腾讯控股,2015-09-30,-2.3218251564708248,4.49,-0.2547964543904524,0.5,0.9232350925291294,T3,0.9255991186792657,0.24486708875546648,→,→,VP_NEUTRAL,45.51300328947255,CBI_ACTIVE,COST_DISADVANTAGE,-0.2030533156761668,-0.1961545277296678,-0.23887353152898816,Stable,-0.1961545277296678,-0.5171102798376002,A
00700,腾讯控股,2015-10-31,16.47374948325755,3.27,-1.5993213208320147,0.16666666666666666,0.7460076045627376,T1,0.746999518195337,-0.38909261531021044,↓,↓,VP_LOCKED_CANDIDATE,70.65703449085335,CBI_LOCKED_CANDIDATE,COST_DISADVANTAGE,-0.17642536949533894,-0.14732961909744835,-0.11348746386230846,Improving,-0.14732961909744835,5.037843878672033,A
00700,腾讯控股,2015-11-30,6.299911268855363,3.63,-1.0246641867801993,0.3333333333333333,0.8386599922988062,T2,0.8376346856761651,-0.3527675584566662,↓,↓,VP_LOCKED_CANDIDATE,63.46812216458634,CBI_STABLE,COST_DISADVANTAGE,-0.16506846464832614,-0.15120837527623598,-0.05763796069835447,Improving,-0.15120837527623598,1.7355127462411468,A
00700,腾讯控股,2015-12-31,-1.3856427378964864,3.7600000000000002,-0.7310713908556487,0.4166666666666667,0.8637059724349158,T2,0.8642114614763478,-0.16366490515810395,↓,↓,VP_SHRINK,66.7117960301965,CBI_STABLE,COST_DISADVANTAGE,-0.15194117017429576,-0.1521462438095622,-0.14237354100027944,Stable,-0.1521462438095622,-0.3685220047597038,A
00700,腾讯控股,2016-01-31,-5.925173522938887,5.01,0.634087375656974,0.6666666666666666,1.1669254658385093,T4,1.1673140461084284,0.5320156074437405,↑,↑,VP_SELLING_ACTIVE,57.592403313473575,CBI_STABLE,COST_DISADVANTAGE,-0.1526429472507329,-0.1403708051925634,-0.1931893968746492,Deteriorating,-0.1403708051925634,-1.1826693658560652,A
00700,腾讯控股,2016-02-29,-2.492351988482988,3.35,-1.3043657630551837,0.16666666666666666,0.8549553381539771,T2,0.8586460200213539,-0.07072287567694058,↓,↓,VP_DECLINE_SILENT,72.46109791056112,CBI_LOCKED_CANDIDATE,COST_DISADVANTAGE,-0.16669270527784164,-0.16134237644420146,-0.21329795698493548,Deteriorating,-0.16134237644420146,-0.743985668203877,A
00700,腾讯控股,2016-03-31,14.03524960782503,4.21,-0.18002841489023266,0.5833333333333334,1.0873869995695222,T3,1.086241370366486,0.11909044325002571,→,→,VP_STABLE_ASCENT,57.5306308278253,CBI_STABLE,COST_DISADVANTAGE,-0.15515715415738518,-0.12144288367484146,-0.07132910181526608,Improving,-0.12144288367484146,3.333788505421622,A
00700,腾讯控股,2016-04-30,0.3722285159410976,3.14,-1.3775352545347084,0.08333333333333333,0.8155844155844157,T2,0.8191202849819044,-0.3700155290578486,↓,↓,VP_SHRINK,75.80530402353705,CBI_LOCKED_CANDIDATE,COST_DISADVANTAGE,-0.16014683592187995,-0.16560037780341408,-0.06787232391297615,Stable,-0.16560037780341408,0.11854411335703746,A
00700,腾讯控股,2016-05-31,11.052886165752973,4.5,0.4442076937531536,0.75,1.1264080100125158,T3,1.1281878912079333,0.3413365930606589,↑,↑,VP_EXPANSION,43.74757931874608,CBI_ACTIVE,COST_NEUTRAL,-0.09428553304279264,-0.07640366269446697,0.03515468704440128,Improving,-0.07640366269446697,2.456196925722883,A
00700,腾讯控股,2016-06-30,1.872958257713253,3.99,-0.2706790378438197,0.5,0.9892561983471075,T3,0.9905760902172838,-0.047828320575175165,→,→,VP_STABLE_ASCENT,57.31113764989519,CBI_STABLE,COST_DISADVANTAGE,-0.12051947793639839,-0.11450216040362582,-0.07807361804233293,Improving,-0.11450216040362582,0.46941309717124136,A
00700,腾讯控股,2016-07-31,6.826765481365338,2.57,-2.066668574868304,0.08333333333333333,0.7086397058823528,T1,0.709203236381895,-0.18252415695920576,↓,↓,VP_LOCKED_CANDIDATE,69.25670552335798,CBI_STABLE,COST_DISADVANTAGE,-0.13426663711821063,-0.11010998166252195,-0.015135866035246526,Improving,-0.11010998166252195,2.656328981076007,A
00700,腾讯控股,2016-08-31,9.412314055099746,3.32,-0.7212808497779873,0.3333333333333333,0.9167050161067648,T2,0.9237613386260665,-0.2558681738619044,→,→,VP_STABLE_ASCENT,65.4238013786239,CBI_STABLE,COST_NEUTRAL,-0.11939389814781387,-0.08762654980046114,0.07756263926955431,Improving,-0.08762654980046114,2.835034353945707,A
00700,腾讯控股,2016-09-30,6.29191562004634,3.5300000000000002,-0.26559395618318843,0.5,1.0061757719714963,T3,1.007245059030396,-0.1126276166149357,→,→,VP_STABLE_ASCENT,57.13924649434766,CBI_STABLE,COST_DISADVANTAGE,-0.12268450174647716,-0.10664152253108494,-0.044475688865526775,Improving,-0.10664152253108494,1.7824123569536372,A
00700,腾讯控股,2016-10-31,-3.802913846506828,2.27,-2.2582591504266354,0.08333333333333333,0.6749256689791873,T1,0.676997658148274,-0.11204481752284967,↓,↓,VP_DECLINE_SILENT,62.81580793033004,CBI_STABLE,COST_DISADVANTAGE,-0.14173054837083288,-0.14452156210978695,-0.08081345520039862,Deteriorating,-0.14452156210978695,-1.6752924433950784,A
00700,腾讯控股,2016-11-30,-6.6543438077633965,4.9,1.6807377512106074,0.9166666666666666,1.4285714285714288,T5,1.4270691728105644,0.4666266485104549,↑,↑,VP_SELLING_ACTIVE,27.969546131213185,CBI_TURBULENT,COST_DISADVANTAGE,-0.12410032827178685,-0.14323873569513612,-0.1419792881260652,Deteriorating,-0.14323873569513612,-1.358029348523142,A
00700,腾讯控股,2016-12-31,-2.3570744171191316,3.62,-0.10294803876357102,0.5833333333333334,1.0747154873824842,T3,1.0784535408079012,0.030464137824664395,→,→,VP_NEUTRAL,28.942906150569424,CBI_TURBULENT,COST_DISADVANTAGE,-0.11178361085435662,-0.11219096306784915,-0.16000798638352987,Stable,-0.11219096306784915,-0.6511255295909203,A
00700,腾讯控股,2017-01-31,8.86432029307862,2.61,-1.2935993384726379,0.25,0.7733333333333333,T2,0.7785444820156562,0.15808283268852685,↓,↓,VP_LOCKED_CANDIDATE,41.20038893251184,CBI_ACTIVE,COST_DISADVANTAGE,-0.10406900993680435,-0.08704115330623352,-0.0855484038602854,Improving,-0.08704115330623352,3.3962913000301227,A
00700,腾讯控股,2017-02-28,1.4422210203713703,3.27,-0.30548503621928935,0.4166666666666667,0.9712871287128712,T3,0.9697801351148266,-0.3314309706804157,→,→,VP_NEUTRAL,45.21401526357136,CBI_ACTIVE,COST_DISADVANTAGE,-0.14207673686930122,-0.12172926039031173,-0.07235999071963684,Stable,-0.12172926039031173,0.44104618359980746,A
00700,腾讯控股,2017-03-31,8.63100527219951,4.54,1.440202821084143,0.9166666666666666,1.2842998585572842,T4,1.279961486678473,0.24610557943497957,↑,↑,VP_EXPANSION,48.07747844717302,CBI_ACTIVE,COST_DISADVANTAGE,-0.12034557578323479,-0.09235825665337227,-0.05459228414177808,Stable,-0.09235825665337227,1.901102482863328,A
00700,腾讯控股,2017-04-30,10.35009270367544,2.86,-0.8423698202004593,0.3333333333333333,0.7871559633027523,T2,0.7803253818484858,0.07623578526206076,↓,↓,VP_LOCKED_CANDIDATE,56.93250567544724,CBI_STABLE,COST_NEUTRAL,-0.09178775030147235,-0.05946790191714668,0.04325829087724831,Improving,-0.05946790191714668,3.6189135327536506,A
00700,腾讯控股,2017-05-31,11.301640640442766,5.19,2.25626874926427,1.0,1.4096876414667272,T5,1.4114025149286062,0.5899336703017513,↑,↑,VP_EXPANSION,26.23402256440696,CBI_TURBULENT,COST_NEUTRAL,-0.11233894644761344,-0.06888378818879537,0.16116359386382006,Stable,-0.06888378818879537,2.1775800848637314,A
00700,腾讯控股,2017-06-30,4.750699285175153,4.97,1.5580666387367,0.9166666666666666,1.272184300341297,T5,1.2735079456314524,0.09846399493911506,↑,↑,VP_EXPANSION,28.21231871055472,CBI_TURBULENT,COST_DISADVANTAGE,-0.09719260565056054,-0.07605034927393106,-0.02190565950486567,Stable,-0.07605034927393106,0.9558751076811173,A
00700,腾讯控股,2017-07-31,13.359894884075786,4.22,0.5024441084019091,0.6666666666666666,1.0107784431137725,T4,1.0154334770432967,0.49559829451863013,→,→,VP_STABLE_ASCENT,35.295044862282055,CBI_ACTIVE,COST_NEUTRAL,-0.04364559355105013,0.012467569464721384,0.10876671625237844,Stable,0.012467569464721384,3.1658518682644043,A
00700,腾讯控股,2017-08-31,5.376705926341363,5.64,1.8883615545712618,1.0,1.234135667396061,T5,1.235764918086405,0.08650413232381671,↑,↑,VP_EXPANSION,22.06833642661918,CBI_TURBULENT,COST_NEUTRAL,-0.06571052488402529,-0.05258922798976451,0.16838184199442074,Stable,-0.05258922798976451,0.9533166536066247,A
00700,腾讯控股,2017-09-30,2.356030230990336,3.99,-0.016662304953547417,0.5,0.8909564570152588,T3,0.8915925420581818,-0.19682957243024024,↓,↓,VP_LOCKED_CANDIDATE,41.95207311695134,CBI_ACTIVE,COST_DISADVANTAGE,-0.07359895781142112,-0.06608579205781262,-0.007279916251464402,Improving,-0.06608579205781262,0.5904837671654977,A
00700,腾讯控股,2017-10-31,4.343605920892979,3.14,-1.0850260439096064,0.25,0.6939226519337017,T2,0.6959116495393073,-0.25535464818570364,↓,↓,VP_LOCKED_CANDIDATE,56.73610417002536,CBI_STABLE,COST_NEUTRAL,-0.06304580901532686,-0.0672876642546737,0.03583993208413072,Improving,-0.0672876642546737,1.3833139875455347,A
00700,腾讯控股,2017-11-30,14.760797342192689,6.96,3.094285375793538,1.0,1.4439834024896265,T5,1.4412911530534078,0.2322535613040433,↑,↑,VP_EXPANSION,24.876384536879797,CBI_TURBULENT,COST_NEUTRAL,-0.11559142209559503,-0.06506310309841246,0.18873816524857578,Stable,-0.06506310309841246,2.120804215832283,A
00700,腾讯控股,2017-12-31,2.1364675911183184,6.0,1.3372048118551145,0.9166666666666666,1.2020033388981637,T4,1.2022819476628048,0.5050535568166774,↑,↑,VP_EXPANSION,23.399525065334554,CBI_TURBULENT,COST_NEUTRAL,-0.05449973008641973,-0.019268084994825796,-0.010887714329928855,Stable,-0.019268084994825796,0.3560779318530531,A
00700,腾讯控股,2018-01-31,15.047759417250074,5.23,0.5004037807716804,0.75,1.0135658914728682,T4,1.0157003104460067,0.6640897772511081,→,→,VP_STABLE_ASCENT,39.47203821629122,CBI_ACTIVE,COST_NEUTRAL,-0.054228716761658635,-0.016113939450067227,0.13795152278416678,Stable,-0.016113939450067227,2.877200653393895,A
00700,腾讯控股,2018-02-28,-7.129834934712987,6.17,1.1875644595871957,0.9166666666666666,1.1756113051762462,T4,1.1733138498840436,-0.11361967671812823,↑,↑,VP_SELLING_ACTIVE,45.39221249135093,CBI_ACTIVE,COST_NEUTRAL,-0.09418580317685665,-0.05009395135085615,0.056817457572602814,Deteriorating,-0.05009395135085615,-1.1555648192403545,A
00700,腾讯控股,2018-03-31,-5.525785229202029,9.41,3.6651460059657084,1.0,1.529666756976429,T5,1.5299938123905088,0.5680775959554216,↑↑,↑↑,VP_PANIC,35.23819551615634,CBI_ACTIVE,COST_DISADVANTAGE,-0.08239666421889413,-0.10266402232941041,-0.11147881284969618,Deteriorating,-0.10266402232941041,-0.5872247852499499,A
00700,腾讯控股,2018-04-30,-4.815657203830059,4.97,-0.3557448118520237,0.4166666666666667,0.7697470314919979,T3,0.7680022417253172,-0.054642836627095126,↓,↓,VP_DECLINE_SILENT,51.231994109396915,CBI_STABLE,COST_DISADVANTAGE,-0.053305671946796584,-0.0838706219395341,-0.15426694740625613,Deteriorating,-0.0838706219395341,-0.9689451114346196,A
00700,腾讯控股,2018-05-31,2.469172222550009,5.75,0.1446365378586947,0.6666666666666666,0.9192645883293366,T3,0.9201731577845406,-0.06536062553335742,→,→,VP_STABLE_ASCENT,57.51793129065433,CBI_STABLE,COST_DISADVANTAGE,-0.07955783648434067,-0.061369995531277866,-0.13338434179468717,Improving,-0.061369995531277866,0.42942125609565374,A
00700,腾讯控股,2018-06-30,-1.4337123938390706,4.9399999999999995,-0.40716445841445864,0.3333333333333333,0.8127227858513847,T3,0.8163383007874105,-0.47257742748872833,↓,↓,VP_SHRINK,70.37916931141956,CBI_LOCKED_CANDIDATE,COST_DISADVANTAGE,-0.034334267298120946,-0.0799848522566523,-0.07642959554045103,Stable,-0.0799848522566523,-0.2902251809390831,A
00700,腾讯控股,2018-07-31,-10.392265677483415,4.17,-0.9572720136383205,0.25,0.706580062129342,T2,0.7067575717313295,-0.15819027582380718,↓,↓,VP_DECLINE_SILENT,68.63273449772157,CBI_STABLE,COST_DISADVANTAGE,-0.11037539078153835,-0.11838175632962045,-0.17240948569049563,Deteriorating,-0.11838175632962045,-2.49215004256197,A
00700,腾讯控股,2018-08-31,-4.566641676716987,6.85,0.8262588104761751,0.8333333333333334,1.1388196176226102,T4,1.1412736341316672,0.1942314434793755,↑,↑,VP_SELLING_ACTIVE,25.19714768412703,CBI_TURBULENT,COST_DISADVANTAGE,-0.09718581352958422,-0.08965476025748276,-0.2102025790295099,Deteriorating,-0.08965476025748276,-0.6666630184988303,A
00700,腾讯控股,2018-09-30,-5.2906619304597164,5.13,-0.41438099570168774,0.4166666666666667,0.9676202452059101,T3,0.9691948271802528,0.03692199626140491,→,→,VP_NEUTRAL,45.9520720535606,CBI_ACTIVE,COST_DISADVANTAGE,-0.08055602168615483,-0.06620839671978929,-0.1350037022042142,Stable,-0.06620839671978929,-1.03131811509936,A
00700,腾讯控股,2018-10-31,-18.680803490930074,6.43,0.34522699533510276,0.75,1.1596032461677188,T3,1.1612605848468383,0.5481297972731203,↑,↑,VP_SELLING_ACTIVE,32.01616705270755,CBI_ACTIVE,COST_DISADVANTAGE,-0.11430923941070703,-0.12978198433797872,-0.2965919607992653,Deteriorating,-0.12978198433797872,-2.9052571525552215,A
00700,腾讯控股,2018-11-30,18.39549425695153,6.56,0.4863608413770208,0.8333333333333334,1.1549295774647887,T3,1.1554194409842986,-0.04170742733188515,↑,↑,VP_EXPANSION,24.266640342817034,CBI_TURBULENT,COST_NEUTRAL,-0.06184449377459689,-0.005111660456240008,-0.16719657534515875,Improving,-0.005111660456240008,2.804191197706026,A
00700,腾讯控股,2018-12-31,0.7004532344458081,4.0600000000000005,-1.4192105864004365,0.08333333333333333,0.7337349397590361,T2,0.738077412307528,-0.20332067926817243,↓,↓,VP_SHRINK,51.79690226658999,CBI_STABLE,COST_DISADVANTAGE,-0.06265131740699326,-0.0671915375911667,-0.002887771407701356,Stable,-0.0671915375911667,0.172525427203401,A
00700,腾讯控股,2019-01-31,10.973069483707775,4.61,-0.8674860732078103,0.25,0.8222354340071345,T2,0.8244545477171761,-0.2806293581718975,↓,↓,VP_LOCKED_CANDIDATE,65.44245390954474,CBI_STABLE,COST_NEUTRAL,-0.03709403648131537,-0.017550188904471353,0.1065260462662787,Improving,-0.017550188904471353,2.380275376075439,A
00700,腾讯控股,2019-02-28,-3.1507675806127122,2.7,-2.0415496795428036,0.08333333333333333,0.5493387589013226,T1,0.5483868107047336,-0.5885476838184237,↓,↓,VP_DECLINE_SILENT,61.56136848096,CBI_STABLE,COST_NEUTRAL,-0.07918705250068647,-0.08619485100408797,0.07166198232948506,Deteriorating,-0.08619485100408797,-1.166950955782486,A
00700,腾讯控股,2019-03-31,8.039731432131237,4.26,-0.715887873322788,0.3333333333333333,0.8930817610062893,T2,0.8936025127878137,0.04552926194443119,↓,↓,VP_LOCKED_CANDIDATE,69.77505277720714,CBI_STABLE,COST_DISADVANTAGE,-0.045158974223556414,-0.05168947106942956,-0.012059277067502983,Improving,-0.05168947106942956,1.8872608995613234,A
00700,腾讯控股,2019-04-30,7.973219720024338,3.09,-1.617000209144986,0.16666666666666666,0.7333860759493671,T1,0.7335936316221173,-0.3304898427981148,↓,↓,VP_LOCKED_CANDIDATE,62.5916828584629,CBI_STABLE,COST_NEUTRAL,-0.06033377695287434,-0.051331888374928525,0.06671140747550197,Improving,-0.051331888374928525,2.5803300064803683,A
00700,腾讯控股,2019-05-31,-16.685456595264935,4.78,-0.015342664045401239,0.5833333333333334,1.2204255319148938,T3,1.2165580216566056,0.7696027479149137,↑,↑,VP_SELLING_ACTIVE,39.048881085453914,CBI_ACTIVE,COST_DISADVANTAGE,-0.06406773448290881,-0.13966048223493832,-0.11127426141556263,Deteriorating,-0.13966048223493832,-3.4906812960805302,A
00700,腾讯控股,2019-06-30,8.735132825297365,3.21,-1.2092800526464098,0.25,0.8503311258278144,T2,0.850815898621008,-0.2466234782716179,↓,↓,VP_LOCKED_CANDIDATE,44.582050425517174,CBI_ACTIVE,COST_DISADVANTAGE,-0.05751672352787629,-0.02719124226975833,-0.07705824727024069,Improving,-0.02719124226975833,2.721225179220363,A
00700,腾讯控股,2019-07-31,4.709349926314066,2.49,-1.6101020672506658,0.08333333333333333,0.7277155382367269,T1,0.7288192794132159,-0.19395985789077386,↓,↓,VP_LOCKED_CANDIDATE,53.112844742546116,CBI_STABLE,COST_DISADVANTAGE,-0.05448583022326314,-0.04294022844342549,-0.033593690518140096,Improving,-0.04294022844342549,1.8913051912907894,A
00700,腾讯控股,2019-08-31,-12.513683420385945,4.37,0.05159778297757902,0.5833333333333334,1.1810810810810812,T3,1.183537094832478,-0.08116188271481628,↑,↑,VP_SELLING_ACTIVE,40.706835026739846,CBI_ACTIVE,COST_DISADVANTAGE,-0.05853410415195026,-0.09467141942812962,-0.15452671664133522,Deteriorating,-0.09467141942812962,-2.8635431167931222,A
00700,腾讯控股,2019-09-30,1.7803517803517632,3.0,-0.9512340009414845,0.25,0.8595988538681948,T2,0.8642494077382866,-0.0596940711235151,↓,↓,VP_LOCKED_CANDIDATE,52.44297841370317,CBI_STABLE,COST_DISADVANTAGE,-0.07059900269205555,-0.08699471959891603,-0.0995297082740797,Improving,-0.08699471959891603,0.5934505934505877,A
00700,腾讯控股,2019-10-31,-3.0453108535300366,3.47,-0.3983292053970746,0.5,0.976547842401501,T3,0.9783218449706365,0.396810904609733,→,→,VP_NEUTRAL,47.943655718702594,CBI_ACTIVE,COST_DISADVANTAGE,-0.06954412238863028,-0.07434025319505799,-0.1269518278008227,Stable,-0.07434025319505799,-0.8776111969827194,A
00700,腾讯控股,2019-11-30,3.673513748505619,3.75,0.14347111091502857,0.5833333333333334,1.1089206505667817,T3,1.1047386523771587,-0.1455183708865636,↑,↑,VP_EXPANSION,56.0006210964663,CBI_STABLE,COST_DISADVANTAGE,-0.07754723697091481,-0.05982855418587052,-0.09488028316400898,Improving,-0.05982855418587052,0.9796036662681651,A
00700,腾讯控股,2019-12-31,14.110493762448883,3.62,0.010817120174513877,0.5833333333333334,1.0492753623188407,T3,1.0500456004021126,0.2025032124142736,→,→,VP_STABLE_ASCENT,54.9059324577288,CBI_STABLE,COST_NEUTRAL,-0.06815802349039113,-0.013626253181421522,0.048913697081757634,Improving,-0.013626253181421522,3.897926453715161,A
00700,腾讯控股,2020-01-31,-0.7349563619660215,3.89,0.5350976556289585,0.75,1.056108597285068,T4,1.0584317114859005,0.12307940752741309,→,→,VP_NEUTRAL,48.725005094605145,CBI_ACTIVE,COST_NEUTRAL,-0.07710924523932161,-0.09777965555681123,0.041204639133522125,Stable,-0.09777965555681123,-0.1889347974205711,A
00700,腾讯控股,2020-02-29,3.6989048280117176,4.04,0.6382495835035377,0.75,1.1134588883785026,T4,1.1161326449456264,0.08593752721626546,↑,↑,VP_EXPANSION,53.783861393166,CBI_STABLE,COST_NEUTRAL,-0.07474838233777925,-0.08719101950384256,0.07971780779991411,Stable,-0.08719101950384256,0.9155705019830984,A
00700,腾讯控股,2020-03-31,-1.591598738620803,8.01,7.032536684924054,1.0,1.79462285287528,T5,1.7949576538073193,1.2136376743525101,↑↑,↑↑,VP_PANIC,32.42053197601837,CBI_ACTIVE,COST_DISADVANTAGE,-0.03096032981266439,-0.02153318379329361,-0.05733521880914827,Deteriorating,-0.02153318379329361,-0.19870146549573073,A
00700,腾讯控股,2020-04-30,10.254239850055914,3.6100000000000003,-0.3222195326861497,0.4166666666666667,0.8046062407132243,T3,0.801801439266621,-0.07745411352689457,↓,↓,VP_LOCKED_CANDIDATE,48.161840771394,CBI_ACTIVE,COST_NEUTRAL,-0.02694580040193506,-0.005986869500598457,0.039327888836166336,Improving,-0.005986869500598457,2.8405096537551007,A
00700,腾讯控股,2020-05-31,-1.3654684543884077,4.85,0.6546494159313854,0.9166666666666666,1.038543897216274,T4,1.0331487654731961,0.18989346422509468,→,→,VP_NEUTRAL,32.78828717701812,CBI_ACTIVE,COST_NEUTRAL,-0.05793964351123615,-0.07337891704361676,0.02513619437644765,Stable,-0.07337891704361676,-0.2815398875027645,A
00700,腾讯控股,2020-06-30,22.6030634086676,4.83,0.5313394465493324,0.8333333333333334,0.9914471433458775,T4,0.9896050087504791,-0.3990494271421636,→,→,VP_STABLE_ASCENT,38.45036141285897,CBI_ACTIVE,COST_ADVANTAGE,-0.015752580639309177,0.05103074496643556,0.11980173332448851,Stable,0.05103074496643556,4.679723273016067,A
00700,腾讯控股,2020-07-31,7.40068927988391,5.03,0.5575332709593926,0.9166666666666666,0.9937438261442213,T4,0.9975581155512429,0.4028375366789958,→,→,VP_STABLE_ASCENT,38.533350060673556,CBI_ACTIVE,COST_NEUTRAL,-0.04209188873025593,-0.038971734990085216,0.20267478015858797,Stable,-0.038971734990085216,1.4713099960007772,A
00700,腾讯控股,2020-08-31,-0.6818949501773419,4.92,0.41998818870809945,0.8333333333333334,0.94464,T3,0.94217014347883,0.015761944557575847,→,→,VP_NEUTRAL,26.451643880228268,CBI_TURBULENT,COST_NEUTRAL,-0.06653718265232944,-0.0339828602875869,0.1944738015656302,Stable,-0.0339828602875869,-0.13859653458889062,A
00700,腾讯控股,2020-09-30,-3.724093952598573,3.49,-0.8565932249063574,0.16666666666666666,0.7833894500561167,T2,0.7870607387609799,-0.2733679166991554,↓,↓,VP_DECLINE_SILENT,57.05607975420112,CBI_STABLE,COST_DISADVANTAGE,-0.03995812178368352,-0.055779959744624796,-0.07054347986473919,Deteriorating,-0.055779959744624796,-1.0670756311170695,A
00700,腾讯控股,2020-10-31,16.1813083699468,2.96,-1.2891121872684888,0.08333333333333333,0.6809815950920245,T2,0.6844043491111916,-0.4109949622812401,↓,↓,VP_LOCKED_CANDIDATE,59.03045211369995,CBI_STABLE,COST_NEUTRAL,-0.036916770254650566,0.00806481967746131,0.07985474582292396,Improving,0.00806481967746131,5.466658233090135,A
00700,腾讯控股,2020-11-30,-4.904792672266356,5.08,0.46419830904398696,0.9166666666666666,1.1584948688711518,T3,1.1564614847279069,0.03492896731174722,↑,↑,VP_SELLING_ACTIVE,33.81508284121213,CBI_ACTIVE,COST_NEUTRAL,-0.07182107147807604,-0.07743948992742256,0.026890109378680638,Deteriorating,-0.07743948992742256,-0.9655103685563693,A
00700,腾讯控股,2020-12-31,0.1838492436202266,4.19,-0.32851531464080536,0.5,0.9793533307362681,T3,0.9809953957442401,0.19993532300074213,→,→,VP_NEUTRAL,47.3876625596427,CBI_ACTIVE,COST_DISADVANTAGE,-0.04493816244451909,-0.034675744670309205,-0.0532794281230452,Stable,-0.034675744670309205,0.043878101102679375,A
00700,腾讯控股,2021-01-31,21.60652663913989,6.69,1.6214688325136493,0.9166666666666666,1.4687156970362238,T5,1.4674109615877664,1.2482706607750536,↑,↑,VP_EXPANSION,42.86628269618317,CBI_ACTIVE,COST_NEUTRAL,-0.07910507424812263,0.011101688837517276,0.1512740044377665,Stable,0.011101688837517276,3.229675132905813,A
00700,腾讯控股,2021-02-28,-2.8737800377265588,4.29,-0.4272441428796736,0.4166666666666667,0.9640449438202247,T3,0.962236707659729,-0.15518162558453508,→,→,VP_NEUTRAL,56.848957674821754,CBI_STABLE,COST_NEUTRAL,-0.07930868115399137,-0.11357153339585258,0.1181889219186989,Stable,-0.11357153339585258,-0.6698787966728575,A
00700,腾讯控股,2021-03-31,-8.172191917315452,5.88,1.3965222867584361,0.9166666666666666,1.212787899621863,T4,1.2156945422238665,0.4041230834921592,↑,↑,VP_SELLING_ACTIVE,49.609688325468596,CBI_ACTIVE,COST_DISADVANTAGE,-0.046016586557610095,-0.08845580960763266,-0.11904998331944061,Deteriorating,-0.08845580960763266,-1.3898285573665734,A
00700,腾讯控股,2021-04-30,2.2032589105086986,6.05,1.3286414932325639,0.9166666666666666,1.1280298321939093,T4,1.1305623827747375,-0.09205024167386,↑,↑,VP_EXPANSION,44.06999498359693,CBI_ACTIVE,COST_NEUTRAL,-0.03951983868784059,-0.01871215820835115,-0.09964037357979838,Stable,-0.01871215820835115,0.36417502653036343,A
00700,腾讯控股,2021-05-31,-0.39768228604333267,3.98,-0.8330736596544024,0.25,0.7683397683397682,T2,0.7706885990218267,-0.06649971210898609,↓,↓,VP_SHRINK,63.72356294901811,CBI_STABLE,COST_NEUTRAL,-0.007048339443443852,0.0020764682076845897,-0.10322094432475748,Stable,0.0020764682076845897,-0.09992017237269665,A
00700,腾讯控股,2021-06-30,-5.830066304131809,3.32,-1.3492556715374717,0.16666666666666666,0.6593843098311817,T2,0.6619926311310319,-0.433699201355744,↓,↓,VP_DECLINE_SILENT,67.62406778971605,CBI_STABLE,COST_DISADVANTAGE,-0.03157780891681472,-0.05511395234930394,-0.06671344057528783,Deteriorating,-0.05511395234930394,-1.7560440675095812,A
00700,腾讯控股,2021-07-31,-18.569181183332063,8.68,3.5163213061802705,1.0,1.6173913043478259,T5,1.6142728060652292,0.43081423527789053,↑↑,↑↑,VP_PANIC,29.02378359982489,CBI_TURBULENT,COST_DISADVANTAGE,-0.015701308616640985,-0.09242990626387737,-0.24001711275454873,Deteriorating,-0.09242990626387737,-2.139306587941482,A
00700,腾讯控股,2021-08-31,0.47826599128284464,9.25,2.606611220147167,1.0,1.493541442411195,T5,1.4937174481906812,1.319903139904326,↑,↑,VP_DIVERGENCE_HIGH,23.75873887517593,CBI_TURBULENT,COST_NEUTRAL,0.003020654364471742,0.02134512632831198,-0.2363823730652842,Deteriorating,0.02134512632831198,0.051704431490037256,A
00700,腾讯控股,2021-09-30,-4.281560682798724,5.78,0.14775520008905194,0.5833333333333334,0.9357798165137615,T3,0.9359885134793815,0.7357940299741801,→,→,VP_NEUTRAL,35.59821882440284,CBI_ACTIVE,COST_DISADVANTAGE,-0.03229589004641131,-0.07816893492412602,-0.07652390850634072,Stable,-0.07816893492412602,-0.7407544433907827,A
00700,腾讯控股,2021-10-31,4.4265347116750675,3.3600000000000003,-1.3203485886323094,0.16666666666666666,0.5865580448065173,T2,0.5908364267785833,-0.6087984531883377,↓,↓,VP_LOCKED_CANDIDATE,50.77390600191291,CBI_STABLE,COST_DISADVANTAGE,-0.06113789095858213,-0.054511639714194815,-0.03564591876235357,Improving,-0.054511639714194815,1.317421045141389,A
00700,腾讯控股,2021-11-30,-4.670529451781658,5.26,-0.1702930600283465,0.5,0.885273492286115,T3,0.8859194411884411,-0.43059259007312645,↓,↓,VP_DECLINE_SILENT,38.94166058372726,CBI_ACTIVE,COST_DISADVANTAGE,-0.07398314543817408,-0.07508982747654935,-0.08068636014601627,Deteriorating,-0.07508982747654935,-0.8879333558520262,A
00700,腾讯控股,2021-12-31,-0.5905802450907993,4.12,-0.8324351952169355,0.3333333333333333,0.6781893004115226,T2,0.6800674350049605,-0.2847941915182416,↓,↓,VP_SHRINK,28.68339713104154,CBI_TURBULENT,COST_DISADVANTAGE,-0.02623260088158985,-0.03954735049792257,-0.07418821068328829,Stable,-0.03954735049792257,-0.14334471968223284,A
00700,腾讯控股,2022-01-31,6.733006584484369,4.23,-0.642793843712323,0.4166666666666667,0.7931250000000001,T2,0.7888447229044022,0.24343198422079748,↓,↓,VP_LOCKED_CANDIDATE,38.62625020015757,CBI_ACTIVE,COST_NEUTRAL,-0.023933170073348387,0.006513212089277021,-0.011853241948661442,Improving,0.006513212089277021,1.5917273249372028,A
00700,腾讯控股,2022-02-28,-11.190222180991693,3.8200000000000003,-0.8540917904026974,0.25,0.8626270229582236,T2,0.8398070313176818,-0.29612475536912386,↓,↓,VP_DECLINE_SILENT,41.68075476621229,CBI_ACTIVE,COST_DISADVANTAGE,-0.08300036991668625,-0.11635349825742236,-0.12242905964887263,Deteriorating,-0.11635349825742236,-2.929377534291019,A
00700,腾讯控股,2022-03-31,-11.657483090904341,9.92,2.386515670810984,1.0,1.9381309019863238,T5,1.9027720595568265,1.3259334502787454,↑↑,↑↑,VP_PANIC,19.329037473361772,CBI_TURBULENT,COST_DISADVANTAGE,-0.053630222352336165,-0.031272630082980424,-0.12363794420569918,Deteriorating,-0.031272630082980424,-1.175149505131486,A
00700,腾讯控股,2022-04-30,0.8986372638860152,4.09,-0.6422111091462592,0.4166666666666667,0.7805343511450381,T2,0.776610365032912,-0.048980813246630284,↓,↓,VP_SHRINK,36.68143898689348,CBI_ACTIVE,COST_NEUTRAL,0.0413375246234422,0.004461230326178622,-0.11576262820577421,Stable,0.004461230326178622,0.2197157124415685,A
00700,腾讯控股,2022-05-31,-3.7295286086778123,5.45,-0.07237146296144784,0.6666666666666666,1.033828643692697,T3,1.0248175518860707,0.4264767723090235,→,→,VP_NEUTRAL,33.334024717512726,CBI_ACTIVE,COST_NEUTRAL,0.01902146367953117,-0.016756959862591514,-0.14874051395546062,Stable,-0.016756959862591514,-0.6843171759041857,A
00700,腾讯控股,2022-06-30,-2.3128423615337845,5.91,0.0424313395846509,0.75,1.0610412926391382,T3,1.0576197125913473,-0.40299644418040836,→,→,VP_NEUTRAL,37.74844324910838,CBI_ACTIVE,COST_DISADVANTAGE,-0.101958680333462,-0.09770260551402665,-0.06666459367642597,Stable,-0.09770260551402665,-0.39134388520030194,A
00700,腾讯控股,2022-07-31,-14.084112149532702,4.21,-0.6560314750198921,0.4166666666666667,0.7562874251497005,T2,0.756576046132824,0.021702977705440274,↓,↓,VP_DECLINE_SILENT,43.0092202474112,CBI_ACTIVE,COST_DISADVANTAGE,-0.08996043453553915,-0.13298739538172977,-0.19811659903433487,Deteriorating,-0.13298739538172977,-3.3453948098652497,A
00700,腾讯控股,2022-08-31,7.027085826172086,4.76,-0.19985132265479524,0.5833333333333334,0.8316831683168316,T3,0.8306193451025724,-0.1267179121805282,↓,↓,VP_LOCKED_CANDIDATE,33.121386556169384,CBI_ACTIVE,COST_NEUTRAL,-0.019035329155693392,0.010247729957373108,-0.1417675642226499,Improving,0.010247729957373108,1.4762785349101022,A
00700,腾讯控股,2022-09-30,-19.56499644272793,4.36,-0.38060638376478484,0.5833333333333334,0.9089645587213343,T3,0.9077998968341766,-0.26266899548987155,→,→,VP_NEUTRAL,31.76603004365836,CBI_ACTIVE,COST_DISADVANTAGE,-0.09555098044779342,-0.1561783439925606,-0.2001552404716188,Stable,-0.1561783439925606,-4.487384505212828,A
00700,腾讯控股,2022-10-31,-24.32398281526409,6.88,1.0785744389124978,0.9166666666666666,1.3075704783021855,T4,1.3090170806294406,0.6348692376560627,↑,↑,VP_SELLING_ACTIVE,21.618787679736087,CBI_TURBULENT,COST_DISADVANTAGE,-0.10285659453951013,-0.17831722365888025,-0.3947093423280926,Deteriorating,-0.17831722365888025,-3.535462618497687,A
00700,腾讯控股,2022-11-30,43.140201480492024,9.6,2.5205410139534927,0.9166666666666666,1.612541993281075,T5,1.6076219841133308,1.0108518764504346,↑↑,↑↑,VP_OVERHEAT,20.944609285203477,CBI_TURBULENT,COST_NEUTRAL,-0.029599273328323683,0.03180731160880779,-0.13358573306583654,Deteriorating,0.03180731160880779,4.493770987551253,A
00700,腾讯控股,2022-12-31,17.283614589003804,5.97,0.1065447125586675,0.75,1.0011179429849077,T3,1.003533735855143,0.37218430024611404,→,→,VP_STABLE_ASCENT,25.414423776576363,CBI_TURBULENT,COST_NEUTRAL,-0.04332936734158899,0.005351823610981965,0.19035202156847109,Improving,0.005351823610981965,2.8950778206036523,A
00700,腾讯控股,2023-01-31,21.539634651725635,5.53,-0.18577462866323094,0.5833333333333334,0.8943396226415095,T3,0.8591140356298111,-0.23466690265611556,↓,↓,VP_LOCKED_CANDIDATE,25.67947328216291,CBI_TURBULENT,COST_NEUTRAL,-0.09938835497319098,-0.007107513353332484,0.4467494980837501,Improving,-0.007107513353332484,3.8950514740914346,A
00700,腾讯控股,2023-02-28,-10.529187124931816,4.76,-0.6770279213449838,0.4166666666666667,0.7698113207547169,T2,0.737389501810788,-0.5302002035675957,↓,↓,VP_DECLINE_SILENT,38.182052299560304,CBI_ACTIVE,COST_NEUTRAL,-0.0858062822318767,-0.12072443018382129,0.2944185362015004,Deteriorating,-0.12072443018382129,-2.212014101876432,A
00700,腾讯控股,2023-03-31,12.865853658536587,6.0200000000000005,0.2830855859388456,0.8333333333333334,0.9318885448916409,T3,0.9035635023831042,-0.045611432518136374,→,→,VP_STABLE_ASCENT,31.189307496640787,CBI_ACTIVE,COST_ADVANTAGE,-0.029133198077577305,0.029716642901575163,0.009409472722827106,Improving,0.029716642901575163,2.1371849931123896,A
00700,腾讯控股,2023-04-30,-11.183144246353315,3.3000000000000003,-1.7202345957177132,0.08333333333333333,0.5628197839681638,T1,0.5510713784509546,-0.4049881657553488,↓,↓,VP_DECLINE_SILENT,51.8510271029221,CBI_STABLE,COST_DISADVANTAGE,-0.04203935890680377,-0.08639127978142935,-0.10347424464812105,Deteriorating,-0.08639127978142935,-3.3888315898040346,A
00700,腾讯控股,2023-05-31,-9.549878345498797,4.28,-0.8071606997073767,0.25,0.8600133958472874,T2,0.8467724166612505,-0.10058779282030827,↓,↓,VP_DECLINE_SILENT,47.521652459118066,CBI_ACTIVE,COST_DISADVANTAGE,-0.10513486224891966,-0.10182923115402664,-0.18909136362028967,Deteriorating,-0.10182923115402664,-2.231279987266074,A
00700,腾讯控股,2023-06-30,7.061197041022194,4.26,-0.7107415498107441,0.25,0.9079928952042629,T2,0.9099878859560455,-0.290607067622224,→,→,VP_STABLE_ASCENT,44.33050507431297,CBI_ACTIVE,COST_DISADVANTAGE,-0.05088906409647087,-0.0646606999307009,-0.07038969442569398,Improving,-0.0646606999307009,1.6575579908502802,A
00700,腾讯控股,2023-07-31,7.1608040201005085,4.0,-0.873963407541206,0.16666666666666666,0.9015777610818934,T2,0.9020915542269039,0.2087735670371733,→,→,VP_STABLE_ASCENT,50.21706697331551,CBI_STABLE,COST_NEUTRAL,0.0030066657621328208,0.004606806803737262,-0.003822122292860497,Improving,0.004606806803737262,1.7902010050251271,A
00700,腾讯控股,2023-08-31,-8.616647127784283,4.5,-0.512666573317338,0.5,1.024279210925645,T2,1.0261452004682707,0.058261758564712496,→,→,VP_NEUTRAL,40.75664954446924,CBI_ACTIVE,COST_DISADVANTAGE,-0.02863186727849687,-0.058899173455528975,-0.0896592547799352,Stable,-0.058899173455528975,-1.9148104728409518,A
00700,腾讯控股,2023-09-30,-6.0295060936497835,3.2,-1.300735025844881,0.08333333333333333,0.8156329651656754,T2,0.8131734135888301,-0.25298244667851866,↓,↓,VP_DECLINE_SILENT,52.55995940340374,CBI_STABLE,COST_DISADVANTAGE,-0.03052033647641983,-0.06888954224540977,-0.11110266313925232,Deteriorating,-0.06888954224540977,-1.8842206542655573,A
00700,腾讯控股,2023-10-31,-5.802047781569963,2.98,-1.208421062441179,0.08333333333333333,0.7700258397932815,T2,0.7663736242429205,-0.25917379221243375,↓,↓,VP_DECLINE_SILENT,52.63799369857535,CBI_STABLE,COST_DISADVANTAGE,-0.04314043937012957,-0.07486536177751058,-0.16267691135301587,Deteriorating,-0.07486536177751058,-1.9469958998556924,A
00700,腾讯控股,2023-11-30,13.695652173913043,4.23,-0.20314209711611422,0.4166666666666667,1.0953819594302978,T3,1.0885812338376826,-0.06954052318012938,→,→,VP_STABLE_ASCENT,48.06584917367114,CBI_ACTIVE,COST_NEUTRAL,-0.03707583517424029,-0.006967473647713107,-0.04800005356005932,Improving,-0.006967473647713107,3.237742830712303,A
00700,腾讯控股,2023-12-31,-10.643722115997456,5.4,1.256591780210737,0.8333333333333334,1.332784862196627,T4,1.3225860603603568,0.6713926813598663,↑,↑,VP_SELLING_ACTIVE,33.113501380606344,CBI_ACTIVE,COST_DISADVANTAGE,-0.027378043626775983,-0.05118009592750372,-0.07480239058429283,Deteriorating,-0.05118009592750372,-1.9710596511106397,A
00700,腾讯控股,2024-01-31,-8.202567760342372,5.58,1.498190621230516,0.9166666666666666,1.2931633835457705,T4,1.2829819334381214,0.8537483309188643,↑,↑,VP_SELLING_ACTIVE,39.85900136765341,CBI_ACTIVE,COST_DISADVANTAGE,-0.07076384732695451,-0.08738367216233289,-0.15069235141368398,Deteriorating,-0.08738367216233289,-1.4699942222835793,A
00700,腾讯控股,2024-02-29,2.564102564102577,3.8200000000000003,-0.5497061088764977,0.3333333333333333,0.9091630305434352,T2,0.9085564813246558,-0.09959700456526166,→,→,VP_STABLE_ASCENT,59.211454281222004,CBI_STABLE,COST_DISADVANTAGE,-0.08256585212430079,-0.07176172400074687,-0.128915232219163,Improving,-0.07176172400074687,0.6712310377231877,A
00700,腾讯控股,2024-03-31,10.075757575757581,5.07,1.1739637419932691,0.8333333333333334,1.1233382570162485,T4,1.1152415686713246,-0.06825731496768073,↑,↑,VP_EXPANSION,48.17136399050085,CBI_ACTIVE,COST_NEUTRAL,-0.02861586558646456,0.012835430529910097,0.021896929456909353,Stable,0.012835430529910097,1.9873289104058345,A
00700,腾讯控股,2024-04-30,14.93461803165863,5.08,0.9925973743347591,0.8333333333333334,1.0445510623714873,T4,1.0470459462941015,-0.08513111449155031,→,→,VP_STABLE_ASCENT,49.71764459038299,CBI_ACTIVE,COST_ADVANTAGE,-0.00018749042209631472,0.03946948969026898,0.17451333254854684,Stable,0.03946948969026898,2.9398854393028797,A
00700,腾讯控股,2024-05-31,4.79041916167664,5.5600000000000005,1.4544063473696245,0.9166666666666666,1.0934119960668633,T4,1.0885757957298696,0.44278156792312173,→,→,VP_STABLE_ASCENT,47.22499620143349,CBI_ACTIVE,COST_NEUTRAL,-0.057053880601644846,-0.0729222765447961,0.23077744428739932,Stable,-0.0729222765447961,0.861586180157669,A
00700,腾讯控股,2024-06-30,3.600000000000003,3.74,-0.8539686439637219,0.25,0.7778162911611786,T2,0.7729328214066281,-0.26443979008449436,↓,↓,VP_LOCKED_CANDIDATE,72.56452265059463,CBI_LOCKED_CANDIDATE,COST_NEUTRAL,-0.039366310850097785,-0.04277427867674466,0.013212191471122958,Improving,-0.04277427867674466,0.962566844919787,A
00700,腾讯控股,2024-07-31,-2.8130170987313963,4.1,-0.41116164056495946,0.4166666666666667,0.8987943003288269,T3,0.8920708522153997,-0.2048071698922841,↓,↓,VP_DECLINE_SILENT,68.64004184132405,CBI_STABLE,COST_DISADVANTAGE,-0.025385756368666357,-0.05418340082761586,-0.01528964072139083,Deteriorating,-0.05418340082761586,-0.6861017313979015,A
00700,腾讯控股,2024-08-31,5.618615209988653,3.8600000000000003,-0.6337085407548824,0.4166666666666667,0.8449470995986865,T2,0.8365638001370703,-0.31363570285336495,↓,↓,VP_LOCKED_CANDIDATE,64.89722118356696,CBI_STABLE,COST_NEUTRAL,-0.019488271491317044,0.0032810180244315923,0.04003744529937103,Improving,0.0032810180244315923,1.455599795333848,A
00700,腾讯控股,2024-09-30,16.818914562063412,5.0200000000000005,0.6280286345467723,0.5833333333333334,1.1008771929824561,T4,1.096178574011361,0.3375410538220158,→,↑,VP_NEUTRAL,56.98000489213587,CBI_STABLE,COST_ADVANTAGE,0.04491043964925279,0.07255662212150993,0.12990515396483393,Stable,0.07255662212150993,3.3503813868652212,A
00700,腾讯控股,2024-10-31,-9.199632014719406,5.87,1.7065654846970526,1.0,1.2511545293072823,T5,1.2420054780986263,0.41979173803565395,↑,↑,VP_SELLING_ACTIVE,47.18253971634626,CBI_ACTIVE,COST_NEUTRAL,-0.06772063709748288,-0.10219367265192836,0.02595803768472038,Deteriorating,-0.10219367265192836,-1.5672286226097794,A
00700,腾讯控股,2024-11-30,-1.6717325227963542,4.53,-0.39156706732201124,0.4166666666666667,1.002212389380531,T3,0.9968079887413236,0.1689132587122406,→,→,VP_NEUTRAL,68.96262216640248,CBI_STABLE,COST_NEUTRAL,-0.023434118746368693,-0.049042028093839174,0.008806763498501624,Stable,-0.049042028093839174,-0.36903587699698764,A
00700,腾讯控股,2024-12-31,4.894384337970115,4.13,-0.8348291652854095,0.4166666666666667,0.9007633587786259,T2,0.9008096912504983,-0.18065518350604082,→,→,VP_STABLE_ASCENT,66.80742150198533,CBI_STABLE,COST_NEUTRAL,-0.030329627483169252,-0.014627133800845238,-0.035930820693349186,Improving,-0.014627133800845238,1.1850809535036597,A
00700,腾讯控股,2025-01-31,-3.8801571709233817,7.53,4.109068914573801,1.0,1.4602456367162249,T5,1.4535706575748812,0.2783454045503413,↑,↑,VP_SELLING_ACTIVE,45.59349321425489,CBI_ACTIVE,COST_NEUTRAL,-0.015376356784681078,0.023212508164498047,-0.0733382200868784,Deteriorating,0.023212508164498047,-0.5152931169884969,A
00700,腾讯控股,2025-02-28,19.775166070516104,10.55,5.328342573092075,1.0,1.6821684825936751,T5,1.6687891178508723,1.3072752515124235,↑↑,↑↑,VP_OVERHEAT,33.026818084452636,CBI_ACTIVE,COST_NEUTRAL,-0.05224733807649784,-0.009743288391961036,0.10991068580294172,Deteriorating,-0.009743288391961036,1.8744233242195358,A
00700,腾讯控股,2025-03-31,3.924914675767921,7.55,1.090656615275114,0.9166666666666666,1.1279880478087652,T4,1.1221521303282336,0.8032714277398381,↑,↑,VP_EXPANSION,38.15354540492579,CBI_ACTIVE,COST_NEUTRAL,-0.041738529592243334,-0.0576934591829259,0.06050214645329821,Stable,-0.0576934591829259,0.5198562484460822,A
00700,腾讯控股,2025-04-30,-4.064039408866993,7.28,0.7980216061393643,0.75,1.0507577579985565,T4,1.0480770890162123,-0.03847156294617693,→,→,VP_NEUTRAL,41.31130173402035,CBI_ACTIVE,COST_ADVANTAGE,-0.008549208173786016,0.024453361798666418,0.017402921289555673,Stable,0.024453361798666418,-0.5582471715476638,A
00700,腾讯控股,2025-05-31,5.455712451861361,4.51,-0.6418997569615812,0.4166666666666667,0.6512635379061372,T2,0.649764238481716,-0.5722517614073399,↓,↓,VP_LOCKED_CANDIDATE,48.940624708769384,CBI_ACTIVE,COST_NEUTRAL,-0.026482670214655002,-0.030192165651826364,0.07290949915195122,Improving,-0.030192165651826364,1.2096923396588384,A
00700,腾讯控股,2025-06-30,0.9738283627510613,3.68,-1.1110478131125363,0.08333333333333333,0.5372262773722628,T2,0.5398124849557127,-0.5092025033500929,↓,↓,VP_SHRINK,56.600642801683115,CBI_STABLE,COST_NEUTRAL,-0.02135161778327599,-0.02123496744175979,0.028598710845860964,Stable,-0.02123496744175979,0.2646272724867014,A
00700,腾讯控股,2025-07-31,9.443439823186672,4.46,-0.6890894425800941,0.3333333333333333,0.7036550092032605,T2,0.7049924634632077,-0.3861409181400953,↓,↓,VP_LOCKED_CANDIDATE,57.612533988841186,CBI_STABLE,COST_ADVANTAGE,0.005989100610273024,0.03936430094483567,0.12573381112666393,Improving,0.03936430094483567,2.1173631890553075,A
00700,腾讯控股,2025-08-31,8.536809252799715,4.57,-0.6774656907319527,0.5,0.8555382215288613,T2,0.8547593827800725,0.013578757357733506,↓,↓,VP_LOCKED_CANDIDATE,49.769223811412495,CBI_ACTIVE,COST_NEUTRAL,-0.023373046698173527,0.013158092264295984,0.22183555927681953,Improving,0.013158092264295984,1.8680107774178807,A
00700,腾讯控股,2025-09-30,11.248308525033824,4.49,-0.6892922510559982,0.3333333333333333,0.9292859606760951,T2,0.9248857481285926,0.20762787897673673,→,→,VP_STABLE_ASCENT,53.792264437621085,CBI_STABLE,COST_ADVANTAGE,0.022028899847587935,0.03685169876620731,0.13267301600503,Improving,0.03685169876620731,2.5051912082480676,A
00700,腾讯控股,2025-10-31,-5.169530180933557,3.65,-1.0241585931826642,0.08333333333333333,0.863564668769716,T2,0.8545043971609219,-0.1930837912658263,↓,↓,VP_DECLINE_SILENT,57.62015344177693,CBI_STABLE,COST_NEUTRAL,-0.03688794742254864,-0.02860181889590685,0.07411914259135965,Deteriorating,-0.02860181889590685,-1.4163096386119334,A
00700,腾讯控股,2025-11-30,-2.805836139169471,3.37,-1.0885482128768158,0.08333333333333333,0.8348472336911643,T2,0.8357496612258339,-0.2626393303753447,↓,↓,VP_DECLINE_SILENT,57.71456835632181,CBI_STABLE,COST_NEUTRAL,-0.021851319543487402,-0.03865861613177801,0.043981119510793976,Deteriorating,-0.03865861613177801,-0.8325923261630477,A
00700,腾讯控股,2025-12-31,-2.062025734081163,3.22,-1.095316836849527,0.08333333333333333,0.8131313131313133,T2,0.8121830200716259,-0.2825925111608888,↓,↓,VP_DECLINE_SILENT,57.114472458831344,CBI_STABLE,COST_DISADVANTAGE,-0.023132541518172012,-0.02005625578756043,-0.052896408548472884,Deteriorating,-0.02005625578756043,-0.6403806627581252,A
00700,腾讯控股,2026-01-31,1.179046656560545,5.0,-0.09707116649474731,0.75,1.234567901234568,T3,1.2329627652773951,0.37842356216670225,↑,↑,VP_DIVERGENCE_HIGH,24.38751179391716,CBI_TURBULENT,COST_DISADVANTAGE,-0.017790554580304097,-0.024371212086912286,-0.04172961531929875,Deteriorating,-0.024371212086912286,0.23580933131210902,A
00700,腾讯控股,2026-02-28,-14.64957549525553,6.38,1.2070378224671072,0.8333333333333334,1.4661049406357718,T4,1.4635490248676788,0.879297769626378,↑,↑,VP_SELLING_ACTIVE,30.138849502457134,CBI_ACTIVE,COST_DISADVANTAGE,-0.020327602907447728,-0.0629691635049422,-0.18211215877177367,Deteriorating,-0.0629691635049422,-2.2961717077203025,A
00700,腾讯控股,2026-03-31,-6.631558416227823,7.34,2.2914396152733185,1.0,1.5207182320441988,T5,1.5222121033606335,1.277510508745486,↑↑,↑↑,VP_PANIC,31.84145690412368,CBI_ACTIVE,COST_DISADVANTAGE,-0.04858559630475534,-0.08095988850758362,-0.137714639688714,Deteriorating,-0.08095988850758362,-0.9034820730555617,A
00700,腾讯控股,2026-04-30,-3.384165448088572,4.79,0.15206162181491484,0.75,0.9548172757475083,T3,0.9559823038015379,-0.03998084313761885,→,→,VP_NEUTRAL,35.302941616800986,CBI_ACTIVE,COST_DISADVANTAGE,-0.08618807035824783,-0.06625451382655223,-0.16689580291629458,Stable,-0.06625451382655223,-0.7065063565946914,A
00700,腾讯控股,2026-05-31,-7.632432432432434,6.5,1.5461296513588103,0.9166666666666666,1.1736382786638577,T5,1.173242366599342,0.02071745791111268,↑,↑,VP_SELLING_ACTIVE,30.598407026210474,CBI_ACTIVE,COST_DISADVANTAGE,-0.008399203322694282,-0.058786238880897734,-0.23048191785046712,Deteriorating,-0.058786238880897734,-1.1742203742203745,A
00700,腾讯控股,2026-06-30,0.6086142322097476,8.13,2.53982805995986,1.0,1.2789722076560044,T5,1.2745833065133039,0.10204505632216132,↑,↑,VP_DIVERGENCE_HIGH,40.47544098482072,CBI_ACTIVE,COST_DISADVANTAGE,0.016208956538681818,-0.038086417440872156,-0.06805973800669862,Deteriorating,-0.038086417440872156,0.0748602991647906,A
00700,腾讯控股,2026-07-31,10.563052582596555,8.37,2.008597301277717,1.0,1.2098289568778606,T5,1.2058895562024199,0.7349207537641178,↑,↑,VP_EXPANSION,37.888561320566446,CBI_ACTIVE,COST_ADVANTAGE,0.027836434940538002,0.02951014248627537,0.03038160190604189,Stable,0.02951014248627537,1.2620134507283818,A
00788,中国铁塔,2018-08-31,0.0,39.94,,,,,,,,,VP_NEUTRAL,,,,-0.22607009639771847,-0.2482881799739436,,Stable,-0.2482881799739436,0.0,A
00788,中国铁塔,2018-09-30,-6.322444678609063,19.38,,,,,,,,,VP_NEUTRAL,,,COST_DISADVANTAGE,-0.2404228671577502,-0.21851623296880096,-0.27503215340635656,Stable,-0.21851623296880096,-0.3262355355319434,A
00788,中国铁塔,2018-10-31,5.624296962879649,7.83,,,0.3498138495904692,,0.31374219646572865,,↓,↓,VP_LOCKED_CANDIDATE,,,COST_DISADVANTAGE,-0.17544732065870983,-0.18196775539477172,-0.2342578088285363,Improving,-0.18196775539477172,0.718301016970581,A
00788,中国铁塔,2018-11-30,-3.194888178913746,12.34,,,0.6209586111460561,,0.5671084139150399,-0.7402164138168033,↓,↓,VP_DECLINE_SILENT,,,COST_DISADVANTAGE,-0.2095776271751092,-0.21659328198552408,-0.25872241557522846,Deteriorating,-0.21659328198552408,-0.258905038809866,A
00788,中国铁塔,2018-12-31,35.2035203520352,26.95,,,1.2659714393085306,,1.1814934924132265,0.3892534937753447,↑,↑,VP_EXPANSION,,,COST_DISADVANTAGE,-0.17793000752799448,-0.08471287063129485,-0.026612533758139878,Improving,-0.08471287063129485,1.3062530742870204,A
00788,中国铁塔,2019-01-31,16.27339300244102,30.41,0.8032841482437538,0.8333333333333334,1.3332846181951041,T4,1.29673686301346,3.022326073322354,↑,↑,VP_EXPANSION,9.813473137525278,CBI_TURBULENT,COST_NEUTRAL,-0.14121012801180854,-0.09283654108517159,0.13179063405990088,Stable,-0.09283654108517159,0.5351329497678731,A
00788,中国铁塔,2019-02-28,12.596221133659903,36.93,1.2944198585603854,0.8571428571428571,1.6555588762701732,T4,1.7392350432823998,2.238124170765668,↑↑,↑↑,VP_OVERHEAT,6.562074080931195,CBI_TURBULENT,COST_NEUTRAL,-0.14609000215236978,-0.09804423779881788,0.27435348509613755,Deteriorating,-0.09804423779881788,0.34108370250906855,A
00788,中国铁塔,2019-03-31,-2.486016159105031,25.77,0.08397832698756952,0.5,1.1026171290023532,T3,1.1434343072979498,0.03566486492625365,↑,↑,VP_SELLING_ACTIVE,25.308224072657772,CBI_TURBULENT,COST_DISADVANTAGE,-0.13695215659049798,-0.1475458639663373,-0.09503833054250133,Deteriorating,-0.1475458639663373,-0.09646938917753323,A
00788,中国铁塔,2019-04-30,19.24792861695348,32.839999999999996,0.7503939459818254,0.7777777777777778,1.1924473493100942,T4,1.224312987464774,0.13032061033253872,↑,↑,VP_EXPANSION,7.743788084083315,CBI_TURBULENT,COST_NEUTRAL,-0.15860606280997758,-0.10541013236144203,0.07914804560546851,Stable,-0.10541013236144203,0.5861123208572924,A
00788,中国铁塔,2019-05-31,-19.241047568145387,35.06,0.9034134371141721,0.8,1.119174292402639,T4,1.1400176794592045,-0.05063873203475466,↑,↑,VP_SELLING_ACTIVE,0.06929271761134245,CBI_TURBULENT,COST_DISADVANTAGE,-0.15153546970705034,-0.20608685461976473,-0.12849134318019095,Deteriorating,-0.20608685461976473,-0.5488034103863487,A
00788,中国铁塔,2019-06-30,19.192587690271367,24.23,-0.2492568305691968,0.36363636363636365,0.7848196933707622,T3,0.7900083750262057,-0.060965137655805135,↓,↓,VP_LOCKED_CANDIDATE,17.518614288622697,CBI_TURBULENT,COST_DISADVANTAGE,-0.1284893930836699,-0.08624259394412714,-0.09412496204374099,Improving,-0.08624259394412714,0.7921001935729,A
00788,中国铁塔,2019-07-31,-0.5552470849528146,17.36,-0.9490857165781384,0.25,0.6049131773041407,T2,0.6055473502741502,-0.47063328188256925,↓,↓,VP_SHRINK,22.551195417302445,CBI_TURBULENT,COST_DISADVANTAGE,-0.13849165965076382,-0.15014359250527476,-0.0991548067853083,Stable,-0.15014359250527476,-0.0319842790871437,A
00788,中国铁塔,2019-08-31,-13.958682300390846,24.07,-0.043981792614953816,0.4166666666666667,0.9064206364149877,T3,0.9062124769512991,-0.31372255316641495,→,→,VP_NEUTRAL,23.616286325484936,CBI_TURBULENT,COST_DISADVANTAGE,-0.138011320124106,-0.17472552191690338,-0.22490092532448913,Stable,-0.17472552191690338,-0.5799203282256271,A
00788,中国铁塔,2019-09-30,-0.64892926670993,14.870000000000001,-1.1375709240073006,0.25,0.6010914235666645,T2,0.6012178755198605,-0.3856838710250783,↓,↓,VP_SHRINK,26.497168492818332,CBI_TURBULENT,COST_DISADVANTAGE,-0.15691741529691572,-0.17121599339017446,-0.2092335833385386,Stable,-0.17121599339017446,-0.04364016588499865,A
00788,中国铁塔,2019-10-31,-3.2658393207054215,16.29,-1.1944293776566008,0.25,0.7411282984531392,T2,0.7414544720683912,-0.06220313751554052,↓,↓,VP_DECLINE_SILENT,30.40841649671865,CBI_ACTIVE,COST_DISADVANTAGE,-0.11779619822034892,-0.13714084952713645,-0.23505874390880188,Deteriorating,-0.13714084952713645,-0.20048123515687058,A
00788,中国铁塔,2019-11-30,-8.777852802160702,15.12,-1.4982964723054795,0.16666666666666666,0.810434161157763,T2,0.8100973246089487,-0.371965670587142,↓,↓,VP_DECLINE_SILENT,33.67937312387146,CBI_ACTIVE,COST_DISADVANTAGE,-0.1709860086059517,-0.19171503246028176,-0.3022041613914864,Deteriorating,-0.19171503246028176,-0.5805458202487237,A
00788,中国铁塔,2019-12-31,8.882309400444122,14.25,-1.3531443403707395,0.08333333333333333,0.8385641428010985,T2,0.8386780645438556,-0.04149478421928143,↓,↓,VP_LOCKED_CANDIDATE,41.70835088566497,CBI_ACTIVE,COST_DISADVANTAGE,-0.12936194756565633,-0.12198163618843794,-0.12891891287724233,Improving,-0.12198163618843794,0.6233199579259032,A
00788,中国铁塔,2020-01-31,-6.118286879673695,16.32,-0.8641105891222387,0.4166666666666667,0.9702734839476815,T2,0.9708625868961144,0.0020987109988672703,→,→,VP_NEUTRAL,32.43296273332777,CBI_ACTIVE,COST_DISADVANTAGE,-0.17034279120511076,-0.20553333743294533,-0.18221415274199293,Stable,-0.20553333743294533,-0.37489502939177055,A
00788,中国铁塔,2020-02-29,18.82693700217233,21.62,0.02102564897419482,0.5833333333333334,1.317355539758302,T3,1.317232223157291,0.43075367099094763,↑,↑,VP_EXPANSION,26.801154526317283,CBI_TURBULENT,COST_DISADVANTAGE,-0.15102756393193217,-0.11270865253514639,-0.028250126466046632,Improving,-0.11270865253514639,0.8708111471865092,A
00788,中国铁塔,2020-03-31,-9.140767824497253,35.230000000000004,2.030691849755019,1.0,1.7788437263317347,T5,1.7799999323787505,1.4743469125231004,↑↑,↑↑,VP_PANIC,9.50815597271993,CBI_TURBULENT,COST_DISADVANTAGE,-0.09727952647080296,-0.1539037557225178,-0.16359644801526008,Deteriorating,-0.1539037557225178,-0.2594597736161582,A
00788,中国铁塔,2020-04-30,0.0,16.41,-0.6667018435016688,0.5,0.8277427490542245,T2,0.8272577784341414,0.004616174743291568,↓,↓,VP_SHRINK,26.649574371345402,CBI_TURBULENT,COST_DISADVANTAGE,-0.13979740045365263,-0.13481965484393943,-0.16359644801526008,Stable,-0.13481965484393943,0.0,A
00788,中国铁塔,2020-05-31,-10.999329309188466,19.31,-0.050795922011080276,0.6666666666666666,0.9408802988468409,T3,0.9400121103599659,-0.10744032206231391,→,→,VP_NEUTRAL,25.730022852031887,CBI_TURBULENT,COST_DISADVANTAGE,-0.13723115380566642,-0.17896308630973934,-0.255595229051811,Stable,-0.17896308630973934,-0.5696182966954152,A
00788,中国铁塔,2020-06-30,-14.318010550113037,21.79,0.4494187619575713,0.8333333333333334,1.000459136822773,T3,0.9998960455082802,-0.3823871753242497,→,→,VP_NEUTRAL,20.35562618651537,CBI_TURBULENT,COST_DISADVANTAGE,-0.22426731688564405,-0.24569377279048976,-0.2918302128837893,Stable,-0.24569377279048976,-0.6570908926164771,A
00788,中国铁塔,2020-07-31,3.518029903254183,30.78,1.916751065711783,0.9166666666666666,1.2724266225713103,T5,1.272310146097883,0.8761716571727516,↑,↑,VP_EXPANSION,17.92923664187095,CBI_TURBULENT,COST_DISADVANTAGE,-0.1643298989869698,-0.21957326364506913,-0.2669165880072295,Stable,-0.21957326364506913,0.11429596826686754,A
00788,中国铁塔,2020-08-31,5.947323704333063,28.3,1.2323090987399605,0.8333333333333334,1.1184297194045583,T4,1.1193582274544114,0.46814288020700623,↑,↑,VP_EXPANSION,11.581962524288919,CBI_TURBULENT,COST_DISADVANTAGE,-0.1554514750639232,-0.15087528462070687,-0.22331774447324992,Stable,-0.15087528462070687,0.21015278107183968,A
00788,中国铁塔,2020-09-30,-11.226944667201288,18.560000000000002,-0.422011670905767,0.5,0.8239733629300777,T3,0.82373226807349,-0.14814616489670118,↓,↓,VP_DECLINE_SILENT,25.55037673626561,CBI_TURBULENT,COST_DISADVANTAGE,-0.19119985470473821,-0.22864747984055722,-0.25013708922957434,Deteriorating,-0.22864747984055722,-0.6049000359483452,A
00788,中国铁塔,2020-10-31,-11.743450767841013,12.25,-1.4162400751333468,0.08333333333333333,0.5611115352316971,T2,0.562283122889026,-0.6010773222345474,↓,↓,VP_DECLINE_SILENT,42.38699933216863,CBI_ACTIVE,COST_DISADVANTAGE,-0.2160920062627666,-0.25728042897796166,-0.33819687098219886,Deteriorating,-0.25728042897796166,-0.9586490422727357,A
00788,中国铁塔,2020-11-30,1.0235414534288667,24.27,0.42305551905424477,0.75,1.071129091577786,T3,1.0707688095431585,-0.14335449817809298,→,→,VP_NEUTRAL,23.82154194882316,CBI_TURBULENT,COST_DISADVANTAGE,-0.19511581376034115,-0.22666361600109763,-0.3314230416166124,Stable,-0.22666361600109763,0.042173113037860185,A
00788,中国铁塔,2020-12-31,-8.105369807497453,15.13,-1.0858190682816045,0.16666666666666666,0.7021424704153453,T2,0.7032494559456158,-0.18272278671406084,↓,↓,VP_DECLINE_SILENT,40.99478247521928,CBI_ACTIVE,COST_DISADVANTAGE,-0.2173680025812943,-0.23080156638729998,-0.27849729192577366,Deteriorating,-0.23080156638729998,-0.5357151227691641,A
00788,中国铁塔,2021-01-31,-2.205071664829117,38.67,2.4764972221409,1.0,1.6913544248432717,T5,1.6897109343888506,2.1479385032389295,↑↑,↑↑,VP_PANIC,17.08219255739789,CBI_TURBULENT,COST_DISADVANTAGE,-0.23342501280207484,-0.23848386267077393,-0.2944069437024932,Deteriorating,-0.23848386267077393,-0.05702279971112275,A
00788,中国铁塔,2021-02-28,4.509582863585115,22.77,-0.11371912715169885,0.5833333333333334,1.0377516141283707,T3,1.037360588576866,-0.06188703959330377,→,→,VP_STABLE_ASCENT,26.72746681389291,CBI_TURBULENT,COST_DISADVANTAGE,-0.23198575280190215,-0.2113144612153962,-0.26258764014905434,Improving,-0.2113144612153962,0.1980493132887622,A
00788,中国铁塔,2021-03-31,-1.0787486515641764,26.369999999999997,0.5194593882521724,0.75,1.1345188584540367,T4,1.1346938218344755,0.7399597359651375,↑,↑,VP_DIVERGENCE_HIGH,24.894637328043956,CBI_TURBULENT,COST_DISADVANTAGE,-0.1961645191541297,-0.23503185628948775,-0.2213856241851868,Deteriorating,-0.23503185628948775,-0.040908177912938055,A
00788,中国铁塔,2021-04-30,-3.271537622682663,11.31,-1.7091884934759936,0.08333333333333333,0.48989315622292806,T1,0.4895744785630561,-0.7075316580176225,↓,↓,VP_DECLINE_SILENT,43.03429629072558,CBI_ACTIVE,COST_DISADVANTAGE,-0.20628771427659254,-0.22223135675787486,-0.24685828642558427,Deteriorating,-0.22223135675787486,-0.28926062092684907,A
00788,中国铁塔,2021-05-31,-3.7204058624577208,9.21,-1.719243351076086,0.08333333333333333,0.4475943625465738,T1,0.4473485088131108,-0.595637946838949,↓,↓,VP_DECLINE_SILENT,43.15893137780914,CBI_ACTIVE,COST_DISADVANTAGE,-0.19569912654261656,-0.2119426407261551,-0.2748782148900214,Deteriorating,-0.2119426407261551,-0.40395286237325956,A
00788,中国铁塔,2021-06-30,1.1709601873536535,13.700000000000001,-0.8990537743175148,0.3333333333333333,0.6736048512660822,T2,0.6734333795369662,-0.48098040436527134,↓,↓,VP_SHRINK,35.0828671742797,CBI_ACTIVE,COST_DISADVANTAGE,-0.19813993215231096,-0.2038044766598498,-0.21670409035217464,Stable,-0.2038044766598498,0.08547154652216449,A
00788,中国铁塔,2021-07-31,-4.629629629629628,13.72,-0.7415039526535033,0.4166666666666667,0.8479604449938196,T2,0.8490439993386416,0.21544791915813,↓,↓,VP_DECLINE_SILENT,35.31922508384754,CBI_ACTIVE,COST_DISADVANTAGE,-0.19684886920413291,-0.2131430183717442,-0.25296778987290724,Deteriorating,-0.2131430183717442,-0.33743656192635774,A
00788,中国铁塔,2021-08-31,-1.2135922330097082,9.67,-1.0934991203715656,0.16666666666666666,0.6908787806620625,T2,0.6912816845159894,0.051331683296310215,↓,↓,VP_SHRINK,48.07924746299562,CBI_ACTIVE,COST_DISADVANTAGE,-0.20027744948479775,-0.22746119676200205,-0.26203371475309045,Stable,-0.22746119676200205,-0.12550074798445793,A
00788,中国铁塔,2021-09-30,0.0,5.78,-1.3980571747592103,0.08333333333333333,0.547089446284903,T2,0.5467879115094311,-0.5780769759828399,↓,↓,VP_SHRINK,47.82241610642837,CBI_ACTIVE,COST_DISADVANTAGE,-0.19732938064041416,-0.215411156662342,-0.22285539717695135,Stable,-0.215411156662342,0.0,A
00788,中国铁塔,2021-10-31,-1.2285012285012442,4.11,-1.429662623224564,0.08333333333333333,0.43886812600106784,T2,0.44089547360801296,-0.6992813888257601,↓,↓,VP_SHRINK,47.67093142228559,CBI_ACTIVE,COST_DISADVANTAGE,-0.21603920927563258,-0.21916733457061766,-0.23240262816986357,Stable,-0.21916733457061766,-0.2989054083944633,A
00788,中国铁塔,2021-11-30,-2.487562189054715,6.640000000000001,-0.915171211619905,0.25,0.7430063409175681,T2,0.7444167362392852,-0.3118604185784709,↓,↓,VP_DECLINE_SILENT,41.70317404661763,CBI_ACTIVE,COST_DISADVANTAGE,-0.22726420607046627,-0.2222184172404369,-0.2514970901556878,Deteriorating,-0.2222184172404369,-0.3746328597973968,A
00788,中国铁塔,2021-12-31,-16.581632653061217,7.16,-0.7557779857920155,0.3333333333333333,0.9124893797790994,T2,0.912769179523011,0.24180171049816224,→,→,VP_NEUTRAL,24.666822184727145,CBI_TURBULENT,COST_DISADVANTAGE,-0.23297221359269815,-0.28120190674720036,-0.32839563567010455,Stable,-0.28120190674720036,-2.31587048227112,A
00788,中国铁塔,2022-01-31,12.23241590214068,6.17,-0.8480282337945062,0.25,0.936503921072603,T2,0.9347104549336681,0.4927489269792811,→,→,VP_STABLE_ASCENT,40.931649174078785,CBI_ACTIVE,COST_DISADVANTAGE,-0.21549488423911078,-0.19810418036964905,-0.24624219660834357,Improving,-0.19810418036964905,1.9825633552902238,A
00788,中国铁塔,2022-02-28,-4.087193460490457,5.08,-0.8927999187252802,0.16666666666666666,0.8723526044647968,T2,0.8702436127860721,-0.23809534105688546,↓,↓,VP_DECLINE_SILENT,43.019249367877094,CBI_ACTIVE,COST_DISADVANTAGE,-0.2461728121062693,-0.2641150842914711,-0.277049736256504,Deteriorating,-0.2641150842914711,-0.8045656418288302,A
00788,中国铁塔,2022-03-31,-4.261363636363635,10.97,0.7974967491567694,0.75,1.6401694492898082,T4,1.6383263873606773,0.5291647558897365,↑↑,↑↑,VP_PANIC,34.22539029372879,CBI_ACTIVE,COST_DISADVANTAGE,-0.23593524829862167,-0.2048754964980709,-0.24384751093428136,Deteriorating,-0.2048754964980709,-0.388456119996685,A
00788,中国铁塔,2022-04-30,5.934718100890191,4.73,-1.1490406109073725,0.16666666666666666,0.6964417177914111,T2,0.6943081452961464,-0.23514617016042616,↓,↓,VP_LOCKED_CANDIDATE,46.70420074860427,CBI_ACTIVE,COST_DISADVANTAGE,-0.19766625391778947,-0.20671913650863816,-0.19897199229536644,Improving,-0.20671913650863816,1.2546972729154735,A
00788,中国铁塔,2022-05-31,4.341736694677878,5.47,-0.7523345618593499,0.3333333333333333,0.8292066700353714,T2,0.8282454195783827,0.07635662441782909,↓,↓,VP_LOCKED_CANDIDATE,43.85505978612937,CBI_ACTIVE,COST_DISADVANTAGE,-0.18229719834768177,-0.1737231339681542,-0.16419346535020718,Improving,-0.1737231339681542,0.7937361416230124,A
00788,中国铁塔,2022-06-30,12.080536912751661,6.8,-0.14992250520673467,0.6666666666666666,1.0402855685874552,T3,1.0398780865801234,-0.38101991814511216,→,→,VP_STABLE_ASCENT,45.064725280401916,CBI_ACTIVE,COST_DISADVANTAGE,-0.117837049990278,-0.13202539870938268,-0.09764586282669896,Improving,-0.13202539870938268,1.7765495459928915,A
00788,中国铁塔,2022-07-31,0.0,4.73,-0.9446861123007662,0.25,0.7511911064055056,T2,0.751708122702311,0.002446193978625333,↓,↓,VP_SHRINK,57.6219429194064,CBI_STABLE,COST_DISADVANTAGE,-0.17492605371547643,-0.1756019374534049,-0.09764586282669896,Stable,-0.1756019374534049,0.0,A
00788,中国铁塔,2022-08-31,-3.592814371257469,3.98,-1.2185608386996458,0.08333333333333333,0.6510359869138495,T2,0.6536868611169073,-0.26864882260192313,↓,↓,VP_DECLINE_SILENT,64.46204400676544,CBI_STABLE,COST_DISADVANTAGE,-0.1959425783545684,-0.19066869774603212,-0.13006577194669766,Deteriorating,-0.19066869774603212,-0.9027171787079068,A
00788,中国铁塔,2022-09-30,-17.391304347826086,5.07,-0.4853866076828566,0.4166666666666667,0.9883040935672516,T3,0.9894914423523294,-0.2528276408874095,→,→,VP_NEUTRAL,43.45029871957587,CBI_ACTIVE,COST_DISADVANTAGE,-0.22249087931576872,-0.27117278957066226,-0.3148936141174229,Stable,-0.27117278957066226,-3.430237543949918,A
00788,中国铁塔,2022-10-31,-19.548872180451138,4.61,-0.8044825026958471,0.16666666666666666,0.9021526418786693,T2,0.9036776292891292,-0.023177444533528213,→,→,VP_NEUTRAL,51.62224435473055,CBI_STABLE,COST_DISADVANTAGE,-0.2810488856379122,-0.32719960671218595,-0.4488241857937162,Stable,-0.32719960671218595,-4.2405362647399425,A
00788,中国铁塔,2022-11-30,24.299065420560773,6.66,0.41631054064924033,0.75,1.2546310832025118,T3,1.2576243685887942,0.6734754959204932,↑,↑,VP_EXPANSION,39.82824841459768,CBI_ACTIVE,COST_DISADVANTAGE,-0.19044982856625647,-0.17192032896858822,-0.3148936141174229,Improving,-0.17192032896858822,3.6485083214055214,A
00788,中国铁塔,2022-12-31,0.0,10.82,2.7225601039493355,0.9166666666666666,1.8098689712851963,T5,1.8078534360147016,1.1333939653452347,↑↑,↑↑,VP_NEUTRAL,21.84567825861724,CBI_TURBULENT,COST_DISADVANTAGE,-0.20535661987947507,-0.22740988381333083,-0.1984406638681755,Stable,-0.22740988381333083,0.0,A
00788,中国铁塔,2023-01-31,7.518796992481214,5.48,-0.3378231009407535,0.6666666666666666,0.8978700163844893,T3,0.8989448665607371,0.1902112784266874,↓,↓,VP_LOCKED_CANDIDATE,25.842798229917403,CBI_TURBULENT,COST_DISADVANTAGE,-0.215641053691477,-0.1956526656293064,-0.13817304461014357,Improving,-0.1956526656293064,1.3720432468031412,A
00788,中国铁塔,2023-02-28,-5.594405594405593,4.63,-0.7239512286242238,0.25,0.7453716125570163,T2,0.747946760670144,-0.30335223727128025,↓,↓,VP_DECLINE_SILENT,46.3932379487456,CBI_ACTIVE,COST_DISADVANTAGE,-0.22787433010953484,-0.24074046686656703,-0.1863871400165692,Deteriorating,-0.24074046686656703,-1.2082949447960245,A
00788,中国铁塔,2023-03-31,14.814814814814813,14.49,4.844093698123611,1.0,1.8620689655172413,T5,1.8587943359664678,0.3386378138187953,↑↑,↑↑,VP_OVERHEAT,16.085409890268686,CBI_TURBULENT,COST_DISADVANTAGE,-0.18818847511681813,-0.18547804727612738,-0.16281530837071634,Deteriorating,-0.18547804727612738,1.0224164813536794,A
00788,中国铁塔,2023-04-30,6.451612903225801,4.87,-0.5690293990648629,0.4166666666666667,0.6223642172523962,T2,0.621917929449553,-0.11332754406524603,↓,↓,VP_LOCKED_CANDIDATE,35.65629670473756,CBI_ACTIVE,COST_DISADVANTAGE,-0.16258072024659143,-0.15710346482812543,-0.10880339278173023,Improving,-0.15710346482812543,1.3247665099026285,A
00788,中国铁塔,2023-05-31,-12.484848484848488,4.87,-0.5467374480404107,0.5,0.6470327723649246,T2,0.6460812436869844,0.045458104384090925,↓,↓,VP_DECLINE_SILENT,31.214280033146892,CBI_ACTIVE,COST_DISADVANTAGE,-0.19466517616728118,-0.2222052841054325,-0.2200679388950415,Deteriorating,-0.2222052841054325,-2.563623918860059,A
00788,中国铁塔,2023-06-30,1.3850415512465464,4.04,-0.7499997458941151,0.16666666666666666,0.631578947368421,T2,0.631702732126194,-0.72074173642211,↓,↓,VP_SHRINK,46.01650500933799,CBI_ACTIVE,COST_DISADVANTAGE,-0.15818792723469843,-0.1691917307445956,-0.2148186367582121,Stable,-0.1691917307445956,0.34283206714023423,A
00788,中国铁塔,2023-07-31,1.3661202185792254,3.7600000000000002,-0.8093893116405957,0.08333333333333333,0.6153846153846154,T2,0.6198885048686744,-0.22149990048638035,↓,↓,VP_SHRINK,50.32866308800028,CBI_STABLE,COST_DISADVANTAGE,-0.14027413857830717,-0.14485193450659928,-0.20409211540244998,Stable,-0.14485193450659928,0.36332984536681523,A
00788,中国铁塔,2023-08-31,-16.172506738544477,5.890000000000001,-0.12900099862968017,0.75,0.9319620253164558,T3,0.9311529095531147,0.2102684429960795,→,→,VP_NEUTRAL,26.880371446005796,CBI_TURBULENT,COST_DISADVANTAGE,-0.2044805766434794,-0.22962455037661778,-0.33281037167159555,Stable,-0.22962455037661778,-2.745756661892101,A
00788,中国铁塔,2023-09-30,-1.6077170418006381,4.180000000000001,-0.6948944759509617,0.25,0.9083665338645418,T2,0.9047185188003972,0.03015344849078172,→,→,VP_NEUTRAL,44.69848925455853,CBI_ACTIVE,COST_DISADVANTAGE,-0.18120421561137712,-0.19296159155776937,-0.24364851228406204,Stable,-0.19296159155776937,-0.3846213018661813,A
00788,中国铁塔,2023-10-31,-3.26797385620915,4.32,-0.633339186433839,0.3333333333333333,0.957871396895787,T2,0.9594705494145114,0.1421637415435455,→,→,VP_NEUTRAL,40.60367791532559,CBI_ACTIVE,COST_DISADVANTAGE,-0.1844985015587034,-0.19528627695788492,-0.2683658811636679,Stable,-0.19528627695788492,-0.7564754296780439,A
00788,中国铁塔,2023-11-30,13.513513513513509,5.96,-0.05035975302635273,0.8333333333333334,1.2703374777975132,T3,1.2667408375371865,0.009995097130581332,↑,↑,VP_EXPANSION,24.147694799538336,CBI_TURBULENT,COST_DISADVANTAGE,-0.17478380017666428,-0.14203883297815245,-0.1694964056452446,Improving,-0.14203883297815245,2.267368039180119,A
00788,中国铁塔,2023-12-31,1.488095238095255,4.77,-0.31727965694496546,0.5,0.9909972299168974,T3,0.9871632100349116,0.14045832677220638,→,→,VP_NEUTRAL,35.347569818368996,CBI_ACTIVE,COST_DISADVANTAGE,-0.16311348389910452,-0.16293861118785458,-0.1250754096405905,Stable,-0.16293861118785458,0.31196965159229667,A
00788,中国铁塔,2024-01-31,7.331378299120228,10.68,1.7565324097177724,0.9166666666666666,1.7899441340782118,T5,1.7923311546601999,1.4667430876865204,↑↑,↑↑,VP_OVERHEAT,18.314895954899466,CBI_TURBULENT,COST_DISADVANTAGE,-0.06799292578228566,-0.11001455841714536,-0.06093137808931415,Deteriorating,-0.11001455841714536,0.6864586422397218,A
00788,中国铁塔,2024-02-29,10.92896174863387,12.03,1.8314723632227061,0.9166666666666666,1.721030042918455,T5,1.722902736961714,1.0238903811984956,↑↑,↑↑,VP_OVERHEAT,14.538019059366533,CBI_TURBULENT,COST_NEUTRAL,-0.16208571306654274,-0.137718696363749,0.041699072392727965,Deteriorating,-0.137718696363749,0.9084756233278364,A
00788,中国铁塔,2024-03-31,-6.157635467980283,13.57,2.8772084402260427,1.0,1.5862068965517242,T5,1.5846531746467398,1.8518032938159612,↑↑,↑↑,VP_PANIC,13.360690712969006,CBI_TURBULENT,COST_DISADVANTAGE,-0.15872583575061727,-0.1927079629363816,-0.16023498880378484,Deteriorating,-0.1927079629363816,-0.4537682732483628,A
00788,中国铁塔,2024-04-30,2.6246719160105014,8.63,0.5571294641216847,0.75,0.9306254493170382,T4,0.9331274736122427,-0.19046774712367087,→,→,VP_STABLE_ASCENT,27.613442642913945,CBI_TURBULENT,COST_DISADVANTAGE,-0.13875657173954514,-0.1375413806703063,-0.13819391239443524,Stable,-0.1375413806703063,0.3041334781008692,A
00788,中国铁塔,2024-05-31,5.242966751918154,10.09,0.8897041349584497,0.75,1.0128827170821482,T4,1.0119879064743884,-0.1627588055728204,→,→,VP_STABLE_ASCENT,30.197819172738296,CBI_ACTIVE,COST_DISADVANTAGE,-0.11679225056464648,-0.13556638200623072,-0.09300970575526879,Stable,-0.13556638200623072,0.5196200943427308,A
00788,中国铁塔,2024-06-30,10.93560145808019,11.19,1.066718711269114,0.8333333333333334,1.0143526212418794,T4,1.0144849938988063,-0.1740034928924057,→,→,VP_STABLE_ASCENT,21.20631617491018,CBI_TURBULENT,COST_DISADVANTAGE,-0.0779897865462077,-0.07753477023572541,-0.042018808143263864,Stable,-0.07753477023572541,0.9772655458516704,A
00788,中国铁塔,2024-07-31,-5.476451259583792,10.14,0.5673723533369468,0.6666666666666666,0.9267326732673267,T4,0.9282427309319403,0.17440814878735145,→,→,VP_NEUTRAL,34.066508253026726,CBI_ACTIVE,COST_DISADVANTAGE,-0.11738313427422553,-0.143041200909785,-0.09448218119127783,Stable,-0.143041200909785,-0.540083950649289,A
00788,中国铁塔,2024-08-31,0.0,6.69,-0.6273235208534752,0.4166666666666667,0.6655612667882608,T2,0.6658515393403197,-0.33574532028053605,↓,↓,VP_SHRINK,44.67050131330317,CBI_ACTIVE,COST_DISADVANTAGE,-0.11261788236771053,-0.10189837059066442,-0.09448218119127783,Stable,-0.10189837059066442,0.0,A
00788,中国铁塔,2024-09-30,9.50173812282733,11.52,0.8881272660092135,0.8333333333333334,1.1864057672502575,T4,1.1861250484802335,0.029752931224721335,↑,↑,VP_EXPANSION,29.578050747751824,CBI_TURBULENT,COST_DISADVANTAGE,-0.06424469842148406,-0.051346184282406226,-0.04712885669261846,Stable,-0.051346184282406226,0.824803656495428,A
00788,中国铁塔,2024-10-31,2.1164021164021385,18.06,3.2394371161807163,1.0,1.6008273009307135,T5,1.5988023407786407,0.7753193902491939,↑↑,↑↑,VP_OVERHEAT,23.429013071551154,CBI_TURBULENT,COST_DISADVANTAGE,-0.11155170103904144,-0.11392848660625565,-0.02696227164907583,Deteriorating,-0.11392848660625565,0.11718727111861232,A
00788,中国铁塔,2024-11-30,-3.1088082901554515,11.17,0.15057285591723915,0.5833333333333334,0.9745528573505889,T3,0.9739545482337147,0.667503450465118,→,→,VP_NEUTRAL,37.93485485500495,CBI_ACTIVE,COST_DISADVANTAGE,-0.08144014335763727,-0.09344352557128899,-0.05721214921438966,Stable,-0.09344352557128899,-0.27831766250272616,A
00788,中国铁塔,2024-12-31,10.6951871657754,9.03,-0.8087954526438099,0.25,0.8133913826752739,T2,0.8125039773105346,-0.21751262794077597,↓,↓,VP_LOCKED_CANDIDATE,50.73075861414959,CBI_STABLE,COST_DISADVANTAGE,-0.08914147833496622,-0.05171069912258042,-0.03521678885767443,Improving,-0.05171069912258042,1.184406109166711,A
00788,中国铁塔,2025-01-31,0.0,7.03,-1.4447665483220704,0.16666666666666666,0.664251968503937,T2,0.6670322399138132,-0.6086146715954044,↓,↓,VP_SHRINK,58.12947410530891,CBI_STABLE,COST_DISADVANTAGE,-0.08928309844034521,-0.07255751071499039,-0.03521678885767443,Stable,-0.07255751071499039,0.0,A
00788,中国铁塔,2025-02-28,-1.545893719806768,11.98,0.4402192002271955,0.8333333333333334,1.0449193196685564,T3,1.0462274913715788,0.0746384583552735,→,→,VP_NEUTRAL,46.26741217123376,CBI_ACTIVE,COST_DISADVANTAGE,-0.11321948521856018,-0.12869894270878923,-0.050131311928473754,Stable,-0.12869894270878923,-0.12903954255482203,A
00788,中国铁塔,2025-03-31,-5.691854759568205,11.85,0.4613175093410556,0.8333333333333334,1.0286458333333333,T3,1.0261482915657596,0.31020941445091577,→,→,VP_NEUTRAL,39.39824691951217,CBI_ACTIVE,COST_DISADVANTAGE,-0.11142532252738735,-0.1615605237409964,-0.16313949486163093,Stable,-0.1615605237409964,-0.48032529616609326,A
00788,中国铁塔,2025-04-30,8.116545265348618,8.05,-0.9535500361937661,0.25,0.8171206225680935,T2,0.817583572301323,0.14097485588093717,↓,↓,VP_LOCKED_CANDIDATE,58.84294420005716,CBI_STABLE,COST_DISADVANTAGE,-0.05545708827649076,-0.027269587605622037,-0.09521533315425013,Improving,-0.027269587605622037,1.0082664925898903,A
00788,中国铁塔,2025-05-31,7.025986525505279,4.82,-1.9413201142743783,0.08333333333333333,0.5481425322213798,T1,0.5482524081779395,-0.5980928061986472,↓,↓,VP_LOCKED_CANDIDATE,58.062178691799694,CBI_STABLE,COST_DISADVANTAGE,-0.045670585995445157,-0.0446233498262395,-0.03164528437683001,Improving,-0.0446233498262395,1.4576735530093938,A
00788,中国铁塔,2025-06-30,-3.7769784172661858,6.07,-1.1641144497740818,0.16666666666666666,0.7313253012048192,T2,0.7312004393587053,-0.4861863833103599,↓,↓,VP_DECLINE_SILENT,53.80730157689704,CBI_STABLE,COST_DISADVANTAGE,-0.057450400887150366,-0.06708827000747375,-0.042732713827388635,Deteriorating,-0.06708827000747375,-0.6222369715430289,A
00788,中国铁塔,2025-07-31,-2.0560747663551315,10.94,0.3566078126513473,0.5833333333333334,1.2221187860733569,T3,1.2219630367662797,0.3577411774824184,↑,↑,VP_SELLING_ACTIVE,44.72466442647989,CBI_ACTIVE,COST_DISADVANTAGE,-0.11486638254503856,-0.09574259833360144,-0.062414844944956305,Deteriorating,-0.09574259833360144,-0.18794102069059704,A
00788,中国铁塔,2025-08-31,7.061068702290085,6.71,-0.9608925066018059,0.25,0.8311312964492155,T2,0.8317996891391167,0.3919338891973416,↓,↓,VP_LOCKED_CANDIDATE,55.8966557023929,CBI_STABLE,COST_NEUTRAL,-0.05400769181114018,-0.03425731320535852,0.003788686995953361,Improving,-0.03425731320535852,1.0523202238882392,A
00788,中国铁塔,2025-09-30,-0.9803921568627527,12.209999999999999,0.7299654087444672,0.9166666666666666,1.5012295081967213,T4,1.5001090547387719,1.0093280102985296,↑↑,↑↑,VP_NEUTRAL,28.347492920712725,CBI_TURBULENT,COST_DISADVANTAGE,-0.042531001748265185,-0.02557705707848046,-0.035519913879319076,Stable,-0.02557705707848046,-0.08029419794125739,A
00788,中国铁塔,2025-10-31,-2.25022502250225,5.72,-1.3144512542006175,0.16666666666666666,0.7385409941897998,T2,0.7393901589265899,-0.4763969055683255,↓,↓,VP_DECLINE_SILENT,54.529905113846176,CBI_STABLE,COST_DISADVANTAGE,-0.044473490821759,-0.05469195407598315,-0.057222886114257854,Deteriorating,-0.05469195407598315,-0.3933959829549389,A
00788,中国铁塔,2025-11-30,9.944751381215466,6.61,-0.7505130660774745,0.3333333333333333,0.821798590965603,T2,0.8212762172477273,-0.015970577509320738,↓,↓,VP_LOCKED_CANDIDATE,49.79338023843745,CBI_ACTIVE,COST_NEUTRAL,-0.02197489749197279,0.007392672548188983,0.03653395394067793,Improving,0.007392672548188983,1.504500965388119,A
00788,中国铁塔,2025-12-31,-6.281407035175879,5.91,-0.9143163806622387,0.25,0.7372141372141373,T2,0.7359073138257607,-0.5166795366503893,↓,↓,VP_DECLINE_SILENT,50.01434397808424,CBI_STABLE,COST_DISADVANTAGE,-0.05811624972715179,-0.08155616892839102,-0.055311280622217796,Deteriorating,-0.08155616892839102,-1.0628438299789982,A
00788,中国铁塔,2026-01-31,-2.680965147453074,5.34,-1.061531379609158,0.16666666666666666,0.7538823529411764,T2,0.7511841989992185,-0.07180332359248442,↓,↓,VP_DECLINE_SILENT,49.85814531330128,CBI_ACTIVE,COST_DISADVANTAGE,-0.03800596121512101,-0.0477983938030766,-0.08063805594065687,Deteriorating,-0.0477983938030766,-0.5020533983994521,A
00788,中国铁塔,2026-02-28,-1.0101010101010166,5.22,-0.9398410469873447,0.16666666666666666,0.7637161667885881,T2,0.7657583455078045,-0.20826075699458846,↓,↓,VP_SHRINK,52.39818826612991,CBI_STABLE,COST_DISADVANTAGE,-0.03585301358519044,-0.02247202089740985,-0.08992454022408469,Stable,-0.02247202089740985,-0.19350594063237866,A
00788,中国铁塔,2026-03-31,-4.359925788497209,7.53,0.2064508390832721,0.75,1.2436003303055327,T3,1.2424379460127897,0.27426124677133124,↑,↑,VP_SELLING_ACTIVE,39.59181810390335,CBI_ACTIVE,COST_DISADVANTAGE,-0.04973540352900507,-0.06548109094293042,-0.07534187020678162,Deteriorating,-0.06548109094293042,-0.5790074088309707,A
00788,中国铁塔,2026-04-30,3.879728419010675,4.25,-1.205440528396591,0.08333333333333333,0.7314974182444063,T2,0.7325507231629838,-0.20042447976329436,↓,↓,VP_LOCKED_CANDIDATE,59.090842572467466,CBI_STABLE,COST_DISADVANTAGE,-0.04079631705906084,-0.0255389425222583,-0.03946764596650154,Improving,-0.0255389425222583,0.9128772750613353,A
00788,中国铁塔,2026-05-31,-7.37628384687209,7.3100000000000005,0.15137789814522493,0.75,1.233408323959505,T3,1.234371001090002,0.39706802635725946,↑,↑,VP_SELLING_ACTIVE,34.88723887755843,CBI_ACTIVE,COST_DISADVANTAGE,-0.005373826657253056,-0.06448342896371817,-0.11031923884105477,Deteriorating,-0.06448342896371817,-1.0090675577116401,A
00788,中国铁塔,2026-06-30,-11.189516129032251,8.45,0.5939265656967972,0.8333333333333334,1.330708661417323,T4,1.3315692312682021,0.1241474835053229,↑,↑,VP_SELLING_ACTIVE,45.753036998920805,CBI_ACTIVE,COST_DISADVANTAGE,-0.03588069002085681,-0.06708959891169253,-0.13593890506764583,Deteriorating,-0.06708959891169253,-1.324203092193166,A
00788,中国铁塔,2026-07-31,13.847900113507361,5.82,-0.5002362411454758,0.4166666666666667,0.9051321928460343,T2,0.9061857553583543,0.3706813674671132,→,→,VP_STABLE_ASCENT,62.87875169034954,CBI_STABLE,COST_NEUTRAL,0.011150304445836978,0.05907024258231086,-0.016284587721735466,Improving,0.05907024258231086,2.3793642806713677,A
01093,石药集团,2010-01-31,0.0,6.62,,,,,,,,,VP_NEUTRAL,,,,-1.0334688166596728,-1.031160820830966,,Stable,-1.031160820830966,0.0,A
01093,石药集团,2010-02-28,-128.57142857142856,3.6,,,,,,,,,VP_NEUTRAL,,,,-0.990791614312411,-0.9906951629067328,,Stable,-0.9906951629067328,-35.71428571428571,A
01093,石药集团,2010-03-31,1700.0,8.32,,,1.3462783171521038,,1.3461086411694003,,↑,↑,VP_EXPANSION,,,COST_DISADVANTAGE,-0.8514694701907787,-0.846999384255851,-0.8417776082437579,Improving,-0.846999384255851,204.32692307692307,A
01093,石药集团,2010-04-30,136.11111111111111,16.13,,,1.8609749062590133,,1.8620778963732914,1.445600157432465,↑↑,↑↑,VP_OVERHEAT,,,COST_DISADVANTAGE,-0.7246443587362763,-0.7053711014998918,-0.6264193527977617,Deteriorating,-0.7053711014998918,8.438382585933734,A
01093,石药集团,2010-05-31,-55.294117647058826,10.43,,,1.1563192904656319,,1.1563566098436506,1.8842438491565137,↑,↑,VP_SELLING_ACTIVE,,,COST_DISADVANTAGE,-0.8424248485819297,-0.8610788500506112,-0.8329874753684111,Deteriorating,-0.8610788500506112,-5.301449438835937,A
01093,石药集团,2010-06-30,15.789473684210531,4.44,-1.090682722518956,0.3333333333333333,0.5377472749293501,T2,0.5364425644848693,-0.4674211807559393,↓,↓,VP_LOCKED_CANDIDATE,30.637455533953304,CBI_ACTIVE,COST_DISADVANTAGE,-0.8209976120736249,-0.8178025090042947,-0.841011482438776,Improving,-0.8178025090042947,3.5561877667140833,A
01093,石药集团,2010-07-31,-40.90909090909091,4.78,-0.8285338023163034,0.42857142857142855,0.6012578616352201,T2,0.6026004544332134,-0.703034345582159,↓,↓,VP_DECLINE_SILENT,26.937228452358635,CBI_TURBULENT,COST_DISADVANTAGE,-0.8857587411344208,-0.8850262037533543,-0.906052239622913,Deteriorating,-0.8850262037533543,-8.558387219475085,A
01093,石药集团,2010-08-31,-73.07692307692307,7.8100000000000005,0.01228220035742182,0.625,0.9027162396455404,T3,0.9023242756869837,-0.25151469368567136,→,→,VP_NEUTRAL,17.742473825997827,CBI_TURBULENT,COST_DISADVANTAGE,-0.9671236284876565,-0.9686632022137289,-0.9747063722061688,Stable,-0.9686632022137289,-9.356840342755834,A
01093,石药集团,2010-09-30,0.0,9.0,0.32398523452853784,0.7777777777777778,1.026811180832858,T3,1.0281200766162237,1.0359290913208898,→,→,VP_NEUTRAL,14.993870632351177,CBI_TURBULENT,COST_DISADVANTAGE,-0.9676725718526378,-0.9676703840116585,-0.9683444363491762,Stable,-0.9676703840116585,0.0,A
01093,石药集团,2010-10-31,242.8571428571428,12.89,1.3809143175416965,0.9,1.5671732522796353,T4,1.568174239350385,1.6927642342187026,↑↑,↑↑,VP_OVERHEAT,5.252170574278175,CBI_TURBULENT,COST_DISADVANTAGE,-0.8957750254165926,-0.892356524644085,-0.8914666389114612,Deteriorating,-0.892356524644085,18.84074033026709,A
01093,石药集团,2010-11-30,-4.1666666666666625,8.06,-0.09148743419165697,0.5454545454545454,1.0293742017879948,T3,1.0267758232284303,0.0300469432669479,→,→,VP_NEUTRAL,22.768458201019993,CBI_TURBULENT,COST_DISADVANTAGE,-0.8991993673045978,-0.9020382054845658,-0.8959888622901503,Stable,-0.9020382054845658,-0.5169561621174519,A
01093,石药集团,2010-12-31,8.695652173913038,4.7700000000000005,-1.009900706532839,0.25,0.6049461001902346,T2,0.6033810631750596,-0.47214696988530425,↓,↓,VP_LOCKED_CANDIDATE,31.899231525400012,CBI_ACTIVE,COST_DISADVANTAGE,-0.8873019196758806,-0.8847590333361268,-0.8891565538208837,Improving,-0.8847590333361268,1.8229878771306156,A
01093,石药集团,2011-01-31,-7.9999999999999964,3.66,-1.2324840132891317,0.16666666666666666,0.47542758172764665,T2,0.4755797503377589,-0.7163209029137094,↓,↓,VP_DECLINE_SILENT,32.25933494841239,CBI_ACTIVE,COST_DISADVANTAGE,-0.8996609740121924,-0.901378004476066,-0.898024029515213,Deteriorating,-0.901378004476066,-2.185792349726775,A
01093,石药集团,2011-02-28,134.7826086956522,4.6,-0.9807364940942436,0.25,0.6421591437878081,T2,0.6452832177411376,-0.42480666689661073,↓,↓,VP_LOCKED_CANDIDATE,30.261756488891756,CBI_ACTIVE,COST_DISADVANTAGE,-0.7851298489219571,-0.7783292706749793,-0.7605781562531088,Improving,-0.7783292706749793,29.300567107750478,A
01093,石药集团,2011-03-31,-27.77777777777778,6.73,-0.29831615953851176,0.5,0.9918938835666913,T3,0.9933644662592769,0.4172673446861188,→,→,VP_NEUTRAL,30.487019537715778,CBI_ACTIVE,COST_DISADVANTAGE,-0.8341598004401887,-0.8408520033434035,-0.8386592447881771,Stable,-0.8408520033434035,-4.127455836222552,A
01093,石药集团,2011-04-30,2.564102564102577,4.88,-0.7651619239518365,0.5,0.8954128440366972,T2,0.8951189030171991,0.332944649231554,↓,↓,VP_LOCKED_CANDIDATE,23.93022358663472,CBI_TURBULENT,COST_DISADVANTAGE,-0.8348921096977623,-0.8339251748174782,-0.8345223023468482,Improving,-0.8339251748174782,0.5254308532997084,A
01093,石药集团,2011-05-31,-64.99999999999999,3.97,-0.9680840540257863,0.16666666666666666,0.8325760223698008,T2,0.8301375656101649,-0.14357505504267165,↓,↓,VP_DECLINE_SILENT,36.34214172020427,CBI_ACTIVE,COST_DISADVANTAGE,-0.9319347731516234,-0.9365411704151292,-0.9420828058213969,Deteriorating,-0.9365411704151292,-16.372795969773296,A
01093,石药集团,2011-06-30,-50.0,4.87,-0.6004571142424013,0.5,1.0177638453500522,T2,1.0125572398601963,-0.28139600528136266,→,→,VP_NEUTRAL,26.71351524237256,CBI_TURBULENT,COST_DISADVANTAGE,-0.9620353463836487,-0.962928486248782,-0.967678617030752,Stable,-0.962928486248782,-10.266940451745379,A
01093,石药集团,2011-07-31,-171.42857142857144,2.69,-1.4252989174556951,0.08333333333333333,0.581831290555155,T2,0.580342880967719,-0.4501691202110655,↓,↓,VP_DECLINE_SILENT,39.297130541844275,CBI_ACTIVE,COST_DISADVANTAGE,-1.0270423730388867,-1.0264193936042947,-1.0230867021208914,Deteriorating,-1.0264193936042947,-63.72809346787043,A
01093,石药集团,2011-08-31,839.9999999999999,4.64,-0.48522997734195517,0.4166666666666667,1.0021598272138228,T3,0.9971634491653459,0.1631049561743092,→,→,VP_STABLE_ASCENT,30.057123028069455,CBI_ACTIVE,COST_DISADVANTAGE,-1.296503689385331,-1.2888195200032793,-1.2170149999363793,Improving,-1.2888195200032793,181.03448275862067,A
01093,石药集团,2011-09-30,91.48936170212767,6.18,0.21097144660470935,0.75,1.361733382298935,T3,1.3672401926289293,0.2774519701479674,↑,↑,VP_EXPANSION,6.622005685861664,CBI_TURBULENT,COST_DISADVANTAGE,-1.9437498510186084,-1.8004309268272434,-1.6210552562826144,Improving,-1.8004309268272434,14.80410383529574,A
01093,石药集团,2011-10-31,-14.444444444444448,14.85,6.912465245151132,1.0,2.3951612903225805,T5,2.3966065114189927,4.52503777537894,↑↑,↑↑,VP_PANIC,4.864097804089052,CBI_TURBULENT,COST_DISADVANTAGE,-1.6944005179260346,-1.7266128793392512,-1.5313472748195702,Deteriorating,-1.7266128793392512,-0.9726898615787507,A
01093,石药集团,2011-11-30,19.480519480519476,7.5200000000000005,0.6122849650191028,0.9166666666666666,1.107239263803681,T4,1.1092065385760796,0.6319429098870801,↑,↑,VP_EXPANSION,2.8113801561195246,CBI_TURBULENT,COST_DISADVANTAGE,-1.8368505379369802,-1.8520339602821156,-1.634856484200006,Stable,-1.8520339602821156,2.5904946117712067,A
01093,石药集团,2011-12-31,8.695652173913038,3.0,-0.9168968863714286,0.16666666666666666,0.462962962962963,T2,0.4629535710218754,-0.5161909399826959,↓,↓,VP_LOCKED_CANDIDATE,31.0167669640957,CBI_ACTIVE,COST_DISADVANTAGE,-2.1264712489797297,-2.0545352415122498,-1.9501265795225033,Improving,-2.0545352415122498,2.8985507246376794,A
01093,石药集团,2012-01-31,-7.9999999999999964,2.18,-1.1421316883276345,0.08333333333333333,0.34089132134480066,T2,0.3405246224932907,-0.8533286952969293,↓,↓,VP_DECLINE_SILENT,32.92600906737928,CBI_ACTIVE,COST_DISADVANTAGE,-1.9244353310979745,-1.967443861077332,-1.874116453160703,Deteriorating,-1.967443861077332,-3.6697247706422,A
01093,石药集团,2012-02-29,-19.56521739130436,7.8500000000000005,0.676918800008775,0.9166666666666666,1.1327561327561328,T4,1.1320112062878933,0.04239947919564657,↑,↑,VP_SELLING_ACTIVE,6.86833706324565,CBI_TURBULENT,COST_DISADVANTAGE,-1.6657336178702415,-1.6609525841704729,-1.7030936688466525,Deteriorating,-1.6609525841704729,-2.49238438105788,A
01093,石药集团,2012-03-31,29.729729729729737,3.86,-0.5415546326586433,0.3333333333333333,0.5899133978604177,T2,0.5885170508082532,0.2834985094799458,↓,↓,VP_LOCKED_CANDIDATE,29.13704179954788,CBI_TURBULENT,COST_DISADVANTAGE,-2.0062565297322523,-1.9047839761494458,-1.891461063480254,Improving,-1.9047839761494458,7.702002520655372,A
01093,石药集团,2012-04-30,10.416666666666675,1.74,-1.1286975838440148,0.08333333333333333,0.39923518164435945,T2,0.3947792964895774,-0.21059023615814132,↓,↓,VP_LOCKED_CANDIDATE,33.10281405178946,CBI_ACTIVE,COST_DISADVANTAGE,-2.245328966380888,-2.206711151709383,-1.984321590926114,Improving,-2.206711151709383,5.986590038314181,A
01093,石药集团,2012-05-31,12.264150943396213,4.15,-0.34924228074668795,0.5,1.093064091308165,T3,1.0957555112158608,-0.47066886613318415,→,→,VP_STABLE_ASCENT,21.913846708833617,CBI_TURBULENT,COST_DISADVANTAGE,-2.630590375990442,-2.534063819995794,-2.105040276605732,Improving,-2.534063819995794,2.955217094794268,A
01093,石药集团,2012-06-30,-26.050420168067223,11.59,1.743165232713702,0.9166666666666666,2.216767612368505,T5,2.048824126222472,1.6599923916177368,↑↑,↑↑,VP_PANIC,2.649089788086064,CBI_TURBULENT,COST_DISADVANTAGE,-1.8814238823499392,-1.955579915991835,-2.0012034851389013,Deteriorating,-1.955579915991835,-2.247663517520899,A
01093,石药集团,2012-07-31,0.0,5.12,-0.26247858701881915,0.5833333333333334,0.8953657825706791,T3,0.9125686955733477,1.9024924517067898,→,↓,VP_NEUTRAL,17.02949610469908,CBI_TURBULENT,COST_DISADVANTAGE,-1.8762621858802837,-1.8417409053865175,-2.0012034851389013,Stable,-1.8417409053865175,0.0,A
01093,石药集团,2012-08-31,-15.909090909090907,6.9,0.18423037046321517,0.6666666666666666,1.2410071942446044,T3,1.2952185107658094,0.653497747983341,↑,↑,VP_SELLING_ACTIVE,16.260948107377832,CBI_TURBULENT,COST_DISADVANTAGE,-1.6185331497080018,-1.6330550767217127,-1.841921112503167,Deteriorating,-1.6330550767217127,-2.3056653491436094,A
01093,石药集团,2012-09-30,-1.3513513513513487,2.56,-0.9502927840648112,0.25,0.479101684341859,T2,0.4967897342963539,-0.7534197376864492,↓,↓,VP_SHRINK,27.818738807913434,CBI_TURBULENT,COST_DISADVANTAGE,-1.652902688564363,-1.6407497212312858,-1.6512620501562698,Stable,-1.6407497212312858,-0.5278716216216206,A
01093,石药集团,2012-10-31,5.47945205479452,3.58,-0.5375566350362866,0.4166666666666667,0.6336283185840709,T2,0.6649357143066238,-0.28104060812740184,↓,↓,VP_LOCKED_CANDIDATE,25.292193916812142,CBI_TURBULENT,COST_DISADVANTAGE,-1.6485053680779296,-1.6301032887418108,-1.6869476419456544,Improving,-1.6301032887418108,1.5305731996632739,A
01093,石药集团,2012-11-30,-1.2987012987012991,1.67,-1.1030165336778655,0.08333333333333333,0.3189051559516231,T2,0.5691187534309603,-0.5696434661861215,↓,↓,VP_SHRINK,36.709211045970825,CBI_ACTIVE,COST_DISADVANTAGE,-1.6772141729045353,-1.6718305202203778,-1.6780262439983082,Stable,-1.6718305202203778,-0.7776654483241312,A
01093,石药集团,2012-12-31,-3.9473684210526327,2.07,-0.886381471335248,0.25,0.5671232876712329,T2,0.9005251513790212,0.4634729911156472,→,↓,VP_NEUTRAL,34.09593155145044,CBI_ACTIVE,COST_DISADVANTAGE,-1.6099363533169115,-1.63325216970832,-1.6234964366782578,Stable,-1.63325216970832,-1.9069412662090015,A
01093,石药集团,2013-01-31,-49.31506849315068,5.58,0.3198699491757229,0.75,1.4973166368515207,T3,2.009730854473662,1.7568721925584105,↑↑,↑,VP_NEUTRAL,26.161130519302326,CBI_TURBULENT,COST_DISADVANTAGE,-1.2476928328330201,-1.2655815032144029,-1.316018741878021,Stable,-1.2655815032144029,-8.837825894829871,A
01093,石药集团,2013-02-28,-29.729729729729726,3.26,-0.42581983525940437,0.4166666666666667,1.044871794871795,T3,1.2254250963136675,0.966578672355128,↑,→,VP_NEUTRAL,40.65205207743897,CBI_ACTIVE,COST_DISADVANTAGE,-1.1579697235358724,-1.1627712773973573,-1.222067224022393,Stable,-1.1627712773973573,-9.119548996849609,A
01093,石药集团,2013-03-31,-34.61538461538461,3.42,-0.34618605731959584,0.5,1.0480081716036773,T3,1.1400474922548784,0.6466649360690264,↑,→,VP_NEUTRAL,31.884561334711172,CBI_ACTIVE,COST_DISADVANTAGE,-1.0968711572469731,-1.100345196266738,-1.1109868456403909,Stable,-1.100345196266738,-10.121457489878543,A
01093,石药集团,2013-04-30,-135.29411764705884,24.19,7.337708064868867,1.0,3.611346105996516,T5,3.6118398935471747,3.3496676698480705,↑↑,↑↑,VP_PANIC,8.9815631008593,CBI_TURBULENT,COST_DISADVANTAGE,-0.9689062048549563,-0.9692774321198887,-0.9608281721269208,Deteriorating,-0.9692774321198887,-5.592977166062788,A
01093,石药集团,2013-05-31,350.0000000000001,6.45,0.014710881282897841,0.75,0.8605737158105403,T3,0.9862981257310441,1.3176187702861961,→,↓,VP_NEUTRAL,22.613375168061637,CBI_TURBULENT,COST_DISADVANTAGE,-0.8697192744478246,-0.8675895581020762,-0.823726774571144,Stable,-0.8675895581020762,54.26356589147289,A
01093,石药集团,2013-06-30,-33.333333333333336,5.470000000000001,-0.06990864340140764,0.6666666666666666,0.6785197436427538,T3,0.8938366503943966,1.2516469896121487,↓,↓,VP_DECLINE_SILENT,28.97070886640964,CBI_TURBULENT,COST_DISADVANTAGE,-0.9068747993067031,-0.9132134165278903,-0.909690236128284,Deteriorating,-0.9132134165278903,-6.093845216331505,A
01093,石药集团,2013-07-31,61.111111111111114,2.85,-0.5106224792506204,0.3333333333333333,0.37467134092900956,T2,0.48122461002462025,-0.8335848033378087,↓,↓,VP_LOCKED_CANDIDATE,30.75585131388333,CBI_ACTIVE,COST_DISADVANTAGE,-0.8680948022093122,-0.8633667916400887,-0.8545009359844576,Improving,-0.8633667916400887,21.442495126705655,A
01093,石药集团,2013-08-31,-6.896551724137923,2.91,-0.43565881032977133,0.4166666666666667,0.38551556635018763,T3,0.47690975137905867,-0.4653449111364585,↓,↓,VP_DECLINE_SILENT,30.600630576410502,CBI_ACTIVE,COST_DISADVANTAGE,-0.872378095184599,-0.8739788336057441,-0.8645353541924261,Deteriorating,-0.8739788336057441,-2.3699490460955057,A
01093,石药集团,2013-09-30,18.518518518518512,3.7399999999999998,-0.3049149077545397,0.6666666666666666,0.49199736899802665,T3,0.5980959595661715,-0.3167848313955035,↓,↓,VP_LOCKED_CANDIDATE,29.177159799157966,CBI_TURBULENT,COST_DISADVANTAGE,-0.8468864126629388,-0.845330705914595,-0.8481559237818732,Improving,-0.845330705914595,4.951475539710833,A
01093,石药集团,2013-10-31,112.5,20.91,2.530137970781354,0.9166666666666666,2.9638554216867465,T5,3.100610303030272,6.60455637824939,↑↑,↑↑,VP_OVERHEAT,5.452708387362894,CBI_TURBULENT,COST_DISADVANTAGE,-0.7075278000457242,-0.6876380652365306,-0.6773313380364807,Deteriorating,-0.6876380652365306,5.380200860832137,A
01093,石药集团,2013-11-30,16.176470588235283,3.37,-0.5443732900632713,0.4166666666666667,0.5151592356687898,T2,0.7082730351800249,0.7066097534632925,↓,↓,VP_LOCKED_CANDIDATE,20.48883139508046,CBI_TURBULENT,COST_DISADVANTAGE,-0.6886151218721261,-0.6854791974954118,-0.6251349368364996,Improving,-0.6854791974954118,4.8001396404259,A
01093,石药集团,2013-12-31,70.88607594936708,3.17,-0.5940846425423547,0.25,0.5147496617050067,T2,0.6793144551437283,0.2335990755049857,↓,↓,VP_LOCKED_CANDIDATE,28.498163370131756,CBI_TURBULENT,COST_DISADVANTAGE,-0.5328615655811313,-0.5160822696050396,-0.41809140948040857,Improving,-0.5160822696050396,22.361538154374475,A
01093,石药集团,2014-01-31,11.851851851851848,5.61,-0.22377402946601466,0.75,0.847645429362881,T3,1.06349558998821,-0.6246343369082534,→,↓,VP_NEUTRAL,24.292396568280438,CBI_TURBULENT,COST_DISADVANTAGE,-0.5473759645620437,-0.537888812987062,-0.34912446541882736,Stable,-0.537888812987062,2.112629563609955,A
01093,石药集团,2014-02-28,19.867549668874183,5.95,-0.20896719329249783,0.75,0.8350877192982455,T3,1.002165460613755,0.7625378187150758,→,↓,VP_NEUTRAL,7.746537714437553,CBI_TURBULENT,COST_DISADVANTAGE,-0.5022510961979905,-0.4830776751336323,-0.2198114453033626,Stable,-0.4830776751336323,3.3390839779620474,A
01093,石药集团,2014-03-31,-3.8674033149171283,8.43,0.10316460023942016,0.8333333333333334,1.0661888701517706,T3,1.2208512409708834,1.6628230017160996,↑,→,VP_NEUTRAL,9.214239557711544,CBI_TURBULENT,COST_DISADVANTAGE,-0.5235083681475585,-0.5520168926694634,-0.5163154094041695,Stable,-0.5520168926694634,-0.45876670402338415,A
01093,石药集团,2014-04-30,-12.643678160919535,3.89,-0.4804988842784905,0.5,0.7672583826429978,T3,0.764988397297336,-0.30843535494104823,↓,↓,VP_DECLINE_SILENT,21.20976977261875,CBI_TURBULENT,COST_DISADVANTAGE,-0.5730597630449898,-0.5552141301462016,-0.5774709323530676,Deteriorating,-0.5552141301462016,-3.250302869130986,A
01093,石药集团,2014-05-31,-8.552631578947379,15.87,1.9772050984489793,0.9166666666666666,2.2185461323392355,T5,2.2942336287417793,1.8149793751711445,↑↑,↑↑,VP_PANIC,4.680405578477615,CBI_TURBULENT,COST_DISADVANTAGE,-0.5732792475246478,-0.5727967442001578,-0.613608286822871,Deteriorating,-0.5727967442001578,-0.5389181839286313,A
01093,石药集团,2014-06-30,2.877697841726623,4.7700000000000005,-0.3853974808157925,0.5833333333333334,0.6428571428571428,T3,0.6612831367185968,-0.4039172770435673,↓,↓,VP_LOCKED_CANDIDATE,1.9559123249569228,CBI_TURBULENT,COST_DISADVANTAGE,-0.5465985566630444,-0.556231358964373,-0.5630012028491133,Improving,-0.556231358964373,0.603290952143946,A
01093,石药集团,2014-07-31,-5.594405594405583,5.68,-0.2612972412290122,0.6666666666666666,0.7642969275622336,T3,0.7841446694556349,0.5521215430405044,↓,↓,VP_DECLINE_SILENT,3.329880979584434,CBI_TURBULENT,COST_DISADVANTAGE,-0.5948395291766679,-0.5854935020237699,-0.5874486880044076,Deteriorating,-0.5854935020237699,-0.9849305623953492,A
01093,石药集团,2014-08-31,17.037037037037027,18.73,2.0676250206489373,0.9166666666666666,1.9588635175178664,T5,1.927925446430229,0.1342780986356198,↑↑,↑↑,VP_OVERHEAT,2.275956272819826,CBI_TURBULENT,COST_DISADVANTAGE,-0.524982579351585,-0.5249194615411229,-0.5171621681829364,Deteriorating,-0.5249194615411229,0.9096122283522171,A
01093,石药集团,2014-09-30,-1.898734177215189,9.06,0.04797561608979223,0.75,0.9372413793103449,T3,0.955696838203138,0.9078699068014335,→,→,VP_NEUTRAL,2.9932698301479865,CBI_TURBULENT,COST_DISADVANTAGE,-0.5651603424835169,-0.5552993829534306,-0.5384262129241187,Stable,-0.5552993829534306,-0.20957330874339833,A
01093,石药集团,2014-10-31,23.870967741935466,5.95,-0.3536131938304964,0.6666666666666666,0.5944055944055944,T3,0.6022097535517323,0.044995529120608335,↓,↓,VP_LOCKED_CANDIDATE,7.7243599884707566,CBI_TURBULENT,COST_DISADVANTAGE,-0.4682579685267443,-0.4509725173984276,-0.42824408310600515,Improving,-0.4509725173984276,4.0119273515857925,A
01093,石药集团,2014-11-30,-6.249999999999989,6.1,-0.38275667723221335,0.6666666666666666,0.7277788824816066,T3,0.7419895607360961,-0.6587041332636024,↓,↓,VP_DECLINE_SILENT,15.93709432436676,CBI_TURBULENT,COST_DISADVANTAGE,-0.5092393511575741,-0.5138609816368637,-0.46397882791187983,Deteriorating,-0.5138609816368637,-1.0245901639344246,A
01093,石药集团,2014-12-31,-1.6666666666666718,5.41,-0.6090453616738495,0.25,0.637345376006283,T2,0.6473800117932716,-0.40297719219229244,↓,↓,VP_DECLINE_SILENT,31.215085230970207,CBI_ACTIVE,COST_DISADVANTAGE,-0.4724468176525314,-0.48654101460331445,-0.501920355488171,Deteriorating,-0.48654101460331445,-0.3080714725816399,A
01093,石药集团,2015-01-31,-8.47457627118644,4.07,-0.8970133512449624,0.16666666666666666,0.4951338199513382,T2,0.5048890812050302,-0.31215932340290087,↓,↓,VP_DECLINE_SILENT,33.9277325188502,CBI_ACTIVE,COST_DISADVANTAGE,-0.5286978307985615,-0.535507164305216,-0.5441304948535803,Deteriorating,-0.535507164305216,-2.08220547203598,A
01093,石药集团,2015-02-28,-6.790123456790131,4.62,-0.7212586571178659,0.25,0.78727634194831,T2,0.7892447647265901,-0.24220496801513114,↓,↓,VP_DECLINE_SILENT,32.39106642705714,CBI_ACTIVE,COST_DISADVANTAGE,-0.5466082787801838,-0.5324327494837189,-0.5750845970548805,Deteriorating,-0.5324327494837189,-1.4697236919459158,A
01093,石药集团,2015-03-31,7.284768211920545,4.77,-0.6029775106001792,0.3333333333333333,0.9256144890038809,T2,0.9210140573021143,-0.12216318268115678,→,→,VP_STABLE_ASCENT,38.77126406233909,CBI_ACTIVE,COST_DISADVANTAGE,-0.5135039284363513,-0.5189315268917731,-0.5173448329371585,Improving,-0.5189315268917731,1.527205075874328,A
01093,石药集团,2015-04-30,48.14814814814814,39.300000000000004,6.689006976938589,1.0,3.6688968414501324,T5,3.6653435348127683,8.608605021146186,↑↑,↑↑,VP_OVERHEAT,21.432683715296953,CBI_TURBULENT,COST_DISADVANTAGE,-0.41769264496369707,-0.37567935947330944,-0.28495530805504965,Deteriorating,-0.37567935947330944,1.2251437187823953,A
01093,石药集团,2015-05-31,0.4166666666666874,6.21,-0.36083683292729,0.75,0.5787511649580616,T3,0.5773258330307013,0.3346755955032996,↓,↓,VP_SHRINK,14.858404166856033,CBI_TURBULENT,COST_DISADVANTAGE,-0.4171236224711844,-0.40677595028519475,-0.2819759551719456,Stable,-0.40677595028519475,0.06709608158883855,A
01093,石药集团,2015-06-30,-6.6390041493776035,5.76,-0.42065909238474547,0.5,0.5339100880580874,T3,0.5353874780521961,0.21527698199867973,↓,↓,VP_DECLINE_SILENT,25.70936568049396,CBI_TURBULENT,COST_DISADVANTAGE,-0.4379900902022086,-0.4300588663438464,-0.42043839791823534,Deteriorating,-0.4300588663438464,-1.152604887044723,A
01093,石药集团,2015-07-31,-13.33333333333333,6.48,-0.3499035685601192,0.75,0.579088471849866,T3,0.5783562428585016,-0.8353070357324326,↓,↓,VP_DECLINE_SILENT,14.385210013300865,CBI_TURBULENT,COST_DISADVANTAGE,-0.4699546358141862,-0.479980505150847,-0.4977132781958039,Deteriorating,-0.479980505150847,-2.0576131687242794,A
01093,石药集团,2015-08-31,0.0,4.91,-0.40983172701583825,0.3333333333333333,0.43689752335755594,T3,0.43558859515896675,-0.2104286628503802,↓,↓,VP_SHRINK,30.205131222396155,CBI_ACTIVE,COST_DISADVANTAGE,-0.43836460488155193,-0.4653514293441604,-0.4977132781958039,Stable,-0.4653514293441604,0.0,A
01093,石药集团,2015-09-30,-8.205128205128197,4.23,-0.43805105139933165,0.16666666666666666,0.37942891314097776,T3,0.38070256941079955,-0.2656356432187805,↓,↓,VP_DECLINE_SILENT,29.1550082679912,CBI_TURBULENT,COST_DISADVANTAGE,-0.4957731996728538,-0.49138929047748114,-0.5102648193062316,Deteriorating,-0.49138929047748114,-1.9397466205976823,A
01093,石药集团,2015-10-31,13.407821229050265,3.04,-0.5409551959928507,0.08333333333333333,0.5954946131243878,T2,0.6016271229141044,-0.5250259817468796,↓,↓,VP_LOCKED_CANDIDATE,36.650198480867665,CBI_ACTIVE,COST_DISADVANTAGE,-0.45793620836139837,-0.451778415622232,-0.4446020017830449,Improving,-0.451778415622232,4.410467509556009,A
01093,石药集团,2015-11-30,0.9852216748768461,4.49,-0.36115094388672525,0.3333333333333333,0.9318574887582152,T3,0.9322100683052006,-0.08032976536585301,→,→,VP_NEUTRAL,23.844770928535098,CBI_TURBULENT,COST_DISADVANTAGE,-0.4558561689103039,-0.44422748356379826,-0.4391301003227793,Stable,-0.44422748356379826,0.21942576277880757,A
01093,石药集团,2015-12-31,16.09756097560977,4.73,-0.3276704827943777,0.5,1.0179340028694404,T3,1.0169503864973652,0.11484605245809232,→,→,VP_STABLE_ASCENT,23.13005394929835,CBI_TURBULENT,COST_DISADVANTAGE,-0.4134907169351615,-0.4139670698404302,-0.37946763337259215,Improving,-0.4139670698404302,3.4032898468519597,A
01093,石药集团,2016-01-31,-30.252100840336137,5.33,-0.2739806832854274,0.6666666666666666,1.1964085297418627,T3,1.1951138295156891,0.7348226665120885,↑,↑,VP_SELLING_ACTIVE,16.691690431553987,CBI_TURBULENT,COST_DISADVANTAGE,-0.523349970076848,-0.562622458488818,-0.56719171067164,Deteriorating,-0.562622458488818,-5.675816292745992,A
01093,石药集团,2016-02-29,-10.843373493975905,4.75,-0.3396183490596142,0.4166666666666667,1.0726383138878433,T3,1.0729245664852054,0.05896610969277094,→,→,VP_NEUTRAL,22.32010952492698,CBI_TURBULENT,COST_DISADVANTAGE,-0.5524592421989999,-0.5478742860643544,-0.6141227299964018,Stable,-0.5478742860643544,-2.28281547241598,A
01093,石药集团,2016-03-31,29.054054054054056,7.46,-0.06580843924542061,0.9166666666666666,1.5020134228187918,T3,1.4986311414370568,0.5764935397900786,↑,↑↑,VP_NEUTRAL,3.546133805980803,CBI_TURBULENT,COST_DISADVANTAGE,-0.4604960413385687,-0.4371203639454445,-0.45160303486130593,Stable,-0.4371203639454445,3.894645315556844,A
01093,石药集团,2016-04-30,-2.617801047120405,4.34,-0.7585840384739803,0.25,0.837299035369775,T2,0.8320931238922951,-0.19125794124525464,↓,↓,VP_DECLINE_SILENT,45.18941149311461,CBI_ACTIVE,COST_DISADVANTAGE,-0.47454834216040354,-0.4875769565003033,-0.46595897635708317,Deteriorating,-0.4875769565003033,-0.6031799647742869,A
01093,石药集团,2016-05-31,4.3010752688172005,4.54,-0.4468237182969831,0.4166666666666667,0.874478330658106,T3,0.8722123794165104,-0.05043219540450883,↓,↓,VP_LOCKED_CANDIDATE,38.564635426123466,CBI_ACTIVE,COST_DISADVANTAGE,-0.45685400937052634,-0.45412717353821097,-0.4429894699638395,Improving,-0.45412717353821097,0.9473734072284582,A
01093,石药集团,2016-06-30,-1.5463917525773252,3.23,-1.5239114945328858,0.16666666666666666,0.6536256323777403,T1,0.6577273292085348,-0.5643117764215693,↓,↓,VP_DECLINE_SILENT,50.670568850366216,CBI_STABLE,COST_DISADVANTAGE,-0.4503579360410713,-0.46389344811253486,-0.4669830512578186,Deteriorating,-0.46389344811253486,-0.47875905652548767,A
01093,石药集团,2016-07-31,-5.235602094240832,2.95,-1.5342942035773721,0.08333333333333333,0.649064906490649,T1,0.6483849344641632,-0.3170928237536176,↓,↓,VP_DECLINE_SILENT,51.30349551640374,CBI_STABLE,COST_DISADVANTAGE,-0.49606637471074677,-0.49888606452361617,-0.49488969778882275,Deteriorating,-0.49888606452361617,-1.7747803709290955,A
01093,石药集团,2016-08-31,23.756906077348084,4.39,-0.0606869189107177,0.5,0.9788182831661091,T3,0.9861664991313988,-0.02229240608491223,→,→,VP_STABLE_ASCENT,38.275366323409926,CBI_ACTIVE,COST_DISADVANTAGE,-0.4252967283287056,-0.4127094455545518,-0.37489111770550443,Improving,-0.4127094455545518,5.411595917391364,A
01093,石药集团,2016-09-30,5.357142857142838,3.16,-1.1009773751141385,0.25,0.8385670057496684,T2,0.8579416302666347,-0.0010205478822814529,↓,↓,VP_LOCKED_CANDIDATE,46.3899390338187,CBI_ACTIVE,COST_DISADVANTAGE,-0.42272801368135215,-0.41415244669352236,-0.3827711909808442,Improving,-0.41415244669352236,1.6952983725135562,A
01093,石药集团,2016-10-31,5.932203389830515,3.63,-0.7249486021871029,0.3333333333333333,0.9945205479452054,T2,1.0079087465825496,0.26056952887131635,→,→,VP_STABLE_ASCENT,36.50712319044956,CBI_ACTIVE,COST_DISADVANTAGE,-0.4176869303604275,-0.4197087708415913,-0.34615592264919937,Improving,-0.4197087708415913,1.6342158098706654,A
01093,石药集团,2016-11-30,6.000000000000005,5.83,1.1743232374027195,0.9166666666666666,1.5084087968952136,T4,1.5212865004027445,0.3496859793167042,↑↑,↑↑,VP_OVERHEAT,14.747863784577115,CBI_TURBULENT,COST_DISADVANTAGE,-0.3586120721961896,-0.3707670631632769,-0.3069252780081513,Deteriorating,-0.3707670631632769,1.0291595197255583,A
01093,石药集团,2016-12-31,-0.7547169811320753,3.7800000000000002,-0.5724509884419433,0.4166666666666667,0.9553496208930076,T2,0.9630402056646998,0.19554865260319243,→,→,VP_NEUTRAL,25.37888240482812,CBI_TURBULENT,COST_DISADVANTAGE,-0.3823081254258097,-0.39372379081421727,-0.38467077094201463,Stable,-0.39372379081421727,-0.19966057701906753,A
01093,石药集团,2017-01-31,9.505703422053235,3.64,-0.5775451505116518,0.4166666666666667,0.8939828080229227,T2,0.8950227661285899,0.0027066839220064587,↓,↓,VP_LOCKED_CANDIDATE,15.572003563409526,CBI_TURBULENT,COST_DISADVANTAGE,-0.37038359797444,-0.3502568960512116,-0.326179399358556,Improving,-0.3502568960512116,2.6114569840805593,A
01093,石药集团,2017-02-28,13.194444444444443,6.37,1.652060015036783,0.9166666666666666,1.4471790988262023,T5,1.4438555934507884,0.08986292433670418,↑,↑,VP_EXPANSION,7.754796765496125,CBI_TURBULENT,COST_DISADVANTAGE,-0.3478949856081147,-0.327800802981395,-0.23727251455169884,Stable,-0.327800802981395,2.0713413570556427,A
01093,石药集团,2017-03-31,11.042944785276077,6.3,2.046467839439609,0.9166666666666666,1.2791878172588833,T5,1.2799804703166882,0.6626127804052777,↑,↑,VP_EXPANSION,26.075948015256483,CBI_TURBULENT,COST_DISADVANTAGE,-0.30795200243301857,-0.29674232429642455,-0.25694782239564506,Stable,-0.29674232429642455,1.7528483786152504,A
01093,石药集团,2017-04-30,8.83977900552486,4.15,-0.16311778646919578,0.5833333333333334,0.8280678417026938,T3,0.8286066357458878,0.1420054751447566,↓,↓,VP_LOCKED_CANDIDATE,31.772272976510987,CBI_ACTIVE,COST_DISADVANTAGE,-0.3001635704675162,-0.27469459940555496,-0.19126365199967998,Improving,-0.27469459940555496,2.1300672302469543,A
01093,石药集团,2017-05-31,12.944162436548234,4.92,0.5030723658162943,0.75,1.0123456790123455,T4,1.01430446438724,-0.22416365079869194,→,→,VP_STABLE_ASCENT,26.798838587897396,CBI_TURBULENT,COST_DISADVANTAGE,-0.24815558991224695,-0.24142409975907209,-0.08657950543111059,Stable,-0.24142409975907209,2.6309273245016738,A
01093,石药集团,2017-06-30,-3.146067415730347,3.98,-0.4154875899359725,0.5,0.8133514986376021,T3,0.8141795844934411,-0.3678052832109824,↓,↓,VP_DECLINE_SILENT,37.68120871220132,CBI_ACTIVE,COST_DISADVANTAGE,-0.28950063579507257,-0.28996170019486334,-0.25567402968455333,Deteriorating,-0.28996170019486334,-0.790469199932248,A
01093,石药集团,2017-07-31,9.512761020881676,3.49,-0.9887863638858311,0.16666666666666666,0.7168777815816502,T2,0.7174551298945804,-0.15859576686464794,↓,↓,VP_LOCKED_CANDIDATE,47.38904824362326,CBI_ACTIVE,COST_DISADVANTAGE,-0.26169429143147227,-0.23024729273755062,-0.18486807891208612,Improving,-0.23024729273755062,2.725719490223976,A
01093,石药集团,2017-08-31,0.4237288135593209,4.1,-0.33561709191980793,0.5833333333333334,0.9131403118040088,T3,0.9116853010723188,-0.16919768042879046,→,→,VP_NEUTRAL,36.11512744283284,CBI_ACTIVE,COST_DISADVANTAGE,-0.2749109225717018,-0.2622306079295438,-0.18141413009391694,Stable,-0.2622306079295438,0.1033484911120295,A
01093,石药集团,2017-09-30,9.493670886075956,4.2700000000000005,-0.27765327602166817,0.6666666666666666,1.0285026093938179,T3,1.0242625816547604,0.06732384489439802,→,→,VP_STABLE_ASCENT,33.946841810251264,CBI_ACTIVE,COST_DISADVANTAGE,-0.2295114582915866,-0.21186345043647425,-0.188547654465542,Improving,-0.21186345043647425,2.2233421278866405,A
01093,石药集团,2017-10-31,4.816955684007707,6.55,1.8945054259081129,1.0,1.439033321127792,T5,1.4479781001543919,0.8898678230607129,↑,↑,VP_EXPANSION,25.174342303257227,CBI_TURBULENT,COST_DISADVANTAGE,-0.23059104069641556,-0.21889279221461988,-0.14946035458430607,Stable,-0.21889279221461988,0.7354130815278942,A
01093,石药集团,2017-11-30,18.566176470588225,7.87,2.8613345756563566,1.0,1.5604758757435557,T5,1.5947527470111214,0.9821605423092556,↑↑,↑↑,VP_OVERHEAT,18.854844827099882,CBI_TURBULENT,COST_NEUTRAL,-0.22540489716487855,-0.19636800742675453,0.008452336935887095,Deteriorating,-0.19636800742675453,2.35910755661858,A
01093,石药集团,2017-12-31,2.325581395348819,5.05,-0.005864460425344554,0.6666666666666666,0.967124162144909,T3,0.9825592749778466,0.22337611785749023,→,→,VP_STABLE_ASCENT,27.7757769564743,CBI_TURBULENT,COST_DISADVANTAGE,-0.20249076277458555,-0.185558180229913,-0.14224869677918595,Improving,-0.185558180229913,0.4605111673958058,A
01093,石药集团,2018-01-31,12.424242424242426,8.290000000000001,2.3480166084650125,1.0,1.3766952670910604,T5,1.393881640066091,0.2958106381520793,↑,↑,VP_EXPANSION,16.975649700451534,CBI_TURBULENT,COST_DISADVANTAGE,-0.20091910028237037,-0.19047487328695845,-0.03567959546993327,Stable,-0.19047487328695845,1.4987023430931754,A
01093,石药集团,2018-02-28,4.986522911051217,6.3100000000000005,0.6044987683719523,0.75,0.9874804381846636,T4,0.9971894142098766,-0.19645794597570565,→,→,VP_STABLE_ASCENT,35.98894135020544,CBI_ACTIVE,COST_NEUTRAL,-0.15816491191794468,-0.11223077442123675,0.012406462437900334,Stable,-0.11223077442123675,0.790257196680066,A
01093,石药集团,2018-03-31,18.61360718870346,10.95,3.558009064152733,1.0,1.459351399378054,T5,1.4652441789378634,1.1742131681060064,↑,↑,VP_EXPANSION,19.51477838239699,CBI_TURBULENT,COST_DISADVANTAGE,-0.16759312555729156,-0.1179883152997675,-0.040568489112408845,Stable,-0.1179883152997675,1.6998728026213208,A
01093,石药集团,2018-04-30,-3.6796536796536827,7.78,0.8224409922929169,0.75,1.0092972972972973,T4,1.011526184364403,-0.05881737925503017,→,→,VP_NEUTRAL,23.98951770267806,CBI_TURBULENT,COST_DISADVANTAGE,-0.15539884103755075,-0.19015377076650652,-0.07587224600654097,Stable,-0.19015377076650652,-0.47296319789893093,A
01093,石药集团,2018-05-31,26.292134831460668,15.21,4.046127073987228,1.0,1.7029296510543013,T5,1.7037998370948233,1.4098233947962595,↑↑,↑↑,VP_OVERHEAT,13.654808868328788,CBI_TURBULENT,COST_NEUTRAL,-0.096950360565766,-0.06051640571330241,0.16710066908836851,Deteriorating,-0.06051640571330241,1.7286084701815034,A
01093,石药集团,2018-06-30,-3.9145907473309594,13.040000000000001,1.7648366726825417,0.9166666666666666,1.2705423838908738,T5,1.2691670913542943,0.18989760532079236,↑,↑,VP_SELLING_ACTIVE,12.350939720647638,CBI_TURBULENT,COST_DISADVANTAGE,-0.10386710046902192,-0.14875410708425607,-0.1011040882721368,Deteriorating,-0.14875410708425607,-0.3001986769425582,A
01093,石药集团,2018-07-31,-15.462962962962957,11.23,0.9060723953662295,0.8333333333333334,1.0443273403595783,T4,1.0423619708102494,0.43784299431732654,→,→,VP_NEUTRAL,14.198618781395716,CBI_TURBULENT,COST_DISADVANTAGE,-0.1797099034823859,-0.1983680506330604,-0.24010003017820447,Stable,-0.1983680506330604,-1.3769334784472802,A
01093,石药集团,2018-08-31,-3.9430449069003393,12.99,1.2884222265866343,0.8333333333333334,1.0946629213483146,T4,1.0928174133719402,-0.14842091798048795,→,→,VP_NEUTRAL,11.884102690594878,CBI_TURBULENT,COST_DISADVANTAGE,-0.1681380933303127,-0.131259750845931,-0.2700632272358001,Stable,-0.131259750845931,-0.3035446425635365,A
01093,石药集团,2018-09-30,-18.92816419612314,13.48,1.247166681391405,0.9166666666666666,1.0969754509697545,T4,1.0976841453986181,0.034864053292137376,→,→,VP_NEUTRAL,7.00346229011868,CBI_TURBULENT,COST_DISADVANTAGE,-0.19050539682312273,-0.20476294237886383,-0.29373101278167446,Stable,-0.20476294237886383,-1.4041664833919243,A
01093,石药集团,2018-10-31,-0.5625879043600568,9.81,-0.12337392454982368,0.5,0.7769271383315735,T3,0.7783205986947965,-0.12361395207911163,↓,↓,VP_SHRINK,22.219203658921817,CBI_TURBULENT,COST_DISADVANTAGE,-0.19057899817095658,-0.15383440270556425,-0.297704396676011,Stable,-0.15383440270556425,-0.05734841023038295,A
01093,石药集团,2018-11-30,-5.233380480905236,10.79,0.13432954296653712,0.5,0.9074852817493692,T3,0.9067816465697869,-0.16892264102164445,→,→,VP_NEUTRAL,23.72015964566396,CBI_TURBULENT,COST_DISADVANTAGE,-0.20058522557042102,-0.2509765023474533,-0.3344581976986243,Stable,-0.2509765023474533,-0.4850213606028949,A
01093,石药集团,2018-12-31,-35.22388059701493,17.93,2.7276358151168623,1.0,1.4112554112554114,T5,1.4111995344151433,0.3285922451951002,↑,↑,VP_SELLING_ACTIVE,5.297041155822883,CBI_TURBULENT,COST_DISADVANTAGE,-0.2423808846069334,-0.3408020427612405,-0.4360842149550248,Deteriorating,-0.3408020427612405,-1.9645220634141067,A
01093,石药集团,2019-01-31,25.806451612903224,16.75,1.5930340181491154,0.9166666666666666,1.2293577981651376,T5,1.2275206453740481,0.7007225136494204,↑,↑,VP_EXPANSION,13.245819920514371,CBI_TURBULENT,COST_DISADVANTAGE,-0.18820964169936916,-0.13359328708135876,-0.29055756074986994,Stable,-0.13359328708135876,1.5406836783822822,A
01093,石药集团,2019-02-28,-0.5494505494505586,10.65,-0.7159086485183564,0.25,0.8046845485455233,T2,0.8033741639364848,-0.014088932844774082,↓,↓,VP_SHRINK,35.98148091455402,CBI_ACTIVE,COST_DISADVANTAGE,-0.21315819617470777,-0.22316906404765424,-0.2944555961303652,Stable,-0.22316906404765424,-0.051591600887376396,A
01093,石药集团,2019-03-31,11.602209944751385,11.55,-0.3933394813236197,0.5,0.8944243675787301,T3,0.89395828361065,-0.3565453765347869,↓,↓,VP_LOCKED_CANDIDATE,33.04514262928335,CBI_ACTIVE,COST_DISADVANTAGE,-0.18916576476939895,-0.16924097326278642,-0.10678062415373502,Improving,-0.16924097326278642,1.0045203415369164,A
01093,石药集团,2019-04-30,4.455445544554459,9.23,-1.517743604955453,0.08333333333333333,0.7201560468140443,T1,0.7188106874948694,-0.44976241958095986,↓,↓,VP_LOCKED_CANDIDATE,40.53221047810425,CBI_ACTIVE,COST_DISADVANTAGE,-0.18696921438214908,-0.21293920810753808,-0.06698372126949548,Improving,-0.21293920810753808,0.48271349345118736,A
01093,石药集团,2019-05-31,-18.95734597156399,10.9,-0.6076583488912584,0.4166666666666667,0.8492403583950136,T2,0.8522000938383617,0.02814411595212918,↓,↓,VP_DECLINE_SILENT,24.61742489096623,CBI_TURBULENT,COST_DISADVANTAGE,-0.2397251554369486,-0.28108191163690255,-0.2438588451994489,Deteriorating,-0.28108191163690255,-1.7392060524370632,A
01093,石药集团,2019-06-30,-0.3898635477582735,8.96,-1.257344320904064,0.08333333333333333,0.7901234567901234,T2,0.7900202182555365,-0.22428141907131005,↓,↓,VP_SHRINK,37.2809188128797,CBI_ACTIVE,COST_DISADVANTAGE,-0.21033407421124717,-0.18070064824806642,-0.28492284085402886,Stable,-0.18070064824806642,-0.04351155666945016,A
01093,石药集团,2019-07-31,11.741682974559687,12.17,0.02679787872824554,0.6666666666666666,1.1506460762685156,T3,1.151248833017003,0.32242897524560754,↑,↑,VP_EXPANSION,11.84933296802255,CBI_TURBULENT,COST_DISADVANTAGE,-0.1938116755929843,-0.17316326686030314,-0.20096074780362128,Improving,-0.17316326686030314,0.9648055032505906,A
01093,石药集团,2019-08-31,17.513134851138346,17.52,1.9630114451186607,0.9166666666666666,1.494667993743779,T5,1.4932451214760674,0.6002181621332916,↑,↑,VP_EXPANSION,7.965084125667571,CBI_TURBULENT,COST_DISADVANTAGE,-0.1840431363987931,-0.0999871731098464,-0.061023926052942046,Stable,-0.0999871731098464,0.999608153603787,A
01093,石药集团,2019-09-30,0.5961251862891315,10.96,-0.44533805177353614,0.5833333333333334,0.9429308861485517,T3,0.9442403998067,0.2257721473344223,→,→,VP_NEUTRAL,15.68043256661205,CBI_TURBULENT,COST_DISADVANTAGE,-0.1679352947889624,-0.17470504711047952,-0.09833911329422218,Stable,-0.17470504711047952,0.0543909841504682,A
01093,石药集团,2019-10-31,33.92592592592592,12.69,0.0631718805704947,0.75,1.0401639344262295,T3,1.0398646609920383,0.04249240885900418,→,→,VP_STABLE_ASCENT,12.022727677880264,CBI_TURBULENT,COST_NEUTRAL,-0.009170435632820606,-0.0004049918525497187,0.20755769123262668,Improving,-0.0004049918525497187,2.6734378192219004,A
01093,石药集团,2019-11-30,-13.38495575221238,14.5,0.5938654508055703,0.75,1.1328125,T4,1.1326632985563085,-0.1715746388251067,↑,↑,VP_SELLING_ACTIVE,8.06221802169457,CBI_TURBULENT,COST_NEUTRAL,-0.2019262112852649,-0.2532540461559022,0.04592662857870233,Deteriorating,-0.2532540461559022,-0.923100396704302,A
01093,石药集团,2019-12-31,5.108556832694777,9.89,-0.915205523030861,0.25,0.7634118101119259,T2,0.7632717533977202,-0.09916686380076756,↓,↓,VP_LOCKED_CANDIDATE,31.197975001433605,CBI_ACTIVE,COST_DISADVANTAGE,-0.15176746115995,-0.11333757266276057,-0.14900011248993839,Improving,-0.11333757266276057,0.5165375968346589,A
01093,石药集团,2020-01-31,-8.140947752126381,11.51,-0.09220837872084148,0.5833333333333334,0.8960685091475281,T3,0.8953643372723438,-0.09407133397220369,↓,↓,VP_DECLINE_SILENT,22.628840415951785,CBI_TURBULENT,COST_DISADVANTAGE,-0.18774058635182223,-0.21260241133129287,-0.21827956870278675,Deteriorating,-0.21260241133129287,-0.7072934623915188,A
01093,石药集团,2020-02-29,3.1746031746031855,9.89,-0.814720754635458,0.3333333333333333,0.8545506912442398,T2,0.8519557732142915,-0.3201888519988759,↓,↓,VP_LOCKED_CANDIDATE,37.46047861475855,CBI_ACTIVE,COST_DISADVANTAGE,-0.17318351004461063,-0.20513054418427412,-0.19346304707430373,Improving,-0.20513054418427412,0.32099122089010973,A
01093,石药集团,2020-03-31,-15.000000000000002,15.0,1.383209854471057,0.9166666666666666,1.224823081110506,T4,1.2251639193565942,0.516250551758678,↑,↑,VP_SELLING_ACTIVE,38.41977600132504,CBI_ACTIVE,COST_DISADVANTAGE,-0.18332225308144623,-0.21111601666101054,-0.2765879945135761,Deteriorating,-0.21111601666101054,-1.0000000000000002,A
01093,石药集团,2020-04-30,-0.9049773755656076,10.76,-0.5777125514278154,0.3333333333333333,0.9023060796645703,T2,0.9021310969461855,-0.06531964791460843,→,→,VP_NEUTRAL,35.43429944357956,CBI_ACTIVE,COST_DISADVANTAGE,-0.20031408866845968,-0.2046569997991905,-0.2831347094953537,Stable,-0.2046569997991905,-0.08410570404884829,A
01093,石药集团,2020-05-31,-1.82648401826484,13.34,0.47509523380361995,0.75,1.1370933371217502,T3,1.1367914181702372,0.35150971181616897,↑,↑,VP_SELLING_ACTIVE,24.274182590506584,CBI_TURBULENT,COST_DISADVANTAGE,-0.21273507419947402,-0.20796123877234174,-0.2962281394589088,Deteriorating,-0.20796123877234174,-0.1369178424486387,A
01093,石药集团,2020-06-30,20.93023255813953,13.33,0.3376745333866563,0.6666666666666666,1.0832994717594475,T3,1.0831384535660498,-0.1123377130187182,→,→,VP_STABLE_ASCENT,29.69753470886699,CBI_TURBULENT,COST_DISADVANTAGE,-0.1317378821951669,-0.08317307260679774,-0.06101380090245956,Improving,-0.08317307260679774,1.5701599818559286,A
01093,石药集团,2020-07-31,13.076923076923075,15.85,1.4015909623624088,0.9166666666666666,1.2165792503517971,T4,1.2186546998878163,0.4756675918090898,↑,↑,VP_EXPANSION,21.216469215995478,CBI_TURBULENT,COST_NEUTRAL,-0.1047911466295881,-0.09791592819363593,0.061776702056449695,Stable,-0.09791592819363593,0.8250424654210142,A
01093,石药集团,2020-08-31,6.689342403628107,10.22,-1.1646204104672466,0.25,0.7811464968152866,T2,0.7817429380838287,-0.23263064517914445,↓,↓,VP_LOCKED_CANDIDATE,38.12197968091275,CBI_ACTIVE,COST_NEUTRAL,-0.10352145269381186,-0.07400769828777998,0.13280258121895594,Improving,-0.07400769828777998,0.6545344817640026,A
01093,石药集团,2020-09-30,-14.34643995749203,7.69,-2.336426156566182,0.08333333333333333,0.6481247366203119,T1,0.6489884364384265,-0.4217124629268234,↓,↓,VP_DECLINE_SILENT,45.86436147547193,CBI_ACTIVE,COST_DISADVANTAGE,-0.15878045110044792,-0.1873380487792322,-0.18797702543955142,Deteriorating,-0.1873380487792322,-1.8655968735360247,A
01093,石药集团,2020-10-31,-14.888337468982627,6.49,-2.2476271467204683,0.08333333333333333,0.5818888224745965,T1,0.5805392358516623,-0.591998922711954,↓,↓,VP_DECLINE_SILENT,44.05424112061333,CBI_ACTIVE,COST_DISADVANTAGE,-0.17657241536515889,-0.24167976534312274,-0.3088737462177821,Deteriorating,-0.24167976534312274,-2.2940427533101118,A
01093,石药集团,2020-11-30,-8.746355685131203,14.43,1.1414049710462804,0.8333333333333334,1.2730480811645346,T4,1.272976430999474,0.4110438626510098,↑,↑,VP_SELLING_ACTIVE,22.96277020922191,CBI_TURBULENT,COST_DISADVANTAGE,-0.19275012208702624,-0.21800330556419434,-0.36932210660689735,Deteriorating,-0.21800330556419434,-0.6061230551026474,A
01093,石药集团,2020-12-31,5.7507987220447365,16.2,1.5747178007123972,1.0,1.371331828442438,T5,1.371220775172375,1.1043329465419904,↑,↑,VP_EXPANSION,15.757688219628665,CBI_TURBULENT,COST_DISADVANTAGE,-0.1375868348560947,-0.13368829371342505,-0.17539047359980808,Stable,-0.13368829371342505,0.3549875754348603,A
01093,石药集团,2021-01-31,-0.151057401812682,11.74,-0.11730732763207947,0.5,1.0549648045529432,T3,1.0561511123384384,0.8160201172758488,→,→,VP_NEUTRAL,42.35338485901817,CBI_ACTIVE,COST_DISADVANTAGE,-0.2024432939885692,-0.20487789172174176,-0.17663610732548818,Stable,-0.20487789172174176,-0.012866899643328962,A
01093,石药集团,2021-02-28,2.7231467473525006,10.05,-0.7250690961713409,0.25,0.9054054054054054,T2,0.9049752953018494,-0.3037404886864776,→,→,VP_STABLE_ASCENT,47.193228346257364,CBI_ACTIVE,COST_DISADVANTAGE,-0.18762217295757078,-0.19206666014205076,-0.15421470026324735,Improving,-0.19206666014205076,0.2709598753584578,A
01093,石药集团,2021-03-31,19.14580265095729,15.56,1.2435140000479898,0.8333333333333334,1.2536591916207869,T4,1.2539042672027387,-0.03946168778147541,↑,↑,VP_EXPANSION,25.311313450712603,CBI_TURBULENT,COST_DISADVANTAGE,-0.11214915437333606,-0.11482938549899846,-0.06816635490792033,Stable,-0.11482938549899846,1.2304500418353013,A
01093,石药集团,2021-04-30,2.71940667490731,5.99,-1.9855624798053146,0.08333333333333333,0.4858726510747601,T1,0.4843016499383622,-0.49214218449344704,↓,↓,VP_LOCKED_CANDIDATE,45.580676160342946,CBI_ACTIVE,COST_DISADVANTAGE,-0.14601139309970057,-0.1355920397337802,-0.042826008564254336,Improving,-0.1355920397337802,0.4539910976472971,A
01093,石药集团,2021-05-31,31.88929001203369,10.02,-0.43679294611474795,0.3333333333333333,0.8642898217366302,T3,0.8658454842970291,-0.0005433677034449858,↓,↓,VP_LOCKED_CANDIDATE,28.824786306493927,CBI_TURBULENT,COST_NEUTRAL,-0.05786746171173185,0.009001926538362515,0.26240998148444916,Improving,0.009001926538362515,3.182563873456456,A
01093,石药集团,2021-06-30,-8.576642335766438,8.01,-0.9155199085210582,0.3333333333333333,0.7831187876812775,T2,0.7816237436532163,-0.4862911678403412,↓,↓,VP_DECLINE_SILENT,33.59679540145364,CBI_ACTIVE,COST_DISADVANTAGE,-0.12760857921377966,-0.15502653436084768,-0.07933296786216748,Deteriorating,-0.15502653436084768,-1.0707418646400049,A
01093,石药集团,2021-07-31,-7.584830339321358,9.91,-0.19847730109508163,0.4166666666666667,0.9986563654685925,T3,0.9988995227774273,0.6598521858942559,→,→,VP_NEUTRAL,32.17920434965575,CBI_ACTIVE,COST_DISADVANTAGE,-0.08964822152413143,-0.1081714957939982,-0.1491640002398873,Stable,-0.1081714957939982,-0.7653713763190069,A
01093,石药集团,2021-08-31,-6.5874730021598165,7.65,-0.8567713696945536,0.25,0.8032901645082254,T2,0.8024585239119386,-0.23918445633659646,↓,↓,VP_DECLINE_SILENT,38.036709428098575,CBI_ACTIVE,COST_DISADVANTAGE,-0.1501429971445014,-0.17544815269211367,-0.20521259201674136,Deteriorating,-0.17544815269211367,-0.8611075819816754,A
01093,石药集团,2021-09-30,-5.202312138728338,5.24,-1.5653856782717757,0.08333333333333333,0.671507902605724,T1,0.6706708772939083,-0.3458914911579709,↓,↓,VP_DECLINE_SILENT,41.311345249345926,CBI_ACTIVE,COST_DISADVANTAGE,-0.13084890802990756,-0.14699258339271914,-0.19940422162465388,Deteriorating,-0.14699258339271914,-0.99280766006266,A
01093,石药集团,2021-10-31,-14.634146341463406,5.7700000000000005,-1.3167723809818184,0.16666666666666666,0.7429184549356224,T2,0.7424504871816928,-0.41839994673582537,↓,↓,VP_DECLINE_SILENT,37.60086708462917,CBI_ACTIVE,COST_DISADVANTAGE,-0.16514482162429844,-0.20047496566974032,-0.31656457943568006,Deteriorating,-0.20047496566974032,-2.5362471995603824,A
01093,石药集团,2021-11-30,-0.8571428571428563,5.5200000000000005,-1.1693687153440906,0.16666666666666666,0.7866983372921615,T2,0.7860052585752036,-0.2789860089109688,↓,↓,VP_SHRINK,42.94919254723933,CBI_ACTIVE,COST_DISADVANTAGE,-0.15037524998222251,-0.15355767958052435,-0.32242259732623135,Stable,-0.15355767958052435,-0.1552795031055899,A
01093,石药集团,2021-12-31,5.619596541786742,5.84,-0.9370339565786215,0.3333333333333333,0.8775356874530427,T2,0.8807909292686674,0.12028403412408828,↓,↓,VP_LOCKED_CANDIDATE,24.723405369978043,CBI_TURBULENT,COST_DISADVANTAGE,-0.11310469457166172,-0.11281424519736372,-0.1281822371199851,Improving,-0.11281424519736372,0.9622596818127983,A
01093,石药集团,2022-01-31,13.369713506139158,7.37,-0.26067506553728365,0.5,1.1826691628777748,T3,1.1814069642661948,0.2761067372232524,↑,↑,VP_EXPANSION,29.33644165420501,CBI_TURBULENT,COST_DISADVANTAGE,-0.09752688115479025,-0.1051926357272126,-0.011622699927295477,Improving,-0.1051926357272126,1.8140723888926944,A
01093,石药集团,2022-02-28,-2.4067388688327473,3.63,-1.470006903492373,0.08333333333333333,0.6526820497452801,T2,0.6531619973722171,-0.34097034589192365,↓,↓,VP_DECLINE_SILENT,47.666226346958425,CBI_ACTIVE,COST_DISADVANTAGE,-0.1282122562563598,-0.14124731777459776,-0.03541036057886493,Deteriorating,-0.14124731777459776,-0.6630134624883601,A
01093,石药集团,2022-03-31,-2.4660912453760675,8.98,1.1459856803726043,0.8333333333333334,1.451899757477769,T4,1.4493091569965617,0.5283837628948407,↑,↑,VP_SELLING_ACTIVE,29.90838099838132,CBI_TURBULENT,COST_DISADVANTAGE,-0.12294037555248039,-0.09324165670728335,-0.12716581271031457,Deteriorating,-0.09324165670728335,-0.27462040594388276,A
01093,石药集团,2022-04-30,-12.01011378002529,4.69,-1.2185159033472077,0.16666666666666666,0.7810158201498751,T2,0.7811307364234334,-0.36293346644448976,↓,↓,VP_DECLINE_SILENT,45.88690740893222,CBI_ACTIVE,COST_DISADVANTAGE,-0.12974832351588128,-0.18347294931911562,-0.23199419171476476,Deteriorating,-0.18347294931911562,-2.5607918507516607,A
01093,石药集团,2022-05-31,5.747126436781613,5.43,-0.6379596849031901,0.3333333333333333,0.9065108514190318,T2,0.9061505846084542,0.4938954282807113,→,→,VP_STABLE_ASCENT,46.247295036270806,CBI_ACTIVE,COST_DISADVANTAGE,-0.03679327687652123,-0.06314577565496071,-0.18785592687078567,Improving,-0.06314577565496071,1.0584026587074795,A
01093,石药集团,2022-06-30,-8.288043478260876,7.75,0.7665834294713735,0.8333333333333334,1.2285336856010567,T4,1.226060590987864,-0.1381757379600872,↑,↑,VP_SELLING_ACTIVE,34.36785601026841,CBI_ACTIVE,COST_DISADVANTAGE,-0.09888083561989347,-0.09691861991447592,-0.14191957671422928,Deteriorating,-0.09691861991447592,-1.0694249649368872,A
01093,石药集团,2022-07-31,11.851851851851848,6.3,0.08663376958193378,0.6666666666666666,1.0277324632952691,T3,1.028907763619708,0.3432642747519916,→,→,VP_STABLE_ASCENT,39.615834823615835,CBI_ACTIVE,COST_DISADVANTAGE,-0.11102366437281852,-0.08898589908872512,-0.04022115617665645,Improving,-0.08898589908872512,1.8812463256907694,A
01093,石药集团,2022-08-31,-7.947019867549665,4.78,-0.8874736981737771,0.25,0.7561297126285264,T2,0.7531503711148121,-0.12451980025233189,↓,↓,VP_DECLINE_SILENT,49.98133462220384,CBI_ACTIVE,COST_DISADVANTAGE,-0.11893551520357748,-0.145909983340478,-0.11649497157983602,Deteriorating,-0.145909983340478,-1.6625564576463734,A
01093,石药集团,2022-09-30,-1.5827338129496438,4.86,-0.7859489741954534,0.3333333333333333,0.862466725820763,T2,0.8604246736365817,-0.37375896956724153,↓,↓,VP_DECLINE_SILENT,44.341599924873435,CBI_ACTIVE,COST_DISADVANTAGE,-0.08265817687506971,-0.09883360697017396,-0.14822384139731049,Deteriorating,-0.09883360697017396,-0.3256653936110378,A
01093,石药集团,2022-10-31,4.2397660818713545,6.6899999999999995,0.5136361455459166,0.75,1.120915945266685,T4,1.122662095932984,0.06105867247823271,↑,↑,VP_EXPANSION,30.32200887851765,CBI_ACTIVE,COST_DISADVANTAGE,-0.15181789488558295,-0.12341288040683107,-0.11211052473140692,Stable,-0.12341288040683107,0.6337467984860022,A
01093,石药集团,2022-11-30,26.928471248246865,13.83,5.190330892449175,1.0,1.8769509160823343,T5,1.8771681671893683,1.9030151031587939,↑↑,↑↑,VP_OVERHEAT,17.092316003538357,CBI_TURBULENT,COST_NEUTRAL,-0.06582950559963574,-0.05889706429139008,0.12698453733250603,Deteriorating,-0.05889706429139008,1.9471056578631138,A
01093,石药集团,2022-12-31,-19.779005524861894,14.18,2.755457703715971,1.0,1.680094786729858,T5,1.6802796488052474,1.9245660143418144,↑↑,↑↑,VP_PANIC,14.436505495897228,CBI_TURBULENT,COST_DISADVANTAGE,-0.1315097177839537,-0.16206295175629382,-0.18802168343923786,Deteriorating,-0.16206295175629382,-1.3948522937138148,A
01093,石药集团,2023-01-31,10.192837465564741,8.040000000000001,0.19328024998803955,0.75,0.9209621993127148,T3,0.9220091802737692,0.20098598265492296,→,→,VP_STABLE_ASCENT,18.97683451925965,CBI_TURBULENT,COST_DISADVANTAGE,-0.1438538754569323,-0.10691738273314821,-0.10525805337657057,Improving,-0.10691738273314821,1.2677658539259626,A
01093,石药集团,2023-02-28,-6.374999999999997,5.21,-0.7932761372699031,0.3333333333333333,0.591933345957205,T2,0.5926488485533083,-0.6226801971022836,↓,↓,VP_DECLINE_SILENT,40.80747159273034,CBI_ACTIVE,COST_DISADVANTAGE,-0.14204061053147587,-0.15060430612258469,-0.16229785247381423,Deteriorating,-0.15060430612258469,-1.2236084452975042,A
01093,石药集团,2023-03-31,-9.479305740987986,8.94,0.4584848448185741,0.8333333333333334,0.9428722095271576,T3,0.940800251698802,-0.37088458194941043,→,→,VP_NEUTRAL,25.34718838291601,CBI_TURBULENT,COST_DISADVANTAGE,-0.10846018643173072,-0.14725541498721695,-0.20422410901393762,Stable,-0.14725541498721695,-1.0603250269561506,A
01093,石药集团,2023-04-30,3.834808259587019,5.64,-0.6829328681553603,0.4166666666666667,0.6060171919770774,T2,0.6053356847530588,-0.30010304397701515,↓,↓,VP_LOCKED_CANDIDATE,35.432511021830564,CBI_ACTIVE,COST_DISADVANTAGE,-0.11349225052215683,-0.1071559307083908,-0.17370762941860185,Improving,-0.1071559307083908,0.679930542479968,A
01093,石药集团,2023-05-31,-16.47727272727273,5.3,-0.798916368979846,0.3333333333333333,0.672162333544705,T2,0.6686251440009515,0.009518644359186812,↓,↓,VP_DECLINE_SILENT,36.8714765528502,CBI_ACTIVE,COST_DISADVANTAGE,-0.21459553605285464,-0.21357368560289636,-0.30985807684394595,Deteriorating,-0.21357368560289636,-3.108919382504289,A
01093,石药集团,2023-06-30,1.7006802721088565,6.2,-0.43416237966624643,0.5,0.9458428680396644,T3,0.9430075532964605,-0.30842233740793046,→,→,VP_STABLE_ASCENT,30.754312796095846,CBI_ACTIVE,COST_DISADVANTAGE,-0.11912582012566597,-0.12086972075275793,-0.18834275188340777,Improving,-0.12086972075275793,0.27430326969497687,A
01093,石药集团,2023-07-31,-5.35117056856188,5.44,-0.6637166189239976,0.4166666666666667,0.8886468826572285,T2,0.8889124333549665,-0.03634248412777552,↓,↓,VP_DECLINE_SILENT,34.607113534184926,CBI_ACTIVE,COST_DISADVANTAGE,-0.11578205722187185,-0.12801791640662064,-0.2317759156622221,Deteriorating,-0.12801791640662064,-0.9836710603974044,A
01093,石药集团,2023-08-31,-10.424028268551233,9.31,0.5108882633215076,0.8333333333333334,1.3681116825863338,T4,1.369114530877162,0.7634907587867177,↑,↑,VP_SELLING_ACTIVE,18.16102632028396,CBI_TURBULENT,COST_DISADVANTAGE,-0.11238547976939273,-0.1428791793852664,-0.3118558113794109,Deteriorating,-0.1428791793852664,-1.1196593199303149,A
01093,石药集团,2023-09-30,-0.39447731755425375,5.5,-0.8247711026920448,0.3333333333333333,0.8825889275207275,T2,0.8827872996822849,-0.1112286411987613,↓,↓,VP_SHRINK,33.307788460756555,CBI_ACTIVE,COST_DISADVANTAGE,-0.11405415259797058,-0.1276762075411132,-0.16330630867247908,Stable,-0.1276762075411132,-0.07172314864622796,A
01093,石药集团,2023-10-31,21.584158415841582,9.13,0.3667073772180841,0.75,1.3400195694716244,T3,1.3408173552218656,0.6774117316392521,↑,↑,VP_EXPANSION,10.971302518386118,CBI_TURBULENT,COST_ADVANTAGE,-0.001414348410806232,0.029735372807117466,0.017286983119005672,Improving,0.029735372807117466,2.3640918308698335,A
01093,石药集团,2023-11-30,3.583061889250816,10.29,1.0453094593995458,0.9166666666666666,1.34597776324395,T4,1.3475562459229238,0.10616296408869719,↑,↑,VP_EXPANSION,14.742066599498864,CBI_TURBULENT,COST_NEUTRAL,-0.08434148026257748,-0.08740727166133877,0.053737005315452224,Stable,-0.08740727166133877,0.34820815250250886,A
01093,石药集团,2023-12-31,3.301886792452824,6.73,-0.24167663798059036,0.5833333333333334,0.8702586206896552,T3,0.8719007835267262,0.2272202741088074,↓,↓,VP_LOCKED_CANDIDATE,27.21373302152047,CBI_TURBULENT,COST_DISADVANTAGE,-0.07937837004437664,-0.04769950647853671,-0.004565016240538289,Improving,-0.04769950647853671,0.49062210883400054,A
01093,石药集团,2024-01-31,-23.135464231354653,8.85,0.9646835562378339,0.6666666666666666,1.06605099377635,T4,1.0668548425395268,-0.028932965141310052,→,→,VP_NEUTRAL,29.029298408879693,CBI_TURBULENT,COST_DISADVANTAGE,-0.1416887742844597,-0.19480242869512177,-0.2348635208545995,Stable,-0.19480242869512177,-2.6141767493056105,A
01093,石药集团,2024-02-29,7.524752475247531,4.7,-1.4824947170466458,0.08333333333333333,0.6238938053097345,T2,0.6254218323739956,-0.5420790404392479,↓,↓,VP_LOCKED_CANDIDATE,47.88677527839039,CBI_ACTIVE,COST_DISADVANTAGE,-0.13009635486302396,-0.10820874730056562,-0.17728889470108422,Improving,-0.10820874730056562,1.6010111649462833,A
01093,石药集团,2024-03-31,0.5524861878453136,8.13,0.5916613864253805,0.6666666666666666,1.0198620112899854,T4,1.0186481114842056,0.20502323788097376,→,→,VP_NEUTRAL,31.90067677541046,CBI_ACTIVE,COST_DISADVANTAGE,-0.1337196107467068,-0.13385492263623489,-0.12556268594048003,Stable,-0.13385492263623489,0.06795648066978026,A
01093,石药集团,2024-04-30,6.043956043956045,6.9,-0.1791297070682514,0.5833333333333334,0.9078947368421052,T3,0.9041439162531782,-0.22415628294120704,→,→,VP_STABLE_ASCENT,40.6308039711057,CBI_ACTIVE,COST_DISADVANTAGE,-0.07765435191931414,-0.06016897057902926,-0.07271207904677279,Improving,-0.06016897057902926,0.8759356585443543,A
01093,石药集团,2024-05-31,5.0086355785837755,8.43,0.5928531654749419,0.6666666666666666,1.1563786008230452,T4,1.155060750331327,0.7858016640517302,↑,↑,VP_EXPANSION,38.85483356737665,CBI_ACTIVE,COST_DISADVANTAGE,-0.10645531836997768,-0.09704651417345866,-0.026267606321999648,Stable,-0.09704651417345866,0.5941441967477789,A
01093,石药集团,2024-06-30,-6.743421052631582,7.25,-0.18991824313133138,0.5,0.9828287392679619,T3,0.9815400260416058,-0.10959316126451712,→,→,VP_NEUTRAL,41.88100339233087,CBI_ACTIVE,COST_DISADVANTAGE,-0.10958598664872798,-0.1483626433332237,-0.13228373365118684,Stable,-0.1483626433332237,-0.9301270417422872,A
01093,石药集团,2024-07-31,-7.054673721340398,6.25,-0.9223939833919897,0.25,0.9001440230436869,T2,0.9011919130892838,-0.09050630632330481,→,→,VP_NEUTRAL,57.744113912557545,CBI_STABLE,COST_DISADVANTAGE,-0.11320886289704879,-0.12608460932014842,-0.1934982850690926,Stable,-0.12608460932014842,-1.1287477954144638,A
01093,石药集团,2024-08-31,-18.9753320683112,13.21,3.602637990888603,1.0,1.5798285828184175,T5,1.5765923367378323,0.5622791409240788,↑↑,↑↑,VP_PANIC,20.03727140564258,CBI_TURBULENT,COST_DISADVANTAGE,-0.10926871292618667,-0.17447441719372103,-0.34653466361385676,Deteriorating,-0.17447441719372103,-1.4364369468819984,A
01093,石药集团,2024-09-30,28.805620608899307,17.689999999999998,4.395101265683741,1.0,1.7769964841788044,T5,1.7668397828879288,1.4190101753624416,↑↑,↑↑,VP_OVERHEAT,12.867747250239514,CBI_TURBULENT,COST_ADVANTAGE,0.021637112950761095,0.05619009724865198,0.031056763707133284,Deteriorating,0.05619009724865198,1.628356167829243,A
01093,石药集团,2024-10-31,-2.5454545454545396,27.740000000000002,5.370945378511123,1.0,2.0657813081792233,T5,2.051424003902826,3.3683660913315814,↑↑,↑↑,VP_PANIC,9.51164319235779,CBI_TURBULENT,COST_NEUTRAL,-0.15889503492418422,-0.18823187905064587,0.0048116824491335475,Deteriorating,-0.18823187905064587,-0.09176115881234821,A
01093,石药集团,2024-11-30,-12.686567164179118,12.08,0.2394277001220894,0.75,0.8606031821420089,T3,0.8545548317533909,-0.09786780403260342,↓,↓,VP_DECLINE_SILENT,16.24544355585994,CBI_TURBULENT,COST_DISADVANTAGE,-0.08120324651062516,-0.10547408623587395,-0.12266442651829401,Deteriorating,-0.10547408623587395,-1.0502125135909866,A
01093,石药集团,2024-12-31,-6.196581196581197,12.83,0.28487334549429477,0.75,0.8572383073496658,T3,0.850284796156811,-0.2822569318045838,↓,↓,VP_DECLINE_SILENT,17.374541686366854,CBI_TURBULENT,COST_DISADVANTAGE,-0.08348840485750586,-0.10003883515272172,-0.2520765461310891,Deteriorating,-0.10003883515272172,-0.48297593114428655,A
01093,石药集团,2025-01-31,-7.289293849658296,8.57,-0.44435842004416853,0.5833333333333334,0.5581849761181068,T3,0.5535068264227279,-0.6933767233948466,↓,↓,VP_DECLINE_SILENT,25.80998871753627,CBI_TURBULENT,COST_DISADVANTAGE,-0.09232246774303854,-0.08699290837082607,-0.30659488445410754,Deteriorating,-0.08699290837082607,-0.8505593756894161,A
01093,石药集团,2025-02-28,6.142506142506132,16.88,0.8504860598546248,0.8333333333333334,1.0573128719072973,T4,1.0446463338747805,0.3787986183474126,→,→,VP_STABLE_ASCENT,29.109082168380997,CBI_TURBULENT,COST_DISADVANTAGE,-0.12089800982122068,-0.10093142283315293,-0.2640024326392493,Stable,-0.10093142283315293,0.3638925439873301,A
01093,石药集团,2025-03-31,5.32407407407407,18.35,0.9542820958906979,0.9166666666666666,1.1415241057542769,T4,1.1321530707091536,0.4158094356578179,↑,↑,VP_EXPANSION,20.282395041975935,CBI_TURBULENT,COST_DISADVANTAGE,-0.06961191362396468,-0.07060017733666435,-0.04702602564977565,Stable,-0.07060017733666435,0.2901402765162981,A
01093,石药集团,2025-04-30,26.15384615384617,33.04,3.2309692544747035,1.0,1.9483046683046683,T5,1.942582507891796,2.828062049453722,↑↑,↑↑,VP_OVERHEAT,13.003864715425332,CBI_TURBULENT,COST_ADVANTAGE,-0.0556392550934488,0.03146914848106519,0.20221332148797533,Deteriorating,0.03146914848106519,0.7915813000558769,A
01093,石药集团,2025-05-31,34.32055749128919,35.34,2.453765077955172,1.0,1.6961843052555798,T5,1.69157800111372,1.0909635882345432,↑↑,↑↑,VP_OVERHEAT,7.0020888870563756,CBI_TURBULENT,COST_ADVANTAGE,0.029823843505118353,0.15888734508397206,0.6148196356571933,Deteriorating,0.15888734508397206,0.9711532963013353,A
01093,石药集团,2025-06-30,-3.891050583657585,44.91,2.881891031686075,1.0,1.7153224266344131,T5,1.7120189250054094,1.4420682435714403,↑↑,↑↑,VP_PANIC,4.737981893171183,CBI_TURBULENT,COST_NEUTRAL,-0.047765436912692305,-0.10197398383754297,0.06344634487812884,Deteriorating,-0.10197398383754297,-0.08664107289373381,A
01093,石药集团,2025-07-31,29.959514170040503,34.1,1.1010611362836158,0.8333333333333334,1.120359215858066,T4,1.118818332580206,0.028624264052598214,↑,↑,VP_EXPANSION,11.353078311708442,CBI_TURBULENT,COST_ADVANTAGE,0.10041013506041607,0.08336828775762939,0.38204970326266974,Stable,0.08336828775762939,0.8785781281536804,A
01093,石药集团,2025-08-31,1.5576323987538832,33.63,0.8765346267356647,0.75,1.0120880774439485,T4,1.0114671825178474,-0.0490430630418508,→,→,VP_STABLE_ASCENT,10.581050688598964,CBI_TURBULENT,COST_NEUTRAL,-0.03078114633144713,-0.038957879077299196,0.4035769572075709,Stable,-0.038957879077299196,0.046316752862143415,A
01093,石药集团,2025-09-30,-7.157464212678932,31.75,0.572852809395032,0.5833333333333334,0.8953329886732152,T4,0.895307080939835,-0.2925136308003887,↓,↓,VP_DECLINE_SILENT,18.416803712165652,CBI_TURBULENT,COST_DISADVANTAGE,-0.039844869378882874,-0.11032054746175202,-0.06821559434026336,Deteriorating,-0.11032054746175202,-0.22543194370642305,A
01093,石药集团,2025-10-31,-17.400881057268723,25.67,0.007017784098787405,0.5,0.7498539435248296,T3,0.7501916305317167,-0.24639665036908764,↓,↓,VP_DECLINE_SILENT,15.833360900999605,CBI_TURBULENT,COST_DISADVANTAGE,-0.022647290338034698,-0.11728168997240995,-0.23035429047929246,Deteriorating,-0.11728168997240995,-0.6778683699754079,A
01093,石药集团,2025-11-30,3.4666666666666623,17.85,-0.8375908886039625,0.3333333333333333,0.5699537012399554,T2,0.5701557774239608,-0.4690221580229663,↓,↓,VP_LOCKED_CANDIDATE,25.54261012436771,CBI_TURBULENT,COST_NEUTRAL,-0.013913977223367069,0.010790210684972212,-0.20367323921590796,Improving,0.010790210684972212,0.19421101774042926,A
01093,石药集团,2025-12-31,6.70103092783505,21.82,-0.5351915696146203,0.4166666666666667,0.7943210775391336,T2,0.793648259749707,-0.3136510181283837,↓,↓,VP_LOCKED_CANDIDATE,21.45039300648093,CBI_TURBULENT,COST_ADVANTAGE,-0.03729075158315631,0.029319267852009112,0.019496102542450267,Improving,0.029319267852009112,0.307104992109764,A
01093,石药集团,2026-01-31,14.130434782608692,25.18,-0.38543138731244436,0.4166666666666667,0.969082745349583,T3,0.9698578248658957,-0.018575751002932073,→,→,VP_STABLE_ASCENT,22.301629847353144,CBI_TURBULENT,COST_NEUTRAL,-0.05071371608092534,-0.01870666730805659,0.1635553344234486,Improving,-0.01870666730805659,0.5611769174983595,A
01093,石药集团,2026-02-28,3.1746031746031855,14.81,-1.836656120895495,0.08333333333333333,0.6482346075284505,T1,0.6485000920084321,-0.16994384839878995,↓,↓,VP_LOCKED_CANDIDATE,33.16644540008731,CBI_ACTIVE,COST_NEUTRAL,-0.029160945289439577,-0.015314635417133182,0.2004935990083201,Improving,-0.015314635417133182,0.21435537978414487,A
01093,石药集团,2026-03-31,-8.20512820512821,18.86,-1.204144233056556,0.25,0.9111844754005958,T2,0.9115001656584197,-0.13421882116611994,→,→,VP_NEUTRAL,30.74513988835604,CBI_ACTIVE,COST_NEUTRAL,0.0529375427651948,0.008146949696030248,-0.05364539794576728,Stable,0.008146949696030248,-0.43505451776925824,A
01093,石药集团,2026-04-30,-7.709497206703908,13.52,-1.6209543762723957,0.08333333333333333,0.7240271331667261,T1,0.7236385023298535,-0.46374126443631647,↓,↓,VP_DECLINE_SILENT,33.257541192349315,CBI_ACTIVE,COST_DISADVANTAGE,-0.07004539931058062,-0.08737400955863539,-0.12660457955665227,Deteriorating,-0.08737400955863539,-0.5702290833360879,A
01093,石药集团,2026-05-31,-11.016949152542377,15.76,-1.0752701333229946,0.25,0.8600272851296044,T2,0.8604768302388807,0.06430271077501959,↓,↓,VP_DECLINE_SILENT,27.001935364585705,CBI_TURBULENT,COST_DISADVANTAGE,0.022682250292105577,-0.03542912764878259,-0.22282610892752952,Deteriorating,-0.03542912764878259,-0.6990449969887296,A
01093,石药集团,2026-06-30,-5.170068027210883,17.53,-0.7532817470922929,0.3333333333333333,0.9954571266325952,T2,0.9947966170173297,-0.07129711530278071,→,→,VP_NEUTRAL,32.908899815716765,CBI_ACTIVE,COST_DISADVANTAGE,0.03190555735347256,-0.022563686126196303,-0.11209653053872992,Stable,-0.022563686126196303,-0.29492686977814503,A
01093,石药集团,2026-07-31,23.098995695839307,20.66,-0.1281162012916894,0.5833333333333334,1.2256278425944236,T3,1.224930013711467,0.5280357466488883,↑,↑,VP_EXPANSION,25.41339590005678,CBI_TURBULENT,COST_ADVANTAGE,0.0051215265194557436,0.04277379313789931,0.09300025365533693,Improving,0.04277379313789931,1.1180540027027739,A
01177,中生制药,2010-01-31,0.0,12.65,,,,,,,,,VP_NEUTRAL,,,,-1.154971766621971,-1.1516511020230475,,Stable,-1.1516511020230475,0.0,A
01177,中生制药,2010-02-28,-80.0,5.57,,,,,,,,,VP_NEUTRAL,,,,-1.0272516554534181,-1.0290132964899363,,Stable,-1.0290132964899363,-14.362657091561939,A
01177,中生制药,2010-03-31,-750.0,9.65,,,1.038751345532831,,1.0649539014792626,,→,→,VP_NEUTRAL,,,COST_DISADVANTAGE,-0.859347706031652,-0.8507078536989938,-0.8244577422809117,Stable,-0.8507078536989938,-77.720207253886,A
01177,中生制药,2010-04-30,92.30769230769229,10.93,,,1.1268041237113402,,1.1469296922683603,-0.08736571608118071,↑,↑,VP_EXPANSION,,,COST_DISADVANTAGE,-0.7500487224597514,-0.7413394316509959,-0.6624187351555995,Improving,-0.7413394316509959,8.445351537757759,A
01177,中生制药,2010-05-31,-19.999999999999996,18.25,,,1.5994741454864154,,1.6178631537829198,2.278933565062322,↑↑,↑↑,VP_PANIC,,,COST_DISADVANTAGE,-0.7841485836140942,-0.802705914824396,-0.7299349881244797,Deteriorating,-0.802705914824396,-1.0958904109589038,A
01177,中生制药,2010-06-30,-25.00000000000001,22.279999999999998,2.624703574726327,1.0,1.685112819866381,T5,1.7001700430962612,1.3086487929283224,↑↑,↑↑,VP_PANIC,0.0,CBI_TURBULENT,COST_DISADVANTAGE,-0.8372250306818922,-0.8458727288252691,-0.8478932615361161,Deteriorating,-0.8458727288252691,-1.122082585278277,A
01177,中生制药,2010-07-31,-19.999999999999996,7.17,-1.0921472423416374,0.2857142857142857,0.5825321597833447,T2,0.5997788050401468,-0.3226338282084946,↓,↓,VP_DECLINE_SILENT,30.0,CBI_ACTIVE,COST_DISADVANTAGE,-0.8607464499434986,-0.8585347371565692,-0.8783146092288929,Deteriorating,-0.8585347371565692,-2.7894002789400276,A
01177,中生制药,2010-08-31,-83.33333333333333,4.94,-1.3364399784971914,0.125,0.4048074296640263,T2,0.4189049534789544,-0.7180270928980597,↓,↓,VP_DECLINE_SILENT,30.0,CBI_ACTIVE,COST_DISADVANTAGE,-0.9751467688995512,-0.9762714367786881,-0.9797191015381488,Deteriorating,-0.9762714367786881,-16.869095816464235,A
01177,中生制药,2010-09-30,750.0,10.04,-0.2420830502920131,0.5555555555555556,0.8183670696916181,T3,0.8390433987908713,-0.5331061778728944,↓,↓,VP_LOCKED_CANDIDATE,17.16033008489077,CBI_TURBULENT,COST_DISADVANTAGE,-0.8171984814227167,-0.8121475957309887,-0.8052156128640373,Improving,-0.8121475957309887,74.7011952191235,A
01177,中生制药,2010-10-31,-11.764705882352954,7.63,-0.6712436299404662,0.4,0.6511164841416583,T2,0.6645023725026894,0.06762187104566486,↓,↓,VP_DECLINE_SILENT,25.509824013864083,CBI_TURBULENT,COST_DISADVANTAGE,-0.8383278080687802,-0.8399108451779943,-0.8281314231153271,Deteriorating,-0.8399108451779943,-1.5419011641353806,A
01177,中生制药,2010-11-30,6.666666666666665,6.71,-0.797586758471345,0.2727272727272727,0.6850433894844309,T2,0.6917669964203192,0.34677003118167016,↓,↓,VP_LOCKED_CANDIDATE,27.308316719772783,CBI_TURBULENT,COST_DISADVANTAGE,-0.826002634763566,-0.8298734266225215,-0.8166735179896822,Improving,-0.8298734266225215,0.9935419771485343,A
01177,中生制药,2010-12-31,-31.25,3.39,-1.382153556764176,0.08333333333333333,0.5100300902708126,T2,0.5069630927786514,-0.6648668221324414,↓,↓,VP_DECLINE_SILENT,30.511285702991305,CBI_ACTIVE,COST_DISADVANTAGE,-0.8692363724741281,-0.8718451707210709,-0.8808660217751991,Deteriorating,-0.8718451707210709,-9.218289085545722,A
01177,中生制药,2011-01-31,-109.09090909090908,3.25,-1.1714793616277164,0.08333333333333333,0.5422691879866519,T2,0.5440431212695752,-0.5728345524437112,↓,↓,VP_DECLINE_SILENT,30.372807272366106,CBI_ACTIVE,COST_DISADVANTAGE,-1.0132363232764043,-1.0126030713796825,-1.0108303616568002,Deteriorating,-1.0126030713796825,-33.56643356643356,A
01177,中生制药,2011-02-28,-600.0,2.94,-1.1487381380520822,0.08333333333333333,0.519434628975265,T2,0.5208720824773455,-0.5593764386089903,↓,↓,VP_DECLINE_SILENT,30.0,CBI_ACTIVE,COST_DISADVANTAGE,-0.9369012530155154,-0.934035172385989,-0.9458481917159995,Deteriorating,-0.934035172385989,-204.08163265306123,A
01177,中生制药,2011-03-31,119.99999999999997,3.5100000000000002,-0.8941479124253511,0.3333333333333333,0.7677725118483414,T2,0.768468706038199,0.04243967994101627,↓,↓,VP_LOCKED_CANDIDATE,30.0,CBI_ACTIVE,COST_DISADVANTAGE,-0.8601271276028541,-0.8627987327996556,-0.8599960105939122,Improving,-0.8627987327996556,34.18803418803418,A
01177,中生制药,2011-04-30,-18.181818181818187,2.67,-0.8998898529412319,0.08333333333333333,0.712950600801068,T2,0.7161957053577012,-0.178106961122122,↓,↓,VP_DECLINE_SILENT,30.0,CBI_ACTIVE,COST_DISADVANTAGE,-0.8918396058843427,-0.894567475791672,-0.885451281395019,Deteriorating,-0.894567475791672,-6.809669731018047,A
01177,中生制药,2011-05-31,0.0,2.63,-0.7668809490178001,0.08333333333333333,0.8580750407830342,T2,0.8602103834147246,-0.10460090677591416,↓,↓,VP_SHRINK,30.986710351770018,CBI_ACTIVE,COST_DISADVANTAGE,-0.8898176733288921,-0.8939575319368491,-0.885451281395019,Stable,-0.8939575319368491,0.0,A
01177,中生制药,2011-06-30,0.0,2.88,-0.8804717032302487,0.25,0.9664429530201342,T2,0.966940470865487,-0.17703157314603946,→,→,VP_NEUTRAL,32.23132437409549,CBI_ACTIVE,COST_DISADVANTAGE,-0.8750419738579972,-0.8837857230163132,-0.8907997154621193,Stable,-0.8837857230163132,0.0,A
01177,中生制药,2011-07-31,-22.22222222222221,2.1,-1.06005264275412,0.08333333333333333,0.7531380753138075,T2,0.7523968359807363,-0.21549567835191363,↓,↓,VP_DECLINE_SILENT,37.55544219043575,CBI_ACTIVE,COST_DISADVANTAGE,-0.9125156522156599,-0.9152545199424031,-0.9150664453594262,Deteriorating,-0.9152545199424031,-10.582010582010577,A
01177,中生制药,2011-08-31,-214.28571428571428,2.98,-0.5533601920039642,0.5,1.0661896243291593,T2,1.071933222088463,0.13931597825075115,→,→,VP_NEUTRAL,36.85533270503001,CBI_ACTIVE,COST_DISADVANTAGE,-1.1144925325752546,-1.1146791863476309,-1.0970669195892273,Stable,-1.1146791863476309,-71.90795781399808,A
01177,中生制药,2011-09-30,-12.49999999999999,2.61,-0.6448761040575092,0.16666666666666666,0.9867674858223062,T2,0.9872898697547804,-0.09210726190270668,→,→,VP_NEUTRAL,45.16726391937337,CBI_ACTIVE,COST_DISADVANTAGE,-1.1079882835813057,-1.1074905241857416,-1.097658241125084,Stable,-1.1074905241857416,-4.789272030651337,A
01177,中生制药,2011-10-31,-71.42857142857143,3.58,0.29060103727162034,0.9166666666666666,1.2800953516090583,T3,1.2711526455509798,0.6950919041688335,↑,↑,VP_SELLING_ACTIVE,31.059338092337576,CBI_ACTIVE,COST_DISADVANTAGE,-1.027776474973509,-1.029239518427559,-1.0279023546071668,Deteriorating,-1.029239518427559,-19.952114924181963,A
01177,中生制药,2011-11-30,0.0,2.83,-0.29925718179285515,0.4166666666666667,1.0,T3,0.9990867187505168,-0.05734283990619404,→,→,VP_NEUTRAL,63.913724147321844,CBI_STABLE,COST_DISADVANTAGE,-1.0286050254881909,-1.0284521227195456,-1.0279023546071668,Stable,-1.0284521227195456,0.0,A
01177,中生制药,2011-12-31,100.0,2.05,-2.107779694171347,0.08333333333333333,0.7616099071207431,T1,0.76048866230908,-0.2180680209739171,↓,↓,VP_LOCKED_CANDIDATE,60.554047263757624,CBI_STABLE,COST_DISADVANTAGE,-1.0585088644295144,-1.0561049136269336,-1.0573574749574086,Improving,-1.0561049136269336,48.78048780487805,A
01177,中生制药,2012-01-31,100.0,2.35,-0.9788260450789827,0.25,0.8597560975609758,T2,0.8577440782217224,-0.34115604654399856,↓,↓,VP_LOCKED_CANDIDATE,53.000988024998215,CBI_STABLE,COST_DISADVANTAGE,-1.1304330459497645,-1.1287868132418424,-1.1147149499148175,Improving,-1.1287868132418424,42.5531914893617,A
01177,中生制药,2012-02-29,12.5,3.73,2.0858499807464805,1.0,1.3049562682215745,T5,1.2973046611328203,0.30637977943335604,↑,↑,VP_EXPANSION,34.77390205374785,CBI_ACTIVE,COST_DISADVANTAGE,-1.1381854937108578,-1.133155927252885,-1.1290543186541697,Stable,-1.133155927252885,3.351206434316354,A
01177,中生制药,2012-03-31,22.222222222222232,2.23,-1.0527428530352918,0.25,0.7978533094812165,T2,0.7965077592048744,0.08219088687120824,↓,↓,VP_LOCKED_CANDIDATE,66.26627928877892,CBI_STABLE,COST_DISADVANTAGE,-1.1786742940933648,-1.1733893457894116,-1.1694322206277419,Improving,-1.1733893457894116,9.965122072745396,A
01177,中生制药,2012-04-30,-9.090909090909083,3.39,1.2544844371324497,0.8333333333333334,1.2267792521109773,T4,1.2273832286434492,0.4406328350454485,↑,↑,VP_SELLING_ACTIVE,36.7743777100732,CBI_ACTIVE,COST_DISADVANTAGE,-1.162000481159749,-1.1703676156090985,-1.1540292914797652,Deteriorating,-1.1703676156090985,-2.6816840976132985,A
01177,中生制药,2012-05-31,-80.0,5.11,4.120238076947391,1.0,1.6256627783669144,T5,1.623005540296792,0.372560491903537,↑↑,↑↑,VP_PANIC,30.507343079382096,CBI_ACTIVE,COST_DISADVANTAGE,-1.028538677548953,-1.0296350535886785,-1.030805858295953,Deteriorating,-1.0296350535886785,-15.655577299412915,A
01177,中生制药,2012-06-30,-650.0,5.05,2.352497138585674,0.9166666666666666,1.3860933211344924,T5,1.386768993277685,1.2665214251791146,↑,↑,VP_SELLING_ACTIVE,24.587229902420344,CBI_TURBULENT,COST_DISADVANTAGE,-0.8652995995520535,-0.8587201920877239,-0.8409259481781244,Deteriorating,-0.8587201920877239,-128.7128712871287,A
01177,中生制药,2012-07-31,36.36363636363635,6.76,3.4945853393488493,1.0,1.5439665017129807,T5,1.5326411398189592,0.9690487288269121,↑↑,↑↑,VP_OVERHEAT,20.861188586823577,CBI_TURBULENT,COST_DISADVANTAGE,-0.8229928102839921,-0.8198388141951649,-0.783080838424715,Deteriorating,-0.8198388141951649,5.379236148466917,A
01177,中生制药,2012-08-31,19.999999999999996,4.74,0.8031733219181524,0.75,1.0425219941348975,T4,1.0448144574553055,-0.07152488093799603,→,→,VP_STABLE_ASCENT,28.38006006270266,CBI_TURBULENT,COST_DISADVANTAGE,-0.7921950191211862,-0.7955658062818751,-0.7396970061096579,Stable,-0.7955658062818751,4.219409282700421,A
01177,中生制药,2012-09-30,-27.777777777777768,3.33,-0.33580059582755545,0.4166666666666667,0.7040169133192389,T3,0.7030334781574955,-0.343718042707835,↓,↓,VP_DECLINE_SILENT,40.205952241653236,CBI_ACTIVE,COST_DISADVANTAGE,-0.8469277981254949,-0.8518887193742832,-0.8485073897267141,Deteriorating,-0.8518887193742832,-8.341675008341673,A
01177,中生制药,2012-10-31,46.153846153846146,2.45,-0.9423033693603369,0.3333333333333333,0.5357142857142858,T2,0.526388909557873,-0.6420735824805897,↓,↓,VP_LOCKED_CANDIDATE,40.64486152623086,CBI_ACTIVE,COST_DISADVANTAGE,-0.7853866595994949,-0.7839389194221488,-0.7785877234467361,Improving,-0.7839389194221488,18.838304552590262,A
01177,中生制药,2012-11-30,105.26315789473686,4.72,0.6784904580585759,0.6666666666666666,1.0469500924214419,T4,1.0506140711606458,-0.005880543637927338,→,→,VP_STABLE_ASCENT,27.00539880085004,CBI_TURBULENT,COST_DISADVANTAGE,-0.6399150160655118,-0.6111614391444422,-0.5455221691801426,Stable,-0.6111614391444422,22.30151650312222,A
01177,中生制药,2012-12-31,-2.564102564102566,3.75,-0.17523078208385423,0.5833333333333334,0.8737864077669902,T3,0.8767879299486903,0.1277616570620601,↓,↓,VP_DECLINE_SILENT,39.831576862840784,CBI_ACTIVE,COST_DISADVANTAGE,-0.65221383054686,-0.6584265057642109,-0.6250447503697332,Deteriorating,-0.6584265057642109,-0.6837606837606843,A
01177,中生制药,2013-01-31,13.157894736842103,4.33,0.17147712654586644,0.5833333333333334,1.114065180102916,T3,1.1199002512798,0.8111226627486401,↑,↑,VP_EXPANSION,58.18176748772904,CBI_STABLE,COST_DISADVANTAGE,-0.6231915174555543,-0.6217833447471728,-0.5757085333131191,Improving,-0.6217833447471728,3.0387747660143423,A
01177,中生制药,2013-02-28,41.86046511627908,3.09,-0.862170082674685,0.25,0.8555606829718504,T2,0.8605748567141904,-0.342485387337891,↓,↓,VP_LOCKED_CANDIDATE,61.34772351902882,CBI_STABLE,COST_DISADVANTAGE,-0.543804438592719,-0.5225122542280152,-0.39809815190930853,Improving,-0.5225122542280152,13.547076089410707,A
01177,中生制药,2013-03-31,45.9016393442623,4.85,0.5237306675231305,0.75,1.2548512289780078,T4,1.259111528346437,0.29824097000922456,↑,↑,VP_EXPANSION,47.20267026891979,CBI_ACTIVE,COST_DISADVANTAGE,-0.4319616169451964,-0.3904787861001777,-0.31541039101427193,Stable,-0.3904787861001777,9.464255534899443,A
01177,中生制药,2013-04-30,-2.2471910112359605,6.59,1.9587317832750102,0.9166666666666666,1.446761800219539,T5,1.448939634677822,0.5224276321152517,↑,↑,VP_SELLING_ACTIVE,39.923325172583674,CBI_ACTIVE,COST_DISADVANTAGE,-0.4456599707581208,-0.44475107011263304,-0.3307944271712546,Deteriorating,-0.44475107011263304,-0.3410001534500699,A
01177,中生制药,2013-05-31,3.4482758620689724,15.58,8.61319366864309,1.0,2.447761194029851,T5,2.4483132608521685,4.036770369420688,↑↑,↑↑,VP_OVERHEAT,19.462903672813432,CBI_TURBULENT,COST_DISADVANTAGE,-0.43331043475095377,-0.41789219572884495,-0.3077183729357805,Deteriorating,-0.41789219572884495,0.22132707715461955,A
01177,中生制药,2013-06-30,-12.222222222222223,8.38,0.8451966541363902,0.9166666666666666,1.174217655301261,T4,1.1715423772044218,0.7239057337835431,↑,↑,VP_SELLING_ACTIVE,26.209563824556056,CBI_TURBULENT,COST_DISADVANTAGE,-0.43705768485450536,-0.45972595753517687,-0.48285771642446096,Deteriorating,-0.45972595753517687,-1.458499071864227,A
01177,中生制药,2013-07-31,22.784810126582265,8.29,0.7573988431197736,0.8333333333333334,1.0632749038050449,T4,1.0629818988004487,0.25622869144861604,→,→,VP_STABLE_ASCENT,23.269502613538457,CBI_TURBULENT,COST_DISADVANTAGE,-0.4069600416753336,-0.3946169013522759,-0.36502782902750275,Stable,-0.3946169013522759,2.748469255317523,A
01177,中生制药,2013-08-31,-3.0927835051546393,5.46,-0.1340984595001819,0.6666666666666666,0.6665310274669379,T3,0.6673411794197053,-0.6492804060029438,↓,↓,VP_DECLINE_SILENT,35.84358316383874,CBI_ACTIVE,COST_DISADVANTAGE,-0.40868052526880794,-0.4026123355790867,-0.3846661435936626,Deteriorating,-0.4026123355790867,-0.5664438654129376,A
01177,中生制药,2013-09-30,-9.57446808510638,13.360000000000001,2.0622003765008046,0.9166666666666666,1.3902185223725287,T5,1.393367948596002,0.6024684386200247,↑,↑,VP_SELLING_ACTIVE,9.665175632331621,CBI_TURBULENT,COST_DISADVANTAGE,-0.4497110384583902,-0.4345122023373039,-0.4507496779819119,Deteriorating,-0.4345122023373039,-0.7166518027774236,A
01177,中生制药,2013-10-31,8.235294117647074,7.26,0.034501191245976566,0.6666666666666666,0.7467855306017486,T3,0.7467914176543746,-0.12341252772088218,↓,↓,VP_LOCKED_CANDIDATE,27.790114820223152,CBI_TURBULENT,COST_DISADVANTAGE,-0.41335117379543496,-0.4207867900763258,-0.4055172985215988,Improving,-0.4207867900763258,1.1343380327337569,A
01177,中生制药,2013-11-30,20.65217391304348,7.32,-0.010124867919925683,0.6666666666666666,0.8771719592570401,T3,0.8760986685842875,0.33803731604264287,↓,↓,VP_LOCKED_CANDIDATE,21.57131755210785,CBI_TURBULENT,COST_DISADVANTAGE,-0.3771756823603065,-0.32635144465278854,-0.28274369712932024,Improving,-0.32635144465278854,2.8213352340223334,A
01177,中生制药,2013-12-31,0.9009009009008917,4.65,-0.84332264964232,0.25,0.6020716443677169,T2,0.6015130227927767,-0.6529716885255025,↓,↓,VP_SHRINK,38.622535191908966,CBI_ACTIVE,COST_DISADVANTAGE,-0.37313157504002625,-0.378074982341011,-0.32624924154397217,Stable,-0.378074982341011,0.1937421292259982,A
01177,中生制药,2014-01-31,11.607142857142838,7.49,-0.062131758820118226,0.6666666666666666,0.986824769433465,T3,0.9875042745337046,0.033098687835526164,→,→,VP_STABLE_ASCENT,42.9542390566975,CBI_ACTIVE,COST_DISADVANTAGE,-0.3536910334036719,-0.3662593920251853,-0.24804602850889768,Improving,-0.3662593920251853,1.5496852946786166,A
01177,中生制药,2014-02-28,15.199999999999992,5.37,-0.8402289739233637,0.25,0.7089108910891089,T2,0.7077541806206624,-0.2662293871468058,↓,↓,VP_LOCKED_CANDIDATE,36.935110358122586,CBI_ACTIVE,COST_DISADVANTAGE,-0.31784630404991865,-0.27360556099355393,-0.13374902484225015,Improving,-0.27360556099355393,2.830540037243946,A
01177,中生制药,2014-03-31,-12.5,9.31,0.3575303854616987,0.8333333333333334,1.3492753623188405,T3,1.348207044086311,1.0008413263623495,↑,↑,VP_SELLING_ACTIVE,22.490585209825507,CBI_TURBULENT,COST_DISADVANTAGE,-0.3811037927686902,-0.4076837669487462,-0.382288428658332,Deteriorating,-0.4076837669487462,-1.342642320085929,A
01177,中生制药,2014-04-30,-12.698412698412687,6.89,-0.4748442373997296,0.3333333333333333,1.0075554472337314,T3,1.006219953375579,-0.08339839744244049,→,→,VP_NEUTRAL,35.774351281168094,CBI_ACTIVE,COST_DISADVANTAGE,-0.4228292772329505,-0.4277363461943041,-0.46072799327314695,Stable,-0.4277363461943041,-1.8430207109452377,A
01177,中生制药,2014-05-31,6.363636363636349,4.36,-1.4413197424325546,0.08333333333333333,0.6871552403467298,T2,0.689920649709858,-0.1840846468363877,↓,↓,VP_LOCKED_CANDIDATE,50.646031705935144,CBI_STABLE,COST_DISADVANTAGE,-0.38712989652887086,-0.36876899057501533,-0.42641068375416546,Improving,-0.36876899057501533,1.459549624687236,A
01177,中生制药,2014-06-30,0.0,3.2800000000000002,-1.6373210362932704,0.08333333333333333,0.5362397820163488,T1,0.5348555417909242,-0.6483032101908279,↓,↓,VP_SHRINK,38.155986224777685,CBI_ACTIVE,COST_DISADVANTAGE,-0.3647662523433024,-0.36464970377950656,-0.378758392846271,Stable,-0.36464970377950656,0.0,A
01177,中生制药,2014-07-31,10.256410256410264,3.21,-1.3542367096836117,0.08333333333333333,0.5940777297964219,T2,0.5945162047531252,-0.5331263215363888,↓,↓,VP_LOCKED_CANDIDATE,39.603070669575075,CBI_ACTIVE,COST_DISADVANTAGE,-0.36912121290662536,-0.35084164269930906,-0.31504130493306803,Improving,-0.35084164269930906,3.1951433820592725,A
01177,中生制药,2014-08-31,10.852713178294572,3.77,-0.998941043200519,0.25,0.7339390006489291,T2,0.7367016916626715,-0.1355470753063459,↓,↓,VP_LOCKED_CANDIDATE,33.06775499698086,CBI_ACTIVE,COST_DISADVANTAGE,-0.32722833106716975,-0.30281533975477226,-0.2407047023676646,Improving,-0.30281533975477226,2.8787037608208412,A
01177,中生制药,2014-09-30,12.587412587412604,5.22,-0.25696840858061754,0.5,1.1717171717171717,T3,1.173335933260465,0.5993575704597462,↑,↑,VP_EXPANSION,26.024003835314108,CBI_TURBULENT,COST_DISADVANTAGE,-0.3133747540622116,-0.2963569773225252,-0.24615744111454785,Improving,-0.2963569773225252,2.4113817217265527,A
01177,中生制药,2014-10-31,1.2422360248447006,4.28,-0.6658638430619264,0.3333333333333333,1.064676616915423,T2,1.063883900415485,0.33423637681035445,→,→,VP_NEUTRAL,34.048838509661195,CBI_ACTIVE,COST_DISADVANTAGE,-0.2923314111400457,-0.2876143441301082,-0.23679293727746153,Stable,-0.2876143441301082,0.29024206187960294,A
01177,中生制药,2014-11-30,-2.4539877300613355,5.76,0.275864313449433,0.75,1.35423197492163,T3,1.353666347178636,0.5228744917293633,↑,↑,VP_SELLING_ACTIVE,31.131363942947587,CBI_ACTIVE,COST_DISADVANTAGE,-0.3144917551597629,-0.31995821432453453,-0.25552194495163416,Deteriorating,-0.31995821432453453,-0.4260395364689819,A
01177,中生制药,2014-12-31,-11.949685534591204,4.83,-0.29074105157366203,0.5,1.0705578130772073,T3,1.0684215187007724,-0.0776148035216373,→,→,VP_NEUTRAL,38.934904277088926,CBI_ACTIVE,COST_DISADVANTAGE,-0.3203554553167166,-0.3467011981177276,-0.38063487086316683,Stable,-0.3467011981177276,-2.4740549761058395,A
01177,中生制药,2015-01-31,15.714285714285726,5.95,0.493453827702028,0.8333333333333334,1.1975847031197586,T3,1.1991150276808635,0.39283915464889363,↑,↑,VP_EXPANSION,23.69088044936113,CBI_TURBULENT,COST_DISADVANTAGE,-0.27899323219497973,-0.27800554641085873,-0.2833060648559501,Improving,-0.27800554641085873,2.6410564225690294,A
01177,中生制药,2015-02-28,-7.407407407407418,4.78,-0.22814440591257407,0.5,0.9305645684620377,T3,0.926191847452685,-0.1742297094423142,→,→,VP_NEUTRAL,37.78153334910698,CBI_ACTIVE,COST_DISADVANTAGE,-0.305880594269726,-0.3008957821259186,-0.3363945044962502,Stable,-0.3008957821259186,-1.549666821633351,A
01177,中生制药,2015-03-31,9.999999999999986,6.47,1.5674690568621807,0.9166666666666666,1.2104770813844714,T5,1.205918018975571,0.3343628391011637,↑,↑,VP_EXPANSION,37.36822331999889,CBI_ACTIVE,COST_DISADVANTAGE,-0.2437387381132431,-0.26977869195391213,-0.2575900167449574,Stable,-0.26977869195391213,1.5455950540958248,A
01177,中生制药,2015-04-30,18.181818181818187,7.890000000000001,3.100928380165898,1.0,1.3267937219730943,T5,1.3262398130699382,0.31990838668824284,↑,↑,VP_EXPANSION,43.43381689394464,CBI_ACTIVE,COST_DISADVANTAGE,-0.31045829511320544,-0.27831422518390425,-0.12260638342585861,Stable,-0.27831422518390425,2.304412950800784,A
01177,中生制药,2015-05-31,4.615384615384621,4.76,-0.20613884867304705,0.4166666666666667,0.8235294117647058,T3,0.8236947847457451,-0.0013840585891419233,↓,↓,VP_LOCKED_CANDIDATE,53.21837978908655,CBI_STABLE,COST_DISADVANTAGE,-0.2623435718385685,-0.24495589922423833,-0.08211129343012902,Improving,-0.24495589922423833,0.9696186166774414,A
01177,中生制药,2015-06-30,-1.9607843137254943,4.8,-0.30060710823132103,0.5,0.8311688311688312,T3,0.8319284973864389,-0.25519231846192214,↓,↓,VP_DECLINE_SILENT,49.129836660242304,CBI_ACTIVE,COST_DISADVANTAGE,-0.24349983700504418,-0.24961793673815558,-0.2570185727248384,Deteriorating,-0.24961793673815558,-0.40849673202614467,A
01177,中生制药,2015-07-31,-0.5000000000000004,5.94,0.5683687476059652,0.75,1.0288683602771362,T4,1.0282340904377736,-0.24836693726508063,→,→,VP_NEUTRAL,42.09836444301714,CBI_ACTIVE,COST_DISADVANTAGE,-0.2358402948467503,-0.22586398809299668,-0.2607334798612142,Stable,-0.22586398809299668,-0.08417508417508425,A
01177,中生制药,2015-08-31,3.015075376884413,5.24,-0.280401763342325,0.5833333333333334,0.8957264957264957,T3,0.8926796357760438,0.09531749172241066,↓,↓,VP_LOCKED_CANDIDATE,44.97288801277909,CBI_ACTIVE,COST_DISADVANTAGE,-0.177634657054075,-0.2032182130973118,-0.23844403704295947,Improving,-0.2032182130973118,0.5753960642909185,A
01177,中生制药,2015-09-30,4.878048780487809,4.31,-1.2264949910222145,0.16666666666666666,0.7850637522768671,T2,0.7864579276162993,-0.10203075593815658,↓,↓,VP_LOCKED_CANDIDATE,58.910348584417264,CBI_STABLE,COST_DISADVANTAGE,-0.25712449619229893,-0.2299948779608817,-0.18350361319866348,Improving,-0.2299948779608817,1.131797860902044,A
01177,中生制药,2015-10-31,2.3255813953488413,3.82,-1.7326644145889005,0.08333333333333333,0.7939037062694839,T1,0.7948337341855372,-0.35560728165564515,↓,↓,VP_LOCKED_CANDIDATE,67.0006160649469,CBI_STABLE,COST_DISADVANTAGE,-0.231908088311221,-0.237380936593529,-0.16451532513351608,Improving,-0.237380936593529,0.6087909411907962,A
01177,中生制药,2015-11-30,17.272727272727263,4.26,-0.99403896847372,0.16666666666666666,0.9009517095523442,T2,0.9033668636671245,-0.18137210244154944,→,→,VP_STABLE_ASCENT,65.92877664740368,CBI_STABLE,COST_DISADVANTAGE,-0.19512600019148163,-0.1592899585338594,-0.020204335838396092,Improving,-0.1592899585338594,4.054630815194193,A
01177,中生制药,2015-12-31,-3.875968992248069,5.0600000000000005,-0.2064661154550169,0.5833333333333334,1.0604261264407964,T3,1.0609508192066537,0.1725321487079332,→,→,VP_NEUTRAL,49.50286010098703,CBI_ACTIVE,COST_DISADVANTAGE,-0.20076408479065155,-0.2219999807107208,-0.1898242785310289,Stable,-0.2219999807107208,-0.7660017771241242,A
01177,中生制药,2016-01-31,-31.854838709677423,13.34,7.329919802387294,1.0,2.221482098251457,T5,2.2235243598626764,2.494221437991931,↑↑,↑↑,VP_PANIC,15.58356759727673,CBI_TURBULENT,COST_DISADVANTAGE,-0.26782969779718935,-0.3039815068326748,-0.4479044478699351,Deteriorating,-0.3039815068326748,-2.3879189437539297,A
01177,中生制药,2016-02-29,10.650887573964507,6.84,0.33052986722347766,0.8333333333333334,1.0906191868190276,T3,1.091200709200235,0.6046270009132935,→,→,VP_STABLE_ASCENT,14.442093531679866,CBI_TURBULENT,COST_DISADVANTAGE,-0.29114060518257834,-0.2544744941273689,-0.3891013713117032,Improving,-0.2544744941273689,1.557147306135162,A
01177,中生制药,2016-03-31,2.6737967914438387,5.51,-0.1990767187907927,0.6666666666666666,0.8514035539531289,T3,0.8516627140063736,0.09064473472176249,↓,↓,VP_LOCKED_CANDIDATE,24.128514561060197,CBI_TURBULENT,COST_DISADVANTAGE,-0.2724481516281281,-0.25317257638616464,-0.22583288707505134,Improving,-0.25317257638616464,0.4852625755796441,A
01177,中生制药,2016-04-30,-6.770833333333326,5.54,-0.10633739705323832,0.75,0.8197287299630086,T3,0.8187492299295571,-0.5852260055891882,↓,↓,VP_DECLINE_SILENT,12.272391987870627,CBI_TURBULENT,COST_DISADVANTAGE,-0.2736844324753621,-0.2889634512456072,-0.27825045201267795,Deteriorating,-0.2889634512456072,-1.2221720818291202,A
01177,中生制药,2016-05-31,-6.145251396648055,5.73,-0.05941959365481317,0.75,0.8181818181818182,T3,0.8181110546589186,-0.1629927314580032,↓,↓,VP_DECLINE_SILENT,12.2902582200795,CBI_TURBULENT,COST_DISADVANTAGE,-0.22402588718579264,-0.2689596594857212,-0.32260377619066993,Deteriorating,-0.2689596594857212,-1.0724697027308996,A
01177,中生制药,2016-06-30,-4.761904761904756,4.17,-0.725360102672155,0.16666666666666666,0.6083150984682713,T2,0.6106170019891373,-0.24034368814132934,↓,↓,VP_DECLINE_SILENT,41.298361616654525,CBI_ACTIVE,COST_DISADVANTAGE,-0.2722410805318092,-0.2952669687952262,-0.3246503678513385,Deteriorating,-0.2952669687952262,-1.1419435879867519,A
01177,中生制药,2016-07-31,3.124999999999978,4.34,-0.5789870641439234,0.4166666666666667,0.8104575163398693,T2,0.8113077788568798,-0.21426808104926176,↓,↓,VP_LOCKED_CANDIDATE,29.21861968380819,CBI_TURBULENT,COST_DISADVANTAGE,-0.3140983940947488,-0.3138178516960134,-0.3035456918466929,Improving,-0.3138178516960134,0.7200460829493036,A
01177,中生制药,2016-08-31,-5.454545454545445,5.01,-0.2777717790277682,0.5,0.9920792079207921,T3,0.9893326823538516,-0.12766650579225136,→,→,VP_NEUTRAL,30.932148193345295,CBI_ACTIVE,COST_DISADVANTAGE,-0.3315308969618763,-0.33044952967292984,-0.34153410865505507,Stable,-0.33044952967292984,-1.0887316276537815,A
01177,中生制药,2016-09-30,7.051282051282048,6.15,0.144880668201496,0.8333333333333334,1.1926308985132514,T3,1.189726404063548,0.46446806952372,↑,↑,VP_EXPANSION,15.115508191035019,CBI_TURBULENT,COST_DISADVANTAGE,-0.2729213970111618,-0.2666372716937867,-0.2832634917357695,Improving,-0.2666372716937867,1.1465499270377313,A
01177,中生制药,2016-10-31,5.988023952095811,5.96,-0.014460693587333321,0.75,1.1403061224489797,T3,1.1395665644570332,0.36937415635587123,↑,↑,VP_EXPANSION,8.433689616653254,CBI_TURBULENT,COST_DISADVANTAGE,-0.2907062945262503,-0.29692928462779,-0.24034513794749213,Improving,-0.29692928462779,1.0047020053852032,A
01177,中生制药,2016-11-30,-2.824858757062154,6.3100000000000005,0.06693628594281482,0.8333333333333334,1.1853475266123983,T3,1.185922476707561,0.2628962497098528,↑,↑,VP_SELLING_ACTIVE,11.672963170237836,CBI_TURBULENT,COST_DISADVANTAGE,-0.290120730730818,-0.28797595423672295,-0.2618043148416308,Deteriorating,-0.28797595423672295,-0.44767967623805927,A
01177,中生制药,2016-12-31,4.069767441860472,3.8600000000000003,-1.0161667951176596,0.08333333333333333,0.7322162503951946,T2,0.7337118217822006,-0.3697268191802847,↓,↓,VP_LOCKED_CANDIDATE,37.308328762405225,CBI_ACTIVE,COST_DISADVANTAGE,-0.25327812560369456,-0.2628048577061365,-0.2712445813433412,Improving,-0.2628048577061365,1.0543438968550445,A
01177,中生制药,2017-01-31,17.31843575418994,4.45,-1.0477116378852658,0.3333333333333333,0.8412098298676749,T2,0.8410323936103933,-0.25358512895773544,↓,↓,VP_LOCKED_CANDIDATE,25.601510341522896,CBI_TURBULENT,COST_DISADVANTAGE,-0.24631393537261226,-0.19831905160503516,-0.14503554235810978,Improving,-0.19831905160503516,3.8917833155483015,A
01177,中生制药,2017-02-28,11.42857142857141,6.04,1.043203913859333,0.8333333333333334,1.1058895331095513,T4,1.106223397256904,-0.04344140697985599,↑,↑,VP_EXPANSION,17.1315663345421,CBI_TURBULENT,COST_DISADVANTAGE,-0.22613225696155015,-0.19705721593144632,-0.04732531862760814,Stable,-0.19705721593144632,1.8921475875118228,A
01177,中生制药,2017-03-31,-5.5555555555555465,6.68,1.6973728392637903,1.0,1.2036036036036035,T5,1.2044915164654624,0.7292700844835223,↑,↑,VP_SELLING_ACTIVE,28.824752758838276,CBI_TURBULENT,COST_DISADVANTAGE,-0.24271393813986764,-0.24736913457589238,-0.22362439308125326,Deteriorating,-0.24736913457589238,-0.8316699933466387,A
01177,中生制药,2017-04-30,0.0,3.7,-1.7266888110834249,0.08333333333333333,0.7152061855670104,T1,0.7189223020423361,-0.16246805989645097,↓,↓,VP_SHRINK,52.476941201689236,CBI_STABLE,COST_DISADVANTAGE,-0.2236219607693729,-0.21450896805431263,-0.22362439308125326,Stable,-0.21450896805431263,0.0,A
01177,中生制药,2017-05-31,10.859728506787336,5.45,0.28516241254738445,0.5833333333333334,1.0834990059642147,T3,1.0820621391254792,-0.09788363527379762,→,→,VP_STABLE_ASCENT,36.756275282977235,CBI_ACTIVE,COST_DISADVANTAGE,-0.1945611885723948,-0.16941064022063568,-0.13931210997695487,Improving,-0.16941064022063568,1.9926107351903368,A
01177,中生制药,2017-06-30,-0.40816326530612734,5.94,0.6717154893659439,0.5833333333333334,1.1047737135771851,T4,1.104672019297539,-0.1109639914212428,↑,↑,VP_DIVERGENCE_HIGH,37.24231101085236,CBI_ACTIVE,COST_DISADVANTAGE,-0.2071285474150928,-0.21526705918814837,-0.18091699402332617,Deteriorating,-0.21526705918814837,-0.06871435442864096,A
01177,中生制药,2017-07-31,0.0,3.73,-1.734823254080191,0.16666666666666666,0.709575142675967,T1,0.7132713707599845,0.008840485378603491,↓,↓,VP_SHRINK,51.41493011526339,CBI_STABLE,COST_DISADVANTAGE,-0.2095491476244582,-0.1996219922151501,-0.18091699402332617,Stable,-0.1996219922151501,0.0,A
01177,中生制药,2017-08-31,-0.4098360655737654,5.34,0.03948110820288331,0.4166666666666667,1.038910505836576,T3,1.0381465537909886,-0.01845538505808919,→,→,VP_NEUTRAL,46.90536158067141,CBI_ACTIVE,COST_DISADVANTAGE,-0.19804846082676997,-0.19630278176797988,-0.18427389158880425,Stable,-0.19630278176797988,-0.07674832688647293,A
01177,中生制药,2017-09-30,25.92592592592593,5.19,-0.032073327776887955,0.4166666666666667,1.0609880749574108,T3,1.0588350939061633,-0.12691612209919534,→,→,VP_STABLE_ASCENT,43.877190443006675,CBI_ACTIVE,COST_DISADVANTAGE,-0.15979307623081251,-0.11931053315557294,-0.04191447326843112,Improving,-0.11931053315557294,4.995361450082068,A
01177,中生制药,2017-10-31,12.418300653594772,3.33,-1.7832992260772482,0.08333333333333333,0.6894409937888198,T1,0.6897639518149765,-0.11176394094314201,↓,↓,VP_LOCKED_CANDIDATE,54.530295194583,CBI_STABLE,COST_NEUTRAL,-0.1273569586061143,-0.12465976537845769,0.07706346795967223,Improving,-0.12465976537845769,3.729219415493925,A
01177,中生制药,2017-11-30,14.534883720930235,7.9399999999999995,2.8470510140611167,1.0,1.5138226882745471,T5,1.5107548563952207,0.48359739544518443,↑↑,↑↑,VP_OVERHEAT,18.764991109868834,CBI_TURBULENT,COST_NEUTRAL,-0.19331230973207714,-0.1746274935667903,0.23361339062822917,Deteriorating,-0.1746274935667903,1.830589889285924,A
01177,中生制药,2017-12-31,41.11675126903553,7.33,1.56060814160112,0.9166666666666666,1.3384053560559952,T5,1.3382638734089256,0.41401019437345665,↑,↑,VP_EXPANSION,14.527276835563683,CBI_TURBULENT,COST_ADVANTAGE,-0.05702503667013192,0.05163132988392927,0.15237762383000986,Stable,0.05163132988392927,5.609379436430496,A
01177,中生制药,2018-01-31,4.316546762589923,8.97,2.4217177257303293,1.0,1.4125984251968504,T5,1.4121777243495572,1.688915326557717,↑,↑,VP_EXPANSION,11.010616367771187,CBI_TURBULENT,COST_NEUTRAL,-0.1483103046387818,-0.10816195242166693,0.20212054284425496,Stable,-0.10816195242166693,0.4812203748706715,A
01177,中生制药,2018-02-28,3.1034482758620863,6.0600000000000005,0.1599751210160878,0.6666666666666666,0.936630602782071,T3,0.9372421403099901,-0.2353248521198119,→,→,VP_STABLE_ASCENT,31.907376432457372,CBI_ACTIVE,COST_NEUTRAL,-0.049016374408157315,-0.03958999285860809,0.23942773210493873,Improving,-0.03958999285860809,0.5121201775349977,A
01177,中生制药,2018-03-31,4.347826086956519,7.02,0.7531627851165742,0.75,1.0361623616236162,T4,1.1458731116858776,0.08230487858078495,↑,→,VP_NEUTRAL,33.16713200130939,CBI_ACTIVE,COST_DISADVANTAGE,-0.09850658920564759,-0.09394569048594259,-0.049200296964732826,Stable,-0.09394569048594259,0.6193484454354016,A
01177,中生制药,2018-04-30,9.294871794871806,6.27,0.14931424101584923,0.6666666666666666,0.8630419821059875,T3,0.9411859108764302,-0.20671780820150765,→,↓,VP_NEUTRAL,32.367821849488486,CBI_ACTIVE,COST_NEUTRAL,-0.06017025063837622,-0.05943514277147244,0.03917531645841699,Stable,-0.05943514277147244,1.4824356929620106,A
01177,中生制药,2018-05-31,20.381231671554257,8.629999999999999,1.5642689027223042,0.9166666666666666,1.1693766937669376,T5,1.244318162876694,0.614615720651887,↑,↑,VP_EXPANSION,31.87302819213922,CBI_ACTIVE,COST_NEUTRAL,-0.01840101065452915,-0.012041440894727362,0.25097204517941396,Stable,-0.012041440894727362,2.361672267851015,A
01177,中生制药,2018-06-30,-9.378806333739343,7.4,0.595454899550599,0.75,1.0011273957158964,T4,1.0433500956087434,0.05722763046138524,→,→,VP_NEUTRAL,37.978696878505446,CBI_ACTIVE,COST_DISADVANTAGE,-0.058533373448508286,-0.10977224294624033,-0.07323870072845862,Stable,-0.10977224294624033,-1.2674062613161274,A
01177,中生制药,2018-07-31,-11.827956989247323,6.29,-0.24674111496630047,0.5,0.9056875449964003,T3,0.923279356351084,0.004745714784794908,→,→,VP_NEUTRAL,49.788036560624874,CBI_ACTIVE,COST_DISADVANTAGE,-0.1282040673149939,-0.14511611038758876,-0.18285562859928617,Stable,-0.14511611038758876,-1.880438313075886,A
01177,中生制药,2018-08-31,-7.926829268292678,12.85,3.975773254379686,1.0,1.5910028889806027,T5,1.5933610781220544,0.49143795560215864,↑↑,↑↑,VP_PANIC,11.212436163063755,CBI_TURBULENT,COST_DISADVANTAGE,-0.10744373607915936,-0.07659056499751982,-0.24762926779568417,Deteriorating,-0.07659056499751982,-0.6168738730188855,A
01177,中生制药,2018-09-30,-28.97350993377483,12.61,2.3030314937501313,0.9166666666666666,1.3998149861239593,T5,1.40154365007484,0.7084097171257013,↑,↑,VP_SELLING_ACTIVE,9.098372827458954,CBI_TURBULENT,COST_DISADVANTAGE,-0.1404802553747737,-0.20466164778526819,-0.32007552328746847,Deteriorating,-0.20466164778526819,-2.2976613746054584,A
01177,中生制药,2018-10-31,-4.195804195804187,8.83,0.23097946902816252,0.75,0.9358770535241123,T3,0.934321486314713,0.4005354534142884,→,→,VP_NEUTRAL,15.537179165048574,CBI_TURBULENT,COST_DISADVANTAGE,-0.12635553645454134,-0.09163556795742367,-0.34860382300967263,Stable,-0.09163556795742367,-0.47517601311485697,A
01177,中生制药,2018-11-30,1.9464720194647178,8.73,0.15108847970011643,0.6666666666666666,0.9236466231705167,T3,0.9261064029413164,-0.31885665571030297,→,→,VP_STABLE_ASCENT,17.50346113885768,CBI_TURBULENT,COST_DISADVANTAGE,-0.1329277600966139,-0.1699466714025366,-0.33592457868869297,Improving,-0.1699466714025366,0.222963576112797,A
01177,中生制药,2018-12-31,-31.264916467780434,13.1,2.042839369375449,1.0,1.2594135555199486,T5,1.2617487977909725,0.04079413571873158,↑,↑,VP_SELLING_ACTIVE,6.698586104816955,CBI_TURBULENT,COST_DISADVANTAGE,-0.1494424737744312,-0.24012500764828137,-0.3393804537669929,Deteriorating,-0.24012500764828137,-2.3866348448687353,A
01177,中生制药,2019-01-31,33.33333333333333,14.53,2.1644159620734773,1.0,1.2339702760084927,T5,1.2321485746286072,0.6476679174025348,↑,↑,VP_EXPANSION,11.765624016518418,CBI_TURBULENT,COST_NEUTRAL,-0.05329162707119317,0.003057367608972017,-0.11917393835599055,Stable,0.003057367608972017,2.2941041523285155,A
01177,中生制药,2019-02-28,3.645833333333326,9.68,0.006916768574037566,0.6666666666666666,0.860699466508595,T3,0.8570202449487218,0.10096744883415831,↓,↓,VP_LOCKED_CANDIDATE,22.20507308266549,CBI_TURBULENT,COST_DISADVANTAGE,-0.09477094978216472,-0.1157428145472773,-0.08706048819188605,Improving,-0.1157428145472773,0.3766356749311287,A
01177,中生制药,2019-03-31,5.778894472361817,8.73,-0.4231502099242459,0.5,0.8235849056603775,T3,0.8221659152269845,-0.3369037151188895,↓,↓,VP_LOCKED_CANDIDATE,34.11417430311703,CBI_ACTIVE,COST_DISADVANTAGE,-0.09880143507493899,-0.1014897114701655,-0.010053131582830277,Improving,-0.1014897114701655,0.6619581297092574,A
01177,中生制药,2019-04-30,6.175771971496435,7.73,-0.9363684330267875,0.25,0.7420800000000001,T2,0.739481537061173,-0.4697859620609286,↓,↓,VP_LOCKED_CANDIDATE,35.604314344172785,CBI_ACTIVE,COST_NEUTRAL,-0.11707571765764768,-0.13454477032863288,0.05108372964958385,Improving,-0.13454477032863288,0.7989355719917769,A
01177,中生制药,2019-05-31,5.369127516778538,9.56,-0.18470382935870305,0.5833333333333334,0.9057318806252962,T3,0.9059169782914842,-0.0091927676339153,→,→,VP_STABLE_ASCENT,17.893626263493662,CBI_TURBULENT,COST_NEUTRAL,-0.10851512745827063,-0.07792568343708439,0.10751775540258168,Improving,-0.07792568343708439,0.5616242172362487,A
01177,中生制药,2019-06-30,1.698513800424628,8.01,-0.8953296550317749,0.25,0.8252060439560439,T2,0.8248046835044581,-0.08307703462271476,↓,↓,VP_LOCKED_CANDIDATE,30.171441219846837,CBI_ACTIVE,COST_DISADVANTAGE,-0.10040541315673868,-0.029542018459207786,-0.055390635993309845,Improving,-0.029542018459207786,0.21204916359858028,A
01177,中生制药,2019-07-31,23.59081419624216,7.68,-1.189738218148746,0.08333333333333333,0.8966725043782837,T2,0.8954292118725247,-0.006768062729150759,↓,↓,VP_LOCKED_CANDIDATE,39.057279221738696,CBI_ACTIVE,COST_NEUTRAL,-0.05320559433133498,-0.0037037510235055082,0.16745040394981325,Improving,-0.0037037510235055082,3.0717205984690312,A
01177,中生制药,2019-08-31,22.297297297297302,9.76,-0.07355604918103842,0.75,1.1377501457159511,T3,1.1361708100951007,0.017318378505525978,↑,↑,VP_EXPANSION,17.23331161541155,CBI_TURBULENT,COST_ADVANTAGE,-0.018928456498717883,0.07606389324156271,0.42776029131700133,Improving,0.07606389324156271,2.284559149313248,A
01177,中生制药,2019-09-30,-15.469613259668513,11.04,0.6547141785829453,0.8333333333333334,1.2316846411305318,T4,1.231057489751872,0.37667213654548237,↑,↑,VP_SELLING_ACTIVE,8.25963526962099,CBI_TURBULENT,COST_DISADVANTAGE,-0.0874432741996809,-0.14295413328363082,-0.08331527892713397,Deteriorating,-0.14295413328363082,-1.4012330851149017,A
01177,中生制药,2019-10-31,19.11764705882353,6.43,-1.6274265732442805,0.08333333333333333,0.7351371951219512,T1,0.734624885333083,-0.16249240553592426,↓,↓,VP_LOCKED_CANDIDATE,37.96910944968568,CBI_ACTIVE,COST_NEUTRAL,-0.011048415194369277,-0.0052277680844272645,0.09193327068973756,Improving,-0.0052277680844272645,2.9731954990394294,A
01177,中生制药,2019-11-30,-14.814814814814813,7.890000000000001,-0.7629613921825503,0.3333333333333333,0.9317063570163354,T2,0.9343183984973484,-0.18848545421181673,→,→,VP_NEUTRAL,28.70323390580542,CBI_TURBULENT,COST_DISADVANTAGE,-0.12075939918211265,-0.16333881034459174,-0.06983462126429774,Stable,-0.16333881034459174,-1.877669811763601,A
01177,中生制药,2019-12-31,8.856682769726243,6.59,-1.242957476267662,0.16666666666666666,0.8005669163798339,T2,0.7986533143831467,-0.404504925759125,↓,↓,VP_LOCKED_CANDIDATE,37.24309085615979,CBI_ACTIVE,COST_DISADVANTAGE,-0.08218900002692975,-0.035263501448610124,-0.06924890125976213,Improving,-0.035263501448610124,1.343957931673178,A
01177,中生制药,2020-01-31,-4.733727810650878,7.38,-0.7956492814480935,0.25,0.9020167040130372,T2,0.9033897569474868,0.15010237791913994,→,→,VP_NEUTRAL,43.05000218036417,CBI_ACTIVE,COST_DISADVANTAGE,-0.09924682083120406,-0.14731510014650295,-0.1133081248687674,Stable,-0.14731510014650295,-0.6414265326085201,A
01177,中生制药,2020-02-29,8.850931677018625,7.24,-0.7596995964023946,0.25,0.932789349366545,T2,0.9315885586284927,-0.08625829237348914,→,→,VP_STABLE_ASCENT,48.263365756463664,CBI_ACTIVE,COST_DISADVANTAGE,-0.06296815450195326,-0.06734559663991324,-0.03482763281522672,Improving,-0.06734559663991324,1.2225043752788156,A
01177,中生制药,2020-03-31,-9.985734664764623,12.92,3.5410891815464627,1.0,1.5999999999999999,T5,1.5992096629600656,0.9648193928020059,↑↑,↑↑,VP_PANIC,19.288174332291682,CBI_TURBULENT,COST_DISADVANTAGE,-0.10106527352981243,-0.1286828749086788,-0.14699051375441763,Deteriorating,-0.1286828749086788,-0.7728896799353423,A
01177,中生制药,2020-04-30,11.727416798732172,9.91,0.6860333759372259,0.8333333333333334,1.145002888503755,T4,1.1463477784998448,0.34270687250091614,↑,↑,VP_EXPANSION,20.332377710004167,CBI_TURBULENT,COST_DISADVANTAGE,-0.06017022901218849,-0.05147010853834744,-0.04695453596967414,Stable,-0.05147010853834744,1.1833922097610667,A
01177,中生制药,2020-05-31,8.22695035460994,8.03,-0.3053156593584587,0.6666666666666666,0.9252928749759939,T3,0.9290363251446044,0.11563449167065909,→,→,VP_STABLE_ASCENT,31.64602671032097,CBI_ACTIVE,COST_NEUTRAL,-0.03359215514452274,-0.0323190029589594,0.031452041212962634,Improving,-0.0323190029589594,1.024526818755908,A
01177,中生制药,2020-06-30,21.231979030144178,7.66,-0.49698510614877356,0.4166666666666667,0.8648852088821979,T3,0.862583131654989,-0.4080335431410903,↓,↓,VP_LOCKED_CANDIDATE,44.26034019395955,CBI_ACTIVE,COST_NEUTRAL,-0.05406883208118474,-0.007779432193394165,0.13658301195425482,Improving,-0.007779432193394165,2.7717988290005455,A
01177,中生制药,2020-07-31,3.9999999999999813,11.83,1.6517972668119587,0.9166666666666666,1.2325056433408577,T5,1.231958371900191,0.19182918173297248,↑,↑,VP_EXPANSION,23.96376207316387,CBI_TURBULENT,COST_NEUTRAL,-0.04930879183307213,-0.05368412119061128,0.18204633243242485,Stable,-0.05368412119061128,0.3381234150464904,A
01177,中生制药,2020-08-31,-11.954261954261936,7.87,-0.4409935796803974,0.5,0.8110614908965992,T3,0.8123925401813837,-0.022040762089323263,↓,↓,VP_DECLINE_SILENT,29.508584203384025,CBI_TURBULENT,COST_NEUTRAL,-0.07314756562247826,-0.09628139405377889,0.04074141743270676,Deteriorating,-0.09628139405377889,-1.5189659408210845,A
01177,中生制药,2020-09-30,-5.785123966942152,5.9,-1.2955855760236599,0.08333333333333333,0.69140625,T2,0.6908942871544351,-0.22789873385062354,↓,↓,VP_DECLINE_SILENT,49.0985162823456,CBI_ACTIVE,COST_DISADVANTAGE,-0.09086010757680474,-0.1017253109836197,-0.17100325509730963,Deteriorating,-0.1017253109836197,-0.9805294859223985,A
01177,中生制药,2020-10-31,-7.769423558897248,5.99,-1.1949768074969873,0.16666666666666666,0.7601522842639594,T2,0.7582392411075499,-0.49455460895799286,↓,↓,VP_DECLINE_SILENT,47.41886150566433,CBI_ACTIVE,COST_DISADVANTAGE,-0.06387301244516508,-0.09185780430356316,-0.23541152349827055,Deteriorating,-0.09185780430356316,-1.2970657026539647,A
01177,中生制药,2020-11-30,-0.27173913043478937,7.95,-0.16019597935490346,0.6666666666666666,1.010593220338983,T3,1.0100988116774583,0.006918787978544616,→,→,VP_NEUTRAL,36.33558095474654,CBI_ACTIVE,COST_DISADVANTAGE,-0.03997109199258464,-0.06496428436734114,-0.23748920957572095,Stable,-0.06496428436734114,-0.03418102269619992,A
01177,中生制药,2020-12-31,-3.8147138964577665,15.18,3.1656225326021925,1.0,1.6644736842105263,T5,1.6639814185298551,1.5710891844169113,↑↑,↑↑,VP_PANIC,19.379607970760116,CBI_TURBULENT,COST_NEUTRAL,-0.06837776114885019,-0.006857700707463943,-0.06063313850110896,Deteriorating,-0.006857700707463943,-0.25129867565597935,A
01177,中生制药,2021-01-31,-3.82436260623229,9.99,0.3006093689069521,0.75,1.1335098335854765,T3,1.1328903103435783,0.6697534903838347,↑,↑,VP_SELLING_ACTIVE,35.3707752326942,CBI_ACTIVE,COST_DISADVANTAGE,-0.09552640282412972,-0.0992969690965878,-0.09655793348761044,Deteriorating,-0.0992969690965878,-0.38281907970293194,A
01177,中生制药,2021-02-28,20.618556701030922,11.65,0.8124171321552518,0.75,1.2336745499470527,T4,1.2349778948065993,0.4675889732595886,↑,↑,VP_EXPANSION,24.910981856754766,CBI_TURBULENT,COST_NEUTRAL,-0.03488728683267772,0.007997770324691844,0.089718781257212,Stable,0.007997770324691844,1.7698331932215383,A
01177,中生制药,2021-03-31,-10.378510378510375,9.6,0.12425043520468383,0.5833333333333334,0.9542743538767395,T3,0.9526905612950275,-0.3688843131226601,→,→,VP_NEUTRAL,36.636603560473034,CBI_ACTIVE,COST_DISADVANTAGE,-0.08305226868224536,-0.12484360230908953,-0.08454508204670363,Stable,-0.12484360230908953,-1.0810948310948307,A
01177,中生制药,2021-04-30,8.038147138964579,4.75,-1.6896158924038978,0.08333333333333333,0.4820703653585927,T1,0.4818967938588706,-0.524664788125089,↓,↓,VP_LOCKED_CANDIDATE,46.67587211164902,CBI_ACTIVE,COST_DISADVANTAGE,-0.04951819737953611,-0.026335516658589908,-0.010959468750730283,Improving,-0.026335516658589908,1.6922415029399114,A
01177,中生制药,2021-05-31,4.41361916771752,9.89,0.321600404232938,0.6666666666666666,0.9718309859154929,T3,0.9716224376167786,-0.1524220019745831,→,→,VP_STABLE_ASCENT,13.62715325065382,CBI_TURBULENT,COST_NEUTRAL,-0.0710909304164149,-0.040439069636378444,0.03269301371298283,Improving,-0.040439069636378444,0.446270896634734,A
01177,中生制药,2021-06-30,-12.80193236714976,8.63,-0.1761083590541277,0.5,0.9499174463401212,T3,0.9500746419071027,-0.09939696884763038,→,→,VP_NEUTRAL,30.436481103300757,CBI_ACTIVE,COST_DISADVANTAGE,-0.05032291589003535,-0.09710941560533293,-0.12964748574677165,Stable,-0.09710941560533293,-1.4834220587659048,A
01177,中生制药,2021-07-31,-14.127423822714679,6.98,-0.6690025491711661,0.3333333333333333,0.8132038834951456,T2,0.8125957156207162,0.46858366501036186,↓,↓,VP_DECLINE_SILENT,37.12698237448969,CBI_ACTIVE,COST_DISADVANTAGE,-0.051098672417475344,-0.1054050733741757,-0.25260587418697833,Deteriorating,-0.1054050733741757,-2.0239862210192947,A
01177,中生制药,2021-08-31,-1.4516129032258074,6.43,-0.8246932278386497,0.3333333333333333,0.8336214347450301,T2,0.8334999332065343,-0.35024591798561133,↓,↓,VP_SHRINK,39.978398387286525,CBI_ACTIVE,COST_DISADVANTAGE,-0.04130205892023642,-0.07655490806691034,-0.26345514375523194,Stable,-0.07655490806691034,-0.2257562835498923,A
01177,中生制药,2021-09-30,-0.49099836333879043,5.0200000000000005,-1.3593285969253215,0.16666666666666666,0.7223021582733813,T2,0.7205651264826857,-0.42018629740101765,↓,↓,VP_SHRINK,42.53168533834927,CBI_ACTIVE,COST_DISADVANTAGE,-0.029889776512740718,-0.07183299806418186,-0.09491025808990228,Stable,-0.07183299806418186,-0.09780843891210964,A
01177,中生制药,2021-10-31,-11.513157894736848,3.87,-1.6781661490566588,0.08333333333333333,0.5688388045075943,T1,0.5712794950000316,-0.44284005290051187,↓,↓,VP_DECLINE_SILENT,44.793044102424794,CBI_ACTIVE,COST_DISADVANTAGE,-0.07118201517023681,-0.08863520998460817,-0.19911466916507803,Deteriorating,-0.08863520998460817,-2.9749762001903997,A
01177,中生制药,2021-11-30,-1.3011152416356975,3.72,-1.4426668795096842,0.08333333333333333,0.644155844155844,T2,0.6391234789215633,-0.4262607073418304,↓,↓,VP_SHRINK,48.12029727904084,CBI_ACTIVE,COST_DISADVANTAGE,-0.062164790218884214,-0.05745163616307669,-0.20953511027259564,Stable,-0.05745163616307669,-0.34976216173002617,A
01177,中生制药,2021-12-31,-4.331450094161948,4.74,-0.9750976104212403,0.25,0.9245773732119635,T2,0.92103283584692,-0.058771703625272176,→,→,VP_NEUTRAL,33.66679826765806,CBI_ACTIVE,COST_DISADVANTAGE,-0.05772628834546989,-0.07584688487028801,-0.10350330711421774,Stable,-0.07584688487028801,-0.9138080367430269,A
01177,中生制药,2022-01-31,-1.9685039370078705,4.94,-0.7334826184248782,0.4166666666666667,1.032033426183844,T2,1.0369895973939152,0.27510167480140124,→,→,VP_NEUTRAL,36.82105052178416,CBI_ACTIVE,COST_DISADVANTAGE,-0.11205645324710911,-0.15197446142951554,-0.12115087980881967,Stable,-0.15197446142951554,-0.39848257834167417,A
01177,中生制药,2022-02-28,-7.63052208835343,2.89,-1.5601620976411177,0.08333333333333333,0.6886417791898332,T1,0.6903872107980606,-0.21549244976196558,↓,↓,VP_DECLINE_SILENT,51.236616554524076,CBI_STABLE,COST_DISADVANTAGE,-0.14023087533977552,-0.1471748086737985,-0.18821165604830747,Deteriorating,-0.1471748086737985,-2.64031906171399,A
01177,中生制药,2022-03-31,-1.9565217391304346,8.35,1.3292126117374303,0.8333333333333334,1.7572781480182391,T4,1.7584975799305693,0.7716459402317455,↑↑,↑↑,VP_PANIC,29.92065932336066,CBI_TURBULENT,COST_NEUTRAL,-0.07402874234220636,-0.00291178988297891,-0.11421817656018551,Deteriorating,-0.00291178988297891,-0.2343139807341838,A
01177,中生制药,2022-04-30,-16.407982261640797,4.62,-0.6134916073947609,0.3333333333333333,0.9473684210526315,T2,0.9457482054313938,-0.07134937216824477,→,→,VP_NEUTRAL,40.23952381701251,CBI_ACTIVE,COST_DISADVANTAGE,-0.04845220242186654,-0.10158447903461132,-0.25955710102702867,Stable,-0.10158447903461132,-3.5515113120434623,A
01177,中生制药,2022-05-31,6.896551724137945,4.73,-0.4129367469995045,0.4166666666666667,0.9375619425173438,T3,0.9403018220741545,0.6388679673740756,→,→,VP_STABLE_ASCENT,43.565189576034825,CBI_ACTIVE,COST_NEUTRAL,-0.04973211615856665,-0.008137466447861619,-0.20849207351165133,Improving,-0.008137466447861619,1.4580447619741954,A
01177,中生制药,2022-06-30,14.888337468982616,5.45,0.22207486844237884,0.75,1.0555196901226598,T3,1.0537190560380767,-0.34822919695153454,→,→,VP_STABLE_ASCENT,41.353643891431744,CBI_ACTIVE,COST_ADVANTAGE,0.02135160503476241,0.04744677856734336,0.09301429037872633,Improving,0.04744677856734336,2.7318050401802965,A
01177,中生制药,2022-07-31,-9.287257019438444,5.18,0.14564640435402604,0.75,0.9955156950672646,T3,0.9961215014536898,0.12567018989828482,→,→,VP_NEUTRAL,36.112218545104525,CBI_ACTIVE,COST_DISADVANTAGE,-0.09090115480486982,-0.16412856626062033,-0.008496756027937091,Stable,-0.16412856626062033,-1.7929067605093523,A
01177,中生制药,2022-08-31,-9.523809523809534,3.62,-0.9491608952729779,0.16666666666666666,0.67981220657277,T2,0.6788506573014433,-0.23812647516151053,↓,↓,VP_DECLINE_SILENT,53.8977623712401,CBI_STABLE,COST_DISADVANTAGE,-0.08215333239035705,-0.11283907653018321,-0.10292563640622887,Deteriorating,-0.11283907653018321,-2.630886608787164,A
01177,中生制药,2022-09-30,-10.26315789473683,3.89,-0.6243337376388056,0.4166666666666667,0.8490360130956711,T2,0.8454327484646661,-0.289263247353868,↓,↓,VP_DECLINE_SILENT,41.12496988697213,CBI_ACTIVE,COST_DISADVANTAGE,-0.0752177896146462,-0.10351974853712376,-0.23202207893013305,Deteriorating,-0.10351974853712376,-2.6383439318089534,A
01177,中生制药,2022-10-31,3.5190615835777095,4.94,0.14817039092633813,0.75,1.0658036677454152,T3,1.0659196468835666,-0.04752917510638688,→,→,VP_STABLE_ASCENT,30.773653709516232,CBI_ACTIVE,COST_DISADVANTAGE,-0.13931449413024055,-0.11632609279108608,-0.20499646293940466,Improving,-0.11632609279108608,0.712360644448929,A
01177,中生制药,2022-11-30,21.813031161473084,6.99,1.6244274768723226,0.9166666666666666,1.3947455936148987,T5,1.394638614419204,0.9312494911836762,↑,↑,VP_EXPANSION,29.315078337489165,CBI_TURBULENT,COST_NEUTRAL,0.0025352512684639894,-0.014537294898454456,-0.03158209366556375,Stable,-0.014537294898454456,3.120605316376693,A
01177,中生制药,2022-12-31,-0.23255813953487747,5.03,-0.016902204069857464,0.6666666666666666,1.01787521079258,T3,1.0158614223112314,0.2950157690987958,→,→,VP_NEUTRAL,39.11507991449097,CBI_ACTIVE,COST_DISADVANTAGE,-0.07259022757645406,-0.05312555098373617,-0.003574700855760393,Stable,-0.05312555098373617,-0.04623422257154621,A
01177,中生制药,2023-01-31,-0.4662004662004726,3.59,-1.0144220902697372,0.16666666666666666,0.7676407697790448,T2,0.7682198245503457,-0.2740120241117089,↓,↓,VP_SHRINK,58.310563430829596,CBI_STABLE,COST_DISADVANTAGE,-0.12311669727234287,-0.10570142057113396,-0.008220040245710325,Stable,-0.10570142057113396,-0.12986085409483916,A
01177,中生制药,2023-02-28,-11.70960187353629,3.54,-1.159549583355554,0.08333333333333333,0.7591136526090064,T2,0.7601544306438637,-0.49323688308685665,↓,↓,VP_DECLINE_SILENT,64.48992596037543,CBI_STABLE,COST_DISADVANTAGE,-0.10677502036208442,-0.14262104461138447,-0.12435352499445607,Deteriorating,-0.14262104461138447,-3.307797139417031,A
01177,中生制药,2023-03-31,9.283819628647215,4.37,-0.3249072542218045,0.4166666666666667,0.921293042867182,T3,0.9206147619772935,-0.13009827084046222,→,→,VP_STABLE_ASCENT,70.75367179323317,CBI_LOCKED_CANDIDATE,COST_DISADVANTAGE,-0.05548102298768243,-0.03870463829777626,-0.07887146870947948,Improving,-0.03870463829777626,2.1244438509490196,A
01177,中生制药,2023-04-30,-1.456310679611661,4.25,-0.42213935919441836,0.4166666666666667,0.9182571119913575,T3,0.9188088921626101,0.18403270143991657,→,→,VP_NEUTRAL,57.584466113533985,CBI_STABLE,COST_DISADVANTAGE,-0.061040639670782215,-0.06349106549470374,-0.09228596188361338,Stable,-0.06349106549470374,-0.34266133637921437,A
01177,中生制药,2023-05-31,-15.024630541871907,3.49,-1.1405608893177916,0.08333333333333333,0.8627935723114958,T2,0.8616326271453799,-0.016982037336273792,↓,↓,VP_DECLINE_SILENT,67.70366014985342,CBI_STABLE,COST_DISADVANTAGE,-0.12454243721836622,-0.13562631369952438,-0.22866664248730684,Deteriorating,-0.13562631369952438,-4.305051731195388,A
01177,中生制药,2023-06-30,-7.536231884057976,4.33,-0.11403410724610888,0.5833333333333334,1.1022486211285534,T3,1.1100598954321959,1.8058296316958433e-05,↑,↑,VP_SELLING_ACTIVE,44.47054893989564,CBI_ACTIVE,COST_DISADVANTAGE,-0.06014536789786229,-0.11135344411995118,-0.19591619014492367,Deteriorating,-0.11135344411995118,-1.740469257288216,A
01177,中生制药,2023-07-31,3.4482758620689724,4.08,-0.29395717677084177,0.5,1.0174563591022445,T3,1.0127871620761553,-0.04417224605627046,→,→,VP_STABLE_ASCENT,49.41981255466146,CBI_ACTIVE,COST_DISADVANTAGE,-0.06149257535641084,-0.053057665371451956,-0.16818916221888658,Improving,-0.053057665371451956,0.8451656524678853,A
01177,中生制药,2023-08-31,-16.36363636363637,6.5,2.191836445787423,0.9166666666666666,1.4433752775721689,T5,1.4418839603742453,0.8646550662951888,↑,↑,VP_SELLING_ACTIVE,30.822498479906695,CBI_ACTIVE,COST_DISADVANTAGE,-0.0738198208580313,-0.12414238312520531,-0.3043036629467052,Deteriorating,-0.12414238312520531,-2.5174825174825184,A
01177,中生制药,2023-09-30,-5.434782608695654,3.84,-0.7280575368535822,0.3333333333333333,0.869762174405436,T2,0.8715482523513238,-0.11809494387211128,↓,↓,VP_DECLINE_SILENT,45.930219549974964,CBI_ACTIVE,COST_DISADVANTAGE,-0.08475315298164621,-0.1072213070391611,-0.1803910669473151,Deteriorating,-0.1072213070391611,-1.4153079710144933,A
01177,中生制药,2023-10-31,8.812260536398476,4.9,0.31405505010090123,0.75,1.0832719233603538,T3,1.0839963423431478,0.2077988094121812,→,→,VP_STABLE_ASCENT,25.077230594083122,CBI_TURBULENT,COST_NEUTRAL,0.021881655752914897,-0.0007655971663197425,-0.10816499238711685,Improving,-0.0007655971663197425,1.798420517632342,A
01177,中生制药,2023-11-30,28.169014084507047,11.18,8.153658970987278,1.0,1.925925925925926,T5,1.9230572842262588,0.7200913614863922,↑↑,↑↑,VP_OVERHEAT,12.815038628930786,CBI_TURBULENT,COST_NEUTRAL,-0.04357081529056739,0.014948802221143476,0.14305613651792082,Deteriorating,0.014948802221143476,2.5195898107788057,A
01177,中生制药,2023-12-31,-10.164835164835162,6.65,0.8105491552601988,0.9166666666666666,1.0740242261103634,T4,1.0761273357482593,0.7303867176220404,→,→,VP_NEUTRAL,11.442436657579773,CBI_TURBULENT,COST_DISADVANTAGE,-0.029337648378973902,-0.03227790382695872,-0.028243001762335407,Stable,-0.03227790382695872,-1.5285466413285957,A
01177,中生制药,2024-01-31,-20.18348623853211,6.99,0.8361187533754167,0.9166666666666666,1.0469296055916126,T4,1.0462442611167246,0.423834221219513,→,→,VP_NEUTRAL,15.976341181865731,CBI_TURBULENT,COST_DISADVANTAGE,-0.10414611821422204,-0.15032461437977807,-0.2243774417736072,Stable,-0.15032461437977807,-2.8874801485739785,A
01177,中生制药,2024-02-29,12.260536398467448,4.25,-0.5886262964748579,0.4166666666666667,0.674424755355726,T2,0.6738813083942482,-0.6196599110489748,↓,↓,VP_LOCKED_CANDIDATE,32.38474074958681,CBI_ACTIVE,COST_DISADVANTAGE,-0.061565189586527236,-0.031265455038559264,-0.12928195570753587,Improving,-0.031265455038559264,2.8848320937570464,A
01177,中生制药,2024-03-31,-3.754266211604107,5.05,-0.20838421607549928,0.6666666666666666,0.7765248590466428,T3,0.7791827797947946,-0.23891840987975643,↓,↓,VP_DECLINE_SILENT,28.39921157597827,CBI_TURBULENT,COST_DISADVANTAGE,-0.08013093659197879,-0.0946517306009691,-0.08228687994555406,Deteriorating,-0.0946517306009691,-0.7434190518027934,A
01177,中生制药,2024-04-30,-11.347517730496449,7.4,0.866973915802915,0.9166666666666666,1.069364161849711,T4,1.0712273110117765,0.06188213774756046,→,→,VP_NEUTRAL,19.348813446249324,CBI_TURBULENT,COST_DISADVANTAGE,-0.054216284261056735,-0.06439493044184375,-0.1864245389588245,Stable,-0.06439493044184375,-1.5334483419589795,A
01177,中生制药,2024-05-31,5.600000000000005,6.15,0.10942207083826046,0.5833333333333334,1.0112359550561798,T3,1.0083232006011886,0.4449230159948565,→,→,VP_STABLE_ASCENT,37.80286672082636,CBI_ACTIVE,COST_DISADVANTAGE,-0.07037720581671925,-0.10403006846977836,-0.14086431314051862,Improving,-0.10403006846977836,0.9105691056910576,A
01177,中生制药,2024-06-30,-5.30303030303031,4.56,-0.7658237034600587,0.3333333333333333,0.7953488372093022,T2,0.793255012265353,-0.10269892904312994,↓,↓,VP_DECLINE_SILENT,44.95913629293832,CBI_ACTIVE,COST_DISADVANTAGE,-0.06129597740895609,-0.08543270195439656,-0.10089766955614743,Deteriorating,-0.08543270195439656,-1.1629452418926118,A
01177,中生制药,2024-07-31,5.600000000000005,4.5,-0.8342023280903429,0.25,0.8461297398934503,T2,0.8420563107270835,-0.3965286099516605,↓,↓,VP_LOCKED_CANDIDATE,52.056269261041095,CBI_STABLE,COST_DISADVANTAGE,-0.059571135678846754,-0.06124314688157295,-0.050547939051291624,Improving,-0.06124314688157295,1.2444444444444456,A
01177,中生制药,2024-08-31,15.909090909090896,6.8,0.42238483059089077,0.75,1.18398142774231,T3,1.183436236999795,0.10698228605263194,↑,↑,VP_EXPANSION,30.059905240568035,CBI_ACTIVE,COST_NEUTRAL,-0.035865044035397475,-0.004386040212020936,0.10050125246327557,Improving,-0.004386040212020936,2.339572192513367,A
01177,中生制药,2024-09-30,17.320261437908478,6.1,-0.06354897314486381,0.5,1.0306955787102225,T3,1.0320980118191685,0.3415632973341156,→,→,VP_STABLE_ASCENT,38.01183526443588,CBI_ACTIVE,COST_ADVANTAGE,0.017847623863437967,0.05890352418447753,0.15158148635300406,Improving,0.05890352418447753,2.839387120968603,A
01177,中生制药,2024-10-31,-5.571030640668518,9.02,1.4480908777507846,0.9166666666666666,1.4575814705090224,T4,1.4582303558238479,1.0124471253695244,↑,↑,VP_SELLING_ACTIVE,25.367706365712394,CBI_TURBULENT,COST_NEUTRAL,-0.06484402373766329,-0.10032332146286715,0.08742652889601232,Deteriorating,-0.10032332146286715,-0.6176308914266649,A
01177,中生制药,2024-11-30,-8.259587020648972,6.29,0.11250623878063487,0.5833333333333334,1.0126106788301583,T3,1.014265009085988,-0.07379704329484116,→,→,VP_NEUTRAL,40.8483941677885,CBI_ACTIVE,COST_DISADVANTAGE,-0.047929535133470424,-0.08237777556184278,-0.002390411543776505,Stable,-0.08237777556184278,-1.3131298919950671,A
01177,中生制药,2024-12-31,-1.6077170418006381,4.9,-0.8692847797248644,0.3333333333333333,0.7817069928210585,T2,0.7818022816430379,-0.19783407025334987,↓,↓,VP_DECLINE_SILENT,48.8353326708484,CBI_ACTIVE,COST_DISADVANTAGE,-0.05287308106382993,-0.06507773842474707,-0.13314698525286706,Deteriorating,-0.06507773842474707,-0.3281055187348241,A
01177,中生制药,2025-01-31,-12.418300653594772,6.42,0.3662938968976295,0.75,0.9744497849734378,T3,0.9722975448460125,-0.28961781914657014,→,→,VP_NEUTRAL,43.12326785855914,CBI_ACTIVE,COST_DISADVANTAGE,-0.07543604417584326,-0.08033452240813399,-0.2407953988489162,Stable,-0.08033452240813399,-1.9343147435505874,A
01177,中生制药,2025-02-28,14.925373134328357,9.67,2.7599187898389403,1.0,1.3683962264150944,T5,1.3693633282654512,0.5367376756229565,↑,↑,VP_EXPANSION,34.58186244574231,CBI_ACTIVE,COST_DISADVANTAGE,-0.08615071886441694,-0.047559595023615286,-0.12748127927412767,Stable,-0.047559595023615286,1.5434718856596026,A
01177,中生制药,2025-03-31,17.207792207792206,11.15,2.8996149509832136,1.0,1.4099051633298212,T5,1.4095344170969364,1.2747719896593983,↑,↑,VP_EXPANSION,30.008317972870906,CBI_ACTIVE,COST_ADVANTAGE,-0.007886705625432366,0.020719752372564404,0.09974270235402405,Stable,0.020719752372564404,1.5432997495777763,A
01177,中生制药,2025-04-30,4.432132963988922,11.59,2.2773494686395974,1.0,1.3902439024390243,T5,1.3885752430414815,0.8064260653797257,↑,↑,VP_EXPANSION,24.660762226994834,CBI_TURBULENT,COST_NEUTRAL,-0.030001668318365038,0.019250503765495086,0.14848476118411935,Stable,0.019250503765495086,0.3824100918023228,A
01177,中生制药,2025-05-31,14.323607427055695,10.77,1.3869751245655286,0.8333333333333334,1.1856880733944952,T4,1.1858873715284834,0.11227188796028553,↑,↑,VP_EXPANSION,26.566919224058623,CBI_TURBULENT,COST_ADVANTAGE,0.006046444779837623,0.049031684703955136,0.31298920973569055,Stable,0.049031684703955136,1.3299542643505753,A
01177,中生制药,2025-06-30,19.721577726218122,20.82,5.239830193978728,1.0,1.7739278614030105,T5,1.7729928070771164,0.8652899335065365,↑↑,↑↑,VP_OVERHEAT,11.038985558259288,CBI_TURBULENT,COST_ADVANTAGE,-0.005538763731912533,0.020883312306993362,0.15835232798451626,Deteriorating,0.020883312306993362,0.9472419657165284,A
01177,中生制药,2025-07-31,43.79844961240309,23.83,3.408568656556309,1.0,1.627917568029147,T5,1.6265624293784176,1.0554892844820873,↑↑,↑↑,VP_OVERHEAT,7.448919479069546,CBI_TURBULENT,COST_ADVANTAGE,0.0898464247152031,0.13829861040552283,0.6656926886909129,Deteriorating,0.13829861040552283,1.837954243071888,A
01177,中生制药,2025-08-31,8.625336927223737,18.71,1.3335481446913093,0.8333333333333334,1.158872716011149,T4,1.1583981181254075,0.7348530297087315,↑,↑,VP_EXPANSION,10.555372303987726,CBI_TURBULENT,COST_ADVANTAGE,-0.0011521792277655596,0.05386479979701475,0.8093642952626361,Stable,0.05386479979701475,0.4610014391888689,A
01177,中生制药,2025-09-30,0.3722084367245637,16.09,0.6660415372381121,0.75,0.948236911894706,T4,0.9484906917939225,-0.22703548322048706,→,→,VP_NEUTRAL,16.50670422733545,CBI_TURBULENT,COST_NEUTRAL,-0.004563648240045071,-0.03593015927922116,0.09425386920882373,Stable,-0.03593015927922116,0.023132904706312227,A
01177,中生制药,2025-10-31,-13.226205191594564,10.92,-0.3051167777581143,0.5,0.647814910025707,T3,0.6476596879209849,-0.5416837235231247,↓,↓,VP_DECLINE_SILENT,19.914302158842574,CBI_TURBULENT,COST_DISADVANTAGE,0.004352907566539388,-0.056141046974024,-0.050474392849698235,Deteriorating,-0.056141046974024,-1.2111909516112238,A
01177,中生制药,2025-11-30,-0.2849002849002802,7.62,-0.9769827456914549,0.25,0.46657822226757834,T2,0.46646561696614475,-0.5927630530657957,↓,↓,VP_SHRINK,31.87702858811048,CBI_ACTIVE,COST_NEUTRAL,-0.00255954307171824,-0.006463619804072729,-0.05317959400967054,Stable,-0.006463619804072729,-0.03738848883205777,A
01177,中生制药,2025-12-31,-12.428571428571434,6.09,-1.3655337886103918,0.08333333333333333,0.438866202257987,T2,0.4385184970682409,-0.6220133875434055,↓,↓,VP_DECLINE_SILENT,37.9742047767353,CBI_ACTIVE,COST_DISADVANTAGE,-0.05116895936215082,-0.0723846423139376,-0.13799740085663526,Deteriorating,-0.0723846423139376,-2.040816326530613,A
01177,中生制药,2026-01-31,7.504078303425765,8.42,-0.9188989470191331,0.25,0.7445836403831984,T2,0.7447361226829913,-0.22874560392062881,↓,↓,VP_LOCKED_CANDIDATE,33.66248360422307,CBI_ACTIVE,COST_DISADVANTAGE,-0.019239928593473787,-0.023764058421001488,-0.07331205083935177,Improving,-0.023764058421001488,0.8912207011194495,A
01177,中生制药,2026-02-28,-8.952959028831565,5.19,-1.471081936096149,0.08333333333333333,0.5731639977912756,T2,0.5718199027334038,-0.3205023353646659,↓,↓,VP_DECLINE_SILENT,37.84830679520284,CBI_ACTIVE,COST_DISADVANTAGE,-0.046216722604494165,-0.06452875951554393,-0.15627804325282402,Deteriorating,-0.06452875951554393,-1.725040275304733,A
01177,中生制药,2026-03-31,-2.6666666666666727,8.25,-0.7529304491719466,0.3333333333333333,1.0647451064745108,T2,1.0654135285853805,0.35622834035902873,→,→,VP_NEUTRAL,33.03539678773809,CBI_ACTIVE,COST_NEUTRAL,0.011113888417358275,-0.013283272715842398,-0.08126201458975302,Stable,-0.013283272715842398,-0.323232323232324,A
01177,中生制药,2026-04-30,-8.047945205479445,8.53,-0.6404453421051282,0.5,1.1605442176870746,T2,1.157766610922325,0.009398147426611825,↑,↑,VP_SELLING_ACTIVE,18.84108931354792,CBI_TURBULENT,COST_DISADVANTAGE,-0.06433819457428125,-0.09098903529196789,-0.15520154423749555,Deteriorating,-0.09098903529196789,-0.9434871284266643,A
01177,中生制药,2026-05-31,-8.007448789571692,7.84,-0.7099828519204328,0.3333333333333333,1.0613718411552346,T2,1.059423612822535,0.5092717539393457,→,→,VP_NEUTRAL,28.16203272222568,CBI_TURBULENT,COST_DISADVANTAGE,-0.0028236067843293577,-0.06641817018655505,-0.22284834795777053,Stable,-0.06641817018655505,-1.021358263975981,A
01177,中生制药,2026-06-30,-10.728744939271262,10.44,-0.10724500284787138,0.6666666666666666,1.2870351345798232,T3,1.2863414325499178,0.26208487752485654,↑,↑,VP_SELLING_ACTIVE,24.538750568783623,CBI_TURBULENT,COST_DISADVANTAGE,0.007627142146342525,-0.035156150237795836,-0.1529878380699713,Deteriorating,-0.035156150237795836,-1.0276575612328795,A
01177,中生制药,2026-07-31,14.058956916099774,13.59,0.9567498415416773,0.8333333333333334,1.5144873699851409,T4,1.5134020981522849,0.5934803250564458,↑↑,↑↑,VP_OVERHEAT,22.981793406640673,CBI_TURBULENT,COST_NEUTRAL,-0.011589147342560557,-0.009579720277627546,-0.033906763150103325,Deteriorating,-0.009579720277627546,1.03450749934509,A
01951,锦鑫生殖,2019-06-30,0.0,16.78,,,,,,,,,VP_NEUTRAL,,,COST_DISADVANTAGE,-0.12478335268857843,-0.12478335268857843,-0.12478335268857843,Stable,-0.12478335268857843,0.0,A
01951,锦鑫生殖,2019-07-31,11.529411764705877,8.43,,,,,,,,,VP_NEUTRAL,,,COST_NEUTRAL,0.055440861176248246,0.03830314053253403,-0.02387602158679092,Stable,0.03830314053253403,1.3676645035238288,A
01951,锦鑫生殖,2019-08-31,-2.004219409282715,5.79,,,0.5603225806451613,,0.560930510676939,,↓,↓,VP_DECLINE_SILENT,,,COST_NEUTRAL,-0.018462417928970076,0.003231835006888284,-0.04343968782081109,Deteriorating,0.003231835006888284,-0.34615188415936354,A
01951,锦鑫生殖,2019-09-30,19.698600645855755,9.93,,,0.9704373320302956,,0.9709796068375398,-0.40801386309168497,→,→,VP_STABLE_ASCENT,,,COST_NEUTRAL,-0.05240538162639996,-0.02941868849668794,0.09894200398902186,Improving,-0.02941868849668794,1.9837462886058164,A
01951,锦鑫生殖,2019-10-31,27.697841726618712,6.0,,,0.6392499467291711,,0.6394081233410573,-0.2868523467260117,↓,↓,VP_LOCKED_CANDIDATE,,,COST_ADVANTAGE,0.03591383015315719,0.07249242479952622,0.403325220921233,Improving,0.07249242479952622,4.616306954436452,A
01951,锦鑫生殖,2019-11-30,-17.88732394366197,6.13,-0.8125927920098331,0.5,0.6931775348661892,T2,0.7050428979836963,0.07831996141810227,↓,↓,VP_DECLINE_SILENT,18.400948724616637,CBI_TURBULENT,COST_NEUTRAL,-0.07142358660836301,-0.1444263667532445,0.1523078926719421,Deteriorating,-0.1444263667532445,-2.917997380695264,A
01951,锦鑫生殖,2019-12-31,-12.69296740994854,5.46,-0.8779150207986481,0.14285714285714285,0.7848586487781505,T2,0.7989394987722677,-0.43726922016775704,↓,↓,VP_DECLINE_SILENT,34.597024097811854,CBI_ACTIVE,COST_DISADVANTAGE,-0.08748216112958118,-0.10884520437447043,-0.20510929458845972,Deteriorating,-0.10884520437447043,-2.324719305851381,A
01951,锦鑫生殖,2020-01-31,0.5893909626719207,14.23,1.5614826566855824,0.875,1.7959612957509468,T5,1.8147476773850195,1.4255260051599277,↑↑,↑↑,VP_NEUTRAL,8.216052201940801,CBI_TURBULENT,COST_DISADVANTAGE,-0.030228549725776932,-0.09864402091300806,-0.20042428060764517,Stable,-0.09864402091300806,0.04141890110132963,A
01951,锦鑫生殖,2020-02-29,-4.78515625,8.01,-0.26980857604916486,0.5555555555555556,0.9658360128617364,T3,0.9742393077210042,0.31323049225208766,→,→,VP_NEUTRAL,25.366928409147114,CBI_TURBULENT,COST_DISADVANTAGE,-0.040137988047340034,-0.08675802890745077,-0.23868522811763093,Stable,-0.08675802890745077,-0.597397784019975,A
01951,锦鑫生殖,2020-03-31,-14.256410256410257,15.44,1.7007247881008964,0.9,1.6761353356251132,T5,1.6800868383116303,1.8245624189786582,↑↑,↑↑,VP_PANIC,39.76637130417045,CBI_ACTIVE,COST_DISADVANTAGE,0.023887561334370977,-0.05144102297811137,-0.17810673221262707,Deteriorating,-0.05144102297811137,-0.9233426331871929,A
01951,锦鑫生殖,2020-04-30,15.430622009569394,6.88,-0.6689827158051772,0.45454545454545453,0.7351736420302761,T2,0.7344155985917544,-0.5171491184264614,↓,↓,VP_LOCKED_CANDIDATE,27.754180852930332,CBI_TURBULENT,COST_NEUTRAL,-0.028421802330606982,0.017881734026848894,-0.05128348873825961,Improving,0.017881734026848894,2.2428229665071795,A
01951,锦鑫生殖,2020-05-31,5.077720207253877,8.370000000000001,-0.2512439478047559,0.5833333333333334,0.8600787806131187,T3,0.8611409190410623,0.044995441574807504,↓,↓,VP_LOCKED_CANDIDATE,28.553599667999578,CBI_TURBULENT,COST_NEUTRAL,-0.014513495421628608,-0.005072532883211078,-0.003110318736368134,Improving,-0.005072532883211078,0.6066571334831394,A
01951,锦鑫生殖,2020-06-30,13.412228796844182,12.27,1.1367618028872244,0.8333333333333334,1.1291411042944783,T4,1.1289120889277822,-0.205166661595931,↑,↑,VP_EXPANSION,22.51561957680647,CBI_TURBULENT,COST_ADVANTAGE,0.12039872889623515,0.08111903421333189,0.12604678215148768,Stable,0.08111903421333189,1.0930911814868935,A
01951,锦鑫生殖,2020-07-31,-7.4782608695652115,36.26,8.057837227554288,1.0,2.49409606786656,T5,2.4907322735330704,4.2664697527935225,↑↑,↑↑,VP_PANIC,12.932197137526071,CBI_TURBULENT,COST_NEUTRAL,-0.012568110881290395,-0.048870883957169875,0.04183806626885467,Deteriorating,-0.048870883957169875,-0.20623995779275267,A
01951,锦鑫生殖,2020-08-31,1.1278195488721776,9.72,-0.23855062811304698,0.5833333333333334,0.6557229592984035,T3,0.6543954161332606,0.15578753957211822,↓,↓,VP_SHRINK,18.539259583786702,CBI_TURBULENT,COST_ADVANTAGE,-0.005693799116051723,0.025857052155972893,0.053588119647826726,Stable,0.025857052155972893,0.11603081778520345,A
01951,锦鑫生殖,2020-09-30,-10.966542750929364,5.49,-0.7390646627436076,0.16666666666666666,0.41701481200151924,T2,0.41662872658680694,-0.5536283883590172,↓,↓,VP_DECLINE_SILENT,37.11303727455401,CBI_ACTIVE,COST_DISADVANTAGE,-0.027843610755151404,-0.06961123972795724,-0.12592085667523134,Deteriorating,-0.06961123972795724,-1.9975487706610862,A
01951,锦鑫生殖,2020-10-31,-3.757828810020869,4.32,-0.8692777208955725,0.08333333333333333,0.3391338479654586,T2,0.3385035640712054,-0.8810251498267575,↓,↓,VP_DECLINE_SILENT,41.34832105714842,CBI_ACTIVE,COST_DISADVANTAGE,-0.040502074563277035,-0.06609941257131302,-0.15876725454547314,Deteriorating,-0.06609941257131302,-0.8698677800974233,A
01951,锦鑫生殖,2020-11-30,44.68546637744033,30.32,2.1974107927726623,0.9166666666666666,1.8491563325879246,T5,1.8500246343260542,2.12533316028611,↑↑,↑↑,VP_OVERHEAT,12.705421711219085,CBI_TURBULENT,COST_ADVANTAGE,0.02491247494900084,0.11164425021184643,0.2171415210806278,Deteriorating,0.11164425021184643,1.4737950652190082,A
01951,锦鑫生殖,2020-12-31,17.091454272863558,9.96,-0.38500505827438414,0.5833333333333334,0.6220464244821485,T3,0.6228031489295439,0.8173552067021319,↓,↓,VP_LOCKED_CANDIDATE,22.634657935562537,CBI_TURBULENT,COST_ADVANTAGE,0.04178173249850725,0.07423533211640154,0.26352034894038123,Improving,0.07423533211640154,1.7160094651469435,A
01951,锦鑫生殖,2021-01-31,-0.8962868117797673,22.68,0.9391838271630647,0.8333333333333334,1.649654503576191,T4,1.6495817568935767,4.258573818414149,↑↑,↑↑,VP_NEUTRAL,21.17126784879961,CBI_TURBULENT,COST_NEUTRAL,-0.0671185678322399,0.01312201412020264,0.25219558268867504,Stable,0.01312201412020264,-0.03951881886154177,A
01951,锦鑫生殖,2021-02-28,12.015503875968992,18.89,0.41515037208371025,0.75,1.2365262928212963,T3,1.2549162094456956,-0.36544407925031275,↑,↑,VP_EXPANSION,15.13864382232805,CBI_TURBULENT,COST_NEUTRAL,-0.10604074097259153,-0.10257091956404762,0.40265319146134537,Improving,-0.10257091956404762,0.6360774947574903,A
01951,锦鑫生殖,2021-03-31,-4.613610149942337,15.71,0.06843677304486245,0.6666666666666666,0.925206124852768,T3,0.9477440916031205,0.6282100865549636,→,→,VP_NEUTRAL,23.069528598630626,CBI_TURBULENT,COST_NEUTRAL,0.05897638689848472,0.04296192047401992,-0.014242786163004784,Stable,0.04296192047401992,-0.29367346594158733,A
01951,锦鑫生殖,2021-04-30,19.830713422007264,10.31,-0.5601894372483588,0.5,0.5734680634096597,T2,0.5847402452544146,-0.5311675125783406,↓,↓,VP_LOCKED_CANDIDATE,19.73180293922841,CBI_TURBULENT,COST_ADVANTAGE,-0.0054194831198225435,0.05998952113162037,0.18123990194977302,Improving,0.05998952113162037,1.9234445608154473,A
01951,锦鑫生殖,2021-05-31,11.856710393541881,12.61,-0.3483761179141773,0.5833333333333334,0.8391748003549244,T3,0.8503620635967929,-0.3242849911521709,↓,↓,VP_LOCKED_CANDIDATE,9.70014380450007,CBI_TURBULENT,COST_ADVANTAGE,0.1478813399947292,0.11903709521467909,0.3212960961769158,Improving,0.11903709521467909,0.9402625212959462,A
01951,锦鑫生殖,2021-06-30,-12.404149751917004,17.19,0.12013470946103275,0.6666666666666666,1.0590409692986962,T3,1.0692139140684496,0.09259811864689538,→,→,VP_NEUTRAL,15.986180332351418,CBI_TURBULENT,COST_NEUTRAL,-0.05429953365564555,-0.016132805692582575,-0.0038052211058005048,Stable,-0.016132805692582575,-0.7215910268712625,A
01951,锦鑫生殖,2021-07-31,-25.849639546858917,25.45,1.518461652728168,0.9166666666666666,1.5245607028753991,T5,1.5273896987550533,1.4686423561093696,↑↑,↑↑,VP_PANIC,8.217935148609188,CBI_TURBULENT,COST_DISADVANTAGE,0.048762871495557025,-0.07740317862249013,-0.26131798063457923,Deteriorating,-0.07740317862249013,-1.0157029291496629,A
01951,锦鑫生殖,2021-08-31,-15.416666666666668,14.53,-0.15200360324644796,0.5,0.9100208768267222,T3,0.9109229771145942,0.1540727003606297,→,→,VP_NEUTRAL,23.11612618196167,CBI_TURBULENT,COST_DISADVANTAGE,-0.0013534591754077452,-0.08437486524561377,-0.37519812528674823,Stable,-0.08437486524561377,-1.0610231704519386,A
01951,锦鑫生殖,2021-09-30,-6.239737274220037,10.21,-0.8839803424523511,0.25,0.678405315614618,T2,0.6779325930328385,-0.4065759209759179,↓,↓,VP_DECLINE_SILENT,29.993730291274613,CBI_TURBULENT,COST_DISADVANTAGE,-0.07983015799148618,-0.11417061617322033,-0.20626296498180785,Deteriorating,-0.11417061617322033,-0.6111397917943229,A
01951,锦鑫生殖,2021-10-31,-5.078809106830118,10.48,-1.0292231195786559,0.3333333333333333,0.6950370288493424,T2,0.6965134575826054,-0.5870634302697861,↓,↓,VP_DECLINE_SILENT,27.616962564750757,CBI_TURBULENT,COST_DISADVANTAGE,-0.07061093232389459,-0.11454986476168971,-0.24657535380059525,Deteriorating,-0.11454986476168971,-0.48461918958302647,A
01951,锦鑫生殖,2021-11-30,-1.1070110701106972,12.92,-0.46298553311213236,0.5,0.8539325842696629,T3,0.8535217382084167,-0.11211786223336806,↓,↓,VP_SHRINK,26.549220835286807,CBI_TURBULENT,COST_DISADVANTAGE,-0.09119575302607608,-0.029651127331012272,-0.25491584803896494,Stable,-0.029651127331012272,-0.085681971370797,A
01951,锦鑫生殖,2021-12-31,-20.429104477611947,13.450000000000001,-0.4298139015890012,0.5,0.9271599264705882,T3,0.9265773331429773,0.31777185098838867,→,→,VP_NEUTRAL,7.522534439829304,CBI_TURBULENT,COST_DISADVANTAGE,0.010154702022366902,-0.08189135841530604,-0.2063192246779244,Stable,-0.08189135841530604,-1.5188925262165016,A
01951,锦鑫生殖,2022-01-31,-11.137162954279011,9.73,-1.1475512166313468,0.08333333333333333,0.8185642176107685,T2,0.8198089548336482,-0.07173537992244261,↓,↓,VP_DECLINE_SILENT,40.53329860695099,CBI_ACTIVE,COST_DISADVANTAGE,-0.03331063000538936,-0.09379600944275568,-0.294712745962329,Deteriorating,-0.09379600944275568,-1.1446210641602272,A
01951,锦鑫生殖,2022-02-28,17.546174142480208,13.12,-0.17360083202496604,0.5833333333333334,1.126019167501073,T3,1.126238241226731,0.016472868884318537,↑,↑,VP_EXPANSION,9.9222478118816,CBI_TURBULENT,COST_NEUTRAL,-0.00662681986991942,0.01960342867557463,-0.1709618161641625,Improving,0.01960342867557463,1.3373608340305037,A
01951,锦鑫生殖,2022-03-31,-34.34343434343435,40.98,6.366912314059336,1.0,2.442193087008343,T5,2.438656918172528,2.043173714336431,↑↑,↑↑,VP_PANIC,4.44198915343392,CBI_TURBULENT,COST_DISADVANTAGE,-0.11252992748316215,-0.08598426563590933,-0.18544711663069002,Deteriorating,-0.08598426563590933,-0.8380535466919071,A
01951,锦鑫生殖,2022-04-30,-17.43589743589743,16.61,0.021047957419190497,0.75,0.933058702368692,T3,0.9316142177937596,0.6993870751855831,→,→,VP_NEUTRAL,11.338841304191106,CBI_TURBULENT,COST_DISADVANTAGE,-0.018328821905650106,-0.10836902675867022,-0.3274717219361081,Stable,-0.10836902675867022,-1.0497229040275395,A
01951,锦鑫生殖,2022-05-31,23.809523809523814,17.87,0.12394420751116421,0.8333333333333334,0.9593772369362922,T3,0.9576398641075013,0.35690591600913435,→,→,VP_STABLE_ASCENT,9.370170174413385,CBI_TURBULENT,COST_NEUTRAL,0.11741050045910328,0.1740010778662353,-0.16734594144470516,Improving,0.1740010778662353,1.3323740240360276,A
01951,锦鑫生殖,2022-06-30,19.23076923076923,17.73,0.10076373243105911,0.75,0.9167528438469493,T3,0.9163401606152867,-0.5674337332185526,→,→,VP_STABLE_ASCENT,18.184665218183078,CBI_TURBULENT,COST_ADVANTAGE,0.11220588094785633,0.12748303296163588,0.26991679198843466,Improving,0.12748303296163588,1.084645754696516,A
01951,锦鑫生殖,2022-07-31,-15.848527349228615,13.84,-0.2776215639571073,0.5833333333333334,0.6911360799001247,T3,0.6914528749612543,-0.16582429635524076,↓,↓,VP_DECLINE_SILENT,18.458303111318376,CBI_TURBULENT,COST_NEUTRAL,-0.040832769837558236,-0.08824188054153703,0.06865368189770105,Deteriorating,-0.08824188054153703,-1.1451248084702756,A
01951,锦鑫生殖,2022-08-31,-16.166666666666664,14.44,-0.19756457351654474,0.6666666666666666,0.7132625339590022,T3,0.7172984415995031,-0.18588518856671954,↓,↓,VP_DECLINE_SILENT,8.101787351610998,CBI_TURBULENT,COST_DISADVANTAGE,-0.041117077140478075,-0.08554002838919128,-0.10411199667576065,Deteriorating,-0.08554002838919128,-1.1195752539242843,A
01951,锦鑫生殖,2022-09-30,-25.447316103379723,10.790000000000001,-0.6974334955642815,0.25,0.7092462751971955,T2,0.7122155981656366,-0.3879980514978646,↓,↓,VP_DECLINE_SILENT,33.11201277630947,CBI_ACTIVE,COST_DISADVANTAGE,-0.09422039965606388,-0.1701771016535465,-0.33159396174859934,Deteriorating,-0.1701771016535465,-2.3584166916941354,A
01951,锦鑫生殖,2022-10-31,0.5333333333333412,18.36,0.22917843270135993,0.9166666666666666,1.184134150274105,T3,1.1871217266552172,0.33240020923954416,↑,↑,VP_DIVERGENCE_HIGH,6.761323746483962,CBI_TURBULENT,COST_DISADVANTAGE,-0.06842390750354244,-0.06004350365899325,-0.32802912954459185,Deteriorating,-0.06004350365899325,0.02904865649963732,A
01951,锦鑫生殖,2022-11-30,57.824933687002655,39.55,2.7999529379359247,0.9166666666666666,2.0686949699241564,T5,2.0724313252767885,1.738441138463767,↑↑,↑↑,VP_OVERHEAT,10.323335787748862,CBI_TURBULENT,COST_ADVANTAGE,0.15249011992993977,0.1321725635240132,0.06053758069222237,Deteriorating,0.1321725635240132,1.4620716482175136,A
01951,锦鑫生殖,2022-12-31,19.49579831932773,37.67,1.7915477564201674,0.8333333333333334,1.678574080950613,T5,1.679330855446139,2.491561353951617,↑↑,↑↑,VP_OVERHEAT,11.286671292078518,CBI_TURBULENT,COST_ADVANTAGE,-0.03419935506483607,0.023430144217948312,0.2510417348523579,Deteriorating,0.023430144217948312,0.5175417658435818,A
01951,锦鑫生殖,2023-01-31,0.8438818565400741,36.46,1.328872363819946,0.75,1.3909836586761624,T4,1.4054060979344825,1.0143212286830776,↑,↑,VP_DIVERGENCE_HIGH,8.198759765783036,CBI_TURBULENT,COST_NEUTRAL,-0.07232970164700026,0.0068978631112535105,0.26159904907052134,Deteriorating,0.0068978631112535105,0.023145415703238456,A
01951,锦鑫生殖,2023-02-28,-14.365411436541143,20.36,-0.3245281655914094,0.6666666666666666,0.7485752803480605,T3,0.79241814688898,-0.44877098589411535,↓,↓,VP_DECLINE_SILENT,14.111759024672168,CBI_TURBULENT,COST_NEUTRAL,-0.03764242853404398,-0.12425348988576013,0.08036515499205032,Deteriorating,-0.12425348988576013,-0.7055703063134157,A
01951,锦鑫生殖,2023-03-31,-15.96091205211726,26.38,0.4242591418601787,0.75,0.8853339299697952,T3,0.9351724091353284,-0.24345578172936966,→,↓,VP_NEUTRAL,17.70158255143861,CBI_TURBULENT,COST_DISADVANTAGE,-0.02526682574424466,-0.07686625752721077,-0.21739841098735113,Stable,-0.07686625752721077,-0.6050383643713897,A
01951,锦鑫生殖,2023-04-30,-2.131782945736438,13.02,-1.015784902015561,0.16666666666666666,0.4504151291512915,T2,0.4725682967553778,-0.6194449908821507,↓,↓,VP_DECLINE_SILENT,31.98467326133152,CBI_ACTIVE,COST_DISADVANTAGE,-0.009312409665330867,-0.06653380341021997,-0.2340817781949852,Deteriorating,-0.06653380341021997,-0.16373140904273717,A
01951,锦鑫生殖,2023-05-31,-21.78217821782178,11.73,-1.0667852815739465,0.16666666666666666,0.48331273176761436,T2,0.501779249474397,-0.4183602801830776,↓,↓,VP_DECLINE_SILENT,31.77841116365826,CBI_ACTIVE,COST_DISADVANTAGE,-0.07826083938696582,-0.13248956214676588,-0.400915450271325,Deteriorating,-0.13248956214676588,-1.8569631899251304,A
01951,锦鑫生殖,2023-06-30,2.278481012658218,10.56,-1.0855816640383102,0.08333333333333333,0.5346384271369505,T2,0.5458927238817063,-0.599581334016878,↓,↓,VP_LOCKED_CANDIDATE,34.27521939766291,CBI_ACTIVE,COST_DISADVANTAGE,-0.029767560673942595,-0.06636930117453654,-0.15857590546086198,Improving,-0.06636930117453654,0.21576524741081607,A
01951,锦鑫生殖,2023-07-31,8.910891089108919,7.28,-1.3332129539657995,0.08333333333333333,0.488973469159297,T2,0.4911563158336044,-0.43915327638431634,↓,↓,VP_LOCKED_CANDIDATE,34.86904360956007,CBI_ACTIVE,COST_NEUTRAL,0.0037373473522712697,0.005854420041457198,-0.08359752079895855,Improving,0.005854420041457198,1.224023501251225,A
01951,锦鑫生殖,2023-08-31,-13.181818181818194,8.66,-1.0846229481563556,0.16666666666666666,0.6693288677057839,T2,0.6696568530380798,-0.26170776345240565,↓,↓,VP_DECLINE_SILENT,36.34061392738438,CBI_ACTIVE,COST_DISADVANTAGE,-0.007779149740765323,-0.05927440605779355,-0.20439602942091406,Deteriorating,-0.05927440605779355,-1.5221499055217314,A
01951,锦鑫生殖,2023-09-30,-4.712041884816742,5.67,-1.306817041149611,0.08333333333333333,0.5976809557273366,T2,0.6000547632932108,-0.46039223172946764,↓,↓,VP_DECLINE_SILENT,37.55876944729718,CBI_ACTIVE,COST_DISADVANTAGE,0.0016442317882829904,-0.0325966637292433,-0.10958744562648215,Deteriorating,-0.0325966637292433,-0.8310479514667976,A
01951,锦鑫生殖,2023-10-31,5.219780219780223,7.09,-1.0167806615842419,0.16666666666666666,0.834281231614042,T2,0.8352849244164549,-0.02590575746247681,↓,↓,VP_LOCKED_CANDIDATE,33.83310349727306,CBI_ACTIVE,COST_NEUTRAL,0.057726334127013335,-0.0018889640635312288,-0.06310986723885348,Improving,-0.0018889640635312288,0.7362172383328948,A
01951,锦鑫生殖,2023-11-30,-4.699738903394257,7.58,-0.8236655342599879,0.3333333333333333,0.9709649871904354,T2,0.9678870573441454,-0.12704286820934307,→,→,VP_NEUTRAL,29.843549933784203,CBI_TURBULENT,COST_DISADVANTAGE,-0.07931663075438233,-0.08934373825271003,-0.10714125729029123,Stable,-0.08934373825271003,-0.6200183249860497,A
01951,锦鑫生殖,2023-12-31,-10.95890410958904,9.33,-0.5107613462444787,0.5,1.2273624205218154,T2,1.225665487208351,0.6371893462146887,↑,↑,VP_SELLING_ACTIVE,23.724187359551454,CBI_TURBULENT,COST_DISADVANTAGE,-0.010472779545150246,-0.0378918919800596,-0.12460612386323489,Deteriorating,-0.0378918919800596,-1.1745877930963602,A
01951,锦鑫生殖,2024-01-31,-36.30769230769231,14.45,0.4702911572198135,0.8333333333333334,1.6426676771504356,T3,1.6405984339222957,1.0309066200942527,↑↑,↑↑,VP_PANIC,13.457978049490823,CBI_TURBULENT,COST_DISADVANTAGE,-0.13709078210305914,-0.21278704778560253,-0.4424414388913527,Deteriorating,-0.21278704778560253,-2.512643066276284,A
01951,锦鑫生殖,2024-02-29,12.560386473429963,10.6,-0.08538753365406951,0.6666666666666666,1.1622807017543861,T3,1.1627462583175887,0.40250233545538805,↑,↑,VP_EXPANSION,17.418447031443556,CBI_TURBULENT,COST_NEUTRAL,-0.01883250776687362,0.0034648337962204234,-0.37240992880041146,Improving,0.0034648337962204234,1.1849421201349022,A
01951,锦鑫生殖,2024-03-31,0.0,11.57,0.7474274078023274,0.75,1.1451666116793138,T4,1.1461223321115976,0.24162006250478796,↑,↑,VP_DIVERGENCE_HIGH,25.88764323422548,CBI_TURBULENT,COST_DISADVANTAGE,-0.03473894740366035,-0.07011895807522717,-0.06847994083823383,Deteriorating,-0.07011895807522717,0.0,A
01951,锦鑫生殖,2024-04-30,9.871244635193133,9.31,-0.07835685101165049,0.5,0.8889242520687461,T3,0.9006468551198697,-0.3452707407692499,→,↓,VP_NEUTRAL,40.74717520346989,CBI_ACTIVE,COST_ADVANTAGE,0.036295071764492315,0.02910076667005934,0.023472683027519814,Stable,0.02910076667005934,1.060284063930519,A
01951,锦鑫生殖,2024-05-31,18.75,23.95,6.256614612714772,1.0,1.8141648781719477,T5,1.8285709172112063,1.289414551004584,↑↑,↑↑,VP_OVERHEAT,10.981639358923282,CBI_TURBULENT,COST_NEUTRAL,-0.05812460098173089,-0.05472593992689323,0.21537381109517995,Deteriorating,-0.05472593992689323,0.7828810020876827,A
01951,锦鑫生殖,2024-06-30,-9.868421052631572,10.17,-0.06799389832729406,0.6666666666666666,0.7622735790131168,T3,0.7661894815287891,-0.11050909133952302,↓,↓,VP_DECLINE_SILENT,20.2459274624062,CBI_TURBULENT,COST_DISADVANTAGE,-0.03371508875124052,-0.10671584398036527,-0.09418345992446964,Deteriorating,-0.10671584398036527,-0.970346219531128,A
01951,锦鑫生殖,2024-07-31,-9.489051094890522,10.23,-0.11230586701083092,0.6666666666666666,0.8094421732823421,T3,0.812985926518372,0.09821103133735765,↓,↓,VP_DECLINE_SILENT,24.282487733216115,CBI_TURBULENT,COST_DISADVANTAGE,0.01402810434741153,-0.06127638209246811,-0.18013685423820613,Deteriorating,-0.06127638209246811,-0.9275709770176463,A
01951,锦鑫生殖,2024-08-31,-6.048387096774189,5.98,-1.0492450723156885,0.16666666666666666,0.5038618171605111,T2,0.5033606468663457,-0.7511381975749039,↓,↓,VP_DECLINE_SILENT,41.40099293864622,CBI_ACTIVE,COST_DISADVANTAGE,-0.020683447396790844,-0.05795069225414684,-0.22972535095766944,Deteriorating,-0.05795069225414684,-1.0114359693602322,A
01951,锦鑫生殖,2024-09-30,55.3648068669528,16.47,1.1875595963396293,0.9166666666666666,1.2983839180134016,T4,1.2955715097613099,0.6165208334299097,↑,↑,VP_EXPANSION,11.767487326822653,CBI_TURBULENT,COST_ADVANTAGE,0.30875054009277014,0.2673952685720511,0.33136998822302255,Stable,0.2673952685720511,3.3615547581634972,A
01951,锦鑫生殖,2024-10-31,-5.8011049723756924,50.52,8.173424803319184,1.0,2.5837026934878966,T5,2.5781369337699425,3.9111914896525413,↑↑,↑↑,VP_PANIC,5.034264326511179,CBI_TURBULENT,COST_NEUTRAL,-0.0446832943940213,-0.06177984794181346,0.2541358176354991,Deteriorating,-0.06177984794181346,-0.11482788939777697,A
01951,锦鑫生殖,2024-11-30,-13.48973607038123,17.51,0.15280215626836186,0.8333333333333334,0.9475108225108225,T3,0.9461763693341779,1.9227639410231356,→,→,VP_NEUTRAL,8.610875288632926,CBI_TURBULENT,COST_NEUTRAL,-0.01023326679659442,-0.09273111488120156,0.08495620587235253,Stable,-0.09273111488120156,-0.770401831546615,A
01951,锦鑫生殖,2024-12-31,-10.169491525423735,13.64,-0.23766230436977695,0.5833333333333334,0.7156974202011369,T3,0.7142118735500063,-0.17457815223375173,↓,↓,VP_DECLINE_SILENT,18.92584682410432,CBI_TURBULENT,COST_DISADVANTAGE,-0.05643873516508047,-0.11619885464668078,-0.23105830844170316,Deteriorating,-0.11619885464668078,-0.745563894825787,A
01951,锦鑫生殖,2025-01-31,-10.188679245283016,14.91,-0.12316395270331779,0.6666666666666666,0.7515752331345038,T3,0.7509622251290085,-0.7050951469747189,↓,↓,VP_DECLINE_SILENT,18.325810213486427,CBI_TURBULENT,COST_DISADVANTAGE,-0.04031885729871709,-0.03231419475333752,-0.3094033109778316,Deteriorating,-0.03231419475333752,-0.6833453551497664,A
01951,锦鑫生殖,2025-02-28,8.40336134453783,26.38,0.8273617677991272,0.9166666666666666,1.135193286954027,T4,1.1341916207848666,0.5052183232244087,↑,↑,VP_EXPANSION,14.793586477094276,CBI_TURBULENT,COST_DISADVANTAGE,-0.07663320433724619,-0.053587987162222905,-0.2513699757658846,Stable,-0.053587987162222905,0.31855046795063796,A
01951,锦鑫生殖,2025-03-31,15.116279069767447,122.34,8.82189776492389,1.0,2.992417448022829,T5,2.9931171042191167,7.981528596650994,↑↑,↑↑,VP_OVERHEAT,3.8167927929267194,CBI_TURBULENT,COST_DISADVANTAGE,-0.06784607394588693,-0.06465944720717376,-0.022303968959373588,Deteriorating,-0.06465944720717376,0.12355958042968324,A
01951,锦鑫生殖,2025-04-30,-3.367003367003374,83.45,1.7288727361407632,0.9166666666666666,1.7995902670452504,T5,1.7996282935211123,4.5993184050157545,↑↑,↑↑,VP_PANIC,5.718501756835585,CBI_TURBULENT,COST_DISADVANTAGE,-0.0694653093234524,-0.0885574453938176,-0.055223027243569756,Deteriorating,-0.0885574453938176,-0.040347553828680334,A
01951,锦鑫生殖,2025-05-31,-3.484320557491294,30.77,-0.08486094765641428,0.75,0.6333664962777453,T3,0.6336762506679543,0.16793189841841594,↓,↓,VP_DECLINE_SILENT,12.280481191853438,CBI_TURBULENT,COST_DISADVANTAGE,0.0035604569857041746,-0.027732016028991335,-0.08814208552776603,Deteriorating,-0.027732016028991335,-0.11323758717878758,A
01951,锦鑫生殖,2025-06-30,9.025270758122739,48.51,0.3701407415818453,0.75,0.891837234955264,T3,0.89210937709123,-0.6034178532554635,↓,↓,VP_LOCKED_CANDIDATE,12.204852226141917,CBI_TURBULENT,COST_NEUTRAL,-0.0027844308674935814,0.006811455172702097,-0.009065988399077352,Improving,0.006811455172702097,0.18604969610642627,A
01951,锦鑫生殖,2025-07-31,8.940397350993369,92.35,1.5689587400492009,0.9166666666666666,1.3722139673105498,T5,1.3723697741852185,0.10699401758711868,↑,↑,VP_EXPANSION,7.285690098925845,CBI_TURBULENT,COST_NEUTRAL,0.030912958345367114,0.016520054409063123,0.07952744972418402,Stable,0.016520054409063123,0.09680993341627904,A
01951,锦鑫生殖,2025-08-31,-13.677811550151986,72.21,0.7144980882122908,0.75,0.9635922869915263,T4,0.9636324355051424,1.3462928325728738,→,→,VP_NEUTRAL,10.322548207434027,CBI_TURBULENT,COST_DISADVANTAGE,-0.07889387926373315,-0.10924019630343085,-0.06812828048125164,Stable,-0.10924019630343085,-0.18941713821010922,A
01951,锦鑫生殖,2025-09-30,-0.7042253521126751,39.16,-0.3731762120984561,0.5,0.6411788784281621,T3,0.6411066376106576,-0.1929828872431133,↓,↓,VP_SHRINK,23.33777717660195,CBI_TURBULENT,COST_NEUTRAL,0.01667954190866694,0.011413296853538757,-0.09997851012113446,Stable,0.011413296853538757,-0.017983282740364533,A
01951,锦鑫生殖,2025-10-31,-14.184397163120565,16.830000000000002,-0.9838920470114098,0.25,0.3367908481472835,T2,0.3369183355976135,-0.8176812160816116,↓,↓,VP_DECLINE_SILENT,27.05166764080269,CBI_TURBULENT,COST_DISADVANTAGE,-0.03383202294913801,-0.06088353946484193,-0.22764113279898768,Deteriorating,-0.06088353946484193,-0.8428043471848226,A
01951,锦鑫生殖,2025-11-30,-2.8925619834710647,15.33,-1.0235073439441729,0.25,0.32342909384999474,T2,0.3232518135383118,-0.7878207132125009,↓,↓,VP_DECLINE_SILENT,28.157025891197385,CBI_TURBULENT,COST_DISADVANTAGE,-0.011052833269448836,-0.03555983004061791,-0.249982091767612,Deteriorating,-0.03555983004061791,-0.18868636552322665,A
01951,锦鑫生殖,2025-12-31,-0.42553191489362874,13.51,-1.0852442955868795,0.08333333333333333,0.32503308071694936,T2,0.32502663725255115,-0.6549661904633285,↓,↓,VP_SHRINK,34.68621275430192,CBI_ACTIVE,COST_DISADVANTAGE,-0.0653176481346045,-0.060591298594601994,-0.06564817871662876,Stable,-0.060591298594601994,-0.031497551065405534,A
01951,锦鑫生殖,2026-01-31,2.564102564102577,18.87,-0.9232785694946347,0.3333333333333333,0.6436245807515208,T2,0.6441748494893837,0.12175167119679808,↓,↓,VP_LOCKED_CANDIDATE,26.91833646807401,CBI_TURBULENT,COST_DISADVANTAGE,-0.02843087388824239,-0.045056625802111894,-0.041690439709362814,Improving,-0.045056625802111894,0.135882488823666,A
01951,锦鑫生殖,2026-02-28,2.5000000000000133,7.91,-1.1999138287420714,0.08333333333333333,0.4252307140937192,T2,0.4254512666825507,-0.48340231650183463,↓,↓,VP_LOCKED_CANDIDATE,38.333329565638486,CBI_ACTIVE,COST_NEUTRAL,-0.009068292814666923,0.0025941637097552928,-0.01773270070209687,Improving,0.0025941637097552928,0.31605562579014074,A
01951,锦鑫生殖,2026-03-31,-4.878048780487809,21.08,-0.6526251241165697,0.5,1.3522933818026301,T2,1.3517218145472725,0.5599896964642359,↑,↑,VP_SELLING_ACTIVE,26.305440440437703,CBI_TURBULENT,COST_NEUTRAL,0.05944207686436287,0.009778078565927162,-0.03191934801493301,Deteriorating,0.009778078565927162,-0.23140648863794164,A
01951,锦鑫生殖,2026-04-30,0.42735042735044804,11.05,-0.9028093955687639,0.16666666666666666,0.7555555555555556,T2,0.7488721428562003,-0.4208021348691757,↓,↓,VP_SHRINK,36.425864687789705,CBI_ACTIVE,COST_DISADVANTAGE,-0.04345993918806634,-0.03657762078699256,-0.027782251211577957,Stable,-0.03657762078699256,0.03867424681904507,A
01951,锦鑫生殖,2026-05-31,-6.382978723404253,10.11,-0.8416276576531387,0.16666666666666666,0.7350054525627044,T2,0.727218278777601,0.26025848492075565,↓,↓,VP_DECLINE_SILENT,36.28966956963448,CBI_ACTIVE,COST_DISADVANTAGE,-0.00015386808319794998,-0.050779651401066106,-0.0898387032619028,Deteriorating,-0.050779651401066106,-0.631352989456405,A
01951,锦鑫生殖,2026-06-30,-10.45454545454546,10.75,-0.6812592267319927,0.25,0.808574652124859,T2,0.7989409120759465,-0.49858226284161455,↓,↓,VP_DECLINE_SILENT,36.92653271200022,CBI_ACTIVE,COST_DISADVANTAGE,-0.0359293331245546,-0.0729139707287948,-0.141695069382346,Deteriorating,-0.0729139707287948,-0.972515856236787,A
01951,锦鑫生殖,2026-07-31,10.152284263959398,9.89,-0.6475322836759013,0.16666666666666666,0.8382539906766494,T2,0.831850272585441,-0.11025753421190565,↓,↓,VP_LOCKED_CANDIDATE,38.82625993472726,CBI_ACTIVE,COST_NEUTRAL,-0.018453219614541605,0.004611179110664665,-0.05455751297446243,Improving,0.004611179110664665,1.026520148024206,A
02202,港股万科企业,2014-06-30,0.0,8.09,,,,,,,,,VP_NEUTRAL,,,COST_DISADVANTAGE,-0.6592315294438003,-0.6600738580354031,-0.6600738580354031,Stable,-0.6600738580354031,0.0,A
02202,港股万科企业,2014-07-31,73.75271149674619,27.37,,,,,,,,,VP_NEUTRAL,,,COST_DISADVANTAGE,-0.5180451142004383,-0.49434041936754514,-0.409369111250234,Stable,-0.49434041936754514,2.694655151506985,A
02202,港股万科企业,2014-08-31,-32.95880149812733,20.85,,,1.1108151305274374,,1.1112104375579086,,↑,↑,VP_SELLING_ACTIVE,,,COST_DISADVANTAGE,-0.6350424698773682,-0.6600467071875049,-0.6040339734598947,Deteriorating,-0.6600467071875049,-1.5807578656176176,A
02202,港股万科企业,2014-09-30,-14.897579143389194,16.89,,,0.9229508196721311,,0.922918254262722,1.0882921872852633,→,→,VP_NEUTRAL,,,COST_DISADVANTAGE,-0.6786827308485366,-0.6843823979853014,-0.704654519432627,Stable,-0.6843823979853014,-0.8820354732616456,A
02202,港股万科企业,2014-10-31,16.19256017505468,14.24,,,0.8142726440988106,,0.8132670146081286,-0.4804003039829978,↓,↓,VP_LOCKED_CANDIDATE,,,COST_DISADVANTAGE,-0.6284872753458837,-0.6302284642218068,-0.6568305247674506,Improving,-0.6302284642218068,1.1371179898212556,A
02202,港股万科企业,2014-11-30,26.741996233521668,21.4,0.6062581461534791,0.8333333333333334,1.179713340683572,T4,1.1796540060372658,0.02569225273807163,↑,↑,VP_EXPANSION,6.455251428669292,CBI_TURBULENT,COST_DISADVANTAGE,-0.5596897589695682,-0.5437002539980793,-0.5650601566261662,Stable,-0.5437002539980793,1.2496259922206387,A
02202,港股万科企业,2014-12-31,21.09955423476968,20.4,0.3724322516011957,0.5714285714285714,1.0103177878662815,T3,1.0095820383780914,0.2064991440045616,→,→,VP_STABLE_ASCENT,14.485774350097989,CBI_TURBULENT,COST_DISADVANTAGE,-0.5037932562186511,-0.5151033376731231,-0.47076368199003293,Improving,-0.5151033376731231,1.0342918742534157,A
02202,港股万科企业,2015-01-31,-5.153374233128838,23.57,0.9001803383297446,0.875,1.2051129100979974,T4,1.2047407581350902,0.6562343948431326,↑,↑,VP_SELLING_ACTIVE,2.964712755624654,CBI_TURBULENT,COST_DISADVANTAGE,-0.5541681830551524,-0.5726923936910087,-0.49803721003471835,Deteriorating,-0.5726923936910087,-0.2186412487538752,A
02202,港股万科企业,2015-02-28,11.901681759379045,10.86,-1.4797543206950414,0.2222222222222222,0.606929955290611,T2,0.6075677587049707,-0.49215021085265187,↓,↓,VP_LOCKED_CANDIDATE,27.704200984718206,CBI_TURBULENT,COST_DISADVANTAGE,-0.5040083677362845,-0.49976589541947336,-0.4382951962225503,Improving,-0.49976589541947336,1.0959191306978864,A
02202,港股万科企业,2015-03-31,6.936416184971095,19.36,0.2005939485005627,0.5,1.057634526085769,T3,1.0584453736059902,-0.049718258863981735,→,→,VP_STABLE_ASCENT,25.103474272530885,CBI_TURBULENT,COST_DISADVANTAGE,-0.47442590386331507,-0.46551206243779486,-0.4758190628258311,Improving,-0.46551206243779486,0.3582859599675152,A
02202,港股万科企业,2015-04-30,24.32432432432432,27.67,1.6830329260115162,1.0,1.3469089729028072,T5,1.3461598285207905,0.17360361965996018,↑,↑,VP_EXPANSION,19.3889296916969,CBI_TURBULENT,COST_DISADVANTAGE,-0.42604922723437233,-0.40641229509213617,-0.34831559162130354,Stable,-0.40641229509213617,0.8790865314175756,A
02202,港股万科企业,2015-05-31,-1.7391304347825987,19.05,-0.017568635231544116,0.4166666666666667,0.9453312381109916,T3,0.9450162614372174,0.7515571734738606,→,→,VP_NEUTRAL,30.43550224624342,CBI_ACTIVE,COST_DISADVANTAGE,-0.4536632947886463,-0.43010216118017586,-0.3596492335061503,Stable,-0.43010216118017586,-0.09129293620906029,A
02202,港股万科企业,2015-06-30,-6.548672566371683,15.99,-0.8622009392423643,0.25,0.823519313304721,T2,0.8240480330843084,-0.17414074072777608,↓,↓,VP_DECLINE_SILENT,37.13495379065159,CBI_ACTIVE,COST_DISADVANTAGE,-0.43946892838907836,-0.4648723285618248,-0.4613225703648215,Deteriorating,-0.4648723285618248,-0.4095480029000427,A
02202,港股万科企业,2015-07-31,-6.060606060606066,23.54,1.0133767818885222,0.8333333333333334,1.2126727912767237,T4,1.211943313865485,-0.14930248297644733,↑,↑,VP_SELLING_ACTIVE,14.056804143731254,CBI_TURBULENT,COST_DISADVANTAGE,-0.4715616398053518,-0.47003862324476076,-0.4939696873124081,Deteriorating,-0.47003862324476076,-0.2574599006204786,A
02202,港股万科企业,2015-08-31,-8.266129032258062,16.12,-0.7157747104562754,0.3333333333333333,0.7945453051836031,T2,0.7943151750680583,-0.15379693126456473,↓,↓,VP_DECLINE_SILENT,34.8267834207795,CBI_ACTIVE,COST_DISADVANTAGE,-0.46370286655306303,-0.490912899888327,-0.5357988059015034,Deteriorating,-0.490912899888327,-0.5127871608100535,A
02202,港股万科企业,2015-09-30,-11.86813186813187,14.32,-1.0874319194082054,0.25,0.7363098808809666,T2,0.7364356665286974,-0.10519742654945696,↓,↓,VP_DECLINE_SILENT,28.520284650420077,CBI_TURBULENT,COST_DISADVANTAGE,-0.5200140892820859,-0.5275686588451644,-0.5545481774454842,Deteriorating,-0.5275686588451644,-0.828780158389097,A
02202,港股万科企业,2015-10-31,20.448877805486298,10.790000000000001,-1.8644996363081334,0.08333333333333333,0.6486324015629696,T1,0.6475093427922176,-0.5423501811719353,↓,↓,VP_LOCKED_CANDIDATE,38.73803853721805,CBI_ACTIVE,COST_DISADVANTAGE,-0.47294179892928845,-0.4552822296606218,-0.4634582785689997,Improving,-0.4552822296606218,1.8951693980988227,A
02202,港股万科企业,2015-11-30,11.801242236024855,11.73,-1.2932864394615255,0.25,0.7609471294193967,T2,0.759840934088978,-0.27354104792379796,↓,↓,VP_LOCKED_CANDIDATE,31.924043419414186,CBI_ACTIVE,COST_DISADVANTAGE,-0.4351757700374399,-0.42740475718416515,-0.4001396903255896,Improving,-0.42740475718416515,1.0060735069074898,A
02202,港股万科企业,2015-12-31,33.14814814814815,28.41,2.016552899690825,1.0,1.6248212753788962,T5,1.6256979597640486,0.9838252904186282,↑↑,↑↑,VP_OVERHEAT,5.144959327035414,CBI_TURBULENT,COST_DISADVANTAGE,-0.3355443858451759,-0.32897170770542694,-0.28303526380073873,Deteriorating,-0.32897170770542694,1.1667774779355211,A
02202,港股万科企业,2016-01-31,-36.85674547983311,27.419999999999998,1.5666747450853362,0.8333333333333334,1.5122713484695283,T5,1.5126212468881945,1.5455980440255273,↑↑,↑↑,VP_PANIC,10.141676187104494,CBI_TURBULENT,COST_DISADVANTAGE,-0.4736605061727508,-0.5193594246901598,-0.5472851318018573,Deteriorating,-0.5193594246901598,-1.3441555608983629,A
02202,港股万科企业,2016-02-29,-0.8810572687224627,8.02,-1.8738274776670216,0.08333333333333333,0.4779024729367365,T1,0.47919653575335974,-0.3133322252948454,↓,↓,VP_SHRINK,33.904712296403986,CBI_ACTIVE,COST_DISADVANTAGE,-0.4807733070389837,-0.46526112026312894,-0.5512738090547045,Stable,-0.46526112026312894,-0.1098575148032996,A
02202,港股万科企业,2016-03-31,16.666666666666675,13.26,-0.7476621989593524,0.3333333333333333,0.7985546522131888,T2,0.7997581232730643,-0.5326236225467988,↓,↓,VP_LOCKED_CANDIDATE,24.671546947388862,CBI_TURBULENT,COST_DISADVANTAGE,-0.4461227598786536,-0.45217197494484007,-0.4362853597254467,Improving,-0.45217197494484007,1.2569130216189046,A
02202,港股万科企业,2016-04-30,4.0000000000000036,9.3,-1.2199829226353416,0.16666666666666666,0.568575504381496,T2,0.568211711358529,-0.660951254955119,↓,↓,VP_LOCKED_CANDIDATE,28.92786984898764,CBI_TURBULENT,COST_DISADVANTAGE,-0.439797554842388,-0.4388763838928431,-0.4137367741144645,Improving,-0.4388763838928431,0.43010752688172077,A
02202,港股万科企业,2016-05-31,-8.424908424908429,9.82,-0.951187659405535,0.25,0.6122830718071289,T2,0.6114869093882063,0.22008291876018626,↓,↓,VP_DECLINE_SILENT,25.220620355796818,CBI_TURBULENT,COST_DISADVANTAGE,-0.44114087672291147,-0.4498462642059753,-0.46312891402423495,Deteriorating,-0.4498462642059753,-0.8579336481576811,A
02202,港股万科企业,2016-06-30,-24.6,23.66,1.1327794968933242,0.8333333333333334,1.5518146042850898,T4,1.5513674538193558,0.7815178038315547,↑↑,↑↑,VP_PANIC,2.1030472574465318,CBI_TURBULENT,COST_DISADVANTAGE,-0.5575688950450324,-0.5530088554605578,-0.5747808772683953,Deteriorating,-0.5530088554605578,-1.0397295012679628,A
02202,港股万科企业,2016-07-31,31.034482758620708,42.68,3.832190729811524,1.0,2.3991006183249017,T5,2.398353787762486,3.590821979036238,↑↑,↑↑,VP_OVERHEAT,0.2715301429527601,CBI_TURBULENT,COST_DISADVANTAGE,-0.4159498508501164,-0.3923464552399376,-0.44281632193789733,Deteriorating,-0.3923464552399376,0.7271434573247588,A
02202,港股万科企业,2016-08-31,23.886639676113354,37.51,1.8498410769178255,0.9166666666666666,1.6520590178374808,T5,1.6527861740460674,2.8259362076749235,↑↑,↑↑,VP_OVERHEAT,0.1755926371665163,CBI_TURBULENT,COST_DISADVANTAGE,-0.3896002984438397,-0.3819777630793313,-0.30972386442508737,Deteriorating,-0.3819777630793313,0.6368072427649522,A
02202,港股万科企业,2016-09-30,1.6339869281045694,16.28,-0.33658461307919857,0.5833333333333334,0.7014721723518852,T3,0.7016999717718756,-0.3116233993487244,↓,↓,VP_LOCKED_CANDIDATE,17.067833513605994,CBI_TURBULENT,COST_DISADVANTAGE,-0.38614308902199945,-0.3770740839175303,-0.31890929666384404,Improving,-0.3770740839175303,0.10036774742657059,A
02202,港股万科企业,2016-10-31,1.6077170418006492,14.85,-0.5137664981523252,0.5,0.6153314917127071,T2,0.6165254851206269,-0.6512325667541765,↓,↓,VP_LOCKED_CANDIDATE,11.483338998931526,CBI_TURBULENT,COST_DISADVANTAGE,-0.3751764176937724,-0.3610954716651351,-0.30795928535618877,Improving,-0.3610954716651351,0.10826377385862958,A
02202,港股万科企业,2016-11-30,27.68987341772151,16.92,-0.36384361561082235,0.5833333333333334,0.6683344305464123,T3,0.6682838670545606,-0.5490432830757384,↓,↓,VP_LOCKED_CANDIDATE,12.672647970056484,CBI_TURBULENT,COST_DISADVANTAGE,-0.2952729776737564,-0.2623543913362135,-0.11633408747222207,Improving,-0.2623543913362135,1.6365173414729024,A
02202,港股万科企业,2016-12-31,-37.79429987608427,14.23,-0.5192467897044446,0.4166666666666667,0.5992840598020636,T2,0.5993646014403223,-0.12569879252222105,↓,↓,VP_DECLINE_SILENT,15.10137293971885,CBI_TURBULENT,COST_DISADVANTAGE,-0.43202581840378596,-0.5014999414268185,-0.5141481369449193,Deteriorating,-0.5014999414268185,-2.6559592323319934,A
02202,港股万科企业,2017-01-31,20.916334661354608,7.63,-1.0220558743524268,0.08333333333333333,0.4261776205548315,T2,0.4262909196824605,-0.4868107293321857,↓,↓,VP_LOCKED_CANDIDATE,30.090330048505773,CBI_ACTIVE,COST_DISADVANTAGE,-0.38336761805431796,-0.36467800762922686,-0.41252573530989245,Improving,-0.36467800762922686,2.741328264921967,A
02202,港股万科企业,2017-02-28,-2.471169686985175,8.620000000000001,-0.9250098710344276,0.16666666666666666,0.6586018082261557,T2,0.6568614682848888,-0.49176876698639893,↓,↓,VP_DECLINE_SILENT,30.091197572182974,CBI_ACTIVE,COST_DISADVANTAGE,-0.3915435438894239,-0.3990323702073485,-0.4270432212577534,Deteriorating,-0.3990323702073485,-0.28667861797971866,A
02202,港股万科企业,2017-03-31,12.668918918918926,13.83,-0.39968788314339093,0.4166666666666667,1.0906940063091484,T3,1.0912823897478316,-0.027489557731719128,→,→,VP_STABLE_ASCENT,30.243532905942974,CBI_ACTIVE,COST_DISADVANTAGE,-0.37824254256241396,-0.3872298807309691,-0.3493623270181295,Improving,-0.3872298807309691,0.9160461980418602,A
02202,港股万科企业,2017-04-30,-9.445277361319338,7.92,-0.9853220641676643,0.16666666666666666,0.6872017353579175,T2,0.6868490450307285,0.03669008260545392,↓,↓,VP_DECLINE_SILENT,27.682488493261523,CBI_TURBULENT,COST_DISADVANTAGE,-0.4023436646192087,-0.41629953290446253,-0.410816859848501,Deteriorating,-0.41629953290446253,-1.1925855254191082,A
02202,港股万科企业,2017-05-31,7.947019867549665,13.52,-0.4528356373287386,0.3333333333333333,1.233764258555133,T3,1.2337821911736342,0.572195053802137,↑,↑,VP_EXPANSION,27.081515240895122,CBI_TURBULENT,COST_DISADVANTAGE,-0.34943236603322825,-0.34625494463329776,-0.36399435864440843,Improving,-0.34625494463329776,0.5877973274814842,A
02202,港股万科企业,2017-06-30,10.73619631901841,20.61,0.2683914803853485,0.8333333333333334,1.7144045473450713,T3,2.0682433816499715,0.9575005265983829,↑↑,↑↑,VP_OVERHEAT,6.756001172113898,CBI_TURBULENT,COST_DISADVANTAGE,-0.3504767876410495,-0.32859296523993875,-0.3104114524956362,Deteriorating,-0.32859296523993875,0.5209217039795444,A
02202,港股万科企业,2017-07-31,12.880886426592797,31.25,1.974519240955177,0.9166666666666666,1.95822454308094,T5,1.8335553359789003,2.945918100857554,↑↑,↑↑,VP_OVERHEAT,0.3072930772797624,CBI_TURBULENT,COST_DISADVANTAGE,-0.2728509788704928,-0.29195146470103595,-0.22158633488080803,Deteriorating,-0.29195146470103595,0.4121883656509695,A
02202,港股万科企业,2017-08-31,2.4539877300613355,23.04,1.247453510026703,0.9166666666666666,1.2547880548243624,T4,1.185201871110844,0.7044079866655208,↑,↑,VP_EXPANSION,3.512473266291066,CBI_TURBULENT,COST_DISADVANTAGE,-0.27462003254682965,-0.2664528652899125,-0.20248415904966233,Stable,-0.2664528652899125,0.10650988411724548,A
02202,港股万科企业,2017-09-30,13.473053892215558,28.93,1.9502138542130312,0.9166666666666666,1.3856470024746548,T5,1.317559930121567,0.06758768541242222,↑,↑,VP_EXPANSION,3.263451404399219,CBI_TURBULENT,COST_DISADVANTAGE,-0.2556000388344467,-0.28168047221545156,-0.2142999458483258,Stable,-0.28168047221545156,0.46571219814087655,A
02202,港股万科企业,2017-10-31,10.817941952506605,11.25,-0.7335779533963758,0.3333333333333333,0.5248833592534993,T2,0.5000737438635301,-0.6395483683049507,↓,↓,VP_LOCKED_CANDIDATE,26.325318841176546,CBI_TURBULENT,COST_DISADVANTAGE,-0.24039555267977653,-0.23075276929859678,-0.12930337006938475,Improving,-0.23075276929859678,0.9615948402228093,A
02202,港股万科企业,2017-11-30,3.3333333333333215,15.5,-0.11816074840991783,0.6666666666666666,0.7122070761219177,T3,0.678341590264832,-0.32754442939692463,↓,↓,VP_LOCKED_CANDIDATE,27.522913657088715,CBI_TURBULENT,COST_DISADVANTAGE,-0.25418581415529673,-0.2398223871989119,-0.10028014907169758,Improving,-0.2398223871989119,0.21505376344085944,A
02202,港股万科企业,2017-12-31,12.67281105990783,13.5,-0.3854885221020851,0.4166666666666667,0.6560298048108852,T3,0.655774991198736,-0.5335860108943102,↓,↓,VP_LOCKED_CANDIDATE,21.597209339930906,CBI_TURBULENT,COST_DISADVANTAGE,-0.2119704891724099,-0.15191698262468833,-0.13580999526781812,Improving,-0.15191698262468833,0.9387267451783577,A
02202,港股万科企业,2018-01-31,29.03885480572599,23.21,0.8172613084203536,0.8333333333333334,1.2064454647838518,T4,1.2063509992141987,1.0613226886921066,↑,↑,VP_EXPANSION,9.529244043648312,CBI_TURBULENT,COST_NEUTRAL,-0.23126554482931017,-0.18430858310633702,0.11514088545195666,Stable,-0.18430858310633702,1.2511354935685475,A
02202,港股万科企业,2018-02-28,-9.984152139461177,13.6,-0.6726006028178343,0.4166666666666667,0.7698839513161617,T2,0.769967393261107,-0.12227200439161834,↓,↓,VP_DECLINE_SILENT,23.16205398514843,CBI_TURBULENT,COST_NEUTRAL,-0.22145063479698612,-0.21911501665729471,0.0038035228790986864,Deteriorating,-0.21911501665729471,-0.73412883378391,A
02202,港股万科企业,2018-03-31,2.2887323943661997,13.29,-0.7116267242766579,0.25,0.88256779192031,T2,0.8814825992315701,-0.01652404107558869,↓,↓,VP_LOCKED_CANDIDATE,37.34693663427279,CBI_ACTIVE,COST_DISADVANTAGE,-0.15503763818579896,-0.1495451642679062,-0.21174602179720836,Improving,-0.1495451642679062,0.17221462711559066,A
02202,港股万科企业,2018-04-30,-10.671256454388988,11.24,-1.1574303314322512,0.08333333333333333,0.7465131724595971,T2,0.7479160206112019,-0.5148388031225879,↓,↓,VP_DECLINE_SILENT,37.904517109499984,CBI_ACTIVE,COST_DISADVANTAGE,-0.19547039611957973,-0.22641763015136018,-0.29586262532315166,Deteriorating,-0.22641763015136018,-0.9494000404260665,A
02202,港股万科企业,2018-05-31,-17.919075144508668,13.39,-0.7771052180139616,0.3333333333333333,0.9105746344780687,T2,0.9090372711273589,-0.017577570958475452,→,→,VP_NEUTRAL,36.32242108222652,CBI_ACTIVE,COST_DISADVANTAGE,-0.2883769919213085,-0.28693071985922136,-0.4220375306120667,Stable,-0.28693071985922136,-1.3382431026518795,A
02202,港股万科企业,2018-06-30,-2.8169014084507116,14.8,-0.46444922477071743,0.5833333333333334,0.9918463084999442,T3,0.9906875279511207,0.11327864933322407,→,→,VP_NEUTRAL,24.35232821480474,CBI_TURBULENT,COST_DISADVANTAGE,-0.23927993454336138,-0.305619338825335,-0.3300645384754458,Stable,-0.305619338825335,-0.1903311762466697,A
02202,港股万科企业,2018-07-31,-6.473429951690823,12.45,-0.7338531957563748,0.25,0.9483305827091533,T2,0.9492384846632146,0.10608504666969631,→,→,VP_NEUTRAL,37.67989910608207,CBI_ACTIVE,COST_DISADVANTAGE,-0.2412453876182622,-0.23884921808165027,-0.37343234129877445,Stable,-0.23884921808165027,-0.5199542129872148,A
02202,港股万科企业,2018-08-31,11.105371900826455,18.83,0.6233397594540552,0.8333333333333334,1.345,T4,1.346504471368337,0.4101629914015985,↑,↑,VP_EXPANSION,11.884211573315673,CBI_TURBULENT,COST_DISADVANTAGE,-0.19496452386826102,-0.12980102253604164,-0.3038496725897023,Stable,-0.12980102253604164,0.5897701487427751,A
02202,港股万科企业,2018-09-30,-6.043700604370061,10.88,-1.114240743343526,0.08333333333333333,0.8000980512317686,T2,0.7992082789268956,-0.26468257866374,↓,↓,VP_DECLINE_SILENT,39.73013691315418,CBI_ACTIVE,COST_DISADVANTAGE,-0.24123489088514327,-0.22574804894768585,-0.20077005203108622,Deteriorating,-0.22574804894768585,-0.55548718790166,A
02202,港股万科企业,2018-10-31,-8.659079663532909,15.44,0.24383406723139117,0.75,1.0798461359132767,T3,1.078811478505188,0.2373431615715158,→,→,VP_NEUTRAL,14.755216294303393,CBI_TURBULENT,COST_DISADVANTAGE,-0.22085417577861033,-0.21410622944234425,-0.26997600992052706,Stable,-0.21410622944234425,-0.560821221731406,A
02202,港股万科企业,2018-11-30,14.897074756229678,14.63,0.007997801013663533,0.6666666666666666,1.008617718028266,T3,1.0082534724175947,-0.22450938840284662,→,→,VP_STABLE_ASCENT,16.485860368536063,CBI_TURBULENT,COST_DISADVANTAGE,-0.212930080954438,-0.20054425210857074,-0.16122379037997714,Improving,-0.20054425210857074,1.018255280671885,A
02202,港股万科企业,2018-12-31,-1.4144271570014189,9.82,-1.4401873508056293,0.08333333333333333,0.7180987202925047,T2,0.7175728159299815,-0.09738490139103595,↓,↓,VP_SHRINK,39.51365343781753,CBI_ACTIVE,COST_DISADVANTAGE,-0.19727939681807072,-0.229484477122889,-0.18010480649928196,Stable,-0.229484477122889,-0.14403535203680437,A
02202,港股万科企业,2019-01-31,23.912003825920603,11.89,-0.6741470570586944,0.3333333333333333,0.8754448398576514,T2,0.8746837068131411,-0.22994638273822499,↓,↓,VP_LOCKED_CANDIDATE,50.26323858938657,CBI_STABLE,COST_NEUTRAL,-0.09722887238127265,-0.09229038626196295,0.015948563539148974,Improving,-0.09229038626196295,2.011102087966409,A
02202,港股万科企业,2019-02-28,-6.947124662292559,11.56,-0.7343786341719355,0.3333333333333333,0.9345189975747777,T2,0.9366740016818792,-0.20801978902926077,→,→,VP_NEUTRAL,46.56592007229229,CBI_ACTIVE,COST_DISADVANTAGE,-0.18959637365576443,-0.20064530413009163,-0.05463064967468623,Stable,-0.20064530413009163,-0.6009623410287681,A
02202,港股万科企业,2019-03-31,13.27250103691413,15.6,0.982655306191153,0.9166666666666666,1.1857106663288575,T4,1.1872846064115725,0.5917596926699786,↑,↑,VP_EXPANSION,26.041152557436178,CBI_TURBULENT,COST_DISADVANTAGE,-0.13691225288282083,-0.1303394849002384,-0.0946886578187518,Stable,-0.1303394849002384,0.8508013485201366,A
02202,港股万科企业,2019-04-30,-9.703405346027093,12.45,-0.4533006118876136,0.5,0.9835418038183015,T3,1.0847006027401545,0.1802296938989265,→,→,VP_NEUTRAL,34.758970148350116,CBI_ACTIVE,COST_DISADVANTAGE,-0.19648698755943295,-0.2564189569526689,-0.18253468699415665,Stable,-0.2564189569526689,-0.7793899876326983,A
02202,港股万科企业,2019-05-31,-10.543390105433904,9.15,-1.7375194163580885,0.08333333333333333,0.7790549169859515,T1,0.8925040119544937,-0.050865364428955284,↓,↓,VP_DECLINE_SILENT,45.069799130288644,CBI_ACTIVE,COST_DISADVANTAGE,-0.2095596414712101,-0.22895630388153,-0.268723243920969,Deteriorating,-0.22895630388153,-1.1522830716321206,A
02202,港股万科企业,2019-06-30,7.026291931097006,11.4,-0.5736144268136097,0.3333333333333333,0.9493407356002777,T2,1.0567918542318036,-0.12286741206769325,→,→,VP_STABLE_ASCENT,29.48688609584113,CBI_TURBULENT,COST_DISADVANTAGE,-0.1870224539530182,-0.18297683688531707,-0.22235336948624107,Improving,-0.18297683688531707,0.6163413974646497,A
02202,港股万科企业,2019-07-31,6.522659889877169,10.49,-0.8598504874474796,0.25,0.8908704883227176,T2,0.9621168833178388,-0.10193377609142151,→,↓,VP_NEUTRAL,34.811931200344766,CBI_ACTIVE,COST_DISADVANTAGE,-0.18045262787263705,-0.1842073231979684,-0.17163012463273886,Stable,-0.1842073231979684,0.621797892266651,A
02202,港股万科企业,2019-08-31,-10.139165009940342,9.37,-1.3061044868795102,0.16666666666666666,0.8212094653812446,T2,0.8629944066835307,0.022669790902848375,↓,↓,VP_DECLINE_SILENT,46.59048787776417,CBI_ACTIVE,COST_DISADVANTAGE,-0.17055968683251976,-0.18173371452863496,-0.25561991318886257,Deteriorating,-0.18173371452863496,-1.0820880480192467,A
02202,港股万科企业,2019-09-30,0.8849557522123908,5.32,-2.9916020889765256,0.08333333333333333,0.5486421450670333,T1,0.5591084798296758,-0.5309380446524223,↓,↓,VP_SHRINK,48.03391111960444,CBI_ACTIVE,COST_DISADVANTAGE,-0.16580987980241146,-0.17969976195268889,-0.2135733420200061,Stable,-0.17969976195268889,0.1663450662053366,A
02202,港股万科企业,2019-10-31,5.921052631578938,5.12,-2.2362707305879663,0.08333333333333333,0.6041297935103245,T1,0.6031776351390984,-0.5121022159565791,↓,↓,VP_LOCKED_CANDIDATE,49.20935521454989,CBI_ACTIVE,COST_DISADVANTAGE,-0.16288679678684748,-0.15246956043290305,-0.1670086056922434,Improving,-0.15246956043290305,1.1564555921052613,A
02202,港股万科企业,2019-11-30,2.69151138716357,6.65,-1.2265244112114904,0.25,0.8252326783867632,T2,0.8246908570505456,-0.28986585222183436,↓,↓,VP_LOCKED_CANDIDATE,41.87832635749795,CBI_ACTIVE,COST_DISADVANTAGE,-0.17113104437224258,-0.1445706250745129,-0.14458854746035754,Improving,-0.1445706250745129,0.4047385544606872,A
02202,港股万科企业,2019-12-31,15.927419354838701,6.76,-1.0264449416993593,0.3333333333333333,0.9279341111873712,T2,0.9286513414387885,0.26457374035146386,→,→,VP_STABLE_ASCENT,40.32804907865381,CBI_ACTIVE,COST_DISADVANTAGE,-0.12505842025806402,-0.08176347915026694,-0.032020776652557315,Improving,-0.08176347915026694,2.3561271234968495,A
02202,港股万科企业,2020-01-31,-19.65217391304347,7.47,-0.6321131568568327,0.4166666666666667,1.101499139837798,T2,1.098251278564888,0.4563629053759044,→,↑,VP_NEUTRAL,37.23634068766248,CBI_ACTIVE,COST_DISADVANTAGE,-0.1774632382330883,-0.26103964460239437,-0.2222497370669243,Stable,-0.26103964460239437,-2.6308131075024725,A
02202,港股万科企业,2020-02-29,10.389610389610393,8.99,-0.02618474636648547,0.5,1.3381294964028776,T3,1.3386570867034837,0.35339733388258887,↑,↑,VP_EXPANSION,35.37635094145402,CBI_ACTIVE,COST_DISADVANTAGE,-0.15497286217313166,-0.14844376955938943,-0.14144451494400734,Improving,-0.14844376955938943,1.155685249122402,A
02202,港股万科企业,2020-03-31,-17.450980392156858,15.7,3.1370157323395884,1.0,1.8583547050700338,T5,1.8573566355744662,1.3171064211362906,↑↑,↑↑,VP_PANIC,16.09223985507209,CBI_TURBULENT,COST_DISADVANTAGE,-0.15004623442708742,-0.21568070799090466,-0.2674102123515153,Deteriorating,-0.21568070799090466,-1.1115274135131756,A
02202,港股万科企业,2020-04-30,1.187648456057011,10.04,0.43622808154584947,0.75,1.0832584067613737,T3,1.0829435194136061,0.3466795843402295,→,→,VP_NEUTRAL,22.094338056991187,CBI_TURBULENT,COST_DISADVANTAGE,-0.13527564503730416,-0.1620432868897589,-0.25870962104927675,Stable,-0.1620432868897589,0.11829167889014056,A
02202,港股万科企业,2020-05-31,-3.0516431924882736,9.69,0.28660882941145305,0.6666666666666666,0.9913043478260869,T3,0.991771412553397,0.07681548386958648,→,→,VP_NEUTRAL,30.224497616299445,CBI_ACTIVE,COST_DISADVANTAGE,-0.17540642293754172,-0.1686587499835086,-0.28133115843509704,Stable,-0.1686587499835086,-0.3149270580483255,A
02202,港股万科企业,2020-06-30,-3.147699757869238,17.05,2.9349170389994717,1.0,1.483899042645779,T5,1.5709800801596734,0.17272180790240443,↑↑,↑,VP_NEUTRAL,18.058320761351805,CBI_TURBULENT,COST_DISADVANTAGE,-0.1899679136826813,-0.21718580251535868,-0.21055621640825306,Stable,-0.21718580251535868,-0.18461582157590836,A
02202,港股万科企业,2020-07-31,5.099999999999993,14.540000000000001,1.4132549903586822,0.8333333333333334,1.147743717931851,T4,1.305996756236122,0.7416196194393068,↑,↑,VP_EXPANSION,30.39084365196522,CBI_ACTIVE,COST_DISADVANTAGE,-0.14785156780631237,-0.21309151336823906,-0.17029458344507398,Stable,-0.21309151336823906,0.3507565337001371,A
02202,港股万科企业,2020-08-31,-1.4272121788772685,7.2,-0.6373087248592609,0.4166666666666667,0.5820533548908651,T2,0.6502031381909171,-0.10608825540332201,↓,↓,VP_SHRINK,29.76888593714788,CBI_TURBULENT,COST_DISADVANTAGE,-0.17530786967439171,-0.17790822836127118,-0.18213624019895014,Stable,-0.17790822836127118,-0.19822391373295395,A
02202,港股万科企业,2020-09-30,-2.1718146718146647,10.290000000000001,0.09380829577201133,0.75,0.8972533062054935,T3,0.9663126852911825,-0.32942080165320387,→,↓,VP_NEUTRAL,20.086620956122612,CBI_TURBULENT,COST_DISADVANTAGE,-0.159073492541546,-0.16856607727356876,-0.20896483574875147,Stable,-0.16856607727356876,-0.21106070668752813,A
02202,港股万科企业,2020-10-31,1.7266896891958705,7.14,-0.9191397706731507,0.25,0.649977241693218,T2,0.6842200424764823,-0.5097246176416312,↓,↓,VP_LOCKED_CANDIDATE,45.07702726926746,CBI_ACTIVE,COST_DISADVANTAGE,-0.13876641922924426,-0.14227072963446907,-0.1953061131297117,Improving,-0.14227072963446907,0.24183328980334323,A
02202,港股万科企业,2020-11-30,26.43064985451018,11.67,0.3506259093498802,0.75,1.031374281926646,T3,1.0585802025896707,0.6180964295450528,→,→,VP_STABLE_ASCENT,29.232164627358557,CBI_TURBULENT,COST_NEUTRAL,-0.09516947260218944,-0.06140370408917972,0.017379710509622504,Improving,-0.06140370408917972,2.2648371769074704,A
02202,港股万科企业,2020-12-31,-10.356731875719216,12.14,0.37791346498627426,0.75,1.156557637345189,T3,1.1553704098080855,0.1804542054509426,↑,↑,VP_SELLING_ACTIVE,26.37106057866516,CBI_TURBULENT,COST_DISADVANTAGE,-0.08832243481407953,-0.1301158123152676,-0.12001824215157697,Deteriorating,-0.1301158123152676,-0.8531080622503473,A
02202,港股万科企业,2021-01-31,4.7068891741548935,14.25,0.9353354446252371,0.75,1.3638538841920562,T4,1.3647538380368147,0.9982820196148623,↑,↑,VP_EXPANSION,51.46872129907115,CBI_STABLE,COST_DISADVANTAGE,-0.15646158756879902,-0.15319222062790316,-0.07859847605687154,Stable,-0.15319222062790316,0.33030801222139605,A
02202,港股万科企业,2021-02-28,20.637515324887623,9.76,-0.6451036165068295,0.3333333333333333,0.8974712643678161,T2,0.8989614553694585,-0.16269563193406988,↓,↓,VP_LOCKED_CANDIDATE,61.870521053035326,CBI_STABLE,COST_NEUTRAL,-0.09160685125395751,-0.03968747712342202,0.11155590465063958,Improving,-0.03968747712342202,2.1144995209925845,A
02202,港股万科企业,2021-03-31,-8.299457994579939,10.32,-0.31746800029250627,0.5833333333333334,0.9485294117647058,T3,0.9490893985906607,-0.14827215589643605,→,→,VP_NEUTRAL,55.06034225419069,CBI_STABLE,COST_DISADVANTAGE,-0.13981661992576244,-0.14778005705197228,-0.10609984670571859,Stable,-0.14778005705197228,-0.8042110459864281,A
02202,港股万科企业,2021-04-30,-12.005910602142588,11.65,0.12739608801849053,0.5833333333333334,1.0015761570425563,T3,0.9990501807151764,-0.1850418752654347,→,→,VP_NEUTRAL,48.286744760546114,CBI_ACTIVE,COST_DISADVANTAGE,-0.09593653145475733,-0.13286061053474085,-0.21342069998264557,Stable,-0.13286061053474085,-1.0305502662783337,A
02202,港股万科企业,2021-05-31,-1.4693534844668399,7.14,-1.4968551694486092,0.16666666666666666,0.656451118602513,T2,0.6547241230202875,-0.27187606180891366,↓,↓,VP_SHRINK,62.85819899241442,CBI_STABLE,COST_DISADVANTAGE,-0.11623292148554043,-0.1156187519778743,-0.22497833033554548,Stable,-0.1156187519778743,-0.20579180454717647,A
02202,港股万科企业,2021-06-30,-10.86493395824456,7.49,-1.2163395985976526,0.3333333333333333,0.7414618049826761,T2,0.7416750989798213,-0.274909912630247,↓,↓,VP_DECLINE_SILENT,62.12109134184143,CBI_STABLE,COST_DISADVANTAGE,-0.1550880881964578,-0.17042320699531455,-0.2127583921096654,Deteriorating,-0.17042320699531455,-1.450591983744267,A
02202,港股万科企业,2021-07-31,-12.189292543021036,9.32,-0.2567280517403538,0.4166666666666667,1.0043103448275863,T3,1.0049722556491194,-0.19777119229266438,→,→,VP_NEUTRAL,55.13299906083226,CBI_STABLE,COST_DISADVANTAGE,-0.08945841474683958,-0.1666073926899051,-0.30871757471580086,Stable,-0.1666073926899051,-1.3078640067619136,A
02202,港股万科企业,2021-08-31,4.082743603701688,10.85,0.3440306535403379,0.6666666666666666,1.1467324290998768,T3,1.1490418127058866,0.5267741433390931,↑,↑,VP_EXPANSION,46.75428962501829,CBI_ACTIVE,COST_DISADVANTAGE,-0.15064990206102669,-0.14554916505139814,-0.28049428571399626,Improving,-0.14554916505139814,0.37628973306006347,A
02202,港股万科企业,2021-09-30,1.5690376569037712,9.74,-0.19212896589919212,0.4166666666666667,1.040042712226375,T3,1.0440067210788637,0.305500173773289,→,→,VP_STABLE_ASCENT,51.07243314437612,CBI_STABLE,COST_DISADVANTAGE,0.005969682809189747,-0.029826439369871838,-0.0968650036715748,Improving,-0.029826439369871838,0.16109216189977116,A
02202,港股万科企业,2021-10-31,-15.859938208032965,6.4399999999999995,-2.0151677497777785,0.08333333333333333,0.7579442918791683,T1,0.7622331585731398,-0.30413122594236186,↓,↓,VP_DECLINE_SILENT,62.3370054087154,CBI_STABLE,COST_DISADVANTAGE,-0.16465852041155016,-0.2068429512837655,-0.24010165602438382,Deteriorating,-0.2068429512837655,-2.462723324228721,A
02202,港股万科企业,2021-11-30,-3.427172582619342,12.05,0.9634437824308364,0.8333333333333334,1.293612453032743,T4,1.2945184475458598,0.11244684509227643,↑,↑,VP_SELLING_ACTIVE,31.06360476961583,CBI_ACTIVE,COST_DISADVANTAGE,-0.16409525415726778,-0.1492151165985608,-0.2661446837248945,Deteriorating,-0.1492151165985608,-0.2844126624580367,A
02202,港股万科企业,2021-12-31,3.041825095057038,6.890000000000001,-1.3698460102807326,0.16666666666666666,0.747693977211069,T2,0.7504525003004145,-0.2902876087747529,↓,↓,VP_LOCKED_CANDIDATE,38.24297670058837,CBI_ACTIVE,COST_DISADVANTAGE,-0.10359534297779216,-0.12750899907337587,-0.14841470017021707,Improving,-0.12750899907337587,0.4414840486294685,A
02202,港股万科企业,2022-01-31,12.054120541205403,11.53,1.2184465941752576,0.8333333333333334,1.2031304347826086,T4,1.203492626855717,0.7855078681945504,↑,↑,VP_EXPANSION,18.077114835692104,CBI_TURBULENT,COST_DISADVANTAGE,-0.11356680162728738,-0.10805695779887337,-0.045763581617549676,Stable,-0.10805695779887337,1.0454571154558026,A
02202,港股万科企业,2022-02-28,-8.671789242590556,7.96,-0.7249557220690515,0.4166666666666667,0.8745650979674052,T2,0.87401454985385,-0.3388668220711599,↓,↓,VP_DECLINE_SILENT,27.088309808331037,CBI_TURBULENT,COST_DISADVANTAGE,-0.16575122889971916,-0.1743446920628775,-0.12851295269572038,Deteriorating,-0.1743446920628775,-1.0894207591194165,A
02202,港股万科企业,2022-03-31,-4.687500000000011,16.93,3.860865030247915,1.0,1.6436893203883496,T5,1.6417845335424905,1.447724639439643,↑↑,↑↑,VP_PANIC,12.97111536008947,CBI_TURBULENT,COST_DISADVANTAGE,-0.0759906459722619,-0.04849584892501013,-0.1482778009892589,Deteriorating,-0.04849584892501013,-0.27687536916715955,A
02202,港股万科企业,2022-04-30,5.674653215636827,11.75,0.7065167695295718,0.8333333333333334,1.0505140813589628,T4,1.0512069234535077,0.019509526941058786,→,→,VP_STABLE_ASCENT,17.049444301205217,CBI_TURBULENT,COST_DISADVANTAGE,-0.07194879960641254,-0.14867426833925546,-0.09994551983480315,Stable,-0.14867426833925546,0.4829492098414321,A
02202,港股万科企业,2022-05-31,-7.637231503579955,7.34,-0.951669455037354,0.25,0.7057692307692307,T2,0.7058835312768048,-0.0773381104764096,↓,↓,VP_DECLINE_SILENT,45.29410216348086,CBI_ACTIVE,COST_DISADVANTAGE,-0.12525060070789984,-0.13214036689453668,-0.16868476414336242,Deteriorating,-0.13214036689453668,-1.0404947552561248,A
02202,港股万科企业,2022-06-30,15.245478036175708,8.87,-0.41496232992210197,0.4166666666666667,0.8266542404473439,T3,0.8274379865379614,-0.4750324600265695,↓,↓,VP_LOCKED_CANDIDATE,52.08924254242881,CBI_STABLE,COST_NEUTRAL,-0.004663748743506058,0.00602789352671218,-0.0399009126321469,Improving,0.00602789352671218,1.718768662477532,A
02202,港股万科企业,2022-07-31,-20.403587443946194,12.16,0.7308615231369369,0.9166666666666666,1.1222888786340564,T4,1.120848283913124,0.03261311567631697,↑,↑,VP_SELLING_ACTIVE,23.04170841015241,CBI_TURBULENT,COST_DISADVANTAGE,-0.07599845584316534,-0.14407542366946047,-0.23579556947177616,Deteriorating,-0.14407542366946047,-1.677926599008733,A
02202,港股万科企业,2022-08-31,2.9577464788732355,10.03,-0.0407220123509716,0.5833333333333334,0.8971377459749552,T3,0.8967518393793932,0.3648651982412159,↓,↓,VP_LOCKED_CANDIDATE,27.588665636646326,CBI_TURBULENT,COST_NEUTRAL,-0.0008125305947439543,0.015232489437305263,-0.21319233983643426,Improving,0.015232489437305263,0.29488997795346317,A
02202,港股万科企业,2022-09-30,-7.250341997264009,10.19,0.004290109745588272,0.5833333333333334,1.0132582035134239,T3,1.0157185993799747,0.15084594456624378,→,→,VP_NEUTRAL,25.55701087939528,CBI_TURBULENT,COST_DISADVANTAGE,-0.07183999978971034,-0.13253924463509892,-0.13133301088189842,Stable,-0.13253924463509892,-0.711515406993524,A
02202,港股万科企业,2022-10-31,-31.12094395280236,9.7,-0.3004634718225474,0.4166666666666667,0.9984559958826557,T3,0.9994058491174849,-0.19992838077927022,→,→,VP_NEUTRAL,31.999636686419848,CBI_ACTIVE,COST_DISADVANTAGE,-0.21778468296018993,-0.26386546523516785,-0.40167037770183855,Stable,-0.26386546523516785,-3.2083447374023053,A
02202,港股万科企业,2022-11-30,64.02569593147751,27.37,6.352429528728982,1.0,2.096782431052094,T5,2.099420210520106,1.737547273154489,↑↑,↑↑,VP_OVERHEAT,7.012352936794851,CBI_TURBULENT,COST_NEUTRAL,0.11873882910666134,0.15051863093144258,-0.0185856730612598,Deteriorating,0.15051863093144258,2.3392654706422182,A
02202,港股万科企业,2022-12-31,-1.6971279373368175,15.46,0.6098685368463079,0.8333333333333334,1.0924508302908964,T4,1.0934026580626568,0.5163551520264382,→,→,VP_NEUTRAL,13.556297919444075,CBI_TURBULENT,COST_NEUTRAL,-0.033648362558192035,-0.07617188729813784,0.06969765928284422,Stable,-0.07617188729813784,-0.1097754163865988,A
02202,港股万科企业,2023-01-31,0.26560424966799445,10.120000000000001,-0.4389307750759903,0.5,0.732713889224086,T3,0.7331398811951044,0.04444311003948398,↓,↓,VP_SHRINK,22.172829631632265,CBI_TURBULENT,COST_NEUTRAL,-0.11332702931333993,-0.08141778762672502,0.07253882172449844,Stable,-0.08141778762672502,0.026245479216204983,A
02202,港股万科企业,2023-02-28,-14.172185430463568,9.32,-0.635973215948852,0.25,0.6806231742940604,T2,0.6802804089754072,-0.6597097856744991,↓,↓,VP_DECLINE_SILENT,33.98527043206087,CBI_ACTIVE,COST_DISADVANTAGE,-0.10350925678246148,-0.1266351097355639,-0.07946336890400651,Deteriorating,-0.1266351097355639,-1.5206207543415844,A
02202,港股万科企业,2023-03-31,-10.185185185185187,24.07,2.2945249148743443,0.9166666666666666,1.5037484381507704,T5,1.5883224133845761,0.6758951921011247,↑↑,↑↑,VP_PANIC,12.263879820449366,CBI_TURBULENT,COST_DISADVANTAGE,-0.07357629051196501,-0.09978640781710524,-0.17478997881836744,Deteriorating,-0.09978640781710524,-0.42314853282863263,A
02202,港股万科企业,2023-04-30,-1.3745704467354014,13.58,0.06873936149101015,0.75,0.8154523618895116,T3,0.9074015882028986,0.5521729612388737,→,↓,VP_NEUTRAL,17.079728728219425,CBI_TURBULENT,COST_DISADVANTAGE,-0.04804696398233543,-0.08284465775974892,-0.18613307189302908,Stable,-0.08284465775974892,-0.1012202096270546,A
02202,港股万科企业,2023-05-31,-16.376306620209068,13.01,-0.11742677453593564,0.6666666666666666,0.9123422159887798,T3,0.9860746185349789,0.6154976061177442,→,→,VP_NEUTRAL,22.928336019807844,CBI_TURBULENT,COST_DISADVANTAGE,-0.10591818643744144,-0.14532902559829475,-0.31941441552030314,Stable,-0.14532902559829475,-1.2587476264572688,A
02202,港股万科企业,2023-06-30,1.8750000000000044,11.94,-0.36979264522650007,0.5,0.8732325694783032,T3,0.9211528320976895,-0.4672232447129112,→,↓,VP_NEUTRAL,28.448930532303706,CBI_TURBULENT,COST_DISADVANTAGE,-0.06056760096473801,-0.09116424616404228,-0.1524607311451942,Stable,-0.09116424616404228,0.15703517587939736,A
02202,港股万科企业,2023-07-31,12.269938650306766,15.72,0.2829027960293084,0.8333333333333334,1.0762209036969421,T3,1.1142265296313292,0.15810164750776923,↑,→,VP_NEUTRAL,16.9264293348769,CBI_TURBULENT,COST_NEUTRAL,0.06013543730941118,0.06873715808418779,-0.04846818281945098,Stable,0.06873715808418779,0.7805304484927968,A
02202,港股万科企业,2023-08-31,-16.666666666666664,21.21,1.162527062284356,0.8333333333333334,1.2786094644830703,T4,1.3004099176887172,0.6304067783504141,↑,↑,VP_SELLING_ACTIVE,15.368632900025862,CBI_TURBULENT,COST_DISADVANTAGE,-0.0029464089685897754,-0.05798449759126312,-0.2070568190162092,Deteriorating,-0.05798449759126312,-0.7857928650007856,A
02202,港股万科企业,2023-09-30,-5.573770491803276,16.28,0.11877638011911455,0.75,1.064748201438849,T3,1.0656732720695863,0.36583112514410865,→,→,VP_NEUTRAL,10.209515491552915,CBI_TURBULENT,COST_DISADVANTAGE,0.008281071545448215,-0.0644089022735973,-0.11224283257518286,Stable,-0.0644089022735973,-0.34236919482821104,A
02202,港股万科企业,2023-10-31,-15.277777777777779,16.53,0.062046165095231844,0.75,1.0474178899567008,T3,1.0474389888235802,0.051155019539207425,→,→,VP_NEUTRAL,9.999355482750278,CBI_TURBULENT,COST_DISADVANTAGE,-0.0344122254677508,-0.0692512899942741,-0.24787239982064102,Stable,-0.0692512899942741,-0.9242454795993815,A
02202,港股万科企业,2023-11-30,7.786885245901631,28.35,3.110439446440656,1.0,1.5459420158138688,T5,1.5458903551759247,0.33698840472673,↑↑,↑↑,VP_OVERHEAT,8.468409473749182,CBI_TURBULENT,COST_DISADVANTAGE,-0.06357721237400848,-0.025527082534100298,-0.18930508669192048,Deteriorating,-0.025527082534100298,0.27466967357677713,A
02202,港股万科企业,2023-12-31,-8.491761723700886,16.88,0.08892004256053401,0.75,0.8809254588153431,T3,0.8818009877392214,0.037334295767107006,↓,↓,VP_DECLINE_SILENT,14.705159911883255,CBI_TURBULENT,COST_NEUTRAL,0.03436877375485481,0.0037624085820615605,-0.07285605666381023,Deteriorating,0.0037624085820615605,-0.5030664528258819,A
02202,港股万科企业,2024-01-31,-15.096952908587259,19.87,0.5415285717797692,0.75,1.000839489590329,T4,0.9999644521518494,0.2011494802411984,→,→,VP_NEUTRAL,18.713571919991168,CBI_TURBULENT,COST_DISADVANTAGE,-0.0011786851321680114,-0.03035674366778618,-0.21282654118409372,Stable,-0.03035674366778618,-0.7597862560939738,A
02202,港股万科企业,2024-02-29,-1.1419249592169667,21.99,0.846829058348645,0.8333333333333334,1.100417014178482,T4,1.1001173641187167,-0.22442839808233872,↑,↑,VP_DIVERGENCE_HIGH,14.871794908867827,CBI_TURBULENT,COST_DISADVANTAGE,-0.03902788349077135,-0.02652937611994932,-0.22181547138264412,Deteriorating,-0.02652937611994932,-0.05192928418449144,A
02202,港股万科企业,2024-03-31,-10.561056105610556,45.25,6.025709028923251,1.0,1.8237388325384563,T5,1.8236282349231105,1.6770784309849969,↑↑,↑↑,VP_PANIC,8.303692278261371,CBI_TURBULENT,COST_DISADVANTAGE,-0.0129493172217231,-0.055254920032349775,-0.09570050473288017,Deteriorating,-0.055254920032349775,-0.23339350509636586,A
02202,港股万科企业,2024-04-30,-14.575645756457567,81.95,6.8704431349631445,1.0,2.2945541089178216,T5,2.2949943888383313,3.1287504544146296,↑↑,↑↑,VP_PANIC,7.281874632130687,CBI_TURBULENT,COST_NEUTRAL,0.17445160602520438,0.08272210941311209,-0.22750799574044933,Deteriorating,0.08272210941311209,-0.17786022887684644,A
02202,港股万科企业,2024-05-31,15.982721382289423,135.73,5.606224935336775,1.0,2.53172505984394,T5,2.5317467686844157,5.174165710578182,↑↑,↑↑,VP_OVERHEAT,4.111427667056804,CBI_TURBULENT,COST_DISADVANTAGE,-0.07238469322508412,-0.09880262810015594,-0.10404275099918192,Deteriorating,-0.09880262810015594,0.11775378606269377,A
02202,港股万科企业,2024-06-30,-13.407821229050276,42.1,0.1090085021937067,0.75,0.7281847271469343,T3,0.7280264439429938,-0.06970813157082856,↓,↓,VP_DECLINE_SILENT,9.742484830968431,CBI_TURBULENT,COST_DISADVANTAGE,-0.04222489627584103,-0.12122508754947336,-0.1259062734796509,Deteriorating,-0.12122508754947336,-0.3184755636353985,A
02202,港股万科企业,2024-07-31,-7.741935483870977,32.87,-0.21691138139024227,0.6666666666666666,0.5480007780155047,T3,0.5477833212781499,-0.5991600427726163,↓,↓,VP_DECLINE_SILENT,16.150647218287872,CBI_TURBULENT,COST_DISADVANTAGE,-0.004105993689821785,-0.054891112612570736,-0.19357804585541993,Deteriorating,-0.054891112612570736,-0.23553195874265218,A
02202,港股万科企业,2024-08-31,-4.195804195804187,34.13,-0.2138183375707478,0.6666666666666666,0.5504394806870414,T3,0.5504349006752085,-0.7485669865591632,↓,↓,VP_DECLINE_SILENT,14.640513147018149,CBI_TURBULENT,COST_NEUTRAL,0.02731181739670796,0.013434777116075214,-0.2274139320433043,Deteriorating,0.013434777116075214,-0.12293595651345404,A
02202,港股万科企业,2024-09-30,81.26520681265205,85.22999999999999,1.2272553740052796,0.9166666666666666,1.2411834664207178,T4,1.2412914213215809,1.0252113074455078,↑,↑,VP_EXPANSION,3.6190711365902155,CBI_TURBULENT,COST_ADVANTAGE,0.3528897432122631,0.33799922009015115,0.48796387697133103,Stable,0.33799922009015115,0.9534812485351644,A
02202,港股万科企业,2024-10-31,-0.5369127516778538,163.49,3.2545926609107685,1.0,1.9875189950359642,T5,1.9877010938985298,3.976522834498512,↑↑,↑↑,VP_NEUTRAL,0.34771324001966825,CBI_TURBULENT,COST_NEUTRAL,0.044548033416022426,-0.0801110943822968,0.4799748091755116,Stable,-0.0801110943822968,-0.0032840709014487356,A
02202,港股万科企业,2024-11-30,-13.36032388663968,64.49,0.05772943651571681,0.6666666666666666,0.916246359309512,T3,0.9161573000814338,0.8893840185239383,→,→,VP_NEUTRAL,10.893377603878816,CBI_TURBULENT,COST_NEUTRAL,0.033469261937503214,-0.11389395726631113,0.2822453812289858,Stable,-0.11389395726631113,-0.20716892365699613,A
02202,港股万科企业,2024-12-31,-17.601246105919,42.38,-0.5283237719356824,0.5,0.6017179772356186,T2,0.6017113710332054,-0.5028106238316453,↓,↓,VP_DECLINE_SILENT,17.027829292194006,CBI_TURBULENT,COST_DISADVANTAGE,-0.05147968301886496,-0.14290911547747942,-0.3009030428377859,Deteriorating,-0.14290911547747942,-0.415319634401109,A
02202,港股万科企业,2025-01-31,9.262759924385634,57.99,-0.23496608230437105,0.5833333333333334,0.7771548547050547,T3,0.7773688080947634,-0.6452089364814337,↓,↓,VP_LOCKED_CANDIDATE,15.51594356744878,CBI_TURBULENT,COST_NEUTRAL,-7.799582647050052e-05,0.12009843275862742,-0.2361473700571649,Improving,0.12009843275862742,0.15973029702337702,A
02202,港股万科企业,2025-02-28,14.18685121107266,84.11,0.3102386000353156,0.75,1.0140047017219556,T3,1.014144759689635,0.30472554884367176,→,→,VP_STABLE_ASCENT,24.165299937615774,CBI_TURBULENT,COST_NEUTRAL,0.05477803831659567,0.10742311044356123,-0.12778073397530954,Improving,0.10742311044356123,0.16867020819251766,A
02202,港股万科企业,2025-03-31,-16.06060606060605,42.37,-0.8111854551924117,0.3333333333333333,0.5589341072488623,T2,0.558911693321861,-0.00014904815530947246,↓,↓,VP_DECLINE_SILENT,30.819006819055875,CBI_ACTIVE,COST_DISADVANTAGE,-0.030748723592616156,-0.1039097548278406,-0.03811818383170307,Deteriorating,-0.1039097548278406,-0.3790560788436642,A
02202,港股万科企业,2025-04-30,-3.429602888086647,44.52,-0.6522728954709669,0.5,0.7953313880783661,T2,0.7953063061604977,-0.23248398818015992,↓,↓,VP_DECLINE_SILENT,20.28110247502995,CBI_TURBULENT,COST_DISADVANTAGE,-0.09200964486541119,-0.04204089314666115,-0.0711069103789913,Deteriorating,-0.04204089314666115,-0.07703510530293456,A
02202,港股万科企业,2025-05-31,-4.112149532710275,20.5,-1.174890273488696,0.08333333333333333,0.4214204954260459,T2,0.42143351114025324,-0.7562817415497365,↓,↓,VP_DECLINE_SILENT,34.30381836714646,CBI_ACTIVE,COST_DISADVANTAGE,0.00619123424668877,-0.0342024959793471,-0.10930438322321967,Deteriorating,-0.0342024959793471,-0.20059266013220853,A
02202,港股万科企业,2025-06-30,-4.678362573099415,24.560000000000002,-0.9651405766697275,0.16666666666666666,0.5377120963327862,T2,0.5373523466254496,-0.420690459629232,↓,↓,VP_DECLINE_SILENT,33.18297276881375,CBI_ACTIVE,COST_NEUTRAL,-0.0010699229383174247,-0.013459082023811408,-0.08600759364922284,Deteriorating,-0.013459082023811408,-0.19048707545193055,A
02202,港股万科企业,2025-07-31,2.0449897750511425,37.03,-0.6056629261402587,0.3333333333333333,0.8778695325773441,T2,0.8780693049305351,-0.1680141889472866,↓,↓,VP_LOCKED_CANDIDATE,38.70027324423044,CBI_ACTIVE,COST_DISADVANTAGE,-0.07897906602069316,-0.054025967841804245,-0.0673165423946056,Improving,-0.054025967841804245,0.05522521671755718,A
02202,港股万科企业,2025-08-31,6.412825651302589,39.4,-0.5533966522551105,0.3333333333333333,1.13446587964296,T2,1.1341757040353944,0.9210745164399876,↑,↑,VP_EXPANSION,35.391900623071294,CBI_ACTIVE,COST_NEUTRAL,-0.051507514323005044,-0.008898416095054484,-0.00750517837983089,Improving,-0.008898416095054484,0.16276207236808604,A
02202,港股万科企业,2025-09-30,4.896421845574395,44.6,-0.3123527349936406,0.6666666666666666,1.2705949385119417,T3,1.2702026637618238,0.8161875818932074,↑,↑,VP_EXPANSION,19.568727400573724,CBI_TURBULENT,COST_NEUTRAL,0.012907272399377723,0.005256777499358822,0.031509404007723285,Improving,0.005256777499358822,0.10978524317431378,A
02202,港股万科企业,2025-10-31,-21.00538599640933,29.47,-0.9474377500005389,0.25,0.9041726324401718,T2,0.9043581672425299,-0.20436010125547177,→,→,VP_NEUTRAL,29.465610817730536,CBI_TURBULENT,COST_DISADVANTAGE,-0.01947581031444101,-0.08516621871526664,-0.1851631278933603,Stable,-0.08516621871526664,-0.7127718356433435,A
02202,港股万科企业,2025-11-30,-17.272727272727273,47.03,0.27767529869560187,0.8333333333333334,1.2705659867621237,T3,1.2704879944567367,0.1936921278860102,↑,↑,VP_SELLING_ACTIVE,10.350647904589351,CBI_TURBULENT,COST_DISADVANTAGE,-0.042804485164932626,-0.10088964763103503,-0.32590767852996183,Deteriorating,-0.10088964763103503,-0.3672704076701525,A
02202,港股万科企业,2025-12-31,-9.8901098901099,63.08,1.2208753259361527,0.9166666666666666,1.4522850235984803,T4,1.4523250886687868,0.4148126753808661,↑,↑,VP_SELLING_ACTIVE,5.1049017886722154,CBI_TURBULENT,COST_DISADVANTAGE,-0.06873826393826443,-0.0907168207233926,-0.1820016810351447,Deteriorating,-0.0907168207233926,-0.1567867769516471,A
02202,港股万科企业,2026-01-31,15.853658536585357,51.91,0.5035056006608977,0.8333333333333334,1.130567352716977,T4,1.1302372675547347,0.760327682480844,↑,↑,VP_EXPANSION,3.179373291614435,CBI_TURBULENT,COST_NEUTRAL,-0.018718552393674148,0.05179092157885434,-0.052319020711448117,Stable,0.05179092157885434,0.3054066371910106,A
02202,港股万科企业,2026-02-28,-1.0526315789473717,35.47,-0.4215949288007262,0.3333333333333333,0.783694211224039,T3,0.783681040634134,-0.24583515607655748,↓,↓,VP_SHRINK,24.153264493670484,CBI_TURBULENT,COST_NEUTRAL,-0.008554714117196993,-0.007672856133681849,-0.06229460996711711,Stable,-0.007672856133681849,-0.029676672651462413,A
02202,港股万科企业,2026-03-31,-22.606382978723396,25.25,-1.23426603306759,0.25,0.600689901272749,T2,0.600662043833284,-0.5997922997011262,↓,↓,VP_DECLINE_SILENT,30.786702826697994,CBI_ACTIVE,COST_DISADVANTAGE,-0.03751828767409415,-0.12461267859383363,-0.19248784179398404,Deteriorating,-0.12461267859383363,-0.8953022961870651,A
02202,港股万科企业,2026-04-30,2.749140893470803,16.2,-1.7666806469858065,0.08333333333333333,0.4067966853603416,T1,0.4068405866098206,-0.6878001951422636,↓,↓,VP_LOCKED_CANDIDATE,33.710797193146234,CBI_ACTIVE,COST_NEUTRAL,0.01167183949738626,0.00866650890115328,-0.17028819483299396,Improving,0.00866650890115328,0.1697000551525187,A
02202,港股万科企业,2026-05-31,-9.364548494983282,26.46,-0.8625927180617579,0.3333333333333333,0.727022942711911,T2,0.7274204230723493,-0.25355520734032566,↓,↓,VP_DECLINE_SILENT,24.222992604279266,CBI_TURBULENT,COST_DISADVANTAGE,-0.007288523295880145,-0.06954259028025189,-0.2479869591964594,Deteriorating,-0.06954259028025189,-0.3539133973916584,A
02202,港股万科企业,2026-06-30,-21.771217712177116,22.12,-1.2263938641105134,0.16666666666666666,0.7480976269657856,T2,0.7482669554916035,-0.12370766045539883,↓,↓,VP_DECLINE_SILENT,36.12797218707586,CBI_ACTIVE,COST_DISADVANTAGE,-0.08548255857796672,-0.14251888550209002,-0.23608931657017262,Deteriorating,-0.14251888550209002,-0.9842322654691281,A
02202,港股万科企业,2026-07-31,16.981132075471695,19.77,-1.229459654488352,0.16666666666666666,0.8165484959041786,T2,0.816434972299194,0.22027123610409194,↓,↓,VP_LOCKED_CANDIDATE,34.50528538562461,CBI_ACTIVE,COST_NEUTRAL,0.007246719393386725,0.042659660267494015,-0.10636863447831524,Improving,0.042659660267494015,0.8589343487846077,A
02602,港股万物云,2022-09-30,0.0,21.16,,,,,,,,,VP_NEUTRAL,,,COST_DISADVANTAGE,-0.13437811411895395,-0.13437811411895395,-0.13437811411895395,Stable,-0.13437811411895395,0.0,A
02602,港股万物云,2022-10-31,-37.381985200306204,8.86,,,,,,,,,VP_NEUTRAL,,,COST_DISADVANTAGE,-0.331425728429644,-0.39548452504786646,-0.457964759389618,Stable,-0.39548452504786646,-4.2191856885221455,A
02602,港股万物云,2022-11-30,56.03096984515077,8.44,,,0.6583463338533541,,0.703377464086723,,↓,↓,VP_LOCKED_CANDIDATE,,,COST_DISADVANTAGE,-0.08407832458064723,-0.0376434187942305,-0.1542571571731245,Improving,-0.0376434187942305,6.6387405029799496,A
02602,港股万物云,2022-12-31,14.494646121702814,7.01,,,0.6166703320870904,,0.651597886519787,-0.6370354699373777,↓,↓,VP_LOCKED_CANDIDATE,,,COST_NEUTRAL,-0.08952048872685459,-0.12133250163654796,0.01822049067394227,Improving,-0.12133250163654796,2.0677098604426267,A
02602,港股万物云,2023-01-31,-2.8512773722627727,6.2700000000000005,,,0.6059141863161963,,0.6369293259348882,-0.23980400010751957,↓,↓,VP_DECLINE_SILENT,,,COST_DISADVANTAGE,-0.18018061438163335,-0.1815509375007296,-0.010811799776386799,Deteriorating,-0.1815509375007296,-0.45474918217907057,A
02602,港股万物云,2023-02-28,-19.84033810753698,4.32,-1.0986315869753813,0.16666666666666666,0.46236175526221907,T2,0.4831611068132054,-0.48863074730885414,↓,↓,VP_DECLINE_SILENT,57.82196109851622,CBI_STABLE,COST_DISADVANTAGE,-0.19613124595943077,-0.21897840499168508,-0.2070700832206116,Deteriorating,-0.21897840499168508,-4.592670858226152,A
02602,港股万物云,2023-03-31,-12.302284710017574,10.74,0.25442562693740495,0.8571428571428571,1.4119193689745837,T3,1.430193213027269,0.5322568821915723,↑,↑,VP_SELLING_ACTIVE,36.827283858063446,CBI_ACTIVE,COST_DISADVANTAGE,-0.13076755048273192,-0.18676174346030916,-0.2986946144467981,Deteriorating,-0.18676174346030916,-1.1454641256999603,A
02602,港股万物云,2023-04-30,0.33400133600534065,6.7,-0.5567980148914242,0.375,0.9245630174793008,T2,0.9254012025650502,0.06820372807653707,→,→,VP_NEUTRAL,50.93075013176844,CBI_STABLE,COST_DISADVANTAGE,-0.14136255209398185,-0.17926691013646723,-0.29635224508957303,Stable,-0.17926691013646723,0.049850945672438904,A
02602,港股万物云,2023-05-31,-29.96005326231691,8.33,-0.1761637707666551,0.5555555555555556,1.1524094996541387,T3,1.151596247379418,0.9282646300147555,↑,↑,VP_SELLING_ACTIVE,43.45072215874682,CBI_ACTIVE,COST_DISADVANTAGE,-0.26047423246137846,-0.29583760461191444,-0.5071654872398341,Deteriorating,-0.29583760461191444,-3.5966450494978286,A
02602,港股万物云,2023-06-30,-3.27946768060835,17.86,1.907219981583977,0.9,1.9763924751014383,T5,1.9776271653897721,0.6652600407235103,↑↑,↑↑,VP_PANIC,29.55899457785629,CBI_TURBULENT,COST_DISADVANTAGE,-0.21992890363942474,-0.26125981135596743,-0.3212658357734335,Deteriorating,-0.26125981135596743,-0.18362081078434211,A
02602,港股万物云,2023-07-31,15.479115479115467,24.3,2.8138393829270587,1.0,2.0179930795847754,T5,2.01977843879749,2.6287216775105233,↑↑,↑↑,VP_OVERHEAT,27.748854688767814,CBI_TURBULENT,COST_DISADVANTAGE,-0.09827359766390786,-0.06125938642720985,-0.216203790696594,Deteriorating,-0.06125938642720985,0.6370006370006365,A
02602,港股万物云,2023-08-31,-2.765957446808509,17.24,0.9371809716363468,0.75,1.2145121521662556,T4,1.2149489193359262,1.073685337510689,↑,↑,VP_SELLING_ACTIVE,34.53483148631759,CBI_ACTIVE,COST_DISADVANTAGE,-0.10949749507281226,-0.15916567879213073,-0.23788326031562435,Deteriorating,-0.15916567879213073,-0.1604383669842523,A
02602,港股万物云,2023-09-30,-19.256017505470467,5.69,-0.8860942233855652,0.16666666666666666,0.42611083374937603,T2,0.4251768072251014,-0.6821459412997781,↓,↓,VP_DECLINE_SILENT,54.078720500200895,CBI_STABLE,COST_DISADVANTAGE,-0.22048854622526237,-0.28970032911517185,-0.2884307057968717,Deteriorating,-0.28970032911517185,-3.3841858533340012,A
02602,港股万物云,2023-10-31,-8.6720867208672,4.63,-0.9887302967651496,0.16666666666666666,0.3559256886611147,T2,0.5940116532763247,-0.668241286959717,↓,↓,VP_DECLINE_SILENT,53.78851525137257,CBI_STABLE,COST_DISADVANTAGE,-0.24831568850978947,-0.254699626966715,-0.3501386120692296,Deteriorating,-0.254699626966715,-1.8730208900361125,A
02602,港股万物云,2023-11-30,13.94658753709197,1.12,-1.4574813318793178,0.08333333333333333,0.0948616600790514,T2,0.738460337401015,-0.40453324974775096,↓,↓,VP_LOCKED_CANDIDATE,57.54303545693526,CBI_STABLE,COST_DISADVANTAGE,-0.21867909299634847,-0.20942486384799797,-0.25950512473170384,Improving,-0.20942486384799797,12.452310300974972,A
02602,港股万物云,2023-12-31,3.90625,4.300000000000001,-0.8039667051950254,0.16666666666666666,0.450418994413408,T2,2.254415414903258,5.951935339112529,↑↑,↓,VP_NEUTRAL,50.54969196482641,CBI_STABLE,COST_DISADVANTAGE,-0.15145918551012405,-0.1978255009076505,-0.18406823052137833,Stable,-0.1978255009076505,0.9084302325581394,A
02602,港股万物云,2024-01-31,-34.73684210526316,1.52,-1.1681991610282296,0.16666666666666666,0.2643478260869565,T2,0.893677281529675,0.7513780269127328,↓,↓,VP_DECLINE_SILENT,52.074438704472186,CBI_STABLE,COST_DISADVANTAGE,-0.2704599454929827,-0.348457271877053,-0.4674971609718469,Deteriorating,-0.348457271877053,-22.853185595567865,A
02602,港股万物云,2024-02-29,12.13517665130568,1.45,-1.1034623926072378,0.16666666666666666,0.46499198289684657,T2,0.8819153100271884,0.3022924490661101,↓,↓,VP_LOCKED_CANDIDATE,50.18911998933656,CBI_STABLE,COST_DISADVANTAGE,-0.20860339504182168,-0.22779336502909675,-0.4028770007825626,Improving,-0.22779336502909675,8.369087345728055,A
02602,港股万物云,2024-03-31,3.150684931506853,2.16,-0.8467753028166077,0.3333333333333333,0.8537549407114625,T2,1.1469938690868038,-0.48916509737820535,↑,↓,VP_NEUTRAL,53.336754744313374,CBI_STABLE,COST_DISADVANTAGE,-0.23174748018465496,-0.19538728335349276,-0.21339917433864986,Stable,-0.19538728335349276,1.4586504312531725,A
02602,港股万物云,2024-04-30,7.901726427622835,1.67,-0.8337191594705672,0.3333333333333333,0.8199672667757774,T2,0.8191181341700272,0.0899688260939171,↓,↓,VP_LOCKED_CANDIDATE,56.11005460356714,CBI_STABLE,COST_DISADVANTAGE,-0.11229467619731992,-0.12576199187011672,-0.15124412901746753,Improving,-0.12576199187011672,4.731572711151398,A
02602,港股万物云,2024-05-31,21.23076923076923,2.66,-0.6083340263901061,0.5,1.1598837209302326,T2,1.1563838165620666,0.830422012883482,↑,↑,VP_EXPANSION,47.17753566881009,CBI_ACTIVE,COST_NEUTRAL,-0.16882758031423395,-0.20919716520266607,0.028953271283439275,Improving,-0.20919716520266607,7.981492192018507,A
02602,港股万物云,2024-06-30,-0.2538071065989911,1.1400000000000001,-0.681340145086866,0.16666666666666666,0.6452830188679245,T2,0.6358015908510629,-0.4853624056133292,↓,↓,VP_SHRINK,54.882623554516584,CBI_STABLE,COST_DISADVANTAGE,-0.16672561587646373,-0.20587467481506994,-0.143382897352342,Stable,-0.20587467481506994,-0.2226378128061325,A
02602,港股万物云,2024-07-31,-20.966921119592875,1.4300000000000002,-0.5682517203057773,0.25,0.8163653663177927,T2,0.8224537353827451,-0.1356880349514008,↓,↓,VP_DECLINE_SILENT,58.18815267275956,CBI_STABLE,COST_DISADVANTAGE,-0.21513632785238535,-0.274890471295979,-0.32298912956141834,Deteriorating,-0.274890471295979,-14.662182601113898,A
02602,港股万物云,2024-08-31,-12.234385061171915,1.96,-0.3690672921175165,0.5833333333333334,1.0671506352087115,T3,1.062310716262697,-0.26413293800569704,→,→,VP_NEUTRAL,54.08414139924107,CBI_STABLE,COST_DISADVANTAGE,-0.18152818427039552,-0.2233896026305784,-0.4058172463568661,Stable,-0.2233896026305784,-6.242033194475467,A
02602,港股万物云,2024-09-30,61.77549523110783,3.9699999999999998,1.5399380090326626,0.8333333333333334,1.8565861262665628,T5,1.8468998584173297,2.4962989854605233,↑↑,↑↑,VP_OVERHEAT,44.993351139399095,CBI_ACTIVE,COST_ADVANTAGE,-0.014107404301622384,0.022997952732766613,0.07768500574868442,Deteriorating,0.022997952732766613,15.560578143855878,A
02602,港股万物云,2024-10-31,-8.027210884353742,3.62,1.4344326501717888,0.8333333333333334,1.469553450608931,T4,1.4582902287411128,1.4716316289179079,↑,↑,VP_SELLING_ACTIVE,56.583052133128724,CBI_STABLE,COST_DISADVANTAGE,-0.13109954069712426,-0.19888264769977781,-0.008823042331822184,Deteriorating,-0.19888264769977781,-2.2174615702634646,A
02602,港股万物云,2024-11-30,-5.424063116370814,2.59,0.22173332690262607,0.6666666666666666,1.0564242012236573,T3,1.0518960705157852,0.30850637898860755,→,→,VP_NEUTRAL,59.694876909294166,CBI_STABLE,COST_DISADVANTAGE,-0.11780901214840456,-0.15969859249600382,-0.06258510611066825,Stable,-0.15969859249600382,-2.0942328634636347,A
02602,港股万物云,2024-12-31,-6.9864442127215876,4.41,2.503317817964362,1.0,1.471635150166852,T5,1.466843381766898,0.1066332248447619,↑,↑,VP_SELLING_ACTIVE,49.05214024637736,CBI_ACTIVE,COST_DISADVANTAGE,-0.1224797248750954,-0.14061326911646743,-0.21803333803047653,Deteriorating,-0.14061326911646743,-1.5842277126352806,A
02602,港股万物云,2025-01-31,8.688340807174889,5.76,3.1242227656562482,1.0,1.5490811295383236,T5,1.542222634558131,0.5869777945032939,↑↑,↑↑,VP_OVERHEAT,47.39813382442724,CBI_ACTIVE,COST_DISADVANTAGE,-0.12002752048997034,-0.056735758527681646,-0.150093409440075,Deteriorating,-0.056735758527681646,1.5083925012456405,A
02602,港股万物云,2025-02-28,2.578648788035065,3.8600000000000003,0.7393474632198732,0.75,0.9566294919454771,T4,0.954030302715554,0.4847615718861715,→,→,VP_STABLE_ASCENT,79.97448779566936,CBI_LOCKED_CANDIDATE,COST_DISADVANTAGE,-0.1162110429289569,-0.10300684243635849,-0.12817730344317135,Stable,-0.10300684243635849,0.668043727470224,A
02602,港股万物云,2025-03-31,1.4580191050779234,3.4,0.2867503137250449,0.5833333333333334,0.8629441624365483,T3,0.8615220320181115,-0.2323309880139831,↓,↓,VP_SHRINK,81.84177552534553,CBI_LOCKED_CANDIDATE,COST_DISADVANTAGE,-0.13198845128878012,-0.15465704989523243,-0.07861498308555204,Stable,-0.15465704989523243,0.42882914855233045,A
02602,港股万物云,2025-04-30,-6.640237859266596,1.74,-1.0882234136099813,0.25,0.4797794117647059,T2,0.48012129516326274,-0.6972123257828905,↓,↓,VP_DECLINE_SILENT,91.62910599022355,CBI_LOCKED_CANDIDATE,COST_DISADVANTAGE,-0.13355901152733562,-0.1294538329670747,-0.1397971398083151,Deteriorating,-0.1294538329670747,-3.816228654750917,A
02602,港股万物云,2025-05-31,-1.3800424628450214,1.62,-1.0689056107794888,0.25,0.4675324675324676,T2,0.4645820072596531,-0.5827646028439932,↓,↓,VP_SHRINK,87.69540055067075,CBI_LOCKED_CANDIDATE,COST_DISADVANTAGE,-0.08418173997364242,-0.1205839781048117,-0.1516683045455678,Stable,-0.1205839781048117,-0.8518780634845811,A
02602,港股万物云,2025-06-30,4.305705059203446,2.21,-0.6975810096474429,0.4166666666666667,0.7132867132867133,T2,0.7158987371793599,-0.34748655073081236,↓,↓,VP_LOCKED_CANDIDATE,80.37525959061198,CBI_LOCKED_CANDIDATE,COST_DISADVANTAGE,-0.07509477480510018,-0.07060238758696524,-0.08493509619711304,Improving,-0.07060238758696524,1.948282832218754,A
02602,港股万物云,2025-07-31,7.481940144478849,2.95,-0.197997186025247,0.5,1.1216730038022813,T3,1.118931178775889,0.6870467474265034,↑,↑,VP_EXPANSION,86.9397898011589,CBI_LOCKED_CANDIDATE,COST_DISADVANTAGE,-0.10532636302110643,-0.07324442968310885,-0.01647048781144811,Improving,-0.07324442968310885,2.536250896433508,A
02602,港股万物云,2025-08-31,12.481997119539123,3.2,-0.07185948481667194,0.5,1.26984126984127,T3,1.2657931899503863,0.9777129516406562,↑,↑,VP_EXPANSION,81.75480182210813,CBI_LOCKED_CANDIDATE,COST_NEUTRAL,-0.08334171366724186,-0.06775840263206345,0.1062936375697443,Improving,-0.06775840263206345,3.900624099855976,A
02602,港股万物云,2025-09-30,1.1523687580025532,2.7199999999999998,-0.427656568792231,0.4166666666666667,1.1301939058171744,T3,1.1283054975232836,0.22155479362088704,↑,↑,VP_DIVERGENCE_HIGH,83.95840193719322,CBI_LOCKED_CANDIDATE,COST_DISADVANTAGE,-0.017340691203990843,-0.048190190685322154,-0.01973427700417496,Deteriorating,-0.048190190685322154,0.42366498455976226,A
02602,港股万物云,2025-10-31,-8.523206751054847,0.78,-2.0340607436642184,0.08333333333333333,0.34718100890207715,T1,0.3536499618632942,-0.7303266851929906,↓,↓,VP_DECLINE_SILENT,89.85970079687304,CBI_LOCKED_CANDIDATE,COST_DISADVANTAGE,-0.03937164267075388,-0.055690245811751304,-0.10328435128483182,Deteriorating,-0.055690245811751304,-10.927188142378009,A
02602,港股万物云,2025-11-30,-9.594095940959402,3.04,0.053720965782715735,0.5833333333333334,1.2241610738255033,T3,1.2211680993724936,-0.049515329396345065,↑,↑,VP_SELLING_ACTIVE,71.88695766968587,CBI_LOCKED_CANDIDATE,COST_DISADVANTAGE,-0.06492906835286638,-0.09673135468188321,-0.18931611094016154,Deteriorating,-0.09673135468188321,-3.155952612157698,A
02602,港股万物云,2025-12-31,-9.234693877551036,2.99,0.11632273910236306,0.5833333333333334,1.1441326530612244,T3,1.1490855983050965,0.10653593017376872,↑,↑,VP_SELLING_ACTIVE,70.2441551086696,CBI_LOCKED_CANDIDATE,COST_DISADVANTAGE,-0.05400760562683027,-0.08433995005954109,-0.1466501377482522,Deteriorating,-0.08433995005954109,-3.0885263804518512,A
02602,港股万物云,2026-01-31,6.6329398538504725,2.92,0.37932056343568316,0.5,1.1194888178913738,T3,1.1259138088343472,2.7023330505742083,↑,↑,VP_EXPANSION,73.58153714699802,CBI_LOCKED_CANDIDATE,COST_NEUTRAL,-0.004980373675704808,-0.006735318535708634,-0.09004795464217785,Improving,-0.006735318535708634,2.27155474446934,A
02602,港股万物云,2026-02-28,-2.8465998945703674,1.3800000000000001,-1.4483196459482721,0.16666666666666666,0.5986984815618221,T2,0.594868818205961,-0.5468576501487772,↓,↓,VP_DECLINE_SILENT,91.22650281562238,CBI_LOCKED_CANDIDATE,COST_DISADVANTAGE,-0.04440193100956591,-0.04464025555289597,-0.11595064860597448,Deteriorating,-0.04464025555289597,-2.062753546790121,A
02602,港股万物云,2026-03-31,-14.9755832881172,4.19,2.3833117996532933,1.0,1.6431372549019607,T5,1.6274088968067422,0.38134829582381236,↑↑,↑↑,VP_PANIC,63.38448136703361,CBI_STABLE,COST_DISADVANTAGE,-0.04500258061470963,-0.1126908985839864,-0.1495192737441292,Deteriorating,-0.1126908985839864,-3.574124889765441,A
02602,港股万物云,2026-04-30,3.7651563497128393,2.9,0.3844830328348002,0.5,0.9988518943742822,T3,0.9970341762321062,-0.017692668284535418,→,→,VP_STABLE_ASCENT,74.22228168340555,CBI_LOCKED_CANDIDATE,COST_DISADVANTAGE,-0.05191360617552909,-0.04563001621599183,-0.11749734467642248,Improving,-0.04563001621599183,1.298329775763048,A
02602,港股万物云,2026-05-31,8.241082410824108,2.14,-0.594527916167713,0.25,0.7772397094430993,T2,0.7806889171381292,0.5627698704019246,↓,↓,VP_LOCKED_CANDIDATE,88.16018414175547,CBI_LOCKED_CANDIDATE,COST_NEUTRAL,0.050934460574601825,0.010253615306129449,-0.044769573573495425,Improving,0.010253615306129449,3.8509730891701435,A
02602,港股万物云,2026-06-30,-14.31818181818183,8.09,6.167201018398463,1.0,2.2451433857539316,T5,2.2440145583286464,0.9444703354465036,↑↑,↑↑,VP_PANIC,57.12534658089484,CBI_STABLE,COST_DISADVANTAGE,-0.08921736613415876,-0.19580777252854065,-0.16940490869995684,Deteriorating,-0.19580777252854065,-1.7698617822227232,A
02602,港股万物云,2026-07-31,12.06896551724137,1.82,-0.7242718516823393,0.25,0.5321637426900586,T2,0.5329623175780904,-0.37162457829158024,↓,↓,VP_LOCKED_CANDIDATE,75.23896575476235,CBI_LOCKED_CANDIDATE,COST_NEUTRAL,0.012782298918194712,-0.012394309135926096,-0.0691606735430551,Improving,-0.012394309135926096,6.631299734748005,A
02611,国泰海通,2017-04-30,0.0,14.24,,,,,,,,,VP_NEUTRAL,,,,-0.30108040857350615,-0.3011471189953081,,Stable,-0.3011471189953081,0.0,A
02611,国泰海通,2017-05-31,-1.2646793134598044,1.58,,,,,,,,,VP_NEUTRAL,,,,-0.2912303681065129,-0.2908889420474431,,Stable,-0.2908889420474431,-0.8004299452277243,A
02611,国泰海通,2017-06-30,5.672461116193972,2.15,,,0.3589315525876461,,0.3893380299785214,,↓,↓,VP_LOCKED_CANDIDATE,,,COST_DISADVANTAGE,-0.29461774369483673,-0.2836461694233806,-0.270754147368684,Improving,-0.2836461694233806,2.63835400753208,A
02611,国泰海通,2017-07-31,7.0995670995670945,3.21,,,0.6062322946175638,,0.6217999577110109,-0.7638701339916973,↓,↓,VP_LOCKED_CANDIDATE,,,COST_DISADVANTAGE,-0.2799516351774721,-0.2607071462335333,-0.21898084874031354,Improving,-0.2607071462335333,2.211703146282584,A
02611,国泰海通,2017-08-31,-0.3233629749393674,4.19,,,0.8257784785179346,,0.8461902044181036,1.658735256224658,↓,↓,VP_SHRINK,,,COST_DISADVANTAGE,-0.2610192954349422,-0.2759698776369095,-0.22150637550267305,Stable,-0.2759698776369095,-0.07717493435307096,A
02611,国泰海通,2017-09-30,-2.108678021086774,2.35,-0.5833382489846716,0.5,0.5086580086580087,T2,0.5154391218675028,0.03211471793835918,↓,↓,VP_DECLINE_SILENT,36.33836486239073,CBI_ACTIVE,COST_DISADVANTAGE,-0.29960605947584273,-0.3022503760903762,-0.28983915511260394,Deteriorating,-0.3022503760903762,-0.8973097962071378,A
02611,国泰海通,2017-10-31,11.764705882352944,2.12,-0.5705126364684493,0.2857142857142857,0.8153846153846154,T2,0.8086251610963268,-0.34015798806610253,↓,↓,VP_LOCKED_CANDIDATE,42.27381181623608,CBI_ACTIVE,COST_DISADVANTAGE,-0.26555656935140437,-0.24987733570159143,-0.20629082041996916,Improving,-0.24987733570159143,5.549389567147615,A
02611,国泰海通,2017-11-30,-7.412898443291327,2.6,-0.4006677920350608,0.625,0.9386281588447654,T3,0.9374768952339378,-0.3778077263302543,→,→,VP_NEUTRAL,46.44756326333526,CBI_ACTIVE,COST_DISADVANTAGE,-0.2860724382461307,-0.28977175884425477,-0.26512767583731767,Stable,-0.28977175884425477,-2.8511147858812795,A
02611,国泰海通,2017-12-31,1.1208967173738982,5.0,0.24101438293429514,0.8888888888888888,1.5408320493066257,T3,1.534680160156222,1.1315861427687808,↑↑,↑↑,VP_NEUTRAL,20.49977653467998,CBI_TURBULENT,COST_DISADVANTAGE,-0.2771863423420896,-0.2754194646591751,-0.2821059416934343,Stable,-0.2754194646591751,0.22417934347477964,A
02611,国泰海通,2018-01-31,19.00237529691211,2.37,-0.4826623608539548,0.5,0.7632850241545894,T3,0.7700197312806896,0.13008149821341441,↓,↓,VP_LOCKED_CANDIDATE,40.8679548410993,CBI_ACTIVE,COST_DISADVANTAGE,-0.26781079688031395,-0.22614176704251554,-0.14568901849978766,Improving,-0.22614176704251554,8.017879872114815,A
02611,国泰海通,2018-02-28,-10.911510312707906,1.72,-0.6352855959417028,0.18181818181818182,0.6386138613861386,T2,0.6348666184477284,-0.3469559839598896,↓,↓,VP_DECLINE_SILENT,46.95417568847793,CBI_ACTIVE,COST_DISADVANTAGE,-0.25353478718034395,-0.2747770404068962,-0.2389072493487795,Deteriorating,-0.2747770404068962,-6.34390134459762,A
02611,国泰海通,2018-03-31,-8.364451082897695,1.82,-0.5659630801015537,0.25,0.6986564299424185,T2,0.6900505941407056,-0.6393802072979389,↓,↓,VP_DECLINE_SILENT,51.11903381541449,CBI_STABLE,COST_DISADVANTAGE,-0.27520650821804593,-0.2946296430771618,-0.33773114944583316,Deteriorating,-0.2946296430771618,-4.5958522433503814,A
02611,国泰海通,2018-04-30,11.898940505297473,2.0,-0.6292069891620308,0.3333333333333333,0.7736943907156674,T2,0.7650700411665021,-0.17602007495234817,↓,↓,VP_LOCKED_CANDIDATE,75.45626425338563,CBI_LOCKED_CANDIDATE,COST_DISADVANTAGE,-0.22191942520312902,-0.23306459266556467,-0.2589281729332754,Improving,-0.23306459266556467,5.949470252648736,A
02611,国泰海通,2018-05-31,-1.8936635105608168,6.720000000000001,4.059014890868275,1.0,2.053998981151299,T5,2.0562383270696833,2.919855725168579,↑↑,↑↑,VP_PANIC,47.610925350657354,CBI_ACTIVE,COST_DISADVANTAGE,-0.28678374823248,-0.273175273811163,-0.2729615797094843,Deteriorating,-0.273175273811163,-0.2817951652620263,A
02611,国泰海通,2018-06-30,-7.869339272457321,2.53,-0.3782980482252692,0.5833333333333334,0.8846153846153846,T3,0.8865442046942775,0.4068350362274642,↓,↓,VP_DECLINE_SILENT,59.56407265047219,CBI_STABLE,COST_DISADVANTAGE,-0.24395721026749262,-0.29459082866724406,-0.31849162066107306,Deteriorating,-0.29459082866724406,-3.1104107796274,A
02611,国泰海通,2018-07-31,-3.223207091055602,1.4,-1.0813833316428876,0.08333333333333333,0.5188387893761582,T2,0.5168323870671321,-0.2973098774218772,↓,↓,VP_DECLINE_SILENT,76.0277403140994,CBI_LOCKED_CANDIDATE,COST_DISADVANTAGE,-0.25670893724064336,-0.2432021434905568,-0.34045804707006344,Deteriorating,-0.2432021434905568,-2.30229077932543,A
02611,国泰海通,2018-08-31,-0.6661115736885881,0.84,-1.2674212055970353,0.08333333333333333,0.32919660352710645,T2,0.3352843464773968,-0.8729652335964928,↓,↓,VP_SHRINK,48.855210274713244,CBI_ACTIVE,COST_DISADVANTAGE,-0.2733985203698567,-0.2733750802287134,-0.3448513323518616,Stable,-0.2733750802287134,-0.7929899686768906,A
02611,国泰海通,2018-09-30,-0.8382229673092989,0.88,-1.0832435537076708,0.16666666666666666,0.3674321503131524,T2,0.3673591619958662,-0.6531321220079133,↓,↓,VP_SHRINK,47.18215118659152,CBI_ACTIVE,COST_DISADVANTAGE,-0.268563100699337,-0.2563775981196219,-0.26203451950653833,Stable,-0.2563775981196219,-0.9525260992151124,A
02611,国泰海通,2018-10-31,3.5502958579881616,1.06,-0.8647468386605598,0.25,0.47356664184661207,T2,0.47102346493797753,-0.2414935178970513,↓,↓,VP_LOCKED_CANDIDATE,42.67431364257885,CBI_ACTIVE,COST_DISADVANTAGE,-0.26547325801842836,-0.24278554491995297,-0.23583456161919647,Improving,-0.24278554491995297,3.3493357150831713,A
02611,国泰海通,2018-11-30,-2.12244897959184,1.51,-0.5035836601217402,0.4166666666666667,1.102189781021898,T2,1.0925152392453072,0.7500340308132121,→,↑,VP_NEUTRAL,37.43112911281698,CBI_ACTIVE,COST_DISADVANTAGE,-0.2564916897424836,-0.2709353084456666,-0.25205358316850324,Stable,-0.2709353084456666,-1.4055953507230727,A
02611,国泰海通,2018-12-31,-3.5029190992493686,0.88,-0.7666893311509554,0.25,0.8036529680365297,T2,0.8194522808224971,0.02064076322682795,↓,↓,VP_DECLINE_SILENT,46.736633378055934,CBI_ACTIVE,COST_DISADVANTAGE,-0.26982546737956514,-0.28090745620955726,-0.2889198511529135,Deteriorating,-0.28090745620955726,-3.9805898855106463,A
02611,国泰海通,2019-01-31,7.6058772687986,1.83,-0.07012212272967237,0.75,1.5685714285714285,T3,1.5801634274164778,0.7557319141479535,↑↑,↑↑,VP_OVERHEAT,53.301719801067804,CBI_STABLE,COST_DISADVANTAGE,-0.2529195655003834,-0.24035090836905748,-0.23483596774881366,Deteriorating,-0.24035090836905748,4.156217086775191,A
02611,国泰海通,2019-02-28,6.104417670682749,3.51,0.9778098599331876,0.9166666666666666,2.1778697001034124,T4,2.1844968138992304,1.3666098084507476,↑↑,↑↑,VP_OVERHEAT,41.204057075218856,CBI_ACTIVE,COST_DISADVANTAGE,-0.27436828233312915,-0.27723057429058806,-0.18812715935436364,Deteriorating,-0.27723057429058806,1.7391503335278489,A
02611,国泰海通,2019-03-31,0.15140045420136694,3.2,0.6618534383769187,0.8333333333333334,1.601334445371143,T4,1.601359839891677,2.584546392203195,↑↑,↑↑,VP_NEUTRAL,45.64104290339473,CBI_ACTIVE,COST_DISADVANTAGE,-0.2325215359057886,-0.24154768858715436,-0.2465453986546141,Stable,-0.24154768858715436,0.04731264193792717,A
02611,国泰海通,2019-04-30,-5.593348450491309,7.42,3.0938210487459696,1.0,2.426158038147139,T5,2.5397054699728057,3.3585772370060143,↑↑,↑↑,VP_PANIC,24.602406226587686,CBI_TURBULENT,COST_DISADVANTAGE,-0.252061300534417,-0.2539099645187082,-0.2886887399241217,Deteriorating,-0.2539099645187082,-0.7538205458883166,A
02611,国泰海通,2019-05-31,-27.061649319455572,3.08,0.43200802056155285,0.75,0.9277108433734941,T3,1.0160872214842873,0.013005137550710755,→,→,VP_NEUTRAL,23.618554081038752,CBI_TURBULENT,COST_DISADVANTAGE,-0.3413130833027581,-0.3907976744138675,-0.4811812986956564,Stable,-0.3907976744138675,-8.786249779044017,A
02611,国泰海通,2019-06-30,5.927552140504955,2.54,0.11330229884646845,0.6666666666666666,0.7062094531974051,T3,0.7596855418537067,-0.08690717491901068,↓,↓,VP_LOCKED_CANDIDATE,19.10139911842054,CBI_TURBULENT,COST_DISADVANTAGE,-0.30717452438135884,-0.2949892503821302,-0.3848567849477048,Improving,-0.2949892503821302,2.333681945080691,A
02611,国泰海通,2019-07-31,-9.015544041450784,1.29,-0.618326215141941,0.4166666666666667,0.36787072243346003,T2,0.3982115445310816,-0.8120125382866679,↓,↓,VP_DECLINE_SILENT,30.249037475508132,CBI_ACTIVE,COST_DISADVANTAGE,-0.3160742164988495,-0.3348970107967755,-0.4403152924187408,Deteriorating,-0.3348970107967755,-6.988793830582003,A
02611,国泰海通,2019-08-31,-17.767653758542135,2.19,-0.15571815823934984,0.5833333333333334,0.6663286004056795,T3,0.6998336624529875,-0.2878080773436048,↓,↓,VP_DECLINE_SILENT,31.016519911662343,CBI_ACTIVE,COST_DISADVANTAGE,-0.3469649026690649,-0.35470899598235917,-0.539758133401288,Deteriorating,-0.35470899598235917,-8.113083908010108,A
02611,国泰海通,2019-09-30,14.127423822714679,2.68,0.050418456399837164,0.6666666666666666,0.8374999999999999,T3,0.8544891704408969,0.05509238733801847,↓,↓,VP_LOCKED_CANDIDATE,20.557311037526983,CBI_TURBULENT,COST_DISADVANTAGE,-0.32969471290705676,-0.34043621068210594,-0.3234037907128704,Improving,-0.34043621068210594,5.271426799520402,A
02611,国泰海通,2019-10-31,-2.4271844660194275,1.17,-0.9336024974033148,0.16666666666666666,0.5420849420849421,T2,0.5391152168874752,-0.10942128719559019,↓,↓,VP_DECLINE_SILENT,42.458484901506615,CBI_ACTIVE,COST_DISADVANTAGE,-0.34664479943101334,-0.345482319599822,-0.3398260288023639,Deteriorating,-0.345482319599822,-2.0745166376234425,A
02611,国泰海通,2019-11-30,-1.243781094527352,1.37,-0.7844246633903447,0.3333333333333333,0.7313167259786476,T2,0.7383756676563905,-0.36996076961533986,↓,↓,VP_SHRINK,39.69406256739798,CBI_ACTIVE,COST_DISADVANTAGE,-0.34346840252804456,-0.34526082149437975,-0.3480371478471105,Stable,-0.34526082149437975,-0.9078694120637605,A
02611,国泰海通,2019-12-31,23.929471032745585,1.69,-0.6388537108681971,0.3333333333333333,0.9759384023099134,T2,0.9736432111790723,-0.36697333894067863,→,→,VP_STABLE_ASCENT,40.90150622348639,CBI_ACTIVE,COST_DISADVANTAGE,-0.25921529148886013,-0.24621007597964228,-0.2152881353206738,Improving,-0.24621007597964228,14.159450315234075,A
02611,国泰海通,2020-01-31,-13.414634146341465,1.17,-0.9395456957099083,0.16666666666666666,0.6835443037974682,T2,0.6830991945534368,0.005069523451922686,↓,↓,VP_DECLINE_SILENT,48.71118493412008,CBI_ACTIVE,COST_DISADVANTAGE,-0.33637789792512784,-0.3883940877944295,-0.32055436107033963,Deteriorating,-0.3883940877944295,-11.465499270377322,A
02611,国泰海通,2020-02-29,6.338028169014098,1.74,-0.4609345628421334,0.5,1.0631364562118126,T3,1.0731527477280534,0.2705344236390963,→,→,VP_STABLE_ASCENT,38.29132119260306,CBI_ACTIVE,COST_DISADVANTAGE,-0.33664711715706364,-0.33696346973528024,-0.27749090508183993,Improving,-0.33696346973528024,3.642544924720746,A
02611,国泰海通,2020-03-31,-16.335540838852104,3.81,0.8290671355431658,0.9166666666666666,2.0876712328767124,T4,2.0869599414344577,1.2624258239778854,↑↑,↑↑,VP_PANIC,49.466335077944116,CBI_ACTIVE,COST_DISADVANTAGE,-0.31731079733362266,-0.3517742341488951,-0.3981563044238654,Deteriorating,-0.3517742341488951,-4.28754352725777,A
02611,国泰海通,2020-04-30,-5.013192612137207,1.95,-0.13974831800959303,0.5833333333333334,0.9974424552429667,T3,1.000070411237179,0.6800962718725958,→,→,VP_NEUTRAL,55.16501403438547,CBI_STABLE,COST_DISADVANTAGE,-0.3435497211208346,-0.3610632733458373,-0.42832788810710165,Stable,-0.3610632733458373,-2.5708680062242086,A
02611,国泰海通,2020-05-31,-13.611111111111118,4.2,2.910005953313927,1.0,1.730769230769231,T5,1.7297506794313584,1.3960482782407269,↑↑,↑↑,VP_PANIC,36.43940954833031,CBI_ACTIVE,COST_DISADVANTAGE,-0.3811561312453884,-0.3876756471626849,-0.5061388144480796,Deteriorating,-0.3876756471626849,-3.2407407407407423,A
02611,国泰海通,2020-06-30,15.594855305466249,3.08,0.969194360606672,0.8333333333333334,1.1586206896551725,T4,1.1584646861030383,-0.19048405646481215,↑,↑,VP_EXPANSION,55.827747636329406,CBI_STABLE,COST_DISADVANTAGE,-0.37829883782410956,-0.352020522256528,-0.3284335110932086,Stable,-0.352020522256528,5.063264709566964,A
02611,国泰海通,2020-07-31,29.20723226703754,6.05,3.7941351659891467,1.0,1.7426788286125783,T5,1.7356725200122796,2.076867127993339,↑↑,↑↑,VP_OVERHEAT,43.675243637188494,CBI_ACTIVE,COST_DISADVANTAGE,-0.2879636211775387,-0.3170519552288239,-0.1322875268506133,Deteriorating,-0.3170519552288239,4.827641697030998,A
02611,国泰海通,2020-08-31,-7.750269106566188,1.83,-0.5432361257624062,0.5,0.5248565965583174,T2,0.5194801168942592,-0.5695124239734002,↓,↓,VP_DECLINE_SILENT,33.805817360142946,CBI_ACTIVE,COST_DISADVANTAGE,-0.3238158804299166,-0.3339549078699595,-0.19953757859093169,Deteriorating,-0.3339549078699595,-4.235119730364037,A
02611,国泰海通,2020-09-30,-15.869311551925325,3.0700000000000003,0.3491331609735939,0.6666666666666666,0.912784935579782,T3,0.9207414765182517,0.0039050946471996806,→,→,VP_NEUTRAL,24.547988328738285,CBI_TURBULENT,COST_DISADVANTAGE,-0.3427387537920423,-0.3621740955446592,-0.43803531837248855,Stable,-0.3621740955446592,-5.169156857304666,A
02611,国泰海通,2020-10-31,-9.153952843273238,5.66,2.059970763940749,0.9166666666666666,1.421515278359146,T5,1.416955992091269,-0.06548861520337368,↑,↑,VP_SELLING_ACTIVE,21.879652245885744,CBI_TURBULENT,COST_DISADVANTAGE,-0.3553902872156217,-0.36766307930487874,-0.4894773003245215,Deteriorating,-0.36766307930487874,-1.6173061560553423,A
02611,国泰海通,2020-11-30,20.152671755725194,15.4,7.77518086327001,1.0,2.633228840125392,T5,2.636188624371185,7.513670830705257,↑↑,↑↑,VP_OVERHEAT,11.473507164565056,CBI_TURBULENT,COST_DISADVANTAGE,-0.2924953242407262,-0.29184687844300017,-0.38659333642045557,Deteriorating,-0.29184687844300017,1.3086150490730646,A
02611,国泰海通,2020-12-31,-1.270648030495558,5.73,0.3599965921853266,0.8333333333333334,0.9109697933227345,T3,0.909137763257809,0.8435372239455268,→,→,VP_NEUTRAL,17.384867803981415,CBI_TURBULENT,COST_DISADVANTAGE,-0.26620150462975667,-0.2980222644244377,-0.290076148087662,Stable,-0.2980222644244377,-0.22175358298351797,A
02611,国泰海通,2021-01-31,-0.2574002574002532,4.78,0.001481458450299239,0.6666666666666666,0.7863997806416233,T3,0.7868223229875558,-0.15205536872384218,↓,↓,VP_SHRINK,55.74965588245477,CBI_STABLE,COST_DISADVANTAGE,-0.3426544449413669,-0.34335034497630634,-0.29190349390983017,Stable,-0.34335034497630634,-0.05384942623436259,A
02611,国泰海通,2021-02-28,-6.451612903225811,4.98,-0.019942610880916124,0.6666666666666666,0.7541645633518425,T3,0.7521792362713429,-0.6778334265111983,↓,↓,VP_DECLINE_SILENT,48.827450507777584,CBI_ACTIVE,COST_DISADVANTAGE,-0.35056262496276414,-0.34860917549562065,-0.3375871394640346,Deteriorating,-0.34860917549562065,-1.2955045990413274,A
02611,国泰海通,2021-03-31,6.068965517241387,4.140000000000001,-0.28782195137961136,0.4166666666666667,0.6104694028016712,T3,0.6133074566599767,-0.2724288279633019,↓,↓,VP_LOCKED_CANDIDATE,63.34867614818804,CBI_STABLE,COST_DISADVANTAGE,-0.29718864810728207,-0.294387772098629,-0.31898243846272334,Improving,-0.294387772098629,1.46593369981676,A
02611,国泰海通,2021-04-30,-2.080624187256175,2.44,-0.8558626004072867,0.16666666666666666,0.3907125700560448,T2,0.38918306242970646,-0.49173836560836715,↓,↓,VP_DECLINE_SILENT,68.04681927102618,CBI_STABLE,COST_DISADVANTAGE,-0.3177310412515182,-0.3200937891971901,-0.33315185456753016,Deteriorating,-0.3200937891971901,-0.8527148308426946,A
02611,国泰海通,2021-05-31,7.968127490039856,4.37,-0.2362274727257124,0.5,0.9916792738275342,T3,0.993969482372373,-0.11845702351370613,→,→,VP_STABLE_ASCENT,50.00964139978289,CBI_STABLE,COST_DISADVANTAGE,-0.29934354080333947,-0.28542321318301733,-0.2800165441745046,Improving,-0.28542321318301733,1.823370135020562,A
02611,国泰海通,2021-06-30,-7.626076260762615,4.05,-0.3666438300736731,0.3333333333333333,0.9814216478190629,T3,0.9852190560851807,-0.021205169279169267,→,→,VP_NEUTRAL,64.71467082126955,CBI_STABLE,COST_DISADVANTAGE,-0.3193164030941362,-0.33114120794571134,-0.3326803959921889,Stable,-0.33114120794571134,-1.8829817927808927,A
02611,国泰海通,2021-07-31,-7.989347536617841,4.31,-0.2378224293933109,0.5,1.064635652531906,T3,1.0629573372720884,0.7720755225237728,→,→,VP_NEUTRAL,50.83869041055607,CBI_STABLE,COST_DISADVANTAGE,-0.3000079591348993,-0.3288074240064047,-0.38599487833635493,Stable,-0.3288074240064047,-1.8536769226491512,A
02611,国泰海通,2021-08-31,16.063675832127334,6.5600000000000005,0.36328678628985106,0.9166666666666666,1.5214534209509085,T3,1.5192473047076607,0.49791677590581584,↑↑,↑↑,VP_OVERHEAT,33.66437538172318,CBI_ACTIVE,COST_DISADVANTAGE,-0.26657399624148415,-0.2451042146178204,-0.2873630859996479,Deteriorating,-0.2451042146178204,2.44873107197063,A
02611,国泰海通,2021-09-30,4.239401496259343,6.22,0.16820393188806865,0.8333333333333334,1.335241502683363,T3,1.3263948624081734,0.5163075989340349,↑,↑,VP_EXPANSION,33.4259470139865,CBI_ACTIVE,COST_DISADVANTAGE,-0.2580549706302283,-0.26323110913811565,-0.22611819457963722,Improving,-0.26323110913811565,0.6815758032571291,A
02611,国泰海通,2021-10-31,-6.937799043062187,2.5100000000000002,-0.9904121049706234,0.16666666666666666,0.537473233404711,T2,0.5400086470720267,-0.4147585984218801,↓,↓,VP_DECLINE_SILENT,56.99611285872334,CBI_STABLE,COST_DISADVANTAGE,-0.28846096662444687,-0.29267691386468386,-0.2798085590705236,Deteriorating,-0.29267691386468386,-2.7640633637697953,A
02611,国泰海通,2021-11-30,-3.3419023136246895,1.93,-2.0752957360618827,0.08333333333333333,0.4526974198592651,T1,0.4465274295571624,-0.7103474305424633,↓,↓,VP_DECLINE_SILENT,87.5165710914353,CBI_LOCKED_CANDIDATE,COST_DISADVANTAGE,-0.2975159665399777,-0.2912433840677555,-0.3038766534974727,Deteriorating,-0.2912433840677555,-1.7315556029143468,A
02611,国泰海通,2021-12-31,22.872340425531924,3.96,-0.1764247041947399,0.3333333333333333,0.9321302471557472,T3,0.934807067600245,-0.35830629599447394,→,→,VP_STABLE_ASCENT,37.131885759749835,CBI_ACTIVE,COST_DISADVANTAGE,-0.20946796944370183,-0.17562067278706361,-0.16075351703917706,Improving,-0.17562067278706361,5.775843541800991,A
02611,国泰海通,2022-01-31,-3.0303030303030276,2.38,-1.2560611663074728,0.16666666666666666,0.6061120543293719,T2,0.6114658395169101,-0.049619727134363245,↓,↓,VP_DECLINE_SILENT,54.9530547340118,CBI_STABLE,COST_DISADVANTAGE,-0.2585373042180107,-0.2501023194444314,-0.1861852286440504,Deteriorating,-0.2501023194444314,-1.2732365673542134,A
02611,国泰海通,2022-02-28,-3.3482142857142905,1.6900000000000002,-1.5203479749483906,0.08333333333333333,0.5425361155698235,T1,0.5441513870340128,-0.11027814086823318,↓,↓,VP_DECLINE_SILENT,59.25039136613677,CBI_STABLE,COST_DISADVANTAGE,-0.26039115450479533,-0.27227084325449946,-0.21343349107784348,Deteriorating,-0.27227084325449946,-1.9811918850380414,A
02611,国泰海通,2022-03-31,-10.854503464203235,2.66,-0.6422030616983084,0.5,1.054857898215466,T2,1.0651229409343803,-0.3205524860815422,→,→,VP_NEUTRAL,55.25697675129047,CBI_STABLE,COST_DISADVANTAGE,-0.26577691299678863,-0.27649129815912166,-0.3245126984030574,Stable,-0.27649129815912166,-4.080640400076404,A
02611,国泰海通,2022-04-30,-4.922279792746109,1.96,-1.1080808288364075,0.25,0.8065843621399176,T2,0.8048836637927294,-0.18274573613897083,↓,↓,VP_DECLINE_SILENT,50.60271733939314,CBI_STABLE,COST_DISADVANTAGE,-0.2564767295985383,-0.288235666711825,-0.35776207335212973,Deteriorating,-0.288235666711825,-2.5113672411969947,A
02611,国泰海通,2022-05-31,-0.8174386920980825,1.51,-1.210941322173893,0.08333333333333333,0.6398305084745763,T2,0.6354016651751181,-0.11046576778365536,↓,↓,VP_SHRINK,71.20394240635297,CBI_LOCKED_CANDIDATE,COST_DISADVANTAGE,-0.26179190950231623,-0.24460156647685494,-0.3630119746598779,Stable,-0.24460156647685494,-0.5413501272172732,A
02611,国泰海通,2022-06-30,5.906593406593408,2.5500000000000003,-0.40769350157991585,0.5833333333333334,1.2000000000000002,T3,1.1966996304055646,-0.052036335513218734,↑,↑,VP_EXPANSION,69.26957121482289,CBI_STABLE,COST_DISADVANTAGE,-0.19914365297243197,-0.21850969362075523,-0.22544256068365653,Improving,-0.21850969362075523,2.316311139840552,A
02611,国泰海通,2022-07-31,-5.706874189364464,1.04,-1.218092905466877,0.08333333333333333,0.5468886941279579,T2,0.5440980266320699,-0.47059388319108475,↓,↓,VP_DECLINE_SILENT,74.81645168260754,CBI_LOCKED_CANDIDATE,COST_DISADVANTAGE,-0.22700544013812807,-0.2291124822341546,-0.26964557926980326,Deteriorating,-0.2291124822341546,-5.487379028235061,A
02611,国泰海通,2022-08-31,0.0,0.69,-1.3925321764968115,0.08333333333333333,0.3976945244956771,T2,0.40260769901237325,-0.5340983573953734,↓,↓,VP_SHRINK,80.81760945513187,CBI_LOCKED_CANDIDATE,COST_DISADVANTAGE,-0.22283139869807267,-0.22287535902300804,-0.26964557926980326,Stable,-0.22287535902300804,0.0,A
02611,国泰海通,2022-09-30,-13.617606602475918,1.28,-0.9443484395728386,0.25,0.8504983388704318,T2,0.8479290348623131,-0.500002564559112,↓,↓,VP_DECLINE_SILENT,66.68941914554802,CBI_STABLE,COST_DISADVANTAGE,-0.2631856060223803,-0.2908675901181944,-0.3151381718876556,Deteriorating,-0.2908675901181944,-10.638755158184312,A
02611,国泰海通,2022-10-31,-6.52866242038217,1.01,-1.1089859605158392,0.16666666666666666,0.75,T2,0.770750748246025,0.004918001406787997,↓,↓,VP_DECLINE_SILENT,69.68399193047593,CBI_STABLE,COST_DISADVANTAGE,-0.2744945839219636,-0.2924368053415086,-0.35985048869116854,Deteriorating,-0.2924368053415086,-6.464022198398188,A
02611,国泰海通,2022-11-30,19.761499148211236,9.15,8.00939125093395,1.0,3.4923664122137406,T5,3.4856830081845143,12.070493233656421,↑↑,↑↑,VP_OVERHEAT,25.449838482443745,CBI_TURBULENT,COST_DISADVANTAGE,-0.18641864580865597,-0.1986999790443813,-0.23334734846659533,Deteriorating,-0.1986999790443813,2.159726682864616,A
02611,国泰海通,2022-12-31,-4.267425320056894,1.56,-0.355879275790071,0.5,0.6354378818737271,T3,0.6385703482334237,0.23369087040455416,↓,↓,VP_DECLINE_SILENT,46.49311234878233,CBI_ACTIVE,COST_DISADVANTAGE,-0.23220809533638131,-0.2553644595618899,-0.23229666471664445,Deteriorating,-0.2553644595618899,-2.735529051318522,A
02611,国泰海通,2023-01-31,12.035661218424965,1.45,-0.3698063468266935,0.4166666666666667,0.5746367239101717,T3,0.5703225541214687,0.38633388299296323,↓,↓,VP_LOCKED_CANDIDATE,44.35243571343375,CBI_ACTIVE,COST_DISADVANTAGE,-0.24228938778183895,-0.19854780815348172,-0.13989849211939065,Improving,-0.19854780815348172,8.300456012706872,A
02611,国泰海通,2023-02-28,-3.9787798408488007,1.29,-0.42994110153429094,0.4166666666666667,0.4917407878017789,T3,0.4933027138849335,-0.8582284462363005,↓,↓,VP_DECLINE_SILENT,51.09595128550386,CBI_STABLE,COST_DISADVANTAGE,-0.2423821344626752,-0.24325559903364224,-0.17412003752578098,Deteriorating,-0.24325559903364224,-3.084325458022326,A
02611,国泰海通,2023-03-31,3.314917127071837,1.37,-0.3374447304205352,0.5,0.5192672141503475,T3,0.5187865874753224,-0.1269468634060884,↓,↓,VP_LOCKED_CANDIDATE,57.763625247085486,CBI_STABLE,COST_DISADVANTAGE,-0.21274877653110635,-0.2052038645926072,-0.20924295887009536,Improving,-0.2052038645926072,2.4196475380086397,A
02611,国泰海通,2023-04-30,7.486631016042766,1.78,-0.13244315966641515,0.8333333333333334,0.6433734939759035,T3,0.6431847574023779,0.23441820653020762,↓,↓,VP_LOCKED_CANDIDATE,35.84407590829138,CBI_ACTIVE,COST_DISADVANTAGE,-0.19596612473434027,-0.18968990885407466,-0.15004189696732184,Improving,-0.18968990885407466,4.205972480922902,A
02611,国泰海通,2023-05-31,-5.721393034825861,2.69,0.25665532823410075,0.9166666666666666,1.5917159763313609,T3,1.581623176140501,1.0603708269617789,↑↑,↑↑,VP_PANIC,31.001561542510053,CBI_ACTIVE,COST_DISADVANTAGE,-0.23392942023261964,-0.26829321700432396,-0.1986713406731715,Deteriorating,-0.26829321700432396,-2.1269119088571977,A
02611,国泰海通,2023-06-30,1.846965699208436,0.96,-0.5090774914563173,0.16666666666666666,0.6037735849056604,T2,0.6138573726537357,-0.28873477614995,↓,↓,VP_LOCKED_CANDIDATE,57.0556659153491,CBI_STABLE,COST_DISADVANTAGE,-0.14356164668322535,-0.1762299273712724,-0.23094731627700305,Improving,-0.1762299273712724,1.9239226033421208,A
02611,国泰海通,2023-07-31,6.865284974093266,1.94,-0.07534543696569193,0.8333333333333334,1.1605184446660017,T3,1.1601260081391522,0.09005217929254172,↑,↑,VP_EXPANSION,36.2923817763481,CBI_ACTIVE,COST_DISADVANTAGE,-0.14827881881186367,-0.13610319597100373,-0.17814965793850712,Improving,-0.13610319597100373,3.5388066876769417,A
02611,国泰海通,2023-08-31,-6.303030303030299,3.93,0.7618204471701822,0.9166666666666666,1.8610891870560378,T4,1.8605855711504413,0.47061989490205414,↑↑,↑↑,VP_PANIC,31.5442276273918,CBI_ACTIVE,COST_DISADVANTAGE,-0.14876370255506788,-0.19208641960800943,-0.2299511340442011,Deteriorating,-0.19208641960800943,-1.6038245045878623,A
02611,国泰海通,2023-09-30,-5.821474773609314,1.01,-0.6429327247638825,0.25,0.49228269699431354,T2,0.4922422088282395,0.034590420358247,↓,↓,VP_DECLINE_SILENT,50.88537100632056,CBI_STABLE,COST_DISADVANTAGE,-0.18141598097452538,-0.1962922738262478,-0.232708380418429,Deteriorating,-0.1962922738262478,-5.763836409514172,A
02611,国泰海通,2023-10-31,-0.27472527472528485,0.88,-0.7003230990717697,0.08333333333333333,0.46275197195442597,T2,0.4553399194694431,-0.554570632712264,↓,↓,VP_SHRINK,58.79838248625255,CBI_STABLE,COST_DISADVANTAGE,-0.15180486352343758,-0.15704169975807325,-0.2348163244282685,Stable,-0.15704169975807325,-0.3121878121878237,A
02611,国泰海通,2023-11-30,3.994490358126712,1.49,-0.2621605068345363,0.5833333333333334,0.8756121449559257,T3,0.8874411925855374,-0.6147517226285844,↓,↓,VP_LOCKED_CANDIDATE,67.90512790603945,CBI_STABLE,COST_DISADVANTAGE,-0.1755353391278841,-0.16795644964770384,-0.204251136285596,Improving,-0.16795644964770384,2.6808660121655787,A
02611,国泰海通,2023-12-31,-3.0463576158940353,1.49,-0.2543200643034798,0.6666666666666666,0.8324022346368715,T3,0.8352095550912315,0.48266114270321103,↓,↓,VP_DECLINE_SILENT,68.56249745931476,CBI_STABLE,COST_DISADVANTAGE,-0.15542182888899636,-0.16109021437521465,-0.17161564501271964,Deteriorating,-0.16109021437521465,-2.0445353126805608,A
02611,国泰海通,2024-01-31,-1.5027322404371657,1.78,0.0795694276248938,0.75,1.0094517958412097,T3,1.0169361059616275,1.0806273799077126,→,→,VP_NEUTRAL,74.73081240071019,CBI_LOCKED_CANDIDATE,COST_DISADVANTAGE,-0.17641936848320094,-0.17733940692451466,-0.18406404378985097,Stable,-0.17733940692451466,-0.8442315957512166,A
02611,国泰海通,2024-02-29,4.576976421636614,1.26,-0.5863914134099285,0.3333333333333333,0.9557522123893807,T2,0.9586090720922262,-0.1603706681679078,→,→,VP_STABLE_ASCENT,86.96489612740527,CBI_LOCKED_CANDIDATE,COST_DISADVANTAGE,-0.15965790915378553,-0.14922474102730077,-0.1467188474584572,Improving,-0.14922474102730077,3.632520969552868,A
02611,国泰海通,2024-03-31,-5.702917771883287,2.39,0.755786798970989,0.8333333333333334,1.5435952637244352,T4,1.540873439422552,0.6030019460397373,↑↑,↑↑,VP_PANIC,72.47713755968283,CBI_LOCKED_CANDIDATE,COST_DISADVANTAGE,-0.17835355548392395,-0.20414612492624373,-0.19765033686750433,Deteriorating,-0.20414612492624373,-2.3861580635494923,A
02611,国泰海通,2024-04-30,-3.234880450070332,2.5,0.8010149490492019,0.8333333333333334,1.374885426214482,T4,1.3573925129906277,0.3784179113450743,↑,↑,VP_SELLING_ACTIVE,70.4501219634984,CBI_LOCKED_CANDIDATE,COST_DISADVANTAGE,-0.14917390517975893,-0.14287082485583413,-0.22360538926138263,Deteriorating,-0.14287082485583413,-1.2939521800281328,A
02611,国泰海通,2024-05-31,-0.7267441860465129,4.4,3.0569214644746987,1.0,1.91027496382055,T5,1.9093830134344592,2.4693008986649017,↑↑,↑↑,VP_NEUTRAL,54.60844568025306,CBI_STABLE,COST_DISADVANTAGE,-0.21212648891096597,-0.22335618287354997,-0.229247791955704,Stable,-0.22335618287354997,-0.1651691331923893,A
02611,国泰海通,2024-06-30,-1.6105417276720435,3.15,0.9632976714114624,0.8333333333333334,1.2209302325581395,T4,1.2252658012498963,0.3214400932682988,↑,↑,VP_SELLING_ACTIVE,57.48314897703149,CBI_STABLE,COST_DISADVANTAGE,-0.1410802712828776,-0.15502717264715604,-0.19423254845730065,Deteriorating,-0.15502717264715604,-0.5112830881498551,A
02611,国泰海通,2024-07-31,5.803571428571441,1.78,-0.3775571760934569,0.5833333333333334,0.689922480620155,T3,0.6876708342771248,-0.2831429623456012,↓,↓,VP_LOCKED_CANDIDATE,70.51118802710403,CBI_LOCKED_CANDIDATE,COST_DISADVANTAGE,-0.10463733027783417,-0.09783249730703858,-0.14746925885884032,Improving,-0.09783249730703858,3.2604333868378883,A
02611,国泰海通,2024-08-31,2.1097046413502074,14.440000000000001,12.49528927023402,1.0,3.0230286113049547,T5,3.0205181261470533,2.273466250429988,↑↑,↑↑,VP_OVERHEAT,26.280481607130667,CBI_TURBULENT,COST_DISADVANTAGE,-0.07322650569007261,-0.07704735621058856,-0.129483378244048,Deteriorating,-0.07704735621058856,0.14610142945638555,A
02611,国泰海通,2024-09-30,-3.0303030303030276,0.7,-0.6906211601865513,0.08333333333333333,0.15572858731924358,T2,0.15740639538460252,-0.7768220036603691,↓,↓,VP_DECLINE_SILENT,55.854717341784465,CBI_STABLE,COST_DISADVANTAGE,-0.12514107433935906,-0.12514107433935906,-0.10605453042773128,Deteriorating,-0.12514107433935906,-4.329004329004325,A
02611,国泰海通,2024-10-31,49.85795454545456,47.48,12.034163630762237,1.0,3.959416261292564,T5,3.9568098191576144,25.692861938614524,↑↑,↑↑,VP_OVERHEAT,14.18335393817178,CBI_TURBULENT,COST_NEUTRAL,-0.07786000126656989,-0.14065555486341563,0.3396483954527607,Deteriorating,-0.14065555486341563,1.0500832886574256,A
02611,国泰海通,2024-11-30,1.1374407582938284,18.76,0.8616702063311321,0.9166666666666666,1.3041362530413627,T4,1.303599851436887,0.29878205888026765,↑,↑,VP_DIVERGENCE_HIGH,12.927736884645476,CBI_TURBULENT,COST_NEUTRAL,-0.07195365652811181,-0.12348595334357804,0.3548861023204699,Deteriorating,-0.12348595334357804,0.060631170484745645,A
02611,国泰海通,2024-12-31,-3.5613870665417102,8.200000000000001,-0.0571901605296402,0.75,0.5385288966725045,T3,0.5369313163521203,10.540908343817215,↓,↓,VP_DECLINE_SILENT,20.2213632511289,CBI_TURBULENT,COST_DISADVANTAGE,-0.09203177063187862,-0.11768364877190474,-0.15539470427459878,Deteriorating,-0.11768364877190474,-0.4343154959197207,A
02611,国泰海通,2025-01-31,3.498542274052485,5.87,-0.2782423565430255,0.6666666666666666,0.36898899947616554,T3,0.3683784682634576,-0.8766053150471413,↓,↓,VP_LOCKED_CANDIDATE,23.606803379596446,CBI_TURBULENT,COST_NEUTRAL,-0.05249312840609399,-0.008508867945064114,-0.12584583095475954,Improving,-0.008508867945064114,0.5960037945574932,A
02611,国泰海通,2025-02-28,3.3802816901408406,16.38,0.49188877571640727,0.8333333333333334,1.0091385152479722,T3,1.009580812593464,-0.12670736122366533,→,→,VP_STABLE_ASCENT,28.403206028473456,CBI_TURBULENT,COST_DISADVANTAGE,-0.07639331967627794,-0.056394280029546384,-0.09629695763492052,Improving,-0.056394280029546384,0.2063664035495019,A
02611,国泰海通,2025-03-31,-5.449591280653943,13.82,0.19967802875107926,0.6666666666666666,0.7503393358067143,T3,1.110481743116142,1.6854620571352847,↑,↓,VP_NEUTRAL,26.897366543949627,CBI_TURBULENT,COST_DISADVANTAGE,-0.10662764152120296,-0.14327592432996594,-0.1166773745573596,Stable,-0.14327592432996594,-0.3943264313063634,A
02611,国泰海通,2025-04-30,-1.9212295869356355,6.59,-0.45008698846362244,0.5,0.5679402470554438,T3,1.1362945150445511,1.8363222553551481,↑,↓,VP_NEUTRAL,32.3804146434589,CBI_ACTIVE,COST_DISADVANTAGE,-0.05667577740211038,-0.021605585854557297,-0.13364803018546023,Stable,-0.021605585854557297,-0.2915371148612497,A
02611,国泰海通,2025-05-31,0.19588638589618235,5.08,-0.590591355950962,0.3333333333333333,0.5448695030389704,T2,0.9363496931018663,-0.22134988519566579,→,↓,VP_NEUTRAL,39.251601766141285,CBI_ACTIVE,COST_DISADVANTAGE,-0.08143772685847717,-0.07929021163383865,-0.1319509646226501,Stable,-0.07929021163383865,0.03856031218428786,A
02611,国泰海通,2025-06-30,17.693059628543484,15.07,0.1956235643846436,0.75,1.4395796847635727,T3,2.0426569761594355,0.7298325567899377,↑↑,↑,VP_NEUTRAL,19.943453000127377,CBI_TURBULENT,COST_NEUTRAL,-0.06212755963314487,-0.02326028903517119,0.03527209551612276,Stable,-0.02326028903517119,1.1740583695118436,A
02611,国泰海通,2025-07-31,35.88039867109636,26.88,1.0933339884863569,0.9166666666666666,1.9241231209735148,T4,2.3438053048214624,3.0768987856931833,↑↑,↑↑,VP_OVERHEAT,12.423076106605777,CBI_TURBULENT,COST_ADVANTAGE,0.015431332317014101,0.048272113961675966,0.40673185071792095,Deteriorating,0.048272113961675966,1.33483626008543,A
02611,国泰海通,2025-08-31,-3.85085574572126,15.27,0.022849709286343074,0.6666666666666666,1.1077257889009795,T3,1.180455162489696,2.0153697649828612,↑,↑,VP_SELLING_ACTIVE,19.10129641497081,CBI_TURBULENT,COST_NEUTRAL,-0.06853229288278084,-0.09049868001141592,0.3525606364176588,Deteriorating,-0.09049868001141592,-0.25218439723125474,A
02611,国泰海通,2025-09-30,-0.4450095359186279,11.71,-0.3947016992391151,0.4166666666666667,0.8717121588089332,T3,0.8698601677092279,-0.22501628757871173,↓,↓,VP_SHRINK,29.19105120721143,CBI_TURBULENT,COST_NEUTRAL,0.01763274032239015,-0.017228826271480813,-0.030737857981434802,Stable,-0.017228826271480813,-0.03800252228169324,A
02611,国泰海通,2025-10-31,-7.53512132822477,9.15,-0.6273586098269607,0.4166666666666667,0.6601731601731602,T2,0.6596194335521998,-0.6602124517065062,↓,↓,VP_DECLINE_SILENT,26.159235956227057,CBI_TURBULENT,COST_DISADVANTAGE,-0.05139879208063147,-0.057556355714112994,-0.10377293637108398,Deteriorating,-0.057556355714112994,-0.8235105276748382,A
02611,国泰海通,2025-11-30,4.6270718232044095,5.7,-1.073799710250897,0.16666666666666666,0.40821198376700885,T2,0.40853858525051095,-0.6264955009523853,↓,↓,VP_LOCKED_CANDIDATE,36.858848230005776,CBI_ACTIVE,COST_DISADVANTAGE,-0.013624339089194137,-0.04119820660801399,-0.06230386643797814,Improving,-0.04119820660801399,0.8117669865270893,A
02611,国泰海通,2025-12-31,7.194719471947186,8.06,-0.6256436584819425,0.4166666666666667,0.6299335677999219,T2,0.6299620375758452,-0.3102617726898056,↓,↓,VP_LOCKED_CANDIDATE,27.794517931093317,CBI_TURBULENT,COST_NEUTRAL,-0.04749265982881823,-0.006024960879745356,0.026818562886786523,Improving,-0.006024960879745356,0.8926450957750851,A
02611,国泰海通,2026-01-31,-0.12315270935960854,8.68,-0.5732390195108956,0.4166666666666667,0.8891924193273006,T2,0.8912253066183772,-0.04832758118074454,↓,↓,VP_SHRINK,28.704776319492893,CBI_TURBULENT,COST_NEUTRAL,-0.027980194028876526,-0.06943205416899723,0.025554008006384077,Stable,-0.06943205416899723,-0.01418810015663693,A
02611,国泰海通,2026-02-28,-4.192355117139335,4.8100000000000005,-1.111540766838718,0.08333333333333333,0.5998752858033674,T2,0.6000071622817995,-0.15685032311440117,↓,↓,VP_DECLINE_SILENT,41.21545522131451,CBI_ACTIVE,COST_DISADVANTAGE,-0.05146188084446335,-0.08770321992713925,-0.01744085792729899,Deteriorating,-0.08770321992713925,-0.8715915004447681,A
02611,国泰海通,2026-03-31,-16.47361647361647,7.22,-0.5500316222774361,0.4166666666666667,0.9931224209078403,T2,0.9922930493268977,-0.10475316622279163,→,→,VP_NEUTRAL,32.509173738693804,CBI_ACTIVE,COST_DISADVANTAGE,-0.05708323372574586,-0.09431059288976718,-0.2016931072517767,Stable,-0.09431059288976718,-2.281664331525827,A
02611,国泰海通,2026-04-30,0.23112480739599928,5.12,-0.9024019495820436,0.25,0.7759535236170751,T2,0.7817139744171905,-0.40606286647806566,↓,↓,VP_SHRINK,32.303659024614106,CBI_ACTIVE,COST_DISADVANTAGE,-0.0764303497163763,-0.06654481569853588,-0.1998480219834834,Stable,-0.06654481569853588,0.04514156394453111,A
02611,国泰海通,2026-05-31,0.3843197540353671,5.93,-0.7722593113499212,0.3333333333333333,0.8935208437970869,T2,0.8927661770592465,0.23383427181288385,↓,↓,VP_SHRINK,31.497808076448443,CBI_ACTIVE,COST_NEUTRAL,-0.0013555208535697139,-0.015926172034424924,-0.1967728798696613,Stable,-0.015926172034424924,0.06480940202957287,A
02611,国泰海通,2026-06-30,13.705972434915758,9.68,-0.03033404187224467,0.75,1.4015444015444016,T3,1.4024640789817393,0.34547106598164556,↑,↑,VP_EXPANSION,24.5237158622462,CBI_TURBULENT,COST_ADVANTAGE,-0.004718026734064962,0.022299223959695302,0.05904216201606283,Improving,0.022299223959695302,1.4159062432764213,A
02611,国泰海通,2026-07-31,0.5387205387205496,7.140000000000001,-0.38782338119498777,0.4166666666666667,1.073684210526316,T3,1.0719521731698407,0.38241634010308045,→,→,VP_NEUTRAL,46.82191599834134,CBI_ACTIVE,COST_NEUTRAL,-0.005001594020579869,-0.005122141790839807,0.0647474396565535,Stable,-0.005122141790839807,0.07545105584321422,A
03033,南方恒生科技,2020-08-31,0.0,337.3,,,,,,,,,VP_NEUTRAL,,,,-0.04873686668075994,-0.043046419598051555,,Stable,-0.043046419598051555,0.0,A
03033,南方恒生科技,2020-09-30,-6.860158311345654,107.21,,,,,,,,,VP_NEUTRAL,,,COST_DISADVANTAGE,-0.008757349062854525,-0.042711322868737356,-0.07468492283665529,Stable,-0.042711322868737356,-0.06398804506431914,A
03033,南方恒生科技,2020-10-31,6.515580736543902,32.41,,,0.2038706701333557,,0.4969572758071085,,↓,↓,VP_LOCKED_CANDIDATE,,,COST_NEUTRAL,-0.00862343643761232,-0.00417877587168114,-0.01439527191666401,Improving,-0.00417877587168114,0.2010361226949677,A
03033,南方恒生科技,2020-11-30,6.382978723404253,86.47,,,0.6139264097694315,,1.2368120499614523,0.14935501312269794,↑,↓,VP_NEUTRAL,,,COST_NEUTRAL,-0.0037505242507750447,0.0046798718580698395,0.04851566817376174,Stable,0.0046798718580698395,0.07381726290510297,A
03033,南方恒生科技,2020-12-31,4.499999999999993,63.6,,,0.507185122569738,,0.9359319184948998,-0.2506895960278439,→,↓,VP_NEUTRAL,,,COST_ADVANTAGE,0.013577495353970459,0.036648814626253134,0.05467632974095382,Stable,0.036648814626253134,0.07075471698113196,A
03033,南方恒生科技,2021-01-31,11.961722488038284,151.61,0.24086375593209108,0.8333333333333334,1.1683277677883381,T3,1.7996290211997112,3.606341530170999,↑↑,↑,VP_NEUTRAL,20.983517804532948,CBI_TURBULENT,COST_NEUTRAL,-0.03679847243639067,0.007295125812133207,0.18083378545159423,Stable,0.007295125812133207,0.07889797828664523,A
03033,南方恒生科技,2021-02-28,-4.594017094017088,140.64,0.10892687905667627,0.7142857142857143,1.450046396535725,T3,1.6189524293134825,0.7788023908546176,↑↑,↑,VP_NEUTRAL,22.244712463444266,CBI_TURBULENT,COST_NEUTRAL,-0.06051343573258905,-0.09510601288216725,0.12658607949601897,Stable,-0.09510601288216725,-0.03266508172651514,A
03033,南方恒生科技,2021-03-31,-9.070548712206051,133.46,0.02313618624635885,0.625,1.31662802742564,T3,1.7292598396969043,2.043578712307809,↑↑,↑,VP_NEUTRAL,28.42867826808031,CBI_TURBULENT,COST_DISADVANTAGE,0.007675736096538044,-0.03606762576195821,-0.11044624150458149,Stable,-0.03606762576195821,-0.0679645490199764,A
03033,南方恒生科技,2021-04-30,1.7241379310344973,45.31,-0.9971419678769112,0.2222222222222222,0.43771434091677536,T2,0.6202389042321952,-0.4931037186253575,↓,↓,VP_LOCKED_CANDIDATE,37.31189404410771,CBI_ACTIVE,COST_NEUTRAL,-0.01700067932326077,-0.0011553100571930486,-0.0951091077374191,Improving,-0.0011553100571930486,0.0380520399698631,A
03033,南方恒生科技,2021-05-31,-2.6634382566586012,61.12,-0.7082123723892831,0.3,0.6155705509114714,T2,0.8817777403279505,-0.287227116110356,↓,↓,VP_DECLINE_SILENT,30.426078524457715,CBI_ACTIVE,COST_NEUTRAL,0.009582398304518014,0.023952019228807186,-0.11921031794296,Deteriorating,0.023952019228807186,-0.043577196607634185,A
03033,南方恒生科技,2021-06-30,0.3731343283582156,29.93,-1.0288339128997428,0.09090909090909091,0.3194975714768623,T2,0.5244910597702391,-0.6669195023298302,↓,↓,VP_SHRINK,41.39339087571037,CBI_ACTIVE,COST_NEUTRAL,0.013913502286286628,0.006520235980028932,0.0061981127984491735,Stable,0.006520235980028932,0.01246690037949267,A
03033,南方恒生科技,2021-07-31,-16.60470879801734,63.629999999999995,-0.5329793071817941,0.5,0.8052901347845345,T2,1.1954014899818444,0.9960917682596468,↑,↓,VP_NEUTRAL,25.744906522011085,CBI_TURBULENT,COST_DISADVANTAGE,0.021892582468612698,-0.0404659223006929,-0.1608781537628795,Stable,-0.0404659223006929,-0.26095723397795606,A
03033,南方恒生科技,2021-08-31,-3.1203566121842607,46.72,-0.8735833300197726,0.3333333333333333,0.7373543414788121,T2,1.0320590823556384,0.12709896164005485,→,↓,VP_NEUTRAL,34.096892902215835,CBI_ACTIVE,COST_NEUTRAL,0.04194678275579644,0.019771200255474186,-0.1870617477762221,Stable,0.019771200255474186,-0.06678845488408093,A
03033,南方恒生科技,2021-09-30,-7.515337423312873,32.31,-1.0750720719840547,0.16666666666666666,0.6947889040212172,T2,0.9163023387942664,0.44209107906480494,→,↓,VP_NEUTRAL,36.74713941905229,CBI_ACTIVE,COST_DISADVANTAGE,-0.02694382592572686,-0.057640298913119614,-0.09283595694515534,Stable,-0.057640298913119614,-0.23260097255688247,A
03033,南方恒生科技,2021-10-31,4.809286898839149,28.92,-1.1548507077174566,0.08333333333333333,0.6607013669420858,T2,0.8438554259779432,-0.40550064760770776,↓,↓,VP_LOCKED_CANDIDATE,38.581571206187746,CBI_ACTIVE,COST_NEUTRAL,-0.02134834148035425,0.0006073761759408658,-0.049207835471539285,Improving,0.0006073761759408658,0.1662962274840646,A
03033,南方恒生科技,2021-11-30,-5.379746835443033,28.38,-0.9943159271821674,0.08333333333333333,0.7407020749053895,T2,0.9079478261505046,-0.24845001267015743,→,↓,VP_NEUTRAL,40.55019544777352,CBI_ACTIVE,COST_DISADVANTAGE,-0.040973187918209586,-0.04141760782001069,-0.10035804685439953,Stable,-0.04141760782001069,-0.18956119927565304,A
03033,南方恒生科技,2021-12-31,-6.187290969899662,33.6,-0.7736856145294236,0.4166666666666667,0.8631615002568933,T2,1.1081758703877727,0.319504906590687,↑,↓,VP_NEUTRAL,12.91905318809587,CBI_TURBULENT,COST_NEUTRAL,0.0215704254579816,-0.01689644945473745,-0.07192975199319562,Stable,-0.01689644945473745,-0.18414556458034706,A
03033,南方恒生科技,2022-01-31,-4.812834224598939,45.269999999999996,-0.3416164579644446,0.5,1.2621747211895908,T3,1.5701599378367663,1.0926154849380696,↑↑,↑,VP_NEUTRAL,26.199959178263853,CBI_TURBULENT,COST_DISADVANTAGE,-0.013466069025810046,-0.030530485436647825,-0.11659623451758738,Stable,-0.030530485436647825,-0.10631398773136601,A
03033,南方恒生科技,2022-02-28,-5.617977528089879,40.38,-0.32792745972631676,0.5,1.160011490950876,T3,1.3707435446793206,0.8667690702791062,↑,↑,VP_SELLING_ACTIVE,18.311589418040874,CBI_TURBULENT,COST_DISADVANTAGE,-0.018393487698860844,-0.05524096689494207,-0.16622565954468915,Deteriorating,-0.05524096689494207,-0.1391277248164903,A
03033,南方恒生科技,2022-03-31,-11.111111111111105,133.23,7.752308052659577,1.0,2.58047646717025,T5,3.0386202310226538,4.489806661778945,↑↑,↑↑,VP_PANIC,12.710976273407148,CBI_TURBULENT,COST_NEUTRAL,-0.008997342312267342,0.048544963122616025,-0.04062836984934992,Deteriorating,0.048544963122616025,-0.08339796675757041,A
03033,南方恒生科技,2022-04-30,-1.562500000000011,148.35,3.4110533456858896,1.0,2.0738100230656324,T5,2.3905719244543158,3.4904677464070106,↑↑,↑↑,VP_PANIC,9.950405343919718,CBI_TURBULENT,COST_NEUTRAL,0.1019202937728132,0.08687844003558887,-0.05561855157045381,Deteriorating,0.08687844003558887,-0.010532524435456766,A
03033,南方恒生科技,2022-05-31,0.0,187.21,3.1914642103424833,1.0,1.9101761784912592,T5,2.1495470932457987,5.435178083534515,↑↑,↑↑,VP_NEUTRAL,10.02797639622699,CBI_TURBULENT,COST_NEUTRAL,0.08711679884669854,0.08247229694279778,-0.05561855157045381,Stable,0.08247229694279778,0.0,A
03033,南方恒生科技,2022-06-30,9.07029478458048,299.18,4.213362255118173,1.0,2.1029029310466014,T5,2.3112633116823873,1.7466954721260737,↑↑,↑↑,VP_OVERHEAT,9.880372030228935,CBI_TURBULENT,COST_ADVANTAGE,0.042997781336439944,0.036726310277552576,0.10635306626645069,Deteriorating,0.036726310277552576,0.030317182915236576,A
03033,南方恒生科技,2022-07-31,-11.018711018711002,177.74,1.000927250368304,0.8333333333333334,1.0814834345749376,T4,1.2303884918762849,0.4481646794159089,↑,→,VP_NEUTRAL,12.993409305980812,CBI_TURBULENT,COST_DISADVANTAGE,-0.03858023923447362,-0.057559509449668034,-0.015552780952097889,Stable,-0.057559509449668034,-0.06199342308265445,A
03033,南方恒生科技,2022-08-31,-1.4018691588785215,168.29,0.7325250198110741,0.75,0.9064093357271095,T4,1.024098145407693,0.053541700964789385,→,→,VP_NEUTRAL,7.10614233272297,CBI_TURBULENT,COST_NEUTRAL,0.023293103880462684,0.003696524030426529,-0.029353442901367655,Stable,0.003696524030426529,-0.00833007997432124,A
03033,南方恒生科技,2022-09-30,-19.431279620853083,108.17,-0.10782028426881624,0.5,0.596010799493085,T3,0.66039945210508,-0.5903915467311529,↓,↓,VP_DECLINE_SILENT,23.570394270928002,CBI_TURBULENT,COST_DISADVANTAGE,-0.02845603879147296,-0.11396341118980269,-0.1988880658352581,Deteriorating,-0.11396341118980269,-0.17963649459973266,A
03033,南方恒生科技,2022-10-31,-17.352941176470583,224.05,1.239073330701239,0.9166666666666666,1.154262261299629,T4,1.3686763352140425,0.5033612180531462,↑,↑,VP_SELLING_ACTIVE,10.898011526628505,CBI_TURBULENT,COST_DISADVANTAGE,-0.024280914414401167,-0.08759579043101129,-0.33790454852855145,Deteriorating,-0.08759579043101129,-0.0774511991808551,A
03033,南方恒生科技,2022-11-30,33.45195729537367,224.74,1.0472174464048267,0.9166666666666666,1.1216716437775023,T4,1.4153462977641476,0.7956889358217607,↑,↑,VP_EXPANSION,13.852012786051162,CBI_TURBULENT,COST_NEUTRAL,0.06706573225279522,0.11047807035381751,-0.11642066084771108,Stable,0.11047807035381751,0.148847367159267,A
03033,南方恒生科技,2022-12-31,8.53333333333335,206.14,0.6299719909910257,0.75,1.1151443022909846,T4,1.2297257630355098,1.376532417736421,↑,↑,VP_EXPANSION,18.815736752022055,CBI_TURBULENT,COST_NEUTRAL,-0.00879875352636994,-0.0034430525893978103,0.1603754767251051,Stable,-0.0034430525893978103,0.041395815141813085,A
03033,南方恒生科技,2023-01-31,10.073710073710075,173.95999999999998,-0.0054804208985437695,0.5,0.9442800922784638,T3,0.9480073551433971,-0.2044233183989237,→,→,VP_STABLE_ASCENT,24.289037657398627,CBI_TURBULENT,COST_NEUTRAL,-0.04319687786670234,0.0057430088017469405,0.27726833801682327,Improving,0.0057430088017469405,0.057908197710451116,A
03033,南方恒生科技,2023-02-28,-13.83928571428572,171.38,-0.3046642898840914,0.4166666666666667,0.9276821478835119,T3,0.9161415945253749,-0.32046738083495463,→,→,VP_NEUTRAL,26.714573042458028,CBI_TURBULENT,COST_NEUTRAL,-0.0579508900776482,-0.09539782097007221,0.10050352338056623,Stable,-0.09539782097007221,-0.08075204641315044,A
03033,南方恒生科技,2023-03-31,9.32642487046631,224.67000000000002,0.7405258150398608,0.8333333333333334,1.100478390778324,T4,1.207655035515096,0.19194860253345536,↑,↑,VP_EXPANSION,16.49101099492116,CBI_TURBULENT,COST_ADVANTAGE,0.018667797522663454,0.06202159757314574,0.0061297888833315994,Stable,0.06202159757314574,0.04151166097149735,A
03033,南方恒生科技,2023-04-30,-9.004739336492884,119.72,-1.6812901294652727,0.16666666666666666,0.6410080224163626,T1,0.7285953548948754,-0.1394774151253828,↓,↓,VP_DECLINE_SILENT,35.95359067579064,CBI_ACTIVE,COST_DISADVANTAGE,0.0020368187055805898,-0.04358018400217856,-0.08446957599241856,Deteriorating,-0.04358018400217856,-0.07521499612840699,A
03033,南方恒生科技,2023-05-31,-7.5520833333333375,151.7,-0.7654026445616965,0.25,0.8688679515450041,T2,0.959684893361169,0.07752723970364683,→,↓,VP_NEUTRAL,35.72204943341109,CBI_ACTIVE,COST_DISADVANTAGE,-0.04933186312402238,-0.05736398566205814,-0.15361119655549116,Stable,-0.05736398566205814,-0.049783014722039144,A
03033,南方恒生科技,2023-06-30,8.169014084507054,180.0,0.0693367731510209,0.6666666666666666,1.0573411785438063,T3,1.1132564562889518,-0.1784857509028085,↑,→,VP_NEUTRAL,18.125234519642365,CBI_TURBULENT,COST_NEUTRAL,-0.007622120570219937,-0.011344758184281267,-0.010240018701417442,Stable,-0.011344758184281267,0.045383411580594744,A
03033,南方恒生科技,2023-07-31,16.666666666666675,198.57,0.5450000811763657,0.6666666666666666,1.138981300906275,T4,1.0996826544704223,0.4782608523997822,→,↑,VP_NEUTRAL,18.331953650085744,CBI_TURBULENT,COST_ADVANTAGE,0.07335350564518706,0.09642399231750964,0.1547199781816797,Stable,0.09642399231750964,0.08393345755485056,A
03033,南方恒生科技,2023-08-31,-8.25892857142857,206.43,0.6716987758324843,0.75,1.1456770481643528,T4,1.1829731681693652,0.36384817728282304,↑,↑,VP_SELLING_ACTIVE,15.903405887126478,CBI_TURBULENT,COST_NEUTRAL,0.04211969837919205,-0.016638359935375657,0.05935247998363913,Deteriorating,-0.016638359935375657,-0.04000837364447304,A
03033,南方恒生科技,2023-09-30,-6.3260340632603445,106.67,-2.5781971018841703,0.08333333333333333,0.6645484845653054,T1,0.757224644316884,-0.311147933521273,↓,↓,VP_DECLINE_SILENT,38.55725350538862,CBI_ACTIVE,COST_DISADVANTAGE,0.016281042399286072,-0.024709008211455052,-0.05895391886995649,Deteriorating,-0.024709008211455052,-0.05930471607068852,A
03033,南方恒生科技,2023-10-31,-4.155844155844157,95.15,-2.2128192971702036,0.08333333333333333,0.6082981715893109,T1,0.6881355555590793,-0.3998697884535989,↓,↓,VP_DECLINE_SILENT,38.89646429091171,CBI_ACTIVE,COST_NEUTRAL,0.010712645212168637,-0.011262914742744323,-0.09806232743639987,Deteriorating,-0.011262914742744323,-0.043676764643659036,A
03033,南方恒生科技,2023-11-30,3.7940379403794022,157.6,-0.2209517475219895,0.4166666666666667,1.0012494441032591,T3,1.1432934577666392,-0.0996756490179529,↑,→,VP_NEUTRAL,26.518074715534205,CBI_TURBULENT,COST_DISADVANTAGE,-0.03874039265865881,-0.025829313423451516,-0.06384246994076193,Stable,-0.025829313423451516,0.02407384479936169,A
03033,南方恒生科技,2023-12-31,-3.6553524804177617,163.76,0.03562029421353183,0.5,1.0585877739231613,T3,1.208577494267733,0.6759624274884308,↑,→,VP_NEUTRAL,24.040258365481957,CBI_TURBULENT,COST_NEUTRAL,0.019787185501762616,0.011831685102731138,-0.021776597779006868,Stable,0.011831685102731138,-0.022321400100255018,A
03033,南方恒生科技,2024-01-31,-20.32520325203252,145.95,-0.3925048125830378,0.3333333333333333,1.0001598976654942,T3,1.1541536728052812,0.8155927220980292,↑,→,VP_NEUTRAL,33.26962142562955,CBI_ACTIVE,COST_DISADVANTAGE,-0.05463000398008366,-0.0899500708146782,-0.22060249253937136,Stable,-0.0899500708146782,-0.13926141316911628,A
03033,南方恒生科技,2024-02-29,14.28571428571428,81.25999999999999,-1.9701955811284992,0.08333333333333333,0.649742134090273,T1,0.720653078479837,-0.40356685050622854,↓,↓,VP_LOCKED_CANDIDATE,38.80984253366961,CBI_ACTIVE,COST_NEUTRAL,0.023077222937338826,0.047172312078204826,-0.10925999147356724,Improving,0.047172312078204826,0.17580253858865716,A
03033,南方恒生科技,2024-03-31,1.1904761904761862,116.96,-0.73909105524871,0.3333333333333333,0.9225429878529737,T2,0.995921856296396,-0.2090382145473043,→,→,VP_NEUTRAL,39.18184621437023,CBI_ACTIVE,COST_NEUTRAL,0.004939727510954839,-0.006601876527319139,0.03308578109912852,Stable,-0.006601876527319139,0.010178490000651387,A
03033,南方恒生科技,2024-04-30,6.764705882352939,133.67,-0.30714610432740963,0.4166666666666667,1.0035285285285285,T3,1.0548577865867697,-0.06991792846719869,→,→,VP_STABLE_ASCENT,37.68457124302378,CBI_ACTIVE,COST_ADVANTAGE,0.046039177027028755,0.0514983942687095,0.10297099570289303,Improving,0.0514983942687095,0.05060751015450692,A
03033,南方恒生科技,2024-05-31,-0.5509641873278293,151.62,0.187490962720902,0.5833333333333334,1.1468697208844962,T3,1.1444270190764665,0.8085732830839509,↑,↑,VP_DIVERGENCE_HIGH,30.389313795826858,CBI_ACTIVE,COST_NEUTRAL,-0.029847999396732106,-0.068046732134046,0.0968940205199571,Deteriorating,-0.068046732134046,-0.003633849012846783,A
03033,南方恒生科技,2024-06-30,-3.0470914127423754,107.17,-0.9027578228374034,0.3333333333333333,0.8729212766246284,T2,0.8073851028684633,-0.17324817467971132,↓,↓,VP_DECLINE_SILENT,36.06693542715271,CBI_ACTIVE,COST_DISADVANTAGE,-0.021835492949113355,-0.04504819916488878,-0.046566039667941594,Deteriorating,-0.04504819916488878,-0.028432316998622517,A
03033,南方恒生科技,2024-07-31,-1.4285714285714235,132.43,-0.024971854889716993,0.5,1.0988369680961403,T3,1.0729601239364162,-0.061501592904415814,→,→,VP_NEUTRAL,34.010318965318426,CBI_ACTIVE,COST_NEUTRAL,0.0038005889916115088,-0.017242652834423167,-0.06018652481554232,Stable,-0.017242652834423167,-0.010787370147031817,A
03033,南方恒生科技,2024-08-31,1.4492753623188248,159.21,1.2637826326816533,0.9166666666666666,1.1924949441989363,T4,1.1857858775677712,0.03871406368096242,↑,↑,VP_DIVERGENCE_HIGH,18.22407573462811,CBI_TURBULENT,COST_NEUTRAL,0.020176443551179535,0.034899926774321965,-0.046566039667941594,Deteriorating,0.034899926774321965,0.009102916665528702,A
03033,南方恒生科技,2024-09-30,33.714285714285694,180.49,1.8506699192777765,1.0,1.2525474502365284,T5,1.235721349699274,0.7561686494959836,↑,↑,VP_EXPANSION,8.756904798489312,CBI_TURBULENT,COST_ADVANTAGE,0.15477895474350545,0.1931959912655803,0.29177049344162675,Stable,0.1931959912655803,0.18679309498745467,A
03033,南方恒生科技,2024-10-31,-5.769230769230759,321.99,6.69816465543768,1.0,1.8348576801436018,T5,1.9370596894958825,1.630783039191317,↑↑,↑↑,VP_PANIC,9.952476403853309,CBI_TURBULENT,COST_NEUTRAL,-0.01362205004954642,-0.04474237949749449,0.21724527266614846,Deteriorating,-0.04474237949749449,-0.01791742218463542,A
03033,南方恒生科技,2024-11-30,-3.1746031746031855,225.5,1.2023356984006748,0.9166666666666666,1.2007561302460974,T4,1.2759821859458957,0.5474862358969848,↑,↑,VP_SELLING_ACTIVE,9.305601544278442,CBI_TURBULENT,COST_NEUTRAL,0.013813249573333408,-0.020245469284984607,0.17860256559738152,Deteriorating,-0.020245469284984607,-0.014078062858550712,A
03033,南方恒生科技,2024-12-31,2.810304449648715,158.3,-0.02160862730755651,0.6666666666666666,0.8063365933170333,T3,0.8302056676977388,-0.04199835235109328,↓,↓,VP_LOCKED_CANDIDATE,19.790671216356806,CBI_TURBULENT,COST_NEUTRAL,-0.006673127575337667,-0.004473656169975304,-0.021536089499994082,Improving,-0.004473656169975304,0.01775302874067413,A
03033,南方恒生科技,2025-01-31,5.46697038724373,184.62,0.37988481199000745,0.8333333333333334,0.9005048329011226,T3,0.8961387317392898,-0.4401960908082293,↓,→,VP_NEUTRAL,14.4431850715152,CBI_TURBULENT,COST_ADVANTAGE,0.0022893632376221884,0.05982985269831054,0.031956242736908225,Stable,0.05982985269831054,0.029612015963837775,A
03033,南方恒生科技,2025-02-28,17.062634989200866,367.8,3.4265876836256477,1.0,1.533884757072357,T5,1.4230267362752316,0.42599378862347814,↑,↑↑,VP_NEUTRAL,7.071279393985546,CBI_TURBULENT,COST_NEUTRAL,-0.04535037346444404,0.0026811934862562836,0.20803516968337865,Stable,0.0026811934862562836,0.046391068486136125,A
03033,南方恒生科技,2025-03-31,-2.583025830258301,322.76,1.6617612958311796,0.9166666666666666,1.2249188789161085,T5,1.1280604223390491,0.7778826202035327,↑,↑,VP_SELLING_ACTIVE,13.900511900266125,CBI_TURBULENT,COST_NEUTRAL,-0.03571847720881527,-0.06715521984984907,0.0037359481135526007,Deteriorating,-0.06715521984984907,-0.008002930444473606,A
03033,南方恒生科技,2025-04-30,-5.492424242424243,420.5,2.5112268033374803,1.0,1.5022506966441993,T5,1.5440821844735786,1.2712005264155937,↑↑,↑↑,VP_PANIC,8.830625186596555,CBI_TURBULENT,COST_NEUTRAL,0.02559377946687036,0.05018912194908931,-0.05139348843056302,Deteriorating,0.05018912194908931,-0.013061650992685477,A
03033,南方恒生科技,2025-05-31,1.8036072144288484,207.4,-0.27043730764192425,0.5833333333333334,0.7490158783661774,T3,0.7804843275228165,-0.3815846063124856,↓,↓,VP_LOCKED_CANDIDATE,23.83091516133326,CBI_TURBULENT,COST_NEUTRAL,-0.00030035156820051867,-0.016302825488074046,-0.03428435295135479,Improving,-0.016302825488074046,0.008696273936493965,A
03033,南方恒生科技,2025-06-30,2.5590551181102317,242.67000000000002,-0.011377648537223702,0.6666666666666666,0.8340369468709725,T3,0.8800083214998686,-0.14590987055267568,↓,↓,VP_LOCKED_CANDIDATE,19.973360471000433,CBI_TURBULENT,COST_NEUTRAL,0.0020563106067228443,0.005891484252834145,0.04813479818072586,Improving,0.005891484252834145,0.010545411950839542,A
03033,南方恒生科技,2025-07-31,2.8790786948176716,312.8,0.6860497380014244,0.6666666666666666,1.0015315406658734,T4,1.0830907850403824,-0.21133677132451145,→,→,VP_STABLE_ASCENT,24.68656967204676,CBI_TURBULENT,COST_NEUTRAL,-0.03842190094491471,0.0015395598799858856,0.07831142384811729,Stable,0.0015395598799858856,0.009204215776271328,A
03033,南方恒生科技,2025-08-31,4.104477611940283,281.77,0.1715148504813065,0.5833333333333334,0.9455897980871413,T3,1.1299135891386842,0.6651394294090787,↑,→,VP_NEUTRAL,29.044340159821363,CBI_TURBULENT,COST_NEUTRAL,-0.008314103263899808,0.01564511960757664,0.12257047482695782,Stable,0.01564511960757664,0.014566765844271154,A
03033,南方恒生科技,2025-09-30,13.799283154121866,301.81,0.32242168773600877,0.5833333333333334,1.0248507314864597,T3,1.2635189894144738,0.6748912855393079,↑,→,VP_NEUTRAL,25.641591617960096,CBI_TURBULENT,COST_ADVANTAGE,0.03372794521478828,0.06856792722216398,0.129676417486289,Stable,0.06856792722216398,0.04572175591969075,A
03033,南方恒生科技,2025-10-31,-8.661417322834641,259.27,-0.20715386600340793,0.5,0.9687990434197742,T3,1.1637544628809484,0.12589766635575517,↑,→,VP_NEUTRAL,19.558350642080143,CBI_TURBULENT,COST_NEUTRAL,-0.027972811955840227,-0.03517284929346487,0.031830428570153835,Stable,-0.03517284929346487,-0.0334069399577068,A
03033,南方恒生科技,2025-11-30,-5.344827586206891,202.72,-1.006428900926807,0.25,0.7597061909758658,T2,0.9427560936431436,-0.0803208596507583,→,↓,VP_NEUTRAL,31.1935610359942,CBI_ACTIVE,COST_NEUTRAL,0.002168012954062881,-0.019638019356214453,-0.023319128818940493,Stable,-0.019638019356214453,-0.02636556623030234,A
03033,南方恒生科技,2025-12-31,-1.821493624772319,141.14000000000001,-2.0331725769901463,0.08333333333333333,0.5647444831978448,T1,0.677711332220693,-0.45176842593974564,↓,↓,VP_DECLINE_SILENT,37.912146759752716,CBI_ACTIVE,COST_NEUTRAL,-0.001139899698030744,-0.007199852570953125,-0.05843980119526282,Deteriorating,-0.007199852570953125,-0.012905580450420284,A
03033,南方恒生科技,2026-01-31,3.8961038961038863,225.15,-0.7007042637134899,0.3333333333333333,0.9568229144532743,T2,1.0830503727268557,-0.006465308045730311,→,→,VP_STABLE_ASCENT,28.886363224035357,CBI_TURBULENT,COST_NEUTRAL,-0.011745368464551986,-0.009533661679779759,-0.021755637605467837,Improving,-0.009533661679779759,0.017304480995353703,A
03033,南方恒生科技,2026-02-28,-10.178571428571415,169.03,-1.3477265308320918,0.16666666666666666,0.7806669129872529,T2,0.8824615966425228,-0.07976999898582104,↓,↓,VP_DECLINE_SILENT,35.44491898469225,CBI_ACTIVE,COST_DISADVANTAGE,-0.018509519343984482,-0.03883515199365728,-0.12132693877776835,Deteriorating,-0.03883515199365728,-0.06021754380033967,A
03033,南方恒生科技,2026-03-31,-9.542743538767407,287.27,0.4874787465825374,0.75,1.3417770788895982,T3,1.604559067389746,1.5434009683697338,↑↑,↑,VP_NEUTRAL,19.85515107738407,CBI_TURBULENT,COST_DISADVANTAGE,-0.027490053715762297,-0.050521609197108464,-0.11708046326162036,Stable,-0.050521609197108464,-0.03321872642032725,A
03033,南方恒生科技,2026-04-30,5.054945054945059,162.98,-1.4365489881308295,0.16666666666666666,0.8229304294406248,T2,0.9484143531297293,-0.09303616112505908,→,↓,VP_NEUTRAL,39.118040200973,CBI_ACTIVE,COST_NEUTRAL,-0.018601396455417696,-0.0024013737368275834,-0.07244936580011985,Stable,-0.0024013737368275834,0.031015738464505213,A
03033,南方恒生科技,2026-05-31,0.0,185.68,-0.869874587751207,0.3333333333333333,0.9511889007470651,T2,1.0483136016223464,0.3006074438237707,→,→,VP_NEUTRAL,33.167448282623894,CBI_ACTIVE,COST_NEUTRAL,-0.007060286730006693,-0.01428967883605603,-0.07244936580011985,Stable,-0.01428967883605603,0.0,A
03033,南方恒生科技,2026-06-30,-8.158995815899594,366.06,2.325736090718014,1.0,1.5731322116934183,T5,1.5628513603501932,0.19443220948661466,↑↑,↑↑,VP_PANIC,9.880433615074493,CBI_TURBULENT,COST_DISADVANTAGE,0.019463397674561733,-0.04105732826791497,-0.06645531848127595,Deteriorating,-0.04105732826791497,-0.022288684412117125,A
03033,南方恒生科技,2026-07-31,7.7448747152619735,494.54,3.8888493805529905,1.0,1.7815269338840989,T5,1.6288227648973226,1.5301679365061838,↑↑,↑↑,VP_OVERHEAT,11.403883736404799,CBI_TURBULENT,COST_ADVANTAGE,0.009215592929550764,0.025325426936874118,0.005846547513340683,Deteriorating,0.025325426936874118,0.015660764984150873,A
03800,协鑫科技,2010-01-31,0.0,7.0,,,,,,,,,VP_NEUTRAL,,,,-0.059481062985008104,-0.17899794607971586,,Stable,-0.17899794607971586,0.0,A
03800,协鑫科技,2010-02-28,3.3557046979865834,4.25,,,,,,,,,VP_NEUTRAL,,,,-0.00874116215208176,-0.007855649230250283,,Stable,-0.007855649230250283,0.7895775759968432,A
03800,协鑫科技,2010-03-31,-4.545454545454552,10.11,,,1.419943820224719,,1.418567158932622,,↑,↑,VP_SELLING_ACTIVE,,,COST_DISADVANTAGE,-0.050867081382082624,-0.08733834620131098,-0.11761751407244536,Deteriorating,-0.08733834620131098,-0.4495998561280467,A
03800,协鑫科技,2010-04-30,-4.081632653061229,4.83,,,0.7376861397479955,,0.7358400957766031,-0.3122737790446284,↓,↓,VP_DECLINE_SILENT,,,COST_DISADVANTAGE,-0.04265518943509505,-0.06799767037153148,-0.15363312574295784,Deteriorating,-0.06799767037153148,-0.8450585203025319,A
03800,协鑫科技,2010-05-31,-10.638297872340418,5.72,,,0.8962707615167659,,0.8947642856722726,0.3397839149771915,↓,↓,VP_DECLINE_SILENT,,,COST_NEUTRAL,0.1451015801908706,0.03475244188783866,-0.24367215491923888,Deteriorating,0.03475244188783866,-1.8598422853741992,A
03800,协鑫科技,2010-06-30,-4.761904761904767,2.74,-1.7493336171640914,0.16666666666666666,0.4744588744588745,T1,0.47438183882222995,-0.729018895499275,↓,↓,VP_DECLINE_SILENT,61.15508411899983,CBI_STABLE,COST_DISADVANTAGE,-0.08411843061924551,-0.043622183984445395,-0.09946984385102953,Deteriorating,-0.043622183984445395,-1.737921445950645,A
03800,协鑫科技,2010-07-31,20.833333333333325,5.85,0.03211382854789238,0.7142857142857143,1.0477611940298508,T3,1.0475985409297808,0.21316635786173022,→,→,VP_STABLE_ASCENT,31.641205713129843,CBI_ACTIVE,COST_NEUTRAL,-0.019284434592893862,0.01230165238379799,0.08814060534667267,Improving,0.01230165238379799,3.56125356125356,A
03800,协鑫科技,2010-08-31,0.0,6.89,0.5106856800648022,0.75,1.143884892086331,T4,1.1415420233368283,0.2025457372790711,↑,↑,VP_DIVERGENCE_HIGH,36.479001386381874,CBI_ACTIVE,COST_NEUTRAL,-0.061932962195506924,-0.06046365516433694,0.08814060534667267,Deteriorating,-0.06046365516433694,0.0,A
03800,协鑫科技,2010-09-30,33.793103448275865,14.13,3.9925180329689782,1.0,2.1110557768924307,T5,2.1125197294393785,4.154172040284592,↑↑,↑↑,VP_OVERHEAT,18.14767277104265,CBI_TURBULENT,COST_ADVANTAGE,0.022998279365118002,0.07701953182580379,0.1722935929653584,Deteriorating,0.07701953182580379,2.3915855235864023,A
03800,协鑫科技,2010-10-31,3.0927835051546504,10.32,1.0801479243685639,0.9,1.356407447973713,T4,1.3574941474585906,0.7645079421186785,↑,↑,VP_EXPANSION,17.14873835561196,CBI_TURBULENT,COST_NEUTRAL,-0.021640003816686626,-0.006395042399367834,0.2085500958405757,Stable,-0.006395042399367834,0.2996883241428925,A
03800,协鑫科技,2010-11-30,2.499999999999991,14.8,2.355008978439068,1.0,1.6225105061209573,T5,1.623758851564519,1.1553876757949202,↑↑,↑↑,VP_OVERHEAT,17.227698148908434,CBI_TURBULENT,COST_NEUTRAL,0.019217045633087126,-0.006618012754015079,0.23876384823658992,Deteriorating,-0.006618012754015079,0.1689189189189183,A
03800,协鑫科技,2010-12-31,13.658536585365866,10.06,0.5774192281001378,0.6666666666666666,0.9727639000805802,T4,0.973206199758624,-0.28766304876381743,→,→,VP_STABLE_ASCENT,28.5283970682002,CBI_TURBULENT,COST_ADVANTAGE,-0.007550978560219801,0.04571772589556078,0.1117515788011505,Stable,0.04571772589556078,1.357707414052273,A
03800,协鑫科技,2011-01-31,27.467811158798284,12.6,1.1639205617965687,0.8333333333333334,1.0988372093023255,T4,1.0989593512474105,0.2206300132744352,→,→,VP_STABLE_ASCENT,20.54181357263414,CBI_TURBULENT,COST_ADVANTAGE,-0.0005147518034736009,0.06714163465656653,0.41712540302120926,Stable,0.06714163465656653,2.1799850126030385,A
03800,协鑫科技,2011-02-28,8.080808080808065,7.88,-0.2721788731648717,0.5,0.6774609542914457,T3,0.6785682777994028,-0.46679762089188703,↓,↓,VP_LOCKED_CANDIDATE,25.63432135634048,CBI_TURBULENT,COST_ADVANTAGE,0.011024172908114638,0.07241864496093964,0.5316405871037311,Improving,0.07241864496093964,1.0254832589857952,A
03800,协鑫科技,2011-03-31,22.118380062305288,16.96,2.1777654635848487,1.0,1.401266868631231,T5,1.4014539725861428,0.6865440602182868,↑,↑,VP_EXPANSION,14.858498394190429,CBI_TURBULENT,COST_ADVANTAGE,0.09411981750511367,0.14949855433990056,0.25986300411346486,Stable,0.14949855433990056,1.3041497678246041,A
03800,协鑫科技,2011-04-30,16.07142857142856,12.790000000000001,0.7025343454661133,0.75,1.0219736316420296,T4,1.0210727674492652,0.01465778244869509,→,→,VP_STABLE_ASCENT,20.287961755895807,CBI_TURBULENT,COST_ADVANTAGE,0.06326127136665649,0.11562074092053254,0.46234098691741443,Stable,0.11562074092053254,1.2565620462414822,A
03800,协鑫科技,2011-05-31,-23.95604395604395,31.759999999999998,5.194825488580022,1.0,2.0701792504073873,T5,2.070600588160735,3.0252837671894923,↑↑,↑↑,VP_PANIC,9.36446444727805,CBI_TURBULENT,COST_NEUTRAL,0.07500068876505095,-0.06478883904286747,0.11202193730423171,Deteriorating,-0.06478883904286747,-0.7542834998754393,A
03800,协鑫科技,2011-06-30,-3.4682080924855474,23.24,1.5007124392637234,0.9166666666666666,1.3250974056827902,T5,1.3243497806173958,0.3690802746682569,↑,↑,VP_SELLING_ACTIVE,12.099339673117338,CBI_TURBULENT,COST_NEUTRAL,0.040121507728832606,0.0841848072249447,-0.061525998893239287,Deteriorating,0.0841848072249447,-0.14923442738750206,A
03800,协鑫科技,2011-07-31,8.982035928143727,16.11,0.20751290371725017,0.75,0.888909324995402,T3,0.8894333403880174,0.2615609016671765,↓,↓,VP_LOCKED_CANDIDATE,10.104634029631283,CBI_TURBULENT,COST_ADVANTAGE,-0.012874758287343191,0.04689290693025416,0.02276807306245776,Improving,0.04689290693025416,0.5575441296178602,A
03800,协鑫科技,2011-08-31,-21.703296703296704,23.81,1.2837626164261866,0.9166666666666666,1.1459051897008101,T4,1.1458708215578508,-0.2505627378931068,↑,↑,VP_SELLING_ACTIVE,15.884103009429797,CBI_TURBULENT,COST_DISADVANTAGE,0.10325731638062008,-0.0700652277971563,-0.19920631642087783,Deteriorating,-0.0700652277971563,-0.911520231133839,A
03800,协鑫科技,2011-09-30,-39.64912280701755,14.17,-0.3240984599680389,0.5,0.6975713816869051,T3,0.6974467077711601,-0.3900587218244175,↓,↓,VP_DECLINE_SILENT,23.324026191265943,CBI_TURBULENT,COST_DISADVANTAGE,-0.06528111774493317,-0.22138953130803685,-0.4196057490763999,Deteriorating,-0.22138953130803685,-2.798103232675903,A
03800,协鑫科技,2011-10-31,24.418604651162788,21.96,0.785979936065463,0.75,1.0054177794734835,T4,1.0039015168256575,0.35972826299039884,→,→,VP_STABLE_ASCENT,19.339227828479224,CBI_TURBULENT,COST_NEUTRAL,0.06740403408134554,0.1452661754340776,-0.27788157152528825,Stable,0.1452661754340776,1.1119583174482144,A
03800,协鑫科技,2011-11-30,-13.551401869158875,16.64,-0.11155130074080981,0.5833333333333334,0.8612093504701112,T3,0.8602278509221336,-0.3023655503959226,↓,↓,VP_DECLINE_SILENT,13.82053305400211,CBI_TURBULENT,COST_DISADVANTAGE,0.09411216644475595,-0.03204928691631814,-0.375738741739151,Deteriorating,-0.03204928691631814,-0.8143871315600285,A
03800,协鑫科技,2011-12-31,-2.7027027027027084,9.120000000000001,-1.3932407207056738,0.16666666666666666,0.5374717611236618,T2,0.5369409766475577,-0.3573552331454857,↓,↓,VP_DECLINE_SILENT,39.296309338492115,CBI_ACTIVE,COST_NEUTRAL,0.01102277739563684,-0.005220489072295664,-0.03853862198637892,Deteriorating,-0.005220489072295664,-0.2963489805595075,A
03800,协鑫科技,2012-01-31,23.33333333333334,16.79,-0.132175909211094,0.5833333333333334,0.9829251634305786,T3,0.983916009494589,-0.23393523222605572,→,→,VP_STABLE_ASCENT,17.86411890276496,CBI_TURBULENT,COST_ADVANTAGE,0.05323842143990731,0.08832082076700565,0.18580236621679935,Improving,0.08832082076700565,1.3897161008536831,A
03800,协鑫科技,2012-02-29,0.0,27.61,1.5278269548454961,0.9166666666666666,1.5585661868473046,T5,1.558460789642903,0.6602712503805168,↑↑,↑↑,VP_NEUTRAL,15.181747975018252,CBI_TURBULENT,COST_NEUTRAL,-0.0354640475204655,-0.052108819516197946,0.18580236621679935,Stable,-0.052108819516197946,0.0,A
03800,协鑫科技,2012-03-31,-19.369369369369373,16.91,-0.39226464155213103,0.5833333333333334,0.9305695680088049,T3,0.9300508961798344,0.8538786020744649,→,→,VP_NEUTRAL,26.648654316306818,CBI_TURBULENT,COST_DISADVANTAGE,-0.005788170561914274,-0.1095312190813682,-0.1742530940464494,Stable,-0.1095312190813682,-1.145438756319892,A
03800,协鑫科技,2012-04-30,-6.703910614525144,5.8500000000000005,-2.253251379150701,0.08333333333333333,0.3777442961687474,T1,0.3788126421206711,-0.6510165764985715,↓,↓,VP_DECLINE_SILENT,43.64533926731956,CBI_ACTIVE,COST_DISADVANTAGE,-0.04528355593725453,-0.0599052328918902,-0.22961042852378244,Deteriorating,-0.0599052328918902,-1.1459676264145544,A
03800,协鑫科技,2012-05-31,-4.191616766467055,11.040000000000001,-1.046910215209583,0.25,0.7585890975721484,T2,0.7602361156709663,-0.5990327770184708,↓,↓,VP_DECLINE_SILENT,27.521542474764924,CBI_TURBULENT,COST_NEUTRAL,0.15241423892798722,0.059128215462857625,-0.2619022069688933,Deteriorating,0.059128215462857625,-0.37967543174520424,A
03800,协鑫科技,2012-06-30,-10.000000000000009,7.3100000000000005,-1.4830492186397426,0.16666666666666666,0.5129224652087475,T2,0.5129541096018675,-0.5670455106435585,↓,↓,VP_DECLINE_SILENT,39.68620727734931,CBI_ACTIVE,COST_NEUTRAL,0.03733162953149938,-0.004564347022856463,-0.07433296728358962,Deteriorating,-0.004564347022856463,-1.3679890560875525,A
03800,协鑫科技,2012-07-31,-29.861111111111104,9.32,-0.9405176050262519,0.3333333333333333,0.716555612506407,T2,0.7087684578555081,0.5698368265049187,↓,↓,VP_DECLINE_SILENT,35.03232828554314,CBI_ACTIVE,COST_DISADVANTAGE,0.013748596785873923,-0.1244581208249732,-0.35074742844196216,Deteriorating,-0.1244581208249732,-3.2039818788745817,A
03800,协鑫科技,2012-08-31,2.970297029702973,12.12,-0.33757002354884136,0.5,1.162589928057554,T3,1.1642261667622804,0.09522374639659259,↑,↑,VP_EXPANSION,35.26188582464625,CBI_ACTIVE,COST_NEUTRAL,0.06835831751153343,0.01876094337565748,-0.3314626985937036,Improving,0.01876094337565748,0.24507401235173046,A
03800,协鑫科技,2012-09-30,0.0,16.29,0.3520639245998678,0.5833333333333334,1.5782334894235426,T3,1.5805717079488477,1.228657347524369,↑↑,↑↑,VP_NEUTRAL,26.938013723889753,CBI_TURBULENT,COST_NEUTRAL,0.04429786198437746,0.01973101893513829,-0.012256703959091508,Stable,0.01973101893513829,0.0,A
03800,协鑫科技,2012-10-31,17.307692307692292,31.28,3.014897142307642,1.0,2.1483516483516483,T5,2.1387014434380354,2.3691483123416717,↑↑,↑↑,VP_OVERHEAT,12.749853404492761,CBI_TURBULENT,COST_ADVANTAGE,0.06592509648273492,0.13743576713313277,0.15869886650952725,Deteriorating,0.13743576713313277,0.5533149714735387,A
03800,协鑫科技,2012-11-30,-8.196721311475397,36.22,2.7428673272852744,1.0,1.931046738937267,T5,1.9302894223619655,1.9725524815526754,↑↑,↑↑,VP_PANIC,11.963618008223206,CBI_TURBULENT,COST_NEUTRAL,0.043774070755288275,-0.05650662658962868,0.0637235495825168,Deteriorating,-0.05650662658962868,-0.22630373582207058,A
03800,协鑫科技,2012-12-31,19.64285714285714,31.27,1.4453778138438989,0.8333333333333334,1.3745054945054944,T4,1.3705993135906878,0.9014242968876405,↑,↑,VP_EXPANSION,17.58273296379449,CBI_TURBULENT,COST_ADVANTAGE,0.026977552737816213,0.07647452241585095,0.14618121482565116,Stable,0.07647452241585095,0.6281694001553291,A
03800,协鑫科技,2013-01-31,35.07462686567165,51.91,3.1885770129434685,1.0,1.7391255793176617,T5,1.7465622775263818,0.6739446759163248,↑↑,↑↑,VP_OVERHEAT,11.546290377339266,CBI_TURBULENT,COST_ADVANTAGE,-0.002555447465925731,0.08450857393325673,0.5481999991301707,Deteriorating,0.08450857393325673,0.6756815038657609,A
03800,协鑫科技,2013-02-28,-2.209944751381221,14.92,-0.42346344389848634,0.5,0.4921655945901369,T3,0.49399877683527105,-0.5859562317086697,↓,↓,VP_DECLINE_SILENT,30.67875968164457,CBI_ACTIVE,COST_ADVANTAGE,0.03730667603578519,0.03566298261516665,0.5139856345085094,Deteriorating,0.03566298261516665,-0.14811962140624804,A
03800,协鑫科技,2013-03-31,-23.163841807909602,22.44,0.12447782205836942,0.6666666666666666,0.7160178685386088,T3,0.7190212766347874,-0.27560480255369213,↓,↓,VP_DECLINE_SILENT,24.14437147232552,CBI_TURBULENT,COST_DISADVANTAGE,0.009361509297565407,-0.11367122702960708,-0.17165683168615598,Deteriorating,-0.11367122702960708,-1.03225676505836,A
03800,协鑫科技,2013-04-30,-0.7352941176470562,12.83,-0.7039811323496767,0.4166666666666667,0.4539182734831063,T2,0.45503481925868366,-0.7529712766152787,↓,↓,VP_SHRINK,38.801785658201894,CBI_ACTIVE,COST_NEUTRAL,0.016967094661595183,0.06469097119885725,-0.17774759027669895,Stable,0.06469097119885725,-0.05731053138324678,A
03800,协鑫科技,2013-05-31,15.555555555555545,19.37,-0.22664169205962936,0.5833333333333334,0.7609008773078434,T3,0.7617865061961586,0.2977034119299906,↓,↓,VP_LOCKED_CANDIDATE,42.2260291666035,CBI_ACTIVE,COST_NEUTRAL,0.007408166371248415,0.05783095822075324,-0.04984165987529665,Improving,0.05783095822075324,0.8030746285779837,A
03800,协鑫科技,2013-06-30,-8.333333333333337,45.08,1.751133338045999,0.9166666666666666,1.6240168117682374,T5,1.6245516122230694,1.009129563963164,↑↑,↑↑,VP_PANIC,18.873519723934592,CBI_TURBULENT,COST_DISADVANTAGE,0.05096884331789453,-0.062301922316505665,-0.02704835134949779,Deteriorating,-0.062301922316505665,-0.18485655131617876,A
03800,协鑫科技,2013-07-31,18.181818181818187,21.36,-0.41424225896552047,0.5,0.9423529411764705,T3,0.9431941110603793,0.6671811934557399,→,→,VP_STABLE_ASCENT,32.26522389260437,CBI_ACTIVE,COST_ADVANTAGE,0.03656212468235531,0.1074079306943947,0.14985194840513905,Improving,0.1074079306943947,0.8512087163772559,A
03800,协鑫科技,2013-08-31,3.5502958579881616,17.56,-0.8180780668129718,0.3333333333333333,0.7599538372763993,T2,0.7594500735734071,-0.09324800073518624,↓,↓,VP_LOCKED_CANDIDATE,42.72781398916312,CBI_ACTIVE,COST_ADVANTAGE,0.08184224661148298,0.048308018345733617,0.19067509450236297,Improving,0.048308018345733617,0.20218085751641013,A
03800,协鑫科技,2013-09-30,9.142857142857142,14.61,-1.0782523518758265,0.16666666666666666,0.670132252885865,T2,0.6707862433576932,-0.6756457749959148,↓,↓,VP_LOCKED_CANDIDATE,34.55393832632988,CBI_ACTIVE,COST_ADVANTAGE,0.05698469346509527,0.07696627754532503,0.16420691734182324,Improving,0.07696627754532503,0.6257944656301946,A
03800,协鑫科技,2013-10-31,5.759162303664933,20.21,-0.47134381659191643,0.5,0.8774875171864824,T3,0.8773175477709382,-0.054784161345403426,↓,↓,VP_LOCKED_CANDIDATE,32.125332255319066,CBI_ACTIVE,COST_NEUTRAL,-0.03330681924023127,-0.006116550927594666,0.23125548326203305,Improving,-0.006116550927594666,0.2849659724722876,A
03800,协鑫科技,2013-11-30,6.435643564356441,12.33,-1.0080337749170016,0.08333333333333333,0.5640869233701867,T2,0.5637484100133696,-0.29763504448300215,↓,↓,VP_LOCKED_CANDIDATE,41.182753912332515,CBI_ACTIVE,COST_ADVANTAGE,0.006890391662951911,0.03004250176023371,0.3104946975313716,Improving,0.03004250176023371,0.5219500052195005,A
03800,协鑫科技,2013-12-31,-5.116279069767438,12.6,-0.8265798335114048,0.16666666666666666,0.7661903314077226,T2,0.7659397777433236,-0.13864430857721666,↓,↓,VP_DECLINE_SILENT,42.09272466450251,CBI_ACTIVE,COST_ADVANTAGE,0.05529016167408152,0.059024957911111064,0.011007655322612386,Deteriorating,0.059024957911111064,-0.4060538944259871,A
03800,协鑫科技,2014-01-31,9.80392156862746,30.53,1.2604224956351426,0.9166666666666666,1.6986275964391693,T4,1.6998182721935726,0.5121409630511242,↑↑,↑↑,VP_OVERHEAT,20.819028978706925,CBI_TURBULENT,COST_NEUTRAL,0.041340759203443156,0.005419110421273077,0.11012605290326083,Deteriorating,0.005419110421273077,0.321124191569848,A
03800,协鑫科技,2014-02-28,10.267857142857139,10.66,-1.0975622376432286,0.08333333333333333,0.6336437487616405,T2,0.6330005686537363,-0.13575670360136494,↓,↓,VP_LOCKED_CANDIDATE,41.783117531371204,CBI_ACTIVE,COST_ADVANTAGE,0.06708291025409352,0.1053116982608715,0.22411221012100624,Improving,0.1053116982608715,0.9632136156526396,A
03800,协鑫科技,2014-03-31,-4.048582995951422,20.45,0.07342026309399016,0.75,1.149091590185428,T3,1.1491813748461233,0.6236739505704423,↑,↑,VP_SELLING_ACTIVE,20.95196933544448,CBI_TURBULENT,COST_NEUTRAL,0.0664076810540386,-0.00646795131523159,0.03886531049434461,Deteriorating,-0.00646795131523159,-0.1979747186284314,A
03800,协鑫科技,2014-04-30,-16.87763713080169,11.18,-0.9822174435241559,0.16666666666666666,0.686240409207161,T2,0.6868333685677678,-0.6337059933156339,↓,↓,VP_DECLINE_SILENT,35.648039608307144,CBI_ACTIVE,COST_DISADVANTAGE,-0.10511329808489633,-0.0800107964013358,-0.1364706068886672,Deteriorating,-0.0800107964013358,-1.5096276503400439,A
03800,协鑫科技,2014-05-31,4.060913705583746,12.99,-0.684104509704693,0.4166666666666667,0.7919926836703587,T2,0.7918443473802811,0.21973227881520696,↓,↓,VP_LOCKED_CANDIDATE,25.286301448826464,CBI_TURBULENT,COST_NEUTRAL,0.0031569341079020763,0.0769236558190165,-0.10140342341206487,Improving,0.0769236558190165,0.31261845308573877,A
03800,协鑫科技,2014-06-30,7.317073170731736,8.98,-1.3598948244941862,0.08333333333333333,0.5684143897035553,T2,0.5685581662124328,-0.5606509087784199,↓,↓,VP_LOCKED_CANDIDATE,35.35707029453198,CBI_ACTIVE,COST_ADVANTAGE,0.05985154618367461,0.07660377200384794,0.08819630637028553,Improving,0.07660377200384794,0.8148188386115519,A
03800,协鑫科技,2014-07-31,-2.272727272727282,15.42,-0.03802256153822764,0.6666666666666666,1.161144578313253,T3,1.1618169262912474,0.3790250130125459,↑,↑,VP_SELLING_ACTIVE,7.8017220565406085,CBI_TURBULENT,COST_NEUTRAL,0.007405587396815294,-0.014075429703221176,0.06346457213459722,Deteriorating,-0.014075429703221176,-0.14738827968400012,A
03800,协鑫科技,2014-08-31,9.76744186046512,17.15,0.2880541548811186,0.75,1.1941510966693745,T3,1.194370701477162,0.3211050490614906,↑,↑,VP_EXPANSION,13.157551597653416,CBI_TURBULENT,COST_ADVANTAGE,0.026202671920365628,0.06097421934533043,0.16733785592448802,Improving,0.06097421934533043,0.5695301376364501,A
03800,协鑫科技,2014-09-30,2.1186440677966267,15.32,-0.06121330021602547,0.5833333333333334,1.1342546890424483,T3,1.13292700561719,0.7036421196822,↑,↑,VP_EXPANSION,17.001974416577596,CBI_TURBULENT,COST_NEUTRAL,-0.02864708366538471,-0.0035353950168793835,0.060575640119568286,Improving,-0.0035353950168793835,0.13829269372040645,A
03800,协鑫科技,2014-10-31,-7.883817427385886,15.81,0.09986935448006022,0.75,1.107272090580133,T3,1.1084306974044815,0.026002147704571765,↑,↑,VP_SELLING_ACTIVE,10.212853274782098,CBI_TURBULENT,COST_NEUTRAL,0.03010912554497991,0.006093260132992384,-0.023038207026787716,Deteriorating,0.006093260132992384,-0.4986601788352869,A
03800,协鑫科技,2014-11-30,-18.918918918918926,21.77,1.0980699291782423,0.9166666666666666,1.382953943885654,T4,1.3830727223827632,0.26939678320126004,↑,↑,VP_SELLING_ACTIVE,13.333813948404822,CBI_TURBULENT,COST_NEUTRAL,0.02052873603934091,-0.005254067904404747,-0.20786881650820632,Deteriorating,-0.005254067904404747,-0.8690362388111588,A
03800,协鑫科技,2014-12-31,-14.444444444444448,17.8,0.24201801032150527,0.75,1.0341822407281882,T3,1.0355703695053922,0.16541260887486464,→,→,VP_NEUTRAL,16.456908106841915,CBI_TURBULENT,COST_NEUTRAL,0.02802657954940857,-0.013973837326765493,-0.16449536159451728,Stable,-0.013973837326765493,-0.8114856429463173,A
03800,协鑫科技,2015-01-31,-6.493506493506496,8.36,-1.7898472397458536,0.08333333333333333,0.5213595260367945,T1,0.5202161529712029,-0.4728327196710934,↓,↓,VP_DECLINE_SILENT,44.47353604051337,CBI_ACTIVE,COST_NEUTRAL,0.00463869381569415,-0.015166874925501062,-0.21874890954292536,Deteriorating,-0.015166874925501062,-0.7767352264959924,A
03800,协鑫科技,2015-02-28,10.416666666666675,8.51,-1.575380891946478,0.16666666666666666,0.5830763960260363,T1,0.5833098320019044,-0.6089240741226799,↓,↓,VP_LOCKED_CANDIDATE,41.09968071358659,CBI_ACTIVE,COST_NEUTRAL,0.05699222502303947,0.09686074798698563,-0.13736858762031334,Improving,0.09686074798698563,1.2240501370936163,A
03800,协鑫科技,2015-03-31,10.062893081761004,17.86,0.9496935539032982,0.9166666666666666,1.1892131838863609,T4,1.1880575811367553,0.0009783071057667403,↑,↑,VP_EXPANSION,18.252501886102756,CBI_TURBULENT,COST_ADVANTAGE,0.029413553762052347,0.027195219532167636,0.1053018975071609,Stable,0.027195219532167636,0.5634318634804594,A
03800,协鑫科技,2015-04-30,14.28571428571428,24.75,2.4457287478049015,1.0,1.499242806663301,T5,1.4993151952115515,1.9671446602261469,↑,↑,VP_EXPANSION,32.19357323642336,CBI_ACTIVE,COST_NEUTRAL,-0.003945756093228336,-0.0025518574058637222,0.26320216857961265,Stable,-0.0025518574058637222,0.5772005772005769,A
03800,协鑫科技,2015-05-31,-11.5,14.59,-0.20224024303366298,0.3333333333333333,0.9528681833024927,T3,0.9528684866556034,0.7136673998755441,→,→,VP_NEUTRAL,48.82436622241373,CBI_ACTIVE,COST_NEUTRAL,0.005249172438643646,-0.02379361422310622,0.11793391919295715,Stable,-0.02379361422310622,-0.7882111034955449,A
03800,协鑫科技,2015-06-30,-13.559322033898303,10.24,-1.272528660286692,0.25,0.728739176847349,T2,0.7295981120536081,-0.4256220634332807,↓,↓,VP_DECLINE_SILENT,46.247024460815446,CBI_ACTIVE,COST_DISADVANTAGE,-0.02150099639186609,-0.0360825261402653,-0.17842348081915815,Deteriorating,-0.0360825261402653,-1.324152542372881,A
03800,协鑫科技,2015-07-31,-11.764705882352933,15.58,-0.014401590377891578,0.5,1.0213044903310389,T3,1.0195252992444443,-0.371856712654269,→,→,VP_NEUTRAL,37.647439793469246,CBI_ACTIVE,COST_NEUTRAL,0.019808226547970653,0.031699700303559064,-0.2750795418992572,Stable,0.031699700303559064,-0.7551159102922294,A
03800,协鑫科技,2015-08-31,-19.999999999999996,9.49,-1.2279805537198327,0.25,0.615501026916009,T2,0.6154890385648456,-0.34985247586671,↓,↓,VP_DECLINE_SILENT,41.7242938580788,CBI_ACTIVE,COST_DISADVANTAGE,0.041792394724534665,-0.06999120055995944,-0.4200636335194058,Deteriorating,-0.06999120055995944,-2.1074815595363536,A
03800,协鑫科技,2015-09-30,19.444444444444443,11.79,-0.6132585363346887,0.4166666666666667,0.8183711244794075,T2,0.8173239664100789,0.14815526972703053,↓,↓,VP_LOCKED_CANDIDATE,15.587857837722012,CBI_TURBULENT,COST_ADVANTAGE,0.02572397141109506,0.12485463550054798,0.05836766178033015,Improving,0.12485463550054798,1.649231929130148,A
03800,协鑫科技,2015-10-31,6.976744186046502,10.809999999999999,-0.7218172446611603,0.4166666666666667,0.8946206896551723,T2,0.8938505750890862,-0.3059560911374599,↓,↓,VP_LOCKED_CANDIDATE,18.76981500235234,CBI_TURBULENT,COST_NEUTRAL,0.015872479818599627,-0.012016500562710197,0.13220726609058575,Improving,-0.012016500562710197,0.6453972420024516,A
03800,协鑫科技,2015-11-30,-7.971014492753614,11.03,-0.534441458070912,0.5,0.9599651871192341,T2,0.9617331240729812,0.1639893198632656,→,→,VP_NEUTRAL,14.332285736041477,CBI_TURBULENT,COST_NEUTRAL,-0.02699067615322448,-0.040333435738057366,0.04195886082249567,Stable,-0.040333435738057366,-0.7226667717818327,A
03800,协鑫科技,2015-12-31,-14.173228346456689,12.030000000000001,-0.20672742963577634,0.6666666666666666,1.0205004948395306,T3,1.0217897712485755,0.022615229466951048,→,→,VP_NEUTRAL,20.598018970651026,CBI_TURBULENT,COST_NEUTRAL,0.11007495676336787,-0.004313887179760445,-0.13868869557508579,Stable,-0.004313887179760445,-1.1781569697802734,A
03800,协鑫科技,2016-01-31,-15.596330275229365,8.55,-1.0678800505173747,0.16666666666666666,0.805337519623234,T2,0.8048493429698742,-0.20861875738956015,↓,↓,VP_DECLINE_SILENT,38.96037592063691,CBI_ACTIVE,COST_DISADVANTAGE,-0.03851521863280272,-0.12563866777027088,-0.2730216513110816,Deteriorating,-0.12563866777027088,-1.8241321959332588,A
03800,协鑫科技,2016-02-29,15.217391304347828,5.76,-1.692876439587197,0.08333333333333333,0.576288144072036,T1,0.5766741136041313,-0.4782749596880228,↓,↓,VP_LOCKED_CANDIDATE,37.70101605159915,CBI_ACTIVE,COST_NEUTRAL,-0.084806444699841,-0.017873542961092892,-0.1623945112932027,Improving,-0.017873542961092892,2.641908212560387,A
03800,协鑫科技,2016-03-31,14.1509433962264,7.27,-1.05464785943767,0.16666666666666666,0.7866546438232641,T2,0.7852865131951839,-0.3972897404383753,↓,↓,VP_LOCKED_CANDIDATE,36.5811354710917,CBI_ACTIVE,COST_NEUTRAL,-0.07120955979037535,-0.03333132093815572,0.07404275510989078,Improving,-0.03333132093815572,1.9464846487244019,A
03800,协鑫科技,2016-04-30,-9.917355371900815,4.46,-2.2335246389395462,0.08333333333333333,0.545010183299389,T1,0.5464347581880001,-0.4763434563090476,↓,↓,VP_DECLINE_SILENT,40.6568093618034,CBI_ACTIVE,COST_DISADVANTAGE,-0.06478437199847253,-0.09975388712413957,-0.03247388176051147,Deteriorating,-0.09975388712413957,-2.22362228069525,A
03800,协鑫科技,2016-05-31,-4.587155963302758,4.720000000000001,-1.6786780852601255,0.16666666666666666,0.6618368777751811,T1,0.6628687237768347,-0.17940943800860687,↓,↓,VP_DECLINE_SILENT,37.96655760096995,CBI_ACTIVE,COST_DISADVANTAGE,-0.06540146821622961,-0.06805031195175992,-0.07685581378984585,Deteriorating,-0.06805031195175992,-0.9718550769709231,A
03800,协鑫科技,2016-06-30,-9.615384615384626,5.3,-1.1889744348475657,0.25,0.881863560732113,T2,0.882489248789999,-0.26888866915206977,↓,↓,VP_DECLINE_SILENT,36.36009214328141,CBI_ACTIVE,COST_DISADVANTAGE,-0.06882741773490098,-0.09185551191959951,-0.15741524671881968,Deteriorating,-0.09185551191959951,-1.8142235123367219,A
03800,协鑫科技,2016-07-31,5.319148936170226,6.35,-0.6969155121271063,0.4166666666666667,1.1252215002953336,T2,1.126997361577139,0.423080140201179,↑,↑,VP_EXPANSION,29.481210142658448,CBI_TURBULENT,COST_DISADVANTAGE,-0.07331493241869447,-0.08751029423114687,-0.11259690877833128,Improving,-0.08751029423114687,0.8376612497905869,A
03800,协鑫科技,2016-08-31,4.040404040404044,10.49,0.8839583659235072,0.6666666666666666,1.6309924850997666,T4,1.6314472343843167,1.2215059147578273,↑↑,↑↑,VP_OVERHEAT,23.32263975098564,CBI_TURBULENT,COST_DISADVANTAGE,-0.09070447619832755,-0.08140631157840206,-0.07674223842594063,Deteriorating,-0.08140631157840206,0.38516721071535215,A
03800,协鑫科技,2016-09-30,-6.796116504854377,14.94,2.6391444440672758,1.0,1.9377431906614786,T5,1.9359024935331193,1.8174747024048181,↑↑,↑↑,VP_PANIC,8.6864267031609,CBI_TURBULENT,COST_DISADVANTAGE,-0.09043635115813231,-0.1404821207384611,-0.1366553647706522,Deteriorating,-0.1404821207384611,-0.4548940096957414,A
03800,协鑫科技,2016-10-31,2.083333333333326,9.299999999999999,0.3161862869263018,0.6666666666666666,1.091976516634051,T3,1.0919664016197312,0.462665144135195,→,→,VP_STABLE_ASCENT,12.02056118165669,CBI_TURBULENT,COST_DISADVANTAGE,-0.07560997038111994,-0.07399342477448778,-0.11866901820337417,Improving,-0.07399342477448778,0.22401433691756195,A
03800,协鑫科技,2016-11-30,-1.0204081632653073,7.47,-0.20003411484913605,0.5833333333333334,0.8323119777158774,T3,0.8333404255853307,-0.28705625918230426,↓,↓,VP_SHRINK,20.58883217750561,CBI_TURBULENT,COST_DISADVANTAGE,-0.03547673760246406,-0.044250686419360585,-0.1276621914870132,Stable,-0.044250686419360585,-0.13660082506898358,A
03800,协鑫科技,2016-12-31,-11.340206185567014,4.97,-0.9288918060424172,0.25,0.5571748878923767,T2,0.5594541003848305,-0.6655147548838574,↓,↓,VP_DECLINE_SILENT,31.10045910722736,CBI_ACTIVE,COST_DISADVANTAGE,-0.07232004034287343,-0.12042731805719176,-0.16091322673552,Deteriorating,-0.12042731805719176,-2.281731626874651,A
03800,协鑫科技,2017-01-31,9.302325581395344,5.66,-0.5660725130619425,0.4166666666666667,0.6428165814877911,T2,0.6404532264403858,-0.3935897490183897,↓,↓,VP_LOCKED_CANDIDATE,14.404711184995616,CBI_TURBULENT,COST_NEUTRAL,-0.04765917123815033,-0.009969168920885951,-0.08285864317603353,Improving,-0.009969168920885951,1.6435204207412268,A
03800,协鑫科技,2017-02-28,5.319148936170226,9.8,0.8090193794251299,0.8333333333333334,1.1277330264672039,T4,1.1260924971574937,0.3078158758198717,↑,↑,VP_EXPANSION,11.234200350862292,CBI_TURBULENT,COST_DISADVANTAGE,-0.04799933506774834,-0.04249273016227295,-0.03407452845135439,Stable,-0.04249273016227295,0.5427702996092066,A
03800,协鑫科技,2017-03-31,-3.0303030303030276,14.3,2.1659100473289588,0.9166666666666666,1.6660194174757281,T5,1.6669625593873834,1.865746237428798,↑↑,↑↑,VP_PANIC,20.270520571305347,CBI_TURBULENT,COST_DISADVANTAGE,-0.06452909991067735,-0.06955276666844223,-0.05592354803057953,Deteriorating,-0.06955276666844223,-0.21190930281839354,A
03800,协鑫科技,2017-04-30,-9.375,6.38,-0.6064248996447852,0.5,0.787978592013174,T2,0.7885118436271215,0.1323228033252124,↓,↓,VP_DECLINE_SILENT,29.049289802282043,CBI_TURBULENT,COST_DISADVANTAGE,-0.06273388506262167,-0.1035706439168742,-0.14443071540271268,Deteriorating,-0.1035706439168742,-1.469435736677116,A
03800,协鑫科技,2017-05-31,-12.643678160919535,8.23,-0.12085180726913161,0.5833333333333334,1.0008107012565868,T3,1.0001139865267503,-0.1594066778480563,→,→,VP_NEUTRAL,24.804467802252994,CBI_TURBULENT,COST_DISADVANTAGE,-0.11670312995897114,-0.15186160610520394,-0.2526061421908754,Stable,-0.15186160610520394,-1.5362913925783153,A
03800,协鑫科技,2017-06-30,2.6315789473684292,17.34,2.6640612791227514,1.0,1.6859504132231402,T5,1.6867627301888088,0.21179578068468552,↑↑,↑↑,VP_OVERHEAT,7.055483595005727,CBI_TURBULENT,COST_NEUTRAL,-0.026081097249279872,0.0038080814621013204,-0.07839594973047581,Deteriorating,0.0038080814621013204,0.15176349177441922,A
03800,协鑫科技,2017-07-31,-2.564102564102566,16.68,1.7553186072456601,0.9166666666666666,1.376048398185068,T5,1.3750517782375216,1.6092094461993267,↑,↑,VP_SELLING_ACTIVE,6.359868973437778,CBI_TURBULENT,COST_DISADVANTAGE,-0.13565254125896875,-0.13224389251976798,-0.10202682281430986,Deteriorating,-0.13224389251976798,-0.15372317530590923,A
03800,协鑫科技,2017-08-31,6.578947368421062,14.4,0.9094527124060473,0.75,1.11728953834217,T4,1.1159852398532497,0.7483510230239967,↑,↑,VP_EXPANSION,14.321734911569262,CBI_TURBULENT,COST_DISADVANTAGE,-0.10860271096915886,-0.0860717571625772,-0.04294964010472491,Stable,-0.0860717571625772,0.4568713450292404,A
03800,协鑫科技,2017-09-30,23.456790123456784,33.5,5.390627325811491,1.0,2.0822542214855484,T5,2.081665423918293,0.9298105990978041,↑↑,↑↑,VP_OVERHEAT,0.09925606662159121,CBI_TURBULENT,COST_NEUTRAL,-0.04283446496747656,-0.01495344797623488,0.05213089741145294,Deteriorating,-0.01495344797623488,0.7002026902524413,A
03800,协鑫科技,2017-10-31,27.0,31.68,2.424551430865515,0.9166666666666666,1.5602068456045306,T5,1.559573912216571,0.8985383676662249,↑↑,↑↑,VP_OVERHEAT,5.17224332686775,CBI_TURBULENT,COST_ADVANTAGE,-0.009518202338064996,0.0570265733345765,0.3362062397125454,Deteriorating,0.0570265733345765,0.8522727272727273,A
03800,协鑫科技,2017-11-30,-6.299212598425208,30.63,1.6894038438574779,0.8333333333333334,1.2742147958122445,T5,1.27448383149961,1.1286945187839317,↑,↑,VP_SELLING_ACTIVE,12.10898082744702,CBI_TURBULENT,COST_NEUTRAL,-0.16700063569859058,-0.15180424009881222,0.252035767919629,Deteriorating,-0.15180424009881222,-0.20565499831620007,A
03800,协鑫科技,2017-12-31,11.764705882352944,12.67,-0.45640748680210513,0.4166666666666667,0.5447119518486672,T3,0.5448948445702907,-0.6216842781519731,↓,↓,VP_LOCKED_CANDIDATE,18.16347124117053,CBI_TURBULENT,COST_ADVANTAGE,-0.0369938668217169,0.0345554280440552,0.024627763940172187,Improving,0.0345554280440552,0.9285482148660571,A
03800,协鑫科技,2018-01-31,-3.759398496240607,17.51,-0.029481575081199182,0.75,0.7483438991381152,T3,0.7489508816204108,-0.44659281755466773,↓,↓,VP_DECLINE_SILENT,13.27111380699213,CBI_TURBULENT,COST_DISADVANTAGE,-0.0400299535219788,-0.07644630659995122,-0.013892076809458365,Deteriorating,-0.07644630659995122,-0.2147000854506343,A
03800,协鑫科技,2018-02-28,-8.59375000000001,10.02,-0.9504356733213906,0.25,0.4420263215940004,T2,0.4431137729141708,-0.6720504083783372,↓,↓,VP_DECLINE_SILENT,28.04133605304267,CBI_TURBULENT,COST_DISADVANTAGE,-0.08765401372324122,-0.05540188599881679,-0.0986357264586456,Deteriorating,-0.05540188599881679,-0.8576596806387237,A
03800,协鑫科技,2018-03-31,-23.076923076923073,14.32,-0.4116683703657468,0.4166666666666667,0.7354275442951297,T3,0.7360849403271897,0.1315297128291848,↓,↓,VP_DECLINE_SILENT,29.139016822923644,CBI_TURBULENT,COST_DISADVANTAGE,-0.0961696508125901,-0.18149723838634124,-0.28152180376122415,Deteriorating,-0.18149723838634124,-1.611516974645466,A
03800,协鑫科技,2018-04-30,1.1111111111111072,8.09,-1.2609013954732786,0.08333333333333333,0.5205920205920206,T2,0.5188313258382629,-0.5396804216449691,↓,↓,VP_SHRINK,37.581219669370405,CBI_ACTIVE,COST_DISADVANTAGE,-0.07810052286617719,-0.07001780856383155,-0.27353871269190433,Stable,-0.07001780856383155,0.1373437714599638,A
03800,协鑫科技,2018-05-31,-13.186813186813184,10.86,-0.9320432007118231,0.25,0.8868926092282564,T2,0.8880517152540733,0.08325753179539386,↓,↓,VP_DECLINE_SILENT,40.25296366627574,CBI_ACTIVE,COST_DISADVANTAGE,-0.1602893866068047,-0.136545035176729,-0.3693358055237411,Deteriorating,-0.136545035176729,-1.2142553579017665,A
03800,协鑫科技,2018-06-30,-15.189873417721522,19.23,0.11510074320028267,0.75,1.4417093589903787,T3,1.4419709993156449,0.3427086562673807,↑,↑,VP_SELLING_ACTIVE,16.956266249073618,CBI_TURBULENT,COST_DISADVANTAGE,-0.10263874026203501,-0.1406701919354113,-0.22110349882304625,Deteriorating,-0.1406701919354113,-0.789905013922076,A
03800,协鑫科技,2018-07-31,-7.462686567164189,8.04,-1.180872020656614,0.08333333333333333,0.6836734693877551,T2,0.6809840785827681,-0.006600686761441765,↓,↓,VP_DECLINE_SILENT,40.1015157342683,CBI_ACTIVE,COST_DISADVANTAGE,-0.11433673710606795,-0.09339385853895577,-0.27923010338849064,Deteriorating,-0.09339385853895577,-0.9281948466622126,A
03800,协鑫科技,2018-08-31,-24.193548387096776,9.66,-0.8867566141394173,0.25,0.8256410256410256,T2,0.8165000855691695,-0.12355456584070401,↓,↓,VP_DECLINE_SILENT,28.699639435595266,CBI_TURBULENT,COST_DISADVANTAGE,-0.11102695144576236,-0.1668724448914769,-0.45360991708482357,Deteriorating,-0.1668724448914769,-2.5045081146062915,A
03800,协鑫科技,2018-09-30,4.255319148936176,6.77,-1.108638824337187,0.08333333333333333,0.6483639265762171,T2,0.6409981550021171,-0.6536225488387586,↓,↓,VP_LOCKED_CANDIDATE,36.46317341039041,CBI_ACTIVE,COST_DISADVANTAGE,-0.10581512006997174,-0.1109043222569942,-0.1835597914123157,Improving,-0.1109043222569942,0.6285552657217395,A
03800,协鑫科技,2018-10-31,-18.36734693877551,5.66,-1.1749253591046118,0.08333333333333333,0.563932248422451,T2,0.5599773895247669,-0.3017289933397812,↓,↓,VP_DECLINE_SILENT,35.577902423287654,CBI_ACTIVE,COST_DISADVANTAGE,-0.14306534061708898,-0.1657719415113189,-0.33351819707127806,Deteriorating,-0.1657719415113189,-3.2451143001370157,A
03800,协鑫科技,2018-11-30,19.999999999999996,17.22,1.4564561446809001,0.8333333333333334,1.5518173625713427,T4,1.5432610418370454,0.7813409578232562,↑↑,↑↑,VP_OVERHEAT,5.0033047308787015,CBI_TURBULENT,COST_DISADVANTAGE,-0.12292435185375694,-0.11631972094173681,-0.20022183648553382,Deteriorating,-0.11631972094173681,1.1614401858304295,A
03800,协鑫科技,2018-12-31,-14.583333333333337,9.32,-0.5024622884941551,0.4166666666666667,0.9867654843832717,T2,0.9845534673799923,0.377814694598283,→,→,VP_NEUTRAL,23.943164259906666,CBI_TURBULENT,COST_DISADVANTAGE,-0.1500993442791193,-0.19676397990885253,-0.21530597976564825,Stable,-0.19676397990885253,-1.564735336194564,A
03800,协鑫科技,2019-01-31,36.585365853658544,10.99,0.03754486181430738,0.75,1.1060046964106005,T3,1.106035087763971,0.9380603290951139,↑,↑,VP_EXPANSION,17.918723814804444,CBI_TURBULENT,COST_ADVANTAGE,0.08195705872092818,0.0500610703210298,0.07177719836887086,Improving,0.0500610703210298,3.3289686855012324,A
03800,协鑫科技,2019-02-28,8.92857142857142,20.64,2.3650822347256977,1.0,1.7541076487252127,T5,1.7541035137610395,0.1983910087614682,↑↑,↑↑,VP_OVERHEAT,5.937259875447126,CBI_TURBULENT,COST_NEUTRAL,-0.1562778413181981,-0.1173218309944678,0.167471591080377,Deteriorating,-0.1173218309944678,0.43258582502768506,A
03800,协鑫科技,2019-03-31,-19.672131147540984,15.84,0.8847684941151659,0.75,1.1929207982929584,T4,1.1932837776185885,0.7016341242247883,↑,↑,VP_SELLING_ACTIVE,15.281504261826445,CBI_TURBULENT,COST_DISADVANTAGE,-0.12331352798783335,-0.2016835586880138,-0.22068223709474144,Deteriorating,-0.2016835586880138,-1.2419274714356683,A
03800,协鑫科技,2019-04-30,2.0408163265306145,11.03,-0.23817955582526254,0.6666666666666666,0.7782220131702728,T3,0.7773188948159341,0.0022260676256318224,↓,↓,VP_LOCKED_CANDIDATE,14.469259100745674,CBI_TURBULENT,COST_DISADVANTAGE,-0.09507002533583986,-0.1332948487828871,-0.2047777929538177,Improving,-0.1332948487828871,0.18502414565100767,A
03800,协鑫科技,2019-05-31,-18.000000000000004,7.9399999999999995,-0.8695955855336021,0.25,0.6288278775079198,T2,0.6290739444510955,-0.6151949889765165,↓,↓,VP_DECLINE_SILENT,26.53429190654653,CBI_TURBULENT,COST_DISADVANTAGE,-0.11440290335294745,-0.16138718185991285,-0.34791779022213054,Deteriorating,-0.16138718185991285,-2.2670025188916885,A
03800,协鑫科技,2019-06-30,-9.756097560975608,12.620000000000001,0.31663432060906777,0.75,0.9577536048570706,T3,0.9764169298551236,-0.1851907496402806,→,→,VP_NEUTRAL,2.5929432635713643,CBI_TURBULENT,COST_DISADVANTAGE,-0.131133750509844,-0.16522259229012393,-0.261201359351932,Stable,-0.16522259229012393,-0.7730663677476709,A
03800,协鑫科技,2019-07-31,5.405405405405417,9.76,-0.41902885256465355,0.5,0.7524090967493253,T3,0.8029560045231766,-0.04125285735435835,↓,↓,VP_LOCKED_CANDIDATE,13.902368996434321,CBI_TURBULENT,COST_DISADVANTAGE,-0.13122523240717243,-0.11847502271913957,-0.2212662976952796,Improving,-0.11847502271913957,0.553832521045637,A
03800,协鑫科技,2019-08-31,-38.46153846153847,13.69,0.4703573114007406,0.75,1.1588600451467268,T3,1.216402730114035,0.8660069277302227,↑,↑,VP_SELLING_ACTIVE,11.34804968648992,CBI_TURBULENT,COST_DISADVANTAGE,-0.20129939349659876,-0.30458455232922577,-0.5207792601201722,Deteriorating,-0.30458455232922577,-2.809462268921729,A
03800,协鑫科技,2019-09-30,4.166666666666674,11.27,-0.23489101177823477,0.5833333333333334,1.0197556929573215,T3,1.0533000983967276,-0.055935045774990866,→,→,VP_STABLE_ASCENT,12.319362887714373,CBI_TURBULENT,COST_DISADVANTAGE,-0.2513384424320363,-0.24583983363876938,-0.3207400580867412,Improving,-0.24583983363876938,0.36971310263235796,A
03800,协鑫科技,2019-10-31,0.0,4.46,-2.2868983059287213,0.08333333333333333,0.44794107800468697,T1,0.4589163422308659,-0.5418276201080663,↓,↓,VP_SHRINK,33.495938156470885,CBI_ACTIVE,COST_DISADVANTAGE,-0.22906770525545794,-0.22470943269473997,-0.3207400580867412,Stable,-0.22470943269473997,0.0,A
03800,协鑫科技,2019-11-30,-31.999999999999996,11.19,-0.10077184371971093,0.5833333333333334,1.065883473567233,T3,1.0768669814537408,-0.1834366970920701,→,→,VP_NEUTRAL,12.86199822971914,CBI_TURBULENT,COST_DISADVANTAGE,-0.2690215620084232,-0.35692576983340374,-0.538103239498984,Stable,-0.35692576983340374,-2.8596961572832886,A
03800,协鑫科技,2019-12-31,35.29411764705881,13.03,0.31814206483173263,0.75,1.2331230283911672,T3,1.231551252005331,0.1548918551703813,↑,↑,VP_EXPANSION,10.400401827761698,CBI_TURBULENT,COST_DISADVANTAGE,-0.2238674508603279,-0.1645335552321049,-0.17380576159740968,Improving,-0.1645335552321049,2.708681323642273,A
03800,协鑫科技,2020-01-31,4.347826086956519,16.65,1.1807548284037266,0.9166666666666666,1.4212548015364919,T4,1.4202609815291658,2.7189993148381406,↑,↑,VP_EXPANSION,2.243554985299049,CBI_TURBULENT,COST_DISADVANTAGE,-0.23438783551012232,-0.3229622468022193,-0.1378842729712101,Stable,-0.3229622468022193,0.26113069591330446,A
03800,协鑫科技,2020-02-29,29.166666666666675,27.73,4.901323995018011,1.0,1.9729633582355035,T5,1.9732776802441685,1.478547352550895,↑↑,↑↑,VP_OVERHEAT,0.7535047543445853,CBI_TURBULENT,COST_NEUTRAL,-0.1992007023836424,-0.19738121547725562,0.11356614741218696,Deteriorating,-0.19738121547725562,1.0518091116720762,A
03800,协鑫科技,2020-03-31,-38.70967741935484,25.11,2.2088450049013892,0.9166666666666666,1.5346847305694202,T5,1.5352220324842027,0.9296501024718526,↑↑,↑↑,VP_PANIC,26.63558008656141,CBI_TURBULENT,COST_DISADVANTAGE,-0.21475807577997374,-0.362891120816931,-0.4521631529157908,Deteriorating,-0.362891120816931,-1.5416040390025822,A
03800,协鑫科技,2020-04-30,-15.789473684210531,8.3,-0.8527009811127825,0.25,0.4881874326046467,T2,0.4878853254464982,-0.5015845152530977,↓,↓,VP_DECLINE_SILENT,25.273790444144566,CBI_TURBULENT,COST_DISADVANTAGE,-0.28571024019663016,-0.31869798677223804,-0.5386637077185605,Deteriorating,-0.31869798677223804,-1.902346227013317,A
03800,协鑫科技,2020-05-31,0.0,10.7,-0.4976042627368961,0.3333333333333333,0.632387706855792,T3,0.6331588527160665,-0.6137219445601672,↓,↓,VP_SHRINK,27.654279397279378,CBI_TURBULENT,COST_DISADVANTAGE,-0.28493132940406984,-0.3021342158302428,-0.5386637077185605,Stable,-0.3021342158302428,0.0,A
03800,协鑫科技,2020-06-30,0.0,17.5,0.5546645839964828,0.8333333333333334,0.9906594961788848,T4,0.9944029358432811,-0.30011315703713104,→,→,VP_NEUTRAL,8.048346614046281,CBI_TURBULENT,COST_DISADVANTAGE,-0.2884221627853598,-0.3210999493140213,-0.31510265445249686,Stable,-0.3210999493140213,0.0,A
03800,协鑫科技,2020-07-31,12.5,24.6,1.5285864676902279,0.8333333333333334,1.2954186413902053,T5,1.3605253592472548,2.1625143021829154,↑,↑,VP_EXPANSION,13.252494775306563,CBI_TURBULENT,COST_DISADVANTAGE,-0.23106019973763403,-0.2269324162960209,-0.2294904862590591,Stable,-0.2269324162960209,0.5081300813008129,A
03800,协鑫科技,2020-08-31,38.888888888888886,25.23,1.35189313919732,0.9166666666666666,1.3583991385498924,T4,1.4044911870640542,1.5087079630272346,↑,↑,VP_EXPANSION,3.8547135083657436,CBI_TURBULENT,COST_NEUTRAL,-0.21016717721258693,-0.15461729969264626,0.07015210241797365,Stable,-0.15461729969264626,1.5413749064165234,A
03800,协鑫科技,2020-09-30,4.0000000000000036,13.66,-0.4118473927437596,0.5,0.8196819681968196,T3,0.8396200375175411,-0.16995112724754347,↓,↓,VP_LOCKED_CANDIDATE,17.18868709045535,CBI_TURBULENT,COST_DISADVANTAGE,-0.11983606469872055,-0.11841118330237,-0.04125142959778971,Improving,-0.11841118330237,0.292825768667643,A
03800,协鑫科技,2020-10-31,11.538461538461519,41.43,3.6108036113425146,1.0,1.8673377403846154,T5,1.8910046971787984,0.6842763731789556,↑↑,↑↑,VP_OVERHEAT,4.109355670277036,CBI_TURBULENT,COST_NEUTRAL,-0.19145658939009258,-0.23828110572067263,0.06937340544861903,Deteriorating,-0.23828110572067263,0.27850498523923534,A
03800,协鑫科技,2020-11-30,148.27586206896552,50.05,3.243435216358314,1.0,1.7411723778048354,T5,1.751471058388717,0.9857670306046813,↑↑,↑↑,VP_OVERHEAT,1.9297747511628836,CBI_TURBULENT,COST_ADVANTAGE,0.1167617650788011,0.2882166985285304,1.654996041113813,Deteriorating,0.2882166985285304,2.9625546866926182,A
03800,协鑫科技,2020-12-31,61.111111111111114,104.91,6.67932031785781,1.0,2.4221179005694937,T5,2.4219360913782495,6.6644532323462835,↑↑,↑↑,VP_OVERHEAT,0.4191534735698546,CBI_TURBULENT,COST_NEUTRAL,-0.18884084854724859,-0.03453380666715655,0.3417266607146652,Deteriorating,-0.03453380666715655,0.5825098761901737,A
03800,协鑫科技,2021-01-31,100.0,129.05,3.7368445311193303,1.0,2.1252710454807455,T5,2.1849517535242233,2.252286831267945,↑↑,↑↑,VP_OVERHEAT,0.3941795102955594,CBI_TURBULENT,COST_ADVANTAGE,-0.03170226865665249,0.30171713355959695,1.6834533214293304,Deteriorating,0.30171713355959695,0.7748934521503292,A
03800,协鑫科技,2021-02-28,19.396551724137943,84.37,1.139100414000119,0.8333333333333334,1.1954093560346661,T4,1.348437706663171,0.997088820496594,↑,↑,VP_EXPANSION,0.3466514080585265,CBI_TURBULENT,COST_NEUTRAL,0.02632392287790597,-0.06538481842516852,2.2039507329134675,Stable,-0.06538481842516852,0.22989868109681097,A
03800,协鑫科技,2021-03-31,-31.40794223826715,81.38,0.8836606761211542,0.75,0.9940756122885236,T4,1.0970885807769055,-0.08044103116704093,→,→,VP_NEUTRAL,9.045667352554071,CBI_TURBULENT,COST_DISADVANTAGE,-0.030098322240031394,-0.20308814756476057,-0.17898988502403224,Stable,-0.20308814756476057,-0.3859417822347893,A
03800,协鑫科技,2021-11-30,46.842105263157904,51.71,-0.032941020666008784,0.6666666666666666,0.6187010190041279,T3,0.6717978658491809,-0.5451353547006415,↓,↓,VP_LOCKED_CANDIDATE,6.091019309794107,CBI_TURBULENT,COST_NEUTRAL,-0.1398664230325325,-0.1220184724911677,0.20558853725418436,Improving,-0.1220184724911677,0.9058616372685728,A
03800,协鑫科技,2021-12-31,-1.4336917562724039,21.64,-0.9613212420921472,0.25,0.2744683549655435,T2,0.2986836084280207,-0.739333434514641,↓,↓,VP_SHRINK,17.7754700892501,CBI_TURBULENT,COST_NEUTRAL,-0.005062255090358514,0.03317838962335862,-0.09054941720269016,Stable,0.03317838962335862,-0.06625192958744934,A
03800,协鑫科技,2022-01-31,-17.81818181818182,10.38,-1.2939544189198513,0.08333333333333333,0.1645312128497081,T2,0.1847361777603452,-0.8621716530782373,↓,↓,VP_DECLINE_SILENT,30.00630873384783,CBI_ACTIVE,COST_DISADVANTAGE,-0.06608208092389944,-0.13197612428025518,-0.2525969755920291,Deteriorating,-0.13197612428025518,-1.7165878437554738,A
03800,协鑫科技,2022-02-28,23.008849557522137,10.26,-1.215380820944313,0.08333333333333333,0.23700623700623702,T2,0.25435232798874363,-0.7854421326525349,↓,↓,VP_LOCKED_CANDIDATE,30.15375178536771,CBI_ACTIVE,COST_NEUTRAL,-0.021257169213424798,0.034112123562507035,-0.0806281381176287,Improving,0.034112123562507035,2.2425779295830544,A
03800,协鑫科技,2022-03-31,-6.1151079136690605,31.41,-0.593492355133851,0.4166666666666667,0.9114034239288132,T2,0.9642571588106064,0.5451456133708665,→,→,VP_NEUTRAL,30.59415242532538,CBI_ACTIVE,COST_NEUTRAL,0.03576751428505709,-0.00418524773942186,-0.007900140571849956,Stable,-0.00418524773942186,-0.1946866575507501,A
03800,协鑫科技,2022-04-30,-5.747126436781603,12.59,-1.1615330331027751,0.25,0.5474309732589318,T2,0.5693193293393022,0.2147295927561621,↓,↓,VP_DECLINE_SILENT,26.901442686257177,CBI_TURBULENT,COST_DISADVANTAGE,0.010050827933213213,-0.02382023146487211,-0.06491737387231833,Deteriorating,-0.02382023146487211,-0.45648343421617177,A
03800,协鑫科技,2022-05-31,11.38211382113823,15.14,-0.9739912798495355,0.3333333333333333,0.8956813251824098,T2,0.9075866609074378,0.47602634902270435,→,↓,VP_NEUTRAL,24.9793671483825,CBI_TURBULENT,COST_ADVANTAGE,0.02791925486776381,0.08655326538251074,0.04151479495522281,Stable,0.08655326538251074,0.7517908732587998,A
03800,协鑫科技,2022-06-30,35.03649635036496,26.96,-0.5704923258468676,0.5,1.515458122540753,T2,1.5148732855514684,-0.14205452552735776,↑↑,↑↑,VP_OVERHEAT,28.58641441659599,CBI_TURBULENT,COST_ADVANTAGE,0.07444028466981467,0.11605261283992996,0.2704597941030984,Deteriorating,0.11605261283992996,1.299573306764279,A
03800,协鑫科技,2022-07-31,-9.72972972972974,16.93,-0.7024966365732569,0.4166666666666667,0.8966369494218379,T2,0.8955795831814775,0.34182352505177205,↓,↓,VP_DECLINE_SILENT,22.03228834156373,CBI_TURBULENT,COST_NEUTRAL,-0.04777914529496263,-0.08732704609001274,0.14684748981198603,Deteriorating,-0.08732704609001274,-0.5747034689739953,A
03800,协鑫科技,2022-08-31,-17.96407185628741,14.8,-0.6952712261407165,0.3333333333333333,0.7536281082916065,T2,0.7537698933932088,-0.02269047736648644,↓,↓,VP_DECLINE_SILENT,22.213644333191162,CBI_TURBULENT,COST_DISADVANTAGE,-0.08128539091619036,-0.09875223519396703,-0.059173017339867684,Deteriorating,-0.09875223519396703,-1.2137886389383385,A
03800,协鑫科技,2022-09-30,-14.598540145985417,12.22,-0.6931969919887276,0.25,0.7433090024330901,T2,0.7423667246274892,-0.5473040137345263,↓,↓,VP_DECLINE_SILENT,32.57838667123304,CBI_ACTIVE,COST_DISADVANTAGE,-0.06667797253463137,-0.08683702351942324,-0.25619597702197383,Deteriorating,-0.08683702351942324,-1.1946432198024073,A
03800,协鑫科技,2022-10-31,-17.521367521367516,11.48,-0.7490974672918626,0.25,0.7062442325438326,T2,0.7012905997938991,-0.326783157894446,↓,↓,VP_DECLINE_SILENT,29.088017646975917,CBI_TURBULENT,COST_DISADVANTAGE,-0.08932320466059895,-0.12190848882997007,-0.38652061352667066,Deteriorating,-0.12190848882997007,-1.5262515262515257,A
03800,协鑫科技,2022-11-30,23.316062176165797,18.41,0.2527130034134303,0.75,1.0958333333333332,T3,1.0904946756713882,0.23419683706318328,→,→,VP_STABLE_ASCENT,24.057648498364763,CBI_TURBULENT,COST_NEUTRAL,0.06577109345335441,0.021016228694676897,-0.24348137833858874,Improving,0.021016228694676897,1.266488982953058,A
03800,协鑫科技,2022-12-31,-19.327731092436974,18.37,0.29716932192340356,0.75,1.1953150417525213,T3,1.1918461708640946,0.49456741965306295,↑,↑,VP_SELLING_ACTIVE,20.241776874037317,CBI_TURBULENT,COST_DISADVANTAGE,-0.047596009321233756,-0.1006148979168654,-0.13694731502307878,Deteriorating,-0.1006148979168654,-1.052135606556177,A
03800,协鑫科技,2023-01-31,9.375,12.11,-0.7984802512160974,0.25,0.8314452454514246,T2,0.8282815347797066,0.05364431868956987,↓,↓,VP_LOCKED_CANDIDATE,37.498928720175094,CBI_ACTIVE,COST_NEUTRAL,-0.05093079208076057,0.002103223586931602,-0.05603612580649231,Improving,0.002103223586931602,0.7741535920726672,A
03800,协鑫科技,2023-02-28,-6.666666666666677,13.67,-0.5930253459975963,0.4166666666666667,0.9508462786923255,T2,0.9499064950485091,-0.25783072976458254,→,→,VP_NEUTRAL,30.839223951102632,CBI_ACTIVE,COST_DISADVANTAGE,-0.10341637992308483,-0.12088722647470396,-0.11896705075272618,Stable,-0.12088722647470396,-0.4876859302609127,A
03800,协鑫科技,2023-03-31,0.5102040816326481,16.26,0.13159464975606627,0.6666666666666666,1.0803986710963454,T3,1.0807103382032914,-0.11523052171211601,→,→,VP_NEUTRAL,30.757583981719193,CBI_ACTIVE,COST_NEUTRAL,0.007178029867145774,-0.001348116205882821,-0.058125462496170566,Stable,-0.001348116205882821,0.03137786479905585,A
03800,协鑫科技,2023-04-30,-3.5532994923857864,8.75,-1.7524369576463918,0.08333333333333333,0.5995203836930456,T1,0.6000501921674932,-0.2755942058633707,↓,↓,VP_DECLINE_SILENT,43.714817997382305,CBI_ACTIVE,COST_DISADVANTAGE,-0.043453694251053165,-0.05023516271881445,-0.09159308565620516,Deteriorating,-0.05023516271881445,-0.4060913705583756,A
03800,协鑫科技,2023-05-31,-13.684210526315788,7.89,-1.6239638154305183,0.08333333333333333,0.6144062297209604,T1,0.6136568507217497,-0.42348589099479406,↓,↓,VP_DECLINE_SILENT,43.23379697358498,CBI_ACTIVE,COST_DISADVANTAGE,-0.10449561922044659,-0.09639764859964595,-0.2159014002506192,Deteriorating,-0.09639764859964595,-1.734373957707958,A
03800,协鑫科技,2023-06-30,10.365853658536594,10.77,-0.8570187840379744,0.25,0.9304535637149027,T2,0.9308825197299561,-0.33765393573281577,→,→,VP_STABLE_ASCENT,36.82408286828695,CBI_ACTIVE,COST_ADVANTAGE,0.031171710544091624,0.09993240251013202,0.0012897443060204683,Improving,0.09993240251013202,0.9624748058065546,A
03800,协鑫科技,2023-07-31,-6.629834254143652,7.23,-1.758258256632947,0.08333333333333333,0.6718290227659905,T1,0.6701514995111005,-0.17681738539064906,↓,↓,VP_DECLINE_SILENT,41.462234925521244,CBI_ACTIVE,COST_NEUTRAL,0.04019469974929657,0.0186465631393109,-0.0650941061452075,Deteriorating,0.0186465631393109,-0.9169895233946959,A
03800,协鑫科技,2023-08-31,-19.526627218934898,7.79,-1.2577792743433995,0.16666666666666666,0.7963878003066961,T2,0.7938620246805161,-0.015290002680525605,↓,↓,VP_DECLINE_SILENT,41.35975158881654,CBI_ACTIVE,COST_DISADVANTAGE,0.019128905775158023,-0.05725483909444018,-0.24764969488608402,Deteriorating,-0.05725483909444018,-2.50662737085172,A
03800,协鑫科技,2023-09-30,7.352941176470584,4.34,-1.9523334100097063,0.08333333333333333,0.5567671584348941,T1,0.5565610817594655,-0.5977575688111534,↓,↓,VP_LOCKED_CANDIDATE,40.24972854995804,CBI_ACTIVE,COST_NEUTRAL,0.04689495165924762,0.061070641308923035,-0.03214877050736609,Improving,0.061070641308923035,1.6942260775277844,A
03800,协鑫科技,2023-10-31,-21.232876712328775,5.21,-1.366424859042049,0.16666666666666666,0.7231089521165857,T2,0.7214669260535607,-0.2805013702416803,↓,↓,VP_DECLINE_SILENT,34.138459829663496,CBI_ACTIVE,COST_DISADVANTAGE,-0.07860988200016827,-0.1243262339818898,-0.23765142882429524,Deteriorating,-0.1243262339818898,-4.075408198143719,A
03800,协鑫科技,2023-11-30,-9.565217391304337,8.52,-0.39726150472095056,0.5,1.1655266757865936,T3,1.1655755470024187,0.09569362335008003,↑,↑,VP_SELLING_ACTIVE,23.510212339839587,CBI_TURBULENT,COST_DISADVANTAGE,-0.11405348103816793,-0.10279219319465571,-0.31057172693675383,Deteriorating,-0.10279219319465571,-1.1226780975709316,A
03800,协鑫科技,2023-12-31,19.23076923076923,7.33,-0.5830296550554568,0.3333333333333333,1.0880752102919347,T2,1.0865841846477364,0.683771960813605,→,→,VP_STABLE_ASCENT,29.22536098423072,CBI_TURBULENT,COST_ADVANTAGE,0.026356756137885462,0.10637029692389333,0.047375985558087974,Improving,0.10637029692389333,2.623570154265925,A
03800,协鑫科技,2024-01-31,-27.419354838709676,9.629999999999999,0.22256521191548737,0.75,1.3493694535263894,T3,1.3458769902028553,0.8438945732257759,↑,↑,VP_SELLING_ACTIVE,17.94021507983183,CBI_TURBULENT,COST_DISADVANTAGE,-0.14298712497572308,-0.15009814585119297,-0.23980775241751673,Deteriorating,-0.15009814585119297,-2.847285029980237,A
03800,协鑫科技,2024-02-29,21.111111111111125,5.83,-0.8980574648617835,0.25,0.8560939794419972,T2,0.8530265119312832,-0.319970969245544,↓,↓,VP_LOCKED_CANDIDATE,34.487551669711515,CBI_ACTIVE,COST_NEUTRAL,0.04511424773498751,0.08314826120678886,-0.07932272237232574,Improving,0.08314826120678886,3.6211168286640008,A
03800,协鑫科技,2024-03-31,17.431192660550444,15.04,4.12061308288835,1.0,1.7501939487975176,T5,1.7485266795323684,1.048043584055998,↑↑,↑↑,VP_OVERHEAT,8.772958433387906,CBI_TURBULENT,COST_NEUTRAL,-0.016521860212505346,-0.007003671135798917,0.10116282610559701,Deteriorating,-0.007003671135798917,1.1589888737068115,A
03800,协鑫科技,2024-04-30,-8.59375000000001,8.97,0.2939707010257539,0.75,0.9728850325379611,T3,0.9739104694081903,-0.06639048624095323,→,→,VP_NEUTRAL,22.918834089782553,CBI_TURBULENT,COST_NEUTRAL,0.06635363721099496,-0.005177541798792262,0.0065316457371471515,Stable,-0.005177541798792262,-0.9580546265328885,A
03800,协鑫科技,2024-05-31,24.786324786324787,20.94,4.503993970442847,1.0,1.8547387068201948,T5,1.8549864462828234,2.600634953356824,↑↑,↑↑,VP_OVERHEAT,8.31490742006108,CBI_TURBULENT,COST_ADVANTAGE,-0.03202151485951432,0.03625806476801907,0.2560138485266965,Deteriorating,0.03625806476801907,1.1836831321072008,A
03800,协鑫科技,2024-06-30,-20.547945205479458,13.52,0.9461917937084267,0.8333333333333334,1.097254159339916,T4,1.097687308904637,-0.10035954988200468,→,→,VP_NEUTRAL,10.665896380779753,CBI_TURBULENT,COST_DISADVANTAGE,-0.028738677329552376,-0.12701032870971207,-0.13162485085509779,Stable,-0.12701032870971207,-1.519818432357948,A
03800,协鑫科技,2024-07-31,-5.172413793103436,8.59,-0.24354277296132126,0.5833333333333334,0.7070928796817121,T3,0.7074975466736966,-0.04326450745230637,↓,↓,VP_DECLINE_SILENT,24.46407438748591,CBI_TURBULENT,COST_DISADVANTAGE,-0.010316596786149379,-0.022163941341667437,-0.17654080684535123,Deteriorating,-0.022163941341667437,-0.6021436313275246,A
03800,协鑫科技,2024-08-31,5.454545454545445,8.58,-0.26245451123512686,0.5,0.6805922792173453,T3,0.6800681146341443,-0.590545863268293,↓,↓,VP_LOCKED_CANDIDATE,26.285445402807387,CBI_TURBULENT,COST_NEUTRAL,0.04948648317141591,0.04513101773750172,-0.13162485085509779,Improving,0.04513101773750172,0.6357279084551801,A
03800,协鑫科技,2024-09-30,20.68965517241379,14.370000000000001,0.950909677870592,0.8333333333333334,1.150060024009604,T4,1.149600097566019,0.06239930616143741,↑,↑,VP_EXPANSION,14.844367785582598,CBI_TURBULENT,COST_ADVANTAGE,0.20552229165834568,0.19500789966094279,0.22583260950338513,Stable,0.19500789966094279,1.4397811532647034,A
03800,协鑫科技,2024-10-31,22.857142857142865,71.38000000000001,14.266927060655632,1.0,3.1174843499781635,T5,3.116634633869159,7.300215137853668,↑↑,↑↑,VP_OVERHEAT,3.7107305504316974,CBI_TURBULENT,COST_ADVANTAGE,0.14437417610430847,0.15531456473783378,0.5060229202470161,Deteriorating,0.15531456473783378,0.32021774806868675,A
03800,协鑫科技,2024-11-30,-15.697674418604656,30.17,0.755557841262753,0.9166666666666666,1.2347043175772456,T4,1.2350933571697114,2.5187861889297354,↑,↑,VP_SELLING_ACTIVE,3.6985620698252264,CBI_TURBULENT,COST_NEUTRAL,0.04070165654689051,-0.04150701545759039,0.26961234555707736,Deteriorating,-0.04150701545759039,-0.520307405323323,A
03800,协鑫科技,2024-12-31,-25.51724137931034,25.54,0.37577790501907127,0.8333333333333334,0.9660215596041102,T3,0.9650240897429647,0.7749400652120657,→,→,VP_NEUTRAL,8.90708938826766,CBI_TURBULENT,COST_DISADVANTAGE,-0.030609059586165444,-0.12159277067084007,-0.25125973954720326,Stable,-0.12159277067084007,-0.9991089028704128,A
03800,协鑫科技,2025-01-31,13.888888888888884,15.17,-0.2875432046378556,0.6666666666666666,0.5509351734156528,T3,0.5768487509278423,-0.7764199358794136,↓,↓,VP_LOCKED_CANDIDATE,16.0301095422095,CBI_TURBULENT,COST_NEUTRAL,0.005838264056172271,0.08118351692031678,-0.1472680367065371,Improving,0.08118351692031678,0.9155496960375006,A
03800,协鑫科技,2025-02-28,0.8130081300812941,29.48,0.48550097599173186,0.8333333333333334,0.9504056740637258,T3,0.9915539527958287,0.03234808229885355,→,→,VP_NEUTRAL,20.468592265396545,CBI_TURBULENT,COST_NEUTRAL,-0.005726693478479872,0.009126940580334031,-0.14033525651715928,Stable,0.009126940580334031,0.027578294778877004,A
03800,协鑫科技,2025-03-31,-20.967741935483875,25.48,0.1767546292029422,0.6666666666666666,0.7751749315485246,T3,0.8037450726809166,0.0560931308746333,↓,↓,VP_DECLINE_SILENT,19.756552387298026,CBI_TURBULENT,COST_DISADVANTAGE,-0.03525654144669366,-0.12461218512666605,-0.16195757198021188,Deteriorating,-0.12461218512666605,-0.8229098090849245,A
03800,协鑫科技,2025-04-30,-19.387755102040817,18.93,-0.2986260949791787,0.5,0.7845548110796435,T3,0.8019223791482032,0.2544832478135808,↓,↓,VP_DECLINE_SILENT,22.772726381568063,CBI_TURBULENT,COST_DISADVANTAGE,-0.008123403006006669,-0.03384334107729148,-0.324435185575885,Deteriorating,-0.03384334107729148,-1.0241814633935984,A
03800,协鑫科技,2025-05-31,3.797468354430378,17.07,-0.39780875417493294,0.5,0.7778537252221464,T3,0.7865584428757494,-0.42098334897412804,↓,↓,VP_LOCKED_CANDIDATE,21.187928891689204,CBI_TURBULENT,COST_DISADVANTAGE,-0.02727537439439842,-0.034994005176853915,-0.29878082553446306,Improving,-0.034994005176853915,0.22246446130230685,A
03800,协鑫科技,2025-06-30,21.95121951219512,17.89,-0.37186694100938034,0.5,0.8655055636187711,T3,0.8671526579969134,-0.2969496919586635,↓,↓,VP_LOCKED_CANDIDATE,20.88867606208016,CBI_TURBULENT,COST_ADVANTAGE,0.10699491532334893,0.12665679626889959,0.1750160488187147,Improving,0.12665679626889959,1.2270105931914543,A
03800,协鑫科技,2025-07-31,16.999999999999993,79.42,3.399434115500423,1.0,2.5310458384235406,T5,2.5312876642258058,3.1961625143555583,↑↑,↑↑,VP_OVERHEAT,2.821430398058763,CBI_TURBULENT,COST_NEUTRAL,-0.0746199412514672,-0.031520394815123476,0.37476877711789625,Deteriorating,-0.031520394815123476,0.2140518761017375,A
03800,协鑫科技,2025-08-31,6.8376068376068355,36.72,0.24977872422575045,0.8333333333333334,1.1268988798526929,T3,1.1266475706750976,1.1519009211477527,↑,↑,VP_EXPANSION,5.7321706068571885,CBI_TURBULENT,COST_ADVANTAGE,0.014318536649530644,0.03892453850154487,0.4687700610233936,Improving,0.03892453850154487,0.18620933653613386,A
03800,协鑫科技,2025-09-30,4.800000000000004,54.28,1.003285098093765,0.8333333333333334,1.451919218938077,T4,1.452636054655953,2.0326857797176654,↑,↑,VP_EXPANSION,8.556279192979831,CBI_TURBULENT,COST_NEUTRAL,0.017946579609635194,-0.019515263206353772,0.04984080135940694,Stable,-0.019515263206353772,0.0884303610906412,A
03800,协鑫科技,2025-10-31,3.8167938931297662,38.72,0.37371231597797394,0.8333333333333334,0.951741089717329,T3,1.0021077896940578,-0.48140964429497535,→,→,VP_STABLE_ASCENT,2.6566314442081636,CBI_TURBULENT,COST_ADVANTAGE,-0.0005398225330588424,0.02449447856316489,0.08991106095327739,Improving,0.02449447856316489,0.09857422244653322,A
03800,协鑫科技,2025-11-30,-14.705882352941192,43.96,0.612723108332801,0.8333333333333334,0.9733200487102845,T4,1.0603751697850896,0.34227369750617487,→,→,VP_NEUTRAL,6.566146097946543,CBI_TURBULENT,COST_DISADVANTAGE,0.011677423100073137,-0.11732006737541678,-0.07036997742220463,Stable,-0.11732006737541678,-0.3345287159449771,A
03800,协鑫科技,2025-12-31,-8.620689655172399,21.77,-0.6712310723328314,0.4166666666666667,0.47520646123622073,T2,0.5318310762020798,-0.5327998893432673,↓,↓,VP_DECLINE_SILENT,19.904669662364352,CBI_TURBULENT,COST_DISADVANTAGE,-0.031074144304815143,-0.04185517881663414,-0.16756482432036746,Deteriorating,-0.04185517881663414,-0.3959894191627193,A
03800,协鑫科技,2026-01-31,1.8867924528301883,24.599999999999998,-0.5676300809479417,0.4166666666666667,0.6707566462167688,T2,0.731016350181794,-0.3031763092765053,↓,↓,VP_LOCKED_CANDIDATE,21.533714033718773,CBI_TURBULENT,COST_DISADVANTAGE,-0.03422123983280323,-0.022649869489476337,-0.1518585002509404,Improving,-0.022649869489476337,0.07669888019634913,A
03800,协鑫科技,2026-02-28,11.111111111111093,20.79,-0.7458005403274546,0.3333333333333333,0.611111111111111,T2,0.652671549456056,-0.5074386474489123,↓,↓,VP_LOCKED_CANDIDATE,22.26579595073817,CBI_TURBULENT,COST_NEUTRAL,-0.021257069069516743,0.028603977929521962,-0.057620555834378306,Improving,0.028603977929521962,0.5344449788894224,A
03800,协鑫科技,2026-03-31,-28.333333333333332,24.13,-0.5325501830332962,0.5,0.8322124504224866,T2,0.8574216838629222,0.10914967904879602,↓,↓,VP_DECLINE_SILENT,19.458696806435807,CBI_TURBULENT,COST_DISADVANTAGE,-0.06142372988824585,-0.15904190151886877,-0.21452197204333612,Deteriorating,-0.15904190151886877,-1.174195330846802,A
03800,协鑫科技,2026-04-30,4.651162790697683,15.46,-1.0435586182651644,0.08333333333333333,0.6154866963041603,T2,0.6216756728645138,-0.3726476440782427,↓,↓,VP_LOCKED_CANDIDATE,31.01787856913671,CBI_ACTIVE,COST_DISADVANTAGE,-0.10453259273645332,-0.07084592888107233,-0.17798811027790995,Improving,-0.07084592888107233,0.30085140948885397,A
03800,协鑫科技,2026-05-31,-7.777777777777784,12.52,-1.187333976272488,0.08333333333333333,0.6298314748050642,T2,0.6289540388983941,-0.39933613134411183,↓,↓,VP_DECLINE_SILENT,31.92383544092324,CBI_ACTIVE,COST_DISADVANTAGE,0.009496188734219757,-0.04479804620700378,-0.24192236836740588,Deteriorating,-0.04479804620700378,-0.6212282570110051,A
03800,协鑫科技,2026-06-30,-16.867469879518072,21.14,-0.6735644218977228,0.3333333333333333,1.0691166554281863,T2,1.0620057614041472,-0.1311813851797654,→,→,VP_NEUTRAL,28.203699658593035,CBI_TURBULENT,COST_DISADVANTAGE,0.011438899798048574,-0.046057697455129776,-0.1765814347804061,Stable,-0.046057697455129776,-0.7978935609989627,A
03800,协鑫科技,2026-07-31,-11.594202898550721,15.84,-1.0244272968136294,0.25,0.8649435748088824,T2,0.8438557711407407,-0.005099404921284245,↓,↓,VP_DECLINE_SILENT,30.305194962258174,CBI_ACTIVE,COST_NEUTRAL,0.004091686248009596,-0.011775507040712618,-0.272050253936301,Deteriorating,-0.011775507040712618,-0.7319572536963839,A
06060,众安在线,2017-09-30,0.0,26.009999999999998,,,,,,,,,VP_NEUTRAL,,,COST_DISADVANTAGE,-0.05428205670853725,-0.05428205670853725,-0.05428205670853725,Stable,-0.05428205670853725,0.0,A
06060,众安在线,2017-10-31,24.034672970843186,66.68,,,,,,,,,VP_NEUTRAL,,,COST_NEUTRAL,0.00037458632700615446,-0.06207474624075626,0.17301815818815003,Stable,-0.06207474624075626,0.3604480049616554,A
06060,众安在线,2017-11-30,-9.466327827191867,15.34,,,0.4259927797833935,,0.44926570204618066,,↓,↓,VP_DECLINE_SILENT,,,COST_NEUTRAL,0.003135761642133472,-0.045876939190902855,0.06197641386157171,Deteriorating,-0.045876939190902855,-0.6171009013814777,A
06060,众安在线,2017-12-31,-2.7368421052631597,8.27,,,0.28443680137575234,,0.2990266013022269,-0.6604313524230176,↓,↓,VP_DECLINE_SILENT,,,COST_NEUTRAL,0.0068454797170245385,0.027620270015681347,-0.14114939395847215,Deteriorating,0.027620270015681347,-0.33093616750461424,A
06060,众安在线,2018-01-31,1.1544011544011523,9.7,,,0.3849206349206349,,0.40247045521062297,-0.8454797489367994,↓,↓,VP_SHRINK,,,COST_DISADVANTAGE,-0.03729919716706753,-0.0379704670671569,-0.1312348126477475,Stable,-0.0379704670671569,0.1190104282887786,A
06060,众安在线,2018-02-28,-1.854493580599137,6.56,-0.8606526539868191,0.16666666666666666,0.29692214846107423,T2,0.309982904665127,-0.5724059380765977,↓,↓,VP_DECLINE_SILENT,34.30452220861254,CBI_ACTIVE,COST_NEUTRAL,0.003943216084524526,0.032390530837196785,-0.1473460072776751,Deteriorating,0.032390530837196785,-0.2826971921645026,A
06060,众安在线,2018-03-31,-14.026162790697672,12.59,-0.4534934043208287,0.5714285714285714,0.6340439818700688,T3,0.6563193048830067,0.5224187523449426,↓,↓,VP_DECLINE_SILENT,25.07000576124842,CBI_TURBULENT,COST_DISADVANTAGE,-0.03379795400240437,-0.10775786634994478,-0.13751346497764694,Deteriorating,-0.10775786634994478,-1.114071706965661,A
06060,众安在线,2018-04-30,-6.931530008453091,5.34,-0.7821328007571209,0.125,0.554325259515571,T2,0.5551958319871241,-0.4479791168713517,↓,↓,VP_DECLINE_SILENT,45.54664669579262,CBI_ACTIVE,COST_DISADVANTAGE,-0.014104384001139225,-0.05282564764412512,-0.19729697797158863,Deteriorating,-0.05282564764412512,-1.2980393274256725,A
06060,众安在线,2018-05-31,-5.177111716621241,8.64,-0.5324155200699792,0.4444444444444444,1.0144814090019572,T2,1.0144168312634012,0.3176492687285284,→,→,VP_NEUTRAL,39.494660774267416,CBI_ACTIVE,COST_NEUTRAL,0.020674155083705514,0.0017921226607493512,-0.23885381017469431,Stable,0.0017921226607493512,-0.5992027449793103,A
06060,众安在线,2018-06-30,-5.076628352490431,7.13,-0.5767890513301681,0.3,0.856285028022418,T2,0.857786307573243,-0.4327880155326105,↓,↓,VP_DECLINE_SILENT,47.070539396362065,CBI_ACTIVE,COST_DISADVANTAGE,-0.01569213847431683,-0.05239948566853747,-0.07711820046793294,Deteriorating,-0.05239948566853747,-0.7120095866045485,A
06060,众安在线,2018-07-31,-27.447023208879905,5.95,-0.6052008288666714,0.18181818181818182,0.7725600519368102,T2,0.7725228213343015,0.11316976681432545,↓,↓,VP_DECLINE_SILENT,39.93765469924849,CBI_ACTIVE,COST_DISADVANTAGE,-0.09483200668335667,-0.15638430988240815,-0.330421782176028,Deteriorating,-0.15638430988240815,-4.612945077122673,A
06060,众安在线,2018-08-31,-6.397774687065382,8.37,-0.42611943290474624,0.5,1.045814244064973,T3,1.0467270323576383,-0.029440742352473293,→,→,VP_NEUTRAL,22.215339904949523,CBI_TURBULENT,COST_DISADVANTAGE,-0.056130189512862305,-0.06403559591812635,-0.37325988790607356,Stable,-0.06403559591812635,-0.7643697356111568,A
06060,众安在线,2018-09-30,-5.052005943536397,5.31,-0.5179830148533453,0.08333333333333333,0.7820324005891016,T2,0.7811383584580693,-0.25687394007796127,↓,↓,VP_DECLINE_SILENT,39.86567786165208,CBI_ACTIVE,COST_DISADVANTAGE,-0.031928582061565014,-0.021492755766118532,-0.13832567157631614,Deteriorating,-0.021492755766118532,-0.9514135486885871,A
06060,众安在线,2018-10-31,-18.466353677621285,13.85,1.8076468437147395,0.9166666666666666,1.6873096446700506,T5,1.6871105827984416,1.3281532463782755,↑↑,↑↑,VP_PANIC,15.716630475319842,CBI_TURBULENT,COST_DISADVANTAGE,-0.053432266041100296,-0.049945624992998705,-0.29744550061230157,Deteriorating,-0.049945624992998705,-1.3333107348463022,A
06060,众安在线,2018-11-30,23.032629558541263,9.78,0.5387164010374711,0.8333333333333334,1.164516769200238,T4,1.1638183285439923,0.16666198981719926,↑,↑,VP_EXPANSION,14.155547309104037,CBI_TURBULENT,COST_NEUTRAL,-0.030171982098001315,0.03008901674832698,-0.13562872532146908,Stable,0.03008901674832698,2.3550745969878593,A
06060,众安在线,2018-12-31,-21.84087363494539,9.04,0.2086832660762912,0.6666666666666666,1.037093690248566,T3,1.0373064346752625,0.7043670860893578,→,→,VP_NEUTRAL,22.680040889758644,CBI_TURBULENT,COST_DISADVANTAGE,-0.019236931891969178,-0.12910741819227345,-0.13312899470943296,Stable,-0.12910741819227345,-2.416025844573605,A
06060,众安在线,2019-01-31,7.784431137724557,7.95,-0.1727538535027809,0.5,0.8784530386740332,T3,0.8756251047124348,-0.42812925896290477,↓,↓,VP_LOCKED_CANDIDATE,49.983791589228346,CBI_ACTIVE,COST_NEUTRAL,0.0014619172368919298,0.025685851853236352,-0.06564801824968824,Improving,0.025685851853236352,0.9791737280156675,A
06060,众安在线,2019-02-28,9.259259259259256,10.31,0.6724090092103406,0.8333333333333334,1.0999288762446657,T4,1.0996669036053957,0.05350674384322729,→,→,VP_STABLE_ASCENT,34.90241740067158,CBI_ACTIVE,COST_ADVANTAGE,0.058400083617655696,0.026129688916323612,0.020866054134599743,Stable,0.026129688916323612,0.8980852821783953,A
06060,众安在线,2019-03-31,-4.406779661016946,17.71,3.936621722975481,1.0,1.5480769230769231,T5,1.5488194196789198,0.9582366299941154,↑↑,↑↑,VP_PANIC,20.54144011408311,CBI_TURBULENT,COST_NEUTRAL,0.037518681511685914,-0.01901134660861148,-0.00046259879130094994,Deteriorating,-0.01901134660861148,-0.24883002038492072,A
06060,众安在线,2019-04-30,0.35460992907800915,8.48,-0.2873753269635777,0.5,0.8041725936462779,T3,0.8055218819913103,0.07181463337287153,↓,↓,VP_SHRINK,31.556179851797943,CBI_ACTIVE,COST_NEUTRAL,0.0023815103057591713,-0.04146343787773199,0.0030818600782334116,Stable,-0.04146343787773199,0.041817208617689755,A
06060,众安在线,2019-05-31,-20.848056537102476,8.01,-0.42071083970105533,0.4166666666666667,0.7814634146341464,T3,0.7827903743371739,-0.22120101357448563,↓,↓,VP_DECLINE_SILENT,30.394754945878457,CBI_ACTIVE,COST_DISADVANTAGE,0.01573027362580115,-0.06134443533663325,-0.2060412132242958,Deteriorating,-0.06134443533663325,-2.6027536251064265,A
06060,众安在线,2019-06-30,-4.241071428571431,5.14,-1.3037120543961631,0.08333333333333333,0.5354166666666667,T2,0.5351518760681295,-0.710003482908691,↓,↓,VP_DECLINE_SILENT,40.12892414091049,CBI_ACTIVE,COST_DISADVANTAGE,-0.009081489059255543,-0.02435032104692303,-0.16335961958219802,Deteriorating,-0.02435032104692303,-0.8251111728738192,A
06060,众安在线,2019-07-31,-17.48251748251748,8.76,-0.20013509694860207,0.5833333333333334,0.8998459167950692,T3,0.8995437792831504,0.03148943224850442,↓,↓,VP_DECLINE_SILENT,17.20848630272018,CBI_TURBULENT,COST_DISADVANTAGE,-0.06828104969962834,-0.09947281491080517,-0.3096254203545411,Deteriorating,-0.09947281491080517,-1.9957211738033653,A
06060,众安在线,2019-08-31,0.0,21.71,3.555326089083449,1.0,1.8659217877094973,T5,1.8665246097176067,1.7084567523561018,↑↑,↑↑,VP_NEUTRAL,7.189136055240502,CBI_TURBULENT,COST_DISADVANTAGE,-0.08624104762371054,-0.060758249705679446,-0.3096254203545411,Stable,-0.060758249705679446,0.0,A
06060,众安在线,2019-09-30,4.519774011299438,9.540000000000001,-0.309055691048583,0.5833333333333334,0.9286177806619079,T3,0.929212784139987,0.8602025170145862,→,→,VP_STABLE_ASCENT,17.98180898903385,CBI_TURBULENT,COST_DISADVANTAGE,-0.013245511406530075,-0.04870122183558556,-0.034742402043309806,Improving,-0.04870122183558556,0.47377086072321145,A
06060,众安在线,2019-10-31,41.62162162162162,24.13,2.9641004069409136,1.0,1.8732048130417907,T5,1.8727474884103308,1.756103224156532,↑↑,↑↑,VP_OVERHEAT,2.5923071623688325,CBI_TURBULENT,COST_ADVANTAGE,0.04043184209478201,0.08267330610399193,0.3670134630521775,Deteriorating,0.08267330610399193,1.7248910742487205,A
06060,众安在线,2019-11-30,3.244274809160319,20.5,1.4391012156664167,0.8333333333333334,1.370015593673424,T4,1.3683331907154035,-0.05754807281663332,↑,↑,VP_EXPANSION,4.427151013906812,CBI_TURBULENT,COST_ADVANTAGE,0.0036151238169586097,0.051099511907220396,0.41136313647180933,Stable,0.051099511907220396,0.158257307763918,A
06060,众安在线,2019-12-31,3.8817005545286554,17.48,0.7128866685742716,0.6666666666666666,1.027027027027027,T4,1.0278488122168667,0.8317765056205837,→,→,VP_STABLE_ASCENT,16.072383418928766,CBI_TURBULENT,COST_NEUTRAL,-0.021019565320335998,-0.021446428809004048,0.08168314747984073,Stable,-0.021446428809004048,0.22206524911491163,A
06060,众安在线,2020-01-31,-9.608540925266917,23.46,1.5355983777431559,0.9166666666666666,1.2049306625577811,T5,1.2041740651555595,-0.02848309613576938,↑,↑,VP_SELLING_ACTIVE,6.243272658789357,CBI_TURBULENT,COST_DISADVANTAGE,-0.020069299973577648,-0.13439904211791898,-0.02225082042747506,Deteriorating,-0.13439904211791898,-0.40957122443592997,A
06060,众安在线,2020-02-29,29.133858267716526,25.16,1.5064906093292911,1.0,1.2551758543277625,T5,1.25510412950105,0.2287190458134838,↑,↑,VP_EXPANSION,5.322432833525172,CBI_TURBULENT,COST_ADVANTAGE,0.009794319727219891,0.06033126921243892,0.2626052397629457,Stable,0.06033126921243892,1.1579434923575727,A
06060,众安在线,2020-03-31,-21.95121951219511,35.65,2.723568541861263,1.0,1.4612652001639568,T5,1.4609641370259328,1.0365400123908972,↑,↑,VP_SELLING_ACTIVE,5.680298844606687,CBI_TURBULENT,COST_DISADVANTAGE,0.03341142320937518,-0.1146420885716708,-0.1362196276795642,Deteriorating,-0.1146420885716708,-0.615742482810522,A
06060,众安在线,2020-04-30,4.6875,14.23,-0.4390577461365376,0.4166666666666667,0.6255861664712777,T3,0.6259242510454359,-0.39293976211107906,↓,↓,VP_LOCKED_CANDIDATE,27.02668339103747,CBI_TURBULENT,COST_NEUTRAL,0.06877586291456272,0.024437747950301958,-0.09572992272704384,Improving,0.024437747950301958,0.32940969782150387,A
06060,众安在线,2020-05-31,2.0522388059701413,22.96,0.5047509070358464,0.6666666666666666,0.991507125377861,T4,0.992069004691459,-0.08679488177065342,→,→,VP_STABLE_ASCENT,21.969225546047852,CBI_TURBULENT,COST_DISADVANTAGE,-0.009525377043494876,-0.03666598390660214,-0.0771721412904719,Stable,-0.03666598390660214,0.08938322325653925,A
06060,众安在线,2020-06-30,40.21937842778793,29.69,1.2822134183446454,0.9166666666666666,1.1785643400595436,T4,1.177999934799108,-0.1674016898098568,↑,↑,VP_EXPANSION,16.25451298133073,CBI_TURBULENT,COST_ADVANTAGE,0.07263946538250132,0.16234915153782015,0.28011902869491956,Stable,0.16234915153782015,1.3546439349204422,A
06060,众安在线,2020-07-31,21.121251629726203,49.34,4.017916458177993,1.0,1.672258939162854,T5,1.6717853298632273,2.464393564425264,↑↑,↑↑,VP_OVERHEAT,17.0041810073484,CBI_TURBULENT,COST_NEUTRAL,0.015015062134388524,-0.03585845957085487,0.5504961899055807,Deteriorating,-0.03585845957085487,0.42807563092270373,A
06060,众安在线,2020-08-31,9.90312163616791,38.26,1.313048313641607,0.9166666666666666,1.2073844211855047,T4,1.207516419668479,0.6650985961336269,↑,↑,VP_EXPANSION,4.586056141523136,CBI_TURBULENT,COST_ADVANTAGE,-0.007800938879813035,0.03685198447146165,0.7040437135560793,Stable,0.03685198447146165,0.25883747088781783,A
06060,众安在线,2020-09-30,-24.975514201762984,33.13,0.5934914774439275,0.75,1.0595384041362401,T4,1.0593247082365536,0.1161070524694936,→,→,VP_NEUTRAL,6.5238294237620735,CBI_TURBULENT,COST_DISADVANTAGE,-0.060533706336915793,-0.15724691109006905,-0.19813232134805203,Stable,-0.15724691109006905,-0.7538639964311192,A
06060,众安在线,2020-10-31,5.22193211488251,18.37,-0.9988600372099944,0.25,0.5748109517601043,T2,0.5750013078501856,-0.627463421591637,↓,↓,VP_LOCKED_CANDIDATE,30.924661773972137,CBI_ACTIVE,COST_NEUTRAL,-0.007238304752539948,0.0030332012443496925,-0.15625933551766313,Improving,0.0030332012443496925,0.2842641325466799,A
06060,众安在线,2020-11-30,-7.071960297766733,21.89,-0.6098076565849785,0.3333333333333333,0.6887979861548144,T2,0.6884291856593506,-0.4283502703398864,↓,↓,VP_DECLINE_SILENT,34.53426249478288,CBI_ACTIVE,COST_DISADVANTAGE,0.011308659598894266,-0.04426761761731424,-0.2159283403259673,Deteriorating,-0.04426761761731424,-0.323068081213647,A
06060,众安在线,2020-12-31,-3.337783711615483,12.67,-1.6306188274897833,0.08333333333333333,0.4377519290567776,T1,0.7631335315308873,-0.2918529775974993,↓,↓,VP_DECLINE_SILENT,38.459426638928825,CBI_ACTIVE,COST_NEUTRAL,-0.0021682444837601844,0.0028367297036666628,-0.055682611167860996,Deteriorating,0.0028367297036666628,-0.26343991409751244,A
06060,众安在线,2021-01-31,32.044198895027606,15.87,-1.0888337207535697,0.25,0.679221057136743,T2,1.5717487088829507,1.609382881124278,↑↑,↓,VP_NEUTRAL,62.19545535131826,CBI_STABLE,COST_ADVANTAGE,-0.041808272590089124,0.07940163350015994,0.2469163311098408,Stable,0.07940163350015994,2.0191681723394836,A
06060,众安在线,2021-02-28,9.100418410041854,19.77,-0.6115293631854035,0.4166666666666667,0.9746918652423993,T2,1.7536973635271966,1.7335299193797526,↑↑,→,VP_NEUTRAL,44.03260296033448,CBI_ACTIVE,COST_NEUTRAL,-0.10208727882570867,-0.1384782430025434,0.3603909344639791,Stable,-0.1384782430025434,0.4603145376854757,A
06060,众安在线,2021-03-31,-10.067114093959727,12.89,-1.126971758006559,0.16666666666666666,0.7622708456534595,T2,1.1132609204541004,0.6651522476555269,↑,↓,VP_NEUTRAL,55.23666347557928,CBI_STABLE,COST_DISADVANTAGE,0.006067625350091532,-0.05765277255263834,-0.10430306096692732,Stable,-0.05765277255263834,-0.7810018691978066,A
06060,众安在线,2021-04-30,-1.9189765458422103,4.56,-1.8620884772766986,0.08333333333333333,0.3121505989731888,T1,0.4026813269739853,-0.711734730500724,↓,↓,VP_DECLINE_SILENT,50.58656115688383,CBI_STABLE,COST_DISADVANTAGE,-0.010610609977167562,-0.03300575640322956,-0.12149127514879854,Deteriorating,-0.03300575640322956,-0.4208281898776777,A
06060,众安在线,2021-05-31,-13.043478260869568,7.84,-1.242488298192041,0.16666666666666666,0.6391304347826088,T2,0.6857966953867083,-0.6027055244783092,↓,↓,VP_DECLINE_SILENT,45.922125848646445,CBI_ACTIVE,COST_DISADVANTAGE,-0.023189833697382478,-0.040046079734737616,-0.2360793696946074,Deteriorating,-0.040046079734737616,-1.6637089618456082,A
06060,众安在线,2021-06-30,9.87500000000001,8.64,-0.9753004846004373,0.25,0.7451487710219924,T2,0.7442523161020628,-0.33152679951898767,↓,↓,VP_LOCKED_CANDIDATE,44.054509052004946,CBI_ACTIVE,COST_ADVANTAGE,0.025925662434160168,0.06035907993235701,0.02545310703242043,Improving,0.06035907993235701,1.142939814814816,A
06060,众安在线,2021-07-31,-4.32309442548352,11.0,-0.6666552406561227,0.3333333333333333,1.0200927357032459,T2,1.0186925748102287,1.4047842396950396,→,→,VP_NEUTRAL,37.03509827904351,CBI_ACTIVE,COST_DISADVANTAGE,0.00035797271674375963,-0.05120548987022655,-0.01887819907364563,Stable,-0.05120548987022655,-0.39300858413486545,A
06060,众安在线,2021-08-31,-9.86920332936979,10.7,-0.5843570754606296,0.3333333333333333,1.154053568218587,T2,1.1506472710979483,0.3582704347750352,↑,↑,VP_SELLING_ACTIVE,39.20437205209181,CBI_ACTIVE,COST_NEUTRAL,0.024580657238088666,-0.0010646756905677845,-0.11570710451584221,Deteriorating,-0.0010646756905677845,-0.9223554513429711,A
06060,众安在线,2021-09-30,-15.435356200527705,6.65,-1.2621337740012193,0.16666666666666666,0.8078558412634136,T2,0.8098996756782666,-0.22785702075549974,↓,↓,VP_DECLINE_SILENT,43.837850439675364,CBI_ACTIVE,COST_DISADVANTAGE,0.0005300867828728073,-0.07810690006663668,-0.19205113016014463,Deteriorating,-0.07810690006663668,-2.321106195568076,A
06060,众安在线,2021-10-31,-10.92043681747269,6.45,-1.0900812337767765,0.16666666666666666,0.7546801872074884,T2,0.7543774396342122,-0.41362653028855556,↓,↓,VP_DECLINE_SILENT,43.968318697195514,CBI_ACTIVE,COST_DISADVANTAGE,-0.03810701848931841,-0.05516611329719101,-0.28028267600849077,Deteriorating,-0.05516611329719101,-1.6930909794531301,A
06060,众安在线,2021-11-30,-6.8301225919439545,4.72,-1.3804174722054392,0.16666666666666666,0.5880398671096346,T2,0.5867972283306047,-0.5590008981747698,↓,↓,VP_DECLINE_SILENT,46.53707749881479,CBI_ACTIVE,COST_DISADVANTAGE,-0.03153364640126066,-0.026359803516025626,-0.3294402515525693,Deteriorating,-0.026359803516025626,-1.4470598711745668,A
06060,众安在线,2021-12-31,1.8796992481203034,4.11,-1.2769930617334015,0.08333333333333333,0.5652074260829704,T2,0.5636586017225726,-0.38599843272302026,↓,↓,VP_LOCKED_CANDIDATE,39.770845503470184,CBI_ACTIVE,COST_NEUTRAL,0.04217253093079876,0.009525106115051862,-0.04635105313834098,Improving,0.009525106115051862,0.45734774893438035,A
06060,众安在线,2022-01-31,-1.845018450184499,9.4,0.1253409199894326,0.6666666666666666,1.3418986438258387,T3,1.345497590336607,0.46125680930350654,↑,↑,VP_SELLING_ACTIVE,19.36853537442877,CBI_TURBULENT,COST_DISADVANTAGE,-0.03636232227890979,-0.03067515506806573,-0.06394605215792881,Deteriorating,-0.03067515506806573,-0.19627855853026585,A
06060,众安在线,2022-02-28,-3.759398496240607,5.41,-0.9006398001107419,0.3333333333333333,0.8835057158410451,T2,0.8829555795819619,0.14885584583993516,↓,↓,VP_DECLINE_SILENT,29.608953524404615,CBI_TURBULENT,COST_DISADVANTAGE,-0.0705415764135503,-0.10850150906058076,-0.09913605019710436,Deteriorating,-0.10850150906058076,-0.6948980584548257,A
06060,众安在线,2022-03-31,4.296875,11.37,1.7636977304500139,1.0,1.6454413892908826,T5,1.646851539218501,1.778951978012751,↑↑,↑↑,VP_OVERHEAT,14.547207923176892,CBI_TURBULENT,COST_ADVANTAGE,0.003347341394456249,0.10380417809848752,0.015503379435419351,Deteriorating,0.10380417809848752,0.3779133685136324,A
06060,众安在线,2022-04-30,3.370786516853941,3.98,-1.5705727671968137,0.08333333333333333,0.6124647345473198,T1,0.6121755415638978,-0.577781968834284,↓,↓,VP_LOCKED_CANDIDATE,42.8105735664141,CBI_ACTIVE,COST_ADVANTAGE,0.10954705484442795,0.09484615592597034,0.04973383042762469,Improving,0.09484615592597034,0.8469312856416937,A
06060,众安在线,2022-05-31,-4.710144927536231,7.390000000000001,-0.03838621885666925,0.5833333333333334,1.0643302928468554,T3,1.0614865487352614,0.3625617095129312,→,→,VP_NEUTRAL,35.591280603087306,CBI_ACTIVE,COST_NEUTRAL,-0.012758202493950765,-0.009655021793289031,0.00028984566110601406,Stable,-0.009655021793289031,-0.637367378557,A
06060,众安在线,2022-06-30,-2.851711026615966,12.03,1.7380668754282127,1.0,1.4558289632916497,T5,1.4557371779196722,0.057243361423040096,↑,↑,VP_SELLING_ACTIVE,22.82982820060383,CBI_TURBULENT,COST_NEUTRAL,0.040957010913759584,0.00011556728001083094,-0.00998448956613407,Deteriorating,0.00011556728001083094,-0.23704996064970627,A
06060,众安在线,2022-07-31,-21.878669275929553,5.62,-0.6585239945280205,0.4166666666666667,0.7362445414847162,T2,0.737995874456246,0.4160520477978058,↓,↓,VP_DECLINE_SILENT,40.973881641586125,CBI_ACTIVE,COST_DISADVANTAGE,-0.004180071389828455,-0.10384011985300046,-0.22658670887436538,Deteriorating,-0.10384011985300046,-3.893001650521273,A
06060,众安在线,2022-08-31,15.981963927855691,3.56,-1.297632964029846,0.08333333333333333,0.48600682593856653,T2,0.4860306365357706,-0.5168423884958417,↓,↓,VP_LOCKED_CANDIDATE,52.28916245159636,CBI_STABLE,COST_NEUTRAL,0.08737714886976744,0.10569237529516062,-0.10298007567342482,Improving,0.10569237529516062,4.489315710071823,A
06060,众安在线,2022-09-30,-23.97408207343411,4.62,-0.7431468115466646,0.3333333333333333,0.7451612903225806,T2,0.7444943648740641,-0.6164878208235669,↓,↓,VP_DECLINE_SILENT,36.562805031645986,CBI_ACTIVE,COST_DISADVANTAGE,-0.04546832743564844,-0.17493641428605589,-0.18570946348369421,Deteriorating,-0.17493641428605589,-5.189195253990067,A
06060,众安在线,2022-10-31,-16.931818181818194,4.84,-0.5936594747634565,0.5,0.7630057803468208,T2,0.7664134698869242,-0.13674103935832105,↓,↓,VP_DECLINE_SILENT,28.150749683239773,CBI_TURBULENT,COST_DISADVANTAGE,-0.06298884966099172,-0.12629757912928097,-0.32358365659838695,Deteriorating,-0.12629757912928097,-3.498309541697974,A
06060,众安在线,2022-11-30,37.48290013679891,7.01,0.1499357747373296,0.6666666666666666,1.1162420382165605,T3,1.1164076701204835,0.9713412558858623,↑,↑,VP_EXPANSION,34.251465646345686,CBI_ACTIVE,COST_NEUTRAL,0.147948377748633,0.1187605808215122,-0.07004319409217352,Improving,0.1187605808215122,5.347061360456335,A
06060,众安在线,2022-12-31,6.965174129353224,5.58,-0.4509801314287103,0.5,1.0720461095100864,T3,1.0700461252585927,0.2084335997581641,→,→,VP_STABLE_ASCENT,33.75386014882737,CBI_ACTIVE,COST_NEUTRAL,-0.0036273932447649093,-0.006636357499162804,0.1437757069501333,Improving,-0.006636357499162804,1.2482390912819399,A
06060,众安在线,2023-01-31,21.395348837209305,5.54,-0.3541806308830093,0.5,1.0670947030497593,T3,1.0663257415835872,0.13918951427048243,→,→,VP_STABLE_ASCENT,27.84799689281434,CBI_TURBULENT,COST_NEUTRAL,-0.06940865403145324,0.017843202682414905,0.3884905093673712,Improving,0.017843202682414905,3.8619763244060117,A
06060,众安在线,2023-02-28,-13.601532567049812,5.18,-0.4933641126205409,0.4166666666666667,0.9484284406469331,T3,0.9481111189423184,-0.2616793872481744,→,→,VP_NEUTRAL,37.26614369469088,CBI_ACTIVE,COST_NEUTRAL,-0.00825499265475338,-0.030530735720934565,0.19963452054537245,Stable,-0.030530735720934565,-2.6257784878474544,A
06060,众安在线,2023-03-31,9.756097560975597,5.6000000000000005,-0.15420242201532497,0.6666666666666666,0.9955555555555556,T3,0.9965100746070875,0.006529408968507067,→,→,VP_STABLE_ASCENT,38.26881412266864,CBI_ACTIVE,COST_ADVANTAGE,-0.0006505697991784354,0.039209743971530875,0.02023243212989878,Improving,0.039209743971530875,1.7421602787456423,A
06060,众安在线,2023-04-30,-1.8181818181818188,2.4,-1.7334510987287253,0.08333333333333333,0.4599169594378793,T1,0.46245770621287785,-0.5639041998510577,↓,↓,VP_DECLINE_SILENT,49.94407258314294,CBI_ACTIVE,COST_NEUTRAL,-0.0011793417436898324,-0.035452840651575834,0.0016827515457189524,Deteriorating,-0.035452840651575834,-0.7575757575757579,A
06060,众安在线,2023-05-31,-9.259259259259256,2.81,-1.2150789968555522,0.16666666666666666,0.6219107340464773,T2,0.622669927252405,-0.45641761373063683,↓,↓,VP_DECLINE_SILENT,45.73666857568832,CBI_ACTIVE,COST_DISADVANTAGE,-0.060326559078327624,-0.08682593817529571,-0.09106565137518108,Deteriorating,-0.08682593817529571,-3.2951100566758917,A
06060,众安在线,2023-06-30,-3.401360544217691,3.69,-0.8465423830956278,0.3333333333333333,0.8778747026169706,T2,0.8755844137366979,-0.34339859340026524,↓,↓,VP_DECLINE_SILENT,50.7555045107422,CBI_STABLE,COST_DISADVANTAGE,-0.006747173585742283,-0.03460206358805784,-0.09628204872070201,Deteriorating,-0.03460206358805784,-0.9217779252622469,A
06060,众安在线,2023-07-31,19.2488262910798,2.74,-1.431327077498759,0.16666666666666666,0.7332738626226584,T2,0.7300732007821165,0.13034445271222705,↓,↓,VP_LOCKED_CANDIDATE,59.99182169014322,CBI_STABLE,COST_ADVANTAGE,0.0839312608924252,0.10038148696771909,0.07767304988235524,Improving,0.10038148696771909,7.025119084335693,A
06060,众安在线,2023-08-31,-8.267716535433067,3.43,-0.8013774419358843,0.3333333333333333,0.9956458635703919,T2,0.9923237585379835,0.21428179839843042,→,→,VP_NEUTRAL,57.89279229217739,CBI_STABLE,COST_NEUTRAL,0.035934040016922575,0.0004624204015366562,-0.011425903060674036,Stable,0.0004624204015366562,-2.410412984091273,A
06060,众安在线,2023-09-30,-0.8583690987124415,1.8,-1.846324970302153,0.08333333333333333,0.6401896858328393,T1,0.6455472744786206,-0.506988504339646,↓,↓,VP_SHRINK,60.708546829039875,CBI_STABLE,COST_DISADVANTAGE,0.026698097631719486,-0.022549754567368185,-0.00845093543840758,Stable,-0.022549754567368185,-0.4768717215069119,A
06060,众安在线,2023-10-31,-7.142857142857151,1.6,-1.5938750858200346,0.08333333333333333,0.59738643434972,T1,0.5927641881031637,-0.4191312642454118,↓,↓,VP_DECLINE_SILENT,58.461746095930366,CBI_STABLE,COST_DISADVANTAGE,-0.004144888921441048,-0.026736585407484692,-0.07927586862137848,Deteriorating,-0.026736585407484692,-4.464285714285719,A
06060,众安在线,2023-11-30,-8.158508158508159,2.08,-1.0718183491223305,0.25,0.8135593220338982,T2,0.8070097320761965,-0.39848591690507484,↓,↓,VP_DECLINE_SILENT,54.33260771726632,CBI_STABLE,COST_DISADVANTAGE,-0.04296177498205733,-0.0542529753400125,-0.1543932219972567,Deteriorating,-0.0542529753400125,-3.922359691590461,A
06060,众安在线,2023-12-31,-9.441624365482227,2.24,-0.786646956177459,0.3333333333333333,0.9676025917926567,T2,0.9733335400114413,0.2375961515503784,→,→,VP_NEUTRAL,53.803254030638485,CBI_STABLE,COST_DISADVANTAGE,0.028051141926290324,-0.02983743975123776,-0.11787868717273808,Stable,-0.02983743975123776,-4.215010877447423,A
06060,众安在线,2024-01-31,-31.838565022421527,3.7,0.5149025165589292,0.8333333333333334,1.494949494949495,T4,1.4968772790823373,1.3322148512041139,↑,↑,VP_SELLING_ACTIVE,44.07998361329995,CBI_ACTIVE,COST_DISADVANTAGE,-0.08953381932580229,-0.1623071370439899,-0.39873345493388423,Deteriorating,-0.1623071370439899,-8.605017573627439,A
06060,众安在线,2024-02-29,1.9736842105263275,3.55,0.5792811718740003,0.75,1.4228456913827654,T4,1.4264768802428824,0.7294589597434813,↑,↑,VP_EXPANSION,50.09792937356954,CBI_STABLE,COST_NEUTRAL,-0.03422398544798422,-0.019354127641542318,-0.38686635207073716,Stable,-0.019354127641542318,0.5559673832468528,A
06060,众安在线,2024-03-31,0.8064516129032251,6.5600000000000005,5.208676445613257,1.0,1.994931576279777,T5,1.9973236252663975,1.9183723119042329,↑↑,↑↑,VP_NEUTRAL,36.51433568785609,CBI_ACTIVE,COST_NEUTRAL,0.010420673124206914,0.010494971783345797,-0.039593492150242104,Stable,0.010494971783345797,0.12293469708890625,A
06060,众安在线,2024-04-30,6.0799999999999965,8.15,3.8432619834768134,1.0,1.860730593607306,T5,1.8610283568085062,1.2029557991847013,↑↑,↑↑,VP_OVERHEAT,26.76788981238822,CBI_TURBULENT,COST_ADVANTAGE,0.08997171752814404,0.036620672344126026,0.018799223527023123,Deteriorating,0.036620672344126026,0.7460122699386499,A
06060,众安在线,2024-05-31,0.3016591251885359,11.61,4.119096993734245,1.0,1.9452666852834402,T5,1.9451962050401432,2.265044717798213,↑↑,↑↑,VP_NEUTRAL,20.50623062580476,CBI_TURBULENT,COST_NEUTRAL,-0.016300501583243476,-0.06201072887019976,0.021872524352142486,Stable,-0.06201072887019976,0.02598269812132092,A
06060,众安在线,2024-06-30,2.105263157894721,8.55,1.4034166439516946,0.9166666666666666,1.217948717948718,T4,1.2190729666925402,0.3051838552521853,↑,↑,VP_EXPANSION,19.056019446322523,CBI_TURBULENT,COST_NEUTRAL,-0.02628196749712819,-0.017496741436781038,-0.0067322407217571545,Stable,-0.017496741436781038,0.24622960911049369,A
06060,众安在线,2024-07-31,-1.6200294550810068,3.2,-0.5134890097027283,0.4166666666666667,0.4613166746756367,T2,0.4595072136703416,-0.6086949947510343,↓,↓,VP_DECLINE_SILENT,44.08722845354893,CBI_ACTIVE,COST_NEUTRAL,0.05636013414095142,0.02964410961235009,-0.022823470989887795,Deteriorating,0.02964410961235009,-0.5062592047128146,A
06060,众安在线,2024-08-31,-24.101796407185617,4.92,0.030595298611704784,0.6666666666666666,0.6866713189113747,T3,0.6897921875230617,-0.5741972675858762,↓,↓,VP_DECLINE_SILENT,30.699273073739214,CBI_ACTIVE,COST_DISADVANTAGE,-0.035529243352830364,-0.12967724300401606,-0.2583405685507082,Deteriorating,-0.12967724300401606,-4.898739107151548,A
06060,众安在线,2024-09-30,56.41025641025639,9.620000000000001,1.4733998047391679,0.9166666666666666,1.2534201954397395,T4,1.2544172090355217,0.12557062932521723,↑,↑,VP_EXPANSION,17.84902019281904,CBI_TURBULENT,COST_ADVANTAGE,0.3792265780370281,0.32640599104455603,0.3156841164541697,Stable,0.32640599104455603,5.863852017698169,A
06060,众安在线,2024-10-31,-11.349306431273643,16.76,3.527563997069006,1.0,1.8397365532382,T5,1.837662488253757,4.254937272670344,↑↑,↑↑,VP_PANIC,13.226809560365687,CBI_TURBULENT,COST_NEUTRAL,0.013275176587713933,-0.11444823682433514,0.16636309441019104,Deteriorating,-0.11444823682433514,-0.6771662548492626,A
06060,众安在线,2024-11-30,-10.384068278805126,6.98,-0.045355408002684845,0.5833333333333334,0.837097741355187,T3,0.834161648362168,0.4068054471864566,↓,↓,VP_DECLINE_SILENT,26.92076954243058,CBI_TURBULENT,COST_NEUTRAL,0.018291346017613064,-0.08277081622438254,0.04524715430785231,Deteriorating,-0.08277081622438254,-1.4876888651583273,A
06060,众安在线,2024-12-31,-6.507936507936507,6.9,-0.18079840289501178,0.5,0.8557255064076064,T3,0.8549923492568237,-0.2846954971206982,↓,↓,VP_DECLINE_SILENT,30.557258817024884,CBI_ACTIVE,COST_DISADVANTAGE,-0.010836116755114866,-0.057280952779463545,-0.19474882518076975,Deteriorating,-0.057280952779463545,-0.9431792040487691,A
06060,众安在线,2025-01-31,2.376910016977929,4.42,-0.9423134152653643,0.25,0.5346774193548387,T2,0.5374410624249009,-0.7346375811814524,↓,↓,VP_LOCKED_CANDIDATE,44.20144540117902,CBI_ACTIVE,COST_NEUTRAL,0.017955290244860977,0.07016785730987207,-0.175608729344659,Improving,0.07016785730987207,0.5377624472800744,A
06060,众安在线,2025-02-28,-3.6484245439469376,33.879999999999995,7.201871395197576,1.0,2.5875763747454172,T5,2.586371137574253,3.8664249316979262,↑↑,↑↑,VP_PANIC,10.085085178667061,CBI_TURBULENT,COST_DISADVANTAGE,-0.07848567733321798,-0.1325493472692133,-0.20568602280140447,Deteriorating,-0.1325493472692133,-0.10768667485085413,A
06060,众安在线,2025-03-31,5.163511187607583,23.68,1.6083860835035706,0.9166666666666666,1.5340099330598145,T5,1.533394203710673,2.4317227854174273,↑↑,↑↑,VP_OVERHEAT,14.61248096885291,CBI_TURBULENT,COST_DISADVANTAGE,-0.04928193445312268,-0.044834645339315804,-0.06095136480346741,Deteriorating,-0.044834645339315804,0.21805368190910404,A
06060,众安在线,2025-04-30,-8.183306055646478,10.84,-0.1139031275925836,0.6666666666666666,0.7501730103806228,T3,0.7503597240233484,1.4373707703183998,↓,↓,VP_DECLINE_SILENT,23.375320286726815,CBI_TURBULENT,COST_NEUTRAL,-0.00029978409377873216,0.04489583227687777,-0.13779658863297095,Deteriorating,0.04489583227687777,-0.7549175328087157,A
06060,众安在线,2025-05-31,71.65775401069519,48.04,4.023786403039486,1.0,2.256105197244834,T5,2.25565946196984,0.4178801679754487,↑↑,↑↑,VP_OVERHEAT,4.325602075454762,CBI_TURBULENT,COST_ADVANTAGE,0.07318539095175569,0.12284436962692857,0.48003901095623713,Deteriorating,0.12284436962692857,1.4916268528454453,A
06060,众安在线,2025-06-30,-5.192107995846317,136.85999999999999,8.889875761339516,1.0,3.186248641936986,T5,3.1861356828775396,4.782153758774808,↑↑,↑↑,VP_PANIC,1.1195395798431025,CBI_TURBULENT,COST_DISADVANTAGE,-0.056753637978028015,-0.06784485131366225,-0.013021716200385836,Deteriorating,-0.06784485131366225,-0.037937366621703335,A
06060,众安在线,2025-07-31,10.076670317634173,99.57,1.9482557478307345,0.9166666666666666,1.6930314280046475,T5,1.856923358422573,9.47037837917343,↑↑,↑↑,VP_OVERHEAT,4.633143751793104,CBI_TURBULENT,COST_ADVANTAGE,0.02566348038189603,0.06689016222723398,0.08643283156474513,Deteriorating,0.06689016222723398,0.10120187122259891,A
06060,众安在线,2025-08-31,-1.8905472636816079,65.13,0.6993536284374462,0.8333333333333334,1.0173383317713214,T4,1.1030723541267449,0.5613036180386892,↑,→,VP_NEUTRAL,4.141291517221363,CBI_TURBULENT,COST_ADVANTAGE,-0.003309425765382401,0.0376920736432973,0.06589330539585925,Stable,0.0376920736432973,-0.029027287942293995,A
06060,众安在线,2025-09-30,-10.801217038539546,39.76,-0.034563659797247244,0.6666666666666666,0.5961019490254872,T3,0.6386485765893051,-0.6655554946683251,↓,↓,VP_DECLINE_SILENT,13.238551368827615,CBI_TURBULENT,COST_DISADVANTAGE,0.013449913290133564,-0.03808796883666199,-0.06357322193837434,Deteriorating,-0.03808796883666199,-0.2716603882932482,A
06060,众安在线,2025-10-31,-4.832291074474138,17.47,-0.635977209667747,0.4166666666666667,0.25765061573630266,T2,0.275067443709966,-0.8225830497641446,↓,↓,VP_DECLINE_SILENT,16.94288850100501,CBI_TURBULENT,COST_NEUTRAL,-0.005461091491133385,-0.004496013697805168,-0.10882408955363199,Deteriorating,-0.004496013697805168,-0.27660509871059746,A
06060,众安在线,2025-11-30,-8.183990442054956,12.81,-0.7888485204151423,0.3333333333333333,0.20683530678148548,T2,0.21822114041520593,-0.80307346083015,↓,↓,VP_DECLINE_SILENT,24.42905780669342,CBI_TURBULENT,COST_DISADVANTAGE,0.0066122485674042775,-0.035148061301257805,-0.18175784088645897,Deteriorating,-0.035148061301257805,-0.6388751320885991,A
06060,众安在线,2025-12-31,4.68445022771633,13.96,-0.7827029701320829,0.3333333333333333,0.33679131483715324,T2,0.3382269483734938,-0.6486644020720007,↓,↓,VP_LOCKED_CANDIDATE,24.043669626075086,CBI_TURBULENT,COST_NEUTRAL,0.00548791673657778,0.04209031662467466,-0.002187565855316209,Improving,0.04209031662467466,0.33556233722896345,A
06060,众安在线,2026-01-31,3.4182722187694248,16.01,-0.7683026475292227,0.3333333333333333,0.5816882645028462,T2,0.5820775400281847,-0.08379705316268293,↓,↓,VP_LOCKED_CANDIDATE,26.184393680053233,CBI_TURBULENT,COST_NEUTRAL,-0.010617792092415645,-0.02973822390924208,0.031920379376478625,Improving,-0.02973822390924208,0.21350857081632882,A
06060,众安在线,2026-02-28,-7.872596153846157,9.93,-0.865253737374558,0.08333333333333333,0.5419319628888484,T2,0.5414492965424886,-0.22614691588312374,↓,↓,VP_DECLINE_SILENT,35.51591081946252,CBI_ACTIVE,COST_DISADVANTAGE,-0.044503849519034855,-0.0421785637746066,-0.04931854472106878,Deteriorating,-0.0421785637746066,-0.792809280347045,A
06060,众安在线,2026-03-31,-16.829745596868882,15.66,-0.6737705534754057,0.4166666666666667,1.0945945945945945,T2,1.0942292888602116,0.12168953510531066,→,→,VP_NEUTRAL,26.846818628484087,CBI_TURBULENT,COST_DISADVANTAGE,-0.036925870477526046,-0.08313170260408342,-0.18560648449171735,Stable,-0.08313170260408342,-1.0746963982674893,A
06060,众安在线,2026-04-30,-7.9999999999999964,12.32,-0.7739558346427171,0.16666666666666666,0.9160986491510719,T2,0.9138859443117855,-0.23298850713929653,→,→,VP_NEUTRAL,31.506859903368806,CBI_ACTIVE,COST_DISADVANTAGE,-0.06830287652934419,-0.08654470959819027,-0.25075796573237996,Stable,-0.08654470959819027,-0.649350649350649,A
06060,众安在线,2026-05-31,-7.928388746803061,10.48,-0.7220893364866751,0.16666666666666666,0.8024502297090351,T2,0.8020182254630138,0.05514805068299222,↓,↓,VP_DECLINE_SILENT,31.89997343879889,CBI_ACTIVE,COST_DISADVANTAGE,0.02026516618480545,-0.03894453290336242,-0.3101607868635723,Deteriorating,-0.03894453290336242,-0.7565256437789181,A
06060,众安在线,2026-06-30,-16.666666666666675,15.34,-0.4763022914684786,0.5,1.1542513167795336,T3,1.1548155408957,-0.020485663643156626,↑,↑,VP_SELLING_ACTIVE,24.776065831010634,CBI_TURBULENT,COST_DISADVANTAGE,-0.0622434337025205,-0.13320293388311966,-0.21127379401894086,Deteriorating,-0.13320293388311966,-1.0864841373315954,A
06060,众安在线,2026-07-31,23.22222222222221,12.98,-0.48861968782274323,0.4166666666666667,1.0152522487289792,T3,1.0172270493795368,0.057965447248168545,→,→,VP_STABLE_ASCENT,27.277415236273416,CBI_TURBULENT,COST_NEUTRAL,0.01585941428866433,0.09465197109796564,-0.02811404174111709,Improving,0.09465197109796564,1.7890772128060255,A
