stock_code,stock_name,month_end,change_percent,turnover_rate,m_turnover_zscore,m_turnover_pctl,m_turnover_ma_ratio,turnover_liquidity_regime,m_volume_ma_ratio,m_volume_accel,vol_dir,turn_dir,m_vp_regime,cbi_score,cbi_state,cost_position,cost_vs_weekly_vwap,cost_vs_monthly_vwap,cost_vs_quarterly_vwap,monthly_behavior_state,m_vwap_deviation,m_turnover_efficiency,data_quality
00020,商汤科技,2021-12-31,40.665,1.75,,,,,,,,,VP_NEUTRAL,,,COST_ADVANTAGE,0.21549693465244868,0.21549695314151185,0.21549693465244868,Stable,0.21549695314151185,23.237142857142857,C
00020,商汤科技,2022-01-31,12.3539,5.75,,,,,,,,,VP_NEUTRAL,,,COST_NEUTRAL,0.00984541726491206,-0.08903221389868299,0.4873262491292689,Stable,-0.08903221389868299,2.148504347826087,C
00020,商汤科技,2022-02-28,-5.2786,1.32,,,0.44897959183673475,,0.45666986626799116,,↓,↓,VP_DECLINE_SILENT,,,COST_NEUTRAL,-0.05858849435132629,-0.045898437385742175,0.42765639960996693,Deteriorating,-0.045898437385742175,-3.9989393939393936,C
00020,商汤科技,2022-03-31,-4.7988,1.2,,,0.47904191616766467,,0.47317970477895843,-0.3228174728640264,↓,↓,VP_DECLINE_SILENT,,,COST_DISADVANTAGE,-0.04913021099985304,-0.041106232332200454,-0.139594135805874,Deteriorating,-0.041106232332200454,-3.999,C
00020,商汤科技,2022-04-30,-15.082,0.51,,,0.24216524216524218,,0.2515530523599198,-0.9075145551824803,↓,↓,VP_DECLINE_SILENT,,,COST_NEUTRAL,0.09575704781019945,-0.008397230271663836,-0.2753004265812078,Deteriorating,-0.008397230271663836,-29.572549019607845,C
00020,商汤科技,2022-05-31,-0.1965,0.42,-0.9040163795412929,0.16666666666666666,0.23013698630136986,T2,0.2241963699067327,-0.695469966214277,↓,↓,VP_SHRINK,41.877668700241585,CBI_ACTIVE,COST_NEUTRAL,0.058207038790236476,0.05486758355002497,-0.2892907658363968,Stable,0.05486758355002497,-0.4678571428571429,C
00020,商汤科技,2022-06-30,-38.6275,6.95,2.824062971145017,1.0,2.5820433436532513,T5,2.58850849065462,4.895642351121009,↑↑,↑↑,VP_PANIC,11.372569503620761,CBI_TURBULENT,COST_DISADVANTAGE,-0.45478198302669415,-0.16179155775087994,-0.19532338927915205,Deteriorating,-0.16179155775087994,-5.557913669064748,C
00020,商汤科技,2022-07-31,-22.0736,13.44,4.42850995198649,1.0,3.38255033557047,T5,3.3780998013419477,24.385694365687737,↑↑,↑↑,VP_PANIC,8.662435752098752,CBI_TURBULENT,COST_DISADVANTAGE,-0.014142101763829684,-0.06479893292769356,-0.4009915325943847,Deteriorating,-0.06479893292769356,-1.6423809523809523,C
00020,商汤科技,2022-08-31,6.4655,5.58,0.3892877533885629,0.6666666666666666,1.191459074733096,T3,1.194461973223282,12.709643461861951,↑,↑,VP_EXPANSION,19.8959844115306,CBI_TURBULENT,COST_NEUTRAL,0.09408239847914945,0.09550244095069904,-0.3649996075142189,Improving,0.09550244095069904,1.1586917562724013,C
00020,商汤科技,2022-09-30,-35.2227,8.49,1.0806971819790627,0.9,1.4393896580955072,T4,1.4403777189791582,0.2213588600855534,↑,↑,VP_SELLING_ACTIVE,11.821448454114497,CBI_TURBULENT,COST_DISADVANTAGE,-0.08045801737382186,-0.2452113699109617,-0.31286111267890915,Deteriorating,-0.2452113699109617,-4.148727915194346,C
00020,商汤科技,2022-10-31,-24.2038,7.79,0.7981820716265576,0.8181818181818182,1.0953831731895944,T4,1.0966958553644175,-0.41868334995216183,→,→,VP_NEUTRAL,14.398353983313442,CBI_TURBULENT,COST_DISADVANTAGE,-0.035995385847788275,-0.10086956803033187,-0.4889404525549387,Stable,-0.10086956803033187,-3.1070346598202825,C
00020,商汤科技,2022-11-30,57.8512,24.72,4.9810221359737845,1.0,2.214723010303121,T5,2.212108159451766,3.4149186888531853,↑↑,↑↑,VP_OVERHEAT,5.621610593015466,CBI_TURBULENT,COST_NEUTRAL,0.015939731755819864,0.06464360627104693,-0.17972795326044788,Deteriorating,0.06464360627104693,2.3402588996763756,C
00020,商汤科技,2022-12-31,11.0,15.86,1.308245311754442,0.9166666666666666,1.2540853979968372,T4,1.2549028753504805,0.8667729479340058,↑,↑,VP_EXPANSION,8.602560717796631,CBI_TURBULENT,COST_NEUTRAL,-0.010890795840867162,-0.0022768399372119497,0.19383017795779067,Stable,-0.0022768399372119497,0.6935687263556116,C
00020,商汤科技,2023-01-31,29.6804,13.58,0.7884069205342649,0.8333333333333334,1.0718232044198894,T4,1.0701748772534743,0.7377067803911062,→,→,VP_STABLE_ASCENT,11.233490116704752,CBI_TURBULENT,COST_ADVANTAGE,0.1145299729027971,0.13615554940475239,0.527242209639696,Stable,0.13615554940475239,2.1855964653902795,C
00020,商汤科技,2023-02-28,-12.8028,21.85,1.8084285787742338,0.9166666666666666,1.4205222667677972,T5,1.4199700085483464,-0.11571500800991708,↑,↑,VP_SELLING_ACTIVE,8.233694173668525,CBI_TURBULENT,COST_NEUTRAL,0.017414984826557012,-0.09470700951439837,0.355158580384519,Deteriorating,-0.09470700951439837,-0.5859405034324943,C
00020,商汤科技,2023-03-31,4.7244,18.16,0.9707387442299964,0.8333333333333334,1.0686543742644175,T4,1.067651590220789,0.1423676732303787,→,→,VP_STABLE_ASCENT,11.199663410171706,CBI_TURBULENT,COST_NEUTRAL,-0.018507964854728498,-0.007450740907148257,-0.0061939084805304745,Stable,-0.007450740907148257,0.2601541850220264,C
00020,商汤科技,2023-04-30,-1.8868,35.36,3.2563138167044534,1.0,1.637921716976762,T5,1.638289608180652,1.6063699483204745,↑↑,↑↑,VP_PANIC,5.16482803969461,CBI_TURBULENT,COST_DISADVANTAGE,0.049625344609396604,-0.1434822743590819,-0.028610587236608698,Deteriorating,-0.1434822743590819,-0.05335972850678733,C
00020,商汤科技,2023-05-31,-19.5402,8.75,-0.7977919976501852,0.4166666666666667,0.46231067277210286,T2,0.46337764015961985,-0.5985471220874141,↓,↓,VP_DECLINE_SILENT,25.463863419202035,CBI_TURBULENT,COST_DISADVANTAGE,-0.01417907642665761,-0.08274488040867345,-0.21541624353726085,Deteriorating,-0.08274488040867345,-2.233165714285714,C
00020,商汤科技,2023-06-30,-1.4286,11.51,-0.504956261240456,0.4166666666666667,0.6323596740225254,T2,0.6331136333965272,-0.3647696833148867,↓,↓,VP_SHRINK,25.931923900033503,CBI_TURBULENT,COST_DISADVANTAGE,-0.01976819789532358,-0.05950535420951697,-0.24594605595573504,Stable,-0.05950535420951697,-0.12411815812337099,C
00020,商汤科技,2023-07-31,-11.9048,23.03,0.8712591175837322,0.8333333333333334,1.1645036237990898,T4,1.16392659678133,-0.34901585408038516,↑,↑,VP_SELLING_ACTIVE,12.380284468070899,CBI_TURBULENT,COST_NEUTRAL,0.04889984342657705,0.022515878588899918,-0.3260870548396665,Deteriorating,0.022515878588899918,-0.5169257490230135,C
00020,商汤科技,2023-08-31,-16.5775,9.51,-0.9454813209663853,0.3333333333333333,0.5366817155756207,T2,0.5363312632165125,0.08356831676971344,↓,↓,VP_DECLINE_SILENT,28.789047867409813,CBI_TURBULENT,COST_DISADVANTAGE,0.028773398858746857,-0.022641478957236782,-0.43172746245939453,Deteriorating,-0.022641478957236782,-1.7431650893796005,C
00020,商汤科技,2023-09-30,-9.4937,7.32,-1.2409196779337737,0.08333333333333333,0.4599916212819439,T2,0.4608092116244939,-0.3634402931218912,↓,↓,VP_DECLINE_SILENT,36.95903436451495,CBI_ACTIVE,COST_DISADVANTAGE,0.01420808599794987,-0.05776463607292048,-0.16118250674789858,Deteriorating,-0.05776463607292048,-1.2969535519125683,C
00020,商汤科技,2023-10-31,-0.7092,5.16,-1.4950274449763932,0.08333333333333333,0.4742647058823529,T2,0.4746932698263168,-0.7754957113652763,↓,↓,VP_SHRINK,38.139518536580276,CBI_ACTIVE,COST_NEUTRAL,0.009755468616132523,-0.008743250632973987,-0.17878007653640426,Stable,-0.008743250632973987,-0.13744186046511628,C
00020,商汤科技,2023-11-30,-2.8571,9.61,-0.6979457359943974,0.4166666666666667,0.871787118234049,T2,0.8712123963710251,0.010764414975612757,↓,↓,VP_DECLINE_SILENT,27.418214589025013,CBI_TURBULENT,COST_DISADVANTAGE,-0.09521615447148213,-0.07082581612408101,-0.2022435029210783,Deteriorating,-0.07082581612408101,-0.2973048907388138,C
00020,商汤科技,2023-12-31,-14.7059,9.28,-0.656701394660485,0.3333333333333333,0.8712251603817869,T2,0.8709322905050614,0.2646229125217583,↓,↓,VP_DECLINE_SILENT,29.584631474396595,CBI_TURBULENT,COST_DISADVANTAGE,0.03130189854639176,-0.03373439720906457,-0.1414596737048358,Deteriorating,-0.03373439720906457,-1.5846875,C
00020,商汤科技,2024-01-31,-33.0508,9.81,-0.5396346710976241,0.5833333333333334,1.1611757743144606,T2,1.1605733419977236,0.8974980823780998,↑,↑,VP_SELLING_ACTIVE,21.18414051400627,CBI_TURBULENT,COST_DISADVANTAGE,-0.10883257876522179,-0.16204761977594706,-0.4153044329541553,Deteriorating,-0.16204761977594706,-3.369092762487258,C
00020,商汤科技,2024-02-29,12.5,15.04,0.19280764374712217,0.75,1.6051227321237993,T3,1.6055700206548253,0.5667508297416748,↑↑,↑↑,VP_OVERHEAT,15.766882762145606,CBI_TURBULENT,COST_NEUTRAL,0.006474876311711952,0.031153124246540376,-0.3338911261503036,Deteriorating,0.031153124246540376,0.8311170212765958,C
00020,商汤科技,2024-03-31,-21.1111,18.05,0.5900318718412698,0.8333333333333334,1.6176250933532488,T4,1.6171751449422846,0.9452603543164808,↑↑,↑↑,VP_PANIC,12.888715280578804,CBI_TURBULENT,COST_DISADVANTAGE,-0.04736056933513644,-0.15199075881884583,-0.1874999434559974,Deteriorating,-0.15199075881884583,-1.169590027700831,C
00020,商汤科技,2024-04-30,71.831,49.98,7.772426467981502,1.0,2.683009752169634,T5,2.6825616112609043,4.094867422722847,↑↑,↑↑,VP_OVERHEAT,4.852369878672182,CBI_TURBULENT,COST_ADVANTAGE,0.3307404217651313,0.2921705674098516,0.39612685772349754,Deteriorating,0.2921705674098516,1.4371948779511807,C
00020,商汤科技,2024-05-31,9.0909,69.73,4.536935908363309,1.0,2.433998487404736,T5,2.433514794980699,3.63067100652259,↑↑,↑↑,VP_OVERHEAT,3.906663664587796,CBI_TURBULENT,COST_NEUTRAL,-0.031985117070605584,-0.11725675855396245,0.5105634854057515,Deteriorating,-0.11725675855396245,0.1303728667718342,C
00020,商汤科技,2024-06-30,-0.7519,28.47,0.402016398682901,0.8333333333333334,0.8939711115763032,T3,0.8973964036525987,0.5842364629197252,↓,↓,VP_SHRINK,9.429266558285665,CBI_TURBULENT,COST_NEUTRAL,-0.03641270418589515,-0.04973465391204879,0.02398240460539225,Stable,-0.04973465391204879,-0.026410256410256412,C
00020,商汤科技,2024-07-31,-8.3333,31.81,0.5438056241480593,0.8333333333333334,0.8957199174019148,T4,0.9331519059174397,-0.3315409859869831,→,↓,VP_NEUTRAL,9.35137591903035,CBI_TURBULENT,COST_DISADVANTAGE,0.006152251336670966,-0.12563049367873802,-0.061349462445057124,Stable,-0.12563049367873802,-0.2619710782772713,C
00020,商汤科技,2024-08-31,-2.4793,13.92,-0.46984694666588955,0.5,0.3940366106812606,T3,0.409497977054498,-0.7901263270646639,↓,↓,VP_DECLINE_SILENT,20.42415093775707,CBI_TURBULENT,COST_NEUTRAL,0.029240681374740785,0.05339044919733493,-0.08462178982245239,Deteriorating,0.05339044919733493,-0.17811063218390805,C
00020,商汤科技,2024-09-30,47.0085,26.08,0.12337465759274278,0.6666666666666666,0.7113050593208782,T3,0.7345752904537324,-0.04224879285930483,↓,↓,VP_LOCKED_CANDIDATE,14.620065839675698,CBI_TURBULENT,COST_ADVANTAGE,0.28125241640599796,0.28300102826873874,0.30599256537960295,Improving,0.28300102826873874,1.8024731595092025,C
00020,商汤科技,2024-10-31,-9.3023,57.27,1.7340985983750654,0.9166666666666666,1.5118796198521647,T5,1.5431856810934852,0.8007523800021354,↑↑,↑↑,VP_PANIC,6.947935275432596,CBI_TURBULENT,COST_NEUTRAL,-0.04877313477953782,-0.12617571720717646,0.18450488487917482,Deteriorating,-0.12617571720717646,-0.16242884581805483,C
00020,商汤科技,2024-11-30,-4.4872,23.99,-0.304806360375727,0.5,0.7928831111600747,T3,0.7985980919381624,0.722883482616423,↓,↓,VP_DECLINE_SILENT,20.937509658410228,CBI_TURBULENT,COST_NEUTRAL,0.02696078126511048,-0.05895543307879514,0.1313540246602376,Deteriorating,-0.05895543307879514,-0.1870446019174656,C
00020,商汤科技,2024-12-31,0.0,36.21,0.265148351112771,0.75,1.1478233305156385,T3,1.1600629716446142,0.4071105995416635,↑,↑,VP_DIVERGENCE_HIGH,12.661159884097236,CBI_TURBULENT,COST_DISADVANTAGE,-0.018237056456352096,-0.0688737120461056,-0.11657763341363336,Deteriorating,-0.0688737120461056,0.0,C
00020,商汤科技,2025-01-31,8.0537,25.11,-0.49570650468844846,0.4166666666666667,0.8251725271114031,T3,0.8606543142602916,-0.538104903281992,↓,↓,VP_LOCKED_CANDIDATE,23.783527379471966,CBI_TURBULENT,COST_NEUTRAL,-0.016197599369086046,0.11423009215734692,-0.04542952335298622,Improving,0.11423009215734692,0.32073675826363995,C
00020,商汤科技,2025-02-28,1.8634,64.13,1.7852460732839208,0.9166666666666666,1.6529060526654924,T5,1.7016520060042095,1.8124436674421385,↑↑,↑↑,VP_OVERHEAT,7.17176460619357,CBI_TURBULENT,COST_DISADVANTAGE,-0.0992635476061634,-0.07777062569157156,-0.027642495837824632,Deteriorating,-0.07777062569157156,0.029056603773584908,C
00020,商汤科技,2025-03-31,-11.3095,30.17,-0.4893300171232386,0.5,0.7641843971631207,T3,0.7823069021731843,-0.13405512416043885,↓,↓,VP_DECLINE_SILENT,21.60503389045162,CBI_TURBULENT,COST_DISADVANTAGE,-0.026562877359234127,-0.10377576490421603,-0.1125134962023624,Deteriorating,-0.10377576490421603,-0.37485913158766987,C
00020,商汤科技,2025-04-30,0.6711,21.82,-0.8721879091006849,0.16666666666666666,0.6499528372139205,T2,0.6583614730550805,-0.1314906412827962,↓,↓,VP_SHRINK,33.18263697803285,CBI_ACTIVE,COST_NEUTRAL,0.04658014059829063,0.06308804275051116,-0.10655721094197546,Stable,0.06308804275051116,0.030756186984417965,C
00020,商汤科技,2025-05-31,-6.6667,12.4,-1.4063215244267164,0.08333333333333333,0.3919089759797724,T2,0.39555507414516106,-0.80614193546986,↓,↓,VP_DECLINE_SILENT,36.472848767857144,CBI_ACTIVE,COST_DISADVANTAGE,0.0023196240145193503,-0.05005323497512304,-0.16612006354584385,Deteriorating,-0.05005323497512304,-0.5376370967741935,C
00020,商汤科技,2025-06-30,7.1942,20.26,-0.7036910208995459,0.25,0.6990626257979183,T2,0.6982204368015011,-0.32942588679447604,↓,↓,VP_LOCKED_CANDIDATE,31.599629193204088,CBI_ACTIVE,COST_ADVANTAGE,0.018539740493585644,0.03429402990718056,0.03738625731359013,Improving,0.03429402990718056,0.3550937808489635,C
00020,商汤科技,2025-07-31,6.6667,38.84,0.5510268733404349,0.8333333333333334,1.2420850655580429,T4,1.2423724209449707,0.780259146672077,↑,↑,VP_EXPANSION,12.902246360399877,CBI_TURBULENT,COST_NEUTRAL,-0.04020147168253341,-0.014038071653227235,0.1139718199340567,Stable,-0.014038071653227235,0.17164521112255404,C
00020,商汤科技,2025-08-31,32.9193,51.57,1.269931911207918,0.8333333333333334,1.767508282874443,T4,1.8226148867638892,3.3362323058610315,↑↑,↑↑,VP_OVERHEAT,12.167781828498024,CBI_TURBULENT,COST_ADVANTAGE,0.04430281808940495,0.13293028287542397,0.48993730916180067,Deteriorating,0.13293028287542397,0.6383420593368238,C
00020,商汤科技,2025-09-30,31.9635,69.85,2.211275010468245,1.0,1.95166247555183,T5,1.9888252651316356,2.607213399265794,↑↑,↑↑,VP_OVERHEAT,5.7003629059856324,CBI_TURBULENT,COST_ADVANTAGE,0.06562623347652763,0.20207964898970698,0.40737471987695617,Deteriorating,0.20207964898970698,0.4576020042949177,C
00020,商汤科技,2025-10-31,-18.5567,34.06,-0.10049308697468694,0.5833333333333334,0.900343642611684,T3,0.9123395789599911,-0.08420335746837915,→,→,VP_NEUTRAL,19.46824663051519,CBI_TURBULENT,COST_NEUTRAL,-0.023435457544470628,-0.07120889457141732,0.15414466647349,Stable,-0.07120889457141732,-0.5448238402818555,C
00020,商汤科技,2025-11-30,-10.1695,20.35,-0.941584731019737,0.25,0.5197292810624442,T2,0.5254405106760015,-0.6054132959519734,↓,↓,VP_DECLINE_SILENT,30.338647787353473,CBI_ACTIVE,COST_NEUTRAL,-0.0007473479908141067,-0.02267065817912639,0.03239944849105436,Deteriorating,-0.02267065817912639,-0.4997297297297297,C
00020,商汤科技,2025-12-31,3.2864,28.18,-0.3954496086657762,0.5,0.6962322421247683,T3,0.7051900314302562,-0.5939016969022175,↓,↓,VP_LOCKED_CANDIDATE,22.049302748730266,CBI_TURBULENT,COST_NEUTRAL,0.06826531898764698,0.059843529564011844,-0.04119552316403663,Improving,0.059843529564011844,0.11662171753016323,C
00020,商汤科技,2026-01-31,12.2727,31.59,-0.2238266109978522,0.5833333333333334,0.8044991511035654,T3,0.8353586821272572,-0.029955517579744018,↓,↓,VP_LOCKED_CANDIDATE,19.250213917695636,CBI_TURBULENT,COST_NEUTRAL,-0.011820634489106752,0.004652734667550229,0.0764759353567408,Improving,0.004652734667550229,0.38849952516619185,C
00020,商汤科技,2026-02-28,3.6437,30.5,-0.1383900148052208,0.5833333333333334,0.8530275485946021,T3,0.8788934938575832,0.565731730967219,↓,↓,VP_LOCKED_CANDIDATE,20.07808683809653,CBI_TURBULENT,COST_NEUTRAL,-0.001941018225536939,0.011496213616102535,0.11569975486366646,Improving,0.011496213616102535,0.1194655737704918,C
00020,商汤科技,2026-03-31,-25.5061,31.94,-0.047414844644536526,0.6666666666666666,1.0850413316725174,T3,1.1063209780155736,0.1766611074531086,↑,→,VP_NEUTRAL,18.13070568519948,CBI_TURBULENT,COST_DISADVANTAGE,-0.028643748316452222,-0.12853976675191736,-0.22168832109596714,Stable,-0.12853976675191736,-0.7985629304946775,C
00020,商汤科技,2026-04-30,4.7619,15.88,-1.1719152361533383,0.16666666666666666,0.6013632920979551,T2,0.6118711766368791,-0.49460884683907635,↓,↓,VP_LOCKED_CANDIDATE,34.80889786454193,CBI_ACTIVE,COST_NEUTRAL,-0.015907598160920466,-0.005630433175196514,-0.16246895422283425,Improving,-0.005630433175196514,0.29986775818639794,C
00020,商汤科技,2026-05-31,-14.4279,16.59,-1.1783184444018089,0.16666666666666666,0.6435221101629169,T2,0.6694091409034217,-0.4350806834872365,↓,↓,VP_DECLINE_SILENT,34.50545467073545,CBI_ACTIVE,COST_DISADVANTAGE,0.010354372471847784,-0.07854092365853871,-0.27244777841579537,Deteriorating,-0.07854092365853871,-0.8696745027124774,C
00020,商汤科技,2026-06-30,-19.277108433734934,24.34,-0.6140431213886504,0.3333333333333333,0.9681782020684169,T2,0.9994248892131059,-0.20391315621573913,→,→,VP_NEUTRAL,28.442584048906586,CBI_TURBULENT,COST_DISADVANTAGE,-0.028740933117173184,-0.11567002325259146,-0.23348088389091048,Stable,-0.11567002325259146,-0.7919929512627335,C
00020,,2026-07-31,8.208955223880587,24.64,-0.5026018477629113,0.4166666666666667,1.0274515254708458,T2,1.051909766571548,0.6112092494701094,→,→,VP_STABLE_ASCENT,25.91136866605339,CBI_TURBULENT,COST_NEUTRAL,0.029028739456547825,0.06214272149988265,-0.17055767286703005,Improving,0.06214272149988265,0.33315565031982897,C
00268,金蝶国际,2010-01-31,10.2588,8.22,,,,,,,,,VP_NEUTRAL,,,,-0.265414208277442,-0.2870621211490396,,Stable,-0.2870621211490396,1.248029197080292,C
00268,金蝶国际,2010-02-28,8.6164,5.36,,,,,,,,,VP_NEUTRAL,,,,-0.24859692949964995,-0.2169285353222008,,Stable,-0.2169285353222008,1.607537313432836,C
00268,金蝶国际,2010-03-31,49.0137,13.61,,,1.5016550202280248,,1.5015197400666072,,↑↑,↑↑,VP_OVERHEAT,,,COST_NEUTRAL,-0.166883941898886,-0.08369198836443448,0.004293575558299789,Deteriorating,-0.08369198836443448,3.6013005143277,C
00268,金蝶国际,2010-04-30,-2.0864,10.77,,,1.1348788198103266,,1.1374361248244245,0.3159135387495553,↑,↑,VP_SELLING_ACTIVE,,,COST_NEUTRAL,-0.23389899412486637,-0.2236753962173792,0.00787303331232625,Deteriorating,-0.2236753962173792,-0.19372330547818012,C
00268,金蝶国际,2010-05-31,-14.1548,10.43,,,1.0777020045463939,,1.0786451622557054,0.9458041554982473,→,→,VP_NEUTRAL,,,COST_DISADVANTAGE,-0.149166703957187,-0.225711799766094,-0.1378620323873252,Stable,-0.225711799766094,-1.3571236816874401,C
00268,金蝶国际,2010-06-30,17.8979,6.91,-1.0041981419378592,0.3333333333333333,0.7497287522603978,T2,0.7535466915437943,-0.4887030165766637,↓,↓,VP_LOCKED_CANDIDATE,33.460832986176754,CBI_ACTIVE,COST_DISADVANTAGE,-0.2661751116073079,-0.1841294290308556,-0.18479101996050373,Improving,-0.1841294290308556,2.5901447178002894,C
00268,金蝶国际,2010-07-31,9.5094,7.39,-0.6716901942664371,0.42857142857142855,0.8140260693959978,T2,0.8190469686277915,-0.3094519487364503,↓,↓,VP_LOCKED_CANDIDATE,30.824880388003542,CBI_ACTIVE,COST_DISADVANTAGE,-0.21411774706112363,-0.21471524570128298,-0.10090298431711187,Improving,-0.21471524570128298,1.2867929634641406,C
00268,金蝶国际,2010-08-31,-10.3002,7.56,-0.5372995459117895,0.5,0.8004235044997352,T2,0.8047872052930984,-0.2695120000198751,↓,↓,VP_DECLINE_SILENT,28.75005004053223,CBI_TURBULENT,COST_DISADVANTAGE,-0.21666562191111294,-0.2661839923003714,-0.19351205336897526,Deteriorating,-0.2661839923003714,-1.3624603174603176,C
00268,金蝶国际,2010-09-30,25.7158,9.95,0.4725410816867517,0.6666666666666666,1.1262026032823993,T3,1.1336008838117058,0.4498652786113144,↑,↑,VP_EXPANSION,24.31921182554017,CBI_TURBULENT,COST_DISADVANTAGE,-0.13046973541813367,-0.09063760685932598,-0.10912916107364079,Improving,-0.09063760685932598,2.5845025125628145,C
00268,金蝶国际,2010-10-31,11.9574,7.48,-0.6062416434976291,0.4,0.9026548672566371,T2,0.9056320412532761,0.014888314802470326,→,→,VP_STABLE_ASCENT,33.25097477475676,CBI_ACTIVE,COST_NEUTRAL,-0.22071120767788732,-0.14636095606343524,0.008546945600275802,Improving,-0.14636095606343524,1.5985828877005346,C
00268,金蝶国际,2010-11-30,5.0972,5.83,-1.288443326667659,0.18181818181818182,0.7752659574468086,T2,0.7798613968297803,-0.22285952002757337,↓,↓,VP_LOCKED_CANDIDATE,40.546649712347694,CBI_ACTIVE,COST_NEUTRAL,-0.18014408423700512,-0.19447003730424905,0.05724050698258609,Improving,-0.19447003730424905,0.8743053173241853,C
00268,金蝶国际,2010-12-31,1.4236,3.16,-2.2898290908181584,0.08333333333333333,0.4583031182015954,T1,0.4619727059779049,-0.6800983763275268,↓,↓,VP_SHRINK,43.457403083536896,CBI_ACTIVE,COST_DISADVANTAGE,-0.20060997492824506,-0.20330184915739347,-0.15246063512253671,Stable,-0.20330184915739347,0.450506329113924,C
00268,金蝶国际,2011-01-31,18.5592,9.99,0.6972274032826673,0.75,1.3632021833068002,T4,1.366520606370434,0.3420304226606792,↑,↑,VP_EXPANSION,21.540195730854556,CBI_TURBULENT,COST_NEUTRAL,-0.20546132186592003,-0.17693466956406678,0.0027716689546433138,Stable,-0.17693466956406678,1.8577777777777778,C
00268,金蝶国际,2011-02-28,-8.044,8.56,0.03626536963462337,0.5833333333333334,1.14209472981988,T3,1.1475581402804653,0.4741173585266929,↑,↑,VP_SELLING_ACTIVE,27.39819910618699,CBI_TURBULENT,COST_DISADVANTAGE,-0.13350141196965515,-0.20212716160665556,-0.07789109839761099,Deteriorating,-0.20212716160665556,-0.9397196261682244,C
00268,金蝶国际,2011-03-31,2.8195,10.4,1.1045770561042019,0.8333333333333334,1.3738441215323647,T4,1.3740188667096576,2.2800482845955843,↑,↑,VP_EXPANSION,21.25353393597024,CBI_TURBULENT,COST_DISADVANTAGE,-0.2127597279906026,-0.18951990518131878,-0.20138409860103224,Stable,-0.18951990518131878,0.27110576923076923,C
00268,金蝶国际,2011-04-30,48.7768,8.94,0.4559017344990673,0.6666666666666666,1.14419795221843,T3,1.2222597681448013,-0.026872185257742487,↑,↑,VP_EXPANSION,25.959199091700583,CBI_TURBULENT,COST_ADVANTAGE,-0.015307187182705628,0.06912963781959491,0.19865384835201572,Improving,0.06912963781959491,5.456017897091723,C
00268,金蝶国际,2011-05-31,-10.7157,5.9,-0.960572340894368,0.25,0.7539936102236422,T2,0.8650548027118001,-0.17926374175826965,↓,↓,VP_DECLINE_SILENT,40.06995459039851,CBI_ACTIVE,COST_NEUTRAL,-0.026010571712505315,-0.05803373245804988,0.07455448524614328,Deteriorating,-0.05803373245804988,-1.8162203389830507,C
00268,金蝶国际,2011-06-30,-6.1419,4.86,-1.3887505045841457,0.16666666666666666,0.5993833504624873,T2,0.6811867458386998,-0.4366977834014574,↓,↓,VP_DECLINE_SILENT,42.076815296641115,CBI_ACTIVE,COST_DISADVANTAGE,0.02533576176479846,-0.021618354694166064,-0.09077593662107153,Deteriorating,-0.021618354694166064,-1.2637654320987652,C
00268,金蝶国际,2011-07-31,7.3704,3.75,-1.6828509041815463,0.16666666666666666,0.530535251120019,T1,0.5861869162900561,-0.5361566794022229,↓,↓,VP_LOCKED_CANDIDATE,41.69252478692636,CBI_ACTIVE,COST_NEUTRAL,-0.019902518686334525,0.0034305635955171887,-0.004833768730188814,Improving,0.0034305635955171887,1.96544,C
00268,金蝶国际,2011-08-31,-31.6762,12.38,2.1004474122270915,1.0,1.606748864373783,T5,1.7027527470513737,1.1088130194271364,↑↑,↑↑,VP_PANIC,12.340839092696225,CBI_TURBULENT,COST_DISADVANTAGE,0.023640292811857977,-0.1228674803288683,-0.3155477603356879,Deteriorating,-0.1228674803288683,-2.558659127625202,C
00268,金蝶国际,2011-09-30,-7.9719,6.94,-0.15899518776720917,0.5,0.9735796118774843,T3,0.993752391879962,0.42323061765614334,→,→,VP_NEUTRAL,28.633637925195078,CBI_TURBULENT,COST_DISADVANTAGE,-0.06893525676223333,-0.11247128507356596,-0.2005617531865811,Stable,-0.11247128507356596,-1.1486887608069163,C
00268,金蝶国际,2011-10-31,9.4208,12.17,1.7197969394726822,0.9166666666666666,1.587391304347826,T5,1.5919605153486411,2.255960336625073,↑↑,↑↑,VP_OVERHEAT,14.667666647139594,CBI_TURBULENT,COST_NEUTRAL,0.0013899301159876476,0.09772511123717198,-0.13131034580496126,Deteriorating,0.09772511123717198,0.7741002465078061,C
00268,金蝶国际,2011-11-30,-18.8557,8.08,0.05402984433279112,0.5,1.0062266500622665,T3,1.0099060221485527,-0.3434390283874019,→,→,VP_NEUTRAL,27.96697750570001,CBI_TURBULENT,COST_DISADVANTAGE,-0.14177583929682036,-0.16491552706017387,-0.3085939487019079,Stable,-0.16491552706017387,-2.333626237623762,C
00268,金蝶国际,2011-12-31,-22.4676,12.27,1.4538989576983439,0.9166666666666666,1.3243389098758769,T4,1.3284827296489967,0.7787639999246221,↑,↑,VP_SELLING_ACTIVE,14.149146079194818,CBI_TURBULENT,COST_DISADVANTAGE,0.005360167343486655,-0.08590807750189455,-0.23225418971499734,Deteriorating,-0.08590807750189455,-1.8311002444987776,C
00268,金蝶国际,2012-01-31,9.7276,8.43,-0.047865576433769104,0.5,0.839223494275759,T3,0.8352216209736311,-0.3113872645922928,↓,↓,VP_LOCKED_CANDIDATE,27.561035425756067,CBI_TURBULENT,COST_NEUTRAL,-0.043610679308233036,-0.00019005056847520851,-0.1492954086429441,Improving,-0.00019005056847520851,1.1539264531435351,C
00268,金蝶国际,2012-02-29,-9.35,23.4,5.14128016628572,1.0,1.9694206761116566,T5,1.968508108970716,1.8858621109139122,↑↑,↑↑,VP_PANIC,8.156653867054949,CBI_TURBULENT,COST_DISADVANTAGE,-0.0153869164040914,-0.029255084743018966,-0.23225418971499734,Deteriorating,-0.029255084743018966,-0.3995726495726496,C
00268,金蝶国际,2012-03-31,-11.6732,11.96,0.43030500500664864,0.6666666666666666,0.940374787052811,T3,0.9392174369578695,-0.029592679162360525,→,→,VP_NEUTRAL,19.085416902090074,CBI_TURBULENT,COST_DISADVANTAGE,0.0288693735788077,-0.04153780885350611,-0.1237320435804743,Stable,-0.04153780885350611,-0.976020066889632,C
00268,金蝶国际,2012-04-30,-10.1822,3.88,-1.1807747493917102,0.16666666666666666,0.3422522787415466,T2,0.34235385133486473,-0.5372201348799182,↓,↓,VP_DECLINE_SILENT,35.95623273745224,CBI_ACTIVE,COST_DISADVANTAGE,-0.05877610749210582,-0.10219039201804614,-0.1912857406612748,Deteriorating,-0.10219039201804614,-2.624278350515464,C
00268,金蝶国际,2012-05-31,-26.253,6.86,-0.55303237324611,0.3333333333333333,0.6161676646706588,T2,0.614680369823137,-0.7076220000541739,↓,↓,VP_DECLINE_SILENT,30.440644224430354,CBI_ACTIVE,COST_DISADVANTAGE,-0.08629833019231581,-0.13176612088301265,-0.4035973600580761,Deteriorating,-0.13176612088301265,-3.8269679300291544,C
00268,金蝶国际,2012-06-30,13.9803,7.85,-0.4132196905556794,0.4166666666666667,0.7550496954151972,T3,0.7544769264417924,-0.3445232170432322,↓,↓,VP_LOCKED_CANDIDATE,28.008054705702335,CBI_TURBULENT,COST_NEUTRAL,-0.045575470577246646,0.02177575999422654,-0.07193810916145615,Improving,0.02177575999422654,1.7809299363057325,C
00268,金蝶国际,2012-07-31,-39.8293,10.59,0.04206327851410376,0.5833333333333334,0.9845057328788349,T3,0.9853193777650208,1.7280769239705869,→,→,VP_NEUTRAL,22.382495237981313,CBI_TURBULENT,COST_DISADVANTAGE,-0.04456793200689568,-0.18049455963607985,-0.433520664033616,Stable,-0.18049455963607985,-3.761029272898962,C
00268,金蝶国际,2012-08-31,30.7329,13.47,0.6676250047033858,0.9166666666666666,1.4799487273393153,T4,1.481114812150916,0.9691023476510552,↑,↑,VP_EXPANSION,11.117137307017341,CBI_TURBULENT,COST_NEUTRAL,-0.046593020976328114,0.019561021580000615,-0.2594253598359093,Stable,0.019561021580000615,2.2815812917594656,C
00268,金蝶国际,2012-09-30,41.0584,10.89,0.015627419840926225,0.5833333333333334,1.2203959656331715,T3,1.223774656701072,0.39404161000806504,↑,↑,VP_EXPANSION,21.713074741511598,CBI_TURBULENT,COST_ADVANTAGE,0.004241453496519609,0.1055624363914609,0.3241875230091875,Improving,0.1055624363914609,3.770284664830119,C
00268,金蝶国际,2012-10-31,1.9659,8.23,-0.5131715440544035,0.4166666666666667,0.852997063396096,T2,0.853563382106907,-0.22242568252635486,↓,↓,VP_LOCKED_CANDIDATE,27.1219586930456,CBI_TURBULENT,COST_NEUTRAL,-0.022769977276666076,-0.03260090168708896,0.3327527721877723,Improving,-0.03260090168708896,0.2388699878493317,C
00268,金蝶国际,2012-11-30,0.6427,6.6,-0.8561958609433883,0.16666666666666666,0.6871421134825613,T2,0.6864637262277045,-0.510387119468273,↓,↓,VP_SHRINK,35.50104865907729,CBI_ACTIVE,COST_NEUTRAL,-0.035815094366702716,-0.009117898486645792,0.3413180213663569,Stable,-0.009117898486645792,0.0973787878787879,C
00268,金蝶国际,2012-12-31,-9.1146,5.11,-1.0357947731327775,0.16666666666666666,0.5585716888322098,T2,0.5597402453520995,-0.5306542596849151,↓,↓,VP_DECLINE_SILENT,35.727141124201424,CBI_ACTIVE,COST_DISADVANTAGE,-0.05789637886884036,-0.05655174961037146,-0.1070067719926614,Deteriorating,-0.05655174961037146,-1.7836790606653619,C
00268,金蝶国际,2013-01-31,10.745,9.14,-0.14772002909211368,0.5833333333333334,1.0261976047904193,T3,1.0279318077109014,0.11323269838322902,→,→,VP_STABLE_ASCENT,22.696800878276797,CBI_TURBULENT,COST_DISADVANTAGE,-0.07310569778106613,-0.05904388832523377,-0.011054777579265318,Improving,-0.05904388832523377,1.1756017505470457,C
00268,金蝶国际,2013-02-28,-14.3229,3.38,-1.8588170620944902,0.08333333333333333,0.4678200692041522,T1,0.4686108300997332,-0.48562194435640627,↓,↓,VP_DECLINE_SILENT,42.35054835407521,CBI_ACTIVE,COST_DISADVANTAGE,-0.09163931551215132,-0.09278972028483135,-0.15818116901313917,Deteriorating,-0.09278972028483135,-4.237544378698225,C
00268,金蝶国际,2013-03-31,-6.8389,4.24,-1.2117065431113385,0.25,0.6931880108991826,T2,0.6905934420525626,-0.1747648140444017,↓,↓,VP_DECLINE_SILENT,38.5995387513661,CBI_ACTIVE,COST_DISADVANTAGE,-0.060333765844508336,-0.06280391206120761,-0.19330617236962155,Deteriorating,-0.06280391206120761,-1.612948113207547,C
00268,金蝶国际,2013-04-30,1.6584,5.47,-0.8179351513296524,0.3333333333333333,0.9670005892751915,T2,0.9682477346043854,-0.40160404417512674,→,→,VP_STABLE_ASCENT,35.588591107441616,CBI_ACTIVE,COST_NEUTRAL,-0.06286696119824808,-0.019590065309115,-0.19330617236962155,Improving,-0.019590065309115,0.3031809872029251,C
00268,金蝶国际,2013-05-31,33.9806,10.71,1.0016659593416715,0.8333333333333334,1.6888304862023658,T4,1.6866119987531052,2.1583087564814005,↑↑,↑↑,VP_OVERHEAT,17.809239927764246,CBI_TURBULENT,COST_ADVANTAGE,-0.03161317121108065,0.051470098734380354,0.08962885689715061,Deteriorating,0.051470098734380354,3.1727917833800188,C
00268,金蝶国际,2013-06-30,-16.3043,8.4,0.13391624146687417,0.5833333333333334,1.2191582002902757,T3,1.2176396417628765,0.9860294585368599,↑,↑,VP_SELLING_ACTIVE,25.401489843306518,CBI_TURBULENT,COST_DISADVANTAGE,-0.011123329574376783,-0.1241744249259924,-0.07917255496731856,Deteriorating,-0.1241744249259924,-1.9409880952380953,C
00268,金蝶国际,2013-07-31,14.5349,6.67,-0.37215991248013486,0.5,1.029585798816568,T3,1.0322386637456085,0.2204067732523607,→,→,VP_STABLE_ASCENT,28.15119389507127,CBI_TURBULENT,COST_NEUTRAL,-0.056159343390233984,0.018278614378516966,0.04705920156674326,Improving,0.018278614378516966,2.179145427286357,C
00268,金蝶国际,2013-08-31,46.0277,23.24,6.687223638370786,1.0,2.374255065554231,T5,2.374679067474485,1.1718320334684722,↑↑,↑↑,VP_OVERHEAT,7.897404193998494,CBI_TURBULENT,COST_ADVANTAGE,-0.05754531871745461,0.08628624565615062,0.5386986743836149,Deteriorating,0.08628624565615062,1.9805378657487094,C
00268,金蝶国际,2013-09-30,-6.0449,14.68,1.2356929238983039,0.9166666666666666,1.2733844152089056,T4,1.2750189473648785,0.7529469341396817,↑,↑,VP_SELLING_ACTIVE,10.4280727733241,CBI_TURBULENT,COST_NEUTRAL,-0.058225150511291734,-0.0652456033961255,0.031758855418198895,Deteriorating,-0.0652456033961255,-0.41177792915531336,C
00268,金蝶国际,2013-10-31,13.4508,19.35,1.9087499013121079,0.9166666666666666,1.3979530403371463,T5,1.4000094344534955,1.9003167340080749,↑,↑,VP_EXPANSION,9.831656814027589,CBI_TURBULENT,COST_NEUTRAL,-0.09746949007767036,-0.04629761214044825,0.15978040457394949,Stable,-0.04629761214044825,0.6951317829457363,C
00268,金蝶国际,2013-11-30,-10.2208,7.23,-0.4535147364713824,0.5,0.5451803443508861,T3,0.5463773246237811,-0.6878239724406228,↓,↓,VP_DECLINE_SILENT,24.045848481704084,CBI_TURBULENT,COST_NEUTRAL,-0.043301548175282756,-0.07314354245455834,0.04124193313343971,Deteriorating,-0.07314354245455834,-1.4136652835408021,C
00268,金蝶国际,2013-12-31,5.4895,10.23,0.00029996371333469257,0.6666666666666666,0.754054054054054,T3,0.757529977368074,-0.29957793848770997,↓,↓,VP_LOCKED_CANDIDATE,18.772585894478127,CBI_TURBULENT,COST_NEUTRAL,0.036813379494442744,0.046722915997854386,-0.03365473670662367,Improving,0.046722915997854386,0.5366080156402736,C
00268,金蝶国际,2014-01-31,21.5554,35.54,4.16626251235113,1.0,1.9337988573501406,T5,1.9421736546031467,0.848333844540202,↑↑,↑↑,VP_OVERHEAT,6.226752190619731,CBI_TURBULENT,COST_NEUTRAL,0.002667422303150868,-0.05026479352942226,0.20520770912044672,Deteriorating,-0.05026479352942226,0.6065109735509285,C
00268,金蝶国际,2014-02-28,-1.073,16.11,0.3167469301213585,0.75,0.93717277486911,T3,0.9407580443512538,1.2426751529603046,→,→,VP_NEUTRAL,15.393104342736109,CBI_TURBULENT,COST_NEUTRAL,-0.06603944845464327,-0.057296843284019405,0.15911144764504725,Stable,-0.057296843284019405,-0.06660459342023588,C
00268,金蝶国际,2014-03-31,5.423,42.85,3.3227219772041243,1.0,1.9579620744802375,T5,1.962475126300377,3.203014545701053,↑↑,↑↑,VP_OVERHEAT,6.102851881678914,CBI_TURBULENT,COST_DISADVANTAGE,-0.07986749952564143,-0.07940372131122231,-0.04949819586295556,Deteriorating,-0.07940372131122231,0.12655775962660443,C
00268,金蝶国际,2014-04-30,-30.4991,26.58,0.779558371690427,0.8333333333333334,1.1511476829796445,T4,1.1540294489279337,-0.24953798423678653,↑,↑,VP_SELLING_ACTIVE,11.485309976061192,CBI_TURBULENT,COST_DISADVANTAGE,-0.142449571808132,-0.1585794142450836,-0.26463234906269817,Deteriorating,-0.1585794142450836,-1.1474454477050413,C
00268,金蝶国际,2014-05-31,9.2267,24.06,0.42963188739082936,0.75,0.929136899015254,T3,0.9335757924099507,0.5018228448627884,→,→,VP_STABLE_ASCENT,14.019131778231406,CBI_TURBULENT,COST_NEUTRAL,-0.010370395669858201,0.06681064928602498,-0.18966135628096958,Improving,0.06681064928602498,0.3834871155444721,C
00268,金蝶国际,2014-06-30,-2.7387,11.67,-0.8177759924983704,0.3333333333333333,0.44652764492060454,T2,0.4488326088325382,-0.7259287527690229,↓,↓,VP_DECLINE_SILENT,28.11569533942251,CBI_TURBULENT,COST_DISADVANTAGE,-0.02688967871593928,-0.057748199858370874,-0.02986076580615893,Deteriorating,-0.057748199858370874,-0.23467866323907458,C
00268,金蝶国际,2014-07-31,5.9618,19.02,-0.19479431833603497,0.5,0.8134578373369448,T3,0.8168609546100747,-0.2807965065035438,↓,↓,VP_LOCKED_CANDIDATE,23.69751536799764,CBI_TURBULENT,COST_NEUTRAL,-0.03917671571771375,-0.03986557625234333,0.04038262202766685,Improving,-0.03986557625234333,0.31344900105152473,C
00268,金蝶国际,2014-08-31,-5.7781,15.98,-0.4502416736532369,0.4166666666666667,0.6840753424657534,T3,0.6865074963312221,-0.3346303613111662,↓,↓,VP_DECLINE_SILENT,26.76172937520355,CBI_TURBULENT,COST_DISADVANTAGE,-0.03450828279812479,-0.0680703977702366,-0.04547040754700915,Deteriorating,-0.0680703977702366,-0.36158322903629536,C
00268,金蝶国际,2014-09-30,-8.1766,9.87,-1.0549583133813891,0.16666666666666666,0.5525284568016421,T2,0.5543291562314853,-0.15229499512934697,↓,↓,VP_DECLINE_SILENT,35.63028849448413,CBI_ACTIVE,COST_DISADVANTAGE,-0.09388135739627113,-0.11274515240545435,-0.15833994351864367,Deteriorating,-0.11274515240545435,-0.8284295845997974,C
00268,金蝶国际,2014-10-31,13.2058,9.67,-0.9481083034204757,0.16666666666666666,0.6427384513127284,T2,0.6449194232442713,-0.4897996530610621,↓,↓,VP_LOCKED_CANDIDATE,36.73695596816597,CBI_ACTIVE,COST_NEUTRAL,0.0012997918746102677,0.04078463962908807,-0.0684029828973054,Improving,0.04078463962908807,1.36564632885212,C
00268,金蝶国际,2014-11-30,-1.1924,9.45,-1.0114443841717178,0.08333333333333333,0.7494052339413164,T2,0.7513958093066333,-0.4065284897980541,↓,↓,VP_SHRINK,40.627948557635094,CBI_ACTIVE,COST_DISADVANTAGE,-0.05316003801252589,-0.054593826406823975,-0.0684029828973054,Stable,-0.054593826406823975,-0.12617989417989417,C
00268,金蝶国际,2014-12-31,-8.8853,7.18,-1.211576356190379,0.08333333333333333,0.6053112266404383,T2,0.6064565809572838,-0.2712807346096734,↓,↓,VP_DECLINE_SILENT,40.17857572203834,CBI_ACTIVE,COST_DISADVANTAGE,-0.008591870289195391,-0.04280494273816993,-0.08535493838811192,Deteriorating,-0.04280494273816993,-1.237506963788301,C
00268,金蝶国际,2015-01-31,9.7952,11.17,-0.6326056203053796,0.4166666666666667,1.058433354390398,T2,1.061743293059618,0.15801910944829345,→,→,VP_STABLE_ASCENT,29.1330458009308,CBI_TURBULENT,COST_NEUTRAL,-0.03947506932271705,-0.006042908322754448,-0.00021510552530301652,Improving,-0.006042908322754448,0.8769203222918531,C
00268,金蝶国际,2015-02-28,2.0442,4.81,-1.204352610592661,0.08333333333333333,0.5534036433365292,T2,0.5531902125592655,-0.49120921835047404,↓,↓,VP_LOCKED_CANDIDATE,40.258182354664186,CBI_ACTIVE,COST_NEUTRAL,-0.02495607385808274,-0.007861477779255832,0.01194772774081243,Improving,-0.007861477779255832,0.42498960498960503,C
00268,金蝶国际,2015-03-31,27.5339,26.04,1.8703347529370578,0.9166666666666666,2.2868852459016398,T5,2.288005189634454,2.63214308279131,↑↑,↑↑,VP_OVERHEAT,12.652482693929581,CBI_TURBULENT,COST_ADVANTAGE,0.021488606577400704,0.08301025748641977,0.1512010864690676,Deteriorating,0.08301025748641977,1.0573694316436253,C
00268,金蝶国际,2015-04-30,42.8661,60.39,7.138389776978072,1.0,3.043850806451613,T5,3.047648858913902,4.412945204431904,↑↑,↑↑,VP_OVERHEAT,6.693859348763221,CBI_TURBULENT,COST_ADVANTAGE,0.09531660325266977,0.09151143872205347,0.6446758951244562,Deteriorating,0.09151143872205347,0.7098211624441133,C
00268,金蝶国际,2015-05-31,34.3437,40.6,1.5958313182977206,0.9166666666666666,1.6219455356548373,T5,1.6597592996128228,7.737116752759485,↑↑,↑↑,VP_OVERHEAT,8.160696183932009,CBI_TURBULENT,COST_ADVANTAGE,0.01327419318674572,0.14923390094286892,1.2191958365882116,Deteriorating,0.14923390094286892,0.8459039408866994,C
00268,金蝶国际,2015-06-30,-25.7657,26.56,0.43661013522724346,0.8333333333333334,0.9397888777496018,T3,1.0259955448646176,0.14466272297656424,→,→,VP_NEUTRAL,10.52407374251429,CBI_TURBULENT,COST_DISADVANTAGE,-0.11024354377758372,-0.12655991014403334,-0.044815990410230766,Stable,-0.12655991014403334,-0.9700941265060241,C
00268,金蝶国际,2015-07-31,-27.5651,46.04,1.581952363666958,0.9166666666666666,1.3512032870279789,T5,1.4502310151968076,-0.14087597833671484,↑,↑,VP_SELLING_ACTIVE,7.196847745231925,CBI_TURBULENT,COST_DISADVANTAGE,-0.0817583940284099,-0.0880907035129157,-0.3096236071268881,Deteriorating,-0.0880907035129157,-0.59872067767159,C
00268,金蝶国际,2015-08-31,-19.3787,25.84,0.16507390777353373,0.5833333333333334,0.6876302834079921,T3,0.7312785520122858,-0.3042305503551114,↓,↓,VP_DECLINE_SILENT,17.72411800636514,CBI_TURBULENT,COST_DISADVANTAGE,-0.03869761991678233,-0.15456121088517027,-0.4534954618784578,Deteriorating,-0.15456121088517027,-0.7499496904024767,C
00268,金蝶国际,2015-09-30,9.5749,24.7,0.02063479127752424,0.5,0.661223397135591,T3,0.6940907187042605,-0.0631095095909624,↓,↓,VP_LOCKED_CANDIDATE,20.53353840130136,CBI_TURBULENT,COST_NEUTRAL,-0.07046363630019037,0.001755602029730241,-0.13054285334780924,Improving,0.001755602029730241,0.38764777327935224,C
00268,金蝶国际,2015-10-31,8.5587,18.36,-0.43797847077395397,0.4166666666666667,0.6049423393739704,T3,0.6180546612547851,-0.6005191808077256,↓,↓,VP_LOCKED_CANDIDATE,23.671326391537683,CBI_TURBULENT,COST_DISADVANTAGE,-0.027883571525069817,-0.034622724527774706,-0.0363339349758488,Improving,-0.034622724527774706,0.46616013071895424,C
00268,金蝶国际,2015-11-30,17.7721,25.29,-0.07587346222309663,0.5,0.9097667725882845,T3,0.9119173193454175,-0.019555334786661605,→,→,VP_STABLE_ASCENT,21.325289608720947,CBI_TURBULENT,COST_ADVANTAGE,-0.04618306717531229,0.031002055748269974,0.1277719228333727,Improving,0.031002055748269974,0.7027323052589955,C
00268,金蝶国际,2015-12-31,-5.6285,9.23,-1.2620413665890686,0.16666666666666666,0.3705339221196307,T2,0.3708211638001728,-0.6260915053293352,↓,↓,VP_DECLINE_SILENT,32.55010939611872,CBI_ACTIVE,COST_NEUTRAL,-0.02259182100314283,-0.04118437606449621,0.005173957673086704,Deteriorating,-0.04118437606449621,-0.6098049837486457,C
00268,金蝶国际,2016-01-31,-25.0641,17.6,-0.6828755709519327,0.25,0.8725830441249381,T2,0.874658171010008,-0.03915943840119518,↓,↓,VP_DECLINE_SILENT,30.26186228101191,CBI_ACTIVE,COST_DISADVANTAGE,0.028050604279479252,-0.06362047747260469,-0.2489029586373499,Deteriorating,-0.06362047747260469,-1.4240965909090908,C
00268,金蝶国际,2016-02-29,-3.4338,10.02,-1.3842036223479408,0.16666666666666666,0.5714828897338403,T2,0.5733547302881672,-0.6023553025911937,↓,↓,VP_DECLINE_SILENT,33.79593631622164,CBI_ACTIVE,COST_DISADVANTAGE,-0.06561569263890454,-0.047473019828314866,-0.277450926762118,Deteriorating,-0.047473019828314866,-0.34269461077844315,C
00268,金蝶国际,2016-03-31,-2.7657,24.33,-0.22612609064617775,0.4166666666666667,1.392540303348278,T3,1.3948710573892293,1.6448061202929312,↑,↑,VP_SELLING_ACTIVE,26.196956568645803,CBI_TURBULENT,COST_DISADVANTAGE,-0.05483062306510711,-0.06459810979284586,-0.08734924956889556,Deteriorating,-0.06459810979284586,-0.11367447595561035,C
00268,金蝶国际,2016-04-30,1.632,16.29,-0.7598112962558214,0.25,0.9511483067341379,T2,0.9536335798168214,-0.07191887170840339,→,→,VP_STABLE_ASCENT,32.25749211829364,CBI_ACTIVE,COST_DISADVANTAGE,-0.03666604946854013,-0.058641440107494724,-0.0762238848744895,Improving,-0.058641440107494724,0.1001841620626151,C
00268,金蝶国际,2016-05-31,3.5559,7.66,-1.5192132809967935,0.08333333333333333,0.5398801832491484,T1,0.5412304290716388,-0.23406274614441036,↓,↓,VP_LOCKED_CANDIDATE,38.66140401898958,CBI_ACTIVE,COST_NEUTRAL,0.0445073256141304,0.04761395759517151,-0.02801397119873028,Improving,0.04761395759517151,0.4642167101827676,C
00268,金蝶国际,2016-06-30,-9.9579,8.36,-1.1766536765537918,0.16666666666666666,0.5953002610966058,T2,0.5972108081770787,-0.6549897630316321,↓,↓,VP_DECLINE_SILENT,35.95664864547696,CBI_ACTIVE,COST_DISADVANTAGE,-0.03848540482227569,-0.06545206753399269,-0.0881028613786381,Deteriorating,-0.06545206753399269,-1.1911363636363637,C
00268,金蝶国际,2016-07-31,1.6871,12.93,-0.5932729617604424,0.4166666666666667,0.9747455710516396,T2,0.978225448122675,-0.2032148358725846,→,→,VP_STABLE_ASCENT,30.606180056708823,CBI_ACTIVE,COST_NEUTRAL,-0.012777172713112961,-0.0013195456698916752,-0.06483028446784189,Improving,-0.0013195456698916752,0.13047950502706884,C
00268,金蝶国际,2016-08-31,20.8931,24.97,1.4068429765080928,0.9166666666666666,1.584726041887032,T4,1.5888297590960754,2.270091545154134,↑↑,↑↑,VP_OVERHEAT,13.460806023318101,CBI_TURBULENT,COST_ADVANTAGE,-0.02281082441518223,0.029298591123942952,0.1446229077293233,Deteriorating,0.029298591123942952,0.8367280736884262,C
00268,金蝶国际,2016-09-30,2.0263,16.72,0.12439977314713395,0.5833333333333334,1.1540319797538248,T3,1.1549410822788797,1.0023200321927264,↑,↑,VP_EXPANSION,24.853279602508422,CBI_TURBULENT,COST_NEUTRAL,-0.017157013052598646,-0.032754193686371,0.0643940491884274,Improving,-0.032754193686371,0.12119019138755982,C
00268,金蝶国际,2016-10-31,1.9666,9.1,-1.0331018764428253,0.25,0.6847253574115877,T2,0.685592524509645,-0.29558579334987745,↓,↓,VP_LOCKED_CANDIDATE,36.81199226988936,CBI_ACTIVE,COST_NEUTRAL,-0.019461706836869208,-0.011088659713299864,0.09610390169652372,Improving,-0.011088659713299864,0.2161098901098901,C
00268,金蝶国际,2016-11-30,6.0683,13.9,-0.06601801575920699,0.5833333333333334,0.9699930216329379,T3,0.9731406174621628,-0.4413143422052195,→,→,VP_STABLE_ASCENT,25.967597959562312,CBI_TURBULENT,COST_ADVANTAGE,0.059871696503642546,0.027209879307180662,0.1700935575487481,Improving,0.027209879307180662,0.436568345323741,C
00268,金蝶国际,2016-12-31,-14.2815,12.61,-0.36818633971612896,0.4166666666666667,0.8385237725811814,T3,0.8390980922057676,-0.24436908991632567,↓,↓,VP_DECLINE_SILENT,30.854224563321907,CBI_ACTIVE,COST_DISADVANTAGE,-0.0030034457841214834,-0.07777445746104894,-0.09179623735294751,Deteriorating,-0.07777445746104894,-1.1325535289452815,C
00268,金蝶国际,2017-01-31,1.7355,6.84,-1.3086831961069179,0.08333333333333333,0.48775849774185887,T2,0.48687479036968995,-0.24974731726729427,↓,↓,VP_LOCKED_CANDIDATE,41.72681625427657,CBI_ACTIVE,COST_NEUTRAL,-0.013083829479528242,-0.01573425133170392,-0.07603428381863553,Improving,-0.01573425133170392,0.2537280701754386,C
00268,金蝶国际,2017-02-28,1.0235,12.36,-0.27098203957362244,0.4166666666666667,1.0367677897385712,T3,1.0327771753296107,-0.11725153152736079,→,→,VP_NEUTRAL,32.38166480031678,CBI_ACTIVE,COST_DISADVANTAGE,-0.027445908628628057,-0.04659810721020352,-0.06657711169804847,Stable,-0.04659810721020352,0.0828074433656958,C
00268,金蝶国际,2017-03-31,7.0922,28.05,3.0474805609018145,1.0,2.0311368573497464,T5,2.027701465364931,1.216527318878283,↑↑,↑↑,VP_OVERHEAT,12.074274620142011,CBI_TURBULENT,COST_DISADVANTAGE,-0.027706401663663227,-0.030538177747998052,-0.004477410121345504,Deteriorating,-0.030538177747998052,0.25284135472370767,C
00268,金蝶国际,2017-04-30,2.5229,11.22,-0.4147509479172672,0.4166666666666667,0.7921863967992469,T3,0.7913872668507272,0.6392670499241184,↓,↓,VP_LOCKED_CANDIDATE,30.971907838941018,CBI_ACTIVE,COST_NEUTRAL,0.003300614560088455,0.01952986337436613,0.02063826543535341,Improving,0.01952986337436613,0.2248573975044563,C
00268,金蝶国际,2017-05-31,-5.8264,8.53,-0.9038680297673498,0.25,0.6428840597914834,T2,0.6380802437247742,-0.3142422685684356,↓,↓,VP_DECLINE_SILENT,37.346094877915775,CBI_ACTIVE,COST_DISADVANTAGE,-0.018857961446784643,-0.039548280880371656,-0.03587200456721906,Deteriorating,-0.039548280880371656,-0.6830480656506448,C
00268,金蝶国际,2017-06-30,4.5588,8.98,-0.8374094461825042,0.25,0.7091339826270072,T2,0.7038142217300628,-0.6829293072852987,↓,↓,VP_LOCKED_CANDIDATE,39.21273112132473,CBI_ACTIVE,COST_ADVANTAGE,-0.0016474653863393085,0.028870209528744528,0.012868685428254034,Improving,0.028870209528744528,0.5076614699331848,C
00268,金蝶国际,2017-07-31,1.5818,9.61,-0.6631056304854408,0.4166666666666667,0.7321904761904762,T2,0.7275181733414039,-0.15209544035826839,↓,↓,VP_LOCKED_CANDIDATE,32.905346729591955,CBI_ACTIVE,COST_NEUTRAL,-0.026363187110389652,-0.0372979525907321,0.012868685428254034,Improving,-0.0372979525907321,0.16459937565036423,C
00268,金蝶国际,2017-08-31,2.4914,11.74,-0.14287166779569047,0.5833333333333334,0.9015742992448482,T3,0.8992295572440573,0.3779122580031635,↓,→,VP_NEUTRAL,28.218171326744663,CBI_TURBULENT,COST_NEUTRAL,-0.0174277815903483,0.010899339640519257,0.038103657347986486,Stable,0.010899339640519257,0.2122146507666099,C
00268,金蝶国际,2017-09-30,2.1015,16.65,0.8407652106448107,0.9166666666666666,1.4970777761126932,T4,1.4947432207166538,0.8562536197912232,↑,↑,VP_EXPANSION,18.005088573576977,CBI_TURBULENT,COST_DISADVANTAGE,-0.023975614229861497,-0.06401355899988526,-0.011713604218304696,Stable,-0.06401355899988526,0.12621621621621623,C
00268,金蝶国际,2017-10-31,21.7583,21.08,1.5146603637780334,0.9166666666666666,1.6513905209557382,T5,1.6518670223844079,1.1972693940846804,↑↑,↑↑,VP_OVERHEAT,15.090658394505716,CBI_TURBULENT,COST_NEUTRAL,-0.026397443905924134,0.010747672818535836,0.2033207776924435,Deteriorating,0.010747672818535836,1.0321774193548388,C
00268,金蝶国际,2017-11-30,-3.3646,22.32,1.4862858324628554,0.9166666666666666,1.4817437486169507,T4,1.4781120126454623,0.8918829453149912,↑,↑,VP_SELLING_ACTIVE,13.596578876145973,CBI_TURBULENT,COST_NEUTRAL,-0.09482985962577006,-0.09001223443990791,0.16845033738259252,Deteriorating,-0.09001223443990791,-0.1507437275985663,C
00268,金蝶国际,2017-12-31,8.4556,11.02,-0.5061865677412756,0.4166666666666667,0.7154295607011468,T2,0.7151309157962175,-0.33886196981803873,↓,↓,VP_LOCKED_CANDIDATE,29.395186400093415,CBI_TURBULENT,COST_ADVANTAGE,0.009919169396146454,0.07207216720865017,0.03272731879385016,Improving,0.07207216720865017,0.7672958257713249,C
00268,金蝶国际,2018-01-31,15.8221,21.18,1.0540447006989018,0.8333333333333334,1.2220405808250794,T4,1.221266857591012,0.002853611263796463,↑,↑,VP_EXPANSION,14.957162808797905,CBI_TURBULENT,COST_ADVANTAGE,-0.019167579667016876,0.03338439222986822,0.1961260461425678,Stable,0.03338439222986822,0.7470302171860246,C
00268,金蝶国际,2018-02-28,10.6698,15.1,-0.06103401718668243,0.5833333333333334,0.8439683278993946,T3,0.8456772998836406,-0.32050720678658906,↓,↓,VP_LOCKED_CANDIDATE,22.56446331483327,CBI_TURBULENT,COST_ADVANTAGE,0.05731436064184359,0.10453869800220184,0.32637140852198,Improving,0.10453869800220184,0.7066092715231789,C
00268,金蝶国际,2018-03-31,41.8697,47.85,6.717733209508114,1.0,2.072176109707687,T5,2.075150404262523,3.3524287883350476,↑↑,↑↑,VP_OVERHEAT,6.163485636378804,CBI_TURBULENT,COST_ADVANTAGE,-0.02697161859927233,0.11835850880014265,0.2804216038366445,Deteriorating,0.11835850880014265,0.8750198537095089,C
00268,金蝶国际,2018-04-30,-1.2885,27.86,0.9519303507008154,0.9166666666666666,1.1502098671987888,T4,1.2046168044009018,0.3948345684329797,↑,↑,VP_DIVERGENCE_HIGH,8.938046756548832,CBI_TURBULENT,COST_NEUTRAL,0.024346446230412377,-0.03872453113099339,0.24784504604917101,Deteriorating,-0.03872453113099339,-0.04624910265613783,C
00268,金蝶国际,2018-05-31,11.2162,25.91,0.6095924698334244,0.8333333333333334,1.0439161966156327,T4,1.1381019933327052,0.9305617717707668,↑,→,VP_NEUTRAL,11.516303706568372,CBI_TURBULENT,COST_NEUTRAL,-0.0678727192332147,-0.008362184656434457,0.39867450860517306,Stable,-0.008362184656434457,0.432890775762254,C
00268,金蝶国际,2018-06-30,-7.7216,19.19,-0.17004346444074767,0.5,0.7329556305302695,T3,0.7896036656738948,-0.5481027063282364,↓,↓,VP_DECLINE_SILENT,22.38075529398463,CBI_TURBULENT,COST_DISADVANTAGE,0.03981878877268841,-0.03829495044254161,-0.03718313312435695,Deteriorating,-0.03829495044254161,-0.40237623762376235,C
00268,金蝶国际,2018-07-31,10.4499,22.17,0.0373147692166898,0.6666666666666666,0.8414726720647774,T3,0.8917913531207691,-0.15156821934669584,↓,↓,VP_LOCKED_CANDIDATE,16.93821452100125,CBI_TURBULENT,COST_NEUTRAL,-0.07807874301807316,0.0077269233248451474,0.04217981581256369,Improving,0.0077269233248451474,0.47135317997293635,C
00268,金蝶国际,2018-08-31,1.0196,35.24,1.3665092722854466,0.9166666666666666,1.1863988329031534,T4,1.2384305222069447,0.36585578929763685,↑,↑,VP_DIVERGENCE_HIGH,8.44396151198249,CBI_TURBULENT,COST_NEUTRAL,-0.02234370424558607,-0.02267585384036719,0.07224153889473084,Deteriorating,-0.02267585384036719,0.028933030646992056,C
00268,金蝶国际,2018-09-30,-4.6031,13.55,-1.1400781655113355,0.16666666666666666,0.5648971650917177,T2,0.5726867216839092,-0.29216916960566086,↓,↓,VP_DECLINE_SILENT,33.897274663057864,CBI_ACTIVE,COST_NEUTRAL,-0.006939926485193149,0.0031746016399423205,-0.03833401384702728,Deteriorating,0.0031746016399423205,-0.3397121771217712,C
00268,金蝶国际,2018-10-31,-25.65,23.52,-0.02419322678832995,0.6666666666666666,1.0110330992978935,T3,1.0128711798807564,0.06346130583598164,→,→,VP_NEUTRAL,17.307283155282686,CBI_TURBULENT,COST_DISADVANTAGE,-0.060226440882637844,-0.07365341176337326,-0.27826950762651437,Stable,-0.07365341176337326,-1.090561224489796,C
00268,金蝶国际,2018-11-30,19.1512,14.36,-0.9489896976306532,0.25,0.6729672732953214,T2,0.6746748424222816,-0.5916715553974808,↓,↓,VP_LOCKED_CANDIDATE,31.11771707834002,CBI_ACTIVE,COST_NEUTRAL,0.02889436386837163,0.06419377981497809,-0.11982154003628698,Improving,0.06419377981497809,1.3336490250696378,C
00268,金蝶国际,2018-12-31,-15.4469,9.89,-1.476735580239843,0.08333333333333333,0.4997894382211741,T2,0.500489910217594,-0.2688842410222845,↓,↓,VP_DECLINE_SILENT,36.562500220250946,CBI_ACTIVE,COST_DISADVANTAGE,0.04357735046325484,-0.07715806600001818,-0.03317745895351898,Deteriorating,-0.07715806600001818,-1.561870576339737,C
00268,金蝶国际,2019-01-31,9.0156,12.32,-1.031281238353626,0.16666666666666666,0.6789125642909626,T2,0.6803317460989993,-0.4748861651028724,↓,↓,VP_LOCKED_CANDIDATE,33.99701030777145,CBI_ACTIVE,COST_ADVANTAGE,0.012831575031800213,0.0722907244276092,0.050930635091411824,Improving,0.0722907244276092,0.7317857142857142,C
00268,金蝶国际,2019-02-28,12.0259,10.46,-1.1598474245029988,0.16666666666666666,0.7462544589774079,T2,0.7476504912100728,-0.27068989640061003,↓,↓,VP_LOCKED_CANDIDATE,34.47285420467711,CBI_ACTIVE,COST_NEUTRAL,0.010711693397395416,0.01484526935281294,0.18830718869813245,Improving,0.01484526935281294,1.1497036328871892,C
00268,金蝶国际,2019-03-31,6.842,26.76,0.9308971732067924,0.8333333333333334,1.6499845853458022,T4,1.6518490667927364,1.7107887227609462,↑↑,↑↑,VP_OVERHEAT,12.88820094655395,CBI_TURBULENT,COST_NEUTRAL,0.014374609786032,-0.033527326320854534,0.05749348273359489,Deteriorating,-0.033527326320854534,0.25568011958146486,C
00268,金蝶国际,2019-04-30,5.0455,10.08,-1.2099697285068418,0.16666666666666666,0.7211160128770716,T2,0.7220540909218999,-0.1807197791912919,↓,↓,VP_LOCKED_CANDIDATE,35.25054614969521,CBI_ACTIVE,COST_NEUTRAL,-0.0360216333744815,0.008704888049570814,0.1182085772484971,Improving,0.008704888049570814,0.5005456349206349,C
00268,金蝶国际,2019-05-31,-8.9694,10.03,-1.0129312294518247,0.16666666666666666,0.7566004526024641,T2,0.7590658064412112,-0.03772452392455816,↓,↓,VP_DECLINE_SILENT,35.23798811809877,CBI_ACTIVE,COST_NEUTRAL,0.0007235649955357193,0.009161200329706132,0.01791191150176452,Deteriorating,0.009161200329706132,-0.8942572283150549,C
00268,金蝶国际,2019-06-30,-2.8775,11.34,-0.7113632103583335,0.4166666666666667,0.8401037165082108,T2,0.841932973828202,-0.5749204480355611,↓,↓,VP_DECLINE_SILENT,27.359518116163816,CBI_TURBULENT,COST_NEUTRAL,0.003904360536013618,-0.01213823883887366,-0.04951253094794594,Deteriorating,-0.01213823883887366,-0.2537477954144621,C
00268,金蝶国际,2019-07-31,-13.5042,19.7,0.4384114707424549,0.75,1.3375579947946135,T3,1.3398293068893479,0.9591133802546019,↑,↑,VP_SELLING_ACTIVE,16.41420685233264,CBI_TURBULENT,COST_NEUTRAL,-0.018485624480958363,0.012580586214474998,-0.14863897948620242,Deteriorating,0.012580586214474998,-0.685492385786802,C
00268,金蝶国际,2019-08-31,-5.3419,15.02,0.05166845132160383,0.75,0.9697621865920584,T3,0.9712723862308572,0.4978191063349755,→,→,VP_NEUTRAL,17.932554121808042,CBI_TURBULENT,COST_DISADVANTAGE,0.014533284914300282,-0.03487172097445401,-0.20158151450095296,Stable,-0.03487172097445401,-0.3556524633821571,C
00268,金蝶国际,2019-09-30,17.1924,13.56,-0.23099007886676212,0.5833333333333334,1.0204439984949205,T3,1.0213415608068013,0.1969755449224675,→,→,VP_STABLE_ASCENT,23.67924812030251,CBI_TURBULENT,COST_NEUTRAL,-0.02371335569975863,0.0022721223637225396,0.07933064812518875,Improving,0.0022721223637225396,1.2678761061946902,C
00268,金蝶国际,2019-10-31,4.3647,8.6,-1.087001285334576,0.08333333333333333,0.6594249201277955,T2,0.6592817332506622,-0.5634645808545987,↓,↓,VP_LOCKED_CANDIDATE,40.65655022321374,CBI_ACTIVE,COST_NEUTRAL,0.019121850212654223,0.019154728659266818,0.12644013325189452,Improving,0.019154728659266818,0.5075232558139535,C
00268,金蝶国际,2019-11-30,-8.7182,7.48,-1.1541629768118118,0.08333333333333333,0.5928665785997359,T2,0.5943772480796728,-0.500684481693682,↓,↓,VP_DECLINE_SILENT,40.848903608651504,CBI_ACTIVE,COST_NEUTRAL,-0.020176358052001686,-0.06702953641787301,0.013900807671431092,Deteriorating,-0.06702953641787301,-1.1655347593582885,C
00268,金蝶国际,2019-12-31,-1.0181,5.7,-1.4041518893582747,0.08333333333333333,0.4881530117042536,T2,0.48776857367069054,-0.5800753380802673,↓,↓,VP_SHRINK,41.01681946863101,CBI_ACTIVE,COST_DISADVANTAGE,-0.03238172640425374,-0.026512402918684952,-0.060424303629907916,Stable,-0.026512402918684952,-0.17861403508771928,C
00268,金蝶国际,2020-01-31,7.4093,12.15,-0.0799922773909212,0.6666666666666666,1.166213405855063,T3,1.1661563165596696,0.4137809186783119,↑,↑,VP_EXPANSION,21.684624101568648,CBI_TURBULENT,COST_NEUTRAL,-0.020237087963948075,-0.04829295935090838,0.01567915339158321,Improving,-0.04829295935090838,0.6098189300411523,C
00268,金蝶国际,2020-02-29,18.7172,12.17,-0.1038038124150013,0.6666666666666666,1.2239356352665103,T3,1.2264241665819966,0.6276001786557168,↑,↑,VP_EXPANSION,20.639641507640924,CBI_TURBULENT,COST_NEUTRAL,-0.028153487869709837,-0.014785547216989658,0.20291781749207738,Improving,-0.014785547216989658,1.5379786359901395,C
00268,金蝶国际,2020-03-31,3.7156,16.58,1.4057352056884083,0.9166666666666666,1.5871091257179322,T4,1.5903169243555177,1.9219768914781286,↑↑,↑↑,VP_OVERHEAT,14.007976755767563,CBI_TURBULENT,COST_ADVANTAGE,0.01538867474081873,0.07488727488751534,0.08400348792714118,Deteriorating,0.07488727488751534,0.22410132689987938,C
00268,金蝶国际,2020-04-30,10.1682,13.53,0.38398613631213324,0.6666666666666666,1.2007099541487947,T3,1.2017880169395814,0.11699450512537823,↑,↑,VP_EXPANSION,21.64194872320332,CBI_TURBULENT,COST_NEUTRAL,-0.04339321836832066,0.0017179692451065876,0.1826637589042437,Improving,0.0017179692451065876,0.751529933481153,C
00268,金蝶国际,2020-05-31,21.1258,13.64,0.33355090874097626,0.75,1.1093940626270842,T3,1.111255702791722,0.12246068266456889,↑,↑,VP_EXPANSION,18.388397268804194,CBI_TURBULENT,COST_ADVANTAGE,0.01205357958171005,0.05897284994325758,0.42742519711552296,Improving,0.05897284994325758,1.5488123167155425,C
00268,金蝶国际,2020-06-30,28.7143,11.34,-0.31413989636388867,0.3333333333333333,0.8568190404231205,T3,0.8596726163204357,-0.3139236772424775,↓,↓,VP_LOCKED_CANDIDATE,31.420253137879257,CBI_ACTIVE,COST_ADVANTAGE,0.0807214513386052,0.1877452798349637,0.389281798808941,Improving,0.1877452798349637,2.532125220458554,C
00268,金蝶国际,2020-07-31,17.1961,19.37,2.402624108283922,1.0,1.341567586286506,T5,1.3408498388879033,0.431951862953611,↑,↑,VP_EXPANSION,9.678435838733446,CBI_TURBULENT,COST_ADVANTAGE,0.06201885571652621,0.1327790588067892,0.6498685069096191,Stable,0.1327790588067892,0.887769747031492,C
00268,金蝶国际,2020-08-31,-9.3578,18.82,1.768251970259255,0.9166666666666666,1.210548885077187,T5,1.2178348087951385,0.38990836227810255,↑,↑,VP_SELLING_ACTIVE,12.209822430283143,CBI_TURBULENT,COST_NEUTRAL,0.038366697686691875,0.0063927544677180315,0.5234299858193494,Deteriorating,0.0063927544677180315,-0.4972263549415515,C
00268,金蝶国际,2020-09-30,-0.2494,11.2,-0.3502053590134215,0.3333333333333333,0.764505119453925,T3,0.7906650933851774,0.025807368344785697,↓,↓,VP_SHRINK,31.509814196106674,CBI_ACTIVE,COST_ADVANTAGE,0.03309523159145056,0.05423049137705993,0.0421008209353968,Stable,0.05423049137705993,-0.022267857142857145,C
00268,金蝶国际,2020-10-31,-5.787,10.84,-0.5124274695564573,0.25,0.7632906935805656,T2,0.7842339573485537,-0.41743505664516456,↓,↓,VP_DECLINE_SILENT,34.5930287481033,CBI_ACTIVE,COST_NEUTRAL,-0.014177400033665188,-0.07532988941614549,0.06033758530176625,Deteriorating,-0.07532988941614549,-0.5338560885608856,C
00268,金蝶国际,2020-11-30,31.9512,11.56,-0.44341051923140745,0.4166666666666667,0.8343558282208589,T3,0.8531186471570017,-0.36512463422764063,↓,↓,VP_LOCKED_CANDIDATE,29.44146099834532,CBI_TURBULENT,COST_ADVANTAGE,0.03991214062181947,0.09844088949338747,0.4094413603151241,Improving,0.09844088949338747,2.763944636678201,C
00268,金蝶国际,2020-12-31,14.7005,9.84,-1.3220737265719589,0.08333333333333333,0.723263506063947,T2,0.7349342309075767,-0.12283038757312081,↓,↓,VP_LOCKED_CANDIDATE,41.61856416895128,CBI_ACTIVE,COST_ADVANTAGE,0.15887562000337674,0.18112867913371677,0.29535209695359343,Improving,0.18112867913371677,1.4939532520325203,C
00268,金蝶国际,2021-01-31,0.3205,17.29,1.1970620255755415,0.8333333333333334,1.304085480829667,T4,1.3156604618761192,0.5983784581855951,↑,↑,VP_DIVERGENCE_HIGH,16.844175212210907,CBI_TURBULENT,COST_ADVANTAGE,-0.038430558709687146,0.02220470203140046,0.2830544504635275,Deteriorating,0.02220470203140046,0.018536726431463275,C
00268,金蝶国际,2021-02-28,-12.5589,11.46,-0.7755910867201339,0.4166666666666667,0.9524864939742348,T2,0.9542612639519199,-0.006618768283223386,→,→,VP_NEUTRAL,29.961370161546743,CBI_TURBULENT,COST_NEUTRAL,-0.0941857215446591,-0.15915847752273282,0.14163151582777145,Stable,-0.15915847752273282,-1.0958900523560209,C
00268,金蝶国际,2021-03-31,-15.4386,16.79,1.0044524882921866,0.75,1.2951915659552584,T4,1.2945843559035597,0.7083261578714515,↑,↑,VP_SELLING_ACTIVE,18.860161441356396,CBI_TURBULENT,COST_DISADVANTAGE,-0.05263675406473989,-0.0716462784815487,-0.18399704191327781,Deteriorating,-0.0716462784815487,-0.9195116140559857,C
00268,金蝶国际,2021-04-30,3.8384,6.11,-2.2896728604906524,0.08333333333333333,0.5018480492813142,T1,0.501613697412844,-0.647047258342629,↓,↓,VP_LOCKED_CANDIDATE,39.73128051586638,CBI_ACTIVE,COST_NEUTRAL,-0.02320722809589515,0.0219199669697705,-0.1298225716668564,Improving,0.0219199669697705,0.628216039279869,C
00268,金蝶国际,2021-05-31,23.4375,9.22,-0.9720825418179329,0.16666666666666666,0.7823504454815445,T2,0.7816809918043923,-0.19767165042689927,↓,↓,VP_LOCKED_CANDIDATE,36.838757660129765,CBI_ACTIVE,COST_ADVANTAGE,0.07871370100458774,0.20611648062186316,0.06994578736682255,Improving,0.20611648062186316,2.54202819956616,C
00268,金蝶国际,2021-06-30,-17.1384,8.7,-1.02023795951796,0.16666666666666666,0.7503234152652005,T2,0.7500106320912572,-0.4816589364610203,↓,↓,VP_DECLINE_SILENT,36.81780674761127,CBI_ACTIVE,COST_DISADVANTAGE,-0.05559826231905329,-0.05686699277017826,-0.007992724687180264,Deteriorating,-0.05686699277017826,-1.969931034482759,C
00268,金蝶国际,2021-07-31,-6.9231,10.38,-0.42352407876328396,0.4166666666666667,0.993935525055857,T3,0.9950009097252015,0.7017141850390343,→,→,VP_NEUTRAL,29.42560203027853,CBI_TURBULENT,COST_NEUTRAL,0.06593366675601486,0.008670073523540545,-0.08893449477911819,Stable,0.008670073523540545,-0.6669653179190751,C
00268,金蝶国际,2021-08-31,15.2749,9.14,-0.665228004683442,0.25,0.9088498508452105,T2,0.9112839756854335,-0.004840056741437948,→,→,VP_STABLE_ASCENT,36.30274316139151,CBI_ACTIVE,COST_ADVANTAGE,0.04272900844900662,0.10908590777334704,0.06541957841946111,Improving,0.10908590777334704,1.671214442013129,C
00268,金蝶国际,2021-09-30,-7.9505,5.98,-1.5883873436993485,0.08333333333333333,0.7244094488188976,T1,0.7224183782356906,-0.3141984208202542,↓,↓,VP_DECLINE_SILENT,41.32599020850038,CBI_ACTIVE,COST_NEUTRAL,0.06308926038548313,-0.010445692479071678,0.03848135119483942,Deteriorating,-0.010445692479071678,-1.329515050167224,C
00268,金蝶国际,2021-10-31,4.2596,3.35,-2.069908681390107,0.08333333333333333,0.4297626683771648,T1,0.42938069028971765,-0.6778675899909629,↓,↓,VP_LOCKED_CANDIDATE,40.432673791244795,CBI_ACTIVE,COST_NEUTRAL,-0.0426154191197301,-0.041400534605974704,0.02452862670661693,Improving,-0.041400534605974704,1.2715223880597013,C
00268,金蝶国际,2021-11-30,-7.9767,6.11,-0.9229723454978723,0.3333333333333333,0.8396701786532296,T2,0.8425563987077851,-0.33044790324561757,↓,↓,VP_DECLINE_SILENT,32.710854959498114,CBI_ACTIVE,COST_DISADVANTAGE,-0.029321980475524367,-0.06225102494797241,-0.05719447386725718,Deteriorating,-0.06225102494797241,-1.3055155482815057,C
00268,金蝶国际,2021-12-31,2.3454,7.4,-0.5026620359062315,0.4166666666666667,1.048158640226629,T2,1.0495279677498075,0.2443400824766726,→,→,VP_STABLE_ASCENT,29.983123597323345,CBI_TURBULENT,COST_NEUTRAL,0.0025532526946212553,0.03807407714423894,-0.02489836945304713,Improving,0.03807407714423894,0.31694594594594594,C
00268,金蝶国际,2022-01-31,-26.3466,6.91,-0.4977037480324182,0.4166666666666667,1.066083826176395,T3,1.0657314128468829,1.067032100161399,→,→,VP_NEUTRAL,30.746018061133267,CBI_ACTIVE,COST_DISADVANTAGE,-0.16577069692140556,-0.2099616388221418,-0.2833003015479897,Stable,-0.2099616388221418,-3.812821997105644,C
00268,金蝶国际,2022-02-28,6.2016,6.72,-0.44468566897097,0.4166666666666667,1.1055662188099808,T3,1.104734930597426,0.09543857309356096,↑,↑,VP_EXPANSION,31.422888802946268,CBI_ACTIVE,COST_NEUTRAL,-0.007754679467957382,-0.004608108029423907,-0.22073128025456024,Improving,-0.004608108029423907,0.9228571428571429,C
00268,金蝶国际,2022-03-31,-10.1135,11.75,2.371172720920206,1.0,1.6690340909090908,T5,1.667204319728801,0.5838436102410751,↑↑,↑↑,VP_PANIC,14.369229023973606,CBI_TURBULENT,COST_NEUTRAL,0.03608971312039988,0.07478737118734169,-0.06772971286384366,Deteriorating,0.07478737118734169,-0.8607234042553191,C
00268,金蝶国际,2022-04-30,-4.5614,6.27,-0.6787386561931812,0.3333333333333333,0.83303808680248,T2,0.8285523796071136,-0.0979972330165575,↓,↓,VP_DECLINE_SILENT,35.810213758493006,CBI_ACTIVE,COST_NEUTRAL,0.1260834704583209,0.03881842094836463,-0.12659867473811315,Deteriorating,0.03881842094836463,-0.7274960127591706,C
00268,金蝶国际,2022-05-31,-2.0253,8.48,0.43198819760440677,0.6666666666666666,1.0704818009678099,T3,1.071962051211189,0.2638177538121784,→,→,VP_NEUTRAL,24.9981306942687,CBI_TURBULENT,COST_NEUTRAL,0.08162522905053571,0.050481328864547814,-0.1715531547148279,Stable,0.050481328864547814,-0.2388325471698113,C
00268,金蝶国际,2022-06-30,17.9487,8.23,0.3300340781087976,0.6666666666666666,1.021091811414392,T3,1.022089090575122,-0.2989464396466911,→,→,VP_STABLE_ASCENT,24.66725474231079,CBI_TURBULENT,COST_ADVANTAGE,0.04057686387129511,0.058210253777412735,0.15348519268178307,Improving,0.058210253777412735,2.180886998784933,C
00268,金蝶国际,2022-07-31,-4.9327,5.23,-1.0166210635009008,0.16666666666666666,0.6722365038560412,T2,0.6733989067113668,-0.160287616142737,↓,↓,VP_DECLINE_SILENT,41.7139453177678,CBI_ACTIVE,COST_NEUTRAL,-0.03173622679324761,-0.05346102254741825,0.06321243847190439,Deteriorating,-0.05346102254741825,-0.9431548757170171,C
00268,金蝶国际,2022-08-31,-11.8527,5.72,-0.6051915055987357,0.25,0.7513134851138353,T2,0.751823104070758,-0.32601715159859546,↓,↓,VP_DECLINE_SILENT,39.26934383340411,CBI_ACTIVE,COST_DISADVANTAGE,-0.0046250210926268576,-0.04986948622392995,-0.039598198267124074,Deteriorating,-0.04986948622392995,-2.0721503496503497,C
00268,金蝶国际,2022-09-30,-30.914,7.29,0.1789668403118146,0.6666666666666666,1.0611353711790392,T3,1.0631642031842339,-0.11289269857022055,→,→,VP_NEUTRAL,25.873584414637488,CBI_TURBULENT,COST_DISADVANTAGE,-0.04802146912822991,-0.16649032135032416,-0.32021040043196625,Stable,-0.16649032135032416,-4.240603566529493,C
00268,金蝶国际,2022-10-31,24.9027,16.42,5.372887699000456,1.0,1.9178508857309715,T5,1.9180349729909314,2.1392806578320513,↑↑,↑↑,VP_OVERHEAT,11.055213756688818,CBI_TURBULENT,COST_NEUTRAL,0.10768044779348207,0.19267465768066327,-0.15092427446949863,Deteriorating,0.19267465768066327,1.516607795371498,C
00268,金蝶国际,2022-11-30,-2.5719,16.19,2.5887268205819725,0.9166666666666666,1.644211238997969,T5,1.6475874023166706,1.8406006593966189,↑↑,↑↑,VP_PANIC,12.299928443078477,CBI_TURBULENT,COST_DISADVANTAGE,-0.04350567777042691,-0.05091455531071887,-0.148279178751335,Deteriorating,-0.05091455531071887,-0.15885731933292155,C
00268,金蝶国际,2022-12-31,26.8182,11.59,0.6739104539104834,0.75,1.1137091607943626,T4,1.1141430446454053,0.5907698658209799,↑,↑,VP_EXPANSION,17.832243600899037,CBI_TURBULENT,COST_ADVANTAGE,-0.0002444895242978973,0.10480725728265661,0.29318153537670866,Stable,0.10480725728265661,2.3139085418464194,C
00268,金蝶国际,2023-01-31,3.6408,10.01,0.1481434513495069,0.6666666666666666,0.8934840821184171,T3,0.891860764523518,-0.39103111343838415,↓,↓,VP_LOCKED_CANDIDATE,20.732214439371507,CBI_TURBULENT,COST_NEUTRAL,-0.06380194535386796,-0.01635751131083729,0.31944687122067994,Improving,-0.01635751131083729,0.36371628371628373,C
00268,金蝶国际,2023-02-28,-14.6028,8.29,-0.3908273558507065,0.5,0.7127095572431579,T3,0.7142812523770451,-0.48761096464756637,↓,↓,VP_DECLINE_SILENT,26.12490850046077,CBI_TURBULENT,COST_NEUTRAL,-0.06354997444479638,-0.1172723806641085,0.12940944129076937,Deteriorating,-0.1172723806641085,-1.7614957780458387,C
00268,金蝶国际,2023-03-31,-13.2333,20.85,3.1013778747002383,1.0,1.500899820035993,T5,1.5005049639823882,0.7980954390706618,↑↑,↑↑,VP_PANIC,8.52305851256463,CBI_TURBULENT,COST_DISADVANTAGE,-0.012109379480549576,-0.0958407086034222,-0.1760969284088093,Deteriorating,-0.0958407086034222,-0.6346906474820143,C
00268,金蝶国际,2023-04-30,-7.6923,10.14,-0.12883002448399614,0.6666666666666666,0.7894122226547295,T3,0.7881333813253006,0.013635833283830223,↓,↓,VP_DECLINE_SILENT,20.150801674121052,CBI_TURBULENT,COST_DISADVANTAGE,0.014764943281248222,-0.05540693512449535,-0.22273295132906545,Deteriorating,-0.05540693512449535,-0.7586094674556213,C
00268,金蝶国际,2023-05-31,-15.9935,6.75,-0.8800437958311363,0.25,0.5988466656809108,T2,0.5981826162755219,-0.18889293054799428,↓,↓,VP_DECLINE_SILENT,34.216915962047615,CBI_ACTIVE,COST_DISADVANTAGE,-0.0831020904083214,-0.07652263460233633,-0.32636855781852336,Deteriorating,-0.07652263460233633,-2.369407407407407,C
00268,金蝶国际,2023-06-30,0.7692,8.44,-0.4839594858624377,0.5,0.7853598014888337,T3,0.7828845179142367,-0.5968239656788314,↓,↓,VP_SHRINK,26.50023566787699,CBI_TURBULENT,COST_DISADVANTAGE,-0.00430212714101863,-0.05724575314872904,-0.11120391462744383,Stable,-0.05724575314872904,0.09113744075829384,C
00268,金蝶国际,2023-07-31,30.3846,7.1,-0.8685775789560755,0.25,0.691895403605652,T2,0.694047086344647,-0.29686876665635176,↓,↓,VP_LOCKED_CANDIDATE,33.99989596289575,CBI_ACTIVE,COST_ADVANTAGE,0.13291152187791866,0.1443588676578298,0.1500071486309027,Improving,0.1443588676578298,4.279521126760564,C
00268,金蝶国际,2023-08-31,-13.1805,10.09,-0.24785428833480885,0.5833333333333334,0.9553416443111882,T3,0.9525099972331958,0.49054215961679626,→,→,VP_NEUTRAL,23.55480457829728,CBI_TURBULENT,COST_NEUTRAL,0.00839602354247626,-0.05328541096197359,0.027882495678948516,Stable,-0.05328541096197359,-1.306293359762141,C
00268,金蝶国际,2023-09-30,-21.2418,6.41,-1.1766225564075892,0.08333333333333333,0.7860208461066831,T2,0.7892749823815276,-0.23524334226586396,↓,↓,VP_DECLINE_SILENT,39.956274826618284,CBI_ACTIVE,COST_DISADVANTAGE,0.0052517371347931,-0.09135808479957663,-0.1910875575654003,Deteriorating,-0.09135808479957663,-3.3138533541341655,C
00268,金蝶国际,2023-10-31,9.1483,8.8,-0.4139956882130234,0.5,1.1094767808363102,T3,1.1094167698819504,0.2343459997762285,↑,↑,VP_EXPANSION,26.693078849406746,CBI_TURBULENT,COST_NEUTRAL,0.011151923475870129,0.029063131976288625,-0.12899261903826298,Improving,0.029063131976288625,1.0395795454545456,C
00268,金蝶国际,2023-11-30,2.4528,10.43,0.14981553174642073,0.8333333333333334,1.2205968402574605,T3,1.222445687015482,0.03880062482572599,↑,↑,VP_EXPANSION,16.108991844355373,CBI_TURBULENT,COST_DISADVANTAGE,-0.0908019675113384,-0.07181634112470481,-0.08871482107471451,Improving,-0.07181634112470481,0.2351677852348993,C
00268,金蝶国际,2023-12-31,4.5956,10.57,0.21634104739528834,0.9166666666666666,1.1876404494382022,T3,1.2109402795421988,0.6843324432809357,↑,↑,VP_EXPANSION,13.602374818732667,CBI_TURBULENT,COST_ADVANTAGE,0.042080909589673476,0.06326553383607392,0.047003905440379246,Improving,0.06326553383607392,0.43477767265846734,C
00268,金蝶国际,2024-01-31,-33.9474,11.62,0.48081860416564426,0.9166666666666666,1.2037292817679557,T3,1.2415268031614046,0.3813164182890054,↑,↑,VP_SELLING_ACTIVE,13.711803464449705,CBI_TURBULENT,COST_DISADVANTAGE,-0.15344771630312937,-0.1968724389847024,-0.307210948333387,Deteriorating,-0.1968724389847024,-2.921462994836489,C
00268,金蝶国际,2024-02-29,12.2016,11.07,0.25476429011490903,0.8333333333333334,1.1276740237691003,T3,1.1510341565733218,0.10583036378221045,↑,↑,VP_EXPANSION,16.50452466432081,CBI_TURBULENT,COST_NEUTRAL,0.06651302803093606,0.06498946728879074,-0.22164736027894483,Improving,0.06498946728879074,1.1022222222222222,C
00268,金蝶国际,2024-03-31,4.497,10.89,0.9591223480970477,0.8333333333333334,1.0309245818870305,T4,1.0367514537294207,0.03664657073276523,→,→,VP_STABLE_ASCENT,22.646053771223542,CBI_TURBULENT,COST_NEUTRAL,-0.012894559165328445,-0.010784007108090243,0.008249867881271022,Stable,-0.010784007108090243,0.4129476584022038,C
00268,金蝶国际,2024-04-30,-7.0078,9.16,-0.0716151728179536,0.5,0.8622529024160653,T3,0.8637325486647309,-0.2219120846451006,↓,↓,VP_DECLINE_SILENT,33.49441079576453,CBI_ACTIVE,COST_NEUTRAL,0.07057341085729574,0.027414791462242682,-0.045416886128264444,Deteriorating,0.027414791462242682,-0.7650436681222706,C
00268,金蝶国际,2024-05-31,-2.7947,7.74,-1.1020822554800107,0.25,0.7606879606879606,T2,0.7620347740287668,-0.30446192884033296,↓,↓,VP_DECLINE_SILENT,42.53404958778418,CBI_ACTIVE,COST_DISADVANTAGE,-0.021838480096892043,-0.10350029509094572,-0.08652333600790851,Deteriorating,-0.10350029509094572,-0.36107235142118865,C
00268,金蝶国际,2024-06-30,-8.5,8.84,-0.36415298946250874,0.4166666666666667,0.8941335131490221,T3,0.8910851896774811,-0.1860701044784724,↓,↓,VP_DECLINE_SILENT,37.15698663289846,CBI_ACTIVE,COST_DISADVANTAGE,-0.015012945469449313,-0.06276121393923384,-0.11402334671854364,Deteriorating,-0.06276121393923384,-0.9615384615384616,C
00268,金蝶国际,2024-07-31,-14.2271,12.25,1.762886389977285,1.0,1.226021684737281,T5,1.2231458076610546,0.33846403031619254,↑,↑,VP_SELLING_ACTIVE,18.13475439010694,CBI_TURBULENT,COST_DISADVANTAGE,0.037135403869704486,-0.051675168051640075,-0.2411101617384247,Deteriorating,-0.051675168051640075,-1.161395918367347,C
00268,金蝶国际,2024-08-31,-1.5949,9.53,-0.15930867051475744,0.5,0.9789419619928095,T3,0.9767084466017167,0.2225848563501096,→,→,VP_NEUTRAL,34.726020862748186,CBI_ACTIVE,COST_NEUTRAL,0.014815246468766974,0.047874603346772515,-0.25321366793079425,Stable,0.047874603346772515,-0.1673557187827912,C
00268,金蝶国际,2024-09-30,45.8671,16.23,4.692937478797281,1.0,1.527529411764706,T5,1.5243399327114786,0.8292014887753287,↑↑,↑↑,VP_OVERHEAT,14.175081799274697,CBI_TURBULENT,COST_ADVANTAGE,0.27484030275945437,0.3262419844550406,0.3835975912956491,Deteriorating,0.3262419844550406,2.826069008009858,C
00268,金蝶国际,2024-10-31,-11.8221,23.57,6.0086072333367575,1.0,1.8093654042988743,T5,1.8073806014337523,0.9207666747291472,↑↑,↑↑,VP_PANIC,9.226531303174188,CBI_TURBULENT,COST_NEUTRAL,-0.06047944401704275,-0.1272731471172629,0.2498498241370697,Deteriorating,-0.1272731471172629,-0.5015740347899873,C
00268,金蝶国际,2024-11-30,7.0905,15.92,0.9344113964403737,0.8333333333333334,1.1063238359972203,T4,1.1046655603476374,0.6689764886506055,↑,↑,VP_EXPANSION,14.574842850472518,CBI_TURBULENT,COST_NEUTRAL,0.029378762594909347,0.010620461293546768,0.3467016555277651,Stable,0.010620461293546768,0.4453831658291457,C
00268,金蝶国际,2024-12-31,-3.0682,16.09,0.8365531124290857,0.8333333333333334,1.0315204615877764,T4,1.0320551342920963,-0.007577997614712451,→,→,VP_NEUTRAL,14.248069085202198,CBI_TURBULENT,COST_DISADVANTAGE,-0.03937149641549531,-0.08855661753530952,-0.06702680158292929,Stable,-0.08855661753530952,-0.19068986948415165,C
00268,金蝶国际,2025-01-31,23.8554,10.31,-0.5661427340504117,0.4166666666666667,0.6749590834697218,T2,0.676357166410504,-0.5617125993874155,↓,↓,VP_LOCKED_CANDIDATE,27.77656770914695,CBI_TURBULENT,COST_ADVANTAGE,0.014581837440349688,0.1711157187807124,0.12438036104659878,Improving,0.1711157187807124,2.3138118331716777,C
00268,金蝶国际,2025-02-28,19.9623,46.45,7.467524755033395,1.0,2.1676907521194684,T5,2.1655331696751823,1.9169685350658536,↑↑,↑↑,VP_OVERHEAT,5.351464142250616,CBI_TURBULENT,COST_NEUTRAL,-0.04275234691242036,-0.05016804800417374,0.3934441439429639,Deteriorating,-0.05016804800417374,0.42975888051668454,C
00268,金蝶国际,2025-03-31,3.2967,43.58,2.5977622036729473,0.9166666666666666,1.677013853258081,T5,1.6656182278907092,1.680221802006967,↑↑,↑↑,VP_OVERHEAT,8.009502311090044,CBI_TURBULENT,COST_DISADVANTAGE,0.008318272253785342,-0.11181899005801865,-0.028063175134960372,Deteriorating,-0.11181899005801865,0.07564708581918311,C
00268,金蝶国际,2025-04-30,-0.9023,26.94,0.6025224472750211,0.8333333333333334,1.0147529662879025,T4,1.0090058811089782,1.5801904573415113,→,→,VP_NEUTRAL,10.914425604002872,CBI_TURBULENT,COST_NEUTRAL,0.09491273185174376,0.11184749828450014,-0.026586067498387433,Stable,0.11184749828450014,-0.03349294729027468,C
00268,金蝶国际,2025-05-31,-6.3927,17.87,-0.23938866889199772,0.6666666666666666,0.6649714710989829,T3,0.6616643975770475,-0.6188752049649534,↓,↓,VP_DECLINE_SILENT,16.4544818743436,CBI_TURBULENT,COST_DISADVANTAGE,-0.002922477164911008,-0.06459774300542676,-0.09157880350759973,Deteriorating,-0.06459774300542676,-0.3577336317851147,C
00268,金蝶国际,2025-06-30,27.8146,23.02,0.10918583859789766,0.6666666666666666,0.8213117678539572,T3,0.8195364293152505,-0.47133110258083966,↓,↓,VP_LOCKED_CANDIDATE,16.38412644850326,CBI_TURBULENT,COST_ADVANTAGE,0.03148366125748603,0.10863281842107919,0.19695761812920987,Improving,0.10863281842107919,1.2082797567332755,C
00268,金蝶国际,2025-07-31,18.37,24.16,0.12647733684268297,0.75,0.7963960004395121,T3,0.7955858964729033,-0.10154808208848676,↓,↓,VP_LOCKED_CANDIDATE,13.832230756409476,CBI_TURBULENT,COST_ADVANTAGE,0.11498191023472715,0.13556842687292336,0.4186738608655791,Improving,0.13556842687292336,0.7603476821192053,C
00268,金蝶国际,2025-08-31,-12.9274,28.71,0.4303662294784893,0.8333333333333334,1.0485756026296567,T3,1.0489476274238287,0.6089761908947826,→,→,VP_NEUTRAL,11.88619453281336,CBI_TURBULENT,COST_NEUTRAL,-0.026214517879196264,-0.023397844677720103,0.26362753727371246,Stable,-0.023397844677720103,-0.45027516544757923,C
00268,金蝶国际,2025-09-30,4.2857,23.46,-0.15779203773039166,0.5,0.9764150943396227,T3,0.9764805780339155,0.01861515903218436,→,→,VP_STABLE_ASCENT,23.57104924160396,CBI_TURBULENT,COST_ADVANTAGE,0.04244419484698847,0.07792309881708803,0.06998432525496989,Improving,0.07792309881708803,0.18268115942028987,C
00268,金蝶国际,2025-10-31,-16.7518,14.88,-0.9591132744477097,0.16666666666666666,0.6758516275548827,T2,0.6759994063400749,-0.38441750974747835,↓,↓,VP_DECLINE_SILENT,34.689828337960094,CBI_ACTIVE,COST_DISADVANTAGE,0.0020331441318357513,-0.05230740419264113,-0.10468206573984828,Deteriorating,-0.05230740419264113,-1.1257930107526881,C
00268,金蝶国际,2025-11-30,-6.0546,11.22,-1.2822731463922679,0.16666666666666666,0.5366281387006776,T2,0.5375735948739485,-0.608366898501723,↓,↓,VP_DECLINE_SILENT,34.93359217345262,CBI_ACTIVE,COST_DISADVANTAGE,-0.008461944343879146,-0.027551982292928767,-0.13766103466893986,Deteriorating,-0.027551982292928767,-0.5396256684491978,C
00268,金蝶国际,2025-12-31,-6.0113,14.81,-0.871841770864186,0.25,0.7579324462640736,T2,0.7577627907850096,-0.36851103440117716,↓,↓,VP_DECLINE_SILENT,33.461751884289015,CBI_ACTIVE,COST_NEUTRAL,-0.015751458278295494,-0.018957491641974467,-0.08426698711479386,Deteriorating,-0.018957491641974467,-0.40589466576637406,C
00268,金蝶国际,2026-01-31,-3.2138,22.8,-0.2050431415454935,0.4166666666666667,1.1805315843976527,T3,1.180160496592077,0.531770467733603,↑,↑,VP_SELLING_ACTIVE,27.912581781973604,CBI_TURBULENT,COST_DISADVANTAGE,-0.05386721792232907,-0.12340893302987577,-0.10769431776798954,Deteriorating,-0.12340893302987577,-0.1409561403508772,C
00268,金蝶国际,2026-02-28,-21.9985,24.25,0.16612260344395577,0.75,1.3058696822832525,T3,1.30593067758134,1.1573764950527403,↑,↑,VP_SELLING_ACTIVE,17.291868572752485,CBI_TURBULENT,COST_DISADVANTAGE,0.0028792116150109237,-0.07627945516092527,-0.3061375891832937,Deteriorating,-0.07627945516092527,-0.9071546391752577,C
00268,金蝶国际,2026-03-31,-12.7291,25.82,0.8891308182995299,0.8333333333333334,1.3615749692388819,T4,1.3607069913197418,0.7424104719977187,↑,↑,VP_SELLING_ACTIVE,15.860382911755668,CBI_TURBULENT,COST_DISADVANTAGE,-0.055723419839306176,-0.08588185065914178,-0.2594338032170379,Deteriorating,-0.08588185065914178,-0.49299380325329206,C
00268,金蝶国际,2026-04-30,-2.0619,21.38,0.07303121920616969,0.4166666666666667,1.0665114732291319,T3,1.0661383769839068,-0.06238247194003621,→,→,VP_NEUTRAL,29.848821090924762,CBI_TURBULENT,COST_NEUTRAL,-0.03733943752439528,-0.011402265028957248,-0.2611620790555046,Stable,-0.011402265028957248,-0.09644059869036484,C
00268,金蝶国际,2026-05-31,-14.5475,25.52,0.8223723459132722,0.8333333333333334,1.1377619259919751,T4,1.1375109701404336,0.05166615790544227,↑,↑,VP_SELLING_ACTIVE,15.371380587357205,CBI_TURBULENT,COST_DISADVANTAGE,0.015559645895807384,-0.07515366910348154,-0.35535311225193733,Deteriorating,-0.07515366910348154,-0.5700431034482758,C
00268,金蝶国际,2026-06-30,-18.56946354883081,37.96,3.1365682304799303,1.0,1.443986559310214,T5,1.4441067458957155,0.47073440117131726,↑,↑,VP_SELLING_ACTIVE,7.6097407271873045,CBI_TURBULENT,COST_DISADVANTAGE,-0.027112206650534265,-0.20644293525266355,-0.2545737151569716,Deteriorating,-0.20644293525266355,-0.48918502499554295,C
00268,,2026-07-31,40.70945945945945,30.12,1.0383945921948896,0.9166666666666666,1.0949409269918207,T4,1.0930920157627515,0.4059951572245233,→,→,VP_STABLE_ASCENT,9.996299037162649,CBI_TURBULENT,COST_ADVANTAGE,0.05733420701505709,0.17351487861550208,0.048885296071355944,Stable,0.17351487861550208,1.351575679264922,C
00354,中软国际,2010-01-31,28.3688,13.22,,,,,,,,,VP_NEUTRAL,,,,-0.3286181198819491,-0.38072309938094073,,Stable,-0.38072309938094073,2.14590015128593,C
00354,中软国际,2010-02-28,9.6685,1.51,,,,,,,,,VP_NEUTRAL,,,,-0.259803528468324,0.48876217104456376,,Stable,0.48876217104456376,6.402980132450331,C
00354,中软国际,2010-03-31,-3.7313,5.08,,,0.7693084300858152,,0.7701346148096517,,↓,↓,VP_DECLINE_SILENT,,,,-0.30825577319989095,,-0.33058110646754124,Deteriorating,,-0.734507874015748,C
00354,中软国际,2010-04-30,76.2274,12.86,,,1.574533210896847,,1.5785693587274703,-0.022590748277711903,↑↑,↑↑,VP_OVERHEAT,,,,-0.19497084896826533,,0.17969944544996608,Deteriorating,,5.927480559875583,C
00354,中软国际,2010-05-31,-22.5619,5.03,,,0.6671087533156498,,0.6702387619638404,2.3512099411379985,↓,↓,VP_DECLINE_SILENT,,,,-0.291327078708014,,-0.07976524196571555,Deteriorating,,-4.485467196819085,C
00354,中软国际,2010-06-30,3.7594,2.11,-1.1615011791689858,0.3333333333333333,0.31801055011303686,T2,0.331717141121201,-0.5651244167962675,↓,↓,VP_LOCKED_CANDIDATE,29.498586778668216,CBI_TURBULENT,,-0.24322847384504753,,-0.2637623410158254,Improving,,1.7817061611374407,C
00354,中软国际,2010-07-31,6.3406,2.14,-0.9516979521598246,0.42857142857142855,0.44691959624086325,T2,0.46698679209092897,-0.8249270865715348,↓,↓,VP_LOCKED_CANDIDATE,27.147730335040492,CBI_TURBULENT,,-0.20997307039993196,,-0.21708060539182905,Improving,,2.9628971962616824,C
00354,中软国际,2010-08-31,28.9608,11.35,1.1528004038188389,0.75,1.765620948924034,T4,1.8144344065936602,1.356585323965652,↑↑,↑↑,VP_OVERHEAT,16.281053323458657,CBI_TURBULENT,COST_ADVANTAGE,-0.19004477525149732,88.54188570700886,0.009659253353297315,Deteriorating,88.54188570700886,2.5516123348017623,C
00354,中软国际,2010-09-30,14.531,11.8,1.094453564382889,0.7777777777777778,1.5632589975712077,T4,1.604037670665428,4.674172105498435,↑↑,↑↑,VP_OVERHEAT,14.855157619735897,CBI_TURBULENT,COST_DISADVANTAGE,-0.2688618212909524,-0.20099896815383833,-0.1102873777062724,Deteriorating,-0.20099896815383833,1.2314406779661016,C
00354,中软国际,2010-10-31,-0.5365,13.34,1.2962637657031293,1.0,1.7487437185929646,T4,1.7745142342433822,5.319757761259291,↑↑,↑↑,VP_NEUTRAL,8.545710603820961,CBI_TURBULENT,COST_DISADVANTAGE,-0.1289435661160484,-0.09073389269323962,-0.048715569935080194,Stable,-0.09073389269323962,-0.04021739130434782,C
00354,中软国际,2010-11-30,-11.6156,4.44,-0.7047425108570654,0.36363636363636365,0.5896414342629482,T2,0.5938140493487528,-0.6020751124508403,↓,↓,VP_DECLINE_SILENT,29.846543141632704,CBI_TURBULENT,COST_DISADVANTAGE,-0.15597358722358723,-0.19568080300225899,-0.1410732815918686,Deteriorating,-0.19568080300225899,-2.616126126126126,C
00354,中软国际,2010-12-31,-1.2165,4.67,-0.6084199406229132,0.4166666666666667,0.5869291998324256,T2,0.5999317015461728,-0.5946388134740364,↓,↓,VP_SHRINK,28.229292732985957,CBI_TURBULENT,COST_DISADVANTAGE,-0.16733386309806553,-0.21196506814511518,-0.20872754288884088,Stable,-0.21196506814511518,-0.260492505353319,C
00354,中软国际,2011-01-31,0.0,6.26,-0.11298702908598128,0.6666666666666666,0.7242576166602391,T3,0.8041933269003466,-0.4734283816150874,↓,↓,VP_SHRINK,20.67179805491291,CBI_TURBULENT,COST_DISADVANTAGE,-0.19426099337385683,-0.18684847053157583,-0.22821701227581526,Stable,-0.18684847053157583,0.0,C
00354,中软国际,2011-02-28,-1.2788,2.2,-1.2207411846626433,0.25,0.3090611098103489,T2,0.3423308443357175,-0.43701802289282,↓,↓,VP_SHRINK,35.1279922123026,CBI_ACTIVE,COST_DISADVANTAGE,-0.15484957231365548,-0.9901197963845288,-0.24770648166278963,Stable,-0.9901197963845288,-0.5812727272727272,C
00354,中软国际,2011-03-31,3.861,3.02,-0.9085961154538765,0.3333333333333333,0.5340406719717065,T2,0.5800094234314762,-0.277898697207008,↓,↓,VP_LOCKED_CANDIDATE,34.682065347761885,CBI_ACTIVE,COST_DISADVANTAGE,-0.19238267538043163,-0.9991187431731421,-0.16546528595083643,Improving,-0.9991187431731421,1.278476821192053,C
00354,中软国际,2011-04-30,-1.2469,2.22,-0.956750690565865,0.3333333333333333,0.5839544059622972,T2,0.6150716542270662,-0.6400858623834143,↓,↓,VP_SHRINK,35.73924643797896,CBI_ACTIVE,COST_DISADVANTAGE,-0.18598372069988167,-0.1748502595896012,-0.18097708360974285,Stable,-0.1748502595896012,-0.5616666666666665,C
00354,中软国际,2011-05-31,-3.1368,3.06,-0.6581508416967776,0.5,0.8567428838077461,T2,0.8832084645939873,0.3984075580294082,↓,↓,VP_DECLINE_SILENT,30.589611009859233,CBI_ACTIVE,COST_NEUTRAL,-0.19405545956306702,0.6989422157918972,-0.20165948048828475,Deteriorating,0.6989422157918972,-1.0250980392156863,C
00354,中软国际,2011-06-30,25.393,18.26,3.052988015019405,1.0,3.1284980011422046,T5,3.200888313453825,5.325914967413977,↑↑,↑↑,VP_OVERHEAT,11.050902710917784,CBI_TURBULENT,,-0.1550892835260056,,-0.021067759609099235,Deteriorating,,1.3906352683461116,C
00354,中软国际,2011-07-31,23.8559,6.57,-0.1459552504951772,0.6666666666666666,1.1157656382677612,T3,1.2321100892267287,2.4383605402317103,↑,↑,VP_EXPANSION,21.29783606630592,CBI_TURBULENT,,-0.09647594711849583,,0.20077320132808674,Improving,,3.6310350076103495,C
00354,中软国际,2011-08-31,-18.4443,7.1,0.04073195570784598,0.75,1.0589112602535422,T3,1.1450665423891884,1.6909170598423633,↑,→,VP_NEUTRAL,18.12311086494509,CBI_TURBULENT,,-0.176308626584464,,-0.03994784139098739,Stable,,-2.597788732394366,C
00354,中软国际,2011-09-30,-5.0659,2.93,-0.7363526763833059,0.25,0.43796711509715996,T2,0.47428687977238776,-0.8187800062508196,↓,↓,VP_DECLINE_SILENT,34.29580783980558,CBI_ACTIVE,,-0.14705639270602333,,-0.29930205254848985,Deteriorating,,-1.728976109215017,C
00354,中软国际,2011-10-31,3.5629,1.89,-0.832459904278692,0.08333333333333333,0.28485305199698563,T2,0.30719690768344876,-0.7069742544864595,↓,↓,VP_LOCKED_CANDIDATE,39.8747093483788,CBI_ACTIVE,,-0.17526946911375785,,-0.34790970098429375,Improving,,1.8851322751322752,C
00354,中软国际,2011-11-30,8.168,2.76,-0.5646383218254304,0.3333333333333333,0.419134396355353,T2,0.44407676539508156,-0.6064555723882523,↓,↓,VP_LOCKED_CANDIDATE,31.17398008658909,CBI_ACTIVE,,-0.17644970695014583,,-0.3067801523078444,Improving,,2.9594202898550726,C
00354,中软国际,2011-12-31,-6.653,1.29,-0.8432755327880563,0.08333333333333333,0.3433895297249335,T2,0.3498495196157879,-0.5548265312416,↓,↓,VP_DECLINE_SILENT,39.85923871663483,CBI_ACTIVE,,-0.12318102506225248,,-0.16673677574744672,Deteriorating,,-5.1573643410852705,C
00354,中软国际,2012-01-31,6.5789,1.07,-0.7734731625175304,0.08333333333333333,0.37676056338028174,T2,0.4132585934331698,-0.38083273012285135,↓,↓,VP_LOCKED_CANDIDATE,40.41229379894806,CBI_ACTIVE,,-0.11775178914295692,,-0.11191682678346304,Improving,,6.148504672897196,C
00354,中软国际,2012-02-29,3.5824,2.85,-0.36313681929074254,0.5,1.3369820172009386,T3,1.448908262860515,0.16266912788104348,↑,↑,VP_EXPANSION,27.465460328574867,CBI_TURBULENT,,-0.14360237098327,,-0.07537019414080715,Improving,,1.2569824561403509,C
00354,中软国际,2012-03-31,4.0527,6.77,0.471624012850788,0.8333333333333334,2.442573662056524,T3,2.5426001740914477,4.8287574980457535,↑↑,↑↑,VP_OVERHEAT,17.196881369096896,CBI_TURBULENT,,-0.11500893556863578,,-0.11543634653050827,Deteriorating,,0.5986262924667651,C
00354,中软国际,2012-04-30,-9.3412,1.76,-0.6815042043099795,0.25,0.64,T2,0.6524404352217742,0.6650958650336807,↓,↓,VP_DECLINE_SILENT,36.42485518982192,CBI_ACTIVE,,-0.13858739713805035,,-0.20587372103323132,Deteriorating,,-5.3075,C
00354,中软国际,2012-05-31,-10.1931,1.49,-0.7044997398042032,0.25,0.5869993434011819,T2,0.601788081254461,-0.46961507084241816,↓,↓,VP_DECLINE_SILENT,36.99545449174816,CBI_ACTIVE,,-0.14643961019785412,,-0.27908492896400716,Deteriorating,,-6.8410067114093955,C
00354,中软国际,2012-06-30,-7.9075,0.39,-1.3152947351897393,0.08333333333333333,0.16329378925331475,T2,0.16677936512002467,-0.9411873623492757,↓,↓,VP_DECLINE_SILENT,47.97952842589828,CBI_ACTIVE,,-0.19590498690548142,,-0.27178014798818295,Deteriorating,,-20.275641025641026,C
00354,中软国际,2012-07-31,-14.157,2.91,0.07368795128267437,0.75,1.0797773654916512,T3,1.0889761448523712,0.6892227889862406,→,→,VP_NEUTRAL,26.358914187402736,CBI_TURBULENT,,-0.18654292402837136,,-0.3583584659288217,Stable,,-4.864948453608247,C
00354,中软国际,2012-08-31,2.2489,3.29,0.569288225031904,0.9166666666666666,1.1884406983744733,T4,1.1955942364095484,1.1984519845744934,↑,↑,VP_EXPANSION,24.045715628230145,CBI_TURBULENT,,-0.21230161457919983,,-0.3439287462720485,Stable,,0.6835562310030395,C
00354,中软国际,2012-09-30,11.855,8.31,3.6347104750766674,1.0,2.747107438016529,T5,2.806381631179589,20.90510525211338,↑↑,↑↑,VP_OVERHEAT,16.234481244529103,CBI_TURBULENT,,-0.1121611617451671,,-0.07596950608621578,Deteriorating,,1.4265944645006017,C
00354,中软国际,2012-10-31,-1.8703,2.48,-0.21862599047396045,0.5,0.7885532591414944,T3,0.7972277534527786,-0.12020719308546335,↓,↓,VP_DECLINE_SILENT,32.67825712466089,CBI_ACTIVE,,-0.18375113008916055,,-0.09325187193248363,Deteriorating,,-0.7541532258064516,C
00354,中软国际,2012-11-30,5.7179,4.44,0.6314411284123742,0.8333333333333334,1.2208982584784602,T4,1.2387498346882095,0.40622184912149195,↑,↑,VP_EXPANSION,21.86745772148321,CBI_TURBULENT,,-0.14385514423880807,,-0.0414047743936804,Stable,,1.2878153153153153,C
00354,中软国际,2012-12-31,-12.0192,2.07,-0.5119457608242598,0.4166666666666667,0.5285106382978724,T2,0.5319246893454936,-0.7517103866715631,↓,↓,VP_DECLINE_SILENT,35.192360757837776,CBI_ACTIVE,,-0.16410037230875862,,-0.23850279754092107,Deteriorating,,-5.806376811594204,C
00354,中软国际,2013-01-31,5.4274,7.12,1.6884702495571977,0.9166666666666666,1.5416817033561891,T5,1.5511768905354306,1.8917560914515636,↑↑,↑↑,VP_OVERHEAT,18.27196071874041,CBI_TURBULENT,,-0.18406897027910074,,-0.1916894449307317,Deteriorating,,0.7622752808988763,C
00354,中软国际,2013-02-28,-3.1766,1.03,-1.0903386406033866,0.16666666666666666,0.24282907662082517,T2,0.24613861157858594,-0.7654895093156455,↓,↓,VP_DECLINE_SILENT,42.72274767878329,CBI_ACTIVE,,-0.1577707606726133,,-0.20729389580079483,Deteriorating,,-3.0840776699029124,C
00354,中软国际,2013-03-31,-7.2178,1.4,-0.7585410747814618,0.25,0.4530744336569579,T2,0.4523590148097653,-0.3214215209741049,↓,↓,VP_DECLINE_SILENT,41.08812649831279,CBI_ACTIVE,,-0.18440499493698648,,-0.24117140936329629,Deteriorating,,-5.155571428571429,C
00354,中软国际,2013-04-30,12.7298,4.17,0.4133966461436875,0.75,1.236777063766683,T3,1.2360547582125763,-0.4145734521055098,↑,↑,VP_EXPANSION,24.63262959203601,CBI_TURBULENT,,-0.14326052150478608,,-0.14457371041378653,Improving,,3.0527098321342923,C
00354,中软国际,2013-05-31,17.5659,6.96,1.5016616429202334,0.8333333333333334,1.8356043956043957,T5,1.840082396375138,5.69599089850415,↑↑,↑↑,VP_OVERHEAT,20.31432430111627,CBI_TURBULENT,,-0.14096385689645097,,0.005689376841006233,Deteriorating,,2.5238362068965516,C
00354,中软国际,2013-06-30,-4.2689,15.68,4.969283867300342,1.0,2.5874587458745877,T5,2.5982559081361343,10.324919606970282,↑↑,↑↑,VP_PANIC,10.90123021768315,CBI_TURBULENT,,-0.14240587141163163,,-0.1818482492892618,Deteriorating,,-0.2722512755102041,C
00354,中软国际,2013-07-31,-2.7563,7.76,0.6374206023691076,0.8333333333333334,1.2583783783783782,T4,1.2964281718942243,0.9447285824175342,↑,↑,VP_SELLING_ACTIVE,16.42180112294592,CBI_TURBULENT,COST_DISADVANTAGE,-0.20551420331869452,-0.18181804641620603,-0.19552971669245134,Deteriorating,-0.18181804641620603,-0.35519329896907215,C
00354,中软国际,2013-08-31,19.1657,15.81,2.514898718187025,1.0,1.831981460023175,T5,1.8686711021577014,1.3625413278965515,↑↑,↑↑,VP_OVERHEAT,9.36048361244366,CBI_TURBULENT,COST_DISADVANTAGE,-0.1385620103210673,-0.09933143831886715,-0.03591259698857274,Deteriorating,-0.09933143831886715,1.2122517394054397,C
00354,中软国际,2013-09-30,-13.9155,8.84,0.515927248252964,0.8333333333333334,0.8956433637284702,T4,0.9101221575535312,-0.4170358802041003,→,↓,VP_NEUTRAL,14.667957354523743,CBI_TURBULENT,COST_DISADVANTAGE,-0.16005277925323358,-0.2067160522192223,-0.2124336050820983,Stable,-0.2067160522192223,-1.5741515837104072,C
00354,中软国际,2013-10-31,7.7605,11.2,0.8917131322767131,0.8333333333333334,1.0143396226415093,T4,1.033842383033037,0.4542757152393637,→,→,VP_STABLE_ASCENT,14.603957961158677,CBI_TURBULENT,COST_DISADVANTAGE,-0.20502589625694057,-0.15840310907729127,-0.14658357206220696,Stable,-0.15840310907729127,0.6929017857142858,C
00354,中软国际,2013-11-30,-4.5825,5.53,-0.38805466119001014,0.4166666666666667,0.5118790496760259,T3,0.528586978813746,-0.6402485145534091,↓,↓,VP_DECLINE_SILENT,29.100467595006926,CBI_TURBULENT,COST_DISADVANTAGE,-0.12928120818552002,-0.1470190535796031,-0.1773135874714895,Deteriorating,-0.1470190535796031,-0.8286618444846292,C
00354,中软国际,2013-12-31,-10.6157,5.18,-0.549174628622427,0.3333333333333333,0.5721649484536082,T2,0.5855078224276553,-0.395530711237412,↓,↓,VP_DECLINE_SILENT,32.48793299951433,CBI_ACTIVE,COST_DISADVANTAGE,-0.09074301789324757,-0.1716830896645316,-0.24702201325321183,Deteriorating,-0.1716830896645316,-2.0493629343629345,C
00354,中软国际,2014-01-31,16.4319,28.29,4.330920170559013,1.0,2.2677354709418838,T5,2.3005829472864763,1.5857882114511255,↑↑,↑↑,VP_OVERHEAT,8.38323793643971,CBI_TURBULENT,COST_DISADVANTAGE,-0.1265186098131379,-0.12876679617956643,-0.11288104174250124,Deteriorating,-0.12876679617956643,0.5808377518557793,C
00354,中软国际,2014-02-28,6.2696,15.19,0.711448322929263,0.75,1.2278054694867302,T4,1.2370052632073592,1.7569590182015355,↑,↑,VP_EXPANSION,17.163478801682427,CBI_TURBULENT,COST_DISADVANTAGE,-0.13502568825084693,-0.13573542593500598,-0.0905242131573829,Stable,-0.13573542593500598,0.4127452271231073,C
00354,中软国际,2014-03-31,5.3816,40.34,4.293195228834243,1.0,2.2892272770263884,T5,2.296311759019291,6.801641033168239,↑↑,↑↑,VP_OVERHEAT,7.192140253524224,CBI_TURBULENT,COST_DISADVANTAGE,-0.20529300521102067,-0.23986978940803627,-0.1545835195274755,Deteriorating,-0.23986978940803627,0.13340604858701038,C
00354,中软国际,2014-04-30,-18.4233,9.39,-0.5059326703217353,0.5,0.5421478060046189,T2,0.5443718251953756,-0.6666260665940533,↓,↓,VP_DECLINE_SILENT,23.73790132065046,CBI_TURBULENT,COST_DISADVANTAGE,-0.22982562027440645,-0.2172468293361841,-0.25270520946161246,Deteriorating,-0.2172468293361841,-1.9620127795527156,C
00354,中软国际,2014-05-31,7.716,7.83,-0.6877235641049061,0.3333333333333333,0.4422895876482771,T2,0.44498399558309515,-0.48071481002777405,↓,↓,VP_LOCKED_CANDIDATE,28.881235435257953,CBI_TURBULENT,COST_DISADVANTAGE,-0.12477331174078832,-0.07791367616876477,-0.17813272511166833,Improving,-0.07791367616876477,0.98544061302682,C
00354,中软国际,2014-06-30,-10.8798,4.75,-0.9032029703341465,0.08333333333333333,0.2694016447679365,T2,0.2730624068297341,-0.8805027173041674,↓,↓,VP_DECLINE_SILENT,37.14806099224021,CBI_ACTIVE,COST_DISADVANTAGE,-0.13587439203003615,-0.18058564302341562,-0.2009412687287785,Deteriorating,-0.18058564302341562,-2.2904842105263157,C
00354,中软国际,2014-07-31,9.3555,5.9,-0.7514097140266824,0.3333333333333333,0.42446043165467634,T2,0.42722851689788954,-0.368507805402411,↓,↓,VP_LOCKED_CANDIDATE,29.339559773453207,CBI_TURBULENT,COST_DISADVANTAGE,-0.0524377059831016,-0.10502319953208727,-0.10763292431281835,Improving,-0.10502319953208727,1.5856779661016946,C
00354,中软国际,2014-08-31,20.2507,7.03,-0.548337626602642,0.4166666666666667,0.5606060606060607,T2,0.5648351236938434,-0.09783075329527491,↓,↓,VP_LOCKED_CANDIDATE,26.39604041199678,CBI_TURBULENT,COST_NEUTRAL,-0.07517943334517707,-0.04295378195854338,0.057777322606383574,Improving,-0.04295378195854338,2.8806116642958743,C
00354,中软国际,2014-09-30,-10.3834,7.35,-0.49997992368846267,0.5,1.0437869822485206,T3,1.0470041475742493,0.5432021929871345,→,→,VP_NEUTRAL,24.60332559753899,CBI_TURBULENT,COST_DISADVANTAGE,-0.15541532200182429,-0.185937778883967,-0.1324302092729409,Stable,-0.185937778883967,-1.4127074829931974,C
00354,中软国际,2014-10-31,2.6978,3.93,-0.7748045696791707,0.08333333333333333,0.640935036694754,T2,0.6410760089733586,-0.33270693196214973,↓,↓,VP_LOCKED_CANDIDATE,38.46605450324114,CBI_ACTIVE,COST_DISADVANTAGE,-0.12550975408219378,-0.13030534330331955,-0.11696550712094367,Improving,-0.13030534330331955,0.6864631043256997,C
00354,中软国际,2014-11-30,-3.8894,6.92,-0.4847041700516981,0.4166666666666667,1.157190635451505,T3,1.1598698719412404,-0.012710564596234541,↑,↑,VP_SELLING_ACTIVE,27.799691060630508,CBI_TURBULENT,COST_DISADVANTAGE,-0.14755931105086184,-0.1726441636662871,-0.1401625603489397,Deteriorating,-0.1726441636662871,-0.5620520231213874,C
00354,中软国际,2014-12-31,-16.6367,6.06,-0.5813771990111611,0.3333333333333333,0.97768217262705,T2,0.9751741150559436,-0.17836890725206422,→,→,VP_NEUTRAL,30.38246513377961,CBI_ACTIVE,COST_DISADVANTAGE,-0.16576630548368965,-0.20545952128696077,-0.27207858886169234,Stable,-0.20545952128696077,-2.7453300330033006,C
00354,中软国际,2015-01-31,17.5439,5.93,-0.45534240053049013,0.3333333333333333,0.9559376679204729,T3,0.9564681480250754,0.5112565771364077,→,→,VP_STABLE_ASCENT,30.736450429231454,CBI_ACTIVE,COST_DISADVANTAGE,-0.1191892237214357,-0.089090259118902,-0.15821817395872084,Improving,-0.089090259118902,2.9584991568296797,C
00354,中软国际,2015-02-28,-1.4124,2.4,-0.7310804417911592,0.08333333333333333,0.44185332924209886,T2,0.4401357383459258,-0.655539802168992,↓,↓,VP_SHRINK,39.85778282791219,CBI_ACTIVE,COST_DISADVANTAGE,-0.14455216745251487,-0.1356616007296073,-0.1778492799764746,Stable,-0.1356616007296073,-0.5885,C
00354,中软国际,2015-03-31,35.8166,20.84,7.99661906956477,1.0,2.713541666666667,T5,2.715834718450444,2.4534861957117164,↑↑,↑↑,VP_OVERHEAT,10.716512303291207,CBI_TURBULENT,COST_NEUTRAL,-0.014738574334171806,-0.013580370127494246,0.0387858451878349,Deteriorating,-0.013580370127494246,1.7186468330134357,C
00354,中软国际,2015-04-30,42.7975,75.48,14.908042659048562,1.0,3.8500382555470543,T5,3.854373469506851,11.766540079243711,↑↑,↑↑,VP_OVERHEAT,5.327725692466838,CBI_TURBULENT,COST_NEUTRAL,0.020900954757545165,0.013311659257723152,0.49900742216978733,Deteriorating,0.013311659257723152,0.5670045045045045,C
00354,中软国际,2015-05-31,17.3754,49.85,1.80983952279341,0.9166666666666666,1.8628550074738415,T5,1.9545736339496054,21.43368954127739,↑↑,↑↑,VP_OVERHEAT,7.369580430653667,CBI_TURBULENT,COST_ADVANTAGE,-0.01386970726178216,0.09168814880231513,0.8752202985915418,Deteriorating,0.09168814880231513,0.3485536609829488,C
00354,中软国际,2015-06-30,-24.5458,35.28,0.7944526465828734,0.8333333333333334,1.115396775213405,T4,1.1699512214866643,0.8407975245139914,↑,↑,VP_SELLING_ACTIVE,9.825989598335811,CBI_TURBULENT,COST_DISADVANTAGE,-0.16413959122089017,-0.18855660945436115,-0.11931574732205696,Deteriorating,-0.18855660945436115,-0.6957426303854874,C
00354,中软国际,2015-07-31,-34.0676,40.33,0.8917371193639823,0.8333333333333334,1.0794004817557319,T4,1.1212259219724012,-0.420433235161047,↑,→,VP_NEUTRAL,9.484353867841753,CBI_TURBULENT,COST_DISADVANTAGE,-0.16794090349269808,-0.23762204879220306,-0.4193439379116226,Stable,-0.23762204879220306,-0.844721051326556,C
00354,中软国际,2015-08-31,-14.3189,25.75,0.11433152049645776,0.6666666666666666,0.6241667676645255,T3,0.6460508945778058,-0.47668082060582007,↓,↓,VP_DECLINE_SILENT,14.619418490817187,CBI_TURBULENT,COST_DISADVANTAGE,-0.11685676235585452,-0.20033710011463446,-0.5005545759659411,Deteriorating,-0.20033710011463446,-0.556073786407767,C
00354,中软国际,2015-09-30,22.1811,18.73,-0.27065265024198265,0.5,0.4579088908809388,T3,0.4710710221250095,-0.46816050679983623,↓,↓,VP_LOCKED_CANDIDATE,20.21528548400588,CBI_TURBULENT,COST_DISADVANTAGE,-0.1208011467314819,-0.06562440296217154,-0.13901193098530407,Improving,-0.06562440296217154,1.1842552055525895,C
00354,中软国际,2015-10-31,14.2109,19.86,-0.2915172025774867,0.5,0.6278187565858798,T3,0.634999157543335,-0.5028188377793968,↓,↓,VP_LOCKED_CANDIDATE,20.818262042792405,CBI_TURBULENT,COST_DISADVANTAGE,-0.0894156238567102,-0.0648677758908045,-0.005500165366535192,Improving,-0.0648677758908045,0.7155538771399799,C
00354,中软国际,2015-11-30,6.9675,21.13,-0.29739659580095884,0.5833333333333334,0.7870623292773776,T3,0.7914716174816007,-0.1734989628968423,↓,↓,VP_LOCKED_CANDIDATE,18.520145209820793,CBI_TURBULENT,COST_NEUTRAL,-0.13858524163178632,-0.1030241259830994,0.04985837159734485,Improving,-0.1030241259830994,0.3297444391859915,C
00354,中软国际,2015-12-31,-11.3706,9.8,-0.9520867604918634,0.25,0.43362831858407086,T2,0.43514335202547705,-0.47397542598053244,↓,↓,VP_DECLINE_SILENT,29.824132985576615,CBI_TURBULENT,COST_DISADVANTAGE,-0.10214780336489271,-0.12475746762584217,-0.15377664863264706,Deteriorating,-0.12475746762584217,-1.1602653061224488,C
00354,中软国际,2016-01-31,-17.6838,11.12,-0.9207341344174008,0.25,0.6271266096437635,T2,0.6321023787602648,-0.4375797673121511,↓,↓,VP_DECLINE_SILENT,30.327472111997164,CBI_ACTIVE,COST_DISADVANTAGE,-0.0850791866081797,-0.13057173060870686,-0.3034208612530873,Deteriorating,-0.13057173060870686,-1.590269784172662,C
00354,中软国际,2016-02-29,-5.0336,6.12,-1.2806353535516444,0.08333333333333333,0.4232365145228216,T2,0.4399939921501058,-0.6981370362294927,↓,↓,VP_DECLINE_SILENT,36.64458517836053,CBI_ACTIVE,COST_DISADVANTAGE,-0.16187069540490617,-0.15519807530143215,-0.3356970639751432,Deteriorating,-0.15519807530143215,-0.8224836601307189,C
00354,中软国际,2016-03-31,10.9938,22.49,-0.30612194351762856,0.5833333333333334,1.4907202828104287,T3,1.5378681870334356,1.4070449313465083,↑↑,↑,VP_NEUTRAL,20.856386546556102,CBI_TURBULENT,COST_DISADVANTAGE,-0.12214650247651293,-0.06497508432748067,-0.06685818645607189,Stable,-0.06497508432748067,0.488830591373944,C
00354,中软国际,2016-04-30,-2.7301,12.97,-0.8355408567637517,0.3333333333333333,0.9305273227310774,T2,0.9527091474021817,0.2158699545092384,→,→,VP_NEUTRAL,29.79874774311193,CBI_TURBULENT,COST_DISADVANTAGE,-0.13698369978605673,-0.14485773957875714,-0.07794941244906628,Stable,-0.14485773957875714,-0.2104934464148034,C
00354,中软国际,2016-05-31,6.3898,7.68,-1.2572721014150656,0.16666666666666666,0.6565973211741237,T2,0.6659700596107085,0.26283963255201637,↓,↓,VP_LOCKED_CANDIDATE,36.03706208444675,CBI_ACTIVE,COST_DISADVANTAGE,-0.05089665031861046,-0.053252621973348346,-0.0150991318220981,Improving,-0.053252621973348346,0.8320052083333334,C
00354,中软国际,2016-06-30,1.1261,11.14,-0.7074106360642728,0.4166666666666667,0.9345637583892618,T2,0.9424491723084932,-0.5035164576422653,→,→,VP_NEUTRAL,28.381880763229884,CBI_TURBULENT,COST_DISADVANTAGE,-0.09949796209181383,-0.10306609604492034,-0.07810341317600067,Stable,-0.10306609604492034,0.10108617594254937,C
00354,中软国际,2016-07-31,4.0831,10.29,-0.7704174491672452,0.3333333333333333,0.8733908615079926,T2,0.8750773053479475,-0.20527910219218504,↓,↓,VP_LOCKED_CANDIDATE,33.2796063372732,CBI_ACTIVE,COST_DISADVANTAGE,-0.09211574939653466,-0.08101022421850423,-0.040461013565518233,Improving,-0.08101022421850423,0.3968027210884354,C
00354,中软国际,2016-08-31,15.8786,22.38,1.5743894682036856,0.9166666666666666,1.544335825186889,T5,1.5456328037034546,1.9174386711162978,↑↑,↑↑,VP_OVERHEAT,13.840824298033837,CBI_TURBULENT,COST_NEUTRAL,-0.08798809306020217,-0.06365891837682858,0.12379673018931459,Deteriorating,-0.06365891837682858,0.7094995531724755,C
00354,中软国际,2016-09-30,-1.218,20.51,1.0948000494350876,0.75,1.4482758620689655,T4,1.4573127423639385,0.8553661177978749,↑,↑,VP_DIVERGENCE_HIGH,19.91419143677921,CBI_TURBULENT,COST_DISADVANTAGE,-0.08224801641082025,-0.1140191686337706,-0.06755490939942965,Deteriorating,-0.1140191686337706,-0.059385665529010236,C
00354,中软国际,2016-10-31,0.9107,8.88,-0.8890365402391723,0.25,0.6587537091988132,T2,0.6729435082773131,-0.11438993095947225,↓,↓,VP_SHRINK,36.63000989321927,CBI_ACTIVE,COST_DISADVANTAGE,-0.11654929791175372,-0.09806028648893339,-0.04455996265218998,Stable,-0.09806028648893339,0.10255630630630629,C
00354,中软国际,2016-11-30,6.2987,11.49,-0.27318649017539914,0.6666666666666666,0.8140276301806588,T3,0.8264679109158203,-0.47463556387266115,↓,↓,VP_LOCKED_CANDIDATE,23.046138814222505,CBI_TURBULENT,COST_NEUTRAL,-0.02505411097360699,-0.053596659588580176,0.018676140902719185,Improving,-0.053596659588580176,0.548189730200174,C
00354,中软国际,2016-12-31,-7.2748,17.26,0.7288817498836987,0.75,1.140403039312851,T4,1.1635643422059954,-0.13623207541584115,↑,↑,VP_SELLING_ACTIVE,19.75014416444934,CBI_TURBULENT,COST_DISADVANTAGE,-0.0777654168117411,-0.14956050843963065,-0.12809441610576644,Deteriorating,-0.14956050843963065,-0.42148319814600227,C
00354,中软国际,2017-01-31,2.3995,7.28,-1.1428419492041373,0.16666666666666666,0.49749430523918,T2,0.5310920238342782,-0.12874124846455848,↓,↓,VP_LOCKED_CANDIDATE,38.90969637080783,CBI_ACTIVE,COST_DISADVANTAGE,-0.08248485446272069,-0.073963199844155,-0.10178465195687592,Improving,-0.073963199844155,0.32960164835164835,C
00354,中软国际,2017-02-28,2.6517,11.69,-0.39133252135150937,0.5833333333333334,0.9096096485540137,T3,0.9688150783039865,0.10288897596510793,→,→,VP_STABLE_ASCENT,26.504073030940248,CBI_TURBULENT,COST_DISADVANTAGE,-0.11375079704448277,-0.11255399916776787,-0.0833678170526525,Improving,-0.11255399916776787,0.2268349016253208,C
00354,中软国际,2017-03-31,18.2648,26.54,2.8384007255149046,1.0,1.9153235506374788,T5,1.9806247021952674,0.6458635870797611,↑↑,↑↑,VP_OVERHEAT,11.606288372161584,CBI_TURBULENT,COST_NEUTRAL,-0.06381116345462567,-0.03006796339460216,0.013051301838509,Deteriorating,-0.03006796339460216,0.6881989449886964,C
00354,中软国际,2017-04-30,4.3124,13.72,-0.06170047489735942,0.6666666666666666,0.9356671970902478,T3,0.9612101345352063,0.9194475437964229,→,→,VP_STABLE_ASCENT,22.312172510287603,CBI_TURBULENT,COST_NEUTRAL,-0.060034825112618706,-0.03726701470546023,0.06438836105329848,Improving,-0.03726701470546023,0.31431486880466475,C
00354,中软国际,2017-05-31,-11.3595,10.88,-0.6411906692063654,0.3333333333333333,0.7471672198695204,T2,0.7610555878485887,-0.06575003853157313,↓,↓,VP_DECLINE_SILENT,33.57527027047956,CBI_ACTIVE,COST_DISADVANTAGE,-0.0950068214130737,-0.12065003470194857,-0.05001994233966067,Deteriorating,-0.12065003470194857,-1.0440716911764705,C
00354,中软国际,2017-06-30,-1.544,10.59,-0.6847649081611229,0.3333333333333333,0.787360594795539,T2,0.7907613705277633,-0.5988755754894621,↓,↓,VP_DECLINE_SILENT,34.38108199993676,CBI_ACTIVE,COST_DISADVANTAGE,-0.0813403044191724,-0.10139334662876154,-0.13258409235147262,Deteriorating,-0.10139334662876154,-0.14579792256846083,C
00354,中软国际,2017-07-31,3.9205,13.37,-0.21880492544901353,0.5833333333333334,0.9243000345661941,T3,0.9264107693765868,-0.023747043696756176,→,→,VP_STABLE_ASCENT,25.41857744363495,CBI_TURBULENT,COST_DISADVANTAGE,-0.09334388548039008,-0.065545534352211,-0.09857667307617757,Improving,-0.065545534352211,0.2932311144353029,C
00354,中软国际,2017-08-31,-3.0257,10.57,-0.6107368813627432,0.25,0.7402824792809618,T2,0.7418490255125101,-0.028563409268499096,↓,↓,VP_DECLINE_SILENT,36.69898392661606,CBI_ACTIVE,COST_DISADVANTAGE,-0.08934199182149272,-0.0897871834895424,-0.12804976978143334,Deteriorating,-0.0897871834895424,-0.28625354777672657,C
00354,中软国际,2017-09-30,4.4202,15.08,0.43164747035060963,0.8333333333333334,1.219242689664466,T3,1.2191325641205653,0.4233421628084746,↑,↑,VP_EXPANSION,18.99900621850322,CBI_TURBULENT,COST_DISADVANTAGE,-0.0658204782702888,-0.09588393903398351,-0.07018677386356742,Improving,-0.09588393903398351,0.2931167108753316,C
00354,中软国际,2017-10-31,5.2161,12.12,-0.28512468007526875,0.5833333333333334,1.001514942845338,T3,1.0010310521038523,-0.09398933056166237,→,→,VP_STABLE_ASCENT,27.69484978710634,CBI_TURBULENT,COST_DISADVANTAGE,-0.06616902937224522,-0.07295150875609147,-0.019250790360077596,Improving,-0.07295150875609147,0.4303712871287129,C
00354,中软国际,2017-11-30,11.8036,18.28,0.9824280534298676,0.9166666666666666,1.3708286464191977,T4,1.3697718127451703,0.7269174105505187,↑,↑,VP_EXPANSION,15.743148658434013,CBI_TURBULENT,COST_NEUTRAL,-0.07064470887812468,-0.027800383970167042,0.09651280851149013,Stable,-0.027800383970167042,0.6457111597374179,C
00354,中软国际,2017-12-31,3.6124,10.24,-0.6968284052445386,0.16666666666666666,0.7712779312076325,T2,0.7713666967114531,-0.3208910556026302,↓,↓,VP_LOCKED_CANDIDATE,39.89105881050979,CBI_ACTIVE,COST_NEUTRAL,-0.04256026658135037,-0.0023282917846877416,0.018945545882650627,Improving,-0.0023282917846877416,0.3527734375,C
00354,中软国际,2018-01-31,5.8991,11.39,-0.5486084878684183,0.4166666666666667,0.8797631307929971,T2,0.8800519874349345,-0.05982783123555635,↓,↓,VP_LOCKED_CANDIDATE,32.34970581096324,CBI_ACTIVE,COST_NEUTRAL,-0.07983009507823324,-0.05354093115565872,0.08790617552606217,Improving,-0.05354093115565872,0.5179192273924494,C
00354,中软国际,2018-02-28,3.827,9.72,-0.9025938432169995,0.08333333333333333,0.7590784849668099,T2,0.7593270525727523,-0.4677652865418418,↓,↓,VP_LOCKED_CANDIDATE,42.31147857329026,CBI_ACTIVE,COST_ADVANTAGE,-0.032889310038677344,0.03165926188711876,0.13387992862166986,Improving,0.03165926188711876,0.39372427983539093,C
00354,中软国际,2018-03-31,24.8793,23.8,4.6596274209353155,1.0,1.6691992986557567,T5,1.6691772986642552,1.3236090146494157,↑↑,↑↑,VP_OVERHEAT,11.973419366169873,CBI_TURBULENT,COST_ADVANTAGE,-0.02382296012635332,0.0355786070232067,0.12564944776524167,Deteriorating,0.0355786070232067,1.0453487394957983,C
00354,中软国际,2018-04-30,-17.7984,23.74,2.543992143789336,0.9166666666666666,1.465884532263044,T5,1.4670648456420956,1.0855980944836547,↑,↑,VP_SELLING_ACTIVE,12.465440644489206,CBI_TURBULENT,COST_DISADVANTAGE,-0.04162962377274115,-0.15315836597261545,-0.08020080807050722,Deteriorating,-0.15315836597261545,-0.7497219882055604,C
00354,中软国际,2018-05-31,13.6675,17.25,0.5611110530380532,0.75,1.076555023923445,T4,1.0861000031382706,0.794072782715209,→,→,VP_STABLE_ASCENT,17.89476096014187,CBI_TURBULENT,COST_NEUTRAL,-0.08231650525011691,-0.020129755990673348,0.0550244006411067,Stable,-0.020129755990673348,0.7923188405797101,C
00354,中软国际,2018-06-30,-6.8756,12.66,-0.48825436823654494,0.5,0.770698051948052,T3,0.7758711383981406,-0.46253582727975007,↓,↓,VP_DECLINE_SILENT,25.812786231673144,CBI_TURBULENT,COST_DISADVANTAGE,-0.00953119478376141,-0.08850412880954572,-0.09676608875930859,Deteriorating,-0.08850412880954572,-0.5430963665086888,C
00354,中软国际,2018-07-31,2.4587,8.8,-1.256576117308707,0.08333333333333333,0.5501719287277275,T2,0.5532524919766854,-0.6259121160428138,↓,↓,VP_LOCKED_CANDIDATE,39.06199898030381,CBI_ACTIVE,COST_DISADVANTAGE,-0.09331779796814677,-0.05492768138410309,-0.09521520635676628,Improving,-0.05492768138410309,0.2793977272727272,C
00354,中软国际,2018-08-31,-9.0847,15.82,0.19535475700207125,0.6666666666666666,0.9299500342901931,T3,0.9345287451672766,-0.08317687056906675,→,→,VP_NEUTRAL,20.05887831638493,CBI_TURBULENT,COST_DISADVANTAGE,-0.05920471008596373,-0.07968377333841015,-0.17741197369151318,Stable,-0.07968377333841015,-0.5742541087231352,C
00354,中软国际,2018-09-30,-7.1644,7.64,-1.4224454338569277,0.08333333333333333,0.5335816552205797,T2,0.5352363580788381,-0.3959811680863997,↓,↓,VP_DECLINE_SILENT,39.22908515588801,CBI_ACTIVE,COST_DISADVANTAGE,-0.04473316943457584,-0.030642839233051777,-0.13810719356448065,Deteriorating,-0.030642839233051777,-0.9377486910994765,C
00354,中软国际,2018-10-31,-14.5014,12.45,-0.37215080992782584,0.5,1.0010720986330741,T3,1.0012916578133793,0.41601278996008695,→,→,VP_NEUTRAL,25.974243242393563,CBI_TURBULENT,COST_NEUTRAL,-0.022768534560160147,-0.01338921976155849,-0.2466314705730147,Stable,-0.01338921976155849,-1.1647710843373495,C
00354,中软国际,2018-11-30,-1.1484,8.41,-1.0351061082001392,0.16666666666666666,0.7671024627546367,T2,0.7674355080844,-0.46821563721464043,↓,↓,VP_SHRINK,37.085813408967105,CBI_ACTIVE,COST_DISADVANTAGE,-0.050573169214475855,-0.07600972028918496,-0.2466314705730147,Stable,-0.07600972028918496,-0.13655172413793104,C
00354,中软国际,2018-12-31,-20.9067,13.36,-0.07806234861896781,0.6666666666666666,1.2057761732851986,T3,1.2084319376507242,0.7530014105967724,↑,↑,VP_SELLING_ACTIVE,20.847365322983,CBI_TURBULENT,COST_DISADVANTAGE,-0.048653582410334795,-0.10941935547558623,-0.16558383707340385,Deteriorating,-0.10941935547558623,-1.5648727544910181,C
00354,中软国际,2019-01-31,-1.113,18.47,0.8263914704768107,0.8333333333333334,1.4552856204858828,T4,1.471875738175429,0.506852860992747,↑,↑,VP_DIVERGENCE_HIGH,15.471330219006717,CBI_TURBULENT,COST_DISADVANTAGE,-0.05515379265036846,-0.04246761318927239,-0.1748706057203332,Deteriorating,-0.04246761318927239,-0.06025988088792637,C
00354,中软国际,2019-02-28,24.4237,19.89,0.9479470944848425,0.8333333333333334,1.4876589379207181,T4,1.499134140755102,1.4019312419224068,↑,↑,VP_EXPANSION,14.710610589088795,CBI_TURBULENT,COST_NEUTRAL,0.023517739712129337,0.001699510461591336,0.05265522612943441,Stable,0.001699510461591336,1.227938662644545,C
00354,中软国际,2019-03-31,-0.2191,19.93,1.125160248820797,0.9166666666666666,1.2926170143768243,T4,1.2992609653147538,0.5108553863646446,↑,↑,VP_DIVERGENCE_HIGH,12.472013531346075,CBI_TURBULENT,COST_NEUTRAL,-0.03123695241483926,-0.06355988670269963,0.038949485456218014,Deteriorating,-0.06355988670269963,-0.010993477170095333,C
00354,中软国际,2019-04-30,-8.9442,10.39,-0.846399469600125,0.3333333333333333,0.6892205638474297,T2,0.7105761866245396,-0.4199166459479252,↓,↓,VP_DECLINE_SILENT,32.745547151465985,CBI_ACTIVE,COST_DISADVANTAGE,-0.08416523026232248,-0.12616436089507588,-0.04774370832361574,Deteriorating,-0.12616436089507588,-0.860846968238691,C
00354,中软国际,2019-05-31,-15.8402,15.24,0.4163081606311535,0.6666666666666666,0.9399671052631579,T3,0.9635604391791922,-0.20949839990148134,→,→,VP_NEUTRAL,21.658810092578303,CBI_TURBULENT,COST_DISADVANTAGE,-0.06478431147847785,-0.08580311323906864,-0.20242261722552968,Stable,-0.08580311323906864,-1.0393832020997376,C
00354,中软国际,2019-06-30,1.1344,9.82,-0.8858033452823021,0.3333333333333333,0.6285470450181353,T2,0.6417277588408424,-0.4907371944612774,↓,↓,VP_SHRINK,33.0853940381145,CBI_ACTIVE,COST_DISADVANTAGE,-0.04237011366587695,-0.04522489541182462,-0.12562277384374276,Stable,-0.04522489541182462,0.11551934826883911,C
00354,中软国际,2019-07-31,-6.3678,8.56,-1.2235523732239695,0.25,0.6126684957652393,T2,0.6233888592690541,-0.17322155164776765,↓,↓,VP_DECLINE_SILENT,36.0177247874171,CBI_ACTIVE,COST_DISADVANTAGE,-0.07001857117338994,-0.07426229829168873,-0.09865095811822722,Deteriorating,-0.07426229829168873,-0.7439018691588785,C
00354,中软国际,2019-08-31,-18.7704,11.42,-0.3793170813879614,0.5,0.9092356687898089,T3,0.9157989427886877,-0.2511754791135472,→,→,VP_NEUTRAL,29.17150066777617,CBI_TURBULENT,COST_DISADVANTAGE,-0.0865370132899892,-0.14469183912249284,-0.2678378022146426,Stable,-0.14469183912249284,-1.6436427320490368,C
00354,中软国际,2019-09-30,6.6979,11.28,-0.5234963499222747,0.4166666666666667,1.0145405486433816,T2,1.0135673823619809,0.14620205322800128,→,→,VP_STABLE_ASCENT,31.499422508286198,CBI_ACTIVE,COST_DISADVANTAGE,-0.12649166709004245,-0.1200201643347455,-0.13176334446051097,Improving,-0.1200201643347455,0.5937854609929079,C
00354,中软国际,2019-10-31,-0.3209,7.62,-1.3682279808061935,0.08333333333333333,0.7150453550203316,T2,0.7144278808577393,-0.11295008998152967,↓,↓,VP_SHRINK,42.36920411655032,CBI_ACTIVE,COST_DISADVANTAGE,-0.0857700110171391,-0.09273140870679308,-0.15356464152364946,Stable,-0.09273140870679308,-0.04211286089238846,C
00354,中软国际,2019-11-30,11.6656,13.31,0.009149462206927857,0.5833333333333334,1.2878567972907597,T3,1.2857707458991616,0.16439373306772143,↑,↑,VP_EXPANSION,26.58560135910072,CBI_TURBULENT,COST_DISADVANTAGE,-0.09025182206828886,-0.07135938555839805,-0.06090912900531098,Improving,-0.07135938555839805,0.8764537941397444,C
00354,中软国际,2019-12-31,18.6997,22.08,2.062918650829586,1.0,1.7837619496431938,T5,1.7835529850362544,0.9578436601041433,↑↑,↑↑,VP_OVERHEAT,10.875828951363298,CBI_TURBULENT,COST_NEUTRAL,-0.06102921308312381,-0.037889294706681564,0.04282616145524032,Deteriorating,-0.037889294706681564,0.8469067028985507,C
00354,中软国际,2020-01-31,3.8314,16.96,0.7056529293379059,0.75,1.2309181081408012,T4,1.231822761504863,1.2272299084986171,↑,↑,VP_EXPANSION,18.671542635508878,CBI_TURBULENT,COST_NEUTRAL,-0.07897814618991217,-0.10934321251862378,0.09590262628936541,Stable,-0.10934321251862378,0.2259080188679245,C
00354,中软国际,2020-02-29,4.6447,22.14,1.9653897132640283,1.0,1.4224221008673308,T5,1.4565495425759325,0.7179293380316918,↑,↑,VP_EXPANSION,9.80136576487423,CBI_TURBULENT,COST_NEUTRAL,-0.09423520441663724,-0.13758160265438368,0.13886928829794298,Stable,-0.13758160265438368,0.20978771454381212,C
00354,中软国际,2020-03-31,-16.0142,23.99,2.173791082012005,1.0,1.3566446748350611,T5,1.3811360456304949,0.12136859933205724,↑,↑,VP_SELLING_ACTIVE,8.82168792386658,CBI_TURBULENT,COST_DISADVANTAGE,-0.019974083035853685,-0.07451438350433026,-0.1952502516162643,Deteriorating,-0.07451438350433026,-0.6675364735306377,C
00354,中软国际,2020-04-30,3.7982,7.54,-1.3044387143599834,0.08333333333333333,0.42671194114318056,T2,0.43313547257036794,-0.5417754442016904,↓,↓,VP_LOCKED_CANDIDATE,38.534028782341174,CBI_ACTIVE,COST_DISADVANTAGE,-0.09146179001158972,-0.08846376822476698,-0.18459413736330166,Improving,-0.08846376822476698,0.5037400530503979,C
00354,中软国际,2020-05-31,-4.7796,19.86,0.9806121120455129,0.75,1.0585413520476148,T4,1.0696455296788039,-0.10303650843257117,→,→,VP_NEUTRAL,16.14983027195662,CBI_TURBULENT,COST_DISADVANTAGE,-0.07922953289598977,-0.1826251983124424,-0.23574348577752213,Stable,-0.1826251983124424,-0.24066465256797584,C
00354,中软国际,2020-06-30,9.3801,15.76,0.13122037836999595,0.5833333333333334,0.8899764705882354,T3,0.8942091714669017,-0.3433700006655984,↓,↓,VP_LOCKED_CANDIDATE,22.06846898880072,CBI_TURBULENT,COST_DISADVANTAGE,-0.09403409136296659,-0.06492413599302138,-0.07457588807392201,Improving,-0.06492413599302138,0.5951840101522843,C
00354,中软国际,2020-07-31,42.5907,40.19,4.383778675618693,1.0,1.8623725671918443,T5,1.8632010929976885,4.3355025053823155,↑↑,↑↑,VP_OVERHEAT,6.185386423104059,CBI_TURBULENT,COST_ADVANTAGE,-0.0033801852964955303,0.027273146412498894,0.3129512600997366,Deteriorating,0.027273146412498894,1.0597337646180642,C
00354,中软国际,2020-08-31,-7.2336,16.75,-0.16990780015628318,0.5,0.8098960431944555,T3,0.8343837228596213,-0.12659675727568354,↓,↓,VP_DECLINE_SILENT,22.787710929905963,CBI_TURBULENT,COST_NEUTRAL,-0.03668447094309202,-0.05937887156993138,0.2201303862856867,Deteriorating,-0.05937887156993138,-0.43185671641791046,C
00354,中软国际,2020-09-30,1.5186,16.6,-0.25060406012764974,0.4166666666666667,0.853470437017995,T3,0.8753096685040386,0.09156558641480483,↓,↓,VP_LOCKED_CANDIDATE,26.13222638616639,CBI_TURBULENT,COST_DISADVANTAGE,-0.0615718152952246,-0.05538743097171106,-0.0385145340054337,Improving,-0.05538743097171106,0.09148192771084336,C
00354,中软国际,2020-10-31,-0.9263,16.84,-0.3462507288455568,0.5,0.8019047619047619,T3,0.8199106953975467,-0.5655840456923535,↓,↓,VP_SHRINK,23.550605748276446,CBI_TURBULENT,COST_DISADVANTAGE,-0.07622607916655244,-0.08244444821895414,-0.0385145340054337,Stable,-0.08244444821895414,-0.05500593824228028,C
00354,中软国际,2020-11-30,49.1773,27.37,0.9763336512648219,0.9166666666666666,1.2300202232042545,T4,1.2500274926262112,0.6386694625069131,↑,↑,VP_EXPANSION,9.454871283455628,CBI_TURBULENT,COST_ADVANTAGE,0.04278053179770147,0.11256645064466042,0.4343176977757386,Stable,0.11256645064466042,1.796759225429302,C
00354,中软国际,2020-12-31,3.5767,17.82,-0.3198693481247738,0.5833333333333334,0.7886700597477319,T3,0.8235631716691159,0.11588700451999401,↓,↓,VP_LOCKED_CANDIDATE,20.38313480803201,CBI_TURBULENT,COST_ADVANTAGE,0.09959233104696619,0.06416763845488749,0.19576981360354528,Improving,0.06416763845488749,0.20071268237934906,C
00354,中软国际,2021-01-31,9.407,22.82,0.3001831857025446,0.75,1.1583756345177665,T3,1.213732212441865,0.44613834847791445,↑,↑,VP_EXPANSION,15.459092995309668,CBI_TURBULENT,COST_NEUTRAL,-0.07831555160486725,-0.005447308512421367,0.30825589990347413,Improving,-0.005447308512421367,0.41222611744084137,C
00354,中软国际,2021-02-28,-14.0116,14.31,-0.7802434062560599,0.16666666666666666,0.741706979958535,T2,0.7708004932959898,-0.4421579217250109,↓,↓,VP_DECLINE_SILENT,34.308936102224195,CBI_ACTIVE,COST_NEUTRAL,-0.09124276789560193,-0.16202319920504615,0.13596708417826675,Deteriorating,-0.16202319920504615,-0.9791474493361285,C
00354,中软国际,2021-03-31,0.2473,13.81,-0.7232035029292473,0.16666666666666666,0.7334690625829867,T2,0.7552458643199175,-0.20327970325653366,↓,↓,VP_SHRINK,34.12337823878691,CBI_ACTIVE,COST_NEUTRAL,0.07064329749391751,0.04522902839769949,-0.09063268879419928,Stable,0.04522902839769949,0.017907313540912382,C
00354,中软国际,2021-04-30,3.0347,8.18,-1.633415613761571,0.08333333333333333,0.47052056370434275,T1,0.48113667581395403,-0.6410401053757637,↓,↓,VP_LOCKED_CANDIDATE,36.89662593628414,CBI_ACTIVE,COST_DISADVANTAGE,-0.052159144772259025,-0.030330766073303428,-0.04801310588124874,Improving,-0.030330766073303428,0.37099022004889975,C
00354,中软国际,2021-05-31,16.2821,8.77,-1.2746995493979083,0.16666666666666666,0.6139306965348267,T2,0.6184938688378779,-0.3861429478684655,↓,↓,VP_LOCKED_CANDIDATE,34.73813929621484,CBI_ACTIVE,COST_ADVANTAGE,0.009420907688548308,0.07111322082988059,0.0965570056313656,Improving,0.07111322082988059,1.8565678449258838,C
00354,中软国际,2021-06-30,41.3919,48.08,3.4297429415616674,1.0,2.4875398810037077,T5,2.486854784224955,2.481304768949442,↑↑,↑↑,VP_OVERHEAT,5.782502628007467,CBI_TURBULENT,COST_ADVANTAGE,0.02154787606774944,0.096164824495661,0.188024670088498,Deteriorating,0.096164824495661,0.8608964226289517,C
00354,中软国际,2021-07-31,-1.2971,28.38,0.8713426396448596,0.9166666666666666,1.4011355220933104,T4,1.400664583964692,2.465037482658531,↑,↑,VP_DIVERGENCE_HIGH,9.048086540583995,CBI_TURBULENT,COST_NEUTRAL,0.05040562862704956,-0.021785362456746116,0.16756647099104227,Deteriorating,-0.021785362456746116,-0.04570472163495419,C
00354,中软国际,2021-08-31,-5.9519,23.3,0.28047703242240973,0.75,1.0711002145265096,T3,1.0705245361873275,1.650160835426366,→,→,VP_NEUTRAL,14.455404497299295,CBI_TURBULENT,COST_NEUTRAL,-0.030661812259957788,-0.0734354654330659,0.10448702377388752,Stable,-0.0734354654330659,-0.2554463519313305,C
00354,中软国际,2021-09-30,3.3595,14.27,-0.6140583175729127,0.3333333333333333,0.6536875858909758,T2,0.6537212865801103,-0.70314057578594,↓,↓,VP_LOCKED_CANDIDATE,28.18713563605612,CBI_TURBULENT,COST_NEUTRAL,0.012247505443299112,0.00024011468098228406,-0.02571406921900421,Improving,0.00024011468098228406,0.2354239663629993,C
00354,中软国际,2021-10-31,-4.1926,13.99,-0.6119723156735716,0.3333333333333333,0.6136413480517582,T2,0.6285400084568005,-0.49360785035625554,↓,↓,VP_DECLINE_SILENT,28.11921368494509,CBI_TURBULENT,COST_NEUTRAL,-0.030879517158474146,0.019422603799611915,-0.0789734020680799,Deteriorating,0.019422603799611915,-0.2996854896354539,C
00354,中软国际,2021-11-30,1.5802,8.07,-1.0513757823789875,0.08333333333333333,0.3557939598794915,T2,0.3735534621928101,-0.6340047952115551,↓,↓,VP_LOCKED_CANDIDATE,36.54763058812538,CBI_ACTIVE,COST_NEUTRAL,-0.0022140619601920264,-0.007884812149639209,-0.07465507778301983,Improving,-0.007884812149639209,0.19581164807930607,C
00354,中软国际,2021-12-31,-22.9511,12.94,-0.4963517372485282,0.3333333333333333,0.7690936106983656,T3,0.7995764161772062,-0.04302264333761596,↓,↓,VP_DECLINE_SILENT,28.961399030434322,CBI_TURBULENT,COST_DISADVANTAGE,-0.01424306136673048,-0.09208843169338976,-0.17514060329483128,Deteriorating,-0.09208843169338976,-1.7736553323029367,C
00354,中软国际,2022-01-31,-24.6567,16.2,-0.12784048861483008,0.75,1.0949645150388645,T3,1.1253885192848825,0.1907141750041832,↑,→,VP_NEUTRAL,15.30387089354101,CBI_TURBULENT,COST_DISADVANTAGE,-0.07542231866091531,-0.12545468152260086,-0.37602213092153025,Stable,-0.12545468152260086,-1.5220185185185187,C
00354,中软国际,2022-02-28,-8.514,6.44,-1.0096071312018235,0.08333333333333333,0.5373383395911556,T2,0.5493441582174996,-0.19675056599221286,↓,↓,VP_DECLINE_SILENT,37.513744060547154,CBI_ACTIVE,COST_DISADVANTAGE,-0.05753773149237973,-0.09998819036040085,-0.429147824178178,Deteriorating,-0.09998819036040085,-1.3220496894409937,C
00354,中软国际,2022-03-31,-9.266,13.94,-0.27416660565765266,0.5,1.16848281642917,T3,1.1833876803065626,0.08846201426455158,↑,↑,VP_SELLING_ACTIVE,23.45540607270984,CBI_TURBULENT,COST_DISADVANTAGE,-0.07874500533681539,-0.022840104372742087,-0.1744769707195447,Deteriorating,-0.022840104372742087,-0.6647058823529411,C
00354,中软国际,2022-04-30,1.4641,8.72,-0.7844431749200704,0.25,0.789021263761122,T2,0.7922055684869486,-0.457632777925305,↓,↓,VP_SHRINK,31.625945565702285,CBI_ACTIVE,COST_NEUTRAL,0.02894610338441672,0.00217806008642607,-0.17842873246813473,Stable,0.00217806008642607,0.16790137614678896,C
00354,中软国际,2022-05-31,15.2862,8.52,-0.8013228928637911,0.25,0.7657279808268423,T2,0.7645789060319593,0.31736189119169533,↓,↓,VP_LOCKED_CANDIDATE,31.260533316693504,CBI_ACTIVE,COST_NEUTRAL,0.013593292057758388,0.06362605320003323,-0.07410222230535823,Improving,0.06362605320003323,1.7941549295774648,C
00354,中软国际,2022-06-30,11.2073,11.01,-0.47869480916528484,0.4166666666666667,1.018972697825081,T3,1.01400026036944,-0.21856305100122508,→,→,VP_STABLE_ASCENT,27.722397983540816,CBI_TURBULENT,COST_ADVANTAGE,0.08357534655126164,0.04636560404002221,0.14739423193342138,Improving,0.04636560404002221,1.0179200726612172,C
00354,中软国际,2022-07-31,-16.6262,7.03,-1.2030580904616397,0.16666666666666666,0.757815307222422,T2,0.7553474475530955,-0.19872878819354756,↓,↓,VP_DECLINE_SILENT,37.36692982753212,CBI_ACTIVE,COST_DISADVANTAGE,-0.09360203245229759,-0.13751951999868206,-0.04581413471438023,Deteriorating,-0.13751951999868206,-2.3650355618776673,C
00354,中软国际,2022-08-31,-8.424,8.51,-0.7718541357137985,0.3333333333333333,0.8844621513944222,T2,0.8829342264964802,-0.0010428749404207682,↓,↓,VP_DECLINE_SILENT,33.60191494256285,CBI_ACTIVE,COST_DISADVANTAGE,-0.07876730394304432,-0.11082617166561104,-0.12485392107029902,Deteriorating,-0.11082617166561104,-0.9898942420681551,C
00354,中软国际,2022-09-30,-21.3596,7.07,-1.0899073599689972,0.25,0.8340542666142352,T2,0.8320830019779806,-0.3574245915727343,↓,↓,VP_DECLINE_SILENT,36.60999004454955,CBI_ACTIVE,COST_DISADVANTAGE,-0.09657702317477712,-0.16723202061613263,-0.2996133308339265,Deteriorating,-0.16723202061613263,-3.0211598302687412,C
00354,中软国际,2022-10-31,6.5971,6.06,-1.2399539923067917,0.08333333333333333,0.754356846473029,T2,0.7460360111852681,-0.14931912331716968,↓,↓,VP_LOCKED_CANDIDATE,42.02654406613093,CBI_ACTIVE,COST_DISADVANTAGE,-0.06931469162985882,-0.046695800268717336,-0.24375149259476991,Improving,-0.046695800268717336,1.0886303630363037,C
00354,中软国际,2022-11-30,26.5278,16.25,2.040834157708985,1.0,1.743250491686036,T5,1.7290770413812262,0.880569748714034,↑↑,↑↑,VP_OVERHEAT,10.78128801915509,CBI_TURBULENT,COST_NEUTRAL,0.01071809476347374,0.013679775192960486,-0.027853036697489286,Deteriorating,0.013679775192960486,1.63248,C
00354,中软国际,2022-12-31,0.1518,11.06,0.2975068317597079,0.75,1.1854233654876742,T3,1.1802483406346873,0.547721680326817,↑,↑,VP_DIVERGENCE_HIGH,19.487215255255716,CBI_TURBULENT,COST_NEUTRAL,-0.03558249291711579,-0.03712874963332691,0.0443042100106279,Deteriorating,-0.03712874963332691,0.013725135623869799,C
00354,中软国际,2023-01-31,1.2123,12.36,0.9192218042194266,0.8333333333333334,1.2095906051215135,T4,1.2026128633706425,1.0329567983826258,↑,↑,VP_DIVERGENCE_HIGH,17.6636136145506,CBI_TURBULENT,COST_NEUTRAL,-0.07251926946267218,-0.05791046277816059,0.056964361063946534,Deteriorating,-0.05791046277816059,0.09808252427184466,C
00354,中软国际,2023-02-28,-18.8088,14.0,1.3025402172008433,0.9166666666666666,1.25748502994012,T4,1.2546775409915694,-0.13946273938350018,↑,↑,VP_SELLING_ACTIVE,14.971360211637524,CBI_TURBULENT,COST_DISADVANTAGE,-0.07901589166610667,-0.11969012727555672,-0.13926798026249354,Deteriorating,-0.11969012727555672,-1.3434857142857144,C
00354,中软国际,2023-03-31,-13.251,28.99,6.2270809555133795,1.0,1.9605500450856626,T5,1.9585026674658081,1.6115963497526784,↑↑,↑↑,VP_PANIC,9.03504934812043,CBI_TURBULENT,COST_DISADVANTAGE,-0.13043905664090538,-0.13348541303769557,-0.20805011617613534,Deteriorating,-0.13348541303769557,-0.45708865125905485,C
00354,中软国际,2023-04-30,3.5059,14.79,0.4676356749370144,0.8333333333333334,0.910620831195485,T3,0.9109416924903356,0.19864376254293314,→,→,VP_STABLE_ASCENT,14.964771434347323,CBI_TURBULENT,COST_DISADVANTAGE,-0.02873930489483778,-0.04163188169489984,-0.16827862169659402,Improving,-0.04163188169489984,0.2370453008789723,C
00354,中软国际,2023-05-31,-12.3312,10.55,-0.3121559612825031,0.4166666666666667,0.6899182561307903,T3,0.6902846238905386,-0.24588527213477984,↓,↓,VP_DECLINE_SILENT,30.087124799838428,CBI_ACTIVE,COST_DISADVANTAGE,-0.06790433865104328,-0.09032155430760846,-0.25776448427556187,Deteriorating,-0.09032155430760846,-1.1688341232227488,C
00354,中软国际,2023-06-30,8.0424,8.38,-0.6576008505155386,0.3333333333333333,0.5644998315931291,T2,0.5632265949556522,-0.7115143047369261,↓,↓,VP_LOCKED_CANDIDATE,32.235632029593134,CBI_ACTIVE,COST_DISADVANTAGE,-0.03199415448030618,-0.04761196955826286,-0.0575796847690887,Improving,-0.04761196955826286,0.9597136038186157,C
00354,中软国际,2023-07-31,-2.2746,7.78,-0.787418543473289,0.25,0.5524914191028525,T2,0.5459237917155062,-0.4813523621224177,↓,↓,VP_DECLINE_SILENT,34.82881437853721,CBI_ACTIVE,COST_NEUTRAL,0.055449972531242286,0.0007880874487491418,-0.07133477694301782,Deteriorating,0.0007880874487491418,-0.2923650385604113,C
00354,中软国际,2023-08-31,6.2946,11.47,-0.1656682320748946,0.5833333333333334,0.8396778916544657,T3,0.8279226726771204,0.06681759863216952,↓,↓,VP_LOCKED_CANDIDATE,24.124067203543653,CBI_TURBULENT,COST_NEUTRAL,0.03585942508500972,0.06621660865535794,-0.004524329241076597,Improving,0.06621660865535794,0.5487881429816913,C
00354,中软国际,2023-09-30,7.501,13.29,0.06964241786205821,0.6666666666666666,1.203440990039239,T3,1.1914478054658748,0.5610257514939923,↑,↑,VP_EXPANSION,21.72189825424176,CBI_TURBULENT,COST_NEUTRAL,-0.025823435160485242,-0.046071912507030244,0.06056320009437588,Improving,-0.046071912507030244,0.5644093303235516,C
00354,中软国际,2023-10-31,2.0273,8.85,-0.8579528140585858,0.25,0.8803050397877984,T2,0.8694784506222748,0.1238174154457512,↓,↓,VP_LOCKED_CANDIDATE,35.208728132843966,CBI_ACTIVE,COST_NEUTRAL,-0.04465757612085375,-0.06261902089005111,0.07808995147309306,Improving,-0.06261902089005111,0.22907344632768362,C
00354,中软国际,2023-11-30,17.3648,17.7,0.8720245586816253,0.9166666666666666,1.5740329035126723,T4,1.564076530006518,0.5329848427677859,↑↑,↑↑,VP_OVERHEAT,12.704318914347969,CBI_TURBULENT,COST_ADVANTAGE,-0.009715741533711575,0.028708737327444833,0.27672646709855453,Deteriorating,0.028708737327444833,0.9810621468926554,C
00354,中软国际,2023-12-31,-10.1289,11.46,-0.35405270647022363,0.4166666666666667,0.97462792345854,T3,0.9665345602195374,-0.14813475087279881,→,→,VP_NEUTRAL,29.246387796599098,CBI_TURBULENT,COST_DISADVANTAGE,-0.004451288462224645,-0.03863408417845815,-0.052354425894186596,Stable,-0.03863408417845815,-0.883848167539267,C
00354,中软国际,2024-01-31,-26.2978,16.24,0.5007946792168299,0.8333333333333334,1.2332616124541196,T4,1.2287074723527265,0.8304756548235674,↑,↑,VP_SELLING_ACTIVE,15.238862706797121,CBI_TURBULENT,COST_DISADVANTAGE,-0.13365909858726144,-0.1627547979610986,-0.30156449831955423,Deteriorating,-0.1627547979610986,-1.6193226600985222,C
00354,中软国际,2024-02-29,14.7943,18.45,0.8444119953578574,0.9166666666666666,1.2873589952320035,T4,1.2741596264816608,0.02814830878441099,↑,↑,VP_EXPANSION,12.274787011593833,CBI_TURBULENT,COST_NEUTRAL,0.022534706045231223,0.013244718411487,-0.1963784287893665,Stable,0.013244718411487,0.801859078590786,C
00354,中软国际,2024-03-31,-8.5726,16.71,1.1403419939287511,0.8333333333333334,1.1213510792976178,T4,1.112878670829296,0.4455075490382605,↑,↑,VP_SELLING_ACTIVE,16.924704637183563,CBI_TURBULENT,COST_DISADVANTAGE,-0.030604986341752127,-0.11632978966113139,-0.09642230717373801,Deteriorating,-0.11632978966113139,-0.5130221424296828,C
00354,中软国际,2024-04-30,-0.6457,13.92,0.29908328119175154,0.6666666666666666,0.8839966130397967,T3,0.8739115333761476,-0.15798261269464486,↓,↓,VP_SHRINK,22.56300185025377,CBI_TURBULENT,COST_NEUTRAL,-0.014921755498257139,-0.008512627511052195,-0.09051141951896546,Stable,-0.008512627511052195,-0.04638649425287357,C
00354,中软国际,2024-05-31,-13.7157,17.13,1.0972969130544075,0.8333333333333334,1.0944521350228942,T4,1.0713040538183254,-0.0937295187173256,→,→,VP_NEUTRAL,17.125276405974997,CBI_TURBULENT,COST_DISADVANTAGE,-0.04945181959722711,-0.13456905767491567,-0.22035391833547358,Stable,-0.13456905767491567,-0.8006830122591945,C
00354,中软国际,2024-06-30,2.2687,14.29,0.10908074496697606,0.5833333333333334,0.8862931569154435,T3,0.8662014736804613,-0.17038560914247503,↓,↓,VP_LOCKED_CANDIDATE,25.855223964575657,CBI_TURBULENT,COST_DISADVANTAGE,-0.01442128368895279,-0.031040237481517963,-0.0940141533057256,Improving,-0.031040237481517963,0.15876137158852344,C
00354,中软国际,2024-07-31,-7.3946,12.77,-0.5957370988874902,0.3333333333333333,0.8214860083628176,T2,0.8009063765483225,-0.11330520375902553,↓,↓,VP_DECLINE_SILENT,35.62743762045566,CBI_ACTIVE,COST_DISADVANTAGE,-0.04442980612535652,-0.07615718297685348,-0.1610084234581246,Deteriorating,-0.07615718297685348,-0.5790602975724354,C
00354,中软国际,2024-08-31,-2.3703,9.67,-1.764703812129987,0.16666666666666666,0.686708486211386,T1,0.667596688457206,-0.4508701801839271,↓,↓,VP_DECLINE_SILENT,41.33374111527561,CBI_ACTIVE,COST_NEUTRAL,0.004092729421143915,0.03151656253331225,-0.1721741351501911,Deteriorating,0.03151656253331225,-0.24511892450879005,C
00354,中软国际,2024-09-30,39.3849,15.93,0.523266560375656,0.5833333333333334,1.1417990682116832,T4,1.1164900419197399,0.08644993532439615,↑,↑,VP_EXPANSION,26.370615373139007,CBI_TURBULENT,COST_ADVANTAGE,0.17541800351249126,0.1971054117859703,0.275611097646965,Stable,0.1971054117859703,2.4723728813559323,C
00354,中软国际,2024-10-31,5.7976,79.27,24.381627641118424,1.0,3.190795652757279,T5,3.1553684803019912,5.0706764313216945,↑↑,↑↑,VP_OVERHEAT,5.155227833592152,CBI_TURBULENT,COST_NEUTRAL,-0.059598617092019524,-0.11644423773829471,0.3965806037137374,Deteriorating,-0.11644423773829471,0.0731373785795383,C
00354,中软国际,2024-11-30,-4.2425,27.32,0.36225843263323804,0.9166666666666666,1.0293249607535322,T3,1.0222896327533575,1.789568284511195,→,→,VP_NEUTRAL,7.770458060083554,CBI_TURBULENT,COST_NEUTRAL,0.000330869928474975,-0.0982070361887829,0.3373302333953181,Stable,-0.0982070361887829,-0.1552891654465593,C
00354,中软国际,2024-12-31,-5.1689,16.95,-0.2700793641381047,0.6666666666666666,0.6281267370761534,T3,0.6260444320575519,0.05647685468731889,↓,↓,VP_DECLINE_SILENT,15.940603384170515,CBI_TURBULENT,COST_DISADVANTAGE,-0.014649167817088804,-0.033443247715475244,-0.1668656384473418,Deteriorating,-0.033443247715475244,-0.3049498525073746,C
00354,中软国际,2025-01-31,1.3734,11.76,-0.5531827273300359,0.16666666666666666,0.43853325046612807,T2,0.43767538005450796,-0.8517658528225263,↓,↓,VP_SHRINK,32.30989617735888,CBI_ACTIVE,COST_NEUTRAL,-0.02088140182734355,0.05022721168630495,-0.16200014675051877,Stable,0.05022721168630495,0.11678571428571428,C
00354,中软国际,2025-02-28,6.6705,63.58,2.242765357714765,0.9166666666666666,1.7758949769563799,T5,1.7752549781359421,1.3290826500093575,↑↑,↑↑,VP_OVERHEAT,7.2202090176099,CBI_TURBULENT,COST_DISADVANTAGE,-0.10161530017854481,-0.09831239406798398,-0.092261432429389,Deteriorating,-0.09831239406798398,0.1049150676313306,C
00354,中软国际,2025-03-31,-7.9688,30.5,0.21628979527842,0.8333333333333334,0.7978027726916035,T3,0.7973583633844842,0.7984969085628446,↓,↓,VP_DECLINE_SILENT,10.307829584348706,CBI_TURBULENT,COST_DISADVANTAGE,-0.0651514201862663,-0.13765396846560107,-0.13559601960592194,Deteriorating,-0.13765396846560107,-0.261272131147541,C
00354,中软国际,2025-04-30,-5.7726,22.35,-0.22083384724763477,0.6666666666666666,0.7775716108083034,T3,0.7775465105763236,0.9011190732557461,↓,↓,VP_DECLINE_SILENT,17.14552309238448,CBI_TURBULENT,COST_NEUTRAL,0.024897943127673905,0.05531924903079721,-0.1854942674639598,Deteriorating,0.05531924903079721,-0.25828187919463086,C
00354,中软国际,2025-05-31,2.1033,24.41,-0.1497423132582997,0.6666666666666666,0.8638159834856975,T3,0.8643007199311685,-0.6159499158835027,↓,↓,VP_LOCKED_CANDIDATE,17.543955396711596,CBI_TURBULENT,COST_DISADVANTAGE,-0.009536919036161273,-0.06122576267434332,-0.16836253569936688,Improving,-0.06122576267434332,0.08616550594018844,C
00354,中软国际,2025-06-30,1.217,27.59,-0.046794772397552524,0.75,0.9186969310172596,T3,0.9194522031675678,-0.09401414900388294,→,→,VP_NEUTRAL,15.027970719792314,CBI_TURBULENT,COST_NEUTRAL,0.023474787756851745,0.018799460451012218,0.005821744600541301,Stable,0.018799460451012218,0.044110184849583185,C
00354,中软国际,2025-07-31,14.0,46.28,0.7845207487007153,0.8333333333333334,1.2932793069721948,T4,1.2937245973224167,1.072435694212961,↑,↑,VP_EXPANSION,11.968176586210884,CBI_TURBULENT,COST_ADVANTAGE,0.014097102419821983,0.036415034611760655,0.14893465816093876,Stable,0.036415034611760655,0.3025064822817632,C
00354,中软国际,2025-08-31,14.9123,57.31,1.1878153033533887,0.8333333333333334,1.6496833621185953,T4,1.6496490775995338,1.3471794781982567,↑↑,↑↑,VP_OVERHEAT,12.20036691798572,CBI_TURBULENT,COST_ADVANTAGE,-0.011517073911282094,0.04643741684155267,0.32026701946564007,Deteriorating,0.04643741684155267,0.26020415285290527,C
00354,中软国际,2025-09-30,-4.8193,38.88,0.09023170285531235,0.6666666666666666,1.075915505949636,T3,1.0753130825529462,0.4075236391996744,→,→,VP_NEUTRAL,18.22790407204182,CBI_TURBULENT,COST_ADVANTAGE,0.010786292869005676,0.03559578869181279,0.058664786722424145,Stable,0.03559578869181279,-0.12395318930041152,C
00354,中软国际,2025-10-31,-7.619,30.23,-0.19963224787553513,0.5833333333333334,0.8072096128170894,T3,0.8066140536719885,-0.34751323697904024,↓,↓,VP_DECLINE_SILENT,21.88066696811523,CBI_TURBULENT,COST_DISADVANTAGE,-0.01617625583756188,-0.0230558706278976,-0.02509033880941325,Deteriorating,-0.0230558706278976,-0.25203440291101553,C
00354,中软国际,2025-11-30,-10.5983,18.62,-0.9625590824230471,0.25,0.5103467178292448,T2,0.5100955677565331,-0.6752869120446221,↓,↓,VP_DECLINE_SILENT,32.97504359442203,CBI_ACTIVE,COST_DISADVANTAGE,-0.02185782487237642,-0.06046278611509015,-0.12392138693698129,Deteriorating,-0.06046278611509015,-0.5691890440386681,C
00354,中软国际,2025-12-31,-4.9713,10.32,-1.520045494668587,0.08333333333333333,0.3070819281888514,T1,0.30708381694709086,-0.7344816592801063,↓,↓,VP_DECLINE_SILENT,38.630584882217406,CBI_ACTIVE,COST_DISADVANTAGE,-0.02288672266320435,-0.023314630872316777,-0.12543114606985262,Deteriorating,-0.023314630872316777,-0.48171511627906977,C
00354,中软国际,2026-01-31,1.4085,17.84,-1.0116528270636478,0.16666666666666666,0.618013856812933,T2,0.6173509453537669,-0.4103345596371418,↓,↓,VP_SHRINK,36.79679873139128,CBI_ACTIVE,COST_DISADVANTAGE,-0.027563016627339954,-0.056472182156874884,-0.11311327488773781,Stable,-0.056472182156874884,0.0789517937219731,C
00354,中软国际,2026-02-28,-14.9402,16.03,-1.0382204353016895,0.16666666666666666,0.7290782292298362,T2,0.7291841467196385,-0.13907401494118732,↓,↓,VP_DECLINE_SILENT,38.02147063862952,CBI_ACTIVE,COST_DISADVANTAGE,0.007296528171045313,-0.04959234460206918,-0.2486098578910002,Deteriorating,-0.04959234460206918,-0.9320149719276357,C
00354,中软国际,2026-03-31,-21.9048,22.08,-0.4506427834174844,0.4166666666666667,1.1507991660875607,T3,1.151792880878516,1.1405759395384512,↑,↑,VP_SELLING_ACTIVE,29.138073861166916,CBI_TURBULENT,COST_DISADVANTAGE,-0.05844491719394951,-0.11584951823351275,-0.2635702909828179,Deteriorating,-0.11584951823351275,-0.9920652173913045,C
00354,中软国际,2026-04-30,2.6866,13.24,-1.1021787943540324,0.16666666666666666,0.8095383674717211,T2,0.8105558121567146,-0.25598795560954546,↓,↓,VP_LOCKED_CANDIDATE,37.30098242185571,CBI_ACTIVE,COST_DISADVANTAGE,-0.0493186595077153,-0.03168981163706974,-0.22764689054295528,Improving,-0.03168981163706974,0.20291540785498488,C
00354,中软国际,2026-05-31,9.4286,20.91,-0.4389205983681273,0.5,1.249352718581956,T3,1.249892688167116,0.30554222465190684,↑,↑,VP_EXPANSION,26.190649898397425,CBI_TURBULENT,COST_NEUTRAL,0.06739473693488884,0.11167739066371718,-0.14008360197079028,Improving,0.11167739066371718,0.4509134385461501,C
00354,中软国际,2026-06-30,-20.547945205479458,40.02,0.945316243853016,0.8333333333333334,1.8453735013833386,T4,1.8452139096671374,0.8115136519922284,↑↑,↑↑,VP_PANIC,12.526035737104248,CBI_TURBULENT,COST_DISADVANTAGE,-0.05001660876348968,-0.268244509564438,-0.225369983786589,Deteriorating,-0.268244509564438,-0.5134419091823952,C
00354,,2026-07-31,35.51724137931036,53.89,2.0559882009515897,0.9166666666666666,1.9458385990250946,T5,1.945323678113582,3.065030897483931,↑↑,↑↑,VP_OVERHEAT,8.881513284158006,CBI_TURBULENT,COST_ADVANTAGE,0.06988556674043434,0.10966347128725196,0.04975722886851908,Deteriorating,0.10966347128725196,0.6590692406626528,C
00357,美兰空港,2010-01-31,-4.8017,10.42,,,,,,,,,VP_NEUTRAL,,,,-0.3749931138377267,-0.42847750041005095,,Stable,-0.42847750041005095,-0.46081573896353173,C
00357,美兰空港,2010-02-28,-9.2035,3.27,,,,,,,,,VP_NEUTRAL,,,,-0.34274975220776405,-0.039323098470038786,,Stable,-0.039323098470038786,-2.814525993883792,C
00357,美兰空港,2010-03-31,28.3819,4.35,,,0.7233924611973392,,0.7247778737014017,,↓,↓,VP_LOCKED_CANDIDATE,,,,-0.2673402303846031,,-0.3000341629959995,Improving,,6.5245747126436795,C
00357,美兰空港,2010-04-30,-2.2858,5.84,,,0.9782244556113903,,0.9787210665266275,-0.4389476578592789,→,→,VP_NEUTRAL,,,,-0.21869658088069743,,-0.24828532491717947,Stable,,-0.3914041095890411,C
00357,美兰空港,2010-05-31,-19.7863,2.08,,,0.40061633281972264,,0.39848656650410536,-0.3666446151561382,↓,↓,VP_DECLINE_SILENT,,,,-0.22333074380818196,,-0.3889617779469814,Deteriorating,,-9.512644230769231,C
00357,美兰空港,2010-06-30,10.3788,1.49,-1.2797592504787965,0.16666666666666666,0.3256830601092896,T2,0.3269070852165602,-0.6568695625784,↓,↓,VP_LOCKED_CANDIDATE,44.90718968071214,CBI_ACTIVE,,-0.2702715690637755,,-0.33757761556833876,Improving,,6.965637583892618,C
00357,美兰空港,2010-07-31,0.1567,1.56,-1.0119562780418434,0.2857142857142857,0.5034965034965035,T2,0.5057685411943483,-0.7317135808430217,↓,↓,VP_SHRINK,41.989785298887085,CBI_ACTIVE,,-0.2587183518916665,,-0.33653949868316146,Stable,,0.10044871794871794,C
00357,美兰空港,2010-08-31,-3.5932,1.63,-0.8513624924180607,0.375,0.5769911504424778,T2,0.579872961787549,-0.2068462227148704,↓,↓,VP_DECLINE_SILENT,39.83960960976312,CBI_ACTIVE,COST_NEUTRAL,-0.27022748976964994,84.61906985233799,-0.3593780701570629,Deteriorating,84.61906985233799,-2.2044171779141104,C
00357,美兰空港,2010-09-30,4.0188,2.73,-0.381289939923538,0.5555555555555556,1.0684931506849313,T3,1.0656153592221613,0.8218480249935656,→,→,VP_STABLE_ASCENT,35.75000741451001,CBI_ACTIVE,COST_DISADVANTAGE,-0.22667343544821283,-0.24374233190241268,-0.24812984161241314,Improving,-0.24374233190241268,1.472087912087912,C
00357,美兰空港,2010-10-31,5.0621,2.37,-0.4879139434491249,0.5,1.1989881956155144,T3,1.2034104133687278,0.519670668853359,↑,↑,VP_EXPANSION,38.38221399713947,CBI_ACTIVE,COST_DISADVANTAGE,-0.22763143316677603,-0.2036937249702242,-0.19776309163474326,Improving,-0.2036937249702242,2.1359071729957804,C
00357,美兰空港,2010-11-30,6.7929,2.42,-0.438465038870475,0.5454545454545454,1.1901639344262296,T3,1.1797073014625108,0.4636468133699809,↑,↑,VP_EXPANSION,36.96006484504531,CBI_ACTIVE,COST_DISADVANTAGE,-0.20717653578245554,-0.20119093346958972,-0.13451182422092534,Improving,-0.20119093346958972,2.8069834710743806,C
00357,美兰空港,2010-12-31,5.8195,1.83,-0.6475393371323817,0.3333333333333333,0.875598086124402,T2,0.8713526554401754,-0.3317231837269704,↓,↓,VP_LOCKED_CANDIDATE,44.588858429283135,CBI_ACTIVE,COST_DISADVANTAGE,-0.2129043634841059,-0.19873669461392263,-0.14322973889115276,Improving,-0.19873669461392263,3.180054644808743,C
00357,美兰空港,2011-01-31,-8.3131,2.05,-0.49691198706023204,0.4166666666666667,0.9439754412893323,T3,0.942341345164315,-0.14218748438666373,→,→,VP_NEUTRAL,57.74074588145705,CBI_STABLE,COST_DISADVANTAGE,-0.24064285200448676,-0.27901068789335093,-0.21445376622466739,Stable,-0.27901068789335093,-4.055170731707317,C
00357,美兰空港,2011-02-28,-18.8311,1.4,-0.9183538022143884,0.08333333333333333,0.65625,T2,0.6617715838975917,-0.4128259272860815,↓,↓,VP_DECLINE_SILENT,67.49237476782196,CBI_STABLE,COST_DISADVANTAGE,-0.2834775093906957,-0.9923266405972055,-0.3623805922250438,Deteriorating,-0.9923266405972055,-13.450785714285715,C
00357,美兰空港,2011-03-31,8.9362,2.8,0.41316317335756125,0.9166666666666666,1.3053613053613053,T3,1.3181821773258036,0.5553625609918516,↑,↑,VP_EXPANSION,43.15216565839427,CBI_ACTIVE,COST_DISADVANTAGE,-0.21997241216399788,-0.21701510630541476,-0.2773776666624579,Improving,-0.21701510630541476,3.1915,C
00357,美兰空港,2011-04-30,9.8922,3.16,2.3823697555294756,1.0,1.3879941434846266,T5,1.3895190120519436,0.5494267468108018,↑,↑,VP_EXPANSION,61.482907283304634,CBI_STABLE,COST_DISADVANTAGE,-0.22935631333263196,-0.21499052700009125,-0.1983782539786093,Stable,-0.21499052700009125,3.1304430379746835,C
00357,美兰空港,2011-05-31,-4.3835,0.88,-2.1789670367912644,0.08333333333333333,0.43564356435643564,T1,0.4340641216180622,-0.3764365569541084,↓,↓,VP_DECLINE_SILENT,92.17243537504632,CBI_LOCKED_CANDIDATE,COST_NEUTRAL,-0.20979005033547482,1.0605582876651618,-0.2291572459333555,Deteriorating,1.0605582876651618,-4.981249999999999,C
00357,美兰空港,2011-06-30,-10.1948,0.47,-2.444300607798017,0.08333333333333333,0.2620817843866171,T1,0.26446546116975567,-0.8317791260703744,↓,↓,VP_DECLINE_SILENT,87.2784591750083,CBI_LOCKED_CANDIDATE,,-0.23615989225475853,,-0.3332379973707079,Deteriorating,,-21.691063829787236,C
00357,美兰空港,2011-07-31,-2.7109,1.11,-1.0900023848542657,0.25,0.6782077393075356,T2,0.67315916292801,-0.6502657743431798,↓,↓,VP_DECLINE_SILENT,81.00346295437569,CBI_LOCKED_CANDIDATE,,-0.25097647594854544,,-0.3513135514914614,Deteriorating,,-2.4422522522522523,C
00357,美兰空港,2011-08-31,-26.6106,1.65,-0.33675684910914533,0.4166666666666667,0.9831181727904666,T3,0.9767843588871149,0.8716148445336007,→,→,VP_NEUTRAL,74.41046961798737,CBI_LOCKED_CANDIDATE,,-0.2729629104775646,,-0.5264204820362601,Stable,,-16.127636363636366,C
00357,美兰空港,2011-09-30,-35.1947,2.08,0.31483315267710427,0.6666666666666666,1.3347593582887698,T3,1.3367184936322414,3.3776029615918555,↑,↑,VP_SELLING_ACTIVE,66.48392168544078,CBI_STABLE,,-0.41936950199077117,,-0.5458265541186768,Deteriorating,,-16.920528846153843,C
00357,美兰空港,2011-10-31,35.9522,2.67,1.1131328544003976,0.8333333333333334,1.8081264108352144,T4,1.820625082090349,1.4362368630573248,↑↑,↑↑,VP_OVERHEAT,59.41264929605209,CBI_STABLE,,-0.2836100482311802,,-0.38254116970153196,Deteriorating,,13.465243445692883,C
00357,美兰空港,2011-11-30,-5.0776,1.83,0.0034153991694621214,0.5833333333333334,1.1192660550458717,T3,1.1255647379816918,0.12450884244372995,↑,↑,VP_SELLING_ACTIVE,67.74465315543526,CBI_STABLE,,-0.3349027321572554,,-0.4466713811040359,Deteriorating,,-2.7746448087431697,C
00357,美兰空港,2011-12-31,-1.1158,2.45,0.7798494770271953,0.75,1.2468193384223918,T4,1.2439054411750579,0.17723044397462995,↑,↑,VP_DIVERGENCE_HIGH,61.756132645347435,CBI_STABLE,,-0.3180847255890835,,-0.3145773863088157,Deteriorating,,-0.45542857142857135,C
00357,美兰空港,2012-01-31,11.3103,2.51,0.7913974151130696,0.75,1.1417740712661106,T4,1.1357152975159843,-0.07113387355557599,↑,↑,VP_EXPANSION,61.08354372350674,CBI_STABLE,,-0.3036580160024518,,-0.21983631981835583,Stable,,4.506095617529881,C
00357,美兰空港,2012-02-29,4.6972,3.68,2.0874966680940616,1.0,1.4507227332457293,T5,1.447848161986181,0.9931769663878502,↑,↑,VP_EXPANSION,47.311794208182796,CBI_ACTIVE,,-0.2932608429790191,,-0.18116649676102525,Stable,,1.2764130434782608,C
00357,美兰空港,2012-03-31,-15.1625,3.23,1.2687634592560797,0.9166666666666666,1.1838729383017714,T4,1.1781703514816086,0.31352477416805846,↑,↑,VP_SELLING_ACTIVE,48.78223535586388,CBI_ACTIVE,,-0.3633035675477275,,-0.39649879758113493,Deteriorating,,-4.694272445820434,C
00357,美兰空港,2012-04-30,-9.591,1.88,-0.18140904772307534,0.5,0.7240051347881901,T3,0.72391329458884,-0.2486586331251649,↓,↓,VP_DECLINE_SILENT,65.86581667449136,CBI_STABLE,,-0.3523072602565953,,-0.45128472233972694,Deteriorating,,-5.101595744680851,C
00357,美兰空港,2012-05-31,-19.1458,1.18,-1.1052153772617532,0.25,0.4742129939718686,T2,0.478196474409871,-0.6769529092495845,↓,↓,VP_DECLINE_SILENT,75.69706465179766,CBI_LOCKED_CANDIDATE,,-0.38785780756113797,,-0.5300394891802029,Deteriorating,,-16.225254237288137,C
00357,美兰空港,2012-06-30,0.0,0.74,-1.9201618998490904,0.08333333333333333,0.3358547655068079,T1,0.3298710716389622,-0.7746090428077276,↓,↓,VP_SHRINK,83.36271402767294,CBI_LOCKED_CANDIDATE,,-0.3852229590377084,,-0.42675224691635893,Stable,,0.0,C
00357,美兰空港,2012-07-31,-8.229,0.55,-1.9850618248706007,0.08333333333333333,0.29307282415630553,T1,0.2950608382644322,-0.705729571528916,↓,↓,VP_DECLINE_SILENT,79.90813277161239,CBI_LOCKED_CANDIDATE,,-0.4094198314905245,,-0.46434226351200747,Deteriorating,,-14.96181818181818,C
00357,美兰空港,2012-08-31,15.5945,1.35,-0.7736003605384271,0.3333333333333333,0.9070548712206048,T2,0.9094065512943973,0.13662278624168822,→,→,VP_STABLE_ASCENT,70.92393782546381,CBI_LOCKED_CANDIDATE,,-0.37508724382649594,,-0.3808088932994551,Improving,,11.551481481481481,C
00357,美兰空港,2012-09-30,1.6863,1.43,-0.6022514213483164,0.4166666666666667,1.2033660589060309,T2,1.20533909831351,0.9747915114780907,↑,↑,VP_EXPANSION,68.64503365018975,CBI_STABLE,,-0.36761666908907287,,-0.3530249260737077,Improving,,1.1792307692307693,C
00357,美兰空港,2012-10-31,8.8595,3.13,1.3080963125440275,0.8333333333333334,2.2410501193317423,T4,2.2358857143578055,4.640432389768218,↑↑,↑↑,VP_OVERHEAT,53.28782774199302,CBI_STABLE,,-0.3660093294629524,,-0.29337017630537954,Deteriorating,,2.8305111821086264,C
00357,美兰空港,2012-11-30,-0.3065,3.08,1.0587166775559649,0.75,1.7976653696498053,T4,1.7944368335387562,1.26738986114679,↑↑,↑↑,VP_NEUTRAL,55.27281632341792,CBI_STABLE,,-0.3240244953311955,,-0.3019535935382326,Stable,,-0.09951298701298701,C
00357,美兰空港,2012-12-31,13.8334,3.79,1.6401115891758913,1.0,1.7059264816204052,T5,1.7083341763233655,1.6455787070953924,↑↑,↑↑,VP_OVERHEAT,42.97060735866909,CBI_ACTIVE,,-0.29433534219081126,,-0.2608187460512629,Deteriorating,,3.6499736147757256,C
00357,美兰空港,2013-01-31,12.3225,3.4,1.0496108452363937,0.8333333333333334,1.260815822002472,T4,1.254686211884535,0.08135762447455996,↑,↑,VP_EXPANSION,46.82220577154653,CBI_ACTIVE,,-0.2889874964898739,,-0.16300648182364175,Stable,,3.624264705882353,C
00357,美兰空港,2013-02-28,29.8116,7.17,4.4467703316657285,1.0,1.9554545454545456,T5,1.9582401742925613,1.3367317633543938,↑↑,↑↑,VP_OVERHEAT,28.81514788738903,CBI_TURBULENT,,-0.18424795363208935,,0.08651460038967773,Deteriorating,,4.157824267782426,C
00357,美兰空港,2013-03-31,2.2128,4.23,0.939650005896075,0.9166666666666666,1.0233870967741936,T4,1.028198394062757,0.11905720621872362,→,→,VP_STABLE_ASCENT,30.665233881213336,CBI_ACTIVE,,-0.237380559973707,,-0.14827767972492023,Stable,,0.5231205673758865,C
00357,美兰空港,2013-04-30,-7.6882,2.89,0.0845210489107289,0.5,0.7060260586319218,T3,0.7081040892726942,-0.14200786140221622,↓,↓,VP_DECLINE_SILENT,44.5310180685166,CBI_ACTIVE,,-0.2406451709727635,,-0.20666744730647002,Deteriorating,,-2.6602768166089965,C
00357,美兰空港,2013-05-31,7.1007,4.18,0.7157856356044642,0.8333333333333334,0.9773967264224473,T4,0.9779998100021428,-0.41639525594543103,→,→,VP_STABLE_ASCENT,33.42984409218238,CBI_ACTIVE,,-0.21982199429090732,,-0.13552412522684487,Stable,,1.698732057416268,C
00357,美兰空港,2013-06-30,10.7604,8.62,3.184550999529592,1.0,1.6962938668415872,T5,1.6957615574225684,1.0295785353633868,↑↑,↑↑,VP_OVERHEAT,23.246963480204606,CBI_TURBULENT,,-0.16572379501689016,,-0.13882667294149031,Deteriorating,,1.2483062645011602,C
00357,美兰空港,2013-07-31,-4.6579,1.73,-1.0516614391866972,0.25,0.3601665510062456,T2,0.35935343709041284,-0.40384978234669056,↓,↓,VP_DECLINE_SILENT,49.22064969616695,CBI_ACTIVE,COST_DISADVANTAGE,-0.19173594836276986,-0.20314672034379333,-0.17229195767174332,Deteriorating,-0.20314672034379333,-2.6924277456647396,C
00357,美兰空港,2013-08-31,-1.3477,4.3,0.1614487384239404,0.8333333333333334,0.9942196531791907,T3,0.9929415622791519,0.02724018110982418,→,→,VP_NEUTRAL,32.367954655320766,CBI_ACTIVE,COST_DISADVANTAGE,-0.18972538118394922,-0.20494571722858623,-0.1834470525818277,Stable,-0.20494571722858623,-0.3134186046511628,C
00357,美兰空港,2013-09-30,5.0882,3.99,-0.12635755062272977,0.5833333333333334,0.9311551925320887,T3,0.9268189745541716,-0.5394557076478959,→,→,VP_STABLE_ASCENT,42.68012310396616,CBI_ACTIVE,COST_DISADVANTAGE,-0.18142747540792348,-0.18208225716734505,-0.16981336701258598,Improving,-0.18208225716734505,1.275238095238095,C
00357,美兰空港,2013-10-31,10.9335,3.28,-0.5515005505310887,0.3333333333333333,0.7540229885057471,T2,0.7530827413299352,0.8940877597327825,↓,↓,VP_LOCKED_CANDIDATE,50.80166395798486,CBI_STABLE,COST_DISADVANTAGE,-0.18787031763503959,-0.1588627116005542,-0.0701266570476673,Improving,-0.1588627116005542,3.333384146341464,C
00357,美兰空港,2013-11-30,1.2839,2.28,-1.1047187680213844,0.16666666666666666,0.565289256198347,T2,0.5647128891041953,-0.47098014494090634,↓,↓,VP_SHRINK,56.528829198549296,CBI_STABLE,COST_DISADVANTAGE,-0.1419533553067439,-0.15259657207187216,-0.04868865490467411,Stable,-0.15259657207187216,0.5631140350877194,C
00357,美兰空港,2013-12-31,-9.4366,3.32,-0.4475090310707977,0.4166666666666667,1.053968253968254,T3,1.052083279756447,-0.16746218159052662,→,→,VP_NEUTRAL,49.01818555592067,CBI_ACTIVE,COST_DISADVANTAGE,-0.15092330773006646,-0.1796282485663696,-0.2081807177753333,Stable,-0.1796282485663696,-2.8423493975903615,C
00357,美兰空港,2014-01-31,-11.7188,4.73,0.2825820135344397,0.8333333333333334,1.2958904109589042,T3,1.300096959958916,0.44713103496563766,↑,↑,VP_SELLING_ACTIVE,34.80819822901634,CBI_ACTIVE,COST_DISADVANTAGE,-0.1635750997867571,-0.199621037690083,-0.30423344563462407,Deteriorating,-0.199621037690083,-2.477547568710359,C
00357,美兰空港,2014-02-28,5.1878,2.54,-0.8273941211438205,0.25,0.7567030784508441,T2,0.7645146541835791,0.12736121329388594,↓,↓,VP_LOCKED_CANDIDATE,56.38854305562808,CBI_STABLE,COST_DISADVANTAGE,-0.17298474232627747,-0.17167202632604905,-0.2759102053684229,Improving,-0.17167202632604905,2.0424409448818897,C
00357,美兰空港,2014-03-31,2.8862,2.3,-0.8558030966650656,0.25,0.7479674796747967,T2,0.7398952712379837,-0.31258433108450445,↓,↓,VP_LOCKED_CANDIDATE,55.850431430081166,CBI_STABLE,COST_DISADVANTAGE,-0.14251016250456428,-0.1517795989691112,-0.1460922891539953,Improving,-0.1517795989691112,1.2548695652173913,C
00357,美兰空港,2014-04-30,0.0,2.25,-0.8367420152663888,0.16666666666666666,0.774971297359357,T2,0.7705213283021134,-0.5286318030987295,↓,↓,VP_SHRINK,59.74384651445124,CBI_STABLE,COST_DISADVANTAGE,-0.1815522083973723,-0.16837442801286384,-0.14045593462695904,Stable,-0.16837442801286384,0.0,C
00357,美兰空港,2014-05-31,-3.301,3.62,0.02373841952688076,0.6666666666666666,1.1577825159914714,T3,1.163333702209001,0.4174328601395776,↑,↑,VP_SELLING_ACTIVE,43.58055018352252,CBI_ACTIVE,COST_DISADVANTAGE,-0.16126953243752662,-0.17863765043913427,-0.1579286336607716,Deteriorating,-0.17863765043913427,-0.9118784530386741,C
00357,美兰空港,2014-06-30,-0.5012,0.99,-2.298754484206455,0.08333333333333333,0.36153377967133293,T1,0.3682741245472226,-0.5556421901351014,↓,↓,VP_SHRINK,79.01502037348,CBI_LOCKED_CANDIDATE,COST_DISADVANTAGE,-0.16188472989586877,-0.166805113233497,-0.18150210412888634,Stable,-0.166805113233497,-0.5062626262626262,C
00357,美兰空港,2014-07-31,-5.3727,2.48,-0.5496716291562107,0.4166666666666667,1.0493653032440056,T2,1.0472539841082902,0.10933675483616256,→,→,VP_NEUTRAL,71.77197706296862,CBI_LOCKED_CANDIDATE,COST_DISADVANTAGE,-0.18237132184158011,-0.19662957211178833,-0.22547781377944998,Stable,-0.19662957211178833,-2.1664112903225807,C
00357,美兰空港,2014-08-31,1.5912,1.38,-1.5449061121594512,0.16666666666666666,0.6359447004608295,T1,0.6434810653818254,-0.6157390566266521,↓,↓,VP_LOCKED_CANDIDATE,80.21584346134192,CBI_LOCKED_CANDIDATE,COST_DISADVANTAGE,-0.1740925363933804,-0.16916853495382145,-0.2103611635870687,Improving,-0.16916853495382145,1.1530434782608696,C
00357,美兰空港,2014-09-30,-12.8386,2.31,-0.3427234877288439,0.5,1.063699155794321,T3,1.0593636309501868,1.2829716281099954,→,→,VP_NEUTRAL,70.83633100361794,CBI_LOCKED_CANDIDATE,COST_DISADVANTAGE,-0.20896092622839757,-0.23597861331393977,-0.2707156964965147,Stable,-0.23597861331393977,-5.557835497835497,C
00357,美兰空港,2014-10-31,-1.4124,2.71,0.14924999178278667,0.75,1.2053372868791696,T3,1.20424527574158,0.09725617893556815,↑,↑,VP_DIVERGENCE_HIGH,61.95490615300088,CBI_STABLE,COST_DISADVANTAGE,-0.17076341427948238,-0.1674575960300192,-0.28101632225221373,Deteriorating,-0.1674575960300192,-0.5211808118081181,C
00357,美兰空港,2014-11-30,18.4876,3.98,1.4094944385107535,0.9166666666666666,1.7241877256317688,T4,1.7209946562227507,1.8526349005995582,↑↑,↑↑,VP_OVERHEAT,51.7182721879356,CBI_STABLE,COST_DISADVANTAGE,-0.09468377772354952,-0.08533043379562089,-0.14460660688745774,Deteriorating,-0.08533043379562089,4.645125628140704,C
00357,美兰空港,2014-12-31,-6.9771,2.15,-0.49408753375996867,0.25,0.8594270486342439,T3,0.8632303100494337,-0.06097905124918557,↓,↓,VP_DECLINE_SILENT,72.87919094776115,CBI_LOCKED_CANDIDATE,COST_DISADVANTAGE,-0.14953867183050462,-0.17594772731634456,-0.1446097702436714,Deteriorating,-0.17594772731634456,-3.2451627906976745,C
00357,美兰空港,2015-01-31,-1.315,1.28,-1.4162664212561094,0.16666666666666666,0.556118754525706,T2,0.5540117183377179,-0.5295525641088012,↓,↓,VP_SHRINK,83.39495938478444,CBI_LOCKED_CANDIDATE,COST_DISADVANTAGE,-0.17611006913397154,-0.1900672784629992,-0.1574414256684804,Stable,-0.1900672784629992,-1.02734375,C
00357,美兰空港,2015-02-28,0.19,1.43,-1.0117110062057824,0.3333333333333333,0.619047619047619,T2,0.6176383559900336,-0.6414103982300885,↓,↓,VP_SHRINK,76.26124678480681,CBI_LOCKED_CANDIDATE,COST_DISADVANTAGE,-0.15255249816679095,-0.13895015989639936,-0.1542335118122783,Stable,-0.13895015989639936,0.13286713286713286,C
00357,美兰空港,2015-03-31,16.1505,3.7,1.6109226529972536,0.9166666666666666,1.455737704918033,T5,1.4549322016443988,0.7116067883575798,↑,↑,VP_EXPANSION,52.388995399935936,CBI_STABLE,COST_DISADVANTAGE,-0.10279279334488267,-0.058474473481675227,-0.04620219049640517,Stable,-0.058474473481675227,4.365,C
00357,美兰空港,2015-04-30,15.1146,4.72,2.3473226033801295,1.0,1.6407879490150636,T5,1.6381435889650173,2.689625646328852,↑↑,↑↑,VP_OVERHEAT,40.94547637178331,CBI_ACTIVE,COST_NEUTRAL,-0.1515829199676174,-0.14200366282739696,0.105144754574507,Deteriorating,-0.14200366282739696,3.2022457627118643,C
00357,美兰空港,2015-05-31,23.7416,2.4,-0.056987823070540185,0.5833333333333334,0.9183673469387755,T3,0.9190367273308765,0.6830934863418321,→,→,VP_STABLE_ASCENT,55.26393892528364,CBI_STABLE,COST_NEUTRAL,-0.024106500960148436,0.012262384183629127,0.3540090611601825,Improving,0.012262384183629127,9.892333333333333,C
00357,美兰空港,2015-06-30,-11.8728,4.9,2.1574268735246216,1.0,1.5952251763429193,T5,1.5940292914001761,0.3216278267489858,↑↑,↑↑,VP_PANIC,38.016132275548635,CBI_ACTIVE,COST_DISADVANTAGE,-0.16332749281326853,-0.23576335436819473,-0.14010276380076148,Deteriorating,-0.23576335436819473,-2.423020408163265,C
00357,美兰空港,2015-07-31,-13.4996,2.22,-0.47366488460618006,0.4166666666666667,0.687661331956634,T3,0.68346132428111,-0.5325873416094242,↓,↓,VP_DECLINE_SILENT,56.22435923872938,CBI_STABLE,COST_DISADVANTAGE,-0.13821370343566763,-0.15357566435208847,-0.26469387326531824,Deteriorating,-0.15357566435208847,-6.0809009009009,C
00357,美兰空港,2015-08-31,1.7704,2.83,-0.05120845764072041,0.6666666666666666,0.8175252768415985,T3,0.8204597521817767,0.18103005865102628,↓,↓,VP_LOCKED_CANDIDATE,49.955932794939564,CBI_ACTIVE,COST_DISADVANTAGE,-0.0787993302765132,-0.08065095457716509,-0.24611449729253343,Improving,-0.08065095457716509,0.6255830388692579,C
00357,美兰空港,2015-09-30,18.8679,0.67,-1.9292823725816106,0.08333333333333333,0.2266065388951522,T1,0.2285256907796468,-0.862016201620162,↓,↓,VP_LOCKED_CANDIDATE,65.02047206109796,CBI_STABLE,COST_NEUTRAL,-0.07181407679624108,-0.021316072272168585,0.02469830941006479,Improving,-0.021316072272168585,28.1610447761194,C
00357,美兰空港,2015-10-31,0.0,1.06,-1.2579346831222906,0.16666666666666666,0.4517045454545454,T2,0.44728854809761415,-0.5242854287427543,↓,↓,VP_SHRINK,61.105631372509045,CBI_STABLE,COST_NEUTRAL,-0.10841426124928222,-0.13894224749676098,0.02986181814984845,Stable,-0.13894224749676098,0.0,C
00357,美兰空港,2015-11-30,15.6305,2.12,-0.2690200177915419,0.4166666666666667,0.9217391304347825,T3,0.9198384476242426,-0.25621444201312915,→,→,VP_STABLE_ASCENT,54.60150571488713,CBI_STABLE,COST_NEUTRAL,-0.03168033947285476,-0.01899178517452471,0.19083420311260357,Improving,-0.01899178517452471,7.372877358490565,C
00357,美兰空港,2015-12-31,-1.0959,2.23,-0.18635385473239122,0.5833333333333334,1.2021563342318058,T3,1.2121437224224139,2.3281148075668625,↑,↑,VP_DIVERGENCE_HIGH,50.14909299071523,CBI_STABLE,COST_DISADVANTAGE,-0.06925249767768116,-0.09268688353026955,-0.06015381336602832,Deteriorating,-0.09268688353026955,-0.4914349775784754,C
00357,美兰空港,2016-01-31,-8.6619,0.99,-1.2011513310568387,0.16666666666666666,0.6,T2,0.5905861213329937,-0.07100840336134451,↓,↓,VP_DECLINE_SILENT,63.96295584322874,CBI_STABLE,COST_DISADVANTAGE,-0.06609844735692127,-0.08238267684662948,-0.14346427866322253,Deteriorating,-0.08238267684662948,-8.749393939393938,C
00357,美兰空港,2016-02-29,-4.9844,0.56,-1.4531496959049448,0.08333333333333333,0.44036697247706424,T2,0.4481354290914063,-0.7302164465312158,↓,↓,VP_DECLINE_SILENT,65.01112876754507,CBI_STABLE,COST_DISADVANTAGE,-0.1284559444729736,-0.09274179633742508,-0.2059471276361181,Deteriorating,-0.09274179633742508,-8.900714285714285,C
00357,美兰空港,2016-03-31,-2.7077,0.34,-1.351776518362261,0.08333333333333333,0.27945205479452057,T2,0.2711108058577581,-0.8536448451587613,↓,↓,VP_DECLINE_SILENT,65.4744279142235,CBI_STABLE,COST_DISADVANTAGE,-0.10638953831924558,-0.10657207920027778,-0.09895116018654027,Deteriorating,-0.10657207920027778,-7.963823529411764,C
00357,美兰空港,2016-04-30,-3.3613,1.18,-0.5272286547418623,0.5,0.954177897574124,T2,0.947870977342907,0.20033469018543637,→,→,VP_NEUTRAL,57.287372399561036,CBI_STABLE,COST_DISADVANTAGE,-0.09580860592205198,-0.10858702188140967,-0.14796456956285753,Stable,-0.10858702188140967,-2.8485593220338985,C
00357,美兰空港,2016-05-31,5.3698,0.98,-0.5975463602431645,0.3333333333333333,0.9363057324840764,T2,0.9486984810446819,0.7440061871616397,→,→,VP_STABLE_ASCENT,64.28377088195833,CBI_STABLE,COST_DISADVANTAGE,-0.06737462260986238,-0.040206032977117334,-0.09860920616763569,Improving,-0.040206032977117334,5.4793877551020405,C
00357,美兰空港,2016-06-30,-2.147,0.51,-1.107274058331749,0.16666666666666666,0.6710526315789472,T2,0.6692762621095355,0.540101566350254,↓,↓,VP_DECLINE_SILENT,87.63756422433926,CBI_LOCKED_CANDIDATE,COST_DISADVANTAGE,-0.05609840114935771,-0.07113371475417285,-0.0690548254545238,Deteriorating,-0.07113371475417285,-4.209803921568627,C
00357,美兰空港,2016-07-31,-0.6453,0.26,-1.247467194391815,0.08333333333333333,0.40731070496083555,T2,0.4209127261688308,-0.7697762571874269,↓,↓,VP_SHRINK,93.04126209398842,CBI_LOCKED_CANDIDATE,COST_DISADVANTAGE,-0.08665498734740407,-0.09240090847167193,-0.07506247371565877,Stable,-0.09240090847167193,-2.481923076923077,C
00357,美兰空港,2016-08-31,0.0,0.85,-0.22462447111897468,0.5,1.2378640776699028,T3,1.256709378441561,-0.12860310421286036,↑,↑,VP_DIVERGENCE_HIGH,86.36363636363636,CBI_LOCKED_CANDIDATE,COST_DISADVANTAGE,-0.09141765434104465,-0.08795085004850478,-0.047427291714437936,Deteriorating,-0.08795085004850478,0.0,C
00357,美兰空港,2016-09-30,1.3857,0.87,-0.22103631432196855,0.5,1.1225806451612903,T3,1.117797499797398,0.7191304347826086,↑,↑,VP_DIVERGENCE_HIGH,86.36363636363636,CBI_LOCKED_CANDIDATE,COST_DISADVANTAGE,-0.07043586299707794,-0.07127078724484737,-0.06986862806517158,Deteriorating,-0.07127078724484737,1.5927586206896551,C
00357,美兰空港,2016-10-31,1.3544,0.39,-0.9646669471563435,0.25,0.6062176165803108,T2,0.611443403679043,0.47790507364975454,↓,↓,VP_SHRINK,94.54545454545455,CBI_LOCKED_CANDIDATE,COST_DISADVANTAGE,-0.04706807967861537,-0.05198162079372959,-0.05727117285382766,Stable,-0.05198162079372959,3.4728205128205127,C
00357,美兰空港,2016-11-30,2.2793,0.2,-1.1983873233299311,0.08333333333333333,0.38961038961038963,T2,0.3762769580022701,-0.7750636132315522,↓,↓,VP_LOCKED_CANDIDATE,100.0,CBI_LOCKED_CANDIDATE,COST_DISADVANTAGE,-0.09389724029616331,-0.06268798571728629,-0.0665170115410526,Improving,-0.06268798571728629,11.3965,C
00357,美兰空港,2016-12-31,-11.1428,0.4,-0.7710080385059815,0.4166666666666667,0.8080808080808081,T2,0.7891941303484825,-0.5481679312089024,↓,↓,VP_DECLINE_SILENT,89.0909090909091,CBI_LOCKED_CANDIDATE,COST_DISADVANTAGE,-0.0467459599248925,-0.09739419830227114,-0.1400954024822667,Deteriorating,-0.09739419830227114,-27.856999999999996,C
00357,美兰空港,2017-01-31,-2.6473,0.41,-0.5965017981931274,0.5,0.7884615384615385,T2,0.7711016527555138,0.009302325581395321,↓,↓,VP_DECLINE_SILENT,86.36363636363636,CBI_LOCKED_CANDIDATE,COST_DISADVANTAGE,-0.06350811411508217,-0.081651332617935,-0.1628600497622401,Deteriorating,-0.081651332617935,-6.456829268292683,C
00357,美兰空港,2017-02-28,2.1346,0.53,-0.16219556293005138,0.6666666666666666,1.1357142857142857,T3,1.160984867553336,1.7828054298642533,↑,↑,VP_EXPANSION,80.7351152723637,CBI_LOCKED_CANDIDATE,COST_DISADVANTAGE,-0.08614569617007595,-0.07545239177473317,-0.1400954024822667,Improving,-0.07545239177473317,4.02754716981132,C
00357,美兰空港,2017-03-31,-10.9137,3.14,8.326962246228799,1.0,3.7159763313609466,T5,3.7135339431206806,6.963069479397093,↑↑,↑↑,VP_PANIC,62.844746984338194,CBI_STABLE,COST_DISADVANTAGE,-0.10781449811729338,-0.14078104044168394,-0.14840596278543006,Deteriorating,-0.14078104044168394,-3.4757006369426753,C
00357,美兰空港,2017-04-30,-6.8568,1.7,1.1749111976301918,0.9166666666666666,1.5987460815047019,T4,1.6167375800219912,3.2857142857142856,↑↑,↑↑,VP_PANIC,61.86233225974357,CBI_STABLE,COST_DISADVANTAGE,-0.0964004694784476,-0.13320207323140432,-0.20056893977831247,Deteriorating,-0.13320207323140432,-4.033411764705883,C
00357,美兰空港,2017-05-31,-0.1338,1.28,0.5284649332390479,0.8333333333333334,1.029490616621984,T4,1.0248477493381707,1.3536585365853657,→,→,VP_NEUTRAL,64.77182819485202,CBI_STABLE,COST_DISADVANTAGE,-0.0665387347158477,-0.07446112794100634,-0.20163894956278183,Stable,-0.07446112794100634,-0.10453125,C
00357,美兰空港,2017-06-30,1.0069,1.62,0.8525190696046402,0.8333333333333334,1.1198156682027651,T4,1.1196541763325611,-0.4821603874606417,↑,↑,VP_DIVERGENCE_HIGH,65.07524157956308,CBI_STABLE,COST_DISADVANTAGE,-0.07727318232462033,-0.0748815459723352,-0.09290865632619694,Deteriorating,-0.0748815459723352,0.6215432098765431,C
00357,美兰空港,2017-07-31,-2.326,1.62,0.7079634673434154,0.8333333333333334,0.9828109201213346,T4,0.9864003198661171,-0.0516513056835638,→,→,VP_NEUTRAL,66.03022831538428,CBI_STABLE,COST_DISADVANTAGE,-0.1039120140913331,-0.09965033924219069,-0.11400730861301078,Stable,-0.09965033924219069,-1.4358024691358025,C
00357,美兰空港,2017-08-31,12.7573,2.36,1.4943854150884843,0.9166666666666666,1.2081911262798635,T4,1.2142917079153286,0.8670120898100173,↑,↑,VP_EXPANSION,57.44446760737738,CBI_STABLE,COST_NEUTRAL,-0.059640126962569706,-0.01155697574559289,-0.0009788142193652982,Stable,-0.01155697574559289,5.40563559322034,C
00357,美兰空港,2017-09-30,3.1116,3.0,1.937326187976792,0.9166666666666666,1.5544041450777202,T5,1.5442341934647599,0.84352339764734,↑↑,↑↑,VP_OVERHEAT,52.923048323850615,CBI_STABLE,COST_NEUTRAL,-0.06462111901499434,-0.05521160449174001,0.0017516557713730396,Deteriorating,-0.05521160449174001,1.0372000000000001,C
00357,美兰空港,2017-10-31,14.3541,3.29,1.8268127823296376,1.0,1.4988610478359907,T5,1.4907049102387415,1.0060741040696497,↑,↑,VP_EXPANSION,47.13150843720569,CBI_ACTIVE,COST_NEUTRAL,-0.0053015690565978435,0.017664607321399295,0.1685903063014813,Stable,0.017664607321399295,4.3629483282674775,C
00357,美兰空港,2017-11-30,-1.3288,2.57,0.7896217397771279,0.75,1.066390041493776,T4,1.056896634801591,0.06864014801110074,→,→,VP_NEUTRAL,57.209650376010586,CBI_STABLE,COST_NEUTRAL,-0.01657108227749038,-0.0313444615542553,0.1757878322087334,Stable,-0.0313444615542553,-0.5170428015564202,C
00357,美兰空港,2017-12-31,-9.2819,1.23,-0.7624476220489986,0.25,0.5245202558635393,T2,0.5284190507819292,-0.586045415721733,↓,↓,VP_DECLINE_SILENT,76.06054973379116,CBI_LOCKED_CANDIDATE,COST_DISADVANTAGE,-0.06193194763600385,-0.04456530691808014,-0.08360555460478925,Deteriorating,-0.04456530691808014,-7.546260162601627,C
00357,美兰空港,2018-01-31,-1.183,3.18,1.3425129449420898,0.9166666666666666,1.2207293666026873,T4,1.219465357830706,-0.03148970528865558,↑,↑,VP_DIVERGENCE_HIGH,56.673582903550084,CBI_STABLE,COST_NEUTRAL,0.021270815173709767,-2.428460223147244e-05,-0.07250222933748052,Deteriorating,-2.428460223147244e-05,-0.3720125786163522,C
00357,美兰空港,2018-02-28,7.9808,5.48,4.1773523855419095,1.0,1.7536,T5,1.755586256324175,1.1487188365650969,↑↑,↑↑,VP_OVERHEAT,42.61598736559387,CBI_ACTIVE,COST_NEUTRAL,0.02074899734692348,0.016735638990396096,0.0015199391112441507,Deteriorating,0.016735638990396096,1.4563503649635037,C
00357,美兰空港,2018-03-31,1.2472,2.39,-0.07957323812525054,0.5833333333333334,0.7905181918412348,T3,0.7863516639900772,0.9115307719672714,↓,↓,VP_SHRINK,56.498628858245326,CBI_STABLE,COST_NEUTRAL,-0.02572373933206018,-0.016824175260198526,0.02646588825818874,Stable,-0.016824175260198526,0.5218410041841004,C
00357,美兰空港,2018-04-30,24.3634,12.22,8.316836200045817,1.0,2.708533431843369,T5,2.7154462897599454,2.8560518271502016,↑↑,↑↑,VP_OVERHEAT,19.95086245429025,CBI_TURBULENT,COST_NEUTRAL,-0.019325737823207012,-0.024290629342376913,0.2844100139106527,Deteriorating,-0.024290629342376913,1.9937315875613746,C
00357,美兰空港,2018-05-31,-8.5985,2.57,-0.32904022831169494,0.5833333333333334,0.569634281492427,T3,0.5669354371459241,-0.532994923857868,↓,↓,VP_DECLINE_SILENT,33.81630933600512,CBI_ACTIVE,COST_NEUTRAL,-0.07682590771808384,-0.07194765368212408,0.16934670295783794,Deteriorating,-0.07194765368212408,-3.3457198443579768,C
00357,美兰空港,2018-06-30,-18.8244,2.92,-0.24339507594234533,0.5833333333333334,0.6091794158553546,T3,0.608766102925777,0.22996743349959337,↓,↓,VP_DECLINE_SILENT,33.448128731990494,CBI_ACTIVE,COST_DISADVANTAGE,-0.014905296444567395,-0.10053417073863047,-0.25049228531225776,Deteriorating,-0.10053417073863047,-6.4467123287671235,C
00357,美兰空港,2018-07-31,-1.7665,1.39,-0.826373746721229,0.16666666666666666,0.30923248053392655,T2,0.31086293134318216,-0.885918152580327,↓,↓,VP_DECLINE_SILENT,47.17440668651332,CBI_ACTIVE,COST_DISADVANTAGE,-0.046088298708541364,-0.03508653734268041,-0.2774781611577959,Deteriorating,-0.03508653734268041,-1.2708633093525181,C
00357,美兰空港,2018-08-31,-4.3074,1.32,-0.804214678174243,0.16666666666666666,0.3472161332748794,T2,0.34841138505571395,-0.4820479641131815,↓,↓,VP_DECLINE_SILENT,47.906812885310295,CBI_ACTIVE,COST_DISADVANTAGE,-0.04546445365388685,-0.03257951947769311,-0.2894718837558129,Deteriorating,-0.03257951947769311,-3.263181818181818,C
00357,美兰空港,2018-09-30,-5.3604,1.47,-0.6827719333080859,0.3333333333333333,0.40292370945637274,T2,0.40233818658125553,-0.49619231351187776,↓,↓,VP_DECLINE_SILENT,41.93655191681756,CBI_ACTIVE,COST_DISADVANTAGE,-0.039700955982944874,-0.020506157834509042,-0.07094387585755402,Deteriorating,-0.020506157834509042,-3.646530612244898,C
00357,美兰空港,2018-10-31,2.6582,1.86,-0.4870850912805364,0.4166666666666667,0.9679098005203817,T3,0.9632942870945815,0.32312065698041703,→,→,VP_STABLE_ASCENT,41.87538287590313,CBI_ACTIVE,COST_NEUTRAL,0.03023212009805598,0.03018090458979561,-0.032031255365077005,Improving,0.03018090458979561,1.4291397849462364,C
00357,美兰空港,2018-11-30,-0.4219,2.22,-0.344738639816542,0.5,1.1914132379248659,T3,1.1967683755989282,0.684468946220083,↑,↑,VP_DIVERGENCE_HIGH,38.815969281493366,CBI_ACTIVE,COST_NEUTRAL,0.0008929708494771482,0.007228988333580544,-0.019568138481365627,Deteriorating,0.007228988333580544,-0.19004504504504502,C
00357,美兰空港,2018-12-31,-11.2813,1.73,-0.5425576240860717,0.3333333333333333,1.039039039039039,T2,1.0404148498807704,0.18089988031829018,→,→,VP_NEUTRAL,46.07848347003619,CBI_ACTIVE,COST_DISADVANTAGE,0.01423949494989496,-0.04242443356957004,-0.06859805662780838,Stable,-0.04242443356957004,-6.520982658959538,C
00357,美兰空港,2019-01-31,7.8652,1.39,-0.6042626560277262,0.25,0.8348348348348348,T2,0.8558103184509825,-0.22518500835521604,↓,↓,VP_LOCKED_CANDIDATE,48.25078993247757,CBI_ACTIVE,COST_NEUTRAL,0.0028066316476609288,0.012891397578666641,-0.017422125673292488,Improving,0.012891397578666641,5.65841726618705,C
00357,美兰空港,2019-02-28,1.0526,4.87,0.6686171615347353,0.9166666666666666,2.158050221565731,T4,2.1505864216557256,1.1823250000988756,↑↑,↑↑,VP_NEUTRAL,27.281016265541634,CBI_TURBULENT,COST_NEUTRAL,-0.004293571440098454,-0.004512720352785937,-0.017422125673292488,Stable,-0.004512720352785937,0.21613963039014372,C
00357,美兰空港,2019-03-31,-2.0896,6.19,1.0165243964596777,0.9166666666666666,2.0339539978094194,T4,2.0290979192871816,2.5685291026121306,↑↑,↑↑,VP_PANIC,26.66949139456304,CBI_TURBULENT,COST_DISADVANTAGE,-0.011303588765755102,-0.047619919898631013,-0.036049783603986474,Deteriorating,-0.047619919898631013,-0.3375767366720517,C
00357,美兰空港,2019-04-30,-3.0488,3.58,0.6850581188713755,0.8333333333333334,1.075075075075075,T4,1.0722919748451092,1.5008562097544442,→,→,VP_NEUTRAL,44.122121168435726,CBI_ACTIVE,COST_DISADVANTAGE,-0.013328440122107876,-0.03479306235990165,-0.06543850971362097,Stable,-0.03479306235990165,-0.8516201117318436,C
00357,美兰空港,2019-05-31,-9.8901,2.29,-0.2201155325509549,0.6666666666666666,0.6852867830423941,T3,0.6791771006581682,-0.533152006866435,↓,↓,VP_DECLINE_SILENT,49.2761248991425,CBI_ACTIVE,COST_DISADVANTAGE,0.00446233266252527,-0.03576688578822618,-0.15654356065348807,Deteriorating,-0.03576688578822618,-4.31882096069869,C
00357,美兰空港,2019-06-30,-4.9404,1.12,-0.9386337546832992,0.08333333333333333,0.34567901234567905,T2,0.35385251723090444,-0.8142744945999918,↓,↓,VP_DECLINE_SILENT,68.73991914083784,CBI_STABLE,COST_NEUTRAL,0.0013724738712048712,8.528057308554438e-05,-0.10245948176708519,Deteriorating,8.528057308554438e-05,-4.411071428571429,C
00357,美兰空港,2019-07-31,-3.5714,2.41,-0.08863578505868176,0.75,0.7067448680351907,T3,0.7113577691034987,-0.3215497936498687,↓,↓,VP_DECLINE_SILENT,48.067842845761795,CBI_ACTIVE,COST_DISADVANTAGE,-0.020678266870409634,-0.031991247563930125,-0.1314124017100824,Deteriorating,-0.031991247563930125,-1.481908713692946,C
00357,美兰空港,2019-08-31,-14.9446,2.26,-0.2550119635164793,0.5833333333333334,0.7596638655462183,T3,0.7467497511219353,-0.022898097826086983,↓,↓,VP_DECLINE_SILENT,51.8782292674628,CBI_STABLE,COST_DISADVANTAGE,-0.0026676038206385755,-0.04256202793620101,-0.25848355034879256,Deteriorating,-0.04256202793620101,-6.612654867256637,C
00357,美兰空港,2019-09-30,6.087,1.55,-0.7889083833550984,0.25,0.7040121120363362,T2,0.707321032285184,0.35467344589409056,↓,↓,VP_LOCKED_CANDIDATE,61.43953755288599,CBI_STABLE,COST_DISADVANTAGE,-0.06034897812378437,-0.03641420757227376,-0.057249378441786125,Improving,-0.03641420757227376,3.927096774193548,C
00357,美兰空港,2019-10-31,5.5102,1.06,-1.086458242086626,0.08333333333333333,0.5949485500467727,T2,0.5940984405514409,-0.5643726166696932,↓,↓,VP_LOCKED_CANDIDATE,65.45516097290655,CBI_STABLE,COST_NEUTRAL,-0.011864601501874628,0.003489566898872809,-0.00122526363607256,Improving,0.003489566898872809,5.198301886792453,C
00357,美兰空港,2019-11-30,-3.4951,1.26,-0.844525576265887,0.25,0.7826086956521738,T2,0.7779802366149581,-0.4354418697230389,↓,↓,VP_DECLINE_SILENT,59.88443360760171,CBI_STABLE,COST_DISADVANTAGE,-0.03847045366433843,-0.03862574477195424,-0.03986258419173705,Deteriorating,-0.03862574477195424,-2.7738888888888886,C
00357,美兰空港,2019-12-31,11.2676,3.58,0.6479752058197843,0.8333333333333334,1.7722772277227723,T4,1.7790083786824984,1.3056251361436306,↑↑,↑↑,VP_OVERHEAT,39.87264330156894,CBI_ACTIVE,COST_ADVANTAGE,0.07794435012804657,0.08640165844147729,0.08046533084064977,Deteriorating,0.08640165844147729,3.1473743016759776,C
00357,美兰空港,2020-01-31,1.087,5.84,1.9608270179984055,0.9166666666666666,2.2533762057877813,T5,2.256196010862272,4.512711963318049,↑↑,↑↑,VP_NEUTRAL,33.23698437018975,CBI_ACTIVE,COST_NEUTRAL,-0.04557204424559169,-0.0818118261821501,0.09023445679761743,Stable,-0.0818118261821501,0.18613013698630138,C
00357,美兰空港,2020-02-29,18.1488,4.57,1.0128829852770445,0.8333333333333334,1.5352743561030238,T4,1.5364027078508087,2.6498756862240067,↑↑,↑↑,VP_OVERHEAT,35.319207988430314,CBI_ACTIVE,COST_NEUTRAL,-0.03488080070655497,-0.00010072535564786822,0.2719401995972204,Deteriorating,-0.00010072535564786822,3.9712910284463896,C
00357,美兰空港,2020-03-31,-1.791,8.83,4.167167278357214,1.0,2.107398568019093,T5,2.112268398862495,1.4683334357147246,↑↑,↑↑,VP_PANIC,24.181652256052256,CBI_TURBULENT,COST_NEUTRAL,-0.002219343435865051,-0.03324879666884584,0.009915310680796763,Deteriorating,-0.03324879666884584,-0.20283125707814267,C
00357,美兰空港,2020-04-30,19.5195,6.87,1.6097614427701805,0.9166666666666666,1.3318255250403879,T5,1.3315633972775676,0.1790914719369292,↑,↑,VP_EXPANSION,24.380213691350313,CBI_TURBULENT,COST_NEUTRAL,0.018590663786939965,0.010357020389530902,0.22172125729774206,Stable,0.010357020389530902,2.8412663755458514,C
00357,美兰空港,2020-05-31,17.0483,6.52,1.1707998127044754,0.8333333333333334,1.08036454018227,T4,1.0774123262486541,0.42261442593884047,→,→,VP_STABLE_ASCENT,25.953037646763978,CBI_TURBULENT,COST_ADVANTAGE,0.08029867136974178,0.1148790612590962,0.4120396441129681,Stable,0.1148790612590962,2.614769938650307,C
00357,美兰空港,2020-06-30,16.0256,27.6,9.364404699994003,1.0,2.7494604017931263,T5,2.7496300744466535,2.1174630431536507,↑↑,↑↑,VP_OVERHEAT,9.937705683669778,CBI_TURBULENT,COST_NEUTRAL,-0.048379105498931985,-0.05963592362011194,0.043227510551002934,Deteriorating,-0.05963592362011194,0.5806376811594203,C
00357,美兰空港,2020-07-31,331.1927,100.88,13.214834234761213,1.0,3.898241772396471,T5,3.897844601483682,13.679036174093275,↑↑,↑↑,VP_OVERHEAT,2.949769059221361,CBI_TURBULENT,COST_ADVANTAGE,0.011717789598366002,0.4577723759598771,3.5148888578174162,Deteriorating,0.4577723759598771,3.2830362807295796,C
00357,美兰空港,2020-08-31,-3.8462,45.75,1.0884128673342197,0.9166666666666666,1.3973021124968186,T4,1.3976148423148291,6.037277404712187,↑,↑,VP_SELLING_ACTIVE,5.59069940934626,CBI_TURBULENT,COST_NEUTRAL,0.025267598312356032,-0.04888048696060565,3.3227659276975263,Deteriorating,-0.04888048696060565,-0.08406994535519126,C
00357,美兰空港,2020-09-30,-3.4406,20.98,0.05678558990070712,0.75,0.603451581975072,T3,0.60376314099096,-0.2394908909767144,↓,↓,VP_DECLINE_SILENT,11.083418124933962,CBI_TURBULENT,COST_NEUTRAL,0.0003893486055879247,-0.0011773031040251958,0.1516453436079579,Deteriorating,-0.0011773031040251958,-0.16399428026692087,C
00357,美兰空港,2020-10-31,-24.023,15.82,-0.1886796755175758,0.6666666666666666,0.43631349115145945,T3,0.4363529477946188,-0.8431508464952903,↓,↓,VP_DECLINE_SILENT,13.849658946139053,CBI_TURBULENT,COST_DISADVANTAGE,-0.03173194181182548,-0.09705648585385185,-0.12501428491395383,Deteriorating,-0.09705648585385185,-1.518520859671302,C
00357,美兰空港,2020-11-30,-1.3825,13.92,-0.30962365162864364,0.5833333333333334,0.3712825072238275,T3,0.37120707221427046,-0.6958674720687889,↓,↓,VP_SHRINK,16.576538565442817,CBI_TURBULENT,COST_DISADVANTAGE,0.07681756975851406,-0.03873351651939805,-0.15016516023412751,Stable,-0.03873351651939805,-0.09931752873563218,C
00357,美兰空港,2020-12-31,28.6385,15.82,-0.279817793407985,0.6666666666666666,0.44527841628747006,T3,0.4454351463879634,-0.24599845623602112,↓,↓,VP_LOCKED_CANDIDATE,13.89505528407125,CBI_TURBULENT,COST_ADVANTAGE,0.053505444873417796,0.11881473768356465,0.1522790588675167,Improving,0.11881473768356465,1.8102718078381794,C
00357,美兰空港,2021-01-31,7.1599,38.99,0.5491337098502664,0.8333333333333334,1.5464040190375463,T4,1.5459759597350582,1.464136558671759,↑↑,↑↑,VP_OVERHEAT,10.96875505625816,CBI_TURBULENT,COST_ADVANTAGE,-0.00619045668614715,0.11718006187006158,0.2588158088358028,Deteriorating,0.11718006187006158,0.18363426519620416,C
00357,美兰空港,2021-02-28,-25.5866,24.97,-0.09467942679459371,0.6666666666666666,1.1480459770114941,T3,1.1483601578923675,0.7949060575662856,↑,↑,VP_SELLING_ACTIVE,16.597896458652507,CBI_TURBULENT,COST_DISADVANTAGE,-0.04244005798940298,-0.14523315895389322,-0.06640163843580782,Deteriorating,-0.14523315895389322,-1.0246936323588307,C
00357,美兰空港,2021-03-31,1.6517,34.2,0.20638594131964638,0.75,1.4277762315613696,T3,1.4276396642473366,1.1608605713520102,↑,↑,VP_EXPANSION,13.819952211362228,CBI_TURBULENT,COST_DISADVANTAGE,0.05893606400980955,-0.02037568805940959,-0.1071710374254281,Improving,-0.02037568805940959,0.0482953216374269,C
00357,美兰空港,2021-04-30,10.7383,6.29,-1.019655117833018,0.08333333333333333,0.28124301363737986,T2,0.2813806902074562,-0.8385609909794665,↓,↓,VP_LOCKED_CANDIDATE,35.84247893438912,CBI_ACTIVE,COST_NEUTRAL,0.00962698809486806,0.009626998908758067,-0.12959067164074234,Improving,0.009626998908758067,1.7072019077901432,C
00357,美兰空港,2021-05-31,8.3333,9.74,-0.877979720673195,0.16666666666666666,0.44950388431659105,T2,0.44993738350395696,-0.6096459390008474,↓,↓,VP_LOCKED_CANDIDATE,33.54708691484607,CBI_ACTIVE,COST_NEUTRAL,0.10326098432351283,0.07987816390382707,-0.05705656094413758,Improving,0.07987816390382707,0.8555749486652977,C
00357,美兰空港,2021-06-30,-9.8611,16.12,-0.5365126375371124,0.5,0.7422300667638708,T2,0.7420856730495428,-0.5286652039301123,↓,↓,VP_DECLINE_SILENT,23.08081441163293,CBI_TURBULENT,COST_DISADVANTAGE,-0.019356497026298602,-0.024291068268709415,-0.019627757040549643,Deteriorating,-0.024291068268709415,-0.6117307692307692,C
00357,美兰空港,2021-07-31,-23.2308,12.89,-0.7635317502531339,0.25,0.7421552634104212,T2,0.7408375882521785,1.044481359003461,↓,↓,VP_DECLINE_SILENT,33.111862206555905,CBI_ACTIVE,COST_DISADVANTAGE,-0.057139090928933545,-0.09048115730276807,-0.2462161028709312,Deteriorating,-0.09048115730276807,-1.8022342901474009,C
00357,美兰空港,2021-08-31,-3.5433,9.32,-1.0176821054797616,0.16666666666666666,0.6314363143631436,T2,0.6307463142946313,-0.04551704322893779,↓,↓,VP_DECLINE_SILENT,37.30246966516648,CBI_ACTIVE,COST_NEUTRAL,-0.013847826770492677,0.0007061292313541578,-0.25981140362075406,Deteriorating,0.0007061292313541578,-0.38018240343347637,C
00357,美兰空港,2021-09-30,32.5203,22.79,0.4808826486960699,0.75,1.772391445236552,T3,1.7721856817702288,0.413063475298018,↑↑,↑↑,VP_OVERHEAT,17.765502949056557,CBI_TURBULENT,COST_ADVANTAGE,0.011426110067196182,0.0651455267569312,0.14668751328672736,Deteriorating,0.0651455267569312,1.4269548047389207,C
00357,美兰空港,2021-10-31,-4.9699,7.68,-1.095212059859148,0.16666666666666666,0.586707410236822,T2,0.5861543139908499,-0.40407396596813683,↓,↓,VP_DECLINE_SILENT,36.86724848789879,CBI_ACTIVE,COST_NEUTRAL,0.0074364933601878125,-0.006610885137054545,0.10975432650908745,Deteriorating,-0.006610885137054545,-0.6471223958333333,C
00357,美兰空港,2021-11-30,-18.0354,6.95,-1.0667505030978597,0.16666666666666666,0.5504950495049505,T2,0.5505072364874827,-0.2539307364312403,↓,↓,VP_DECLINE_SILENT,36.48289955077839,CBI_ACTIVE,COST_DISADVANTAGE,-0.05034453967721031,-0.05603760404567071,-0.10480990143720215,Deteriorating,-0.05603760404567071,-2.595021582733813,C
00357,美兰空港,2021-12-31,-6.4202,5.03,-1.1223958362202284,0.08333333333333333,0.4667491493968451,T2,0.4691919534380621,-0.7781586761015195,↓,↓,VP_DECLINE_SILENT,39.042279342026916,CBI_ACTIVE,COST_NEUTRAL,0.0030809035329351087,-0.00473357721371348,-0.14454190288955293,Deteriorating,-0.00473357721371348,-1.2763817097415506,C
00357,美兰空港,2022-01-31,-13.0252,6.51,-0.857232577349943,0.25,0.6702127659574468,T2,0.6697682411168319,-0.15197421189820548,↓,↓,VP_DECLINE_SILENT,34.66088869729867,CBI_ACTIVE,COST_DISADVANTAGE,-0.0052710380329510365,-0.03914099512656388,-0.2637013467698023,Deteriorating,-0.03914099512656388,-2.0007987711213517,C
00357,美兰空港,2022-02-28,6.5217,5.68,-0.8039383954536201,0.16666666666666666,0.6237188872620791,T2,0.6240775546245836,-0.18175818973559066,↓,↓,VP_LOCKED_CANDIDATE,37.29598430414101,CBI_ACTIVE,COST_DISADVANTAGE,-0.04181934928010711,-0.05090754340418113,-0.21568186938522416,Improving,-0.05090754340418113,1.14818661971831,C
00357,美兰空港,2022-03-31,-19.5516,9.72,-0.036586828942866634,0.6666666666666666,1.4029348087563147,T3,1.4043936860454267,0.9261989765528784,↑,↑,VP_SELLING_ACTIVE,24.092332020917254,CBI_TURBULENT,COST_DISADVANTAGE,-0.016638448017526675,-0.02689299722810723,-0.12918018890524519,Deteriorating,-0.02689299722810723,-2.011481481481481,C
00357,美兰空港,2022-04-30,-14.4647,13.44,0.6383968472620942,0.8333333333333334,1.7037819564758083,T4,1.7047845615330122,1.070060148792328,↑↑,↑↑,VP_PANIC,18.122705305194373,CBI_TURBULENT,COST_DISADVANTAGE,0.02663466217656385,-0.09178861052794551,-0.27091897644129237,Deteriorating,-0.09178861052794551,-1.0762425595238096,C
00357,美兰空港,2022-05-31,3.3766,16.2,1.101677250779888,0.9166666666666666,1.7179215270413573,T4,1.7154044004077988,1.848923399769303,↑↑,↑↑,VP_OVERHEAT,15.030883734866427,CBI_TURBULENT,COST_NEUTRAL,0.17347798668685788,0.14628587723546427,-0.22723236384456547,Deteriorating,0.14628587723546427,0.2084320987654321,C
00357,美兰空港,2022-06-30,42.5926,21.6,2.1512083912246025,0.9166666666666666,1.771701982228298,T5,1.7703574232124775,1.2175302830111838,↑↑,↑↑,VP_OVERHEAT,13.334665521105373,CBI_TURBULENT,COST_ADVANTAGE,0.17524583974221297,0.1779590726267124,0.3592166712881384,Deteriorating,0.1779590726267124,1.9718796296296295,C
00357,美兰空港,2022-07-31,-16.71,12.78,0.23639389671145142,0.6666666666666666,0.9654998740871317,T3,0.964552308334596,-0.05159633227187477,→,→,VP_NEUTRAL,21.52392611858345,CBI_TURBULENT,COST_NEUTRAL,-0.09703420150823361,-0.09956940184764018,0.13209215392137574,Stable,-0.09956940184764018,-1.307511737089202,C
00357,美兰空港,2022-08-31,-3.5343,7.27,-0.7337243754877447,0.4166666666666667,0.5384520429576595,T2,0.5382737986755501,-0.5511025909833225,↓,↓,VP_DECLINE_SILENT,29.769604928177447,CBI_TURBULENT,COST_NEUTRAL,-0.035254996927747806,-0.047242075107059134,0.09208058091375948,Deteriorating,-0.047242075107059134,-0.48614855570839066,C
00357,美兰空港,2022-09-30,2.4946,10.52,0.05252033252160152,0.6666666666666666,0.7715438210487715,T3,0.7707983509969275,-0.5133032417086993,↓,↓,VP_LOCKED_CANDIDATE,23.694981583174673,CBI_TURBULENT,COST_NEUTRAL,0.04185382039476537,0.01286693318974419,-0.05438851666122424,Improving,0.01286693318974419,0.23712927756653995,C
00357,美兰空港,2022-10-31,-35.3814,11.99,0.3014309344005221,0.6666666666666666,0.8952215032354406,T3,0.8951497606279444,-0.06174859692875034,↓,↓,VP_DECLINE_SILENT,23.62503652922659,CBI_TURBULENT,COST_DISADVANTAGE,-0.10601977444614319,-0.20110544908068484,-0.3896052858871395,Deteriorating,-0.20110544908068484,-2.9509090909090907,C
00357,美兰空港,2022-11-30,77.0833,29.56,3.902970896175407,1.0,1.8924455825864277,T5,1.8943877882810707,3.070212761054341,↑↑,↑↑,VP_OVERHEAT,9.056723202773526,CBI_TURBULENT,COST_ADVANTAGE,0.2133767489358529,0.2871440952962778,0.06318751433592529,Deteriorating,0.2871440952962778,2.607689445196211,C
00357,美兰空港,2022-12-31,6.5022,25.41,1.8016948227016183,0.9166666666666666,1.5632113195939712,T5,1.5638390773515622,1.419304371624449,↑↑,↑↑,VP_OVERHEAT,12.055238722521239,CBI_TURBULENT,COST_ADVANTAGE,0.00527892046727052,0.021937936119966306,0.2604691709714655,Deteriorating,0.021937936119966306,0.2558913813459268,C
00357,美兰空港,2023-01-31,-0.6316,20.26,0.737138350346918,0.75,1.1576040377106942,T4,1.1575209637287218,0.6910591044800718,↑,↑,VP_DIVERGENCE_HIGH,17.66594018962609,CBI_TURBULENT,COST_NEUTRAL,-0.0661503169505544,-0.001260143876813613,0.2525083130495407,Deteriorating,-0.001260143876813613,-0.031174728529121423,C
00357,美兰空港,2023-02-28,-18.1356,11.77,-0.6645142441269623,0.3333333333333333,0.6448726143731166,T2,0.6457696271550153,-0.6014721249755799,↓,↓,VP_DECLINE_SILENT,31.75332725985744,CBI_ACTIVE,COST_NEUTRAL,-0.05721397782693638,-0.10036732086336908,0.025358500343945822,Deteriorating,-0.10036732086336908,-1.5408326253186067,C
00357,美兰空港,2023-03-31,-6.1425,13.81,-0.39882839146556226,0.5833333333333334,0.7345744680851064,T3,0.7353202670092023,-0.45585297956646564,↓,↓,VP_DECLINE_SILENT,23.74667033843305,CBI_TURBULENT,COST_NEUTRAL,0.006492881817557361,-0.00899028062461038,-0.1223575426546506,Deteriorating,-0.00899028062461038,-0.4447863866763215,C
00357,美兰空港,2023-04-30,-15.1832,7.81,-1.3179651102770802,0.16666666666666666,0.4314122629350027,T2,0.43096070906282163,-0.6146661832057432,↓,↓,VP_DECLINE_SILENT,37.43786167526571,CBI_ACTIVE,COST_DISADVANTAGE,-0.041092356684054865,-0.11187951577835575,-0.2556121565971383,Deteriorating,-0.11187951577835575,-1.9440717029449424,C
00357,美兰空港,2023-05-31,-22.2353,12.29,-0.4861818441164598,0.5,0.8072249589490968,T3,0.8059570512844444,0.04118837123070951,↓,↓,VP_DECLINE_SILENT,28.26571479925923,CBI_TURBULENT,COST_DISADVANTAGE,-0.041555998374731895,-0.0823124399642996,-0.3925427598897634,Deteriorating,-0.0823124399642996,-1.8092188771358828,C
00357,美兰空港,2023-06-30,-25.7645,19.67,0.7045389110264674,0.75,1.3785772690106295,T4,1.3782020790140639,0.4220791364941803,↑,↑,VP_SELLING_ACTIVE,19.56206144755134,CBI_TURBULENT,COST_DISADVANTAGE,-0.03188162641749093,-0.17854689340579333,-0.3004168280178575,Deteriorating,-0.17854689340579333,-1.3098373157092018,C
00357,美兰空港,2023-07-31,20.9063,12.2,-0.47492734543349635,0.5,0.9439071566731141,T3,0.9436904239394605,0.5628582846060246,→,→,VP_STABLE_ASCENT,27.248417376930746,CBI_TURBULENT,COST_NEUTRAL,0.06632182334574388,0.07270877141716614,-0.15415999597627683,Improving,0.07270877141716614,1.7136311475409838,C
00357,美兰空港,2023-08-31,-36.1864,18.35,0.3701479625129955,0.6666666666666666,1.3086889337929395,T3,1.3088258168768931,0.495208196931221,↑,↑,VP_SELLING_ACTIVE,21.57720201942642,CBI_TURBULENT,COST_DISADVANTAGE,-0.1429001784249504,-0.18611073090061914,-0.4574808151364024,Deteriorating,-0.18611073090061914,-1.9720108991825611,C
00357,美兰空港,2023-09-30,-5.8824,14.73,-0.3034920195110732,0.5833333333333334,1.039153439153439,T3,1.0397249581629793,-0.2507866167879612,→,→,VP_NEUTRAL,24.573449992009863,CBI_TURBULENT,COST_NEUTRAL,0.038437086601540216,-0.014451622994893665,-0.20656737472682762,Stable,-0.014451622994893665,-0.39934826883910385,C
00357,美兰空港,2023-10-31,-11.9444,8.69,-1.3275931415058786,0.16666666666666666,0.6067729547305946,T2,0.6054373885119769,-0.2895365484557425,↓,↓,VP_DECLINE_SILENT,37.944940093216104,CBI_ACTIVE,COST_DISADVANTAGE,0.036914609559547173,-0.03911726154035777,-0.3013384938566789,Deteriorating,-0.03911726154035777,-1.374499424626007,C
00357,美兰空港,2023-11-30,11.0078,8.58,-1.2551945365175061,0.16666666666666666,0.6261250304062271,T2,0.6279378817451113,-0.5310724069080643,↓,↓,VP_LOCKED_CANDIDATE,39.35905985461765,CBI_ACTIVE,COST_NEUTRAL,-0.03484097616997339,0.0011720859925010707,-0.2109753337561231,Improving,0.0011720859925010707,1.282960372960373,C
00357,美兰空港,2023-12-31,-1.1412,5.5,-1.8939257300140588,0.08333333333333333,0.4849375459221161,T1,0.48394132411308904,-0.6275241031998195,↓,↓,VP_SHRINK,43.694552278819835,CBI_ACTIVE,COST_ADVANTAGE,0.005475153071234251,0.05514526704903133,0.019107223880273416,Stable,0.05514526704903133,-0.2074909090909091,C
00357,美兰空港,2024-01-31,-15.5844,14.39,0.541123271305748,0.75,1.2292141230068339,T4,1.2292176346556323,0.6602107716667396,↑,↑,VP_SELLING_ACTIVE,23.328283874987836,CBI_TURBULENT,COST_DISADVANTAGE,-0.03820180057121625,-0.044372115637126064,-0.13971468114002905,Deteriorating,-0.044372115637126064,-1.083002084781098,C
00357,美兰空港,2024-02-29,23.5,14.7,0.5520644641973519,0.75,1.324523201681934,T4,1.3236931579688553,0.706700903689425,↑,↑,VP_EXPANSION,23.17768702047403,CBI_TURBULENT,COST_ADVANTAGE,-0.0005301011386686927,0.039770883283606784,0.08969473722263,Stable,0.039770883283606784,1.598639455782313,C
00357,美兰空港,2024-03-31,-5.6376,9.02,-0.8035586135153794,0.4166666666666667,0.8889618922470434,T2,0.8908348990909798,0.6468013078697012,↓,↓,VP_DECLINE_SILENT,34.21843549433118,CBI_ACTIVE,COST_NEUTRAL,-0.001692538476765093,-0.02054689423738043,0.040056620319609326,Deteriorating,-0.02054689423738043,-0.6250110864745011,C
00357,美兰空港,2024-04-30,9.2857,16.34,0.9101333272092681,0.8333333333333334,1.4306143294907339,T4,1.4300174827063168,0.1353404183639093,↑,↑,VP_EXPANSION,20.41423720038119,CBI_TURBULENT,COST_ADVANTAGE,0.05626707267923514,0.13164244883203202,0.13178280874039983,Stable,0.13164244883203202,0.56828029375765,C
00357,美兰空港,2024-05-31,28.4404,13.05,0.02921339967796073,0.5,1.0726027397260276,T3,1.07239939824868,-0.11180726217589221,→,→,VP_STABLE_ASCENT,30.951872476107532,CBI_ACTIVE,COST_ADVANTAGE,0.02996244107712287,0.10692653094926219,0.4498655589092706,Improving,0.10692653094926219,2.179340996168582,C
00357,美兰空港,2024-06-30,-22.7136,6.99,-1.4280493069905047,0.16666666666666666,0.563028594442207,T2,0.5632143595000983,-0.22639134038714714,↓,↓,VP_DECLINE_SILENT,42.13831111005132,CBI_ACTIVE,COST_DISADVANTAGE,-0.0004048855511984417,-0.06783754723706448,-0.013739801371853932,Deteriorating,-0.06783754723706448,-3.249442060085837,C
00357,美兰空港,2024-07-31,-0.5202,11.76,-0.02206385293296901,0.5,0.9819092680211522,T3,0.9809781368555407,-0.28098192608578365,→,→,VP_NEUTRAL,31.49931823137838,CBI_ACTIVE,COST_NEUTRAL,0.0006670348617510147,-0.011785382725122417,-0.01886989343233847,Stable,-0.011785382725122417,-0.04423469387755102,C
00357,美兰空港,2024-08-31,-8.0,8.39,-0.8220495342681822,0.25,0.7679633867276889,T2,0.7683319881499264,-0.3564927364864865,↓,↓,VP_DECLINE_SILENT,41.776446190713024,CBI_ACTIVE,COST_NEUTRAL,0.014790590441146723,-0.017084297144826066,-0.1150591195664229,Deteriorating,-0.017084297144826066,-0.9535160905840285,C
00357,美兰空港,2024-09-30,28.5298,16.17,1.6268367598136608,0.9166666666666666,1.334525447042641,T5,1.3345841277753074,1.3120950917500003,↑,↑,VP_EXPANSION,18.327042775387085,CBI_TURBULENT,COST_ADVANTAGE,0.20102513451934212,0.1960582215749045,0.1908662971099664,Stable,0.1960582215749045,1.7643661100803958,C
00357,美兰空港,2024-10-31,5.3107,28.74,4.760098784663587,1.0,2.026321974148061,T5,2.026124272770361,1.445651722067982,↑↑,↑↑,VP_OVERHEAT,11.087616805462886,CBI_TURBULENT,COST_ADVANTAGE,0.030007624867574023,0.043966457887095745,0.2569506103131243,Deteriorating,0.043966457887095745,0.18478427279053583,C
00357,美兰空港,2024-11-30,-9.1579,16.66,0.5728987630715688,0.9166666666666666,1.1268177206628338,T4,1.1273419416802801,0.9851661201035395,↑,↑,VP_SELLING_ACTIVE,14.009249038243595,CBI_TURBULENT,COST_NEUTRAL,0.0803243993654974,-0.009963385736991404,0.16389310804745305,Deteriorating,-0.009963385736991404,-0.5496938775510204,C
00357,美兰空港,2024-12-31,4.6644,19.54,0.9518946884506387,0.9166666666666666,1.1578115741655146,T4,1.1579566866826467,0.2085549380400955,↑,↑,VP_EXPANSION,14.683062974629358,CBI_TURBULENT,COST_NEUTRAL,0.004830955731723652,-0.01799042847103871,0.021524566013875424,Stable,-0.01799042847103871,0.23871033776867961,C
00357,美兰空港,2025-01-31,-13.9434,10.89,-0.6497460379883426,0.3333333333333333,0.6508616396055384,T2,0.6497346877938645,-0.6216979366601325,↓,↓,VP_DECLINE_SILENT,33.655008839981825,CBI_ACTIVE,COST_DISADVANTAGE,-0.007737611449440407,-0.05954846203988007,-0.1228212965750417,Deteriorating,-0.05954846203988007,-1.2803856749311295,C
00357,美兰空港,2025-02-28,4.586,24.66,1.7471400827268602,0.9166666666666666,1.2683010457740445,T5,1.2687733131891081,0.47993774746233964,↑,↑,VP_EXPANSION,13.827695782140896,CBI_TURBULENT,COST_DISADVANTAGE,-0.03059174678037202,-0.020217518326513195,-0.08840036011153063,Stable,-0.020217518326513195,0.18596918085969183,C
00357,美兰空港,2025-03-31,9.9274,21.53,0.9131211593528394,0.8333333333333334,1.058678905097525,T4,1.0584193206659416,0.10129223329220616,→,→,VP_STABLE_ASCENT,17.438306039940386,CBI_TURBULENT,COST_NEUTRAL,-0.02513562223338639,0.006921629680116892,0.052865559629357906,Stable,0.006921629680116892,0.46109614491407336,C
00357,美兰空港,2025-04-30,5.1479,27.84,1.773995578514907,0.9166666666666666,1.3791281373844124,T5,1.3796142592836167,1.562036321757978,↑,↑,VP_EXPANSION,14.352573455340242,CBI_TURBULENT,COST_NEUTRAL,-0.05599467921038681,0.013008210960991029,0.11316182515879247,Stable,0.013008210960991029,0.18491020114942527,C
00357,美兰空港,2025-05-31,-2.4299,24.09,0.901141591188211,0.75,1.12438739789965,T4,1.124736136085885,-0.02311699219099017,↑,↑,VP_SELLING_ACTIVE,21.049337875814608,CBI_TURBULENT,COST_NEUTRAL,0.008592271392375839,0.009112330278054248,0.21056348486018694,Deteriorating,0.009112330278054248,-0.1008675799086758,C
00357,美兰空港,2025-06-30,2.4904,15.56,-0.5372556973417718,0.3333333333333333,0.7494581359877981,T2,0.749662323076963,-0.2768128901705691,↓,↓,VP_LOCKED_CANDIDATE,36.17265996995606,CBI_ACTIVE,COST_NEUTRAL,0.005192089062894478,0.01980097194602415,0.0677550222415757,Improving,0.01980097194602415,0.16005141388174807,C
00357,美兰空港,2025-07-31,0.9346,38.1,2.9505381157328476,1.0,1.5061272894979576,T5,1.505647482407156,0.367724445316729,↑↑,↑↑,VP_NEUTRAL,13.16490091451908,CBI_TURBULENT,COST_NEUTRAL,-0.05997642566553274,-0.03831764544881899,0.07773404114102966,Stable,-0.03831764544881899,0.02453018372703412,C
00357,美兰空港,2025-08-31,-3.4323,17.85,-0.5919785906421832,0.4166666666666667,0.7387735393529694,T2,0.7390457487311343,-0.25891780011286447,↓,↓,VP_DECLINE_SILENT,34.344616315532974,CBI_ACTIVE,COST_NEUTRAL,-0.0002934626723685163,-0.010902269258454056,0.038815867433159124,Deteriorating,-0.010902269258454056,-0.19228571428571428,C
00357,美兰空港,2025-09-30,1.2476,11.7,-1.4797345775597188,0.16666666666666666,0.5194612993932217,T2,0.5196777796358962,-0.24781643540007092,↓,↓,VP_SHRINK,45.372237555147414,CBI_ACTIVE,COST_NEUTRAL,0.017678072858518856,0.01766467440152608,-0.03163645513002167,Stable,0.01766467440152608,0.10663247863247864,C
00357,美兰空港,2025-10-31,-0.5682,15.46,-0.7118658635724415,0.25,0.7556207233626588,T2,0.755027339858745,-0.5944249381436408,↓,↓,VP_SHRINK,44.424982972276595,CBI_ACTIVE,COST_NEUTRAL,-0.0029306107235612666,-0.01016188980647792,-0.03622585581660931,Stable,-0.01016188980647792,-0.036752910737386804,C
00357,美兰空港,2025-11-30,-1.5238,13.73,-0.9209788598789863,0.25,0.7329181494661922,T2,0.7327045577879949,-0.23142201268728557,↓,↓,VP_DECLINE_SILENT,44.30459607722036,CBI_ACTIVE,COST_DISADVANTAGE,-0.0006502685974627553,-0.025185630860013353,-0.05091193801368965,Deteriorating,-0.025185630860013353,-0.11098324836125273,C
00357,美兰空港,2025-12-31,3.8835,23.07,0.37812295787707884,0.6666666666666666,1.154365774330748,T3,1.1545523529464379,0.9707652715443236,↑,↑,VP_EXPANSION,30.638295003054665,CBI_ACTIVE,COST_NEUTRAL,-0.020190668734395234,-0.006457459097797047,0.0019613807131435568,Improving,-0.006457459097797047,0.16833550065019506,C
00357,美兰空港,2026-01-31,-3.0841,19.9,-0.18460682608655685,0.5,1.1739258676629631,T3,1.17439977747985,0.2888083716152594,↑,↑,VP_SELLING_ACTIVE,36.51522417370968,CBI_ACTIVE,COST_DISADVANTAGE,-0.005479302408828102,-0.020818733192574768,-0.028940231963056173,Deteriorating,-0.020818733192574768,-0.15497989949748744,C
00357,美兰空港,2026-02-28,-16.1041,6.77,-1.9603641269601917,0.08333333333333333,0.4481959616021185,T1,0.44701512246265673,-0.5081325030349355,↓,↓,VP_DECLINE_SILENT,49.47486169351259,CBI_ACTIVE,COST_DISADVANTAGE,-0.018426592656791585,-0.09059342585515995,-0.1853211203547337,Deteriorating,-0.09059342585515995,-2.378744460856721,C
00357,美兰空港,2026-03-31,-26.7442,7.78,-1.4239378257970219,0.16666666666666666,0.5383462115096298,T2,0.5385435919237653,-0.662758144523812,↓,↓,VP_DECLINE_SILENT,42.17294253577879,CBI_ACTIVE,COST_DISADVANTAGE,-0.09542766089012555,-0.15005063532269547,-0.34862146237847746,Deteriorating,-0.15005063532269547,-3.4375578406169662,C
00357,美兰空港,2026-04-30,-5.6923,5.26,-1.4794846243282729,0.08333333333333333,0.4124950986799111,T2,0.4116194946167319,-0.7364554661067766,↓,↓,VP_DECLINE_SILENT,43.90187684623088,CBI_ACTIVE,COST_DISADVANTAGE,0.004913096287290752,-0.026399612991160337,-0.36619834355239156,Deteriorating,-0.026399612991160337,-1.0821863117870723,C
00357,美兰空港,2026-05-31,-19.739,6.9,-1.0272108459389866,0.25,0.5941446613088406,T2,0.5949048405870758,0.02322082730049191,↓,↓,VP_DECLINE_SILENT,36.51494548270605,CBI_ACTIVE,COST_DISADVANTAGE,0.00557200102339972,-0.0836864278211038,-0.4913043801431919,Deteriorating,-0.0836864278211038,-2.8607246376811593,C
00357,美兰空港,2026-06-30,-15.074309978768575,7.18,-0.8684447569314245,0.3333333333333333,0.8008923591745677,T2,0.8017108909501873,-0.07639207708905604,↓,↓,VP_DECLINE_SILENT,32.87372311395414,CBI_ACTIVE,COST_DISADVANTAGE,-0.07375122222860553,-0.10730734329261904,-0.24395099917119611,Deteriorating,-0.10730734329261904,-2.0994860694663755,C
00357,,2026-07-31,35.74999999999999,5.09,-1.2430363076101993,0.08333333333333333,0.7834787070292458,T2,0.7848138843831546,-0.028540975442892802,↓,↓,VP_LOCKED_CANDIDATE,41.63278291502205,CBI_ACTIVE,COST_ADVANTAGE,0.025810183397999342,0.19120844792870884,0.026336518625101224,Improving,0.19120844792870884,7.023575638506875,C
00371,北控水务,2010-01-31,-6.6015,6.64,,,,,,,,,VP_NEUTRAL,,,,-0.7736202038315937,-0.8577598510121272,,Stable,-0.8577598510121272,-0.9942018072289157,C
00371,北控水务,2010-02-28,7.9327,1.59,,,,,,,,,VP_NEUTRAL,,,,-0.7402480273556805,-0.7981141776699455,,Stable,-0.7981141776699455,4.989119496855346,C
00371,北控水务,2010-03-31,44.3128,3.68,,,0.9269521410579346,,0.9354277434132826,,→,→,VP_STABLE_ASCENT,,,,-0.6732877201718124,,-0.6604805950661752,Improving,,12.041521739130435,C
00371,北控水务,2010-04-30,17.4114,3.2,,,0.8471211118464593,,0.8561212401770257,-0.5078248083438226,↓,↓,VP_LOCKED_CANDIDATE,,,,-0.6351713804168854,,-0.5751826164867413,Improving,,5.4410625,C
00371,北控水务,2010-05-31,-39.3701,3.53,,,0.9468884120171672,,0.9570026436007132,1.2324254742547427,→,→,VP_NEUTRAL,,,,-0.725341264973431,,-0.7424335548777881,Stable,,-11.15300283286119,C
00371,北控水务,2010-06-30,-31.3433,3.37,-0.2189196701941694,0.5,0.9186733303044071,T3,0.927530520419567,-0.07725750099468953,→,→,VP_NEUTRAL,31.928127239563157,CBI_ACTIVE,,-0.8132951438202053,,-0.8223537760868291,Stable,,-9.300682492581602,C
00371,北控水务,2010-07-31,25.3165,3.54,-0.08562572340148351,0.7142857142857143,1.1232152300370175,T3,1.1198646066824025,0.10215487457174399,↑,↑,VP_EXPANSION,26.230197332580033,CBI_TURBULENT,,-0.7538056451574734,,-0.7815282463676532,Improving,,7.151553672316385,C
00371,北控水务,2010-08-31,-5.0505,4.04,0.2809153434414859,0.875,1.1348314606741572,T3,1.22955131228359,0.26074507864839336,↑,↑,VP_SELLING_ACTIVE,21.897983233458174,CBI_TURBULENT,COST_NEUTRAL,-0.7794415468223737,3.4131844051992504,-0.7925621733187818,Deteriorating,3.4131844051992504,-1.2501237623762378,C
00371,北控水务,2010-09-30,13.6247,3.1,-0.45879731742090163,0.2222222222222222,0.8950914340712224,T3,1.0737500515937306,0.16741681789680074,→,↓,VP_NEUTRAL,44.272814897887145,CBI_ACTIVE,COST_DISADVANTAGE,-0.741624382131048,-0.8261739078586354,-0.7318786136676318,Stable,-0.8261739078586354,4.3950645161290325,C
00371,北控水务,2010-10-31,17.0163,4.48,0.6811039562153709,0.9,1.2184950135992747,T4,1.3954875445021981,0.6203023740926252,↑,↑,VP_EXPANSION,22.499272049611804,CBI_TURBULENT,COST_DISADVANTAGE,-0.7211716767384319,-0.8126773393354498,-0.6954820453872198,Stable,-0.8126773393354498,3.79828125,C
00371,北控水务,2010-11-30,-2.5896,5.68,1.6251130396627942,0.9090909090909091,1.4076827757125154,T5,1.5453261832725744,0.6351671690695513,↑↑,↑,VP_NEUTRAL,21.304585254205616,CBI_TURBULENT,COST_DISADVANTAGE,-0.7264324090234967,-0.8209144919496207,-0.7033679685146423,Stable,-0.8209144919496207,-0.45591549295774647,C
00371,北控水务,2010-12-31,30.0613,7.33,2.67794865350091,1.0,1.5612353567625135,T5,1.6398661530707392,1.3770471420915595,↑↑,↑↑,VP_OVERHEAT,15.510946417443567,CBI_TURBULENT,COST_DISADVANTAGE,-0.670827867267301,-0.7720492804602449,-0.6520539811870937,Deteriorating,-0.7720492804602449,4.101132332878581,C
00371,北控水务,2011-01-31,4.6089,7.3,2.3463392176214146,0.9166666666666666,1.3717507046664579,T5,1.3954957401683534,0.6335494201728149,↑,↑,VP_EXPANSION,17.783956480077965,CBI_TURBULENT,COST_DISADVANTAGE,-0.6318954459760154,-0.7677800105588655,-0.5902333835049264,Stable,-0.7677800105588655,0.6313561643835617,C
00371,北控水务,2011-02-28,32.3097,4.54,0.04168415060319582,0.75,0.8399629972247918,T3,1.05978520569806,0.04896995233054513,→,↓,VP_NEUTRAL,24.745345651384902,CBI_TURBULENT,COST_DISADVANTAGE,-0.6287465858137584,-0.6534934599933959,-0.457838829176745,Stable,-0.6534934599933959,7.116674008810572,C
00371,北控水务,2011-03-31,-7.0636,4.79,0.15809630822839035,0.75,0.8423212192262602,T3,1.1365556013085114,-0.019109295731624898,↑,↓,VP_NEUTRAL,24.86388388973611,CBI_TURBULENT,COST_DISADVANTAGE,-0.6376960866088401,-0.999301388418699,-0.611587478517224,Stable,-0.999301388418699,-1.4746555323590815,C
00371,北控水务,2011-04-30,-30.8183,5.35,0.4575608549640008,0.75,0.9174049728493854,T3,1.159437933326068,0.0999670523223295,↑,→,VP_NEUTRAL,25.510327484752757,CBI_TURBULENT,COST_DISADVANTAGE,-0.7440708738128126,-0.7757876335215299,-0.7254543414926306,Stable,-0.7757876335215299,-5.760429906542057,C
00371,北控水务,2011-05-31,-13.2159,2.71,-1.5618314079080424,0.08333333333333333,0.5078076202373516,T1,0.6124070971089774,-0.3191163261927382,↓,↓,VP_DECLINE_SILENT,46.609082059671174,CBI_ACTIVE,COST_DISADVANTAGE,-0.7432613887090032,-0.19166561573294394,-0.7507580888204988,Deteriorating,-0.19166561573294394,-4.876715867158672,C
00371,北控水务,2011-06-30,-42.3012,4.32,-0.33340531205653434,0.4166666666666667,0.8934850051706309,T3,0.9969775230801086,-0.09770657038876662,→,↓,VP_NEUTRAL,35.833568483519514,CBI_ACTIVE,,-0.8294258595863112,,-0.8545881617832483,Stable,,-9.791944444444445,C
00371,北控水务,2011-07-31,0.0,2.33,-1.8046631526748877,0.08333333333333333,0.5815307820299501,T1,0.5928998012956325,-0.5660271198864782,↓,↓,VP_SHRINK,45.53914099246703,CBI_ACTIVE,,-0.8172546163428162,,-0.8290025010999489,Stable,,0.0,C
00371,北控水务,2011-08-31,-41.8006,2.61,-1.3370390724038308,0.16666666666666666,0.7082767978290366,T2,0.7074460969570869,-0.03953396649377405,↓,↓,VP_DECLINE_SILENT,41.63258705902549,CBI_ACTIVE,,-0.9021096379157366,,-0.9228165902720468,Deteriorating,,-16.015555555555558,C
00371,北控水务,2011-09-30,-298.9529,2.16,-1.5437984195047687,0.08333333333333333,0.6652977412731007,T1,0.6711537323829517,-0.4957777637246622,↓,↓,VP_DECLINE_SILENT,42.803407172801776,CBI_ACTIVE,,-1.2726591168327577,,-1.1983353018346619,Deteriorating,,-138.40412037037035,C
00371,北控水务,2011-10-31,-133.5897,3.38,-0.6082626981738811,0.4166666666666667,1.1581953169617363,T2,1.1668856639292051,0.4716782920967306,↑,↑,VP_SELLING_ACTIVE,32.09816770947378,CBI_ACTIVE,,-0.9306000010941374,,-0.9316265143675244,Deteriorating,,-39.5235798816568,C
00371,北控水务,2011-11-30,247.5248,2.0,-1.2786881987062455,0.08333333333333333,0.7142857142857142,T2,0.7182114883735253,-0.2254005768060815,↓,↓,VP_LOCKED_CANDIDATE,42.13668049241675,CBI_ACTIVE,,-0.8260083640938546,,-0.8168008133053517,Improving,,123.7624,C
00371,北控水务,2011-12-31,-19.9501,1.91,-1.1815420883189292,0.08333333333333333,0.7963863794301598,T2,0.7962701598536622,-0.11986341163140746,↓,↓,VP_DECLINE_SILENT,43.50508981731031,CBI_ACTIVE,,-0.8470332429649812,,-0.8299077766656352,Deteriorating,,-10.445078534031413,C
00371,北控水务,2012-01-31,-2.9326,1.53,-1.4668024800619206,0.08333333333333333,0.6754966887417219,T2,0.6734429791540723,-0.5505775496432126,↓,↓,VP_DECLINE_SILENT,46.89249243370829,CBI_ACTIVE,,-0.8508597467960219,,-0.8246089535088015,Deteriorating,,-1.9167320261437908,C
00371,北控水务,2012-02-29,-12.4611,2.99,-0.01491225717905262,0.6666666666666666,1.2841803865425911,T3,1.2825929645174183,0.49060968065572874,↑,↑,VP_SELLING_ACTIVE,28.858370285359214,CBI_TURBULENT,,-0.8620393077238465,,-0.8511030692929704,Deteriorating,,-4.167591973244147,C
00371,北控水务,2012-03-31,-110.6762,2.09,-0.6972180944387832,0.3333333333333333,0.9021582733812948,T2,0.9019468289659939,0.0968154114137354,→,→,VP_NEUTRAL,42.07239575962209,CBI_ACTIVE,,-1.016402022810085,,-1.014465593443147,Stable,,-52.95511961722488,C
00371,北控水务,2012-04-30,-3100.0,1.3,-1.661336634727232,0.08333333333333333,0.6598984771573604,T1,0.656604665096641,-0.15239966165633478,↓,↓,VP_DECLINE_SILENT,54.89459402230021,CBI_STABLE,,-1.0172423631358076,,-1.014465593443147,Deteriorating,,-2384.6153846153848,C
00371,北控水务,2012-05-31,533.3333,1.27,-1.3871631416093948,0.08333333333333333,0.6871055004508566,T2,0.6972276439729643,-0.568800719475006,↓,↓,VP_LOCKED_CANDIDATE,53.238591331767196,CBI_STABLE,,-1.1199805666911102,,-1.0916154251399313,Improving,,419.9474803149606,C
00371,北控水务,2012-06-30,60.0,1.98,-0.2565080715252044,0.4166666666666667,1.064516129032258,T3,1.066148583299276,-0.05062688709785257,→,→,VP_STABLE_ASCENT,50.79849483434775,CBI_STABLE,,-1.2197951032695382,,-1.197914611017621,Improving,,30.303030303030305,C
00371,北控水务,2012-07-31,-3.0303,3.56,2.2893179614557386,1.0,1.6194086429112962,T5,1.6239702380899566,1.7701664384176734,↑↑,↑↑,VP_PANIC,27.32567311649512,CBI_TURBULENT,,-1.2154580922775629,,-1.197914611017621,Deteriorating,,-0.8512078651685393,C
00371,北控水务,2012-08-31,-9.6774,2.61,0.5508143261908249,0.75,1.2224824355971895,T4,1.2139685204500288,1.0144481565017025,↑,↑,VP_SELLING_ACTIVE,35.50731648151778,CBI_ACTIVE,,-1.179185715976156,,-1.1731752846404184,Deteriorating,,-3.7078160919540233,C
00371,北控水务,2012-09-30,-153.1579,3.16,1.2155075815124394,0.8333333333333334,1.3659942363112392,T4,1.3661023763739575,0.5954728984922746,↑,↑,VP_SELLING_ACTIVE,31.256566633599526,CBI_ACTIVE,,-0.9440006527135681,,-0.9362917959588481,Deteriorating,,-48.467689873417726,C
00371,北控水务,2012-10-31,-78.0142,2.09,-0.17549779415595027,0.6666666666666666,0.8548057259713702,T3,0.850602745566932,-0.41779306896069746,↓,↓,VP_DECLINE_SILENT,38.700630898950465,CBI_ACTIVE,,-0.9825101313337425,,-0.9804459967794484,Deteriorating,,-37.32736842105263,C
00371,北控水务,2012-11-30,129.0323,2.16,-0.0911086066609091,0.6666666666666666,0.8329048843187662,T3,0.8309794022151831,-0.16958782012977713,↓,↓,VP_LOCKED_CANDIDATE,43.161409125569385,CBI_ACTIVE,,-0.9610917888098738,,-0.9552150248819625,Improving,,59.73717592592592,C
00371,北控水务,2012-12-31,392.1569,3.03,1.0815192173042714,0.8333333333333334,1.094521372667068,T4,1.102321750269452,-0.03463354213543279,↑,→,VP_NEUTRAL,33.854932491463195,CBI_ACTIVE,,-0.873679974282604,,-0.8648240195617597,Stable,,129.4247194719472,C
00371,北控水务,2013-01-31,-29.5203,3.82,2.006429044862733,1.0,1.3586247777119145,T5,1.360367845801159,0.837471699695651,↑,↑,VP_SELLING_ACTIVE,25.936320772362645,CBI_TURBULENT,,-0.9038884100287851,,-0.8971370029334506,Deteriorating,,-7.72782722513089,C
00371,北控水务,2013-02-28,240.8377,4.3,2.264873589597856,1.0,1.3900862068965516,T5,1.4767499232433265,1.1643504610095796,↑,↑,VP_EXPANSION,21.953252436331038,CBI_TURBULENT,,-0.7038793860586033,,-0.6494041304171536,Stable,,56.00876744186047,C
00371,北控水务,2013-03-31,-9.6618,5.26,2.7177272330490836,1.0,1.527589545014521,T5,1.6092764463337033,0.8934454250535944,↑↑,↑↑,VP_PANIC,17.540880938078786,CBI_TURBULENT,,-0.7575834166471743,,-0.7478296305479253,Deteriorating,,-1.8368441064638783,C
00371,北控水务,2013-04-30,7.1301,3.21,0.1697156945155711,0.6666666666666666,0.8842975206611572,T3,0.9179955453652191,-0.08027989323916274,→,↓,VP_NEUTRAL,30.07560379504618,CBI_ACTIVE,,-0.7420882592539213,,-0.7298495685549076,Stable,,2.221214953271028,C
00371,北控水务,2013-05-31,112.0841,10.3,7.393803114417407,1.0,2.0655080213903747,T5,2.1140123109859483,1.4322021683429638,↑↑,↑↑,VP_OVERHEAT,9.956695613853695,CBI_TURBULENT,,-0.5817271011083307,,-0.45565362316138613,Deteriorating,,10.881951456310679,C
00371,北控水务,2013-06-30,-11.7548,5.79,0.8377088567231575,0.9166666666666666,1.0630354957160344,T4,1.0893651765201688,0.1173883263294484,→,→,VP_NEUTRAL,13.267904747117086,CBI_TURBULENT,,-0.6024095978012631,,-0.6024737692878759,Stable,,-2.0301899827288428,C
00371,北控水务,2013-07-31,35.2046,7.95,1.6874617603141029,0.9166666666666666,1.295843520782396,T5,1.3060792708168598,1.5119114246333862,↑,↑,VP_EXPANSION,12.398168389902928,CBI_TURBULENT,COST_DISADVANTAGE,-0.541604117115386,-0.5298742176511755,-0.4625263807403154,Stable,-0.5298742176511755,4.428251572327044,C
00371,北控水务,2013-08-31,11.9634,5.11,0.1922741843877926,0.6666666666666666,0.8149920255183413,T3,0.8196756570799612,-0.49847121173958087,↓,↓,VP_LOCKED_CANDIDATE,21.79220907225101,CBI_TURBULENT,COST_DISADVANTAGE,-0.516945416010733,-0.5119152003744469,-0.39822622924549034,Improving,-0.5119152003744469,2.3411741682974556,C
00371,北控水务,2013-09-30,-4.6846,5.56,0.31009782577043093,0.75,0.8797468354430379,T3,0.8838734615229448,-0.04165491506112717,↓,↓,VP_DECLINE_SILENT,19.39292874948974,CBI_TURBULENT,COST_DISADVANTAGE,-0.5197207927270084,-0.5202003917822615,-0.5132121236274833,Deteriorating,-0.5202003917822615,-0.8425539568345324,C
00371,北控水务,2013-10-31,12.9366,9.87,2.1242959666042083,0.9166666666666666,1.3283983849259757,T5,1.3756194751595965,0.29640890715364865,↑,↑,VP_EXPANSION,13.44852565770755,CBI_TURBULENT,COST_DISADVANTAGE,-0.5050554469378854,-0.4758385309103126,-0.4430330064571335,Stable,-0.4758385309103126,1.3106990881458969,C
00371,北控水务,2013-11-30,50.3964,9.75,1.6379407427338406,0.8333333333333334,1.3286395639336814,T5,1.415193038745234,1.097177953082384,↑,↑,VP_EXPANSION,16.852176139716093,CBI_TURBULENT,COST_DISADVANTAGE,-0.3644646095176306,-0.33000344446473173,-0.15274665816159605,Stable,-0.33000344446473173,5.168861538461538,C
00371,北控水务,2013-12-31,19.6523,4.02,-0.9899164095188043,0.25,0.5707524846190251,T2,0.6037341983254533,-0.20321468865106496,↓,↓,VP_LOCKED_CANDIDATE,36.49882565948988,CBI_ACTIVE,COST_DISADVANTAGE,-0.32050863352452297,-0.31034126477862234,-0.1766883904698242,Improving,-0.31034126477862234,4.8886318407960205,C
00371,北控水务,2014-01-31,-14.8452,5.14,-0.5447556486667925,0.4166666666666667,0.7817490494296578,T2,0.8119420816495535,-0.450951829794629,↓,↓,VP_DECLINE_SILENT,31.632823266501994,CBI_ACTIVE,COST_DISADVANTAGE,-0.38451692508738744,-0.41127329438894666,-0.2989108972541522,Deteriorating,-0.41127329438894666,-2.8881712062256812,C
00371,北控水务,2014-02-28,53.8707,4.99,-0.6529905571963414,0.25,0.7612509534706332,T2,0.7859518095433159,-0.48429727544091994,↓,↓,VP_LOCKED_CANDIDATE,36.48214132617535,CBI_ACTIVE,COST_NEUTRAL,-0.24715691897261716,-0.16366241537808912,0.0027446514050402104,Improving,-0.16366241537808912,10.79573146292585,C
00371,北控水务,2014-03-31,-1.844,8.61,0.8752732763045699,0.75,1.2189712128362435,T4,1.2581716104542076,1.1918775827400103,↑,↑,VP_SELLING_ACTIVE,19.88446611463575,CBI_TURBULENT,COST_DISADVANTAGE,-0.25857099927951877,-0.29354365017076567,-0.24257933505280105,Deteriorating,-0.29354365017076567,-0.21416957026713127,C
00371,北控水务,2014-04-30,-15.2792,4.27,-1.239595604798953,0.16666666666666666,0.696574225122349,T2,0.7060655362981207,-0.14950784030313324,↓,↓,VP_DECLINE_SILENT,39.4353522441534,CBI_ACTIVE,COST_DISADVANTAGE,-0.3984186089158229,-0.3822977417822835,-0.34625205086682986,Deteriorating,-0.3822977417822835,-3.578266978922717,C
00371,北控水务,2014-05-31,3.0446,5.5,-0.4642840669545895,0.5,1.014448201660006,T3,1.0288660823313445,0.1286969914611229,→,→,VP_STABLE_ASCENT,30.034573887269353,CBI_ACTIVE,COST_DISADVANTAGE,-0.3313724556514377,-0.3016336601197609,-0.33263230192655546,Improving,-0.3016336601197609,0.5535636363636364,C
00371,北控水务,2014-06-30,4.1629,3.66,-1.3348280591802462,0.08333333333333333,0.6826235623251476,T2,0.6864209818469276,-0.5753784614697586,↓,↓,VP_LOCKED_CANDIDATE,43.351379578564554,CBI_ACTIVE,COST_DISADVANTAGE,-0.3176610720946361,-0.30499799751726164,-0.29430406429599354,Improving,-0.30499799751726164,1.1374043715846993,C
00371,北控水务,2014-07-31,-4.7847,3.3,-1.271525051539112,0.08333333333333333,0.6528189910979227,T2,0.6524455236960515,-0.22810869879516027,↓,↓,VP_DECLINE_SILENT,43.47905064381604,CBI_ACTIVE,COST_DISADVANTAGE,-0.34474563651907464,-0.35255490541656953,-0.31847863246170316,Deteriorating,-0.35255490541656953,-1.449909090909091,C
00371,北控水务,2014-08-31,6.1892,3.17,-1.1841614069697037,0.08333333333333333,0.6671343388284813,T2,0.6639038948956018,-0.4295284867628204,↓,↓,VP_LOCKED_CANDIDATE,44.67763402359295,CBI_ACTIVE,COST_DISADVANTAGE,-0.32184635950571583,-0.30531876947252046,-0.27415859082456884,Improving,-0.30531876947252046,1.9524290220820189,C
00371,北控水务,2014-09-30,-0.8258,3.41,-0.9314395965794166,0.25,0.8777348777348778,T2,0.8824922920724718,-0.062164980314103335,↓,↓,VP_SHRINK,39.888471627451295,CBI_ACTIVE,COST_DISADVANTAGE,-0.3263062966744974,-0.33415209916610167,-0.31728228048136065,Stable,-0.33415209916610167,-0.24217008797653958,C
00371,北控水务,2014-10-31,8.6279,2.57,-1.20072380452723,0.08333333333333333,0.7135585377140212,T2,0.7076084400768,-0.22525951499422991,↓,↓,VP_LOCKED_CANDIDATE,46.97769261937751,CBI_ACTIVE,COST_DISADVANTAGE,-0.2900580076285172,-0.2656532495050672,-0.2604365086646546,Improving,-0.2656532495050672,3.35715953307393,C
00371,北控水务,2014-11-30,-5.8778,3.09,-0.8410114827197177,0.16666666666666666,0.9656250000000001,T2,0.9690859866951,-0.017993042136314363,→,→,VP_NEUTRAL,49.37958959739158,CBI_ACTIVE,COST_DISADVANTAGE,-0.32333177506346444,-0.3223689013538067,-0.30212340799690574,Stable,-0.3223689013538067,-1.902200647249191,C
00371,北控水务,2014-12-31,-0.8168,6.09,1.0772644374348803,0.9166666666666666,1.6893203883495145,T4,1.6955816209919177,0.7822211413942037,↑↑,↑↑,VP_NEUTRAL,22.74563598867753,CBI_TURBULENT,COST_DISADVANTAGE,-0.3056781730202812,-0.27953600326419126,-0.30106464428043844,Stable,-0.27953600326419126,-0.1341215106732348,C
00371,北控水务,2015-01-31,-5.6864,3.31,-0.6584582783903533,0.4166666666666667,0.9177449168207026,T2,0.9215436067913617,0.3061601776729477,→,→,VP_NEUTRAL,39.11321092051595,CBI_ACTIVE,COST_DISADVANTAGE,-0.3249464101467239,-0.32990359176689243,-0.33176177766367476,Stable,-0.32990359176689243,-1.7179456193353473,C
00371,北控水务,2015-02-28,-8.1089,8.78,2.6384382185315682,1.0,1.9332110091743118,T5,1.9342766150706419,1.8443417674083662,↑↑,↑↑,VP_PANIC,16.776838704246714,CBI_TURBULENT,COST_DISADVANTAGE,-0.3302998346331999,-0.3006389111060731,-0.3912374735936951,Deteriorating,-0.3006389111060731,-0.9235649202733486,C
00371,北控水务,2015-03-31,9.0009,5.8,0.865686343536654,0.8333333333333334,1.174089068825911,T4,1.1746941594618592,-0.04835277465835708,↑,↑,VP_EXPANSION,23.22468057916878,CBI_TURBULENT,COST_DISADVANTAGE,-0.2627354725656613,-0.2687026470860402,-0.24298151930578604,Stable,-0.2687026470860402,1.5518793103448276,C
00371,北控水务,2015-04-30,36.727,11.71,4.043166964572655,1.0,1.8117586384734399,T5,1.812771901437018,2.533413477816936,↑↑,↑↑,VP_OVERHEAT,12.15318950811849,CBI_TURBULENT,COST_NEUTRAL,-0.27392117238558633,-0.22442897052283717,0.054991623384201826,Deteriorating,-0.22442897052283717,3.1363791631084537,C
00371,北控水务,2015-05-31,-5.2077,3.96,-0.37248316835365686,0.6666666666666666,0.5992433795712484,T3,0.6000734783030275,-0.548036568306749,↓,↓,VP_DECLINE_SILENT,22.91705803118594,CBI_TURBULENT,COST_NEUTRAL,-0.2585523278062857,-0.2467049957006423,0.031653866753937,Deteriorating,-0.2467049957006423,-1.3150757575757577,C
00371,北控水务,2015-06-30,-1.8553,3.68,-0.48567558985102116,0.5833333333333334,0.5929108485499462,T3,0.5952609378061625,-0.3620299821436729,↓,↓,VP_DECLINE_SILENT,26.076685056408184,CBI_TURBULENT,COST_DISADVANTAGE,-0.27768566777267834,-0.25921293904592213,-0.2695474285156628,Deteriorating,-0.25921293904592213,-0.5041576086956522,C
00371,北控水务,2015-07-31,-10.8488,5.4,0.1273534228710349,0.6666666666666666,0.8237986270022885,T3,0.8246623366023884,-0.5382476305621764,↓,↓,VP_DECLINE_SILENT,22.68382227977072,CBI_TURBULENT,COST_DISADVANTAGE,-0.26774196113505977,-0.26517510807340927,-0.35699921716218086,Deteriorating,-0.26517510807340927,-2.009037037037037,C
00371,北控水务,2015-08-31,-4.3573,4.77,-0.18155739214708017,0.5833333333333334,0.8103057757644393,T3,0.8093641746064563,0.20235448906518338,↓,↓,VP_DECLINE_SILENT,25.57011777313889,CBI_TURBULENT,COST_DISADVANTAGE,-0.2559756141671776,-0.26997357008623013,-0.3938210229080832,Deteriorating,-0.26997357008623013,-0.9134800838574425,C
00371,北控水务,2015-09-30,-1.6875,2.83,-0.9757924089270266,0.16666666666666666,0.5248840803709428,T2,0.5283950157162961,-0.22794086964299676,↓,↓,VP_DECLINE_SILENT,39.29477958598395,CBI_ACTIVE,COST_DISADVANTAGE,-0.30540976213771853,-0.29068199244669213,-0.30531815603015056,Deteriorating,-0.29068199244669213,-0.5962897526501767,C
00371,北控水务,2015-10-31,18.0892,5.27,-0.05095534995543963,0.5833333333333334,1.2203782323427248,T3,1.218232012650334,-0.025322293719963973,↑,↑,VP_EXPANSION,26.66637330150165,CBI_TURBULENT,COST_DISADVANTAGE,-0.268308782664366,-0.2379611623350949,-0.16258768613777586,Improving,-0.2379611623350949,3.4324857685009493,C
00371,北控水务,2015-11-30,-3.2223,3.11,-1.0025440923809967,0.16666666666666666,0.7446129289704708,T2,0.743090248849876,-0.34781046416910877,↓,↓,VP_DECLINE_SILENT,40.56435173773438,CBI_ACTIVE,COST_DISADVANTAGE,-0.27222902174043195,-0.26768970276185267,-0.18607497865171096,Deteriorating,-0.26768970276185267,-1.0361093247588424,C
00371,北控水务,2015-12-31,-14.7415,6.74,0.5476585575796894,0.8333333333333334,1.438122332859175,T4,1.4429984015926838,1.3758015118557712,↑,↑,VP_SELLING_ACTIVE,18.483257991729154,CBI_TURBULENT,COST_DISADVANTAGE,-0.273369356844296,-0.3017850391720407,-0.3385642990109784,Deteriorating,-0.3017850391720407,-2.1871661721068247,C
00371,北控水务,2016-01-31,-41.2903,9.6,1.5710892898140527,0.9166666666666666,1.7821782178217822,T5,1.7815141940586063,0.825142696335011,↑↑,↑↑,VP_PANIC,14.998341274566842,CBI_TURBULENT,COST_DISADVANTAGE,-0.44116467035069895,-0.4840725197602358,-0.611673233612897,Deteriorating,-0.4840725197602358,-4.3010729166666675,C
00371,北控水务,2016-02-29,8.6022,5.94,0.08564570987297096,0.75,1.0641982681397433,T3,1.0607597662225288,0.9087159129866031,→,→,VP_STABLE_ASCENT,20.555525832080892,CBI_TURBULENT,COST_DISADVANTAGE,-0.40171203527376576,-0.3739680338890393,-0.5689999625813473,Improving,-0.3739680338890393,1.448181818181818,C
00371,北控水务,2016-03-31,27.3603,5.26,-0.17852406428716572,0.5,0.8786191536748328,T3,0.8774008799795392,-0.22398942877965544,↓,↓,VP_LOCKED_CANDIDATE,28.354527699103684,CBI_TURBULENT,COST_DISADVANTAGE,-0.2741139423010255,-0.280082374807601,-0.239896737335907,Improving,-0.280082374807601,5.201577946768061,C
00371,北控水务,2016-04-30,-8.8365,5.25,0.05954527161618475,0.5,0.8774373259052924,T3,0.8762698973474851,-0.45416969746741287,↓,↓,VP_DECLINE_SILENT,32.052277364934895,CBI_ACTIVE,COST_DISADVANTAGE,-0.36006761545240296,-0.37763123813446065,-0.28819376764134097,Deteriorating,-0.37763123813446065,-1.683142857142857,C
00371,北控水务,2016-05-31,14.4828,3.87,-0.7812888177199014,0.3333333333333333,0.6333878887070378,T2,0.6327180743522858,-0.347546665937825,↓,↓,VP_LOCKED_CANDIDATE,37.17161741007645,CBI_ACTIVE,COST_DISADVANTAGE,-0.2572478745818496,-0.26967299383866083,-0.19826929692979478,Improving,-0.26967299383866083,3.7423255813953484,C
00371,北控水务,2016-06-30,-6.7927,4.69,-0.33252132171754595,0.3333333333333333,0.8130598093036695,T3,0.8102871226013902,-0.1114527108822796,↓,↓,VP_DECLINE_SILENT,37.49142650714799,CBI_ACTIVE,COST_DISADVANTAGE,-0.28972875267817766,-0.2938408135993549,-0.3350527683187694,Deteriorating,-0.2938408135993549,-1.4483368869936033,C
00371,北控水务,2016-07-31,2.2321,3.0,-1.2491497601827521,0.16666666666666666,0.6426276329882185,T2,0.6442822167203335,-0.42743284699239836,↓,↓,VP_LOCKED_CANDIDATE,42.99891908199716,CBI_ACTIVE,COST_DISADVANTAGE,-0.31745590717341343,-0.29206308007760584,-0.3245181163593076,Improving,-0.29206308007760584,0.7440333333333333,C
00371,北控水务,2016-08-31,22.2153,5.04,-0.005801119719334363,0.5,1.1154555514570268,T3,1.1187037545133776,0.306001436231103,↑,↑,VP_EXPANSION,32.34606373024539,CBI_ACTIVE,COST_DISADVANTAGE,-0.23702434622102908,-0.22488457226208003,-0.17703298892684194,Improving,-0.22488457226208003,4.407797619047619,C
00371,北控水务,2016-09-30,1.3081,6.09,0.4801321465324304,0.8333333333333334,1.3078024337866856,T3,1.3047357549752412,0.29958003339165407,↑,↑,VP_DIVERGENCE_HIGH,22.730246979769838,CBI_TURBULENT,COST_DISADVANTAGE,-0.28290863766469276,-0.3057207652915882,-0.2579300686483609,Deteriorating,-0.3057207652915882,0.21479474548440067,C
00371,北控水务,2016-10-31,8.8427,4.7,-0.3554149024072827,0.4166666666666667,1.0295728368017525,T3,1.0327163791868283,0.5686327912325864,→,→,VP_STABLE_ASCENT,36.403595900027355,CBI_ACTIVE,COST_DISADVANTAGE,-0.2939256259398033,-0.26494099271216054,-0.18166991760036644,Improving,-0.26494099271216054,1.8814255319148936,C
00371,北控水务,2016-11-30,0.0,5.2,-0.16566767483566905,0.5,1.0863509749303624,T3,1.091545940125257,0.034708460490188164,→,→,VP_NEUTRAL,34.8780419409657,CBI_ACTIVE,COST_DISADVANTAGE,-0.26813626213607356,-0.2715867649044069,-0.18558069457718662,Stable,-0.2715867649044069,0.0,C
00371,北控水务,2016-12-31,-10.3739,4.22,-0.7005416020438757,0.25,0.896283185840708,T2,0.8970049664418155,-0.30302374176024927,↓,↓,VP_DECLINE_SILENT,43.280992601451494,CBI_ACTIVE,COST_DISADVANTAGE,-0.27519996546407866,-0.2880950897408856,-0.3319117909068121,Deteriorating,-0.2880950897408856,-2.458270142180095,C
00371,北控水务,2017-01-31,6.158,3.88,-1.1250532706385505,0.25,0.7991761071060762,T2,0.800233979232185,-0.1739557574878282,↓,↓,VP_LOCKED_CANDIDATE,53.56060614287623,CBI_STABLE,COST_DISADVANTAGE,-0.26836708786645824,-0.2398495182522582,-0.28695296122355596,Improving,-0.2398495182522582,1.5871134020618558,C
00371,北控水务,2017-02-28,5.9355,3.44,-1.4835143344345856,0.16666666666666666,0.7497275699237195,T2,0.754601527541997,-0.33592825104582347,↓,↓,VP_LOCKED_CANDIDATE,57.478906596564514,CBI_STABLE,COST_DISADVANTAGE,-0.2696400957524313,-0.2654182433195247,-0.2617760166009323,Improving,-0.2654182433195247,1.725436046511628,C
00371,北控水务,2017-03-31,4.3531,4.9,0.47649430900980144,0.6666666666666666,1.1161731207289296,T3,1.1138769652008202,0.16046628093338855,↑,↑,VP_EXPANSION,42.04367644966348,CBI_ACTIVE,COST_DISADVANTAGE,-0.24805857278738574,-0.24475296324006846,-0.21833218036590185,Improving,-0.24475296324006846,0.8883877551020408,C
00371,北控水务,2017-04-30,-0.8782,6.62,2.5751036514638965,1.0,1.4055201698513802,T5,1.4023589686661855,0.702904099408739,↑,↑,VP_DIVERGENCE_HIGH,27.8940557008907,CBI_TURBULENT,COST_DISADVANTAGE,-0.2464153464851765,-0.2670787834453837,-0.18210192221368426,Deteriorating,-0.2670787834453837,-0.13265861027190332,C
00371,北控水务,2017-05-31,5.5006,4.13,-0.5669547943630234,0.3333333333333333,0.9113644722324382,T2,0.9104730649358175,0.1919709085953636,→,→,VP_STABLE_ASCENT,50.169575490419334,CBI_STABLE,COST_DISADVANTAGE,-0.2134229454338049,-0.20286493196647482,-0.13137956080057933,Improving,-0.20286493196647482,1.3318644067796612,C
00371,北控水务,2017-06-30,-2.2989,5.23,0.5560108026851226,0.8333333333333334,1.1127659574468085,T4,1.1142031458708883,0.07029188923916374,↑,↑,VP_SELLING_ACTIVE,34.40598589931378,CBI_ACTIVE,COST_DISADVANTAGE,-0.2370331923823309,-0.22991380962622388,-0.23278491326726025,Deteriorating,-0.22991380962622388,-0.4395602294455067,C
00371,北控水务,2017-07-31,9.667,5.33,0.5252436867272167,0.8333333333333334,1.0785834738617202,T4,1.086025138519967,-0.18639586588712587,→,→,VP_STABLE_ASCENT,37.34845556116379,CBI_ACTIVE,COST_DISADVANTAGE,-0.2224931625665335,-0.19267937580826144,-0.1622175363057461,Stable,-0.19267937580826144,1.8136960600375234,C
00371,北控水务,2017-08-31,2.5316,4.12,-0.8451498269723732,0.25,0.815034619188922,T2,0.8147412816108976,-0.0005080412353374308,↓,↓,VP_LOCKED_CANDIDATE,56.226469530549444,CBI_STABLE,COST_DISADVANTAGE,-0.18613553179424924,-0.1885422399943778,-0.13595990766890376,Improving,-0.1885422399943778,0.6144660194174757,C
00371,北控水务,2017-09-30,-5.3181,3.74,-1.1471965240953024,0.16666666666666666,0.7692835104559479,T2,0.7725587370329151,-0.28134432813460153,↓,↓,VP_DECLINE_SILENT,60.60163963315447,CBI_STABLE,COST_DISADVANTAGE,-0.20117304184089357,-0.21738648546421435,-0.21960590119419698,Deteriorating,-0.21738648546421435,-1.421951871657754,C
00371,北控水务,2017-10-31,3.3498,3.56,-1.1939433762237053,0.16666666666666666,0.8180773649942551,T2,0.820095475836763,-0.333667482261235,↓,↓,VP_LOCKED_CANDIDATE,59.674727193956656,CBI_STABLE,COST_DISADVANTAGE,-0.21165927991094668,-0.1940010665924745,-0.178903300253473,Improving,-0.1940010665924745,0.9409550561797753,C
00371,北控水务,2017-11-30,-8.0537,4.17,-0.32812325218903593,0.5833333333333334,0.9567877629063097,T3,0.9600670627149818,0.020280630327993654,→,→,VP_NEUTRAL,46.51203436372391,CBI_ACTIVE,COST_DISADVANTAGE,-0.22895697273565574,-0.24189116965953594,-0.24935010957395676,Stable,-0.24189116965953594,-1.9313429256594723,C
00371,北控水务,2017-12-31,-2.064,3.03,-1.5676968930272999,0.08333333333333333,0.759081419624217,T1,0.7529232435572738,-0.19746559375470496,↓,↓,VP_DECLINE_SILENT,61.67094150377244,CBI_STABLE,COST_DISADVANTAGE,-0.21941765432228877,-0.2131393745400515,-0.24719407184318765,Deteriorating,-0.2131393745400515,-0.6811881188118812,C
00371,北控水务,2018-01-31,-9.4241,7.84,3.4716691885236495,1.0,1.7777777777777781,T5,1.7868861529208777,1.2136625569934174,↑↑,↑↑,VP_PANIC,26.04093016525291,CBI_TURBULENT,COST_DISADVANTAGE,-0.28202920350572247,-0.277149709805828,-0.3138281055261932,Deteriorating,-0.277149709805828,-1.2020535714285714,C
00371,北控水务,2018-02-28,-13.2571,7.56,2.048958274188649,0.9166666666666666,1.5170568561872908,T5,1.573654673181749,0.9018651901657135,↑↑,↑↑,VP_PANIC,25.70526482704602,CBI_TURBULENT,COST_DISADVANTAGE,-0.2635657591487145,-0.26974719745071396,-0.3979139099357002,Deteriorating,-0.26974719745071396,-1.7535846560846562,C
00371,北控水务,2018-03-31,-18.9723,6.07,0.6618847714720518,0.75,1.1300031026993487,T4,1.1639236669629016,1.1304206762009907,↑,↑,VP_SELLING_ACTIVE,28.9450969832749,CBI_TURBULENT,COST_DISADVANTAGE,-0.33612957954701306,-0.377659153611007,-0.43077162796872626,Deteriorating,-0.377659153611007,-3.1255848434925864,C
00371,北控水务,2018-04-30,10.3853,6.87,1.2368826768367356,0.8333333333333334,1.1598199212155318,T4,1.1955011775656774,-0.07138651336734814,↑,↑,VP_EXPANSION,25.2690331444674,CBI_TURBULENT,COST_DISADVANTAGE,-0.25632467792014046,-0.23916922491871595,-0.3900463460673018,Stable,-0.23916922491871595,1.511688500727802,C
00371,北控水务,2018-05-31,2.0864,6.38,0.7232989206460457,0.75,1.0140397350993378,T4,1.0423873095835556,-0.13928792202917573,→,→,VP_STABLE_ASCENT,27.487653275836834,CBI_TURBULENT,COST_DISADVANTAGE,-0.3036564169933832,-0.273438999148225,-0.3659814067619146,Stable,-0.273438999148225,0.3270219435736677,C
00371,北控水务,2018-06-30,-10.9489,4.04,-0.7959691123676691,0.3333333333333333,0.6253869969040248,T2,0.6368298323212294,-0.32441883162768526,↓,↓,VP_DECLINE_SILENT,40.09696137484949,CBI_ACTIVE,COST_DISADVANTAGE,-0.2934459656440578,-0.3283581692934693,-0.32549676754762913,Deteriorating,-0.3283581692934693,-2.7101237623762375,C
00371,北控水务,2018-07-31,1.3289,4.71,-0.3037093679377574,0.5833333333333334,0.7931518383384788,T3,0.7991854000422105,-0.31065403411203374,↓,↓,VP_SHRINK,31.701372317931884,CBI_ACTIVE,COST_DISADVANTAGE,-0.30372442968380986,-0.2928492395247232,-0.32549676754762913,Stable,-0.2928492395247232,0.2821443736730361,C
00371,北控水务,2018-08-31,0.3289,4.72,-0.3352831355454817,0.5833333333333334,0.8636779505946934,T3,0.8675411964071584,-0.2609174236429459,↓,↓,VP_SHRINK,31.779571461804778,CBI_ACTIVE,COST_DISADVANTAGE,-0.2635646243638111,-0.23863214886415451,-0.32549676754762913,Stable,-0.23863214886415451,0.06968220338983051,C
00371,北控水务,2018-09-30,-1.1401,3.56,-1.1383730999070483,0.25,0.7054161162483488,T2,0.7106164063997868,-0.11121379282266264,↓,↓,VP_SHRINK,43.13183402787728,CBI_ACTIVE,COST_DISADVANTAGE,-0.27363467919549544,-0.25559844429829337,-0.26631819433997184,Stable,-0.25559844429829337,-0.320252808988764,C
00371,北控水务,2018-10-31,-6.8515,3.14,-1.404127709385095,0.16666666666666666,0.7096045197740114,T2,0.7105039886334672,-0.3314781744677149,↓,↓,VP_DECLINE_SILENT,45.85089451177838,CBI_ACTIVE,COST_DISADVANTAGE,-0.2824852341372638,-0.2778827300996486,-0.3098314480529225,Deteriorating,-0.2778827300996486,-2.1820063694267513,C
00371,北控水务,2018-11-30,18.4991,3.7,-0.9341972551485586,0.3333333333333333,0.9300377042312526,T2,0.9309330056098186,-0.2143946683115533,→,→,VP_STABLE_ASCENT,40.106029095782546,CBI_ACTIVE,COST_DISADVANTAGE,-0.24202121256654008,-0.21314272096910214,-0.1792916869140707,Improving,-0.21314272096910214,4.9997567567567565,C
00371,北控水务,2018-12-31,-16.885,4.79,-0.33439083046355844,0.5833333333333334,1.1673436230706744,T3,1.1628884455345985,0.33271331172780405,↑,↑,VP_SELLING_ACTIVE,32.660161812659716,CBI_ACTIVE,COST_DISADVANTAGE,-0.27719532056711205,-0.33695031067241865,-0.3223931118384835,Deteriorating,-0.33695031067241865,-3.525052192066806,C
00371,北控水务,2019-01-31,18.4991,4.06,-0.7087209490054291,0.4166666666666667,1.016270337922403,T2,1.0157889625202627,0.2909310908072751,→,→,VP_STABLE_ASCENT,39.23684235902189,CBI_ACTIVE,COST_DISADVANTAGE,-0.23834294497885877,-0.20815830650970113,-0.1942292871074086,Improving,-0.20815830650970113,4.5564285714285715,C
00371,北控水务,2019-02-28,4.699,3.09,-1.4059082165839778,0.08333333333333333,0.8299015219337509,T2,0.830200360131454,-0.16511754264569245,↓,↓,VP_LOCKED_CANDIDATE,52.53872271127551,CBI_STABLE,COST_DISADVANTAGE,-0.23721975803762596,-0.23982997645012416,-0.15388141635873687,Improving,-0.23982997645012416,1.5207119741100323,C
00371,北控水务,2019-03-31,5.3901,3.75,-0.6064571273118361,0.4166666666666667,0.9986684420772303,T2,1.0219968017130545,-0.19231292855043458,→,→,VP_STABLE_ASCENT,42.55727449619956,CBI_ACTIVE,COST_DISADVANTAGE,-0.20229705190086078,-0.2269096676085367,-0.18919759657327528,Improving,-0.2269096676085367,1.4373600000000002,C
00371,北控水务,2019-04-30,-1.0596,2.07,-2.3433179644571918,0.08333333333333333,0.5787511649580616,T1,0.6042436341382327,-0.4625016906709408,↓,↓,VP_SHRINK,55.59838106815763,CBI_STABLE,COST_DISADVANTAGE,-0.23629252166587988,-0.2281139938601997,-0.18483257690475985,Stable,-0.2281139938601997,-0.5118840579710145,C
00371,北控水务,2019-05-31,-18.0837,3.94,0.1980108541445307,0.5833333333333334,1.0894009216589862,T3,1.1327944461174155,0.3514404660336883,↑,→,VP_NEUTRAL,46.242254312290456,CBI_ACTIVE,COST_DISADVANTAGE,-0.2655389025523517,-0.28599844987567913,-0.33760826530279686,Stable,-0.28599844987567913,-4.589771573604061,C
00371,北控水务,2019-06-30,19.005,3.75,-0.032523725512289,0.5833333333333334,1.0890609874152952,T3,1.1143363763880676,0.02781608896354748,↑,→,VP_NEUTRAL,46.28207315492203,CBI_ACTIVE,COST_DISADVANTAGE,-0.2306263459098271,-0.18127759259745313,-0.18925197025797103,Stable,-0.18127759259745313,5.068,C
00371,北控水务,2019-07-31,-14.1353,3.21,-0.6595902970879564,0.3333333333333333,0.9722362443210498,T2,0.9895146462054384,0.563255700838998,→,→,VP_NEUTRAL,56.725219428182655,CBI_STABLE,COST_DISADVANTAGE,-0.281322472258941,-0.3151571939506196,-0.29997285503322035,Stable,-0.3151571939506196,-4.4035202492211845,C
00371,北控水务,2019-08-31,-0.9684,3.23,-0.48896375552025917,0.4166666666666667,0.9714285714285715,T3,0.9800785750844545,-0.17850634566572754,→,→,VP_NEUTRAL,57.14344338227066,CBI_STABLE,COST_DISADVANTAGE,-0.23462206877864344,-0.24556200510255888,-0.3067516847133376,Stable,-0.24556200510255888,-0.2998142414860681,C
00371,北控水务,2019-09-30,-0.0978,2.59,-1.404691676796322,0.16666666666666666,0.8270356572645022,T2,0.8264536003827351,-0.30769567453785507,↓,↓,VP_SHRINK,63.37948091762924,CBI_STABLE,COST_DISADVANTAGE,-0.2591019555387908,-0.27644163263051624,-0.2834883125037506,Stable,-0.27644163263051624,-0.03776061776061776,C
00371,北控水务,2019-10-31,2.6016,2.4,-1.5110513867084927,0.16666666666666666,0.7531380753138074,T1,0.7558216978107138,-0.250850906646502,↓,↓,VP_LOCKED_CANDIDATE,60.993518305879775,CBI_STABLE,COST_DISADVANTAGE,-0.24116214505204858,-0.22675820224624788,-0.26244881760174,Improving,-0.22675820224624788,1.084,C
00371,北控水务,2019-11-30,-6.7633,3.69,0.4399120142509459,0.5833333333333334,1.1732909379968204,T3,1.1752124255677059,0.142293299573085,↑,↑,VP_SELLING_ACTIVE,48.201623979678715,CBI_ACTIVE,COST_DISADVANTAGE,-0.24488896037784236,-0.26231288645809214,-0.3232295806519928,Deteriorating,-0.26231288645809214,-1.8328726287262873,C
00371,北控水务,2019-12-31,2.0443,3.4,0.23275765970909718,0.5833333333333334,1.101511879049676,T3,1.1046357047509756,0.32178694429200005,↑,↑,VP_EXPANSION,54.71055909566097,CBI_STABLE,COST_DISADVANTAGE,-0.23448695608610182,-0.2373125272166403,-0.24458725531405312,Improving,-0.2373125272166403,0.6012647058823529,C
00371,北控水务,2020-01-31,-15.025,3.38,0.3214186207881668,0.5833333333333334,1.085072231139647,T3,1.0837517265606664,0.4044585862463903,→,→,VP_NEUTRAL,54.39199336246397,CBI_STABLE,COST_DISADVANTAGE,-0.2904187463652501,-0.3446022577917589,-0.35808833548389485,Stable,-0.3446022577917589,-4.445266272189349,C
00371,北控水务,2020-02-29,5.5227,3.21,-0.01556771465303144,0.4166666666666667,1.0316014997321907,T3,1.0258050934312264,-0.13599630816675012,→,→,VP_STABLE_ASCENT,59.138449257550946,CBI_STABLE,COST_DISADVANTAGE,-0.27806617511261067,-0.28648641849721546,-0.3252991345459406,Improving,-0.28648641849721546,1.7204672897196263,C
00371,北控水务,2020-03-31,-21.4689,5.12,3.485580014523233,1.0,1.449056603773585,T5,1.4532801792247656,0.5060463634812447,↑,↑,VP_SELLING_ACTIVE,32.44410540752067,CBI_ACTIVE,COST_DISADVANTAGE,-0.3026230835582584,-0.3424948308840443,-0.41002228732956747,Deteriorating,-0.3424948308840443,-4.19314453125,C
00371,北控水务,2020-04-30,-1.4388,3.14,-0.44735536951778687,0.25,0.8587055606198725,T3,0.8596375318182715,-0.06869489096687054,↓,↓,VP_SHRINK,60.804801118214684,CBI_STABLE,COST_DISADVANTAGE,-0.3126167365422905,-0.31324574259318916,-0.41851117528165993,Stable,-0.31324574259318916,-0.45821656050955417,C
00371,北控水务,2020-05-31,-0.5013,3.03,-0.5119107556840599,0.25,0.8543233082706766,T2,0.8617097475479809,-0.0398072041970885,↓,↓,VP_SHRINK,61.452136934766855,CBI_STABLE,COST_DISADVANTAGE,-0.3278013534522132,-0.32375826640360617,-0.43831858050320927,Stable,-0.32375826640360617,-0.16544554455445545,C
00371,北控水务,2020-06-30,7.3815,3.48,0.2557158158150634,0.8333333333333334,0.9775280898876403,T3,0.9744454933281604,-0.3240089563733143,→,→,VP_STABLE_ASCENT,42.41608667279291,CBI_ACTIVE,COST_DISADVANTAGE,-0.28337445508589953,-0.2985301793072527,-0.2827893008977075,Improving,-0.2985301793072527,2.1211206896551724,C
00371,北控水务,2020-07-31,13.5959,2.92,-0.6180844449559388,0.25,0.8382775119617225,T2,0.8377620248059624,-0.07082060377072452,↓,↓,VP_LOCKED_CANDIDATE,61.043427753933265,CBI_STABLE,COST_DISADVANTAGE,-0.24500999297929382,-0.26465283838116593,-0.19284648215287747,Improving,-0.26465283838116593,4.6561301369863015,C
00371,北控水务,2020-08-31,-11.0069,2.17,-1.6711546340077914,0.08333333333333333,0.6555891238670695,T1,0.6588363065440158,-0.2854184973983631,↓,↓,VP_DECLINE_SILENT,63.78614657681087,CBI_STABLE,COST_DISADVANTAGE,-0.3244240381619301,-0.3229468517519838,-0.27279565437050424,Deteriorating,-0.3229468517519838,-5.072304147465438,C
00371,北控水务,2020-09-30,0.1808,2.91,-0.4903559155630363,0.25,0.9892351274787535,T3,0.9859321875511962,-0.16256258288673098,→,→,VP_NEUTRAL,61.22393366175942,CBI_STABLE,COST_DISADVANTAGE,-0.28032430291844046,-0.28221147329946794,-0.3073766532578973,Stable,-0.28221147329946794,0.06213058419243986,C
00371,北控水务,2020-10-31,-1.8207,2.05,-1.8394258924414495,0.08333333333333333,0.7427536231884058,T1,0.7412923996954843,-0.29794347451482983,↓,↓,VP_DECLINE_SILENT,64.9533060894983,CBI_STABLE,COST_DISADVANTAGE,-0.2677024107365894,-0.2831028952108452,-0.3261215340898893,Deteriorating,-0.2831028952108452,-0.8881463414634148,C
00371,北控水务,2020-11-30,8.2683,2.7,-0.6089351440336028,0.25,0.9981515711645103,T2,1.004751331509722,0.2448982140584226,→,→,VP_STABLE_ASCENT,59.11448431576188,CBI_STABLE,COST_DISADVANTAGE,-0.23195721881867892,-0.23740008791656098,-0.2636385979832494,Improving,-0.23740008791656098,3.062333333333333,C
00371,北控水务,2020-12-31,-5.2696,1.72,-1.793967416753261,0.08333333333333333,0.7131997235659986,T1,0.7152807879370535,-0.40456313509653874,↓,↓,VP_DECLINE_SILENT,62.249499888536924,CBI_STABLE,COST_DISADVANTAGE,-0.23568796503955836,-0.24214772868278,-0.23703206934113819,Deteriorating,-0.24214772868278,-3.063720930232558,C
00371,北控水务,2021-01-31,1.7116,2.96,0.011656166129508823,0.5833333333333334,1.2239834596829773,T3,1.220106026314495,0.4437605643408269,↑,↑,VP_EXPANSION,46.69406443420384,CBI_ACTIVE,COST_DISADVANTAGE,-0.25740570300357046,-0.26318861239247016,-0.22397314027551807,Improving,-0.26318861239247016,0.5782432432432433,C
00371,北控水务,2021-02-28,-2.9699,2.82,-0.1256078484285246,0.4166666666666667,1.1160949868073877,T3,1.1154416403138754,0.03761967401843247,↑,↑,VP_SELLING_ACTIVE,52.92583574563342,CBI_STABLE,COST_DISADVANTAGE,-0.2665266950546419,-0.2709888521833861,-0.2533557306731635,Deteriorating,-0.2709888521833861,-1.0531560283687944,C
00371,北控水务,2021-03-31,-6.4739,5.29,5.147790306844608,1.0,1.8095781071835804,T5,1.801773312694825,2.0473395424968133,↑↑,↑↑,VP_PANIC,32.82537701579354,CBI_ACTIVE,COST_DISADVANTAGE,-0.300292633050838,-0.2966874419159298,-0.30860210259557175,Deteriorating,-0.2966874419159298,-1.2237996219281664,C
00371,北控水务,2021-04-30,0.0,2.53,-0.4298560518696516,0.3333333333333333,0.8423973362930077,T3,0.838987163686426,-0.14813572945103248,↓,↓,VP_SHRINK,54.82755256099406,CBI_STABLE,COST_DISADVANTAGE,-0.27425641989710847,-0.2743451278968201,-0.3022209498737958,Stable,-0.2743451278968201,0.0,C
00371,北控水务,2021-05-31,8.6877,2.61,-0.2874732481060993,0.4166666666666667,0.8733965421081985,T3,0.8663207918218339,-0.08532872127102897,↓,↓,VP_LOCKED_CANDIDATE,53.336485959869705,CBI_STABLE,COST_DISADVANTAGE,-0.23085773663162734,-0.22223614313368822,-0.24159999901692386,Improving,-0.22223614313368822,3.3286206896551724,C
00371,北控水务,2021-06-30,-6.3678,1.84,-1.079927450830527,0.16666666666666666,0.611634349030471,T2,0.6156240714629472,-0.6495640017683768,↓,↓,VP_DECLINE_SILENT,61.33654355265335,CBI_STABLE,COST_DISADVANTAGE,-0.23106449600558432,-0.25059089006485735,-0.2602291025518998,Deteriorating,-0.25059089006485735,-3.4607608695652172,C
00371,北控水务,2021-07-31,-4.0268,1.45,-1.3514811739657289,0.08333333333333333,0.5259975816203144,T2,0.52256392059539,-0.4305193605304538,↓,↓,VP_DECLINE_SILENT,63.59239286756635,CBI_STABLE,COST_DISADVANTAGE,-0.24682566904382552,-0.2663167791055103,-0.2900185346639037,Deteriorating,-0.2663167791055103,-2.777103448275862,C
00371,北控水务,2021-08-31,16.2413,2.8,0.1786949008646023,0.6666666666666666,1.0169491525423728,T3,1.0188871687765704,0.081691793890319,→,→,VP_STABLE_ASCENT,42.5868576919017,CBI_ACTIVE,COST_DISADVANTAGE,-0.19645330124177507,-0.18480578688692528,-0.17086080621588762,Improving,-0.18480578688692528,5.800464285714286,C
00371,北控水务,2021-09-30,-1.6097,3.49,0.8975450600922031,0.9166666666666666,1.4225543478260871,T4,1.4380243025350894,0.907623764029615,↑,↑,VP_SELLING_ACTIVE,32.95934042045398,CBI_ACTIVE,COST_DISADVANTAGE,-0.20836504240825582,-0.23709138967236487,-0.21261771051372913,Deteriorating,-0.23709138967236487,-0.46123209169054435,C
00371,北控水务,2021-10-31,-2.8866,3.9,1.1696940580234707,0.9166666666666666,1.454319453076445,T4,1.4649052884307043,1.7416115596748267,↑,↑,VP_SELLING_ACTIVE,30.380092004088286,CBI_ACTIVE,COST_DISADVANTAGE,-0.22104786107232233,-0.2712429829201307,-0.2416011076727329,Deteriorating,-0.2712429829201307,-0.7401538461538462,C
00371,北控水务,2021-11-30,-2.5478,2.76,-0.09178216483340934,0.5,1.0197044334975367,T3,1.0208300716579355,-0.006638178568700526,→,→,VP_NEUTRAL,44.157470527670746,CBI_ACTIVE,COST_DISADVANTAGE,-0.1977927440212338,-0.20092990997429971,-0.2609233724454022,Stable,-0.20092990997429971,-0.9231159420289856,C
00371,北控水务,2021-12-31,7.0953,2.07,-0.8998777836332765,0.25,0.7540983606557378,T2,0.7586315843463665,-0.4059540113415102,↓,↓,VP_LOCKED_CANDIDATE,52.701719284754574,CBI_STABLE,COST_DISADVANTAGE,-0.1992059799186945,-0.1806851040647599,-0.20838115575833493,Improving,-0.1806851040647599,3.42768115942029,C
00371,北控水务,2022-01-31,-0.4124,2.0,-0.8604633926732929,0.25,0.7050528789659225,T2,0.7090302621821103,-0.48507382741747185,↓,↓,VP_SHRINK,52.22743873992283,CBI_STABLE,COST_DISADVANTAGE,-0.19447185040159376,-0.2112697257924233,-0.20838115575833493,Stable,-0.2112697257924233,-0.2062,C
00371,北控水务,2022-02-28,-2.7613,1.47,-1.2727526844579158,0.16666666666666666,0.5621414913957935,T2,0.558047760540216,-0.469580176472592,↓,↓,VP_DECLINE_SILENT,54.957051429372,CBI_STABLE,COST_DISADVANTAGE,-0.20996554432333114,-0.20624640821099105,-0.19199153165395266,Deteriorating,-0.20624640821099105,-1.8784353741496598,C
00371,北控水务,2022-03-31,-28.0561,3.62,1.5730046439114929,0.9166666666666666,1.3729456384323644,T5,1.3764017065449572,0.7494001198781493,↑,↑,VP_SELLING_ACTIVE,35.572888883218084,CBI_ACTIVE,COST_DISADVANTAGE,-0.36422595269078406,-0.3539746598193806,-0.38651962218930913,Deteriorating,-0.3539746598193806,-7.750303867403315,C
00371,北控水务,2022-04-30,7.1625,1.62,-1.1313914434039047,0.25,0.7178729689807978,T2,0.7158231654062172,-0.19584744915830543,↓,↓,VP_LOCKED_CANDIDATE,57.64529690703143,CBI_STABLE,COST_DISADVANTAGE,-0.22666979712555857,-0.23334091424182746,-0.3352538524558252,Improving,-0.23334091424182746,4.421296296296296,C
00371,北控水务,2022-05-31,4.1995,2.41,-0.05389843838323568,0.5833333333333334,1.0962850644427595,T3,1.096628645038251,0.6536321818359374,→,→,VP_STABLE_ASCENT,46.27496626684537,CBI_ACTIVE,COST_DISADVANTAGE,-0.19872946138047898,-0.2093475471885775,-0.32158298052689605,Improving,-0.2093475471885775,1.74253112033195,C
00371,北控水务,2022-06-30,-7.2774,4.11,1.9105527952595263,1.0,1.6191726854891662,T5,1.622564905752837,0.13603320544648545,↑↑,↑↑,VP_PANIC,29.66040529010617,CBI_TURBULENT,COST_DISADVANTAGE,-0.19843667692705957,-0.22805301364191333,-0.25320852473679456,Deteriorating,-0.22805301364191333,-1.7706569343065692,C
00371,北控水务,2022-07-31,0.5488,1.77,-1.112552862694878,0.25,0.708,T2,0.7127012629613451,0.10499700109263932,↓,↓,VP_SHRINK,55.117781747160436,CBI_STABLE,COST_DISADVANTAGE,-0.23703876484123532,-0.2255504606249521,-0.2491097789889175,Stable,-0.2255504606249521,0.3100564971751412,C
00371,北控水务,2022-08-31,-20.5184,2.18,-0.5154101130933894,0.5,0.8325907065563335,T2,0.8297508799254572,-0.09758542321724772,↓,↓,VP_DECLINE_SILENT,45.38680632035715,CBI_ACTIVE,COST_DISADVANTAGE,-0.2911566923799854,-0.32213479451613136,-0.39666462591249263,Deteriorating,-0.32213479451613136,-9.412110091743118,C
00371,北控水务,2022-09-30,-8.8919,3.86,1.4811770953126222,0.8333333333333334,1.4520376175548586,T4,1.4572688206396982,-0.05767867700830798,↑,↑,VP_SELLING_ACTIVE,33.88684430886584,CBI_ACTIVE,COST_DISADVANTAGE,-0.22964776255468722,-0.2741564057320941,-0.3499490542071323,Deteriorating,-0.2741564057320941,-2.30360103626943,C
00371,北控水务,2022-10-31,-12.012,3.12,0.6606671812455625,0.75,1.072779369627507,T4,1.071433736042871,0.7520777856886798,→,→,VP_NEUTRAL,37.52201122404014,CBI_ACTIVE,COST_DISADVANTAGE,-0.34087860632029165,-0.3542928529521022,-0.4280332518999693,Stable,-0.3542928529521022,-3.85,C
00371,北控水务,2022-11-30,37.0052,2.14,-0.47279234759653915,0.5,0.7473806752037253,T3,0.7327385750826596,-0.03527131963105101,↓,↓,VP_LOCKED_CANDIDATE,44.36510394164419,CBI_ACTIVE,COST_DISADVANTAGE,-0.15845253611939614,-0.15803261793542467,-0.22306223295627214,Improving,-0.15803261793542467,17.29214953271028,C
00371,北控水务,2022-12-31,-3.1807,1.64,-1.03807664228719,0.25,0.6689326988443236,T2,0.6596858566469478,-0.584348810863905,↓,↓,VP_DECLINE_SILENT,52.101043114287585,CBI_STABLE,COST_DISADVANTAGE,-0.2383391591458338,-0.2425551795170714,-0.19222347131945294,Deteriorating,-0.2425551795170714,-1.9394512195121951,C
00371,北控水务,2023-01-31,0.6614,1.62,-0.9946513994707714,0.25,0.6675824175824177,T2,0.6610097795983172,-0.4890258925427171,↓,↓,VP_SHRINK,51.552678163949395,CBI_STABLE,COST_DISADVANTAGE,-0.27326259426724686,-0.25899383695305744,-0.19222347131945294,Stable,-0.25899383695305744,0.4082716049382716,C
00371,北控水务,2023-02-28,-1.9711,2.56,0.006992563865967044,0.6666666666666666,1.028112449799197,T3,1.0262158828213144,0.21083270008196564,→,→,VP_NEUTRAL,39.68512551676892,CBI_ACTIVE,COST_DISADVANTAGE,-0.269333028335199,-0.2527125118423581,-0.2081454791121049,Stable,-0.2527125118423581,-0.7699609375,C
00371,北控水务,2023-03-31,-0.6702,3.31,1.0080708068291504,0.8333333333333334,1.380125086865879,T4,1.3865826081301529,1.0438508048479478,↑,↑,VP_DIVERGENCE_HIGH,35.03547402751469,CBI_ACTIVE,COST_DISADVANTAGE,-0.2286695353659033,-0.2503305424548712,-0.25905523368219796,Deteriorating,-0.2503305424548712,-0.2024773413897281,C
00371,北控水务,2023-04-30,4.8544,1.85,-0.9131744721519172,0.3333333333333333,0.8460365853658536,T2,0.8478286132171667,0.14912456139994967,↓,↓,VP_LOCKED_CANDIDATE,52.536904403902135,CBI_STABLE,COST_DISADVANTAGE,-0.22542790624279363,-0.22065677886191415,-0.24405635177293072,Improving,-0.22065677886191415,2.624,C
00371,北控水务,2023-05-31,-5.2562,3.0,0.5112509986131034,0.6666666666666666,1.2875536480686696,T4,1.2910338310125047,0.17434302718369654,↑,↑,VP_SELLING_ACTIVE,42.47805219690011,CBI_ACTIVE,COST_DISADVANTAGE,-0.25886776292267855,-0.29198259790097425,-0.2790537428945543,Deteriorating,-0.29198259790097425,-1.7520666666666667,C
00371,北控水务,2023-06-30,1.8724,2.43,-0.03997078204454149,0.5833333333333334,0.9871360866621531,T3,0.9879257404825463,-0.26767588321578517,→,→,VP_STABLE_ASCENT,49.62490381667376,CBI_ACTIVE,COST_DISADVANTAGE,-0.1977958828662142,-0.2356949647578952,-0.2557858634935297,Improving,-0.2356949647578952,0.7705349794238683,C
00371,北控水务,2023-07-31,2.7229,1.66,-1.236123441856414,0.25,0.6725185685347738,T2,0.6700728150658414,-0.10408515520108863,↓,↓,VP_LOCKED_CANDIDATE,60.29598947344654,CBI_STABLE,COST_DISADVANTAGE,-0.20488147826754,-0.2017164813455501,-0.23552135330955515,Improving,-0.2017164813455501,1.6403012048192773,C
00371,北控水务,2023-08-31,-7.1942,2.22,-0.3435043506498976,0.5,0.9205252246026262,T3,0.9190604501091324,-0.261931806871171,→,→,VP_NEUTRAL,51.84734595404534,CBI_STABLE,COST_DISADVANTAGE,-0.18094761498029965,-0.21013887887311733,-0.2811165012234982,Stable,-0.21013887887311733,-3.2406306306306307,C
00371,北控水务,2023-09-30,-2.1142,1.27,-1.7902973865262186,0.08333333333333333,0.6130329847144006,T1,0.6174897600567322,-0.47375612581489646,↓,↓,VP_DECLINE_SILENT,70.2987330196126,CBI_LOCKED_CANDIDATE,COST_DISADVANTAGE,-0.1901247319420175,-0.22359705181830536,-0.23881205627623447,Deteriorating,-0.22359705181830536,-1.6647244094488187,C
00371,北控水务,2023-10-31,-3.6258,2.13,-0.040883945067100205,0.5,1.0055074744295829,T3,1.0084598631124204,0.29274010030280784,→,→,VP_NEUTRAL,57.197621335610116,CBI_STABLE,COST_DISADVANTAGE,-0.2069524338632318,-0.20638151573075203,-0.27169274499000406,Stable,-0.20638151573075203,-1.7022535211267606,C
00371,北控水务,2023-11-30,-6.0196,2.18,0.04391027120858721,0.5833333333333334,1.1000841042893188,T3,1.1003222233697647,-0.01529701658826832,↑,↑,VP_SELLING_ACTIVE,55.982300665130495,CBI_STABLE,COST_DISADVANTAGE,-0.24216451964695318,-0.23000356907267472,-0.3155336632750301,Deteriorating,-0.23000356907267472,-2.7612844036697246,C
00371,北控水务,2023-12-31,13.6109,2.57,0.6353599374449586,0.8333333333333334,1.2817955112219448,T4,1.2780560600587074,1.0038241838957855,↑,↑,VP_EXPANSION,46.74104827617311,CBI_ACTIVE,COST_DISADVANTAGE,-0.15737853461653184,-0.10978837629402749,-0.12834771641111187,Stable,-0.10978837629402749,5.296070038910506,C
00371,北控水务,2024-01-31,11.2755,8.02,10.325023944758644,1.0,2.6166394779771616,T5,2.61029555181229,2.7381673528575368,↑↑,↑↑,VP_OVERHEAT,19.75272681674452,CBI_TURBULENT,COST_DISADVANTAGE,-0.135606505317188,-0.1588190950725299,-0.030064160826741126,Deteriorating,-0.1588190950725299,1.405922693266833,C
00371,北控水务,2024-02-29,-3.7999,4.8,1.155271258494145,0.9166666666666666,1.373390557939914,T4,1.3720706609339917,1.1946784313049692,↑,↑,VP_SELLING_ACTIVE,21.622512237132653,CBI_TURBULENT,COST_DISADVANTAGE,-0.2032378836945019,-0.18477207872474732,-0.0669204941708802,Deteriorating,-0.18477207872474732,-0.7916458333333334,C
00371,北控水务,2024-03-31,-6.5833,5.14,1.2094670681466941,0.9166666666666666,1.2415458937198067,T4,1.245334650244595,1.0095878806917908,↑,↑,VP_SELLING_ACTIVE,20.106510471389676,CBI_TURBULENT,COST_DISADVANTAGE,-0.21715684936456547,-0.2513142293272759,-0.24467174720893892,Deteriorating,-0.2513142293272759,-1.28079766536965,C
00371,北控水务,2024-04-30,17.7431,6.34,1.6397614722865148,0.9166666666666666,1.3094664371772808,T5,1.3093741814580682,-0.20792985073156,↑,↑,VP_EXPANSION,18.684222438790858,CBI_TURBULENT,COST_DISADVANTAGE,-0.14407905704885715,-0.11580142630849521,-0.11692066851277638,Stable,-0.11580142630849521,2.798596214511041,C
00371,北控水务,2024-05-31,31.5343,7.16,1.7318613955866364,0.9166666666666666,1.2624155157214223,T5,1.2601722021116104,0.4891289820480884,↑,↑,VP_EXPANSION,16.394826070447632,CBI_TURBULENT,COST_NEUTRAL,-0.15245275677790815,-0.09590804277845988,0.154550373716569,Stable,-0.09590804277845988,4.4042318435754195,C
00371,北控水务,2024-06-30,-0.1383,6.22,0.9828565140535959,0.75,0.9904458598726114,T4,0.9888151068420808,0.20274169495865357,→,→,VP_NEUTRAL,21.787034968562043,CBI_TURBULENT,COST_DISADVANTAGE,-0.09462954357988362,-0.1427482886380782,-0.046207524890704677,Stable,-0.1427482886380782,-0.022234726688102897,C
00371,北控水务,2024-07-31,0.4617,4.19,-0.07863856753143318,0.5,0.742688330871492,T3,0.7451664430150088,-0.33699267924160825,↓,↓,VP_SHRINK,30.741164701192623,CBI_ACTIVE,COST_DISADVANTAGE,-0.09566842021209054,-0.06289577762171772,-0.04180405085972916,Stable,-0.06289577762171772,0.11019093078758949,C
00371,北控水务,2024-08-31,-6.4044,4.08,-0.21587486379364218,0.4166666666666667,0.7389073347419259,T3,0.7351734991030251,-0.4321133510662629,↓,↓,VP_DECLINE_SILENT,33.9828647197885,CBI_ACTIVE,COST_DISADVANTAGE,-0.10517361612501319,-0.12782399786466359,-0.0990492132624109,Deteriorating,-0.12782399786466359,-1.569705882352941,C
00371,北控水务,2024-09-30,10.8055,4.42,-0.19995986336130286,0.5,0.8182659672940451,T3,0.8209136091326827,-0.2860144181389901,↓,↓,VP_LOCKED_CANDIDATE,32.31425129587459,CBI_ACTIVE,COST_NEUTRAL,-0.04749632979126284,-0.0050608702658738736,-0.02363355963984004,Improving,-0.0050608702658738736,2.4446832579185522,C
00371,北控水务,2024-10-31,-5.2724,4.13,-0.5099509849063567,0.3333333333333333,0.8205298013245031,T2,0.8200951151264996,-0.01932965193226066,↓,↓,VP_DECLINE_SILENT,38.81483063230202,CBI_ACTIVE,COST_DISADVANTAGE,-0.11120421520403956,-0.1356949550817611,-0.06691221391112356,Deteriorating,-0.1356949550817611,-1.2766101694915255,C
00371,北控水务,2024-11-30,-8.3877,3.17,-1.3323103045597973,0.16666666666666666,0.7256772224341854,T2,0.7236284978832602,-0.2218323430392819,↓,↓,VP_DECLINE_SILENT,46.54735525186229,CBI_ACTIVE,COST_DISADVANTAGE,-0.08172834573992327,-0.10878982933583503,-0.14914165702656268,Deteriorating,-0.10878982933583503,-2.6459621451104103,C
00371,北控水务,2024-12-31,19.3286,2.93,-1.6197304355556053,0.08333333333333333,0.7670157068062828,T1,0.7722598291139602,-0.33409608934477386,↓,↓,VP_LOCKED_CANDIDATE,49.35112903318524,CBI_ACTIVE,COST_NEUTRAL,-0.06085883066119713,-0.0010802804223449813,-0.007348423539681681,Improving,-0.0010802804223449813,6.5967918088737205,C
00371,北控水务,2025-01-31,-14.5548,3.08,-1.3399238840323082,0.16666666666666666,0.8473177441540578,T2,0.843856746187615,-0.2569875125128448,↓,↓,VP_DECLINE_SILENT,48.796840652288964,CBI_ACTIVE,COST_DISADVANTAGE,-0.08583402029228293,-0.13255296063175803,-0.1554422222443328,Deteriorating,-0.13255296063175803,-4.725584415584415,C
00371,北控水务,2025-02-28,4.985,4.78,0.11502569819013413,0.6666666666666666,1.2741003998223013,T3,1.2744482972066327,0.5140847910763697,↑,↑,VP_EXPANSION,32.627342428432776,CBI_ACTIVE,COST_DISADVANTAGE,-0.06851145230121303,-0.04676694819695171,-0.10889845693715683,Improving,-0.04676694819695171,1.042887029288703,C
00371,北控水务,2025-03-31,-1.8904,6.99,1.7759712127914618,0.9166666666666666,1.6722488038277514,T5,1.6735299567579611,1.3696404304195284,↑↑,↑↑,VP_PANIC,23.64630834014041,CBI_TURBULENT,COST_DISADVANTAGE,-0.08820193046336278,-0.1118447017062063,-0.0929065112396722,Deteriorating,-0.1118447017062063,-0.27044349070100143,C
00371,北控水务,2025-04-30,9.0649,4.56,-0.06260796402875417,0.6666666666666666,1.0725205801646414,T3,1.0707340181729537,0.48496724881086517,→,→,VP_STABLE_ASCENT,33.254661392965495,CBI_ACTIVE,COST_DISADVANTAGE,-0.06569292707069807,-0.0489662608799204,-0.00114849937085304,Improving,-0.0489662608799204,1.9879166666666668,C
00371,北控水务,2025-05-31,4.7702,4.14,-0.2281422804935373,0.5,0.9380664652567976,T3,0.9333517471101457,-0.13929644728373125,→,→,VP_STABLE_ASCENT,41.53711425166386,CBI_ACTIVE,COST_NEUTRAL,-0.07163005538308975,-0.04480696577527188,0.0556540794050826,Improving,-0.04480696577527188,1.1522222222222223,C
00371,北控水务,2025-06-30,-4.1319,4.89,0.6307678128463473,0.9166666666666666,1.0316455696202531,T4,1.0352059261686037,-0.2991814032345058,→,→,VP_NEUTRAL,31.255000718245654,CBI_ACTIVE,COST_DISADVANTAGE,-0.06325914046215964,-0.08554077431305851,-0.07412083344618936,Stable,-0.08554077431305851,-0.8449693251533743,C
00371,北控水务,2025-07-31,13.9312,4.56,0.2535703660729722,0.75,0.9144385026737968,T3,0.9162956353820825,0.0037880234523293144,→,→,VP_STABLE_ASCENT,36.48553512611964,CBI_ACTIVE,COST_NEUTRAL,-0.019949620202777574,0.012590512392153475,0.054865380440279665,Improving,0.012590512392153475,3.055087719298246,C
00371,北控水务,2025-08-31,-2.6954,5.03,0.6510639850326783,0.9166666666666666,1.0003314550878357,T4,1.0038579610629736,0.22679062566619712,→,→,VP_NEUTRAL,31.30623689633844,CBI_ACTIVE,COST_NEUTRAL,-0.03029046495295451,-0.0393070404072553,0.01858800778471026,Stable,-0.0393070404072553,-0.5358648111332007,C
00371,北控水务,2025-09-30,-6.1641,7.29,2.6603548819718394,1.0,1.435510338037414,T5,1.43516648125075,0.4871959371424528,↑,↑,VP_SELLING_ACTIVE,24.938469684052883,CBI_TURBULENT,COST_DISADVANTAGE,-0.020568300756110047,-0.06377248317327444,-0.07526604594663133,Deteriorating,-0.06377248317327444,-0.8455555555555556,C
00371,北控水务,2025-10-31,4.1667,3.46,-0.888650335568855,0.3333333333333333,0.7068437180796731,T2,0.7082504327402879,-0.24044261414365453,↓,↓,VP_LOCKED_CANDIDATE,47.15951303261254,CBI_ACTIVE,COST_NEUTRAL,-0.005167310089623456,0.017542498771683013,-0.03270506898183201,Improving,0.017542498771683013,1.2042485549132946,C
00371,北控水务,2025-11-30,1.6064,9.0,3.2083019011328417,1.0,1.5775635407537245,T5,1.574675648187185,0.7813781773994795,↑↑,↑↑,VP_OVERHEAT,22.450175533478777,CBI_TURBULENT,COST_NEUTRAL,0.03251918413600885,0.013286135657518017,-0.02109752980961399,Deteriorating,0.013286135657518017,0.1784888888888889,C
00371,北控水务,2025-12-31,-3.5294,3.57,-0.9904969303288398,0.25,0.650865998176846,T2,0.6509472479421152,-0.5096603470589961,↓,↓,VP_DECLINE_SILENT,47.95722320698356,CBI_ACTIVE,COST_DISADVANTAGE,-0.018559375881818108,-0.02212221122461777,-0.012993392931692882,Deteriorating,-0.02212221122461777,-0.9886274509803922,C
00371,北控水务,2026-01-31,9.3496,3.75,-0.9394787456475849,0.25,0.7009345794392523,T2,0.7016153295163396,0.08302260869885614,↓,↓,VP_LOCKED_CANDIDATE,49.6730905041585,CBI_ACTIVE,COST_ADVANTAGE,0.016959809567791195,0.04735862209090058,0.07928771260721401,Improving,0.04735862209090058,2.4932266666666667,C
00371,北控水务,2026-02-28,5.597,5.07,-0.07851477548368052,0.75,0.9464841319228376,T3,0.947271297572744,-0.4354478885444284,→,→,VP_STABLE_ASCENT,32.75640754933849,CBI_ACTIVE,COST_NEUTRAL,-0.0027870935851984635,-0.008950711476625739,0.13545882032654855,Improving,-0.008950711476625739,1.1039447731755425,C
00371,北控水务,2026-03-31,-2.8674,5.38,0.21854929203058956,0.8333333333333334,1.067813430367185,T3,1.0668180071594051,0.504964502770548,→,→,VP_NEUTRAL,31.41395789879539,CBI_ACTIVE,COST_DISADVANTAGE,-0.010566253656360769,-0.022760441462043812,-0.013986598322442312,Stable,-0.022760441462043812,-0.5329739776951673,C
00371,北控水务,2026-04-30,0.7299,3.92,-0.7392419218211131,0.3333333333333333,0.7663734115347018,T2,0.7683171328869256,0.04675462544862885,↓,↓,VP_SHRINK,47.70036124903279,CBI_ACTIVE,COST_NEUTRAL,-0.004248719424084224,0.0013585744726738458,0.004205530859800355,Stable,0.0013585744726738458,0.18619897959183673,C
00371,北控水务,2026-05-31,-4.7826,3.88,-0.7455718488882345,0.3333333333333333,0.9104419241298396,T2,0.9072663793430535,-0.23791105035013693,→,→,VP_NEUTRAL,46.83528106307124,CBI_ACTIVE,COST_DISADVANTAGE,-0.054548023791789024,-0.08030251501650776,-0.04382169018132043,Stable,-0.08030251501650776,-1.2326288659793816,C
00371,北控水务,2026-06-30,-14.068441064638792,4.359999999999999,-0.3826680607489629,0.5,0.9924127465857357,T3,0.9894700972161015,-0.19167633651499372,→,→,VP_NEUTRAL,39.632886350407404,CBI_ACTIVE,COST_DISADVANTAGE,-0.01551062776118095,-0.08353869932223568,-0.15817002602733354,Stable,-0.08353869932223568,-3.2267066662015584,C
00371,,2026-07-31,2.212389380530988,3.42,-0.9377144739396698,0.08333333333333333,0.7883211678832116,T2,0.7846799406707654,-0.13520708416027238,↓,↓,VP_LOCKED_CANDIDATE,52.84345913706862,CBI_STABLE,COST_NEUTRAL,-0.018995984829851986,-0.016923704030869957,-0.1395454690810356,Improving,-0.016923704030869957,0.6468974796874234,C
00700,腾讯控股,2010-01-31,0.0,7.58,,,,,,,,,VP_NEUTRAL,,,,-0.8767132633005761,-0.8865266021488306,,Stable,-0.8865266021488306,0.0,A
00700,腾讯控股,2010-02-28,39.209726443768986,5.74,,,,,,,,,VP_NEUTRAL,,,,-0.8341615340431664,-0.8276669092659839,,Stable,-0.8276669092659839,6.830962795081705,A
00700,腾讯控股,2010-03-31,14.41048034934498,7.08,,,1.0411764705882354,,1.040971357065937,,→,→,VP_STABLE_ASCENT,,,COST_DISADVANTAGE,-0.8196248714569535,-0.8210069986232349,-0.8155627303835878,Improving,-0.8210069986232349,2.0353785804159577,A
00700,腾讯控股,2010-04-30,26.717557251908385,4.96,,,0.7823343848580442,,0.7820380239831075,-0.3458343576017845,↓,↓,VP_LOCKED_CANDIDATE,,,COST_DISADVANTAGE,-0.7774680329434659,-0.7739201980196397,-0.7662855972799663,Improving,-0.7739201980196397,5.386604284658949,A
00700,腾讯控股,2010-05-31,-35.54216867469879,7.41,,,1.1306072627403112,,1.129396937821767,0.28841113373051463,↑,↑,VP_SELLING_ACTIVE,,,COST_DISADVANTAGE,-0.8423641298961191,-0.848869111942193,-0.8493527645117855,Deteriorating,-0.848869111942193,-4.796513991187421,A
00700,腾讯控股,2010-06-30,-84.81308411214954,12.97,6.252140428696309,1.0,1.7013554875382597,T5,1.6971448451552285,0.825219538399395,↑↑,↑↑,VP_PANIC,9.067706529496636,CBI_TURBULENT,COST_DISADVANTAGE,-0.9723752756900894,-0.9732538964927592,-0.9754461827368732,Deteriorating,-0.9732538964927592,-6.5391737943060555,A
00700,腾讯控股,2010-07-31,544.6153846153846,5.74,-0.7333668190341875,0.42857142857142855,0.784510250569476,T2,0.7878745913175789,0.16163275962300783,↓,↓,VP_LOCKED_CANDIDATE,27.410862687240606,CBI_TURBULENT,COST_DISADVANTAGE,-0.8429330656577956,-0.836472786490499,-0.8417223164115367,Improving,-0.836472786490499,94.88072902707049,A
00700,腾讯控股,2010-08-31,-32.45823389021481,4.69,-1.0798767595240175,0.125,0.6567094515752626,T2,0.6625351500443795,-0.3605817555737565,↓,↓,VP_DECLINE_SILENT,37.36605195519862,CBI_ACTIVE,COST_DISADVANTAGE,-0.8910728303413322,-0.8954214690145604,-0.8930964571466943,Deteriorating,-0.8954214690145604,-6.92073217275369,A
00700,腾讯控股,2010-09-30,177.73851590106008,4.88,-0.8667795269496302,0.2222222222222222,0.7202952029520294,T2,0.7228666735210587,-0.620791730861839,↓,↓,VP_LOCKED_CANDIDATE,34.23870568161056,CBI_ACTIVE,COST_DISADVANTAGE,-0.731355603705572,-0.7283842932727465,-0.7101800681847422,Improving,-0.7283842932727465,36.42182702890575,A
00700,腾讯控股,2010-10-31,18.575063613231556,4.88,-0.7850950320225308,0.3,0.7217155533645551,T2,0.7241733372702412,-0.1489048106789005,↓,↓,VP_LOCKED_CANDIDATE,31.873124354344096,CBI_ACTIVE,COST_DISADVANTAGE,-0.7201473595636825,-0.7189506073419836,-0.6563458314862338,Improving,-0.7189506073419836,3.8063654945146634,A
00700,腾讯控股,2010-11-30,-9.549356223175975,6.76,0.07047165696615072,0.6363636363636364,1.0160320641282565,T3,1.0204012688784703,0.4384515152387176,→,→,VP_NEUTRAL,21.281255104530967,CBI_TURBULENT,COST_DISADVANTAGE,-0.7311194133190918,-0.7409507072121775,-0.6891625922134068,Stable,-0.7409507072121775,-1.4126266602331325,A
00700,腾讯控股,2010-12-31,-8.303677342823246,3.56,-1.3487678573169648,0.08333333333333333,0.7000983284169126,T2,0.7026986618258425,-0.26635681576551196,↓,↓,VP_DECLINE_SILENT,39.21610560274857,CBI_ACTIVE,COST_DISADVANTAGE,-0.7554807516825515,-0.7608722923955707,-0.7635338672538438,Deteriorating,-0.7608722923955707,-2.332493635624507,A
00700,腾讯控股,2011-01-31,78.91332470892624,5.33,-0.3812059193412356,0.5,1.0624584717607974,T3,1.0607523674632882,0.0924013953885281,→,→,VP_STABLE_ASCENT,26.370103638183704,CBI_TURBULENT,COST_DISADVANTAGE,-0.6246369874268745,-0.6136107031857339,-0.576930580093229,Improving,-0.6136107031857339,14.805501821562146,A
00700,腾讯控股,2011-02-28,5.3506869125090395,5.45,-0.3141158512161994,0.5833333333333334,1.0596241088788074,T3,1.0601073522893216,-0.19415591224959372,→,→,VP_STABLE_ASCENT,23.763520817931454,CBI_TURBULENT,COST_DISADVANTAGE,-0.5993055933501708,-0.6030812683327729,-0.5542934600114494,Improving,-0.6030812683327729,0.9817774151392733,A
00700,腾讯控股,2011-03-31,-20.864790665751553,8.73,1.1151367339663163,0.9166666666666666,1.509075194468453,T4,1.512869275264403,1.4519361055369608,↑↑,↑↑,VP_PANIC,13.389581670840974,CBI_TURBULENT,COST_DISADVANTAGE,-0.674312132449157,-0.6898118787024471,-0.6855418599672296,Deteriorating,-0.6898118787024471,-2.390010385538551,A
00700,腾讯控股,2011-04-30,50.39028620988726,6.43,0.012080482498737222,0.6666666666666666,1.0639823496966354,T3,1.0627954493758656,0.20817317025640603,→,→,VP_STABLE_ASCENT,21.65094136263312,CBI_TURBULENT,COST_DISADVANTAGE,-0.5763989146322452,-0.5429868483721474,-0.5270855031944285,Improving,-0.5429868483721474,7.836747466545453,A
00700,腾讯控股,2011-05-31,3.5178777393310323,5.1,-0.49163831592959933,0.4166666666666667,0.884393063583815,T3,0.8857854228513745,-0.0615353916629523,↓,↓,VP_LOCKED_CANDIDATE,30.00324978737546,CBI_ACTIVE,COST_DISADVANTAGE,-0.5469897949164331,-0.5489936590851766,-0.510448949385236,Improving,-0.5489936590851766,0.6897799488884377,A
00700,腾讯控股,2011-06-30,-12.924791086350961,6.7,0.8581711248894088,0.8333333333333334,1.0651828298887125,T4,1.0657300958269644,-0.23373180940407867,→,→,VP_NEUTRAL,23.54813529258904,CBI_TURBULENT,COST_DISADVANTAGE,-0.5810775840824349,-0.5882976919161742,-0.5937174218274558,Stable,-0.5882976919161742,-1.9290732964702926,A
00700,腾讯控股,2011-07-31,-9.916826615483053,3.95,-1.3068344410968518,0.16666666666666666,0.6518151815181519,T2,0.6552198023724205,-0.3809559843310476,↓,↓,VP_DECLINE_SILENT,45.10078132183354,CBI_ACTIVE,COST_DISADVANTAGE,-0.6276650524525567,-0.6338964894711128,-0.6340077606737413,Deteriorating,-0.6338964894711128,-2.5105890165779883,A
00700,腾讯控股,2011-08-31,-23.29545454545454,8.19,1.8499304284521023,0.9166666666666666,1.256777493606138,T5,1.2565065010392165,0.6051292201432308,↑,↑,VP_SELLING_ACTIVE,18.798795238815885,CBI_TURBULENT,COST_DISADVANTAGE,-0.6615269637495158,-0.6827652950982694,-0.7192673164258812,Deteriorating,-0.6827652950982694,-2.844377844377844,A
00700,腾讯控股,2011-09-30,-35.462962962962976,6.48,0.363850141186364,0.6666666666666666,1.0550881953867028,T3,1.05687777421963,-0.030115412099473993,→,→,VP_NEUTRAL,27.00211116360507,CBI_TURBULENT,COST_DISADVANTAGE,-0.7660861564199402,-0.777851790381007,-0.7953299210056851,Stable,-0.777851790381007,-5.472679469593052,A
00700,腾讯控股,2011-10-31,49.92826398852224,5.69,-0.24465109491542308,0.5,0.945444475214622,T3,0.9429974637822763,0.4302706912974419,→,→,VP_STABLE_ASCENT,32.10275853875867,CBI_ACTIVE,COST_DISADVANTAGE,-0.6853777742469809,-0.661951481902462,-0.6931417036598866,Improving,-0.661951481902462,8.774738838053118,A
00700,腾讯控股,2011-11-30,-66.88995215311004,7.13,0.7737861720003137,0.8333333333333334,1.1216570529627687,T4,1.1192149878072502,-0.13127347460663863,↑,↑,VP_SELLING_ACTIVE,20.609499756699496,CBI_TURBULENT,COST_DISADVANTAGE,-0.8786102078932241,-0.8822590401320027,-0.898399071259637,Deteriorating,-0.8822590401320027,-9.381479965373078,A
00700,腾讯控股,2011-12-31,58.09248554913293,3.84,-1.8455050650145446,0.08333333333333333,0.6530612244897959,T1,0.6488327240035083,-0.412809078055578,↓,↓,VP_LOCKED_CANDIDATE,45.445838655819024,CBI_ACTIVE,COST_DISADVANTAGE,-0.810129616424854,-0.805267858734799,-0.8152693450874069,Improving,-0.805267858734799,15.1282514450867,A
00700,腾讯控股,2012-01-31,113.34552102376598,4.22,-1.3023595714014624,0.25,0.7122362869198312,T2,0.71427267368179,-0.25537335293770247,↓,↓,VP_LOCKED_CANDIDATE,38.94742737204655,CBI_ACTIVE,COST_DISADVANTAGE,-0.6530345472310677,-0.633903060841972,-0.6058854217861129,Improving,-0.633903060841972,26.859128204683884,A
00700,腾讯控股,2012-02-29,19.365895458440452,4.53,-0.9586962111769689,0.3333333333333333,0.8523047977422389,T2,0.8514463771630536,-0.36479622718067006,↓,↓,VP_LOCKED_CANDIDATE,35.87834160691821,CBI_ACTIVE,COST_DISADVANTAGE,-0.6161272411022296,-0.6071557550318457,-0.5295616045827382,Improving,-0.6071557550318457,4.275032110031004,A
00700,腾讯控股,2012-03-31,19.382627422828413,5.0600000000000005,-0.4362239097744631,0.4166666666666667,0.9963898916967511,T3,0.9994881211350348,0.32905996548608063,→,→,VP_STABLE_ASCENT,35.46634996894423,CBI_ACTIVE,COST_DISADVANTAGE,-0.5853689000361642,-0.5723992760098419,-0.5331513369489316,Improving,-0.5723992760098419,3.8305587792151012,A
00700,腾讯控股,2012-04-30,30.12627781118462,3.49,-1.5017584205502486,0.08333333333333333,0.7407145383799081,T1,0.7440635194890813,-0.17157496645096715,↓,↓,VP_LOCKED_CANDIDATE,45.80857992660282,CBI_ACTIVE,COST_DISADVANTAGE,-0.4975807830355994,-0.48842873019936883,-0.3925072117603654,Improving,-0.48842873019936883,8.632171292603044,A
00700,腾讯控股,2012-05-31,-25.27726432532347,5.79,0.2704868978164089,0.6666666666666666,1.2900111399925733,T3,1.2965639521789907,0.28890196662946455,↑,↑,VP_SELLING_ACTIVE,27.046183387681985,CBI_TURBULENT,COST_DISADVANTAGE,-0.5875288487500336,-0.604999699870159,-0.5460647696009755,Deteriorating,-0.604999699870159,-4.365676049278664,A
00700,腾讯控股,2012-06-30,14.409400123685835,3.69,-1.1293617889937702,0.16666666666666666,0.8267363704256907,T2,0.8301919516287645,-0.2666358400811907,↓,↓,VP_LOCKED_CANDIDATE,43.32304960116539,CBI_ACTIVE,COST_DISADVANTAGE,-0.5480648800172767,-0.5520398690454389,-0.5532057951536475,Improving,-0.5520398690454389,3.904986483383695,A
00700,腾讯控股,2012-07-31,5.945945945945952,3.41,-1.2867733792547305,0.08333333333333333,0.7878321139776666,T2,0.7785955845200903,-0.036570247537170864,↓,↓,VP_LOCKED_CANDIDATE,46.768333765683856,CBI_ACTIVE,COST_DISADVANTAGE,-0.530724787772266,-0.5336141959608766,-0.5266396532438644,Improving,-0.5336141959608766,1.7436791630340034,A
00700,腾讯控股,2012-08-31,4.744897959183669,4.3,-0.4506474740376986,0.5,1.0023310023310024,T3,1.0075728590459863,-0.2555540913041682,→,→,VP_STABLE_ASCENT,36.79751667869896,CBI_ACTIVE,COST_DISADVANTAGE,-0.5370591891644405,-0.5319969308879862,-0.5041791878110478,Improving,-0.5319969308879862,1.1034646416706209,A
00700,腾讯控股,2012-09-30,24.40331222601071,3.14,-1.3639224754643209,0.08333333333333333,0.7909319899244333,T2,0.7899708158832397,-0.15320991882684265,↓,↓,VP_LOCKED_CANDIDATE,51.24009927165143,CBI_STABLE,COST_DISADVANTAGE,-0.46417672112760133,-0.44823182560713304,-0.41949595433684117,Improving,-0.44823182560713304,7.7717554859906715,A
00700,腾讯控股,2012-10-31,4.189506656225528,2.3000000000000003,-1.8715771084422745,0.08333333333333333,0.6098099867432613,T1,0.60650561652535,-0.3202441858074139,↓,↓,VP_LOCKED_CANDIDATE,50.46582132630647,CBI_STABLE,COST_DISADVANTAGE,-0.4623727945702444,-0.4526693099134407,-0.3951756987041246,Improving,-0.4526693099134407,1.8215246331415336,A
00700,腾讯控股,2012-11-30,-11.649755730928213,4.67,0.7595497204840683,0.8333333333333334,1.3026499302649932,T4,1.3056838403326576,0.08195974218471669,↑,↑,VP_SELLING_ACTIVE,32.31485636917396,CBI_ACTIVE,COST_DISADVANTAGE,-0.4967526227747461,-0.5069392710605003,-0.4656362524063874,Deteriorating,-0.5069392710605003,-2.494594374931095,A
00700,腾讯控股,2012-12-31,-3.2752020416843997,3.19,-0.9304419706949006,0.25,0.9109947643979057,T2,0.9046725267627864,0.00672075633652125,→,→,VP_NEUTRAL,51.8025244128776,CBI_STABLE,COST_DISADVANTAGE,-0.5021659532320764,-0.504722090288946,-0.5196606836766484,Stable,-0.504722090288946,-1.0267091039763008,A
00700,腾讯控股,2013-01-31,18.161829375549708,4.66,0.7288277776959948,0.75,1.256064690026954,T4,1.2641012661615618,1.0522422503685007,↑,↑,VP_EXPANSION,35.16277082961212,CBI_ACTIVE,COST_DISADVANTAGE,-0.45992622915105097,-0.4459979171732228,-0.43242227662231925,Stable,-0.4459979171732228,3.8973882780149585,A
00700,腾讯控股,2013-02-28,-2.1957573502046857,2.87,-1.140467832796795,0.16666666666666666,0.8266922707633221,T2,0.8305795620649609,-0.38329033623336806,↓,↓,VP_DECLINE_SILENT,54.316378764758205,CBI_STABLE,COST_DISADVANTAGE,-0.47629017171767485,-0.47112348348512234,-0.4448849062015091,Deteriorating,-0.47112348348512234,-0.7650722474580786,A
00700,腾讯控股,2013-03-31,-15.03044140030443,7.71,4.153099396488459,1.0,1.821259842519685,T5,1.827405753129654,1.4544009534346158,↑↑,↑↑,VP_PANIC,20.542194667556288,CBI_TURBULENT,COST_DISADVANTAGE,-0.5079644535102463,-0.5394714502440126,-0.5416504277623242,Deteriorating,-0.5394714502440126,-1.9494735927761906,A
00700,腾讯控股,2013-04-30,16.032243618450526,4.5600000000000005,0.27449864902319054,0.6666666666666666,0.9891540130151845,T3,0.9878297636231781,-0.027193300872052295,→,→,VP_STABLE_ASCENT,30.833184261739706,CBI_ACTIVE,COST_DISADVANTAGE,-0.4489851739502293,-0.43746742323262444,-0.46816670771705426,Improving,-0.43746742323262444,3.5158428987830095,A
00700,腾讯控股,2013-05-31,30.29718255499807,4.88,0.6034786946911478,0.9166666666666666,1.0505920344456403,T4,1.0475177606457584,0.6904410334876385,→,→,VP_STABLE_ASCENT,22.98541179344287,CBI_TURBULENT,COST_DISADVANTAGE,-0.39796220965214024,-0.3714153017286931,-0.30703620426583367,Stable,-0.3714153017286931,6.208439048155342,A
00700,腾讯控股,2013-06-30,-1.9549763033175238,4.71,0.39816369054592604,0.8333333333333334,0.9615515481456277,T3,0.9576074703670113,-0.3931352787948621,→,→,VP_NEUTRAL,25.206661651452432,CBI_TURBULENT,COST_DISADVANTAGE,-0.37673316070526863,-0.39168992210276254,-0.35695637751869425,Stable,-0.39168992210276254,-0.4150692788359923,A
00700,腾讯控股,2013-07-31,26.495468277945598,4.87,0.43210415437649125,0.8333333333333334,0.9871621621621621,T3,0.9884538849535582,0.07062067663148786,→,→,VP_STABLE_ASCENT,24.760851968711837,CBI_TURBULENT,COST_DISADVANTAGE,-0.3249077476529635,-0.306955026850408,-0.18657895851080752,Improving,-0.306955026850408,5.440547901015523,A
00700,腾讯控股,2013-08-31,5.206591831860519,4.34,0.011729717731550775,0.4166666666666667,0.8381074991953652,T3,0.8426317520056285,-0.10248793012771185,↓,↓,VP_LOCKED_CANDIDATE,38.3633271824172,CBI_ACTIVE,COST_DISADVANTAGE,-0.33500043194457707,-0.34273744743336465,-0.1442274450059965,Improving,-0.34273744743336465,1.1996755372950505,A
00700,腾讯控股,2013-09-30,18.070374574347326,4.27,-0.12105636407133648,0.3333333333333333,0.9272529858849077,T3,0.9320974843307729,-0.08474420077598799,→,→,VP_STABLE_ASCENT,41.91174290447255,CBI_ACTIVE,COST_DISADVANTAGE,-0.30926964937656076,-0.29740095803283384,-0.2221467287584309,Improving,-0.29740095803283384,4.231937839425604,A
00700,腾讯控股,2013-10-31,5.825802730244178,3.82,-0.6780372411627498,0.25,0.8523614726664187,T2,0.8510598125730816,-0.21715805027635304,↓,↓,VP_LOCKED_CANDIDATE,46.884408984986756,CBI_ACTIVE,COST_DISADVANTAGE,-0.3192368712559399,-0.2976019445083007,-0.17683053164514595,Improving,-0.2976019445083007,1.5250792487550207,A
00700,腾讯控股,2013-11-30,8.430232558139528,5.0600000000000005,0.4418084907725683,0.9166666666666666,1.1215367565570744,T3,1.1255602260544675,0.16610647461511996,↑,↑,VP_EXPANSION,25.416713730018195,CBI_TURBULENT,COST_DISADVANTAGE,-0.26549732453311625,-0.22810773529286277,-0.1074354311152309,Improving,-0.22810773529286277,1.6660538652449657,A
00700,腾讯控股,2013-12-31,14.276139410187682,3.7,-0.8998067026136503,0.16666666666666666,0.8518802762854951,T2,0.852590852140703,-0.13445321952735656,↓,↓,VP_LOCKED_CANDIDATE,50.89644071169032,CBI_STABLE,COST_DISADVANTAGE,-0.216853813887394,-0.2075228998767059,-0.14969321620129417,Improving,-0.2075228998767059,3.8584160568074815,A
00700,腾讯控股,2014-01-31,13.211143695014659,5.97,1.1728343163092843,0.9166666666666666,1.3188512518409425,T4,1.3263641379140032,0.5826047459349075,↑,↑,VP_EXPANSION,26.42678492138387,CBI_TURBULENT,COST_DISADVANTAGE,-0.18603178534236875,-0.18058712355017548,-0.03735796514518952,Stable,-0.18058712355017548,2.2129218919622544,A
00700,腾讯控股,2014-02-28,18.870612614946268,6.36,1.368458209022232,0.9166666666666666,1.3077450308430432,T4,1.3088437010885334,0.25841614255660117,↑,↑,VP_EXPANSION,26.41509637961636,CBI_TURBULENT,COST_NEUTRAL,-0.16816610080283823,-0.10703835741701462,0.14429848412089763,Stable,-0.10703835741701462,2.9670774551802306,A
00700,腾讯控股,2014-03-31,-16.670298539986927,8.59,4.921946322176146,1.0,1.5385074626865671,T5,1.5394215553986552,1.3275862859925627,↑↑,↑↑,VP_PANIC,20.85155586068338,CBI_TURBULENT,COST_DISADVANTAGE,-0.23928352809748377,-0.2769023084862753,-0.2469216941862642,Deteriorating,-0.2769023084862753,-1.9406633923151253,A
00700,腾讯控股,2014-04-30,-13.572175732217584,7.23,1.562705520081432,0.9166666666666666,1.1752912489840153,T5,1.1755849254698698,0.20642676143941818,↑,↑,VP_SELLING_ACTIVE,22.20675070273894,CBI_TURBULENT,COST_DISADVANTAGE,-0.3233762951383329,-0.31711334248067624,-0.3491308052525114,Deteriorating,-0.31711334248067624,-1.8772027292140503,A
00700,腾讯控股,2014-05-31,17.987897125567322,5.42,0.04362148886836912,0.6666666666666666,0.8725516501207405,T3,0.8730061621150798,-0.14664337968203678,↓,↓,VP_LOCKED_CANDIDATE,30.145933451306192,CBI_ACTIVE,COST_DISADVANTAGE,-0.2413862198556016,-0.1927282705406016,-0.23205312407932466,Improving,-0.1927282705406016,3.3188002076692475,A
00700,腾讯控股,2014-06-30,10.514168483138864,3.84,-1.0944785377879855,0.25,0.615878107457899,T2,0.6153332351381351,-0.5528966021434788,↓,↓,VP_LOCKED_CANDIDATE,43.46156480900019,CBI_ACTIVE,COST_DISADVANTAGE,-0.19665571856940556,-0.1843811604107345,-0.12763530323185546,Improving,-0.1843811604107345,2.7380647091507457,A
00700,腾讯控股,2014-07-31,10.90613760297019,4.34,-0.6542311127500834,0.5,0.727780883174958,T2,0.7300669301228563,-0.397749505236902,↓,↓,VP_LOCKED_CANDIDATE,35.28534757018091,CBI_ACTIVE,COST_DISADVANTAGE,-0.1630658676942216,-0.16727879785664723,-0.03249400900258803,Improving,-0.16727879785664723,2.512934931559952,A
00700,腾讯控股,2014-08-31,-1.8307354325766245,4.22,-0.733750916509762,0.3333333333333333,0.7526753864447087,T2,0.7575571628526689,-0.2158491303170329,↓,↓,VP_DECLINE_SILENT,41.86539469996332,CBI_ACTIVE,COST_DISADVANTAGE,-0.20672515437197203,-0.21840699087714455,-0.050206483992079276,Deteriorating,-0.21840699087714455,-0.43382356222194896,A
00700,腾讯控股,2014-09-30,-10.805626598465478,4.8100000000000005,-0.3390363581887839,0.5,0.9665103817816478,T3,0.9680153393346737,0.2580031040294559,→,→,VP_NEUTRAL,37.32728073621057,CBI_ACTIVE,COST_DISADVANTAGE,-0.23797587205608506,-0.25544492130924457,-0.2759928069501205,Stable,-0.25544492130924457,-2.246492016312989,A
00700,腾讯控股,2014-10-31,8.924731182795686,3.5500000000000003,-1.2861441514464012,0.08333333333333333,0.813598166539343,T2,0.8134713996966305,-0.18245331355167527,↓,↓,VP_LOCKED_CANDIDATE,51.496345361197335,CBI_STABLE,COST_DISADVANTAGE,-0.18205195190342782,-0.15813950087520923,-0.21137711122631409,Improving,-0.15813950087520923,2.5140087838861085,A
00700,腾讯控股,2014-11-30,0.4058352528244047,4.44,-0.5412195268571534,0.5,1.0571428571428572,T2,1.0608249262083274,0.05213945366510275,→,→,VP_NEUTRAL,39.38085975815414,CBI_ACTIVE,COST_DISADVANTAGE,-0.2068398894651613,-0.21533635953005947,-0.20817660153182838,Stable,-0.21533635953005947,0.09140433622171276,A
00700,腾讯控股,2014-12-31,-11.579637317019886,5.81,0.3138854185381415,0.6666666666666666,1.2830327567169673,T3,1.2803523812822757,0.2062961339297038,↑,↑,VP_SELLING_ACTIVE,33.93130675939342,CBI_ACTIVE,COST_DISADVANTAGE,-0.22336012388181148,-0.23221526595779796,-0.26276284698592267,Deteriorating,-0.23221526595779796,-1.9930528944956776,A
00700,腾讯控股,2015-01-31,22.201630837657515,5.68,0.23719496785883634,0.6666666666666666,1.1953700455980358,T3,1.1948627094825226,0.602397512917384,↑,↑,VP_EXPANSION,32.32785800441726,CBI_ACTIVE,COST_DISADVANTAGE,-0.20330489473496272,-0.15637060984707318,-0.09908417587568097,Improving,-0.15637060984707318,3.908737823531253,A
00700,腾讯控股,2015-02-28,3.6396724294813554,2.92,-1.6150509610502415,0.08333333333333333,0.6438809261300992,T1,0.6460869879620819,-0.34217932247817306,↓,↓,VP_LOCKED_CANDIDATE,50.37511648265571,CBI_STABLE,COST_DISADVANTAGE,-0.17611971131592563,-0.1668025878054633,-0.06629379101219335,Improving,-0.1668025878054633,1.2464631607812862,A
00700,腾讯控股,2015-03-31,10.15510681884695,5.24,0.42231697322151335,0.6666666666666666,1.1374819102749638,T3,1.140245123916197,-0.0933414770507609,↑,↑,VP_EXPANSION,35.888175328687346,CBI_ACTIVE,COST_DISADVANTAGE,-0.14448012824170475,-0.12159965301928899,-0.08011212590805417,Improving,-0.12159965301928899,1.9379974845127765,A
00700,腾讯控股,2015-04-30,11.184909670563226,6.15,1.798794063781341,1.0,1.2202380952380953,T5,1.2210395170897659,0.08517401631196142,↑,↑,VP_EXPANSION,27.6572275955557,CBI_TURBULENT,COST_NEUTRAL,-0.14787688117882514,-0.14852314721092907,0.022776501879594235,Stable,-0.14852314721092907,1.8186844992785731,A
00700,腾讯控股,2015-05-31,-3.5523695738749472,3.96,-0.7019655149650075,0.3333333333333333,0.7983870967741935,T2,0.797751057895209,0.35157577107792326,↓,↓,VP_DECLINE_SILENT,49.900668230417295,CBI_ACTIVE,COST_DISADVANTAGE,-0.165714711729385,-0.17076485806974306,-0.013556299381918824,Deteriorating,-0.17076485806974306,-0.8970630237057947,A
00700,腾讯控股,2015-06-30,-0.7597654637046869,3.61,-1.0860442781266795,0.25,0.7859216255442669,T2,0.787855173646034,-0.3102379258493462,↓,↓,VP_SHRINK,52.85963228784737,CBI_STABLE,COST_DISADVANTAGE,-0.18421392164315475,-0.1670746757166277,-0.178056439322539,Stable,-0.1670746757166277,-0.21046134728661686,A
00700,腾讯控股,2015-07-31,-7.672464009320123,5.37,0.7902667341295377,0.75,1.1823853211009174,T4,1.1811532467327786,-0.12748166908501635,↑,↑,VP_SELLING_ACTIVE,36.907328584457005,CBI_ACTIVE,COST_DISADVANTAGE,-0.17033822098611617,-0.17978906791619154,-0.24111976319244155,Deteriorating,-0.17978906791619154,-1.4287642475456468,A
00700,腾讯控股,2015-08-31,-10.716538981523204,5.6000000000000005,0.9007519432563883,0.75,1.122619445372536,T4,1.1241114886283998,0.41936714887639437,↑,↑,VP_SELLING_ACTIVE,35.581316257873866,CBI_ACTIVE,COST_DISADVANTAGE,-0.17204292321882708,-0.2060207935699665,-0.3224454595929992,Deteriorating,-0.2060207935699665,-1.9136676752720005,A
00700,腾讯控股,2015-09-30,-2.3218251564708248,4.49,-0.2547964543904524,0.5,0.9232350925291294,T3,0.9255991186792657,0.24486708875546648,→,→,VP_NEUTRAL,44.3435726505134,CBI_ACTIVE,COST_DISADVANTAGE,-0.2030533156761668,-0.1961545277296678,-0.23887353152898816,Stable,-0.1961545277296678,-0.5171102798376002,A
00700,腾讯控股,2015-10-31,16.47374948325755,3.27,-1.5993213208320147,0.16666666666666666,0.7460076045627376,T1,0.746999518195337,-0.38909261531021044,↓,↓,VP_LOCKED_CANDIDATE,54.71549254179746,CBI_STABLE,COST_DISADVANTAGE,-0.17642536949533894,-0.14732961909744835,-0.11348746386230846,Improving,-0.14732961909744835,5.037843878672033,A
00700,腾讯控股,2015-11-30,6.299911268855363,3.63,-1.0246641867801993,0.3333333333333333,0.8386599922988062,T2,0.8376346856761651,-0.3527675584566662,↓,↓,VP_LOCKED_CANDIDATE,48.475961450172655,CBI_ACTIVE,COST_DISADVANTAGE,-0.16506846464832614,-0.15120837527623598,-0.05763796069835447,Improving,-0.15120837527623598,1.7355127462411468,A
00700,腾讯控股,2015-12-31,-1.3856427378964864,3.7600000000000002,-0.7310713908556487,0.4166666666666667,0.8637059724349158,T2,0.8642114614763478,-0.16366490515810395,↓,↓,VP_SHRINK,46.33876211822509,CBI_ACTIVE,COST_DISADVANTAGE,-0.15194117017429576,-0.1521462438095622,-0.14237354100027944,Stable,-0.1521462438095622,-0.3685220047597038,A
00700,腾讯控股,2016-01-31,-5.925173522938887,5.01,0.634087375656974,0.6666666666666666,1.1669254658385093,T4,1.1673140461084284,0.5320156074437405,↑,↑,VP_SELLING_ACTIVE,39.62491004947603,CBI_ACTIVE,COST_DISADVANTAGE,-0.1526429472507329,-0.1403708051925634,-0.1931893968746492,Deteriorating,-0.1403708051925634,-1.1826693658560652,A
00700,腾讯控股,2016-02-29,-2.492351988482988,3.35,-1.3043657630551837,0.16666666666666666,0.8549553381539771,T2,0.8586460200213539,-0.07072287567694058,↓,↓,VP_DECLINE_SILENT,57.6134526597569,CBI_STABLE,COST_DISADVANTAGE,-0.16669270527784164,-0.16134237644420146,-0.21329795698493548,Deteriorating,-0.16134237644420146,-0.743985668203877,A
00700,腾讯控股,2016-03-31,14.03524960782503,4.21,-0.18002841489023266,0.5833333333333334,1.0873869995695222,T3,1.086241370366486,0.11909044325002571,→,→,VP_STABLE_ASCENT,44.189313251368304,CBI_ACTIVE,COST_DISADVANTAGE,-0.15515715415738518,-0.12144288367484146,-0.07132910181526608,Improving,-0.12144288367484146,3.333788505421622,A
00700,腾讯控股,2016-04-30,0.3722285159410976,3.14,-1.3775352545347084,0.08333333333333333,0.8155844155844157,T2,0.8191202849819044,-0.3700155290578486,↓,↓,VP_SHRINK,64.95740436895366,CBI_STABLE,COST_DISADVANTAGE,-0.16014683592187995,-0.16560037780341408,-0.06787232391297615,Stable,-0.16560037780341408,0.11854411335703746,A
00700,腾讯控股,2016-05-31,11.052886165752973,4.5,0.4442076937531536,0.75,1.1264080100125158,T3,1.1281878912079333,0.3413365930606589,↑,↑,VP_EXPANSION,42.12974443236192,CBI_ACTIVE,COST_NEUTRAL,-0.09428553304279264,-0.07640366269446697,0.03515468704440128,Improving,-0.07640366269446697,2.456196925722883,A
00700,腾讯控股,2016-06-30,1.872958257713253,3.99,-0.2706790378438197,0.5,0.9892561983471075,T3,0.9905760902172838,-0.047828320575175165,→,→,VP_STABLE_ASCENT,51.17559845207716,CBI_STABLE,COST_DISADVANTAGE,-0.12051947793639839,-0.11450216040362582,-0.07807361804233293,Improving,-0.11450216040362582,0.46941309717124136,A
00700,腾讯控股,2016-07-31,6.826765481365338,2.57,-2.066668574868304,0.08333333333333333,0.7086397058823528,T1,0.709203236381895,-0.18252415695920576,↓,↓,VP_LOCKED_CANDIDATE,64.40721438748872,CBI_STABLE,COST_DISADVANTAGE,-0.13426663711821063,-0.11010998166252195,-0.015135866035246526,Improving,-0.11010998166252195,2.656328981076007,A
00700,腾讯控股,2016-08-31,9.412314055099746,3.32,-0.7212808497779873,0.3333333333333333,0.9167050161067648,T2,0.9237613386260665,-0.2558681738619044,→,→,VP_STABLE_ASCENT,61.442889306671944,CBI_STABLE,COST_NEUTRAL,-0.11939389814781387,-0.08762654980046114,0.07756263926955431,Improving,-0.08762654980046114,2.835034353945707,A
00700,腾讯控股,2016-09-30,6.29191562004634,3.5300000000000002,-0.26559395618318843,0.5,1.0061757719714963,T3,1.007245059030396,-0.1126276166149357,→,→,VP_STABLE_ASCENT,58.22568333819194,CBI_STABLE,COST_DISADVANTAGE,-0.12268450174647716,-0.10664152253108494,-0.044475688865526775,Improving,-0.10664152253108494,1.7824123569536372,A
00700,腾讯控股,2016-10-31,-3.802913846506828,2.27,-2.2582591504266354,0.08333333333333333,0.6749256689791873,T1,0.676997658148274,-0.11204481752284967,↓,↓,VP_DECLINE_SILENT,67.80266254639042,CBI_STABLE,COST_DISADVANTAGE,-0.14173054837083288,-0.14452156210978695,-0.08081345520039862,Deteriorating,-0.14452156210978695,-1.6752924433950784,A
00700,腾讯控股,2016-11-30,-6.6543438077633965,4.9,1.6807377512106074,0.9166666666666666,1.4285714285714288,T5,1.4270691728105644,0.4666266485104549,↑,↑,VP_SELLING_ACTIVE,38.86464150559422,CBI_ACTIVE,COST_DISADVANTAGE,-0.12410032827178685,-0.14323873569513612,-0.1419792881260652,Deteriorating,-0.14323873569513612,-1.358029348523142,A
00700,腾讯控股,2016-12-31,-2.3570744171191316,3.62,-0.10294803876357102,0.5833333333333334,1.0747154873824842,T3,1.0784535408079012,0.030464137824664395,→,→,VP_NEUTRAL,49.48412192349151,CBI_ACTIVE,COST_DISADVANTAGE,-0.11178361085435662,-0.11219096306784915,-0.16000798638352987,Stable,-0.11219096306784915,-0.6511255295909203,A
00700,腾讯控股,2017-01-31,8.86432029307862,2.61,-1.2935993384726379,0.25,0.7733333333333333,T2,0.7785444820156562,0.15808283268852685,↓,↓,VP_LOCKED_CANDIDATE,62.0618145020564,CBI_STABLE,COST_DISADVANTAGE,-0.10406900993680435,-0.08704115330623352,-0.0855484038602854,Improving,-0.08704115330623352,3.3962913000301227,A
00700,腾讯控股,2017-02-28,1.4422210203713703,3.27,-0.30548503621928935,0.4166666666666667,0.9712871287128712,T3,0.9697801351148266,-0.3314309706804157,→,→,VP_NEUTRAL,57.77794791359535,CBI_STABLE,COST_DISADVANTAGE,-0.14207673686930122,-0.12172926039031173,-0.07235999071963684,Stable,-0.12172926039031173,0.44104618359980746,A
00700,腾讯控股,2017-03-31,8.63100527219951,4.54,1.440202821084143,0.9166666666666666,1.2842998585572842,T4,1.279961486678473,0.24610557943497957,↑,↑,VP_EXPANSION,39.811721187988496,CBI_ACTIVE,COST_DISADVANTAGE,-0.12034557578323479,-0.09235825665337227,-0.05459228414177808,Stable,-0.09235825665337227,1.901102482863328,A
00700,腾讯控股,2017-04-30,10.35009270367544,2.86,-0.8423698202004593,0.3333333333333333,0.7871559633027523,T2,0.7803253818484858,0.07623578526206076,↓,↓,VP_LOCKED_CANDIDATE,57.60318802915052,CBI_STABLE,COST_NEUTRAL,-0.09178775030147235,-0.05946790191714668,0.04325829087724831,Improving,-0.05946790191714668,3.6189135327536506,A
00700,腾讯控股,2017-05-31,11.301640640442766,5.19,2.25626874926427,1.0,1.4096876414667272,T5,1.4114025149286062,0.5899336703017513,↑,↑,VP_EXPANSION,32.296439283218234,CBI_ACTIVE,COST_NEUTRAL,-0.11233894644761344,-0.06888378818879537,0.16116359386382006,Stable,-0.06888378818879537,2.1775800848637314,A
00700,腾讯控股,2017-06-30,4.750699285175153,4.97,1.5580666387367,0.9166666666666666,1.272184300341297,T5,1.2735079456314524,0.09846399493911506,↑,↑,VP_EXPANSION,33.14473821934205,CBI_ACTIVE,COST_DISADVANTAGE,-0.09719260565056054,-0.07605034927393106,-0.02190565950486567,Stable,-0.07605034927393106,0.9558751076811173,A
00700,腾讯控股,2017-07-31,13.359894884075786,4.22,0.5024441084019091,0.6666666666666666,1.0107784431137725,T4,1.0154334770432967,0.49559829451863013,→,→,VP_STABLE_ASCENT,40.98621356053623,CBI_ACTIVE,COST_NEUTRAL,-0.04364559355105013,0.012467569464721384,0.10876671625237844,Stable,0.012467569464721384,3.1658518682644043,A
00700,腾讯控股,2017-08-31,5.376705926341363,5.64,1.8883615545712618,1.0,1.234135667396061,T5,1.235764918086405,0.08650413232381671,↑,↑,VP_EXPANSION,27.432014120148985,CBI_TURBULENT,COST_NEUTRAL,-0.06571052488402529,-0.05258922798976451,0.16838184199442074,Stable,-0.05258922798976451,0.9533166536066247,A
00700,腾讯控股,2017-09-30,2.356030230990336,3.99,-0.016662304953547417,0.5,0.8909564570152588,T3,0.8915925420581818,-0.19682957243024024,↓,↓,VP_LOCKED_CANDIDATE,44.40909256137574,CBI_ACTIVE,COST_DISADVANTAGE,-0.07359895781142112,-0.06608579205781262,-0.007279916251464402,Improving,-0.06608579205781262,0.5904837671654977,A
00700,腾讯控股,2017-10-31,4.343605920892979,3.14,-1.0850260439096064,0.25,0.6939226519337017,T2,0.6959116495393073,-0.25535464818570364,↓,↓,VP_LOCKED_CANDIDATE,55.322994009374774,CBI_STABLE,COST_NEUTRAL,-0.06304580901532686,-0.0672876642546737,0.03583993208413072,Improving,-0.0672876642546737,1.3833139875455347,A
00700,腾讯控股,2017-11-30,14.760797342192689,6.96,3.094285375793538,1.0,1.4439834024896265,T5,1.4412911530534078,0.2322535613040433,↑,↑,VP_EXPANSION,25.017372481576963,CBI_TURBULENT,COST_NEUTRAL,-0.11559142209559503,-0.06506310309841246,0.18873816524857578,Stable,-0.06506310309841246,2.120804215832283,A
00700,腾讯控股,2017-12-31,2.1364675911183184,6.0,1.3372048118551145,0.9166666666666666,1.2020033388981637,T4,1.2022819476628048,0.5050535568166774,↑,↑,VP_EXPANSION,26.682617959479387,CBI_TURBULENT,COST_NEUTRAL,-0.05449973008641973,-0.019268084994825796,-0.010887714329928855,Stable,-0.019268084994825796,0.3560779318530531,A
00700,腾讯控股,2018-01-31,15.047759417250074,5.23,0.5004037807716804,0.75,1.0135658914728682,T4,1.0157003104460067,0.6640897772511081,→,→,VP_STABLE_ASCENT,33.9041372589841,CBI_ACTIVE,COST_NEUTRAL,-0.054228716761658635,-0.016113939450067227,0.13795152278416678,Stable,-0.016113939450067227,2.877200653393895,A
00700,腾讯控股,2018-02-28,-7.129834934712987,6.17,1.1875644595871957,0.9166666666666666,1.1756113051762462,T4,1.1733138498840436,-0.11361967671812823,↑,↑,VP_SELLING_ACTIVE,28.225768441057248,CBI_TURBULENT,COST_NEUTRAL,-0.09418580317685665,-0.05009395135085615,0.056817457572602814,Deteriorating,-0.05009395135085615,-1.1555648192403545,A
00700,腾讯控股,2018-03-31,-5.525785229202029,9.41,3.6651460059657084,1.0,1.529666756976429,T5,1.5299938123905088,0.5680775959554216,↑↑,↑↑,VP_PANIC,19.63155810131113,CBI_TURBULENT,COST_DISADVANTAGE,-0.08239666421889413,-0.10266402232941041,-0.11147881284969618,Deteriorating,-0.10266402232941041,-0.5872247852499499,A
00700,腾讯控股,2018-04-30,-4.815657203830059,4.97,-0.3557448118520237,0.4166666666666667,0.7697470314919979,T3,0.7680022417253172,-0.054642836627095126,↓,↓,VP_DECLINE_SILENT,39.29787633914745,CBI_ACTIVE,COST_DISADVANTAGE,-0.053305671946796584,-0.0838706219395341,-0.15426694740625613,Deteriorating,-0.0838706219395341,-0.9689451114346196,A
00700,腾讯控股,2018-05-31,2.469172222550009,5.75,0.1446365378586947,0.6666666666666666,0.9192645883293366,T3,0.9201731577845406,-0.06536062553335742,→,→,VP_STABLE_ASCENT,32.252124808494784,CBI_ACTIVE,COST_DISADVANTAGE,-0.07955783648434067,-0.061369995531277866,-0.13338434179468717,Improving,-0.061369995531277866,0.42942125609565374,A
00700,腾讯控股,2018-06-30,-1.4337123938390706,4.9399999999999995,-0.40716445841445864,0.3333333333333333,0.8127227858513847,T3,0.8163383007874105,-0.47257742748872833,↓,↓,VP_SHRINK,42.8588470539735,CBI_ACTIVE,COST_DISADVANTAGE,-0.034334267298120946,-0.0799848522566523,-0.07642959554045103,Stable,-0.0799848522566523,-0.2902251809390831,A
00700,腾讯控股,2018-07-31,-10.392265677483415,4.17,-0.9572720136383205,0.25,0.706580062129342,T2,0.7067575717313295,-0.15819027582380718,↓,↓,VP_DECLINE_SILENT,46.12660512854144,CBI_ACTIVE,COST_DISADVANTAGE,-0.11037539078153835,-0.11838175632962045,-0.17240948569049563,Deteriorating,-0.11838175632962045,-2.49215004256197,A
00700,腾讯控股,2018-08-31,-4.566641676716987,6.85,0.8262588104761751,0.8333333333333334,1.1388196176226102,T4,1.1412736341316672,0.1942314434793755,↑,↑,VP_SELLING_ACTIVE,26.5720475016005,CBI_TURBULENT,COST_DISADVANTAGE,-0.09718581352958422,-0.08965476025748276,-0.2102025790295099,Deteriorating,-0.08965476025748276,-0.6666630184988303,A
00700,腾讯控股,2018-09-30,-5.2906619304597164,5.13,-0.41438099570168774,0.4166666666666667,0.9676202452059101,T3,0.9691948271802528,0.03692199626140491,→,→,VP_NEUTRAL,41.392045487117564,CBI_ACTIVE,COST_DISADVANTAGE,-0.08055602168615483,-0.06620839671978929,-0.1350037022042142,Stable,-0.06620839671978929,-1.03131811509936,A
00700,腾讯控股,2018-10-31,-18.680803490930074,6.43,0.34522699533510276,0.75,1.1596032461677188,T3,1.1612605848468383,0.5481297972731203,↑,↑,VP_SELLING_ACTIVE,31.39535547466392,CBI_ACTIVE,COST_DISADVANTAGE,-0.11430923941070703,-0.12978198433797872,-0.2965919607992653,Deteriorating,-0.12978198433797872,-2.9052571525552215,A
00700,腾讯控股,2018-11-30,18.39549425695153,6.56,0.4863608413770208,0.8333333333333334,1.1549295774647887,T3,1.1554194409842986,-0.04170742733188515,↑,↑,VP_EXPANSION,28.0535707785083,CBI_TURBULENT,COST_NEUTRAL,-0.06184449377459689,-0.005111660456240008,-0.16719657534515875,Improving,-0.005111660456240008,2.804191197706026,A
00700,腾讯控股,2018-12-31,0.7004532344458081,4.0600000000000005,-1.4192105864004365,0.08333333333333333,0.7337349397590361,T2,0.738077412307528,-0.20332067926817243,↓,↓,VP_SHRINK,51.83891444196158,CBI_STABLE,COST_DISADVANTAGE,-0.06265131740699326,-0.0671915375911667,-0.002887771407701356,Stable,-0.0671915375911667,0.172525427203401,A
00700,腾讯控股,2019-01-31,10.973069483707775,4.61,-0.8674860732078103,0.25,0.8222354340071345,T2,0.8244545477171761,-0.2806293581718975,↓,↓,VP_LOCKED_CANDIDATE,45.67830341700632,CBI_ACTIVE,COST_NEUTRAL,-0.03709403648131537,-0.017550188904471353,0.1065260462662787,Improving,-0.017550188904471353,2.380275376075439,A
00700,腾讯控股,2019-02-28,-3.1507675806127122,2.7,-2.0415496795428036,0.08333333333333333,0.5493387589013226,T1,0.5483868107047336,-0.5885476838184237,↓,↓,VP_DECLINE_SILENT,50.05558154904537,CBI_STABLE,COST_NEUTRAL,-0.07918705250068647,-0.08619485100408797,0.07166198232948506,Deteriorating,-0.08619485100408797,-1.166950955782486,A
00700,腾讯控股,2019-03-31,8.039731432131237,4.26,-0.715887873322788,0.3333333333333333,0.8930817610062893,T2,0.8936025127878137,0.04552926194443119,↓,↓,VP_LOCKED_CANDIDATE,46.840345948577976,CBI_ACTIVE,COST_DISADVANTAGE,-0.045158974223556414,-0.05168947106942956,-0.012059277067502983,Improving,-0.05168947106942956,1.8872608995613234,A
00700,腾讯控股,2019-04-30,7.973219720024338,3.09,-1.617000209144986,0.16666666666666666,0.7333860759493671,T1,0.7335936316221173,-0.3304898427981148,↓,↓,VP_LOCKED_CANDIDATE,52.106460793353264,CBI_STABLE,COST_NEUTRAL,-0.06033377695287434,-0.051331888374928525,0.06671140747550197,Improving,-0.051331888374928525,2.5803300064803683,A
00700,腾讯控股,2019-05-31,-16.685456595264935,4.78,-0.015342664045401239,0.5833333333333334,1.2204255319148938,T3,1.2165580216566056,0.7696027479149137,↑,↑,VP_SELLING_ACTIVE,39.17817136497543,CBI_ACTIVE,COST_DISADVANTAGE,-0.06406773448290881,-0.13966048223493832,-0.11127426141556263,Deteriorating,-0.13966048223493832,-3.4906812960805302,A
00700,腾讯控股,2019-06-30,8.735132825297365,3.21,-1.2092800526464098,0.25,0.8503311258278144,T2,0.850815898621008,-0.2466234782716179,↓,↓,VP_LOCKED_CANDIDATE,49.23245334421067,CBI_ACTIVE,COST_DISADVANTAGE,-0.05751672352787629,-0.02719124226975833,-0.07705824727024069,Improving,-0.02719124226975833,2.721225179220363,A
00700,腾讯控股,2019-07-31,4.709349926314066,2.49,-1.6101020672506658,0.08333333333333333,0.7277155382367269,T1,0.7288192794132159,-0.19395985789077386,↓,↓,VP_LOCKED_CANDIDATE,54.58557986672805,CBI_STABLE,COST_DISADVANTAGE,-0.05448583022326314,-0.04294022844342549,-0.033593690518140096,Improving,-0.04294022844342549,1.8913051912907894,A
00700,腾讯控股,2019-08-31,-12.513683420385945,4.37,0.05159778297757902,0.5833333333333334,1.1810810810810812,T3,1.183537094832478,-0.08116188271481628,↑,↑,VP_SELLING_ACTIVE,38.66513191751826,CBI_ACTIVE,COST_DISADVANTAGE,-0.05853410415195026,-0.09467141942812962,-0.15452671664133522,Deteriorating,-0.09467141942812962,-2.8635431167931222,A
00700,腾讯控股,2019-09-30,1.7803517803517632,3.0,-0.9512340009414845,0.25,0.8595988538681948,T2,0.8642494077382866,-0.0596940711235151,↓,↓,VP_LOCKED_CANDIDATE,49.68654711595839,CBI_ACTIVE,COST_DISADVANTAGE,-0.07059900269205555,-0.08699471959891603,-0.0995297082740797,Improving,-0.08699471959891603,0.5934505934505877,A
00700,腾讯控股,2019-10-31,-3.0453108535300366,3.47,-0.3983292053970746,0.5,0.976547842401501,T3,0.9783218449706365,0.396810904609733,→,→,VP_NEUTRAL,44.74595375790022,CBI_ACTIVE,COST_DISADVANTAGE,-0.06954412238863028,-0.07434025319505799,-0.1269518278008227,Stable,-0.07434025319505799,-0.8776111969827194,A
00700,腾讯控股,2019-11-30,3.673513748505619,3.75,0.14347111091502857,0.5833333333333334,1.1089206505667817,T3,1.1047386523771587,-0.1455183708865636,↑,↑,VP_EXPANSION,52.94457070896312,CBI_STABLE,COST_DISADVANTAGE,-0.07754723697091481,-0.05982855418587052,-0.09488028316400898,Improving,-0.05982855418587052,0.9796036662681651,A
00700,腾讯控股,2019-12-31,14.110493762448883,3.62,0.010817120174513877,0.5833333333333334,1.0492753623188407,T3,1.0500456004021126,0.2025032124142736,→,→,VP_STABLE_ASCENT,51.69765260908202,CBI_STABLE,COST_NEUTRAL,-0.06815802349039113,-0.013626253181421522,0.048913697081757634,Improving,-0.013626253181421522,3.897926453715161,A
00700,腾讯控股,2020-01-31,-0.7349563619660215,3.89,0.5350976556289585,0.75,1.056108597285068,T4,1.0584317114859005,0.12307940752741309,→,→,VP_NEUTRAL,48.09241835722517,CBI_ACTIVE,COST_NEUTRAL,-0.07710924523932161,-0.09777965555681123,0.041204639133522125,Stable,-0.09777965555681123,-0.1889347974205711,A
00700,腾讯控股,2020-02-29,3.6989048280117176,4.04,0.6382495835035377,0.75,1.1134588883785026,T4,1.1161326449456264,0.08593752721626546,↑,↑,VP_EXPANSION,50.49715676313974,CBI_STABLE,COST_NEUTRAL,-0.07474838233777925,-0.08719101950384256,0.07971780779991411,Stable,-0.08719101950384256,0.9155705019830984,A
00700,腾讯控股,2020-03-31,-1.591598738620803,8.01,7.032536684924054,1.0,1.79462285287528,T5,1.7949576538073193,1.2136376743525101,↑↑,↑↑,VP_PANIC,23.718278134234005,CBI_TURBULENT,COST_DISADVANTAGE,-0.03096032981266439,-0.02153318379329361,-0.05733521880914827,Deteriorating,-0.02153318379329361,-0.19870146549573073,A
00700,腾讯控股,2020-04-30,10.254239850055914,3.6100000000000003,-0.3222195326861497,0.4166666666666667,0.8046062407132243,T3,0.801801439266621,-0.07745411352689457,↓,↓,VP_LOCKED_CANDIDATE,42.282981185858546,CBI_ACTIVE,COST_NEUTRAL,-0.02694580040193506,-0.005986869500598457,0.039327888836166336,Improving,-0.005986869500598457,2.8405096537551007,A
00700,腾讯控股,2020-05-31,-1.3654684543884077,4.85,0.6546494159313854,0.9166666666666666,1.038543897216274,T4,1.0331487654731961,0.18989346422509468,→,→,VP_NEUTRAL,25.512254056893642,CBI_TURBULENT,COST_NEUTRAL,-0.05793964351123615,-0.07337891704361676,0.02513619437644765,Stable,-0.07337891704361676,-0.2815398875027645,A
00700,腾讯控股,2020-06-30,22.6030634086676,4.83,0.5313394465493324,0.8333333333333334,0.9914471433458775,T4,0.9896050087504791,-0.3990494271421636,→,→,VP_STABLE_ASCENT,28.122217127994475,CBI_TURBULENT,COST_ADVANTAGE,-0.015752580639309177,0.05103074496643556,0.11980173332448851,Stable,0.05103074496643556,4.679723273016067,A
00700,腾讯控股,2020-07-31,7.40068927988391,5.03,0.5575332709593926,0.9166666666666666,0.9937438261442213,T4,0.9975581155512429,0.4028375366789958,→,→,VP_STABLE_ASCENT,26.32898712309151,CBI_TURBULENT,COST_NEUTRAL,-0.04209188873025593,-0.038971734990085216,0.20267478015858797,Stable,-0.038971734990085216,1.4713099960007772,A
00700,腾讯控股,2020-08-31,-0.6818949501773419,4.92,0.41998818870809945,0.8333333333333334,0.94464,T3,0.94217014347883,0.015761944557575847,→,→,VP_NEUTRAL,29.075522022427315,CBI_TURBULENT,COST_NEUTRAL,-0.06653718265232944,-0.0339828602875869,0.1944738015656302,Stable,-0.0339828602875869,-0.13859653458889062,A
00700,腾讯控股,2020-09-30,-3.724093952598573,3.49,-0.8565932249063574,0.16666666666666666,0.7833894500561167,T2,0.7870607387609799,-0.2733679166991554,↓,↓,VP_DECLINE_SILENT,52.56537427446181,CBI_STABLE,COST_DISADVANTAGE,-0.03995812178368352,-0.055779959744624796,-0.07054347986473919,Deteriorating,-0.055779959744624796,-1.0670756311170695,A
00700,腾讯控股,2020-10-31,16.1813083699468,2.96,-1.2891121872684888,0.08333333333333333,0.6809815950920245,T2,0.6844043491111916,-0.4109949622812401,↓,↓,VP_LOCKED_CANDIDATE,54.30209618699416,CBI_STABLE,COST_NEUTRAL,-0.036916770254650566,0.00806481967746131,0.07985474582292396,Improving,0.00806481967746131,5.466658233090135,A
00700,腾讯控股,2020-11-30,-4.904792672266356,5.08,0.46419830904398696,0.9166666666666666,1.1584948688711518,T3,1.1564614847279069,0.03492896731174722,↑,↑,VP_SELLING_ACTIVE,26.87965488003841,CBI_TURBULENT,COST_NEUTRAL,-0.07182107147807604,-0.07743948992742256,0.026890109378680638,Deteriorating,-0.07743948992742256,-0.9655103685563693,A
00700,腾讯控股,2020-12-31,0.1838492436202266,4.19,-0.32851531464080536,0.5,0.9793533307362681,T3,0.9809953957442401,0.19993532300074213,→,→,VP_NEUTRAL,41.675440923965816,CBI_ACTIVE,COST_DISADVANTAGE,-0.04493816244451909,-0.034675744670309205,-0.0532794281230452,Stable,-0.034675744670309205,0.043878101102679375,A
00700,腾讯控股,2021-01-31,21.60652663913989,6.69,1.6214688325136493,0.9166666666666666,1.4687156970362238,T5,1.4674109615877664,1.2482706607750536,↑,↑,VP_EXPANSION,24.45816563204675,CBI_TURBULENT,COST_NEUTRAL,-0.07910507424812263,0.011101688837517276,0.1512740044377665,Stable,0.011101688837517276,3.229675132905813,A
00700,腾讯控股,2021-02-28,-2.8737800377265588,4.29,-0.4272441428796736,0.4166666666666667,0.9640449438202247,T3,0.962236707659729,-0.15518162558453508,→,→,VP_NEUTRAL,40.672714976005594,CBI_ACTIVE,COST_NEUTRAL,-0.07930868115399137,-0.11357153339585258,0.1181889219186989,Stable,-0.11357153339585258,-0.6698787966728575,A
00700,腾讯控股,2021-03-31,-8.172191917315452,5.88,1.3965222867584361,0.9166666666666666,1.212787899621863,T4,1.2156945422238665,0.4041230834921592,↑,↑,VP_SELLING_ACTIVE,28.786505387542185,CBI_TURBULENT,COST_DISADVANTAGE,-0.046016586557610095,-0.08845580960763266,-0.11904998331944061,Deteriorating,-0.08845580960763266,-1.3898285573665734,A
00700,腾讯控股,2021-04-30,2.2032589105086986,6.05,1.3286414932325639,0.9166666666666666,1.1280298321939093,T4,1.1305623827747375,-0.09205024167386,↑,↑,VP_EXPANSION,28.984206649527835,CBI_TURBULENT,COST_NEUTRAL,-0.03951983868784059,-0.01871215820835115,-0.09964037357979838,Stable,-0.01871215820835115,0.36417502653036343,A
00700,腾讯控股,2021-05-31,-0.39768228604333267,3.98,-0.8330736596544024,0.25,0.7683397683397682,T2,0.7706885990218267,-0.06649971210898609,↓,↓,VP_SHRINK,50.53700608265991,CBI_STABLE,COST_NEUTRAL,-0.007048339443443852,0.0020764682076845897,-0.10322094432475748,Stable,0.0020764682076845897,-0.09992017237269665,A
00700,腾讯控股,2021-06-30,-5.830066304131809,3.32,-1.3492556715374717,0.16666666666666666,0.6593843098311817,T2,0.6619926311310319,-0.433699201355744,↓,↓,VP_DECLINE_SILENT,52.10877459927162,CBI_STABLE,COST_DISADVANTAGE,-0.03157780891681472,-0.05511395234930394,-0.06671344057528783,Deteriorating,-0.05511395234930394,-1.7560440675095812,A
00700,腾讯控股,2021-07-31,-18.569181183332063,8.68,3.5163213061802705,1.0,1.6173913043478259,T5,1.6142728060652292,0.43081423527789053,↑↑,↑↑,VP_PANIC,20.280367430795533,CBI_TURBULENT,COST_DISADVANTAGE,-0.015701308616640985,-0.09242990626387737,-0.24001711275454873,Deteriorating,-0.09242990626387737,-2.139306587941482,A
00700,腾讯控股,2021-08-31,0.47826599128284464,9.25,2.606611220147167,1.0,1.493541442411195,T5,1.4937174481906812,1.319903139904326,↑,↑,VP_DIVERGENCE_HIGH,17.70548497431379,CBI_TURBULENT,COST_NEUTRAL,0.003020654364471742,0.02134512632831198,-0.2363823730652842,Deteriorating,0.02134512632831198,0.051704431490037256,A
00700,腾讯控股,2021-09-30,-4.281560682798724,5.78,0.14775520008905194,0.5833333333333334,0.9357798165137615,T3,0.9359885134793815,0.7357940299741801,→,→,VP_NEUTRAL,31.876438592423153,CBI_ACTIVE,COST_DISADVANTAGE,-0.03229589004641131,-0.07816893492412602,-0.07652390850634072,Stable,-0.07816893492412602,-0.7407544433907827,A
00700,腾讯控股,2021-10-31,4.4265347116750675,3.3600000000000003,-1.3203485886323094,0.16666666666666666,0.5865580448065173,T2,0.5908364267785833,-0.6087984531883377,↓,↓,VP_LOCKED_CANDIDATE,45.265778976251525,CBI_ACTIVE,COST_DISADVANTAGE,-0.06113789095858213,-0.054511639714194815,-0.03564591876235357,Improving,-0.054511639714194815,1.317421045141389,A
00700,腾讯控股,2021-11-30,-4.670529451781658,5.26,-0.1702930600283465,0.5,0.885273492286115,T3,0.8859194411884411,-0.43059259007312645,↓,↓,VP_DECLINE_SILENT,34.15611607037218,CBI_ACTIVE,COST_DISADVANTAGE,-0.07398314543817408,-0.07508982747654935,-0.08068636014601627,Deteriorating,-0.07508982747654935,-0.8879333558520262,A
00700,腾讯控股,2021-12-31,-0.5905802450907993,4.12,-0.8324351952169355,0.3333333333333333,0.6781893004115226,T2,0.6800674350049605,-0.2847941915182416,↓,↓,VP_SHRINK,39.56541704910966,CBI_ACTIVE,COST_DISADVANTAGE,-0.02623260088158985,-0.03954735049792257,-0.07418821068328829,Stable,-0.03954735049792257,-0.14334471968223284,A
00700,腾讯控股,2022-01-31,6.733006584484369,4.23,-0.642793843712323,0.4166666666666667,0.7931250000000001,T2,0.7888447229044022,0.24343198422079748,↓,↓,VP_LOCKED_CANDIDATE,37.92956874284413,CBI_ACTIVE,COST_NEUTRAL,-0.023933170073348387,0.006513212089277021,-0.011853241948661442,Improving,0.006513212089277021,1.5917273249372028,A
00700,腾讯控股,2022-02-28,-11.190222180991693,3.8200000000000003,-0.8540917904026974,0.25,0.8626270229582236,T2,0.8398070313176818,-0.29612475536912386,↓,↓,VP_DECLINE_SILENT,43.39854315000035,CBI_ACTIVE,COST_DISADVANTAGE,-0.08300036991668625,-0.11635349825742236,-0.12242905964887263,Deteriorating,-0.11635349825742236,-2.929377534291019,A
00700,腾讯控股,2022-03-31,-11.657483090904341,9.92,2.386515670810984,1.0,1.9381309019863238,T5,1.9027720595568265,1.3259334502787454,↑↑,↑↑,VP_PANIC,15.746221399056664,CBI_TURBULENT,COST_DISADVANTAGE,-0.053630222352336165,-0.031272630082980424,-0.12363794420569918,Deteriorating,-0.031272630082980424,-1.175149505131486,A
00700,腾讯控股,2022-04-30,0.8986372638860152,4.09,-0.6422111091462592,0.4166666666666667,0.7805343511450381,T2,0.776610365032912,-0.048980813246630284,↓,↓,VP_SHRINK,34.486258703846936,CBI_ACTIVE,COST_NEUTRAL,0.0413375246234422,0.004461230326178622,-0.11576262820577421,Stable,0.004461230326178622,0.2197157124415685,A
00700,腾讯控股,2022-05-31,-3.7295286086778123,5.45,-0.07237146296144784,0.6666666666666666,1.033828643692697,T3,1.0248175518860707,0.4264767723090235,→,→,VP_NEUTRAL,26.345679654997042,CBI_TURBULENT,COST_NEUTRAL,0.01902146367953117,-0.016756959862591514,-0.14874051395546062,Stable,-0.016756959862591514,-0.6843171759041857,A
00700,腾讯控股,2022-06-30,-2.3128423615337845,5.91,0.0424313395846509,0.75,1.0610412926391382,T3,1.0576197125913473,-0.40299644418040836,→,→,VP_NEUTRAL,23.84104065687995,CBI_TURBULENT,COST_DISADVANTAGE,-0.101958680333462,-0.09770260551402665,-0.06666459367642597,Stable,-0.09770260551402665,-0.39134388520030194,A
00700,腾讯控股,2022-07-31,-14.084112149532702,4.21,-0.6560314750198921,0.4166666666666667,0.7562874251497005,T2,0.756576046132824,0.021702977705440274,↓,↓,VP_DECLINE_SILENT,35.45267817912046,CBI_ACTIVE,COST_DISADVANTAGE,-0.08996043453553915,-0.13298739538172977,-0.19811659903433487,Deteriorating,-0.13298739538172977,-3.3453948098652497,A
00700,腾讯控股,2022-08-31,7.027085826172086,4.76,-0.19985132265479524,0.5833333333333334,0.8316831683168316,T3,0.8306193451025724,-0.1267179121805282,↓,↓,VP_LOCKED_CANDIDATE,32.07177777455259,CBI_ACTIVE,COST_NEUTRAL,-0.019035329155693392,0.010247729957373108,-0.1417675642226499,Improving,0.010247729957373108,1.4762785349101022,A
00700,腾讯控股,2022-09-30,-19.56499644272793,4.36,-0.38060638376478484,0.5833333333333334,0.9089645587213343,T3,0.9077998968341766,-0.26266899548987155,→,→,VP_NEUTRAL,32.89807461380528,CBI_ACTIVE,COST_DISADVANTAGE,-0.09555098044779342,-0.1561783439925606,-0.2001552404716188,Stable,-0.1561783439925606,-4.487384505212828,A
00700,腾讯控股,2022-10-31,-24.32398281526409,6.88,1.0785744389124978,0.9166666666666666,1.3075704783021855,T4,1.3090170806294406,0.6348692376560627,↑,↑,VP_SELLING_ACTIVE,21.038002838721297,CBI_TURBULENT,COST_DISADVANTAGE,-0.10285659453951013,-0.17831722365888025,-0.3947093423280926,Deteriorating,-0.17831722365888025,-3.535462618497687,A
00700,腾讯控股,2022-11-30,43.140201480492024,9.6,2.5205410139534927,0.9166666666666666,1.612541993281075,T5,1.6076219841133308,1.0108518764504346,↑↑,↑↑,VP_OVERHEAT,17.333046275659726,CBI_TURBULENT,COST_NEUTRAL,-0.029599273328323683,0.03180731160880779,-0.13358573306583654,Deteriorating,0.03180731160880779,4.493770987551253,A
00700,腾讯控股,2022-12-31,17.283614589003804,5.97,0.1065447125586675,0.75,1.0011179429849077,T3,1.003533735855143,0.37218430024611404,→,→,VP_STABLE_ASCENT,22.92182916765406,CBI_TURBULENT,COST_NEUTRAL,-0.04332936734158899,0.005351823610981965,0.19035202156847109,Improving,0.005351823610981965,2.8950778206036523,A
00700,腾讯控股,2023-01-31,21.539634651725635,5.53,-0.18577462866323094,0.5833333333333334,0.8943396226415095,T3,0.8591140356298111,-0.23466690265611556,↓,↓,VP_LOCKED_CANDIDATE,28.107267472052342,CBI_TURBULENT,COST_NEUTRAL,-0.09938835497319098,-0.007107513353332484,0.4467494980837501,Improving,-0.007107513353332484,3.8950514740914346,A
00700,腾讯控股,2023-02-28,-10.529187124931816,4.76,-0.6770279213449838,0.4166666666666667,0.7698113207547169,T2,0.737389501810788,-0.5302002035675957,↓,↓,VP_DECLINE_SILENT,33.957833482923135,CBI_ACTIVE,COST_NEUTRAL,-0.0858062822318767,-0.12072443018382129,0.2944185362015004,Deteriorating,-0.12072443018382129,-2.212014101876432,A
00700,腾讯控股,2023-03-31,12.865853658536587,6.0200000000000005,0.2830855859388456,0.8333333333333334,0.9318885448916409,T3,0.9035635023831042,-0.045611432518136374,→,→,VP_STABLE_ASCENT,23.444195210952913,CBI_TURBULENT,COST_ADVANTAGE,-0.029133198077577305,0.029716642901575163,0.009409472722827106,Improving,0.029716642901575163,2.1371849931123896,A
00700,腾讯控股,2023-04-30,-11.183144246353315,3.3000000000000003,-1.7202345957177132,0.08333333333333333,0.5628197839681638,T1,0.5510713784509546,-0.4049881657553488,↓,↓,VP_DECLINE_SILENT,47.779376236220855,CBI_ACTIVE,COST_DISADVANTAGE,-0.04203935890680377,-0.08639127978142935,-0.10347424464812105,Deteriorating,-0.08639127978142935,-3.3888315898040346,A
00700,腾讯控股,2023-05-31,-9.549878345498797,4.28,-0.8071606997073767,0.25,0.8600133958472874,T2,0.8467724166612505,-0.10058779282030827,↓,↓,VP_DECLINE_SILENT,43.51357518203601,CBI_ACTIVE,COST_DISADVANTAGE,-0.10513486224891966,-0.10182923115402664,-0.18909136362028967,Deteriorating,-0.10182923115402664,-2.231279987266074,A
00700,腾讯控股,2023-06-30,7.061197041022194,4.26,-0.7107415498107441,0.25,0.9079928952042629,T2,0.9099878859560455,-0.290607067622224,→,→,VP_STABLE_ASCENT,43.34691938831383,CBI_ACTIVE,COST_DISADVANTAGE,-0.05088906409647087,-0.0646606999307009,-0.07038969442569398,Improving,-0.0646606999307009,1.6575579908502802,A
00700,腾讯控股,2023-07-31,7.1608040201005085,4.0,-0.873963407541206,0.16666666666666666,0.9015777610818934,T2,0.9020915542269039,0.2087735670371733,→,→,VP_STABLE_ASCENT,47.41265414194865,CBI_ACTIVE,COST_NEUTRAL,0.0030066657621328208,0.004606806803737262,-0.003822122292860497,Improving,0.004606806803737262,1.7902010050251271,A
00700,腾讯控股,2023-08-31,-8.616647127784283,4.5,-0.512666573317338,0.5,1.024279210925645,T2,1.0261452004682707,0.058261758564712496,→,→,VP_NEUTRAL,36.529365540997674,CBI_ACTIVE,COST_DISADVANTAGE,-0.02863186727849687,-0.058899173455528975,-0.0896592547799352,Stable,-0.058899173455528975,-1.9148104728409518,A
00700,腾讯控股,2023-09-30,-6.0295060936497835,3.2,-1.300735025844881,0.08333333333333333,0.8156329651656754,T2,0.8131734135888301,-0.25298244667851866,↓,↓,VP_DECLINE_SILENT,50.32159645651191,CBI_STABLE,COST_DISADVANTAGE,-0.03052033647641983,-0.06888954224540977,-0.11110266313925232,Deteriorating,-0.06888954224540977,-1.8842206542655573,A
00700,腾讯控股,2023-10-31,-5.802047781569963,2.98,-1.208421062441179,0.08333333333333333,0.7700258397932815,T2,0.7663736242429205,-0.25917379221243375,↓,↓,VP_DECLINE_SILENT,50.57830307938358,CBI_STABLE,COST_DISADVANTAGE,-0.04314043937012957,-0.07486536177751058,-0.16267691135301587,Deteriorating,-0.07486536177751058,-1.9469958998556924,A
00700,腾讯控股,2023-11-30,13.695652173913043,4.23,-0.20314209711611422,0.4166666666666667,1.0953819594302978,T3,1.0885812338376826,-0.06954052318012938,→,→,VP_STABLE_ASCENT,48.02234410817322,CBI_ACTIVE,COST_NEUTRAL,-0.03707583517424029,-0.006967473647713107,-0.04800005356005932,Improving,-0.006967473647713107,3.237742830712303,A
00700,腾讯控股,2023-12-31,-10.643722115997456,5.4,1.256591780210737,0.8333333333333334,1.332784862196627,T4,1.3225860603603568,0.6713926813598663,↑,↑,VP_SELLING_ACTIVE,35.63309017965879,CBI_ACTIVE,COST_DISADVANTAGE,-0.027378043626775983,-0.05118009592750372,-0.07480239058429283,Deteriorating,-0.05118009592750372,-1.9710596511106397,A
00700,腾讯控股,2024-01-31,-8.202567760342372,5.58,1.498190621230516,0.9166666666666666,1.2931633835457705,T4,1.2829819334381214,0.8537483309188643,↑,↑,VP_SELLING_ACTIVE,32.585833802048654,CBI_ACTIVE,COST_DISADVANTAGE,-0.07076384732695451,-0.08738367216233289,-0.15069235141368398,Deteriorating,-0.08738367216233289,-1.4699942222835793,A
00700,腾讯控股,2024-02-29,2.564102564102577,3.8200000000000003,-0.5497061088764977,0.3333333333333333,0.9091630305434352,T2,0.9085564813246558,-0.09959700456526166,→,→,VP_STABLE_ASCENT,51.80034749509086,CBI_STABLE,COST_DISADVANTAGE,-0.08256585212430079,-0.07176172400074687,-0.128915232219163,Improving,-0.07176172400074687,0.6712310377231877,A
00700,腾讯控股,2024-03-31,10.075757575757581,5.07,1.1739637419932691,0.8333333333333334,1.1233382570162485,T4,1.1152415686713246,-0.06825731496768073,↑,↑,VP_EXPANSION,38.17916164228917,CBI_ACTIVE,COST_NEUTRAL,-0.02861586558646456,0.012835430529910097,0.021896929456909353,Stable,0.012835430529910097,1.9873289104058345,A
00700,腾讯控股,2024-04-30,14.93461803165863,5.08,0.9925973743347591,0.8333333333333334,1.0445510623714873,T4,1.0470459462941015,-0.08513111449155031,→,→,VP_STABLE_ASCENT,38.19088501091533,CBI_ACTIVE,COST_ADVANTAGE,-0.00018749042209631472,0.03946948969026898,0.17451333254854684,Stable,0.03946948969026898,2.9398854393028797,A
00700,腾讯控股,2024-05-31,4.79041916167664,5.5600000000000005,1.4544063473696245,0.9166666666666666,1.0934119960668633,T4,1.0885757957298696,0.44278156792312173,→,→,VP_STABLE_ASCENT,33.53360822087083,CBI_ACTIVE,COST_NEUTRAL,-0.057053880601644846,-0.0729222765447961,0.23077744428739932,Stable,-0.0729222765447961,0.861586180157669,A
00700,腾讯控股,2024-06-30,3.600000000000003,3.74,-0.8539686439637219,0.25,0.7778162911611786,T2,0.7729328214066281,-0.26443979008449436,↓,↓,VP_LOCKED_CANDIDATE,55.851574650365094,CBI_STABLE,COST_NEUTRAL,-0.039366310850097785,-0.04277427867674466,0.013212191471122958,Improving,-0.04277427867674466,0.962566844919787,A
00700,腾讯控股,2024-07-31,-2.8130170987313963,4.1,-0.41116164056495946,0.4166666666666667,0.8987943003288269,T3,0.8920708522153997,-0.2048071698922841,↓,↓,VP_DECLINE_SILENT,50.765740783329555,CBI_STABLE,COST_DISADVANTAGE,-0.025385756368666357,-0.05418340082761586,-0.01528964072139083,Deteriorating,-0.05418340082761586,-0.6861017313979015,A
00700,腾讯控股,2024-08-31,5.618615209988653,3.8600000000000003,-0.6337085407548824,0.4166666666666667,0.8449470995986865,T2,0.8365638001370703,-0.31363570285336495,↓,↓,VP_LOCKED_CANDIDATE,50.50124747170392,CBI_STABLE,COST_NEUTRAL,-0.019488271491317044,0.0032810180244315923,0.04003744529937103,Improving,0.0032810180244315923,1.455599795333848,A
00700,腾讯控股,2024-09-30,16.818914562063412,5.0200000000000005,0.6280286345467723,0.5833333333333334,1.1008771929824561,T4,1.096178574011361,0.3375410538220158,→,↑,VP_NEUTRAL,45.957695883026986,CBI_ACTIVE,COST_ADVANTAGE,0.04491043964925279,0.07255662212150993,0.12990515396483393,Stable,0.07255662212150993,3.3503813868652212,A
00700,腾讯控股,2024-10-31,-9.199632014719406,5.87,1.7065654846970526,1.0,1.2511545293072823,T5,1.2420054780986263,0.41979173803565395,↑,↑,VP_SELLING_ACTIVE,34.773904898625766,CBI_ACTIVE,COST_NEUTRAL,-0.06772063709748288,-0.10219367265192836,0.02595803768472038,Deteriorating,-0.10219367265192836,-1.5672286226097794,A
00700,腾讯控股,2024-11-30,-1.6717325227963542,4.53,-0.39156706732201124,0.4166666666666667,1.002212389380531,T3,0.9968079887413236,0.1689132587122406,→,→,VP_NEUTRAL,54.981025948513164,CBI_STABLE,COST_NEUTRAL,-0.023434118746368693,-0.049042028093839174,0.008806763498501624,Stable,-0.049042028093839174,-0.36903587699698764,A
00700,腾讯控股,2024-12-31,4.894384337970115,4.13,-0.8348291652854095,0.4166666666666667,0.9007633587786259,T2,0.9008096912504983,-0.18065518350604082,→,→,VP_STABLE_ASCENT,54.82321040522835,CBI_STABLE,COST_NEUTRAL,-0.030329627483169252,-0.014627133800845238,-0.035930820693349186,Improving,-0.014627133800845238,1.1850809535036597,A
00700,腾讯控股,2025-01-31,-3.8801571709233817,7.53,4.109068914573801,1.0,1.4602456367162249,T5,1.4535706575748812,0.2783454045503413,↑,↑,VP_SELLING_ACTIVE,27.293383643141233,CBI_TURBULENT,COST_NEUTRAL,-0.015376356784681078,0.023212508164498047,-0.0733382200868784,Deteriorating,0.023212508164498047,-0.5152931169884969,A
00700,腾讯控股,2025-02-28,19.775166070516104,10.55,5.328342573092075,1.0,1.6821684825936751,T5,1.6687891178508723,1.3072752515124235,↑↑,↑↑,VP_OVERHEAT,17.5649188345868,CBI_TURBULENT,COST_NEUTRAL,-0.05224733807649784,-0.009743288391961036,0.10991068580294172,Deteriorating,-0.009743288391961036,1.8744233242195358,A
00700,腾讯控股,2025-03-31,3.924914675767921,7.55,1.090656615275114,0.9166666666666666,1.1279880478087652,T4,1.1221521303282336,0.8032714277398381,↑,↑,VP_EXPANSION,20.453924372671327,CBI_TURBULENT,COST_NEUTRAL,-0.041738529592243334,-0.0576934591829259,0.06050214645329821,Stable,-0.0576934591829259,0.5198562484460822,A
00700,腾讯控股,2025-04-30,-4.064039408866993,7.28,0.7980216061393643,0.75,1.0507577579985565,T4,1.0480770890162123,-0.03847156294617693,→,→,VP_NEUTRAL,25.60071867782454,CBI_TURBULENT,COST_ADVANTAGE,-0.008549208173786016,0.024453361798666418,0.017402921289555673,Stable,0.024453361798666418,-0.5582471715476638,A
00700,腾讯控股,2025-05-31,5.455712451861361,4.51,-0.6418997569615812,0.4166666666666667,0.6512635379061372,T2,0.649764238481716,-0.5722517614073399,↓,↓,VP_LOCKED_CANDIDATE,36.31049088217983,CBI_ACTIVE,COST_NEUTRAL,-0.026482670214655002,-0.030192165651826364,0.07290949915195122,Improving,-0.030192165651826364,1.2096923396588384,A
00700,腾讯控股,2025-06-30,0.9738283627510613,3.68,-1.1110478131125363,0.08333333333333333,0.5372262773722628,T2,0.5398124849557127,-0.5092025033500929,↓,↓,VP_SHRINK,47.414995042255754,CBI_ACTIVE,COST_NEUTRAL,-0.02135161778327599,-0.02123496744175979,0.028598710845860964,Stable,-0.02123496744175979,0.2646272724867014,A
00700,腾讯控股,2025-07-31,9.443439823186672,4.46,-0.6890894425800941,0.3333333333333333,0.7036550092032605,T2,0.7049924634632077,-0.3861409181400953,↓,↓,VP_LOCKED_CANDIDATE,39.45157647958004,CBI_ACTIVE,COST_ADVANTAGE,0.005989100610273024,0.03936430094483567,0.12573381112666393,Improving,0.03936430094483567,2.1173631890553075,A
00700,腾讯控股,2025-08-31,8.536809252799715,4.57,-0.6774656907319527,0.5,0.8555382215288613,T2,0.8547593827800725,0.013578757357733506,↓,↓,VP_LOCKED_CANDIDATE,35.7997857991782,CBI_ACTIVE,COST_NEUTRAL,-0.023373046698173527,0.013158092264295984,0.22183555927681953,Improving,0.013158092264295984,1.8680107774178807,A
00700,腾讯控股,2025-09-30,11.248308525033824,4.49,-0.6892922510559982,0.3333333333333333,0.9292859606760951,T2,0.9248857481285926,0.20762787897673673,→,→,VP_STABLE_ASCENT,41.4848663981684,CBI_ACTIVE,COST_ADVANTAGE,0.022028899847587935,0.03685169876620731,0.13267301600503,Improving,0.03685169876620731,2.5051912082480676,A
00700,腾讯控股,2025-10-31,-5.169530180933557,3.65,-1.0241585931826642,0.08333333333333333,0.863564668769716,T2,0.8545043971609219,-0.1930837912658263,↓,↓,VP_DECLINE_SILENT,50.146438980460154,CBI_STABLE,COST_NEUTRAL,-0.03688794742254864,-0.02860181889590685,0.07411914259135965,Deteriorating,-0.02860181889590685,-1.4163096386119334,A
00700,腾讯控股,2025-11-30,-2.805836139169471,3.37,-1.0885482128768158,0.08333333333333333,0.8348472336911643,T2,0.8357496612258339,-0.2626393303753447,↓,↓,VP_DECLINE_SILENT,50.224194147521565,CBI_STABLE,COST_NEUTRAL,-0.021851319543487402,-0.03865861613177801,0.043981119510793976,Deteriorating,-0.03865861613177801,-0.8325923261630477,A
00700,腾讯控股,2025-12-31,-2.062025734081163,3.22,-1.095316836849527,0.08333333333333333,0.8131313131313133,T2,0.8121830200716259,-0.2825925111608888,↓,↓,VP_DECLINE_SILENT,50.09541643883843,CBI_STABLE,COST_DISADVANTAGE,-0.023132541518172012,-0.02005625578756043,-0.052896408548472884,Deteriorating,-0.02005625578756043,-0.6403806627581252,A
00700,腾讯控股,2026-01-31,1.179046656560545,5.0,-0.09707116649474731,0.75,1.234567901234568,T3,1.2329627652773951,0.37842356216670225,↑,↑,VP_DIVERGENCE_HIGH,29.69864811222745,CBI_TURBULENT,COST_DISADVANTAGE,-0.017790554580304097,-0.024371212086912286,-0.04172961531929875,Deteriorating,-0.024371212086912286,0.23580933131210902,A
00700,腾讯控股,2026-02-28,-14.64957549525553,6.38,1.2070378224671072,0.8333333333333334,1.4661049406357718,T4,1.4635490248676788,0.879297769626378,↑,↑,VP_SELLING_ACTIVE,31.594503664476555,CBI_ACTIVE,COST_DISADVANTAGE,-0.020327602907447728,-0.0629691635049422,-0.18211215877177367,Deteriorating,-0.0629691635049422,-2.2961717077203025,A
00700,腾讯控股,2026-03-31,-6.631558416227823,7.34,2.2914396152733185,1.0,1.5207182320441988,T5,1.5222121033606335,1.277510508745486,↑↑,↑↑,VP_PANIC,25.172409583784678,CBI_TURBULENT,COST_DISADVANTAGE,-0.04858559630475534,-0.08095988850758362,-0.137714639688714,Deteriorating,-0.08095988850758362,-0.9034820730555617,A
00700,腾讯控股,2026-04-30,-3.384165448088572,4.79,0.15206162181491484,0.75,0.9548172757475083,T3,0.9559823038015379,-0.03998084313761885,→,→,VP_NEUTRAL,35.927689494154265,CBI_ACTIVE,COST_DISADVANTAGE,-0.08618807035824783,-0.06625451382655223,-0.16689580291629458,Stable,-0.06625451382655223,-0.7065063565946914,A
00700,腾讯控股,2026-05-31,-7.632432432432434,6.5,1.5461296513588103,0.9166666666666666,1.1736382786638577,T5,1.173242366599342,0.02071745791111268,↑,↑,VP_SELLING_ACTIVE,28.57950118082824,CBI_TURBULENT,COST_DISADVANTAGE,-0.008399203322694282,-0.058786238880897734,-0.23048191785046712,Deteriorating,-0.058786238880897734,-1.1742203742203745,A
00700,腾讯控股,2026-06-30,0.6086142322097476,8.13,2.53982805995986,1.0,1.2789722076560044,T5,1.2745833065133039,0.10204505632216132,↑,↑,VP_DIVERGENCE_HIGH,21.92742908486806,CBI_TURBULENT,COST_DISADVANTAGE,0.016208956538681818,-0.038086417440872156,-0.06805973800669862,Deteriorating,-0.038086417440872156,0.0748602991647906,A
00700,,2026-07-31,10.563052582596555,8.37,2.008597301277717,1.0,1.2098289568778606,T5,1.2058895562024199,0.7349207537641178,↑,↑,VP_EXPANSION,19.516154050396814,CBI_TURBULENT,COST_ADVANTAGE,0.027836434940538002,0.02951014248627537,0.03038160190604189,Stable,0.02951014248627537,1.2620134507283818,A
00788,中国铁塔,2018-08-31,-5.7367,47.33,,,,,,,,,VP_NEUTRAL,,,,-0.19597735304374153,6.809406610828552,,Stable,6.809406610828552,-0.12120642298753434,A
00788,中国铁塔,2018-09-30,-6.0858,17.91,,,,,,,,,VP_NEUTRAL,,,COST_NEUTRAL,-0.20889486243122712,7.139210565868023,-0.24494068710792516,Stable,7.139210565868023,-0.33979899497487437,A
00788,中国铁塔,2018-10-31,4.274,7.22,,,0.2989235440242893,,0.31374219912857454,,↓,↓,VP_LOCKED_CANDIDATE,,,COST_NEUTRAL,-0.1430447712788444,7.5017856821182125,-0.20416634253010502,Improving,7.5017856821182125,0.5919667590027701,A
00788,中国铁塔,2018-11-30,-4.0572,11.4,,,0.5437634152158359,,0.5671084163775049,-0.7402164123259154,↓,↓,VP_DECLINE_SILENT,,,COST_NEUTRAL,-0.177491174416871,7.152083845187786,-0.22863094927679717,Deteriorating,7.152083845187786,-0.35589473684210526,A
00788,中国铁塔,2018-12-31,33.8302,24.88,,,1.1440132425970204,,1.1814934921192681,0.3892534967577994,↑,↑,VP_EXPANSION,,,COST_ADVANTAGE,-0.1532478409517396,8.427680890758584,0.0026128507042886273,Improving,8.427680890758584,1.3597347266881028,A
00788,中国铁塔,2019-01-31,16.7211,29.06,0.5177820310161064,0.8333333333333334,1.2653120464441217,T4,1.2967368632600196,3.022326042734676,↑,↑,VP_EXPANSION,12.693353201723145,CBI_TURBULENT,COST_ADVANTAGE,-0.11903423838524141,8.305884688091032,0.1610160185223295,Stable,8.305884688091032,0.5753991741225052,A
00788,中国铁塔,2019-02-28,12.2791,36.93,1.0597373688370326,0.8571428571428571,1.7392464678178963,T4,1.7392350433138652,2.238124158864475,↑↑,↑↑,VP_OVERHEAT,11.363556763605448,CBI_TURBULENT,COST_ADVANTAGE,-0.12650685801279393,8.226407693402406,0.30357886955856594,Deteriorating,8.226407693402406,0.33249661521797996,A
00788,中国铁塔,2019-03-31,-3.6017,25.77,0.06153051716045544,0.625,1.1431317462664499,T3,1.1434343063522585,0.03566486540625635,↑,↑,VP_SELLING_ACTIVE,19.33770718995944,CBI_TURBULENT,COST_NEUTRAL,-0.11665485549310417,7.725022980524459,-0.07375529319197116,Deteriorating,7.725022980524459,-0.13976329064804036,A
00788,中国铁塔,2019-04-30,18.1137,32.83,0.6317520630394717,0.7777777777777778,1.2244669609001055,T4,1.2243129868558618,0.13032061009583762,↑,↑,VP_EXPANSION,13.755282198524831,CBI_TURBULENT,COST_ADVANTAGE,-0.1416972375623321,8.125677337971572,0.10083482621197049,Stable,8.125677337971572,0.5517423088638441,A
00788,中国铁塔,2019-05-31,-18.4346,35.07,0.7719281292370944,0.8,1.1402405982442831,T4,1.1400176762034635,-0.05063873586617251,↑,↑,VP_SELLING_ACTIVE,12.521976820909456,CBI_TURBULENT,COST_NEUTRAL,-0.13042212335429393,7.136690272897621,-0.10680456257368864,Deteriorating,7.136690272897621,-0.5256515540347876,A
00788,中国铁塔,2019-06-30,20.28,24.21,-0.22734513343708226,0.36363636363636365,0.7900146842878121,T3,0.790008378264178,-0.06096513386197011,↓,↓,VP_LOCKED_CANDIDATE,27.304390957825202,CBI_TURBULENT,COST_NEUTRAL,-0.11029461306143018,8.32834193010141,-0.07521274581544835,Improving,8.32834193010141,0.8376703841387857,A
00788,中国铁塔,2019-07-31,-4.1916,17.38,-0.8340307715314009,0.25,0.6056100818862884,T2,0.6055473513064002,-0.47063328082234956,↓,↓,VP_DECLINE_SILENT,31.745799426598815,CBI_ACTIVE,COST_NEUTRAL,-0.1204052757327676,7.676981805160381,-0.08024259055701544,Deteriorating,7.676981805160381,-0.24117376294591486,A
00788,中国铁塔,2019-08-31,-12.717,24.07,0.020993575157733597,0.4166666666666667,0.9064206364149879,T3,0.9062124805156188,-0.31372254757763995,→,→,VP_NEUTRAL,27.221812212018246,CBI_TURBULENT,COST_NEUTRAL,-0.11697902008300698,7.454109706744994,-0.20598870909619638,Stable,7.454109706744994,-0.5283340257582052,A
00788,中国铁塔,2019-09-30,-0.6335,14.86,-1.071299839749824,0.25,0.6007276647352108,T2,0.6012178792101444,-0.38568386880063843,↓,↓,VP_SHRINK,32.79542441629905,CBI_ACTIVE,COST_NEUTRAL,-0.13621205593386154,7.491382160096155,-0.18981306258970065,Stable,7.491382160096155,-0.04263122476446837,A
00788,中国铁塔,2019-10-31,-3.1876,16.3,-1.1323765519977385,0.25,0.7415270301008416,T2,0.7414544775113399,-0.062203129486144815,↓,↓,VP_DECLINE_SILENT,34.07324514123442,CBI_ACTIVE,COST_NEUTRAL,-0.09539858650737465,7.8476564792723025,-0.21563822315996395,Deteriorating,7.8476564792723025,-0.19555828220858895,A
00788,中国铁塔,2019-11-30,-8.5605,15.12,-1.470327064059069,0.16666666666666666,0.8104341611577629,T2,0.8100973317910682,-0.3719656636619372,↓,↓,VP_DECLINE_SILENT,38.022717842285246,CBI_ACTIVE,COST_NEUTRAL,-0.1479135244635268,7.3078055389526195,-0.2827836406426485,Deteriorating,7.3078055389526195,-0.5661706349206349,A
00788,中国铁塔,2019-12-31,9.4299,14.25,-1.3512551542692035,0.08333333333333333,0.838399686212983,T2,0.838678066789744,-0.04149478133329121,↓,↓,VP_LOCKED_CANDIDATE,41.94260389138783,CBI_ACTIVE,COST_NEUTRAL,-0.1071077050289253,8.004612666882034,-0.10665334600041321,Improving,8.004612666882034,0.6617473684210526,A
00788,中国铁塔,2020-01-31,-6.585,16.34,-0.8617693607604701,0.4166666666666667,0.9712700614226273,T2,0.9708625883138855,0.002098711621362659,→,→,VP_NEUTRAL,30.7183948114144,CBI_ACTIVE,COST_NEUTRAL,-0.1477540069540696,7.160973405476568,-0.1599485858651638,Stable,7.160973405476568,-0.40299877600979195,A
00788,中国铁塔,2020-02-29,17.4997,21.62,0.020776874609194144,0.5833333333333334,1.3170880292415474,T3,1.3172322133208665,0.4307536507436909,↑,↑,VP_EXPANSION,24.65084194355523,CBI_TURBULENT,COST_NEUTRAL,-0.13157517904700877,8.076217353304521,-0.0059845595892173975,Improving,8.076217353304521,0.8094218316373728,A
00788,中国铁塔,2020-03-31,-10.0082,35.22,2.0297394300808764,1.0,1.7780395456457718,T5,1.7799999216055022,1.474346887623553,↑↑,↑↑,VP_PANIC,9.048340627374028,CBI_TURBULENT,COST_NEUTRAL,-0.07451474457630414,7.674330839305819,-0.14250404455809962,Deteriorating,7.674330839305819,-0.28416240772288476,A
00788,中国铁塔,2020-04-30,2.0019,16.41,-0.6672005909875589,0.5,0.8276731674512442,T2,0.827257781430698,0.004616174007155749,↓,↓,VP_LOCKED_CANDIDATE,25.957175378617013,CBI_TURBULENT,COST_NEUTRAL,-0.11810483322163201,7.869984555637258,-0.14250404455809962,Improving,7.869984555637258,0.1219926873857404,A
00788,中国铁塔,2020-05-31,-9.5519,19.32,-0.049326879585587166,0.6666666666666666,0.9412146800909386,T3,0.9400121115958316,-0.1074403172560634,→,→,VP_NEUTRAL,21.034211416804375,CBI_TURBULENT,COST_NEUTRAL,-0.1128499693804309,7.442387963571802,-0.23455892241235576,Stable,7.442387963571802,-0.4944047619047619,A
00788,中国铁塔,2020-06-30,-15.1679,21.79,0.4490805454124225,0.8333333333333334,1.0003060443764347,T3,0.9998960469687788,-0.3823871715814837,→,→,VP_NEUTRAL,15.489709848128674,CBI_TURBULENT,COST_NEUTRAL,-0.19868246585944505,6.791844106429032,-0.26847368956201445,Stable,6.791844106429032,-0.6960945387792565,A
00788,中国铁塔,2020-07-31,1.6743,30.79,1.9192199732890218,0.9166666666666666,1.2727523251808475,T5,1.272310143538485,0.8761716413306297,↑,↑,VP_EXPANSION,11.827837072507085,CBI_TURBULENT,COST_NEUTRAL,-0.13770489576862777,7.0529165674343535,-0.24356006468545477,Stable,7.0529165674343535,0.05437804481974667,A
00788,中国铁塔,2020-08-31,6.6418,28.3,1.232194065411498,0.8333333333333334,1.1183560561153925,T4,1.1193582258928694,0.46814287379815256,↑,↑,VP_EXPANSION,15.176171227751254,CBI_TURBULENT,COST_NEUTRAL,-0.1300540655329666,7.746597479670841,-0.19996122115147508,Stable,7.746597479670841,0.23469257950530034,A
00788,中国铁塔,2020-09-30,-10.8992,18.56,-0.42273633464926985,0.5,0.8238514463268477,T3,0.8237322687800812,-0.14814616553079607,↓,↓,VP_DECLINE_SILENT,27.275360448796324,CBI_TURBULENT,COST_NEUTRAL,-0.16380147579907212,6.974823570074255,-0.22473522910862487,Deteriorating,6.974823570074255,-0.5872413793103449,A
00788,中国铁塔,2020-10-31,-12.8811,12.25,-1.4171631795810313,0.08333333333333333,0.5610258758873369,T2,0.5622831247468473,-0.6010773197749227,↓,↓,VP_DECLINE_SILENT,40.02156807959894,CBI_ACTIVE,COST_NEUTRAL,-0.18600341899035489,6.712272392901247,-0.3127950108612495,Deteriorating,6.712272392901247,-1.0515183673469388,A
00788,中国铁塔,2020-11-30,0.0,24.26,0.42134581333852583,0.75,1.0706877528503127,T3,1.0707688073414492,-0.14335449880044715,→,→,VP_NEUTRAL,18.125659247873177,CBI_TURBULENT,COST_NEUTRAL,-0.16453510759622036,7.027184710347624,-0.30602118149566304,Stable,7.027184710347624,0.0,A
00788,中国铁塔,2020-12-31,-8.6999,15.15,-1.0835352406833962,0.16666666666666666,0.7029618745649989,T2,0.7032494558364908,-0.18272278898150673,↓,↓,VP_DECLINE_SILENT,37.781450746981314,CBI_ACTIVE,COST_NEUTRAL,-0.1850100093032332,7.010010216567059,-0.24866669484442472,Deteriorating,7.010010216567059,-0.5742508250825082,A
00788,中国铁塔,2021-01-31,-2.1175,38.67,2.4774098825949995,1.0,1.6912311392958672,T5,1.689710928338668,2.147938474243094,↑↑,↑↑,VP_PANIC,9.617750994963988,CBI_TURBULENT,COST_NEUTRAL,-0.20101626193406785,6.93711016324271,-0.26457634662114426,Deteriorating,6.93711016324271,-0.054758210499094906,A
00788,中国铁塔,2021-02-28,3.2103,22.75,-0.11642898957651326,0.5833333333333334,1.036918869644485,T3,1.037360588434246,-0.06188703926715322,→,→,VP_STABLE_ASCENT,22.948015083461147,CBI_TURBULENT,COST_NEUTRAL,-0.2009172152938884,7.205903010670648,-0.2327570430677054,Improving,7.205903010670648,0.14111208791208793,A
00788,中国铁塔,2021-03-31,-3.0472,26.37,0.5194407147299442,0.75,1.1346002151308714,T4,1.1346938222340994,0.73995973418766,↑,↑,VP_SELLING_ACTIVE,17.668141700119225,CBI_TURBULENT,COST_NEUTRAL,-0.16329229392869882,6.962509245968178,-0.18954479638469013,Deteriorating,6.962509245968178,-0.11555555555555555,A
00788,中国铁塔,2021-04-30,-4.1472,11.31,-1.7097115688202202,0.08333333333333333,0.4899285250162444,T1,0.4895744814154492,-0.7075316554620219,↓,↓,VP_DECLINE_SILENT,39.93464533331148,CBI_ACTIVE,COST_NEUTRAL,-0.17273167062988704,7.106506445365646,-0.2150174586250876,Deteriorating,7.106506445365646,-0.36668435013262596,A
00788,中国铁塔,2021-05-31,-3.5803,9.2,-1.7207336157701363,0.08333333333333333,0.4471445929526124,T1,0.44734851254060004,-0.5956379433932188,↓,↓,VP_DECLINE_SILENT,40.91704394554793,CBI_ACTIVE,COST_NEUTRAL,-0.16047564566755068,7.225694867586828,-0.2431222959636593,Deteriorating,7.225694867586828,-0.38916304347826086,A
00788,中国铁塔,2021-06-30,1.1218,13.68,-0.9011869118983306,0.3333333333333333,0.6728971962616822,T2,0.6734333821924068,-0.4809804020080293,↓,↓,VP_SHRINK,32.95481039576391,CBI_ACTIVE,COST_NEUTRAL,-0.16342978569686717,7.306604799557929,-0.18279753130028964,Stable,7.306604799557929,0.08200292397660819,A
00788,中国铁塔,2021-07-31,-4.4375,13.72,-0.7410400207183266,0.4166666666666667,0.8483974028650934,T2,0.8490440000521328,0.21544791674528274,↓,↓,VP_DECLINE_SILENT,32.585852975715355,CBI_ACTIVE,COST_NEUTRAL,-0.16039516496655348,7.225711324266117,-0.21906123082102225,Deteriorating,7.225711324266117,-0.323432944606414,A
00788,中国铁塔,2021-08-31,-1.1609,9.69,-1.0906617143448105,0.16666666666666666,0.692390139335477,T2,0.6912816892208252,0.05133168591571047,↓,↓,VP_SHRINK,41.740277200474445,CBI_ACTIVE,COST_NEUTRAL,-0.1635334404070724,7.080338440579107,-0.22812715570120545,Stable,7.080338440579107,-0.11980392156862746,A
00788,中国铁塔,2021-09-30,0.0,5.79,-1.3970480204786153,0.08333333333333333,0.5480359678182679,T2,0.5467879215724377,-0.5780769667528488,↓,↓,VP_SHRINK,46.2491072487237,CBI_ACTIVE,COST_NEUTRAL,-0.1604499197509197,7.206375473613608,-0.18714875326346003,Stable,7.206375473613608,0.0,A
00788,中国铁塔,2021-10-31,0.0,4.12,-1.4289936891698625,0.08333333333333333,0.4398576512455516,T2,0.4408954806348252,-0.6992813820963351,↓,↓,VP_SHRINK,46.42014799865666,CBI_ACTIVE,COST_NEUTRAL,-0.17957138144840457,7.171550089330752,-0.19669598425637214,Stable,7.171550089330752,0.0,A
00788,中国铁塔,2021-11-30,-3.5236,6.64,-0.9156036540752223,0.25,0.7427293064876958,T2,0.74441674407569,-0.3118604109522033,↓,↓,VP_DECLINE_SILENT,40.9544958420384,CBI_ACTIVE,COST_NEUTRAL,-0.19040155467637876,7.148849653449576,-0.21579044624219634,Deteriorating,7.148849653449576,-0.5306626506024097,A
00788,中国铁塔,2021-12-31,-16.8391,7.18,-0.7539494444021511,0.3333333333333333,0.9138735680950361,T2,0.9127691820244362,0.24180169910054827,→,→,VP_NEUTRAL,35.443822460485265,CBI_ACTIVE,COST_NEUTRAL,-0.18910854507338148,6.599036918052528,-0.28998890290873125,Stable,6.599036918052528,-2.3452785515320334,A
00788,中国铁塔,2022-01-31,11.5707,6.15,-0.8520129782889754,0.25,0.932524639878696,T2,0.9347104655813796,0.49274893708204903,→,→,VP_STABLE_ASCENT,38.324872528040046,CBI_ACTIVE,COST_NEUTRAL,-0.17552146280933245,7.427553959460793,-0.20783546384697027,Improving,7.427553959460793,1.8814146341463414,A
00788,中国铁塔,2022-02-28,-3.889,5.08,-0.8933190292297155,0.16666666666666666,0.8718535469107551,T2,0.870243612513469,-0.23809533957068008,↓,↓,VP_DECLINE_SILENT,41.40816102861369,CBI_ACTIVE,COST_NEUTRAL,-0.20612574274941486,6.749788270558279,-0.23864300349513068,Deteriorating,6.749788270558279,-0.7655511811023622,A
00788,中国铁塔,2022-03-31,-4.0464,10.98,0.8013060093089523,0.75,1.6408468244084684,T4,1.6383263750260932,0.529164750361691,↑↑,↑↑,VP_PANIC,23.234561487675553,CBI_TURBULENT,COST_NEUTRAL,-0.19353758996979153,7.392456736133308,-0.20188890100689583,Deteriorating,7.392456736133308,-0.3685245901639344,A
00788,中国铁塔,2022-04-30,7.1286,4.73,-1.150761933822274,0.16666666666666666,0.696270853778214,T2,0.6943081458564645,-0.2351461785871264,↓,↓,VP_LOCKED_CANDIDATE,41.92951017309318,CBI_ACTIVE,COST_NEUTRAL,-0.15563924817062602,7.34833698606165,-0.1570133823679808,Improving,7.34833698606165,1.5071035940803381,A
00788,中国铁塔,2022-05-31,5.5166,5.47,-0.7537131761303644,0.3333333333333333,0.828997221520586,T2,0.8282454247131869,0.07635662826946654,↓,↓,VP_LOCKED_CANDIDATE,35.58431827022952,CBI_ACTIVE,COST_NEUTRAL,-0.14135717888240462,7.676461954750328,-0.12234704421941889,Improving,7.676461954750328,1.0085191956124315,A
00788,中国铁塔,2022-06-30,11.5045,6.8,-0.1514139599881279,0.6666666666666666,1.0405508798775822,T3,1.039878082593597,-0.3810199155951185,→,→,VP_STABLE_ASCENT,26.367233715077354,CBI_TURBULENT,COST_NEUTRAL,-0.07843024994792747,8.067476183322851,-0.05733710915416701,Improving,8.067476183322851,1.6918382352941177,A
00788,中国铁塔,2022-07-31,0.0,4.73,-0.9449543272776756,0.25,0.7509923260121725,T2,0.7517081344030857,0.002446209804880306,↓,↓,VP_SHRINK,43.66454085075596,CBI_ACTIVE,COST_NEUTRAL,-0.13806945707306584,7.612245064352546,-0.05733710915416701,Stable,7.612245064352546,0.0,A
00788,中国铁塔,2022-08-31,-3.4392,3.98,-1.2185404182363355,0.08333333333333333,0.6508585445625512,T2,0.6536868677937947,-0.26864881879001523,↓,↓,VP_DECLINE_SILENT,50.870831416906206,CBI_STABLE,COST_NEUTRAL,-0.15868625310317142,7.468320298734458,-0.08975701827416593,Deteriorating,7.468320298734458,-0.8641206030150754,A
00788,中国铁塔,2022-09-30,-16.6212,5.07,-0.4857133426405188,0.4166666666666667,0.9883040935672516,T3,0.9894914438370681,-0.2528276330033252,→,→,VP_NEUTRAL,40.66494876103056,CBI_ACTIVE,COST_NEUTRAL,-0.17888021735859316,6.69707321340859,-0.2764658423979942,Stable,6.69707321340859,-3.2783431952662725,A
00788,中国铁塔,2022-10-31,-18.5106,4.61,-0.8034546351412842,0.16666666666666666,0.9021526418786693,T2,0.9036776289257012,-0.023177454348678794,→,→,VP_NEUTRAL,47.02842370025522,CBI_ACTIVE,COST_NEUTRAL,-0.2309238827113591,6.1970781090285705,-0.4103964140742874,Stable,6.1970781090285705,-4.0153145336225595,A
00788,中国铁塔,2022-11-30,22.7154,6.66,0.4150408182684516,0.75,1.2546310832025118,T3,1.2576243588044707,0.6734754707829478,↑,↑,VP_EXPANSION,26.917736895151094,CBI_TURBULENT,COST_NEUTRAL,-0.145041976845236,7.745268709493283,-0.2764658423979942,Improving,7.745268709493283,3.4107207207207204,A
00788,中国铁塔,2022-12-31,1.4445,10.83,2.725195697090157,0.9166666666666666,1.8110367892976587,T5,1.8078534127974364,1.1333939249678426,↑↑,↑↑,VP_NEUTRAL,18.298059473524834,CBI_TURBULENT,COST_NEUTRAL,-0.16078489344564728,7.159248853597607,-0.15348101990168372,Stable,7.159248853597607,0.13337950138504154,A
00788,中国铁塔,2023-01-31,8.6668,5.48,-0.33807862655803733,0.6666666666666666,0.8976248976248976,T3,0.8989448615615553,0.19021126188973803,↓,↓,VP_LOCKED_CANDIDATE,25.769883698803547,CBI_TURBULENT,COST_NEUTRAL,-0.1747227478211164,7.463084110720137,-0.0932134006436518,Improving,7.463084110720137,1.5815328467153285,A
00788,中国铁塔,2023-02-28,-5.317,4.63,-0.7236052731093044,0.25,0.7451716738197423,T2,0.7479467763890492,-0.30335222096230097,↓,↓,VP_DECLINE_SILENT,38.960469157534604,CBI_ACTIVE,COST_NEUTRAL,-0.1852072375363284,7.0121569524125125,-0.14142749605007732,Deteriorating,7.0121569524125125,-1.148380129589633,A
00788,中国铁塔,2023-03-31,14.039,14.49,4.836747210293592,1.0,1.8616702355460384,T5,1.858794322803879,0.33863781293243234,↑↑,↑↑,VP_OVERHEAT,12.27028145299479,CBI_TURBULENT,COST_NEUTRAL,-0.14911677204824692,7.537241201759427,-0.12252241934133279,Deteriorating,7.537241201759427,0.9688750862663906,A
00788,中国铁塔,2023-04-30,6.1554,4.87,-0.5690939678373933,0.4166666666666667,0.6222316865417377,T2,0.6219179330594592,-0.11332753730402423,↓,↓,VP_LOCKED_CANDIDATE,32.155761627827474,CBI_ACTIVE,COST_NEUTRAL,-0.1247192182650132,7.810057014375621,-0.06851050375234669,Improving,7.810057014375621,1.2639425051334703,A
00788,中国铁塔,2023-05-31,-11.9796,4.88,-0.5435721687365426,0.5,0.6480743691899069,T2,0.6460812539044141,0.045458095222520756,↓,↓,VP_DECLINE_SILENT,30.00884102111378,CBI_ACTIVE,COST_NEUTRAL,-0.15339455500133847,7.176540353591866,-0.18009912135919182,Deteriorating,7.176540353591866,-2.4548360655737707,A
00788,中国铁塔,2023-06-30,0.0,4.04,-0.7503768065559917,0.16666666666666666,0.6314144308413648,T2,0.6317027339890562,-0.7207417326353767,↓,↓,VP_SHRINK,42.27245343781133,CBI_ACTIVE,COST_NEUTRAL,-0.11563731699929392,7.728027031156781,-0.1751305077418922,Stable,7.728027031156781,0.0,A
00788,中国铁塔,2023-07-31,0.0,3.78,-0.8034175605083198,0.08333333333333333,0.6181520850367948,T2,0.6198885174464924,-0.22149988341224247,↓,↓,VP_SHRINK,46.31938839949428,CBI_ACTIVE,COST_NEUTRAL,-0.09740371152628202,7.977902658356355,-0.16440398638613019,Stable,7.977902658356355,0.0,A
00788,中国铁塔,2023-08-31,-15.4044,5.89,-0.13016817967401112,0.75,0.9312252964426878,T3,0.931152908960059,0.2102684269063093,→,→,VP_NEUTRAL,24.044663838687427,CBI_TURBULENT,COST_NEUTRAL,-0.1571586816849725,7.162016645239975,-0.29312224265527576,Stable,7.162016645239975,-2.6153480475382005,A
00788,中国铁塔,2023-09-30,-1.5175,4.17,-0.6993568078176566,0.25,0.9055374592833877,T2,0.9047185241873005,0.030153460274102928,→,→,VP_NEUTRAL,42.48984075995506,CBI_ACTIVE,COST_NEUTRAL,-0.1317018560976858,7.5582998228330265,-0.19792137985679126,Stable,7.5582998228330265,-0.36390887290167867,A
00788,中国铁塔,2023-10-31,-1.5649,4.32,-0.6341931029692702,0.3333333333333333,0.9571639586410637,T2,0.9594705601179214,0.14216374101450513,→,→,VP_NEUTRAL,39.5414321638346,CBI_ACTIVE,COST_NEUTRAL,-0.13352965790612237,7.550083742708601,-0.2226387487363971,Stable,7.550083742708601,-0.36224537037037036,A
00788,中国铁塔,2023-11-30,12.7186,5.96,-0.05120068322311206,0.8333333333333334,1.2698863636363635,T3,1.2667408254013426,0.009995096854318541,↑,↑,VP_EXPANSION,22.91463601760609,CBI_TURBULENT,COST_NEUTRAL,-0.12934778917448653,8.052001250971124,-0.12376927321797382,Improving,8.052001250971124,2.133993288590604,A
00788,中国铁塔,2023-12-31,1.4104,4.76,-0.3215068411728085,0.5,0.9889196675900276,T3,0.9871632103007972,0.14045832239365286,→,→,VP_NEUTRAL,34.68283767373561,CBI_ACTIVE,COST_NEUTRAL,-0.11771054974113804,7.824738440101308,-0.07760882629264598,Stable,7.824738440101308,0.2963025210084034,A
00788,中国铁塔,2024-01-31,6.9541,10.69,1.7600984128764827,0.9166666666666666,1.7921207041072924,T5,1.7923311353237183,1.4667430129972407,↑↑,↑↑,VP_OVERHEAT,17.568936330335674,CBI_TURBULENT,COST_NEUTRAL,-0.02088327858822092,8.349710644888269,-0.013464794741369635,Deteriorating,8.349710644888269,0.6505238540692236,A
00788,中国铁塔,2024-02-29,10.4031,12.04,1.8337310502777413,0.9166666666666666,1.7224606580829758,T5,1.722902722132123,1.0238903665014711,↑↑,↑↑,VP_OVERHEAT,16.518837865511387,CBI_TURBULENT,COST_ADVANTAGE,-0.12390488964716095,8.015724657596152,0.08916565574067259,Deteriorating,8.015724657596152,0.8640448504983389,A
00788,中国铁塔,2024-03-31,-5.8893,13.57,2.8730731414048014,1.0,1.5858979353330738,T5,1.5846531657497327,1.8518032404457871,↑↑,↑↑,VP_PANIC,13.357133802962014,CBI_TURBULENT,COST_NEUTRAL,-0.1178765653080619,7.464912755695156,-0.11945899744648825,Deteriorating,7.464912755695156,-0.43399410464259397,A
00788,中国铁塔,2024-04-30,1.2361,8.63,0.5560669300280419,0.75,0.9304582210242588,T4,0.9331274714144634,-0.1904677476010379,→,→,VP_NEUTRAL,21.61589795240878,CBI_TURBULENT,COST_NEUTRAL,-0.09800720237172311,8.032655052836652,-0.09741792103713887,Stable,8.032655052836652,0.1432329084588644,A
00788,中国铁塔,2024-05-31,5.0183,10.09,0.8886632988682406,0.75,1.0127132820341251,T4,1.0119879024233798,-0.16275880817186572,→,→,VP_STABLE_ASCENT,22.009112877266638,CBI_TURBULENT,COST_NEUTRAL,-0.0769781466715096,8.034014175532862,-0.05212350901592555,Stable,8.034014175532862,0.4973538156590684,A
00788,中国铁塔,2024-06-30,10.4639,11.19,1.065648347435632,0.8333333333333334,1.0140462165835977,T4,1.0144849903587394,-0.1740034964366205,→,→,VP_STABLE_ASCENT,18.673482101811842,CBI_TURBULENT,COST_NEUTRAL,-0.0405236541046573,8.599498656829367,-0.003090985341637542,Stable,8.599498656829367,0.935111706881144,A
00788,中国铁塔,2024-07-31,-6.2493,10.14,0.566697081280016,0.6666666666666666,0.9265915321352423,T4,0.9282427349870241,0.17440815296469014,→,→,VP_NEUTRAL,26.009076418166998,CBI_TURBULENT,COST_NEUTRAL,-0.07943981362715002,7.937991119305696,-0.055554358389651615,Stable,7.937991119305696,-0.6163017751479289,A
00788,中国铁塔,2024-08-31,-1.0988,6.69,-0.6265496787939708,0.4166666666666667,0.6655612667882607,T2,0.6658515449187258,-0.3357453126602604,↓,↓,VP_SHRINK,36.104114460079984,CBI_ACTIVE,COST_NEUTRAL,-0.07446970558421362,8.367106610140059,-0.055554358389651615,Stable,8.367106610140059,-0.16424514200298954,A
00788,中国铁塔,2024-09-30,9.099,11.52,0.8869702020084365,0.8333333333333334,1.1864057672502573,T4,1.1861250426608965,0.029752930003839273,↑,↑,VP_EXPANSION,23.363373600632478,CBI_TURBULENT,COST_NEUTRAL,-0.027606660158621454,8.857968924011738,-0.009820674362064796,Stable,8.857968924011738,0.7898437500000001,A
00788,中国铁塔,2024-10-31,2.0367,18.06,3.2355017567581834,1.0,1.6008273009307135,T5,1.5988023324582563,0.7753193692028795,↑↑,↑↑,VP_OVERHEAT,15.76800012599191,CBI_TURBULENT,COST_ADVANTAGE,-0.07748684398043482,8.20045250027913,0.01034591068147761,Deteriorating,8.20045250027913,0.11277408637873756,A
00788,中国铁塔,2024-11-30,-2.994,11.18,0.15321855346000138,0.5833333333333334,0.9752835126490259,T3,0.9739545428549118,0.6675034202629437,→,→,VP_NEUTRAL,29.97378939916252,CBI_TURBULENT,COST_NEUTRAL,-0.04509071587553293,8.424309106460457,-0.019903966883836,Stable,8.424309106460457,-0.26779964221824687,A
00788,中国铁塔,2024-12-31,10.2881,9.04,-0.8061348501239818,0.25,0.8140477262494372,T2,0.8125039839251467,-0.21751261910833652,↓,↓,VP_LOCKED_CANDIDATE,42.08168097632415,CBI_ACTIVE,COST_NEUTRAL,-0.05657938625611947,8.821895209275374,-0.0007269542564511955,Improving,8.821895209275374,1.1380641592920355,A
00788,中国铁塔,2025-01-31,0.0,7.04,-1.442361780210738,0.16666666666666666,0.664882732567291,T2,0.6670322477999799,-0.6086146646782005,↓,↓,VP_SHRINK,44.56140647704845,CBI_ACTIVE,COST_NEUTRAL,-0.05672606910922695,8.605974677528472,-0.0007269542564511955,Stable,8.605974677528472,0.0,A
00788,中国铁塔,2025-02-28,8.3955,7.72,-0.968273200831201,0.25,0.7174721189591078,T2,0.717727094280131,-0.30862954179364976,↓,↓,VP_LOCKED_CANDIDATE,41.148886429970894,CBI_ACTIVE,COST_ADVANTAGE,0.011225670437716495,8.871385572416873,0.08316723801679449,Improving,8.871385572416873,1.0875000000000001,A
00788,中国铁塔,2025-03-31,-9.1075,10.65,0.1784745692983225,0.6666666666666666,1.0032972209138011,T3,0.11802658352127507,-0.8820871855937982,↓,→,VP_NEUTRAL,27.246610670675224,CBI_TURBULENT,COST_DISADVANTAGE,-0.07721381049150111,-0.13090838922939563,-0.13091905917992464,Stable,-0.13090838922939563,-0.8551643192488263,A
00788,中国铁塔,2025-04-30,6.9583,8.05,-0.7647641100418574,0.3333333333333333,0.8997764530551416,T2,0.13122054310639428,-0.8859025177697203,↓,↓,VP_LOCKED_CANDIDATE,38.49446615452637,CBI_ACTIVE,COST_NEUTRAL,-0.02182081519297796,0.007370472695582553,-0.06299489747254405,Improving,0.007370472695582553,0.8643850931677018,A
00788,中国铁塔,2025-05-31,6.8216,4.8,-1.763098582996999,0.08333333333333333,0.6088794926004228,T1,0.11064203495664439,-0.9375291614578705,↓,↓,VP_LOCKED_CANDIDATE,45.82495397770304,CBI_ACTIVE,COST_NEUTRAL,-0.013573535560399863,-0.012491075337979773,0.0009234803392730306,Improving,-0.012491075337979773,1.4211666666666667,A
00788,中国铁塔,2025-06-30,-2.9788,6.07,-1.0346007753595816,0.16666666666666666,0.8215655312429507,T2,0.20539641417975305,-0.42906678621513594,↓,↓,VP_DECLINE_SILENT,44.25322195155644,CBI_ACTIVE,COST_DISADVANTAGE,-0.02450520929199096,-0.03447995346380972,-0.009273090927523486,Deteriorating,-0.03447995346380972,-0.49074135090609555,A
00788,中国铁塔,2025-07-31,-2.5148,10.94,0.50928027252691,0.75,1.3609786439975118,T4,0.5574804879319216,0.3577411774824184,↓,↑,VP_NEUTRAL,24.60448448282587,CBI_TURBULENT,COST_DISADVANTAGE,-0.08327859886868794,-0.06347234847990446,-0.028955222045091267,Stable,-0.06347234847990446,-0.22987202925045705,A
00788,中国铁塔,2025-08-31,6.4256,6.71,-0.8300654406149457,0.25,0.8526048284625158,T2,0.8526203146531285,0.3919338891973416,↓,↓,VP_LOCKED_CANDIDATE,40.9964472753033,CBI_ACTIVE,COST_NEUTRAL,-0.0224746148715117,-0.0020658927792072124,0.03724830989581829,Improving,-0.0020658927792072124,0.9576154992548436,A
00788,中国铁塔,2025-09-30,-1.0686,12.21,0.8968792096504176,0.9166666666666666,1.5018450184501844,T4,1.5001090547387719,1.0093280102985296,↑↑,↑↑,VP_NEUTRAL,20.715792752514346,CBI_TURBULENT,COST_NEUTRAL,-0.010644095415849097,0.006874473779140189,-0.0033995149716095074,Stable,0.006874473779140189,-0.0875184275184275,A
00788,中国铁塔,2025-10-31,-2.6863,5.72,-1.2523230048431033,0.16666666666666666,0.7388589881593111,T2,0.7393901589265899,-0.4763969055683255,↓,↓,VP_DECLINE_SILENT,49.99354047624805,CBI_ACTIVE,COST_DISADVANTAGE,-0.011918720251229531,-0.022485324450787103,-0.025102487206548285,Deteriorating,-0.022485324450787103,-0.46963286713286717,A
00788,中国铁塔,2025-11-30,9.9107,6.62,-0.648625380514714,0.3333333333333333,0.8228713486637663,T2,0.8212762172477273,-0.015970577509320738,↓,↓,VP_LOCKED_CANDIDATE,44.01352935219829,CBI_ACTIVE,COST_ADVANTAGE,0.008332413054758403,0.038610034843705066,0.06865435284838739,Improving,0.038610034843705066,1.497084592145015,A
00788,中国铁塔,2025-12-31,-7.3718,5.91,-0.8599689148413783,0.25,0.7370609020993557,T2,0.7359073138257607,-0.5166795366503893,↓,↓,VP_DECLINE_SILENT,45.56129123311933,CBI_ACTIVE,COST_DISADVANTAGE,-0.026972640468800213,-0.05118760530080657,-0.024074924396142672,Deteriorating,-0.05118760530080657,-1.2473434856175973,A
00788,中国铁塔,2026-01-31,-3.1814,5.34,-1.0381158711712086,0.16666666666666666,0.7537050105857445,T2,0.7511841989992185,-0.07180332359248442,↓,↓,VP_DECLINE_SILENT,49.382295233608104,CBI_ACTIVE,COST_NEUTRAL,-0.005321131614532959,-0.015446273115026887,-0.04940169971458197,Deteriorating,-0.015446273115026887,-0.5957677902621723,A
00788,中国铁塔,2026-02-28,0.0,5.21,-0.9591882775901829,0.16666666666666666,0.7622531089978053,T2,0.7657583455078045,-0.20826075699458846,↓,↓,VP_SHRINK,50.05705480410113,CBI_STABLE,COST_NEUTRAL,-0.002760770081157049,0.011079495635018866,-0.05868818399800957,Stable,0.011079495635018866,0.0,A
00788,中国铁塔,2026-03-31,-4.0431,7.54,0.2113693177729148,0.75,1.244909190974133,T3,1.2424379460127897,0.27426124677133124,↑,↑,VP_SELLING_ACTIVE,31.752458664424886,CBI_ACTIVE,COST_DISADVANTAGE,-0.01563279434430409,-0.03194355517452363,-0.0421582127845227,Deteriorating,-0.03194355517452363,-0.5362201591511936,A
00788,中国铁塔,2026-04-30,2.8784,4.25,-1.2037215806806856,0.08333333333333333,0.7312876398049899,T2,0.7325507231629838,-0.20042447976329436,↓,↓,VP_LOCKED_CANDIDATE,53.14119859840739,CBI_STABLE,COST_NEUTRAL,-0.007658561439252587,0.008125911937757024,-0.0062839885442426135,Improving,0.008125911937757024,0.6772705882352942,A
00788,中国铁塔,2026-05-31,-10.1877,7.33,0.15947671832017307,0.75,1.2360876897133222,T3,1.234371001090002,0.39706802635725946,↑,↑,VP_SELLING_ACTIVE,31.613624506298024,CBI_ACTIVE,COST_DISADVANTAGE,0.007660588920827438,-0.052223633355662824,-0.09866011596296365,Deteriorating,-0.052223633355662824,-1.389863574351978,A
00788,中国铁塔,2026-06-30,-11.189516129032251,8.45,0.5925189086162185,0.8333333333333334,1.3300104931794334,T4,1.3315692312682021,0.1241474835053229,↑,↑,VP_SELLING_ACTIVE,28.539299765178463,CBI_TURBULENT,COST_DISADVANTAGE,-0.03588069002085681,-0.06708959891169253,-0.13593890506764583,Deteriorating,-0.06708959891169253,-1.324203092193166,A
00788,,2026-07-31,13.847900113507361,5.82,-0.5012389129930146,0.4166666666666667,0.9046632124352332,T2,0.9061857553583543,0.3706813674671132,→,→,VP_STABLE_ASCENT,41.635754222593505,CBI_ACTIVE,COST_NEUTRAL,0.011150304445836978,0.05907024258231086,-0.016284587721735466,Improving,0.05907024258231086,2.3793642806713677,A
01093,石药集团,2010-01-31,-47.3558,6.62,,,,,,,,,VP_NEUTRAL,,,,-0.8952904164504522,-0.9492245542096696,,Stable,-0.9492245542096696,-7.153444108761329,C
01093,石药集团,2010-02-28,36.2445,3.61,,,,,,,,,VP_NEUTRAL,,,,-0.8563491832736112,-0.8994831717911669,,Stable,-0.8994831717911669,10.040027700831025,C
01093,石药集团,2010-03-31,95.4955,7.76,,,1.2940522512506947,,1.2931505914443264,,↑,↑,VP_EXPANSION,,,,-0.7314072919283248,,-0.7138811749074622,Improving,,12.30612113402062,C
01093,石药集团,2010-04-30,74.3472,16.13,,,1.8909730363423212,,1.8934778037457234,1.4456000758045429,↑↑,↑↑,VP_OVERHEAT,,,,-0.6323192319596159,,-0.5011599593240701,Deteriorating,,4.6092498450093,C
01093,石药集团,2010-05-31,-37.582,10.43,,,1.1705948372615038,,1.1712881820652472,1.884243776833685,↑,↑,VP_SELLING_ACTIVE,,,,-0.7238288135672767,,-0.7072885752509521,Deteriorating,,-3.6032598274209016,C
01093,石药集团,2010-06-30,11.9816,3.97,-1.170265252364718,0.3333333333333333,0.49093157460840897,T2,0.489937322095437,-0.48847435198556044,↓,↓,VP_LOCKED_CANDIDATE,28.420090571947423,CBI_TURBULENT,,-0.7034255890947103,,-0.7365849334042447,Improving,,3.0180352644836272,C
01093,石药集团,2010-07-31,-23.2267,4.78,-0.774273514246011,0.42857142857142855,0.6143958868894601,T2,0.6160793187758322,-0.7030343413689906,↓,↓,VP_DECLINE_SILENT,25.65391659904264,CBI_TURBULENT,,-0.7574570196392318,,-0.8005416779686462,Deteriorating,,-4.8591422594142255,C
01093,石药集团,2010-08-31,-35.5476,7.81,0.04750687170572978,0.75,0.9209905660377358,T3,0.9208445938095492,-0.25151469502777424,→,→,VP_NEUTRAL,15.561332191336163,CBI_TURBULENT,COST_NEUTRAL,-0.8313911803866955,1.075748328965973,-0.8702798231716377,Stable,1.075748328965973,-4.551549295774649,C
01093,石药集团,2010-09-30,1.3928,8.96,0.3428101156757369,0.7777777777777778,1.0322580645161292,T3,1.0325536773472663,1.26441466019812,→,→,VP_NEUTRAL,15.197461837622324,CBI_TURBULENT,COST_DISADVANTAGE,-0.8318973736337163,-0.912432752335648,-0.8353910690157162,Stable,-0.912432752335648,0.15544642857142857,C
01093,石药集团,2010-10-31,39.7368,12.88,1.3929150848289868,0.9,1.5826336268687282,T4,1.5833454626838246,1.6892819446933456,↑↑,↑↑,VP_OVERHEAT,11.199998585801104,CBI_TURBULENT,COST_DISADVANTAGE,-0.7694022437342112,-0.8759588681361544,-0.7598699385916079,Deteriorating,-0.8759588681361544,3.0851552795031054,C
01093,石药集团,2010-11-30,-0.9506,7.99,-0.08044524319666842,0.6363636363636364,1.0334123733563267,T3,1.031536542092522,0.021549690320769033,→,→,VP_NEUTRAL,20.27523521010069,CBI_TURBULENT,COST_DISADVANTAGE,-0.7716646537638934,-0.8844109379557921,-0.764392161970297,Stable,-0.8844109379557921,-0.11897371714643304,C
01093,石药集团,2010-12-31,4.0777,4.77,-0.9671607435438122,0.25,0.6064844246662429,T2,0.6050892470182696,-0.4691700114953957,↓,↓,VP_LOCKED_CANDIDATE,32.91611413428637,CBI_ACTIVE,COST_DISADVANTAGE,-0.758375315785088,-0.8713142870667687,-0.7623516513919747,Improving,-0.8713142870667687,0.8548637316561846,C
01093,石药集团,2011-01-31,0.0,3.67,-1.1874393894209312,0.16666666666666666,0.4778645833333333,T2,0.4769593002291394,-0.7159534869425184,↓,↓,VP_SHRINK,35.40645124676687,CBI_ACTIVE,COST_DISADVANTAGE,-0.7727102933058791,-0.8837085626841098,-0.7690022581627216,Stable,-0.8837085626841098,0.0,C
01093,石药集团,2011-02-28,60.7767,4.6,-0.9412166410135154,0.25,0.6438068579426172,T2,0.6472939239949242,-0.42002201205115275,↓,↓,VP_LOCKED_CANDIDATE,32.735696129617345,CBI_ACTIVE,COST_DISADVANTAGE,-0.6705324350136675,-0.8178765281753828,-0.6328865062547668,Improving,-0.8178765281753828,13.212326086956523,C
01093,石药集团,2011-03-31,-18.2367,6.73,-0.28179534544699836,0.5,0.9936023622047244,T3,0.9945026463235902,0.41574744381150164,→,→,VP_NEUTRAL,24.525382652874992,CBI_TURBULENT,COST_DISADVANTAGE,-0.7121184228154045,-0.9989387151559438,-0.7199289967220407,Stable,-0.9989387151559438,-2.7097622585438335,C
01093,石药集团,2011-04-30,-2.276,4.89,-0.7336296198626081,0.5,0.8986217457886677,T2,0.9003893102304482,0.33863046369458716,→,↓,VP_NEUTRAL,26.79941277082095,CBI_TURBULENT,COST_DISADVANTAGE,-0.7164271984059067,-0.8476049986652174,-0.7157920542807119,Stable,-0.8476049986652174,-0.465439672801636,C
01093,石药集团,2011-05-31,-41.1444,3.95,-0.94656707119819,0.16666666666666666,0.8283816847256205,T2,0.8267076583050863,-0.14720985131318087,↓,↓,VP_DECLINE_SILENT,38.105290718429195,CBI_ACTIVE,COST_DISADVANTAGE,-0.7899701571535811,-0.5852300033876757,-0.8212840865345962,Deteriorating,-0.5852300033876757,-10.416303797468354,C
01093,石药集团,2011-06-30,-15.7407,4.87,-0.5984198399111751,0.5,1.0177638453500522,T2,1.012670875288685,-0.2806245955270019,→,→,VP_NEUTRAL,27.019237489871543,CBI_TURBULENT,,-0.8025838011949732,,-0.8319288085599105,Stable,,-3.23217659137577,C
01093,石药集团,2011-07-31,-35.5263,2.69,-1.426105694286487,0.08333333333333333,0.582041110710422,T2,0.5804103460146822,-0.4525046677098711,↓,↓,VP_DECLINE_SILENT,40.00719579839954,CBI_ACTIVE,,-0.8674923721094557,,-0.8868751596076321,Deteriorating,,-13.206802973977695,C
01093,石药集团,2011-08-31,-157.551,3.64,-0.8384047322953834,0.16666666666666666,0.8158386253268584,T2,0.8115482643405959,-0.08350135372750556,↓,↓,VP_DECLINE_SILENT,36.852480049337935,CBI_ACTIVE,,-1.0889511068155993,,-1.0651044999809138,Deteriorating,,-43.28324175824175,C
01093,石药集团,2011-09-30,224.4681,5.96,0.16309052798617857,0.75,1.3753846153846154,T3,1.3774455792178888,0.22906594796871738,↑,↑,VP_EXPANSION,23.260490229136334,CBI_TURBULENT,,-1.6396526768015012,,-1.4209374514804387,Improving,,37.66243288590604,C
01093,石药集团,2011-10-31,-23.9683,13.02,5.622613259284443,1.0,2.2888953999414006,T5,2.2895353723207,3.839902985502487,↑↑,↑↑,VP_PANIC,22.855703491305917,CBI_TURBULENT,,-1.4319712312812605,,-1.3305394086215248,Deteriorating,,-1.8408832565284179,C
01093,石药集团,2011-11-30,14.1304,7.14,0.6776152305490275,0.9166666666666666,1.1479099678456592,T4,1.1485055476984376,0.9702991661419953,↑,↑,VP_EXPANSION,10.76179433172191,CBI_TURBULENT,,-1.5730606944568453,,-1.4347386793978303,Stable,,1.9790476190476192,C
01093,石药集团,2011-12-31,15.2846,3.01,-0.9478726306962671,0.16666666666666666,0.509306260575296,T2,0.5082713209685155,-0.49714428589022264,↓,↓,VP_LOCKED_CANDIDATE,35.0332774092081,CBI_ACTIVE,,-1.7986681155266284,,-1.6736397448814548,Improving,,5.077940199335548,C
01093,石药集团,2012-01-31,-11.0953,1.87,-1.3254741295235954,0.08333333333333333,0.32390300230946883,T2,0.3261316540327546,-0.8553698341753385,↓,↓,VP_DECLINE_SILENT,37.356890451404084,CBI_ACTIVE,,-1.628013132539385,,-1.5938291122015644,Deteriorating,,-5.93331550802139,C
01093,石药集团,2012-02-29,-26.3415,7.85,0.8878933448571733,0.9166666666666666,1.2123552123552122,T4,1.2127332671648128,0.10037579394000695,↑,↑,VP_SELLING_ACTIVE,9.853082014947178,CBI_TURBULENT,,-1.4075369309394856,,-1.430407340523694,Deteriorating,,-3.3556050955414016,C
01093,石药集团,2012-03-31,46.4052,3.87,-0.49544042138031225,0.4166666666666667,0.631664853101197,T3,0.6291368174802046,0.28349848151380597,↓,↓,VP_LOCKED_CANDIDATE,26.206066913928233,CBI_TURBULENT,,-1.704379570812577,,-1.624022744436178,Improving,,11.991007751937984,C
01093,石药集团,2012-04-30,13.1462,1.73,-1.167954082651477,0.08333333333333333,0.4075382803297998,T2,0.40559877839114034,-0.08598508291126061,↓,↓,VP_LOCKED_CANDIDATE,36.7194503229334,CBI_ACTIVE,,-1.8999264040073212,,-1.7113116402352861,Improving,,7.598959537572255,C
01093,石药集团,2012-05-31,16.9713,4.14,-0.28954506824667914,0.5833333333333334,1.1054739652870493,T3,1.1102168352704835,-0.4706680387887606,↑,↑,VP_EXPANSION,20.36735184187762,CBI_TURBULENT,,-2.227738636039862,,-1.832030325914904,Improving,,4.099347826086957,C
01093,石药集团,2012-06-30,-34.989,10.28,1.6599862248315618,0.9166666666666666,2.0739744451916606,T5,2.0692675892272527,1.6599929808476932,↑↑,↑↑,VP_PANIC,8.747947041432388,CBI_TURBULENT,,-1.5899530303455842,,-1.6701236963031965,Deteriorating,,-3.403599221789883,C
01093,石药集团,2012-07-31,-0.8418,5.13,-0.16139627188220904,0.5833333333333334,0.9327272727272727,T3,0.9321580775302967,1.9758351053618433,→,→,VP_NEUTRAL,19.854507092113618,CBI_TURBULENT,,-1.5864982130494172,,-1.6701236963031965,Stable,,-0.16409356725146199,C
01093,石药集团,2012-08-31,-26.4856,6.85,0.3061575739161947,0.6666666666666666,1.284375,T3,1.2832841514076396,0.6424386785614395,↑,↑,VP_SELLING_ACTIVE,17.217190265488437,CBI_TURBULENT,,-1.3619254781399524,,-1.492637623937664,Deteriorating,,-3.86651094890511,C
01093,石药集团,2012-09-30,-7.5157,2.55,-0.9898857607474162,0.25,0.49869621903520206,T2,0.49547091433958773,-0.7534197943102737,↓,↓,VP_DECLINE_SILENT,30.59056727907639,CBI_ACTIVE,,-1.3962135493616614,,-1.395217929067435,Deteriorating,,-2.9473333333333334,C
01093,石药集团,2012-10-31,-4.7404,3.76,-0.4503340111322471,0.4166666666666667,0.6896973402629164,T3,0.7243427415059249,-0.22545339293799538,↓,↓,VP_DECLINE_SILENT,27.263156764069684,CBI_TURBULENT,,-1.355414630297255,,-1.376482993378008,Deteriorating,,-1.2607446808510638,C
01093,石药集团,2012-11-30,12.3223,1.67,-1.1607070312647596,0.08333333333333333,0.33134920634920634,T2,0.5625417618317475,-0.5653503373519781,↓,↓,VP_LOCKED_CANDIDATE,38.08527520688052,CBI_ACTIVE,,-1.4223677867851972,,-1.422874262704208,Improving,,7.378622754491018,C
01093,石药集团,2012-12-31,-8.5595,2.08,-0.9154908178146368,0.3333333333333333,0.5662431941923776,T2,0.8842774181355634,0.46440324539417577,↓,↓,VP_DECLINE_SILENT,29.766620800047065,CBI_TURBULENT,,-1.3659618119901469,,-1.3740978620069546,Deteriorating,,-4.11514423076923,C
01093,石药集团,2013-01-31,-80.8219,5.58,0.39424235128700436,0.75,1.4886616273899511,T3,1.986748233923596,1.4955698222096387,↑↑,↑,VP_NEUTRAL,16.267950119750576,CBI_TURBULENT,,-1.056232967453983,,-1.0717447954533885,Stable,,-14.48421146953405,C
01093,石药集团,2013-02-28,-133.3333,3.06,-0.5165253934726954,0.4166666666666667,0.9818181818181818,T2,1.148565421014555,0.8391321419537439,↑,→,VP_NEUTRAL,27.750979187402795,CBI_TURBULENT,,-0.9842030276464128,,-0.9777932775977607,Stable,,-43.57297385620915,C
01093,石药集团,2013-03-31,380.7692,3.42,-0.33690552190845413,0.5,1.0485436893203883,T3,1.1390438878545388,0.6456169483396845,↑,→,VP_NEUTRAL,27.204691861934933,CBI_TURBULENT,,-0.9287712079066374,,-0.9183920252644184,Stable,,111.33602339181287,C
01093,石药集团,2013-04-30,55.8036,24.18,8.327518368266803,1.0,3.627906976744186,T5,3.6294860239963715,3.3496676793965845,↑↑,↑↑,VP_OVERHEAT,4.564305446602496,CBI_TURBULENT,,-0.8191377582396626,,-0.7721505345382564,Deteriorating,,2.3078411910669976,C
01093,石药集团,2013-05-31,59.5989,6.44,0.03369564607643036,0.75,0.8632707774798928,T3,0.9893896802292602,1.4666146855638704,→,↓,VP_NEUTRAL,12.638158772984598,CBI_TURBULENT,,-0.7312356883979196,,-0.6363548645782487,Stable,,9.25448757763975,C
01093,石药集团,2013-06-30,-22.8013,5.09,-0.13184918371377674,0.5833333333333334,0.63931337659619,T3,0.8439420754915721,1.0951897238319894,↓,↓,VP_DECLINE_SILENT,18.07467515036736,CBI_TURBULENT,,-0.754770304840985,,-0.762184288471148,Deteriorating,,-4.4796267190569745,C
01093,石药集团,2013-07-31,21.9409,2.88,-0.4983603732633605,0.3333333333333333,0.38340359440869753,T3,0.488102633496931,-0.8337365010942643,↓,↓,VP_LOCKED_CANDIDATE,26.123922822145644,CBI_TURBULENT,COST_DISADVANTAGE,-0.7370992954378708,-0.858169122939385,-0.7100053137897122,Improving,-0.858169122939385,7.618368055555556,C
01093,石药集团,2013-08-31,-2.7682,2.91,-0.4298643095444456,0.4166666666666667,0.38869100623330366,T3,0.4815847234460565,-0.4651942403725817,↓,↓,VP_DECLINE_SILENT,23.203547269641067,CBI_TURBULENT,COST_DISADVANTAGE,-0.7343573684953504,-0.8633737337630935,-0.7180328483560868,Deteriorating,-0.8633737337630935,-0.9512714776632303,C
01093,石药集团,2013-09-30,6.2827,3.75,-0.2976036362035457,0.5833333333333334,0.4972375690607735,T3,0.6033279062033681,-0.2672800115587811,↓,↓,VP_LOCKED_CANDIDATE,18.702006271544416,CBI_TURBULENT,COST_DISADVANTAGE,-0.7086057040991556,-0.8466800482961638,-0.7110217424473775,Improving,-0.8466800482961638,1.6753866666666668,C
01093,石药集团,2013-10-31,66.2093,5.06,-0.08107911424783375,0.6666666666666666,1.1618828932261767,T3,1.41168203190105,1.1465413859875393,↑,↑,VP_EXPANSION,16.73544411425503,CBI_TURBULENT,COST_DISADVANTAGE,-0.5832271150651571,-0.7799220562159158,-0.540197156701985,Improving,-0.7799220562159158,13.084841897233202,C
01093,石药集团,2013-11-30,13.1165,3.37,-0.4194348661534698,0.4166666666666667,0.8768430182133564,T3,1.1504055115454113,0.7073467292893378,↑,↓,VP_NEUTRAL,25.332252161948716,CBI_TURBULENT,COST_DISADVANTAGE,-0.5750975966812051,-0.77646719061636,-0.4884752682401855,Stable,-0.77646719061636,3.8921364985163205,C
01093,石药集团,2013-12-31,52.1336,2.53,-0.5870187793263185,0.08333333333333333,0.7404878048780485,T2,0.9170015768781153,-0.008859235133707344,→,↓,VP_NEUTRAL,36.36401961552255,CBI_ACTIVE,COST_DISADVANTAGE,-0.4325133092985597,-0.6950302333092864,-0.2930888233687927,Stable,-0.6950302333092864,20.60616600790514,C
01093,石药集团,2014-01-31,9.146,4.72,-0.1644271091565397,0.6666666666666666,1.2676812891674123,T3,1.4621411247148117,0.12155585206649322,↑,↑,VP_EXPANSION,17.587953468581375,CBI_TURBULENT,COST_DISADVANTAGE,-0.45984866764291565,-0.7124909496709764,-0.22325979250644168,Improving,-0.7124909496709764,1.93771186440678,C
01093,石药集团,2014-02-28,16.4817,4.65,-0.20316239428456886,0.5833333333333334,1.1586378737541525,T3,1.265100881727637,0.38002224803067475,↑,↑,VP_EXPANSION,20.359888758391758,CBI_TURBULENT,COST_DISADVANTAGE,-0.42277627122628836,-0.6866654457926333,-0.09523990259213144,Improving,-0.6866654457926333,3.5444516129032255,C
01093,石药集团,2014-03-31,-7.8075,7.57,0.27391584877589414,0.9166666666666666,1.6279569892473114,T3,1.6794936768159012,1.983502557655433,↑↑,↑↑,VP_PANIC,9.333774861721036,CBI_TURBULENT,COST_DISADVANTAGE,-0.4438192504067192,-0.7288186256564786,-0.43542333132176336,Deteriorating,-0.7288186256564786,-1.0313738441215323,C
01093,石药集团,2014-04-30,-21.4564,3.71,-0.4943620888421598,0.4166666666666667,0.838418079096045,T3,0.8377554228467072,-0.21442571383391984,↓,↓,VP_DECLINE_SILENT,36.27614308180794,CBI_ACTIVE,COST_DISADVANTAGE,-0.49104229647205366,-0.7231513952082884,-0.4963008746208938,Deteriorating,-0.7231513952082884,-5.783396226415094,C
01093,石药集团,2014-05-31,-5.3077,15.88,8.514164342491732,1.0,2.4393241167434714,T5,2.5140906435616857,2.5979870479415985,↑↑,↑↑,VP_PANIC,9.109522175899501,CBI_TURBULENT,COST_DISADVANTAGE,-0.4851721569056361,-0.731557303615592,-0.5338281273395358,Deteriorating,-0.731557303615592,-0.3342380352644836,C
01093,石药集团,2014-06-30,0.3503,4.77,-0.11392110846870408,0.75,0.6929782082324454,T3,0.7111499825459441,-0.33647384800758295,↓,↓,VP_SHRINK,18.01036932431839,CBI_TURBULENT,COST_DISADVANTAGE,-0.4549670761564848,-0.722159714859659,-0.4746846627256124,Stable,-0.722159714859659,0.07343815513626835,C
01093,石药集团,2014-07-31,-4.5534,5.69,0.09345611249218529,0.8333333333333334,0.8076650106458481,T3,0.8257057082630743,0.6215695216143404,↓,↓,VP_DECLINE_SILENT,15.227297378939614,CBI_TURBULENT,COST_DISADVANTAGE,-0.5093056520028534,-0.7385346754479482,-0.5003545221386714,Deteriorating,-0.7385346754479482,-0.8002460456942003,C
01093,石药集团,2014-08-31,15.4321,17.97,3.5466395195820066,1.0,1.939557474365893,T5,1.9619167805256006,0.13427808958672904,↑↑,↑↑,VP_OVERHEAT,7.9235397970375825,CBI_TURBULENT,COST_DISADVANTAGE,-0.43779583758700247,-0.7071464045943927,-0.4285400344949942,Deteriorating,-0.7071464045943927,0.8587701725097385,C
01093,石药集团,2014-09-30,-2.1751,9.07,0.44210161387459984,0.8333333333333334,0.9532317393589069,T3,0.9583382980131638,0.9078698957373088,→,→,VP_NEUTRAL,13.99818935571949,CBI_TURBULENT,COST_DISADVANTAGE,-0.4826810784126485,-0.7244529737167169,-0.4508760881497258,Stable,-0.7244529737167169,-0.2398125689084895,C
01093,石药集团,2014-10-31,13.9547,5.95,-0.26848991688819496,0.6666666666666666,0.6017191977077364,T3,0.6022097569837612,0.04499553171146076,↓,↓,VP_LOCKED_CANDIDATE,19.496692431437182,CBI_TURBULENT,COST_DISADVANTAGE,-0.3871119189321276,-0.670410749808408,-0.3409917478716611,Improving,-0.670410749808408,2.345327731092437,C
01093,石药集团,2014-11-30,-5.4348,6.11,-0.29154826168349574,0.6666666666666666,0.7397094430992737,T3,0.7419895645995213,-0.6587041298046765,↓,↓,VP_DECLINE_SILENT,19.846622113120215,CBI_TURBULENT,COST_DISADVANTAGE,-0.43071764734278595,-0.70629100655206,-0.37821544037778054,Deteriorating,-0.70629100655206,-0.8894926350245499,C
01093,石药集团,2014-12-31,-1.4847,5.42,-0.5303935515012403,0.4166666666666667,0.647679745070703,T2,0.6473800172348264,-0.4029771856719907,↓,↓,VP_SHRINK,28.1368747427577,CBI_TURBULENT,COST_DISADVANTAGE,-0.38690570842443905,-0.6892110599698198,-0.4211582888356882,Stable,-0.6892110599698198,-0.273929889298893,C
01093,石药集团,2015-01-31,-7.7891,4.09,-0.8448834047604199,0.16666666666666666,0.5048343962147707,T2,0.5048890861022624,-0.3121593200671019,↓,↓,VP_DECLINE_SILENT,37.044217601436706,CBI_ACTIVE,COST_DISADVANTAGE,-0.44549263302596187,-0.7153667228242275,-0.46364982913020014,Deteriorating,-0.7153667228242275,-1.9044254278728607,C
01093,石药集团,2015-02-28,-3.0744,4.63,-0.7073086849354395,0.25,0.7876382194499574,T2,0.7892447663400234,-0.2422049666379057,↓,↓,VP_DECLINE_SILENT,35.19058826909065,CBI_ACTIVE,COST_DISADVANTAGE,-0.46043382580661607,-0.7101895853850442,-0.4943225304023975,Deteriorating,-0.7101895853850442,-0.6640172786177105,C
01093,石药集团,2015-03-31,1.3793,4.78,-0.60289927305102,0.4166666666666667,0.9257585539057456,T2,0.921014061010242,-0.1221631799497529,→,→,VP_NEUTRAL,29.909124472945578,CBI_TURBULENT,COST_DISADVANTAGE,-0.4261148192851033,-0.7044361264812065,-0.4306456640388333,Stable,-0.7044361264812065,0.28855648535564854,C
01093,石药集团,2015-04-30,41.6097,39.31,6.940017347257491,1.0,3.6658377370220703,T5,3.665343514736083,8.608604864490955,↑↑,↑↑,VP_OVERHEAT,7.229900456482085,CBI_TURBULENT,COST_DISADVANTAGE,-0.3468452501009468,-0.6352710024282175,-0.197958203868414,Deteriorating,-0.6352710024282175,1.0585016535232763,C
01093,石药集团,2015-05-31,-1.3143,6.21,-0.3568916567607851,0.75,0.5782122905027933,T3,0.5773258364111814,0.3346755940419823,↓,↓,VP_SHRINK,15.637835010891955,CBI_TURBULENT,COST_DISADVANTAGE,-0.34625939897909186,-0.6534654642723944,-0.19468091569699975,Stable,-0.6534654642723944,-0.2116425120772947,C
01093,石药集团,2015-06-30,-9.6544,5.76,-0.41702415018870254,0.5,0.5334979932077801,T3,0.535387480909716,0.21527697348284636,↓,↓,VP_DECLINE_SILENT,23.760156077182124,CBI_TURBULENT,COST_DISADVANTAGE,-0.36655238611235597,-0.6654234381332054,-0.3467696787202865,Deteriorating,-0.6654234381332054,-1.6761111111111113,C
01093,石药集团,2015-07-31,-12.2018,6.48,-0.3457489932855717,0.75,0.5788298347476553,T3,0.5783562470428887,-0.8353070336709911,↓,↓,VP_DECLINE_SILENT,14.885297905425123,CBI_TURBULENT,COST_DISADVANTAGE,-0.38976828584761425,-0.6881827513075617,-0.4217263125895281,Deteriorating,-0.6881827513075617,-1.8829938271604938,C
01093,石药集团,2015-08-31,1.6757,4.91,-0.4105564708541151,0.3333333333333333,0.436767976278725,T3,0.4355885994421062,-0.2104286597392948,↓,↓,VP_LOCKED_CANDIDATE,28.228419552115337,CBI_TURBULENT,COST_DISADVANTAGE,-0.35339925023542773,-0.6794107755009698,-0.4217263125895281,Improving,-0.6794107755009698,0.34128309572301424,C
01093,石药集团,2015-09-30,-4.9726,4.23,-0.43866591888749945,0.16666666666666666,0.37937219730941707,T3,0.38070257353939124,-0.26563563911730925,↓,↓,VP_DECLINE_SILENT,33.78164432627805,CBI_ACTIVE,COST_DISADVANTAGE,-0.4132377513511477,-0.6917376289888346,-0.43010146291334106,Deteriorating,-0.6917376289888346,-1.1755555555555555,C
01093,石药集团,2015-10-31,9.8625,3.06,-0.5395158250091283,0.08333333333333333,0.599021207177814,T2,0.6016271314268169,-0.5250259740810703,↓,↓,VP_LOCKED_CANDIDATE,37.648991033980074,CBI_ACTIVE,COST_DISADVANTAGE,-0.3812996033366305,-0.6740995895562526,-0.3660802158282339,Improving,-0.6740995895562526,3.2230392156862746,C
01093,石药集团,2015-11-30,0.6873,4.49,-0.3618714600913424,0.3333333333333333,0.9312132734185967,T3,0.9322100731110617,-0.08032975980439894,→,→,VP_NEUTRAL,29.48489919263873,CBI_TURBULENT,COST_DISADVANTAGE,-0.37781798045158654,-0.6690216414148198,-0.3586931488568754,Stable,-0.6690216414148198,0.15307349665924275,C
01093,石药集团,2015-12-31,13.2683,4.72,-0.32929445093536397,0.5,1.0154177124417354,T3,1.0169503852137596,0.11484605240338563,→,→,VP_STABLE_ASCENT,24.042618930967677,CBI_TURBULENT,COST_DISADVANTAGE,-0.3415324351473744,-0.6573266791895065,-0.3033350909124227,Improving,-0.6573266791895065,2.8110805084745762,C
01093,石药集团,2016-01-31,-26.9087,5.34,-0.27329438205602263,0.6666666666666666,1.1977570093457945,T3,1.1951138246759057,0.7348226407470551,↑,↑,VP_SELLING_ACTIVE,18.73864119994142,CBI_TURBULENT,COST_DISADVANTAGE,-0.4392183684096891,-0.7319909755576056,-0.4907984403263329,Deteriorating,-0.7319909755576056,-5.039082397003745,C
01093,石药集团,2016-02-29,-0.8399,4.75,-0.3399277688310857,0.4166666666666667,1.0718315156073712,T3,1.0729245629291997,0.05896610226210708,→,→,VP_NEUTRAL,27.657039564325366,CBI_TURBULENT,COST_DISADVANTAGE,-0.4644630526583978,-0.7182169736859032,-0.53825091542137,Stable,-0.7182169736859032,-0.17682105263157893,C
01093,石药集团,2016-03-31,24.8159,7.46,-0.06607051900659491,0.9166666666666666,1.5010060362173039,T3,1.49863113451638,0.5764935330053367,↑,↑↑,VP_NEUTRAL,10.19585347394163,CBI_TURBULENT,COST_DISADVANTAGE,-0.3777344393030716,-0.6618608627498832,-0.3674772176960508,Stable,-0.6618608627498832,3.326528150134048,C
01093,石药集团,2016-04-30,-3.7236,4.32,-0.7794271525258397,0.25,0.8339768339768341,T2,0.8320931307800445,-0.19125793247311984,↓,↓,VP_DECLINE_SILENT,47.54230317564636,CBI_ACTIVE,COST_DISADVANTAGE,-0.3937530872452828,-0.6920755264018101,-0.38384299100123687,Deteriorating,-0.6920755264018101,-0.8619444444444443,C
01093,石药集团,2016-05-31,4.1007,4.54,-0.4474395537438534,0.4166666666666667,0.8750401541920977,T3,0.872212379633908,-0.05043219403973387,↓,↓,VP_LOCKED_CANDIDATE,42.441130520645245,CBI_ACTIVE,COST_DISADVANTAGE,-0.3745421942957504,-0.6726052634364734,-0.35857653396866873,Improving,-0.6726052634364734,0.903237885462555,C
01093,石药集团,2016-06-30,-1.6115,3.23,-1.5260707312381734,0.16666666666666666,0.6538461538461537,T1,0.6577273377767613,-0.5643117684605585,↓,↓,VP_DECLINE_SILENT,49.54552335712117,CBI_ACTIVE,COST_DISADVANTAGE,-0.36747997037606006,-0.6786752187980153,-0.3866119092485263,Deteriorating,-0.6786752187980153,-0.4989164086687306,C
01093,石药集团,2016-07-31,-4.5041,2.96,-1.5274514402937776,0.08333333333333333,0.6515040352164343,T1,0.6483849364436465,-0.317092826104459,↓,↓,VP_DECLINE_SILENT,53.292487282473964,CBI_STABLE,COST_DISADVANTAGE,-0.4156040444850041,-0.6973301755684971,-0.4142394893142204,Deteriorating,-0.6973301755684971,-1.5216554054054054,C
01093,石药集团,2016-08-31,17.4338,4.39,-0.061580454413748466,0.5,0.9791821561338289,T3,0.9861664971868614,-0.02229240532160981,→,→,VP_STABLE_ASCENT,39.52125764210716,CBI_ACTIVE,COST_DISADVANTAGE,-0.3519194356063886,-0.65506511194476,-0.29507810862683226,Improving,-0.65506511194476,3.9712528473804105,C
01093,石药集团,2016-09-30,3.8869,3.15,-1.1125515102699626,0.25,0.8366533864541832,T2,0.8579416321527575,-0.0010205542537696788,↓,↓,VP_LOCKED_CANDIDATE,48.3477918581402,CBI_ACTIVE,COST_DISADVANTAGE,-0.35277047635629566,-0.6578935680885042,-0.3079714285319126,Improving,-0.6578935680885042,1.2339365079365079,C
01093,石药集团,2016-10-31,2.875,3.63,-0.7230729055159023,0.3333333333333333,0.9945205479452055,T2,1.0079087458852578,0.26056952729015936,→,→,VP_STABLE_ASCENT,46.45042300227327,CBI_ACTIVE,COST_DISADVANTAGE,-0.34990568905438124,-0.662584821994691,-0.27004847204556615,Improving,-0.662584821994691,0.7920110192837466,C
01093,石药集团,2016-11-30,4.623,5.84,1.183678662915482,0.9166666666666666,1.5103448275862068,T4,1.521286488628138,0.3496859724661261,↑↑,↑↑,VP_OVERHEAT,26.325668597930164,CBI_TURBULENT,COST_DISADVANTAGE,-0.2879383835476188,-0.6361628698795736,-0.23055628977357767,Deteriorating,-0.6361628698795736,0.7916095890410959,C
01093,石药集团,2016-12-31,-0.8838,3.79,-0.5638814848512761,0.4166666666666667,0.9570707070707072,T2,0.9630402046185577,0.19554864365246716,→,→,VP_NEUTRAL,42.70313728468357,CBI_ACTIVE,COST_DISADVANTAGE,-0.31513706986374945,-0.6498927724278503,-0.31775664185053787,Stable,-0.6498927724278503,-0.23319261213720316,C
01093,石药集团,2017-01-31,9.5502,3.63,-0.5852129343372837,0.4166666666666667,0.8915268112975849,T2,0.8950227652578744,0.002706679591092831,↓,↓,VP_LOCKED_CANDIDATE,42.644798774185475,CBI_ACTIVE,COST_DISADVANTAGE,-0.30785919138440165,-0.6279863448410248,-0.25926527026707924,Improving,-0.6279863448410248,2.630909090909091,C
01093,石药集团,2017-02-28,16.996,6.35,1.635775226393492,0.9166666666666666,1.4437286851079956,T5,1.4438555875160834,0.08986292398460116,↑,↑,VP_EXPANSION,24.600921348884587,CBI_TURBULENT,COST_DISADVANTAGE,-0.28948557941105,-0.6185372592883834,-0.168954592542219,Stable,-0.6185372592883834,2.676535433070866,C
01093,石药集团,2017-03-31,9.8116,6.31,2.06404855425666,0.9166666666666666,1.281218274111675,T5,1.2799804700231627,0.6626127764766359,↑,↑,VP_EXPANSION,26.803629617819617,CBI_TURBULENT,COST_DISADVANTAGE,-0.25327638715562717,-0.604781807381944,-0.19824259510425124,Stable,-0.604781807381944,1.5549286846275754,C
01093,石药集团,2017-04-30,7.9928,4.15,-0.16318169707081762,0.5833333333333334,0.8280678417026938,T3,0.8286066349494011,0.1420054711802483,↓,↓,VP_LOCKED_CANDIDATE,37.518479792154096,CBI_ACTIVE,COST_DISADVANTAGE,-0.24883039073784918,-0.5945277351993461,-0.13194263561082398,Improving,-0.5945277351993461,1.9259759036144577,C
01093,石药集团,2017-05-31,11.7952,4.93,0.5115446069859706,0.75,1.0144032921810697,T4,1.0143044607426666,-0.22416365235887203,→,→,VP_STABLE_ASCENT,32.335038050997994,CBI_ACTIVE,COST_DISADVANTAGE,-0.199327941706548,-0.5792496211767404,-0.027258489042254697,Stable,-0.5792496211767404,2.3925354969574038,C
01093,石药集团,2017-06-30,-2.0009,3.98,-0.41631304107044,0.5,0.8136286201022147,T3,0.8141795874888974,-0.3678052815344358,↓,↓,VP_DECLINE_SILENT,41.34390946651401,CBI_ACTIVE,COST_DISADVANTAGE,-0.24103501791195214,-0.6049622484742023,-0.20490098205746698,Deteriorating,-0.6049622484742023,-0.5027386934673367,C
01093,石药集团,2017-07-31,9.5561,3.48,-0.9969968379801396,0.16666666666666666,0.715068493150685,T2,0.7174551393092049,-0.15859575408554538,↓,↓,VP_LOCKED_CANDIDATE,52.79963982223057,CBI_STABLE,COST_DISADVANTAGE,-0.21633228815077876,-0.5744547596662835,-0.1347858210486338,Improving,-0.5744547596662835,2.746005747126437,C
01093,石药集团,2017-08-31,-2.0253,4.09,-0.3431291114400908,0.5833333333333334,0.9109131403118041,T3,0.911685303902794,-0.16919767249779505,→,→,VP_NEUTRAL,40.35515637259388,CBI_ACTIVE,COST_DISADVANTAGE,-0.2303959602232558,-0.5921547675312062,-0.1311591747895563,Stable,-0.5921547675312062,-0.4951833740831296,C
01093,石药集团,2017-09-30,9.1217,4.27,-0.27645717829090916,0.6666666666666666,1.0289156626506024,T3,1.0242625817783588,0.06732384466967223,→,→,VP_STABLE_ASCENT,38.981564639937,CBI_ACTIVE,COST_DISADVANTAGE,-0.18660756839684067,-0.5666546005048168,-0.14336273580283332,Improving,-0.5666546005048168,2.1362295081967217,C
01093,石药集团,2017-10-31,4.5629,6.5,1.8438140435933947,1.0,1.4311926605504586,T5,1.4479780913946292,0.889867788418711,↑,↑,VP_EXPANSION,26.92034944786758,CBI_TURBULENT,COST_DISADVANTAGE,-0.18971618973341264,-0.571560659250778,-0.10427543592159738,Stable,-0.571560659250778,0.7019846153846154,C
01093,石药集团,2017-11-30,16.1496,7.87,2.885682983252144,1.0,1.564094070884399,T5,1.5947527385681326,0.9821605233212896,↑↑,↑↑,VP_OVERHEAT,22.184384953570767,CBI_TURBULENT,COST_NEUTRAL,-0.19069823286730492,-0.5626876578847162,0.05363725559859578,Deteriorating,-0.5626876578847162,2.052045743329098,C
01093,石药集团,2017-12-31,1.6837,5.05,-0.0006531011353297085,0.6666666666666666,0.9692898272552782,T3,0.9825592766779534,0.2233761177295832,→,→,VP_STABLE_ASCENT,33.231866372439455,CBI_ACTIVE,COST_DISADVANTAGE,-0.16805286389439722,-0.5574943161872757,-0.10520943595828713,Improving,-0.5574943161872757,0.3334059405940594,C
01093,石药集团,2018-01-31,11.1143,8.28,2.3518986491327674,1.0,1.3777038269550745,T5,1.3938816352212675,0.2958106372913649,↑,↑,VP_EXPANSION,20.36297892379758,CBI_TURBULENT,COST_NEUTRAL,-0.169903561317589,-0.5620072624592652,0.001749552306975044,Stable,-0.5620072624592652,1.3423067632850243,C
01093,石药集团,2018-02-28,4.5802,6.31,0.609122097360821,0.75,0.9890282131661443,T4,0.9971894150158962,-0.19645794373777548,→,→,VP_STABLE_ASCENT,27.789105184014712,CBI_TURBULENT,COST_NEUTRAL,-0.12650153825837573,-0.5202290101742235,0.05048542180815763,Stable,-0.5202290101742235,0.7258637083993661,C
01093,石药集团,2018-03-31,18.4679,10.96,3.5764168859328227,1.0,1.4623082054703136,T5,1.4652441755728807,1.1742131490958378,↑,↑,VP_EXPANSION,14.681123869992525,CBI_TURBULENT,COST_DISADVANTAGE,-0.14182815087216005,-0.5263999726946968,-0.010871799489697742,Stable,-0.5263999726946968,1.6850273722627735,C
01093,石药集团,2018-04-30,-2.4942,7.79,0.8289906060624253,0.75,1.0103761348897535,T4,1.011526185693177,-0.058817376332925275,→,→,VP_NEUTRAL,22.448236609671085,CBI_TURBULENT,COST_DISADVANTAGE,-0.12816282613617747,-0.5646033830688363,-0.046071721804729515,Stable,-0.5646033830688363,-0.3201797175866496,C
01093,石药集团,2018-05-31,24.8079,15.22,4.047357486185809,1.0,1.7034135422495802,T5,1.7037998306390882,1.4098233782201244,↑↑,↑↑,VP_OVERHEAT,10.779764212226855,CBI_TURBULENT,COST_NEUTRAL,-0.07357069463379429,-0.4980174324988712,0.19731653160658147,Deteriorating,-0.4980174324988712,1.6299540078843626,C
01093,石药集团,2018-06-30,-4.4879,13.05,1.7660238674412647,0.9166666666666666,1.270897581561435,T5,1.2691670876463774,0.18989760165399083,↑,↑,VP_SELLING_ACTIVE,12.948070255560953,CBI_TURBULENT,COST_DISADVANTAGE,-0.07997022314819602,-0.5448199020595414,-0.07713353062606054,Deteriorating,-0.5448199020595414,-0.3439003831417624,C
01093,石药集团,2018-07-31,-12.141,11.22,0.9021022700694276,0.8333333333333334,1.04291247095275,T4,1.0423619712548278,0.43784298884354445,→,→,VP_NEUTRAL,16.05657021337834,CBI_TURBULENT,COST_DISADVANTAGE,-0.15347499568576561,-0.5691301403134142,-0.21579654812037719,Stable,-0.5691301403134142,-1.0820855614973262,C
01093,石药集团,2018-08-31,-4.9234,12.97,1.2808333882868443,0.8333333333333334,1.0928240415671957,T4,1.0928174132628066,-0.14842091667338642,→,→,VP_NEUTRAL,16.220254471547413,CBI_TURBULENT,COST_DISADVANTAGE,-0.14091524644157827,-0.5327239827492096,-0.24617590069266138,Stable,-0.5327239827492096,-0.3795990747879722,C
01093,石药集团,2018-09-30,-19.1236,13.47,1.243502595051777,0.9166666666666666,1.0963103635377103,T4,1.0976841444853531,0.03486405448853236,→,→,VP_NEUTRAL,14.141579219303223,CBI_TURBULENT,COST_DISADVANTAGE,-0.15737418310660078,-0.5688621150465607,-0.26482464495037594,Stable,-0.5688621150465607,-1.4197178916109874,C
01093,石药集团,2018-10-31,-0.4195,9.81,-0.12310588964227691,0.5,0.7771322946923686,T3,0.7783206006572067,-0.1236139511948795,↓,↓,VP_SHRINK,28.23285979186237,CBI_TURBULENT,COST_DISADVANTAGE,-0.15749234052900563,-0.5412738169525182,-0.2689966980394294,Stable,-0.5412738169525182,-0.0427624872579001,C
01093,石药集团,2018-11-30,-4.2699,10.79,0.1346450301484496,0.5,0.9078670593184686,T3,0.906781646768031,-0.16892264095747878,→,→,VP_NEUTRAL,28.892113793249052,CBI_TURBULENT,COST_DISADVANTAGE,-0.16538711236792458,-0.5927068252775621,-0.3051544914778921,Stable,-0.5927068252775621,-0.39572752548656165,C
01093,石药集团,2018-12-31,-36.3661,17.93,2.7283793279660196,1.0,1.411996324977031,T5,1.4111995303321343,0.3285922420026641,↑,↑,VP_SELLING_ACTIVE,11.27719566687431,CBI_TURBULENT,COST_DISADVANTAGE,-0.19175656583642897,-0.6337261720954925,-0.3984032062769044,Deteriorating,-0.6337261720954925,-2.028226436140547,C
01093,石药集团,2019-01-31,26.8739,16.74,1.5903747907196402,0.9166666666666666,1.2292253090197036,T5,1.2275206443189772,0.7007225068503757,↑,↑,VP_EXPANSION,13.024900953787217,CBI_TURBULENT,COST_DISADVANTAGE,-0.14434917362268673,-0.5243655896533261,-0.25222687950833356,Stable,-0.5243655896533261,1.6053703703703706,C
01093,石药集团,2019-02-28,-1.7845,10.64,-0.7196464906361701,0.25,0.8042328042328042,T2,0.8033741641859008,-0.01408893382085763,↓,↓,VP_DECLINE_SILENT,35.96412925726873,CBI_ACTIVE,COST_DISADVANTAGE,-0.17055571176869744,-0.5734940617955846,-0.2562548494015119,Deteriorating,-0.5734940617955846,-0.16771616541353382,C
01093,石药集团,2019-03-31,10.9189,11.54,-0.39600107146111657,0.5,0.8939961265332473,T3,0.8939582855231405,-0.3565453734991919,↓,↓,VP_LOCKED_CANDIDATE,27.94773911814346,CBI_TURBULENT,COST_DISADVANTAGE,-0.15049726741269198,-0.5466782604509404,-0.06418319847393783,Improving,-0.5466782604509404,0.9461785095320625,C
01093,石药集团,2019-04-30,1.2852,9.21,-1.5230556227787733,0.08333333333333333,0.7190631099544569,T1,0.7188106883294915,-0.44976241851552057,↓,↓,VP_SHRINK,42.23128750838659,CBI_ACTIVE,COST_DISADVANTAGE,-0.1497213584849647,-0.5712922525115438,-0.024238899653090007,Stable,-0.5712922525115438,0.13954397394136805,C
01093,石药集团,2019-05-31,-17.836,10.91,-0.6006881578219069,0.4166666666666667,0.8504612186566195,T2,0.8522000954578735,0.028144117775006583,↓,↓,VP_DECLINE_SILENT,31.739409224355708,CBI_ACTIVE,COST_DISADVANTAGE,-0.19645025200373,-0.6042505375512075,-0.20081923170982696,Deteriorating,-0.6042505375512075,-1.6348304307974333,C
01093,石药集团,2019-06-30,0.3903,8.97,-1.2506427806763127,0.08333333333333333,0.7913542126157918,T2,0.7900202189733072,-0.22428141947104796,↓,↓,VP_SHRINK,43.20692213440122,CBI_ACTIVE,COST_DISADVANTAGE,-0.16536484047259226,-0.5489811794702013,-0.24420122572458125,Stable,-0.5489811794702013,0.043511705685618726,C
01093,石药集团,2019-07-31,7.6551,12.18,0.032302862438950405,0.6666666666666666,1.15177304964539,T3,1.1512488323109906,0.3224289747717035,↑,↑,VP_EXPANSION,25.286458371233582,CBI_TURBULENT,COST_DISADVANTAGE,-0.15216096531276202,-0.5471071755277097,-0.15967938538717097,Improving,-0.5471071755277097,0.6284975369458128,C
01093,石药集团,2019-08-31,15.6513,17.52,1.9646103895926634,0.9166666666666666,1.494667993743779,T5,1.4932451174067451,0.6002181557494009,↑,↑,VP_EXPANSION,14.857525641395227,CBI_TURBULENT,COST_DISADVANTAGE,-0.14817021914657913,-0.510634789387203,-0.019742563636491628,Stable,-0.510634789387203,0.8933390410958905,C
01093,石药集团,2019-09-30,-1.0269,10.95,-0.4479130375807518,0.5833333333333334,0.9420705477487812,T3,0.9442404004664343,0.22577214654676947,→,→,VP_NEUTRAL,25.908440407381914,CBI_TURBULENT,COST_DISADVANTAGE,-0.1326804050570578,-0.5519463497721542,-0.06013540757602187,Stable,-0.5519463497721542,-0.09378082191780822,C
01093,石药集团,2019-10-31,33.2334,12.69,0.06403420166951863,0.75,1.0398798142583994,T3,1.039864661078693,0.0424924086084999,→,→,VP_STABLE_ASCENT,19.736347708125436,CBI_TURBULENT,COST_NEUTRAL,0.022943841176868096,-0.4625034407705806,0.2466964526851887,Improving,-0.4625034407705806,2.6188652482269505,C
01093,石药集团,2019-11-30,-11.0624,14.49,0.591416411652703,0.75,1.13203125,T4,1.1326632979376574,-0.17157463757265068,↑,↑,VP_SELLING_ACTIVE,19.58720066360852,CBI_TURBULENT,COST_NEUTRAL,-0.17236792281434887,-0.5966649926747891,0.08466465185939476,Deteriorating,-0.5966649926747891,-0.7634506556245687,C
01093,石药集团,2019-12-31,5.0068,9.89,-0.9140121229646312,0.25,0.7635100360267628,T2,0.7632717552565523,-0.099166862556744,↓,↓,VP_LOCKED_CANDIDATE,36.85253207494661,CBI_ACTIVE,COST_DISADVANTAGE,-0.12239367336293727,-0.5222046725785258,-0.11953049305611485,Improving,-0.5222046725785258,0.5062487360970678,C
01093,石药集团,2020-01-31,-7.9404,11.5,-0.09525162845692836,0.5833333333333334,0.8956386292834893,T3,0.8953643366581867,-0.09407133513420918,↓,↓,VP_DECLINE_SILENT,27.36112936414571,CBI_TURBULENT,COST_DISADVANTAGE,-0.15668992887241429,-0.574219873569157,-0.18839634057515509,Deteriorating,-0.574219873569157,-0.6904695652173913,C
01093,石药集团,2020-02-29,3.045,9.88,-0.8177410415139991,0.25,0.854178674351585,T2,0.8519557725154182,-0.3201888519691949,↓,↓,VP_LOCKED_CANDIDATE,38.810359111801425,CBI_ACTIVE,COST_DISADVANTAGE,-0.14265490118471946,-0.5707195376474721,-0.16368322112012423,Improving,-0.5707195376474721,0.3081983805668016,C
01093,石药集团,2020-03-31,-15.182,14.99,1.3798299126315998,0.9166666666666666,1.2246732026143792,T4,1.2251639198694257,0.5162505489272642,↑,↑,VP_SELLING_ACTIVE,15.650752364403433,CBI_TURBULENT,COST_DISADVANTAGE,-0.14735394205577235,-0.5710269790587872,-0.24472731493559186,Deteriorating,-0.5710269790587872,-1.0128085390260173,C
01093,石药集团,2020-04-30,2.6489,10.76,-0.5774447119005239,0.3333333333333333,0.90281079569291,T2,0.902131097489529,-0.06531964629585596,→,→,VP_STABLE_ASCENT,35.71534938871853,CBI_ACTIVE,COST_DISADVANTAGE,-0.1651376459934497,-0.5675372834175347,-0.2516013656664583,Improving,-0.5675372834175347,0.2461802973977695,C
01093,石药集团,2020-05-31,1.4133,13.34,0.4764997301195873,0.75,1.13757816941444,T3,1.1367914165808382,0.35150971090585337,↑,↑,VP_DIVERGENCE_HIGH,22.168743112659563,CBI_TURBULENT,COST_DISADVANTAGE,-0.17672838379464384,-0.568612607606904,-0.26404012413183564,Deteriorating,-0.568612607606904,0.10594452773613193,C
01093,石药集团,2020-06-30,17.7875,13.32,0.3348249782284599,0.6666666666666666,1.0830735872069386,T3,1.1503947846392797,-0.04414439438365847,↑,→,VP_NEUTRAL,25.249580980956164,CBI_TURBULENT,COST_DISADVANTAGE,-0.09923371060554997,-0.46655220204524117,-0.025862009859320856,Stable,-0.46655220204524117,1.335397897897898,C
01093,石药集团,2020-07-31,12.8672,15.86,1.4081937351217406,0.9166666666666666,1.217658349328215,T4,1.3878370474785122,0.7708011050921459,↑,↑,VP_EXPANSION,16.2346347633164,CBI_TURBULENT,COST_NEUTRAL,-0.07586432993904757,-0.41797934323079666,0.09608581317732123,Stable,-0.41797934323079666,0.8112988650693569,C
01093,石药集团,2020-08-31,6.4495,10.24,-1.1513108050762875,0.25,0.7825754680932366,T2,0.8689867813227814,-0.07915677306916902,↓,↓,VP_LOCKED_CANDIDATE,39.685791339249214,CBI_ACTIVE,COST_NEUTRAL,-0.07541718367624284,-0.4031113614649888,0.16831552080020895,Improving,-0.4031113614649888,0.6298339843749999,C
01093,石药集团,2020-09-30,-12.2097,7.69,-2.337061627732186,0.08333333333333333,0.6479427046763095,T1,0.702044646915939,-0.355562867707633,↓,↓,VP_DECLINE_SILENT,44.44803637632754,CBI_ACTIVE,COST_DISADVANTAGE,-0.12799139813203997,-0.47349638343931977,-0.15825658158156974,Deteriorating,-0.47349638343931977,-1.5877373211963588,C
01093,石药集团,2020-10-31,-19.2547,6.48,-2.252294224489583,0.08333333333333333,0.5809054235768714,T1,0.8433049771176604,-0.41410548103777856,↓,↓,VP_DECLINE_SILENT,43.00473915335829,CBI_ACTIVE,COST_DISADVANTAGE,-0.14176279444036233,-0.29063017074012365,-0.27965703869637626,Deteriorating,-0.29063017074012365,-2.971404320987654,C
01093,石药集团,2020-11-30,-8.3916,14.44,1.1453127087707904,0.8333333333333334,1.2735557842128473,T4,1.7730951277589913,1.257670165489289,↑↑,↑,VP_NEUTRAL,18.75984435681572,CBI_TURBULENT,COST_DISADVANTAGE,-0.15535356224760732,-0.1817766219324869,-0.34010539908549164,Stable,-0.1817766219324869,-0.5811357340720222,C
01093,石药集团,2020-12-31,5.4962,16.21,1.5774341342350535,1.0,1.371404399323181,T5,1.6888955121781986,2.366932689631363,↑↑,↑,VP_NEUTRAL,13.216613175853956,CBI_TURBULENT,COST_DISADVANTAGE,-0.09980740617154293,-0.09573808264906936,-0.13926709555508676,Stable,-0.09573808264906936,0.3390623072177668,C
01093,石药集团,2021-01-31,-0.7194,11.74,-0.11748674613771477,0.5,1.0544910179640719,T3,1.1874653156450101,1.0234035633128067,↑,→,VP_NEUTRAL,29.478254494818643,CBI_TURBULENT,COST_DISADVANTAGE,-0.16745215257505708,-0.16999356321936732,-0.14051272928076675,Stable,-0.16999356321936732,-0.06127768313458263,C
01093,石药集团,2021-02-28,3.5088,10.05,-0.7251306832279326,0.25,0.9052694790571987,T2,0.9559366015808125,-0.3037404886864776,→,→,VP_STABLE_ASCENT,37.642505453286525,CBI_ACTIVE,COST_DISADVANTAGE,-0.1529256236435348,-0.15755993578664096,-0.11809132221852592,Improving,-0.15755993578664096,0.3491343283582089,C
01093,石药集团,2021-03-31,16.7131,15.55,1.2378188593245278,0.8333333333333334,1.2528534980529071,T4,1.2651762573201446,-0.03946168417304141,↑,↑,VP_EXPANSION,17.999411749291344,CBI_TURBULENT,COST_DISADVANTAGE,-0.0803226098453097,-0.08309891605579234,-0.034763171091269696,Stable,-0.08309891605579234,1.074797427652733,C
01093,石药集团,2021-04-30,1.5348,5.99,-1.9848621083833933,0.08333333333333333,0.48580697485806984,T1,0.4843016495555575,-0.49214218449344704,↓,↓,VP_LOCKED_CANDIDATE,42.56902218133239,CBI_ACTIVE,COST_DISADVANTAGE,-0.11620914328007526,-0.10542618103821955,-0.009422824747603809,Improving,-0.10542618103821955,0.25622704507512517,C
01093,石药集团,2021-05-31,31.4252,10.04,-0.431498931722592,0.3333333333333333,0.8657660247197471,T3,0.8658454835694805,-0.0005433677034449858,↓,↓,VP_LOCKED_CANDIDATE,33.28153346213111,CBI_ACTIVE,COST_ADVANTAGE,-0.03293877228622122,0.03569997029432992,0.2958131653010996,Improving,0.03569997029432992,3.1300000000000003,C
01093,石药集团,2021-06-30,-8.0285,8.0,-0.9190232563041689,0.3333333333333333,0.7821411112921622,T2,0.781623742908602,-0.4862911697701804,↓,↓,VP_DECLINE_SILENT,33.27282117255896,CBI_ACTIVE,COST_DISADVANTAGE,-0.1023597257179708,-0.1305712166416897,-0.052686916033827025,Deteriorating,-0.1305712166416897,-1.0035625,C
01093,石药集团,2021-07-31,-8.787,9.91,-0.19913510285002506,0.4166666666666667,0.9986563654685925,T3,0.9988995217963134,0.6598521858942559,→,→,VP_NEUTRAL,31.093466048806597,CBI_ACTIVE,COST_DISADVANTAGE,-0.061138284617219596,-0.08024166053312576,-0.12251794841154684,Stable,-0.08024166053312576,-0.8866801210898083,C
01093,石药集团,2021-08-31,-4.7923,7.64,-0.8593035673365719,0.25,0.8023805356205146,T2,0.8024585230905532,-0.23918445633659646,↓,↓,VP_DECLINE_SILENT,36.01499836475534,CBI_ACTIVE,COST_DISADVANTAGE,-0.12165068144183167,-0.1478042197032191,-0.178566540188401,Deteriorating,-0.1478042197032191,-0.6272643979057592,C
01093,石药集团,2021-09-30,-3.8505,5.23,-1.5667241116358053,0.08333333333333333,0.6703695791497544,T1,0.6706708772939083,-0.3458914911579709,↓,↓,VP_DECLINE_SILENT,41.860969133972205,CBI_ACTIVE,COST_DISADVANTAGE,-0.10011063770413586,-0.1168252523292993,-0.17109046848698906,Deteriorating,-0.1168252523292993,-0.7362332695984702,C
01093,石药集团,2021-10-31,-11.8501,5.77,-1.315415224317967,0.16666666666666666,0.7430779137153896,T2,0.7424504871816928,-0.41839994673582537,↓,↓,VP_DECLINE_SILENT,38.693895931708816,CBI_ACTIVE,COST_DISADVANTAGE,-0.130557964234448,-0.16735178526260952,-0.28825082629801535,Deteriorating,-0.16735178526260952,-2.053743500866551,C
01093,石药集团,2021-11-30,-1.3643,5.51,-1.1711346064037491,0.16666666666666666,0.7860199714693294,T2,0.7860052585752036,-0.2789860089109688,↓,↓,VP_SHRINK,40.22954042021976,CBI_ACTIVE,COST_DISADVANTAGE,-0.11487219846851138,-0.11818761192546257,-0.29410884418856664,Stable,-0.11818761192546257,-0.24760435571687842,C
01093,石药集团,2021-12-31,3.1123,5.84,-0.9357501575527033,0.3333333333333333,0.8781954887218045,T2,0.8807909292686674,0.12028403412408828,↓,↓,VP_LOCKED_CANDIDATE,36.04786923048412,CBI_ACTIVE,COST_DISADVANTAGE,-0.07801606720819398,-0.07771412984096293,-0.09369012917520958,Improving,-0.07771412984096293,0.5329280821917808,C
01093,石药集团,2022-01-31,10.9677,7.37,-0.25968592799311896,0.5,1.1836188436830835,T3,1.1814069642661948,0.2761067372232524,↑,↑,VP_EXPANSION,30.729087112178604,CBI_ACTIVE,COST_NEUTRAL,-0.06603263272336912,-0.07396590607540243,0.02286940801747983,Improving,-0.07396590607540243,1.488154681139756,C
01093,石药集团,2022-02-28,-4.0,3.63,-1.4687832538562098,0.08333333333333333,0.6530734632683658,T2,0.6531619973722171,-0.34097034589192365,↓,↓,VP_DECLINE_SILENT,45.22768674398344,CBI_ACTIVE,COST_DISADVANTAGE,-0.0970385884776106,-0.11053976128656606,-0.0009182526340892894,Deteriorating,-0.11053976128656606,-1.1019283746556474,C
01093,石药集团,2022-03-31,-2.381,8.98,1.1448276666976311,0.8333333333333334,1.4522911051212941,T4,1.4493091569965617,0.5283837628948407,↑,↑,VP_SELLING_ACTIVE,23.11437891918065,CBI_TURBULENT,COST_DISADVANTAGE,-0.09078521865111755,-0.05999767555269697,-0.09516557069842979,Deteriorating,-0.05999767555269697,-0.2651447661469933,C
01093,石药集团,2022-04-30,-10.8241,4.69,-1.2153548424381766,0.16666666666666666,0.7812326485285953,T2,0.7811307364234334,-0.36293346644448976,↓,↓,VP_DECLINE_SILENT,43.97536286500148,CBI_ACTIVE,COST_DISADVANTAGE,-0.09348783699570962,-0.14945099065274148,-0.19999394970287998,Deteriorating,-0.14945099065274148,-2.3079104477611936,C
01093,石药集团,2022-05-31,6.1026,5.43,-0.6359790677508822,0.3333333333333333,0.9065108514190318,T2,0.9061505846084542,0.4938954282807113,→,→,VP_STABLE_ASCENT,39.27571030570275,CBI_ACTIVE,COST_DISADVANTAGE,0.001159161942202891,-0.026231682194321593,-0.1558556848589009,Improving,-0.026231682194321593,1.1238674033149172,C
01093,石药集团,2022-06-30,-7.7326,7.75,0.7679444430653921,0.8333333333333334,1.2285336856010567,T4,1.226060590987864,-0.1381757379600872,↑,↑,VP_SELLING_ACTIVE,22.62936908364867,CBI_TURBULENT,COST_DISADVANTAGE,-0.06016608633541476,-0.05811956775654237,-0.10505389926935915,Deteriorating,-0.05811956775654237,-0.9977548387096774,C
01093,石药集团,2022-07-31,11.2057,6.32,0.10177497634336503,0.6666666666666666,1.0304347826086957,T3,1.028907763619708,0.3432642747519916,→,→,VP_STABLE_ASCENT,31.018324758744626,CBI_ACTIVE,COST_DISADVANTAGE,-0.07687755346793335,-0.0539933063018978,-0.003355478731786321,Improving,-0.0539933063018978,1.7730537974683545,C
01093,石药集团,2022-08-31,-7.5351,4.78,-0.8867347184676312,0.25,0.7557312252964428,T2,0.7531503711148121,-0.12451980025233189,↓,↓,VP_DECLINE_SILENT,44.66804605962393,CBI_ACTIVE,COST_DISADVANTAGE,-0.08217167339192821,-0.11027169641443302,-0.07962929413496589,Deteriorating,-0.11027169641443302,-1.5763807531380751,C
01093,石药集团,2022-09-30,-1.5193,4.85,-0.7930612285536025,0.3333333333333333,0.8604376108811354,T2,0.8604246736365817,-0.37375896956724153,↓,↓,VP_DECLINE_SILENT,42.45052694450692,CBI_ACTIVE,COST_DISADVANTAGE,-0.04376502940339866,-0.06062626118065706,-0.11211052473140692,Deteriorating,-0.06062626118065706,-0.31325773195876294,C
01093,石药集团,2022-10-31,6.7626,6.69,0.5131659696023783,0.75,1.120603015075377,T4,1.122662095932984,0.06105867247823271,↑,↑,VP_EXPANSION,28.947007180026525,CBI_TURBULENT,COST_DISADVANTAGE,-0.11731960449523504,-0.08775927091460445,-0.07599720806550347,Stable,-0.08775927091460445,1.0108520179372196,C
01093,石药集团,2022-11-30,19.8973,13.82,5.17945633130141,1.0,1.8755937570685366,T5,1.8771681671893683,1.9030151031587939,↑↑,↑↑,VP_OVERHEAT,14.203474118543063,CBI_TURBULENT,COST_NEUTRAL,-0.035894760475204235,-0.028740174822475928,0.16309785399840937,Deteriorating,-0.028740174822475928,1.4397467438494935,C
01093,石药集团,2022-12-31,-19.2513,14.18,2.7575509296350256,1.0,1.680094786729858,T5,1.6802796488052474,1.9245660143418144,↑↑,↑↑,VP_PANIC,12.358237839575626,CBI_TURBULENT,COST_DISADVANTAGE,-0.0968179571995662,-0.12859164030716375,-0.15558728787413856,Deteriorating,-0.12859164030716375,-1.3576375176304656,C
01093,石药集团,2023-01-31,10.5333,8.04,0.1933701393854092,0.75,0.9213139801375094,T3,0.9220091802737692,0.20098598265492296,→,→,VP_STABLE_ASCENT,20.33093637094827,CBI_TURBULENT,COST_DISADVANTAGE,-0.11281857844224619,-0.07454314086960634,-0.07282365781147138,Improving,-0.07454314086960634,1.3101119402985077,C
01093,石药集团,2023-02-28,-5.697,5.2,-0.7967880982052615,0.3333333333333333,0.5911330049261084,T2,0.5926488485533083,-0.6226801971022836,↓,↓,VP_DECLINE_SILENT,34.477735067797,CBI_ACTIVE,COST_DISADVANTAGE,-0.10882188917688673,-0.11771716012250633,-0.12986345690871492,Deteriorating,-0.11771716012250633,-1.095576923076923,C
01093,石药集团,2023-03-31,-9.126,8.93,0.45586654674846394,0.8333333333333334,0.9423144565599718,T3,0.940800251698802,-0.37088458194941043,→,→,VP_NEUTRAL,17.929297314494633,CBI_TURBULENT,COST_DISADVANTAGE,-0.07032647759179,-0.11078109160095628,-0.1701864971576016,Stable,-0.11078109160095628,-1.0219484882418812,C
01093,石药集团,2023-04-30,1.6644,5.63,-0.6857765800511427,0.4166666666666667,0.6053763440860216,T2,0.6053356847530588,-0.30010304397701515,↓,↓,VP_LOCKED_CANDIDATE,32.18249341133077,CBI_ACTIVE,COST_DISADVANTAGE,-0.07697417561468889,-0.07037684245136,-0.13967001756226594,Improving,-0.07037684245136,0.29563055062166965,C
01093,石药集团,2023-05-31,-16.6216,5.31,-0.795076819437939,0.3333333333333333,0.6737153732290124,T2,0.6686251440009515,0.009518644359186812,↓,↓,VP_DECLINE_SILENT,35.32804962689615,CBI_ACTIVE,COST_DISADVANTAGE,-0.17585960160648173,-0.1747873541215771,-0.2758204649876099,Deteriorating,-0.1747873541215771,-3.1302448210922793,C
01093,石药集团,2023-06-30,3.6364,6.2,-0.4338014137884675,0.5,0.946324090562198,T3,0.9430075532964605,-0.30842233740793046,→,→,VP_STABLE_ASCENT,30.655230424843865,CBI_ACTIVE,COST_DISADVANTAGE,-0.07640784150299773,-0.07823631145748355,-0.14898144720885742,Improving,-0.07823631145748355,0.586516129032258,C
01093,石药集团,2023-07-31,-5.1037,5.42,-0.6688859475451848,0.4166666666666667,0.8863450531479968,T2,0.8889124333549665,-0.03634248412777552,↓,↓,VP_DECLINE_SILENT,33.78193852980244,CBI_ACTIVE,COST_DISADVANTAGE,-0.07047760432334582,-0.08334039002753035,-0.19241461098767165,Deteriorating,-0.08334039002753035,-0.9416420664206642,C
01093,石药集团,2023-08-31,-9.916,9.3,0.5093871971582827,0.8333333333333334,1.3679823486148568,T4,1.369114530877162,0.7634907587867177,↑,↑,VP_SELLING_ACTIVE,19.475541233495175,CBI_TURBULENT,COST_DISADVANTAGE,-0.061614629499791906,-0.09385254509016538,-0.2724945067048604,Deteriorating,-0.09385254509016538,-1.0662365591397849,C
01093,石药集团,2023-09-30,-1.6575,5.5,-0.8230251549412384,0.3333333333333333,0.8832976445396146,T2,0.8827872996822849,-0.1112286411987613,↓,↓,VP_DECLINE_SILENT,36.6378853306603,CBI_ACTIVE,COST_DISADVANTAGE,-0.06317805443032931,-0.07758236696799303,-0.11525855214079972,Deteriorating,-0.07758236696799303,-0.30136363636363633,C
01093,石药集团,2023-10-31,22.0114,9.14,0.3715858756897462,0.75,1.3418155126009297,T3,1.3408173552218656,0.6774117316392521,↑,↑,VP_EXPANSION,21.403867597788015,CBI_TURBULENT,COST_ADVANTAGE,0.04575012047532834,0.07837108060010078,0.06533473965068493,Improving,0.07837108060010078,2.4082494529540477,C
01093,石药集团,2023-11-30,3.1008,10.3,1.049847464873974,0.9166666666666666,1.3475795900566943,T4,1.3475562459229238,0.10616296408869719,↑,↑,VP_EXPANSION,17.626951500066788,CBI_TURBULENT,COST_NEUTRAL,-0.04258975530599696,-0.04579533919152878,0.10178476184713148,Stable,-0.04579533919152878,0.3010485436893204,C
01093,石药集团,2023-12-31,3.9394,6.74,-0.2344827072055614,0.5833333333333334,0.8715517241379309,T3,0.8719007835267262,0.2272202741088074,↓,↓,VP_LOCKED_CANDIDATE,31.861032309046454,CBI_ACTIVE,COST_NEUTRAL,-0.038742103273123774,-0.0056649311924276136,0.0393735142450391,Improving,-0.0056649311924276136,0.5844807121661721,C
01093,石药集团,2024-01-31,-22.2707,8.86,0.9696116778283986,0.6666666666666666,1.06661316211878,T4,1.0668548425395268,-0.028932965141310052,→,→,VP_NEUTRAL,28.088722340161564,CBI_TURBULENT,COST_DISADVANTAGE,-0.09239961478792369,-0.148563363460956,-0.190924990369022,Stable,-0.148563363460956,-2.5136230248307,C
01093,石药集团,2024-02-29,7.7213,4.7,-1.4802179463587795,0.08333333333333333,0.6233421750663131,T2,0.6254218323739956,-0.5420790404392479,↓,↓,VP_LOCKED_CANDIDATE,47.245727488668734,CBI_ACTIVE,COST_DISADVANTAGE,-0.08363741248922596,-0.0605808535099881,-0.13335036421550672,Improving,-0.0605808535099881,1.6428297872340425,C
01093,石药集团,2024-03-31,0.1742,8.13,0.5900614463779084,0.6666666666666666,1.0190098182577816,T4,1.0186481114842056,0.20502323788097376,→,→,VP_NEUTRAL,27.988476938164812,CBI_TURBULENT,COST_DISADVANTAGE,-0.08770838128087255,-0.08785088350492676,-0.079118213215707,Stable,-0.08785088350492676,0.021426814268142677,C
01093,石药集团,2024-04-30,2.5295,6.89,-0.18518327688049607,0.5833333333333334,0.9061814993423936,T3,0.9041439162531782,-0.22415628294120704,→,→,VP_STABLE_ASCENT,31.89667739008936,CBI_ACTIVE,COST_NEUTRAL,-0.031457419632025974,-0.013096262783718227,-0.026267606321999648,Improving,-0.013096262783718227,0.36712626995645864,C
01093,石药集团,2024-05-31,4.4262,8.42,0.5858569640680243,0.6666666666666666,1.1550068587105626,T4,1.155060750331327,0.7858016640517302,↑,↑,VP_EXPANSION,29.362718881162994,CBI_TURBULENT,COST_NEUTRAL,-0.06383558848959836,-0.05397800993366253,0.020176866402773275,Stable,-0.05397800993366253,0.5256769596199524,C
01093,石药集团,2024-06-30,-7.1651,7.25,-0.1890013387499189,0.5,0.9830508474576272,T3,0.9815400260416058,-0.10959316126451712,→,→,VP_NEUTRAL,35.10377841702092,CBI_ACTIVE,COST_DISADVANTAGE,-0.06404452917573522,-0.10480447321240804,-0.08790318387320517,Stable,-0.10480447321240804,-0.9882896551724137,C
01093,石药集团,2024-07-31,-5.6027,6.26,-0.9159573265332268,0.25,0.9018007202881152,T2,0.9011919130892838,-0.09050630632330481,→,→,VP_NEUTRAL,44.940953601239706,CBI_ACTIVE,COST_DISADVANTAGE,-0.06441010962193383,-0.07799438816988191,-0.14911773529111094,Stable,-0.07799438816988191,-0.8949999999999999,C
01093,石药集团,2024-08-31,-17.9856,13.2,3.590099507751874,1.0,1.5792622133599203,T5,1.576592340447945,0.5622791459108634,↑↑,↑↑,VP_PANIC,16.068906611932185,CBI_TURBULENT,COST_DISADVANTAGE,-0.04877408218815249,-0.11840827453065228,-0.3021541138358752,Deteriorating,-0.11840827453065228,-1.3625454545454547,C
01093,石药集团,2024-09-30,27.2527,17.69,4.397323300796962,1.0,1.7775916931837215,T5,1.7668397810417011,1.4190101742018237,↑↑,↑↑,VP_OVERHEAT,11.932843272937253,CBI_TURBULENT,COST_ADVANTAGE,0.07550525163361943,0.11188011920510066,0.08542157488441848,Deteriorating,0.11188011920510066,1.5405709440361786,C
01093,石药集团,2024-10-31,-2.2491,27.74,5.372814091570537,1.0,2.0660377358490565,T5,2.0514240013795146,3.368366085958364,↑↑,↑↑,VP_PANIC,8.648362161243037,CBI_TURBULENT,COST_NEUTRAL,-0.11338749017194794,-0.14431158910045638,0.05917649362641875,Deteriorating,-0.14431158910045638,-0.08107786589762077,C
01093,石药集团,2024-11-30,1.4286,12.07,0.23791314135087568,0.75,0.8599928749554686,T3,0.8545548343463963,-0.09786780372021009,↓,↓,VP_SHRINK,16.97639933604279,CBI_TURBULENT,COST_DISADVANTAGE,-0.02426925964910409,-0.050044059588722045,-0.06829961534100881,Stable,-0.050044059588722045,0.11835956917978459,C
01093,石药集团,2024-12-31,-6.2124,12.83,0.2851818296724796,0.75,0.8573337788172404,T3,0.8502847957540659,-0.2822569314602176,↓,↓,VP_DECLINE_SILENT,16.97910706445049,CBI_TURBULENT,COST_DISADVANTAGE,-0.02294435870914069,-0.040588097348605245,-0.20266930202585354,Deteriorating,-0.040588097348605245,-0.48420888542478563,C
01093,石药集团,2025-01-31,-5.6277,8.59,-0.44076994431118777,0.5833333333333334,0.5594876248371689,T3,0.5535068261666836,-0.693376723017691,↓,↓,VP_DECLINE_SILENT,22.491611029722094,CBI_TURBULENT,COST_DISADVANTAGE,-0.02764765586232132,-0.02193834461566757,-0.257187640348872,Deteriorating,-0.02193834461566757,-0.6551455180442375,C
01093,石药集团,2025-02-28,6.9606,16.88,0.8507515072402779,0.8333333333333334,1.0572025052192064,T4,1.0446463338747805,0.3787986134688417,→,→,VP_STABLE_ASCENT,14.69249242869444,CBI_TURBULENT,COST_DISADVANTAGE,-0.06188421881384887,-0.04057727926437826,-0.21459518853401371,Stable,-0.04057727926437826,0.4123578199052133,C
01093,石药集团,2025-03-31,4.7619,18.36,0.9561796189230757,0.9166666666666666,1.141909401886597,T4,1.1321530706082896,0.4158094356578179,↑,↑,VP_EXPANSION,13.216873537241671,CBI_TURBULENT,COST_NEUTRAL,-0.010312453173623948,-0.011363704932263907,0.013712974913205667,Stable,-0.011363704932263907,0.2593627450980392,C
01093,石药集团,2025-04-30,23.3129,33.03,3.229604121948871,1.0,1.9475235849056607,T5,1.9425825118860607,2.8280620634940847,↑↑,↑↑,VP_OVERHEAT,9.638797828457434,CBI_TURBULENT,COST_ADVANTAGE,-0.007927649514546387,0.08358170418192801,0.26295232205095687,Deteriorating,0.08358170418192801,0.7058098698153193,C
01093,石药集团,2025-05-31,32.2314,35.35,2.456047538330773,1.0,1.696257197696737,T5,1.6915780060341645,1.090963599525835,↑↑,↑↑,VP_OVERHEAT,7.256029451588655,CBI_TURBULENT,COST_ADVANTAGE,0.06855911128935754,0.20247715163767088,0.6755586362201746,Deteriorating,0.20247715163767088,0.9117793493635078,C
01093,石药集团,2025-06-30,-1.0283,44.91,2.88224718554048,1.0,1.7149949083503053,T5,1.712018916874258,1.4420682341284898,↑↑,↑↑,VP_NEUTRAL,6.464492748251777,CBI_TURBULENT,COST_NEUTRAL,-0.010498497196724799,-0.06682856976559781,0.10506570250493819,Stable,-0.06682856976559781,-0.022896904920953018,C
01093,石药集团,2025-07-31,25.5696,34.11,1.1019558659790145,0.8333333333333334,1.1205650459921157,T4,1.1188183310345872,0.028624259493919002,↑,↑,VP_EXPANSION,11.263954082122938,CBI_TURBULENT,COST_ADVANTAGE,0.13354813497396956,0.11599308208494641,0.42366906088947887,Stable,0.11599308208494641,0.7496218117854002,C
01093,石药集团,2025-08-31,0.7,33.63,0.8763643777399632,0.75,1.011986559004965,T4,1.0114671830310162,-0.049043066949776115,→,→,VP_NEUTRAL,14.02828337193301,CBI_TURBULENT,COST_NEUTRAL,-0.0020415279711321066,-0.010460718368681121,0.44519631483438027,Stable,-0.010460718368681121,0.020814748736247394,C
01093,石药集团,2025-09-30,-6.9513,31.74,0.5717989049560662,0.5833333333333334,0.8950509940311134,T4,0.8953070794500508,-0.29251362883804854,↓,↓,VP_DECLINE_SILENT,19.243239088063124,CBI_TURBULENT,COST_DISADVANTAGE,-0.009179121814992697,-0.08190567898330325,-0.03845596023879605,Deteriorating,-0.08190567898330325,-0.21900756143667297,C
01093,石药集团,2025-10-31,-18.3565,25.67,0.00686116374590821,0.5,0.7498174382941435,T3,0.7501916318627453,-0.24639664826512897,↓,↓,VP_DECLINE_SILENT,22.132841474190098,CBI_TURBULENT,COST_DISADVANTAGE,-0.0031002361447953763,-0.09962732280563158,-0.21496137628887824,Deteriorating,-0.09962732280563158,-0.71509544215037,C
01093,石药集团,2025-11-30,5.1862,17.84,-0.8390464693384264,0.3333333333333333,0.5696647152740819,T2,0.5701557778453593,-0.4690221587082336,↓,↓,VP_LOCKED_CANDIDATE,28.590641534495457,CBI_TURBULENT,COST_NEUTRAL,0.005146963938552407,0.030328682622371206,-0.18828032502549374,Improving,0.030328682622371206,0.29070627802690585,C
01093,石药集团,2025-12-31,6.9797,21.84,-0.5335598229231185,0.4166666666666667,0.7950009100285141,T2,0.793648260405112,-0.31365101655830363,↓,↓,VP_LOCKED_CANDIDATE,26.137739549188215,CBI_TURBULENT,COST_ADVANTAGE,-0.019850366648068607,0.047966355318411535,0.03796523483488601,Improving,0.047966355318411535,0.31958333333333333,C
01093,石药集团,2026-01-31,12.544,25.18,-0.38568216853407933,0.4166666666666667,0.969082745349583,T3,0.9698578232060527,-0.01857575434491454,→,→,VP_STABLE_ASCENT,26.82111486607598,CBI_TURBULENT,COST_NEUTRAL,-0.03564567982824163,-0.003130580506256808,0.18202446671588435,Improving,-0.003130580506256808,0.4981731532962669,C
01093,石药集团,2026-02-28,2.0619,14.81,-1.8371484339693926,0.08333333333333333,0.6482346075284506,T1,0.6485000926448596,-0.169943847426564,↓,↓,VP_LOCKED_CANDIDATE,37.73324783606001,CBI_ACTIVE,COST_NEUTRAL,-0.014224959832353945,-0.0001656310025157648,0.21896273130075583,Improving,-0.0001656310025157648,0.13922349763673195,C
01093,石药集团,2026-03-31,-5.9917,18.86,-1.2042284908599803,0.25,0.9111111111111111,T2,0.9115001652126516,-0.13421882220027648,→,→,VP_NEUTRAL,32.653409793093644,CBI_ACTIVE,COST_NEUTRAL,0.07058454068863407,0.025043264208921334,-0.0377847062912271,Stable,0.025043264208921334,-0.31769353128313893,C
01093,石药集团,2026-04-30,-11.2869,13.53,-1.6198538491278547,0.08333333333333333,0.7244333392825272,T1,0.723638502273809,-0.46374126369764834,↓,↓,VP_DECLINE_SILENT,38.30333772672494,CBI_ACTIVE,COST_DISADVANTAGE,-0.05315760389854518,-0.07080089795651201,-0.11074388790211198,Deteriorating,-0.07080089795651201,-0.8342128603104213,C
01093,石药集团,2026-05-31,-11.2161,15.76,-1.0755788852114883,0.25,0.8597926895799235,T2,0.8604768301709772,0.06430270952842587,↓,↓,VP_DECLINE_SILENT,32.71838627788712,CBI_ACTIVE,COST_NEUTRAL,0.046336125468929845,-0.01311932587167619,-0.20485065838571737,Deteriorating,-0.01311932587167619,-0.7116814720812183,C
01093,石药集团,2026-06-30,-5.170068027210883,17.53,-0.7535882065353917,0.3333333333333333,0.99536292230529,T2,0.9947966171806799,-0.07129711530278071,→,→,VP_NEUTRAL,30.866117534613892,CBI_ACTIVE,COST_DISADVANTAGE,0.03190555735347256,-0.022563686126196303,-0.11209653053872992,Stable,-0.022563686126196303,-0.29492686977814503,C
01093,,2026-07-31,23.098995695839307,20.66,-0.12829538145625619,0.5833333333333334,1.2255066732575386,T3,1.2249300135012788,0.5280357466488883,↑,↑,VP_EXPANSION,23.571020830346722,CBI_TURBULENT,COST_ADVANTAGE,0.0051215265194557436,0.04277379313789931,0.09300025365533693,Improving,0.04277379313789931,1.1180540027027739,C
01177,中生制药,2010-01-31,-1000.0,12.66,,,,,,,,,VP_NEUTRAL,,,,-1.069737294979887,-1.0202201460971152,,Stable,-1.0202201460971152,-78.98894154818325,C
01177,中生制药,2010-02-28,-153.7037,5.57,,,,,,,,,VP_NEUTRAL,,,,-0.9604850995925438,-0.972965892051601,,Stable,-0.972965892051601,-27.59491921005386,C
01177,中生制药,2010-03-31,381.5789,9.36,,,1.017760057992026,,1.043958303586861,,→,→,VP_STABLE_ASCENT,,,,-0.8020048477214794,,-0.7528905141338988,Improving,,40.766976495726496,C
01177,中生制药,2010-04-30,81.5476,10.93,,,1.1349948078920042,,1.15577833778563,-0.08736572736397319,↑,↑,VP_EXPANSION,,,,-0.6950594414008966,,-0.5881508568898315,Improving,,7.460896614821593,C
01177,中生制药,2010-05-31,-5.6391,18.31,,,1.610944923455921,,1.6262852468015598,2.2789335494939613,↑↑,↑↑,VP_PANIC,,,,-0.7291064724356884,,-0.6610684100962219,Deteriorating,,-0.30797924631348994,C
01177,中生制药,2010-06-30,-15.0215,21.96,2.529542064167775,1.0,1.6722934382535857,T5,1.6858962425234383,1.3406504096110425,↑↑,↑↑,VP_PANIC,3.9232755752138937,CBI_TURBULENT,,-0.7851370405000977,,-0.7992191052276733,Deteriorating,,-0.6840391621129326,C
01177,中生制药,2010-07-31,-15.1515,7.17,-1.0847504709433782,0.2857142857142857,0.5869031377899044,T2,0.6052216800137261,-0.32263382801654616,↓,↓,VP_DECLINE_SILENT,28.357625648002685,CBI_TURBULENT,,-0.805045029920898,,-0.82964045292045,Deteriorating,,-2.113179916317992,C
01177,中生制药,2010-08-31,-57.3099,4.94,-1.334725741367078,0.125,0.40787119856887305,T2,0.42272828493788683,-0.718027091950663,↓,↓,VP_DECLINE_SILENT,32.932340383908034,CBI_ACTIVE,COST_DISADVANTAGE,-0.9092857064833617,-0.31319179636783245,-0.9259747206142431,Deteriorating,-0.31319179636783245,-11.601194331983805,C
01177,中生制药,2010-09-30,139.3617,10.04,-0.23250379939336271,0.5555555555555556,0.8212678936605317,T3,0.8426180743154149,-0.5255680357898735,↓,↓,VP_LOCKED_CANDIDATE,19.3864274201846,CBI_TURBULENT,COST_DISADVANTAGE,-0.7580568136477133,-0.9263288814582984,-0.7421971346729905,Improving,-0.9263288814582984,13.880647410358568,C
01177,中生制药,2010-10-31,-6.8493,7.57,-0.6777569408393169,0.4,0.6489498499785683,T2,0.662886019129515,0.058263742911611294,↓,↓,VP_DECLINE_SILENT,24.74218031933988,CBI_TURBULENT,COST_DISADVANTAGE,-0.780125818973541,-0.9354812692623196,-0.7662587354368449,Deteriorating,-0.9354812692623196,-0.9047952443857332,C
01177,中生制药,2010-11-30,0.0,6.61,-0.8126524140848586,0.2727272727272727,0.6803911477097273,T2,0.6880110959436689,0.32709728573046615,↓,↓,VP_SHRINK,29.208388039411435,CBI_TURBULENT,COST_DISADVANTAGE,-0.765103556930814,-0.9319429470954783,-0.752509249286071,Stable,-0.9319429470954783,0.0,C
01177,中生制药,2010-12-31,-23.1884,3.38,-1.3830572607020823,0.08333333333333333,0.5107025938050869,T2,0.509184400313131,-0.6645580157219869,↓,↓,VP_DECLINE_SILENT,35.4456026086678,CBI_ACTIVE,COST_DISADVANTAGE,-0.8109871202126033,-0.9451134904026735,-0.8277972496568786,Deteriorating,-0.9451134904026735,-6.860473372781065,C
01177,中生制药,2011-01-31,-73.8095,2.76,-1.2599521632752195,0.08333333333333333,0.46912181303116146,T2,0.47273861316482474,-0.6323340738233343,↓,↓,VP_DECLINE_SILENT,35.180605214862865,CBI_ACTIVE,COST_DISADVANTAGE,-0.9417601775838207,-0.9858127375000512,-0.9523464087100796,Deteriorating,-0.9858127375000512,-26.742572463768116,C
01177,中生制药,2011-02-28,125.5319,2.75,-1.162688436590268,0.08333333333333333,0.4983388704318937,T2,0.5018276004910723,-0.5797254957908812,↓,↓,VP_LOCKED_CANDIDATE,34.632013197908286,CBI_ACTIVE,COST_DISADVANTAGE,-0.8662306563928928,-0.9998219005007534,-0.8851981664379192,Improving,-0.9998219005007534,45.647963636363635,C
01177,中生制药,2011-03-31,39.8305,3.41,-0.8925610251129297,0.3333333333333333,0.7726586102719034,T2,0.7681372282178272,0.006146256553293261,↓,↓,VP_LOCKED_CANDIDATE,26.533671571945693,CBI_TURBULENT,COST_DISADVANTAGE,-0.7901906914042811,-0.9386703739715002,-0.7899940158908683,Improving,-0.9386703739715002,11.68049853372434,C
01177,中生制药,2011-04-30,6.7669,2.78,-0.8633091175624262,0.25,0.7690179806362378,T2,0.7734840735181138,0.005215450215643624,↓,↓,VP_LOCKED_CANDIDATE,29.180986936890918,CBI_TURBULENT,COST_DISADVANTAGE,-0.8293469337286297,-0.9536379757771435,-0.8192675773121412,Improving,-0.9536379757771435,2.434136690647482,C
01177,中生制药,2011-05-31,-2.0,2.5,-0.777480654824076,0.08333333333333333,0.8532423208191126,T2,0.8507467917054797,-0.09901487986410307,↓,↓,VP_DECLINE_SILENT,35.0865742276854,CBI_ACTIVE,COST_DISADVANTAGE,-0.8200355331038569,-0.9112092162227601,-0.8129037596118645,Deteriorating,-0.9112092162227601,-0.8,C
01177,中生制药,2011-06-30,6.7669,2.89,-0.8233608673938412,0.4166666666666667,1.0146284376828556,T2,1.0123956609820461,-0.1473457731152995,→,→,VP_STABLE_ASCENT,28.58420952444833,CBI_TURBULENT,,-0.8028440031981734,,-0.8277062177291217,Improving,,2.341487889273356,C
01177,中生制药,2011-07-31,-25.3086,2.1,-1.0090433257740972,0.08333333333333333,0.7668898356664638,T2,0.7673162257016592,-0.24817325162098436,↓,↓,VP_DECLINE_SILENT,39.59505842937524,CBI_ACTIVE,,-0.8487770559727836,,-0.8531862841212938,Deteriorating,,-12.051714285714285,C
01177,中生制药,2011-08-31,-116.5354,1.7,-1.0290104935936735,0.08333333333333333,0.6631989596879063,T2,0.6690167490606105,-0.31245092749117664,↓,↓,VP_DECLINE_SILENT,39.650756813570965,CBI_ACTIVE,,-1.0300542898010043,,-1.0254800663921722,Deteriorating,,-68.55023529411764,C
01177,中生制药,2011-09-30,0.0,2.59,-0.5115712875635404,0.3333333333333333,1.0673076923076925,T2,1.0587820296184645,-0.10997117035987924,→,→,VP_NEUTRAL,32.9997206836007,CBI_ACTIVE,,-1.02776841577805,,-1.0251121191464503,Stable,,0.0,C
01177,中生制药,2011-10-31,-252.381,3.22,0.1450805313624818,0.75,1.288,T3,1.2860847792587564,0.5277227278616923,↑,↑,VP_SELLING_ACTIVE,24.78182574770537,CBI_TURBULENT,,-0.9555576400423855,,-0.955356232628533,Deteriorating,,-78.37919254658385,C
01177,中生制药,2011-11-30,128.5714,2.45,-0.5759947127421545,0.25,0.9832775919732442,T2,0.9844280314316463,0.42887896582100593,→,→,VP_STABLE_ASCENT,56.49360013155109,CBI_STABLE,,-0.9542319592188945,,-0.955356232628533,Improving,,52.47812244897959,C
01177,中生制药,2011-12-31,-71.0526,2.06,-1.2987222904460842,0.16666666666666666,0.8753541076487251,T2,0.8724357461810598,-0.20237373563624372,↓,↓,VP_DECLINE_SILENT,59.272936373808996,CBI_STABLE,,-0.9839100622818835,,-0.9842266943867126,Deteriorating,,-34.49155339805825,C
01177,中生制药,2012-01-31,-250.0,2.23,-0.7384641955390009,0.3333333333333333,0.9389473684210526,T2,0.9397242446766481,-0.3061624522130155,→,→,VP_NEUTRAL,60.48509993767477,CBI_STABLE,,-1.0489123922311616,,-1.0430181062180566,Stable,,-112.10762331838565,C
01177,中生制药,2012-02-29,0.0,3.73,2.432181239298528,1.0,1.3746928746928746,T5,1.3697186451612995,0.5100545979091227,↑,↑,VP_DIVERGENCE_HIGH,31.630955182227453,CBI_ACTIVE,,-1.0552741974843431,,-1.051621727461668,Deteriorating,,0.0,C
01177,中生制药,2012-03-31,35.7143,2.23,-0.6185806113306916,0.4166666666666667,0.8404522613065326,T2,0.8393634222152935,0.08219186784410804,↓,↓,VP_LOCKED_CANDIDATE,54.29842240033074,CBI_STABLE,,-1.0925857705756528,,-1.0877966961434662,Improving,,16.015381165919283,C
01177,中生制药,2012-04-30,0.0,3.4,1.6027607136563886,0.9166666666666666,1.2670807453416149,T5,1.2657817392699477,0.5178427398995247,↑,↑,VP_DIVERGENCE_HIGH,35.86893489587102,CBI_ACTIVE,,-1.082620245391472,,-1.0785549386546802,Deteriorating,,0.0,C
01177,中生制药,2012-05-31,-176.1905,5.09,4.11206567887351,1.0,1.6296691568836714,T5,1.6344296307842394,0.3737589842313689,↑↑,↑↑,VP_PANIC,21.754062077006306,CBI_TURBULENT,,-0.9543381159216752,,-0.9507106267264751,Deteriorating,,-34.61502946954813,C
01177,中生制药,2012-06-30,591.3043,5.22,2.5758200060016683,1.0,1.4301369863013698,T5,1.4325616303183109,1.3485831685437883,↑,↑,VP_EXPANSION,19.77714583145331,CBI_TURBULENT,,-0.8052966938979682,,-0.7700656887301979,Stable,,113.2766858237548,C
01177,中生制药,2012-07-31,15.2542,6.75,3.227955991573576,1.0,1.5329295987887963,T5,1.5355896328417706,0.9931095952180051,↑↑,↑↑,VP_OVERHEAT,12.963466033186123,CBI_TURBULENT,,-0.7592702219862293,,-0.7049899402576124,Deteriorating,,2.259881481481482,C
01177,中生制药,2012-08-31,14.6465,4.63,0.7454609246992048,0.75,1.0168374816983894,T4,1.0163269489659663,-0.09204118115236959,→,→,VP_STABLE_ASCENT,25.247354445763758,CBI_TURBULENT,,-0.737934829669496,,-0.671729002149402,Stable,,3.163390928725702,C
01177,中生制药,2012-09-30,-22.4576,3.34,-0.2667395806817705,0.5,0.7048892015476609,T3,0.6988725896168547,-0.36664974347391655,↓,↓,VP_DECLINE_SILENT,32.35639046341106,CBI_ACTIVE,,-0.7845214388997351,,-0.7867450178460669,Deteriorating,,-6.723832335329341,C
01177,中生制药,2012-10-31,37.1585,2.92,-0.5641590639692339,0.4166666666666667,0.6268336314847943,T2,0.6227157955990512,-0.5713116033791975,↓,↓,VP_LOCKED_CANDIDATE,34.45270407300645,CBI_ACTIVE,,-0.7164844818919642,,-0.707502729395425,Improving,,12.725513698630136,C
01177,中生制药,2012-11-30,80.0,4.71,0.6537057032614146,0.75,1.0250272034820458,T4,1.0276216641365519,0.018840373886664263,→,→,VP_STABLE_ASCENT,23.371834931044383,CBI_TURBULENT,,-0.592826979704848,,-0.48609045284216124,Stable,,16.985138004246284,C
01177,中生制药,2012-12-31,-2.027,3.75,-0.2051787768599995,0.5833333333333334,0.8620689655172413,T3,0.866188335496311,0.13748098705517675,↓,↓,VP_DECLINE_SILENT,31.54890980282282,CBI_ACTIVE,,-0.6018763586523266,,-0.5707749116074576,Deteriorating,,-0.5405333333333334,C
01177,中生制药,2013-01-31,10.1149,4.33,0.13982970514099685,0.5833333333333334,1.0971283783783783,T3,1.098409537466401,0.4939125466950889,→,→,VP_STABLE_ASCENT,33.294881316149755,CBI_ACTIVE,,-0.5802528764214199,,-0.5273590405976374,Improving,,2.336004618937644,C
01177,中生制药,2013-02-28,35.2459,2.97,-1.0360596693755304,0.25,0.8092643051771118,T2,0.8115194004860293,-0.36934358600383566,↓,↓,VP_LOCKED_CANDIDATE,43.738109780689875,CBI_ACTIVE,,-0.5064113597888434,,-0.34876193485269447,Improving,,11.867306397306397,C
01177,中生制药,2013-03-31,43.1818,4.84,0.5038740443273525,0.75,1.2346938775510203,T4,1.234387921272811,0.28540444483609173,↑,↑,VP_EXPANSION,29.3294003708996,CBI_TURBULENT,,-0.396858121363158,,-0.27310429158256966,Stable,,8.921859504132232,C
01177,中生制药,2013-04-30,-3.043,6.59,2.0177121935465783,0.9166666666666666,1.4542111070246413,T5,1.4530362873719014,0.5224276338112841,↑,↑,VP_SELLING_ACTIVE,22.22858438830768,CBI_TURBULENT,,-0.41125265859828,,-0.28925752954740136,Deteriorating,,-0.4617602427921093,C
01177,中生制药,2013-05-31,2.8139,15.58,8.906015027624282,1.0,2.4561219127693117,T5,2.453331414428785,4.231940173086656,↑↑,↑↑,VP_OVERHEAT,9.751176388538571,CBI_TURBULENT,,-0.40182768112600686,,-0.26925828254332396,Deteriorating,,0.18060975609756097,C
01177,中生制药,2013-06-30,-9.6009,8.34,0.8338822981607807,0.9166666666666666,1.1732708089097303,T4,1.1700453984616073,0.7168474672194036,↑,↑,VP_SELLING_ACTIVE,12.208846136552335,CBI_TURBULENT,,-0.40285359482034877,,-0.4514364131186055,Deteriorating,,-1.1511870503597121,C
01177,中生制药,2013-07-31,24.0978,8.26,0.7499542660027286,0.8333333333333334,1.063975955345642,T4,1.0658820013881642,0.25454754242477184,→,→,VP_STABLE_ASCENT,14.755010534885216,CBI_TURBULENT,COST_DISADVANTAGE,-0.3482674272432017,-0.8028915761132578,-0.3021852224157917,Stable,-0.8028915761132578,2.917409200968523,C
01177,中生制药,2013-08-31,-7.2233,5.44,-0.1479135038541426,0.6666666666666666,0.6654434250764526,T3,0.6673592502877042,-0.649642448227794,↓,↓,VP_DECLINE_SILENT,20.80752341366568,CBI_TURBULENT,COST_DISADVANTAGE,-0.37785642499026706,-0.813767358188218,-0.3525902298022683,Deteriorating,-0.813767358188218,-1.3278124999999998,C
01177,中生制药,2013-09-30,-10.0598,13.36,2.077065203556809,0.9166666666666666,1.3923918707660239,T5,1.3936369831276088,0.6089222436753376,↑,↑,VP_SELLING_ACTIVE,12.055475614283758,CBI_TURBULENT,COST_DISADVANTAGE,-0.41539890320932504,-0.8219690616212637,-0.4165023049619605,Deteriorating,-0.8219690616212637,-0.7529790419161676,C
01177,中生制药,2013-10-31,7.6667,5.36,-0.4526014041141303,0.5,0.5708200212992546,T3,0.5723271516787966,-0.3501209951759042,↓,↓,VP_LOCKED_CANDIDATE,24.20697967734317,CBI_TURBULENT,COST_DISADVANTAGE,-0.3821057471823658,-0.8200357049518178,-0.3738546328993796,Improving,-0.8200357049518178,1.4303544776119401,C
01177,中生制药,2013-11-30,18.1633,6.54,-0.16346654826249882,0.5833333333333334,0.8295983086680762,T3,0.8288455740771383,0.19847001553981558,↓,↓,VP_LOCKED_CANDIDATE,21.477555972641692,CBI_TURBULENT,COST_DISADVANTAGE,-0.3502427388948064,-0.7930905453940027,-0.25172720835653417,Improving,-0.7930905453940027,2.777262996941896,C
01177,中生制药,2013-12-31,1.2953,3.66,-1.0211867748044827,0.16666666666666666,0.5152510558423274,T2,0.5176628315421031,-0.7245377825099573,↓,↓,VP_SHRINK,35.24620980679968,CBI_ACTIVE,COST_DISADVANTAGE,-0.34346726564459895,-0.8067789348565104,-0.2943663931527495,Stable,-0.8067789348565104,0.35390710382513657,C
01177,中生制药,2014-01-31,11.1111,6.58,-0.2082464585664621,0.5833333333333334,0.9643380556912555,T3,0.9620158226099975,0.22280923345401682,→,→,VP_STABLE_ASCENT,21.779591488598438,CBI_TURBULENT,COST_DISADVANTAGE,-0.32783867473981876,-0.8045299897402138,-0.21796786964925352,Improving,-0.8045299897402138,1.6886170212765959,C
01177,中生制药,2014-02-28,11.5529,4.09,-1.0312984955221043,0.16666666666666666,0.6198534983581712,T2,0.6209040970263616,-0.3724268057852703,↓,↓,VP_LOCKED_CANDIDATE,35.53841113155736,CBI_ACTIVE,COST_DISADVANTAGE,-0.2955815653626589,-0.775333026153628,-0.10547555551418453,Improving,-0.775333026153628,2.8246699266503668,C
01177,中生制药,2014-03-31,-12.5,8.74,0.31609512886318725,0.8333333333333334,1.4995710609093509,T3,1.496578623281882,1.370173414209619,↑,↑,VP_SELLING_ACTIVE,13.979160751332072,CBI_TURBULENT,COST_DISADVANTAGE,-0.35703560693191705,-0.8175676397617849,-0.358266311995045,Deteriorating,-0.8175676397617849,-1.4302059496567505,C
01177,中生制药,2014-04-30,-18.6837,6.17,-0.4634943424424024,0.4166666666666667,1.0346562325321407,T3,1.032538582573525,-0.06311527144565565,→,→,VP_NEUTRAL,29.35817702487847,CBI_TURBULENT,COST_DISADVANTAGE,-0.39711894503696377,-0.8219141529160354,-0.43670587660985993,Stable,-0.8219141529160354,-3.0281523500810374,C
01177,中生制药,2014-05-31,5.6131,4.38,-1.0031072138523718,0.25,0.7816775728732895,T2,0.7809673854834062,0.06681743233532922,↓,↓,VP_LOCKED_CANDIDATE,37.37227305284592,CBI_ACTIVE,COST_DISADVANTAGE,-0.35936740466222994,-0.8044962249808637,-0.400427577975508,Improving,-0.8044962249808637,1.281529680365297,C
01177,中生制药,2014-06-30,-4.307,3.27,-1.2663752661864567,0.08333333333333333,0.5904303340355102,T2,0.5907976048761779,-0.6254336828038731,↓,↓,VP_DECLINE_SILENT,42.483988250027004,CBI_ACTIVE,COST_DISADVANTAGE,-0.3365336413363381,-0.8033813067738722,-0.35114765475054976,Deteriorating,-0.8033813067738722,-1.3171253822629971,C
01177,中生制药,2014-07-31,9.4108,3.2,-1.0782818439426127,0.08333333333333333,0.6432160804020101,T2,0.6452304285291445,-0.47877974603146345,↓,↓,VP_LOCKED_CANDIDATE,42.679203319515565,CBI_ACTIVE,COST_DISADVANTAGE,-0.3461357067102001,-0.8006489282290367,-0.29008544550039694,Improving,-0.8006489282290367,2.9408749999999997,C
01177,中生制药,2014-08-31,16.9438,3.78,-0.7565272654537766,0.3333333333333333,0.7677725118483413,T2,0.7687498697702096,-0.1355470690866376,↓,↓,VP_LOCKED_CANDIDATE,34.480644090531335,CBI_ACTIVE,COST_DISADVANTAGE,-0.30511625523511166,-0.7866372975473522,-0.2157488429349934,Improving,-0.7866372975473522,4.482486772486773,C
01177,中生制药,2014-09-30,10.8434,5.22,0.08930988148450104,0.5833333333333334,1.2036894696387395,T3,1.2056509132500286,0.5993575654714676,↑,↑,VP_EXPANSION,31.879549460797453,CBI_ACTIVE,COST_DISADVANTAGE,-0.29375688989256055,-0.7855564123345828,-0.22461908228924932,Improving,-0.7855564123345828,2.0772796934865903,C
01177,中生制药,2014-10-31,3.7037,4.29,-0.457300861287158,0.5,1.0662800331400166,T3,1.0638839003701257,0.3342363684725409,→,→,VP_STABLE_ASCENT,35.23198040191828,CBI_ACTIVE,COST_DISADVANTAGE,-0.27062378571489376,-0.7824480045927757,-0.21338167768474559,Improving,-0.7824480045927757,0.8633333333333333,C
01177,中生制药,2014-11-30,-3.8168,5.76,0.5597752528680096,0.75,1.35423197492163,T4,1.353666343924649,0.5228744825293208,↑,↑,VP_SELLING_ACTIVE,27.7030887621084,CBI_TURBULENT,COST_DISADVANTAGE,-0.2937971666362841,-0.7924233027109808,-0.23304713574262703,Deteriorating,-0.7924233027109808,-0.662638888888889,C
01177,中生制药,2014-12-31,-10.4744,4.83,-0.13415340024569034,0.5833333333333334,1.070162481536189,T3,1.0684215195877902,-0.0776147993640911,→,→,VP_NEUTRAL,33.31478373037291,CBI_ACTIVE,COST_DISADVANTAGE,-0.29462605469656356,-0.7991019760395075,-0.357187476688701,Stable,-0.7991019760395075,-2.168612836438923,C
01177,中生制药,2015-01-31,15.0723,5.94,0.695909360382779,0.8333333333333334,1.1951710261569417,T4,1.1991150241337278,0.3928391488704037,↑,↑,VP_EXPANSION,25.366205288310244,CBI_TURBULENT,COST_DISADVANTAGE,-0.2558498050802508,-0.7792090117277926,-0.2603010743451535,Stable,-0.7792090117277926,2.537424242424242,C
01177,中生制药,2015-02-28,-4.1924,4.78,-0.17921505095969642,0.5,0.9305645684620377,T3,0.9261918483725706,-0.1742297081569757,→,→,VP_NEUTRAL,36.85324256779719,CBI_ACTIVE,COST_DISADVANTAGE,-0.2808922956634361,-0.7854008968603379,-0.31250470665811514,Stable,-0.7854008968603379,-0.877071129707113,C
01177,中生制药,2015-03-31,7.1383,6.45,1.7963163586450541,1.0,1.2074882995319811,T5,1.2059180208092783,0.3343628382108377,↑,↑,VP_EXPANSION,25.74042318518364,CBI_TURBULENT,COST_DISADVANTAGE,-0.22265509081215773,-0.7776062253160498,-0.23689252630269553,Stable,-0.7776062253160498,1.1067131782945736,C
01177,中生制药,2015-04-30,17.5676,7.89,3.1121879017046576,1.0,1.3279102384291726,T5,1.3262398100778165,0.31990838679417255,↑,↑,VP_EXPANSION,20.31916410234494,CBI_TURBULENT,COST_DISADVANTAGE,-0.29242412744693547,-0.7805746286918934,-0.09965916576161193,Stable,-0.7805746286918934,2.2265652724968312,C
01177,中生制药,2015-05-31,4.5977,4.74,-0.21908949015744109,0.4166666666666667,0.8212532486283568,T3,0.8236947857911423,-0.0013840581054517243,↓,↓,VP_LOCKED_CANDIDATE,39.5337139433566,CBI_ACTIVE,COST_DISADVANTAGE,-0.24317896855790389,-0.7704709787271609,-0.05826418487708829,Improving,-0.7704709787271609,0.9699789029535864,C
01177,中生制药,2015-06-30,-2.525,4.81,-0.2901420497233837,0.5,0.8338630453626119,T3,0.8319284983280364,-0.25519231931486264,↓,↓,VP_DECLINE_SILENT,38.066492185269965,CBI_ACTIVE,COST_DISADVANTAGE,-0.2261003332561603,-0.7725508602567106,-0.23992999989750974,Deteriorating,-0.7725508602567106,-0.524948024948025,C
01177,中生制药,2015-07-31,1.6418,5.94,0.5721567845363777,0.8333333333333334,1.0297601849176539,T4,1.0282340923371271,-0.2483669334908869,→,→,VP_STABLE_ASCENT,29.07891705731381,CBI_TURBULENT,COST_DISADVANTAGE,-0.21548830269945263,-0.7645174208277646,-0.24104447203842239,Stable,-0.7645174208277646,0.27639730639730636,C
01177,中生制药,2015-08-31,4.7264,5.22,-0.2986909689556553,0.5833333333333334,0.89358059914408,T3,0.8926796368062745,0.09531749247253618,↓,↓,VP_LOCKED_CANDIDATE,39.225044864352384,CBI_ACTIVE,COST_DISADVANTAGE,-0.15557119663357444,-0.7575825617563436,-0.2180120477928924,Improving,-0.7575825617563436,0.90544061302682,C
01177,中生制药,2015-09-30,4.8525,4.31,-1.2243555507655919,0.16666666666666666,0.7857793983591613,T2,0.7864579281446641,-0.1020307555619776,↓,↓,VP_LOCKED_CANDIDATE,51.74900223389124,CBI_STABLE,COST_DISADVANTAGE,-0.2384662277245706,-0.7661200628994087,-0.1629962620883042,Improving,-0.7661200628994087,1.1258700696055686,C
01177,中生制药,2015-10-31,0.1333,3.82,-1.7285940690155581,0.08333333333333333,0.7947295423023578,T1,0.7948337336487241,-0.35560728270159414,↓,↓,VP_SHRINK,54.885908127159354,CBI_STABLE,COST_DISADVANTAGE,-0.21305492320613284,-0.7684924758005035,-0.1440079740231569,Stable,-0.7684924758005035,0.03489528795811519,C
01177,中生制药,2015-11-30,17.3428,4.26,-0.9905302722576405,0.16666666666666666,0.9012693935119886,T2,1.1144233652005664,0.053513576828091436,↑,→,VP_NEUTRAL,51.33799544347764,CBI_STABLE,COST_DISADVANTAGE,-0.17890373352867428,-0.6729665078125953,-0.00045651625064291323,Stable,-0.6729665078125953,4.071079812206573,C
01177,中生制药,2015-12-31,-4.0274,5.05,-0.21084289478151633,0.5833333333333334,1.0594405594405594,T3,1.4068120945541818,0.7587982228983576,↑,→,VP_NEUTRAL,37.72982877348859,CBI_ACTIVE,COST_DISADVANTAGE,-0.18593954765370402,-0.6478085894690844,-0.17479682563281418,Stable,-0.6478085894690844,-0.7975049504950495,C
01177,中生制药,2016-01-31,-30.1123,13.33,7.335999308886009,1.0,2.222283967768825,T5,2.586518127283834,4.2413321290659685,↑↑,↑↑,VP_PANIC,13.408743932557657,CBI_TURBULENT,COST_DISADVANTAGE,-0.24486814394112488,-0.6809572014709144,-0.4305902086611223,Deteriorating,-0.6809572014709144,-2.258987246811703,C
01177,中生制药,2016-02-29,9.9828,6.84,0.33321323379658213,0.8333333333333334,1.0911991491624566,T3,1.1966200302641328,0.8703020784200526,↑,→,VP_NEUTRAL,18.95770878933147,CBI_TURBULENT,COST_DISADVANTAGE,-0.27332435301337044,-0.6603274150867577,-0.3737472346548316,Stable,-0.6603274150867577,1.4594736842105263,C
01177,中生制药,2016-03-31,0.8687,5.52,-0.19353003796155488,0.6666666666666666,0.8531684698608966,T3,0.8949537969945849,0.09064473275443441,↓,↓,VP_SHRINK,24.651207683834862,CBI_TURBULENT,COST_DISADVANTAGE,-0.25198575589266925,-0.6587413573776194,-0.20405943702403706,Stable,-0.6587413573776194,0.15737318840579712,C
01177,中生制药,2016-04-30,-3.258,5.54,-0.10496328025789774,0.75,0.8199309324124322,T3,0.8311680987991743,-0.5852260038783144,↓,↓,VP_DECLINE_SILENT,22.019932015242567,CBI_TURBULENT,COST_DISADVANTAGE,-0.2529905252442133,-0.6749799391882505,-0.2576866380756091,Deteriorating,-0.6749799391882505,-0.588086642599278,C
01177,中生制药,2016-05-31,-8.2715,5.73,-0.058748733094658355,0.75,0.8183765770054751,T3,0.8181110567138989,-0.16299272833267142,↓,↓,VP_DECLINE_SILENT,22.058867475528853,CBI_TURBULENT,COST_DISADVANTAGE,-0.2009314195425126,-0.6654233341137419,-0.30244317429158263,Deteriorating,-0.6654233341137419,-1.4435427574171027,C
01177,中生制药,2016-06-30,-4.3579,4.16,-0.7288942961247933,0.16666666666666666,0.6070038910505836,T2,0.6106170046410637,-0.24034368568988385,↓,↓,VP_DECLINE_SILENT,41.07217449516112,CBI_ACTIVE,COST_DISADVANTAGE,-0.25131801159709877,-0.6777803941672488,-0.3052340659270646,Deteriorating,-0.6777803941672488,-1.0475721153846154,C
01177,中生制药,2016-07-31,2.6522,4.34,-0.5779012957138049,0.4166666666666667,0.8104575163398692,T2,0.8113077790198129,-0.2142680808944789,↓,↓,VP_LOCKED_CANDIDATE,33.3511137898865,CBI_ACTIVE,COST_DISADVANTAGE,-0.2920664031171861,-0.6852341529890159,-0.2811747352817684,Improving,-0.6852341529890159,0.6111059907834102,C
01177,中生制药,2016-08-31,-4.7226,5.01,-0.27727666703026266,0.5,0.9920792079207921,T3,0.9893326779232058,-0.12766651077847868,→,→,VP_NEUTRAL,30.959540775091032,CBI_ACTIVE,COST_DISADVANTAGE,-0.30839158185671045,-0.692121235347427,-0.31874105857003765,Stable,-0.692121235347427,-0.9426347305389222,C
01177,中生制药,2016-09-30,5.2535,6.14,0.1417554921937867,0.8333333333333334,1.1914618369987062,T3,1.189726402384728,0.46446806235751836,↑,↑,VP_EXPANSION,20.42743713002084,CBI_TURBULENT,COST_DISADVANTAGE,-0.249846447335468,-0.66371683636399,-0.2605167642279824,Improving,-0.66371683636399,0.8556188925081434,C
01177,中生制药,2016-10-31,3.8198,5.96,-0.013358847625788196,0.75,1.141033822590938,T3,1.139566563397412,0.36937415367965665,↑,↑,VP_EXPANSION,23.150954334695605,CBI_TURBULENT,COST_DISADVANTAGE,-0.27026901826683714,-0.6785205837120898,-0.21845677751547077,Improving,-0.6785205837120898,0.6409060402684563,C
01177,中生制药,2016-11-30,-5.0375,6.29,0.05975528358314422,0.8333333333333334,1.1830721003134796,T3,1.1859224772982677,0.26289625478179723,↑,↑,VP_SELLING_ACTIVE,21.326844615305408,CBI_TURBULENT,COST_DISADVANTAGE,-0.26865926445058697,-0.6739776185539106,-0.23948677087172665,Deteriorating,-0.6739776185539106,-0.8008744038155802,C
01177,中生制药,2016-12-31,3.6016,3.88,-1.0071045508684242,0.08333333333333333,0.7362428842504743,T2,0.7337118238682176,-0.3697268170364877,↓,↓,VP_LOCKED_CANDIDATE,46.01014523449342,CBI_ACTIVE,COST_DISADVANTAGE,-0.23200280962927478,-0.6630226521289304,-0.2504811588006096,Improving,-0.6630226521289304,0.9282474226804124,C
01177,中生制药,2017-01-31,16.3597,4.45,-1.051649917152574,0.3333333333333333,0.8414749448471479,T2,0.8410323969937024,-0.2535851253484904,↓,↓,VP_LOCKED_CANDIDATE,51.06221033926433,CBI_STABLE,COST_DISADVANTAGE,-0.22908682532398617,-0.6355532919999621,-0.12549349761200945,Improving,-0.6355532919999621,3.6763370786516854,C
01177,中生制药,2017-02-28,8.0397,6.03,1.0384133840859875,0.8333333333333334,1.104732824427481,T4,1.1062233971780582,-0.043441406701071106,↑,↑,VP_EXPANSION,37.12012095362428,CBI_ACTIVE,COST_DISADVANTAGE,-0.2089351960051401,-0.6352062394954603,-0.026154770152666096,Stable,-0.6352062394954603,1.333283582089552,C
01177,中生制药,2017-03-31,-4.3202,6.69,1.7242223804643881,1.0,1.2054054054054055,T5,1.204491514542859,0.729270078645025,↑,↑,VP_SELLING_ACTIVE,28.936207840473102,CBI_TURBULENT,COST_DISADVANTAGE,-0.22592343269590998,-0.6580808168123728,-0.2064106352807924,Deteriorating,-0.6580808168123728,-0.6457698056801195,C
01177,中生制药,2017-04-30,-1.3537,3.71,-1.720936394177064,0.08333333333333333,0.7169082125603865,T1,0.7189223029193722,-0.1624680612891508,↓,↓,VP_SHRINK,57.008361144027894,CBI_STABLE,COST_DISADVANTAGE,-0.20640814903982518,-0.6431524860702924,-0.2064106352807924,Stable,-0.6431524860702924,-0.3648787061994609,C
01177,中生制药,2017-05-31,11.6912,5.42,0.25856212815827656,0.5833333333333334,1.077534791252485,T3,1.082062140087287,-0.09788363362318575,→,→,VP_STABLE_ASCENT,40.37756409317081,CBI_ACTIVE,COST_DISADVANTAGE,-0.17713741020273643,-0.6228634572610077,-0.12069314745808901,Improving,-0.6228634572610077,2.157047970479705,C
01177,中生制药,2017-06-30,-0.2406,5.92,0.6587426583709005,0.5833333333333334,1.1024208566108007,T4,1.1046720186634584,-0.1109639899507534,↑,↑,VP_DIVERGENCE_HIGH,41.04595258373253,CBI_ACTIVE,COST_DISADVANTAGE,-0.19153107621670118,-0.6443687474518747,-0.16480388570903093,Deteriorating,-0.6443687474518747,-0.04064189189189189,C
01177,中生制药,2017-07-31,-0.4789,3.73,-1.7432427123630838,0.16666666666666666,0.7104761904761905,T1,0.7132713711606118,0.008840484497733225,↓,↓,VP_SHRINK,54.96115804983738,CBI_STABLE,COST_DISADVANTAGE,-0.19205556318663874,-0.6364038657390039,-0.16278974716974393,Stable,-0.6364038657390039,-0.12839142091152814,C
01177,中生制药,2017-08-31,-2.7821,5.35,0.05326743765041405,0.4166666666666667,1.0415314730694354,T3,1.0381465534738705,-0.01845538682858705,→,→,VP_NEUTRAL,48.084921451284984,CBI_ACTIVE,COST_DISADVANTAGE,-0.18121737914041836,-0.6353044687456051,-0.16715371400486567,Stable,-0.6353044687456051,-0.520018691588785,C
01177,中生制药,2017-09-30,24.6191,5.19,-0.029661140413538473,0.4166666666666667,1.0620736698499318,T3,1.0588350923573373,-0.12691612300122834,→,→,VP_STABLE_ASCENT,47.26090748362556,CBI_ACTIVE,COST_DISADVANTAGE,-0.14661335977953116,-0.6024425723847617,-0.026885680692249614,Improving,-0.6024425723847617,4.743564547206165,C
01177,中生制药,2017-10-31,11.8383,3.31,-1.812630916960619,0.08333333333333333,0.6867219917012448,T1,0.6897639554619858,-0.11176393609988644,↓,↓,VP_LOCKED_CANDIDATE,56.14436458708822,CBI_STABLE,COST_NEUTRAL,-0.11568789468049834,-0.6057576093955768,0.09146606084517939,Improving,-0.6057576093955768,3.576525679758308,C
01177,中生制药,2017-11-30,11.7087,7.93,2.8463906664074696,1.0,1.5138402799872732,T5,1.51075485467478,0.48359739443317684,↑↑,↑↑,VP_OVERHEAT,22.062744536177817,CBI_TURBULENT,COST_NEUTRAL,-0.18348464243947304,-0.6286987502866423,0.24864218320441056,Deteriorating,-0.6286987502866423,1.4765069356872635,C
01177,中生制药,2017-12-31,37.8073,7.32,1.5584203866771325,0.9166666666666666,1.3378007919585746,T5,1.3382638743450133,0.41401019776206494,↑,↑,VP_EXPANSION,22.48034897976379,CBI_TURBULENT,COST_NEUTRAL,-0.049223445246899145,-0.5287413834796559,0.16191168330774008,Stable,-0.5287413834796559,5.164931693989071,C
01177,中生制药,2018-01-31,3.6106,8.97,2.428109470635725,1.0,1.4137115839243501,T5,1.4121777265832918,1.6889153171224152,↑,↑,VP_EXPANSION,16.92365616787339,CBI_TURBULENT,COST_NEUTRAL,-0.140380779888867,-0.5999371653551312,0.21331269962246013,Stable,-0.5999371653551312,0.40251950947603116,C
01177,中生制药,2018-02-28,3.0407,6.07,0.16884513864483652,0.6666666666666666,0.9389017788089714,T3,0.9372421440361071,-0.23532484691249778,→,→,VP_STABLE_ASCENT,27.5095667429542,CBI_TURBULENT,COST_NEUTRAL,-0.040746951576923984,-0.5694393744080541,0.2502053645580251,Improving,-0.5694393744080541,0.5009390444810544,C
01177,中生制药,2018-03-31,2.3097,7.0,0.744840940434583,0.75,1.0344827586206897,T4,1.1458731126363946,0.0823048809747855,↑,→,VP_NEUTRAL,24.87763397818709,CBI_TURBULENT,COST_DISADVANTAGE,-0.09128308431146215,-0.5940825014817767,-0.041581709600668204,Stable,-0.5940825014817767,0.32995714285714284,C
01177,中生制药,2018-04-30,12.701,6.27,0.15426593789952145,0.6666666666666666,0.8636363636363635,T3,0.9411859112265479,-0.20671780807055384,→,↓,VP_NEUTRAL,28.417264794116587,CBI_TURBULENT,COST_NEUTRAL,-0.05355561310621226,-0.5790290333943171,0.046489160327918944,Stable,-0.5790290333943171,2.025677830940989,C
01177,中生制药,2018-05-31,19.5457,8.62,1.5613344707268517,0.9166666666666666,1.168813559322034,T5,1.2443181606990943,0.6146157124989933,↑,↑,VP_EXPANSION,19.23354516989155,CBI_TURBULENT,COST_NEUTRAL,-0.01206425713013104,-0.5580727223133077,0.25904774778532236,Stable,-0.5580727223133077,2.267482598607889,C
01177,中生制药,2018-06-30,-9.8459,7.38,0.5869619995726884,0.75,0.9993229519295871,T4,1.4249227938957636,0.5642983813461055,↑,→,VP_NEUTRAL,25.301931979114897,CBI_TURBULENT,COST_DISADVANTAGE,-0.052206312786199804,-0.4106428051772809,-0.06701046619034345,Stable,-0.4106428051772809,-1.3341327913279133,C
01177,中生制药,2018-07-31,-11.4297,6.28,-0.24914848674537704,0.5,0.9053339740509371,T3,1.1901914208183482,0.5071185790662305,↑,→,VP_NEUTRAL,35.21187609966974,CBI_ACTIVE,COST_DISADVANTAGE,-0.12155928124269955,-0.4257334792909473,-0.1766273940611709,Stable,-0.4257334792909473,-1.820015923566879,C
01177,中生制药,2018-08-31,-8.0477,12.85,3.97908846879349,1.0,1.5929752066115703,T5,1.8804645860016773,1.2371569333886838,↑↑,↑↑,VP_PANIC,14.39114352458913,CBI_TURBULENT,COST_DISADVANTAGE,-0.10005502528511268,-0.3792976279967687,-0.241401033257569,Deteriorating,-0.3792976279967687,-0.6262801556420234,C
01177,中生制药,2018-09-30,-28.9198,12.62,2.307983723638492,0.9166666666666666,1.4017030729359499,T5,1.5463585063953769,0.7319374346565315,↑↑,↑,VP_NEUTRAL,15.505951627442165,CBI_TURBULENT,COST_DISADVANTAGE,-0.12986147997497488,-0.4632238553101081,-0.31167552392481956,Stable,-0.4632238553101081,-2.2915847860538827,C
01177,中生制药,2018-10-31,-4.2989,8.82,0.2285893504056849,0.75,0.9354781686406223,T3,0.9861351896839277,0.4005354464394595,→,→,VP_NEUTRAL,22.189626861298283,CBI_TURBULENT,COST_DISADVANTAGE,-0.1150895616205001,-0.38661457117125453,-0.3402038236470236,Stable,-0.38661457117125453,-0.48740362811791377,C
01177,中生制药,2018-11-30,0.1655,8.74,0.15764747795792108,0.6666666666666666,0.9250308696419123,T3,0.9277480072223352,-0.3188566540428577,→,→,VP_NEUTRAL,25.088142203204164,CBI_TURBULENT,COST_DISADVANTAGE,-0.12320165143898654,-0.44042386851384663,-0.3284755226501175,Stable,-0.44042386851384663,0.01893592677345538,C
01177,中生制药,2018-12-31,-32.9519,13.11,2.0456207404547015,1.0,1.2601730214674782,T5,1.2617487987917841,0.04079413921129471,↑,↑,VP_SELLING_ACTIVE,12.43101829966374,CBI_TURBULENT,COST_DISADVANTAGE,-0.1346758500552372,-0.48462181735602317,-0.32791136442266977,Deteriorating,-0.48462181735602317,-2.513493516399695,C
01177,中生制药,2019-01-31,31.8644,14.54,2.1650575317449303,1.0,1.2342954159592527,T5,1.232148572347506,0.6476679125843949,↑,↑,VP_EXPANSION,10.560209469845944,CBI_TURBULENT,COST_DISADVANTAGE,-0.04096469513201584,-0.3225879894515066,-0.10770484901166744,Stable,-0.3225879894515066,2.1914993122420907,C
01177,中生制药,2019-02-28,2.5445,9.68,0.007838320190268196,0.6666666666666666,0.8603169900755444,T3,0.8570202446814159,0.10096744629073862,↓,↓,VP_LOCKED_CANDIDATE,22.07897577608363,CBI_TURBULENT,COST_DISADVANTAGE,-0.08339872553319683,-0.4030893652279526,-0.07559139884756294,Improving,-0.4030893652279526,0.26286157024793394,C
01177,中生制药,2019-03-31,4.742,8.73,-0.42180430157963,0.4166666666666667,0.8233259981138007,T3,0.8221659155662309,-0.3369037157530185,↓,↓,VP_LOCKED_CANDIDATE,30.944646185912095,CBI_ACTIVE,COST_NEUTRAL,-0.08745617998205824,-0.3934521922820763,0.002409382437623453,Improving,-0.3934521922820763,0.543184421534937,C
01177,中生制药,2019-04-30,3.5297,7.73,-0.9333461248970012,0.25,0.7417239724932033,T2,0.7394815383907347,-0.4697859597978815,↓,↓,VP_LOCKED_CANDIDATE,36.844136627562904,CBI_ACTIVE,COST_NEUTRAL,-0.1077921737493499,-0.4169632666100156,0.06213539302621274,Improving,-0.4169632666100156,0.45662354463130655,C
01177,中生制药,2019-05-31,7.3473,9.56,-0.1842378308698356,0.5833333333333334,0.9054459352801895,T3,0.9059169784783052,-0.009192766739041791,→,→,VP_STABLE_ASCENT,26.24388134208759,CBI_TURBULENT,COST_NEUTRAL,-0.09848355670567788,-0.3783665961518966,0.11998026942303541,Improving,-0.3783665961518966,0.7685460251046025,C
01177,中生制药,2019-06-30,1.6796,8.01,-0.8943054810567561,0.25,0.8250643776824034,T2,0.8248046844400212,-0.08307703417035228,↓,↓,VP_LOCKED_CANDIDATE,37.93075523100631,CBI_ACTIVE,COST_DISADVANTAGE,-0.09045165259250221,-0.34586944534715003,-0.04493879960659708,Improving,-0.34586944534715003,0.20968789013732833,C
01177,中生制药,2019-07-31,20.7769,7.67,-1.193446769930288,0.08333333333333333,0.8956792526274814,T2,0.8954292130596408,-0.006768062657179219,↓,↓,VP_LOCKED_CANDIDATE,45.0081330806973,CBI_ACTIVE,COST_NEUTRAL,-0.0452090199591334,-0.3301927171786845,0.1773106269561462,Improving,-0.3301927171786845,2.708852672750978,C
01177,中生制药,2019-08-31,24.3391,9.75,-0.07860503035655064,0.75,1.1370262390670554,T3,1.1361708084079138,0.01731837752283205,↑,↑,VP_EXPANSION,22.695511019856085,CBI_TURBULENT,COST_NEUTRAL,-0.012153100535311268,-0.2776698114184968,0.43762051432333426,Improving,-0.2776698114184968,2.4963179487179485,C
01177,中生制药,2019-09-30,-15.3635,11.05,0.6581077854373142,0.8333333333333334,1.2330295703924123,T4,1.2310574920458013,0.376672139546117,↑,↑,VP_SELLING_ACTIVE,20.175553914843594,CBI_TURBULENT,COST_DISADVANTAGE,-0.07998774539412268,-0.42396807735247954,-0.07582602467000277,Deteriorating,-0.42396807735247954,-1.3903619909502263,C
01177,中生制药,2019-10-31,18.6268,6.44,-1.6201742202326876,0.08333333333333333,0.736280487804878,T1,0.7346248883323125,-0.1624924024147304,↓,↓,VP_LOCKED_CANDIDATE,43.86934626038688,CBI_ACTIVE,COST_NEUTRAL,-0.0038585065531211438,-0.3319970174439745,0.09987188020229665,Improving,-0.3319970174439745,2.8923602484472046,C
01177,中生制药,2019-11-30,-14.7079,7.9,-0.7583602718477601,0.3333333333333333,0.9327036599763873,T2,0.9343183977290335,-0.1884854527262343,→,→,VP_NEUTRAL,35.50156170446302,CBI_ACTIVE,COST_DISADVANTAGE,-0.1132554133780308,-0.4374654765474738,-0.06189601175173853,Stable,-0.4374654765474738,-1.8617594936708861,C
01177,中生制药,2019-12-31,9.1871,6.59,-1.2427644251711278,0.16666666666666666,0.8004048582995952,T2,0.7986533161801322,-0.4045049248416137,↓,↓,VP_LOCKED_CANDIDATE,41.77131467201271,CBI_ACTIVE,COST_DISADVANTAGE,-0.07540045712772059,-0.3520852433947519,-0.062364647570855025,Improving,-0.3520852433947519,1.3940971168437024,C
01177,中生制药,2020-01-31,-4.699,7.38,-0.7965194373750862,0.25,0.9016493585827733,T2,0.9033897563918877,0.15010237327841502,→,→,VP_NEUTRAL,44.49137448235536,CBI_ACTIVE,COST_DISADVANTAGE,-0.09225339552709855,-0.42712991198388706,-0.1064238711798603,Stable,-0.42712991198388706,-0.636720867208672,C
01177,中生制药,2020-02-29,10.1872,7.23,-0.7679897759651431,0.25,0.9311010946555055,T2,0.9315885574270217,-0.08625829187062906,→,→,VP_STABLE_ASCENT,45.77713921910821,CBI_ACTIVE,COST_DISADVANTAGE,-0.05588360559875827,-0.3735294232352784,-0.02753032390498511,Improving,-0.3735294232352784,1.409017980636238,C
01177,中生制药,2020-03-31,-10.6787,12.9,3.5250998163353575,1.0,1.597853014037985,T5,1.599209655987692,0.9648193775430185,↑↑,↑↑,VP_PANIC,16.49352556209469,CBI_TURBULENT,COST_DISADVANTAGE,-0.09436956320586631,-0.41479524836993376,-0.1406368773275487,Deteriorating,-0.41479524836993376,-0.8278062015503875,C
01177,中生制药,2020-04-30,17.405,9.91,0.6883224763064357,0.8333333333333334,1.1454440377576576,T4,1.1463477808566693,0.34270687431575375,↑,↑,VP_EXPANSION,21.68689684720652,CBI_TURBULENT,COST_DISADVANTAGE,-0.05310484208135813,-0.362892870969184,-0.039789797020226336,Stable,-0.362892870969184,1.7563067608476288,C
01177,中生制药,2020-05-31,10.3493,8.07,-0.2843149693958653,0.6666666666666666,0.9297235023041476,T3,0.9290363252745291,0.11563449121698954,→,→,VP_STABLE_ASCENT,27.341978347301932,CBI_TURBULENT,COST_NEUTRAL,-0.02763918414737887,-0.35090545330851264,0.03780567763983145,Improving,-0.35090545330851264,1.282441140024783,C
01177,中生制药,2020-06-30,17.122,7.66,-0.4991475156908967,0.4166666666666667,0.8647224835371589,T3,0.8625831287028659,-0.408033543342861,↓,↓,VP_LOCKED_CANDIDATE,35.143479275761926,CBI_ACTIVE,COST_NEUTRAL,-0.04864890214608231,-0.3347295153994918,0.14309532542815484,Improving,-0.3347295153994918,2.2352480417754568,C
01177,中生制药,2020-07-31,2.469,11.83,1.6548307333783483,0.9166666666666666,1.2322916666666668,T5,1.4865907668687701,0.5193041939516325,↑,↑,VP_EXPANSION,17.90447237567782,CBI_TURBULENT,COST_NEUTRAL,-0.044367569337401935,-0.19159870780993826,0.1881900243889345,Stable,-0.19159870780993826,0.20870667793744715,C
01177,中生制药,2020-08-31,-11.1575,7.88,-0.4389526802691795,0.5,0.8116738197424892,T3,1.0846566899580163,0.46693884240787265,→,↓,VP_NEUTRAL,31.687319295077756,CBI_ACTIVE,COST_NEUTRAL,-0.06767618171233958,-0.09094657412725404,0.046885109389216195,Stable,-0.09094657412725404,-1.4159263959390864,C
01177,中生制药,2020-09-30,-4.0621,5.9,-1.3010665333278637,0.08333333333333333,0.6907317073170732,T2,0.8651003982337575,0.15815189320092893,↓,↓,VP_DECLINE_SILENT,46.3108379194602,CBI_ACTIVE,COST_DISADVANTAGE,-0.08516374233605795,-0.09609702446363122,-0.1658090399036839,Deteriorating,-0.09609702446363122,-0.6884915254237288,C
01177,中生制药,2020-10-31,-8.9681,5.98,-1.2037623827561668,0.16666666666666666,0.7582417582417583,T2,0.8902027630143031,-0.4052495588411271,↓,↓,VP_DECLINE_SILENT,44.19714352226619,CBI_ACTIVE,COST_DISADVANTAGE,-0.057513454105798,-0.08568835963923871,-0.2302173083046447,Deteriorating,-0.08568835963923871,-1.4996822742474916,C
01177,中生制药,2020-11-30,0.0,7.95,-0.16083037303773737,0.6666666666666666,1.010593220338983,T3,1.1120026278475992,0.006918787978544616,↑,→,VP_NEUTRAL,28.27636258077048,CBI_TURBULENT,COST_DISADVANTAGE,-0.03343138553476854,-0.05859483094349327,-0.2322949943820951,Stable,-0.05859483094349327,0.0,C
01177,中生制药,2020-12-31,3.4934,15.17,3.1651844886300546,1.0,1.6636812282946443,T5,1.7198064849099017,1.5710891835188177,↑↑,↑↑,VP_OVERHEAT,15.175272704222408,CBI_TURBULENT,COST_NEUTRAL,-0.06177986993885609,0.00017588507452415136,-0.053980398688793785,Deteriorating,0.00017588507452415136,0.2302834541858932,C
01177,中生制药,2021-01-31,-3.7975,9.99,0.30108767503546147,0.75,1.1337242292415357,T3,1.1328903104571555,0.6697534903838347,↑,↑,VP_SELLING_ACTIVE,23.448353729584284,CBI_TURBULENT,COST_DISADVANTAGE,-0.08886606705700262,-0.09266440178900692,-0.08990519367529537,Deteriorating,-0.09266440178900692,-0.3801301301301301,C
01177,中生制药,2021-02-28,20.4678,11.65,0.8136421636122096,0.75,1.2341101694915255,T4,1.2349778868955108,0.4675889612489377,↑,↑,VP_EXPANSION,22.2748365644467,CBI_TURBULENT,COST_NEUTRAL,-0.028995267826772086,0.01415159399910415,0.09637152106952729,Stable,0.01415159399910415,1.756892703862661,C
01177,中生制药,2021-03-31,-12.9564,9.6,0.12336714224738433,0.5833333333333334,0.954590652966523,T3,0.9526905628857762,-0.36888431290220836,→,→,VP_NEUTRAL,27.87359270310563,CBI_TURBULENT,COST_DISADVANTAGE,-0.07680603073048964,-0.11888204989711693,-0.07830901312331606,Stable,-0.11888204989711693,-1.349625,C
01177,中生制药,2021-04-30,7.2581,4.73,-1.700095437086764,0.08333333333333333,0.4802843120663395,T1,0.481896794680313,-0.524664788125089,↓,↓,VP_LOCKED_CANDIDATE,43.550678125365806,CBI_ACTIVE,COST_DISADVANTAGE,-0.04352524780437539,-0.02019639740993151,-0.0047233998273426,Improving,-0.02019639740993151,1.5344820295983084,C
01177,中生制药,2021-05-31,3.3499,9.88,0.3189956557896248,0.6666666666666666,0.9714847590953787,T3,0.9716224392204202,-0.15242199503806098,→,→,VP_STABLE_ASCENT,23.812487317869806,CBI_TURBULENT,COST_NEUTRAL,-0.06548157613148975,-0.034644617773430864,0.038929082636370405,Improving,-0.034644617773430864,0.3390587044534413,C
01177,中生制药,2021-06-30,-12.8297,8.63,-0.17479319238840854,0.5,0.9504405286343613,T3,0.9500746435712769,-0.09939696884763038,→,→,VP_NEUTRAL,29.59052677022193,CBI_TURBULENT,COST_DISADVANTAGE,-0.043746204781240694,-0.09085671051764277,-0.12362011376440862,Stable,-0.09085671051764277,-1.4866396292004636,C
01177,中生制药,2021-07-31,-13.9118,6.99,-0.6639236833946802,0.3333333333333333,0.8146853146853147,T2,0.8125957171274562,0.46858366501036186,↓,↓,VP_DECLINE_SILENT,35.18742767741,CBI_ACTIVE,COST_DISADVANTAGE,-0.04344624235632599,-0.0981905998419953,-0.2465785022046153,Deteriorating,-0.0981905998419953,-1.9902432045779683,C
01177,中生制药,2021-08-31,-1.7544,6.43,-0.8232702635348941,0.3333333333333333,0.8339818417639429,T2,0.8334999332065343,-0.35024591798561133,↓,↓,VP_DECLINE_SILENT,35.936570098730726,CBI_ACTIVE,COST_DISADVANTAGE,-0.03345674025346257,-0.06899807123370505,-0.2574277717728688,Deteriorating,-0.06899807123370505,-0.272846034214619,C
01177,中生制药,2021-09-30,-0.9693,5.02,-1.3577538897009842,0.16666666666666666,0.7226487523992322,T2,0.7205651264826857,-0.42018629740101765,↓,↓,VP_SHRINK,41.6301249387835,CBI_ACTIVE,COST_DISADVANTAGE,-0.021911896385378493,-0.06420004710839788,-0.08746708587024687,Stable,-0.06420004710839788,-0.19308764940239045,C
01177,中生制药,2021-10-31,-10.2479,3.88,-1.6740207828945541,0.08333333333333333,0.5701689933872153,T1,0.5712794950000316,-0.44284005290051187,↓,↓,VP_DECLINE_SILENT,43.76423883447342,CBI_ACTIVE,COST_DISADVANTAGE,-0.06254987776475573,-0.08016527529014184,-0.19167149694542263,Deteriorating,-0.08016527529014184,-2.6412113402061856,C
01177,中生制药,2021-11-30,-1.2891,3.72,-1.4429832957053113,0.08333333333333333,0.6437842515142775,T2,0.6391234789215633,-0.4262607073418304,↓,↓,VP_SHRINK,44.2773570027203,CBI_ACTIVE,COST_DISADVANTAGE,-0.053333950202112734,-0.04857641616461206,-0.20209193805294012,Stable,-0.04857641616461206,-0.3465322580645161,C
01177,中生制药,2021-12-31,-4.6468,4.73,-0.9786827096434491,0.3333333333333333,0.9223269418264545,T2,0.92103283584692,-0.058771703625272176,→,→,VP_NEUTRAL,38.19726859383894,CBI_ACTIVE,COST_DISADVANTAGE,-0.04845194078981507,-0.0667508898338195,-0.09467952076691666,Stable,-0.0667508898338195,-0.9824101479915432,C
01177,中生制药,2022-01-31,-1.9493,4.94,-0.7327380107296686,0.4166666666666667,1.032033426183844,T2,1.0369895973939152,0.27510167480140124,→,→,VP_NEUTRAL,35.786317380138925,CBI_ACTIVE,COST_DISADVANTAGE,-0.10314135739617658,-0.14346014785630434,-0.1123270934615187,Stable,-0.14346014785630434,-0.39459514170040483,C
01177,中生制药,2022-02-28,-9.5331,2.9,-1.5548860481508433,0.08333333333333333,0.6907502977371973,T1,0.6903872107980606,-0.21549244976196558,↓,↓,VP_DECLINE_SILENT,47.75174979236061,CBI_ACTIVE,COST_DISADVANTAGE,-0.13088555876738162,-0.13790497286241732,-0.1793878697010063,Deteriorating,-0.13790497286241732,-3.2872758620689653,C
01177,中生制药,2022-03-31,-2.1459,8.35,1.3310145894496292,0.8333333333333334,1.7566619915848525,T4,1.7584975799305693,0.7716459402317455,↑↑,↑↑,VP_PANIC,22.27641799288446,CBI_TURBULENT,COST_NEUTRAL,-0.0637629856054237,0.008142402567155926,-0.1043979789610745,Deteriorating,0.008142402567155926,-0.25699401197604793,C
01177,中生制药,2022-04-30,-14.3498,4.62,-0.614720583445535,0.3333333333333333,0.9473684210526317,T2,0.9457482054313938,-0.07134937216824477,→,→,VP_NEUTRAL,37.99257288215633,CBI_ACTIVE,COST_DISADVANTAGE,-0.035832205106506754,-0.08966915082158322,-0.24973690342791766,Stable,-0.08966915082158322,-3.106017316017316,C
01177,中生制药,2022-05-31,8.2228,4.74,-0.40860398095817907,0.5,0.9392338177014531,T3,0.9403018220741545,0.6388679673740756,→,→,VP_STABLE_ASCENT,33.96693265388972,CBI_ACTIVE,COST_NEUTRAL,-0.037942192041427236,0.004168521703794559,-0.19867187591254032,Improving,0.004168521703794559,1.7347679324894514,C
01177,中生制药,2022-06-30,14.4254,5.45,0.22039751927438583,0.75,1.0548387096774194,T3,1.0537190560380767,-0.34822919695153454,→,→,VP_STABLE_ASCENT,27.423747182934164,CBI_TURBULENT,COST_ADVANTAGE,0.03238131999194116,0.05875829464962434,0.1048179004260128,Improving,0.05875829464962434,2.646862385321101,C
01177,中生制药,2022-07-31,-9.5745,5.19,0.15178027182921733,0.75,0.9964800000000001,T3,0.9961215014536898,0.12567018989828482,→,→,VP_NEUTRAL,28.586447680067007,CBI_TURBULENT,COST_NEUTRAL,-0.08007854950492788,-0.15417771844503148,0.00330685401934927,Stable,-0.15417771844503148,-1.8447976878612715,C
01177,中生制药,2022-08-31,-10.2564,3.63,-0.944935669369474,0.16666666666666666,0.6810506566604128,T2,0.6788506573014433,-0.23812647516151053,↓,↓,VP_DECLINE_SILENT,47.952553117689625,CBI_ACTIVE,COST_DISADVANTAGE,-0.07007640255338798,-0.10116590648452761,-0.0911220263589424,Deteriorating,-0.10116590648452761,-2.825454545454545,C
01177,中生制药,2022-09-30,-9.1864,3.86,-0.6502040844474175,0.3333333333333333,0.8424881775190978,T2,0.8454327484646661,-0.289263247353868,↓,↓,VP_DECLINE_SILENT,43.05492853894216,CBI_ACTIVE,COST_DISADVANTAGE,-0.061657933157382994,-0.0903748761585329,-0.22076140560066293,Deteriorating,-0.0903748761585329,-2.379896373056995,C
01177,中生制药,2022-10-31,5.9172,4.95,0.1555392352494938,0.75,1.0675772825305536,T3,1.0659196468835666,-0.04752917510638688,→,→,VP_STABLE_ASCENT,29.760862966186423,CBI_TURBULENT,COST_DISADVANTAGE,-0.12712348129922413,-0.10380946328031904,-0.19373578960993443,Improving,-0.10380946328031904,1.1953939393939395,C
01177,中生制药,2022-11-30,19.8347,6.99,1.6235889676889108,0.9166666666666666,1.3947455936148987,T5,1.394638614419204,0.9312494911836762,↑,↑,VP_EXPANSION,23.21228973968071,CBI_TURBULENT,COST_NEUTRAL,0.014192637911120354,-0.003078431969446127,-0.020321420336093632,Stable,-0.003078431969446127,2.8375822603719603,C
01177,中生制药,2022-12-31,-1.139,5.03,-0.018156965957997317,0.6666666666666666,1.01787521079258,T3,1.0158614223112314,0.2950157690987958,→,→,VP_NEUTRAL,32.05852641596036,CBI_ACTIVE,COST_NEUTRAL,-0.06178125586988592,-0.04208972182890691,0.008038647619114103,Stable,-0.04208972182890691,-0.22644135188866799,C
01177,中生制药,2023-01-31,-1.3699,3.59,-1.0158353967280997,0.16666666666666666,0.7679144385026738,T2,0.7682198245503457,-0.2740120241117089,↓,↓,VP_SHRINK,48.32002407958155,CBI_ACTIVE,COST_NEUTRAL,-0.1128487429078503,-0.09522954137262174,0.0033933082291643935,Stable,-0.09522954137262174,-0.3815877437325905,C
01177,中生制药,2023-02-28,-11.3689,3.53,-1.166539117595161,0.08333333333333333,0.7577817531305903,T2,0.7601544306438637,-0.49323688308685665,↓,↓,VP_DECLINE_SILENT,51.261560346940215,CBI_STABLE,COST_DISADVANTAGE,-0.09492853522099809,-0.13124997122904547,-0.11274017651958157,Deteriorating,-0.13124997122904547,-3.2206515580736546,C
01177,中生制药,2023-03-31,9.4488,4.36,-0.3340427331624823,0.4166666666666667,0.9195079086115993,T3,0.9206147619772935,-0.13009827084046222,→,→,VP_STABLE_ASCENT,47.00763115548942,CBI_ACTIVE,COST_DISADVANTAGE,-0.04401841404335827,-0.027038432451875538,-0.06769272439770135,Improving,-0.027038432451875538,2.1671559633027524,C
01177,中生制药,2023-04-30,-0.9639,4.25,-0.41979568291783925,0.4166666666666667,0.918918918918919,T3,0.9188088921626101,0.18403270143991657,→,→,VP_NEUTRAL,47.08417048928446,CBI_ACTIVE,COST_DISADVANTAGE,-0.049477100750471514,-0.05195770724145499,-0.08110721757183514,Stable,-0.05195770724145499,-0.2268,C
01177,中生制药,2023-05-31,-14.8418,3.48,-1.145138773413662,0.08333333333333333,0.8613861386138614,T2,0.8616326271453799,-0.016982037336273792,↓,↓,VP_DECLINE_SILENT,57.39918499980941,CBI_STABLE,COST_DISADVANTAGE,-0.11185464645341514,-0.12309915916107195,-0.21748789817552872,Deteriorating,-0.12309915916107195,-4.264885057471264,C
01177,中生制药,2023-06-30,-7.4286,4.33,-0.1109125791249895,0.5833333333333334,1.1036533559898045,T3,1.1100598954321959,1.8058296316958433e-05,↑,↑,VP_SELLING_ACTIVE,41.60320061706307,CBI_ACTIVE,COST_DISADVANTAGE,-0.0454141040718099,-0.09742481563617267,-0.18331299563308856,Deteriorating,-0.09742481563617267,-1.7156120092378753,C
01177,中生制药,2023-07-31,2.7607,4.07,-0.29960831760832896,0.5,1.016652789342215,T3,1.0127871620761553,-0.04417224605627046,→,→,VP_STABLE_ASCENT,45.19499049050715,CBI_ACTIVE,COST_DISADVANTAGE,-0.04727276589211393,-0.038710054240716274,-0.15558596770705146,Improving,-0.038710054240716274,0.6783046683046683,C
01177,中生制药,2023-08-31,-16.1194,6.5,2.1881788432454137,0.9166666666666666,1.4449796220822524,T5,1.4418839603742453,0.8646550662951888,↑,↑,VP_SELLING_ACTIVE,28.72596094277484,CBI_TURBULENT,COST_DISADVANTAGE,-0.05704119442429978,-0.10827539615362758,-0.2917004684348701,Deteriorating,-0.10827539615362758,-2.479907692307692,C
01177,中生制药,2023-09-30,-5.3381,3.84,-0.7237630064981957,0.3333333333333333,0.8704193426520588,T2,0.8715482523513238,-0.11809494387211128,↓,↓,VP_DECLINE_SILENT,47.736933053824075,CBI_ACTIVE,COST_DISADVANTAGE,-0.06721968847937876,-0.09011826694412584,-0.16468974639075018,Deteriorating,-0.09011826694412584,-1.3901302083333333,C
01177,中生制药,2023-10-31,11.1538,4.9,0.31666786268133007,0.75,1.0840707964601772,T3,1.0839963423431478,0.2077988094121812,→,→,VP_STABLE_ASCENT,33.679410093772546,CBI_ACTIVE,COST_NEUTRAL,0.03987252997391688,0.016826561689796904,-0.09246367183055193,Improving,0.016826561689796904,2.2762857142857142,C
01177,中生制药,2023-11-30,27.6817,11.17,8.125428306222684,1.0,1.9253088193047974,T5,1.9230572842262588,0.7200913614863922,↑↑,↑↑,VP_OVERHEAT,16.157019417749,CBI_TURBULENT,COST_ADVANTAGE,-0.03043305176433897,0.028890404325439434,0.15875745707448563,Deteriorating,0.028890404325439434,2.478218442256043,C
01177,中生制药,2023-12-31,-10.0271,6.67,0.8223570404323206,0.9166666666666666,1.0772543741588156,T4,1.0761273357482593,0.7303867176220404,→,→,VP_NEUTRAL,18.304340340715882,CBI_TURBULENT,COST_NEUTRAL,-0.01449571639700109,-0.017480928951068453,-0.013384332064511839,Stable,-0.017480928951068453,-1.5033133433283359,C
01177,中生制药,2024-01-31,-19.8795,6.98,0.8323629521879023,0.9166666666666666,1.0454318522216675,T4,1.0462442611167246,0.423834221219513,→,→,VP_NEUTRAL,17.60936900034213,CBI_TURBULENT,COST_DISADVANTAGE,-0.0869841664558737,-0.13404730900000206,-0.2095187720757835,Stable,-0.13404730900000206,-2.848065902578796,C
01177,中生制药,2024-02-29,11.194,4.24,-0.5920603937869386,0.3333333333333333,0.6730158730158731,T2,0.6738813083942482,-0.6196599110489748,↓,↓,VP_LOCKED_CANDIDATE,36.948819384109655,CBI_ACTIVE,COST_NEUTRAL,-0.04555094367503465,-0.014734148810548353,-0.1144232860097123,Improving,-0.014734148810548353,2.6400943396226415,C
01177,中生制药,2024-03-31,-3.6913,5.06,-0.2024489252959658,0.6666666666666666,0.7780625320348539,T3,0.7791827797947946,-0.23891840987975643,↓,↓,VP_DECLINE_SILENT,25.829677675341692,CBI_TURBULENT,COST_DISADVANTAGE,-0.06382120142516978,-0.07859945725149142,-0.06601537072473052,Deteriorating,-0.07859945725149142,-0.729505928853755,C
01177,中生制药,2024-04-30,-10.5263,7.41,0.8726507695675287,0.9166666666666666,1.0705514086202745,T4,1.0712273110117765,0.06188213774756046,→,→,VP_NEUTRAL,17.4284417201379,CBI_TURBULENT,COST_DISADVANTAGE,-0.03530060994627804,-0.04568282725896822,-0.17015302973800106,Stable,-0.04568282725896822,-1.4205533063427802,C
01177,中生制药,2024-05-31,4.6693,6.14,0.1045843507450917,0.5833333333333334,1.0093150684931507,T3,1.0083232006011886,0.4449230159948565,→,→,VP_STABLE_ASCENT,29.47619934462008,CBI_TURBULENT,COST_DISADVANTAGE,-0.052770713502642064,-0.08706093990507702,-0.12459280391969518,Improving,-0.08706093990507702,0.7604723127035831,C
01177,中生制药,2024-06-30,-5.9041,4.56,-0.7655003950904428,0.3333333333333333,0.7955801104972375,T2,0.793255012265353,-0.10269892904312994,↓,↓,VP_DECLINE_SILENT,38.27130146220311,CBI_ACTIVE,COST_DISADVANTAGE,-0.042521896957135374,-0.06714135599348448,-0.0829156229472705,Deteriorating,-0.06714135599348448,-1.2947587719298246,C
01177,中生制药,2024-07-31,8.4677,4.5,-0.8347506284173354,0.25,0.8461297398934503,T2,0.8420563107270835,-0.3965286099516605,↓,↓,VP_LOCKED_CANDIDATE,41.520423885911946,CBI_ACTIVE,COST_DISADVANTAGE,-0.04175998294549166,-0.04346366102705734,-0.0325658924424147,Improving,-0.04346366102705734,1.8817111111111113,C
01177,中生制药,2024-08-31,15.6134,6.81,0.42763185149289135,0.75,1.1850348027842228,T3,1.183436236999795,0.10698228605263194,↑,↑,VP_EXPANSION,24.87184676353188,CBI_TURBULENT,COST_NEUTRAL,-0.020111204885649103,0.01188216251821217,0.11848329907215249,Improving,0.01188216251821217,2.2927165932452276,C
01177,中生制药,2024-09-30,17.0418,6.11,-0.05880315086428188,0.5,1.03180410920349,T3,1.0320980118191685,0.3415632973341156,→,→,VP_STABLE_ASCENT,33.409638292694765,CBI_ACTIVE,COST_ADVANTAGE,0.032023774613625156,0.07365148468310223,0.1676202257172521,Improving,0.07365148468310223,2.7891653027823238,C
01177,中生制药,2024-10-31,-4.1783,9.02,1.4480744802343741,0.9166666666666666,1.4571890145395798,T4,1.4582303558238479,1.0124471253695244,↑,↑,VP_SELLING_ACTIVE,19.36106340574243,CBI_TURBULENT,COST_NEUTRAL,-0.05105116273084431,-0.08705375150215833,0.10346526826026015,Deteriorating,-0.08705375150215833,-0.46322616407982264,C
01177,中生制药,2024-11-30,-9.7143,6.3,0.11757816651792762,0.5833333333333334,1.0134048257372654,T3,1.014265009085988,-0.07379704329484116,→,→,VP_NEUTRAL,35.05211417554426,CBI_ACTIVE,COST_NEUTRAL,-0.03262293601986055,-0.06762500737749955,0.01364832782047154,Stable,-0.06762500737749955,-1.541952380952381,C
01177,中生制药,2024-12-31,-1.5823,4.9,-0.8697369609033925,0.3333333333333333,0.7810839532412328,T2,0.7818022816430379,-0.19783407025334987,↓,↓,VP_DECLINE_SILENT,42.96353230194536,CBI_ACTIVE,COST_DISADVANTAGE,-0.03739715101585339,-0.04980123088266786,-0.11898272030601853,Deteriorating,-0.04980123088266786,-0.32291836734693874,C
01177,中生制药,2025-01-31,-12.2186,6.41,0.3565433410121892,0.75,0.9724399494311,T3,0.9722975448460125,-0.28961781914657014,→,→,VP_NEUTRAL,29.637229256877674,CBI_TURBULENT,COST_DISADVANTAGE,-0.05818671664181052,-0.06317658412630311,-0.22663113390206768,Stable,-0.06317658412630311,-1.9061778471138846,C
01177,中生制药,2025-02-28,20.3846,9.67,2.7566376190965327,1.0,1.3680735675548217,T5,1.3693633282654512,0.5367376756229565,↑,↑,VP_EXPANSION,18.783069838610817,CBI_TURBULENT,COST_DISADVANTAGE,-0.07131550326156666,-0.03209789865660084,-0.11331701432727914,Stable,-0.03209789865660084,2.1080248190279214,C
01177,中生制药,2025-03-31,16.9329,11.14,2.8911746463380084,1.0,1.40893760539629,T5,1.4095344170969364,1.2747719896593983,↑,↑,VP_EXPANSION,16.454232472420877,CBI_TURBULENT,COST_ADVANTAGE,0.0058544757370961875,0.03485714185174893,0.11497459573842894,Stable,0.03485714185174893,1.5200089766606821,C
01177,中生制药,2025-04-30,4.0872,11.57,2.2698634355534066,1.0,1.3886777355471094,T5,1.3885752430414815,0.8064260653797257,↑,↑,VP_EXPANSION,14.773458722265973,CBI_TURBULENT,COST_ADVANTAGE,-0.017136968959192256,0.032768412131159774,0.16371665456852402,Stable,0.032768412131159774,0.3532584269662921,C
01177,中生制药,2025-05-31,14.4357,10.77,1.3903138804473554,0.8333333333333334,1.1865589423430039,T4,1.1858873715284834,0.11227188796028553,↑,↑,VP_EXPANSION,19.302476442729887,CBI_TURBULENT,COST_ADVANTAGE,0.017717517225079416,0.0612014221232664,0.32822110312009567,Stable,0.0612014221232664,1.3403621169916435,C
01177,中生制药,2025-06-30,20.6019,20.83,5.254998163269979,1.0,1.7755362977695692,T5,1.7729928051589297,0.8652899306420383,↑↑,↑↑,VP_OVERHEAT,9.752642290169204,CBI_TURBULENT,COST_ADVANTAGE,0.004097488557506912,0.03077559004691577,0.16957667224793216,Deteriorating,0.03077559004691577,0.9890494479116659,C
01177,中生制药,2025-07-31,40.678,23.82,3.406323998835275,1.0,1.6277904328018225,T5,1.6265624336838593,1.0554892909202152,↑↑,↑↑,VP_OVERHEAT,7.670837429013633,CBI_TURBULENT,COST_ADVANTAGE,0.09719040331840523,0.1459690894522585,0.6769170329543288,Deteriorating,0.1459690894522585,1.7077246011754827,C
01177,中生制药,2025-08-31,9.2992,18.72,1.335919826018738,0.8333333333333334,1.159731543624161,T4,1.1583981157512893,0.7348530262486113,↑,↑,VP_EXPANSION,13.253970189267829,CBI_TURBULENT,COST_ADVANTAGE,0.0050441472038238455,0.06040242106266258,0.8205886395260515,Stable,0.06040242106266258,0.4967521367521368,C
01177,中生制药,2025-09-30,-0.7317,16.11,0.6695958160284435,0.75,0.9493223335297585,T4,0.948490690951014,-0.22703548280129948,→,→,VP_NEUTRAL,16.083096053628186,CBI_TURBULENT,COST_NEUTRAL,0.0015886159859126447,-0.029971758123314096,0.10101687210875476,Stable,-0.029971758123314096,-0.045418994413407826,C
01177,中生制药,2025-10-31,-13.5697,10.93,-0.30334514345358105,0.5,0.6481518086578375,T3,0.6476596879892382,-0.541683724958646,↓,↓,VP_DECLINE_SILENT,24.381138396907073,CBI_TURBULENT,COST_DISADVANTAGE,0.011506418304192856,-0.049418404920843595,-0.0437113899497672,Deteriorating,-0.049418404920843595,-1.241509606587374,C
01177,中生制药,2025-11-30,-0.7042,7.62,-0.976484426227963,0.25,0.46638784045700304,T2,0.4664656170168907,-0.5927630522535721,↓,↓,VP_SHRINK,32.90253562421354,CBI_ACTIVE,COST_NEUTRAL,0.004565031620626492,0.0006330689240003906,-0.04641659110973961,Stable,0.0006330689240003906,-0.09241469816272967,C
01177,中生制药,2025-12-31,-12.7119,6.1,-1.3628906453893872,0.08333333333333333,0.43937575030012005,T2,0.4385184969559358,-0.6220133871679236,↓,↓,VP_DECLINE_SILENT,39.18387571463481,CBI_ACTIVE,COST_DISADVANTAGE,-0.04342971759512115,-0.06481844654830482,-0.13096638455040877,Deteriorating,-0.06481844654830482,-2.0839180327868854,C
01177,中生制药,2026-01-31,6.4103,8.41,-0.920974792331692,0.25,0.7432611577551923,T2,0.7447361232680602,-0.22874560392062881,↓,↓,VP_LOCKED_CANDIDATE,35.52937462618138,CBI_ACTIVE,COST_NEUTRAL,-0.011798653393120806,-0.016357108571219192,-0.06628103453312528,Improving,-0.016357108571219192,0.7622235434007134,C
01177,中生制药,2026-02-28,-8.8855,5.19,-1.470851498550628,0.08333333333333333,0.5728476821192053,T2,0.5718199029017424,-0.3205023353646659,↓,↓,VP_DECLINE_SILENT,41.05857056583279,CBI_ACTIVE,COST_DISADVANTAGE,-0.03826852862619823,-0.056733168267704026,-0.14924702694659764,Deteriorating,-0.056733168267704026,-1.7120423892100192,C
01177,中生制药,2026-03-31,-1.34,8.24,-0.7547630011688251,0.3333333333333333,1.0634545063454506,T2,1.0654135285853805,0.35622834035902873,→,→,VP_NEUTRAL,33.18640706266881,CBI_ACTIVE,COST_NEUTRAL,0.019770685407232813,-0.004835354987156815,-0.07339610718041878,Stable,-0.004835354987156815,-0.16262135922330098,C
01177,中生制药,2026-04-30,-10.2649,8.54,-0.6390782165184954,0.5,1.1619047619047618,T2,1.157766610922325,0.009398147426611825,↑,↑,VP_SELLING_ACTIVE,27.877313256004307,CBI_TURBULENT,COST_DISADVANTAGE,-0.055626259700671254,-0.08252524604887634,-0.1473356368281612,Deteriorating,-0.08252524604887634,-1.2019789227166278,C
01177,中生制药,2026-05-31,-7.1956,7.84,-0.7104378335622479,0.3333333333333333,1.0613718411552349,T2,1.059423612822535,0.5092717539393457,→,→,VP_NEUTRAL,32.647356426725146,CBI_ACTIVE,COST_DISADVANTAGE,0.015343574468587695,-0.049409596423261704,-0.20868971462096875,Stable,-0.049409596423261704,-0.9178061224489796,C
01177,中生制药,2026-06-30,-10.728744939271262,10.44,-0.10772004061231111,0.6666666666666666,1.2872996300863133,T3,1.2863414325499178,0.26208487752485654,↑,↑,VP_SELLING_ACTIVE,21.78066626556896,CBI_TURBULENT,COST_DISADVANTAGE,0.007627142146342525,-0.035156150237795836,-0.1529878380699713,Deteriorating,-0.035156150237795836,-1.0276575612328795,C
01177,,2026-07-31,14.058956916099774,13.59,0.9546759780058693,0.8333333333333334,1.5144873699851413,T4,1.5134020981522849,0.5934803250564458,↑↑,↑↑,VP_OVERHEAT,17.491687558931467,CBI_TURBULENT,COST_NEUTRAL,-0.011589147342560557,-0.009579720277627546,-0.033906763150103325,Deteriorating,-0.009579720277627546,1.03450749934509,C
01951,锦鑫生殖,2019-06-30,-11.96,16.77,,,,,,,,,VP_NEUTRAL,,,COST_DISADVANTAGE,-0.12076765277738488,-0.12076765459103578,-0.12076765277738488,Stable,-0.12076765459103578,-0.7131782945736435,C
01951,锦鑫生殖,2019-07-31,9.1754,8.41,,,,,,,,,VP_NEUTRAL,,,COST_NEUTRAL,0.05978286471906191,0.04257464022396018,-0.01986032167559737,Stable,0.04257464022396018,1.0910107015457788,C
01951,锦鑫生殖,2019-08-31,-1.5824,5.66,,,0.5505836575875487,,0.560930510676939,,↓,↓,VP_DECLINE_SILENT,,,COST_NEUTRAL,-0.014341861879371365,0.007443464884743012,-0.03942398790961732,Deteriorating,0.007443464884743012,-0.27957597173144877,C
01951,锦鑫生殖,2019-09-30,18.0972,9.7,,,0.957079427725703,,0.9709796068375398,-0.40801386309168497,→,→,VP_STABLE_ASCENT,,,COST_NEUTRAL,-0.04908198323462187,-0.02601467454355011,0.10279620706056636,Improving,-0.02601467454355011,1.8656907216494847,C
01951,锦鑫生殖,2019-10-31,28.2908,5.88,,,0.6333476949590693,,0.6394081233410573,-0.2868523467260117,↓,↓,VP_LOCKED_CANDIDATE,,,COST_ADVANTAGE,0.038758945602169526,0.07543800258594757,0.4071794239927775,Improving,0.07543800258594757,4.811360544217687,C
01951,锦鑫生殖,2019-11-30,-17.7228,6.11,-0.7852120510681964,0.5,0.6978869217589948,T2,0.7050428979836963,0.07831996141810227,↓,↓,VP_DECLINE_SILENT,26.958539317541835,CBI_TURBULENT,COST_NEUTRAL,-0.06831771352755056,-0.14156467106742776,0.15616209574348638,Deteriorating,-0.14156467106742776,-2.900621931260229,C
01951,锦鑫生殖,2019-12-31,-12.6507,5.45,-0.8529070125681572,0.14285714285714285,0.7934967240960932,T2,0.7989394987722677,-0.43726922016775704,↓,↓,VP_DECLINE_SILENT,38.884641034603646,CBI_ACTIVE,COST_DISADVANTAGE,-0.08398626764078498,-0.1054311535857283,-0.20206403550093033,Deteriorating,-0.1054311535857283,-2.321229357798165,C
01951,锦鑫生殖,2020-01-31,-0.1942,14.24,1.5804200795699328,0.875,1.816326530612245,T5,1.8147476773850195,1.4255260051599277,↑↑,↑↑,VP_NEUTRAL,14.225958770775117,CBI_TURBULENT,COST_DISADVANTAGE,-0.026535084241334106,-0.09521112147472433,-0.19737902152011566,Stable,-0.09521112147472433,-0.013637640449438203,C
01951,锦鑫生殖,2020-02-29,-4.767,8.01,-0.2519197743042043,0.5555555555555556,0.9730714719578863,T3,0.9742393077210042,0.31323049225208766,→,→,VP_NEUTRAL,25.163955415264606,CBI_TURBULENT,COST_DISADVANTAGE,-0.03629853999952948,-0.08310506102308057,-0.23563996903010143,Stable,-0.08310506102308057,-0.5951310861423221,C
01951,锦鑫生殖,2020-03-31,-14.2872,15.44,1.707637766502745,0.9,1.6803918011971704,T5,1.6800868383116303,1.8245624189786582,↑↑,↑↑,VP_PANIC,13.208383455386244,CBI_TURBULENT,COST_DISADVANTAGE,0.028664070292748978,-0.04701592813521516,-0.1742725411308439,Deteriorating,-0.04701592813521516,-0.9253367875647669,C
01951,锦鑫生殖,2020-04-30,13.2025,6.88,-0.6521690786929295,0.45454545454545453,0.7354355959380011,T2,0.7344155985917544,-0.5171491184264614,↓,↓,VP_LOCKED_CANDIDATE,28.325989386999204,CBI_TURBULENT,COST_NEUTRAL,-0.024495216868523517,0.021995452951931505,-0.04744929765647643,Improving,0.021995452951931505,1.9189680232558142,C
01951,锦鑫生殖,2020-05-31,8.2988,8.37,-0.23796854103337042,0.5833333333333334,0.8600787806131186,T3,0.8611409190410623,0.044995441574807504,↓,↓,VP_LOCKED_CANDIDATE,24.501938930837543,CBI_TURBULENT,COST_NEUTRAL,-0.010723162711711809,-0.001245888778915849,0.0007238723454150442,Improving,-0.001245888778915849,0.9914934289127838,C
01951,锦鑫生殖,2020-06-30,12.04,12.27,1.1459712212438455,0.8333333333333334,1.128967949700966,T4,1.1289120889277822,-0.205166661595931,↑,↑,VP_EXPANSION,17.139385214053352,CBI_TURBULENT,COST_ADVANTAGE,0.12419834197683977,0.08478543584580023,0.12986554949965345,Stable,0.08478543584580023,0.9812550937245313,C
01951,锦鑫生殖,2020-07-31,-9.4859,36.25,8.022868926682929,1.0,2.4936941068562257,T5,2.4907322867646893,4.266469800627918,↑↑,↑↑,VP_PANIC,7.9237656668853065,CBI_TURBULENT,COST_NEUTRAL,-0.008206334679356386,-0.04466946052635645,0.046440170508951883,Deteriorating,-0.04466946052635645,-0.26168,C
01951,锦鑫生殖,2020-08-31,0.934,9.72,-0.23411589161701696,0.6666666666666666,0.6557966940290116,T3,0.6543954137121748,0.15578753957211822,↓,↓,VP_SHRINK,18.731051933668596,CBI_TURBULENT,COST_ADVANTAGE,-0.0013506400601459578,0.030338027101608045,0.058190223887924164,Stable,0.030338027101608045,0.09609053497942387,C
01951,锦鑫生殖,2020-09-30,-7.6724,5.47,-0.7392088381699712,0.16666666666666666,0.4156534954407295,T2,0.4166287248507478,-0.5536283883590172,↓,↓,VP_DECLINE_SILENT,36.13656837285734,CBI_ACTIVE,COST_DISADVANTAGE,-0.02307415874111085,-0.0650467019687937,-0.12163257695328311,Deteriorating,-0.0650467019687937,-1.4026325411334553,C
01951,锦鑫生殖,2020-10-31,-3.7395,4.33,-0.8674708907492742,0.08333333333333333,0.3400078523753436,T2,0.3385035626132617,-0.8810251509073846,↓,↓,VP_DECLINE_SILENT,39.234965184954994,CBI_ACTIVE,COST_DISADVANTAGE,-0.03561092461799231,-0.06133874797162253,-0.15447897482352502,Deteriorating,-0.06133874797162253,-0.8636258660508083,C
01951,锦鑫生殖,2020-11-30,43.3758,30.33,2.199093309253788,0.9166666666666666,1.8499542543458372,T5,1.8500246281346608,2.12533316028611,↑↑,↑↑,VP_OVERHEAT,10.142068654314517,CBI_TURBULENT,COST_ADVANTAGE,0.0285234859177117,0.11556083739550305,0.2214298008025759,Deteriorating,0.11556083739550305,1.4301285855588526,C
01951,锦鑫生殖,2020-12-31,16.6828,9.96,-0.38499904397107504,0.5833333333333334,0.6221111805121798,T3,0.6228031467948881,0.8173552067021319,↓,↓,VP_LOCKED_CANDIDATE,21.230151691266244,CBI_TURBULENT,COST_ADVANTAGE,0.04491641504827881,0.07746766603650879,0.2673222347534543,Improving,0.07746766603650879,1.6749799196787147,C
01951,锦鑫生殖,2021-01-31,-0.7669,22.69,0.940277032618011,0.8333333333333334,1.6501818181818182,T4,1.6495817568935767,4.258573818414149,↑↑,↑↑,VP_NEUTRAL,12.64519455290708,CBI_TURBULENT,COST_NEUTRAL,-0.06428617588702779,0.01619802767474665,0.25599746850174787,Stable,0.01619802767474665,-0.03379903040987219,C
01951,锦鑫生殖,2021-02-28,10.9785,18.87,0.41313098999596953,0.75,1.2353518821603928,T3,1.2549162094456956,-0.36544407925031275,↑,↑,VP_EXPANSION,14.412645588446793,CBI_TURBULENT,COST_NEUTRAL,-0.10361766800982974,-0.10013844036988695,0.4064550772744182,Improving,-0.10013844036988695,0.5817965023847377,C
01951,锦鑫生殖,2021-03-31,-9.6913,15.7,0.06763021323408244,0.6666666666666666,0.9246171967020023,T3,0.9477440916031205,0.6282100865549636,→,→,VP_NEUTRAL,16.89255316989814,CBI_TURBULENT,COST_NEUTRAL,0.061985570101884324,0.045925593520599994,-0.011441662278461995,Stable,0.045925593520599994,-0.61728025477707,C
01951,锦鑫生殖,2021-04-30,19.7745,10.3,-0.5609075603085998,0.5,0.5730180806675939,T2,0.5847402452544146,-0.5311675125783406,↓,↓,VP_LOCKED_CANDIDATE,22.14696575293221,CBI_TURBULENT,COST_ADVANTAGE,-0.003060992489480996,0.06250312240522149,0.18404102583431592,Improving,0.06250312240522149,1.9198543689320386,C
01951,锦鑫生殖,2021-05-31,10.7141,12.61,-0.3479671258360156,0.5833333333333334,0.8394541218240318,T3,0.8503620635967929,-0.3242849911521709,↓,↓,VP_LOCKED_CANDIDATE,19.918834331729997,CBI_TURBULENT,COST_ADVANTAGE,0.15031482772498395,0.12140943259179826,0.32409722006145847,Improving,0.12140943259179826,0.8496510705789057,C
01951,锦鑫生殖,2021-06-30,-10.7714,17.18,0.1194666996544522,0.6666666666666666,1.0588597842835132,T3,1.0692139140684496,0.09259811864689538,→,→,VP_NEUTRAL,17.09575523571153,CBI_TURBULENT,COST_NEUTRAL,-0.052010763217016254,-0.013751666667875417,-0.0013942450703718912,Stable,-0.013751666667875417,-0.6269732246798603,C
01951,锦鑫生殖,2021-07-31,-25.7872,25.45,1.518379555634264,0.9166666666666666,1.5253221456397963,T5,1.5273896987550533,1.4686423561093696,↑↑,↑↑,VP_PANIC,9.166280613202286,CBI_TURBULENT,COST_DISADVANTAGE,0.05218591697891051,-0.07439192455036792,-0.2589070045991505,Deteriorating,-0.07439192455036792,-1.0132495088408644,C
01951,锦鑫生殖,2021-08-31,-15.3665,14.52,-0.15275183565436,0.5,0.9097744360902256,T3,0.9109229771145942,0.1540727003606297,→,→,VP_NEUTRAL,23.467990284191462,CBI_TURBULENT,COST_DISADVANTAGE,0.002500103010040222,-0.08084166253435798,-0.3727871492513194,Stable,-0.08084166253435798,-1.0582988980716255,C
01951,锦鑫生殖,2021-09-30,-7.1272,10.2,-0.8848156383283197,0.25,0.6780412142698868,T2,0.6779325930328385,-0.4065759209759179,↓,↓,VP_DECLINE_SILENT,32.06351264598018,CBI_ACTIVE,COST_DISADVANTAGE,-0.07604311923716034,-0.11052491124906483,-0.202996271405113,Deteriorating,-0.11052491124906483,-0.6987450980392158,C
01951,锦鑫生殖,2021-10-31,-5.058,10.49,-1.0262121279842322,0.3333333333333333,0.6958540630182423,T2,0.6965134575826054,-0.5870634302697861,↓,↓,VP_DECLINE_SILENT,29.724882458286274,CBI_TURBULENT,COST_DISADVANTAGE,-0.06658129337732843,-0.11071073208505788,-0.2433086602239003,Deteriorating,-0.11071073208505788,-0.4821734985700667,C
01951,锦鑫生殖,2021-11-30,0.0,12.91,-0.4639953583004633,0.5,0.8535537190082645,T3,0.8535217382084167,-0.11211786223336806,↓,↓,VP_SHRINK,25.46089825005691,CBI_TURBULENT,COST_DISADVANTAGE,-0.08721125679400765,-0.025396798433963697,-0.2516491544622702,Stable,-0.025396798433963697,0.0,C
01951,锦鑫生殖,2021-12-31,-19.1383,13.45,-0.42856579499934966,0.5,0.9273730176970811,T3,0.9265773331429773,0.31777185098838867,→,→,VP_NEUTRAL,25.543775344021665,CBI_TURBULENT,COST_DISADVANTAGE,0.015720618903381167,-0.07683261385888218,-0.20194607151964328,Stable,-0.07683261385888218,-1.422921933085502,C
01951,锦鑫生殖,2022-01-31,-11.283,9.74,-1.1440645204079878,0.08333333333333333,0.8195204038704249,T2,0.8198089548336482,-0.07173537992244261,↓,↓,VP_DECLINE_SILENT,40.190328136995205,CBI_ACTIVE,COST_DISADVANTAGE,-0.027316645785106175,-0.0881770664933903,-0.290339592804048,Deteriorating,-0.0881770664933903,-1.1584188911704312,C
01951,锦鑫生殖,2022-02-28,16.8254,13.13,-0.1704945693751213,0.5833333333333334,1.1267162471395882,T3,1.126238241226731,0.016472868884318537,↑,↑,VP_EXPANSION,24.166870412633738,CBI_TURBULENT,COST_NEUTRAL,-0.0013868042171568673,0.024981809222412554,-0.16658866300588138,Improving,0.024981809222412554,1.2814470677837013,C
01951,锦鑫生殖,2022-03-31,-34.1632,40.97,6.366425426797414,1.0,2.4413546528950243,T5,2.438656918172528,2.043173714336431,↑↑,↑↑,VP_PANIC,6.8443163202899955,CBI_TURBULENT,COST_DISADVANTAGE,-0.1053998260458473,-0.07864089262296814,-0.17890284560191083,Deteriorating,-0.07864089262296814,-0.8338589211618258,C
01951,锦鑫生殖,2022-04-30,-16.874,16.61,0.021261683951617438,0.75,0.933058702368692,T3,0.9316142177937596,0.6993870751855831,→,→,VP_NEUTRAL,14.949448445785219,CBI_TURBULENT,COST_DISADVANTAGE,-0.008776328040135728,-0.09969269771767775,-0.3209274509073291,Stable,-0.09969269771767775,-1.0158940397350993,C
01951,锦鑫生殖,2022-05-31,23.5801,17.87,0.12419533354657133,0.8333333333333334,0.9592914019862218,T3,0.9576398641075013,0.35690591600913435,→,→,VP_STABLE_ASCENT,11.830630231443251,CBI_TURBULENT,COST_NEUTRAL,0.1261928237904708,0.183228177158834,-0.1608016704159262,Improving,0.183228177158834,1.319535534415221,C
01951,锦鑫生殖,2022-06-30,18.9813,17.73,0.10090201973338225,0.75,0.9166738474795346,T3,0.9163401606152867,-0.5674337332185526,→,→,VP_STABLE_ASCENT,14.461563057697628,CBI_TURBULENT,COST_ADVANTAGE,0.1186014547373182,0.13396645573182187,0.27721925881473575,Improving,0.13396645573182187,1.070575296108291,C
01951,锦鑫生殖,2022-07-31,-15.5223,13.83,-0.2788218203219053,0.5833333333333334,0.6906941901115365,T3,0.6914528749612543,-0.16582429635524076,↓,↓,VP_DECLINE_SILENT,20.09086311532443,CBI_TURBULENT,COST_NEUTRAL,-0.03427846043144811,-0.08201153339190415,0.07595614872400214,Deteriorating,-0.08201153339190415,-1.1223644251626899,C
01951,锦鑫生殖,2022-08-31,-17.4239,14.45,-0.19632809672275914,0.6666666666666666,0.7138152478182117,T3,0.7172984415995031,-0.18588518856671954,↓,↓,VP_DECLINE_SILENT,17.411058361170078,CBI_TURBULENT,COST_DISADVANTAGE,-0.03330113283883995,-0.07808618294049574,-0.09680952984945979,Deteriorating,-0.07808618294049574,-1.2058062283737025,C
01951,锦鑫生殖,2022-09-30,-24.1952,10.77,-0.7003504201217454,0.25,0.7080867850098619,T2,0.7122155981656366,-0.3879980514978646,↓,↓,VP_DECLINE_SILENT,31.580055197635833,CBI_ACTIVE,COST_DISADVANTAGE,-0.08431720935897025,-0.16110437129829203,-0.32428605573038405,Deteriorating,-0.16110437129829203,-2.246536675951718,C
01951,锦鑫生殖,2022-10-31,0.5276,18.36,0.2294622560798332,0.9166666666666666,1.1843887754004947,T3,1.1871217266552172,0.33240020923954416,↑,↑,VP_DIVERGENCE_HIGH,9.889745895652771,CBI_TURBULENT,COST_DISADVANTAGE,-0.05829270861962865,-0.049821165104621534,-0.32072122352637655,Deteriorating,-0.049821165104621534,0.028736383442265794,C
01951,锦鑫生殖,2022-11-30,55.1671,39.55,2.80093186665344,0.9166666666666666,2.0690557154067486,T5,2.0724313252767885,1.738441138463767,↑↑,↑↑,VP_OVERHEAT,8.84952950615742,CBI_TURBULENT,COST_ADVANTAGE,0.16043164848743996,0.13997408526628896,0.06784548671043766,Deteriorating,0.13997408526628896,1.3948697850821745,C
01951,锦鑫生殖,2022-12-31,14.581,37.69,1.7939020083632249,0.8333333333333334,1.6794652803564796,T5,1.679330855446139,2.491561353951617,↑↑,↑↑,VP_OVERHEAT,11.492430004304762,CBI_TURBULENT,COST_ADVANTAGE,-0.0286300405159835,0.029331778273437026,0.2582558995681028,Deteriorating,0.029331778273437026,0.38686654284956223,C
01951,锦鑫生殖,2023-01-31,1.8359,36.27,1.3112609043150414,0.75,1.3853205169011398,T4,1.4054061071910713,1.0143212460084263,↑,↑,VP_EXPANSION,14.10548960345854,CBI_TURBULENT,COST_NEUTRAL,-0.06702503187957021,0.012655587310915317,0.2688132137862662,Stable,0.012655587310915317,0.050617590295009646,C
01951,锦鑫生殖,2023-02-28,-14.6389,20.34,-0.32514570370545165,0.6666666666666666,0.7488035341759726,T3,0.792418145363686,-0.44877098589411535,↓,↓,VP_DECLINE_SILENT,16.719420257207673,CBI_TURBULENT,COST_NEUTRAL,-0.031216262340215906,-0.11840567506435262,0.0875793197077952,Deteriorating,-0.11840567506435262,-0.7197099311701082,C
01951,锦鑫生殖,2023-03-31,-17.4575,26.36,0.42499458398726997,0.75,0.885703085624685,T3,0.9351724075096031,-0.24345578172936966,→,↓,VP_NEUTRAL,14.27703875314862,CBI_TURBULENT,COST_DISADVANTAGE,-0.017521852848026542,-0.06953128290107602,-0.21118006502814224,Stable,-0.06953128290107602,-0.662272382397572,C
01951,锦鑫生殖,2023-04-30,-2.4899,13.02,-1.015567005963709,0.16666666666666666,0.4509611499162962,T2,0.4725682959141497,-0.6194449941553368,↓,↓,VP_DECLINE_SILENT,33.54863987489653,CBI_ACTIVE,COST_DISADVANTAGE,-0.001269203486376047,-0.058955166962659344,-0.2278634322357761,Deteriorating,-0.058955166962659344,-0.19123655913978496,C
01951,锦鑫生殖,2023-05-31,-22.3692,11.73,-1.0667002471393303,0.16666666666666666,0.4840107282855375,T2,0.5017792484228805,-0.4183602801830776,↓,↓,VP_DECLINE_SILENT,34.43723612086945,CBI_ACTIVE,COST_DISADVANTAGE,-0.06869342025148872,-0.12348502342474499,-0.394697104312116,Deteriorating,-0.12348502342474499,-1.907007672634271,C
01951,锦鑫生殖,2023-06-30,2.2551,10.55,-1.086517393704334,0.08333333333333333,0.5352160311152449,T2,0.5458927224982544,-0.599581334016878,↓,↓,VP_LOCKED_CANDIDATE,37.378538616957385,CBI_ACTIVE,COST_DISADVANTAGE,-0.019921142354049404,-0.05689433616170381,-0.15003670054103402,Improving,-0.05689433616170381,0.21375355450236966,C
01951,锦鑫生殖,2023-07-31,7.7651,7.29,-1.33269617479317,0.08333333333333333,0.48986448650464776,T2,0.4911563158336044,-0.43915327638431634,↓,↓,VP_LOCKED_CANDIDATE,37.60590585861171,CBI_ACTIVE,COST_NEUTRAL,0.013090354452599318,0.015227154410025312,-0.0750583158791307,Improving,0.015227154410025312,1.0651714677640605,C
01951,锦鑫生殖,2023-08-31,-13.2554,8.65,-1.0855376001627435,0.16666666666666666,0.6688144329896908,T2,0.6696568530380798,-0.26170776345240565,↓,↓,VP_DECLINE_SILENT,35.31162841095989,CBI_ACTIVE,COST_DISADVANTAGE,0.0028703410604464796,-0.04917761303380641,-0.1958568245010861,Deteriorating,-0.04917761303380641,-1.5324161849710982,C
01951,锦鑫生殖,2023-09-30,-5.3971,5.69,-1.3056677333513438,0.08333333333333333,0.599683822237836,T2,0.6000547632932108,-0.46039223172946764,↓,↓,VP_DECLINE_SILENT,38.89471017975741,CBI_ACTIVE,COST_DISADVANTAGE,0.012926488245238899,-0.021700087688830916,-0.09955807344809908,Deteriorating,-0.021700087688830916,-0.9485237258347978,C
01951,锦鑫生殖,2023-10-31,7.2002,7.11,-1.0155889632788342,0.16666666666666666,0.8361426891415131,T2,0.8352849244164549,-0.02590575746247681,↓,↓,VP_LOCKED_CANDIDATE,36.07085880530079,CBI_ACTIVE,COST_NEUTRAL,0.0690492531085296,0.00879577548565802,-0.05308049506047041,Improving,0.00879577548565802,1.0126863572433191,C
01951,锦鑫生殖,2023-11-30,-4.65,7.57,-0.8254507037608184,0.3333333333333333,0.9692701664532649,T2,0.9678870573441454,-0.12704286820934307,→,→,VP_NEUTRAL,31.447801631979665,CBI_ACTIVE,COST_DISADVANTAGE,-0.0689747079765548,-0.07911444873719264,-0.09711188511190816,Stable,-0.07911444873719264,-0.6142668428005285,C
01951,锦鑫生殖,2023-12-31,-10.8372,9.33,-0.5113165893635606,0.5,1.226555652936021,T2,1.225665487208351,0.6371893462146887,↑,↑,VP_SELLING_ACTIVE,26.58661925212114,CBI_TURBULENT,COST_DISADVANTAGE,0.0020104869282799864,-0.025754528155808032,-0.11356269342581715,Deteriorating,-0.025754528155808032,-1.1615434083601286,C
01951,锦鑫生殖,2024-01-31,-36.4348,14.43,0.4680320642208929,0.8333333333333334,1.6403940886699506,T3,1.6405984339222957,1.0309066200942527,↑↑,↑↑,VP_PANIC,15.340903368683737,CBI_TURBULENT,COST_DISADVANTAGE,-0.11999934348770891,-0.19719490718618682,-0.43139800845393494,Deteriorating,-0.19719490718618682,-2.524934164934165,C
01951,锦鑫生殖,2024-02-29,13.3907,10.62,-0.08154014602726882,0.6666666666666666,1.163835616438356,T3,1.1627462583175887,0.40250233545538805,↑,↑,VP_EXPANSION,20.910729504016285,CBI_TURBULENT,COST_NEUTRAL,-0.001567328718994565,0.02112236949821389,-0.3613664983629937,Improving,0.02112236949821389,1.2608945386064032,C
01951,锦鑫生殖,2024-03-31,0.0,11.54,0.7372326033885643,0.75,1.1425742574257425,T4,1.1461223321115976,0.24162006250478796,↑,↑,VP_DIVERGENCE_HIGH,22.19540888419531,CBI_TURBULENT,COST_DISADVANTAGE,-0.01775366707900372,-0.05375624446195859,-0.05208838614912126,Deteriorating,-0.05375624446195859,0.0,C
01951,锦鑫生殖,2024-04-30,8.3299,9.31,-0.07830405458520621,0.5,0.8894904458598727,T3,0.9006468551198697,-0.3452707407692499,→,↓,VP_NEUTRAL,30.884122490499667,CBI_ACTIVE,COST_ADVANTAGE,0.05289198502322057,0.045582458636259426,0.0398642377166325,Stable,0.045582458636259426,0.8947261009667025,C
01951,锦鑫生殖,2024-05-31,16.6604,23.95,6.285116191953529,1.0,1.814852235412983,T5,1.8285709172112063,1.289414551004584,↑↑,↑↑,VP_OVERHEAT,9.33891083629485,CBI_TURBULENT,COST_NEUTRAL,-0.04542167619233983,-0.04197717793248623,0.2317653657842924,Deteriorating,-0.04197717793248623,0.6956325678496869,C
01951,锦鑫生殖,2024-06-30,-10.926,10.16,-0.07013001774472248,0.6666666666666666,0.7619047619047619,T3,0.7661894815287891,-0.11050909133952302,↓,↓,VP_DECLINE_SILENT,20.12163475854935,CBI_TURBULENT,COST_DISADVANTAGE,-0.019608739681915677,-0.09367519936694013,-0.08095986079927953,Deteriorating,-0.09367519936694013,-1.0753937007874015,C
01951,锦鑫生殖,2024-07-31,-10.0,10.24,-0.10990663527465323,0.6666666666666666,0.8103402796096019,T3,0.812985926518372,0.09821103133735765,↓,↓,VP_DECLINE_SILENT,20.74303437718704,CBI_TURBULENT,COST_DISADVANTAGE,0.030383396353014902,-0.04613567857783041,-0.1669132551130159,Deteriorating,-0.04613567857783041,-0.9765625,C
01951,锦鑫生殖,2024-08-31,-6.3241,5.99,-1.0481648075115293,0.16666666666666666,0.5048461862621155,T2,0.5033606468663457,-0.7511381975749039,↓,↓,VP_DECLINE_SILENT,37.38116522034876,CBI_ACTIVE,COST_DISADVANTAGE,-0.00387114606454686,-0.041778171949496956,-0.21650175183247922,Deteriorating,-0.041778171949496956,-1.0557762938230384,C
01951,锦鑫生殖,2024-09-30,50.6173,16.5,1.1951240670388892,0.9166666666666666,1.300065659881812,T4,1.2955715097613099,0.6165208334299097,↑,↑,VP_EXPANSION,11.320344081535346,CBI_TURBULENT,COST_ADVANTAGE,0.3232118720274968,0.2813996282573896,0.34608125881112217,Stable,0.2813996282573896,3.0677151515151517,C
01951,锦鑫生殖,2024-10-31,-8.0,50.51,8.169459769790533,1.0,2.5825308904985085,T5,2.5781369337699425,3.9111914896525413,↑↑,↑↑,VP_PANIC,5.5240398935945265,CBI_TURBULENT,COST_NEUTRAL,-0.03347723333119457,-0.050774333338298505,0.2688470882235987,Deteriorating,-0.050774333338298505,-0.15838447832112454,C
01951,锦鑫生殖,2024-11-30,-13.3333,17.5,0.15199933112449393,0.8333333333333334,0.9467989179440938,T3,0.9461763693341779,1.9227639410231356,→,→,VP_NEUTRAL,11.288148539926901,CBI_TURBULENT,COST_NEUTRAL,0.0031872990773500476,-0.08042916389653987,0.09966747646045238,Stable,-0.08042916389653987,-0.7619028571428571,C
01951,锦鑫生殖,2024-12-31,-10.9272,13.64,-0.23764503232899786,0.5833333333333334,0.7155097044937927,T3,0.7142118735500063,-0.17457815223375173,↓,↓,VP_DECLINE_SILENT,19.413698108825308,CBI_TURBULENT,COST_DISADVANTAGE,-0.04219630097889304,-0.10285845999983823,-0.21945164139931383,Deteriorating,-0.10285845999983823,-0.8011143695014662,C
01951,锦鑫生殖,2025-01-31,-9.7015,14.91,-0.12327548171447418,0.6666666666666666,0.7514489710205796,T3,0.7509622251290085,-0.7050951469747189,↓,↓,VP_DECLINE_SILENT,16.851059369692127,CBI_TURBULENT,COST_NEUTRAL,-0.024189762463401432,-0.01605057462175319,-0.29779664393544214,Deteriorating,-0.01605057462175319,-0.6506706908115358,C
01951,锦鑫生殖,2025-02-28,9.1667,26.38,0.8276088931852703,0.9166666666666666,1.1351118760757315,T4,1.1341916207848666,0.5052183232244087,↑,↑,VP_EXPANSION,8.429597108722644,CBI_TURBULENT,COST_DISADVANTAGE,-0.062317440063405005,-0.03891493269962176,-0.23976330872349516,Stable,-0.03891493269962176,0.34748673237300987,C
01951,锦鑫生殖,2025-03-31,14.4487,122.34,8.824542790176277,1.0,2.9926614481409,T5,2.9931171024324446,7.981528585952907,↑↑,↑↑,VP_OVERHEAT,4.905385124894451,CBI_TURBULENT,COST_DISADVANTAGE,-0.0552918123155286,-0.052062270596447746,-0.00913634564569521,Deteriorating,-0.052062270596447746,0.1181028281837502,C
01951,锦鑫生殖,2025-04-30,-3.3223,83.44,1.72860900583739,0.9166666666666666,1.7995039718198482,T5,1.7996282944639428,4.5993184050157545,↑↑,↑↑,VP_PANIC,7.880665664999416,CBI_TURBULENT,COST_DISADVANTAGE,-0.056496184714719955,-0.0758544145554545,-0.042055403929891266,Deteriorating,-0.0758544145554545,-0.0398166347075743,C
01951,锦鑫生殖,2025-05-31,-3.1034,30.78,-0.08461272526660832,0.75,0.6335723352430614,T3,0.6336762509848215,0.16793189841841594,↓,↓,VP_DECLINE_SILENT,13.67662232472465,CBI_TURBULENT,COST_NEUTRAL,0.018052304740010294,-0.013692044321760188,-0.07497446221408754,Deteriorating,-0.013692044321760188,-0.10082521117608836,C
01951,锦鑫生殖,2025-06-30,9.2857,48.53,0.3706833214542164,0.75,0.8921502543047981,T3,0.8921093774896193,-0.6034178527830862,↓,↓,VP_LOCKED_CANDIDATE,13.793589654310459,CBI_TURBULENT,COST_ADVANTAGE,0.010423722366049493,0.02014670597922419,0.004058965396961378,Improving,0.02014670597922419,0.19133937770451268,C
01951,锦鑫生殖,2025-07-31,8.8235,92.35,1.5690062179818007,0.9166666666666666,1.37214600564608,T5,1.3723697813610685,0.1069940245739327,↑,↑,VP_EXPANSION,7.92647520875558,CBI_TURBULENT,COST_ADVANTAGE,0.043446854495462706,0.0288789683426387,0.09265240352022275,Stable,0.0288789683426387,0.09554412560909582,C
01951,锦鑫生殖,2025-08-31,-14.0299,72.21,0.7144808542762157,0.75,0.9635494273323696,T4,0.9636324345682186,1.3462928325728738,→,→,VP_NEUTRAL,13.472387143347875,CBI_TURBULENT,COST_DISADVANTAGE,-0.0659205536195604,-0.09669428228892496,-0.055003326685212905,Stable,-0.09669428228892496,-0.1942930342057887,C
01951,锦鑫生殖,2025-09-30,-1.3793,39.15,-0.37347236508545434,0.5,0.6409976532227256,T3,0.6411066365908711,-0.1929828872431133,↓,↓,VP_SHRINK,23.07232647960907,CBI_TURBULENT,COST_NEUTRAL,0.0311005283187189,0.02575958475217055,-0.08721224785334913,Stable,0.02575958475217055,-0.03523116219667944,C
01951,锦鑫生殖,2025-10-31,-13.986,16.84,-0.983613383159986,0.25,0.3369572467151337,T2,0.336918334942675,-0.8176812172323201,↓,↓,VP_DECLINE_SILENT,32.11230171769942,CBI_ACTIVE,COST_DISADVANTAGE,-0.017862304320198086,-0.045360953340293886,-0.21487487053120236,Deteriorating,-0.045360953340293886,-0.8305225653206652,C
01951,锦鑫生殖,2025-11-30,-3.2389,15.33,-1.0236209103875875,0.25,0.3234063499876938,T2,0.32325181287579147,-0.7878207132125009,↓,↓,VP_DECLINE_SILENT,32.130038353399705,CBI_ACTIVE,COST_NEUTRAL,0.0057803099940498814,-0.01914382714769214,-0.23721582949982667,Deteriorating,-0.01914382714769214,-0.21127853881278538,C
01951,锦鑫生殖,2025-12-31,-0.4184,13.5,-1.085651291733999,0.08333333333333333,0.32480551768385596,T2,0.3250266364928811,-0.6549661904633285,↓,↓,VP_SHRINK,38.32384637883295,CBI_ACTIVE,COST_DISADVANTAGE,-0.04934017203434138,-0.044533030194509715,-0.04967635271178472,Stable,-0.044533030194509715,-0.030992592592592592,C
01951,锦鑫生殖,2026-01-31,2.521,18.88,-0.9230466521146045,0.3333333333333333,0.643965664260133,T2,0.6441748494893837,0.12175167119679808,↓,↓,VP_LOCKED_CANDIDATE,31.313346864803464,CBI_ACTIVE,COST_DISADVANTAGE,-0.012238055119713098,-0.02914090289881377,-0.025718613704518778,Improving,-0.02914090289881377,0.13352754237288136,C
01951,锦鑫生殖,2026-02-28,2.459,7.92,-1.1997461978022583,0.08333333333333333,0.42573015588604196,T2,0.4254512666825507,-0.48340231650183463,↓,↓,VP_LOCKED_CANDIDATE,41.396993402074756,CBI_ACTIVE,COST_NEUTRAL,0.007044417871273412,0.018896507835117093,-0.0017608746972528344,Improving,0.018896507835117093,0.31047979797979797,C
01951,锦鑫生殖,2026-03-31,-3.6437,21.09,-0.6524331038380455,0.5,1.3525010688328345,T2,1.3517218145472725,0.5599896964642359,↑,↑,VP_SELLING_ACTIVE,27.149376992051344,CBI_TURBULENT,COST_NEUTRAL,0.07755219783640332,0.027039242302096866,-0.015370960801513123,Deteriorating,0.027039242302096866,-0.17276908487434803,C
01951,锦鑫生殖,2026-04-30,-0.8299,11.05,-0.9030254049785696,0.16666666666666666,0.7553833884015041,T2,0.7488721428562003,-0.4208021348691757,↓,↓,VP_SHRINK,39.35125725125053,CBI_ACTIVE,COST_DISADVANTAGE,-0.02717840623807599,-0.02017894199187753,-0.011233863998158067,Stable,-0.02017894199187753,-0.07510407239819004,C
01951,锦鑫生殖,2026-05-31,-4.6025,10.11,-0.8417872028934756,0.16666666666666666,0.7348273773470624,T2,0.727218278777601,0.26025848492075565,↓,↓,VP_DECLINE_SILENT,39.332423642860334,CBI_ACTIVE,COST_NEUTRAL,0.03620417307741297,-0.016262547815650508,-0.056741928835063016,Deteriorating,-0.016262547815650508,-0.45524233432245303,C
01951,锦鑫生殖,2026-06-30,-10.45454545454546,10.75,-0.6813671038194576,0.25,0.8082706766917294,T2,0.7989409120759465,-0.49858226284161455,↓,↓,VP_DECLINE_SILENT,35.25073919852003,CBI_ACTIVE,COST_DISADVANTAGE,-0.0359293331245546,-0.0729139707287948,-0.141695069382346,Deteriorating,-0.0729139707287948,-0.972515856236787,C
01951,,2026-07-31,10.152284263959398,9.89,-0.6476899674125163,0.16666666666666666,0.8380172292049145,T2,0.831850272585441,-0.11025753421190565,↓,↓,VP_LOCKED_CANDIDATE,37.82888807942174,CBI_ACTIVE,COST_NEUTRAL,-0.018453219614541605,0.004611179110664665,-0.05455751297446243,Improving,0.004611179110664665,1.026520148024206,C
02202,港股万科企业,2014-06-30,5.0137,8.09,,,,,,,,,VP_NEUTRAL,,,COST_DISADVANTAGE,-0.6593793682596598,-0.6602213394195476,-0.6602213314158649,Stable,-0.6602213394195476,0.6197404202719407,C
02202,港股万科企业,2014-07-31,72.2892,27.38,,,,,,,,,VP_NEUTRAL,,,COST_DISADVANTAGE,-0.5181654524990149,-0.49446668361954693,-0.40951658463069596,Stable,-0.49446668361954693,2.6402191380569757,C
02202,港股万科企业,2014-08-31,-29.8117,20.85,,,1.1106178977272727,,1.1112104375579086,,↑,↑,VP_SELLING_ACTIVE,,,COST_DISADVANTAGE,-0.6351783944695926,-0.6601733212524387,-0.6041814468403566,Deteriorating,-0.6601733212524387,-1.4298177458033572,C
02202,港股万科企业,2014-09-30,-15.219,16.91,,,0.9236651645500478,,0.922918254262722,1.0882921872852633,→,→,VP_NEUTRAL,,,COST_DISADVANTAGE,-0.6788233510976183,-0.6845205243406625,-0.7047837734722626,Stable,-0.6845205243406625,-0.8999999999999999,C
02202,港股万科企业,2014-10-31,7.2757,14.23,,,0.8135147495998171,,0.8132670146081286,-0.4804003039829978,↓,↓,VP_LOCKED_CANDIDATE,,,COST_DISADVANTAGE,-0.6286272048090302,-0.630367741171389,-0.6569597788070862,Improving,-0.630367741171389,0.5112930428671819,C
02202,港股万科企业,2014-11-30,23.9499,21.4,0.6052906197713707,0.8333333333333334,1.1794966011390775,T4,1.1796540060372658,0.02569225273807163,↑,↑,VP_EXPANSION,11.930243084570185,CBI_TURBULENT,COST_DISADVANTAGE,-0.5598206089669027,-0.5438358572436579,-0.5651894106658019,Stable,-0.5438358572436579,1.1191542056074766,C
02202,港股万科企业,2014-12-31,27.1536,20.37,0.36676229128829146,0.5714285714285714,1.0089153046062407,T3,1.0095820383780914,0.2064991440045616,→,→,VP_STABLE_ASCENT,20.671333497753587,CBI_TURBULENT,COST_DISADVANTAGE,-0.5039150247447324,-0.515222334483661,-0.4708935559331029,Improving,-0.515222334483661,1.333019145802651,C
02202,港股万科企业,2015-01-31,-10.223,23.57,0.900262457251928,0.875,1.2053183329071848,T4,1.2047407581350902,0.6562343948431326,↑,↑,VP_SELLING_ACTIVE,11.192146949438246,CBI_TURBULENT,COST_DISADVANTAGE,-0.554283534107402,-0.5728029524666594,-0.4981670839777883,Deteriorating,-0.5728029524666594,-0.4337293169282987,C
02202,港股万科企业,2015-02-28,17.6919,10.88,-1.475648274029609,0.2222222222222222,0.6080476900149031,T2,0.6075677587049707,-0.49215021085265187,↓,↓,VP_LOCKED_CANDIDATE,32.50618152577009,CBI_ACTIVE,COST_DISADVANTAGE,-0.5041230478824728,-0.49988155527039757,-0.43842507016562027,Improving,-0.49988155527039757,1.62609375,C
02202,港股万科企业,2015-03-31,1.5371,19.36,0.20047346055315007,0.5,1.0578271559967216,T3,1.0584453736059902,-0.049718258863981735,→,→,VP_STABLE_ASCENT,23.56256338449966,CBI_TURBULENT,COST_DISADVANTAGE,-0.4745395415057231,-0.4656276263067237,-0.47593239924467956,Improving,-0.4656276263067237,0.07939566115702479,C
02202,港股万科企业,2015-04-30,24.3296,27.72,1.6924261079621457,1.0,1.348905109489051,T5,1.348328547819207,0.176042387028845,↑,↑,VP_EXPANSION,6.871848638665278,CBI_TURBULENT,COST_DISADVANTAGE,-0.42614904476007076,-0.4061953474840192,-0.348428928040152,Stable,-0.4061953474840192,0.8776911976911977,C
02202,港股万科企业,2015-05-31,-4.6421,19.05,-0.01847053891957459,0.4166666666666667,0.9450186027284001,T3,0.9445672677628542,0.7515571734738606,→,→,VP_NEUTRAL,26.46427285188188,CBI_TURBULENT,COST_DISADVANTAGE,-0.4537599915506306,-0.4302030263330595,-0.3597625699249989,Stable,-0.4302030263330595,-0.2436797900262467,C
02202,港股万科企业,2015-06-30,-3.5623,15.98,-0.8645574337762411,0.25,0.8225806451612904,T2,0.8236417759299982,-0.17414074072777608,↓,↓,VP_DECLINE_SILENT,32.912263614469964,CBI_ACTIVE,COST_DISADVANTAGE,-0.4395750895768835,-0.4649736738616518,-0.4614245926052828,Deteriorating,-0.4649736738616518,-0.22292240300375468,C
02202,港股万科企业,2015-07-31,-7.4641,23.53,1.0089941036800048,0.8333333333333334,1.2116374871266735,T4,1.2113456281136286,-0.15106658040030774,↑,↑,VP_SELLING_ACTIVE,14.522146628106688,CBI_TURBULENT,COST_DISADVANTAGE,-0.47166817979732656,-0.4701454682838272,-0.4940717095528694,Deteriorating,-0.4701454682838272,-0.3172163195920102,C
02202,港股万科企业,2015-08-31,-5.993,16.12,-0.7157103054486642,0.3333333333333333,0.7943495400788437,T2,0.7939403106964469,-0.15379693126456473,↓,↓,VP_DECLINE_SILENT,30.612151233783347,CBI_ACTIVE,COST_DISADVANTAGE,-0.4638207340549194,-0.49102477923556,-0.5359008281419646,Deteriorating,-0.49102477923556,-0.3717741935483871,C
02202,港股万科企业,2015-09-30,-10.0919,14.33,-1.0842168580062677,0.25,0.7365715754304806,T2,0.7360730574782987,-0.10519742654945696,↓,↓,VP_DECLINE_SILENT,33.55924170369147,CBI_ACTIVE,COST_DISADVANTAGE,-0.5201337865166789,-0.5276864742156716,-0.5546592626880165,Deteriorating,-0.5276864742156716,-0.7042498255408235,C
02202,港股万科企业,2015-10-31,13.3834,10.78,-1.8659884800900923,0.08333333333333333,0.6481611383906204,T1,0.6475093427922176,-0.5423501811719353,↓,↓,VP_LOCKED_CANDIDATE,38.6833225277484,CBI_ACTIVE,COST_DISADVANTAGE,-0.4730509207100485,-0.4553950087512787,-0.463569363811532,Improving,-0.4553950087512787,1.2415027829313545,C
02202,港股万科企业,2015-11-30,13.6871,11.73,-1.2924528445707675,0.25,0.7611117119065643,T2,0.759840934088978,-0.27354104792379796,↓,↓,VP_LOCKED_CANDIDATE,33.13642365549262,CBI_ACTIVE,COST_DISADVANTAGE,-0.43528036711706264,-0.4275107915658054,-0.40025077556812194,Improving,-0.4275107915658054,1.1668456947996588,C
02202,港股万科企业,2015-12-31,31.45,28.41,2.0134091753591177,1.0,1.6249761677788368,T5,1.6256979597640486,0.9838252904186282,↑↑,↑↑,VP_OVERHEAT,7.794461309532387,CBI_TURBULENT,COST_DISADVANTAGE,-0.3356367996997176,-0.32906503251686414,-0.28313498073206,Deteriorating,-0.32906503251686414,1.1070045758535727,C
02202,港股万科企业,2016-01-31,-23.2499,27.43,1.5662345234928214,0.8333333333333334,1.5126838235294116,T5,1.5126212468881945,1.5455980440255273,↑↑,↑↑,VP_PANIC,13.014159507059038,CBI_TURBULENT,COST_DISADVANTAGE,-0.47377643998196384,-0.5194652942107689,-0.5473848487331785,Deteriorating,-0.5194652942107689,-0.8476084578928181,C
02202,港股万科企业,2016-02-29,-0.8813,8.02,-1.87206375426386,0.08333333333333333,0.4778550148957298,T1,0.47919653575335974,-0.3133322252948454,↓,↓,VP_SHRINK,37.553790773567734,CBI_ACTIVE,COST_DISADVANTAGE,-0.4808886907485306,-0.4653799520267513,-0.5513735259860256,Stable,-0.4653799520267513,-0.10988778054862842,C
02202,港股万科企业,2016-03-31,13.1494,13.27,-0.7459615382553831,0.3333333333333333,0.7990766760337215,T2,0.7997581232730643,-0.5326236225467988,↓,↓,VP_LOCKED_CANDIDATE,29.074176066911782,CBI_TURBULENT,COST_DISADVANTAGE,-0.44622826030534335,-0.4522763223217303,-0.4363927339426419,Improving,-0.4522763223217303,0.9909118311981915,C
02202,港股万科企业,2016-04-30,3.803,9.32,-1.2167488585822246,0.16666666666666666,0.5695661030759829,T2,0.568211711358529,-0.660951254955119,↓,↓,VP_LOCKED_CANDIDATE,34.88456301342369,CBI_ACTIVE,COST_DISADVANTAGE,-0.43990015602281995,-0.4389791556729664,-0.4138441483316597,Improving,-0.4389791556729664,0.4080472103004292,C
02202,港股万科企业,2016-05-31,-6.0162,9.81,-0.9531059205715696,0.25,0.6114689382921256,T2,0.6114869093882063,0.22008291876018626,↓,↓,VP_DECLINE_SILENT,32.00901934185456,CBI_ACTIVE,COST_DISADVANTAGE,-0.44125264854756696,-0.44995629495313416,-0.46323628824143015,Deteriorating,-0.44995629495313416,-0.6132721712538226,C
02202,港股万科企业,2016-06-30,-22.7403,23.66,1.132560461706734,0.8333333333333334,1.5513058682111245,T4,1.5513674538193558,0.7815178038315547,↑↑,↑↑,VP_PANIC,12.884590639572018,CBI_TURBULENT,COST_DISADVANTAGE,-0.557627572910411,-0.5530681373391053,-0.574837272377511,Deteriorating,-0.5530681373391053,-0.9611284868977177,C
02202,港股万科企业,2016-07-31,31.0386,42.67,3.8299679200035706,1.0,2.3983138173302105,T5,2.398353787762486,3.590821979036238,↑↑,↑↑,VP_OVERHEAT,6.467020570024015,CBI_TURBULENT,COST_DISADVANTAGE,-0.41600896523768216,-0.39240795823553043,-0.4428727170470129,Deteriorating,-0.39240795823553043,0.727410358565737,C
02202,港股万科企业,2016-08-31,22.8939,37.5,1.8491097368692522,0.9166666666666666,1.65161858621449,T5,1.6527861740460674,2.8259362076749235,↑↑,↑↑,VP_OVERHEAT,8.68958588214991,CBI_TURBULENT,COST_DISADVANTAGE,-0.38965016770050276,-0.3820282540804224,-0.30978025953420296,Deteriorating,-0.3820282540804224,0.6105039999999999,C
02202,港股万科企业,2016-09-30,-0.4004,16.28,-0.3366764906529657,0.5833333333333334,0.7015225509910945,T3,0.7016999717718756,-0.3116233993487244,↓,↓,VP_SHRINK,20.114880161366884,CBI_TURBULENT,COST_DISADVANTAGE,-0.3861924344328498,-0.37712415805675137,-0.31896404672038225,Stable,-0.37712415805675137,-0.024594594594594593,C
02202,港股万科企业,2016-10-31,0.3972,14.86,-0.5131557428559634,0.5,0.6158309158723578,T2,0.6165254851206269,-0.6512325667541765,↓,↓,VP_SHRINK,23.060242003262225,CBI_TURBULENT,COST_DISADVANTAGE,-0.37522584993920816,-0.3611460185695593,-0.3080140354127271,Stable,-0.3611460185695593,0.02672947510094213,C
02202,港股万科企业,2016-11-30,28.1992,16.93,-0.3632679834149432,0.5833333333333334,0.6687294272547729,T3,0.6682838670545606,-0.5490432830757384,↓,↓,VP_LOCKED_CANDIDATE,20.093715493054496,CBI_TURBULENT,COST_DISADVANTAGE,-0.29531664105803934,-0.2624000932255167,-0.11638883752876039,Improving,-0.2624000932255167,1.6656349675132902,C
02202,港股万科企业,2016-12-31,-37.7966,14.23,-0.5197204642494279,0.4166666666666667,0.5992840598020635,T2,0.5993646014403223,-0.12569879252222105,↓,↓,VP_DECLINE_SILENT,25.4836530335807,CBI_TURBULENT,COST_DISADVANTAGE,-0.43208238953741107,-0.501549593091476,-0.5141965285647455,Deteriorating,-0.501549593091476,-2.656120871398454,C
02202,港股万科企业,2017-01-31,20.2,7.63,-1.0227221881825195,0.08333333333333333,0.42613795029321416,T2,0.4262909196824605,-0.4868107293321857,↓,↓,VP_LOCKED_CANDIDATE,36.63210297356173,CBI_ACTIVE,COST_DISADVANTAGE,-0.383418411495994,-0.364730338988424,-0.41257412692971873,Improving,-0.364730338988424,2.6474442988204454,C
02202,港股万科企业,2017-02-28,-2.4714,8.62,-0.9256247855136861,0.16666666666666666,0.6584341183959261,T2,0.6568614682848888,-0.49176876698639893,↓,↓,VP_DECLINE_SILENT,34.91200171429562,CBI_ACTIVE,COST_DISADVANTAGE,-0.39159493379281163,-0.3990831279672057,-0.4270916128775796,Deteriorating,-0.3990831279672057,-0.2867053364269142,C
02202,港股万科企业,2017-03-31,13.4365,13.84,-0.39904495534484585,0.4166666666666667,1.0910524241229798,T3,1.0912823897478316,-0.027489557731719128,→,→,VP_STABLE_ASCENT,25.993319145813576,CBI_TURBULENT,COST_DISADVANTAGE,-0.3782891510674692,-0.3872758146521551,-0.3494111004568837,Improving,-0.3872758146521551,0.9708453757225434,C
02202,港股万科企业,2017-04-30,-11.1119,7.92,-0.9856525069551095,0.16666666666666666,0.6870030359982651,T2,0.6868490450307285,0.03669008260545392,↓,↓,VP_DECLINE_SILENT,34.057466570114066,CBI_ACTIVE,COST_DISADVANTAGE,-0.4023931394814091,-0.41634784863550944,-0.41086563328725534,Deteriorating,-0.41634784863550944,-1.4030176767676767,C
02202,港股万科企业,2017-05-31,6.7109,13.5,-0.45489287250934196,0.3333333333333333,1.232126559172498,T3,1.2337821911736342,0.572195053802137,↑,↑,VP_EXPANSION,29.10501918983188,CBI_TURBULENT,COST_DISADVANTAGE,-0.34948225618920725,-0.34630507755527085,-0.36404313208316275,Improving,-0.34630507755527085,0.49710370370370366,C
02202,港股万科企业,2017-06-30,10.314,27.09,0.8534377363806785,0.8333333333333334,2.06793893129771,T4,2.0682433816499715,0.9575005265983829,↑↑,↑↑,VP_OVERHEAT,13.436191396640123,CBI_TURBULENT,COST_DISADVANTAGE,-0.3505217684729304,-0.32863946247504616,-0.310459207935214,Deteriorating,-0.32863946247504616,0.38073089700996676,C
02202,港股万科企业,2017-07-31,10.5842,31.25,1.772845143131937,0.9166666666666666,1.8342790060653493,T5,1.8335553359789003,2.945918100857554,↑↑,↑↑,VP_OVERHEAT,11.737394620423224,CBI_TURBULENT,COST_DISADVANTAGE,-0.2728955892398873,-0.29199490176039333,-0.22163409032038595,Deteriorating,-0.29199490176039333,0.33869439999999995,C
02202,港股万科企业,2017-08-31,0.9064,23.05,1.0368523073378961,0.8333333333333334,1.1855979425632233,T4,1.185201871110844,0.7044079866655208,↑,↑,VP_DIVERGENCE_HIGH,14.876137113812728,CBI_TURBULENT,COST_DISADVANTAGE,-0.27466346847302436,-0.2664967889210407,-0.20253191448924002,Deteriorating,-0.2664967889210407,0.0393232104121475,C
02202,港股万科企业,2017-09-30,12.4636,28.94,1.7013214351818349,0.9166666666666666,1.3179506641366225,T5,1.317559930121567,0.06758768541242222,↑,↑,VP_EXPANSION,11.663539451488681,CBI_TURBULENT,COST_DISADVANTAGE,-0.2556393211542971,-0.28171837922593834,-0.2143414075926081,Stable,-0.28171837922593834,0.4306703524533517,C
02202,港股万科企业,2017-10-31,9.0914,11.24,-0.7630461940643707,0.3333333333333333,0.4992966609905975,T2,0.5000737438635301,-0.6395483683049507,↓,↓,VP_LOCKED_CANDIDATE,30.61466458972381,CBI_ACTIVE,COST_DISADVANTAGE,-0.24043172432012505,-0.2307893999288122,-0.12934483181366718,Improving,-0.2307893999288122,0.8088434163701067,C
02202,港股万科企业,2017-11-30,3.088,15.51,-0.17942059922783318,0.6666666666666666,0.6788736504231105,T3,0.678341590264832,-0.32754442939692463,↓,↓,VP_LOCKED_CANDIDATE,19.623520248671635,CBI_TURBULENT,COST_DISADVANTAGE,-0.25422018347261666,-0.23985742012397016,-0.1003216108159799,Improving,-0.23985742012397016,0.19909735654416505,C
02202,港股万科企业,2017-12-31,12.9336,13.48,-0.4346489778305345,0.4166666666666667,0.655057908803758,T3,0.655774991198736,-0.5335860108943102,↓,↓,VP_LOCKED_CANDIDATE,27.873913652754226,CBI_TURBULENT,COST_DISADVANTAGE,-0.21200271941825144,-0.1519516683836134,-0.1358453404622857,Improving,-0.1519516683836134,0.9594658753709199,C
02202,港股万科企业,2018-01-31,28.7767,23.22,0.6940897512431566,0.75,1.206860706860707,T4,1.2063509992141987,1.0613226886921066,↑,↑,VP_EXPANSION,15.826189873983914,CBI_TURBULENT,COST_NEUTRAL,-0.23128991042218405,-0.18433443889945034,0.11510554025748898,Stable,-0.18433443889945034,1.239306632213609,C
02202,港股万科企业,2018-02-28,-12.2106,13.59,-0.7147574332280746,0.4166666666666667,0.7693904510284959,T2,0.769967393261107,-0.12227200439161834,↓,↓,VP_DECLINE_SILENT,26.651783172761643,CBI_TURBULENT,COST_NEUTRAL,-0.22147804850702846,-0.21914251212728786,0.0037681776846312243,Deteriorating,-0.21914251212728786,-0.8984988962472406,C
02202,港股万科企业,2018-03-31,5.4448,13.28,-0.7511170494342249,0.25,0.8821966341895483,T2,0.8814825992315701,-0.01652404107558869,↓,↓,VP_LOCKED_CANDIDATE,32.72688808749541,CBI_ACTIVE,COST_DISADVANTAGE,-0.1550667246698546,-0.1495744412481791,-0.21177315618544257,Improving,-0.1495744412481791,0.41000000000000003,C
02202,港股万科企业,2018-04-30,-8.7877,11.25,-1.1716172188191696,0.16666666666666666,0.7472600464961807,T2,0.7479160206112019,-0.5148388031225879,↓,↓,VP_DECLINE_SILENT,35.62594468727953,CBI_ACTIVE,COST_DISADVANTAGE,-0.19550139918716658,-0.22644744127021144,-0.29588975971138576,Deteriorating,-0.22644744127021144,-0.7811288888888888,C
02202,港股万科企业,2018-05-31,-17.7613,13.39,-0.8140447498191237,0.3333333333333333,0.9107810905792995,T2,0.9090372711273589,-0.017577570958475452,→,→,VP_NEUTRAL,30.129636967669377,CBI_ACTIVE,COST_DISADVANTAGE,-0.2884104014522043,-0.2869641983769108,-0.42206466500030093,Stable,-0.2869641983769108,-1.3264600448095591,C
02202,港股万科企业,2018-06-30,-2.5884,14.79,-0.46556777978560104,0.5833333333333334,0.9912868632707774,T3,0.9906875279511207,0.11327864933322407,→,→,VP_NEUTRAL,21.806399925018177,CBI_TURBULENT,COST_DISADVANTAGE,-0.23931668430497754,-0.3056528819866202,-0.33009690250740353,Stable,-0.3056528819866202,-0.17501014198782963,C
02202,港股万科企业,2018-07-31,-2.2122,12.45,-0.7328556208779862,0.25,0.9485714285714285,T2,0.9492384846632146,0.10608504666969631,→,→,VP_NEUTRAL,34.58709245768333,CBI_ACTIVE,COST_DISADVANTAGE,-0.2412061957477878,-0.23880990207666064,-0.37339997726681673,Stable,-0.23880990207666064,-0.17768674698795184,C
02202,港股万科企业,2018-08-31,11.1048,18.84,0.624971095767205,0.8333333333333334,1.3457142857142856,T4,1.346504471368337,0.4101629914015985,↑,↑,VP_EXPANSION,15.637116738908993,CBI_TURBULENT,COST_DISADVANTAGE,-0.1949270977652332,-0.12976056712360395,-0.3038173085577447,Stable,-0.12976056712360395,0.5894267515923567,C
02202,港股万科企业,2018-09-30,-5.3836,10.88,-1.1120906935751949,0.08333333333333333,0.8,T2,0.7992082789268956,-0.26468257866374,↓,↓,VP_DECLINE_SILENT,42.356697414476244,CBI_ACTIVE,COST_DISADVANTAGE,-0.24119734684213912,-0.2257097398544602,-0.20073050576943519,Deteriorating,-0.2257097398544602,-0.49481617647058823,C
02202,港股万科企业,2018-10-31,-4.6485,15.44,0.2438197310246042,0.75,1.0798461359132767,T3,1.078811478505188,0.2373431615715158,→,→,VP_NEUTRAL,20.666344004020043,CBI_TURBULENT,COST_DISADVANTAGE,-0.22081196852919427,-0.2140636538420363,-0.269936463658876,Stable,-0.2140636538420363,-0.30106865284974094,C
02202,港股万科企业,2018-11-30,12.7585,14.62,0.005592411399634782,0.6666666666666666,1.0080441277867158,T3,1.0082534724175947,-0.22450938840284662,→,→,VP_STABLE_ASCENT,23.45084320787305,CBI_TURBULENT,COST_DISADVANTAGE,-0.21289297251883954,-0.2005065634746912,-0.1611842441183261,Improving,-0.2005065634746912,0.8726744186046512,C
02202,港股万科企业,2018-12-31,-7.1076,9.84,-1.4326998836851719,0.08333333333333333,0.7193858900938223,T2,0.7175728159299815,-0.09738490139103595,↓,↓,VP_DECLINE_SILENT,42.79822406249302,CBI_ACTIVE,COST_DISADVANTAGE,-0.19724100750180185,-0.22944762886337744,-0.18006559582527426,Deteriorating,-0.22944762886337744,-0.7223170731707317,C
02202,港股万科企业,2019-01-31,23.9109,11.89,-0.6748635545082444,0.3333333333333333,0.87523003312477,T2,0.8746837068131411,-0.22994638273822499,↓,↓,VP_LOCKED_CANDIDATE,37.34362094500581,CBI_ACTIVE,COST_NEUTRAL,-0.09719402980591096,-0.09225535573409316,0.01598777421315667,Improving,-0.09225535573409316,2.011009251471825,C
02202,港股万科企业,2019-02-28,-7.6596,11.56,-0.7354782782276335,0.3333333333333333,0.934393102519197,T2,0.9366740016818792,-0.20801978902926077,→,→,VP_NEUTRAL,37.935231178362116,CBI_ACTIVE,COST_DISADVANTAGE,-0.18956276089648016,-0.20061214999077537,-0.05459143900067842,Stable,-0.20061214999077537,-0.6625951557093426,C
02202,港股万科企业,2019-03-31,13.9811,15.6,0.9828041860788878,0.9166666666666666,1.1855604813172893,T4,1.1872846064115725,0.5917596926699786,↑,↑,VP_EXPANSION,18.433454035220365,CBI_TURBULENT,COST_DISADVANTAGE,-0.1368806495233511,-0.13030764397137828,-0.0946555083737799,Stable,-0.13030764397137828,0.8962243589743589,C
02202,港股万科企业,2019-04-30,-12.5837,12.24,-0.5388839181041888,0.4166666666666667,0.9695049504950495,T2,1.0847006027401545,0.1802296938989265,→,→,VP_NEUTRAL,35.074008244586295,CBI_ACTIVE,COST_DISADVANTAGE,-0.19645440390118307,-0.25638880508652395,-0.18250153754918474,Stable,-0.25638880508652395,-1.028080065359477,C
02202,港股万科企业,2019-05-31,-11.0838,9.16,-1.7213663383053293,0.08333333333333333,0.7819035424669226,T1,0.8925040119544937,-0.050865364428955284,↓,↓,VP_DECLINE_SILENT,45.42430243420255,CBI_ACTIVE,COST_DISADVANTAGE,-0.209523810085964,-0.22892135288416526,-0.2686900944759971,Deteriorating,-0.22892135288416526,-1.2100218340611353,C
02202,港股万科企业,2019-06-30,6.784,11.41,-0.5635124443037499,0.3333333333333333,0.9526857779014751,T2,1.0567918542318036,-0.12286741206769325,→,→,VP_STABLE_ASCENT,37.36439658800735,CBI_ACTIVE,COST_DISADVANTAGE,-0.18698802034242745,-0.18294223192288095,-0.22232043231425824,Improving,-0.18294223192288095,0.5945661700262928,C
02202,港股万科企业,2019-07-31,4.1017,10.5,-0.8502844973589111,0.25,0.8939974457215837,T2,0.9621168833178388,-0.10193377609142151,→,↓,VP_NEUTRAL,41.21400072120372,CBI_ACTIVE,COST_DISADVANTAGE,-0.18038745511938636,-0.18414245030873055,-0.1715642502887732,Stable,-0.18414245030873055,0.39063809523809523,C
02202,港股万科企业,2019-08-31,-9.4181,9.34,-1.3176908962765819,0.16666666666666666,0.821098901098901,T2,0.8629944066835307,0.022669790902848375,↓,↓,VP_DECLINE_SILENT,46.15430017534551,CBI_ACTIVE,COST_DISADVANTAGE,-0.17048628503489438,-0.1816613021847071,-0.255554038844897,Deteriorating,-0.1816613021847071,-1.0083618843683084,C
02202,港股万科企业,2019-09-30,0.2198,5.32,-2.9898932275016668,0.08333333333333333,0.5506296360186304,T1,0.5591084798296758,-0.5309380446524223,↓,↓,VP_SHRINK,47.05174749272371,CBI_ACTIVE,COST_DISADVANTAGE,-0.16573670523046435,-0.17962780579145665,-0.21350435722544647,Stable,-0.17962780579145665,0.04131578947368421,C
02202,港股万科企业,2019-10-31,6.3871,5.12,-2.2381386397151504,0.08333333333333333,0.6041297935103245,T1,0.6031776351390984,-0.5121022159565791,↓,↓,VP_LOCKED_CANDIDATE,47.49063479279312,CBI_ACTIVE,COST_DISADVANTAGE,-0.16281747064165375,-0.1523993715766241,-0.16693962089768366,Improving,-0.1523993715766241,1.24748046875,C
02202,港股万科企业,2019-11-30,3.9829,6.64,-1.229772007799394,0.25,0.824332712600869,T2,0.8246908570505456,-0.28986585222183436,↓,↓,VP_LOCKED_CANDIDATE,42.52246754476579,CBI_ACTIVE,COST_DISADVANTAGE,-0.17106420010162748,-0.1445016391158822,-0.1445195626657979,Improving,-0.1445016391158822,0.5998343373493976,C
02202,港股万科企业,2019-12-31,15.9261,6.77,-1.0211261586274654,0.3333333333333333,0.929732204165713,T2,0.9286513414387885,0.26457374035146386,→,→,VP_STABLE_ASCENT,38.8922812988,CBI_ACTIVE,COST_DISADVANTAGE,-0.12499755475686458,-0.08169959990466835,-0.03195343896745495,Improving,-0.08169959990466835,2.3524519940915805,C
02202,港股万科企业,2020-01-31,-19.9293,7.47,-0.6294148992011854,0.4166666666666667,1.1023118544023611,T2,1.098251278564888,0.4563629053759044,→,↑,VP_NEUTRAL,34.91694524558942,CBI_ACTIVE,COST_DISADVANTAGE,-0.17739202292903922,-0.26097566535084493,-0.22218239938182183,Stable,-0.26097566535084493,-2.6679116465863455,C
02202,港股万科企业,2020-02-29,12.8307,8.99,-0.020132947187263817,0.5,1.3381294964028776,T3,1.3386570867034837,0.35339733388258887,↑,↑,VP_EXPANSION,31.61059140873353,CBI_ACTIVE,COST_DISADVANTAGE,-0.1549065855348708,-0.14837697863210575,-0.14137717725890497,Improving,-0.14837697863210575,1.4272191323692993,C
02202,港股万科企业,2020-03-31,-16.4669,15.71,3.1928058584949213,1.0,1.859171597633136,T5,1.8573566355744662,1.3171064211362906,↑↑,↑↑,VP_PANIC,13.21203655108334,CBI_TURBULENT,COST_DISADVANTAGE,-0.14996547872489518,-0.21560618716213897,-0.26734060762109746,Deteriorating,-0.21560618716213897,-1.0481795035009547,C
02202,港股万科企业,2020-04-30,0.9478,10.02,0.4286132590904789,0.75,1.0812949640287768,T3,1.0829435194136061,0.3466795843402295,→,→,VP_NEUTRAL,21.668718830736186,CBI_TURBULENT,COST_DISADVANTAGE,-0.13519445026219024,-0.16196460446679561,-0.2586400163188589,Stable,-0.16196460446679561,0.09459081836327346,C
02202,港股万科企业,2020-05-31,-1.6665,9.68,0.28361233934596564,0.6666666666666666,0.990450204638472,T3,0.991771412553397,0.07681548386958648,→,→,VP_NEUTRAL,24.486172183153414,CBI_TURBULENT,COST_DISADVANTAGE,-0.17532655915283824,-0.1685782307007886,-0.281261553704679,Stable,-0.1685782307007886,-0.17215909090909093,C
02202,港股万科企业,2020-06-30,-5.8818,16.62,2.7841997331957082,1.0,1.4559789750328518,T5,1.5709800801596734,0.17272180790240443,↑↑,↑,VP_NEUTRAL,12.20839191984126,CBI_TURBULENT,COST_DISADVANTAGE,-0.1898869104740496,-0.21710751919493199,-0.21047727202989386,Stable,-0.21710751919493199,-0.353898916967509,C
02202,港股万科企业,2020-07-31,0.0809,14.54,1.4561010829474228,0.8333333333333334,1.154579142403388,T4,1.305996756236122,0.7416196194393068,↑,↑,VP_DIVERGENCE_HIGH,17.370642917929906,CBI_TURBULENT,COST_DISADVANTAGE,-0.147892107693667,-0.2131289511502985,-0.17033405563425352,Deteriorating,-0.2131289511502985,0.005563961485557084,C
02202,港股万科企业,2020-08-31,-3.0418,7.2,-0.6380013128240428,0.4166666666666667,0.5856039040260268,T2,0.6502031381909171,-0.10608825540332201,↓,↓,VP_DECLINE_SILENT,31.48487671561135,CBI_ACTIVE,COST_DISADVANTAGE,-0.17534767141813323,-0.17794790484372502,-0.18217571238812968,Deteriorating,-0.17794790484372502,-0.4224722222222222,C
02202,港股万科企业,2020-09-30,-2.6418,10.28,0.10368895645822125,0.75,0.9025460930640912,T3,0.9663126852911825,-0.32942080165320387,→,→,VP_NEUTRAL,23.28958608618634,CBI_TURBULENT,COST_DISADVANTAGE,-0.15911497880239756,-0.16860709697973864,-0.20900386067052024,Stable,-0.16860709697973864,-0.2569844357976654,C
02202,港股万科企业,2020-10-31,0.0,7.14,-0.9256559680513053,0.25,0.6544454628780936,T2,0.6842200424764823,-0.5097246176416312,↓,↓,VP_SHRINK,40.389235271851625,CBI_ACTIVE,COST_DISADVANTAGE,-0.1388081861342284,-0.14231232764819213,-0.19534513805148035,Stable,-0.14231232764819213,0.0,C
02202,港股万科企业,2020-11-30,25.2173,11.68,0.3727848087085569,0.75,1.0388378298250813,T3,1.0585802025896707,0.6180964295450528,→,→,VP_STABLE_ASCENT,22.39260293483433,CBI_TURBULENT,COST_NEUTRAL,-0.09520418033243105,-0.06143970579335267,0.017340685587853732,Improving,-0.06143970579335267,2.1590154109589044,C
02202,港股万科企业,2020-12-31,-10.1849,12.13,0.39545655492915077,0.75,1.1557884707003336,T3,1.1553704098080855,0.1804542054509426,↑,↑,VP_SELLING_ACTIVE,22.6811475706056,CBI_TURBULENT,COST_DISADVANTAGE,-0.08836144540736957,-0.13015303668823208,-0.1200558964843903,Deteriorating,-0.13015303668823208,-0.8396455070074196,C
02202,港股万科企业,2021-01-31,5.1571,14.27,0.9758835045131696,0.75,1.3655502392344496,T4,1.3647538380368147,0.9982820196148623,↑,↑,VP_EXPANSION,22.137770659203888,CBI_TURBULENT,COST_DISADVANTAGE,-0.15649605991912308,-0.15322682940639187,-0.07863613038968487,Stable,-0.15322682940639187,0.36139453398738614,C
02202,港股万科企业,2021-02-28,19.9033,9.76,-0.644458818607299,0.3333333333333333,0.8973337419552558,T2,0.8989614553694585,-0.16269563193406988,↓,↓,VP_LOCKED_CANDIDATE,34.97887497207535,CBI_ACTIVE,COST_NEUTRAL,-0.09163762337959258,-0.039720009722525984,0.11151825031782625,Improving,-0.039720009722525984,2.0392725409836068,C
02202,港股万科企业,2021-03-31,-11.0129,10.32,-0.3111926324618433,0.5833333333333334,0.948238897396631,T3,0.9490893985906607,-0.14827215589643605,→,→,VP_NEUTRAL,27.315720121898103,CBI_TURBULENT,COST_DISADVANTAGE,-0.13984839618657063,-0.14781154023032084,-0.10613286850672687,Stable,-0.14781154023032084,-1.0671414728682171,C
02202,港股万科企业,2021-04-30,-11.8435,11.63,0.13734404096959016,0.5833333333333334,0.9998567129961312,T3,0.9990501807151764,-0.1850418752654347,→,→,VP_NEUTRAL,27.047139743072947,CBI_TURBULENT,COST_DISADVANTAGE,-0.09597448542069131,-0.13289701523190456,-0.21345372178365396,Stable,-0.13289701523190456,-1.0183576956147893,C
02202,港股万科企业,2021-05-31,-1.8813,7.11,-1.5317725646358764,0.08333333333333333,0.6540938362465503,T1,0.6547241230202875,-0.27187606180891366,↓,↓,VP_DECLINE_SILENT,43.95346431424034,CBI_ACTIVE,COST_DISADVANTAGE,-0.11627057666570706,-0.11565643480930077,-0.22501135213655366,Deteriorating,-0.11565643480930077,-0.26459915611814344,C
02202,港股万科企业,2021-06-30,-11.0549,7.48,-1.2161980139055135,0.3333333333333333,0.7409608717186726,T2,0.7416750989798213,-0.274909912630247,↓,↓,VP_DECLINE_SILENT,37.009905073571076,CBI_ACTIVE,COST_DISADVANTAGE,-0.15512847595514823,-0.17046286403643052,-0.2127960231616678,Deteriorating,-0.17046286403643052,-1.4779278074866309,C
02202,港股万科企业,2021-07-31,-14.039,9.33,-0.24979324243951812,0.4166666666666667,1.006291569297142,T3,1.0049722556491194,-0.19777119229266438,→,→,VP_NEUTRAL,36.21447451689632,CBI_ACTIVE,COST_DISADVANTAGE,-0.08950798151794759,-0.16665275823559156,-0.30875520576780324,Stable,-0.16665275823559156,-1.5047159699892818,C
02202,港股万科企业,2021-08-31,3.8004,10.85,0.34468314501179725,0.6666666666666666,1.147743300423131,T3,1.1490418127058866,0.5267741433390931,↑,↑,VP_EXPANSION,28.89529017422001,CBI_TURBULENT,COST_DISADVANTAGE,-0.1506943241372788,-0.1455938539025985,-0.28053191676599876,Improving,-0.1455938539025985,0.35026728110599076,C
02202,港股万科企业,2021-09-30,1.5691,9.74,-0.19029780460753307,0.4166666666666667,1.0409690060562877,T3,1.0440067210788637,0.305500173773289,→,→,VP_STABLE_ASCENT,36.58019912477855,CBI_ACTIVE,COST_DISADVANTAGE,0.005917882104616634,-0.029876398383831493,-0.09691150907818291,Improving,-0.029876398383831493,0.16109856262833674,C
02202,港股万科企业,2021-10-31,-14.7634,6.45,-2.0009351376659223,0.08333333333333333,0.7594191522762951,T1,0.7622331585731398,-0.30413122594236186,↓,↓,VP_DECLINE_SILENT,46.65325515090551,CBI_ACTIVE,COST_DISADVANTAGE,-0.16470964290112122,-0.2068914911668498,-0.24014816143099194,Deteriorating,-0.2068914911668498,-2.2888992248062014,C
02202,港股万科企业,2021-11-30,-3.4274,12.04,0.9584207188501971,0.8333333333333334,1.2925389157273215,T4,1.2945184475458598,0.11244684509227643,↑,↑,VP_SELLING_ACTIVE,21.09566919502519,CBI_TURBULENT,COST_DISADVANTAGE,-0.16414822657462158,-0.14926902758374205,-0.2661911891315025,Deteriorating,-0.14926902758374205,-0.2846677740863788,C
02202,港股万科企业,2021-12-31,2.5222,6.89,-1.3660992871989242,0.16666666666666666,0.7475587703435804,T2,0.7504525003004145,-0.2902876087747529,↓,↓,VP_LOCKED_CANDIDATE,42.60777439363127,CBI_ACTIVE,COST_DISADVANTAGE,-0.10365047241549352,-0.12756265780652032,-0.14846707318988683,Improving,-0.12756265780652032,0.366066763425254,C
02202,港股万科企业,2022-01-31,12.0549,11.53,1.2215653353402909,0.8333333333333334,1.2031304347826086,T4,1.203492626855717,0.7855078681945504,↑,↑,VP_EXPANSION,22.398657632489154,CBI_TURBULENT,COST_DISADVANTAGE,-0.11361545328471712,-0.10810591245971601,-0.045815954637219214,Stable,-0.10810591245971601,1.0455247181266263,C
02202,港股万科企业,2022-02-28,-10.1517,7.96,-0.7229057505869314,0.4166666666666667,0.8745650979674054,T2,0.87401454985385,-0.3388668220711599,↓,↓,VP_DECLINE_SILENT,36.13196834359975,CBI_ACTIVE,COST_DISADVANTAGE,-0.16580136404221324,-0.17439431293600827,-0.12856532571539014,Deteriorating,-0.17439431293600827,-1.2753391959798994,C
02202,港股万科企业,2022-03-31,-4.6878,16.93,3.8653077717612967,1.0,1.6436893203883496,T5,1.6417845335424905,1.447724639439643,↑↑,↑↑,VP_PANIC,12.912915480738178,CBI_TURBULENT,COST_DISADVANTAGE,-0.07604890633506312,-0.04855584181710226,-0.14833150352387503,Deteriorating,-0.04855584181710226,-0.2768930891907856,C
02202,港股万科企业,2022-04-30,5.9422,11.75,0.7071562340623228,0.8333333333333334,1.0506706408345754,T4,1.0512069234535077,0.019509526941058786,→,→,VP_STABLE_ASCENT,18.297052448011065,CBI_TURBULENT,COST_DISADVANTAGE,-0.07200417258972958,-0.14872506420395015,-0.09999922236941927,Stable,-0.14872506420395015,0.5057191489361702,C
02202,港股万科企业,2022-05-31,-7.9672,7.34,-0.9520603003878659,0.25,0.7057692307692307,T2,0.7058835312768048,-0.0773381104764096,↓,↓,VP_DECLINE_SILENT,37.67455679394553,CBI_ACTIVE,COST_DISADVANTAGE,-0.12530710906702736,-0.13219643017832916,-0.16873846667797854,Deteriorating,-0.13219643017832916,-1.0854495912806539,C
02202,港股万科企业,2022-06-30,14.9494,8.87,-0.4155615601955188,0.4166666666666667,0.8266542404473439,T3,0.8274379865379614,-0.4750324600265695,↓,↓,VP_LOCKED_CANDIDATE,31.983809900551357,CBI_ACTIVE,COST_NEUTRAL,-0.004719541134271643,0.005971505523117093,-0.039954729845564474,Improving,0.005971505523117093,1.6853889515219844,C
02202,港股万科企业,2022-07-31,-17.9085,12.14,0.7244281954546525,0.9166666666666666,1.1207878135097709,T4,1.120848283913124,0.03261311567631697,↑,↑,VP_SELLING_ACTIVE,15.648836977838423,CBI_TURBULENT,COST_DISADVANTAGE,-0.07593338531188654,-0.14401514304631746,-0.23574175225835858,Deteriorating,-0.14401514304631746,-1.475164744645799,C
02202,港股万科企业,2022-08-31,2.0948,10.03,-0.04014941740638063,0.5833333333333334,0.897405308678795,T3,0.8967518393793932,0.3648651982412159,↓,↓,VP_LOCKED_CANDIDATE,26.796696841715136,CBI_TURBULENT,COST_NEUTRAL,-0.0007441867185875584,0.015301929674631953,-0.2131385226230168,Improving,0.015301929674631953,0.20885343968095715,C
02202,港股万科企业,2022-09-30,-7.5029,10.19,0.004907824915654807,0.5833333333333334,1.0135941644562334,T3,1.0157185993799747,0.15084594456624378,→,→,VP_NEUTRAL,27.445427319387107,CBI_TURBULENT,COST_DISADVANTAGE,-0.07177155141211378,-0.1324752726029924,-0.13126894989450033,Stable,-0.1324752726029924,-0.7363002944062808,C
02202,港股万科企业,2022-10-31,-31.1186,9.7,-0.2996381095978825,0.4166666666666667,0.998798695726789,T3,0.9994058491174849,-0.19992838077927022,→,→,VP_NEUTRAL,32.75135995400315,CBI_ACTIVE,COST_DISADVANTAGE,-0.21770093399690948,-0.26378665091652564,-0.40160631671444047,Stable,-0.26378665091652564,-3.2081030927835053,C
02202,港股万科企业,2022-11-30,64.0188,27.38,6.359787699318017,1.0,2.0978163708338653,T5,2.099420210520106,1.737547273154489,↑↑,↑↑,VP_OVERHEAT,7.939962294759903,CBI_TURBULENT,COST_NEUTRAL,0.11881185383440984,0.15059373121771147,-0.018521612073861715,Deteriorating,0.15059373121771147,2.3381592403214024,C
02202,港股万科企业,2022-12-31,-2.0805,15.45,0.6078964994635143,0.8333333333333334,1.092001413594063,T4,1.0934026580626568,0.5163551520264382,→,→,VP_NEUTRAL,13.618098294437976,CBI_TURBULENT,COST_NEUTRAL,-0.03358419578279748,-0.07611054528362482,0.0697686883438855,Stable,-0.07611054528362482,-0.13466019417475728,C
02202,港股万科企业,2023-01-31,5.1528,10.13,-0.436605038023589,0.5,0.7333494208494209,T3,0.7331398811951044,0.04444311003948398,↓,↓,VP_LOCKED_CANDIDATE,24.562551259211986,CBI_TURBULENT,COST_NEUTRAL,-0.11326830924905595,-0.08135695639453921,0.07260985078553994,Improving,-0.08135695639453921,0.5086673247778875,C
02202,港股万科企业,2023-02-28,-15.0711,9.3,-0.639331423010731,0.25,0.6792452830188681,T2,0.6802804089754072,-0.6597097856744991,↓,↓,VP_DECLINE_SILENT,32.72715604879212,CBI_ACTIVE,COST_DISADVANTAGE,-0.10344008311400332,-0.12656772046933984,-0.07939233984296523,Deteriorating,-0.12656772046933984,-1.620548387096774,C
02202,港股万科企业,2023-03-31,-10.3228,23.97,2.2748485120889264,0.9166666666666666,1.4992181799228605,T5,1.5883224133845761,0.6758951921011247,↑↑,↑,VP_NEUTRAL,10.504584048592001,CBI_TURBULENT,COST_DISADVANTAGE,-0.07349670084620141,-0.0997090710072438,-0.17471908448665086,Stable,-0.0997090710072438,-0.43065498539841474,C
02202,港股万科企业,2023-04-30,-1.5436,13.6,0.07395824778631828,0.75,0.8173895622558349,T3,0.9074015882028986,0.5521729612388737,→,↓,VP_NEUTRAL,16.789433213621415,CBI_TURBULENT,COST_DISADVANTAGE,-0.04796404124400633,-0.0827647674025106,-0.1860621775613125,Stable,-0.0827647674025106,-0.1135,C
02202,港股万科企业,2023-05-31,-16.3749,13.01,-0.11600523453593613,0.6666666666666666,0.9134097823543179,T3,0.9860746185349789,0.6154976061177442,→,→,VP_NEUTRAL,22.188589702246393,CBI_TURBULENT,COST_DISADVANTAGE,-0.10582505291519528,-0.1452399973717945,-0.31934352118858644,Stable,-0.1452399973717945,-1.258639508070715,C
02202,港股万科企业,2023-06-30,1.8748,11.93,-0.37057887854555294,0.5,0.8735660239199414,T3,0.9211528320976895,-0.4672232447129112,→,↓,VP_NEUTRAL,27.89876931175236,CBI_TURBULENT,COST_DISADVANTAGE,-0.06047154448221903,-0.09107131817285241,-0.15237407068825592,Stable,-0.09107131817285241,0.15715004191114837,C
02202,港股万科企业,2023-07-31,12.7194,15.72,0.28508126818894075,0.8333333333333334,1.077573403404547,T3,1.1142265296313292,0.15810164750776923,↑,→,VP_NEUTRAL,16.702128079372656,CBI_TURBULENT,COST_NEUTRAL,0.06013543730941118,0.06873715688479431,-0.04846818281945098,Stable,0.06873715688479431,0.8091221374045802,C
02202,港股万科企业,2023-08-31,-16.055,21.21,1.1666005271885425,0.8333333333333334,1.2797666934835077,T4,1.3004099176887172,0.6304067783504141,↑,↑,VP_SELLING_ACTIVE,16.36375143714075,CBI_TURBULENT,COST_DISADVANTAGE,-0.0029464089685897754,-0.0579844992498304,-0.2070568190162092,Deteriorating,-0.0579844992498304,-0.7569542668552569,C
02202,港股万科企业,2023-09-30,-8.9568,16.28,0.12055736217794405,0.75,1.064632152588556,T3,1.0656732720695863,0.36583112514410865,→,→,VP_NEUTRAL,18.908118673218347,CBI_TURBULENT,COST_DISADVANTAGE,0.008281071545448215,-0.0644089034009766,-0.11224283257518286,Stable,-0.0644089034009766,-0.5501719901719901,C
02202,港股万科企业,2023-10-31,-13.0641,16.54,0.06563882958463961,0.75,1.0480515365930931,T3,1.0474389888235802,0.051155019539207425,→,→,VP_NEUTRAL,18.894772744050638,CBI_TURBULENT,COST_DISADVANTAGE,-0.0344122254677508,-0.0692512938885832,-0.24787239982064102,Stable,-0.0692512938885832,-0.7898488512696493,C
02202,港股万科企业,2023-11-30,7.3469,28.35,3.125401255147784,1.0,1.5459420158138688,T5,1.5458903551759247,0.33698840472673,↑↑,↑↑,VP_OVERHEAT,10.590382898066549,CBI_TURBULENT,COST_DISADVANTAGE,-0.06357721237400848,-0.025527086382790665,-0.18930508669192048,Deteriorating,-0.025527086382790665,0.2591499118165785,C
02202,港股万科企业,2023-12-31,-9.4103,16.89,0.09230587887186702,0.75,0.8812940255674407,T3,0.8818009877392214,0.037334295767107006,↓,↓,VP_DECLINE_SILENT,18.820330230557268,CBI_TURBULENT,COST_NEUTRAL,0.03436877375485481,0.0037624085820615605,-0.07285605666381023,Deteriorating,0.0037624085820615605,-0.5571521610420367,C
02202,港股万科企业,2024-01-31,-15.3315,19.87,0.5440696260291191,0.75,1.0006714789323485,T4,0.9999644521518494,0.2011494802411984,→,→,VP_NEUTRAL,19.010875322722384,CBI_TURBULENT,COST_DISADVANTAGE,-0.0011786851321680114,-0.03035674366778618,-0.21282654118409372,Stable,-0.03035674366778618,-0.7715903371917463,C
02202,港股万科企业,2024-02-29,0.3311,21.99,0.8504035013095601,0.8333333333333334,1.1002334889926617,T4,1.1001173641187167,-0.22442839808233872,↑,↑,VP_DIVERGENCE_HIGH,17.009276878597866,CBI_TURBULENT,COST_DISADVANTAGE,-0.03902788349077135,-0.026529376764714674,-0.22181547138264412,Deteriorating,-0.026529376764714674,0.015056844020009097,C
02202,港股万科企业,2024-03-31,-10.7084,45.25,6.026327202666123,1.0,1.8234938545234738,T5,1.8236282349231105,1.6770784309849969,↑↑,↑↑,VP_PANIC,9.562667506279695,CBI_TURBULENT,COST_DISADVANTAGE,-0.0129493172217231,-0.05525492201197524,-0.09570050473288017,Deteriorating,-0.05525492201197524,-0.23664972375690607,C
02202,港股万科企业,2024-04-30,-11.3027,81.96,6.871395535276298,1.0,2.2946199430731182,T5,2.2949943888383313,3.1287504544146296,↑↑,↑↑,VP_PANIC,7.4933360982911275,CBI_TURBULENT,COST_NEUTRAL,0.17445160602520438,0.08272210955311343,-0.22750799574044933,Deteriorating,0.08272210955311343,-0.1379050756466569,C
02202,港股万科企业,2024-05-31,16.9935,135.72,5.604945057506897,1.0,2.5314598358617264,T5,2.531746765752501,5.174165698208749,↑↑,↑↑,VP_OVERHEAT,5.265069793391602,CBI_TURBULENT,COST_DISADVANTAGE,-0.07238469322508412,-0.09880263106711595,-0.10404275099918192,Deteriorating,-0.09880263106711595,0.12520999115826703,C
02202,港股万科企业,2024-06-30,-14.5221,42.1,0.10896552891164323,0.75,0.7281847271469343,T3,0.728026444513745,-0.06970813157082856,↓,↓,VP_DECLINE_SILENT,13.2400460065932,CBI_TURBULENT,COST_DISADVANTAGE,-0.04222489627584103,-0.12122508844365332,-0.1259062734796509,Deteriorating,-0.12122508844365332,-0.34494299287410923,C
02202,港股万科企业,2024-07-31,-11.3636,32.86,-0.21726076833859126,0.6666666666666666,0.5478492830943648,T3,0.5477833216920793,-0.5991600427726163,↓,↓,VP_DECLINE_SILENT,16.06142605611295,CBI_TURBULENT,COST_DISADVANTAGE,-0.004105993689821785,-0.054891111750910215,-0.19357804585541993,Deteriorating,-0.054891111750910215,-0.3458186244674376,C
02202,港股万科企业,2024-08-31,-5.0808,34.13,-0.21385932901029656,0.6666666666666666,0.550454276651793,T3,0.550434901077564,-0.7485669860554378,↓,↓,VP_DECLINE_SILENT,16.001573962992595,CBI_TURBULENT,COST_NEUTRAL,0.02731181739670796,0.013434776784220892,-0.2274139320433043,Deteriorating,0.013434776784220892,-0.14886610020509813,C
02202,港股万科企业,2024-09-30,84.8635,85.22,1.2270284427155151,0.9166666666666666,1.2410980849049733,T4,1.2412914247582183,1.0252113128297258,↑,↑,VP_EXPANSION,6.3141519717899435,CBI_TURBULENT,COST_ADVANTAGE,0.3528897432122631,0.3379992231362594,0.48796387697133103,Stable,0.3379992231362594,0.9958167096925604,C
02202,港股万科企业,2024-10-31,-5.7252,163.49,3.2548730164982094,1.0,1.9876398119630412,T5,1.9877010929757166,3.976522830360137,↑↑,↑↑,VP_PANIC,2.949804811687275,CBI_TURBULENT,COST_NEUTRAL,0.044548033416022426,-0.08011109445085907,0.4799748091755116,Deteriorating,-0.08011109445085907,-0.03501865557526454,C
02202,港股万科企业,2024-11-30,-14.1711,64.46,0.05711377925808897,0.6666666666666666,0.9159285748117273,T3,0.9161572998847825,0.8893840185239383,→,→,VP_NEUTRAL,14.094351057950858,CBI_TURBULENT,COST_NEUTRAL,0.033469261937503214,-0.11389396070485114,0.2822453812289858,Stable,-0.11389396070485114,-0.21984331368290413,C
02202,港股万科企业,2024-12-31,-17.9845,42.39,-0.5280080822038337,0.5,0.6019169329073483,T2,0.6017113709041383,-0.5028106251534707,↓,↓,VP_DECLINE_SILENT,19.44954545436799,CBI_TURBULENT,COST_DISADVANTAGE,-0.05147968301886496,-0.14290911547747942,-0.3009030428377859,Deteriorating,-0.14290911547747942,-0.4242627978296768,C
02202,港股万科企业,2025-01-31,9.2628,57.99,-0.23488770679092844,0.5833333333333334,0.7772069335239458,T3,0.7773688079373857,-0.6452089361863966,↓,↓,VP_LOCKED_CANDIDATE,16.585367120447707,CBI_TURBULENT,COST_NEUTRAL,-7.799582647050052e-05,0.12009842801016957,-0.2361473700571649,Improving,0.12009842801016957,0.1597309881013968,C
02202,港股万科企业,2025-02-28,14.7826,84.12,0.31057823288888114,0.75,1.0141660136234854,T3,1.014144757234994,0.30472554532929985,→,→,VP_STABLE_ASCENT,11.067371734935382,CBI_TURBULENT,COST_NEUTRAL,0.05477803831659567,0.10742310585900894,-0.12778073397530954,Improving,0.10742310585900894,0.1757322872087494,C
02202,港股万科企业,2025-03-31,-15.4198,42.37,-0.8111239233181538,0.3333333333333333,0.5589463963765885,T2,0.5589116937673635,-0.00014904815530947246,↓,↓,VP_DECLINE_SILENT,25.444189502975146,CBI_TURBULENT,COST_DISADVANTAGE,-0.030748723592616156,-0.10390975358759158,-0.03811818383170307,Deteriorating,-0.10390975358759158,-0.36393202737786173,C
02202,港股万科企业,2025-04-30,-2.9038,44.53,-0.6519537961601938,0.5,0.7955100339427142,T2,0.7953063066970477,-0.23248398818015992,↓,↓,VP_DECLINE_SILENT,21.22498456206717,CBI_TURBULENT,COST_DISADVANTAGE,-0.09200964486541119,-0.04204089279744627,-0.0711069103789913,Deteriorating,-0.04204089279744627,-0.06520997080619806,C
02202,港股万科企业,2025-05-31,-4.1121,20.5,-1.1748517774173615,0.08333333333333333,0.42137718396711205,T2,0.4214335114674036,-0.7562817408932638,↓,↓,VP_DECLINE_SILENT,35.470552404163676,CBI_ACTIVE,COST_DISADVANTAGE,0.00619123424668877,-0.03420249356790672,-0.10930438322321967,Deteriorating,-0.03420249356790672,-0.200590243902439,C
02202,港股万科企业,2025-06-30,-3.7402,24.57,-0.9648396012484188,0.16666666666666666,0.5378721541155866,T2,0.5373523470697242,-0.420690459629232,↓,↓,VP_DECLINE_SILENT,33.520394008419856,CBI_ACTIVE,COST_NEUTRAL,-0.0010699229383174247,-0.013459082023811408,-0.08600759364922284,Deteriorating,-0.013459082023811408,-0.15222629222629222,C
02202,港股万科企业,2025-07-31,1.8367,37.02,-0.6059536088268523,0.3333333333333333,0.8775631148512505,T2,0.8780693057166445,-0.1680141889472866,↓,↓,VP_LOCKED_CANDIDATE,29.197053035350915,CBI_TURBULENT,COST_DISADVANTAGE,-0.07897906602069316,-0.05402596652531966,-0.0673165423946056,Improving,-0.05402596652531966,0.04961372231226364,C
02202,港股万科企业,2025-08-31,6.2,39.39,-0.5536542739046441,0.3333333333333333,1.1341779441405127,T2,1.1341757040353944,0.9210745164399876,↑,↑,VP_EXPANSION,29.50431530280366,CBI_TURBULENT,COST_NEUTRAL,-0.051507514323005044,-0.008898418862069102,-0.00750517837983089,Improving,-0.008898418862069102,0.1574003554201574,C
02202,港股万科企业,2025-09-30,4.8964,44.6,-0.31233227268813635,0.6666666666666666,1.2705949385119415,T3,1.2702026637618238,0.8161875818932074,↑,↑,VP_EXPANSION,18.983837673173213,CBI_TURBULENT,COST_NEUTRAL,0.012907272399377723,0.005256776392725149,0.031509404007723285,Improving,0.005256776392725149,0.1097847533632287,C
02202,港股万科企业,2025-10-31,-21.5686,29.47,-0.9474691873645481,0.25,0.9042188698542571,T2,0.9043581672425299,-0.20436010125547177,→,→,VP_NEUTRAL,33.26693168907531,CBI_ACTIVE,COST_DISADVANTAGE,-0.01947581031444101,-0.08516622134774188,-0.1851631278933603,Stable,-0.08516622134774188,-0.7318832711231762,C
02202,港股万科企业,2025-11-30,-18.018,47.02,0.2769273854941227,0.8333333333333334,1.2704102310082408,T3,1.2704879944567367,0.1936921278860102,↑,↑,VP_SELLING_ACTIVE,13.693300704794382,CBI_TURBULENT,COST_DISADVANTAGE,-0.042804485164932626,-0.10088965084210544,-0.32590767852996183,Deteriorating,-0.10088965084210544,-0.38319863887707356,C
02202,港股万科企业,2025-12-31,-9.3923,63.08,1.2207547956133527,0.9166666666666666,1.4524522219663827,T4,1.4523250870868585,0.41481267334764893,↑,↑,VP_SELLING_ACTIVE,10.551909842095695,CBI_TURBULENT,COST_DISADVANTAGE,-0.06873826393826443,-0.09071682221124233,-0.1820016810351447,Deteriorating,-0.09071682221124233,-0.14889505389980978,C
02202,港股万科企业,2026-01-31,15.8537,51.91,0.5034586560174887,0.8333333333333334,1.130649435510219,T4,1.1302372679267105,0.760327682480844,↑,↑,VP_EXPANSION,12.693981717057962,CBI_TURBULENT,COST_NEUTRAL,-0.018718552393674148,0.05179092183316936,-0.052319020711448117,Stable,0.05179092183316936,0.30540743594683106,C
02202,港股万科企业,2026-02-28,6.2147,35.48,-0.4207021429693967,0.3333333333333333,0.7839151568714096,T3,0.7836810408957866,-0.24583515607655748,↓,↓,VP_LOCKED_CANDIDATE,29.88561765511385,CBI_TURBULENT,COST_NEUTRAL,-0.008554714117196993,-0.007672856133681849,-0.06229460996711711,Improving,-0.007672856133681849,0.17516065388951524,C
02202,港股万科企业,2026-03-31,-21.5633,25.23,-1.2361181820141955,0.25,0.6002617074428012,T2,0.6006620440492118,-0.5997922991259907,↓,↓,VP_DECLINE_SILENT,32.229365239057365,CBI_ACTIVE,COST_DISADVANTAGE,-0.03751828767409415,-0.12461267859383363,-0.19248784179398404,Deteriorating,-0.12461267859383363,-0.8546690447879509,C
02202,港股万科企业,2026-04-30,1.7007,16.2,-1.7664578763353933,0.08333333333333333,0.40683073832245104,T1,0.4068405867642006,-0.6878001951422636,↓,↓,VP_LOCKED_CANDIDATE,38.06993049967037,CBI_ACTIVE,COST_NEUTRAL,0.01167183949738626,0.00866650890115328,-0.17028819483299396,Improving,0.00866650890115328,0.1049814814814815,C
02202,港股万科企业,2026-05-31,-2.3256,26.46,-0.8623868035597662,0.3333333333333333,0.7270562374061182,T2,0.7274204233743581,-0.25355520734032566,↓,↓,VP_DECLINE_SILENT,29.64390556064321,CBI_TURBULENT,COST_NEUTRAL,0.07696374225465408,0.009426119769763597,-0.18416297418361283,Deteriorating,0.009426119769763597,-0.08789115646258504,C
02202,港股万科企业,2026-06-30,-21.771217712177116,22.12,-1.226022587610418,0.16666666666666666,0.7481397970687713,T2,0.7482669554916035,-0.12370766045539883,↓,↓,VP_DECLINE_SILENT,34.66993903031895,CBI_ACTIVE,COST_DISADVANTAGE,-0.08548255857796672,-0.14251888550209002,-0.23608931657017262,Deteriorating,-0.14251888550209002,-0.9842322654691281,C
02202,,2026-07-31,16.981132075471695,19.77,-1.229210541589005,0.16666666666666666,0.8166047087980174,T2,0.816434972299194,0.22027123610409194,↓,↓,VP_LOCKED_CANDIDATE,35.03813561426801,CBI_ACTIVE,COST_NEUTRAL,0.007246719393386725,0.042659660267494015,-0.10636863447831524,Improving,0.042659660267494015,0.8589343487846077,C
02611,国泰海通,2017-04-30,0.0,14.22,,,,,,,,,VP_NEUTRAL,,,,-0.27563645235445666,-0.2757055898911176,,Stable,-0.2757055898911176,0.0,A
02611,国泰海通,2017-05-31,-1.3922,1.57,,,,,,,,,VP_NEUTRAL,,,,-0.265097324954356,-0.2647433083666685,,Stable,-0.2647433083666685,-0.8867515923566879,A
02611,国泰海通,2017-06-30,4.9153,2.27,,,0.37707641196013286,,0.3893380299785214,,↓,↓,VP_LOCKED_CANDIDATE,,,COST_DISADVANTAGE,-0.2700057047951848,-0.25865131096140226,-0.24530946523791175,Improving,-0.25865131096140226,2.165330396475771,A
02611,国泰海通,2017-07-31,6.6817,3.21,,,0.6036671368124119,,0.6217999577110109,-0.7638701339916973,↓,↓,VP_LOCKED_CANDIDATE,,,COST_DISADVANTAGE,-0.25649330930653613,-0.2366218561813025,-0.1935361666095412,Improving,-0.2366218561813025,2.081526479750779,A
02611,国泰海通,2017-08-31,-0.469,4.19,,,0.8228593872741555,,0.8461902044181036,1.658735256224658,↓,↓,VP_SHRINK,,,COST_DISADVANTAGE,-0.23686607370422696,-0.25230530753186176,-0.1960616933719007,Stable,-0.25230530753186176,-0.11193317422434367,A
02611,国泰海通,2017-09-30,-1.4226,2.34,-0.5920153178340856,0.5,0.5050359712230215,T2,0.5154391218675028,0.03211471793835918,↓,↓,VP_SHRINK,36.148072511330945,CBI_ACTIVE,COST_DISADVANTAGE,-0.27622090968037993,-0.27895351596884654,-0.26612790237941253,Stable,-0.27895351596884654,-0.6079487179487181,A
02611,国泰海通,2017-10-31,11.3846,2.11,-0.5779922801672277,0.2857142857142857,0.8068833652007649,T2,0.8086251610963268,-0.34015798806610253,↓,↓,VP_LOCKED_CANDIDATE,41.44132732964397,CBI_ACTIVE,COST_DISADVANTAGE,-0.24361582045953012,-0.22746818568585692,-0.18257956768677774,Improving,-0.22746818568585692,5.395545023696683,A
02611,国泰海通,2017-11-30,-6.9299,2.62,-0.3995144309710429,0.625,0.9390681003584231,T3,0.9374768952339378,-0.3778077263302543,→,→,VP_NEUTRAL,30.113049660633088,CBI_ACTIVE,COST_DISADVANTAGE,-0.26303698529282327,-0.2668556674762991,-0.24141642310412614,Stable,-0.2668556674762991,-2.645,A
02611,国泰海通,2017-12-31,1.0859,5.0,0.23890981165818193,0.8888888888888888,1.5408320493066257,T3,1.534680160156222,1.1315861427687808,↑↑,↑↑,VP_NEUTRAL,21.864546683998398,CBI_TURBULENT,COST_DISADVANTAGE,-0.2541226919829339,-0.252299437210757,-0.2591992666738344,Stable,-0.252299437210757,0.21718,A
02611,国泰海通,2018-01-31,19.1461,2.38,-0.48423911423961563,0.5,0.7660944206008583,T3,0.7700197312806896,0.13008149821341441,↓,↓,VP_LOCKED_CANDIDATE,32.213590729499536,CBI_ACTIVE,COST_DISADVANTAGE,-0.248178578060804,-0.2053922748348066,-0.1227823434801878,Improving,-0.2053922748348066,8.044579831932774,A
02611,国泰海通,2018-02-28,-10.8576,1.71,-0.6429509105517678,0.18181818181818182,0.6349009900990099,T2,0.6348666184477284,-0.3469559839598896,↓,↓,VP_DECLINE_SILENT,41.4759812086795,CBI_ACTIVE,COST_DISADVANTAGE,-0.23106835844499518,-0.2529499416230262,-0.21600057432917974,Deteriorating,-0.2529499416230262,-6.349473684210526,A
02611,国泰海通,2018-03-31,-8.3857,1.81,-0.5728027622635611,0.25,0.6948176583493283,T2,0.6900505941407056,-0.6393802072979389,↓,↓,VP_DECLINE_SILENT,38.58882406461875,CBI_ACTIVE,COST_DISADVANTAGE,-0.25140114740401753,-0.2714622222263138,-0.3159793689427093,Deteriorating,-0.2714622222263138,-4.6329834254143645,A
02611,国泰海通,2018-04-30,11.1697,1.99,-0.6488872142193193,0.3333333333333333,0.7698259187620888,T2,0.7650700411665021,-0.17602007495234817,↓,↓,VP_LOCKED_CANDIDATE,51.85074947422182,CBI_STABLE,COST_DISADVANTAGE,-0.19908137191520936,-0.21055366993025681,-0.23717639243015165,Improving,-0.21055366993025681,5.612914572864322,A
02611,国泰海通,2018-05-31,-5.4522,6.71,4.0501101003133835,1.0,2.054081632653061,T5,2.0562383270696833,2.919855725168579,↑↑,↑↑,VP_PANIC,22.46578467688701,CBI_TURBULENT,COST_DISADVANTAGE,-0.26544550402592404,-0.2514298851727027,-0.25120979920636055,Deteriorating,-0.2514298851727027,-0.8125484351713861,A
02611,国泰海通,2018-06-30,-6.2925,2.54,-0.36982293160320506,0.5833333333333334,0.8891481913652275,T3,0.8865442046942775,0.4068350362274642,↓,↓,VP_DECLINE_SILENT,34.94932135104949,CBI_ACTIVE,COST_DISADVANTAGE,-0.21977115164349537,-0.27202455622412525,-0.2966899424501501,Deteriorating,-0.27202455622412525,-2.4773622047244097,A
02611,国泰海通,2018-07-31,0.1615,1.42,-1.0671903642550813,0.08333333333333333,0.526576019777503,T2,0.5168323870671321,-0.2973098774218772,↓,↓,VP_SHRINK,51.3873424995403,CBI_STABLE,COST_DISADVANTAGE,-0.23213886630679947,-0.2181855948615602,-0.3186563688591405,Stable,-0.2181855948615602,0.1137323943661972,A
02611,国泰海通,2018-08-31,-0.6448,0.85,-1.2627334611979262,0.08333333333333333,0.3328981723237598,T2,0.3352843464773968,-0.8729652335964928,↓,↓,VP_SHRINK,51.22167826471467,CBI_STABLE,COST_DISADVANTAGE,-0.24921907465207227,-0.2491948544827619,-0.32304965414093856,Stable,-0.2491948544827619,-0.7585882352941177,A
02611,国泰海通,2018-09-30,-3.9287,0.87,-1.09267526090125,0.16666666666666666,0.3630041724617525,T2,0.3673591619958662,-0.6531321220079133,↓,↓,VP_DECLINE_SILENT,47.91261730365137,CBI_ACTIVE,COST_DISADVANTAGE,-0.24401699342779315,-0.23142256062625666,-0.237269321217789,Deteriorating,-0.23142256062625666,-4.515747126436782,A
02611,国泰海通,2018-10-31,0.797,1.07,-0.8611316313048296,0.25,0.47696879643387824,T2,0.47102346493797753,-0.2414935178970513,↓,↓,VP_SHRINK,44.55239041274595,CBI_ACTIVE,COST_DISADVANTAGE,-0.24166859544155617,-0.218245615232869,-0.21106936333044712,Stable,-0.218245615232869,0.7448598130841122,A
02611,国泰海通,2018-11-30,-3.7305,1.51,-0.504975385314794,0.4166666666666667,1.0968523002421307,T2,1.0925152392453072,0.7500340308132121,→,→,VP_NEUTRAL,39.06096096337087,CBI_ACTIVE,COST_DISADVANTAGE,-0.23187344127107123,-0.24679530156100682,-0.227288384879754,Stable,-0.24679530156100682,-2.4705298013245036,A
02611,国泰海通,2018-12-31,-5.8236,0.88,-0.7688646652068407,0.25,0.8000000000000002,T2,0.8194522808224971,0.02064076322682795,↓,↓,VP_DECLINE_SILENT,47.34279577054553,CBI_ACTIVE,COST_DISADVANTAGE,-0.2447710776258648,-0.2562333213880529,-0.2645206446626548,Deteriorating,-0.2562333213880529,-6.617727272727272,A
02611,国泰海通,2019-01-31,4.2184,1.84,-0.06398500054001204,0.75,1.5726495726495728,T3,1.5801634274164778,0.7557319141479535,↑↑,↑↑,VP_OVERHEAT,30.845561477995723,CBI_ACTIVE,COST_DISADVANTAGE,-0.22909700064123895,-0.21612755982468124,-0.21043676125855493,Deteriorating,-0.21612755982468124,2.2926086956521736,A
02611,国泰海通,2019-02-28,-3.6809,3.52,0.9851351676050205,0.9166666666666666,2.179566563467492,T4,2.1844968138992304,1.3666098084507476,↑↑,↑↑,VP_PANIC,24.718569459759237,CBI_TURBULENT,COST_DISADVANTAGE,-0.25256087946304984,-0.2555091918525385,-0.16372795286410502,Deteriorating,-0.2555091918525385,-1.0457102272727272,A
02611,国泰海通,2019-03-31,0.147,3.2,0.6608416469478712,0.8333333333333334,1.5973377703826956,T4,1.601359839891677,2.584546392203195,↑↑,↑↑,VP_NEUTRAL,28.030786555516272,CBI_TURBULENT,COST_DISADVANTAGE,-0.20949138093637043,-0.21878838642306508,-0.22393606556813495,Stable,-0.21878838642306508,0.04593749999999999,A
02611,国泰海通,2019-04-30,-6.5279,7.36,3.061421543032356,1.0,2.4117968323320595,T5,2.5397054699728057,3.3585772370060143,↑↑,↑↑,VP_PANIC,19.355931774590708,CBI_TURBULENT,COST_DISADVANTAGE,-0.22828774859784084,-0.23019517315873428,-0.26607940683764253,Deteriorating,-0.23019517315873428,-0.8869429347826087,A
02611,国泰海通,2019-05-31,-27.1327,3.07,0.430338489546881,0.75,0.9270256668344237,T3,1.0160872214842873,0.013005137550710755,→,→,VP_NEUTRAL,28.392567388644828,CBI_TURBULENT,COST_DISADVANTAGE,-0.3126085052644699,-0.3642495598960086,-0.45857196560917735,Stable,-0.3642495598960086,-8.838013029315961,A
02611,国泰海通,2019-06-30,6.1265,2.54,0.11528550814244597,0.6666666666666666,0.707849512308407,T3,0.7596855418537067,-0.08690717491901068,↓,↓,VP_LOCKED_CANDIDATE,31.096858024674738,CBI_ACTIVE,COST_DISADVANTAGE,-0.278671756109794,-0.2659851812009597,-0.35954985682586427,Improving,-0.2659851812009597,2.4120078740157482,A
02611,国泰海通,2019-07-31,-12.6297,1.31,-0.6106449907083479,0.4166666666666667,0.3742857142857143,T2,0.3982115445310816,-0.8120125382866679,↓,↓,VP_DECLINE_SILENT,39.43098130736389,CBI_ACTIVE,COST_DISADVANTAGE,-0.28491586645323896,-0.3045961912430978,-0.4148171280642414,Deteriorating,-0.3045961912430978,-9.640992366412213,A
02611,国泰海通,2019-08-31,-18.0645,2.18,-0.1611459303516347,0.5833333333333334,0.6653102746693794,T3,0.6998336624529875,-0.2878080773436048,↓,↓,VP_DECLINE_SILENT,33.729670139307274,CBI_ACTIVE,COST_DISADVANTAGE,-0.3107856729000379,-0.318958801853958,-0.5142599690467886,Deteriorating,-0.318958801853958,-8.286467889908256,A
02611,国泰海通,2019-09-30,12.5,2.67,0.046718059438270954,0.6666666666666666,0.8374281233664402,T3,0.8544891704408969,0.05509238733801847,↓,↓,VP_LOCKED_CANDIDATE,30.51409154754677,CBI_ACTIVE,COST_DISADVANTAGE,-0.29715562130060325,-0.30841855100647997,-0.2905593145338835,Improving,-0.30841855100647997,4.681647940074907,A
02611,国泰海通,2019-10-31,-2.3148,1.17,-0.9402159506036525,0.16666666666666666,0.5425038639876352,T2,0.5391152168874752,-0.10942128719559019,↓,↓,VP_DECLINE_SILENT,47.075611304797064,CBI_ACTIVE,COST_DISADVANTAGE,-0.31413956557185974,-0.31291925092319617,-0.306981552623377,Deteriorating,-0.31291925092319617,-1.9784615384615385,A
02611,国泰海通,2019-11-30,1.2136,1.38,-0.7834717565136841,0.3333333333333333,0.736,T2,0.7383756676563905,-0.36996076961533986,↓,↓,VP_SHRINK,42.33238246965773,CBI_ACTIVE,COST_DISADVANTAGE,-0.31039376285691345,-0.3122764800079505,-0.3151926716681237,Stable,-0.3122764800079505,0.8794202898550726,A
02611,国泰海通,2019-12-31,18.5185,1.69,-0.6434567053618315,0.3333333333333333,0.9750000000000001,T2,0.9736432111790723,-0.36697333894067863,→,→,VP_STABLE_ASCENT,42.35139566513169,CBI_ACTIVE,COST_DISADVANTAGE,-0.22910209195588693,-0.21556820914954644,-0.18338927903289637,Improving,-0.21556820914954644,10.957692307692307,A
02611,国泰海通,2020-01-31,-12.8906,1.16,-0.9525023732971578,0.08333333333333333,0.6790243902439024,T2,0.6830991945534368,0.005069523451922686,↓,↓,VP_DECLINE_SILENT,49.70110409326257,CBI_ACTIVE,COST_DISADVANTAGE,-0.3052219306915658,-0.3596801952026186,-0.2886555047825621,Deteriorating,-0.3596801952026186,-11.112586206896552,A
02611,国泰海通,2020-02-29,5.5804,1.75,-0.45589381714310506,0.5,1.069246435845214,T3,1.0731527477280534,0.2705344236390963,→,→,VP_STABLE_ASCENT,35.76701292827683,CBI_ACTIVE,COST_DISADVANTAGE,-0.3073600141617905,-0.3076903337412529,-0.24559204879406238,Improving,-0.3076903337412529,3.1888,A
02611,国泰海通,2020-03-31,-18.9024,3.81,0.8410612281995314,0.9166666666666666,2.0857664233576645,T4,2.0869599414344577,1.2624258239778854,↑↑,↑↑,VP_PANIC,21.295211382842414,CBI_TURBULENT,COST_DISADVANTAGE,-0.2812849818894866,-0.3175670697240346,-0.3663967426520377,Deteriorating,-0.3175670697240346,-4.961259842519685,A
02611,国泰海通,2020-04-30,-1.0417,1.97,-0.1162454018357455,0.5833333333333334,1.0051020408163265,T3,1.000070411237179,0.6800962718725958,→,→,VP_NEUTRAL,46.59270493519065,CBI_ACTIVE,COST_DISADVANTAGE,-0.30708026118310316,-0.32556678853171717,-0.39656832633527406,Stable,-0.32556678853171717,-0.528781725888325,A
02611,国泰海通,2020-05-31,-8.5635,4.21,2.9297695152759164,1.0,1.7313228238519534,T5,1.7297506794313584,1.3960482782407269,↑↑,↑↑,VP_PANIC,27.989514693487646,CBI_TURBULENT,COST_DISADVANTAGE,-0.3413590978849631,-0.3482978752760407,-0.4743792526762518,Deteriorating,-0.3482978752760407,-2.034085510688836,A
02611,国泰海通,2020-06-30,14.262,3.06,0.9460260189643891,0.8333333333333334,1.1503759398496243,T4,1.1584646861030383,-0.19048405646481215,↑,↑,VP_EXPANSION,32.572510315088216,CBI_ACTIVE,COST_DISADVANTAGE,-0.3439712493145368,-0.31624196138529603,-0.2913525797863943,Stable,-0.31624196138529603,4.6607843137254905,A
02611,国泰海通,2020-07-31,31.8497,6.05,3.797348635513154,1.0,1.7410071942446042,T5,1.7356725200122796,2.076867127993339,↑↑,↑↑,VP_OVERHEAT,19.551139866823583,CBI_TURBULENT,COST_DISADVANTAGE,-0.2575353711891084,-0.2878667696772462,-0.09520659554379873,Deteriorating,-0.2878667696772462,5.264413223140496,A
02611,国泰海通,2020-08-31,-9.8522,1.82,-0.5509772392073624,0.5,0.5219885277246654,T2,0.5194801168942592,-0.5695124239734002,↓,↓,VP_DECLINE_SILENT,36.156633616464305,CBI_ACTIVE,COST_DISADVANTAGE,-0.29249206532264427,-0.3031007769976578,-0.16245664728411713,Deteriorating,-0.3031007769976578,-5.413296703296703,A
02611,国泰海通,2020-09-30,-15.1667,3.08,0.35531134458482455,0.75,0.9153046062407132,T3,0.9207414765182517,0.0039050946471996806,→,→,VP_NEUTRAL,28.41172614873998,CBI_TURBULENT,COST_DISADVANTAGE,-0.30654836339751257,-0.32705386197062725,-0.40709218680437176,Stable,-0.32705386197062725,-4.9242532467532465,A
02611,国泰海通,2020-10-31,-7.9502,5.66,2.0589339276584484,0.9166666666666666,1.4221105527638191,T5,1.416955992091269,-0.06548861520337368,↑,↑,VP_SELLING_ACTIVE,21.600491407180083,CBI_TURBULENT,COST_DISADVANTAGE,-0.3163200496621258,-0.3293367041116019,-0.45853416875640474,Deteriorating,-0.3293367041116019,-1.4046289752650176,A
02611,国泰海通,2020-11-30,18.6594,15.4,7.77262241369824,1.0,2.634730538922156,T5,2.636188624371185,7.513670830705257,↑↑,↑↑,VP_OVERHEAT,10.580811049163152,CBI_TURBULENT,COST_DISADVANTAGE,-0.2568054441547756,-0.25612428955839217,-0.3556502048523389,Deteriorating,-0.25612428955839217,1.2116493506493506,A
02611,国泰海通,2020-12-31,-1.2096,5.72,0.35714222530730066,0.8333333333333334,0.9096209912536443,T3,0.909137763257809,0.8435372239455268,→,→,VP_NEUTRAL,16.530175324902732,CBI_TURBULENT,COST_DISADVANTAGE,-0.22870884019449456,-0.26215544833389737,-0.25380333351762363,Stable,-0.26215544833389737,-0.21146853146853148,A
02611,国泰海通,2021-01-31,0.0,4.8,0.006669032198852063,0.6666666666666666,0.7894736842105262,T3,0.7868223229875558,-0.15205536872384218,↓,↓,VP_SHRINK,23.848753497617754,CBI_TURBULENT,COST_DISADVANTAGE,-0.30898138876610526,-0.3097129368415442,-0.2556306793397918,Stable,-0.3097129368415442,0.0,A
02611,国泰海通,2021-02-28,-6.3671,4.97,-0.023271422818487986,0.6666666666666666,0.752460257380772,T3,0.7521792362713429,-0.6778334265111983,↓,↓,VP_DECLINE_SILENT,24.205643476777396,CBI_TURBULENT,COST_DISADVANTAGE,-0.3150003300814148,-0.3129399124158636,-0.30131432489399623,Deteriorating,-0.3129399124158636,-1.2811066398390343,A
02611,国泰海通,2021-03-31,4.9306,4.15,-0.28531300083731725,0.4166666666666667,0.6117936117936119,T3,0.6133074566599767,-0.2724288279633019,↓,↓,VP_LOCKED_CANDIDATE,32.81556092271912,CBI_ACTIVE,COST_DISADVANTAGE,-0.2609056693424695,-0.2579601967440329,-0.28382457475267153,Improving,-0.2579601967440329,1.1880963855421687,A
02611,国泰海通,2021-04-30,-2.4609,2.44,-0.8557058413511432,0.16666666666666666,0.39060832443970117,T2,0.38918306242970646,-0.49173836560836715,↓,↓,VP_DECLINE_SILENT,41.39274713720867,CBI_ACTIVE,COST_DISADVANTAGE,-0.2817601545817776,-0.28424747237265957,-0.29799399085747835,Deteriorating,-0.28424747237265957,-1.008565573770492,A
02611,国泰海通,2021-05-31,7.5691,4.37,-0.2359092278596077,0.5,0.9913043478260868,T3,0.993969482372373,-0.11845702351370613,→,→,VP_STABLE_ASCENT,31.525112824473617,CBI_ACTIVE,COST_DISADVANTAGE,-0.26512944310333053,-0.25052936516747726,-0.24485868046445292,Improving,-0.25052936516747726,1.7320594965675056,A
02611,国泰海通,2021-06-30,-7.271,4.07,-0.3611333271248638,0.3333333333333333,0.9846774193548389,T3,0.9852190560851807,-0.021205169279169267,→,→,VP_NEUTRAL,37.67500791598406,CBI_ACTIVE,COST_DISADVANTAGE,-0.2833335285306705,-0.2957834262618828,-0.2974039801744657,Stable,-0.2957834262618828,-1.7864864864864864,A
02611,国泰海通,2021-07-31,-7.5503,4.31,-0.23866626164721083,0.5,1.0637597696421224,T3,1.0629573372720884,0.7720755225237728,→,→,VP_NEUTRAL,33.663668673366324,CBI_ACTIVE,COST_DISADVANTAGE,-0.25948743578525535,-0.2899540187390476,-0.3504518901069109,Stable,-0.2899540187390476,-1.7518097447795826,A
02611,国泰海通,2021-08-31,14.5578,6.55,0.3593830567604498,0.9166666666666666,1.5179606025492467,T3,1.5192473047076607,0.49791677590581584,↑↑,↑↑,VP_OVERHEAT,19.30266543993777,CBI_TURBULENT,COST_DISADVANTAGE,-0.22999414567996213,-0.20745355200524285,-0.25182009777020375,Deteriorating,-0.20745355200524285,2.2225648854961833,A
02611,国泰海通,2021-09-30,3.3019,6.21,0.16465577905185244,0.8333333333333334,1.3330948121645796,T3,1.3263948624081734,0.5163075989340349,↑,↑,VP_EXPANSION,22.602066160879552,CBI_TURBULENT,COST_DISADVANTAGE,-0.22255520845942578,-0.22797900909687718,-0.18909035699971555,Improving,-0.22797900909687718,0.5317069243156199,A
02611,国泰海通,2021-10-31,-4.4393,2.5,-0.9944029422554378,0.16666666666666666,0.5355230274901821,T2,0.5400086470720267,-0.4147585984218801,↓,↓,VP_DECLINE_SILENT,43.96392900846827,CBI_ACTIVE,COST_DISADVANTAGE,-0.25187798290333885,-0.25631068835644144,-0.24278072149060193,Deteriorating,-0.25631068835644144,-1.7757200000000002,A
02611,国泰海通,2021-11-30,-3.8835,1.93,-2.0801881557118604,0.08333333333333333,0.45287446226046146,T1,0.4465274295571624,-0.7103474305424633,↓,↓,VP_DECLINE_SILENT,56.34066951760802,CBI_STABLE,COST_DISADVANTAGE,-0.26014979454742326,-0.2535435640713595,-0.26684881591755105,Deteriorating,-0.2535435640713595,-2.0121761658031088,A
02611,国泰海通,2021-12-31,21.7172,3.96,-0.1772839397553804,0.3333333333333333,0.9332285938727416,T3,0.934807067600245,-0.35830629599447394,→,→,VP_STABLE_ASCENT,47.51720366197082,CBI_ACTIVE,COST_DISADVANTAGE,-0.17524580361875386,-0.13993325602459883,-0.12442250046078651,Improving,-0.13993325602459883,5.484141414141414,A
02611,国泰海通,2022-01-31,-2.9046,2.39,-1.2504958881302677,0.16666666666666666,0.6091758708581139,T2,0.6114658395169101,-0.049619727134363245,↓,↓,VP_DECLINE_SILENT,52.01680289936327,CBI_STABLE,COST_DISADVANTAGE,-0.22543629101345763,-0.2166247444196293,-0.14985421206565996,Deteriorating,-0.2166247444196293,-1.2153138075313805,A
02611,国泰海通,2022-02-28,-2.1598,1.69,-1.5239497617752682,0.08333333333333333,0.5428265524625268,T1,0.5441513870340128,-0.11027814086823318,↓,↓,VP_DECLINE_SILENT,54.90329644753674,CBI_STABLE,COST_DISADVANTAGE,-0.22622908311933543,-0.23865748728473035,-0.17710247449945282,Deteriorating,-0.23865748728473035,-1.2779881656804735,A
02611,国泰海通,2022-03-31,-9.5768,2.66,-0.6433218128199603,0.5,1.054857898215466,T2,1.0651229409343803,-0.3205524860815422,→,→,VP_NEUTRAL,39.56345915583751,CBI_ACTIVE,COST_DISADVANTAGE,-0.22773426600180358,-0.23900380065441307,-0.2895133563514024,Stable,-0.23900380065441307,-3.6003007518796992,A
02611,国泰海通,2022-04-30,-3.9702,1.96,-1.1100470092754533,0.25,0.8060315284441398,T2,0.8048836637927294,-0.18274573613897083,↓,↓,VP_DECLINE_SILENT,46.79730646649545,CBI_ACTIVE,COST_DISADVANTAGE,-0.215957750285107,-0.24944741966614792,-0.3227627313004746,Deteriorating,-0.24944741966614792,-2.0256122448979594,A
02611,国泰海通,2022-05-31,2.6738,1.5,-1.2191108331637945,0.08333333333333333,0.6355932203389831,T2,0.6354016651751181,-0.11046576778365536,↓,↓,VP_LOCKED_CANDIDATE,51.30877760657049,CBI_STABLE,COST_DISADVANTAGE,-0.22123102540903694,-0.20309615804151726,-0.3280126326082229,Improving,-0.20309615804151726,1.7825333333333333,A
02611,国泰海通,2022-06-30,5.8486,2.56,-0.40080884677615236,0.5833333333333334,1.2037617554858935,T3,1.1966996304055646,-0.052036335513218734,↑,↑,VP_EXPANSION,35.76097779464698,CBI_ACTIVE,COST_DISADVANTAGE,-0.15780243038916697,-0.1781681706714764,-0.18545892114436924,Improving,-0.1781681706714764,2.284609375,A
02611,国泰海通,2022-07-31,-5.7754,1.04,-1.219243529875517,0.08333333333333333,0.5468886941279579,T2,0.5440980266320699,-0.47059388319108475,↓,↓,VP_DECLINE_SILENT,52.02228819002768,CBI_STABLE,COST_DISADVANTAGE,-0.18468744360098555,-0.18690983683239304,-0.22966193973051596,Deteriorating,-0.18690983683239304,-5.553269230769231,A
02611,国泰海通,2022-08-31,-2.0439,0.7,-1.3863510964398524,0.08333333333333333,0.40307101727447214,T2,0.40260769901237325,-0.5340983573953734,↓,↓,VP_DECLINE_SILENT,55.29951087014119,CBI_STABLE,COST_DISADVANTAGE,-0.1802848920518323,-0.18033125900803648,-0.22966193973051596,Deteriorating,-0.18033125900803648,-2.919857142857143,A
02611,国泰海通,2022-09-30,-12.9108,1.27,-0.9577786665897845,0.25,0.8438538205980067,T2,0.8479290348623131,-0.500002564559112,↓,↓,VP_DECLINE_SILENT,61.39467393426075,CBI_STABLE,COST_DISADVANTAGE,-0.2164894071683846,-0.24592575904606728,-0.2717345082588797,Deteriorating,-0.24592575904606728,-10.165984251968505,A
02611,国泰海通,2022-10-31,-2.6406,1.03,-1.0857191400420447,0.16666666666666666,0.7629629629629631,T2,0.770750748246025,0.004918001406787997,↓,↓,VP_DECLINE_SILENT,63.34242716529464,CBI_STABLE,COST_DISADVANTAGE,-0.2253035863752756,-0.24446233319941668,-0.3164468250623925,Deteriorating,-0.24446233319941668,-2.5636893203883493,A
02611,国泰海通,2022-11-30,17.5689,9.15,8.013139885935018,1.0,3.4857142857142858,T5,3.4856830081845143,12.070493233656421,↑↑,↑↑,VP_OVERHEAT,19.415225378981805,CBI_TURBULENT,COST_DISADVANTAGE,-0.14035813670934516,-0.15333476856850337,-0.18994368483781943,Deteriorating,-0.15333476856850337,1.9200983606557376,A
02611,国泰海通,2022-12-31,-5.814,1.56,-0.3572393362050435,0.5,0.6345762711864407,T3,0.6385703482334237,0.23369087040455416,↓,↓,VP_DECLINE_SILENT,36.1711339059122,CBI_ACTIVE,COST_DISADVANTAGE,-0.18680227393131144,-0.21132806355975498,-0.18689608114416667,Deteriorating,-0.21132806355975498,-3.726923076923077,A
02611,国泰海通,2023-01-31,11.9921,1.45,-0.3707516193388516,0.4166666666666667,0.5738786279683377,T3,0.5703225541214687,0.38633388299296323,↓,↓,VP_LOCKED_CANDIDATE,37.626384822827866,CBI_ACTIVE,COST_DISADVANTAGE,-0.20229352257456734,-0.1562430372841297,-0.09449790854691287,Improving,-0.1562430372841297,8.27041379310345,A
02611,国泰海通,2023-02-28,-4.2617,1.29,-0.43090184485524297,0.4166666666666667,0.49142857142857144,T3,0.4933027138849335,-0.8582284462363005,↓,↓,VP_DECLINE_SILENT,37.34389338591126,CBI_ACTIVE,COST_DISADVANTAGE,-0.2007340805284411,-0.20165556152195585,-0.1287194539533032,Deteriorating,-0.20165556152195585,-3.3036434108527133,A
02611,国泰海通,2023-03-31,2.8728,1.37,-0.338351650745974,0.5,0.5186119873817036,T3,0.5187865874753224,-0.1269468634060884,↓,↓,VP_LOCKED_CANDIDATE,35.467863961838574,CBI_ACTIVE,COST_DISADVANTAGE,-0.17086027560321604,-0.1629139097941925,-0.1671679184463385,Improving,-0.1629139097941925,2.096934306569343,A
02611,国泰海通,2023-04-30,6.5673,1.79,-0.12889019036372576,0.8333333333333334,0.6465984346779049,T3,0.6431847574023779,0.23441820653020762,↓,↓,VP_LOCKED_CANDIDATE,25.52455512951755,CBI_TURBULENT,COST_DISADVANTAGE,-0.15616444782442307,-0.14957754364560705,-0.10796685654356475,Improving,-0.14957754364560705,3.668882681564246,A
02611,国泰海通,2023-05-31,-6.5589,2.68,0.25077480341356595,0.9166666666666666,1.5857988165680472,T3,1.581623176140501,1.0603708269617789,↑↑,↑↑,VP_PANIC,22.94922535200508,CBI_TURBULENT,COST_DISADVANTAGE,-0.19370566155881785,-0.22987378433515782,-0.15659630024941462,Deteriorating,-0.22987378433515782,-2.447350746268657,A
02611,国泰海通,2023-06-30,1.6149,0.97,-0.5058105279452113,0.16666666666666666,0.6094240837696334,T2,0.6138573726537357,-0.28873477614995,↓,↓,VP_LOCKED_CANDIDATE,47.828870543808776,CBI_ACTIVE,COST_DISADVANTAGE,-0.09951941530152064,-0.13386765809230794,-0.19139888163477103,Improving,-0.13386765809230794,1.6648453608247422,A
02611,国泰海通,2023-07-31,6.5295,1.94,-0.07660589979715036,0.8333333333333334,1.1593625498007967,T3,1.1601260081391522,0.09005217929254172,↑,↑,VP_EXPANSION,27.201375189326775,CBI_TURBULENT,COST_DISADVANTAGE,-0.1072929631837799,-0.09453143461348723,-0.13860122329627522,Improving,-0.09453143461348723,3.365721649484536,A
02611,国泰海通,2023-08-31,-6.6613,3.91,0.7525643876150182,0.9166666666666666,1.8530805687203793,T4,1.8605855711504413,0.47061989490205414,↑↑,↑↑,VP_PANIC,23.93381996091916,CBI_TURBULENT,COST_DISADVANTAGE,-0.1050456158686981,-0.15059331593199132,-0.1904026994019693,Deteriorating,-0.15059331593199132,-1.7036572890025574,A
02611,国泰海通,2023-09-30,-5.8845,1.01,-0.6442709561994835,0.16666666666666666,0.49268292682926823,T2,0.4922422088282395,0.034590420358247,↓,↓,VP_DECLINE_SILENT,48.26656481885374,CBI_ACTIVE,COST_DISADVANTAGE,-0.13677616565129558,-0.15246370689067368,-0.1908656918231153,Deteriorating,-0.15246370689067368,-5.826237623762376,A
02611,国泰海通,2023-10-31,0.1308,0.9,-0.6917434604807068,0.08333333333333333,0.4732690622261175,T2,0.4553399194694431,-0.554570632712264,↓,↓,VP_SHRINK,51.28231526711342,CBI_STABLE,COST_DISADVANTAGE,-0.10542284297506355,-0.11094604614980252,-0.1929736358329548,Stable,-0.11094604614980252,0.14533333333333334,A
02611,国泰海通,2023-11-30,2.8472,1.5,-0.25398501161417053,0.5833333333333334,0.8797653958944281,T3,0.8874411925855374,-0.6147517226285844,↓,↓,VP_LOCKED_CANDIDATE,54.217324542560426,CBI_STABLE,COST_DISADVANTAGE,-0.13218269404626415,-0.12420528547686116,-0.1624084476902823,Improving,-0.12420528547686116,1.8981333333333332,A
02611,国泰海通,2023-12-31,-2.2793,1.49,-0.25898488514140605,0.5833333333333334,0.8316279069767442,T3,0.8352095550912315,0.48266114270321103,↓,↓,VP_DECLINE_SILENT,53.99071397169708,CBI_STABLE,COST_DISADVANTAGE,-0.10961615485469745,-0.11559196507288683,-0.12668824215343688,Deteriorating,-0.11559196507288683,-1.5297315436241612,A
02611,国泰海通,2024-01-31,-1.1693,1.78,0.07821891513401551,0.6666666666666666,1.0084985835694051,T3,1.0169361059616275,1.0806273799077126,→,→,VP_NEUTRAL,51.90002631995487,CBI_STABLE,COST_DISADVANTAGE,-0.13107103135252562,-0.13204172933076053,-0.1391366409305681,Stable,-0.13204172933076053,-0.6569101123595505,A
02611,国泰海通,2024-02-29,5.1676,1.29,-0.5588096322523582,0.3333333333333333,0.9711417816813049,T2,0.9586090720922262,-0.1603706681679078,→,→,VP_STABLE_ASCENT,62.4850225549916,CBI_STABLE,COST_DISADVANTAGE,-0.1154117804978243,-0.10442927977900351,-0.10179144459917433,Improving,-0.10442927977900351,4.005891472868217,A
02611,国泰海通,2024-03-31,-4.8181,2.39,0.759468945739571,0.8333333333333334,1.5336898395721923,T4,1.540873439422552,0.6030019460397373,↑↑,↑↑,VP_PANIC,45.64398130381082,CBI_ACTIVE,COST_DISADVANTAGE,-0.1324754066129139,-0.15970815187360232,-0.15284965947459295,Deteriorating,-0.15970815187360232,-2.015941422594142,A
02611,国泰海通,2024-04-30,-2.2828,2.48,0.7830150140818048,0.8333333333333334,1.3613906678865508,T4,1.3573925129906277,0.3784179113450743,↑,↑,VP_SELLING_ACTIVE,43.4445793939627,CBI_ACTIVE,COST_DISADVANTAGE,-0.10007827151062587,-0.09341148146452105,-0.17880471186847113,Deteriorating,-0.09341148146452105,-0.9204838709677419,A
02611,国泰海通,2024-05-31,2.264,4.41,3.1046606954342204,1.0,1.911849710982659,T5,1.9093830134344592,2.4693008986649017,↑↑,↑↑,VP_OVERHEAT,30.80430776152489,CBI_ACTIVE,COST_DISADVANTAGE,-0.16633062011120803,-0.17821305031144152,-0.1844471145627924,Deteriorating,-0.17821305031144152,0.5133786848072561,A
02611,国泰海通,2024-06-30,-3.394,3.15,0.9664172308847472,0.8333333333333334,1.2193548387096773,T4,1.2252658012498963,0.3214400932682988,↑,↑,VP_SELLING_ACTIVE,36.38359051916408,CBI_ACTIVE,COST_DISADVANTAGE,-0.0904653586977614,-0.105234131035292,-0.1467498236342487,Deteriorating,-0.105234131035292,-1.0774603174603175,A
02611,国泰海通,2024-07-31,5.3326,1.77,-0.391013874408438,0.5,0.685603615235636,T3,0.6876708342771248,-0.2831429623456012,↓,↓,VP_LOCKED_CANDIDATE,47.69702788232241,CBI_ACTIVE,COST_DISADVANTAGE,-0.05476902968571362,-0.047585193359582556,-0.0999865340357885,Improving,-0.047585193359582556,3.012768361581921,A
02611,国泰海通,2024-08-31,1.3235,14.44,12.529739804821267,1.0,3.025139664804469,T5,3.0205181261470533,2.273466250429988,↑↑,↑↑,VP_NEUTRAL,17.854125178592014,CBI_TURBULENT,COST_DISADVANTAGE,-0.022675224182258424,-0.0267044810376319,-0.08200065342099616,Stable,-0.0267044810376319,0.09165512465373961,A
02611,国泰海通,2024-09-30,-3.0003,0.7,-0.6919958278092607,0.08333333333333333,0.15584415584415584,T2,0.15740639538460252,-0.7768220036603691,↓,↓,VP_DECLINE_SILENT,48.52619960875641,CBI_ACTIVE,COST_DISADVANTAGE,-0.07593025977094792,-0.07593025977094792,-0.05577009776429109,Deteriorating,-0.07593025977094792,-4.286142857142858,A
02611,国泰海通,2024-10-31,-30.8275,47.48,12.036471783196925,1.0,3.9594162612925645,T5,3.956809806921622,25.69286169621509,↑↑,↑↑,VP_PANIC,9.770285791853777,CBI_TURBULENT,COST_NEUTRAL,-0.042897347286155685,-0.10807378272278223,0.3904407516784576,Deteriorating,-0.10807378272278223,-0.6492733782645325,A
02611,国泰海通,2024-11-30,1.0959,18.75,0.8608695924537729,0.9166666666666666,1.303743191563333,T4,1.3035998579465073,0.29878205888026765,↑,↑,VP_DIVERGENCE_HIGH,12.126783204705212,CBI_TURBULENT,COST_NEUTRAL,-0.03716279079345808,-0.09062694617868483,0.405678458546167,Deteriorating,-0.09062694617868483,0.05844800000000001,A
02611,国泰海通,2024-12-31,-3.4327,8.18,-0.0586860214080206,0.75,0.5374507227332458,T3,0.5369313188865437,10.540908343817215,↓,↓,VP_DECLINE_SILENT,17.178842302993388,CBI_TURBULENT,COST_DISADVANTAGE,-0.05673660136586811,-0.08338563706235769,-0.12256262280811081,Deteriorating,-0.08338563706235769,-0.41964547677261615,A
02611,国泰海通,2025-01-31,3.7559,5.87,-0.27812595496401205,0.6666666666666666,0.3691050094319849,T3,0.36837846992793244,-0.876605313926587,↓,↓,VP_LOCKED_CANDIDATE,19.34343869780551,CBI_TURBULENT,COST_NEUTRAL,-0.016906015857966028,0.028730235606295063,-0.09301374948827168,Improving,0.028730235606295063,0.6398466780238501,A
02611,国泰海通,2025-02-28,3.6331,16.39,0.49297235992455735,0.8333333333333334,1.0099620006162062,T3,1.0095808170643072,-0.12670736122366533,→,→,VP_STABLE_ASCENT,13.62397527972052,CBI_TURBULENT,COST_DISADVANTAGE,-0.0428381269306386,-0.022112509268131353,-0.06346487616843255,Improving,-0.022112509268131353,0.22166564978645517,A
02611,国泰海通,2025-03-31,-4.5896,13.23,0.1542445873097028,0.6666666666666666,0.7222929936305733,T3,1.110481747153019,1.6854620571352847,↑,↓,VP_NEUTRAL,18.553923263718477,CBI_TURBULENT,COST_DISADVANTAGE,-0.07230017337600414,-0.1103566519689756,-0.08273606330115812,Stable,-0.1103566519689756,-0.34690854119425546,A
02611,国泰海通,2025-04-30,-1.8501,6.59,-0.4458646009689348,0.5,0.5729604405158673,T3,1.1362945150445511,1.8363222553551481,↑,↓,VP_NEUTRAL,25.58260153429,CBI_TURBULENT,COST_NEUTRAL,-0.01971890286350564,0.01672524245636975,-0.09970671892925898,Stable,0.01672524245636975,-0.2807435508345979,A
02611,国泰海通,2025-05-31,0.1885,5.08,-0.5862472763243046,0.3333333333333333,0.5507770148174919,T2,0.9363496931018663,-0.22134988519566579,→,↓,VP_NEUTRAL,32.27713284188531,CBI_ACTIVE,COST_DISADVANTAGE,-0.04552131344140875,-0.04328982938708048,-0.09800965336644873,Stable,-0.04328982938708048,0.03710629921259843,A
02611,国泰海通,2025-06-30,16.77,15.07,0.20021417645863196,0.75,1.45299694681022,T3,2.0426569761594355,0.7298325567899377,↑↑,↑,VP_NEUTRAL,17.221476165555153,CBI_TURBULENT,COST_NEUTRAL,-0.031280592325397705,0.008865035767464446,0.06932257307628764,Stable,0.008865035767464446,1.112806901128069,A
02611,国泰海通,2025-07-31,33.4501,26.88,1.0978010347602947,0.9166666666666666,1.937530033637674,T4,2.3438053048214624,3.0768987856931833,↑↑,↑↑,VP_OVERHEAT,10.285487557287077,CBI_TURBULENT,COST_ADVANTAGE,0.04001023253691249,0.07364593847677448,0.44078232827808583,Deteriorating,0.07364593847677448,1.2444233630952382,A
02611,国泰海通,2025-08-31,-3.5296,15.29,0.028873519439337907,0.6666666666666666,1.1168736303871438,T3,1.180455162489696,2.0153697649828612,↑,↑,VP_SELLING_ACTIVE,18.476845998926976,CBI_TURBULENT,COST_NEUTRAL,-0.0450827562001096,-0.06760214076652049,0.38661111397782366,Deteriorating,-0.06760214076652049,-0.2308436886854153,A
02611,国泰海通,2025-09-30,-1.6293,11.69,-0.39135799728923143,0.4166666666666667,0.8702233250620348,T3,0.8698601677092279,-0.22501628757871173,↓,↓,VP_DECLINE_SILENT,26.98985431271877,CBI_TURBULENT,COST_NEUTRAL,0.043625913766129454,0.007873882457663628,-0.005980204290028324,Deteriorating,0.007873882457663628,-0.13937553464499572,A
02611,国泰海通,2025-10-31,-6.6499,9.15,-0.6186688176925267,0.4166666666666667,0.6601731601731602,T2,0.6596194335521998,-0.6602124517065062,↓,↓,VP_DECLINE_SILENT,29.00091038404613,CBI_TURBULENT,COST_DISADVANTAGE,-0.025194338823190332,-0.03152200739319744,-0.0790152826796775,Deteriorating,-0.03152200739319744,-0.7267650273224043,A
02611,国泰海通,2025-11-30,4.5027,5.7,-1.0664007601109229,0.16666666666666666,0.40821198376700885,T2,0.40853858525051095,-0.6264955009523853,↓,↓,VP_LOCKED_CANDIDATE,36.87408972797537,CBI_ACTIVE,COST_NEUTRAL,0.012418582651025245,-0.01588330839562968,-0.03754621274657155,Improving,-0.01588330839562968,0.7899473684210526,A
02611,国泰海通,2025-12-31,8.0519,8.05,-0.6199827870739514,0.4166666666666667,0.6292339760291819,T2,0.6299620375758452,-0.3102617726898056,↓,↓,VP_LOCKED_CANDIDATE,29.631585887155552,CBI_TURBULENT,COST_NEUTRAL,-0.02403188790341959,0.018457179851352423,0.052109660494835675,Improving,0.018457179851352423,1.0002360248447204,A
02611,国泰海通,2026-01-31,0.5445,8.67,-0.5669804834548641,0.4166666666666667,0.888471391972673,T2,0.8912253066183772,-0.04832758118074454,↓,↓,VP_SHRINK,32.38839546058167,CBI_ACTIVE,COST_NEUTRAL,-0.004009298690500929,-0.04648340024236686,0.05084510561443323,Stable,-0.04648340024236686,0.06280276816608997,A
02611,国泰海通,2026-02-28,-3.6276,4.8,-1.107052244171809,0.08333333333333333,0.599250936329588,T2,0.6000071622817995,-0.15685032311440117,↓,↓,VP_DECLINE_SILENT,43.11220999856544,CBI_ACTIVE,COST_NEUTRAL,-0.02704648524200426,-0.06422068221399913,0.007850239680750049,Deteriorating,-0.06422068221399913,-0.75575,A
02611,国泰海通,2026-03-31,-15.0476,7.22,-0.5493656474431312,0.4166666666666667,0.9938059187887129,T2,0.9922930493268977,-0.10475316622279163,→,→,VP_NEUTRAL,31.645098023323776,CBI_ACTIVE,COST_DISADVANTAGE,-0.02802570625966716,-0.06640028964679501,-0.1770919703411996,Stable,-0.06640028964679501,-2.0841551246537398,A
02611,国泰海通,2026-04-30,-1.6141,5.13,-0.899961775087879,0.25,0.7778620166793027,T2,0.7817139744171905,-0.40606286647806566,↓,↓,VP_DECLINE_SILENT,36.65735500356914,CBI_ACTIVE,COST_DISADVANTAGE,-0.048034664849854414,-0.03784519435183442,-0.17524688507290642,Deteriorating,-0.03784519435183442,-0.3146393762183236,A
02611,国泰海通,2026-05-31,0.8949,5.93,-0.7717412595316185,0.3333333333333333,0.8939698492462311,T2,0.8927661770592465,0.23383427181288385,↓,↓,VP_SHRINK,34.5836128831095,CBI_ACTIVE,COST_NEUTRAL,0.034583445853843875,0.019488429737689827,-0.16786654399973333,Stable,0.019488429737689827,0.1509106239460371,A
02611,国泰海通,2026-06-30,13.705972434915758,9.68,-0.030030520291312503,0.75,1.4018826937002171,T3,1.4024640789817393,0.34547106598164556,↑,↑,VP_EXPANSION,20.286637237518576,CBI_TURBULENT,COST_ADVANTAGE,-0.004718026734064962,0.022299223959695302,0.05904216201606283,Improving,0.022299223959695302,1.4159062432764213,A
02611,,2026-07-31,0.5387205387205496,7.140000000000001,-0.3869292651515848,0.4166666666666667,1.073684210526316,T3,1.0719521731698407,0.38241634010308045,→,→,VP_NEUTRAL,34.82754947761978,CBI_ACTIVE,COST_NEUTRAL,-0.005001594020579869,-0.005122141790839807,0.0647474396565535,Stable,-0.005122141790839807,0.07545105584321422,A
03033,南方恒生科技,2020-08-31,-62.125,0.0,,,,,,,,,VP_NEUTRAL,,,,-0.04936434895867503,-0.0436776420473145,,Stable,-0.0436776420473145,,C
03033,南方恒生科技,2020-09-30,-7.7124,0.0,,,,,,,,,VP_NEUTRAL,,,COST_DISADVANTAGE,-0.008757349062854525,-0.04271132311424941,-0.07468492283665529,Stable,-0.04271132311424941,,C
03033,南方恒生科技,2020-10-31,3.9419,0.0,,,,,0.4969572728797227,,↓,,VP_NEUTRAL,,,COST_NEUTRAL,-0.00928259638678941,-0.004840891047298346,-0.015050594209272572,Stable,-0.004840891047298346,,C
03033,南方恒生科技,2020-11-30,6.0305,0.0,,,,,1.23681204492859,0.1493549957376452,↑,,VP_NEUTRAL,,,COST_NEUTRAL,-0.0037505242507750447,0.004679870909225503,0.04851566817376174,Stable,0.004679870909225503,,C
03033,南方恒生科技,2020-12-31,4.3044,0.0,,,,,0.9359319153992874,-0.2506895960278439,→,,VP_NEUTRAL,,,COST_ADVANTAGE,0.013577495353970459,0.03664881365281514,0.05467632974095382,Stable,0.03664881365281514,,C
03033,南方恒生科技,2021-01-31,12.0215,0.0,,,,,1.7996290170327283,3.606341530170999,↑↑,,VP_NEUTRAL,,,COST_NEUTRAL,-0.03628394170585447,0.007833210336785967,0.1814645727301476,Stable,0.007833210336785967,,C
03033,南方恒生科技,2021-02-28,-4.594,0.0,,,,,1.6189524293134825,0.7788023908546176,↑↑,,VP_NEUTRAL,,,COST_NEUTRAL,-0.06051343573258905,-0.09510601297908117,0.12658607949601897,Stable,-0.09510601297908117,,C
03033,南方恒生科技,2021-03-31,-12.1687,0.0,,,,,1.7292598396969043,2.043578712307809,↑↑,,VP_NEUTRAL,,,COST_DISADVANTAGE,0.007675736096538044,-0.03606762841925837,-0.11044624150458149,Stable,-0.03606762841925837,,C
03033,南方恒生科技,2021-04-30,-0.0605,0.0,,,,,0.6202389042321952,-0.4931037186253575,↓,,VP_NEUTRAL,,,COST_NEUTRAL,-0.01759571523166059,-0.0017599365429619152,-0.09565686251481764,Stable,-0.0017599365429619152,,C
03033,南方恒生科技,2021-05-31,-2.6045,0.0,,,,,0.8817777403279505,-0.287227116110356,↓,,VP_NEUTRAL,,,COST_NEUTRAL,0.009582398304518014,0.0239520196155516,-0.11921031794296,Stable,0.0239520196155516,,C
03033,南方恒生科技,2021-06-30,-0.1238,0.0,,,,,0.5244910597702391,-0.6669195023298302,↓,,VP_NEUTRAL,,,COST_NEUTRAL,0.013913502286286628,0.006520233479351045,0.0061981127984491735,Stable,0.006520233479351045,,C
03033,南方恒生科技,2021-07-31,-16.6047,0.0,,,,,1.1954014899818444,0.9960917682596468,↑,,VP_NEUTRAL,,,COST_DISADVANTAGE,0.021892582468612698,-0.04046592528295001,-0.1608781537628795,Stable,-0.04046592528295001,,C
03033,南方恒生科技,2021-08-31,-3.118,0.0,,,,,1.0320590823556384,0.12709896164005485,→,,VP_NEUTRAL,,,COST_NEUTRAL,0.042745821699627706,0.02055323380450469,-0.18643832887114242,Stable,0.02055323380450469,,C
03033,南方恒生科技,2021-09-30,-7.7982,0.0,,,,,0.9163023387942664,0.44209107906480494,→,,VP_NEUTRAL,,,COST_DISADVANTAGE,-0.02694382592572686,-0.057640297387413275,-0.09283595694515534,Stable,-0.057640297387413275,,C
03033,南方恒生科技,2021-10-31,5.0664,0.0,,,,,0.8438554259779432,-0.40550064760770776,↓,,VP_NEUTRAL,,,COST_NEUTRAL,-0.020574091750512835,0.0013989976796398018,-0.048455626480614966,Stable,0.0013989976796398018,,C
03033,南方恒生科技,2021-11-30,-5.0834,0.0,,,,,0.9079478261505046,-0.24845001267015743,→,,VP_NEUTRAL,,,COST_DISADVANTAGE,-0.041775049801221265,-0.04221909650191347,-0.10111025584532407,Stable,-0.04221909650191347,,C
03033,南方恒生科技,2021-12-31,-6.0302,0.0,,,,,1.1081758703877727,0.319504906590687,↑,,VP_NEUTRAL,,,COST_NEUTRAL,0.0215704254579816,-0.01689644787666733,-0.07192975199319562,Stable,-0.01689644787666733,,C
03033,南方恒生科技,2022-01-31,-4.8976,0.0,,,,,1.5701599378367663,1.0926154849380696,↑↑,,VP_NEUTRAL,,,COST_DISADVANTAGE,-0.013466069025810046,-0.03053048667027969,-0.11659623451758738,Stable,-0.03053048667027969,,C
03033,南方恒生科技,2022-02-28,-6.6667,0.0,,,,,1.3707435446793206,0.8667690702791062,↑,,VP_NEUTRAL,,,COST_DISADVANTAGE,-0.018393487698860844,-0.05524096373960774,-0.16622565954468915,Stable,-0.05524096373960774,,C
03033,南方恒生科技,2022-03-31,-11.1111,0.0,,,,,3.038620237814822,4.489806686641525,↑↑,,VP_NEUTRAL,,,COST_NEUTRAL,-0.008997342312267342,0.04854496576544931,-0.04062836984934992,Stable,0.04854496576544931,,C
03033,南方恒生科技,2022-04-30,0.4102,0.0,,,,,2.3905719155923038,3.4904677297605424,↑↑,,VP_NEUTRAL,,,COST_NEUTRAL,0.1009208195834499,0.0858926032934948,-0.056475133383088405,Stable,0.0858926032934948,,C
03033,南方恒生科技,2022-05-31,1.7082,0.0,,,,,2.1495470986731875,5.435178108853364,↑↑,,VP_NEUTRAL,,,COST_NEUTRAL,0.0861307518636174,0.08149046621862532,-0.056475133383088405,Stable,0.08149046621862532,,C
03033,南方恒生科技,2022-06-30,9.1281,0.0,,,,,2.311263313542224,1.7466954673142259,↑↑,,VP_NEUTRAL,,,COST_ADVANTAGE,0.04213042351412288,0.03586417032424283,0.10543302213649941,Stable,0.03586417032424283,,C
03033,南方恒生科技,2022-07-31,-11.1665,0.0,,,,,1.23038848947536,0.448164684199027,↑,,VP_NEUTRAL,,,COST_DISADVANTAGE,-0.03858023923447362,-0.05755950921548836,-0.015552780952097889,Stable,-0.05755950921548836,,C
03033,南方恒生科技,2022-08-31,0.1425,0.0,,,,,1.0240981464032057,0.05354169973409162,→,,VP_NEUTRAL,,,COST_NEUTRAL,0.022808130845448193,0.0032208417112580268,-0.029813464966343184,Stable,0.0032208417112580268,,C
03033,南方恒生科技,2022-09-30,-19.7356,0.0,,,,,0.6603994487369927,-0.5903915496042547,↓,,VP_NEUTRAL,,,COST_DISADVANTAGE,-0.02845603879147296,-0.11396341474850136,-0.1988880658352581,Stable,-0.11396341474850136,,C
03033,南方恒生科技,2022-10-31,-16.6172,0.0,,,,,1.368676336960908,0.5033612233762743,↑,,VP_NEUTRAL,,,COST_DISADVANTAGE,-0.024280914414401167,-0.08759578833908321,-0.33790454852855145,Stable,-0.08759578833908321,,C
03033,南方恒生科技,2022-11-30,32.1807,0.0,,,,,1.4153462964515022,0.7956889314076203,↑,,VP_NEUTRAL,,,COST_NEUTRAL,0.06592752880505892,0.10929356148765423,-0.11736314547614013,Stable,0.10929356148765423,,C
03033,南方恒生科技,2022-12-31,4.7301,0.0,,,,,1.2297257630982281,1.3765324299250645,↑,,VP_NEUTRAL,,,COST_NEUTRAL,-0.00782459996718221,-0.00246363527133997,0.1615158948840485,Stable,-0.00246363527133997,,C
03033,南方恒生科技,2023-01-31,9.9214,0.0,,,,,0.9480073533275571,-0.20442332188015444,→,,VP_NEUTRAL,,,COST_NEUTRAL,-0.044051166368607175,0.004845022473246363,0.27612791985787943,Stable,0.004845022473246363,,C
03033,南方恒生科技,2023-02-28,-14.3364,0.0,,,,,0.9161415943279521,-0.3204673809672952,→,,VP_NEUTRAL,,,COST_NEUTRAL,-0.0579508900776482,-0.09539782182873591,0.10050352338056623,Stable,-0.09539782182873591,,C
03033,南方恒生科技,2023-03-31,8.9783,0.0,,,,,1.2076550361046583,0.19194860307552197,↑,,VP_NEUTRAL,,,COST_ADVANTAGE,0.019633359416049823,0.06302825574750304,0.007083466408339678,Stable,0.06302825574750304,,C
03033,南方恒生科技,2023-04-30,-8.91,0.0,,,,,0.7285953545562837,-0.13947741417175485,↓,,VP_NEUTRAL,,,COST_DISADVANTAGE,0.0030806070583988543,-0.042583912518164846,-0.0835158984674107,Stable,-0.042583912518164846,,C
03033,南方恒生科技,2023-05-31,-8.9231,0.0,,,,,0.9596848932562768,0.0775272398082103,→,,VP_NEUTRAL,,,COST_DISADVANTAGE,-0.048796275441275294,-0.05683292439566945,-0.15313435779298712,Stable,-0.05683292439566945,,C
03033,南方恒生科技,2023-06-30,8.1644,0.0,,,,,1.113256458843768,-0.178485749540642,↑,,VP_NEUTRAL,,,COST_NEUTRAL,-0.007105257091350126,-0.010829830978308697,-0.009724518711157759,Stable,-0.010829830978308697,,C
03033,南方恒生科技,2023-07-31,16.0622,0.0,,,,,1.0996826551151262,0.4782608552113621,→,,VP_NEUTRAL,,,COST_ADVANTAGE,0.07335350564518706,0.09642399276233538,0.1547199781816797,Stable,0.09642399276233538,,C
03033,南方恒生科技,2023-08-31,-9.1593,0.0,,,,,1.1829731679729054,0.36384817857381724,↑,,VP_NEUTRAL,,,COST_NEUTRAL,0.04110546996227771,-0.01759539983569658,0.05832148000311976,Stable,-0.01759539983569658,,C
03033,南方恒生科技,2023-09-30,-8.381,0.0,,,,,0.7572246423960239,-0.3111479366833395,↓,,VP_NEUTRAL,,,COST_DISADVANTAGE,0.015753104195442402,-0.025215655146483162,-0.05944277397703712,Stable,-0.025215655146483162,,C
03033,南方恒生科技,2023-10-31,-3.2984,0.0,,,,,0.6881355559623632,-0.3998697884538295,↓,,VP_NEUTRAL,,,COST_NEUTRAL,0.011808268675813416,-0.010191111115151696,-0.09708461722223882,Stable,-0.010191111115151696,,C
03033,南方恒生科技,2023-11-30,3.4595,0.0,,,,,1.1432934554668261,-0.09967565106231491,↑,,VP_NEUTRAL,,,COST_DISADVANTAGE,-0.0392423559000904,-0.026338019487733844,-0.06433132504784245,Stable,-0.026338019487733844,,C
03033,南方恒生科技,2023-12-31,-2.7895,0.0,,,,,1.208577491181563,0.6759624255207108,↑,,VP_NEUTRAL,,,COST_NEUTRAL,0.020892645865450366,0.012928519194367105,-0.0207161930069516,Stable,0.012928519194367105,,C
03033,南方恒生科技,2024-01-31,-20.9677,0.0,,,,,1.1541536754461232,0.8155927228672182,↑,,VP_NEUTRAL,,,COST_DISADVANTAGE,-0.05463000398008366,-0.08995007083239848,-0.22060249253937136,Stable,-0.08995007083239848,,C
03033,南方恒生科技,2024-02-29,13.7255,0.0,,,,,0.7206530774657975,-0.40356685104136036,↓,,VP_NEUTRAL,,,COST_NEUTRAL,0.024295172012264388,0.04841894329928076,-0.10819958670151197,Stable,0.04841894329928076,,C
03033,南方恒生科技,2024-03-31,1.8563,0.0,,,,,0.9959218556817262,-0.20903821331051142,→,,VP_NEUTRAL,,,COST_NEUTRAL,0.0055308685271378,-0.006017527761226882,0.03369347861742211,Stable,-0.006017527761226882,,C
03033,南方恒生科技,2024-04-30,4.3728,0.0,,,,,1.0548577895515105,-0.0699179281512341,→,,VP_NEUTRAL,,,COST_ADVANTAGE,0.04546284690194513,0.05091905841489708,0.10236329818459966,Stable,0.05091905841489708,,C
03033,南方恒生科技,2024-05-31,-0.4415,0.0,,,,,1.1444270187218182,0.8085732858590542,↑,,VP_NEUTRAL,,,COST_NEUTRAL,-0.03038547972947614,-0.06856305013963071,0.09628632300166351,Stable,-0.06856305013963071,,C
03033,南方恒生科技,2024-06-30,-4.7386,0.0,,,,,0.8073851023854965,-0.17324817388998748,↓,,VP_NEUTRAL,,,COST_DISADVANTAGE,-0.022394444095999555,-0.045593885604566786,-0.04711085907384549,Stable,-0.045593885604566786,,C
03033,南方恒生科技,2024-07-31,-0.7471,0.0,,,,,1.0729601278813916,-0.06150159117571763,→,,VP_NEUTRAL,,,COST_NEUTRAL,0.004964415761456786,-0.016103220033703236,-0.059096886003734306,Stable,-0.016103220033703236,,C
03033,南方恒生科技,2024-08-31,1.2739,0.0,,,,,1.1857858780192934,0.03871406576435654,↑,,VP_NEUTRAL,,,COST_NEUTRAL,0.0195934855834361,0.03430855771756636,-0.04711085907384549,Stable,0.03430855771756636,,C
03033,南方恒生科技,2024-09-30,34.9078,0.0,,,,,1.235721349441569,0.7561686522107935,↑,,VP_NEUTRAL,,,COST_ADVANTAGE,0.1557659453031155,0.19421581728640036,0.29287457078644885,Stable,0.19421581728640036,,C
03033,南方恒生科技,2024-10-31,-7.3529,0.0,,,,,1.937059689440755,1.6307830310308016,↑↑,,VP_NEUTRAL,,,COST_NEUTRAL,-0.01362205004954642,-0.04474238066776581,0.21724527266614846,Stable,-0.04474238066776581,,C
03033,南方恒生科技,2024-11-30,-3.6117,0.0,,,,,1.2759821861736051,0.547486236359594,↑,,VP_NEUTRAL,,,COST_NEUTRAL,0.013813249573333408,-0.02024546342846445,0.17860256559738152,Stable,-0.02024546342846445,,C
03033,南方恒生科技,2024-12-31,2.8571,0.0,,,,,0.8302056666961878,-0.04199835318897893,↓,,VP_NEUTRAL,,,COST_NEUTRAL,-0.006220586858970867,-0.004020108568532965,-0.021090320064686474,Stable,-0.004020108568532965,,C
03033,南方恒生科技,2025-01-31,5.467,0.0,,,,,0.8961387303552606,-0.4401960918045984,↓,,VP_NEUTRAL,,,COST_ADVANTAGE,0.0022893632376221884,0.05982985705491517,0.031956242736908225,Stable,0.05982985705491517,,C
03033,南方恒生科技,2025-02-28,18.9171,0.0,,,,,1.4230267360126232,0.4259937870541377,↑,,VP_NEUTRAL,,,COST_NEUTRAL,-0.04446970037723408,0.0036061781153595707,0.2091495932716474,Stable,0.0036061781153595707,,C
03033,南方恒生科技,2025-03-31,-4.1742,0.0,,,,,1.1280604202968114,0.7778826170018669,↑,,VP_NEUTRAL,,,COST_NEUTRAL,-0.03571847720881527,-0.06715522385283912,0.0037359481135526007,Stable,-0.06715522385283912,,C
03033,南方恒生科技,2025-04-30,-6.3286,0.0,,,,,1.5440821873264658,1.2712005336967174,↑↑,,VP_NEUTRAL,,,COST_NEUTRAL,0.025182719835821654,0.04976820316094366,-0.05177369144121213,Stable,0.04976820316094366,,C
03033,南方恒生科技,2025-05-31,1.0956,0.0,,,,,0.7804843278552378,-0.3815846060348309,↓,,VP_NEUTRAL,,,COST_NEUTRAL,-0.0012843079150821612,-0.01727103235530536,-0.035234860477977414,Stable,-0.01727103235530536,,C
03033,南方恒生科技,2025-06-30,3.992,0.0,,,,,0.8800083201290447,-0.1459098702688849,↓,,VP_NEUTRAL,,,COST_NEUTRAL,0.0020563106067228443,0.00589148126474659,0.04813479818072586,Stable,0.00589148126474659,,C
03033,南方恒生科技,2025-07-31,1.7094,0.0,,,,,1.0830907853761098,-0.21133677264672535,→,,VP_NEUTRAL,,,COST_NEUTRAL,-0.03931889544030187,0.0006052907479914271,0.07730553632587078,Stable,0.0006052907479914271,,C
03033,南方恒生科技,2025-08-31,4.2991,0.0,,,,,1.1299135906781925,0.6651394314279275,↑,,VP_NEUTRAL,,,COST_NEUTRAL,-0.008314103263899808,0.01564512137463203,0.12257047482695782,Stable,0.01564512137463203,,C
03033,南方恒生科技,2025-09-30,11.5993,0.0,,,,,1.2635189881133306,0.67489128756189,↑,,VP_NEUTRAL,,,COST_ADVANTAGE,0.03372794521478828,0.06856792640956111,0.129676417486289,Stable,0.06856792640956111,,C
03033,南方恒生科技,2025-10-31,-8.6546,0.0,,,,,1.1637544629907395,0.1258976662268918,↑,,VP_NEUTRAL,,,COST_NEUTRAL,-0.027134857483388397,-0.03434110187397421,0.03271993756030045,Stable,-0.03434110187397421,,C
03033,南方恒生科技,2025-11-30,-5.6701,0.0,,,,,0.9427560927981339,-0.08032086211708989,→,,VP_NEUTRAL,,,COST_NEUTRAL,0.002168012954062881,-0.01963802009152249,-0.023319128818940493,Stable,-0.01963802009152249,,C
03033,南方恒生科技,2025-12-31,-2.0,0.0,,,,,0.677711332339011,-0.45176842546878426,↓,,VP_NEUTRAL,,,COST_NEUTRAL,-0.001139899698030744,-0.007199854868674693,-0.05843980119526282,Stable,-0.007199854868674693,,C
03033,南方恒生科技,2026-01-31,3.1279,0.0,,,,,1.0830503730631393,-0.006465307757717587,→,,VP_NEUTRAL,,,COST_NEUTRAL,-0.010862998257823775,-0.008649320182351206,-0.02088220513904404,Stable,-0.008649320182351206,,C
03033,南方恒生科技,2026-02-28,-9.0416,0.0,,,,,0.882461595635322,-0.07976999941162721,↓,,VP_NEUTRAL,,,COST_DISADVANTAGE,-0.018509519343984482,-0.03883515051444297,-0.12132693877776835,Stable,-0.03883515051444297,,C
03033,南方恒生科技,2026-03-31,-8.0065,0.0,,,,,1.604559068817566,1.5434009699701603,↑↑,,VP_NEUTRAL,,,COST_DISADVANTAGE,-0.027490053715762297,-0.050521609850068705,-0.11708046326162036,Stable,-0.050521609850068705,,C
03033,南方恒生科技,2026-04-30,2.3136,0.0,,,,,0.9484143525681695,-0.09303616218094624,→,,VP_NEUTRAL,,,COST_NEUTRAL,-0.01942265051696135,-0.0032361849990043545,-0.07322555879945036,Stable,-0.0032361849990043545,,C
03033,南方恒生科技,2026-05-31,0.5367,104.28,,,,,1.0483136010450478,0.3006074449653018,→,,VP_NEUTRAL,,,COST_NEUTRAL,0.011635230883863423,0.004269721430549156,-0.054985023315184844,Stable,0.004269721430549156,0.005146720368239355,C
03033,南方恒生科技,2026-06-30,-8.158995815899594,366.06,,,,,1.562851359619992,0.19443220750696022,↑↑,,VP_NEUTRAL,,,COST_DISADVANTAGE,0.019463397674561733,-0.04105732826791497,-0.06645531848127595,Stable,-0.04105732826791497,-0.022288684412117125,C
03033,,2026-07-31,7.7448747152619735,494.54,,,1.537621258602106,,1.6288227644838966,1.5301679364181617,↑↑,↑↑,VP_OVERHEAT,,,COST_ADVANTAGE,0.009215592929550764,0.025325426936874118,0.005846547513340683,Deteriorating,0.025325426936874118,0.015660764984150873,C
03800,协鑫科技,2010-01-31,-22.0779,7.01,,,,,,,,,VP_NEUTRAL,,,,-0.05316885535403504,-0.3167376470492246,,Stable,-0.3167376470492246,-3.1494864479315265,C
03800,协鑫科技,2010-02-28,3.3333,4.25,,,,,,,,,VP_NEUTRAL,,,,-0.0023044164517705967,0.13088384534963682,,Stable,0.13088384534963682,0.7843058823529412,C
03800,协鑫科技,2010-03-31,-6.8467,9.68,,,1.3868194842406878,,1.3854939739967558,,↑,↑,VP_SELLING_ACTIVE,,,,-0.042473388904509135,,-0.10981413154383424,Deteriorating,,-0.7073037190082645,C
03800,协鑫科技,2010-04-30,-5.0,4.83,,,0.7497089639115251,,0.7483499590010636,-0.31227377646842736,↓,↓,VP_DECLINE_SILENT,,,,-0.03247067017376626,,-0.14462922282532964,Deteriorating,,-1.0351966873706004,C
03800,协鑫科技,2010-05-31,-10.0142,5.72,,,0.9082248332804065,,0.9072159256279793,0.33978391190205404,→,→,VP_NEUTRAL,,,,0.1514632556363753,,-0.2394703335576791,Stable,,-1.750734265734266,C
03800,协鑫科技,2010-06-30,-3.9746,2.66,-1.8847828366488795,0.16666666666666666,0.46734992679355786,T1,0.466193393732803,-0.7258639723946347,↓,↓,VP_DECLINE_SILENT,42.82242756246339,CBI_ACTIVE,,-0.07801255349004044,,-0.09346630947670309,Deteriorating,,-1.4942105263157894,C
03800,协鑫科技,2010-07-31,22.25,5.83,0.062220761167821124,0.7142857142857143,1.0609645131938126,T3,1.0643200398820483,0.21316635332441258,→,→,VP_STABLE_ASCENT,25.343620876662918,CBI_TURBULENT,,-0.007786390032948343,,0.1008981158921165,Improving,,3.816466552315609,C
03800,协鑫科技,2010-08-31,0.0,6.88,0.5675669182337046,0.75,1.1595505617977528,T4,1.1584285749047443,0.20254573589244806,↑,↑,VP_DIVERGENCE_HIGH,24.52257600831773,CBI_TURBULENT,COST_ADVANTAGE,-0.050934934855730085,43.43670809936282,0.1008981158921165,Deteriorating,43.43670809936282,0.0,C
03800,协鑫科技,2010-09-30,33.4697,12.32,3.2899252298217014,1.0,1.9330543933054392,T5,1.935577684880875,3.6512430057018106,↑↑,↑↑,VP_OVERHEAT,12.510308712808854,CBI_TURBULENT,COST_NEUTRAL,0.032490015977784115,-0.09846666782218116,0.18317054382792364,Deteriorating,-0.09846666782218116,2.716696428571429,C
03800,协鑫科技,2010-10-31,3.0133,10.26,1.3404902185820295,0.9,1.4096633844744677,T4,1.4087082829881368,0.7530583719994621,↑,↑,VP_EXPANSION,15.468846126897837,CBI_TURBULENT,COST_NEUTRAL,-0.013323943849128494,-0.1715972511849022,0.21882277165522068,Stable,-0.1715972511849022,0.2936939571150098,C
03800,协鑫科技,2010-11-30,1.2243,14.75,2.756225344726037,1.0,1.679316888045541,T5,1.6796514993585607,1.1484214901182934,↑↑,↑↑,VP_NEUTRAL,11.39906263702602,CBI_TURBULENT,COST_NEUTRAL,0.027669089426142213,-0.17195969669329025,0.2490365240512351,Stable,-0.17195969669329025,0.08300338983050846,C
03800,协鑫科技,2010-12-31,15.0833,10.07,0.688212088054376,0.75,1.0051572117784064,T4,1.0040119289670597,-0.18439042519684434,→,→,VP_STABLE_ASCENT,19.5435139917165,CBI_TURBULENT,COST_NEUTRAL,0.0009678971602933295,-0.1281042889037003,0.12129451080802744,Stable,-0.1281042889037003,1.497845084409136,C
03800,协鑫科技,2011-01-31,27.2766,12.62,1.313293651656117,0.9166666666666666,1.1318385650224214,T4,1.130234419624824,0.22860069584896459,↑,↑,VP_EXPANSION,13.52486805713756,CBI_TURBULENT,COST_NEUTRAL,0.006552315608016945,-0.11159994285551589,0.4271454816284299,Stable,-0.11159994285551589,2.1613787638668778,C
03800,协鑫科技,2011-02-28,6.3137,7.6,-0.3038853363646781,0.5,0.6743566992014196,T3,0.6748895509484706,-0.48468118202954047,↓,↓,VP_LOCKED_CANDIDATE,27.156448385697658,CBI_TURBULENT,COST_NEUTRAL,0.018268271343281794,-0.08461855683640118,0.5426149589116394,Improving,-0.08461855683640118,0.83075,C
03800,协鑫科技,2011-03-31,22.8234,16.95,2.3503551531870164,1.0,1.4076124567474049,T5,1.408146036400741,0.6847455358249159,↑,↑,VP_EXPANSION,10.045305064798214,CBI_TURBULENT,COST_NEUTRAL,0.10249318345540792,-0.04316984771640098,0.26950481281841476,Stable,-0.04316984771640098,1.3465132743362833,C
03800,协鑫科技,2011-04-30,15.0338,12.38,0.6737385640103959,0.75,0.9987898346107301,T4,0.9982752556137805,-0.01814763604163172,→,→,VP_STABLE_ASCENT,18.200366385326195,CBI_TURBULENT,COST_NEUTRAL,0.07284230699875183,-0.033787371379586095,0.47551812548084627,Stable,-0.033787371379586095,1.2143618739903068,C
03800,协鑫科技,2011-05-31,-23.1414,31.48,5.330641979515819,1.0,2.073326015367728,T5,2.0753804584997497,3.143105124822017,↑↑,↑↑,VP_PANIC,7.384986837107279,CBI_TURBULENT,COST_ADVANTAGE,0.08245734094145596,1.889078878666317,0.11973538426819164,Deteriorating,1.889078878666317,-0.7351143583227446,C
03800,协鑫科技,2011-06-30,-3.3582,23.24,1.5517459863669958,0.9166666666666666,1.3372974009782295,T5,1.3369234180478733,0.3705424004767295,↑,↑,VP_SELLING_ACTIVE,9.839768302172157,CBI_TURBULENT,,0.048529675605682554,,-0.05393953241722649,Deteriorating,,-0.14450086058519795,C
03800,协鑫科技,2011-07-31,5.7687,16.13,0.24802974398591782,0.75,0.8979402486546668,T3,0.897601124782941,0.3037134550587133,↓,↓,VP_LOCKED_CANDIDATE,15.836460044754766,CBI_TURBULENT,,-0.005552675450463673,,0.03035453953847056,Improving,,0.3576379417234966,C
03800,协鑫科技,2011-08-31,-23.4903,20.22,0.7635786290224824,0.8333333333333334,1.007641196013289,T4,1.0080352038755356,-0.3579305645635542,→,→,VP_NEUTRAL,12.624723253355473,CBI_TURBULENT,,0.1133221199686536,,-0.19190083018471749,Stable,,-1.1617359050445104,C
03800,协鑫科技,2011-09-30,-41.3991,12.82,-0.4795049979868516,0.5,0.6615636019609531,T3,0.6613128289697329,-0.4483247863197388,↓,↓,VP_DECLINE_SILENT,23.28802449127886,CBI_TURBULENT,,-0.05767294079634544,,-0.41488160982469624,Deteriorating,,-3.229258970358814,C
03800,协鑫科技,2011-10-31,32.1297,19.24,0.47326617791881254,0.75,0.9375456834240234,T3,0.9367501141785994,0.19220453518651825,→,→,VP_STABLE_ASCENT,14.533539906733932,CBI_TURBULENT,,0.07688098578580593,,-0.27147023968369044,Improving,,1.6699428274428276,C
03800,协鑫科技,2011-11-30,-2.2001,14.93,-0.26106599019689064,0.5,0.8404954025145431,T3,0.8396083033860098,-0.26308209793111736,↓,↓,VP_DECLINE_SILENT,22.832074066013725,CBI_TURBULENT,,0.1041661701364105,,-0.3700022869335108,Deteriorating,,-0.14736101808439384,C
03800,协鑫科技,2011-12-31,-11.4091,8.14,-1.4508567403012573,0.16666666666666666,0.5338871884564933,T2,0.5339002860653871,-0.36512204177793095,↓,↓,VP_DECLINE_SILENT,33.8194810794758,CBI_ACTIVE,,0.020571325848817823,,-0.029458153416250243,Deteriorating,,-1.4016093366093365,C
03800,协鑫科技,2012-01-31,21.2812,12.54,-0.6262581009587767,0.3333333333333333,0.8560700876095119,T2,0.8563474292753014,-0.3477585744120185,↓,↓,VP_LOCKED_CANDIDATE,28.24714169051185,CBI_TURBULENT,,0.059880465539077665,,0.1932803991569052,Improving,,1.6970653907496012,C
03800,协鑫科技,2012-02-29,0.0,27.61,1.7301058404216512,0.9166666666666666,1.7386649874055415,T5,1.7383226816431594,0.8502639191976864,↑↑,↑↑,VP_NEUTRAL,9.418722264444561,CBI_TURBULENT,,-0.029381388360684713,,0.1932803991569052,Stable,,0.0,C
03800,协鑫科技,2012-03-31,-18.1077,16.9,-0.17191871364015718,0.5833333333333334,1.0205314009661837,T3,1.0203097448871334,1.0747502501910464,→,→,VP_NEUTRAL,20.744022817329107,CBI_TURBULENT,,0.004764915895808297,,-0.16548818275420507,Stable,,-1.0714615384615387,C
03800,协鑫科技,2012-04-30,-8.5776,5.87,-1.921624772650419,0.08333333333333333,0.4095825095941389,T1,0.40938326157454996,-0.5325194346761017,↓,↓,VP_DECLINE_SILENT,38.222394289119,CBI_ACTIVE,,-0.03727994502894405,,-0.22315207283476035,Deteriorating,,-1.461260647359455,C
03800,协鑫科技,2012-05-31,-7.4053,11.04,-0.8433308023538261,0.25,0.8068209500609014,T2,0.8086597761244231,-0.599032776472125,↓,↓,VP_DECLINE_SILENT,33.40997611296313,CBI_ACTIVE,,0.16177760461927715,,-0.25590516240051564,Deteriorating,,-0.670769927536232,C
03800,协鑫科技,2012-06-30,-8.8917,7.54,-1.3001950848741137,0.16666666666666666,0.5550920245398773,T2,0.5553164197029303,-0.5533653950535677,↓,↓,VP_DECLINE_SILENT,36.38037873719115,CBI_ACTIVE,,0.0481371673391191,,-0.06469060235946023,Deteriorating,,-1.1792705570291777,C
03800,协鑫科技,2012-07-31,-32.3313,9.32,-0.8047298396530485,0.3333333333333333,0.7143587123147676,T2,0.713756732787541,0.5876948179749981,↓,↓,VP_DECLINE_SILENT,30.568555083214633,CBI_ACTIVE,,0.016759731231772435,,-0.34881895545713637,Deteriorating,,-3.4690236051502144,C
03800,协鑫科技,2012-08-31,2.4876,11.94,-0.22236837102270252,0.5,1.1442261619549594,T3,1.1449115385293251,0.07992440596690886,↑,↑,VP_EXPANSION,25.50783622570867,CBI_TURBULENT,,0.05808564138161487,,-0.3378909418764564,Improving,,0.20834170854271358,C
03800,协鑫科技,2012-09-30,0.0,16.28,0.5166601560464218,0.75,1.5757380222616555,T4,1.5763295908235695,1.1603983941615974,↑↑,↑↑,VP_NEUTRAL,17.46022497491589,CBI_TURBULENT,,0.051326789901579906,,-0.005608431774200895,Stable,,0.0,C
03800,协鑫科技,2012-10-31,16.0886,33.58,3.5815351834290836,1.0,2.2461538461538466,T5,2.244914175071848,2.6062813545519576,↑↑,↑↑,VP_OVERHEAT,7.824276684882986,CBI_TURBULENT,,0.052819460050570255,,0.14445256897047565,Deteriorating,,0.47911256700416915,C
03800,协鑫科技,2012-11-30,-5.5973,36.23,2.6051658443616774,1.0,1.8920706762990684,T5,1.890883531725385,2.029826156287293,↑↑,↑↑,VP_PANIC,7.436873174662669,CBI_TURBULENT,,0.05309348210131759,,0.07322108127521765,Deteriorating,,-0.15449351366271047,C
03800,协鑫科技,2012-12-31,19.0685,31.27,1.403280384809187,0.8333333333333334,1.353484345693262,T4,1.3536213967222699,0.9188718584703157,↑,↑,VP_EXPANSION,12.222706898662596,CBI_TURBULENT,,0.0384735701192096,,0.15901160155877414,Stable,,0.6098017268947874,C
03800,协鑫科技,2013-01-31,32.7988,51.92,3.0923787179950475,1.0,1.719015561196336,T5,1.7190119483852901,0.5462631537019005,↑↑,↑↑,VP_OVERHEAT,6.0575034416730205,CBI_TURBULENT,,0.004057444595073623,,0.5584643085166692,Deteriorating,,0.6317180277349769,C
03800,协鑫科技,2013-02-28,-1.8202,14.92,-0.43381783694204157,0.5,0.4859934853420195,T3,0.4858838111311285,-0.5880281297284382,↓,↓,VP_DECLINE_SILENT,22.597003522298802,CBI_TURBULENT,,0.04316716573090251,,0.5225392256639247,Deteriorating,,-0.12199731903485254,C
03800,协鑫科技,2013-03-31,-22.5734,22.4,0.10508242796081077,0.6666666666666666,0.7061790668348045,T3,0.7061371027191624,-0.2838636345508433,↓,↓,VP_DECLINE_SILENT,16.8041132942375,CBI_TURBULENT,,0.01826764026195571,,-0.16434792137750442,Deteriorating,,-1.0077410714285715,C
03800,协鑫科技,2013-04-30,-0.656,12.83,-0.7117564414496205,0.4166666666666667,0.45397181105148315,T2,0.45392745053544015,-0.7529682018440617,↓,↓,VP_SHRINK,25.24726178667704,CBI_TURBULENT,,0.0267601111287068,,-0.16982960410899317,Stable,,-0.051130163678877634,C
03800,协鑫科技,2013-05-31,15.3338,18.97,-0.2699471307356164,0.5833333333333334,0.7472917077013984,T3,0.747504166024203,0.2721188059315789,↓,↓,VP_LOCKED_CANDIDATE,19.73234248855336,CBI_TURBULENT,,0.015157459958719643,,-0.0425327495666451,Improving,,0.808318397469689,C
03800,协鑫科技,2013-06-30,-7.4216,39.07,1.2339775816906664,0.9166666666666666,1.4641184185872211,T4,1.4641745423207844,0.7445761091858023,↑,↑,VP_SELLING_ACTIVE,8.724255684707419,CBI_TURBULENT,,0.06346287851817722,,-0.01548179328861754,Deteriorating,,-0.18995648835423598,C
03800,协鑫科技,2013-07-31,18.2502,21.34,-0.40188969372247585,0.5,0.988496873311202,T3,0.9892419670495399,0.6651542470443748,→,→,VP_STABLE_ASCENT,23.021873639113267,CBI_TURBULENT,COST_NEUTRAL,0.06109613946773651,-0.06294952046544755,0.17706737913662174,Improving,-0.06294952046544755,0.8552108716026242,C
03800,协鑫科技,2013-08-31,1.9075,17.48,-0.8314367176197267,0.3333333333333333,0.7940040881217352,T2,0.7934439805710131,-0.07941897980129076,↓,↓,VP_LOCKED_CANDIDATE,28.50244310881802,CBI_TURBULENT,COST_NEUTRAL,0.08987878901488244,-0.12703162896496467,0.1995201094900947,Improving,-0.12703162896496467,0.10912471395881007,C
03800,协鑫科技,2013-09-30,7.4944,14.53,-1.1032757638263262,0.16666666666666666,0.7018193527612302,T2,0.7025870304180433,-0.6276194195094975,↓,↓,VP_LOCKED_CANDIDATE,34.607531558296785,CBI_ACTIVE,COST_NEUTRAL,0.06362543499471895,-0.10410599439820101,0.17152130635130058,Improving,-0.10410599439820101,0.5157880247763248,C
03800,协鑫科技,2013-10-31,4.2455,16.78,-0.7363957531683731,0.3333333333333333,0.785519232269642,T2,0.7858347449455142,-0.21376513701769795,↓,↓,VP_LOCKED_CANDIDATE,29.275668232415534,CBI_TURBULENT,COST_NEUTRAL,-0.02469272158989677,-0.16509796886556694,0.24222706677624894,Improving,-0.16509796886556694,0.2530095351609058,C
03800,协鑫科技,2013-11-30,6.5751,10.73,-1.1224693141172117,0.08333333333333333,0.5368131409989161,T2,0.5359778311585189,-0.3865745328708232,↓,↓,VP_LOCKED_CANDIDATE,37.99719123863164,CBI_ACTIVE,COST_NEUTRAL,0.017193456135782048,-0.14426409970488885,0.32390441071541387,Improving,-0.14426409970488885,0.6127772600186393,C
03800,协鑫科技,2013-12-31,-5.3867,9.52,-1.039780342650055,0.08333333333333333,0.6319982296968356,T2,0.6308365806357027,-0.34682140628135993,↓,↓,VP_DECLINE_SILENT,39.05938620241253,CBI_ACTIVE,COST_NEUTRAL,0.06304964815697933,-0.1235216643747511,0.01844153514116109,Deteriorating,-0.1235216643747511,-0.5658298319327731,C
03800,协鑫科技,2014-01-31,9.3068,28.59,1.3707403331178332,0.9166666666666666,1.7570418928608011,T4,1.758271855726937,0.7039499429787797,↑↑,↑↑,VP_OVERHEAT,12.543735180226715,CBI_TURBULENT,COST_NEUTRAL,0.04831402321596601,-0.16276896991955947,0.11755993272180931,Deteriorating,-0.16276896991955947,0.3255264078349073,C
03800,协鑫科技,2014-02-28,15.0254,6.72,-1.5389347711431427,0.08333333333333333,0.4641418211120064,T1,0.4642373342909085,-0.37254197238679165,↓,↓,VP_LOCKED_CANDIDATE,39.31843836339648,CBI_ACTIVE,COST_NEUTRAL,0.0748592229603986,-0.0655542598244565,0.23303286590326455,Improving,-0.0655542598244565,2.235922619047619,C
03800,协鑫科技,2014-03-31,-2.4111,19.22,0.15273519840320252,0.75,1.2595019659239841,T3,1.2582413955429268,1.0201443562877053,↑,↑,VP_SELLING_ACTIVE,16.985302037024866,CBI_TURBULENT,COST_NEUTRAL,0.07450697989748689,-0.1712976853189988,0.046755426776579956,Deteriorating,-0.1712976853189988,-0.12544745057232048,C
03800,协鑫科技,2014-04-30,-16.4706,10.89,-0.8686203661042874,0.3333333333333333,0.7626940585969417,T2,0.7641002205432489,-0.618741994903569,↓,↓,VP_DECLINE_SILENT,30.403830990931958,CBI_ACTIVE,COST_DISADVANTAGE,-0.09693666832120496,-0.23102806540009657,-0.12858049060643162,Deteriorating,-0.23102806540009657,-1.5124517906336088,C
03800,协鑫科技,2014-05-31,1.6256,12.99,-0.5270656443250691,0.4166666666666667,0.886386898669396,T2,0.8866225547848694,0.9328189093661317,↓,↓,VP_LOCKED_CANDIDATE,27.1976930165269,CBI_TURBULENT,COST_DISADVANTAGE,0.00951841710468404,-0.10408149876193895,-0.09570500609711685,Improving,-0.10408149876193895,0.12514241724403385,C
03800,协鑫科技,2014-06-30,6.805,8.97,-1.072382057303334,0.16666666666666666,0.6159304188601511,T2,0.6168696244614951,-0.5317905280126556,↓,↓,VP_LOCKED_CANDIDATE,36.568729559067556,CBI_ACTIVE,COST_NEUTRAL,0.06611430532021445,-0.10473243621153194,0.09462655727156455,Improving,-0.10473243621153194,0.7586399108138238,C
03800,协鑫科技,2014-07-31,-3.3512,15.44,0.20771792388272892,0.6666666666666666,1.2480129327765053,T3,1.2475322742699093,0.4152248888069501,↑,↑,VP_SELLING_ACTIVE,21.06994947784915,CBI_TURBULENT,COST_NEUTRAL,0.01349687699502855,-0.18002620043493722,0.06989482303587602,Deteriorating,-0.18002620043493722,-0.21704663212435232,C
03800,协鑫科技,2014-08-31,11.319,17.14,0.5354947824282152,0.8333333333333334,1.2148848198464264,T4,1.2161921731635972,0.3211050522906307,↑,↑,VP_EXPANSION,15.8468429847033,CBI_TURBULENT,COST_NEUTRAL,0.0348993047332502,-0.11547928906383464,0.1772305496187634,Stable,-0.11547928906383464,0.6603850641773629,C
03800,协鑫科技,2014-09-30,2.1008,15.31,0.1769336950030178,0.5833333333333334,1.1377260341837998,T3,1.1369416194969488,0.7036421149754621,↑,↑,VP_EXPANSION,24.568195680330476,CBI_TURBULENT,COST_NEUTRAL,-0.02058606361281523,-0.16940494623731972,0.06937709771392142,Improving,-0.16940494623731972,0.13721750489875897,C
03800,协鑫科技,2014-10-31,-7.2524,15.82,0.2886956540144194,0.75,1.1079724524337573,T3,1.108430697348946,0.02600214677459256,↑,↑,VP_SELLING_ACTIVE,19.357586229647794,CBI_TURBULENT,COST_DISADVANTAGE,0.03846136169804715,-0.1615376297267076,-0.015116895191869872,Deteriorating,-0.1615376297267076,-0.4584323640960809,C
03800,协鑫科技,2014-11-30,-19.8851,21.76,1.2476682627598323,0.9166666666666666,1.3824650571791615,T4,1.3830727177407005,0.2693967787362723,↑,↑,VP_SELLING_ACTIVE,13.831812272584703,CBI_TURBULENT,COST_DISADVANTAGE,0.027899221355180526,-0.17172283013536216,-0.20214786907187676,Deteriorating,-0.17172283013536216,-0.9138373161764706,C
03800,协鑫科技,2014-12-31,-12.6404,17.8,0.3578154654773893,0.75,1.0341822407281884,T3,1.0355703695695302,0.16541260770910604,→,→,VP_NEUTRAL,18.800760601976776,CBI_TURBULENT,COST_DISADVANTAGE,0.03803982545411033,-0.17693083239285723,-0.1563573294022561,Stable,-0.17693083239285723,-0.7101348314606741,C
03800,协鑫科技,2015-01-31,-6.4309,8.36,-1.4872914155537291,0.16666666666666666,0.5214679280590497,T2,0.5202161552632325,-0.47283271771307145,↓,↓,VP_DECLINE_SILENT,38.86490599035923,CBI_ACTIVE,COST_DISADVANTAGE,0.015103680209607617,-0.1773760032078575,-0.21061087735066408,Deteriorating,-0.1773760032078575,-0.7692464114832537,C
03800,协鑫科技,2015-02-28,10.9191,8.51,-1.5834608116418023,0.16666666666666666,0.5831429876656007,T1,0.583309833562019,-0.6089240717768816,↓,↓,VP_LOCKED_CANDIDATE,39.12651629056535,CBI_ACTIVE,COST_DISADVANTAGE,0.06696384978740788,-0.08469121147784442,-0.12923055542805217,Improving,-0.08469121147784442,1.283090481786134,C
03800,协鑫科技,2015-03-31,8.693,17.86,0.9521904017100273,0.9166666666666666,1.189213183886361,T4,1.188057581797895,0.000978307900621811,↑,↑,VP_EXPANSION,14.580656037304369,CBI_TURBULENT,COST_NEUTRAL,0.03706062587571313,-0.14452863222268741,0.11351271160292842,Stable,-0.14452863222268741,0.48673012318029113,C
03800,协鑫科技,2015-04-30,15.2261,24.75,2.4461997241494107,1.0,1.4993941841680127,T5,1.4993151959748117,1.9671446493859324,↑,↑,VP_EXPANSION,10.282562144263261,CBI_TURBULENT,COST_NEUTRAL,0.0025285964921655246,-0.17006834873874344,0.27141298267537994,Stable,-0.17006834873874344,0.6151959595959596,C
03800,协鑫科技,2015-05-31,-12.3153,14.59,-0.20206688861423197,0.3333333333333333,0.9528681833024926,T3,0.9528684869394652,0.713667397594278,→,→,VP_NEUTRAL,32.75778436441675,CBI_ACTIVE,COST_NEUTRAL,0.010928546294229236,-0.18842882574589515,0.12424993003585527,Stable,-0.18842882574589515,-0.8440918437285813,C
03800,协鑫科技,2015-06-30,-13.0899,10.25,-1.2707734881663046,0.25,0.7293643263757115,T2,0.7295981130054512,-0.42562206210776843,↓,↓,VP_DECLINE_SILENT,35.238480564619714,CBI_ACTIVE,COST_DISADVANTAGE,-0.010628785240664684,-0.19429331898512958,-0.16929485282825996,Deteriorating,-0.19429331898512958,-1.2770634146341464,C
03800,协鑫科技,2015-07-31,-12.3473,15.58,-0.014223631150503981,0.5,1.021192921127376,T3,1.0195252990925086,-0.3718567123293258,→,→,VP_NEUTRAL,26.111438122083854,CBI_TURBULENT,COST_DISADVANTAGE,0.029628602062877096,-0.13889994810589856,-0.2680988263768057,Stable,-0.13889994810589856,-0.7925096277278563,C
03800,协鑫科技,2015-08-31,-20.1761,9.5,-1.2264517636923353,0.25,0.6160164271047228,T2,0.6154890392896056,-0.3498524751932427,↓,↓,VP_DECLINE_SILENT,33.504615312680166,CBI_ACTIVE,COST_DISADVANTAGE,0.04950937542619793,-0.22548395008564026,-0.4157678085825125,Deteriorating,-0.22548395008564026,-2.1238,C
03800,协鑫科技,2015-09-30,19.2096,11.78,-0.6158668301164233,0.4166666666666667,0.8175824175824176,T2,0.8173239667353197,0.14815526855251115,↓,↓,VP_LOCKED_CANDIDATE,27.470390293946373,CBI_TURBULENT,COST_NEUTRAL,0.031289915442007876,-0.0650575130186406,0.06411074211557222,Improving,-0.0650575130186406,1.6306960950764007,C
03800,协鑫科技,2015-10-31,7.0498,10.81,-0.7221439732900926,0.4166666666666667,0.8944973107157633,T2,0.8938505755640637,-0.305956090213794,↓,↓,VP_LOCKED_CANDIDATE,27.624412687976452,CBI_TURBULENT,COST_NEUTRAL,0.028386850946799935,-0.17319093481945558,0.14615474690474506,Improving,-0.17319093481945558,0.6521554116558742,C
03800,协鑫科技,2015-11-30,-9.4126,11.03,-0.5347468495007566,0.5,0.9598259608411893,T2,0.961733124114721,0.16398931948109596,→,→,VP_NEUTRAL,25.152839215628475,CBI_TURBULENT,COST_NEUTRAL,-0.01932918541427353,-0.20041464262127795,0.05016326130141291,Stable,-0.20041464262127795,-0.8533635539437897,C
03800,协鑫科技,2015-12-31,-14.5963,12.04,-0.2048343857615935,0.6666666666666666,1.0212044105173876,T3,1.0313535767372515,0.03417354641414527,→,→,VP_NEUTRAL,20.11132898181905,CBI_TURBULENT,COST_DISADVANTAGE,0.12025913067862803,-0.1599444026682284,-0.13078675700238018,Stable,-0.1599444026682284,-1.2123172757475082,C
03800,协鑫科技,2016-01-31,-16.2162,8.55,-1.068609220676776,0.16666666666666666,0.8052111128551249,T2,0.9386317117420068,-0.0503425082830915,→,↓,VP_NEUTRAL,36.79465994086466,CBI_ACTIVE,COST_DISADVANTAGE,-0.02806429709620273,-0.1231898993918693,-0.265119712738376,Stable,-0.1231898993918693,-1.8966315789473684,C
03800,协鑫科技,2016-02-29,13.8298,5.76,-1.6937965998477402,0.08333333333333333,0.576288144072036,T1,0.6590637894806198,-0.37392995092234893,↓,↓,VP_LOCKED_CANDIDATE,39.31674672746164,CBI_ACTIVE,COST_NEUTRAL,-0.0761725432347452,-0.016521666010073766,-0.1544925727204971,Improving,-0.016521666010073766,2.4010069444444446,C
03800,协鑫科技,2016-03-31,12.963,7.27,-1.055227860608184,0.16666666666666666,0.7865128020194735,T2,0.8723494947959519,-0.28483103047252556,↓,↓,VP_LOCKED_CANDIDATE,36.99883787224931,CBI_ACTIVE,COST_NEUTRAL,-0.06353360573905609,-0.03312222557350053,0.08291914151575774,Improving,-0.03312222557350053,1.7830811554332875,C
03800,协鑫科技,2016-04-30,-12.0,4.46,-2.2345273837690747,0.08333333333333333,0.544899205864386,T1,0.5913920158712623,-0.4763434523402097,↓,↓,VP_DECLINE_SILENT,42.178232066238294,CBI_ACTIVE,COST_DISADVANTAGE,-0.05620441210855032,-0.09874659735075886,-0.023597495354644615,Deteriorating,-0.09874659735075886,-2.690582959641256,C
03800,协鑫科技,2016-05-31,-4.5455,4.72,-1.6791963080034047,0.16666666666666666,0.6616822429906543,T1,0.6935435623460887,-0.17940943412260024,↓,↓,VP_DECLINE_SILENT,39.812509993016434,CBI_ACTIVE,COST_DISADVANTAGE,-0.056414943872154844,-0.0665997749767061,-0.067979427383979,Deteriorating,-0.0665997749767061,-0.9630296610169491,C
03800,协鑫科技,2016-06-30,-11.215,5.3,-1.189198355456162,0.25,0.881863560732113,T2,0.8824892500094972,-0.2688886667098581,↓,↓,VP_DECLINE_SILENT,36.83117637827819,CBI_ACTIVE,COST_DISADVANTAGE,-0.05892132643420844,-0.08952048990063777,-0.14845157913072204,Deteriorating,-0.08952048990063777,-2.1160377358490567,C
03800,协鑫科技,2016-07-31,4.1667,6.36,-0.6935348306026315,0.4166666666666667,1.1266607617360498,T2,1.1269973616940796,0.4230801336508765,↑,↑,VP_EXPANSION,33.15941409950818,CBI_ACTIVE,COST_DISADVANTAGE,-0.06395447719060054,-0.08565045645442748,-0.10363324119023365,Improving,-0.08565045645442748,0.6551415094339622,C
03800,协鑫科技,2016-08-31,4.0,10.5,0.8873371934577832,0.6666666666666666,1.6317016317016317,T4,1.6314472304012524,1.2215059040475658,↑↑,↑↑,VP_OVERHEAT,25.961898579436536,CBI_TURBULENT,COST_DISADVANTAGE,-0.08187636431675793,-0.07989149658585037,-0.067778570837843,Deteriorating,-0.07989149658585037,0.38095238095238093,C
03800,协鑫科技,2016-09-30,-5.8252,14.92,2.6288932244177383,1.0,1.9351491569390402,T5,1.935902485441199,1.8174746835888316,↑↑,↑↑,VP_PANIC,14.233806360096466,CBI_TURBULENT,COST_DISADVANTAGE,-0.08096172981602945,-0.13846110977124704,-0.1276621914870132,Deteriorating,-0.13846110977124704,-0.3904289544235925,C
03800,协鑫科技,2016-10-31,1.0204,9.31,0.3192095079741111,0.6666666666666666,1.0929368029739779,T3,1.0919664050857225,0.4626651459843918,→,→,VP_NEUTRAL,25.497085940835646,CBI_TURBULENT,COST_DISADVANTAGE,-0.06617741905847829,-0.07201135065405129,-0.10967584491973503,Stable,-0.07201135065405129,0.10960257787325456,C
03800,协鑫科技,2016-11-30,-1.0101,7.49,-0.19445662549233336,0.5833333333333334,0.8340757238307351,T3,0.8333404267785635,-0.2870562575679477,↓,↓,VP_SHRINK,28.5000804455651,CBI_TURBULENT,COST_DISADVANTAGE,-0.025533198814860603,-0.04210521409492407,-0.11866901820337417,Stable,-0.04210521409492407,-0.13485981308411216,C
03800,协鑫科技,2016-12-31,-13.0,4.98,-0.9275718436709618,0.25,0.5578790141896938,T2,0.5594541025828951,-0.6655147521832439,↓,↓,VP_DECLINE_SILENT,40.095690568802794,CBI_ACTIVE,COST_DISADVANTAGE,-0.06153306406779058,-0.11730227348289646,-0.15115640379058415,Deteriorating,-0.11730227348289646,-2.6104417670682727,C
03800,协鑫科技,2017-01-31,10.4651,5.65,-0.5713537611116355,0.4166666666666667,0.641438032166509,T2,0.6404532260713016,-0.39358975152072784,↓,↓,VP_LOCKED_CANDIDATE,34.646409257587074,CBI_ACTIVE,COST_NEUTRAL,-0.03752788582579025,-0.007423596815586353,-0.07310182023109768,Improving,-0.007423596815586353,1.8522300884955751,C
03800,协鑫科技,2017-02-28,6.383,9.79,0.805728750770639,0.8333333333333334,1.1265822784810127,T4,1.126092493909038,0.30781586921849446,↑,↑,VP_EXPANSION,21.04233281538119,CBI_TURBULENT,COST_DISADVANTAGE,-0.03838316673509934,-0.040541142523334295,-0.02431770550641854,Stable,-0.040541142523334295,0.6519918283963229,C
03800,协鑫科技,2017-03-31,-3.0,14.3,2.168279738151963,0.9166666666666666,1.6653726708074532,T5,1.666962555591986,1.8657462185040052,↑↑,↑↑,VP_PANIC,19.157369839371604,CBI_TURBULENT,COST_DISADVANTAGE,-0.054784611368080216,-0.0673649719645889,-0.046089418322564746,Deteriorating,-0.0673649719645889,-0.2097902097902098,C
03800,协鑫科技,2017-04-30,-8.3333,6.39,-0.6048055216867879,0.5,0.7888888888888889,T2,0.7885118442632735,0.1323228040526243,↓,↓,VP_DECLINE_SILENT,32.374569192082795,CBI_ACTIVE,COST_DISADVANTAGE,-0.0519607113277093,-0.10050456371106853,-0.1345965856946979,Deteriorating,-0.10050456371106853,-1.3041158059467919,C
03800,协鑫科技,2017-05-31,-12.5,8.23,-0.1218572776252057,0.5833333333333334,1.000810701256587,T3,1.0001139875111604,-0.15940667498629502,→,→,VP_NEUTRAL,29.230406467599643,CBI_TURBULENT,COST_DISADVANTAGE,-0.10508080272158915,-0.14756096205943103,-0.24277201248286062,Stable,-0.14756096205943103,-1.5188335358444713,C
03800,协鑫科技,2017-06-30,2.5974,17.35,2.671086347231769,1.0,1.6869227029654839,T5,1.6867627275913748,0.2117957790270253,↑↑,↑↑,VP_OVERHEAT,14.116312317735503,CBI_TURBULENT,COST_NEUTRAL,-0.013594957470424385,0.008562106684136372,-0.06658051318855884,Deteriorating,0.008562106684136372,0.14970605187319883,C
03800,协鑫科技,2017-07-31,-2.5316,16.67,1.7532574576628894,0.9166666666666666,1.375223429121408,T5,1.3750517770158812,1.609209436936767,↑,↑,VP_SELLING_ACTIVE,16.060450334209666,CBI_TURBULENT,COST_DISADVANTAGE,-0.12427954838079724,-0.1278437792006909,-0.09021138627239289,Deteriorating,-0.1278437792006909,-0.15186562687462507,C
03800,协鑫科技,2017-08-31,6.4935,14.41,0.9124131600373395,0.75,1.117776341305753,T4,1.1159852397141385,0.7483510184269244,↑,↑,VP_EXPANSION,20.75478577761261,CBI_TURBULENT,COST_DISADVANTAGE,-0.09759780616630909,-0.082173898400836,-0.03113420356280805,Stable,-0.082173898400836,0.45062456627342123,C
03800,协鑫科技,2017-09-30,21.6867,33.49,5.38915424968732,1.0,2.08141702921069,T5,2.0816654225898144,0.9298105994818253,↑↑,↑↑,VP_OVERHEAT,8.785612439987617,CBI_TURBULENT,COST_NEUTRAL,-0.033262809617151334,-0.013044434833054397,0.06265220638556745,Deteriorating,-0.013044434833054397,0.6475574798447297,C
03800,协鑫科技,2017-10-31,23.0769,31.67,2.4242168193301,0.9166666666666666,1.5598423904120837,T5,1.5595739123429124,0.8985383686370474,↑↑,↑↑,VP_OVERHEAT,10.351926964584136,CBI_TURBULENT,COST_ADVANTAGE,-0.00171913306513638,0.05684579724358363,0.3467275486866599,Deteriorating,0.05684579724358363,0.7286675086832964,C
03800,协鑫科技,2017-11-30,-6.25,30.64,1.6912597425468354,0.8333333333333334,1.2746307980309226,T5,1.2744838293933312,1.128694512930187,↑,↑,VP_SELLING_ACTIVE,12.373643795740293,CBI_TURBULENT,COST_NEUTRAL,-0.16000064104059553,-0.15150389587771174,0.2625570768937435,Deteriorating,-0.15150389587771174,-0.20398172323759792,C
03800,协鑫科技,2017-12-31,10.7438,12.67,-0.4563638814193582,0.4166666666666667,0.5447509853099247,T3,0.5448948454323126,-0.6216842775733729,↓,↓,VP_LOCKED_CANDIDATE,25.98555410285011,CBI_TURBULENT,COST_ADVANTAGE,-0.029753219203835113,0.03401394066815833,0.03233173209009821,Improving,0.03401394066815833,0.8479715864246251,C
03800,协鑫科技,2018-01-31,-4.4444,17.51,-0.02948874025436645,0.75,0.7483438991381154,T3,0.7489508812052724,-0.44659281823872254,↓,↓,VP_DECLINE_SILENT,15.277438833727786,CBI_TURBULENT,COST_DISADVANTAGE,-0.03253018753386927,-0.07666061307565297,-0.006188108659532232,Deteriorating,-0.07666061307565297,-0.2538206739006282,C
03800,协鑫科技,2018-02-28,-7.8125,10.03,-0.949758477803341,0.25,0.44246746562752737,T2,0.4431137735530553,-0.6720504073425573,↓,↓,VP_DECLINE_SILENT,31.692512576541294,CBI_ACTIVE,COST_DISADVANTAGE,-0.07985618478070478,-0.05493280337172979,-0.09093175830871947,Deteriorating,-0.05493280337172979,-0.778913260219342,C
03800,协鑫科技,2018-03-31,-22.2222,14.33,-0.4109504445887641,0.4166666666666667,0.7358151476251605,T3,0.7360849386988233,0.13152970802726371,↓,↓,VP_DECLINE_SILENT,26.531056021602385,CBI_TURBULENT,COST_DISADVANTAGE,-0.08612709137717445,-0.17900880060405233,-0.27353871269190433,Deteriorating,-0.17900880060405233,-1.5507466852756455,C
03800,协鑫科技,2018-04-30,2.2222,8.09,-1.2616341961313278,0.08333333333333333,0.5204245738179479,T2,0.5188313274539017,-0.5396804201643319,↓,↓,VP_LOCKED_CANDIDATE,38.131945694931154,CBI_ACTIVE,COST_DISADVANTAGE,-0.0679697593811901,-0.06730308750862046,-0.2655556216225846,Improving,-0.06730308750862046,0.27468479604449936,C
03800,协鑫科技,2018-05-31,-13.0435,10.86,-0.9326385148806372,0.25,0.886651245067356,T2,0.888051714323396,0.08325752908614104,↓,↓,VP_DECLINE_SILENT,33.3085236258713,CBI_ACTIVE,COST_DISADVANTAGE,-0.14966013833600467,-0.13259473250316012,-0.3613527144544214,Deteriorating,-0.13259473250316012,-1.2010589318600369,C
03800,协鑫科技,2018-06-30,-15.0,19.22,0.11390501978782748,0.75,1.4407796101949026,T3,1.4419710017568081,0.34270866222262963,↑,↑,VP_SELLING_ACTIVE,16.802935184790304,CBI_TURBULENT,COST_DISADVANTAGE,-0.08924528862415493,-0.13480607871968442,-0.20947817790995749,Deteriorating,-0.13480607871968442,-0.7804370447450573,C
03800,协鑫科技,2018-07-31,-5.9701,8.06,-1.1791675055382085,0.08333333333333333,0.6850828729281769,T2,0.680984080327598,-0.006600686163917846,↓,↓,VP_DECLINE_SILENT,38.61336121514154,CBI_ACTIVE,COST_DISADVANTAGE,-0.10005184576906911,-0.08612459614029944,-0.26760478247540176,Deteriorating,-0.08612459614029944,-0.7407071960297766,C
03800,协鑫科技,2018-08-31,-25.3968,9.68,-0.8852531871586279,0.25,0.8268792710706151,T2,0.8165000863623595,-0.12355456341680504,↓,↓,VP_DECLINE_SILENT,32.37647714161854,CBI_ACTIVE,COST_DISADVANTAGE,-0.11102695144576236,-0.1735226230295016,-0.45360991708482357,Deteriorating,-0.1735226230295016,-2.6236363636363635,C
03800,协鑫科技,2018-09-30,-3.9216,6.77,-1.1098094290076301,0.08333333333333333,0.6480536056158265,T2,0.6409981568243567,-0.6536225478338261,↓,↓,VP_DECLINE_SILENT,38.54334602183721,CBI_ACTIVE,COST_DISADVANTAGE,-0.10581512006997174,-0.11800124559499059,-0.1835597914123157,Deteriorating,-0.11800124559499059,-0.579261447562777,C
03800,协鑫科技,2018-10-31,-17.3469,5.65,-1.1774909418983646,0.08333333333333333,0.5627490039840639,T2,0.5599773924193842,-0.3017289903724124,↓,↓,VP_DECLINE_SILENT,38.767620839585696,CBI_ACTIVE,COST_DISADVANTAGE,-0.13235365737480254,-0.16208628550359105,-0.32518717453466905,Deteriorating,-0.16208628550359105,-3.0702477876106196,C
03800,协鑫科技,2018-11-30,18.5185,17.22,1.4563296272169441,0.8333333333333334,1.5513513513513513,T4,1.5432610361918337,0.7813409515375349,↑↑,↑↑,VP_OVERHEAT,15.219113685240526,CBI_TURBULENT,COST_DISADVANTAGE,-0.12292435185375694,-0.12337342082481917,-0.20022183648553382,Deteriorating,-0.12337342082481917,1.0754065040650407,C
03800,协鑫科技,2018-12-31,-17.0,9.32,-0.5035291575472896,0.4166666666666667,0.9862433862433864,T2,0.9845534693843948,0.37781469389718914,→,→,VP_NEUTRAL,28.92889025119362,CBI_TURBULENT,COST_DISADVANTAGE,-0.13973470213618167,-0.19345818499040668,-0.20573654049449752,Stable,-0.19345818499040668,-1.8240343347639485,C
03800,协鑫科技,2019-01-31,33.3333,10.99,0.03667806432061202,0.75,1.1058192185141709,T3,1.1060350891470065,0.9380603214697487,↑,↑,VP_EXPANSION,17.55266340036775,CBI_TURBULENT,COST_ADVANTAGE,0.08195705872092818,0.041679297450390784,0.07177719836887086,Improving,0.041679297450390784,3.0330573248407644,C
03800,协鑫科技,2019-02-28,8.7719,20.64,2.365423856426393,1.0,1.7543561410964725,T5,1.7541035147459525,0.19839101483459176,↑↑,↑↑,VP_OVERHEAT,8.523424297309333,CBI_TURBULENT,COST_NEUTRAL,-0.14244633052013578,-0.1100128992870929,0.18661046962267847,Deteriorating,-0.1100128992870929,0.4249951550387597,C
03800,协鑫科技,2019-03-31,-22.2222,15.86,0.8888910300952616,0.75,1.194277108433735,T4,1.1932837742553624,0.7016341151832441,↑,↑,VP_SELLING_ACTIVE,16.336581320867026,CBI_TURBULENT,COST_DISADVANTAGE,-0.12331352798783335,-0.20805587026801597,-0.22068223709474144,Deteriorating,-0.20805587026801597,-1.4011475409836067,C
03800,协鑫科技,2019-04-30,2.0408,11.02,-0.24100836322510283,0.6666666666666666,0.7774250440917108,T3,0.7773188937116122,0.0022260637261770633,↓,↓,VP_LOCKED_CANDIDATE,19.12413990936995,CBI_TURBULENT,COST_DISADVANTAGE,-0.09507002533583986,-0.1402130512324533,-0.2047777929538177,Improving,-0.1402130512324533,0.18519056261343014,C
03800,协鑫科技,2019-05-31,-17.0,7.93,-0.8723602950446877,0.25,0.6280359028511088,T2,0.6290739455891454,-0.6151949887332906,↓,↓,VP_DECLINE_SILENT,32.91467967697208,CBI_ACTIVE,COST_DISADVANTAGE,-0.10360293875969062,-0.1579357906552914,-0.3399655681516688,Deteriorating,-0.1579357906552914,-2.1437578814627996,C
03800,协鑫科技,2019-06-30,-19.5652,12.48,0.28487719439867065,0.75,0.9488089204257478,T3,0.9764169299189366,-0.18519074728199758,→,→,VP_NEUTRAL,16.958826924677048,CBI_TURBULENT,COST_DISADVANTAGE,-0.131133750509844,-0.1718859397463458,-0.261201359351932,Stable,-0.1718859397463458,-1.567724358974359,C
03800,协鑫科技,2019-07-31,4.0,9.76,-0.41631913373264756,0.5,0.753764963315742,T3,0.8029560057230628,-0.041252853981521564,↓,↓,VP_LOCKED_CANDIDATE,26.14447032170404,CBI_TURBULENT,COST_DISADVANTAGE,-0.13122523240717243,-0.1255115167128199,-0.2212662976952796,Improving,-0.1255115167128199,0.4098360655737705,C
03800,协鑫科技,2019-08-31,-36.3636,13.71,0.47786634296794345,0.75,1.162521198417185,T3,1.216402732126713,0.8660069265546251,↑,↑,VP_SELLING_ACTIVE,17.682233881795778,CBI_TURBULENT,COST_DISADVANTAGE,-0.18465979752777795,-0.29576330853123023,-0.510795494706009,Deteriorating,-0.29576330853123023,-2.6523413566739604,C
03800,协鑫科技,2019-09-30,4.0816,11.28,-0.22942594175860148,0.5833333333333334,1.0226654578422485,T3,1.0533000979358198,-0.05593504581691677,→,→,VP_STABLE_ASCENT,23.492635123005464,CBI_TURBULENT,COST_DISADVANTAGE,-0.236365211280677,-0.2368968730056793,-0.3071548592484761,Improving,-0.2368968730056793,0.3618439716312057,C
03800,协鑫科技,2019-10-31,0.0,4.47,-2.278871192424672,0.08333333333333333,0.44977360389065907,T1,0.45891634568920103,-0.5418276165970066,↓,↓,VP_SHRINK,39.88574356842615,CBI_ACTIVE,COST_DISADVANTAGE,-0.213649059360567,-0.2155158970215848,-0.3071548592484761,Stable,-0.2155158970215848,0.0,C
03800,协鑫科技,2019-11-30,-32.4,11.2,-0.09605855193633545,0.5833333333333334,1.068362480127186,T3,1.0768669779970808,-0.18343670027771874,→,→,VP_NEUTRAL,23.27172936862661,CBI_TURBULENT,COST_DISADVANTAGE,-0.2733214351730795,-0.36581150336305834,-0.540820279266637,Stable,-0.36581150336305834,-2.892857142857143,C
03800,协鑫科技,2019-12-31,37.4269,13.02,0.31773492721383384,0.75,1.2313997477931904,T3,1.2315512523180734,0.1548918566144566,↑,↑,VP_EXPANSION,17.03832060108109,CBI_TURBULENT,COST_DISADVANTAGE,-0.20699500413990035,-0.15318506261660858,-0.15584501728431,Improving,-0.15318506261660858,2.8745698924731187,C
03800,协鑫科技,2020-01-31,2.1277,16.66,1.1857010330375077,0.9166666666666666,1.421097526300825,T4,1.4202609755322588,2.7189992639319254,↑,↑,VP_EXPANSION,10.770269999832303,CBI_TURBULENT,COST_DISADVANTAGE,-0.23438783551012232,-0.32836649032770204,-0.1378842729712101,Stable,-0.32836649032770204,0.12771308523409364,C
03800,协鑫科技,2020-02-29,31.9149,27.75,4.910182120684822,1.0,1.9732164019909932,T5,1.9732776823264462,1.4785473604485526,↑↑,↑↑,VP_OVERHEAT,6.389971615685305,CBI_TURBULENT,COST_NEUTRAL,-0.1992007023836424,-0.2037878655677441,0.11356614741218696,Deteriorating,-0.2037878655677441,1.1500864864864864,C
03800,协鑫科技,2020-03-31,-39.0323,25.1,2.20645025257203,0.9166666666666666,1.5336048879837072,T5,1.5352220337276083,0.9296501014517333,↑↑,↑↑,VP_PANIC,8.331826276597212,CBI_TURBULENT,COST_DISADVANTAGE,-0.2188909280127107,-0.3713030798707623,-0.4550465047425497,Deteriorating,-0.3713030798707623,-1.5550717131474103,C
03800,协鑫科技,2020-04-30,-13.8298,8.29,-0.8524421682578817,0.25,0.4875514604979415,T2,0.48788532609611285,-0.5015845124944462,↓,↓,VP_DECLINE_SILENT,30.032284606742714,CBI_ACTIVE,COST_DISADVANTAGE,-0.2767816181990881,-0.31568796799640464,-0.5328970040650426,Deteriorating,-0.31568796799640464,-1.6682509047044634,C
03800,协鑫科技,2020-05-31,6.5359,10.7,-0.49605170514781083,0.3333333333333333,0.632387706855792,T3,0.6331588527177292,-0.6137219449043889,↓,↓,VP_LOCKED_CANDIDATE,27.48713574852899,CBI_TURBULENT,COST_DISADVANTAGE,-0.2715237918303961,-0.29472417286027086,-0.5300136522382837,Improving,-0.29472417286027086,0.6108317757009346,C
03800,协鑫科技,2020-06-30,-4.2169,17.42,0.5418401292286709,0.8333333333333334,0.9867824773413899,T4,0.9944029386164307,-0.3001131554568165,→,→,VP_NEUTRAL,11.33148650674849,CBI_TURBULENT,COST_DISADVANTAGE,-0.2928695242679513,-0.3307283088573648,-0.3193832628621688,Stable,-0.3307283088573648,-0.2420723306544202,C
03800,协鑫科技,2020-07-31,12.5,24.6,1.5295138869936717,0.8333333333333334,1.2963288248726508,T5,1.36052535590476,2.162514292643589,↑,↑,VP_EXPANSION,11.398373159828115,CBI_TURBULENT,COST_DISADVANTAGE,-0.23106019973763403,-0.2331031861779449,-0.2294904862590591,Stable,-0.2331031861779449,0.5081300813008129,C
03800,协鑫科技,2020-08-31,38.587,25.21,1.3499709945709177,0.9166666666666666,1.3587854832914124,T4,1.4044911816584509,1.5087079514233084,↑,↑,VP_EXPANSION,8.576692250141807,CBI_TURBULENT,COST_NEUTRAL,-0.19437052075683858,-0.1445926106902814,0.09155514446633317,Stable,-0.1445926106902814,1.5306227687425626,C
03800,协鑫科技,2020-09-30,3.9216,13.66,-0.41098061883933495,0.5,0.8205847016419705,T3,0.8396200375811618,-0.1699511308038587,↓,↓,VP_LOCKED_CANDIDATE,22.679695981213538,CBI_TURBULENT,COST_DISADVANTAGE,-0.1029098351736959,-0.10862988519851546,-0.02281395709005485,Improving,-0.10862988519851546,0.287086383601757,C
03800,协鑫科技,2020-10-31,11.3208,41.43,3.6116492899974655,1.0,1.8687415426251692,T5,1.891004696086529,0.6842763726228087,↑↑,↑↑,VP_OVERHEAT,5.232896257207976,CBI_TURBULENT,COST_NEUTRAL,-0.17751618575888728,-0.23133303461759558,0.08781087795635378,Deteriorating,-0.23133303461759558,0.27325126719768283,C
03800,协鑫科技,2020-11-30,147.4576,50.07,3.245235902880546,1.0,1.742676489355531,T5,1.7514710578786896,0.9857670353353982,↑↑,↑↑,VP_OVERHEAT,3.672763060577855,CBI_TURBULENT,COST_ADVANTAGE,0.13227234514933994,0.295682997582843,1.6918709861292824,Deteriorating,0.295682997582843,2.945028959456761,C
03800,协鑫科技,2020-12-31,56.0,104.9,6.6743090104202,1.0,2.4219802208796706,T5,2.4219360911707373,6.66445322096112,↑↑,↑↑,VP_OVERHEAT,2.4832582483163197,CBI_TURBULENT,COST_NEUTRAL,-0.18184809724162143,-0.03398379113990446,0.353293269858757,Deteriorating,-0.03398379113990446,0.5338417540514776,C
03800,协鑫科技,2021-01-31,96.6387,126.94,3.6555724935411176,1.0,2.1027580685237846,T5,2.18495175062738,2.2522868233630016,↑↑,↑↑,VP_OVERHEAT,1.9189999836512506,CBI_TURBULENT,COST_ADVANTAGE,-0.02335487442093398,0.3024587015774671,1.706586539717514,Deteriorating,0.3024587015774671,0.7612943122735151,C
03800,协鑫科技,2021-02-28,19.7425,84.37,1.1576336448546214,0.8333333333333334,1.201366969646629,T4,1.3484377080586638,0.9970888210862163,↑,↑,VP_EXPANSION,7.3436698678108385,CBI_TURBULENT,COST_NEUTRAL,0.033734203909515426,-0.06615083255408227,2.2270839512016516,Stable,-0.06615083255408227,0.23399905179566194,C
03800,协鑫科技,2021-03-31,-40.1869,81.39,0.8978463967604727,0.75,0.9984461255367001,T4,1.097088578644782,-0.08044103372579303,→,→,VP_NEUTRAL,10.026325909454718,CBI_TURBULENT,COST_DISADVANTAGE,-0.01988883089518967,-0.20112766523632997,-0.17034767328744305,Stable,-0.20112766523632997,-0.4937572183314904,C
03800,协鑫科技,2021-04-30,,0.0,,,,,,,,,VP_NEUTRAL,31.751273150812498,CBI_ACTIVE,,,,,Stable,,,C
03800,协鑫科技,2021-05-31,,0.0,,,,,,,,,VP_NEUTRAL,31.909475191875448,CBI_ACTIVE,,,,,Stable,,,C
03800,协鑫科技,2021-06-30,,0.0,,,,,,,,,VP_NEUTRAL,32.01749343862288,CBI_ACTIVE,,,,,Stable,,,C
03800,协鑫科技,2021-07-31,,0.0,,,,,,,,,VP_NEUTRAL,32.648906898292715,CBI_ACTIVE,,,,,Stable,,,C
03800,协鑫科技,2021-08-31,,0.0,,,,,,,,,VP_NEUTRAL,45.00218796802403,CBI_ACTIVE,,,,,Stable,,,C
03800,协鑫科技,2021-09-30,,0.0,,,,,,,,,VP_NEUTRAL,45.12220110038028,CBI_ACTIVE,,,,,Stable,,,C
03800,协鑫科技,2021-10-31,,0.0,,,,,,,,,VP_NEUTRAL,,,,,,,Stable,,,C
03800,协鑫科技,2021-11-30,-15.8683,51.72,,,,,,,,,VP_NEUTRAL,,,COST_NEUTRAL,-0.13370059093957565,-0.1227831515744443,0.21423074899077355,Stable,-0.1227831515744443,-0.30681167826759476,C
03800,协鑫科技,2021-12-31,-1.0714,21.56,,,,,,,,,VP_NEUTRAL,,,COST_NEUTRAL,0.002173655781711581,0.03238541080066559,-0.08393523114598245,Stable,0.03238541080066559,-0.04969387755102041,C
03800,协鑫科技,2022-01-31,-17.0909,10.37,,,0.3719067543335327,,0.3963077277874451,,↓,↓,VP_DECLINE_SILENT,,,COST_DISADVANTAGE,-0.05781732057809319,-0.13128454385852506,-0.24598278953532138,Deteriorating,-0.13128454385852506,-1.6481099324975894,C
03800,协鑫科技,2022-02-28,20.1717,10.26,,,0.43701416249600694,,0.4622627408948348,-0.7854421323912093,↓,↓,VP_LOCKED_CANDIDATE,,,COST_NEUTRAL,-0.01421585388402491,0.03323792105813972,-0.07401395206092098,Improving,0.03323792105813972,1.9660526315789475,C
03800,协鑫科技,2022-03-31,-9.3103,31.41,,,1.2531918289179704,,1.3066949137872725,0.5451456151777299,↑,↑,VP_SELLING_ACTIVE,,,COST_NEUTRAL,0.04370443010333336,-0.004564171829969155,-0.0002978427984542398,Deteriorating,-0.004564171829969155,-0.29641197070996494,C
03800,协鑫科技,2022-04-30,-3.876,12.6,0.0,0.25,0.5481438515081207,T3,0.5693193296598588,0.21472959500930355,↓,↓,VP_DECLINE_SILENT,30.363429533383787,CBI_ACTIVE,COST_DISADVANTAGE,0.01826262328226358,-0.023739208836305647,-0.05731507609892261,Deteriorating,-0.023739208836305647,-0.3076190476190476,C
03800,协鑫科技,2022-05-31,11.2903,15.14,0.0,0.3333333333333333,0.8963883955002963,T3,0.907586661889955,0.4760263507070108,→,↓,VP_NEUTRAL,27.943446428037234,CBI_TURBULENT,COST_ADVANTAGE,0.035422315122272785,0.08574793172915096,0.04911709272861842,Stable,0.08574793172915096,0.7457265521796566,C
03800,协鑫科技,2022-06-30,34.657,26.96,0.0,0.5,1.5154581225407537,T3,1.5148732863568433,-0.14205452523749384,↑↑,↑↑,VP_OVERHEAT,22.173138483087104,CBI_TURBULENT,COST_ADVANTAGE,0.0831519626536239,0.11612091821025095,0.280760819460691,Deteriorating,0.11612091821025095,1.2854970326409494,C
03800,协鑫科技,2022-07-31,-8.1744,16.91,0.0,0.4166666666666667,0.8956567796610172,T3,0.8955795814879803,0.34182352287415396,↓,↓,VP_DECLINE_SILENT,25.27209689068139,CBI_TURBULENT,COST_NEUTRAL,-0.03922626336647417,-0.086479948404241,0.15714851516957884,Deteriorating,-0.086479948404241,-0.48340626848018925,C
03800,协鑫科技,2022-08-31,-16.1094,14.8,0.0,0.3333333333333333,0.7536920726532002,T3,0.7537698932146978,-0.022690478416997784,↓,↓,VP_DECLINE_SILENT,28.43815492884523,CBI_TURBULENT,COST_DISADVANTAGE,-0.07457944486448387,-0.09942022249438509,-0.052305667101472664,Deteriorating,-0.09942022249438509,-1.088472972972973,C
03800,协鑫科技,2022-09-30,-15.8273,12.22,0.0,0.25,0.7433843658116194,T3,0.7433935842353626,-0.5465892791369068,↓,↓,VP_DECLINE_SILENT,31.380547617695786,CBI_ACTIVE,COST_DISADVANTAGE,-0.06667797253463137,-0.0926958293981276,-0.25619597702197383,Deteriorating,-0.0926958293981276,-1.2951963993453355,C
03800,协鑫科技,2022-10-31,-16.8103,11.48,-0.7482601381160969,0.25,0.7063890882986363,T2,0.7061297105429329,-0.32136617346261653,↓,↓,VP_DECLINE_SILENT,31.059898922076542,CBI_ACTIVE,COST_DISADVANTAGE,-0.08932320466059895,-0.12190849019364736,-0.38652061352667066,Deteriorating,-0.12190849019364736,-1.4643118466898954,C
03800,协鑫科技,2022-11-30,22.6804,18.4,0.25276767296824254,0.75,1.0955641559988094,T3,1.0964564728470063,0.24412769743004015,→,→,VP_STABLE_ASCENT,16.0552765153492,CBI_TURBULENT,COST_NEUTRAL,0.06577109345335441,0.02101622898643174,-0.24348137833858874,Improving,0.02101622898643174,1.2326304347826087,C
03800,协鑫科技,2022-12-31,-19.3277,18.38,0.29911018588254407,0.75,1.19622518711357,T3,1.196164444804699,0.5042184078544307,↑,↑,VP_SELLING_ACTIVE,16.941829288736763,CBI_TURBULENT,COST_DISADVANTAGE,-0.047596009321233756,-0.10061489678316504,-0.13694731502307878,Deteriorating,-0.10061489678316504,-1.0515614798694233,C
03800,协鑫科技,2023-01-31,9.375,12.11,-0.7984115285434475,0.25,0.8314452454514248,T2,0.83015840697658,0.05364431663930258,↓,↓,VP_LOCKED_CANDIDATE,33.36637982787951,CBI_ACTIVE,COST_NEUTRAL,-0.05093079208076057,0.0021032241846874467,-0.05603612580649231,Improving,0.0021032241846874467,0.7741535920726672,C
03800,协鑫科技,2023-02-28,-7.5472,13.66,-0.594562910522746,0.4166666666666667,0.9502608695652177,T2,0.950775558325116,-0.25783072955792197,→,→,VP_NEUTRAL,27.919840235016707,CBI_TURBULENT,COST_DISADVANTAGE,-0.10341637992308483,-0.12088722648342498,-0.11896705075272618,Stable,-0.12088722648342498,-0.5525036603221084,C
03800,协鑫科技,2023-03-31,-0.5051,16.26,0.13204387423167296,0.6666666666666666,1.0805183298261165,T3,1.0807103359568062,-0.11523052365024511,→,→,VP_NEUTRAL,21.325953022853408,CBI_TURBULENT,COST_NEUTRAL,0.007178029867145774,-0.0013481198596276833,-0.058125462496170566,Stable,-0.0013481198596276833,-0.031063960639606394,C
03800,协鑫科技,2023-04-30,-4.0404,8.77,-1.7469162565305527,0.08333333333333333,0.6008221055035396,T1,0.6000501920410738,-0.27559420608446794,↓,↓,VP_DECLINE_SILENT,40.86424515644555,CBI_ACTIVE,COST_DISADVANTAGE,-0.043453694251053165,-0.050235160918531974,-0.09159308565620516,Deteriorating,-0.050235160918531974,-0.4607069555302167,C
03800,协鑫科技,2023-05-31,-14.1361,7.89,-1.6247612871293595,0.08333333333333333,0.6142467886337099,T1,0.6136568506923562,-0.42348589161742367,↓,↓,VP_DECLINE_SILENT,41.02604090748746,CBI_ACTIVE,COST_DISADVANTAGE,-0.10449561922044659,-0.09639764766699155,-0.2159014002506192,Deteriorating,-0.09639764766699155,-1.7916476552598228,C
03800,协鑫科技,2023-06-30,11.0429,10.77,-0.8578298102546119,0.25,0.930319608407717,T2,0.930882520637152,-0.3376539340001238,→,→,VP_STABLE_ASCENT,37.08409893282676,CBI_ACTIVE,COST_ADVANTAGE,0.031171710544091624,0.0999323988319305,0.0012897443060204683,Improving,0.0999323988319305,1.025338904363974,C
03800,协鑫科技,2023-07-31,-7.6503,7.24,-1.7568736632782858,0.08333333333333333,0.6725499303297727,T1,0.6701514995111005,-0.17681738539064906,↓,↓,VP_DECLINE_SILENT,42.227386967999834,CBI_ACTIVE,COST_NEUTRAL,0.04019469974929657,0.018646564396335386,-0.0650941061452075,Deteriorating,0.018646564396335386,-1.056671270718232,C
03800,协鑫科技,2023-08-31,-19.5266,7.79,-1.2594168325522477,0.16666666666666666,0.7959809264305181,T2,0.7938620248803367,-0.015290002680525605,↓,↓,VP_DECLINE_SILENT,39.09995813486432,CBI_ACTIVE,COST_DISADVANTAGE,0.019128905775158023,-0.05725483971605483,-0.24764969488608402,Deteriorating,-0.05725483971605483,-2.506623876765083,C
03800,协鑫科技,2023-09-30,6.5693,4.35,-1.9517477581155303,0.08333333333333333,0.5575731681264691,T1,0.5565610816275626,-0.5977575692245392,↓,↓,VP_LOCKED_CANDIDATE,41.57866209067307,CBI_ACTIVE,COST_NEUTRAL,0.04689495165924762,0.061070641308923035,-0.03214877050736609,Improving,0.061070641308923035,1.5101839080459771,C
03800,协鑫科技,2023-10-31,-21.2329,5.22,-1.3659587139073786,0.16666666666666666,0.7239944521497924,T2,0.7214669258684224,-0.2805013702416803,↓,↓,VP_DECLINE_SILENT,37.68921189443989,CBI_ACTIVE,COST_DISADVANTAGE,-0.07860988200016827,-0.1243262339818898,-0.23765142882429524,Deteriorating,-0.1243262339818898,-4.067605363984675,C
03800,协鑫科技,2023-11-30,-10.3448,8.52,-0.39856512145748413,0.5,1.1647300068352706,T3,1.1655755467075672,0.09569362335008003,↑,↑,VP_SELLING_ACTIVE,27.12789497464468,CBI_TURBULENT,COST_DISADVANTAGE,-0.11405348103816793,-0.10279219319465571,-0.31057172693675383,Deteriorating,-0.10279219319465571,-1.2141784037558685,C
03800,协鑫科技,2023-12-31,19.2308,7.32,-0.5877837225230815,0.3333333333333333,1.0860534124629087,T2,1.0865841855478577,0.683771962516895,→,→,VP_STABLE_ASCENT,33.91234415634433,CBI_ACTIVE,COST_ADVANTAGE,0.026356756137885462,0.1063702970445044,0.047375985558087974,Improving,0.1063702970445044,2.6271584699453547,C
03800,协鑫科技,2024-01-31,-26.8293,9.62,0.21898998641410855,0.75,1.3479682391405892,T3,1.345876989969914,0.8438945732257759,↑,↑,VP_SELLING_ACTIVE,19.92958694590061,CBI_TURBULENT,COST_DISADVANTAGE,-0.14298712497572308,-0.15009814585119297,-0.23980775241751673,Deteriorating,-0.15009814585119297,-2.7889085239085243,C
03800,协鑫科技,2024-02-29,21.1111,5.83,-0.8997157263620174,0.25,0.8560939794419977,T2,0.8530265117764625,-0.319970969245544,↓,↓,VP_LOCKED_CANDIDATE,36.84121406161652,CBI_ACTIVE,COST_NEUTRAL,0.04511424773498751,0.08314826120678886,-0.07932272237232574,Improving,0.08314826120678886,3.621114922813036,C
03800,协鑫科技,2024-03-31,17.4312,15.04,4.125226072550041,1.0,1.750533462657615,T5,1.7485266826464894,1.0480435875479688,↑↑,↑↑,VP_OVERHEAT,11.862687834191796,CBI_TURBULENT,COST_NEUTRAL,-0.016521860212505346,-0.007003667296714311,0.10116282610559701,Deteriorating,-0.007003667296714311,1.1589893617021279,C
03800,协鑫科技,2024-04-30,-9.3023,8.97,0.2939280718048046,0.75,0.9732368896925865,T3,0.9739104665362204,-0.06639048855572738,→,→,VP_NEUTRAL,20.115996509391728,CBI_TURBULENT,COST_NEUTRAL,0.06635363721099496,-0.005177546362578944,0.0065316457371471515,Stable,-0.005177546362578944,-1.037045707915273,C
03800,协鑫科技,2024-05-31,25.8621,20.93,4.504452774870421,1.0,1.854674346477626,T5,1.8549864444352837,2.600634950165323,↑↑,↑↑,VP_OVERHEAT,8.590785110452135,CBI_TURBULENT,COST_ADVANTAGE,-0.03202151485951432,0.03625805980756236,0.2560138485266965,Deteriorating,0.03625805980756236,1.2356473960821788,C
03800,协鑫科技,2024-06-30,-21.0884,13.52,0.9470498337596617,0.8333333333333334,1.0975510756325264,T4,1.0976873084122285,-0.10035955281991615,→,→,VP_NEUTRAL,13.778722685586892,CBI_TURBULENT,COST_DISADVANTAGE,-0.028738677329552376,-0.12701033423894104,-0.13162485085509779,Stable,-0.12701033423894104,-1.5597928994082841,C
03800,协鑫科技,2024-07-31,-5.1724,8.59,-0.2435351603747698,0.5833333333333334,0.7071899012074646,T3,0.7074975467457622,-0.04326450508019419,↓,↓,VP_DECLINE_SILENT,22.2957446697661,CBI_TURBULENT,COST_DISADVANTAGE,-0.010316596786149379,-0.022163941341667437,-0.17654080684535123,Deteriorating,-0.022163941341667437,-0.6021420256111758,C
03800,协鑫科技,2024-08-31,4.5045,8.56,-0.2667292561297207,0.5,0.6792752281444256,T3,0.6800681139176966,-0.5905458634371874,↓,↓,VP_LOCKED_CANDIDATE,25.225749779061452,CBI_TURBULENT,COST_NEUTRAL,0.04948648317141591,0.04513101923381546,-0.13162485085509779,Improving,0.04513101923381546,0.5262266355140187,C
03800,协鑫科技,2024-09-30,20.6897,14.37,0.9521440843276243,0.8333333333333334,1.150520416333067,T4,1.1496001006378485,0.06239930921536896,↑,↑,VP_EXPANSION,14.67771755427314,CBI_TURBULENT,COST_ADVANTAGE,0.20552229165834568,0.19500790138569646,0.22583260950338513,Stable,0.19500790138569646,1.439784272790536,C
03800,协鑫科技,2024-10-31,22.8571,71.39,14.270286509573424,1.0,3.1183750728013986,T5,3.116634636447394,7.30021515167501,↑↑,↑↑,VP_OVERHEAT,4.931580725367459,CBI_TURBULENT,COST_ADVANTAGE,0.14437417610430847,0.15531456694430967,0.5060229202470161,Deteriorating,0.15531456694430967,0.32017229303824063,C
03800,协鑫科技,2024-11-30,-14.7059,30.18,0.75614384668835,0.9166666666666666,1.2351135666052797,T4,1.2350933562849238,2.5187861943660472,↑,↑,VP_SELLING_ACTIVE,7.8879318742209055,CBI_TURBULENT,COST_NEUTRAL,0.04070165654689051,-0.041507017248617495,0.26961234555707736,Deteriorating,-0.041507017248617495,-0.4872730284956925,C
03800,协鑫科技,2024-12-31,-23.9437,25.52,0.37466375178203015,0.8333333333333334,0.9653867978059392,T3,0.9650240902538371,0.7749400641850961,→,→,VP_NEUTRAL,10.522225714679497,CBI_TURBULENT,COST_DISADVANTAGE,-0.030609059586165444,-0.12159276840826816,-0.25125973954720326,Stable,-0.12159276840826816,-0.9382327586206897,C
03800,协鑫科技,2025-01-31,13.8889,15.13,-0.289584823164636,0.6666666666666666,0.5496821071752953,T3,0.5768487503779895,-0.7764199361996775,↓,↓,VP_LOCKED_CANDIDATE,15.93103309961814,CBI_TURBULENT,COST_NEUTRAL,0.005838264056172271,0.08118351650837607,-0.1472680367065371,Improving,0.08118351650837607,0.9179709187045604,C
03800,协鑫科技,2025-02-28,1.6393,29.46,0.48456167817121165,0.8333333333333334,0.9500671862402581,T3,0.9915539499264767,0.03234807983008525,→,→,VP_STABLE_ASCENT,10.467119934150572,CBI_TURBULENT,COST_NEUTRAL,-0.005726693478479872,0.009126933325692477,-0.14033525651715928,Improving,0.009126933325692477,0.05564494229463679,C
03800,协鑫科技,2025-03-31,-20.3252,25.49,0.17775635255118355,0.6666666666666666,0.7756758127504186,T3,0.8037450720586093,0.05609312873855066,↓,↓,VP_DECLINE_SILENT,16.080864028992252,CBI_TURBULENT,COST_DISADVANTAGE,-0.03525654144669366,-0.12461218429012832,-0.16195757198021188,Deteriorating,-0.12461218429012832,-0.7973793644566497,C
03800,协鑫科技,2025-04-30,-19.3878,18.93,-0.2980855197300448,0.5,0.7848801050376617,T3,0.8019223795054188,0.2544832479870951,↓,↓,VP_DECLINE_SILENT,22.331664210182765,CBI_TURBULENT,COST_DISADVANTAGE,-0.008123403006006669,-0.03384334071879047,-0.324435185575885,Deteriorating,-0.03384334071879047,-1.0241838351822503,C
03800,协鑫科技,2025-05-31,3.7975,17.06,-0.3978899542575704,0.5,0.7778706588646555,T3,0.7865584459361695,-0.4209833452290611,↓,↓,VP_LOCKED_CANDIDATE,22.33130798556612,CBI_TURBULENT,COST_DISADVANTAGE,-0.02727537439439842,-0.03499400053794599,-0.29878082553446306,Improving,-0.03499400053794599,0.22259671746776086,C
03800,协鑫科技,2025-06-30,21.9512,17.89,-0.3712889864810209,0.5,0.8659244917715395,T3,0.8671526590622132,-0.29694969066207233,↓,↓,VP_LOCKED_CANDIDATE,22.328781944766646,CBI_TURBULENT,COST_ADVANTAGE,0.10699491532334893,0.12665679753835146,0.1750160488187147,Improving,0.12665679753835146,1.2270095025153718,C
03800,协鑫科技,2025-07-31,15.8416,79.41,3.3978041313775105,1.0,2.5311304717382073,T5,2.531287662929999,3.196162510572181,↑↑,↑↑,VP_OVERHEAT,5.007282404941587,CBI_TURBULENT,COST_NEUTRAL,-0.0746199412514672,-0.0315203967822163,0.37476877711789625,Deteriorating,-0.0315203967822163,0.19949124795365825,C
03800,协鑫科技,2025-08-31,6.8376,36.7,0.2491049317769453,0.8333333333333334,1.12645794966237,T3,1.1266475709438113,1.1519009132867257,↑,↑,VP_EXPANSION,10.558186876933375,CBI_TURBULENT,COST_ADVANTAGE,0.014318536649530644,0.038924538949401954,0.4687700610233936,Improving,0.038924538949401954,0.18631062670299725,C
03800,协鑫科技,2025-09-30,3.9683,54.29,1.003975120185149,0.8333333333333334,1.4523809523809526,T4,1.452636056840715,2.0326857826074183,↑,↑,VP_EXPANSION,10.732311330040057,CBI_TURBULENT,COST_NEUTRAL,0.017946579609635194,-0.019515262347273743,0.04984080135940694,Stable,-0.019515262347273743,0.07309449254006263,C
03800,协鑫科技,2025-10-31,3.8168,38.81,0.3789824052829272,0.8333333333333334,0.9537188728702491,T3,1.0021077893644148,-0.48140964366611483,→,→,VP_STABLE_ASCENT,11.272257263738185,CBI_TURBULENT,COST_ADVANTAGE,-0.0005398225330588424,0.024494476629994155,0.08991106095327739,Improving,0.024494476629994155,0.09834578716825561,C
03800,协鑫科技,2025-11-30,-15.942,43.95,0.6120366226058889,0.8333333333333334,0.9728832318760379,T4,1.0603751706726363,0.3422736989987858,→,→,VP_NEUTRAL,11.27556393832657,CBI_TURBULENT,COST_DISADVANTAGE,0.011677423100073137,-0.1173200637446612,-0.07036997742220463,Stable,-0.1173200637446612,-0.3627303754266211,C
03800,协鑫科技,2025-12-31,-9.4017,21.78,-0.6705276183954922,0.4166666666666667,0.47530370262602756,T2,0.5318310754296534,-0.5327998908445306,↓,↓,VP_DECLINE_SILENT,25.500454295654475,CBI_TURBULENT,COST_DISADVANTAGE,-0.031074144304815143,-0.04185518127730925,-0.16756482432036746,Deteriorating,-0.04185518127730925,-0.43166666666666664,C
03800,协鑫科技,2026-01-31,0.9346,24.6,-0.5678759364581165,0.4166666666666667,0.670512878753464,T2,0.731016349689577,-0.303176309410752,↓,↓,VP_SHRINK,26.74503351595483,CBI_TURBULENT,COST_DISADVANTAGE,-0.03422123983280323,-0.022649870850816156,-0.1518585002509404,Stable,-0.022649870850816156,0.037991869918699184,C
03800,协鑫科技,2026-02-28,12.1495,20.79,-0.7461574005191302,0.3333333333333333,0.6108118695524435,T2,0.6526715499049505,-0.5074386473287644,↓,↓,VP_LOCKED_CANDIDATE,29.037320153307636,CBI_TURBULENT,COST_NEUTRAL,-0.021257069069516743,0.028603979757847675,-0.057620555834378306,Improving,0.028603979757847675,0.5843915343915344,C
03800,协鑫科技,2026-03-31,-26.4957,24.13,-0.5328342521926297,0.5,0.8317821440882456,T2,0.8574216847184064,0.1091496821687008,↓,↓,VP_DECLINE_SILENT,23.12456508363877,CBI_TURBULENT,COST_DISADVANTAGE,-0.06142372988824585,-0.1590419005559981,-0.21452197204333612,Deteriorating,-0.1590419005559981,-1.0980397845006216,C
03800,协鑫科技,2026-04-30,1.1236,15.45,-1.044394400794392,0.08333333333333333,0.615129396151294,T2,0.6216756726083045,-0.372647643895865,↓,↓,VP_SHRINK,36.7924250952677,CBI_ACTIVE,COST_DISADVANTAGE,-0.10453259273645332,-0.07084592759497055,-0.17798811027790995,Stable,-0.07084592759497055,0.07272491909385113,C
03800,协鑫科技,2026-05-31,-6.5934,12.51,-1.188153686418699,0.08333333333333333,0.6293811839678016,T2,0.6289540379516203,-0.3993361329948023,↓,↓,VP_DECLINE_SILENT,37.448822558592276,CBI_ACTIVE,COST_DISADVANTAGE,0.03382139810130935,-0.021781131279986488,-0.22365543748469274,Deteriorating,-0.021781131279986488,-0.5270503597122302,C
03800,协鑫科技,2026-06-30,-16.867469879518072,21.14,-0.6737521117174199,0.3333333333333333,1.0692969145169453,T2,1.0620057604323796,-0.13118138702250748,→,→,VP_NEUTRAL,28.864220399010403,CBI_TURBULENT,COST_DISADVANTAGE,0.011438899798048574,-0.046057697455129776,-0.1765814347804061,Stable,-0.046057697455129776,-0.7978935609989627,C
03800,,2026-07-31,-11.594202898550721,15.84,-1.0242125383902059,0.25,0.8651010376843258,T2,0.8438557703962536,-0.005099405697426618,↓,↓,VP_DECLINE_SILENT,31.82596180060528,CBI_ACTIVE,COST_NEUTRAL,0.004091686248009596,-0.011775507040712618,-0.272050253936301,Deteriorating,-0.011775507040712618,-0.7319572536963839,C
06060,众安在线,2017-09-30,-8.0435,26.01,,,,,,,,,VP_NEUTRAL,,,COST_DISADVANTAGE,-0.05428205670853725,-0.05428205744772441,-0.05428205670853725,Stable,-0.05428205744772441,-0.3092464436755094,C
06060,众安在线,2017-10-31,22.0155,65.65,,,,,,,,,VP_NEUTRAL,,,COST_NEUTRAL,0.00037458632700615446,-0.0620747476074589,0.17301815818815003,Stable,-0.0620747476074589,0.3353465346534653,C
06060,众安在线,2017-11-30,-9.981,15.34,,,0.4300934579439252,,0.44926570204618066,,↓,↓,VP_DECLINE_SILENT,,,COST_NEUTRAL,0.003135761642133472,-0.04587693883604882,0.06197641386157171,Deteriorating,-0.04587693883604882,-0.6506518904823989,C
06060,众安在线,2017-12-31,-2.9412,8.27,,,0.28697839854255225,,0.2990266013022269,-0.6604313524230176,↓,↓,VP_DECLINE_SILENT,,,COST_NEUTRAL,0.0068454797170245385,0.027620268446850504,-0.14114939395847215,Deteriorating,0.027620268446850504,-0.35564691656590086,C
06060,众安在线,2018-01-31,0.2861,9.7,,,0.3880931423541649,,0.40247045521062297,-0.8454797489367994,↓,↓,VP_SHRINK,,,COST_DISADVANTAGE,-0.03729919716706753,-0.037970469388681094,-0.1312348126477475,Stable,-0.037970469388681094,0.029494845360824747,C
06060,众安在线,2018-02-28,-2.4113,6.57,-0.8664500467953888,0.16666666666666666,0.2996807054888247,T2,0.309982904665127,-0.5724059380765977,↓,↓,VP_DECLINE_SILENT,35.31049076904659,CBI_ACTIVE,COST_NEUTRAL,0.003943216084524526,0.032390531340308115,-0.1473460072776751,Deteriorating,0.032390531340308115,-0.36701674277016744,C
06060,众安在线,2018-03-31,-12.4352,12.6,-0.45281573765003036,0.5714285714285714,0.6399729111995258,T3,0.6563193048830067,0.5224187523449426,↓,↓,VP_DECLINE_SILENT,21.688130159100428,CBI_TURBULENT,COST_DISADVANTAGE,-0.03379795400240437,-0.10775786270928034,-0.13751346497764694,Deteriorating,-0.10775786270928034,-0.986920634920635,C
06060,众安在线,2018-04-30,-6.8528,5.34,-0.7886149021175906,0.125,0.5541335178139052,T2,0.5551958319871241,-0.4479791168713517,↓,↓,VP_DECLINE_SILENT,38.68145909204772,CBI_ACTIVE,COST_DISADVANTAGE,-0.014104384001139225,-0.05282564764412512,-0.19729697797158863,Deteriorating,-0.05282564764412512,-1.2832958801498129,C
06060,众安在线,2018-05-31,-4.2202,8.63,-0.5353966710001349,0.4444444444444444,1.013108980630014,T2,1.0144168312634012,0.3176492687285284,→,→,VP_NEUTRAL,28.62554919394871,CBI_TURBULENT,COST_NEUTRAL,0.020674155083705514,0.0017921221868903991,-0.23885381017469431,Stable,0.0017921221868903991,-0.4890150637311703,C
06060,众安在线,2018-06-30,-5.0766,7.15,-0.5792108214510753,0.3,0.8581716343268654,T2,0.857786307573243,-0.4327880155326105,↓,↓,VP_DECLINE_SILENT,33.83518234239781,CBI_ACTIVE,COST_DISADVANTAGE,-0.01569213847431683,-0.05239948566853747,-0.07711820046793294,Deteriorating,-0.05239948566853747,-0.710013986013986,C
06060,众安在线,2018-07-31,-26.6327,5.95,-0.6096721141166975,0.18181818181818182,0.7720588235294118,T2,0.7725228213343015,0.11316976681432545,↓,↓,VP_DECLINE_SILENT,36.255735588357304,CBI_ACTIVE,COST_DISADVANTAGE,-0.09483200668335667,-0.15638430988240815,-0.330421782176028,Deteriorating,-0.15638430988240815,-4.4760840336134455,C
06060,众安在线,2018-08-31,-6.5278,8.37,-0.42781719545516766,0.5,1.0453788509575352,T3,1.0467270323576383,-0.029440742352473293,→,→,VP_NEUTRAL,25.32410431842992,CBI_TURBULENT,COST_DISADVANTAGE,-0.056130189512862305,-0.06403559591812635,-0.37325988790607356,Stable,-0.06403559591812635,-0.7799044205495819,C
06060,众安在线,2018-09-30,-4.0541,5.32,-0.5210454538767755,0.08333333333333333,0.7831207065750736,T2,0.7811383584580693,-0.25687394007796127,↓,↓,VP_DECLINE_SILENT,39.21365962629487,CBI_ACTIVE,COST_DISADVANTAGE,-0.031928582061565014,-0.021492755766118532,-0.13832567157631614,Deteriorating,-0.021492755766118532,-0.7620488721804511,C
06060,众安在线,2018-10-31,-19.3498,13.85,1.80712599010333,0.9166666666666666,1.6866247209255125,T5,1.6871105827984416,1.3281532463782755,↑↑,↑↑,VP_PANIC,18.70620341236391,CBI_TURBULENT,COST_DISADVANTAGE,-0.053432266041100296,-0.049945624992998705,-0.29744550061230157,Deteriorating,-0.049945624992998705,-1.3970974729241876,C
06060,众安在线,2018-11-30,21.8631,9.78,0.5375791485418008,0.8333333333333334,1.1638238794129312,T4,1.1638183285439923,0.16666198981719926,↑,↑,VP_EXPANSION,22.3883478837623,CBI_TURBULENT,COST_NEUTRAL,-0.030171982098001315,0.03008901674832698,-0.13562872532146908,Stable,0.03008901674832698,2.2354907975460123,C
06060,众安在线,2018-12-31,-24.7748,9.06,0.21482304519967482,0.6666666666666666,1.0387922797630424,T3,1.0373064346752625,0.7043670860893578,→,→,VP_NEUTRAL,27.21943254067083,CBI_TURBULENT,COST_DISADVANTAGE,-0.019236931891969178,-0.12910741819227345,-0.13312899470943296,Stable,-0.12910741819227345,-2.7345253863134653,C
06060,众安在线,2019-01-31,7.3559,7.94,-0.17855231602682353,0.5,0.8770250368188514,T3,0.8756251047124348,-0.42812925896290477,↓,↓,VP_LOCKED_CANDIDATE,32.930224386801186,CBI_ACTIVE,COST_NEUTRAL,0.0014619172368919298,0.025685851853236352,-0.06564801824968824,Improving,0.025685851853236352,0.9264357682619647,C
06060,众安在线,2019-02-28,7.2727,10.31,0.6710674962189883,0.8333333333333334,1.0995378599360115,T4,1.0996669036053957,0.05350674384322729,→,→,VP_STABLE_ASCENT,22.057928130849646,CBI_TURBULENT,COST_ADVANTAGE,0.058400083617655696,0.026129688916323612,0.020866054134599743,Stable,0.026129688916323612,0.7054025218234724,C
06060,众安在线,2019-03-31,-5.3691,17.71,3.937932185499391,1.0,1.5478514202476328,T5,1.5488194196789198,0.9582366299941154,↑↑,↑↑,VP_PANIC,13.462252322175708,CBI_TURBULENT,COST_NEUTRAL,0.037518681511685914,-0.019011345378303512,-0.00046259879130094994,Deteriorating,-0.019011345378303512,-0.30316770186335407,C
06060,众安在线,2019-04-30,0.3546,8.47,-0.2912804678301784,0.5,0.8032242769084875,T3,0.8055218819913103,0.07181463337287153,↓,↓,VP_SHRINK,30.6155396796711,CBI_ACTIVE,COST_NEUTRAL,0.0023815103057591713,-0.04146343787773199,0.0030818600782334116,Stable,-0.04146343787773199,0.04186540731995277,C
06060,众安在线,2019-05-31,-21.2654,8.0,-0.4246805411599026,0.4166666666666667,0.7806147341031062,T3,0.7827903743371739,-0.22120101357448563,↓,↓,VP_DECLINE_SILENT,33.679409542852426,CBI_ACTIVE,COST_DISADVANTAGE,0.01573027362580115,-0.06134443533663325,-0.2060412132242958,Deteriorating,-0.06134443533663325,-2.658175,C
06060,众安在线,2019-06-30,-4.2411,5.12,-1.3097665130207667,0.08333333333333333,0.5337966985230235,T2,0.5351518760681295,-0.710003482908691,↓,↓,VP_DECLINE_SILENT,45.0086348373275,CBI_ACTIVE,COST_DISADVANTAGE,-0.009081489059255543,-0.02435032104692303,-0.16335961958219802,Deteriorating,-0.02435032104692303,-0.82833984375,C
06060,众安在线,2019-07-31,-19.9095,8.77,-0.19659256171645953,0.5833333333333334,0.9013360739979445,T3,0.8995437792831504,0.03148943224850442,↓,→,VP_NEUTRAL,29.055960305755715,CBI_TURBULENT,COST_DISADVANTAGE,-0.06828104969962834,-0.09947281491080517,-0.3096254203545411,Stable,-0.09947281491080517,-2.2701824401368302,C
06060,众安在线,2019-08-31,-6.8421,21.72,3.5565904167971287,1.0,1.8673162344175382,T5,1.8665246097176067,1.7084567523561018,↑↑,↑↑,VP_PANIC,12.450951789505794,CBI_TURBULENT,COST_DISADVANTAGE,-0.08624104762371054,-0.06075824628830728,-0.3096254203545411,Deteriorating,-0.06075824628830728,-0.31501381215469615,C
06060,众安在线,2019-09-30,5.5936,9.55,-0.3063878882797783,0.5833333333333334,0.9297420087619667,T3,0.929212784139987,0.8602025170145862,→,→,VP_STABLE_ASCENT,26.38865577828277,CBI_TURBULENT,COST_DISADVANTAGE,-0.013245511406530075,-0.04870122183558556,-0.034742402043309806,Improving,-0.04870122183558556,0.5857172774869109,C
06060,众安在线,2019-10-31,43.1694,24.14,2.963266540734602,1.0,1.8737386804657181,T5,1.8727474884103308,1.756103224156532,↑↑,↑↑,VP_OVERHEAT,9.634553701054479,CBI_TURBULENT,COST_ADVANTAGE,0.04043184209478201,0.08267330452612032,0.3670134630521775,Deteriorating,0.08267330452612032,1.7882932891466448,C
06060,众安在线,2019-11-30,4.6422,20.48,1.434307717326463,0.8333333333333334,1.3686789930942305,T4,1.3683331907154035,-0.05754807281663332,↑,↑,VP_EXPANSION,14.954889219080368,CBI_TURBULENT,COST_ADVANTAGE,0.0036151238169586097,0.051099511907220396,0.41136313647180933,Stable,0.051099511907220396,0.22666992187499999,C
06060,众安在线,2019-12-31,2.9304,17.51,0.717578392878268,0.6666666666666666,1.0282861896838604,T4,1.0278488122168667,0.8317765056205837,→,→,VP_STABLE_ASCENT,20.249990206727567,CBI_TURBULENT,COST_NEUTRAL,-0.021019565320335998,-0.021446427565714243,0.08168314747984073,Stable,-0.021446427565714243,0.16735579668760708,C
06060,众安在线,2020-01-31,-10.7206,23.46,1.5342170485646507,0.9166666666666666,1.2045182269382166,T5,1.2041740651555595,-0.02848309613576938,↑,↑,VP_SELLING_ACTIVE,11.602726542904536,CBI_TURBULENT,COST_DISADVANTAGE,-0.020069299973577648,-0.13439904345648412,-0.02225082042747506,Deteriorating,-0.13439904345648412,-0.4569735720375106,C
06060,众安在线,2020-02-29,31.992,25.16,1.5053367894584293,1.0,1.254862842892768,T5,1.25510412950105,0.2287190458134838,↑,↑,VP_EXPANSION,8.225296159481818,CBI_TURBULENT,COST_ADVANTAGE,0.009794319727219891,0.06033127211185296,0.2626052397629457,Stable,0.06033127211185296,1.2715421303656598,C
06060,众安在线,2020-03-31,-20.9877,35.65,2.7219160091088197,1.0,1.4610655737704916,T5,1.4609641370259328,1.0365400123908972,↑,↑,VP_SELLING_ACTIVE,6.9930940102882175,CBI_TURBULENT,COST_DISADVANTAGE,0.03341142320937518,-0.11464209149725813,-0.1362196276795642,Deteriorating,-0.11464209149725813,-0.5887152875175315,C
06060,众安在线,2020-04-30,4.8924,14.22,-0.4402782530362414,0.4166666666666667,0.6251465416178194,T3,0.6259242510454359,-0.39293976211107906,↓,↓,VP_LOCKED_CANDIDATE,27.15564352995618,CBI_TURBULENT,COST_NEUTRAL,0.06877586291456272,0.024437747950301958,-0.09572992272704384,Improving,0.024437747950301958,0.34405063291139243,C
06060,众安在线,2020-05-31,6.8359,22.97,0.5056325183360875,0.6666666666666666,0.9917248326977045,T4,0.992069004691459,-0.08679488177065342,→,→,VP_STABLE_ASCENT,18.959706655561074,CBI_TURBULENT,COST_DISADVANTAGE,-0.009525377043494876,-0.03666598390660214,-0.0771721412904719,Stable,-0.03666598390660214,0.29760121898127995,C
06060,众安在线,2020-06-30,37.2093,29.69,1.2819676381436027,0.9166666666666666,1.1785643400595436,T4,1.177999934799108,-0.1674016898098568,↑,↑,VP_EXPANSION,10.461684449471875,CBI_TURBULENT,COST_ADVANTAGE,0.07263946538250132,0.16234915027442987,0.28011902869491956,Stable,0.16234915027442987,1.2532603570225664,C
06060,众安在线,2020-07-31,20.3368,49.36,4.021407929372898,1.0,1.672747811352725,T5,1.6717853298632273,2.464393564425264,↑↑,↑↑,VP_OVERHEAT,6.517756350113063,CBI_TURBULENT,COST_NEUTRAL,0.015015062134388524,-0.03585845965721324,0.5504961899055807,Deteriorating,-0.03585845965721324,0.41200972447325773,C
06060,众安在线,2020-08-31,8.3864,38.26,1.3122815584424048,0.9166666666666666,1.2072574283460424,T4,1.207516419668479,0.6650985961336269,↑,↑,VP_EXPANSION,9.188042366699687,CBI_TURBULENT,COST_ADVANTAGE,-0.007800938879813035,0.036851986931544234,0.7040437135560793,Stable,0.036851986931544234,0.21919498170412965,C
06060,众安在线,2020-09-30,-25.7032,33.12,0.5919000316816764,0.75,1.059162136232811,T4,1.0593247082365536,0.1161070524694936,→,→,VP_NEUTRAL,15.053937185271598,CBI_TURBULENT,COST_DISADVANTAGE,-0.060533706336915793,-0.15724691204340469,-0.19813232134805203,Stable,-0.15724691204340469,-0.7760628019323672,C
06060,众安在线,2020-10-31,3.3333,18.37,-0.99876728744018,0.25,0.5747510038066435,T2,0.5750013078501856,-0.627463421591637,↓,↓,VP_LOCKED_CANDIDATE,31.37725197444656,CBI_ACTIVE,COST_NEUTRAL,-0.007238304752539948,0.0030331992201031444,-0.15625933551766313,Improving,0.0030331992201031444,0.1814534567229178,C
06060,众安在线,2020-11-30,-8.4352,21.88,-0.6110910588750746,0.3333333333333333,0.6884833228445563,T2,0.6884291856593506,-0.4283502703398864,↓,↓,VP_DECLINE_SILENT,28.74520939625599,CBI_TURBULENT,COST_DISADVANTAGE,0.011308659598894266,-0.04426761951608871,-0.2159283403259673,Deteriorating,-0.04426761951608871,-0.38552102376599634,C
06060,众安在线,2020-12-31,-3.3378,12.19,-1.6795892977352602,0.08333333333333333,0.4223351426261693,T1,0.7631335315308873,-0.2918529775974993,↓,↓,VP_DECLINE_SILENT,37.562579822969624,CBI_ACTIVE,COST_NEUTRAL,-0.0021682444837601844,0.00283672869524465,-0.055682611167860996,Deteriorating,0.00283672869524465,-0.2738146021328958,C
06060,众安在线,2021-01-31,32.0442,15.88,-1.0770609437430596,0.25,0.6820329277022191,T2,1.5717487088829507,1.609382881124278,↑↑,↓,VP_NEUTRAL,31.575635125600183,CBI_ACTIVE,COST_ADVANTAGE,-0.041808272590089124,0.07940163328375349,0.2469163311098408,Stable,0.07940163328375349,2.0178967254408056,C
06060,众安在线,2021-02-28,9.1004,19.76,-0.605370161918535,0.4166666666666667,0.9782178217821783,T2,1.7536973635271966,1.7335299193797526,↑↑,→,VP_NEUTRAL,25.290080156268626,CBI_TURBULENT,COST_NEUTRAL,-0.10208727882570867,-0.13847824421852828,0.3603909344639791,Stable,-0.13847824421852828,0.46054655870445343,C
06060,众安在线,2021-03-31,-12.8253,12.9,-1.1163734259605085,0.16666666666666666,0.7664884135472371,T2,1.1132609204541004,0.6651522476555269,↑,↓,VP_NEUTRAL,33.59437696006942,CBI_ACTIVE,COST_DISADVANTAGE,0.006067625350091532,-0.05765277575143979,-0.10430306096692732,Stable,-0.05765277575143979,-0.9942093023255814,C
06060,众安在线,2021-04-30,-3.4627,4.58,-1.8477148439395878,0.08333333333333333,0.31517375845853884,T1,0.4026813269739853,-0.711734730500724,↓,↓,VP_DECLINE_SILENT,36.23840474085606,CBI_ACTIVE,COST_DISADVANTAGE,-0.010610609977167562,-0.033005754838030255,-0.12149127514879854,Deteriorating,-0.033005754838030255,-0.7560480349344978,C
06060,众安在线,2021-05-31,-13.4199,7.84,-1.2354908045382291,0.16666666666666666,0.6430622009569377,T2,0.6857966953867083,-0.6027055244783092,↓,↓,VP_DECLINE_SILENT,33.47100711957369,CBI_ACTIVE,COST_DISADVANTAGE,-0.023189833697382478,-0.04004608056044656,-0.2360793696946074,Deteriorating,-0.04004608056044656,-1.7117219387755103,C
06060,众安在线,2021-06-30,9.875,8.64,-0.9699485408998311,0.25,0.7448275862068965,T2,0.7442523161020628,-0.33152679951898767,↓,↓,VP_LOCKED_CANDIDATE,30.63653255093504,CBI_ACTIVE,COST_ADVANTAGE,0.025925662434160168,0.06035908118374178,0.02545310703242043,Improving,0.06035908118374178,1.1429398148148147,C
06060,众安在线,2021-07-31,-2.7746,11.0,-0.6611778114524218,0.3333333333333333,1.0197775030902347,T2,1.0186925748102287,1.4047842396950396,→,→,VP_NEUTRAL,29.076948219826498,CBI_TURBULENT,COST_DISADVANTAGE,0.00035797271674375963,-0.05120549014441045,-0.01887819907364563,Stable,-0.05120549014441045,-0.25223636363636365,C
06060,众安在线,2021-08-31,-9.7619,10.7,-0.5780419837517791,0.3333333333333333,1.1534315486884656,T2,1.1506472710979483,0.3582704347750352,↑,↑,VP_SELLING_ACTIVE,30.910554758441226,CBI_ACTIVE,COST_NEUTRAL,0.024580657238088666,-0.0010646753431872158,-0.11570710451584221,Deteriorating,-0.0010646753431872158,-0.9123271028037384,C
06060,众安在线,2021-09-30,-14.5333,6.67,-1.249981505437823,0.16666666666666666,0.809629779486142,T2,0.8099011550605328,-0.22785539024901025,↓,↓,VP_DECLINE_SILENT,37.7752535810911,CBI_ACTIVE,COST_DISADVANTAGE,0.0005300867828728073,-0.07810681604916458,-0.19205113016014463,Deteriorating,-0.07810681604916458,-2.1789055472263867,C
06060,众安在线,2021-10-31,-10.6416,6.45,-1.0844606026878607,0.16666666666666666,0.7543859649122808,T2,0.7543772324697396,-0.41362653028855556,↓,↓,VP_DECLINE_SILENT,37.59871031008033,CBI_ACTIVE,COST_DISADVANTAGE,-0.03810701848931841,-0.055166112614232876,-0.28028267600849077,Deteriorating,-0.055166112614232876,-1.6498604651162792,C
06060,众安在线,2021-11-30,-5.0,4.73,-1.3763717074270079,0.16666666666666666,0.588918862834613,T2,0.5867970566358464,-0.5590008981747698,↓,↓,VP_DECLINE_SILENT,38.40879253610758,CBI_ACTIVE,COST_DISADVANTAGE,-0.03153364640126066,-0.026359803516025626,-0.3294402515525693,Deteriorating,-0.026359803516025626,-1.0570824524312896,C
06060,众安在线,2021-12-31,2.4575,4.1,-1.2817065688800438,0.08333333333333333,0.563573883161512,T2,0.5636584196115587,-0.38599972928525395,↓,↓,VP_LOCKED_CANDIDATE,40.970426360894734,CBI_ACTIVE,COST_NEUTRAL,0.04217253093079876,0.009525106115051862,-0.04635105313834098,Improving,0.009525106115051862,0.5993902439024391,C
06060,众安在线,2022-01-31,-3.4483,9.41,0.12690063801197438,0.6666666666666666,1.3423680456490727,T3,1.3454971393359556,0.46125680930350654,↑,↑,VP_SELLING_ACTIVE,22.615621482486127,CBI_TURBULENT,COST_DISADVANTAGE,-0.03636232227890979,-0.030675154804074345,-0.06394605215792881,Deteriorating,-0.030675154804074345,-0.3664505844845909,C
06060,众安在线,2022-02-28,-4.6555,5.43,-0.8956096324641843,0.3333333333333333,0.8855667300896982,T2,0.8829552412110188,0.14885584583993516,↓,↓,VP_DECLINE_SILENT,36.208196427208826,CBI_ACTIVE,COST_DISADVANTAGE,-0.0705415764135503,-0.10850151148601372,-0.09913605019710436,Deteriorating,-0.10850151148601372,-0.8573664825046041,C
06060,众安在线,2022-03-31,4.7059,11.37,1.7631027077046644,1.0,1.6442516268980478,T5,1.646851539218501,1.778951978012751,↑↑,↑↑,VP_OVERHEAT,14.321229973495647,CBI_TURBULENT,COST_ADVANTAGE,0.003347341394456249,0.10380417386295182,0.015503379435419351,Deteriorating,0.10380417386295182,0.4138874230430959,C
06060,众安在线,2022-04-30,8.2353,3.97,-1.5776806508705583,0.08333333333333333,0.610612663419636,T1,0.6121755415638978,-0.577781968834284,↓,↓,VP_LOCKED_CANDIDATE,43.81182683675475,CBI_ACTIVE,COST_ADVANTAGE,0.10954705484442795,0.09484615592597034,0.04973383042762469,Improving,0.09484615592597034,2.074382871536524,C
06060,众安在线,2022-05-31,-0.9416,7.37,-0.047139629013400956,0.5833333333333334,1.0617046818727491,T3,1.0614865487352614,0.3625617095129312,→,→,VP_NEUTRAL,27.19686165363842,CBI_TURBULENT,COST_NEUTRAL,-0.012758202493950765,-0.009655023931492757,0.00028984566110601406,Stable,-0.009655023931492757,-0.12776119402985076,C
06060,众安在线,2022-06-30,-3.5849,12.03,1.7372354425068852,1.0,1.4558289632916497,T5,1.4557371779196722,0.057243361423040096,↑,↑,VP_SELLING_ACTIVE,12.68634834727898,CBI_TURBULENT,COST_NEUTRAL,0.040957010913759584,0.00011556796739609076,-0.00998448956613407,Deteriorating,0.00011556796739609076,-0.29799667497921867,C
06060,众安在线,2022-07-31,-21.8787,5.62,-0.6591320420179494,0.4166666666666667,0.736405328674383,T2,0.737995874456246,0.4160520477978058,↓,↓,VP_DECLINE_SILENT,32.008123501439464,CBI_ACTIVE,COST_DISADVANTAGE,-0.004180071389828455,-0.10384011985300046,-0.22658670887436538,Deteriorating,-0.10384011985300046,-3.893007117437722,C
06060,众安在线,2022-08-31,15.75,3.56,-1.2980789195229547,0.08333333333333333,0.48633879781420764,T2,0.4860306365357706,-0.5168423884958417,↓,↓,VP_LOCKED_CANDIDATE,43.33008132170741,CBI_ACTIVE,COST_NEUTRAL,0.08737714886976744,0.10569237529516062,-0.10298007567342482,Improving,0.10569237529516062,4.424157303370786,C
06060,众安在线,2022-09-30,-23.1441,4.62,-0.7429685262994125,0.3333333333333333,0.7457627118644068,T2,0.7444943648740641,-0.6164878208235669,↓,↓,VP_DECLINE_SILENT,35.272850155678086,CBI_ACTIVE,COST_DISADVANTAGE,-0.04546832743564844,-0.17493641428605589,-0.18570946348369421,Deteriorating,-0.17493641428605589,-5.009545454545455,C
06060,众安在线,2022-10-31,-15.7834,4.84,-0.5935232988218093,0.5,0.7634069400630914,T2,0.7664134698869242,-0.13674103935832105,↓,↓,VP_DECLINE_SILENT,29.415645629296343,CBI_TURBULENT,COST_DISADVANTAGE,-0.06298884966099172,-0.12629757912928097,-0.32358365659838695,Deteriorating,-0.12629757912928097,-3.2610330578512396,C
06060,众安在线,2022-11-30,32.9365,7.0,0.14673584942984103,0.6666666666666666,1.1149455800371648,T3,1.1164076701204835,0.9713412558858623,↑,↑,VP_EXPANSION,23.629190787396947,CBI_TURBULENT,COST_NEUTRAL,0.147948377748633,0.1187605808215122,-0.07004319409217352,Improving,0.1187605808215122,4.705214285714286,C
06060,众安在线,2022-12-31,5.1345,5.58,-0.45058390967151996,0.5,1.0723894939141576,T3,1.0700461252585927,0.2084335997581641,→,→,VP_STABLE_ASCENT,29.27243516321914,CBI_TURBULENT,COST_NEUTRAL,-0.0036273932447649093,-0.006636357499162804,0.1437757069501333,Improving,-0.006636357499162804,0.9201612903225806,C
06060,众安在线,2023-01-31,23.1132,5.54,-0.3535894548170408,0.5,1.0674373795761078,T3,1.0663257415835872,0.13918951427048243,→,→,VP_STABLE_ASCENT,29.35647517259408,CBI_TURBULENT,COST_NEUTRAL,-0.06940865403145324,0.017843202682414905,0.3884905093673712,Improving,0.017843202682414905,4.172057761732852,C
06060,众安在线,2023-02-28,-14.4213,5.18,-0.49199210896820894,0.4166666666666667,0.9487179487179487,T3,0.9481111189423184,-0.2616793872481744,→,→,VP_NEUTRAL,32.021689235852946,CBI_ACTIVE,COST_NEUTRAL,-0.00825499265475338,-0.030530735720934565,0.19963452054537245,Stable,-0.030530735720934565,-2.7840347490347495,C
06060,众安在线,2023-03-31,9.0308,5.6,-0.15261391439436264,0.6666666666666666,0.9958506224066388,T3,0.9965100746070875,0.006529408968507067,→,→,VP_STABLE_ASCENT,25.92282767790632,CBI_TURBULENT,COST_ADVANTAGE,-0.0006505697991784354,0.039209743971530875,0.02023243212989878,Improving,0.039209743971530875,1.612642857142857,C
06060,众安在线,2023-04-30,-3.5714,2.41,-1.7286863061151705,0.08333333333333333,0.4618332801022038,T1,0.46245770621287785,-0.5639041998510577,↓,↓,VP_DECLINE_SILENT,44.805819216401225,CBI_ACTIVE,COST_NEUTRAL,-0.0011793417436898324,-0.035452840651575834,0.0016827515457189524,Deteriorating,-0.035452840651575834,-1.481908713692946,C
06060,众安在线,2023-05-31,-10.7287,2.81,-1.2160204225598152,0.16666666666666666,0.6216814159292035,T2,0.622669927252405,-0.45641761373063683,↓,↓,VP_DECLINE_SILENT,42.359089263965345,CBI_ACTIVE,COST_DISADVANTAGE,-0.060326559078327624,-0.08682593817529571,-0.09106565137518108,Deteriorating,-0.08682593817529571,-3.8180427046263343,C
06060,众安在线,2023-06-30,-3.4014,3.68,-0.8562930028392913,0.3333333333333333,0.8754956383822364,T2,0.8755844137366979,-0.34339859340026524,↓,↓,VP_DECLINE_SILENT,45.13819498306308,CBI_ACTIVE,COST_DISADVANTAGE,-0.006747173585742283,-0.03460206358805784,-0.09628204872070201,Deteriorating,-0.03460206358805784,-0.9242934782608696,C
06060,众安在线,2023-07-31,19.2488,2.74,-1.4334032261520724,0.16666666666666666,0.7332738626226585,T2,0.7300732007821165,0.13034445271222705,↓,↓,VP_LOCKED_CANDIDATE,50.65238293465954,CBI_STABLE,COST_ADVANTAGE,0.0839312608924252,0.10038148696771909,0.07767304988235524,Improving,0.10038148696771909,7.025109489051094,C
06060,众安在线,2023-08-31,-8.6275,3.44,-0.7949400346647454,0.3333333333333333,0.9980657640232108,T2,0.9923237585379835,0.21428179839843042,→,→,VP_NEUTRAL,45.59673143110634,CBI_ACTIVE,COST_NEUTRAL,0.035934040016922575,0.0004624204015366562,-0.011425903060674036,Stable,0.0004624204015366562,-2.5079941860465116,C
06060,众安在线,2023-09-30,-2.5316,1.79,-1.8573387334033784,0.08333333333333333,0.6366330764671013,T1,0.6455472744786206,-0.506988504339646,↓,↓,VP_DECLINE_SILENT,52.80542889120356,CBI_STABLE,COST_DISADVANTAGE,0.026698097631719486,-0.022549754567368185,-0.00845093543840758,Deteriorating,-0.022549754567368185,-1.4143016759776537,C
06060,众安在线,2023-10-31,-5.298,1.59,-1.6009309487704855,0.08333333333333333,0.594392523364486,T1,0.5927641881031637,-0.4191312642454118,↓,↓,VP_DECLINE_SILENT,51.7176886419178,CBI_STABLE,COST_DISADVANTAGE,-0.004144888921441048,-0.026736585407484692,-0.07927586862137848,Deteriorating,-0.026736585407484692,-3.332075471698113,C
06060,众安在线,2023-11-30,-6.8558,2.08,-1.070129830302038,0.25,0.8146214099216711,T2,0.8070097320761965,-0.39848591690507484,↓,↓,VP_DECLINE_SILENT,48.385070412627314,CBI_ACTIVE,COST_DISADVANTAGE,-0.04296177498205733,-0.0542529753400125,-0.1543932219972567,Deteriorating,-0.0542529753400125,-3.2960576923076923,C
06060,众安在线,2023-12-31,-9.4416,2.24,-0.7852478048958339,0.3333333333333333,0.9682997118155618,T2,0.9733335400114413,0.2375961515503784,→,→,VP_NEUTRAL,46.01151743785331,CBI_ACTIVE,COST_DISADVANTAGE,0.028051141926290324,-0.02983743975123776,-0.11787868717273808,Stable,-0.02983743975123776,-4.214999999999999,C
06060,众安在线,2024-01-31,-31.8386,3.7,0.5150882389352951,0.8333333333333334,1.495956873315364,T4,1.4968772790823373,1.3322148512041139,↑,↑,VP_SELLING_ACTIVE,30.809951218126375,CBI_ACTIVE,COST_DISADVANTAGE,-0.08953381932580229,-0.1623071370439899,-0.39873345493388423,Deteriorating,-0.1623071370439899,-8.605027027027026,C
06060,众安在线,2024-02-29,1.9737,3.55,0.5793714600176771,0.75,1.4247491638795986,T4,1.4264768802428824,0.7294589597434813,↑,↑,VP_EXPANSION,36.14927140734114,CBI_ACTIVE,COST_NEUTRAL,-0.03422398544798422,-0.019354127641542318,-0.38686635207073716,Stable,-0.019354127641542318,0.5559718309859155,C
06060,众安在线,2024-03-31,-0.1597,6.56,5.196856193622395,1.0,1.995943204868154,T5,1.9973236252663975,1.9183723119042329,↑↑,↑↑,VP_NEUTRAL,24.278478037450835,CBI_TURBULENT,COST_NEUTRAL,0.010420673124206914,0.010494971783345797,-0.039593492150242104,Stable,0.010494971783345797,-0.024344512195121955,C
06060,众安在线,2024-04-30,4.0816,8.16,3.847038406107784,1.0,1.8623050589577785,T5,1.8610283568085062,1.2029557991847013,↑↑,↑↑,VP_OVERHEAT,17.96346545014844,CBI_TURBULENT,COST_ADVANTAGE,0.08997171752814404,0.036620672344126026,0.018799223527023123,Deteriorating,0.036620672344126026,0.5001960784313725,C
06060,众安在线,2024-05-31,0.3017,11.61,4.11156743927533,1.0,1.9447236180904524,T5,1.9451962050401432,2.265044717798213,↑↑,↑↑,VP_NEUTRAL,13.389347039816357,CBI_TURBULENT,COST_NEUTRAL,-0.016300501583243476,-0.062010728469241605,0.021872524352142486,Stable,-0.062010728469241605,0.025986218776916453,C
06060,众安在线,2024-06-30,2.8788,8.55,1.4022694199899846,0.9166666666666666,1.2176596249703302,T4,1.2190729666925402,0.3051838552521853,↑,↑,VP_EXPANSION,15.49742596677385,CBI_TURBULENT,COST_NEUTRAL,-0.02628196749712819,-0.01749674494357445,-0.0067322407217571545,Stable,-0.01749674494357445,0.3367017543859649,C
06060,众安在线,2024-07-31,-1.1834,3.21,-0.5099918493271595,0.4166666666666667,0.462536023054755,T2,0.4595072136703416,-0.6086949947510343,↓,↓,VP_SHRINK,33.00723938403116,CBI_ACTIVE,COST_NEUTRAL,0.05636013414095142,0.02964410961235009,-0.022823470989887795,Stable,0.02964410961235009,-0.36866043613707167,C
06060,众安在线,2024-08-31,-23.8739,4.93,0.033687792740923705,0.6666666666666666,0.687587168758717,T3,0.6897921875230617,-0.5741972675858762,↓,↓,VP_DECLINE_SILENT,24.260653920737457,CBI_TURBULENT,COST_DISADVANTAGE,-0.035529243352830364,-0.12967724300401606,-0.2583405685507082,Deteriorating,-0.12967724300401606,-4.842576064908722,C
06060,众安在线,2024-09-30,57.6541,9.62,1.4721682970596448,0.9166666666666666,1.2526041666666665,T4,1.2544172090355217,0.12557062932521723,↑,↑,VP_EXPANSION,14.04210637304535,CBI_TURBULENT,COST_ADVANTAGE,0.3792265780370281,0.3264059926652376,0.3156841164541697,Stable,0.3264059926652376,5.993149688149688,C
06060,众安在线,2024-10-31,-14.0587,16.76,3.5270921692978154,1.0,1.8390636430138991,T5,1.837662488253757,4.254937272670344,↑↑,↑↑,VP_PANIC,9.112177949324902,CBI_TURBULENT,COST_NEUTRAL,0.013275176587713933,-0.11444823729306675,0.16636309441019104,Deteriorating,-0.11444823729306675,-0.8388245823389021,C
06060,众安在线,2024-11-30,-11.7647,6.98,-0.04602215455365921,0.5833333333333334,0.8367632367632368,T3,0.834161648362168,0.4068054471864566,↓,↓,VP_DECLINE_SILENT,23.00647570679732,CBI_TURBULENT,COST_NEUTRAL,0.018291346017613064,-0.08277081622438254,0.04524715430785231,Deteriorating,-0.08277081622438254,-1.6854871060171919,C
06060,众安在线,2024-12-31,-6.5079,6.88,-0.18674232505995672,0.5,0.8532451426209177,T3,0.8549923492568237,-0.2846954971206982,↓,↓,VP_DECLINE_SILENT,26.164351540867727,CBI_TURBULENT,COST_DISADVANTAGE,-0.010836116755114866,-0.057280952779463545,-0.19474882518076975,Deteriorating,-0.057280952779463545,-0.9459156976744186,C
06060,众安在线,2025-01-31,2.3769,4.42,-0.9429005936101317,0.25,0.5347852389594676,T2,0.5374410624249009,-0.7346375811814524,↓,↓,VP_LOCKED_CANDIDATE,34.41824753693254,CBI_ACTIVE,COST_NEUTRAL,0.017955290244860977,0.07016785730987207,-0.175608729344659,Improving,0.07016785730987207,0.5377601809954752,C
06060,众安在线,2025-02-28,-3.6484,33.88,7.204384818964222,1.0,2.5882352941176467,T5,2.586371137574253,3.8664249316979262,↑↑,↑↑,VP_PANIC,6.409248916066422,CBI_TURBULENT,COST_DISADVANTAGE,-0.07848567733321798,-0.132549345922777,-0.20568602280140447,Deteriorating,-0.132549345922777,-0.10768595041322314,C
06060,众安在线,2025-03-31,4.6233,23.67,1.6072312499312995,0.9166666666666666,1.5338589480505456,T5,1.533394203710673,2.4317227854174273,↑↑,↑↑,VP_OVERHEAT,9.86167242545838,CBI_TURBULENT,COST_DISADVANTAGE,-0.04928193445312268,-0.04483464511713797,-0.06095136480346741,Deteriorating,-0.04483464511713797,0.1953231939163498,C
06060,众安在线,2025-04-30,-8.7805,10.85,-0.11271346758169559,0.6666666666666666,0.7510383017997231,T3,0.7503597240233484,1.4373707703183998,↓,↓,VP_DECLINE_SILENT,18.790965905773557,CBI_TURBULENT,COST_NEUTRAL,-0.00029978409377873216,0.04489583670216857,-0.13779658863297095,Deteriorating,0.04489583670216857,-0.8092626728110599,C
06060,众安在线,2025-05-31,71.3523,48.04,4.024619822496292,1.0,2.256458431188351,T5,2.25565946196984,0.4178801679754487,↑↑,↑↑,VP_OVERHEAT,5.319719260477755,CBI_TURBULENT,COST_ADVANTAGE,0.07318539095175569,0.12284437001090587,0.48003901095623713,Deteriorating,0.12284437001090587,1.4852685262281433,C
06060,众安在线,2025-06-30,-7.3096,136.85,8.889943854873456,1.0,3.186139459081914,T5,3.1861356828775396,4.782153758774808,↑↑,↑↑,VP_PANIC,4.1316055272776495,CBI_TURBULENT,COST_DISADVANTAGE,-0.056753637978028015,-0.06784485048097921,-0.013021716200385836,Deteriorating,-0.06784485048097921,-0.05341322616002923,C
06060,众安在线,2025-07-31,11.5427,99.56,1.9481685127860182,0.9166666666666666,1.6929573473147228,T5,1.856923358422573,9.47037837917343,↑↑,↑↑,VP_OVERHEAT,6.557042988492229,CBI_TURBULENT,COST_ADVANTAGE,0.02566348038189603,0.06689016040008067,0.08643283156474513,Deteriorating,0.06689016040008067,0.1159371233427079,C
06060,众安在线,2025-08-31,-1.3013,65.13,0.6994852022649225,0.8333333333333334,1.017391304347826,T4,1.1030723541267449,0.5613036180386892,↑,→,VP_NEUTRAL,9.563320054921117,CBI_TURBULENT,COST_ADVANTAGE,-0.003309425765382401,0.03769207451517298,0.06589330539585925,Stable,0.03769207451517298,-0.01998003992015968,C
06060,众安在线,2025-09-30,-12.05,39.74,-0.03496176311243081,0.6666666666666666,0.5958467651248219,T3,0.6386485765893051,-0.6655554946683251,↓,↓,VP_DECLINE_SILENT,15.098114417639,CBI_TURBULENT,COST_DISADVANTAGE,0.013449913290133564,-0.03808796705580664,-0.06357322193837434,Deteriorating,-0.03808796705580664,-0.3032209360845496,C
06060,众安在线,2025-10-31,-4.8323,17.48,-0.6356254534427088,0.4166666666666667,0.2578171091445428,T2,0.275067443709966,-0.8225830497641446,↓,↓,VP_DECLINE_SILENT,23.383963813047828,CBI_TURBULENT,COST_NEUTRAL,-0.005461091491133385,-0.004496014318938646,-0.10882408955363199,Deteriorating,-0.004496014318938646,-0.2764473684210526,C
06060,众安在线,2025-11-30,-9.0533,12.82,-0.7885303021761108,0.3333333333333333,0.20700791215888906,T2,0.21822114041520593,-0.80307346083015,↓,↓,VP_DECLINE_SILENT,28.422807523089595,CBI_TURBULENT,COST_DISADVANTAGE,0.0066122485674042775,-0.03514806043461527,-0.18175784088645897,Deteriorating,-0.03514806043461527,-0.7061856474258971,C
06060,众安在线,2025-12-31,4.6845,13.96,-0.7827527375866868,0.3333333333333333,0.33680485745305405,T2,0.3382269483734938,-0.6486644020720007,↓,↓,VP_LOCKED_CANDIDATE,28.974424900257887,CBI_TURBULENT,COST_NEUTRAL,0.00548791673657778,0.04209031810277386,-0.002187565855316209,Improving,0.04209031810277386,0.33556590257879654,C
06060,众安在线,2026-01-31,3.4183,16.01,-0.7683528317864051,0.3333333333333333,0.5816882645028462,T2,0.5820775400281847,-0.08379705316268293,↓,↓,VP_LOCKED_CANDIDATE,30.285126350558507,CBI_ACTIVE,COST_NEUTRAL,-0.010617792092415645,-0.029738225420936737,0.031920379376478625,Improving,-0.029738225420936737,0.21351030605871327,C
06060,众安在线,2026-02-28,-7.6506,9.94,-0.8650603737713237,0.08333333333333333,0.5424283765347885,T2,0.5414492965424886,-0.22614691588312374,↓,↓,VP_DECLINE_SILENT,39.176676713476574,CBI_ACTIVE,COST_DISADVANTAGE,-0.044503849519034855,-0.0421785637746066,-0.04931854472106878,Deteriorating,-0.0421785637746066,-0.7696780684104628,C
06060,众安在线,2026-03-31,-15.0,15.65,-0.6741194843504096,0.4166666666666667,1.0936408106219426,T2,1.0942292888602116,0.12168953510531066,→,→,VP_NEUTRAL,28.197619514568046,CBI_TURBULENT,COST_DISADVANTAGE,-0.036925870477526046,-0.08313170569360506,-0.18560648449171735,Stable,-0.08313170569360506,-0.9584664536741214,C
06060,众安在线,2026-04-30,-9.4907,12.32,-0.7740008598344934,0.16666666666666666,0.9159851301115242,T2,0.9138859443117855,-0.23298850713929653,→,→,VP_NEUTRAL,36.36372747513228,CBI_ACTIVE,COST_DISADVANTAGE,-0.06830287652934419,-0.08654470499605327,-0.25075796573237996,Stable,-0.08654470499605327,-0.770349025974026,C
06060,众安在线,2026-05-31,-7.6661,10.49,-0.721883087187107,0.16666666666666666,0.8031134362638764,T2,0.8020182254630138,0.05514805068299222,↓,↓,VP_DECLINE_SILENT,36.20636454985035,CBI_ACTIVE,COST_DISADVANTAGE,0.024043926059563958,-0.035385068210411985,-0.307605826814919,Deteriorating,-0.035385068210411985,-0.7308007626310772,C
06060,众安在线,2026-06-30,-16.666666666666675,15.34,-0.4763844498657785,0.5,1.1541065830721005,T3,1.1548155408957,-0.020485663643156626,↑,↑,VP_SELLING_ACTIVE,24.716746650232004,CBI_TURBULENT,COST_DISADVANTAGE,-0.0622434337025205,-0.13320293388311966,-0.21127379401894086,Deteriorating,-0.13320293388311966,-1.0864841373315954,C
06060,,2026-07-31,23.22222222222221,12.98,-0.48878947470673484,0.4166666666666667,1.0151199165797706,T3,1.0172270493795368,0.057965447248168545,→,→,VP_STABLE_ASCENT,27.30544711391077,CBI_TURBULENT,COST_NEUTRAL,0.01585941428866433,0.09465197109796564,-0.02811404174111709,Improving,0.09465197109796564,1.7890772128060255,C
